replicate,selected_relations,suite_size,out_of_bag_units,out_of_bag_exposed,out_of_bag_sensitivity
1,MR13 MR02 MR04 MR08 MR11 MR06 MR09 MR10 MR07 MR14 MR12,11,26,26,1.00000000
2,MR13 MR02 MR04 MR08 MR11 MR06 MR07 MR09 MR10 MR14 MR12,11,24,24,1.00000000
3,MR13 MR02 MR04 MR08 MR11 MR06 MR09 MR10 MR07 MR12 MR14,11,21,21,1.00000000
4,MR13 MR02 MR04 MR08 MR06 MR11 MR12 MR09 MR10 MR14 MR07,11,24,24,1.00000000
5,MR13 MR11 MR02 MR04 MR08 MR12 MR07 MR09 MR10 MR06,10,27,24,0.88888889
6,MR13 MR02 MR04 MR08 MR11 MR06 MR14 MR07 MR09 MR10 MR12,11,23,23,1.00000000
7,MR13 MR02 MR04 MR08 MR11 MR07 MR14 MR06 MR09 MR10 MR12,11,25,25,1.00000000
8,MR13 MR11 MR02 MR04 MR08 MR09 MR10 MR12 MR14 MR06 MR07,11,24,24,1.00000000
9,MR12 MR10 MR02 MR08 MR06 MR07 MR04 MR09 MR11 MR13 MR14,11,24,24,1.00000000
10,MR13 MR11 MR02 MR04 MR08 MR07 MR09 MR10 MR14 MR06 MR12,11,20,20,1.00000000
11,MR13 MR02 MR04 MR08 MR11 MR14 MR06 MR07 MR09 MR10 MR12,11,24,24,1.00000000
12,MR12 MR10 MR11 MR02 MR08 MR07 MR04 MR09 MR13 MR14 MR06,11,26,26,1.00000000
13,MR12 MR10 MR02 MR07 MR08 MR11 MR04 MR09 MR06 MR14 MR13,11,24,24,1.00000000
14,MR13 MR06 MR02 MR04 MR08 MR11 MR09 MR10 MR12 MR14,10,22,19,0.86363636
15,MR12 MR10 MR02 MR08 MR07 MR11 MR13 MR04 MR09 MR06 MR14,11,27,27,1.00000000
16,MR08 MR10 MR11 MR02 MR14 MR12 MR04 MR09 MR13 MR06 MR07,11,22,22,1.00000000
17,MR13 MR02 MR04 MR08 MR11 MR06 MR07 MR09 MR10 MR12 MR14,11,26,26,1.00000000
18,MR13 MR02 MR04 MR08 MR11 MR07 MR06 MR09 MR10 MR14 MR12,11,26,26,1.00000000
19,MR13 MR11 MR02 MR04 MR08 MR06 MR09 MR10 MR14 MR07 MR12,11,24,24,1.00000000
20,MR13 MR06 MR02 MR04 MR08 MR14 MR09 MR10 MR11 MR07 MR12,11,24,24,1.00000000
21,MR08 MR10 MR02 MR11 MR07 MR12 MR14 MR04 MR09 MR06 MR13,11,22,22,1.00000000
22,MR13 MR02 MR04 MR08 MR11 MR14 MR06 MR09 MR10 MR07 MR12,11,18,18,1.00000000
23,MR13 MR11 MR02 MR04 MR08 MR14 MR09 MR10 MR06 MR07,10,23,20,0.86956522
24,MR12 MR11 MR02 MR04 MR08 MR09 MR10 MR13 MR06 MR07 MR14,11,24,24,1.00000000
25,MR13 MR02 MR04 MR08 MR11 MR14 MR07 MR06 MR09 MR10 MR12,11,23,23,1.00000000
26,MR13 MR02 MR04 MR08 MR11 MR06 MR07 MR09 MR10 MR12 MR14,11,23,23,1.00000000
27,MR13 MR02 MR04 MR08 MR06 MR11 MR12 MR09 MR10 MR07 MR14,11,31,31,1.00000000
28,MR13 MR02 MR04 MR08 MR11 MR07 MR06 MR09 MR10 MR12 MR14,11,29,29,1.00000000
29,MR13 MR11 MR02 MR04 MR08 MR14 MR06 MR09 MR10 MR07 MR12,11,23,23,1.00000000
30,MR12 MR10 MR02 MR08 MR11 MR06 MR04 MR09 MR07 MR13 MR14,11,25,25,1.00000000
31,MR13 MR11 MR02 MR04 MR08 MR14 MR09 MR10 MR06 MR07 MR12,11,20,20,1.00000000
32,MR13 MR11 MR02 MR04 MR08 MR14 MR06 MR09 MR10 MR07 MR12,11,19,19,1.00000000
33,MR13 MR02 MR04 MR08 MR11 MR06 MR12 MR09 MR10 MR14 MR07,11,19,19,1.00000000
34,MR13 MR02 MR04 MR08 MR06 MR07 MR11 MR12 MR09 MR10 MR14,11,22,22,1.00000000
35,MR13 MR02 MR04 MR08 MR11 MR06 MR07 MR09 MR10 MR12 MR14,11,22,22,1.00000000
36,MR07 MR10 MR02 MR08 MR14 MR12 MR04 MR06 MR09 MR11 MR13,11,27,27,1.00000000
37,MR13 MR11 MR02 MR04 MR08 MR12 MR14 MR09 MR10 MR06 MR07,11,22,22,1.00000000
38,MR13 MR02 MR04 MR08 MR11 MR14 MR07 MR12 MR06 MR09 MR10,11,22,22,1.00000000
39,MR13 MR11 MR02 MR04 MR08 MR14 MR06 MR09 MR10 MR12 MR07,11,22,22,1.00000000
40,MR13 MR02 MR04 MR06 MR08 MR07 MR09 MR10 MR12 MR14 MR11,11,21,21,1.00000000
41,MR13 MR02 MR04 MR06 MR08 MR11 MR09 MR10 MR07 MR12 MR14,11,29,29,1.00000000
42,MR13 MR11 MR02 MR04 MR08 MR12 MR07 MR09 MR10 MR06 MR14,11,23,23,1.00000000
43,MR13 MR02 MR04 MR06 MR08 MR11 MR09 MR10 MR12 MR07 MR14,11,19,19,1.00000000
44,MR12 MR11 MR10 MR02 MR08 MR14 MR04 MR09 MR06 MR05 MR07,11,18,15,0.83333333
45,MR13 MR02 MR04 MR08 MR11 MR07 MR09 MR10 MR12 MR06,10,24,21,0.87500000
46,MR13 MR02 MR04 MR08 MR11 MR06 MR07 MR09 MR10 MR12 MR14,11,22,22,1.00000000
47,MR12 MR02 MR04 MR08 MR11 MR14 MR06 MR09 MR10 MR13 MR07,11,29,29,1.00000000
48,MR13 MR11 MR02 MR04 MR08 MR14 MR07 MR09 MR10 MR12 MR06,11,21,21,1.00000000
49,MR13 MR11 MR02 MR04 MR08 MR14 MR09 MR10 MR12 MR06 MR07,11,20,20,1.00000000
50,MR13 MR02 MR04 MR06 MR08 MR11 MR09 MR10 MR07 MR12 MR14,11,25,25,1.00000000
51,MR13 MR11 MR02 MR04 MR08 MR07 MR09 MR10 MR12,9,24,18,0.75000000
52,MR13 MR11 MR02 MR04 MR08 MR12 MR07 MR09 MR10 MR06 MR14,11,25,25,1.00000000
53,MR13 MR11 MR02 MR04 MR08 MR14 MR09 MR10 MR06 MR07 MR12,11,26,26,1.00000000
54,MR12 MR10 MR02 MR08 MR11 MR07 MR04 MR06 MR09 MR13 MR14,11,23,23,1.00000000
55,MR13 MR02 MR04 MR08 MR11 MR06 MR14 MR09 MR10 MR12 MR07,11,25,25,1.00000000
56,MR12 MR02 MR04 MR08 MR11 MR07 MR06 MR09 MR10 MR13 MR14,11,29,29,1.00000000
57,MR13 MR02 MR04 MR08 MR11 MR06 MR09 MR10 MR07 MR12 MR14,11,25,25,1.00000000
58,MR08 MR10 MR11 MR02 MR12 MR04 MR09 MR14 MR06 MR07 MR13,11,25,25,1.00000000
59,MR13 MR02 MR04 MR08 MR11 MR12 MR06 MR07 MR09 MR10 MR14,11,22,22,1.00000000
60,MR13 MR02 MR04 MR08 MR11 MR07 MR09 MR10 MR06 MR12,10,26,23,0.88461538
61,MR13 MR02 MR04 MR08 MR06 MR07 MR12 MR09 MR10 MR11 MR14,11,20,20,1.00000000
62,MR13 MR02 MR04 MR08 MR12 MR07 MR11 MR09 MR10 MR14 MR06,11,14,14,1.00000000
63,MR08 MR10 MR11 MR02 MR14 MR07 MR04 MR09 MR12 MR13 MR06,11,25,25,1.00000000
64,MR13 MR02 MR04 MR08 MR11 MR06 MR07 MR09 MR10 MR12,10,23,20,0.86956522
65,MR13 MR11 MR02 MR04 MR08 MR07 MR09 MR10 MR12 MR14 MR06,11,24,24,1.00000000
66,MR13 MR11 MR02 MR04 MR08 MR07 MR09 MR10 MR06 MR12 MR14,11,18,18,1.00000000
67,MR13 MR11 MR02 MR04 MR08 MR14 MR07 MR09 MR10 MR12 MR06,11,26,26,1.00000000
68,MR12 MR10 MR02 MR07 MR08 MR11 MR04 MR09 MR13 MR06,10,21,18,0.85714286
69,MR13 MR11 MR02 MR04 MR08 MR14 MR09 MR10 MR12 MR06 MR07,11,26,26,1.00000000
70,MR12 MR10 MR02 MR08 MR06 MR11 MR14 MR04 MR09 MR13 MR07,11,24,24,1.00000000
71,MR13 MR11 MR02 MR04 MR08 MR06 MR09 MR10 MR12 MR07 MR14,11,25,25,1.00000000
72,MR12 MR10 MR11 MR02 MR08 MR04 MR09 MR07 MR13 MR06 MR14,11,27,27,1.00000000
73,MR05 MR11 MR02 MR04 MR08 MR14 MR09 MR10 MR12 MR06 MR07,11,23,20,0.86956522
74,MR13 MR02 MR04 MR08 MR11 MR07 MR12 MR09 MR10 MR14 MR06,11,31,31,1.00000000
75,MR13 MR02 MR04 MR08 MR11 MR07 MR09 MR10 MR06 MR12 MR14,11,25,25,1.00000000
76,MR13 MR02 MR04 MR08 MR11 MR07 MR06 MR09 MR10 MR12 MR14,11,19,19,1.00000000
77,MR13 MR02 MR04 MR08 MR11 MR06 MR12 MR09 MR10 MR07 MR14,11,23,23,1.00000000
78,MR14 MR10 MR02 MR08 MR06 MR11 MR04 MR09 MR07 MR12 MR13,11,24,24,1.00000000
79,MR13 MR02 MR04 MR08 MR11 MR06 MR14 MR09 MR10 MR12 MR07,11,25,25,1.00000000
80,MR13 MR02 MR04 MR07 MR08 MR14 MR06 MR09 MR10 MR11 MR12,11,22,22,1.00000000
81,MR13 MR11 MR02 MR04 MR08 MR07 MR09 MR10 MR12 MR06 MR14,11,19,19,1.00000000
82,MR12 MR10 MR02 MR08 MR07 MR14 MR06 MR04 MR09 MR11 MR13,11,21,21,1.00000000
83,MR13 MR02 MR04 MR08 MR06 MR11 MR14 MR09 MR10 MR12 MR07,11,23,23,1.00000000
84,MR08 MR10 MR02 MR06 MR14 MR11 MR13 MR04 MR07 MR09 MR12,11,26,26,1.00000000
85,MR13 MR02 MR04 MR08 MR06 MR11 MR07 MR09 MR10 MR12 MR14,11,23,23,1.00000000
86,MR13 MR11 MR02 MR04 MR08 MR09 MR10 MR06 MR07 MR12 MR14,11,27,27,1.00000000
87,MR13 MR02 MR04 MR08 MR11 MR14 MR07 MR09 MR10 MR06,10,30,27,0.90000000
88,MR13 MR02 MR04 MR08 MR11 MR12 MR07 MR09 MR10 MR14 MR06,11,28,28,1.00000000
89,MR13 MR02 MR04 MR08 MR11 MR07 MR14 MR06 MR09 MR10 MR12,11,21,21,1.00000000
90,MR13 MR02 MR04 MR08 MR11 MR14 MR06 MR07 MR09 MR10 MR12,11,19,19,1.00000000
91,MR12 MR02 MR04 MR06 MR08 MR11 MR09 MR10 MR14 MR13,10,29,26,0.89655172
92,MR13 MR11 MR02 MR04 MR08 MR07 MR09 MR10 MR12 MR06,10,28,25,0.89285714
93,MR12 MR10 MR02 MR08 MR07 MR11 MR14 MR04 MR09 MR06 MR13,11,26,26,1.00000000
94,MR13 MR02 MR04 MR06 MR08 MR14 MR11 MR09 MR10 MR07,10,27,24,0.88888889
95,MR13 MR02 MR04 MR08 MR11 MR07 MR14 MR06 MR09 MR10 MR12,11,26,26,1.00000000
96,MR13 MR11 MR02 MR04 MR08 MR09 MR10 MR14 MR06 MR12 MR07,11,25,25,1.00000000
97,MR13 MR02 MR04 MR08 MR11 MR06 MR07 MR09 MR10 MR14,10,21,18,0.85714286
98,MR08 MR10 MR11 MR02 MR14 MR12 MR04 MR07 MR09 MR05 MR06,11,25,22,0.88000000
99,MR13 MR02 MR04 MR08 MR11 MR14 MR07 MR12 MR09 MR10 MR06,11,21,21,1.00000000
100,MR13 MR11 MR02 MR04 MR08 MR07 MR09 MR10 MR12 MR06 MR14,11,27,27,1.00000000
101,MR13 MR02 MR04 MR08 MR11 MR07 MR09 MR10 MR12 MR06 MR14,11,22,22,1.00000000
102,MR13 MR02 MR04 MR08 MR11 MR06 MR09 MR10 MR12 MR07 MR14,11,20,20,1.00000000
103,MR13 MR11 MR02 MR04 MR08 MR14 MR07 MR09 MR10 MR06,10,22,19,0.86363636
104,MR13 MR02 MR04 MR08 MR11 MR07 MR14 MR06 MR09 MR10 MR12,11,23,23,1.00000000
105,MR13 MR02 MR04 MR08 MR11 MR07 MR09 MR10 MR12 MR14 MR06,11,23,23,1.00000000
106,MR05 MR07 MR02 MR04 MR08 MR11 MR09 MR10 MR14 MR12 MR06,11,25,22,0.88000000
107,MR13 MR02 MR04 MR08 MR06 MR11 MR07 MR09 MR10 MR12 MR14,11,25,25,1.00000000
108,MR13 MR02 MR04 MR08 MR07 MR11 MR12 MR06 MR09 MR10 MR14,11,23,23,1.00000000
109,MR13 MR11 MR02 MR04 MR08 MR14 MR07 MR09 MR10 MR12 MR06,11,26,26,1.00000000
110,MR13 MR02 MR04 MR08 MR11 MR14 MR06 MR07 MR09 MR10 MR12,11,22,22,1.00000000
111,MR12 MR10 MR02 MR08 MR06 MR11 MR13 MR04 MR07 MR09,10,24,21,0.87500000
112,MR12 MR10 MR02 MR07 MR08 MR11 MR04 MR09 MR13 MR14 MR06,11,23,23,1.00000000
113,MR13 MR02 MR04 MR08 MR14 MR07 MR06 MR09 MR10 MR11 MR12,11,25,25,1.00000000
114,MR13 MR02 MR04 MR08 MR06 MR07 MR11 MR09 MR10 MR14,10,25,22,0.88000000
115,MR13 MR11 MR02 MR04 MR08 MR09 MR10 MR14 MR06 MR12 MR07,11,25,25,1.00000000
116,MR13 MR02 MR04 MR08 MR06 MR11 MR12 MR07 MR09 MR10 MR14,11,27,27,1.00000000
117,MR13 MR02 MR04 MR08 MR11 MR07 MR14 MR06 MR09 MR10 MR12,11,20,20,1.00000000
118,MR12 MR10 MR02 MR08 MR11 MR14 MR04 MR06 MR07 MR09 MR13,11,24,24,1.00000000
119,MR12 MR10 MR02 MR08 MR06 MR07 MR11 MR14 MR04 MR09 MR13,11,28,28,1.00000000
120,MR05 MR02 MR04 MR08 MR11 MR07 MR14 MR09 MR10 MR12 MR06,11,30,27,0.90000000
121,MR13 MR11 MR02 MR04 MR08 MR06 MR12 MR14 MR09 MR10 MR07,11,23,23,1.00000000
122,MR13 MR02 MR04 MR08 MR11 MR07 MR12 MR06 MR09 MR10,10,24,21,0.87500000
123,MR12 MR10 MR02 MR08 MR11 MR04 MR06 MR07 MR09 MR14 MR13,11,24,24,1.00000000
124,MR13 MR02 MR04 MR08 MR11 MR06 MR07 MR09 MR10 MR14 MR12,11,25,25,1.00000000
125,MR12 MR02 MR04 MR08 MR11 MR07 MR13 MR06 MR09 MR10 MR14,11,26,26,1.00000000
126,MR05 MR11 MR02 MR04 MR08 MR14 MR07 MR09 MR10 MR12 MR06,11,25,22,0.88000000
127,MR13 MR02 MR04 MR08 MR11 MR14 MR06 MR07 MR09 MR10 MR12,11,23,23,1.00000000
128,MR08 MR10 MR11 MR02 MR14 MR07 MR04 MR09 MR13 MR12,10,22,19,0.86363636
129,MR13 MR02 MR04 MR06 MR08 MR11 MR09 MR10 MR12 MR07 MR14,11,25,25,1.00000000
130,MR14 MR10 MR02 MR08 MR11 MR07 MR04 MR06 MR09 MR12 MR13,11,26,26,1.00000000
131,MR13 MR11 MR02 MR04 MR08 MR14 MR09 MR10 MR12 MR06 MR07,11,25,25,1.00000000
132,MR13 MR02 MR04 MR08 MR11 MR06 MR12 MR07 MR09 MR10 MR14,11,21,21,1.00000000
133,MR13 MR11 MR02 MR04 MR08 MR14 MR09 MR10 MR06 MR12,10,24,21,0.87500000
134,MR12 MR10 MR02 MR08 MR11 MR14 MR06 MR04 MR09 MR05 MR07,11,26,23,0.88461538
135,MR13 MR02 MR04 MR07 MR08 MR11 MR09 MR10 MR06 MR14 MR12,11,25,25,1.00000000
136,MR13 MR02 MR04 MR08 MR11 MR06 MR09 MR10 MR07 MR12 MR14,11,30,30,1.00000000
137,MR13 MR02 MR04 MR08 MR07 MR11 MR06 MR09 MR10 MR12 MR14,11,21,21,1.00000000
138,MR13 MR11 MR02 MR04 MR08 MR12 MR09 MR10 MR07 MR14 MR06,11,20,20,1.00000000
139,MR13 MR11 MR02 MR04 MR08 MR07 MR14 MR09 MR10 MR06 MR12,11,25,25,1.00000000
140,MR13 MR02 MR04 MR06 MR08 MR11 MR14 MR09 MR10 MR07,10,23,20,0.86956522
141,MR13 MR07 MR02 MR04 MR08 MR14 MR09 MR10 MR11 MR06 MR12,11,23,23,1.00000000
142,MR12 MR10 MR11 MR02 MR08 MR04 MR09 MR06 MR07 MR14 MR13,11,24,24,1.00000000
143,MR13 MR02 MR04 MR08 MR11 MR07 MR06 MR09 MR10 MR12 MR14,11,23,23,1.00000000
144,MR13 MR02 MR04 MR08 MR07 MR11 MR12 MR06 MR09 MR10 MR14,11,25,25,1.00000000
145,MR13 MR02 MR04 MR08 MR11 MR07 MR14 MR06 MR09 MR10,10,24,21,0.87500000
146,MR08 MR10 MR02 MR11 MR12 MR04 MR06 MR07 MR09 MR14 MR13,11,21,21,1.00000000
147,MR13 MR02 MR04 MR08 MR11 MR07 MR09 MR10 MR14 MR06 MR12,11,25,25,1.00000000
148,MR13 MR02 MR04 MR07 MR08 MR11 MR09 MR10 MR14 MR12,10,24,21,0.87500000
149,MR12 MR10 MR02 MR08 MR11 MR06 MR04 MR09 MR13 MR14 MR07,11,28,28,1.00000000
150,MR13 MR02 MR04 MR08 MR11 MR06 MR09 MR10 MR07 MR12 MR14,11,26,26,1.00000000
151,MR13 MR11 MR02 MR04 MR08 MR07 MR09 MR10 MR12 MR06 MR14,11,26,26,1.00000000
152,MR13 MR02 MR04 MR08 MR11 MR06 MR07 MR09 MR10 MR14 MR12,11,22,22,1.00000000
153,MR12 MR10 MR02 MR07 MR08 MR06 MR04 MR09 MR13 MR11 MR14,11,24,24,1.00000000
154,MR13 MR02 MR04 MR08 MR11 MR06 MR07 MR09 MR10 MR14 MR12,11,23,23,1.00000000
155,MR13 MR11 MR02 MR04 MR08 MR06 MR09 MR10 MR14 MR07 MR12,11,28,28,1.00000000
156,MR13 MR02 MR04 MR08 MR11 MR14 MR06 MR07 MR09 MR10 MR12,11,22,22,1.00000000
157,MR12 MR10 MR02 MR08 MR06 MR11 MR13 MR04 MR09 MR14 MR07,11,26,26,1.00000000
158,MR13 MR11 MR02 MR04 MR08 MR07 MR14 MR09 MR10 MR12,10,28,25,0.89285714
159,MR13 MR11 MR02 MR04 MR08 MR07 MR09 MR10 MR14 MR06 MR12,11,15,15,1.00000000
160,MR13 MR02 MR04 MR08 MR06 MR11 MR09 MR10 MR12 MR07 MR14,11,26,26,1.00000000
161,MR13 MR02 MR04 MR08 MR06 MR07 MR09 MR10 MR11 MR12 MR14,11,28,28,1.00000000
162,MR13 MR02 MR04 MR08 MR11 MR07 MR06 MR09 MR10 MR14 MR12,11,21,21,1.00000000
163,MR13 MR02 MR04 MR08 MR11 MR06 MR12 MR07 MR09 MR10 MR14,11,25,25,1.00000000
164,MR13 MR02 MR04 MR08 MR11 MR06 MR07 MR09 MR10 MR12 MR14,11,20,20,1.00000000
165,MR13 MR11 MR02 MR04 MR08 MR07 MR09 MR10 MR14 MR12,10,23,20,0.86956522
166,MR12 MR10 MR02 MR08 MR07 MR11 MR04 MR06 MR09 MR13 MR14,11,21,21,1.00000000
167,MR12 MR10 MR02 MR07 MR08 MR11 MR04 MR09 MR13 MR06 MR14,11,23,23,1.00000000
168,MR13 MR02 MR04 MR08 MR11 MR07 MR09 MR10 MR12 MR06 MR14,11,29,29,1.00000000
169,MR13 MR11 MR02 MR04 MR08 MR12 MR07 MR09 MR10 MR06 MR14,11,22,22,1.00000000
170,MR12 MR11 MR10 MR02 MR08 MR13 MR04 MR09 MR06 MR07 MR14,11,21,21,1.00000000
171,MR13 MR11 MR02 MR04 MR08 MR12 MR06 MR09 MR10 MR07 MR14,11,19,19,1.00000000
172,MR13 MR02 MR04 MR08 MR11 MR06 MR07 MR09 MR10 MR14 MR12,11,22,22,1.00000000
173,MR13 MR02 MR04 MR08 MR11 MR07 MR12 MR06 MR09 MR10 MR14,11,24,24,1.00000000
174,MR13 MR02 MR04 MR08 MR11 MR07 MR06 MR09 MR10 MR14 MR12,11,23,23,1.00000000
175,MR13 MR11 MR02 MR04 MR08 MR07 MR09 MR10 MR12 MR14,10,25,22,0.88000000
176,MR08 MR10 MR02 MR11 MR14 MR04 MR06 MR07 MR09 MR12 MR13,11,28,28,1.00000000
177,MR13 MR02 MR04 MR08 MR07 MR11 MR09 MR10 MR14 MR06 MR12,11,20,20,1.00000000
178,MR05 MR11 MR02 MR04 MR08 MR14 MR06 MR09 MR10 MR12 MR07,11,25,22,0.88000000
179,MR05 MR02 MR04 MR07 MR08 MR06 MR09 MR10 MR11 MR12 MR14,11,22,19,0.86363636
180,MR13 MR11 MR02 MR04 MR08 MR09 MR10 MR06 MR07 MR12 MR14,11,27,27,1.00000000
181,MR12 MR11 MR10 MR02 MR08 MR14 MR04 MR09 MR06 MR07 MR13,11,24,24,1.00000000
182,MR13 MR02 MR04 MR08 MR14 MR06 MR07 MR11 MR09 MR10 MR12,11,29,29,1.00000000
183,MR13 MR02 MR04 MR08 MR11 MR06 MR09 MR10 MR14 MR12 MR07,11,28,28,1.00000000
184,MR13 MR02 MR04 MR08 MR11 MR06 MR07 MR09 MR10 MR12 MR14,11,26,26,1.00000000
185,MR13 MR11 MR02 MR04 MR08 MR06 MR09 MR10 MR07 MR14,10,27,24,0.88888889
186,MR13 MR02 MR04 MR08 MR11 MR06 MR14 MR09 MR10 MR12 MR07,11,21,21,1.00000000
187,MR13 MR11 MR02 MR04 MR08 MR06 MR12 MR09 MR10 MR07,10,28,25,0.89285714
188,MR13 MR02 MR04 MR08 MR11 MR06 MR12 MR09 MR10 MR07 MR14,11,26,26,1.00000000
189,MR13 MR11 MR02 MR04 MR08 MR14 MR07 MR09 MR10 MR12 MR06,11,21,21,1.00000000
190,MR13 MR11 MR02 MR04 MR08 MR14 MR09 MR10 MR06 MR07 MR12,11,20,20,1.00000000
191,MR08 MR10 MR11 MR02 MR12 MR13 MR04 MR09 MR06 MR07 MR14,11,21,21,1.00000000
192,MR13 MR02 MR04 MR08 MR06 MR11 MR07 MR09 MR10 MR12 MR14,11,24,24,1.00000000
193,MR08 MR10 MR02 MR14 MR06 MR07 MR11 MR13 MR04 MR09,10,31,28,0.90322581
194,MR13 MR02 MR04 MR08 MR11 MR06 MR07 MR09 MR10 MR14 MR12,11,25,25,1.00000000
195,MR13 MR11 MR02 MR04 MR08 MR12 MR07 MR09 MR10 MR14 MR06,11,23,23,1.00000000
196,MR13 MR11 MR02 MR04 MR08 MR14 MR09 MR10 MR06 MR07 MR12,11,26,26,1.00000000
197,MR13 MR02 MR04 MR08 MR11 MR06 MR09 MR10 MR14 MR12 MR07,11,28,28,1.00000000
198,MR13 MR02 MR04 MR08 MR07 MR11 MR14 MR06 MR09 MR10 MR12,11,28,28,1.00000000
199,MR13 MR02 MR04 MR08 MR11 MR07 MR12 MR09 MR10 MR14 MR06,11,25,25,1.00000000
200,MR13 MR11 MR02 MR04 MR08 MR06 MR09 MR10 MR14 MR12 MR07,11,21,21,1.00000000
201,MR13 MR11 MR02 MR04 MR08 MR06 MR09 MR10 MR12 MR14 MR07,11,22,22,1.00000000
202,MR13 MR02 MR04 MR08 MR11 MR06 MR09 MR10 MR12 MR07 MR14,11,29,29,1.00000000
203,MR13 MR11 MR02 MR04 MR08 MR14 MR07 MR09 MR10 MR12 MR06,11,28,28,1.00000000
204,MR13 MR02 MR04 MR08 MR11 MR06 MR12 MR07 MR09 MR10 MR14,11,20,20,1.00000000
205,MR13 MR02 MR04 MR08 MR14 MR11 MR07 MR06 MR09 MR10 MR12,11,25,25,1.00000000
206,MR13 MR02 MR04 MR08 MR11 MR06 MR07 MR09 MR10 MR14,10,25,22,0.88000000
207,MR13 MR02 MR04 MR08 MR06 MR11 MR09 MR10 MR12 MR07 MR14,11,26,26,1.00000000
208,MR05 MR02 MR04 MR08 MR07 MR06 MR12 MR09 MR10 MR11 MR14,11,28,25,0.89285714
209,MR13 MR11 MR02 MR04 MR08 MR14 MR12 MR07 MR09 MR10 MR06,11,22,22,1.00000000
210,MR13 MR11 MR02 MR04 MR08 MR06 MR09 MR10 MR14 MR07 MR12,11,24,24,1.00000000
211,MR13 MR11 MR02 MR04 MR08 MR14 MR07 MR09 MR10 MR12 MR06,11,24,24,1.00000000
212,MR13 MR11 MR14 MR02 MR04 MR08 MR07 MR09 MR10 MR12 MR06,11,23,23,1.00000000
213,MR14 MR10 MR11 MR02 MR08 MR06 MR04 MR09 MR13 MR12,10,25,22,0.88000000
214,MR13 MR02 MR04 MR08 MR11 MR06 MR14 MR09 MR10 MR07 MR12,11,21,21,1.00000000
215,MR13 MR11 MR02 MR04 MR08 MR06 MR09 MR10 MR12 MR14 MR07,11,24,24,1.00000000
216,MR13 MR06 MR02 MR04 MR08 MR09 MR10 MR11 MR14 MR07 MR12,11,26,26,1.00000000
217,MR13 MR02 MR04 MR08 MR06 MR11 MR09 MR10 MR12 MR14 MR07,11,24,24,1.00000000
218,MR07 MR10 MR02 MR08 MR12 MR11 MR04 MR09 MR13,9,28,22,0.78571429
219,MR13 MR02 MR04 MR08 MR11 MR07 MR09 MR10 MR06 MR14 MR12,11,28,28,1.00000000
220,MR13 MR11 MR02 MR04 MR08 MR12 MR06 MR09 MR10 MR07 MR14,11,21,21,1.00000000
221,MR12 MR10 MR02 MR08 MR11 MR07 MR04 MR09 MR06 MR13 MR14,11,24,24,1.00000000
222,MR13 MR11 MR02 MR04 MR08 MR06 MR09 MR10 MR07 MR12 MR14,11,24,24,1.00000000
223,MR13 MR11 MR02 MR04 MR08 MR09 MR10 MR06 MR12 MR07,10,25,22,0.88000000
224,MR13 MR11 MR02 MR04 MR08 MR06 MR09 MR10 MR12 MR07 MR14,11,26,26,1.00000000
225,MR13 MR02 MR04 MR08 MR11 MR14 MR06 MR07 MR09 MR10 MR12,11,22,22,1.00000000
226,MR13 MR02 MR04 MR06 MR08 MR11 MR09 MR10 MR12,9,24,18,0.75000000
227,MR13 MR02 MR04 MR08 MR11 MR06 MR09 MR10 MR14 MR07 MR12,11,20,20,1.00000000
228,MR13 MR11 MR02 MR04 MR08 MR14 MR09 MR10 MR06 MR07,10,22,19,0.86363636
229,MR13 MR02 MR04 MR07 MR08 MR06 MR09 MR10 MR14 MR11 MR12,11,21,21,1.00000000
230,MR12 MR11 MR10 MR02 MR08 MR04 MR09 MR14 MR06 MR13 MR07,11,22,22,1.00000000
231,MR08 MR04 MR02 MR06 MR13 MR14 MR07 MR12 MR09 MR10 MR11,11,24,24,1.00000000
232,MR13 MR11 MR02 MR04 MR08 MR07 MR09 MR10 MR12 MR14,10,25,22,0.88000000
233,MR08 MR10 MR11 MR02 MR12 MR13 MR14 MR04 MR06 MR09 MR07,11,21,21,1.00000000
234,MR08 MR11 MR10 MR02 MR12 MR13 MR14 MR04 MR09 MR06,10,25,22,0.88000000
235,MR13 MR11 MR02 MR04 MR08 MR14 MR07 MR09 MR10 MR12 MR06,11,27,27,1.00000000
236,MR13 MR02 MR04 MR08 MR11 MR14 MR06 MR09 MR10 MR12 MR07,11,22,22,1.00000000
237,MR13 MR02 MR04 MR08 MR11 MR06 MR09 MR10 MR14 MR07 MR12,11,19,19,1.00000000
238,MR13 MR11 MR02 MR04 MR08 MR06 MR09 MR10 MR14 MR07 MR12,11,22,22,1.00000000
239,MR13 MR02 MR04 MR08 MR07 MR11 MR06 MR09 MR10 MR12 MR14,11,27,27,1.00000000
240,MR13 MR11 MR02 MR04 MR08 MR14 MR07 MR09 MR10 MR06 MR12,11,24,24,1.00000000
241,MR13 MR11 MR02 MR04 MR08 MR14 MR06 MR09 MR10 MR07 MR12,11,25,25,1.00000000
242,MR13 MR02 MR04 MR08 MR06 MR07 MR11 MR09 MR10 MR12,10,23,20,0.86956522
243,MR13 MR14 MR02 MR04 MR08 MR07 MR11 MR09 MR10 MR06 MR12,11,26,26,1.00000000
244,MR12 MR10 MR02 MR08 MR06 MR11 MR04 MR07 MR09 MR14 MR05,11,25,22,0.88000000
245,MR13 MR02 MR04 MR08 MR06 MR11 MR07 MR09 MR10 MR12,10,25,22,0.88000000
246,MR13 MR02 MR04 MR08 MR06 MR11 MR07 MR09 MR10 MR12 MR14,11,26,26,1.00000000
247,MR13 MR02 MR04 MR08 MR11 MR07 MR09 MR10 MR12 MR14 MR06,11,26,26,1.00000000
248,MR12 MR02 MR04 MR08 MR11 MR14 MR06 MR07 MR09 MR10 MR13,11,23,23,1.00000000
249,MR13 MR11 MR02 MR04 MR08 MR12 MR09 MR10 MR06 MR07 MR14,11,27,27,1.00000000
250,MR13 MR02 MR04 MR08 MR06 MR11 MR14 MR09 MR10 MR07 MR12,11,28,28,1.00000000
251,MR13 MR02 MR04 MR08 MR11 MR07 MR12 MR14 MR06 MR09 MR10,11,24,24,1.00000000
252,MR13 MR02 MR04 MR08 MR07 MR11 MR09 MR10 MR12 MR06 MR14,11,25,25,1.00000000
253,MR13 MR11 MR02 MR04 MR08 MR07 MR09 MR10 MR14 MR06 MR12,11,27,27,1.00000000
254,MR13 MR02 MR04 MR08 MR11 MR06 MR14 MR09 MR10 MR12 MR07,11,23,23,1.00000000
255,MR12 MR10 MR02 MR08 MR11 MR06 MR04 MR09 MR14 MR07,10,27,23,0.85185185
256,MR13 MR11 MR02 MR04 MR08 MR09 MR10 MR06 MR07 MR14 MR12,11,23,23,1.00000000
257,MR13 MR07 MR02 MR04 MR08 MR11 MR09 MR10 MR12 MR14,10,26,23,0.88461538
258,MR13 MR11 MR02 MR04 MR08 MR09 MR10 MR06 MR14 MR07 MR12,11,26,26,1.00000000
259,MR05 MR11 MR02 MR04 MR08 MR06 MR09 MR10 MR12 MR14 MR07,11,25,22,0.88000000
260,MR12 MR10 MR11 MR02 MR08 MR04 MR07 MR09 MR14 MR06 MR13,11,27,27,1.00000000
261,MR13 MR02 MR04 MR08 MR14 MR11 MR07 MR06 MR09 MR10 MR12,11,25,25,1.00000000
262,MR12 MR10 MR02 MR08 MR07 MR11 MR14 MR04 MR06 MR09 MR13,11,24,24,1.00000000
263,MR12 MR10 MR02 MR08 MR06 MR11 MR04 MR07 MR09 MR13 MR14,11,23,23,1.00000000
264,MR13 MR02 MR04 MR08 MR06 MR07 MR09 MR10 MR11 MR12 MR14,11,20,20,1.00000000
265,MR13 MR02 MR04 MR08 MR07 MR11 MR09 MR10 MR06 MR12 MR14,11,20,20,1.00000000
266,MR12 MR10 MR11 MR02 MR08 MR14 MR04 MR07 MR09 MR06 MR13,11,22,22,1.00000000
267,MR13 MR11 MR02 MR04 MR08 MR06 MR09 MR10 MR14 MR07 MR12,11,20,20,1.00000000
268,MR13 MR02 MR04 MR07 MR08 MR11 MR09 MR10 MR12 MR14 MR06,11,27,27,1.00000000
269,MR13 MR02 MR04 MR08 MR06 MR07 MR09 MR10 MR11 MR12 MR14,11,23,23,1.00000000
270,MR13 MR02 MR04 MR06 MR08 MR11 MR09 MR10 MR14 MR12,10,29,26,0.89655172
271,MR13 MR02 MR04 MR07 MR08 MR11 MR09 MR10 MR06 MR12 MR14,11,21,21,1.00000000
272,MR13 MR02 MR04 MR08 MR11 MR07 MR12 MR09 MR10 MR14 MR06,11,28,28,1.00000000
273,MR12 MR10 MR02 MR08 MR11 MR06 MR14 MR04 MR07 MR09 MR13,11,28,28,1.00000000
274,MR13 MR02 MR04 MR08 MR11 MR14 MR06 MR09 MR10 MR07 MR12,11,21,21,1.00000000
275,MR14 MR04 MR11 MR02 MR08 MR07 MR09 MR10 MR12 MR13 MR06,11,29,29,1.00000000
276,MR13 MR11 MR02 MR04 MR08 MR12 MR09 MR10 MR06 MR07 MR14,11,26,26,1.00000000
277,MR13 MR11 MR02 MR04 MR08 MR07 MR09 MR10 MR14 MR12 MR06,11,20,20,1.00000000
278,MR13 MR11 MR02 MR04 MR08 MR06 MR09 MR10 MR12 MR14 MR07,11,26,26,1.00000000
279,MR13 MR02 MR04 MR08 MR11 MR12 MR06 MR07 MR09 MR10 MR14,11,28,28,1.00000000
280,MR13 MR11 MR02 MR04 MR08 MR14 MR09 MR10 MR12 MR06 MR07,11,23,23,1.00000000
281,MR12 MR11 MR02 MR04 MR08 MR13 MR07 MR09 MR10 MR06,10,25,22,0.88000000
282,MR13 MR02 MR04 MR08 MR11 MR06 MR09 MR10 MR12 MR14 MR07,11,17,17,1.00000000
283,MR05 MR02 MR04 MR08 MR11 MR12 MR06 MR09 MR10 MR14 MR07,11,24,21,0.87500000
284,MR13 MR02 MR04 MR08 MR11 MR07 MR14 MR09 MR10 MR12 MR06,11,21,21,1.00000000
285,MR12 MR10 MR02 MR08 MR11 MR04 MR06 MR07 MR09 MR13 MR14,11,23,23,1.00000000
286,MR13 MR11 MR02 MR04 MR08 MR12 MR09 MR10 MR06 MR07 MR14,11,27,27,1.00000000
287,MR13 MR02 MR04 MR08 MR14 MR07 MR06 MR09 MR10 MR11 MR12,11,26,26,1.00000000
288,MR13 MR02 MR04 MR06 MR08 MR07 MR09 MR10 MR11 MR12 MR14,11,26,26,1.00000000
289,MR12 MR02 MR04 MR08 MR11 MR07 MR09 MR10 MR13 MR14 MR06,11,25,25,1.00000000
290,MR13 MR02 MR04 MR06 MR08 MR12 MR07 MR09 MR10 MR11 MR14,11,24,24,1.00000000
291,MR12 MR10 MR11 MR02 MR08 MR04 MR07 MR09 MR13 MR06 MR14,11,23,23,1.00000000
292,MR08 MR04 MR11 MR02 MR07 MR12 MR14 MR09 MR10 MR06 MR13,11,25,25,1.00000000
293,MR13 MR11 MR02 MR04 MR08 MR14 MR07 MR09 MR10 MR06 MR12,11,26,26,1.00000000
294,MR13 MR02 MR04 MR08 MR11 MR14 MR07 MR09 MR10 MR06 MR12,11,27,27,1.00000000
295,MR13 MR02 MR04 MR08 MR11 MR07 MR12 MR09 MR10 MR14 MR06,11,25,25,1.00000000
296,MR13 MR02 MR04 MR08 MR07 MR11 MR14 MR09 MR10 MR12 MR06,11,23,23,1.00000000
297,MR12 MR11 MR02 MR04 MR08 MR13 MR07 MR09 MR10 MR06 MR14,11,25,25,1.00000000
298,MR13 MR11 MR02 MR04 MR08 MR07 MR09 MR10 MR12 MR06 MR14,11,24,24,1.00000000
299,MR08 MR10 MR11 MR02 MR12 MR13 MR14 MR04 MR06 MR09 MR07,11,24,24,1.00000000
300,MR13 MR02 MR04 MR08 MR11 MR07 MR09 MR10 MR06 MR12 MR14,11,23,23,1.00000000
301,MR13 MR11 MR02 MR04 MR08 MR14 MR07 MR09 MR10 MR06 MR12,11,24,24,1.00000000
302,MR13 MR02 MR04 MR08 MR11 MR06 MR09 MR10 MR12 MR14 MR07,11,21,21,1.00000000
303,MR13 MR02 MR04 MR08 MR11 MR07 MR09 MR10 MR06 MR14 MR12,11,20,20,1.00000000
304,MR08 MR04 MR11 MR02 MR14 MR07 MR09 MR10 MR12 MR13 MR06,11,23,23,1.00000000
305,MR13 MR02 MR04 MR08 MR06 MR11 MR09 MR10 MR12 MR07 MR14,11,19,19,1.00000000
306,MR13 MR11 MR02 MR04 MR08 MR07 MR09 MR10 MR06 MR12 MR14,11,24,24,1.00000000
307,MR13 MR11 MR02 MR04 MR08 MR06 MR09 MR10 MR07 MR12,10,29,26,0.89655172
308,MR13 MR02 MR04 MR08 MR11 MR07 MR12 MR14 MR09 MR10 MR06,11,20,20,1.00000000
309,MR13 MR02 MR04 MR08 MR11 MR07 MR14 MR06 MR09 MR10 MR12,11,20,20,1.00000000
310,MR13 MR07 MR02 MR04 MR08 MR11 MR14 MR09 MR10 MR12 MR06,11,23,23,1.00000000
311,MR08 MR04 MR02 MR11 MR06 MR07 MR09 MR10 MR12 MR13 MR14,11,21,21,1.00000000
312,MR13 MR02 MR04 MR08 MR11 MR06 MR09 MR10 MR12 MR14 MR07,11,26,26,1.00000000
313,MR08 MR04 MR11 MR02 MR14 MR13 MR09 MR10 MR12 MR06 MR07,11,19,19,1.00000000
314,MR13 MR11 MR02 MR04 MR08 MR12 MR14 MR09 MR10 MR07 MR06,11,23,23,1.00000000
315,MR13 MR02 MR04 MR08 MR11 MR07 MR14 MR06 MR09 MR10 MR12,11,26,26,1.00000000
316,MR13 MR11 MR02 MR04 MR08 MR07 MR12 MR09 MR10 MR14 MR06,11,24,24,1.00000000
317,MR13 MR12 MR02 MR04 MR08 MR11 MR07 MR09 MR10 MR06 MR14,11,23,23,1.00000000
318,MR13 MR02 MR04 MR08 MR11 MR07 MR14 MR06 MR09 MR10 MR12,11,19,19,1.00000000
319,MR13 MR11 MR02 MR04 MR08 MR14 MR06 MR09 MR10 MR12 MR07,11,25,25,1.00000000
320,MR12 MR10 MR02 MR08 MR06 MR11 MR04 MR09 MR14 MR07 MR13,11,26,26,1.00000000
321,MR12 MR02 MR04 MR07 MR08 MR06 MR09 MR10 MR11 MR13 MR14,11,26,26,1.00000000
322,MR12 MR10 MR11 MR02 MR08 MR04 MR07 MR09 MR14 MR13,10,24,21,0.87500000
323,MR13 MR02 MR04 MR08 MR11 MR12 MR06 MR07 MR09 MR10 MR14,11,28,28,1.00000000
324,MR13 MR02 MR04 MR08 MR07 MR11 MR14 MR09 MR10 MR06 MR12,11,26,26,1.00000000
325,MR13 MR02 MR04 MR08 MR07 MR11 MR12 MR09 MR10 MR14 MR06,11,17,17,1.00000000
326,MR13 MR02 MR04 MR08 MR11 MR06 MR07 MR09 MR10 MR12 MR14,11,27,27,1.00000000
327,MR13 MR02 MR04 MR08 MR11 MR12 MR06 MR07 MR09 MR10 MR14,11,25,25,1.00000000
328,MR08 MR04 MR11 MR02 MR14 MR12 MR13 MR07 MR09 MR10 MR06,11,22,22,1.00000000
329,MR08 MR04 MR02 MR11 MR06 MR14 MR07 MR09 MR10 MR12 MR13,11,23,23,1.00000000
330,MR13 MR11 MR02 MR04 MR08 MR14 MR07 MR09 MR10 MR06 MR12,11,23,23,1.00000000
331,MR13 MR02 MR04 MR07 MR08 MR11 MR12 MR09 MR10,9,25,19,0.76000000
332,MR12 MR10 MR02 MR08 MR11 MR06 MR13 MR04 MR07 MR09,10,22,19,0.86363636
333,MR13 MR11 MR02 MR04 MR08 MR14 MR09 MR10 MR07 MR06 MR12,11,24,24,1.00000000
334,MR13 MR11 MR02 MR04 MR08 MR14 MR06 MR09 MR10 MR12 MR07,11,30,30,1.00000000
335,MR13 MR14 MR02 MR04 MR08 MR11 MR06 MR12 MR09 MR10 MR07,11,25,25,1.00000000
336,MR13 MR11 MR02 MR04 MR08 MR12 MR09 MR10 MR14 MR07,10,26,23,0.88461538
337,MR13 MR02 MR04 MR08 MR11 MR06 MR07 MR09 MR10 MR12,10,28,25,0.89285714
338,MR13 MR02 MR04 MR08 MR11 MR07 MR09 MR10 MR14 MR12 MR06,11,20,20,1.00000000
339,MR13 MR11 MR02 MR04 MR08 MR07 MR09 MR10 MR12 MR06 MR14,11,23,23,1.00000000
340,MR13 MR02 MR04 MR08 MR11 MR06 MR14 MR09 MR10 MR12 MR07,11,22,22,1.00000000
341,MR13 MR02 MR04 MR08 MR11 MR07 MR06 MR09 MR10 MR14 MR12,11,21,21,1.00000000
342,MR13 MR02 MR04 MR07 MR08 MR14 MR06 MR09 MR10 MR11 MR12,11,27,27,1.00000000
343,MR13 MR02 MR04 MR08 MR11 MR06 MR14 MR09 MR10 MR12 MR07,11,19,19,1.00000000
344,MR13 MR02 MR04 MR08 MR11 MR07 MR06 MR09 MR10 MR12 MR14,11,21,21,1.00000000
345,MR13 MR02 MR04 MR08 MR06 MR11 MR09 MR10 MR14 MR07 MR12,11,19,19,1.00000000
346,MR13 MR02 MR04 MR08 MR11 MR06 MR07 MR09 MR10 MR12 MR14,11,21,21,1.00000000
347,MR12 MR10 MR02 MR08 MR11 MR06 MR04 MR09 MR13 MR07 MR14,11,23,23,1.00000000
348,MR13 MR02 MR04 MR08 MR11 MR07 MR14 MR06 MR09 MR10 MR12,11,23,23,1.00000000
349,MR13 MR11 MR02 MR04 MR08 MR14 MR09 MR10 MR06 MR07,10,27,24,0.88888889
350,MR13 MR11 MR02 MR04 MR08 MR12 MR07 MR09 MR10 MR06 MR14,11,24,24,1.00000000
351,MR13 MR02 MR04 MR08 MR11 MR06 MR12 MR09 MR10 MR14 MR07,11,22,22,1.00000000
352,MR13 MR11 MR02 MR04 MR08 MR14 MR07 MR09 MR10 MR06 MR12,11,28,28,1.00000000
353,MR13 MR02 MR04 MR08 MR11 MR06 MR09 MR10 MR07 MR12 MR14,11,28,28,1.00000000
354,MR13 MR02 MR04 MR08 MR11 MR07 MR12 MR09 MR10 MR14 MR06,11,25,25,1.00000000
355,MR13 MR11 MR02 MR04 MR08 MR14 MR12 MR09 MR10 MR06 MR07,11,26,26,1.00000000
356,MR13 MR02 MR04 MR08 MR11 MR14 MR07 MR06 MR09 MR10 MR12,11,22,22,1.00000000
357,MR13 MR11 MR02 MR04 MR08 MR07 MR09 MR10 MR14 MR06 MR12,11,23,23,1.00000000
358,MR12 MR10 MR11 MR02 MR08 MR04 MR06 MR09 MR13 MR07 MR14,11,26,26,1.00000000
359,MR13 MR02 MR04 MR08 MR07 MR06 MR09 MR10 MR11 MR12 MR14,11,22,22,1.00000000
360,MR12 MR11 MR10 MR02 MR08 MR14 MR04 MR07 MR09 MR06 MR13,11,25,25,1.00000000
361,MR13 MR02 MR04 MR08 MR11 MR07 MR09 MR10 MR06 MR12 MR14,11,19,19,1.00000000
362,MR13 MR02 MR04 MR08 MR07 MR14 MR11 MR06 MR09 MR10 MR12,11,19,19,1.00000000
363,MR12 MR10 MR02 MR06 MR08 MR11 MR13 MR04 MR09 MR14 MR07,11,25,25,1.00000000
364,MR08 MR04 MR02 MR06 MR07 MR12 MR13 MR14 MR09 MR10 MR11,11,28,28,1.00000000
365,MR13 MR11 MR02 MR04 MR08 MR07 MR09 MR10 MR12 MR14 MR06,11,29,29,1.00000000
366,MR13 MR11 MR02 MR04 MR08 MR06 MR12 MR09 MR10 MR14,10,25,22,0.88000000
367,MR13 MR11 MR02 MR04 MR08 MR06 MR09 MR10 MR12 MR07,10,22,19,0.86363636
368,MR13 MR02 MR04 MR08 MR11 MR07 MR06 MR09 MR10 MR12 MR14,11,26,26,1.00000000
369,MR13 MR11 MR02 MR04 MR08 MR07 MR09 MR10 MR12 MR06 MR14,11,24,24,1.00000000
370,MR13 MR11 MR02 MR04 MR08 MR14 MR09 MR10 MR06 MR07,10,24,21,0.87500000
371,MR14 MR10 MR02 MR06 MR08 MR11 MR12 MR04 MR09 MR13 MR07,11,25,25,1.00000000
372,MR13 MR02 MR04 MR08 MR11 MR06 MR09 MR10 MR12 MR14 MR07,11,23,23,1.00000000
373,MR05 MR02 MR04 MR08 MR14 MR06 MR07 MR11 MR09 MR10 MR12,11,29,26,0.89655172
374,MR13 MR07 MR02 MR04 MR08 MR09 MR10 MR11 MR06 MR12 MR14,11,23,23,1.00000000
375,MR13 MR02 MR04 MR08 MR11 MR07 MR09 MR10 MR14 MR06 MR12,11,25,25,1.00000000
376,MR13 MR02 MR04 MR08 MR07 MR11 MR06 MR09 MR10 MR12 MR14,11,28,28,1.00000000
377,MR13 MR11 MR02 MR04 MR08 MR07 MR09 MR10 MR14 MR12,10,30,27,0.90000000
378,MR12 MR10 MR11 MR02 MR08 MR07 MR04 MR09 MR14 MR06 MR13,11,23,23,1.00000000
379,MR12 MR11 MR10 MR02 MR08 MR14 MR04 MR06 MR09 MR13 MR07,11,23,23,1.00000000
380,MR13 MR02 MR04 MR08 MR11 MR14 MR06 MR07 MR09 MR10 MR12,11,18,18,1.00000000
381,MR08 MR10 MR02 MR06 MR11 MR14 MR04 MR09 MR12 MR07,10,30,26,0.86666667
382,MR13 MR11 MR02 MR04 MR08 MR14 MR09 MR10 MR06 MR07 MR12,11,22,22,1.00000000
383,MR13 MR11 MR02 MR04 MR08 MR14 MR07 MR09 MR10 MR06 MR12,11,28,28,1.00000000
384,MR13 MR11 MR02 MR04 MR08 MR14 MR06 MR09 MR10 MR07 MR12,11,26,26,1.00000000
385,MR12 MR10 MR02 MR06 MR08 MR13 MR04 MR07 MR09 MR11 MR14,11,30,30,1.00000000
386,MR13 MR02 MR04 MR08 MR07 MR06 MR09 MR10 MR11 MR12 MR14,11,23,23,1.00000000
387,MR13 MR11 MR02 MR04 MR08 MR06 MR09 MR10 MR12 MR07 MR14,11,24,24,1.00000000
388,MR13 MR11 MR02 MR04 MR08 MR12 MR09 MR10 MR06 MR07,10,28,25,0.89285714
389,MR13 MR02 MR04 MR08 MR07 MR06 MR09 MR10 MR11 MR12 MR14,11,24,24,1.00000000
390,MR12 MR10 MR11 MR02 MR08 MR07 MR04 MR09 MR13 MR14 MR06,11,23,23,1.00000000
391,MR13 MR02 MR04 MR08 MR11 MR06 MR14 MR09 MR10 MR12 MR07,11,20,20,1.00000000
392,MR13 MR11 MR02 MR04 MR08 MR12 MR07 MR09 MR10 MR06 MR14,11,24,24,1.00000000
393,MR13 MR02 MR04 MR08 MR11 MR12 MR06 MR07 MR09 MR10 MR14,11,22,22,1.00000000
394,MR13 MR02 MR04 MR08 MR07 MR11 MR14 MR06 MR09 MR10 MR12,11,25,25,1.00000000
395,MR12 MR11 MR10 MR02 MR08 MR04 MR06 MR09 MR13 MR14 MR07,11,22,22,1.00000000
396,MR05 MR02 MR04 MR08 MR11 MR06 MR07 MR09 MR10 MR12 MR14,11,24,21,0.87500000
397,MR13 MR11 MR02 MR04 MR08 MR12 MR09 MR10 MR06 MR07 MR14,11,24,24,1.00000000
398,MR13 MR02 MR04 MR08 MR11 MR06 MR14 MR09 MR10 MR07 MR12,11,21,21,1.00000000
399,MR13 MR02 MR04 MR08 MR14 MR06 MR11 MR07 MR09 MR10 MR12,11,23,23,1.00000000
400,MR12 MR10 MR02 MR08 MR06 MR11 MR13 MR04 MR09 MR14 MR07,11,24,24,1.00000000
401,MR13 MR02 MR04 MR08 MR06 MR12 MR11 MR07 MR09 MR10 MR14,11,29,29,1.00000000
402,MR13 MR02 MR04 MR08 MR11 MR07 MR12 MR06 MR09 MR10 MR14,11,27,27,1.00000000
403,MR13 MR02 MR04 MR08 MR11 MR06 MR07 MR09 MR10 MR14,10,26,23,0.88461538
404,MR13 MR11 MR02 MR04 MR08 MR09 MR10 MR12 MR07 MR14 MR06,11,28,28,1.00000000
405,MR13 MR02 MR04 MR06 MR08 MR07 MR09 MR10 MR12 MR11,10,22,19,0.86363636
406,MR13 MR02 MR04 MR08 MR06 MR07 MR11 MR09 MR10 MR12 MR14,11,22,22,1.00000000
407,MR13 MR02 MR04 MR08 MR11 MR06 MR14 MR07 MR09 MR10 MR12,11,20,20,1.00000000
408,MR12 MR10 MR02 MR08 MR11 MR06 MR04 MR07 MR09 MR13 MR14,11,22,22,1.00000000
409,MR13 MR11 MR02 MR04 MR08 MR06 MR09 MR10 MR12 MR14,10,24,21,0.87500000
410,MR12 MR11 MR10 MR02 MR08 MR07 MR04 MR09 MR14 MR13,10,26,23,0.88461538
411,MR13 MR11 MR02 MR04 MR08 MR14 MR07 MR09 MR10 MR12 MR06,11,26,26,1.00000000
412,MR12 MR10 MR02 MR08 MR06 MR07 MR11 MR04 MR09 MR13 MR14,11,25,25,1.00000000
413,MR13 MR02 MR04 MR08 MR07 MR11 MR06 MR09 MR10 MR12 MR14,11,24,24,1.00000000
414,MR13 MR11 MR02 MR04 MR08 MR09 MR10 MR06 MR07 MR14 MR12,11,24,24,1.00000000
415,MR13 MR02 MR04 MR08 MR11 MR07 MR12 MR09 MR10 MR06 MR14,11,21,21,1.00000000
416,MR13 MR11 MR02 MR04 MR08 MR06 MR09 MR10 MR12 MR14 MR07,11,25,25,1.00000000
417,MR13 MR11 MR02 MR04 MR08 MR07 MR09 MR10 MR14 MR12,10,23,20,0.86956522
418,MR13 MR11 MR02 MR04 MR08 MR14 MR06 MR09 MR10 MR12 MR07,11,27,27,1.00000000
419,MR13 MR11 MR02 MR04 MR08 MR06 MR09 MR10 MR14 MR07 MR12,11,22,22,1.00000000
420,MR13 MR11 MR02 MR04 MR08 MR12 MR14 MR09 MR10 MR06 MR07,11,25,25,1.00000000
421,MR13 MR11 MR02 MR04 MR08 MR06 MR09 MR10 MR12 MR07 MR14,11,24,24,1.00000000
422,MR08 MR11 MR04 MR02 MR12 MR13 MR06 MR09 MR10 MR14,10,26,23,0.88461538
423,MR13 MR02 MR04 MR08 MR11 MR06 MR07 MR09 MR10 MR12 MR14,11,21,21,1.00000000
424,MR13 MR11 MR02 MR04 MR08 MR14 MR07 MR09 MR10 MR12 MR06,11,24,24,1.00000000
425,MR13 MR06 MR02 MR04 MR08 MR14 MR09 MR10 MR12 MR07 MR11,11,22,22,1.00000000
426,MR13 MR11 MR02 MR04 MR08 MR14 MR06 MR09 MR10 MR07 MR12,11,22,22,1.00000000
427,MR13 MR02 MR04 MR08 MR11 MR06 MR07 MR09 MR10 MR12 MR14,11,25,25,1.00000000
428,MR13 MR02 MR04 MR08 MR07 MR11 MR06 MR09 MR10 MR14 MR12,11,23,23,1.00000000
429,MR13 MR11 MR02 MR04 MR08 MR06 MR09 MR10 MR12 MR07 MR14,11,20,20,1.00000000
430,MR12 MR11 MR10 MR02 MR08 MR04 MR09 MR06 MR07 MR13 MR14,11,28,28,1.00000000
431,MR13 MR02 MR04 MR08 MR11 MR07 MR14 MR06 MR09 MR10,10,28,25,0.89285714
432,MR13 MR02 MR04 MR08 MR11 MR07 MR09 MR10 MR12 MR06 MR14,11,24,24,1.00000000
433,MR13 MR02 MR04 MR06 MR08 MR11 MR09 MR10 MR14 MR07 MR12,11,24,24,1.00000000
434,MR12 MR10 MR02 MR08 MR06 MR07 MR11 MR04 MR09 MR13,10,30,27,0.90000000
435,MR13 MR14 MR02 MR04 MR08 MR11 MR06 MR07 MR09 MR10 MR12,11,24,24,1.00000000
436,MR13 MR02 MR04 MR08 MR11 MR06 MR14 MR07 MR09 MR10 MR12,11,22,22,1.00000000
437,MR13 MR02 MR04 MR08 MR11 MR14 MR06 MR09 MR10 MR07,10,25,22,0.88000000
438,MR12 MR11 MR02 MR04 MR08 MR13 MR07 MR09 MR10 MR06 MR14,11,24,24,1.00000000
439,MR12 MR10 MR02 MR08 MR11 MR14 MR07 MR04 MR06 MR09 MR13,11,26,26,1.00000000
440,MR13 MR02 MR04 MR08 MR11 MR07 MR14 MR09 MR10 MR12 MR06,11,22,22,1.00000000
441,MR12 MR10 MR07 MR02 MR08 MR04 MR09 MR11 MR06 MR13 MR14,11,22,22,1.00000000
442,MR13 MR02 MR04 MR07 MR08 MR11 MR14 MR09 MR10 MR06 MR12,11,24,24,1.00000000
443,MR08 MR10 MR11 MR02 MR12 MR07 MR04 MR09 MR13 MR14 MR06,11,26,26,1.00000000
444,MR08 MR10 MR02 MR06 MR11 MR14 MR13 MR04 MR09 MR07 MR12,11,27,27,1.00000000
445,MR12 MR10 MR02 MR08 MR11 MR06 MR04 MR09 MR14 MR07 MR13,11,26,26,1.00000000
446,MR13 MR11 MR02 MR04 MR08 MR14 MR06 MR09 MR10 MR07 MR12,11,24,24,1.00000000
447,MR13 MR02 MR04 MR08 MR11 MR06 MR07 MR09 MR10 MR12 MR14,11,25,25,1.00000000
448,MR08 MR10 MR02 MR06 MR11 MR14 MR12 MR04 MR09 MR13 MR07,11,21,21,1.00000000
449,MR14 MR04 MR11 MR02 MR08 MR06 MR09 MR10 MR12 MR13 MR07,11,26,26,1.00000000
450,MR13 MR02 MR04 MR08 MR11 MR06 MR14 MR09 MR10 MR07 MR12,11,24,24,1.00000000
451,MR12 MR10 MR02 MR08 MR06 MR11 MR04 MR09 MR07 MR14 MR05,11,22,19,0.86363636
452,MR13 MR02 MR04 MR08 MR11 MR06 MR09 MR10 MR12 MR14 MR07,11,23,23,1.00000000
453,MR13 MR02 MR04 MR08 MR11 MR07 MR14 MR06 MR09 MR10 MR12,11,25,25,1.00000000
454,MR13 MR11 MR02 MR04 MR08 MR12 MR06 MR09 MR10 MR14,10,27,24,0.88888889
455,MR13 MR02 MR04 MR08 MR11 MR14 MR07 MR09 MR10 MR12 MR06,11,22,22,1.00000000
456,MR13 MR11 MR02 MR04 MR08 MR12 MR06 MR09 MR10 MR07 MR14,11,19,19,1.00000000
457,MR13 MR02 MR04 MR08 MR11 MR07 MR09 MR10 MR12 MR14 MR06,11,27,27,1.00000000
458,MR13 MR11 MR02 MR04 MR08 MR12 MR06 MR09 MR10 MR07 MR14,11,24,24,1.00000000
459,MR13 MR02 MR04 MR08 MR11 MR07 MR14 MR09 MR10 MR12 MR06,11,26,26,1.00000000
460,MR13 MR11 MR02 MR04 MR08 MR07 MR09 MR10 MR14 MR06 MR12,11,27,27,1.00000000
461,MR13 MR11 MR02 MR04 MR08 MR12 MR09 MR10 MR06 MR07 MR14,11,28,28,1.00000000
462,MR08 MR10 MR02 MR11 MR07 MR04 MR09 MR12 MR13 MR06 MR14,11,22,22,1.00000000
463,MR05 MR11 MR02 MR04 MR08 MR06 MR12 MR09 MR10 MR14 MR07,11,26,23,0.88461538
464,MR13 MR06 MR02 MR04 MR08 MR14 MR09 MR10 MR11 MR12 MR07,11,27,27,1.00000000
465,MR12 MR11 MR10 MR02 MR08 MR13 MR14 MR04 MR06 MR09 MR07,11,26,26,1.00000000
466,MR13 MR11 MR02 MR04 MR08 MR07 MR09 MR10 MR12 MR14 MR06,11,26,26,1.00000000
467,MR13 MR02 MR04 MR08 MR06 MR07 MR11 MR09 MR10 MR12 MR14,11,26,26,1.00000000
468,MR13 MR02 MR04 MR08 MR11 MR14 MR06 MR07 MR09 MR10 MR12,11,25,25,1.00000000
469,MR13 MR02 MR04 MR08 MR11 MR06 MR07 MR09 MR10 MR12 MR14,11,23,23,1.00000000
470,MR08 MR04 MR02 MR06 MR11 MR13 MR14 MR09 MR10 MR12 MR07,11,27,27,1.00000000
471,MR13 MR11 MR02 MR04 MR08 MR12 MR06 MR09 MR10 MR14 MR07,11,25,25,1.00000000
472,MR14 MR10 MR02 MR08 MR11 MR13 MR04 MR06 MR07 MR09 MR12,11,20,20,1.00000000
473,MR12 MR10 MR11 MR02 MR08 MR07 MR04 MR09 MR13 MR14 MR06,11,29,29,1.00000000
474,MR13 MR11 MR02 MR04 MR08 MR12 MR09 MR10 MR14 MR06 MR07,11,23,23,1.00000000
475,MR13 MR11 MR02 MR04 MR08 MR07 MR09 MR10 MR06 MR12 MR14,11,26,26,1.00000000
476,MR13 MR11 MR02 MR04 MR08 MR07 MR09 MR10 MR12 MR14 MR06,11,27,27,1.00000000
477,MR13 MR11 MR02 MR04 MR08 MR09 MR10 MR12 MR14 MR06 MR07,11,24,24,1.00000000
478,MR13 MR02 MR04 MR08 MR11 MR07 MR12 MR09 MR10 MR06 MR14,11,22,22,1.00000000
479,MR05 MR02 MR04 MR08 MR11 MR06 MR07 MR09 MR10 MR14 MR12,11,22,19,0.86363636
480,MR13 MR02 MR04 MR08 MR11 MR07 MR14 MR09 MR10 MR06,10,28,25,0.89285714
481,MR12 MR10 MR11 MR02 MR08 MR07 MR14 MR04 MR09 MR06 MR13,11,21,21,1.00000000
482,MR12 MR10 MR02 MR08 MR11 MR06 MR04 MR09 MR07 MR13 MR14,11,27,27,1.00000000
483,MR13 MR11 MR02 MR04 MR08 MR07 MR14 MR09 MR10 MR12 MR06,11,26,26,1.00000000
484,MR13 MR11 MR02 MR04 MR08 MR12 MR09 MR10 MR14 MR06 MR07,11,21,21,1.00000000
485,MR13 MR02 MR04 MR08 MR11 MR06 MR09 MR10 MR12 MR14 MR07,11,22,22,1.00000000
486,MR13 MR02 MR04 MR08 MR11 MR14 MR06 MR07 MR09 MR10 MR12,11,27,27,1.00000000
487,MR13 MR11 MR02 MR04 MR08 MR09 MR10 MR06 MR07 MR12 MR14,11,22,22,1.00000000
488,MR13 MR02 MR04 MR08 MR11 MR14 MR07 MR09 MR10 MR06 MR12,11,31,31,1.00000000
489,MR13 MR11 MR02 MR04 MR08 MR06 MR09 MR10 MR12 MR14,10,23,20,0.86956522
490,MR13 MR11 MR02 MR04 MR08 MR07 MR09 MR10 MR12 MR14 MR06,11,23,23,1.00000000
491,MR13 MR11 MR02 MR04 MR08 MR09 MR10 MR06 MR12 MR14 MR07,11,25,25,1.00000000
492,MR13 MR02 MR04 MR08 MR07 MR11 MR09 MR10 MR12 MR06 MR14,11,25,25,1.00000000
493,MR12 MR10 MR02 MR08 MR06 MR11 MR04 MR07 MR09 MR13 MR14,11,25,25,1.00000000
494,MR13 MR02 MR04 MR07 MR08 MR11 MR09 MR10 MR06 MR12 MR14,11,25,25,1.00000000
495,MR08 MR10 MR11 MR02 MR14 MR07 MR04 MR09 MR12 MR13 MR06,11,27,27,1.00000000
496,MR13 MR11 MR02 MR04 MR08 MR14 MR09 MR10 MR12 MR07 MR06,11,21,21,1.00000000
497,MR13 MR11 MR02 MR04 MR08 MR14 MR09 MR10 MR06 MR07 MR12,11,22,22,1.00000000
498,MR13 MR02 MR04 MR08 MR11 MR07 MR14 MR09 MR10 MR12 MR06,11,19,19,1.00000000
499,MR13 MR02 MR04 MR08 MR11 MR12 MR06 MR07 MR09 MR10 MR14,11,29,29,1.00000000
500,MR13 MR02 MR04 MR08 MR11 MR12 MR14 MR06 MR07 MR09 MR10,11,23,23,1.00000000
501,MR13 MR02 MR04 MR08 MR07 MR11 MR14 MR09 MR10 MR06 MR12,11,23,23,1.00000000
502,MR13 MR02 MR04 MR08 MR07 MR11 MR06 MR09 MR10 MR12,10,20,17,0.85000000
503,MR07 MR10 MR02 MR08 MR04 MR09 MR14 MR11 MR12 MR05 MR06,11,32,29,0.90625000
504,MR13 MR02 MR04 MR08 MR11 MR06 MR12 MR09 MR10 MR14 MR07,11,21,21,1.00000000
505,MR13 MR02 MR04 MR08 MR11 MR06 MR07 MR09 MR10 MR12 MR14,11,22,22,1.00000000
506,MR13 MR02 MR04 MR08 MR11 MR14 MR06 MR09 MR10 MR07 MR12,11,25,25,1.00000000
507,MR13 MR11 MR02 MR04 MR08 MR06 MR09 MR10 MR14 MR12,10,24,21,0.87500000
508,MR07 MR10 MR02 MR08 MR14 MR04 MR09 MR13 MR11 MR06 MR12,11,22,22,1.00000000
509,MR13 MR11 MR02 MR04 MR08 MR07 MR09 MR10 MR12 MR06 MR14,11,24,24,1.00000000
510,MR13 MR11 MR02 MR04 MR08 MR07 MR09 MR10 MR14 MR06 MR12,11,26,26,1.00000000
511,MR13 MR02 MR04 MR08 MR07 MR06 MR12 MR09 MR10 MR11 MR14,11,24,24,1.00000000
512,MR13 MR11 MR02 MR04 MR08 MR07 MR09 MR10 MR14 MR12 MR06,11,25,25,1.00000000
513,MR07 MR02 MR04 MR08 MR13 MR14 MR11 MR12 MR09 MR10 MR06,11,27,27,1.00000000
514,MR13 MR02 MR04 MR08 MR11 MR07 MR12 MR09 MR10 MR06 MR14,11,22,22,1.00000000
515,MR13 MR11 MR02 MR04 MR08 MR12 MR09 MR10 MR14 MR07,10,27,24,0.88888889
516,MR13 MR11 MR02 MR04 MR08 MR06 MR09 MR10 MR07 MR12 MR14,11,25,25,1.00000000
517,MR13 MR11 MR02 MR04 MR08 MR07 MR12 MR09 MR10 MR06 MR14,11,19,19,1.00000000
518,MR05 MR02 MR04 MR07 MR08 MR11 MR09 MR10 MR12 MR14 MR06,11,27,24,0.88888889
519,MR08 MR10 MR02 MR11 MR04 MR06 MR07 MR09 MR14 MR12 MR13,11,21,21,1.00000000
520,MR13 MR02 MR04 MR08 MR11 MR12 MR06 MR07 MR09 MR10 MR14,11,20,20,1.00000000
521,MR13 MR02 MR04 MR08 MR11 MR07 MR12 MR06 MR09 MR10,10,22,19,0.86363636
522,MR13 MR02 MR04 MR08 MR11 MR14 MR06 MR09 MR10 MR07,10,26,23,0.88461538
523,MR08 MR10 MR11 MR02 MR12 MR14 MR04 MR07 MR09 MR06 MR13,11,26,26,1.00000000
524,MR13 MR02 MR04 MR06 MR08 MR12 MR11 MR09 MR10 MR07,10,23,20,0.86956522
525,MR13 MR11 MR02 MR04 MR08 MR14 MR09 MR10 MR12 MR07,10,27,24,0.88888889
526,MR13 MR02 MR04 MR06 MR08 MR11 MR14 MR09 MR10 MR12 MR07,11,26,26,1.00000000
527,MR12 MR10 MR11 MR02 MR08 MR04 MR07 MR09 MR13 MR06 MR14,11,21,21,1.00000000
528,MR13 MR11 MR02 MR04 MR08 MR07 MR09 MR10 MR12 MR14 MR06,11,21,21,1.00000000
529,MR13 MR11 MR02 MR04 MR08 MR06 MR09 MR10 MR14 MR07 MR12,11,21,21,1.00000000
530,MR13 MR11 MR02 MR04 MR08 MR07 MR09 MR10 MR12 MR06 MR14,11,22,22,1.00000000
531,MR13 MR02 MR04 MR08 MR06 MR11 MR09 MR10 MR12 MR07 MR14,11,23,23,1.00000000
532,MR12 MR10 MR02 MR08 MR14 MR11 MR06 MR04 MR07 MR09 MR13,11,26,26,1.00000000
533,MR13 MR02 MR04 MR08 MR11 MR07 MR06 MR09 MR10 MR14 MR12,11,25,25,1.00000000
534,MR13 MR02 MR04 MR08 MR06 MR11 MR07 MR09 MR10 MR12 MR14,11,25,25,1.00000000
535,MR13 MR07 MR02 MR04 MR08 MR14 MR11 MR09 MR10 MR06 MR12,11,27,27,1.00000000
536,MR13 MR11 MR02 MR04 MR08 MR07 MR09 MR10 MR12 MR14,10,27,24,0.88888889
537,MR13 MR11 MR02 MR04 MR08 MR07 MR09 MR10 MR12 MR14 MR06,11,22,22,1.00000000
538,MR13 MR02 MR04 MR08 MR06 MR07 MR11 MR09 MR10 MR14,10,29,26,0.89655172
539,MR13 MR11 MR02 MR04 MR08 MR07 MR09 MR10 MR06 MR12 MR14,11,26,26,1.00000000
540,MR13 MR11 MR02 MR04 MR08 MR07 MR09 MR10 MR14 MR06 MR12,11,21,21,1.00000000
541,MR13 MR02 MR04 MR08 MR07 MR11 MR09 MR10 MR06 MR14,10,25,22,0.88000000
542,MR12 MR11 MR10 MR02 MR08 MR14 MR04 MR09 MR13 MR07 MR06,11,24,24,1.00000000
543,MR12 MR10 MR02 MR08 MR07 MR11 MR14 MR04 MR06 MR09 MR13,11,28,28,1.00000000
544,MR13 MR02 MR04 MR08 MR07 MR11 MR14 MR09 MR10 MR06 MR12,11,23,23,1.00000000
545,MR12 MR10 MR11 MR02 MR08 MR04 MR06 MR09 MR07 MR14 MR13,11,22,22,1.00000000
546,MR13 MR02 MR04 MR08 MR07 MR11 MR09 MR10 MR12 MR06 MR14,11,22,22,1.00000000
547,MR13 MR11 MR02 MR04 MR08 MR07 MR09 MR10 MR14 MR06 MR12,11,17,17,1.00000000
548,MR13 MR11 MR02 MR04 MR08 MR14 MR06 MR09 MR10 MR12 MR07,11,21,21,1.00000000
549,MR13 MR11 MR02 MR04 MR08 MR06 MR09 MR10 MR07 MR12 MR14,11,21,21,1.00000000
550,MR13 MR11 MR02 MR04 MR08 MR07 MR12 MR14 MR09 MR10 MR06,11,24,24,1.00000000
551,MR13 MR11 MR02 MR04 MR08 MR06 MR09 MR10 MR07 MR12 MR14,11,23,23,1.00000000
552,MR13 MR02 MR04 MR08 MR06 MR14 MR11 MR07 MR09 MR10 MR12,11,22,22,1.00000000
553,MR08 MR04 MR02 MR11 MR06 MR07 MR09 MR10 MR13 MR14 MR12,11,24,24,1.00000000
554,MR13 MR07 MR02 MR04 MR08 MR14 MR09 MR10 MR11 MR06 MR12,11,24,24,1.00000000
555,MR13 MR11 MR02 MR04 MR08 MR14 MR07 MR09 MR10 MR06 MR12,11,27,27,1.00000000
556,MR13 MR02 MR04 MR06 MR08 MR11 MR09 MR10 MR12 MR07,10,25,22,0.88000000
557,MR13 MR11 MR02 MR04 MR08 MR07 MR09 MR10 MR14 MR06 MR12,11,21,21,1.00000000
558,MR13 MR11 MR02 MR04 MR08 MR14 MR09 MR10 MR06 MR07 MR12,11,27,27,1.00000000
559,MR13 MR02 MR04 MR08 MR11 MR12 MR06 MR07 MR09 MR10 MR14,11,22,22,1.00000000
560,MR13 MR02 MR04 MR08 MR07 MR12 MR11 MR06 MR09 MR10 MR14,11,23,23,1.00000000
561,MR13 MR02 MR04 MR08 MR11 MR06 MR14 MR09 MR10 MR12 MR07,11,24,24,1.00000000
562,MR12 MR02 MR04 MR08 MR11 MR14 MR07 MR09 MR10 MR06 MR05,11,25,22,0.88000000
563,MR12 MR10 MR02 MR08 MR11 MR06 MR04 MR09 MR14 MR07 MR13,11,21,21,1.00000000
564,MR08 MR10 MR11 MR02 MR12 MR04 MR09 MR13 MR07 MR14 MR06,11,21,21,1.00000000
565,MR06 MR10 MR02 MR08 MR11 MR14 MR12 MR04 MR09 MR05,10,25,19,0.76000000
566,MR12 MR02 MR04 MR08 MR11 MR07 MR06 MR09 MR10 MR13 MR14,11,20,20,1.00000000
567,MR12 MR10 MR02 MR08 MR06 MR07 MR11 MR04 MR09 MR14 MR13,11,21,21,1.00000000
568,MR12 MR02 MR04 MR08 MR07 MR13 MR11 MR14 MR06 MR09 MR10,11,24,24,1.00000000
569,MR13 MR02 MR04 MR08 MR11 MR07 MR09 MR10 MR14 MR06 MR12,11,24,24,1.00000000
570,MR13 MR11 MR02 MR04 MR08 MR12 MR06 MR09 MR10 MR07 MR14,11,21,21,1.00000000
571,MR12 MR11 MR10 MR02 MR08 MR04 MR09 MR07 MR13 MR14,10,27,24,0.88888889
572,MR12 MR10 MR11 MR02 MR08 MR13 MR04 MR06 MR09 MR07 MR14,11,21,21,1.00000000
573,MR13 MR11 MR02 MR04 MR08 MR14 MR07 MR09 MR10 MR12 MR06,11,22,22,1.00000000
574,MR13 MR02 MR04 MR08 MR11 MR12 MR06 MR07 MR09 MR10 MR14,11,21,21,1.00000000
575,MR13 MR11 MR02 MR04 MR08 MR07 MR09 MR10 MR12 MR14,10,24,21,0.87500000
576,MR12 MR11 MR10 MR02 MR08 MR04 MR06 MR09 MR13 MR14,10,26,23,0.88461538
577,MR13 MR02 MR04 MR08 MR07 MR11 MR09 MR10 MR06 MR12 MR14,11,25,25,1.00000000
578,MR13 MR02 MR04 MR08 MR07 MR11 MR09 MR10 MR06 MR12 MR14,11,23,23,1.00000000
579,MR13 MR02 MR04 MR08 MR11 MR06 MR07 MR09 MR10 MR14 MR12,11,22,22,1.00000000
580,MR13 MR02 MR04 MR08 MR11 MR14 MR06 MR07 MR09 MR10 MR12,11,22,22,1.00000000
581,MR13 MR11 MR02 MR04 MR08 MR12 MR06 MR09 MR10 MR07 MR14,11,28,28,1.00000000
582,MR13 MR02 MR04 MR08 MR11 MR07 MR09 MR10 MR14 MR06 MR12,11,24,24,1.00000000
583,MR12 MR10 MR02 MR08 MR11 MR06 MR04 MR09 MR13 MR07 MR14,11,23,23,1.00000000
584,MR13 MR02 MR04 MR06 MR08 MR07 MR09 MR10 MR11 MR14 MR12,11,18,18,1.00000000
585,MR12 MR10 MR02 MR08 MR11 MR14 MR04 MR06 MR07 MR09 MR05,11,22,19,0.86363636
586,MR08 MR04 MR11 MR02 MR14 MR12 MR13 MR06 MR09 MR10 MR07,11,21,21,1.00000000
587,MR13 MR02 MR04 MR08 MR11 MR07 MR09 MR10 MR12 MR06 MR14,11,21,21,1.00000000
588,MR13 MR02 MR04 MR08 MR11 MR14 MR12 MR06 MR07 MR09 MR10,11,24,24,1.00000000
589,MR13 MR11 MR02 MR04 MR08 MR12 MR06 MR09 MR10 MR07 MR14,11,24,24,1.00000000
590,MR13 MR02 MR04 MR08 MR11 MR06 MR07 MR09 MR10 MR12 MR14,11,20,20,1.00000000
591,MR13 MR02 MR04 MR06 MR08 MR11 MR14 MR09 MR10 MR12 MR07,11,25,25,1.00000000
592,MR13 MR11 MR02 MR04 MR08 MR12 MR09 MR10 MR07 MR06 MR14,11,31,31,1.00000000
593,MR13 MR02 MR04 MR07 MR08 MR11 MR12 MR09 MR10 MR14 MR06,11,27,27,1.00000000
594,MR13 MR11 MR02 MR04 MR08 MR06 MR09 MR10 MR12 MR14 MR07,11,21,21,1.00000000
595,MR13 MR02 MR04 MR08 MR11 MR06 MR07 MR09 MR10 MR12 MR14,11,25,25,1.00000000
596,MR13 MR02 MR04 MR08 MR11 MR06 MR14 MR09 MR10 MR12 MR07,11,25,25,1.00000000
597,MR08 MR10 MR11 MR02 MR14 MR04 MR07 MR09 MR12 MR13,10,24,21,0.87500000
598,MR13 MR02 MR04 MR08 MR11 MR12 MR07 MR14 MR09 MR10 MR06,11,25,25,1.00000000
599,MR13 MR11 MR02 MR04 MR08 MR14 MR06 MR09 MR10 MR07 MR12,11,20,20,1.00000000
600,MR13 MR02 MR04 MR08 MR06 MR07 MR09 MR10 MR11 MR12 MR14,11,25,25,1.00000000
601,MR13 MR11 MR02 MR04 MR08 MR14 MR07 MR09 MR10 MR06 MR12,11,26,26,1.00000000
602,MR14 MR04 MR02 MR08 MR07 MR11 MR12 MR06 MR09 MR10 MR13,11,26,26,1.00000000
603,MR13 MR11 MR02 MR04 MR08 MR12 MR09 MR10 MR06 MR07 MR14,11,20,20,1.00000000
604,MR13 MR11 MR02 MR04 MR08 MR12 MR09 MR10 MR07 MR06,10,21,18,0.85714286
605,MR13 MR02 MR04 MR08 MR07 MR06 MR09 MR10 MR11 MR14,10,23,20,0.86956522
606,MR13 MR11 MR02 MR04 MR08 MR07 MR09 MR10 MR14 MR12,10,18,15,0.83333333
607,MR13 MR11 MR02 MR04 MR08 MR12 MR06 MR09 MR10 MR14,10,24,21,0.87500000
608,MR13 MR02 MR04 MR08 MR11 MR06 MR12 MR07 MR09 MR10 MR14,11,24,24,1.00000000
609,MR13 MR02 MR04 MR08 MR11 MR12 MR06 MR09 MR10 MR07 MR14,11,25,25,1.00000000
610,MR12 MR11 MR10 MR02 MR08 MR04 MR09 MR14 MR07 MR06,10,21,17,0.80952381
611,MR13 MR02 MR04 MR06 MR08 MR12 MR07 MR09 MR10 MR11 MR14,11,24,24,1.00000000
612,MR13 MR11 MR02 MR04 MR08 MR14 MR07 MR09 MR10 MR12,10,27,24,0.88888889
613,MR13 MR02 MR04 MR08 MR11 MR06 MR12 MR09 MR10 MR14 MR07,11,25,25,1.00000000
614,MR13 MR02 MR04 MR08 MR11 MR06 MR14 MR09 MR10 MR07 MR12,11,25,25,1.00000000
615,MR13 MR02 MR04 MR08 MR07 MR11 MR06 MR09 MR10 MR12 MR14,11,19,19,1.00000000
616,MR08 MR10 MR11 MR02 MR12 MR04 MR07 MR09 MR14 MR06 MR13,11,25,25,1.00000000
617,MR13 MR11 MR02 MR04 MR08 MR14 MR09 MR10 MR07 MR12 MR06,11,21,21,1.00000000
618,MR14 MR10 MR11 MR02 MR08 MR04 MR06 MR09 MR07 MR12 MR05,11,24,21,0.87500000
619,MR13 MR11 MR02 MR04 MR08 MR06 MR09 MR10 MR12 MR07,10,23,20,0.86956522
620,MR13 MR02 MR04 MR08 MR11 MR07 MR14 MR06 MR09 MR10 MR12,11,25,25,1.00000000
621,MR13 MR02 MR04 MR08 MR11 MR12 MR07 MR09 MR10 MR06 MR14,11,23,23,1.00000000
622,MR13 MR11 MR02 MR04 MR08 MR07 MR09 MR10 MR14 MR12 MR06,11,22,22,1.00000000
623,MR13 MR02 MR04 MR08 MR11 MR07 MR09 MR10 MR14 MR06 MR12,11,25,25,1.00000000
624,MR12 MR10 MR02 MR08 MR07 MR11 MR14 MR04 MR06 MR09 MR13,11,19,19,1.00000000
625,MR05 MR02 MR04 MR08 MR07 MR11 MR14 MR06 MR09 MR10 MR12,11,25,22,0.88000000
626,MR13 MR11 MR02 MR04 MR08 MR06 MR12 MR09 MR10,9,25,19,0.76000000
627,MR12 MR10 MR11 MR02 MR08 MR04 MR06 MR09 MR14 MR05 MR07,11,24,21,0.87500000
628,MR12 MR10 MR02 MR06 MR08 MR13 MR04 MR07 MR09 MR11 MR14,11,26,26,1.00000000
629,MR13 MR02 MR04 MR07 MR08 MR11 MR09 MR10 MR12 MR14 MR06,11,24,24,1.00000000
630,MR13 MR02 MR04 MR07 MR08 MR14 MR06 MR09 MR10 MR11 MR12,11,25,25,1.00000000
631,MR13 MR11 MR02 MR04 MR08 MR06 MR09 MR10 MR12 MR07,10,29,26,0.89655172
632,MR13 MR02 MR04 MR08 MR11 MR06 MR09 MR10 MR12 MR07 MR14,11,24,24,1.00000000
633,MR08 MR04 MR02 MR11 MR14 MR07 MR09 MR10 MR12 MR13 MR06,11,18,18,1.00000000
634,MR13 MR02 MR04 MR06 MR08 MR11 MR09 MR10 MR07 MR12 MR14,11,21,21,1.00000000
635,MR13 MR11 MR02 MR04 MR08 MR14 MR07 MR09 MR10 MR06 MR12,11,23,23,1.00000000
636,MR13 MR11 MR02 MR04 MR08 MR06 MR09 MR10 MR12 MR14 MR07,11,29,29,1.00000000
637,MR13 MR11 MR02 MR04 MR08 MR14 MR06 MR09 MR10 MR07,10,31,28,0.90322581
638,MR13 MR11 MR02 MR04 MR08 MR14 MR06 MR09 MR10 MR07 MR12,11,22,22,1.00000000
639,MR12 MR10 MR11 MR02 MR08 MR14 MR04 MR07 MR09 MR06 MR13,11,23,23,1.00000000
640,MR05 MR02 MR04 MR08 MR06 MR07 MR14 MR09 MR10 MR11 MR12,11,26,23,0.88461538
641,MR13 MR02 MR04 MR08 MR11 MR12 MR06 MR07 MR09 MR10 MR14,11,19,19,1.00000000
642,MR08 MR10 MR11 MR02 MR14 MR04 MR07 MR09 MR12 MR13 MR06,11,26,26,1.00000000
643,MR13 MR02 MR04 MR08 MR12 MR06 MR07 MR09 MR10 MR11 MR14,11,25,25,1.00000000
644,MR13 MR11 MR02 MR04 MR08 MR09 MR10 MR12 MR14 MR07,10,23,20,0.86956522
645,MR13 MR02 MR04 MR08 MR11 MR07 MR14 MR06 MR09 MR10 MR12,11,28,28,1.00000000
646,MR13 MR11 MR02 MR04 MR08 MR07 MR14 MR09 MR10 MR12,10,24,21,0.87500000
647,MR13 MR02 MR04 MR07 MR08 MR06 MR09 MR10 MR11 MR12 MR14,11,21,21,1.00000000
648,MR13 MR02 MR04 MR06 MR08 MR14 MR07 MR09 MR10 MR11 MR12,11,27,27,1.00000000
649,MR13 MR11 MR02 MR04 MR08 MR06 MR09 MR10 MR12 MR07 MR14,11,20,20,1.00000000
650,MR13 MR02 MR04 MR08 MR11 MR06 MR07 MR09 MR10 MR12,10,23,20,0.86956522
651,MR08 MR10 MR11 MR02 MR12 MR14 MR04 MR06 MR09 MR07 MR13,11,23,23,1.00000000
652,MR13 MR02 MR04 MR08 MR07 MR12 MR11 MR06 MR09 MR10 MR14,11,24,24,1.00000000
653,MR08 MR10 MR02 MR07 MR06 MR04 MR09 MR11 MR12 MR14 MR13,11,28,28,1.00000000
654,MR12 MR10 MR02 MR06 MR08 MR04 MR07 MR09 MR11 MR13 MR14,11,24,24,1.00000000
655,MR13 MR02 MR04 MR06 MR08 MR11 MR09 MR10 MR12 MR14,10,32,29,0.90625000
656,MR13 MR02 MR04 MR08 MR07 MR14 MR11 MR06 MR09 MR10 MR12,11,28,28,1.00000000
657,MR13 MR02 MR04 MR08 MR11 MR12 MR07 MR14 MR09 MR10 MR06,11,23,23,1.00000000
658,MR13 MR02 MR04 MR08 MR11 MR07 MR12 MR06 MR09 MR10 MR14,11,27,27,1.00000000
659,MR12 MR11 MR10 MR02 MR08 MR04 MR09 MR13 MR06 MR07 MR14,11,22,22,1.00000000
660,MR13 MR11 MR02 MR04 MR08 MR09 MR10 MR12 MR06 MR07 MR14,11,23,23,1.00000000
661,MR13 MR02 MR04 MR08 MR11 MR12 MR06 MR07 MR09 MR10 MR14,11,21,21,1.00000000
662,MR13 MR02 MR04 MR08 MR06 MR07 MR11 MR09 MR10 MR12 MR14,11,20,20,1.00000000
663,MR13 MR02 MR04 MR08 MR11 MR06 MR07 MR09 MR10 MR12 MR14,11,28,28,1.00000000
664,MR13 MR02 MR04 MR08 MR11 MR07 MR09 MR10 MR14 MR12 MR06,11,25,25,1.00000000
665,MR13 MR02 MR04 MR08 MR07 MR11 MR09 MR10 MR14 MR06 MR12,11,27,27,1.00000000
666,MR13 MR11 MR02 MR04 MR08 MR12 MR09 MR10 MR14 MR06 MR07,11,25,25,1.00000000
667,MR13 MR02 MR04 MR08 MR06 MR12 MR07 MR09 MR10 MR11 MR14,11,23,23,1.00000000
668,MR13 MR02 MR04 MR08 MR11 MR06 MR07 MR09 MR10 MR12 MR14,11,20,20,1.00000000
669,MR13 MR11 MR02 MR04 MR08 MR14 MR07 MR09 MR10 MR06 MR12,11,26,26,1.00000000
670,MR13 MR11 MR02 MR04 MR08 MR06 MR09 MR10 MR14 MR07 MR12,11,27,27,1.00000000
671,MR13 MR02 MR04 MR08 MR07 MR12 MR11 MR06 MR09 MR10 MR14,11,21,21,1.00000000
672,MR12 MR02 MR04 MR08 MR11 MR07 MR14 MR06 MR09 MR10 MR13,11,23,23,1.00000000
673,MR13 MR02 MR04 MR08 MR07 MR06 MR12 MR09 MR10 MR11 MR14,11,22,22,1.00000000
674,MR05 MR02 MR04 MR08 MR11 MR07 MR06 MR09 MR10 MR12 MR14,11,26,23,0.88461538
675,MR13 MR11 MR02 MR04 MR08 MR06 MR09 MR10 MR12 MR14 MR07,11,21,21,1.00000000
676,MR13 MR11 MR02 MR04 MR08 MR07 MR09 MR10 MR12 MR14 MR06,11,22,22,1.00000000
677,MR13 MR11 MR02 MR04 MR08 MR06 MR09 MR10 MR07 MR12 MR14,11,28,28,1.00000000
678,MR12 MR10 MR02 MR08 MR06 MR13 MR11 MR04 MR07 MR09,10,27,24,0.88888889
679,MR07 MR10 MR02 MR08 MR11 MR14 MR04 MR09 MR12 MR13 MR06,11,27,27,1.00000000
680,MR13 MR02 MR04 MR08 MR11 MR07 MR12 MR06 MR09 MR10,10,26,23,0.88461538
681,MR13 MR02 MR04 MR08 MR11 MR07 MR09 MR10 MR14 MR06 MR12,11,26,26,1.00000000
682,MR13 MR02 MR04 MR08 MR11 MR06 MR07 MR09 MR10 MR12 MR14,11,24,24,1.00000000
683,MR12 MR10 MR11 MR02 MR08 MR13 MR14 MR04 MR07 MR09 MR06,11,25,25,1.00000000
684,MR13 MR11 MR02 MR04 MR08 MR09 MR10 MR06 MR07 MR12 MR14,11,20,20,1.00000000
685,MR13 MR11 MR02 MR04 MR08 MR14 MR09 MR10 MR12 MR06 MR07,11,23,23,1.00000000
686,MR13 MR11 MR02 MR04 MR08 MR14 MR06 MR09 MR10 MR12 MR07,11,20,20,1.00000000
687,MR13 MR11 MR02 MR04 MR08 MR09 MR10 MR12 MR14 MR06 MR07,11,25,25,1.00000000
688,MR13 MR02 MR04 MR08 MR11 MR07 MR06 MR09 MR10 MR12 MR14,11,27,27,1.00000000
689,MR13 MR02 MR04 MR08 MR11 MR06 MR12 MR09 MR10 MR14 MR07,11,23,23,1.00000000
690,MR13 MR02 MR04 MR08 MR11 MR06 MR09 MR10 MR14 MR07 MR12,11,22,22,1.00000000
691,MR13 MR06 MR02 MR04 MR08 MR11 MR12 MR09 MR10,9,26,20,0.76923077
692,MR14 MR10 MR02 MR08 MR06 MR11 MR13 MR04 MR09 MR07 MR12,11,28,28,1.00000000
693,MR13 MR11 MR02 MR04 MR08 MR07 MR14 MR09 MR10 MR12 MR06,11,19,19,1.00000000
694,MR12 MR10 MR02 MR08 MR11 MR13 MR04 MR06 MR07 MR09 MR14,11,20,20,1.00000000
695,MR13 MR02 MR04 MR08 MR11 MR06 MR09 MR10 MR12 MR07 MR14,11,23,23,1.00000000
696,MR12 MR10 MR11 MR02 MR08 MR13 MR14 MR04 MR06 MR09 MR07,11,19,19,1.00000000
697,MR13 MR11 MR02 MR04 MR08 MR06 MR12 MR09 MR10 MR14 MR07,11,27,27,1.00000000
698,MR13 MR02 MR04 MR08 MR11 MR07 MR09 MR10 MR12 MR06 MR14,11,21,21,1.00000000
699,MR12 MR11 MR02 MR04 MR08 MR14 MR07 MR09 MR10 MR06 MR13,11,23,23,1.00000000
700,MR13 MR11 MR02 MR04 MR08 MR07 MR09 MR10 MR14,9,25,19,0.76000000
701,MR13 MR02 MR04 MR08 MR11 MR07 MR14 MR09 MR10 MR06 MR12,11,21,21,1.00000000
702,MR05 MR02 MR04 MR08 MR11 MR12 MR06 MR07 MR09 MR10 MR14,11,23,20,0.86956522
703,MR13 MR02 MR04 MR08 MR11 MR06 MR12 MR14 MR09 MR10 MR07,11,25,25,1.00000000
704,MR13 MR02 MR04 MR08 MR11 MR12 MR06 MR09 MR10 MR14 MR07,11,23,23,1.00000000
705,MR13 MR11 MR02 MR04 MR08 MR07 MR12 MR14 MR09 MR10,10,26,23,0.88461538
706,MR12 MR10 MR11 MR02 MR08 MR06 MR14 MR04 MR09 MR13 MR07,11,26,26,1.00000000
707,MR13 MR02 MR04 MR08 MR06 MR07 MR11 MR12 MR09 MR10 MR14,11,18,18,1.00000000
708,MR12 MR10 MR11 MR02 MR08 MR14 MR04 MR07 MR09 MR06,10,25,21,0.84000000
709,MR13 MR02 MR04 MR08 MR11 MR07 MR12 MR09 MR10 MR06 MR14,11,25,25,1.00000000
710,MR12 MR10 MR11 MR02 MR08 MR06 MR04 MR09 MR14 MR07 MR13,11,22,22,1.00000000
711,MR13 MR02 MR04 MR08 MR07 MR11 MR14 MR09 MR10 MR12 MR06,11,25,25,1.00000000
712,MR13 MR11 MR14 MR02 MR04 MR08 MR09 MR10 MR07 MR06 MR12,11,22,22,1.00000000
713,MR13 MR02 MR04 MR08 MR07 MR11 MR14 MR09 MR10 MR12 MR06,11,24,24,1.00000000
714,MR13 MR11 MR02 MR04 MR08 MR09 MR10 MR06 MR07 MR12 MR14,11,24,24,1.00000000
715,MR13 MR11 MR02 MR04 MR08 MR06 MR09 MR10 MR07 MR14 MR12,11,25,25,1.00000000
716,MR13 MR11 MR02 MR04 MR08 MR09 MR10 MR12 MR06 MR14 MR07,11,22,22,1.00000000
717,MR05 MR02 MR04 MR08 MR06 MR07 MR11 MR09 MR10 MR12 MR14,11,27,24,0.88888889
718,MR13 MR11 MR02 MR04 MR08 MR06 MR09 MR10 MR12 MR07 MR14,11,27,27,1.00000000
719,MR13 MR02 MR04 MR08 MR11 MR07 MR12 MR09 MR10 MR06 MR14,11,27,27,1.00000000
720,MR13 MR11 MR02 MR04 MR08 MR14 MR09 MR10 MR06 MR12 MR07,11,28,28,1.00000000
721,MR12 MR10 MR02 MR08 MR06 MR11 MR04 MR09 MR14 MR07 MR13,11,22,22,1.00000000
722,MR13 MR02 MR04 MR08 MR06 MR11 MR12 MR09 MR10 MR07 MR14,11,23,23,1.00000000
723,MR08 MR10 MR02 MR11 MR12 MR14 MR04 MR06 MR07 MR09 MR13,11,25,25,1.00000000
724,MR13 MR02 MR04 MR08 MR11 MR06 MR07 MR09 MR10 MR12 MR14,11,23,23,1.00000000
725,MR13 MR11 MR02 MR04 MR08 MR12 MR09 MR10 MR06 MR07 MR14,11,18,18,1.00000000
726,MR13 MR02 MR04 MR08 MR11 MR06 MR14 MR07 MR09 MR10,10,23,20,0.86956522
727,MR13 MR02 MR04 MR08 MR11 MR07 MR12 MR09 MR10 MR14 MR06,11,21,21,1.00000000
728,MR13 MR02 MR04 MR08 MR06 MR07 MR11 MR09 MR10 MR12,10,27,24,0.88888889
729,MR13 MR02 MR04 MR08 MR07 MR11 MR12 MR09 MR10 MR06 MR14,11,27,27,1.00000000
730,MR05 MR11 MR02 MR04 MR08 MR14 MR06 MR09 MR10 MR07 MR12,11,25,22,0.88000000
731,MR13 MR11 MR02 MR04 MR08 MR14 MR07 MR09 MR10 MR12 MR06,11,24,24,1.00000000
732,MR13 MR11 MR02 MR04 MR08 MR06 MR09 MR10 MR12 MR07 MR14,11,23,23,1.00000000
733,MR13 MR11 MR02 MR04 MR08 MR14 MR06 MR09 MR10 MR07 MR12,11,20,20,1.00000000
734,MR13 MR11 MR02 MR04 MR08 MR07 MR09 MR10 MR14 MR12,10,26,23,0.88461538
735,MR12 MR10 MR02 MR08 MR11 MR06 MR04 MR09 MR14 MR07 MR13,11,22,22,1.00000000
736,MR13 MR02 MR04 MR06 MR08 MR07 MR09 MR10 MR11 MR12 MR14,11,23,23,1.00000000
737,MR12 MR10 MR11 MR02 MR08 MR04 MR09 MR14 MR06 MR07 MR05,11,23,20,0.86956522
738,MR13 MR11 MR02 MR04 MR08 MR07 MR09 MR10 MR12 MR14 MR06,11,19,19,1.00000000
739,MR13 MR02 MR04 MR08 MR11 MR14 MR06 MR07 MR09 MR10 MR12,11,23,23,1.00000000
740,MR13 MR02 MR04 MR08 MR11 MR07 MR09 MR10 MR12 MR06 MR14,11,23,23,1.00000000
741,MR13 MR02 MR04 MR08 MR07 MR11 MR14 MR09 MR10 MR12 MR06,11,25,25,1.00000000
742,MR13 MR02 MR04 MR08 MR07 MR11 MR14 MR09 MR10 MR06 MR12,11,24,24,1.00000000
743,MR13 MR02 MR04 MR08 MR11 MR06 MR07 MR09 MR10 MR12 MR14,11,26,26,1.00000000
744,MR08 MR10 MR02 MR11 MR14 MR07 MR04 MR09 MR12 MR13 MR06,11,23,23,1.00000000
745,MR12 MR10 MR06 MR02 MR08 MR11 MR04 MR09 MR13 MR07 MR14,11,27,27,1.00000000
746,MR13 MR02 MR04 MR08 MR11 MR14 MR06 MR07 MR09 MR10,10,26,23,0.88461538
747,MR12 MR10 MR11 MR02 MR08 MR14 MR04 MR06 MR09 MR07 MR13,11,28,28,1.00000000
748,MR12 MR02 MR04 MR08 MR06 MR11 MR07 MR09 MR10 MR14 MR13,11,26,26,1.00000000
749,MR13 MR11 MR02 MR04 MR08 MR14 MR12 MR07 MR09 MR10 MR06,11,26,26,1.00000000
750,MR13 MR02 MR04 MR08 MR06 MR11 MR12 MR07 MR09 MR10 MR14,11,24,24,1.00000000
751,MR13 MR02 MR04 MR08 MR11 MR06 MR07 MR09 MR10 MR12 MR14,11,28,28,1.00000000
752,MR13 MR11 MR02 MR04 MR08 MR14 MR09 MR10 MR12 MR07 MR06,11,26,26,1.00000000
753,MR13 MR11 MR02 MR04 MR08 MR09 MR10 MR14 MR06 MR07,10,24,21,0.87500000
754,MR13 MR02 MR04 MR07 MR08 MR11 MR14 MR09 MR10 MR06 MR12,11,27,27,1.00000000
755,MR13 MR02 MR04 MR08 MR06 MR07 MR11 MR12 MR14 MR09 MR10,11,20,20,1.00000000
756,MR13 MR11 MR02 MR04 MR08 MR14 MR07 MR09 MR10 MR06,10,25,22,0.88000000
757,MR12 MR11 MR02 MR04 MR08 MR06 MR14 MR09 MR10 MR13 MR07,11,25,25,1.00000000
758,MR13 MR02 MR04 MR08 MR07 MR11 MR14 MR09 MR10 MR06 MR12,11,20,20,1.00000000
759,MR13 MR11 MR02 MR04 MR08 MR14 MR06 MR09 MR10 MR07 MR12,11,25,25,1.00000000
760,MR13 MR02 MR04 MR08 MR14 MR06 MR11 MR07 MR09 MR10 MR12,11,22,22,1.00000000
761,MR13 MR02 MR04 MR08 MR06 MR11 MR09 MR10 MR12 MR14 MR07,11,25,25,1.00000000
762,MR12 MR10 MR02 MR08 MR11 MR07 MR04 MR09 MR06 MR13,10,28,25,0.89285714
763,MR13 MR11 MR02 MR04 MR08 MR12 MR07 MR09 MR10 MR06,10,20,17,0.85000000
764,MR13 MR02 MR04 MR08 MR06 MR11 MR12 MR09 MR10 MR14 MR07,11,24,24,1.00000000
765,MR13 MR02 MR04 MR08 MR14 MR06 MR11 MR09 MR10 MR07 MR12,11,24,24,1.00000000
766,MR13 MR02 MR04 MR08 MR06 MR07 MR11 MR09 MR10 MR12 MR14,11,25,25,1.00000000
767,MR13 MR11 MR02 MR04 MR08 MR07 MR09 MR10 MR12 MR06 MR14,11,24,24,1.00000000
768,MR13 MR02 MR04 MR08 MR07 MR06 MR09 MR10 MR11 MR14 MR12,11,28,28,1.00000000
769,MR13 MR02 MR04 MR08 MR14 MR06 MR11 MR07 MR09 MR10 MR12,11,29,29,1.00000000
770,MR13 MR11 MR02 MR04 MR08 MR14 MR06 MR09 MR10 MR07 MR12,11,22,22,1.00000000
771,MR13 MR11 MR02 MR04 MR08 MR14 MR06 MR09 MR10 MR12 MR07,11,24,24,1.00000000
772,MR08 MR10 MR11 MR02 MR14 MR04 MR09 MR13 MR06 MR07 MR12,11,24,24,1.00000000
773,MR13 MR02 MR04 MR08 MR11 MR06 MR07 MR09 MR10 MR12 MR14,11,20,20,1.00000000
774,MR13 MR02 MR04 MR08 MR11 MR06 MR14 MR07 MR09 MR10 MR12,11,22,22,1.00000000
775,MR12 MR02 MR04 MR08 MR11 MR06 MR13 MR07 MR09 MR10 MR14,11,22,22,1.00000000
776,MR13 MR02 MR04 MR08 MR11 MR06 MR09 MR10 MR07 MR14 MR12,11,20,20,1.00000000
777,MR13 MR11 MR02 MR04 MR08 MR06 MR09 MR10 MR12 MR14 MR07,11,22,22,1.00000000
778,MR13 MR02 MR04 MR08 MR11 MR07 MR09 MR10 MR06 MR12 MR14,11,23,23,1.00000000
779,MR13 MR11 MR02 MR04 MR08 MR07 MR09 MR10 MR12 MR06 MR14,11,28,28,1.00000000
780,MR13 MR02 MR04 MR08 MR11 MR07 MR12 MR06 MR09 MR10 MR14,11,19,19,1.00000000
781,MR12 MR11 MR10 MR02 MR08 MR04 MR09 MR13 MR07 MR06 MR14,11,28,28,1.00000000
782,MR13 MR02 MR04 MR07 MR08 MR11 MR14 MR09 MR10 MR06 MR12,11,22,22,1.00000000
783,MR13 MR02 MR04 MR08 MR07 MR11 MR14 MR06 MR09 MR10 MR12,11,22,22,1.00000000
784,MR13 MR02 MR04 MR08 MR12 MR11 MR06 MR07 MR09 MR10 MR14,11,27,27,1.00000000
785,MR13 MR11 MR02 MR04 MR08 MR09 MR10 MR12 MR07 MR06 MR14,11,24,24,1.00000000
786,MR13 MR02 MR04 MR08 MR07 MR11 MR12 MR06 MR09 MR10 MR14,11,25,25,1.00000000
787,MR13 MR02 MR04 MR08 MR06 MR07 MR14 MR09 MR10 MR11 MR12,11,22,22,1.00000000
788,MR13 MR11 MR02 MR04 MR08 MR14 MR09 MR10 MR12 MR06 MR07,11,22,22,1.00000000
789,MR13 MR11 MR14 MR02 MR04 MR08 MR09 MR10 MR07 MR12 MR06,11,25,25,1.00000000
790,MR13 MR02 MR04 MR08 MR11 MR07 MR06 MR09 MR10 MR14 MR12,11,25,25,1.00000000
791,MR08 MR04 MR02 MR11 MR14 MR12 MR13 MR06 MR07 MR09 MR10,11,24,24,1.00000000
792,MR13 MR11 MR02 MR04 MR08 MR09 MR10 MR14 MR06 MR12 MR07,11,23,23,1.00000000
793,MR13 MR02 MR04 MR08 MR11 MR07 MR14 MR09 MR10 MR06 MR12,11,24,24,1.00000000
794,MR12 MR10 MR11 MR02 MR08 MR04 MR07 MR09 MR13 MR14 MR06,11,26,26,1.00000000
795,MR13 MR11 MR02 MR04 MR08 MR07 MR09 MR10 MR14 MR06 MR12,11,25,25,1.00000000
796,MR08 MR10 MR02 MR06 MR11 MR14 MR04 MR09 MR12 MR07 MR13,11,23,23,1.00000000
797,MR13 MR02 MR04 MR08 MR11 MR14 MR06 MR07 MR09 MR10 MR12,11,20,20,1.00000000
798,MR12 MR10 MR11 MR02 MR08 MR14 MR04 MR07 MR09 MR06 MR13,11,30,30,1.00000000
799,MR13 MR02 MR04 MR08 MR11 MR07 MR12 MR06 MR09 MR10 MR14,11,28,28,1.00000000
800,MR12 MR02 MR04 MR08 MR06 MR07 MR11 MR13 MR09 MR10 MR14,11,23,23,1.00000000
801,MR13 MR02 MR04 MR08 MR06 MR11 MR07 MR09 MR10 MR12 MR14,11,26,26,1.00000000
802,MR13 MR11 MR02 MR04 MR08 MR07 MR09 MR10 MR12 MR14 MR06,11,22,22,1.00000000
803,MR13 MR11 MR02 MR04 MR08 MR12 MR09 MR10 MR14 MR06,10,22,19,0.86363636
804,MR13 MR02 MR04 MR08 MR11 MR14 MR06 MR07 MR09 MR10 MR12,11,22,22,1.00000000
805,MR13 MR02 MR04 MR08 MR11 MR06 MR09 MR10 MR12 MR14 MR07,11,21,21,1.00000000
806,MR13 MR02 MR04 MR08 MR11 MR14 MR06 MR07 MR09 MR10 MR12,11,23,23,1.00000000
807,MR13 MR11 MR02 MR04 MR08 MR09 MR10 MR06 MR07 MR12 MR14,11,29,29,1.00000000
808,MR13 MR11 MR02 MR04 MR08 MR12 MR09 MR10 MR06 MR07 MR14,11,24,24,1.00000000
809,MR12 MR10 MR11 MR02 MR08 MR07 MR14 MR04 MR09 MR13 MR06,11,23,23,1.00000000
810,MR12 MR10 MR02 MR08 MR11 MR07 MR04 MR09 MR14 MR13 MR06,11,24,24,1.00000000
811,MR13 MR11 MR02 MR04 MR08 MR07 MR09 MR10 MR12 MR06 MR14,11,27,27,1.00000000
812,MR12 MR10 MR02 MR08 MR07 MR11 MR04 MR09 MR06 MR13 MR14,11,23,23,1.00000000
813,MR13 MR11 MR02 MR04 MR08 MR12 MR07 MR14 MR09 MR10 MR06,11,23,23,1.00000000
814,MR13 MR02 MR04 MR07 MR08 MR14 MR11 MR09 MR10 MR06 MR12,11,17,17,1.00000000
815,MR12 MR10 MR02 MR07 MR08 MR06 MR04 MR09 MR11 MR14 MR13,11,27,27,1.00000000
816,MR12 MR10 MR11 MR02 MR08 MR13 MR04 MR07 MR09 MR06,10,24,21,0.87500000
817,MR13 MR02 MR04 MR08 MR06 MR11 MR07 MR09 MR10 MR12,10,25,22,0.88000000
818,MR13 MR02 MR04 MR08 MR11 MR12 MR06 MR09 MR10 MR14 MR07,11,24,24,1.00000000
819,MR13 MR11 MR02 MR04 MR08 MR12 MR07 MR09 MR10 MR06 MR14,11,25,25,1.00000000
820,MR13 MR02 MR04 MR08 MR11 MR12 MR06 MR09 MR10 MR07 MR14,11,24,24,1.00000000
821,MR12 MR02 MR04 MR08 MR11 MR07 MR13 MR14 MR09 MR10 MR06,11,27,27,1.00000000
822,MR12 MR10 MR02 MR06 MR08 MR11 MR04 MR09 MR13 MR07 MR14,11,22,22,1.00000000
823,MR13 MR02 MR04 MR08 MR11 MR07 MR06 MR09 MR10 MR12 MR14,11,24,24,1.00000000
824,MR13 MR11 MR02 MR04 MR08 MR12 MR06 MR09 MR10 MR07,10,22,19,0.86363636
825,MR13 MR02 MR04 MR08 MR06 MR11 MR14 MR07 MR09 MR10 MR12,11,27,27,1.00000000
826,MR13 MR11 MR02 MR04 MR08 MR07 MR12 MR09 MR10 MR14 MR06,11,24,24,1.00000000
827,MR12 MR10 MR11 MR02 MR08 MR04 MR06 MR09 MR14 MR07 MR13,11,24,24,1.00000000
828,MR13 MR02 MR04 MR08 MR11 MR07 MR06 MR09 MR10 MR12,10,23,20,0.86956522
829,MR13 MR11 MR02 MR04 MR08 MR09 MR10 MR12 MR06 MR14,10,23,20,0.86956522
830,MR13 MR02 MR04 MR08 MR11 MR06 MR09 MR10 MR07 MR12 MR14,11,24,24,1.00000000
831,MR13 MR02 MR04 MR08 MR07 MR06 MR14 MR09 MR10 MR11 MR12,11,25,25,1.00000000
832,MR13 MR02 MR04 MR08 MR11 MR14 MR07 MR09 MR10 MR06 MR12,11,22,22,1.00000000
833,MR13 MR11 MR02 MR04 MR08 MR12 MR07 MR09 MR10 MR14,10,23,20,0.86956522
834,MR13 MR02 MR04 MR08 MR11 MR07 MR09 MR10 MR14 MR06 MR12,11,23,23,1.00000000
835,MR13 MR02 MR04 MR08 MR06 MR11 MR14 MR09 MR10 MR07 MR12,11,24,24,1.00000000
836,MR13 MR11 MR02 MR04 MR08 MR06 MR09 MR10 MR12 MR14 MR07,11,21,21,1.00000000
837,MR13 MR11 MR02 MR04 MR08 MR14 MR06 MR09 MR10 MR07 MR12,11,22,22,1.00000000
838,MR13 MR11 MR02 MR04 MR08 MR09 MR10 MR07 MR14 MR06,10,24,21,0.87500000
839,MR12 MR02 MR04 MR07 MR08 MR13 MR11 MR14 MR09 MR10 MR06,11,23,23,1.00000000
840,MR13 MR02 MR04 MR08 MR11 MR07 MR09 MR10 MR12 MR06 MR14,11,27,27,1.00000000
841,MR13 MR02 MR04 MR07 MR08 MR11 MR09 MR10 MR12 MR06 MR14,11,22,22,1.00000000
842,MR12 MR10 MR11 MR02 MR08 MR13 MR04 MR07 MR09 MR06,10,24,21,0.87500000
843,MR05 MR02 MR04 MR06 MR08 MR14 MR07 MR09 MR10 MR11 MR12,11,21,18,0.85714286
844,MR13 MR02 MR04 MR08 MR11 MR07 MR14 MR06 MR09 MR10 MR12,11,26,26,1.00000000
845,MR12 MR11 MR02 MR04 MR08 MR09 MR10 MR13 MR14 MR06 MR07,11,23,23,1.00000000
846,MR12 MR10 MR11 MR02 MR08 MR14 MR06 MR04 MR09 MR13,10,28,25,0.89285714
847,MR12 MR02 MR04 MR06 MR08 MR11 MR13 MR09 MR10 MR07 MR14,11,27,27,1.00000000
848,MR12 MR11 MR10 MR02 MR08 MR04 MR07 MR09 MR13 MR14 MR06,11,25,25,1.00000000
849,MR13 MR02 MR04 MR08 MR07 MR12 MR11 MR06 MR09 MR10 MR14,11,27,27,1.00000000
850,MR08 MR10 MR02 MR11 MR14 MR06 MR04 MR09 MR07 MR12 MR13,11,23,23,1.00000000
851,MR13 MR07 MR02 MR04 MR08 MR11 MR09 MR10 MR12 MR06 MR14,11,26,26,1.00000000
852,MR13 MR02 MR04 MR08 MR06 MR07 MR11 MR09 MR10 MR14 MR12,11,21,21,1.00000000
853,MR12 MR10 MR02 MR08 MR11 MR13 MR07 MR04 MR09 MR06,10,23,20,0.86956522
854,MR13 MR07 MR02 MR04 MR08 MR11 MR09 MR10 MR14 MR12 MR06,11,25,25,1.00000000
855,MR13 MR02 MR04 MR08 MR07 MR11 MR09 MR10 MR14 MR06 MR12,11,29,29,1.00000000
856,MR13 MR02 MR04 MR08 MR06 MR11 MR09 MR10 MR12 MR07 MR14,11,25,25,1.00000000
857,MR13 MR02 MR04 MR08 MR11 MR14 MR07 MR09 MR10 MR06 MR12,11,26,26,1.00000000
858,MR13 MR11 MR02 MR04 MR08 MR06 MR09 MR10 MR12 MR14 MR07,11,19,19,1.00000000
859,MR12 MR02 MR04 MR08 MR11 MR13 MR06 MR07 MR09 MR10 MR14,11,25,25,1.00000000
860,MR13 MR14 MR02 MR04 MR08 MR11 MR07 MR09 MR10 MR06 MR12,11,22,22,1.00000000
861,MR13 MR11 MR02 MR04 MR08 MR14 MR09 MR10 MR12 MR06 MR07,11,26,26,1.00000000
862,MR13 MR11 MR02 MR04 MR08 MR14 MR09 MR10 MR06 MR07 MR12,11,21,21,1.00000000
863,MR13 MR11 MR02 MR04 MR08 MR07 MR09 MR10 MR14 MR12 MR06,11,23,23,1.00000000
864,MR12 MR10 MR02 MR08 MR11 MR07 MR13 MR14 MR04 MR06 MR09,11,23,23,1.00000000
865,MR13 MR02 MR04 MR08 MR11 MR07 MR09 MR10 MR14 MR06,10,26,23,0.88461538
866,MR13 MR02 MR04 MR08 MR11 MR06 MR07 MR09 MR10 MR12 MR14,11,23,23,1.00000000
867,MR13 MR11 MR02 MR04 MR08 MR14 MR07 MR09 MR10 MR06 MR12,11,28,28,1.00000000
868,MR13 MR11 MR02 MR04 MR08 MR09 MR10 MR14 MR07 MR06,10,21,18,0.85714286
869,MR13 MR02 MR04 MR08 MR11 MR06 MR07 MR09 MR10 MR12 MR14,11,21,21,1.00000000
870,MR13 MR11 MR02 MR04 MR08 MR14 MR06 MR09 MR10 MR07 MR12,11,22,22,1.00000000
871,MR08 MR10 MR02 MR11 MR06 MR12 MR14 MR04 MR09 MR13 MR07,11,22,22,1.00000000
872,MR12 MR10 MR02 MR08 MR06 MR11 MR04 MR07 MR09 MR13 MR14,11,26,26,1.00000000
873,MR05 MR02 MR04 MR08 MR11 MR06 MR07 MR09 MR10 MR14 MR12,11,22,19,0.86363636
874,MR13 MR11 MR02 MR04 MR08 MR09 MR10 MR06 MR12 MR14,10,23,20,0.86956522
875,MR13 MR02 MR04 MR08 MR11 MR06 MR12 MR09 MR10 MR14 MR07,11,22,22,1.00000000
876,MR13 MR02 MR04 MR08 MR11 MR07 MR06 MR09 MR10 MR14 MR12,11,21,21,1.00000000
877,MR13 MR02 MR04 MR08 MR11 MR07 MR14 MR06 MR09 MR10 MR12,11,24,24,1.00000000
878,MR13 MR14 MR02 MR04 MR08 MR11 MR06 MR09 MR10 MR07 MR12,11,26,26,1.00000000
879,MR13 MR02 MR04 MR08 MR11 MR06 MR14 MR07 MR09 MR10 MR12,11,22,22,1.00000000
880,MR13 MR11 MR02 MR04 MR08 MR07 MR09 MR10 MR14 MR06,10,21,18,0.85714286
881,MR12 MR10 MR02 MR08 MR11 MR07 MR04 MR09 MR14 MR06 MR13,11,23,23,1.00000000
882,MR13 MR11 MR02 MR04 MR08 MR09 MR10 MR06 MR07 MR12 MR14,11,25,25,1.00000000
883,MR07 MR10 MR02 MR08 MR14 MR12 MR04 MR09 MR11 MR06 MR13,11,25,25,1.00000000
884,MR08 MR10 MR11 MR02 MR06 MR14 MR04 MR09 MR12 MR13,10,23,20,0.86956522
885,MR13 MR11 MR02 MR04 MR08 MR06 MR09 MR10 MR07 MR14,10,23,20,0.86956522
886,MR13 MR11 MR02 MR04 MR08 MR14 MR06 MR09 MR10 MR07 MR12,11,21,21,1.00000000
887,MR07 MR10 MR02 MR08 MR11 MR13 MR14 MR04 MR09 MR12,10,24,21,0.87500000
888,MR13 MR11 MR02 MR04 MR08 MR09 MR10 MR12 MR14 MR06 MR07,11,20,20,1.00000000
889,MR13 MR02 MR04 MR08 MR06 MR07 MR09 MR10 MR11 MR12 MR14,11,28,28,1.00000000
890,MR08 MR10 MR02 MR11 MR07 MR13 MR04 MR06 MR09 MR12 MR14,11,24,24,1.00000000
891,MR13 MR02 MR04 MR08 MR11 MR12 MR06 MR07 MR09 MR10 MR14,11,24,24,1.00000000
892,MR13 MR02 MR04 MR08 MR07 MR11 MR14 MR09 MR10 MR06 MR12,11,22,22,1.00000000
893,MR12 MR10 MR02 MR07 MR08 MR13 MR04 MR06 MR09 MR11 MR14,11,27,27,1.00000000
894,MR13 MR06 MR02 MR04 MR08 MR09 MR10 MR11 MR12 MR07 MR14,11,22,22,1.00000000
895,MR13 MR02 MR04 MR08 MR11 MR07 MR06 MR09 MR10 MR12 MR14,11,22,22,1.00000000
896,MR13 MR02 MR04 MR08 MR11 MR06 MR09 MR10 MR12 MR07,10,27,24,0.88888889
897,MR08 MR10 MR11 MR02 MR14 MR04 MR06 MR09 MR12 MR13 MR07,11,26,26,1.00000000
898,MR13 MR02 MR04 MR08 MR11 MR06 MR09 MR10 MR12 MR07 MR14,11,22,22,1.00000000
899,MR13 MR02 MR04 MR08 MR11 MR06 MR09 MR10 MR12 MR14 MR07,11,22,22,1.00000000
900,MR12 MR11 MR10 MR02 MR08 MR04 MR09 MR07 MR13 MR14 MR06,11,23,23,1.00000000
901,MR13 MR11 MR02 MR04 MR08 MR07 MR09 MR10 MR14 MR06 MR12,11,19,19,1.00000000
902,MR13 MR02 MR04 MR08 MR11 MR06 MR07 MR09 MR10 MR14 MR12,11,23,23,1.00000000
903,MR12 MR10 MR02 MR08 MR11 MR06 MR04 MR07 MR09 MR14 MR13,11,20,20,1.00000000
904,MR13 MR02 MR04 MR08 MR11 MR07 MR09 MR10 MR12 MR14 MR06,11,25,25,1.00000000
905,MR13 MR11 MR02 MR04 MR08 MR07 MR09 MR10 MR14 MR06,10,26,23,0.88461538
906,MR13 MR02 MR04 MR07 MR08 MR11 MR14 MR09 MR10 MR12 MR06,11,23,23,1.00000000
907,MR13 MR02 MR04 MR08 MR11 MR07 MR09 MR10 MR14 MR06,10,25,22,0.88000000
908,MR13 MR11 MR02 MR04 MR08 MR06 MR09 MR10 MR12 MR07 MR14,11,24,24,1.00000000
909,MR12 MR10 MR02 MR08 MR11 MR06 MR04 MR07 MR09 MR14,10,25,21,0.84000000
910,MR13 MR02 MR04 MR08 MR11 MR06 MR07 MR09 MR10 MR12 MR14,11,18,18,1.00000000
911,MR13 MR02 MR04 MR07 MR08 MR11 MR09 MR10 MR12 MR14,10,25,22,0.88000000
912,MR13 MR02 MR04 MR08 MR11 MR12 MR06 MR07 MR09 MR10 MR14,11,23,23,1.00000000
913,MR13 MR02 MR04 MR08 MR11 MR07 MR14 MR09 MR10 MR06 MR12,11,24,24,1.00000000
914,MR13 MR11 MR02 MR04 MR08 MR12 MR07 MR09 MR10 MR06 MR14,11,23,23,1.00000000
915,MR13 MR02 MR04 MR08 MR11 MR07 MR06 MR09 MR10 MR14 MR12,11,21,21,1.00000000
916,MR13 MR02 MR04 MR08 MR11 MR12 MR06 MR07 MR09 MR10 MR14,11,27,27,1.00000000
917,MR13 MR11 MR02 MR04 MR08 MR14 MR07 MR09 MR10 MR06,10,27,24,0.88888889
918,MR13 MR02 MR04 MR08 MR06 MR11 MR09 MR10 MR12 MR07 MR14,11,19,19,1.00000000
919,MR14 MR04 MR02 MR08 MR06 MR11 MR07 MR09 MR10 MR12 MR13,11,25,25,1.00000000
920,MR13 MR11 MR02 MR04 MR08 MR09 MR10 MR14 MR07 MR12,10,24,21,0.87500000
921,MR13 MR02 MR04 MR08 MR06 MR11 MR09 MR10 MR12 MR07 MR14,11,27,27,1.00000000
922,MR13 MR02 MR04 MR08 MR11 MR07 MR14 MR09 MR10 MR06 MR12,11,18,18,1.00000000
923,MR13 MR11 MR02 MR04 MR08 MR14 MR09 MR10 MR12 MR06 MR07,11,22,22,1.00000000
924,MR13 MR02 MR04 MR08 MR11 MR12 MR14 MR06 MR07 MR09 MR10,11,19,19,1.00000000
925,MR13 MR11 MR02 MR04 MR08 MR14 MR07 MR09 MR10 MR12,10,22,19,0.86363636
926,MR05 MR11 MR02 MR04 MR08 MR14 MR06 MR09 MR10 MR12,10,23,17,0.73913043
927,MR13 MR11 MR02 MR04 MR08 MR14 MR12 MR09 MR10 MR06 MR07,11,24,24,1.00000000
928,MR13 MR02 MR04 MR08 MR07 MR06 MR09 MR10 MR11 MR14,10,24,21,0.87500000
929,MR14 MR10 MR11 MR02 MR08 MR04 MR07 MR09 MR06 MR12 MR13,11,27,27,1.00000000
930,MR12 MR11 MR02 MR04 MR08 MR07 MR09 MR10 MR13 MR14 MR06,11,26,26,1.00000000
931,MR13 MR02 MR04 MR08 MR11 MR07 MR14 MR06 MR09 MR10 MR12,11,21,21,1.00000000
932,MR13 MR02 MR04 MR08 MR11 MR14 MR06 MR09 MR10 MR07 MR12,11,21,21,1.00000000
933,MR13 MR02 MR04 MR07 MR08 MR11 MR09 MR10 MR14 MR06 MR12,11,25,25,1.00000000
934,MR12 MR10 MR02 MR08 MR06 MR07 MR11 MR04 MR09 MR13 MR14,11,24,24,1.00000000
935,MR12 MR11 MR02 MR04 MR08 MR13 MR06 MR09 MR10 MR14 MR07,11,25,25,1.00000000
936,MR12 MR10 MR02 MR08 MR11 MR14 MR06 MR04 MR07 MR09,10,24,20,0.83333333
937,MR13 MR02 MR04 MR08 MR11 MR07 MR14 MR09 MR10 MR12 MR06,11,23,23,1.00000000
938,MR13 MR11 MR02 MR04 MR08 MR12 MR06 MR09 MR10 MR14 MR07,11,27,27,1.00000000
939,MR13 MR02 MR04 MR08 MR11 MR12 MR07 MR09 MR10 MR06 MR14,11,23,23,1.00000000
940,MR13 MR11 MR02 MR04 MR08 MR06 MR09 MR10 MR12 MR14,10,25,22,0.88000000
941,MR13 MR02 MR04 MR08 MR11 MR06 MR12 MR14 MR07 MR09 MR10,11,28,28,1.00000000
942,MR08 MR02 MR04 MR13 MR06 MR07 MR09 MR10 MR12 MR14 MR11,11,31,31,1.00000000
943,MR12 MR10 MR11 MR02 MR08 MR14 MR04 MR07 MR09 MR06 MR13,11,20,20,1.00000000
944,MR13 MR02 MR04 MR08 MR11 MR06 MR14 MR07 MR09 MR10 MR12,11,18,18,1.00000000
945,MR13 MR02 MR04 MR08 MR11 MR07 MR12 MR14 MR09 MR10 MR06,11,20,20,1.00000000
946,MR13 MR11 MR02 MR04 MR08 MR06 MR09 MR10 MR12 MR14 MR07,11,30,30,1.00000000
947,MR13 MR11 MR02 MR04 MR08 MR09 MR10 MR12 MR06 MR07 MR14,11,25,25,1.00000000
948,MR13 MR11 MR02 MR04 MR08 MR06 MR09 MR10 MR12 MR14 MR07,11,25,25,1.00000000
949,MR13 MR11 MR02 MR04 MR08 MR12 MR09 MR10 MR06 MR07 MR14,11,23,23,1.00000000
950,MR05 MR02 MR04 MR08 MR11 MR14 MR06 MR07 MR09 MR10 MR12,11,24,21,0.87500000
951,MR13 MR02 MR04 MR08 MR11 MR06 MR07 MR09 MR10 MR12 MR14,11,24,24,1.00000000
952,MR13 MR11 MR02 MR04 MR08 MR06 MR09 MR10 MR14 MR12 MR07,11,23,23,1.00000000
953,MR13 MR02 MR04 MR08 MR11 MR07 MR06 MR09 MR10 MR14,10,22,19,0.86363636
954,MR13 MR02 MR04 MR08 MR11 MR06 MR09 MR10 MR14 MR07 MR12,11,23,23,1.00000000
955,MR13 MR02 MR04 MR08 MR11 MR07 MR09 MR10 MR06 MR12 MR14,11,28,28,1.00000000
956,MR12 MR10 MR02 MR06 MR08 MR11 MR04 MR09 MR14 MR13 MR07,11,22,22,1.00000000
957,MR05 MR02 MR04 MR08 MR11 MR07 MR12 MR09 MR10 MR14 MR06,11,25,22,0.88000000
958,MR13 MR11 MR02 MR04 MR08 MR12 MR07 MR09 MR10 MR14 MR06,11,25,25,1.00000000
959,MR13 MR11 MR02 MR04 MR08 MR14 MR07 MR09 MR10 MR06,10,24,21,0.87500000
960,MR13 MR11 MR02 MR04 MR08 MR06 MR09 MR10 MR14 MR07 MR12,11,27,27,1.00000000
961,MR12 MR02 MR04 MR08 MR11 MR14 MR06 MR07 MR09 MR10 MR13,11,24,24,1.00000000
962,MR13 MR02 MR04 MR08 MR11 MR07 MR06 MR09 MR10 MR12 MR14,11,23,23,1.00000000
963,MR12 MR02 MR04 MR08 MR06 MR07 MR11 MR09 MR10 MR13 MR14,11,20,20,1.00000000
964,MR13 MR02 MR04 MR08 MR11 MR07 MR09 MR10 MR14 MR06 MR12,11,24,24,1.00000000
965,MR13 MR11 MR02 MR04 MR08 MR06 MR09 MR10 MR14 MR07 MR12,11,28,28,1.00000000
966,MR13 MR11 MR02 MR04 MR08 MR06 MR09 MR10 MR14 MR07,10,30,27,0.90000000
967,MR12 MR02 MR04 MR08 MR11 MR07 MR09 MR10 MR14 MR13 MR06,11,21,21,1.00000000
968,MR12 MR10 MR02 MR08 MR11 MR07 MR14 MR04 MR09 MR13 MR06,11,27,27,1.00000000
969,MR12 MR10 MR02 MR08 MR06 MR07 MR04 MR09 MR11 MR14 MR13,11,29,29,1.00000000
970,MR12 MR10 MR02 MR08 MR07 MR11 MR04 MR09 MR06 MR13,10,24,21,0.87500000
971,MR07 MR10 MR02 MR08 MR14 MR06 MR12 MR04 MR09 MR13 MR11,11,26,26,1.00000000
972,MR13 MR02 MR04 MR08 MR11 MR06 MR07 MR09 MR10 MR12 MR14,11,21,21,1.00000000
973,MR13 MR11 MR02 MR04 MR08 MR06 MR09 MR10 MR12 MR07 MR14,11,24,24,1.00000000
974,MR13 MR02 MR04 MR08 MR06 MR11 MR09 MR10 MR07 MR12 MR14,11,27,27,1.00000000
975,MR12 MR10 MR02 MR08 MR11 MR06 MR13 MR04 MR07 MR09 MR14,11,24,24,1.00000000
976,MR13 MR02 MR04 MR08 MR07 MR11 MR12 MR09 MR10 MR06 MR14,11,20,20,1.00000000
977,MR08 MR10 MR11 MR02 MR14 MR06 MR04 MR09 MR13 MR12 MR07,11,25,25,1.00000000
978,MR12 MR10 MR11 MR02 MR08 MR14 MR04 MR06 MR09 MR07 MR13,11,21,21,1.00000000
979,MR13 MR07 MR02 MR04 MR08 MR11 MR09 MR10 MR14 MR12,10,22,19,0.86363636
980,MR13 MR02 MR04 MR08 MR11 MR07 MR09 MR10 MR12 MR14 MR06,11,23,23,1.00000000
981,MR13 MR02 MR04 MR08 MR06 MR07 MR11 MR14 MR09 MR10 MR12,11,24,24,1.00000000
982,MR12 MR10 MR02 MR08 MR07 MR11 MR04 MR06 MR09 MR05 MR14,11,22,19,0.86363636
983,MR13 MR02 MR04 MR08 MR11 MR06 MR07 MR09 MR10 MR14 MR12,11,24,24,1.00000000
984,MR13 MR11 MR02 MR04 MR08 MR14 MR07 MR09 MR10 MR06 MR12,11,19,19,1.00000000
985,MR13 MR02 MR04 MR08 MR11 MR07 MR12 MR09 MR10 MR06 MR14,11,23,23,1.00000000
986,MR13 MR02 MR04 MR06 MR08 MR11 MR09 MR10 MR14 MR07 MR12,11,23,23,1.00000000
987,MR12 MR02 MR04 MR07 MR08 MR11 MR13 MR09 MR10 MR14 MR06,11,24,24,1.00000000
988,MR12 MR10 MR02 MR08 MR11 MR14 MR04 MR06 MR07 MR09 MR13,11,23,23,1.00000000
989,MR13 MR02 MR04 MR08 MR11 MR06 MR07 MR09 MR10 MR12 MR14,11,25,25,1.00000000
990,MR13 MR11 MR02 MR04 MR08 MR12 MR14 MR06 MR09 MR10 MR07,11,24,24,1.00000000
991,MR13 MR02 MR04 MR08 MR07 MR11 MR06 MR09 MR10 MR14,10,26,23,0.88461538
992,MR13 MR02 MR04 MR08 MR11 MR06 MR09 MR10 MR12 MR07 MR14,11,27,27,1.00000000
993,MR12 MR10 MR02 MR08 MR07 MR11 MR04 MR06 MR09 MR13 MR14,11,23,23,1.00000000
994,MR13 MR02 MR04 MR08 MR11 MR14 MR06 MR07 MR09 MR10,10,25,22,0.88000000
995,MR13 MR02 MR04 MR08 MR11 MR06 MR07 MR09 MR10 MR12,10,30,27,0.90000000
996,MR13 MR11 MR02 MR04 MR08 MR07 MR09 MR10 MR12 MR14 MR06,11,27,27,1.00000000
997,MR13 MR11 MR02 MR04 MR08 MR12 MR06 MR09 MR10 MR07 MR14,11,25,25,1.00000000
998,MR13 MR02 MR04 MR08 MR11 MR14 MR06 MR07 MR09 MR10 MR12,11,26,26,1.00000000
999,MR13 MR11 MR02 MR04 MR08 MR07 MR14 MR09 MR10 MR12 MR06,11,24,24,1.00000000
1000,MR13 MR11 MR02 MR04 MR08 MR06 MR09 MR10 MR14 MR07 MR12,11,27,27,1.00000000
1001,MR13 MR02 MR04 MR08 MR06 MR14 MR11 MR07 MR09 MR10 MR12,11,26,26,1.00000000
1002,MR12 MR10 MR02 MR08 MR11 MR07 MR04 MR09 MR06 MR13 MR14,11,25,25,1.00000000
1003,MR13 MR02 MR04 MR08 MR11 MR07 MR09 MR10 MR12 MR06 MR14,11,26,26,1.00000000
1004,MR13 MR02 MR04 MR08 MR11 MR06 MR12 MR07 MR09 MR10 MR14,11,27,27,1.00000000
1005,MR05 MR11 MR02 MR04 MR08 MR12 MR07 MR09 MR10 MR14 MR06,11,24,21,0.87500000
1006,MR12 MR10 MR11 MR02 MR08 MR04 MR06 MR09 MR13 MR07 MR14,11,26,26,1.00000000
1007,MR13 MR02 MR04 MR08 MR11 MR06 MR07 MR09 MR10 MR12,10,22,19,0.86363636
1008,MR12 MR11 MR10 MR02 MR08 MR04 MR09 MR13 MR14 MR06 MR07,11,22,22,1.00000000
1009,MR13 MR02 MR04 MR08 MR11 MR12 MR06 MR07 MR09 MR10,10,24,21,0.87500000
1010,MR12 MR10 MR02 MR08 MR06 MR07 MR11 MR14 MR04 MR09,10,23,19,0.82608696
1011,MR13 MR11 MR02 MR04 MR08 MR14 MR06 MR09 MR10 MR07 MR12,11,21,21,1.00000000
1012,MR08 MR04 MR02 MR06 MR14 MR11 MR13 MR07 MR09 MR10 MR12,11,24,24,1.00000000
1013,MR13 MR02 MR04 MR08 MR06 MR07 MR09 MR10 MR11 MR14 MR12,11,26,26,1.00000000
1014,MR13 MR02 MR04 MR08 MR06 MR11 MR07 MR09 MR10 MR12 MR14,11,27,27,1.00000000
1015,MR13 MR11 MR02 MR04 MR08 MR09 MR10 MR12 MR06 MR14,10,28,25,0.89285714
1016,MR13 MR11 MR02 MR04 MR08 MR06 MR09 MR10 MR12 MR07 MR14,11,20,20,1.00000000
1017,MR14 MR10 MR02 MR07 MR08 MR11 MR04 MR09 MR13 MR12,10,24,21,0.87500000
1018,MR13 MR02 MR04 MR08 MR11 MR14 MR06 MR07 MR09 MR10 MR12,11,21,21,1.00000000
1019,MR13 MR11 MR02 MR04 MR08 MR12 MR07 MR09 MR10 MR14 MR06,11,19,19,1.00000000
1020,MR13 MR11 MR02 MR04 MR08 MR14 MR06 MR09 MR10 MR12 MR07,11,24,24,1.00000000
1021,MR13 MR11 MR14 MR02 MR04 MR08 MR09 MR10 MR06 MR07 MR12,11,23,23,1.00000000
1022,MR13 MR02 MR04 MR08 MR11 MR06 MR07 MR09 MR10 MR12 MR14,11,25,25,1.00000000
1023,MR13 MR02 MR04 MR08 MR06 MR12 MR11 MR07 MR09 MR10,10,23,20,0.86956522
1024,MR13 MR02 MR04 MR08 MR11 MR06 MR09 MR10 MR12 MR07 MR14,11,25,25,1.00000000
1025,MR13 MR11 MR02 MR04 MR08 MR06 MR09 MR10 MR14 MR07 MR12,11,25,25,1.00000000
1026,MR13 MR02 MR04 MR08 MR11 MR14 MR06 MR07 MR09 MR10 MR12,11,23,23,1.00000000
1027,MR13 MR02 MR04 MR08 MR14 MR07 MR06 MR12 MR09 MR10 MR11,11,24,24,1.00000000
1028,MR12 MR10 MR02 MR08 MR06 MR11 MR04 MR07 MR09 MR13 MR14,11,20,20,1.00000000
1029,MR13 MR02 MR04 MR08 MR06 MR07 MR11 MR14 MR09 MR10 MR12,11,26,26,1.00000000
1030,MR13 MR11 MR02 MR04 MR08 MR14 MR07 MR09 MR10 MR06 MR12,11,28,28,1.00000000
1031,MR13 MR02 MR04 MR07 MR08 MR11 MR12 MR09 MR10 MR06 MR14,11,30,30,1.00000000
1032,MR13 MR06 MR02 MR04 MR08 MR11 MR09 MR10 MR12 MR07 MR14,11,24,24,1.00000000
1033,MR12 MR10 MR02 MR08 MR11 MR07 MR04 MR09 MR14 MR06 MR13,11,28,28,1.00000000
1034,MR12 MR10 MR02 MR08 MR06 MR11 MR14 MR04 MR09 MR07 MR13,11,27,27,1.00000000
1035,MR13 MR02 MR04 MR08 MR06 MR11 MR07 MR09 MR10 MR12 MR14,11,25,25,1.00000000
1036,MR13 MR02 MR04 MR08 MR11 MR12 MR07 MR06 MR09 MR10 MR14,11,20,20,1.00000000
1037,MR13 MR11 MR02 MR04 MR08 MR07 MR09 MR10 MR14 MR06,10,20,17,0.85000000
1038,MR13 MR11 MR02 MR04 MR08 MR12 MR06 MR09 MR10 MR07 MR14,11,23,23,1.00000000
1039,MR13 MR02 MR04 MR08 MR07 MR11 MR12 MR06 MR09 MR10 MR14,11,22,22,1.00000000
1040,MR13 MR02 MR04 MR07 MR08 MR06 MR09 MR10 MR11 MR14 MR12,11,24,24,1.00000000
1041,MR12 MR10 MR02 MR08 MR11 MR04 MR06 MR07 MR09 MR13 MR14,11,26,26,1.00000000
1042,MR13 MR11 MR02 MR04 MR08 MR07 MR12 MR14 MR09 MR10 MR06,11,17,17,1.00000000
1043,MR13 MR02 MR04 MR08 MR06 MR11 MR07 MR09 MR10 MR14 MR12,11,17,17,1.00000000
1044,MR13 MR11 MR02 MR04 MR08 MR06 MR09 MR10 MR14 MR07 MR12,11,27,27,1.00000000
1045,MR08 MR10 MR02 MR07 MR11 MR14 MR04 MR09 MR12 MR06 MR13,11,23,23,1.00000000
1046,MR08 MR10 MR11 MR02 MR14 MR13 MR04 MR06 MR09 MR12 MR07,11,27,27,1.00000000
1047,MR13 MR11 MR02 MR04 MR08 MR09 MR10 MR12 MR14 MR06,10,25,22,0.88000000
1048,MR13 MR02 MR04 MR08 MR11 MR06 MR12 MR09 MR10 MR07 MR14,11,23,23,1.00000000
1049,MR13 MR02 MR04 MR08 MR11 MR06 MR07 MR09 MR10 MR14 MR12,11,25,25,1.00000000
1050,MR13 MR02 MR04 MR08 MR14 MR06 MR11 MR09 MR10 MR07,10,25,22,0.88000000
1051,MR13 MR11 MR02 MR04 MR08 MR14 MR07 MR09 MR10 MR12,10,28,25,0.89285714
1052,MR13 MR11 MR02 MR04 MR08 MR14 MR09 MR10 MR12 MR07 MR06,11,22,22,1.00000000
1053,MR13 MR11 MR02 MR04 MR08 MR14 MR07 MR09 MR10 MR12 MR06,11,21,21,1.00000000
1054,MR13 MR02 MR04 MR08 MR11 MR07 MR14 MR06 MR09 MR10 MR12,11,19,19,1.00000000
1055,MR13 MR11 MR02 MR04 MR08 MR06 MR09 MR10 MR14 MR07 MR12,11,26,26,1.00000000
1056,MR13 MR11 MR02 MR04 MR08 MR09 MR10 MR12 MR06 MR07 MR14,11,25,25,1.00000000
1057,MR12 MR11 MR10 MR02 MR08 MR07 MR13 MR04 MR09 MR14,10,27,24,0.88888889
1058,MR13 MR02 MR04 MR08 MR06 MR11 MR12 MR09 MR10 MR14 MR07,11,22,22,1.00000000
1059,MR13 MR02 MR04 MR06 MR08 MR07 MR09 MR10 MR12 MR14 MR11,11,23,23,1.00000000
1060,MR13 MR02 MR04 MR08 MR11 MR06 MR09 MR10 MR07 MR14 MR12,11,26,26,1.00000000
1061,MR13 MR07 MR02 MR04 MR08 MR09 MR10 MR06 MR11 MR12 MR14,11,29,29,1.00000000
1062,MR12 MR10 MR02 MR08 MR06 MR11 MR04 MR07 MR09 MR14,10,26,22,0.84615385
1063,MR13 MR11 MR02 MR04 MR08 MR07 MR09 MR10 MR06 MR12 MR14,11,21,21,1.00000000
1064,MR13 MR11 MR02 MR04 MR08 MR07 MR14 MR09 MR10 MR12 MR06,11,23,23,1.00000000
1065,MR13 MR02 MR04 MR08 MR11 MR06 MR09 MR10 MR12 MR14 MR07,11,26,26,1.00000000
1066,MR13 MR02 MR04 MR08 MR11 MR06 MR09 MR10 MR14 MR07 MR12,11,26,26,1.00000000
1067,MR13 MR11 MR02 MR04 MR08 MR06 MR09 MR10 MR14 MR07,10,24,21,0.87500000
1068,MR13 MR02 MR04 MR08 MR11 MR06 MR07 MR09 MR10 MR12 MR14,11,23,23,1.00000000
1069,MR13 MR02 MR04 MR08 MR11 MR07 MR09 MR10 MR12 MR14 MR06,11,24,24,1.00000000
1070,MR12 MR11 MR10 MR02 MR08 MR13 MR04 MR06 MR09 MR14,10,26,23,0.88461538
1071,MR13 MR02 MR04 MR08 MR11 MR06 MR12 MR09 MR10 MR07 MR14,11,21,21,1.00000000
1072,MR05 MR11 MR02 MR04 MR08 MR12 MR06 MR14 MR09 MR10 MR07,11,31,28,0.90322581
1073,MR13 MR11 MR02 MR04 MR08 MR07 MR09 MR10 MR12 MR06 MR14,11,21,21,1.00000000
1074,MR13 MR11 MR02 MR04 MR08 MR07 MR14 MR09 MR10 MR12,10,22,19,0.86363636
1075,MR13 MR11 MR02 MR04 MR08 MR07 MR09 MR10 MR12 MR06 MR14,11,28,28,1.00000000
1076,MR13 MR11 MR02 MR04 MR08 MR06 MR09 MR10 MR14 MR07 MR12,11,26,26,1.00000000
1077,MR13 MR02 MR04 MR08 MR11 MR07 MR14 MR09 MR10 MR06 MR12,11,27,27,1.00000000
1078,MR13 MR02 MR04 MR08 MR06 MR07 MR12 MR09 MR10 MR14 MR11,11,28,28,1.00000000
1079,MR12 MR10 MR11 MR02 MR08 MR04 MR06 MR09 MR13 MR14 MR07,11,21,21,1.00000000
1080,MR08 MR10 MR02 MR11 MR07 MR12 MR14 MR04 MR09 MR13 MR06,11,24,24,1.00000000
1081,MR13 MR11 MR02 MR04 MR08 MR12 MR09 MR10 MR06 MR07 MR14,11,19,19,1.00000000
1082,MR08 MR11 MR02 MR04 MR12 MR14 MR07 MR09 MR10 MR13 MR06,11,24,24,1.00000000
1083,MR13 MR11 MR02 MR04 MR08 MR09 MR10 MR12 MR14 MR06 MR07,11,25,25,1.00000000
1084,MR12 MR10 MR11 MR02 MR08 MR04 MR06 MR09 MR14 MR07 MR13,11,25,25,1.00000000
1085,MR13 MR11 MR02 MR04 MR08 MR14 MR12 MR06 MR09 MR10 MR07,11,27,27,1.00000000
1086,MR12 MR10 MR02 MR06 MR08 MR11 MR14 MR04 MR09 MR13,10,22,19,0.86363636
1087,MR13 MR02 MR04 MR08 MR11 MR14 MR06 MR12 MR07 MR09 MR10,11,26,26,1.00000000
1088,MR12 MR10 MR02 MR08 MR11 MR04 MR06 MR07 MR09 MR13 MR14,11,22,22,1.00000000
1089,MR05 MR11 MR02 MR04 MR08 MR14 MR07 MR12 MR09 MR10 MR06,11,28,25,0.89285714
1090,MR13 MR02 MR04 MR08 MR11 MR07 MR14 MR09 MR10 MR06 MR12,11,25,25,1.00000000
1091,MR13 MR02 MR04 MR08 MR11 MR14 MR06 MR07 MR09 MR10 MR12,11,19,19,1.00000000
1092,MR13 MR11 MR02 MR04 MR08 MR06 MR09 MR10 MR07 MR12,10,23,20,0.86956522
1093,MR13 MR02 MR04 MR08 MR11 MR07 MR09 MR10 MR12 MR06 MR14,11,25,25,1.00000000
1094,MR13 MR11 MR02 MR04 MR08 MR14 MR06 MR09 MR10 MR07 MR12,11,20,20,1.00000000
1095,MR13 MR07 MR02 MR04 MR08 MR14 MR06 MR09 MR10 MR11 MR12,11,23,23,1.00000000
1096,MR13 MR02 MR04 MR08 MR11 MR06 MR09 MR10 MR12 MR14 MR07,11,23,23,1.00000000
1097,MR12 MR10 MR11 MR02 MR08 MR06 MR04 MR09 MR14 MR07,10,26,22,0.84615385
1098,MR13 MR11 MR02 MR04 MR08 MR14 MR06 MR09 MR10 MR12,10,28,25,0.89285714
1099,MR13 MR02 MR04 MR08 MR06 MR07 MR09 MR10 MR11 MR12 MR14,11,24,24,1.00000000
1100,MR12 MR10 MR02 MR08 MR11 MR06 MR14 MR04 MR09 MR07 MR13,11,24,24,1.00000000
1101,MR13 MR14 MR02 MR04 MR08 MR06 MR07 MR09 MR10 MR11 MR12,11,25,25,1.00000000
1102,MR13 MR02 MR04 MR07 MR08 MR11 MR14 MR12 MR09 MR10,10,22,19,0.86363636
1103,MR13 MR11 MR02 MR04 MR08 MR12 MR06 MR09 MR10 MR14 MR07,11,16,16,1.00000000
1104,MR12 MR10 MR02 MR08 MR11 MR13 MR04 MR06 MR07 MR09 MR14,11,20,20,1.00000000
1105,MR13 MR02 MR04 MR08 MR11 MR06 MR14 MR09 MR10 MR12 MR07,11,22,22,1.00000000
1106,MR12 MR11 MR10 MR02 MR08 MR13 MR04 MR09 MR06 MR14,10,25,22,0.88000000
1107,MR12 MR10 MR11 MR02 MR08 MR07 MR04 MR09 MR13 MR14 MR06,11,26,26,1.00000000
1108,MR12 MR10 MR11 MR02 MR08 MR07 MR04 MR09 MR14 MR13 MR06,11,23,23,1.00000000
1109,MR12 MR10 MR11 MR02 MR08 MR04 MR07 MR09 MR13 MR06 MR14,11,20,20,1.00000000
1110,MR12 MR02 MR04 MR08 MR07 MR11 MR13 MR09 MR10 MR06 MR14,11,26,26,1.00000000
1111,MR13 MR11 MR02 MR04 MR08 MR09 MR10 MR07 MR12 MR06,10,23,20,0.86956522
1112,MR13 MR11 MR02 MR04 MR08 MR06 MR09 MR10 MR07 MR12 MR14,11,23,23,1.00000000
1113,MR13 MR02 MR04 MR08 MR11 MR12 MR14 MR06 MR07 MR09 MR10,11,24,24,1.00000000
1114,MR13 MR11 MR02 MR04 MR08 MR06 MR09 MR10 MR12 MR14 MR07,11,25,25,1.00000000
1115,MR12 MR10 MR02 MR08 MR11 MR06 MR13 MR14 MR04 MR09 MR07,11,21,21,1.00000000
1116,MR13 MR02 MR04 MR08 MR06 MR07 MR11 MR12 MR09 MR10 MR14,11,20,20,1.00000000
1117,MR13 MR11 MR02 MR04 MR08 MR14 MR06 MR09 MR10 MR07 MR12,11,26,26,1.00000000
1118,MR13 MR11 MR02 MR04 MR08 MR09 MR10 MR06 MR12 MR07 MR14,11,25,25,1.00000000
1119,MR08 MR10 MR11 MR02 MR14 MR04 MR09 MR06 MR07 MR12,10,20,16,0.80000000
1120,MR12 MR10 MR02 MR08 MR06 MR07 MR11 MR04 MR09 MR13 MR14,11,28,28,1.00000000
1121,MR13 MR02 MR04 MR08 MR11 MR06 MR07 MR09 MR10 MR14 MR12,11,26,26,1.00000000
1122,MR12 MR10 MR02 MR06 MR08 MR11 MR13 MR04 MR09 MR14,10,31,28,0.90322581
1123,MR12 MR02 MR04 MR08 MR07 MR06 MR14 MR09 MR10 MR11 MR13,11,25,25,1.00000000
1124,MR13 MR02 MR04 MR08 MR06 MR07 MR11 MR14 MR09 MR10 MR12,11,23,23,1.00000000
1125,MR13 MR02 MR04 MR08 MR11 MR06 MR09 MR10 MR07 MR12 MR14,11,20,20,1.00000000
1126,MR13 MR02 MR04 MR08 MR07 MR11 MR09 MR10 MR14 MR06,10,21,18,0.85714286
1127,MR12 MR10 MR11 MR02 MR08 MR07 MR14 MR04 MR09 MR13 MR06,11,23,23,1.00000000
1128,MR13 MR02 MR04 MR08 MR11 MR06 MR07 MR09 MR10 MR14 MR12,11,28,28,1.00000000
1129,MR13 MR11 MR02 MR04 MR08 MR06 MR09 MR10 MR12 MR14 MR07,11,27,27,1.00000000
1130,MR13 MR11 MR02 MR04 MR08 MR14 MR07 MR09 MR10 MR06 MR12,11,24,24,1.00000000
1131,MR13 MR11 MR02 MR04 MR08 MR07 MR09 MR10 MR12 MR06 MR14,11,21,21,1.00000000
1132,MR12 MR10 MR11 MR02 MR08 MR04 MR06 MR09 MR07 MR14,10,26,22,0.84615385
1133,MR08 MR10 MR02 MR06 MR11 MR14 MR04 MR07 MR09 MR12 MR13,11,26,26,1.00000000
1134,MR13 MR02 MR04 MR08 MR07 MR11 MR12 MR06 MR09 MR10 MR14,11,24,24,1.00000000
1135,MR13 MR02 MR04 MR08 MR11 MR06 MR09 MR10 MR14 MR07 MR12,11,22,22,1.00000000
1136,MR12 MR11 MR02 MR04 MR08 MR13 MR14 MR09 MR10 MR06 MR07,11,22,22,1.00000000
1137,MR13 MR11 MR02 MR04 MR08 MR14 MR07 MR09 MR10 MR12 MR06,11,26,26,1.00000000
1138,MR13 MR11 MR02 MR04 MR08 MR14 MR09 MR10 MR12 MR06 MR07,11,21,21,1.00000000
1139,MR13 MR11 MR02 MR04 MR08 MR12 MR07 MR09 MR10 MR06 MR14,11,27,27,1.00000000
1140,MR13 MR11 MR02 MR04 MR08 MR09 MR10 MR12 MR06 MR07,10,26,23,0.88461538
1141,MR13 MR11 MR02 MR04 MR08 MR09 MR10 MR12 MR06 MR07 MR14,11,27,27,1.00000000
1142,MR13 MR11 MR02 MR04 MR08 MR09 MR10 MR12 MR06 MR07,10,24,21,0.87500000
1143,MR12 MR10 MR02 MR08 MR06 MR07 MR11 MR04 MR09 MR14 MR13,11,20,20,1.00000000
1144,MR13 MR02 MR04 MR08 MR11 MR06 MR12 MR09 MR10 MR07,10,25,22,0.88000000
1145,MR12 MR10 MR11 MR02 MR08 MR06 MR04 MR09 MR13 MR14,10,26,23,0.88461538
1146,MR13 MR02 MR04 MR08 MR11 MR06 MR07 MR09 MR10 MR12 MR14,11,23,23,1.00000000
1147,MR13 MR02 MR04 MR08 MR11 MR06 MR12 MR07 MR09 MR10 MR14,11,24,24,1.00000000
1148,MR13 MR11 MR02 MR04 MR08 MR14 MR07 MR09 MR10 MR12 MR06,11,23,23,1.00000000
1149,MR13 MR02 MR04 MR08 MR11 MR06 MR07 MR09 MR10 MR12 MR14,11,23,23,1.00000000
1150,MR13 MR02 MR04 MR08 MR11 MR07 MR14 MR09 MR10 MR06 MR12,11,25,25,1.00000000
1151,MR13 MR02 MR04 MR08 MR06 MR07 MR11 MR09 MR10 MR14,10,22,19,0.86363636
1152,MR13 MR02 MR04 MR08 MR06 MR11 MR12 MR09 MR10 MR07 MR14,11,23,23,1.00000000
1153,MR13 MR11 MR02 MR04 MR08 MR07 MR09 MR10 MR14 MR06 MR12,11,21,21,1.00000000
1154,MR13 MR02 MR04 MR08 MR11 MR07 MR12 MR14 MR09 MR10 MR06,11,27,27,1.00000000
1155,MR13 MR02 MR04 MR08 MR06 MR11 MR09 MR10 MR12 MR07 MR14,11,23,23,1.00000000
1156,MR12 MR10 MR11 MR02 MR08 MR14 MR04 MR06 MR09 MR13 MR07,11,17,17,1.00000000
1157,MR05 MR02 MR04 MR08 MR11 MR14 MR12 MR06 MR07 MR09 MR10,11,27,24,0.88888889
1158,MR13 MR11 MR02 MR04 MR08 MR09 MR10 MR07 MR06 MR12 MR14,11,29,29,1.00000000
1159,MR13 MR11 MR02 MR04 MR08 MR12 MR07 MR09 MR10 MR06 MR14,11,25,25,1.00000000
1160,MR14 MR10 MR02 MR08 MR11 MR06 MR13 MR04 MR07 MR09 MR12,11,18,18,1.00000000
1161,MR13 MR02 MR04 MR08 MR11 MR06 MR07 MR09 MR10 MR12 MR14,11,22,22,1.00000000
1162,MR13 MR02 MR04 MR08 MR11 MR07 MR09 MR10 MR14 MR06 MR12,11,24,24,1.00000000
1163,MR13 MR02 MR04 MR08 MR14 MR06 MR11 MR09 MR10 MR12 MR07,11,26,26,1.00000000
1164,MR13 MR02 MR04 MR08 MR11 MR06 MR07 MR09 MR10 MR14 MR12,11,23,23,1.00000000
1165,MR13 MR11 MR02 MR04 MR08 MR14 MR06 MR09 MR10 MR12 MR07,11,24,24,1.00000000
1166,MR13 MR11 MR02 MR04 MR08 MR12 MR06 MR09 MR10 MR14 MR07,11,23,23,1.00000000
1167,MR14 MR10 MR02 MR08 MR11 MR04 MR06 MR07 MR09 MR13 MR12,11,25,25,1.00000000
1168,MR13 MR11 MR02 MR04 MR08 MR07 MR09 MR10 MR06 MR12 MR14,11,29,29,1.00000000
1169,MR13 MR11 MR02 MR04 MR08 MR14 MR07 MR09 MR10 MR06 MR12,11,24,24,1.00000000
1170,MR13 MR11 MR02 MR04 MR08 MR14 MR09 MR10 MR12 MR06 MR07,11,23,23,1.00000000
1171,MR13 MR02 MR04 MR08 MR11 MR06 MR09 MR10 MR07 MR12 MR14,11,24,24,1.00000000
1172,MR13 MR11 MR02 MR04 MR08 MR09 MR10 MR14 MR06 MR07 MR12,11,24,24,1.00000000
1173,MR13 MR11 MR02 MR04 MR08 MR09 MR10 MR06 MR12 MR14 MR07,11,23,23,1.00000000
1174,MR06 MR10 MR02 MR08 MR13 MR04 MR09 MR12 MR14 MR07 MR11,11,26,26,1.00000000
1175,MR13 MR11 MR02 MR04 MR08 MR09 MR10 MR06 MR12 MR14,10,22,19,0.86363636
1176,MR13 MR02 MR04 MR08 MR06 MR11 MR09 MR10 MR12 MR14 MR07,11,24,24,1.00000000
1177,MR13 MR02 MR04 MR08 MR06 MR07 MR09 MR10 MR11 MR12 MR14,11,25,25,1.00000000
1178,MR13 MR02 MR04 MR08 MR06 MR07 MR11 MR14 MR09 MR10 MR12,11,24,24,1.00000000
1179,MR12 MR10 MR02 MR08 MR11 MR06 MR14 MR04 MR07 MR09 MR13,11,26,26,1.00000000
1180,MR13 MR02 MR04 MR08 MR06 MR07 MR11 MR09 MR10 MR12 MR14,11,24,24,1.00000000
1181,MR12 MR10 MR02 MR08 MR11 MR07 MR13 MR04 MR06 MR09 MR14,11,21,21,1.00000000
1182,MR13 MR11 MR02 MR04 MR08 MR07 MR09 MR10 MR12 MR14,10,26,23,0.88461538
1183,MR05 MR02 MR04 MR08 MR11 MR14 MR07 MR09 MR10 MR06 MR12,11,23,20,0.86956522
1184,MR13 MR02 MR04 MR08 MR06 MR07 MR11 MR14 MR09 MR10 MR12,11,22,22,1.00000000
1185,MR13 MR02 MR04 MR08 MR11 MR14 MR06 MR09 MR10 MR12 MR07,11,25,25,1.00000000
1186,MR13 MR02 MR04 MR08 MR11 MR06 MR09 MR10 MR07 MR12,10,25,22,0.88000000
1187,MR13 MR02 MR04 MR08 MR11 MR14 MR07 MR09 MR10 MR06 MR12,11,24,24,1.00000000
1188,MR13 MR02 MR04 MR08 MR14 MR06 MR11 MR09 MR10 MR07,10,23,20,0.86956522
1189,MR13 MR02 MR04 MR08 MR11 MR07 MR09 MR10 MR14 MR06 MR12,11,24,24,1.00000000
1190,MR13 MR02 MR04 MR08 MR07 MR12 MR06 MR09 MR10 MR11 MR14,11,25,25,1.00000000
1191,MR13 MR02 MR04 MR07 MR08 MR06 MR09 MR10 MR14 MR11 MR12,11,27,27,1.00000000
1192,MR12 MR10 MR02 MR08 MR11 MR07 MR14 MR04 MR09 MR13 MR06,11,23,23,1.00000000
1193,MR13 MR11 MR02 MR04 MR08 MR14 MR06 MR09 MR10 MR12 MR07,11,29,29,1.00000000
1194,MR13 MR02 MR04 MR08 MR11 MR07 MR09 MR10 MR12 MR14 MR06,11,20,20,1.00000000
1195,MR13 MR07 MR02 MR04 MR08 MR06 MR09 MR10 MR14 MR11 MR12,11,27,27,1.00000000
1196,MR13 MR11 MR02 MR04 MR08 MR12 MR07 MR09 MR10 MR06,10,23,20,0.86956522
1197,MR13 MR02 MR04 MR08 MR11 MR07 MR09 MR10 MR14 MR06 MR12,11,21,21,1.00000000
1198,MR13 MR02 MR04 MR08 MR07 MR14 MR11 MR06 MR09 MR10 MR12,11,24,24,1.00000000
1199,MR13 MR11 MR02 MR04 MR08 MR14 MR07 MR12 MR09 MR10 MR06,11,23,23,1.00000000
1200,MR13 MR02 MR04 MR08 MR11 MR14 MR06 MR09 MR10 MR07 MR12,11,26,26,1.00000000
1201,MR08 MR10 MR11 MR02 MR06 MR14 MR04 MR09 MR13 MR07 MR12,11,27,27,1.00000000
1202,MR13 MR11 MR02 MR04 MR08 MR07 MR09 MR10 MR12 MR06 MR14,11,24,24,1.00000000
1203,MR13 MR02 MR04 MR08 MR07 MR11 MR14 MR09 MR10 MR06 MR12,11,25,25,1.00000000
1204,MR13 MR02 MR04 MR07 MR08 MR11 MR14 MR09 MR10 MR12,10,22,19,0.86363636
1205,MR13 MR11 MR02 MR04 MR08 MR06 MR09 MR10 MR12 MR07 MR14,11,26,26,1.00000000
1206,MR13 MR02 MR04 MR08 MR11 MR07 MR09 MR10 MR12 MR06 MR14,11,20,20,1.00000000
1207,MR13 MR11 MR02 MR04 MR08 MR06 MR14 MR09 MR10 MR12,10,27,24,0.88888889
1208,MR13 MR02 MR04 MR08 MR11 MR14 MR07 MR09 MR10 MR06 MR12,11,25,25,1.00000000
1209,MR12 MR11 MR10 MR02 MR08 MR13 MR04 MR09 MR06 MR07 MR14,11,25,25,1.00000000
1210,MR13 MR02 MR04 MR08 MR11 MR14 MR06 MR07 MR09 MR10 MR12,11,21,21,1.00000000
1211,MR13 MR11 MR02 MR04 MR08 MR14 MR07 MR09 MR10 MR06 MR12,11,21,21,1.00000000
1212,MR13 MR11 MR02 MR04 MR08 MR06 MR09 MR10 MR14 MR07 MR12,11,20,20,1.00000000
1213,MR13 MR11 MR02 MR04 MR08 MR07 MR09 MR10 MR12 MR14 MR06,11,26,26,1.00000000
1214,MR13 MR02 MR04 MR08 MR11 MR14 MR06 MR07 MR09 MR10,10,26,23,0.88461538
1215,MR13 MR02 MR04 MR08 MR06 MR07 MR12 MR14 MR09 MR10 MR11,11,28,28,1.00000000
1216,MR12 MR02 MR04 MR08 MR06 MR07 MR09 MR10 MR11 MR14 MR13,11,26,26,1.00000000
1217,MR08 MR10 MR11 MR02 MR13 MR04 MR09 MR12 MR14 MR06 MR07,11,24,24,1.00000000
1218,MR13 MR11 MR02 MR04 MR08 MR12 MR07 MR09 MR10 MR06 MR14,11,25,25,1.00000000
1219,MR13 MR11 MR02 MR04 MR08 MR14 MR09 MR10 MR07 MR06,10,24,21,0.87500000
1220,MR08 MR10 MR02 MR14 MR06 MR11 MR04 MR07 MR09 MR13 MR12,11,24,24,1.00000000
1221,MR13 MR02 MR04 MR08 MR11 MR14 MR06 MR07 MR09 MR10 MR12,11,26,26,1.00000000
1222,MR13 MR02 MR04 MR08 MR11 MR06 MR07 MR09 MR10 MR12 MR14,11,21,21,1.00000000
1223,MR13 MR02 MR04 MR08 MR14 MR06 MR07 MR11 MR09 MR10 MR12,11,27,27,1.00000000
1224,MR13 MR02 MR04 MR08 MR11 MR06 MR07 MR09 MR10 MR12 MR14,11,27,27,1.00000000
1225,MR13 MR02 MR04 MR08 MR06 MR11 MR07 MR09 MR10 MR14 MR12,11,21,21,1.00000000
1226,MR13 MR02 MR04 MR08 MR11 MR06 MR07 MR09 MR10 MR14 MR12,11,22,22,1.00000000
1227,MR13 MR02 MR04 MR08 MR11 MR07 MR09 MR10 MR14 MR06 MR12,11,23,23,1.00000000
1228,MR13 MR11 MR02 MR04 MR08 MR06 MR12 MR09 MR10 MR07 MR14,11,20,20,1.00000000
1229,MR12 MR10 MR02 MR08 MR11 MR06 MR13 MR04 MR07 MR09 MR14,11,21,21,1.00000000
1230,MR13 MR02 MR04 MR08 MR11 MR12 MR06 MR07 MR09 MR10 MR14,11,25,25,1.00000000
1231,MR08 MR10 MR02 MR14 MR11 MR12 MR07 MR04 MR06 MR09 MR13,11,26,26,1.00000000
1232,MR08 MR10 MR11 MR02 MR14 MR12 MR04 MR07 MR09 MR13 MR06,11,24,24,1.00000000
1233,MR14 MR10 MR02 MR08 MR11 MR06 MR04 MR07 MR09 MR12 MR13,11,28,28,1.00000000
1234,MR13 MR11 MR02 MR04 MR08 MR09 MR10 MR06 MR07 MR14,10,22,19,0.86363636
1235,MR13 MR02 MR04 MR08 MR11 MR06 MR07 MR09 MR10 MR12,10,22,19,0.86363636
1236,MR13 MR11 MR02 MR04 MR08 MR09 MR10 MR12 MR06 MR14 MR07,11,19,19,1.00000000
1237,MR13 MR02 MR04 MR08 MR11 MR06 MR07 MR09 MR10 MR12,10,23,20,0.86956522
1238,MR13 MR11 MR02 MR04 MR08 MR06 MR14 MR09 MR10 MR07 MR12,11,27,27,1.00000000
1239,MR13 MR02 MR04 MR08 MR11 MR07 MR06 MR09 MR10 MR14 MR12,11,23,23,1.00000000
1240,MR13 MR11 MR02 MR04 MR08 MR07 MR09 MR10 MR14 MR06 MR12,11,26,26,1.00000000
1241,MR13 MR02 MR04 MR07 MR08 MR12 MR14 MR06 MR09 MR10 MR11,11,21,21,1.00000000
1242,MR13 MR02 MR04 MR08 MR06 MR07 MR11 MR09 MR10 MR12,10,26,23,0.88461538
1243,MR13 MR02 MR04 MR08 MR06 MR11 MR07 MR09 MR10 MR12 MR14,11,27,27,1.00000000
1244,MR13 MR11 MR02 MR04 MR08 MR14 MR06 MR09 MR10 MR12,10,25,22,0.88000000
1245,MR13 MR11 MR02 MR04 MR08 MR07 MR09 MR10 MR14 MR06 MR12,11,24,24,1.00000000
1246,MR08 MR10 MR02 MR11 MR12 MR06 MR04 MR07 MR09 MR13 MR14,11,23,23,1.00000000
1247,MR13 MR11 MR02 MR04 MR08 MR12 MR09 MR10 MR06 MR07,10,28,25,0.89285714
1248,MR12 MR10 MR02 MR08 MR11 MR06 MR04 MR09 MR07 MR14,10,26,22,0.84615385
1249,MR13 MR11 MR02 MR04 MR08 MR07 MR14 MR09 MR10 MR12,10,29,26,0.89655172
1250,MR12 MR11 MR02 MR04 MR08 MR09 MR10 MR13 MR07 MR14 MR06,11,21,21,1.00000000
1251,MR12 MR10 MR11 MR02 MR08 MR07 MR04 MR09 MR13 MR14 MR06,11,25,25,1.00000000
1252,MR13 MR02 MR04 MR08 MR06 MR07 MR11 MR09 MR10 MR12 MR14,11,26,26,1.00000000
1253,MR08 MR10 MR02 MR07 MR11 MR04 MR09 MR12 MR06 MR14 MR13,11,23,23,1.00000000
1254,MR13 MR02 MR04 MR08 MR11 MR07 MR14 MR09 MR10 MR06 MR12,11,23,23,1.00000000
1255,MR13 MR02 MR04 MR07 MR08 MR14 MR06 MR09 MR10 MR11 MR12,11,28,28,1.00000000
1256,MR13 MR02 MR04 MR06 MR08 MR11 MR09 MR10 MR14 MR07 MR12,11,25,25,1.00000000
1257,MR13 MR02 MR04 MR06 MR08 MR07 MR09 MR10 MR11 MR12 MR14,11,20,20,1.00000000
1258,MR13 MR02 MR04 MR08 MR11 MR07 MR09 MR10 MR14 MR06 MR12,11,17,17,1.00000000
1259,MR13 MR02 MR04 MR08 MR11 MR07 MR12 MR09 MR10 MR06 MR14,11,23,23,1.00000000
1260,MR12 MR10 MR02 MR08 MR11 MR07 MR04 MR06 MR09 MR13 MR14,11,20,20,1.00000000
1261,MR13 MR02 MR04 MR08 MR11 MR07 MR09 MR10 MR12 MR06 MR14,11,24,24,1.00000000
1262,MR13 MR11 MR02 MR04 MR08 MR09 MR10 MR14 MR06 MR07 MR12,11,27,27,1.00000000
1263,MR13 MR02 MR04 MR08 MR07 MR14 MR11 MR12 MR06 MR09 MR10,11,26,26,1.00000000
1264,MR13 MR11 MR02 MR04 MR08 MR07 MR09 MR10 MR12 MR06 MR14,11,23,23,1.00000000
1265,MR12 MR10 MR02 MR08 MR11 MR06 MR04 MR09 MR07 MR14 MR13,11,25,25,1.00000000
1266,MR13 MR02 MR04 MR08 MR07 MR06 MR09 MR10 MR11 MR14 MR12,11,24,24,1.00000000
1267,MR13 MR02 MR04 MR08 MR07 MR06 MR09 MR10 MR11 MR14 MR12,11,22,22,1.00000000
1268,MR12 MR10 MR02 MR08 MR06 MR07 MR11 MR14 MR04 MR09 MR13,11,23,23,1.00000000
1269,MR13 MR02 MR04 MR08 MR11 MR06 MR14 MR09 MR10 MR12 MR07,11,20,20,1.00000000
1270,MR13 MR11 MR02 MR04 MR08 MR12 MR06 MR09 MR10 MR07 MR14,11,22,22,1.00000000
1271,MR13 MR02 MR04 MR08 MR06 MR07 MR12 MR09 MR10 MR14 MR11,11,22,22,1.00000000
1272,MR08 MR10 MR02 MR06 MR11 MR12 MR13 MR14 MR04 MR07 MR09,11,27,27,1.00000000
1273,MR12 MR10 MR02 MR08 MR11 MR06 MR04 MR07 MR09 MR14 MR13,11,19,19,1.00000000
1274,MR13 MR02 MR04 MR08 MR11 MR07 MR09 MR10 MR12 MR14 MR06,11,26,26,1.00000000
1275,MR08 MR10 MR02 MR14 MR11 MR06 MR12 MR04 MR07 MR09 MR13,11,26,26,1.00000000
1276,MR13 MR02 MR04 MR08 MR11 MR12 MR06 MR07 MR09 MR10 MR14,11,26,26,1.00000000
1277,MR13 MR11 MR02 MR04 MR08 MR14 MR06 MR09 MR10 MR07 MR12,11,17,17,1.00000000
1278,MR05 MR11 MR02 MR04 MR08 MR09 MR10 MR06 MR07 MR14 MR12,11,28,25,0.89285714
1279,MR13 MR11 MR02 MR04 MR08 MR14 MR09 MR10 MR07,9,26,20,0.76923077
1280,MR13 MR02 MR04 MR08 MR12 MR06 MR07 MR11 MR09 MR10,10,23,20,0.86956522
1281,MR13 MR02 MR04 MR08 MR11 MR14 MR07 MR06 MR09 MR10 MR12,11,19,19,1.00000000
1282,MR13 MR02 MR04 MR08 MR07 MR11 MR14 MR06 MR09 MR10 MR12,11,23,23,1.00000000
1283,MR13 MR02 MR04 MR08 MR06 MR11 MR09 MR10 MR12 MR07 MR14,11,21,21,1.00000000
1284,MR13 MR11 MR02 MR04 MR08 MR12 MR06 MR09 MR10 MR14 MR07,11,29,29,1.00000000
1285,MR13 MR02 MR04 MR08 MR11 MR06 MR09 MR10 MR12 MR14 MR07,11,24,24,1.00000000
1286,MR13 MR02 MR04 MR08 MR11 MR06 MR14 MR07 MR09 MR10 MR12,11,21,21,1.00000000
1287,MR13 MR11 MR02 MR04 MR08 MR07 MR09 MR10 MR12 MR06,10,29,26,0.89655172
1288,MR13 MR02 MR04 MR08 MR11 MR12 MR06 MR07 MR09 MR10 MR14,11,28,28,1.00000000
1289,MR13 MR02 MR04 MR08 MR11 MR06 MR09 MR10 MR07 MR12 MR14,11,23,23,1.00000000
1290,MR08 MR10 MR02 MR11 MR06 MR14 MR12 MR04 MR09 MR13 MR07,11,25,25,1.00000000
1291,MR13 MR14 MR02 MR04 MR08 MR11 MR06 MR07 MR09 MR10,10,28,25,0.89285714
1292,MR13 MR11 MR02 MR04 MR08 MR14 MR06 MR09 MR10 MR12 MR07,11,21,21,1.00000000
1293,MR13 MR02 MR04 MR08 MR11 MR06 MR14 MR09 MR10 MR12 MR07,11,20,20,1.00000000
1294,MR08 MR11 MR02 MR04 MR12 MR13 MR09 MR10 MR14 MR07 MR06,11,25,25,1.00000000
1295,MR12 MR10 MR02 MR08 MR11 MR14 MR07 MR04 MR09 MR06,10,23,19,0.82608696
1296,MR08 MR10 MR11 MR02 MR14 MR12 MR04 MR09 MR07 MR06 MR13,11,19,19,1.00000000
1297,MR13 MR02 MR04 MR07 MR08 MR12 MR06 MR09 MR10 MR11 MR14,11,29,29,1.00000000
1298,MR12 MR02 MR04 MR08 MR11 MR14 MR06 MR07 MR09 MR10 MR13,11,18,18,1.00000000
1299,MR13 MR02 MR04 MR06 MR08 MR11 MR09 MR10 MR14 MR12 MR07,11,23,23,1.00000000
1300,MR13 MR11 MR14 MR02 MR04 MR08 MR09 MR10 MR12 MR06,10,24,21,0.87500000
1301,MR13 MR11 MR02 MR04 MR08 MR14 MR06 MR09 MR10 MR12 MR07,11,26,26,1.00000000
1302,MR13 MR11 MR02 MR04 MR08 MR09 MR10 MR12 MR14 MR06 MR07,11,22,22,1.00000000
1303,MR13 MR06 MR02 MR04 MR08 MR11 MR09 MR10 MR14 MR12,10,27,24,0.88888889
1304,MR13 MR11 MR02 MR04 MR08 MR12 MR06 MR09 MR10 MR07 MR14,11,25,25,1.00000000
1305,MR13 MR07 MR02 MR04 MR08 MR12 MR11 MR09 MR10 MR14,10,26,23,0.88461538
1306,MR13 MR02 MR04 MR08 MR11 MR07 MR06 MR09 MR10 MR14 MR12,11,22,22,1.00000000
1307,MR13 MR02 MR04 MR06 MR08 MR11 MR09 MR10 MR12 MR07 MR14,11,22,22,1.00000000
1308,MR12 MR10 MR11 MR02 MR08 MR06 MR14 MR04 MR09 MR07 MR13,11,22,22,1.00000000
1309,MR13 MR02 MR04 MR08 MR06 MR11 MR09 MR10 MR07 MR12 MR14,11,22,22,1.00000000
1310,MR13 MR02 MR04 MR06 MR08 MR11 MR09 MR10 MR12 MR07 MR14,11,21,21,1.00000000
1311,MR13 MR02 MR04 MR08 MR07 MR14 MR11 MR12 MR06 MR09 MR10,11,25,25,1.00000000
1312,MR13 MR02 MR04 MR08 MR11 MR06 MR07 MR09 MR10 MR12 MR14,11,25,25,1.00000000
1313,MR13 MR11 MR02 MR04 MR08 MR14 MR07 MR09 MR10 MR06 MR12,11,28,28,1.00000000
1314,MR13 MR02 MR04 MR08 MR06 MR11 MR09 MR10 MR14 MR07 MR12,11,25,25,1.00000000
1315,MR13 MR14 MR02 MR04 MR08 MR06 MR11 MR09 MR10 MR07,10,27,24,0.88888889
1316,MR08 MR10 MR02 MR11 MR07 MR04 MR09 MR12 MR14 MR06 MR13,11,20,20,1.00000000
1317,MR13 MR02 MR04 MR08 MR11 MR06 MR12 MR14 MR07 MR09 MR10,11,21,21,1.00000000
1318,MR13 MR06 MR02 MR04 MR08 MR09 MR10 MR11 MR12 MR07 MR14,11,27,27,1.00000000
1319,MR13 MR11 MR02 MR04 MR08 MR12 MR09 MR10 MR06 MR07 MR14,11,18,18,1.00000000
1320,MR12 MR02 MR04 MR08 MR11 MR06 MR09 MR10 MR14 MR07 MR13,11,26,26,1.00000000
1321,MR08 MR10 MR02 MR12 MR11 MR13 MR06 MR14 MR04 MR07 MR09,11,23,23,1.00000000
1322,MR13 MR11 MR02 MR04 MR08 MR09 MR10 MR06 MR07 MR12 MR14,11,25,25,1.00000000
1323,MR06 MR10 MR02 MR08 MR13 MR04 MR09 MR11 MR12 MR14 MR07,11,28,28,1.00000000
1324,MR13 MR02 MR04 MR08 MR11 MR07 MR14 MR09 MR10 MR06,10,23,20,0.86956522
1325,MR13 MR02 MR04 MR07 MR08 MR11 MR12 MR09 MR10 MR14 MR06,11,23,23,1.00000000
1326,MR13 MR02 MR04 MR08 MR11 MR07 MR06 MR09 MR10 MR12 MR14,11,24,24,1.00000000
1327,MR13 MR02 MR04 MR07 MR08 MR11 MR09 MR10 MR14 MR06 MR12,11,25,25,1.00000000
1328,MR13 MR02 MR04 MR08 MR14 MR11 MR07 MR06 MR09 MR10 MR12,11,26,26,1.00000000
1329,MR13 MR11 MR02 MR04 MR08 MR06 MR09 MR10 MR12 MR14,10,25,22,0.88000000
1330,MR13 MR11 MR02 MR04 MR08 MR06 MR09 MR10 MR14 MR07 MR12,11,26,26,1.00000000
1331,MR13 MR07 MR02 MR04 MR08 MR11 MR09 MR10 MR12 MR14,10,30,27,0.90000000
1332,MR13 MR02 MR04 MR08 MR14 MR11 MR06 MR07 MR09 MR10 MR12,11,29,29,1.00000000
1333,MR12 MR10 MR02 MR08 MR07 MR13 MR11 MR04 MR06 MR09 MR14,11,21,21,1.00000000
1334,MR13 MR11 MR02 MR04 MR08 MR12 MR09 MR10 MR06 MR07 MR14,11,24,24,1.00000000
1335,MR13 MR11 MR02 MR04 MR08 MR09 MR10 MR14 MR06 MR07 MR12,11,21,21,1.00000000
1336,MR13 MR02 MR04 MR08 MR11 MR14 MR07 MR09 MR10 MR12 MR06,11,24,24,1.00000000
1337,MR13 MR11 MR02 MR04 MR08 MR07 MR09 MR10 MR14 MR12 MR06,11,23,23,1.00000000
1338,MR13 MR14 MR02 MR04 MR08 MR11 MR07 MR06 MR09 MR10 MR12,11,26,26,1.00000000
1339,MR13 MR02 MR04 MR08 MR07 MR11 MR09 MR10 MR12 MR06,10,26,23,0.88461538
1340,MR13 MR02 MR04 MR08 MR11 MR07 MR09 MR10 MR14 MR06 MR12,11,27,27,1.00000000
1341,MR13 MR11 MR02 MR04 MR08 MR14 MR07 MR09 MR10 MR06 MR12,11,24,24,1.00000000
1342,MR13 MR02 MR04 MR08 MR14 MR06 MR11 MR09 MR10 MR07 MR12,11,25,25,1.00000000
1343,MR12 MR11 MR02 MR04 MR08 MR07 MR14 MR09 MR10 MR13,10,24,21,0.87500000
1344,MR08 MR10 MR02 MR11 MR14 MR06 MR13 MR04 MR09 MR12 MR07,11,19,19,1.00000000
1345,MR14 MR10 MR11 MR02 MR08 MR04 MR07 MR09 MR12 MR06,10,24,20,0.83333333
1346,MR13 MR02 MR04 MR08 MR11 MR07 MR09 MR10 MR06 MR12 MR14,11,26,26,1.00000000
1347,MR13 MR11 MR02 MR04 MR08 MR14 MR06 MR09 MR10 MR07,10,23,20,0.86956522
1348,MR13 MR11 MR02 MR04 MR08 MR09 MR10 MR12 MR14 MR07,10,25,22,0.88000000
1349,MR13 MR11 MR02 MR04 MR08 MR07 MR09 MR10 MR14 MR06 MR12,11,23,23,1.00000000
1350,MR13 MR11 MR02 MR04 MR08 MR07 MR09 MR10 MR12 MR06 MR14,11,23,23,1.00000000
1351,MR12 MR10 MR02 MR08 MR11 MR14 MR04 MR06 MR07 MR09 MR13,11,26,26,1.00000000
1352,MR12 MR02 MR04 MR08 MR11 MR06 MR09 MR10 MR07 MR13 MR14,11,24,24,1.00000000
1353,MR13 MR02 MR04 MR08 MR11 MR06 MR09 MR10 MR12 MR07 MR14,11,23,23,1.00000000
1354,MR05 MR11 MR02 MR04 MR08 MR14 MR06 MR09 MR10 MR07 MR12,11,28,25,0.89285714
1355,MR13 MR02 MR04 MR08 MR07 MR11 MR12 MR09 MR10 MR06 MR14,11,23,23,1.00000000
1356,MR12 MR10 MR11 MR02 MR08 MR14 MR04 MR07 MR09 MR06 MR13,11,25,25,1.00000000
1357,MR13 MR11 MR02 MR04 MR08 MR06 MR09 MR10 MR14 MR12,10,26,23,0.88461538
1358,MR13 MR02 MR04 MR08 MR11 MR07 MR09 MR10 MR14 MR12 MR06,11,24,24,1.00000000
1359,MR13 MR02 MR04 MR08 MR11 MR06 MR12 MR09 MR10 MR07 MR14,11,24,24,1.00000000
1360,MR13 MR02 MR04 MR08 MR11 MR07 MR09 MR10 MR06 MR14 MR12,11,22,22,1.00000000
1361,MR13 MR11 MR02 MR04 MR08 MR14 MR09 MR10 MR06 MR12,10,24,21,0.87500000
1362,MR13 MR02 MR04 MR08 MR11 MR12 MR06 MR07 MR09 MR10 MR14,11,22,22,1.00000000
1363,MR08 MR10 MR11 MR02 MR14 MR04 MR07 MR09 MR12 MR06 MR13,11,24,24,1.00000000
1364,MR13 MR11 MR02 MR04 MR08 MR09 MR10 MR14 MR06 MR07,10,24,21,0.87500000
1365,MR13 MR02 MR04 MR08 MR11 MR14 MR06 MR07 MR09 MR10 MR12,11,26,26,1.00000000
1366,MR12 MR10 MR02 MR08 MR06 MR11 MR14 MR04 MR09 MR07 MR13,11,23,23,1.00000000
1367,MR12 MR02 MR04 MR08 MR07 MR11 MR09 MR10 MR14 MR06 MR13,11,22,22,1.00000000
1368,MR13 MR02 MR04 MR08 MR06 MR07 MR11 MR12 MR09 MR10 MR14,11,24,24,1.00000000
1369,MR13 MR11 MR02 MR04 MR08 MR07 MR09 MR10 MR12 MR06 MR14,11,20,20,1.00000000
1370,MR13 MR11 MR02 MR04 MR08 MR06 MR09 MR10 MR12 MR14 MR07,11,28,28,1.00000000
1371,MR12 MR02 MR04 MR08 MR06 MR11 MR14 MR09 MR10 MR07 MR13,11,25,25,1.00000000
1372,MR07 MR10 MR02 MR08 MR11 MR13 MR04 MR09 MR12 MR14,10,28,25,0.89285714
1373,MR13 MR11 MR02 MR04 MR08 MR07 MR09 MR10 MR12 MR06 MR14,11,32,32,1.00000000
1374,MR13 MR11 MR02 MR04 MR08 MR06 MR09 MR10 MR12 MR14 MR07,11,23,23,1.00000000
1375,MR13 MR11 MR02 MR04 MR08 MR14 MR07 MR09 MR10 MR12 MR06,11,27,27,1.00000000
1376,MR13 MR02 MR04 MR08 MR11 MR06 MR09 MR10 MR07 MR14 MR12,11,22,22,1.00000000
1377,MR13 MR06 MR02 MR04 MR08 MR07 MR09 MR10 MR11 MR12 MR14,11,25,25,1.00000000
1378,MR13 MR07 MR02 MR04 MR08 MR11 MR14 MR09 MR10 MR12 MR06,11,26,26,1.00000000
1379,MR13 MR02 MR04 MR08 MR11 MR12 MR07 MR06 MR09 MR10 MR14,11,21,21,1.00000000
1380,MR13 MR11 MR02 MR04 MR08 MR14 MR12 MR06 MR09 MR10 MR07,11,24,24,1.00000000
1381,MR13 MR11 MR02 MR04 MR08 MR12 MR09 MR10 MR14 MR06 MR07,11,21,21,1.00000000
1382,MR13 MR02 MR04 MR08 MR06 MR07 MR11 MR09 MR10 MR12 MR14,11,23,23,1.00000000
1383,MR13 MR02 MR04 MR08 MR11 MR07 MR06 MR09 MR10 MR12 MR14,11,23,23,1.00000000
1384,MR13 MR11 MR02 MR04 MR08 MR14 MR07 MR09 MR10 MR06 MR12,11,25,25,1.00000000
1385,MR13 MR02 MR04 MR08 MR11 MR06 MR14 MR07 MR09 MR10 MR12,11,23,23,1.00000000
1386,MR13 MR02 MR04 MR08 MR11 MR14 MR06 MR09 MR10 MR07 MR12,11,20,20,1.00000000
1387,MR13 MR02 MR04 MR08 MR11 MR14 MR07 MR06 MR09 MR10 MR12,11,25,25,1.00000000
1388,MR13 MR02 MR04 MR07 MR08 MR14 MR11 MR09 MR10 MR12 MR06,11,22,22,1.00000000
1389,MR08 MR04 MR11 MR02 MR12 MR13 MR14 MR06 MR09 MR10 MR07,11,27,27,1.00000000
1390,MR13 MR02 MR04 MR08 MR14 MR11 MR06 MR07 MR09 MR10 MR12,11,25,25,1.00000000
1391,MR13 MR02 MR04 MR07 MR08 MR11 MR14 MR09 MR10 MR12 MR06,11,23,23,1.00000000
1392,MR13 MR11 MR02 MR04 MR08 MR06 MR09 MR10 MR07 MR12 MR14,11,23,23,1.00000000
1393,MR13 MR02 MR04 MR08 MR11 MR07 MR14 MR09 MR10 MR06 MR12,11,20,20,1.00000000
1394,MR13 MR11 MR02 MR04 MR08 MR07 MR09 MR10 MR14 MR06,10,21,18,0.85714286
1395,MR08 MR10 MR02 MR14 MR11 MR07 MR04 MR06 MR09 MR12 MR13,11,21,21,1.00000000
1396,MR14 MR10 MR02 MR08 MR11 MR06 MR04 MR07 MR09 MR12 MR13,11,27,27,1.00000000
1397,MR13 MR11 MR02 MR04 MR08 MR12 MR09 MR10 MR06 MR14 MR07,11,26,26,1.00000000
1398,MR12 MR10 MR02 MR08 MR11 MR04 MR06 MR07 MR09 MR13 MR14,11,21,21,1.00000000
1399,MR08 MR10 MR02 MR11 MR07 MR12 MR04 MR09 MR13 MR14 MR06,11,26,26,1.00000000
1400,MR13 MR11 MR02 MR04 MR08 MR12 MR09 MR10 MR14 MR06 MR07,11,25,25,1.00000000
1401,MR13 MR11 MR02 MR04 MR08 MR14 MR06 MR09 MR10 MR07 MR12,11,25,25,1.00000000
1402,MR08 MR10 MR11 MR02 MR14 MR04 MR06 MR09 MR13 MR07 MR12,11,23,23,1.00000000
1403,MR08 MR04 MR11 MR02 MR09 MR10 MR12 MR13 MR06 MR07 MR14,11,23,23,1.00000000
1404,MR13 MR02 MR04 MR08 MR11 MR07 MR14 MR09 MR10 MR12 MR06,11,21,21,1.00000000
1405,MR12 MR10 MR11 MR02 MR08 MR14 MR04 MR06 MR09 MR07,10,24,20,0.83333333
1406,MR13 MR02 MR04 MR08 MR06 MR14 MR07 MR09 MR10 MR11 MR12,11,27,27,1.00000000
1407,MR13 MR02 MR04 MR08 MR11 MR07 MR14 MR09 MR10 MR12 MR06,11,27,27,1.00000000
1408,MR13 MR02 MR04 MR08 MR11 MR06 MR09 MR10 MR07 MR12 MR14,11,28,28,1.00000000
1409,MR13 MR02 MR04 MR08 MR07 MR11 MR12 MR06 MR09 MR10 MR14,11,26,26,1.00000000
1410,MR13 MR02 MR04 MR08 MR07 MR11 MR06 MR09 MR10 MR12 MR14,11,20,20,1.00000000
1411,MR12 MR02 MR04 MR08 MR07 MR11 MR14 MR09 MR10 MR06 MR13,11,25,25,1.00000000
1412,MR13 MR02 MR04 MR08 MR11 MR06 MR07 MR09 MR10 MR14 MR12,11,20,20,1.00000000
1413,MR13 MR11 MR02 MR04 MR08 MR14 MR06 MR09 MR10 MR07 MR12,11,24,24,1.00000000
1414,MR13 MR02 MR04 MR08 MR14 MR11 MR06 MR07 MR09 MR10 MR12,11,27,27,1.00000000
1415,MR13 MR02 MR04 MR08 MR06 MR11 MR14 MR09 MR10 MR12 MR07,11,23,23,1.00000000
1416,MR13 MR11 MR02 MR04 MR08 MR14 MR07 MR09 MR10 MR06 MR12,11,22,22,1.00000000
1417,MR13 MR02 MR04 MR08 MR11 MR07 MR12 MR09 MR10 MR14 MR06,11,25,25,1.00000000
1418,MR13 MR02 MR04 MR08 MR11 MR14 MR07 MR06 MR09 MR10 MR12,11,25,25,1.00000000
1419,MR13 MR11 MR02 MR04 MR08 MR14 MR09 MR10 MR12 MR06 MR07,11,20,20,1.00000000
1420,MR13 MR02 MR04 MR08 MR06 MR07 MR09 MR10 MR11 MR14 MR12,11,21,21,1.00000000
1421,MR08 MR11 MR04 MR02 MR14 MR13 MR07 MR09 MR10 MR12 MR06,11,25,25,1.00000000
1422,MR13 MR02 MR04 MR08 MR11 MR06 MR14 MR07 MR09 MR10 MR12,11,27,27,1.00000000
1423,MR13 MR02 MR04 MR08 MR11 MR06 MR09 MR10 MR07 MR12 MR14,11,24,24,1.00000000
1424,MR12 MR10 MR11 MR02 MR08 MR14 MR04 MR06 MR09 MR13 MR07,11,25,25,1.00000000
1425,MR13 MR02 MR04 MR08 MR11 MR14 MR06 MR07 MR09 MR10 MR12,11,22,22,1.00000000
1426,MR08 MR10 MR11 MR02 MR12 MR14 MR04 MR06 MR09 MR13 MR07,11,22,22,1.00000000
1427,MR13 MR02 MR04 MR08 MR06 MR11 MR12 MR07 MR09 MR10 MR14,11,21,21,1.00000000
1428,MR13 MR02 MR04 MR08 MR06 MR11 MR07 MR09 MR10 MR12 MR14,11,22,22,1.00000000
1429,MR13 MR02 MR04 MR08 MR11 MR07 MR12 MR09 MR10 MR06,10,29,26,0.89655172
1430,MR13 MR02 MR04 MR08 MR06 MR12 MR11 MR07 MR09 MR10 MR14,11,24,24,1.00000000
1431,MR12 MR10 MR02 MR08 MR11 MR07 MR04 MR06 MR09 MR14 MR13,11,23,23,1.00000000
1432,MR13 MR11 MR02 MR04 MR08 MR09 MR10 MR12 MR14 MR07,10,25,22,0.88000000
1433,MR13 MR02 MR04 MR08 MR11 MR12 MR06 MR07 MR09 MR10 MR14,11,24,24,1.00000000
1434,MR13 MR02 MR04 MR08 MR06 MR07 MR11 MR09 MR10 MR12 MR14,11,21,21,1.00000000
1435,MR13 MR02 MR04 MR08 MR06 MR11 MR09 MR10 MR14 MR07 MR12,11,21,21,1.00000000
1436,MR13 MR02 MR04 MR08 MR06 MR07 MR11 MR12 MR09 MR10 MR14,11,21,21,1.00000000
1437,MR13 MR11 MR02 MR04 MR08 MR12 MR09 MR10 MR14 MR06 MR07,11,22,22,1.00000000
1438,MR13 MR02 MR04 MR08 MR11 MR14 MR06 MR07 MR09 MR10 MR12,11,29,29,1.00000000
1439,MR13 MR02 MR04 MR08 MR07 MR06 MR09 MR10 MR11 MR12 MR14,11,28,28,1.00000000
1440,MR13 MR02 MR04 MR08 MR11 MR07 MR06 MR09 MR10 MR12,10,29,26,0.89655172
1441,MR13 MR11 MR02 MR04 MR08 MR06 MR12 MR09 MR10 MR14,10,26,23,0.88461538
1442,MR13 MR11 MR02 MR04 MR08 MR12 MR07 MR09 MR10 MR06 MR14,11,22,22,1.00000000
1443,MR08 MR10 MR11 MR02 MR07 MR14 MR04 MR09 MR12 MR06,10,26,22,0.84615385
1444,MR13 MR11 MR02 MR04 MR08 MR06 MR14 MR09 MR10 MR12,10,27,24,0.88888889
1445,MR13 MR11 MR02 MR04 MR08 MR07 MR09 MR10 MR06 MR12 MR14,11,24,24,1.00000000
1446,MR13 MR11 MR02 MR04 MR08 MR12 MR14 MR07 MR09 MR10 MR06,11,18,18,1.00000000
1447,MR13 MR11 MR02 MR04 MR08 MR07 MR09 MR10 MR14 MR06,10,22,19,0.86363636
1448,MR13 MR02 MR04 MR08 MR11 MR06 MR07 MR09 MR10 MR12 MR14,11,23,23,1.00000000
1449,MR12 MR10 MR11 MR02 MR08 MR04 MR07 MR09 MR06 MR13 MR14,11,25,25,1.00000000
1450,MR13 MR02 MR04 MR08 MR11 MR07 MR12 MR09 MR10 MR06 MR14,11,26,26,1.00000000
1451,MR13 MR11 MR02 MR04 MR08 MR12 MR06 MR09 MR10 MR07,10,28,25,0.89285714
1452,MR12 MR11 MR10 MR02 MR08 MR04 MR09 MR13 MR14,9,27,21,0.77777778
1453,MR13 MR02 MR04 MR08 MR11 MR07 MR09 MR10 MR12 MR06 MR14,11,24,24,1.00000000
1454,MR13 MR11 MR02 MR04 MR08 MR14 MR06 MR09 MR10 MR07 MR12,11,18,18,1.00000000
1455,MR13 MR07 MR02 MR04 MR08 MR11 MR09 MR10 MR14 MR06,10,26,23,0.88461538
1456,MR13 MR11 MR02 MR04 MR08 MR14 MR07 MR09 MR10 MR12 MR06,11,28,28,1.00000000
1457,MR13 MR11 MR02 MR04 MR08 MR06 MR14 MR09 MR10 MR12 MR07,11,25,25,1.00000000
1458,MR13 MR11 MR02 MR04 MR08 MR12 MR09 MR10 MR06 MR07 MR14,11,24,24,1.00000000
1459,MR12 MR11 MR10 MR02 MR08 MR04 MR07 MR09 MR14 MR13 MR06,11,20,20,1.00000000
1460,MR12 MR06 MR10 MR02 MR08 MR14 MR11 MR04 MR09,9,28,21,0.75000000
1461,MR13 MR11 MR02 MR04 MR08 MR06 MR09 MR10 MR14 MR07 MR12,11,21,21,1.00000000
1462,MR13 MR02 MR04 MR08 MR11 MR14 MR06 MR09 MR10 MR07 MR12,11,23,23,1.00000000
1463,MR13 MR11 MR02 MR04 MR08 MR07 MR09 MR10 MR14 MR06 MR12,11,28,28,1.00000000
1464,MR13 MR11 MR02 MR04 MR08 MR09 MR10 MR14 MR07 MR12 MR06,11,20,20,1.00000000
1465,MR13 MR11 MR02 MR04 MR08 MR14 MR06 MR09 MR10 MR07,10,28,25,0.89285714
1466,MR05 MR11 MR02 MR04 MR08 MR07 MR09 MR10 MR12 MR14 MR06,11,25,22,0.88000000
1467,MR13 MR11 MR02 MR04 MR08 MR06 MR09 MR10 MR12 MR07 MR14,11,29,29,1.00000000
1468,MR13 MR02 MR04 MR08 MR06 MR07 MR11 MR12 MR09 MR10 MR14,11,26,26,1.00000000
1469,MR13 MR11 MR02 MR04 MR08 MR12 MR07 MR09 MR10 MR14 MR06,11,23,23,1.00000000
1470,MR13 MR11 MR02 MR04 MR08 MR06 MR09 MR10 MR07 MR12 MR14,11,22,22,1.00000000
1471,MR13 MR07 MR02 MR04 MR08 MR09 MR10 MR11 MR14 MR06 MR12,11,25,25,1.00000000
1472,MR13 MR02 MR04 MR08 MR11 MR07 MR09 MR10 MR14 MR06 MR12,11,27,27,1.00000000
1473,MR13 MR11 MR02 MR04 MR08 MR09 MR10 MR14 MR06 MR07 MR12,11,27,27,1.00000000
1474,MR12 MR10 MR02 MR08 MR07 MR06 MR04 MR09 MR11 MR13 MR14,11,25,25,1.00000000
1475,MR13 MR11 MR02 MR04 MR08 MR09 MR10 MR12 MR06 MR07 MR14,11,25,25,1.00000000
1476,MR12 MR11 MR10 MR02 MR08 MR14 MR04 MR07 MR09 MR06 MR13,11,20,20,1.00000000
1477,MR13 MR02 MR04 MR08 MR11 MR07 MR06 MR09 MR10 MR12 MR14,11,22,22,1.00000000
1478,MR13 MR02 MR04 MR08 MR06 MR11 MR09 MR10 MR12 MR14 MR07,11,23,23,1.00000000
1479,MR13 MR02 MR04 MR08 MR11 MR12 MR06 MR07 MR09 MR10 MR14,11,22,22,1.00000000
1480,MR13 MR11 MR02 MR04 MR08 MR12 MR06 MR09 MR10 MR07 MR14,11,29,29,1.00000000
1481,MR13 MR02 MR04 MR06 MR08 MR11 MR14 MR09 MR10 MR07 MR12,11,24,24,1.00000000
1482,MR08 MR11 MR10 MR02 MR14 MR13 MR04 MR09 MR12 MR06,10,21,18,0.85714286
1483,MR13 MR02 MR04 MR08 MR06 MR07 MR12 MR09 MR10 MR11 MR14,11,26,26,1.00000000
1484,MR13 MR02 MR04 MR08 MR07 MR11 MR06 MR09 MR10 MR14 MR12,11,27,27,1.00000000
1485,MR13 MR11 MR02 MR04 MR08 MR07 MR09 MR10 MR12 MR14 MR06,11,22,22,1.00000000
1486,MR13 MR02 MR04 MR08 MR11 MR14 MR06 MR07 MR09 MR10 MR12,11,24,24,1.00000000
1487,MR12 MR10 MR02 MR08 MR06 MR07 MR11 MR04 MR09 MR13 MR14,11,23,23,1.00000000
1488,MR12 MR02 MR04 MR08 MR11 MR06 MR13 MR14 MR09 MR10 MR07,11,27,27,1.00000000
1489,MR12 MR11 MR10 MR02 MR08 MR13 MR04 MR09 MR06 MR14,10,23,20,0.86956522
1490,MR13 MR11 MR02 MR04 MR08 MR14 MR07 MR09 MR10 MR06 MR12,11,24,24,1.00000000
1491,MR13 MR02 MR04 MR08 MR11 MR06 MR07 MR09 MR10 MR14 MR12,11,27,27,1.00000000
1492,MR13 MR11 MR02 MR04 MR08 MR12 MR07 MR09 MR10 MR06,10,25,22,0.88000000
1493,MR13 MR11 MR02 MR04 MR08 MR14 MR07 MR09 MR10 MR06 MR12,11,19,19,1.00000000
1494,MR13 MR11 MR02 MR04 MR08 MR06 MR09 MR10 MR07 MR12,10,23,20,0.86956522
1495,MR13 MR11 MR02 MR04 MR08 MR07 MR09 MR10 MR14 MR12,10,23,20,0.86956522
1496,MR13 MR02 MR04 MR07 MR08 MR11 MR09 MR10 MR12 MR14 MR06,11,26,26,1.00000000
1497,MR13 MR02 MR04 MR08 MR11 MR06 MR14 MR09 MR10 MR07 MR12,11,24,24,1.00000000
1498,MR13 MR02 MR04 MR08 MR11 MR14 MR07 MR09 MR10 MR06 MR12,11,24,24,1.00000000
1499,MR13 MR02 MR04 MR08 MR11 MR07 MR09 MR10 MR06 MR12 MR14,11,28,28,1.00000000
1500,MR13 MR02 MR04 MR08 MR11 MR07 MR09 MR10 MR12 MR14 MR06,11,22,22,1.00000000
1501,MR13 MR02 MR04 MR08 MR11 MR07 MR06 MR09 MR10 MR12 MR14,11,22,22,1.00000000
1502,MR12 MR10 MR11 MR02 MR08 MR04 MR09 MR13 MR07 MR06,10,24,21,0.87500000
1503,MR13 MR11 MR02 MR04 MR08 MR09 MR10 MR07 MR12 MR06 MR14,11,26,26,1.00000000
1504,MR13 MR02 MR04 MR08 MR07 MR11 MR09 MR10 MR06 MR12,10,26,23,0.88461538
1505,MR08 MR11 MR10 MR02 MR14 MR04 MR09 MR12 MR06 MR13 MR07,11,22,22,1.00000000
1506,MR13 MR02 MR04 MR06 MR08 MR11 MR14 MR09 MR10 MR12 MR07,11,19,19,1.00000000
1507,MR13 MR11 MR02 MR04 MR08 MR14 MR07 MR09 MR10 MR12 MR06,11,25,25,1.00000000
1508,MR13 MR11 MR02 MR04 MR08 MR07 MR09 MR10 MR06 MR14 MR12,11,24,24,1.00000000
1509,MR08 MR10 MR02 MR06 MR11 MR13 MR14 MR04 MR09 MR12 MR07,11,23,23,1.00000000
1510,MR13 MR11 MR14 MR02 MR04 MR08 MR06 MR09 MR10 MR07,10,27,24,0.88888889
1511,MR13 MR11 MR02 MR04 MR08 MR06 MR09 MR10 MR12 MR14 MR07,11,20,20,1.00000000
1512,MR13 MR02 MR04 MR08 MR11 MR07 MR14 MR09 MR10 MR12 MR06,11,21,21,1.00000000
1513,MR13 MR02 MR04 MR08 MR11 MR06 MR12 MR09 MR10 MR14 MR07,11,21,21,1.00000000
1514,MR13 MR02 MR04 MR08 MR11 MR06 MR07 MR09 MR10 MR12 MR14,11,22,22,1.00000000
1515,MR08 MR10 MR11 MR02 MR12 MR04 MR09 MR14 MR06 MR07 MR13,11,26,26,1.00000000
1516,MR13 MR11 MR02 MR04 MR08 MR12 MR14 MR07 MR09 MR10 MR06,11,27,27,1.00000000
1517,MR13 MR11 MR02 MR04 MR08 MR06 MR09 MR10 MR07 MR14 MR12,11,21,21,1.00000000
1518,MR13 MR11 MR02 MR04 MR08 MR14 MR07 MR09 MR10 MR06 MR12,11,28,28,1.00000000
1519,MR13 MR02 MR04 MR08 MR11 MR06 MR07 MR09 MR10 MR12,10,24,21,0.87500000
1520,MR12 MR10 MR02 MR08 MR11 MR07 MR04 MR06 MR09 MR14 MR05,11,25,22,0.88000000
1521,MR13 MR11 MR14 MR02 MR04 MR08 MR09 MR10 MR06 MR12 MR07,11,28,28,1.00000000
1522,MR13 MR02 MR04 MR07 MR08 MR11 MR09 MR10 MR06 MR14 MR12,11,29,29,1.00000000
1523,MR14 MR04 MR11 MR02 MR08 MR06 MR13 MR09 MR10 MR12 MR07,11,23,23,1.00000000
1524,MR13 MR11 MR02 MR04 MR08 MR12 MR07 MR09 MR10 MR14 MR06,11,23,23,1.00000000
1525,MR12 MR02 MR04 MR08 MR06 MR11 MR07 MR09 MR10 MR13 MR14,11,24,24,1.00000000
1526,MR13 MR02 MR04 MR08 MR14 MR11 MR06 MR07 MR09 MR10,10,27,24,0.88888889
1527,MR12 MR11 MR02 MR04 MR08 MR14 MR07 MR09 MR10 MR13 MR06,11,20,20,1.00000000
1528,MR13 MR02 MR04 MR08 MR11 MR14 MR06 MR12 MR09 MR10 MR07,11,19,19,1.00000000
1529,MR13 MR11 MR02 MR04 MR08 MR14 MR06 MR09 MR10 MR12 MR07,11,23,23,1.00000000
1530,MR13 MR02 MR04 MR08 MR11 MR06 MR09 MR10 MR12 MR14 MR07,11,24,24,1.00000000
1531,MR13 MR11 MR02 MR04 MR08 MR12 MR09 MR10 MR14 MR06 MR07,11,25,25,1.00000000
1532,MR12 MR02 MR04 MR08 MR11 MR06 MR09 MR10 MR13 MR14 MR07,11,23,23,1.00000000
1533,MR13 MR02 MR04 MR08 MR11 MR14 MR06 MR07 MR09 MR10,10,21,18,0.85714286
1534,MR13 MR11 MR02 MR04 MR08 MR14 MR09 MR10 MR06 MR12 MR07,11,28,28,1.00000000
1535,MR13 MR11 MR02 MR04 MR08 MR12 MR06 MR09 MR10 MR07 MR14,11,22,22,1.00000000
1536,MR13 MR02 MR04 MR08 MR11 MR06 MR14 MR09 MR10 MR07 MR12,11,29,29,1.00000000
1537,MR13 MR02 MR04 MR08 MR07 MR06 MR14 MR09 MR10 MR11 MR12,11,20,20,1.00000000
1538,MR12 MR10 MR02 MR08 MR06 MR07 MR04 MR09 MR11 MR14 MR05,11,29,26,0.89655172
1539,MR13 MR11 MR02 MR04 MR08 MR12 MR07 MR09 MR10 MR06 MR14,11,20,20,1.00000000
1540,MR12 MR10 MR02 MR08 MR11 MR06 MR04 MR09 MR07 MR14,10,23,19,0.82608696
1541,MR13 MR11 MR02 MR04 MR08 MR07 MR09 MR10 MR12 MR14 MR06,11,25,25,1.00000000
1542,MR08 MR02 MR04 MR11 MR12 MR13 MR06 MR14 MR09 MR10 MR07,11,29,29,1.00000000
1543,MR13 MR02 MR04 MR08 MR11 MR06 MR07 MR09 MR10 MR12 MR14,11,19,19,1.00000000
1544,MR13 MR02 MR04 MR08 MR11 MR14 MR07 MR09 MR10 MR12 MR06,11,25,25,1.00000000
1545,MR12 MR10 MR02 MR08 MR11 MR04 MR06 MR07 MR09 MR14 MR13,11,25,25,1.00000000
1546,MR13 MR02 MR04 MR08 MR11 MR14 MR07 MR09 MR10 MR06 MR12,11,21,21,1.00000000
1547,MR13 MR02 MR04 MR08 MR11 MR06 MR07 MR09 MR10 MR14 MR12,11,27,27,1.00000000
1548,MR13 MR11 MR02 MR04 MR08 MR07 MR14 MR09 MR10 MR12 MR06,11,24,24,1.00000000
1549,MR13 MR02 MR04 MR08 MR11 MR12 MR06 MR09 MR10 MR14 MR07,11,27,27,1.00000000
1550,MR13 MR11 MR02 MR04 MR08 MR12 MR06 MR09 MR10 MR14 MR07,11,24,24,1.00000000
1551,MR12 MR10 MR02 MR08 MR11 MR04 MR06 MR07 MR09 MR13 MR14,11,27,27,1.00000000
1552,MR13 MR11 MR02 MR04 MR08 MR07 MR09 MR10 MR12 MR06 MR14,11,21,21,1.00000000
1553,MR13 MR11 MR02 MR04 MR08 MR07 MR09 MR10 MR14 MR12,10,27,24,0.88888889
1554,MR13 MR02 MR04 MR08 MR07 MR11 MR09 MR10 MR06 MR12 MR14,11,28,28,1.00000000
1555,MR13 MR02 MR04 MR08 MR11 MR06 MR09 MR10 MR12 MR07 MR14,11,21,21,1.00000000
1556,MR13 MR02 MR04 MR08 MR11 MR07 MR12 MR06 MR09 MR10 MR14,11,28,28,1.00000000
1557,MR13 MR11 MR02 MR04 MR08 MR12 MR06 MR09 MR10 MR14 MR07,11,26,26,1.00000000
1558,MR13 MR02 MR04 MR08 MR11 MR07 MR12 MR06 MR09 MR10 MR14,11,20,20,1.00000000
1559,MR13 MR11 MR02 MR04 MR08 MR07 MR09 MR10 MR06 MR12 MR14,11,24,24,1.00000000
1560,MR12 MR10 MR02 MR08 MR07 MR11 MR13 MR04 MR06 MR09 MR14,11,22,22,1.00000000
1561,MR13 MR02 MR04 MR08 MR06 MR07 MR11 MR09 MR10 MR12 MR14,11,23,23,1.00000000
1562,MR13 MR11 MR02 MR04 MR08 MR12 MR09 MR10 MR06 MR07 MR14,11,26,26,1.00000000
1563,MR13 MR02 MR04 MR08 MR06 MR11 MR09 MR10 MR14 MR07 MR12,11,26,26,1.00000000
1564,MR08 MR10 MR02 MR11 MR06 MR12 MR13 MR14 MR04 MR07 MR09,11,23,23,1.00000000
1565,MR13 MR14 MR02 MR04 MR08 MR11 MR07 MR06 MR09 MR10 MR12,11,23,23,1.00000000
1566,MR13 MR07 MR02 MR04 MR08 MR12 MR09 MR10 MR11 MR06 MR14,11,26,26,1.00000000
1567,MR13 MR02 MR04 MR08 MR11 MR06 MR12 MR09 MR10 MR07 MR14,11,23,23,1.00000000
1568,MR12 MR10 MR02 MR08 MR11 MR06 MR04 MR09 MR13 MR07 MR14,11,20,20,1.00000000
1569,MR13 MR11 MR02 MR04 MR08 MR09 MR10 MR12 MR14 MR06,10,27,24,0.88888889
1570,MR13 MR07 MR02 MR04 MR08 MR14 MR06 MR09 MR10 MR11 MR12,11,30,30,1.00000000
1571,MR13 MR02 MR04 MR08 MR06 MR11 MR14 MR09 MR10 MR12 MR07,11,24,24,1.00000000
1572,MR13 MR02 MR04 MR08 MR11 MR07 MR09 MR10 MR14 MR12 MR06,11,22,22,1.00000000
1573,MR08 MR10 MR11 MR02 MR13 MR07 MR12 MR04 MR09 MR14 MR06,11,27,27,1.00000000
1574,MR13 MR02 MR04 MR08 MR11 MR07 MR09 MR10 MR14 MR06 MR12,11,24,24,1.00000000
1575,MR13 MR11 MR02 MR04 MR08 MR14 MR07 MR09 MR10 MR12,10,29,26,0.89655172
1576,MR08 MR11 MR10 MR02 MR12 MR13 MR14 MR04 MR06 MR09,10,20,17,0.85000000
1577,MR13 MR02 MR04 MR08 MR06 MR11 MR14 MR07 MR09 MR10 MR12,11,27,27,1.00000000
1578,MR13 MR02 MR04 MR08 MR06 MR11 MR09 MR10 MR12 MR14 MR07,11,25,25,1.00000000
1579,MR13 MR02 MR04 MR08 MR06 MR11 MR07 MR09 MR10 MR12 MR14,11,26,26,1.00000000
1580,MR05 MR11 MR02 MR04 MR08 MR12 MR14 MR09 MR10 MR07,10,28,22,0.78571429
1581,MR13 MR11 MR02 MR04 MR08 MR07 MR09 MR10 MR12 MR14 MR06,11,26,26,1.00000000
1582,MR13 MR02 MR04 MR08 MR11 MR06 MR09 MR10 MR12 MR07 MR14,11,25,25,1.00000000
1583,MR13 MR02 MR04 MR08 MR11 MR07 MR09 MR10 MR12 MR06,10,24,21,0.87500000
1584,MR13 MR02 MR04 MR07 MR08 MR14 MR06 MR09 MR10 MR11 MR12,11,25,25,1.00000000
1585,MR12 MR10 MR02 MR08 MR06 MR07 MR04 MR09 MR13 MR11 MR14,11,26,26,1.00000000
1586,MR13 MR02 MR04 MR08 MR11 MR06 MR07 MR09 MR10 MR12 MR14,11,22,22,1.00000000
1587,MR13 MR02 MR04 MR08 MR11 MR07 MR14 MR06 MR09 MR10 MR12,11,26,26,1.00000000
1588,MR13 MR02 MR04 MR07 MR08 MR11 MR09 MR10 MR06 MR14,10,26,23,0.88461538
1589,MR13 MR02 MR04 MR08 MR11 MR07 MR09 MR10 MR14 MR06 MR12,11,24,24,1.00000000
1590,MR13 MR11 MR02 MR04 MR08 MR07 MR12 MR09 MR10 MR14,10,28,25,0.89285714
1591,MR12 MR02 MR04 MR08 MR11 MR07 MR13 MR06 MR09 MR10 MR14,11,18,18,1.00000000
1592,MR13 MR02 MR04 MR08 MR14 MR07 MR06 MR09 MR10 MR11 MR12,11,28,28,1.00000000
1593,MR13 MR02 MR04 MR08 MR11 MR06 MR09 MR10 MR07 MR12 MR14,11,22,22,1.00000000
1594,MR13 MR11 MR02 MR04 MR08 MR07 MR09 MR10 MR12 MR06 MR14,11,21,21,1.00000000
1595,MR13 MR02 MR04 MR08 MR11 MR06 MR14 MR07 MR09 MR10 MR12,11,24,24,1.00000000
1596,MR08 MR04 MR02 MR11 MR13 MR14 MR06 MR07 MR09 MR10 MR12,11,21,21,1.00000000
1597,MR13 MR02 MR04 MR08 MR07 MR11 MR06 MR09 MR10 MR14 MR12,11,24,24,1.00000000
1598,MR13 MR02 MR04 MR08 MR06 MR11 MR09 MR10 MR12 MR14 MR07,11,21,21,1.00000000
1599,MR13 MR11 MR02 MR04 MR08 MR12 MR09 MR10 MR14 MR06 MR07,11,23,23,1.00000000
1600,MR13 MR11 MR02 MR04 MR08 MR07 MR09 MR10 MR14 MR06 MR12,11,24,24,1.00000000
1601,MR13 MR02 MR04 MR08 MR11 MR06 MR09 MR10 MR12 MR07,10,27,24,0.88888889
1602,MR08 MR10 MR11 MR02 MR12 MR04 MR06 MR09 MR14 MR07 MR13,11,24,24,1.00000000
1603,MR13 MR02 MR04 MR08 MR11 MR06 MR07 MR09 MR10 MR12 MR14,11,23,23,1.00000000
1604,MR13 MR02 MR04 MR08 MR07 MR11 MR12 MR06 MR09 MR10 MR14,11,20,20,1.00000000
1605,MR13 MR02 MR04 MR08 MR06 MR11 MR12 MR09 MR10 MR07 MR14,11,26,26,1.00000000
1606,MR13 MR11 MR02 MR04 MR08 MR06 MR09 MR10 MR14 MR07 MR12,11,23,23,1.00000000
1607,MR13 MR11 MR02 MR04 MR08 MR12 MR14 MR09 MR10 MR07 MR06,11,24,24,1.00000000
1608,MR12 MR02 MR04 MR08 MR07 MR11 MR13 MR09 MR10 MR14 MR06,11,24,24,1.00000000
1609,MR13 MR02 MR04 MR07 MR08 MR14 MR06 MR09 MR10 MR11 MR12,11,24,24,1.00000000
1610,MR13 MR02 MR04 MR08 MR11 MR07 MR06 MR09 MR10 MR12 MR14,11,20,20,1.00000000
1611,MR12 MR10 MR11 MR02 MR08 MR04 MR06 MR09 MR14 MR07 MR13,11,21,21,1.00000000
1612,MR13 MR02 MR04 MR08 MR06 MR11 MR07 MR09 MR10 MR12 MR14,11,29,29,1.00000000
1613,MR13 MR11 MR02 MR04 MR08 MR07 MR12 MR09 MR10 MR14 MR06,11,27,27,1.00000000
1614,MR13 MR02 MR04 MR07 MR08 MR14 MR06 MR09 MR10 MR11 MR12,11,26,26,1.00000000
1615,MR13 MR02 MR04 MR08 MR14 MR06 MR11 MR09 MR10 MR12 MR07,11,29,29,1.00000000
1616,MR13 MR11 MR02 MR04 MR08 MR09 MR10 MR12 MR14 MR06 MR07,11,19,19,1.00000000
1617,MR13 MR02 MR04 MR08 MR06 MR11 MR09 MR10 MR14 MR07,10,21,18,0.85714286
1618,MR13 MR02 MR04 MR08 MR11 MR06 MR09 MR10 MR14 MR07 MR12,11,26,26,1.00000000
1619,MR13 MR11 MR02 MR04 MR08 MR07 MR09 MR10 MR12 MR14 MR06,11,27,27,1.00000000
1620,MR08 MR10 MR11 MR02 MR07 MR04 MR09 MR13 MR14 MR12,10,24,21,0.87500000
1621,MR13 MR02 MR04 MR08 MR07 MR11 MR12 MR09 MR10 MR14 MR06,11,25,25,1.00000000
1622,MR13 MR02 MR04 MR08 MR07 MR11 MR14 MR09 MR10 MR12 MR06,11,21,21,1.00000000
1623,MR05 MR11 MR02 MR04 MR08 MR12 MR07 MR09 MR10 MR06 MR14,11,26,23,0.88461538
1624,MR13 MR11 MR02 MR04 MR08 MR09 MR10 MR06 MR07 MR14 MR12,11,24,24,1.00000000
1625,MR12 MR10 MR11 MR02 MR08 MR04 MR07 MR09 MR13 MR06 MR14,11,28,28,1.00000000
1626,MR13 MR02 MR04 MR08 MR11 MR06 MR07 MR09 MR10 MR12 MR14,11,18,18,1.00000000
1627,MR12 MR10 MR02 MR06 MR08 MR04 MR07 MR09 MR11 MR14 MR13,11,24,24,1.00000000
1628,MR12 MR11 MR10 MR02 MR08 MR13 MR04 MR06 MR09 MR07,10,24,21,0.87500000
1629,MR13 MR02 MR04 MR08 MR11 MR14 MR06 MR07 MR09 MR10 MR12,11,25,25,1.00000000
1630,MR12 MR10 MR02 MR08 MR06 MR13 MR11 MR04 MR07 MR09 MR14,11,25,25,1.00000000
1631,MR13 MR11 MR02 MR04 MR08 MR12 MR09 MR10 MR14 MR06,10,26,23,0.88461538
1632,MR13 MR11 MR02 MR04 MR08 MR14 MR07 MR09 MR10 MR06 MR12,11,27,27,1.00000000
1633,MR08 MR10 MR11 MR02 MR12 MR14 MR04 MR07 MR09 MR06,10,23,19,0.82608696
1634,MR13 MR02 MR04 MR08 MR11 MR14 MR06 MR07 MR09 MR10 MR12,11,25,25,1.00000000
1635,MR13 MR02 MR04 MR08 MR11 MR07 MR06 MR09 MR10 MR14 MR12,11,29,29,1.00000000
1636,MR13 MR11 MR02 MR04 MR08 MR14 MR07 MR09 MR10 MR06 MR12,11,27,27,1.00000000
1637,MR14 MR10 MR02 MR08 MR11 MR04 MR06 MR07 MR09 MR05 MR12,11,28,25,0.89285714
1638,MR14 MR10 MR11 MR02 MR08 MR04 MR09 MR12 MR07 MR13,10,27,24,0.88888889
1639,MR13 MR02 MR04 MR06 MR08 MR11 MR09 MR10 MR12 MR14 MR07,11,27,27,1.00000000
1640,MR13 MR11 MR02 MR04 MR08 MR12 MR09 MR10 MR06 MR14 MR07,11,26,26,1.00000000
1641,MR13 MR02 MR04 MR08 MR11 MR06 MR12 MR07 MR09 MR10 MR14,11,24,24,1.00000000
1642,MR13 MR11 MR02 MR04 MR08 MR07 MR09 MR10 MR12 MR06 MR14,11,23,23,1.00000000
1643,MR13 MR11 MR02 MR04 MR08 MR12 MR06 MR09 MR10 MR07 MR14,11,22,22,1.00000000
1644,MR05 MR11 MR02 MR04 MR08 MR07 MR09 MR10 MR14 MR12,10,25,19,0.76000000
1645,MR13 MR02 MR04 MR07 MR08 MR11 MR09 MR10 MR14 MR12 MR06,11,22,22,1.00000000
1646,MR13 MR02 MR04 MR08 MR06 MR07 MR11 MR09 MR10 MR14 MR12,11,22,22,1.00000000
1647,MR13 MR02 MR04 MR08 MR11 MR07 MR09 MR10 MR06 MR12 MR14,11,29,29,1.00000000
1648,MR05 MR02 MR04 MR08 MR11 MR07 MR14 MR09 MR10 MR12 MR06,11,22,19,0.86363636
1649,MR13 MR11 MR02 MR04 MR08 MR14 MR07 MR09 MR10 MR12,10,29,26,0.89655172
1650,MR12 MR10 MR11 MR02 MR08 MR07 MR04 MR09 MR13 MR14 MR06,11,23,23,1.00000000
1651,MR13 MR02 MR04 MR08 MR06 MR07 MR11 MR12 MR09 MR10 MR14,11,28,28,1.00000000
1652,MR13 MR02 MR04 MR06 MR08 MR07 MR09 MR10 MR11 MR12 MR14,11,24,24,1.00000000
1653,MR13 MR02 MR04 MR08 MR06 MR11 MR09 MR10 MR14 MR07 MR12,11,28,28,1.00000000
1654,MR13 MR11 MR02 MR04 MR08 MR12 MR07 MR09 MR10 MR06 MR14,11,28,28,1.00000000
1655,MR13 MR02 MR04 MR08 MR11 MR06 MR12 MR09 MR10 MR14 MR07,11,19,19,1.00000000
1656,MR05 MR07 MR02 MR04 MR08 MR11 MR14 MR09 MR10 MR12 MR06,11,27,24,0.88888889
1657,MR08 MR10 MR02 MR12 MR06 MR07 MR11 MR13 MR14 MR04 MR09,11,26,26,1.00000000
1658,MR13 MR02 MR04 MR08 MR07 MR06 MR09 MR10 MR11 MR14 MR12,11,25,25,1.00000000
1659,MR13 MR11 MR02 MR04 MR08 MR12 MR06 MR09 MR10 MR14 MR07,11,25,25,1.00000000
1660,MR13 MR11 MR02 MR04 MR08 MR14 MR06 MR09 MR10 MR12 MR07,11,25,25,1.00000000
1661,MR13 MR11 MR02 MR04 MR08 MR12 MR09 MR10 MR07 MR14,10,26,23,0.88461538
1662,MR13 MR11 MR02 MR04 MR08 MR12 MR06 MR09 MR10 MR07 MR14,11,24,24,1.00000000
1663,MR05 MR11 MR02 MR04 MR08 MR06 MR09 MR10 MR12 MR14,10,30,24,0.80000000
1664,MR13 MR11 MR02 MR04 MR08 MR09 MR10 MR07 MR12 MR14 MR06,11,21,21,1.00000000
1665,MR13 MR02 MR04 MR08 MR11 MR06 MR07 MR09 MR10 MR12 MR14,11,26,26,1.00000000
1666,MR13 MR02 MR04 MR06 MR08 MR11 MR09 MR10 MR12 MR14 MR07,11,24,24,1.00000000
1667,MR13 MR02 MR04 MR06 MR08 MR14 MR11 MR12 MR09 MR10 MR07,11,24,24,1.00000000
1668,MR13 MR02 MR04 MR08 MR07 MR14 MR06 MR09 MR10 MR11 MR12,11,24,24,1.00000000
1669,MR13 MR11 MR02 MR04 MR08 MR12 MR07 MR09 MR10 MR06 MR14,11,25,25,1.00000000
1670,MR13 MR11 MR02 MR04 MR08 MR12 MR07 MR09 MR10 MR14 MR06,11,20,20,1.00000000
1671,MR13 MR11 MR02 MR04 MR08 MR12 MR06 MR09 MR10 MR07 MR14,11,20,20,1.00000000
1672,MR13 MR02 MR04 MR08 MR11 MR07 MR09 MR10 MR14 MR06 MR12,11,24,24,1.00000000
1673,MR13 MR11 MR02 MR04 MR08 MR12 MR09 MR10 MR06 MR07 MR14,11,25,25,1.00000000
1674,MR13 MR11 MR02 MR04 MR08 MR12 MR06 MR09 MR10 MR07 MR14,11,20,20,1.00000000
1675,MR13 MR02 MR04 MR08 MR06 MR07 MR11 MR14 MR09 MR10 MR12,11,27,27,1.00000000
1676,MR13 MR11 MR02 MR04 MR08 MR07 MR09 MR10 MR14 MR06 MR12,11,25,25,1.00000000
1677,MR13 MR02 MR04 MR08 MR11 MR12 MR07 MR09 MR10 MR14 MR06,11,22,22,1.00000000
1678,MR13 MR11 MR02 MR04 MR08 MR14 MR06 MR09 MR10 MR12,10,26,23,0.88461538
1679,MR13 MR02 MR04 MR08 MR11 MR14 MR06 MR09 MR10 MR07 MR12,11,22,22,1.00000000
1680,MR08 MR10 MR02 MR14 MR06 MR07 MR11 MR13 MR04 MR09 MR12,11,22,22,1.00000000
1681,MR13 MR02 MR04 MR08 MR11 MR07 MR09 MR10 MR14 MR06 MR12,11,22,22,1.00000000
1682,MR13 MR11 MR02 MR04 MR08 MR12 MR07 MR09 MR10 MR14 MR06,11,26,26,1.00000000
1683,MR13 MR11 MR02 MR04 MR08 MR12 MR07 MR09 MR10 MR14 MR06,11,26,26,1.00000000
1684,MR13 MR02 MR04 MR08 MR11 MR06 MR07 MR09 MR10 MR14 MR12,11,25,25,1.00000000
1685,MR13 MR02 MR04 MR08 MR06 MR11 MR12 MR07 MR09 MR10 MR14,11,24,24,1.00000000
1686,MR08 MR04 MR11 MR02 MR12 MR13 MR14 MR07 MR09 MR10 MR06,11,23,23,1.00000000
1687,MR13 MR02 MR04 MR06 MR08 MR07 MR09 MR10 MR11 MR12 MR14,11,23,23,1.00000000
1688,MR13 MR11 MR02 MR04 MR08 MR09 MR10 MR06 MR14 MR07 MR12,11,23,23,1.00000000
1689,MR13 MR02 MR04 MR08 MR11 MR06 MR14 MR09 MR10 MR07 MR12,11,24,24,1.00000000
1690,MR14 MR04 MR02 MR08 MR11 MR12 MR06 MR07 MR09 MR10 MR13,11,23,23,1.00000000
1691,MR13 MR11 MR02 MR04 MR08 MR06 MR09 MR10 MR14 MR12 MR07,11,21,21,1.00000000
1692,MR12 MR02 MR04 MR08 MR06 MR07 MR11 MR13 MR14 MR09 MR10,11,23,23,1.00000000
1693,MR13 MR11 MR02 MR04 MR08 MR07 MR09 MR10 MR12 MR14 MR06,11,25,25,1.00000000
1694,MR13 MR11 MR02 MR04 MR08 MR06 MR09 MR10 MR14 MR07 MR12,11,22,22,1.00000000
1695,MR13 MR02 MR04 MR08 MR07 MR11 MR12 MR14 MR06 MR09 MR10,11,19,19,1.00000000
1696,MR13 MR11 MR02 MR04 MR08 MR09 MR10 MR12 MR14 MR07 MR06,11,26,26,1.00000000
1697,MR12 MR10 MR11 MR02 MR08 MR07 MR04 MR09 MR14 MR06 MR13,11,26,26,1.00000000
1698,MR05 MR02 MR04 MR08 MR11 MR06 MR07 MR09 MR10 MR12 MR14,11,28,25,0.89285714
1699,MR13 MR02 MR04 MR08 MR11 MR06 MR14 MR09 MR10 MR07 MR12,11,21,21,1.00000000
1700,MR13 MR02 MR04 MR08 MR11 MR07 MR06 MR09 MR10 MR12 MR14,11,25,25,1.00000000
1701,MR12 MR10 MR11 MR02 MR08 MR04 MR07 MR09 MR13 MR06,10,23,20,0.86956522
1702,MR13 MR02 MR04 MR08 MR11 MR07 MR12 MR09 MR10 MR14 MR06,11,24,24,1.00000000
1703,MR13 MR02 MR04 MR08 MR06 MR07 MR14 MR09 MR10 MR11 MR12,11,24,24,1.00000000
1704,MR13 MR02 MR04 MR06 MR08 MR11 MR09 MR10 MR07 MR14 MR12,11,25,25,1.00000000
1705,MR13 MR02 MR04 MR08 MR11 MR07 MR14 MR06 MR09 MR10 MR12,11,28,28,1.00000000
1706,MR13 MR02 MR04 MR08 MR11 MR07 MR12 MR14 MR06 MR09 MR10,11,23,23,1.00000000
1707,MR13 MR02 MR04 MR08 MR11 MR07 MR09 MR10 MR06 MR12,10,24,21,0.87500000
1708,MR12 MR11 MR10 MR02 MR08 MR14 MR04 MR06 MR09 MR13 MR07,11,24,24,1.00000000
1709,MR08 MR10 MR02 MR11 MR14 MR07 MR12 MR04 MR09 MR13 MR06,11,23,23,1.00000000
1710,MR13 MR11 MR02 MR04 MR08 MR14 MR06 MR09 MR10 MR12 MR07,11,24,24,1.00000000
1711,MR08 MR04 MR02 MR11 MR12 MR06 MR09 MR10 MR07 MR13 MR14,11,25,25,1.00000000
1712,MR13 MR02 MR04 MR06 MR08 MR07 MR09 MR10 MR12 MR14 MR11,11,21,21,1.00000000
1713,MR13 MR11 MR02 MR04 MR08 MR09 MR10 MR12 MR06 MR07 MR14,11,24,24,1.00000000
1714,MR13 MR02 MR04 MR08 MR11 MR07 MR06 MR09 MR10 MR14 MR12,11,27,27,1.00000000
1715,MR13 MR11 MR02 MR04 MR08 MR07 MR12 MR09 MR10 MR14,10,23,20,0.86956522
1716,MR13 MR02 MR04 MR08 MR11 MR14 MR06 MR07 MR09 MR10 MR12,11,23,23,1.00000000
1717,MR13 MR02 MR04 MR08 MR07 MR11 MR06 MR09 MR10 MR14 MR12,11,25,25,1.00000000
1718,MR13 MR11 MR02 MR04 MR08 MR14 MR07 MR09 MR10 MR06 MR12,11,23,23,1.00000000
1719,MR13 MR11 MR02 MR04 MR08 MR06 MR12 MR09 MR10 MR14,10,23,20,0.86956522
1720,MR13 MR02 MR04 MR08 MR06 MR11 MR07 MR09 MR10 MR12 MR14,11,29,29,1.00000000
1721,MR13 MR02 MR04 MR08 MR07 MR11 MR12 MR09 MR10 MR14 MR06,11,24,24,1.00000000
1722,MR13 MR11 MR02 MR04 MR08 MR06 MR12 MR09 MR10 MR14 MR07,11,25,25,1.00000000
1723,MR07 MR10 MR02 MR08 MR12 MR14 MR04 MR09 MR11 MR05 MR06,11,28,25,0.89285714
1724,MR13 MR02 MR04 MR08 MR07 MR11 MR14 MR09 MR10 MR12 MR06,11,25,25,1.00000000
1725,MR13 MR11 MR02 MR04 MR08 MR06 MR14 MR09 MR10 MR12,10,27,24,0.88888889
1726,MR12 MR10 MR02 MR08 MR14 MR06 MR07 MR11 MR04 MR09 MR05,11,25,22,0.88000000
1727,MR13 MR02 MR04 MR08 MR11 MR06 MR07 MR09 MR10 MR14 MR12,11,25,25,1.00000000
1728,MR13 MR02 MR04 MR08 MR11 MR06 MR14 MR09 MR10 MR12 MR07,11,22,22,1.00000000
1729,MR13 MR02 MR04 MR08 MR11 MR12 MR06 MR07 MR09 MR10 MR14,11,21,21,1.00000000
1730,MR13 MR02 MR04 MR08 MR11 MR12 MR06 MR07 MR09 MR10,10,27,24,0.88888889
1731,MR08 MR10 MR11 MR02 MR12 MR14 MR04 MR07 MR09 MR06,10,22,18,0.81818182
1732,MR08 MR10 MR02 MR11 MR14 MR06 MR04 MR09 MR13 MR07,10,29,26,0.89655172
1733,MR13 MR02 MR04 MR08 MR11 MR07 MR09 MR10 MR14 MR12 MR06,11,24,24,1.00000000
1734,MR13 MR02 MR04 MR08 MR11 MR06 MR14 MR09 MR10 MR12 MR07,11,23,23,1.00000000
1735,MR12 MR10 MR02 MR08 MR06 MR11 MR04 MR07 MR09 MR14,10,22,18,0.81818182
1736,MR13 MR02 MR04 MR08 MR07 MR14 MR11 MR06 MR09 MR10 MR12,11,24,24,1.00000000
1737,MR13 MR11 MR02 MR04 MR08 MR14 MR09 MR10 MR12 MR06 MR07,11,25,25,1.00000000
1738,MR13 MR02 MR04 MR08 MR06 MR11 MR09 MR10 MR14 MR07 MR12,11,24,24,1.00000000
1739,MR13 MR02 MR04 MR08 MR11 MR07 MR14 MR09 MR10 MR06 MR12,11,23,23,1.00000000
1740,MR13 MR02 MR04 MR07 MR08 MR06 MR09 MR10 MR11 MR12 MR14,11,30,30,1.00000000
1741,MR13 MR11 MR02 MR04 MR08 MR07 MR09 MR10 MR14 MR06 MR12,11,23,23,1.00000000
1742,MR13 MR11 MR02 MR04 MR08 MR14 MR07 MR09 MR10 MR06 MR12,11,24,24,1.00000000
1743,MR12 MR10 MR11 MR02 MR08 MR14 MR04 MR07 MR09 MR06,10,26,22,0.84615385
1744,MR13 MR11 MR02 MR04 MR08 MR14 MR07 MR09 MR10 MR06 MR12,11,24,24,1.00000000
1745,MR13 MR11 MR02 MR04 MR08 MR07 MR09 MR10 MR12 MR06 MR14,11,26,26,1.00000000
1746,MR13 MR02 MR04 MR07 MR08 MR12 MR06 MR09 MR10 MR11 MR14,11,21,21,1.00000000
1747,MR12 MR11 MR10 MR02 MR08 MR13 MR04 MR09 MR06 MR07 MR14,11,24,24,1.00000000
1748,MR13 MR02 MR04 MR08 MR11 MR07 MR06 MR09 MR10 MR12 MR14,11,21,21,1.00000000
1749,MR08 MR04 MR11 MR02 MR07 MR09 MR10 MR12 MR14 MR13 MR06,11,25,25,1.00000000
1750,MR07 MR04 MR02 MR08 MR14 MR11 MR12 MR09 MR10 MR13 MR06,11,22,22,1.00000000
1751,MR13 MR11 MR02 MR04 MR08 MR14 MR09 MR10 MR07 MR12 MR06,11,23,23,1.00000000
1752,MR13 MR02 MR04 MR08 MR07 MR06 MR09 MR10 MR11 MR14 MR12,11,27,27,1.00000000
1753,MR05 MR11 MR02 MR04 MR08 MR06 MR09 MR10 MR12 MR07 MR14,11,23,20,0.86956522
1754,MR13 MR02 MR04 MR06 MR08 MR07 MR09 MR10 MR11 MR12 MR14,11,24,24,1.00000000
1755,MR12 MR11 MR10 MR02 MR08 MR04 MR06 MR09 MR13 MR14 MR07,11,24,24,1.00000000
1756,MR13 MR11 MR02 MR04 MR08 MR14 MR09 MR10 MR12 MR06,10,25,22,0.88000000
1757,MR13 MR02 MR04 MR08 MR06 MR11 MR09 MR10 MR12 MR07,10,28,25,0.89285714
1758,MR13 MR11 MR02 MR04 MR08 MR14 MR09 MR10 MR07 MR12 MR06,11,24,24,1.00000000
1759,MR08 MR10 MR02 MR11 MR06 MR12 MR04 MR07 MR09 MR13 MR14,11,25,25,1.00000000
1760,MR12 MR10 MR02 MR06 MR08 MR11 MR04 MR09 MR14 MR07 MR13,11,23,23,1.00000000
1761,MR13 MR02 MR04 MR06 MR08 MR07 MR09 MR10 MR11 MR12 MR14,11,24,24,1.00000000
1762,MR13 MR11 MR02 MR04 MR08 MR06 MR09 MR10 MR07 MR12 MR14,11,21,21,1.00000000
1763,MR13 MR02 MR04 MR08 MR11 MR07 MR06 MR09 MR10 MR12 MR14,11,25,25,1.00000000
1764,MR13 MR02 MR04 MR08 MR06 MR07 MR11 MR09 MR10 MR12 MR14,11,21,21,1.00000000
1765,MR13 MR02 MR04 MR08 MR11 MR14 MR07 MR06 MR09 MR10 MR12,11,24,24,1.00000000
1766,MR13 MR11 MR02 MR04 MR08 MR12 MR14 MR06 MR09 MR10 MR07,11,25,25,1.00000000
1767,MR13 MR02 MR04 MR08 MR11 MR06 MR14 MR09 MR10 MR07 MR12,11,25,25,1.00000000
1768,MR13 MR02 MR04 MR08 MR11 MR06 MR09 MR10 MR07 MR14 MR12,11,24,24,1.00000000
1769,MR13 MR02 MR04 MR08 MR11 MR07 MR12 MR06 MR09 MR10 MR14,11,21,21,1.00000000
1770,MR13 MR11 MR02 MR04 MR08 MR06 MR14 MR09 MR10 MR07 MR12,11,22,22,1.00000000
1771,MR13 MR02 MR04 MR08 MR07 MR11 MR12 MR06 MR09 MR10 MR14,11,24,24,1.00000000
1772,MR13 MR06 MR02 MR04 MR08 MR09 MR10 MR11 MR07 MR12 MR14,11,23,23,1.00000000
1773,MR13 MR02 MR04 MR08 MR06 MR11 MR09 MR10 MR07 MR12 MR14,11,18,18,1.00000000
1774,MR13 MR11 MR02 MR04 MR08 MR07 MR12 MR09 MR10 MR06 MR14,11,20,20,1.00000000
1775,MR12 MR10 MR11 MR02 MR08 MR04 MR09 MR06 MR14 MR05 MR07,11,27,24,0.88888889
1776,MR13 MR11 MR02 MR04 MR08 MR09 MR10 MR12 MR07 MR14 MR06,11,27,27,1.00000000
1777,MR12 MR11 MR02 MR04 MR08 MR06 MR09 MR10 MR13 MR14 MR07,11,26,26,1.00000000
1778,MR13 MR11 MR02 MR04 MR08 MR06 MR09 MR10 MR14 MR07 MR12,11,19,19,1.00000000
1779,MR13 MR02 MR04 MR08 MR11 MR06 MR09 MR10 MR12 MR14 MR07,11,23,23,1.00000000
1780,MR13 MR02 MR04 MR08 MR11 MR07 MR14 MR06 MR09 MR10 MR12,11,25,25,1.00000000
1781,MR13 MR02 MR04 MR08 MR07 MR11 MR14 MR06 MR09 MR10 MR12,11,29,29,1.00000000
1782,MR13 MR02 MR04 MR08 MR12 MR06 MR07 MR11 MR09 MR10 MR14,11,23,23,1.00000000
1783,MR13 MR02 MR04 MR08 MR06 MR11 MR09 MR10 MR07 MR12 MR14,11,26,26,1.00000000
1784,MR13 MR07 MR02 MR04 MR08 MR09 MR10 MR11 MR06 MR12 MR14,11,24,24,1.00000000
1785,MR12 MR10 MR07 MR02 MR08 MR11 MR04 MR09 MR13 MR14,10,22,19,0.86363636
1786,MR12 MR10 MR11 MR02 MR08 MR04 MR06 MR09 MR14 MR07 MR13,11,25,25,1.00000000
1787,MR13 MR02 MR04 MR08 MR11 MR14 MR07 MR06 MR09 MR10 MR12,11,25,25,1.00000000
1788,MR13 MR02 MR04 MR08 MR11 MR06 MR07 MR09 MR10 MR14 MR12,11,24,24,1.00000000
1789,MR13 MR02 MR04 MR08 MR11 MR14 MR06 MR07 MR09 MR10 MR12,11,25,25,1.00000000
1790,MR13 MR02 MR04 MR08 MR06 MR11 MR09 MR10 MR07 MR14 MR12,11,22,22,1.00000000
1791,MR13 MR11 MR02 MR04 MR08 MR14 MR12 MR09 MR10 MR06 MR07,11,27,27,1.00000000
1792,MR13 MR02 MR04 MR08 MR11 MR06 MR12 MR07 MR09 MR10,10,21,18,0.85714286
1793,MR13 MR11 MR02 MR04 MR08 MR14 MR09 MR10 MR07 MR12,10,26,23,0.88461538
1794,MR13 MR02 MR04 MR08 MR11 MR07 MR09 MR10 MR14 MR06 MR12,11,23,23,1.00000000
1795,MR12 MR10 MR02 MR08 MR14 MR06 MR07 MR11 MR04 MR09 MR05,11,25,22,0.88000000
1796,MR13 MR02 MR04 MR07 MR08 MR06 MR09 MR10 MR11 MR12 MR14,11,26,26,1.00000000
1797,MR13 MR02 MR04 MR08 MR11 MR06 MR09 MR10 MR07 MR14 MR12,11,27,27,1.00000000
1798,MR08 MR04 MR02 MR11 MR14 MR07 MR09 MR10 MR12 MR06 MR13,11,25,25,1.00000000
1799,MR13 MR02 MR04 MR08 MR06 MR07 MR11 MR12 MR09 MR10 MR14,11,23,23,1.00000000
1800,MR13 MR11 MR02 MR04 MR08 MR12 MR09 MR10 MR06 MR07 MR14,11,29,29,1.00000000
1801,MR13 MR02 MR04 MR08 MR11 MR06 MR12 MR14 MR09 MR10 MR07,11,27,27,1.00000000
1802,MR13 MR02 MR04 MR07 MR08 MR06 MR09 MR10 MR14 MR11,10,25,22,0.88000000
1803,MR13 MR11 MR02 MR04 MR08 MR12 MR07 MR09 MR10 MR14 MR06,11,19,19,1.00000000
1804,MR13 MR11 MR02 MR04 MR08 MR09 MR10 MR07 MR14 MR06 MR12,11,21,21,1.00000000
1805,MR13 MR11 MR02 MR04 MR08 MR14 MR07 MR09 MR10 MR06 MR12,11,22,22,1.00000000
1806,MR13 MR11 MR02 MR04 MR08 MR07 MR09 MR10 MR12 MR14,10,24,21,0.87500000
1807,MR12 MR10 MR02 MR07 MR08 MR11 MR04 MR09 MR14 MR06 MR13,11,19,19,1.00000000
1808,MR13 MR02 MR04 MR08 MR07 MR11 MR14 MR09 MR10 MR12 MR06,11,25,25,1.00000000
1809,MR13 MR02 MR04 MR08 MR06 MR14 MR07 MR09 MR10 MR11 MR12,11,18,18,1.00000000
1810,MR12 MR10 MR11 MR02 MR08 MR13 MR04 MR07 MR09 MR06,10,24,21,0.87500000
1811,MR13 MR11 MR02 MR04 MR08 MR12 MR07 MR09 MR10 MR14,10,25,22,0.88000000
1812,MR13 MR02 MR04 MR08 MR07 MR11 MR12 MR09 MR10 MR06 MR14,11,21,21,1.00000000
1813,MR13 MR02 MR04 MR08 MR06 MR11 MR12 MR14 MR09 MR10 MR07,11,25,25,1.00000000
1814,MR13 MR11 MR02 MR04 MR08 MR06 MR09 MR10 MR12 MR14 MR07,11,22,22,1.00000000
1815,MR13 MR02 MR04 MR08 MR11 MR06 MR09 MR10 MR14 MR07 MR12,11,19,19,1.00000000
1816,MR13 MR11 MR02 MR04 MR08 MR07 MR09 MR10 MR12 MR06 MR14,11,26,26,1.00000000
1817,MR13 MR02 MR04 MR08 MR07 MR11 MR09 MR10 MR06 MR12 MR14,11,28,28,1.00000000
1818,MR12 MR11 MR02 MR04 MR08 MR14 MR07 MR09 MR10 MR13 MR06,11,23,23,1.00000000
1819,MR13 MR02 MR04 MR08 MR11 MR07 MR09 MR10 MR14 MR12 MR06,11,22,22,1.00000000
1820,MR12 MR10 MR11 MR02 MR08 MR04 MR07 MR09 MR13 MR14 MR06,11,22,22,1.00000000
1821,MR12 MR02 MR04 MR08 MR11 MR07 MR13 MR14 MR06 MR09 MR10,11,23,23,1.00000000
1822,MR13 MR02 MR04 MR08 MR06 MR07 MR11 MR09 MR10 MR14 MR12,11,25,25,1.00000000
1823,MR13 MR02 MR04 MR08 MR11 MR06 MR07 MR09 MR10 MR12 MR14,11,26,26,1.00000000
1824,MR08 MR10 MR02 MR11 MR12 MR14 MR04 MR06 MR07 MR09 MR13,11,21,21,1.00000000
1825,MR13 MR02 MR04 MR08 MR06 MR11 MR14 MR09 MR10 MR07 MR12,11,27,27,1.00000000
1826,MR13 MR02 MR04 MR08 MR07 MR11 MR14 MR09 MR10 MR06 MR12,11,28,28,1.00000000
1827,MR13 MR02 MR04 MR08 MR14 MR11 MR06 MR07 MR09 MR10 MR12,11,25,25,1.00000000
1828,MR13 MR02 MR04 MR08 MR11 MR06 MR07 MR09 MR10 MR12,10,26,23,0.88461538
1829,MR13 MR02 MR04 MR08 MR11 MR06 MR14 MR07 MR09 MR10 MR12,11,23,23,1.00000000
1830,MR13 MR02 MR04 MR08 MR07 MR06 MR09 MR10 MR11 MR14 MR12,11,24,24,1.00000000
1831,MR13 MR11 MR02 MR04 MR08 MR07 MR09 MR10 MR12 MR14,10,22,19,0.86363636
1832,MR12 MR10 MR11 MR02 MR08 MR06 MR04 MR09 MR13 MR07 MR14,11,22,22,1.00000000
1833,MR12 MR10 MR02 MR07 MR08 MR11 MR04 MR09 MR13 MR06 MR14,11,20,20,1.00000000
1834,MR13 MR02 MR04 MR08 MR06 MR11 MR09 MR10 MR14 MR07 MR12,11,23,23,1.00000000
1835,MR13 MR02 MR04 MR07 MR08 MR11 MR09 MR10 MR12 MR06 MR14,11,24,24,1.00000000
1836,MR13 MR11 MR02 MR04 MR08 MR12 MR06 MR09 MR10 MR07 MR14,11,26,26,1.00000000
1837,MR13 MR02 MR04 MR08 MR07 MR14 MR11 MR06 MR09 MR10 MR12,11,18,18,1.00000000
1838,MR13 MR11 MR02 MR04 MR08 MR07 MR09 MR10 MR12 MR14,10,26,23,0.88461538
1839,MR13 MR02 MR04 MR08 MR11 MR06 MR12 MR07 MR09 MR10 MR14,11,20,20,1.00000000
1840,MR13 MR02 MR04 MR08 MR11 MR14 MR07 MR09 MR10 MR06 MR12,11,26,26,1.00000000
1841,MR13 MR02 MR04 MR08 MR07 MR11 MR06 MR09 MR10 MR12 MR14,11,24,24,1.00000000
1842,MR13 MR02 MR04 MR08 MR11 MR07 MR06 MR09 MR10 MR14 MR12,11,27,27,1.00000000
1843,MR08 MR10 MR02 MR11 MR07 MR14 MR04 MR06 MR09 MR12 MR13,11,25,25,1.00000000
1844,MR13 MR11 MR02 MR04 MR08 MR12 MR07 MR09 MR10 MR14 MR06,11,28,28,1.00000000
1845,MR08 MR10 MR02 MR11 MR12 MR14 MR07 MR04 MR06 MR09 MR13,11,25,25,1.00000000
1846,MR08 MR04 MR02 MR14 MR11 MR07 MR13 MR06 MR09 MR10 MR12,11,21,21,1.00000000
1847,MR13 MR02 MR04 MR07 MR08 MR06 MR09 MR10 MR11 MR12 MR14,11,27,27,1.00000000
1848,MR13 MR02 MR04 MR07 MR08 MR06 MR09 MR10 MR11 MR12,10,27,24,0.88888889
1849,MR13 MR02 MR04 MR07 MR08 MR11 MR14 MR09 MR10 MR12 MR06,11,27,27,1.00000000
1850,MR13 MR02 MR04 MR08 MR11 MR07 MR14 MR09 MR10 MR12 MR06,11,21,21,1.00000000
1851,MR13 MR11 MR02 MR04 MR08 MR06 MR09 MR10 MR14 MR07 MR12,11,27,27,1.00000000
1852,MR13 MR11 MR02 MR04 MR08 MR09 MR10 MR12 MR14 MR06 MR07,11,29,29,1.00000000
1853,MR13 MR11 MR02 MR04 MR08 MR12 MR07 MR09 MR10 MR14 MR06,11,25,25,1.00000000
1854,MR13 MR02 MR04 MR08 MR06 MR11 MR14 MR09 MR10 MR07 MR12,11,22,22,1.00000000
1855,MR13 MR11 MR02 MR04 MR08 MR07 MR09 MR10 MR14 MR06 MR12,11,28,28,1.00000000
1856,MR13 MR02 MR04 MR08 MR11 MR06 MR12 MR09 MR10 MR14 MR07,11,20,20,1.00000000
1857,MR13 MR02 MR04 MR08 MR06 MR11 MR12 MR09 MR10 MR07 MR14,11,25,25,1.00000000
1858,MR13 MR11 MR02 MR04 MR08 MR06 MR09 MR10 MR12 MR07 MR14,11,23,23,1.00000000
1859,MR08 MR10 MR11 MR02 MR04 MR06 MR09 MR12 MR14 MR07 MR13,11,23,23,1.00000000
1860,MR13 MR11 MR02 MR04 MR08 MR06 MR09 MR10 MR07 MR12 MR14,11,30,30,1.00000000
1861,MR13 MR11 MR02 MR04 MR08 MR06 MR09 MR10 MR12 MR07 MR14,11,19,19,1.00000000
1862,MR12 MR11 MR10 MR02 MR08 MR04 MR07 MR09 MR13 MR14,10,21,18,0.85714286
1863,MR13 MR02 MR04 MR08 MR07 MR06 MR09 MR10 MR11 MR12 MR14,11,25,25,1.00000000
1864,MR13 MR02 MR04 MR08 MR11 MR07 MR06 MR09 MR10 MR12 MR14,11,22,22,1.00000000
1865,MR13 MR02 MR04 MR08 MR11 MR07 MR09 MR10 MR06 MR14,10,26,23,0.88461538
1866,MR05 MR02 MR04 MR08 MR11 MR07 MR14 MR06 MR09 MR10 MR12,11,27,24,0.88888889
1867,MR13 MR02 MR04 MR08 MR11 MR06 MR09 MR10 MR07 MR12 MR14,11,26,26,1.00000000
1868,MR13 MR11 MR02 MR04 MR08 MR06 MR09 MR10 MR12 MR07 MR14,11,22,22,1.00000000
1869,MR12 MR10 MR02 MR08 MR11 MR07 MR04 MR09 MR14 MR06 MR13,11,22,22,1.00000000
1870,MR13 MR11 MR02 MR04 MR08 MR09 MR10 MR07 MR06 MR12,10,27,24,0.88888889
1871,MR13 MR11 MR02 MR04 MR08 MR09 MR10 MR12 MR14 MR06 MR07,11,22,22,1.00000000
1872,MR13 MR11 MR02 MR04 MR08 MR06 MR09 MR10 MR12 MR14,10,23,20,0.86956522
1873,MR13 MR11 MR02 MR04 MR08 MR07 MR09 MR10 MR12 MR06 MR14,11,23,23,1.00000000
1874,MR13 MR02 MR04 MR07 MR08 MR06 MR09 MR10 MR12 MR14 MR11,11,25,25,1.00000000
1875,MR12 MR10 MR02 MR08 MR11 MR06 MR04 MR07 MR09 MR13 MR14,11,25,25,1.00000000
1876,MR13 MR02 MR04 MR07 MR08 MR11 MR09 MR10 MR14 MR06,10,23,20,0.86956522
1877,MR12 MR06 MR10 MR02 MR08 MR11 MR14 MR04 MR09 MR13 MR07,11,25,25,1.00000000
1878,MR13 MR02 MR04 MR06 MR08 MR11 MR12 MR14 MR09 MR10 MR07,11,28,28,1.00000000
1879,MR08 MR10 MR11 MR02 MR14 MR12 MR04 MR07 MR09 MR13,10,23,20,0.86956522
1880,MR13 MR02 MR04 MR08 MR06 MR07 MR11 MR09 MR10 MR12 MR14,11,21,21,1.00000000
1881,MR08 MR10 MR11 MR02 MR04 MR06 MR09 MR14 MR07 MR12 MR13,11,23,23,1.00000000
1882,MR13 MR11 MR02 MR04 MR08 MR09 MR10 MR07 MR12 MR14 MR06,11,24,24,1.00000000
1883,MR13 MR11 MR02 MR04 MR08 MR09 MR10 MR06 MR14 MR12,10,24,21,0.87500000
1884,MR13 MR11 MR02 MR04 MR08 MR07 MR09 MR10 MR14 MR06 MR12,11,25,25,1.00000000
1885,MR12 MR02 MR04 MR08 MR11 MR06 MR13 MR14 MR09 MR10 MR07,11,23,23,1.00000000
1886,MR13 MR02 MR04 MR08 MR11 MR06 MR09 MR10 MR12 MR14 MR07,11,25,25,1.00000000
1887,MR13 MR11 MR02 MR04 MR08 MR07 MR09 MR10 MR06 MR14 MR12,11,25,25,1.00000000
1888,MR13 MR02 MR04 MR08 MR11 MR06 MR09 MR10 MR07 MR14 MR12,11,26,26,1.00000000
1889,MR13 MR11 MR02 MR04 MR08 MR12 MR09 MR10 MR06 MR07 MR14,11,21,21,1.00000000
1890,MR13 MR11 MR02 MR04 MR08 MR07 MR09 MR10 MR12 MR14,10,20,17,0.85000000
1891,MR13 MR11 MR02 MR04 MR08 MR09 MR10 MR06 MR07 MR14,10,22,19,0.86363636
1892,MR13 MR02 MR04 MR06 MR08 MR11 MR14 MR09 MR10 MR12 MR07,11,21,21,1.00000000
1893,MR13 MR02 MR04 MR08 MR11 MR07 MR09 MR10 MR14 MR12 MR06,11,29,29,1.00000000
1894,MR13 MR02 MR04 MR08 MR11 MR06 MR07 MR09 MR10 MR12 MR14,11,24,24,1.00000000
1895,MR13 MR11 MR02 MR04 MR08 MR07 MR09 MR10 MR12 MR14 MR06,11,25,25,1.00000000
1896,MR08 MR10 MR02 MR11 MR06 MR12 MR14 MR04 MR07 MR09 MR13,11,28,28,1.00000000
1897,MR13 MR02 MR04 MR08 MR07 MR11 MR09 MR10 MR06 MR12 MR14,11,27,27,1.00000000
1898,MR13 MR02 MR04 MR08 MR11 MR07 MR09 MR10 MR14 MR06 MR12,11,24,24,1.00000000
1899,MR13 MR11 MR02 MR04 MR08 MR12 MR06 MR09 MR10 MR07 MR14,11,24,24,1.00000000
1900,MR13 MR02 MR04 MR08 MR11 MR06 MR14 MR09 MR10 MR12 MR07,11,23,23,1.00000000
1901,MR13 MR02 MR04 MR08 MR11 MR06 MR09 MR10 MR07 MR12 MR14,11,20,20,1.00000000
1902,MR13 MR11 MR02 MR04 MR08 MR12 MR07 MR09 MR10 MR06 MR14,11,26,26,1.00000000
1903,MR13 MR02 MR04 MR08 MR11 MR14 MR06 MR07 MR09 MR10 MR12,11,20,20,1.00000000
1904,MR13 MR11 MR02 MR04 MR08 MR12 MR09 MR10 MR07 MR14 MR06,11,25,25,1.00000000
1905,MR13 MR02 MR04 MR08 MR06 MR11 MR07 MR09 MR10 MR12 MR14,11,22,22,1.00000000
1906,MR13 MR02 MR04 MR08 MR11 MR07 MR06 MR09 MR10 MR12,10,24,21,0.87500000
1907,MR13 MR11 MR02 MR04 MR08 MR07 MR09 MR10 MR14 MR12 MR06,11,25,25,1.00000000
1908,MR13 MR02 MR04 MR08 MR11 MR06 MR12 MR14 MR09 MR10 MR07,11,17,17,1.00000000
1909,MR13 MR02 MR04 MR08 MR07 MR11 MR06 MR09 MR10 MR12 MR14,11,21,21,1.00000000
1910,MR13 MR11 MR02 MR04 MR08 MR06 MR09 MR10 MR14 MR12 MR07,11,25,25,1.00000000
1911,MR13 MR11 MR02 MR04 MR08 MR14 MR07 MR09 MR10 MR12 MR06,11,32,32,1.00000000
1912,MR13 MR02 MR04 MR08 MR11 MR06 MR14 MR09 MR10 MR07 MR12,11,21,21,1.00000000
1913,MR13 MR02 MR04 MR08 MR11 MR06 MR12 MR14 MR09 MR10 MR07,11,30,30,1.00000000
1914,MR13 MR02 MR04 MR08 MR06 MR07 MR11 MR09 MR10 MR14,10,23,20,0.86956522
1915,MR13 MR11 MR02 MR04 MR08 MR06 MR12 MR09 MR10 MR14,10,23,20,0.86956522
1916,MR13 MR02 MR04 MR08 MR07 MR11 MR09 MR10 MR06 MR12 MR14,11,22,22,1.00000000
1917,MR13 MR02 MR04 MR08 MR11 MR07 MR14 MR09 MR10 MR06 MR12,11,26,26,1.00000000
1918,MR13 MR11 MR02 MR04 MR08 MR07 MR09 MR10 MR12 MR14 MR06,11,25,25,1.00000000
1919,MR08 MR10 MR02 MR06 MR14 MR11 MR12 MR04 MR07 MR09 MR13,11,22,22,1.00000000
1920,MR13 MR11 MR02 MR04 MR08 MR06 MR09 MR10 MR07 MR12 MR14,11,20,20,1.00000000
1921,MR08 MR10 MR02 MR11 MR12 MR07 MR14 MR04 MR09 MR06 MR13,11,25,25,1.00000000
1922,MR13 MR11 MR02 MR04 MR08 MR14 MR09 MR10 MR06 MR07 MR12,11,25,25,1.00000000
1923,MR13 MR11 MR02 MR04 MR08 MR14 MR09 MR10 MR06 MR07 MR12,11,25,25,1.00000000
1924,MR13 MR02 MR04 MR08 MR14 MR06 MR07 MR11 MR09 MR10 MR12,11,24,24,1.00000000
1925,MR13 MR11 MR02 MR04 MR08 MR06 MR09 MR10 MR14 MR07 MR12,11,22,22,1.00000000
1926,MR13 MR11 MR02 MR04 MR08 MR07 MR09 MR10 MR12 MR06 MR14,11,29,29,1.00000000
1927,MR13 MR02 MR04 MR08 MR07 MR06 MR09 MR10 MR11 MR12,10,23,20,0.86956522
1928,MR13 MR11 MR02 MR04 MR08 MR07 MR12 MR09 MR10 MR14 MR06,11,23,23,1.00000000
1929,MR13 MR11 MR02 MR04 MR08 MR07 MR14 MR09 MR10 MR12 MR06,11,25,25,1.00000000
1930,MR13 MR11 MR02 MR04 MR08 MR14 MR07 MR09 MR10 MR06 MR12,11,23,23,1.00000000
1931,MR13 MR02 MR04 MR06 MR08 MR14 MR07 MR09 MR10 MR11 MR12,11,22,22,1.00000000
1932,MR12 MR11 MR10 MR02 MR08 MR14 MR04 MR06 MR09 MR13 MR07,11,20,20,1.00000000
1933,MR13 MR02 MR04 MR08 MR06 MR11 MR09 MR10 MR14 MR07 MR12,11,25,25,1.00000000
1934,MR13 MR11 MR02 MR04 MR08 MR12 MR07 MR09 MR10 MR14 MR06,11,22,22,1.00000000
1935,MR13 MR02 MR04 MR08 MR11 MR14 MR06 MR07 MR09 MR10 MR12,11,23,23,1.00000000
1936,MR13 MR02 MR04 MR08 MR11 MR06 MR07 MR09 MR10 MR12 MR14,11,28,28,1.00000000
1937,MR13 MR02 MR04 MR08 MR06 MR14 MR11 MR07 MR09 MR10 MR12,11,27,27,1.00000000
1938,MR13 MR11 MR02 MR04 MR08 MR09 MR10 MR12 MR06 MR07 MR14,11,23,23,1.00000000
1939,MR12 MR10 MR02 MR08 MR06 MR07 MR11 MR04 MR09 MR13 MR14,11,25,25,1.00000000
1940,MR13 MR02 MR04 MR08 MR07 MR12 MR11 MR14 MR06 MR09 MR10,11,24,24,1.00000000
1941,MR13 MR02 MR04 MR08 MR11 MR06 MR07 MR09 MR10 MR12 MR14,11,19,19,1.00000000
1942,MR13 MR02 MR04 MR08 MR11 MR07 MR12 MR06 MR09 MR10 MR14,11,29,29,1.00000000
1943,MR13 MR02 MR04 MR06 MR08 MR11 MR09 MR10 MR07 MR12 MR14,11,25,25,1.00000000
1944,MR08 MR10 MR02 MR11 MR14 MR04 MR06 MR07 MR09 MR12 MR13,11,28,28,1.00000000
1945,MR13 MR02 MR04 MR08 MR07 MR06 MR12 MR09 MR10 MR11 MR14,11,21,21,1.00000000
1946,MR13 MR02 MR04 MR08 MR11 MR14 MR07 MR06 MR09 MR10 MR12,11,24,24,1.00000000
1947,MR13 MR02 MR04 MR08 MR07 MR06 MR09 MR10 MR11 MR14 MR12,11,22,22,1.00000000
1948,MR12 MR10 MR11 MR02 MR08 MR06 MR04 MR09 MR13 MR07 MR14,11,25,25,1.00000000
1949,MR13 MR11 MR02 MR04 MR08 MR12 MR09 MR10 MR06 MR07 MR14,11,25,25,1.00000000
1950,MR08 MR10 MR11 MR02 MR07 MR12 MR13 MR14 MR04 MR09,10,29,26,0.89655172
1951,MR13 MR02 MR04 MR07 MR08 MR11 MR12 MR09 MR10 MR06 MR14,11,17,17,1.00000000
1952,MR13 MR11 MR02 MR04 MR08 MR06 MR09 MR10 MR14 MR12 MR07,11,26,26,1.00000000
1953,MR13 MR11 MR02 MR04 MR08 MR12 MR06 MR09 MR10 MR07 MR14,11,29,29,1.00000000
1954,MR13 MR11 MR02 MR04 MR08 MR12 MR07 MR09 MR10 MR14 MR06,11,25,25,1.00000000
1955,MR12 MR10 MR11 MR02 MR08 MR06 MR04 MR09 MR13 MR07 MR14,11,22,22,1.00000000
1956,MR13 MR02 MR04 MR06 MR08 MR11 MR12 MR09 MR10 MR07 MR14,11,26,26,1.00000000
1957,MR13 MR02 MR04 MR08 MR06 MR11 MR09 MR10 MR07 MR12 MR14,11,26,26,1.00000000
1958,MR13 MR11 MR02 MR04 MR08 MR07 MR09 MR10 MR14 MR12 MR06,11,23,23,1.00000000
1959,MR13 MR02 MR04 MR08 MR06 MR11 MR14 MR07 MR09 MR10 MR12,11,27,27,1.00000000
1960,MR08 MR10 MR11 MR02 MR14 MR04 MR06 MR09 MR12 MR13 MR07,11,26,26,1.00000000
1961,MR13 MR02 MR04 MR08 MR07 MR11 MR12 MR06 MR09 MR10 MR14,11,28,28,1.00000000
1962,MR13 MR02 MR04 MR08 MR07 MR06 MR09 MR10 MR11 MR12 MR14,11,25,25,1.00000000
1963,MR13 MR11 MR02 MR04 MR08 MR06 MR09 MR10 MR14 MR12,10,17,14,0.82352941
1964,MR12 MR10 MR02 MR06 MR08 MR11 MR13 MR14 MR04 MR09 MR07,11,24,24,1.00000000
1965,MR13 MR02 MR04 MR08 MR07 MR11 MR06 MR09 MR10 MR12 MR14,11,19,19,1.00000000
1966,MR13 MR02 MR04 MR08 MR14 MR07 MR11 MR09 MR10 MR06 MR12,11,27,27,1.00000000
1967,MR13 MR02 MR04 MR08 MR11 MR06 MR07 MR09 MR10 MR12 MR14,11,22,22,1.00000000
1968,MR13 MR02 MR04 MR08 MR11 MR14 MR06 MR07 MR09 MR10 MR12,11,25,25,1.00000000
1969,MR13 MR02 MR04 MR08 MR11 MR07 MR12 MR06 MR09 MR10 MR14,11,29,29,1.00000000
1970,MR12 MR10 MR02 MR08 MR11 MR13 MR04 MR06 MR07 MR09 MR14,11,25,25,1.00000000
1971,MR05 MR02 MR04 MR07 MR08 MR06 MR09 MR10 MR11 MR14 MR12,11,25,22,0.88000000
1972,MR13 MR11 MR02 MR04 MR08 MR12 MR09 MR10 MR14 MR07 MR06,11,21,21,1.00000000
1973,MR13 MR02 MR04 MR06 MR08 MR07 MR09 MR10 MR11 MR12 MR14,11,26,26,1.00000000
1974,MR13 MR11 MR02 MR04 MR08 MR07 MR09 MR10 MR12 MR06 MR14,11,21,21,1.00000000
1975,MR13 MR11 MR02 MR04 MR08 MR14 MR09 MR10 MR06 MR07 MR12,11,26,26,1.00000000
1976,MR13 MR06 MR02 MR04 MR08 MR09 MR10 MR11 MR14 MR07 MR12,11,22,22,1.00000000
1977,MR12 MR11 MR02 MR04 MR08 MR06 MR09 MR10 MR13 MR14 MR07,11,21,21,1.00000000
1978,MR13 MR02 MR04 MR08 MR07 MR11 MR12 MR06 MR09 MR10 MR14,11,26,26,1.00000000
1979,MR13 MR02 MR04 MR08 MR11 MR06 MR07 MR09 MR10 MR12 MR14,11,23,23,1.00000000
1980,MR13 MR11 MR02 MR04 MR08 MR09 MR10 MR12 MR06 MR07 MR14,11,28,28,1.00000000
1981,MR13 MR02 MR04 MR08 MR11 MR14 MR12 MR06 MR07 MR09 MR10,11,24,24,1.00000000
1982,MR08 MR10 MR02 MR06 MR12 MR13 MR11 MR14 MR04 MR07 MR09,11,27,27,1.00000000
1983,MR13 MR02 MR04 MR08 MR06 MR07 MR12 MR09 MR10 MR11,10,26,23,0.88461538
1984,MR13 MR11 MR02 MR04 MR08 MR06 MR09 MR10 MR07 MR12,10,23,20,0.86956522
1985,MR12 MR10 MR02 MR08 MR11 MR14 MR06 MR04 MR07 MR09,10,24,20,0.83333333
1986,MR12 MR02 MR04 MR08 MR11 MR07 MR14 MR06 MR09 MR10 MR13,11,29,29,1.00000000
1987,MR08 MR10 MR11 MR02 MR07 MR12 MR14 MR04 MR09 MR13 MR06,11,22,22,1.00000000
1988,MR12 MR07 MR10 MR02 MR08 MR11 MR04 MR09 MR14 MR13 MR06,11,23,23,1.00000000
1989,MR08 MR10 MR02 MR11 MR12 MR07 MR14 MR04 MR09 MR13 MR06,11,21,21,1.00000000
1990,MR12 MR10 MR02 MR08 MR11 MR06 MR13 MR04 MR07 MR09 MR14,11,23,23,1.00000000
1991,MR05 MR02 MR04 MR08 MR07 MR11 MR12 MR09 MR10 MR14 MR06,11,27,24,0.88888889
1992,MR13 MR02 MR04 MR08 MR11 MR06 MR14 MR09 MR10 MR07 MR12,11,23,23,1.00000000
1993,MR12 MR10 MR11 MR02 MR08 MR04 MR06 MR09 MR14 MR07 MR13,11,21,21,1.00000000
1994,MR13 MR02 MR04 MR08 MR07 MR11 MR14 MR09 MR10 MR12 MR06,11,24,24,1.00000000
1995,MR13 MR02 MR04 MR08 MR11 MR06 MR07 MR09 MR10 MR14 MR12,11,25,25,1.00000000
1996,MR13 MR02 MR04 MR08 MR11 MR07 MR06 MR09 MR10 MR14 MR12,11,21,21,1.00000000
1997,MR13 MR02 MR04 MR08 MR11 MR12 MR06 MR09 MR10 MR07 MR14,11,20,20,1.00000000
1998,MR13 MR11 MR02 MR04 MR08 MR14 MR06 MR09 MR10 MR12,10,25,22,0.88000000
1999,MR12 MR02 MR04 MR08 MR11 MR06 MR07 MR09 MR10 MR13,10,23,20,0.86956522
2000,MR12 MR10 MR02 MR08 MR14 MR11 MR07 MR04 MR06 MR09 MR13,11,23,23,1.00000000
2001,MR13 MR11 MR02 MR04 MR08 MR14 MR09 MR10 MR12 MR06 MR07,11,17,17,1.00000000
2002,MR12 MR11 MR10 MR02 MR08 MR14 MR04 MR06 MR09 MR07,10,29,25,0.86206897
2003,MR12 MR10 MR02 MR08 MR06 MR11 MR04 MR07 MR09 MR13 MR14,11,19,19,1.00000000
2004,MR13 MR02 MR04 MR08 MR11 MR06 MR09 MR10 MR12 MR14 MR07,11,25,25,1.00000000
2005,MR12 MR02 MR04 MR08 MR11 MR07 MR09 MR10 MR13 MR06 MR14,11,19,19,1.00000000
2006,MR12 MR11 MR10 MR02 MR08 MR04 MR07 MR09 MR14 MR06,10,28,24,0.85714286
2007,MR12 MR10 MR02 MR07 MR08 MR14 MR11 MR04 MR09 MR06 MR05,11,28,25,0.89285714
2008,MR13 MR11 MR02 MR04 MR08 MR06 MR09 MR10 MR12 MR14 MR07,11,21,21,1.00000000
2009,MR13 MR11 MR02 MR04 MR08 MR09 MR10 MR12 MR07 MR06 MR14,11,23,23,1.00000000
2010,MR13 MR11 MR02 MR04 MR08 MR09 MR10 MR12 MR06 MR14 MR07,11,27,27,1.00000000
2011,MR12 MR10 MR11 MR02 MR08 MR04 MR06 MR09 MR14 MR07 MR13,11,21,21,1.00000000
2012,MR13 MR02 MR04 MR08 MR11 MR06 MR07 MR09 MR10 MR12 MR14,11,23,23,1.00000000
2013,MR13 MR02 MR04 MR08 MR11 MR06 MR14 MR09 MR10 MR12 MR07,11,24,24,1.00000000
2014,MR12 MR10 MR02 MR08 MR11 MR07 MR04 MR06 MR09 MR14 MR13,11,25,25,1.00000000
2015,MR13 MR11 MR02 MR04 MR08 MR07 MR09 MR10 MR14 MR12 MR06,11,24,24,1.00000000
2016,MR13 MR02 MR04 MR07 MR08 MR11 MR09 MR10 MR12 MR14 MR06,11,24,24,1.00000000
2017,MR13 MR11 MR02 MR04 MR08 MR06 MR09 MR10 MR12 MR14,10,20,17,0.85000000
2018,MR12 MR10 MR11 MR02 MR08 MR04 MR09 MR06 MR07 MR13 MR14,11,23,23,1.00000000
2019,MR13 MR02 MR04 MR07 MR08 MR14 MR06 MR09 MR10 MR12 MR11,11,30,30,1.00000000
2020,MR12 MR10 MR02 MR08 MR11 MR06 MR14 MR04 MR09 MR07 MR13,11,23,23,1.00000000
2021,MR13 MR11 MR02 MR04 MR08 MR07 MR09 MR10 MR14 MR06 MR12,11,25,25,1.00000000
2022,MR12 MR10 MR02 MR08 MR07 MR11 MR04 MR06 MR09 MR05 MR14,11,22,19,0.86363636
2023,MR14 MR10 MR02 MR08 MR11 MR07 MR12 MR13 MR04 MR06 MR09,11,25,25,1.00000000
2024,MR13 MR11 MR02 MR04 MR08 MR12 MR07 MR09 MR10 MR06 MR14,11,24,24,1.00000000
2025,MR13 MR02 MR04 MR08 MR07 MR06 MR09 MR10 MR11 MR14 MR12,11,25,25,1.00000000
2026,MR12 MR10 MR02 MR06 MR08 MR11 MR14 MR04 MR09 MR13,10,22,19,0.86363636
2027,MR13 MR02 MR04 MR06 MR08 MR11 MR14 MR09 MR10 MR07 MR12,11,18,18,1.00000000
2028,MR13 MR02 MR04 MR08 MR11 MR06 MR07 MR09 MR10 MR14 MR12,11,23,23,1.00000000
2029,MR12 MR11 MR10 MR02 MR08 MR13 MR04 MR07 MR09 MR06 MR14,11,23,23,1.00000000
2030,MR13 MR02 MR04 MR08 MR11 MR12 MR06 MR07 MR09 MR10 MR14,11,28,28,1.00000000
2031,MR13 MR02 MR04 MR08 MR11 MR14 MR07 MR06 MR09 MR10 MR12,11,26,26,1.00000000
2032,MR12 MR02 MR04 MR08 MR11 MR14 MR06 MR07 MR09 MR10 MR13,11,29,29,1.00000000
2033,MR12 MR02 MR04 MR08 MR11 MR06 MR09 MR10 MR13 MR14 MR07,11,27,27,1.00000000
2034,MR13 MR11 MR02 MR04 MR08 MR14 MR06 MR09 MR10 MR12 MR07,11,21,21,1.00000000
2035,MR05 MR11 MR02 MR04 MR08 MR14 MR09 MR10 MR06 MR07 MR12,11,22,19,0.86363636
2036,MR13 MR11 MR02 MR04 MR08 MR12 MR14 MR07 MR09 MR10 MR06,11,24,24,1.00000000
2037,MR12 MR10 MR02 MR08 MR14 MR11 MR07 MR04 MR06 MR09 MR13,11,24,24,1.00000000
2038,MR08 MR10 MR11 MR02 MR14 MR04 MR07 MR09 MR06 MR12 MR13,11,27,27,1.00000000
2039,MR13 MR02 MR04 MR08 MR11 MR14 MR07 MR06 MR09 MR10 MR12,11,20,20,1.00000000
2040,MR13 MR02 MR04 MR08 MR11 MR07 MR09 MR10 MR12 MR06 MR14,11,21,21,1.00000000
2041,MR13 MR11 MR02 MR04 MR08 MR09 MR10 MR06 MR07 MR12 MR14,11,25,25,1.00000000
2042,MR13 MR11 MR02 MR04 MR08 MR07 MR09 MR10 MR12 MR14 MR06,11,20,20,1.00000000
2043,MR13 MR11 MR02 MR04 MR08 MR09 MR10 MR14 MR06 MR07 MR12,11,24,24,1.00000000
2044,MR13 MR11 MR02 MR04 MR08 MR09 MR10 MR07 MR12 MR14 MR06,11,24,24,1.00000000
2045,MR13 MR02 MR04 MR08 MR07 MR06 MR14 MR09 MR10 MR11 MR12,11,22,22,1.00000000
2046,MR13 MR11 MR02 MR04 MR08 MR14 MR06 MR09 MR10 MR07 MR12,11,24,24,1.00000000
2047,MR13 MR02 MR04 MR06 MR08 MR11 MR09 MR10 MR14 MR07,10,23,20,0.86956522
2048,MR13 MR11 MR02 MR04 MR08 MR09 MR10 MR12 MR14 MR07 MR06,11,20,20,1.00000000
2049,MR13 MR11 MR02 MR04 MR08 MR09 MR10 MR14 MR06 MR07 MR12,11,26,26,1.00000000
2050,MR13 MR06 MR14 MR02 MR04 MR08 MR09 MR10 MR11 MR12 MR07,11,30,30,1.00000000
2051,MR13 MR11 MR02 MR04 MR08 MR12 MR09 MR10 MR06 MR07 MR14,11,24,24,1.00000000
2052,MR08 MR11 MR10 MR02 MR14 MR12 MR04 MR09 MR06 MR13,10,25,22,0.88000000
2053,MR13 MR11 MR02 MR04 MR08 MR07 MR09 MR10 MR12 MR14 MR06,11,23,23,1.00000000
2054,MR13 MR11 MR02 MR04 MR08 MR12 MR06 MR09 MR10 MR14 MR07,11,26,26,1.00000000
2055,MR13 MR11 MR02 MR04 MR08 MR14 MR09 MR10 MR06 MR12 MR07,11,19,19,1.00000000
2056,MR13 MR11 MR02 MR04 MR08 MR06 MR09 MR10 MR14 MR12,10,24,21,0.87500000
2057,MR13 MR02 MR04 MR08 MR11 MR07 MR12 MR09 MR10 MR06 MR14,11,22,22,1.00000000
2058,MR13 MR02 MR04 MR08 MR06 MR11 MR07 MR09 MR10 MR14 MR12,11,30,30,1.00000000
2059,MR12 MR11 MR02 MR04 MR08 MR06 MR14 MR09 MR10 MR13,10,28,25,0.89285714
2060,MR13 MR02 MR04 MR08 MR11 MR07 MR14 MR06 MR09 MR10 MR12,11,20,20,1.00000000
2061,MR13 MR02 MR04 MR08 MR11 MR07 MR14 MR06 MR09 MR10 MR12,11,19,19,1.00000000
2062,MR13 MR11 MR02 MR04 MR08 MR07 MR09 MR10 MR06 MR12 MR14,11,25,25,1.00000000
2063,MR13 MR02 MR04 MR08 MR11 MR06 MR09 MR10 MR12 MR07 MR14,11,21,21,1.00000000
2064,MR13 MR11 MR02 MR04 MR08 MR12 MR06 MR09 MR10 MR14 MR07,11,22,22,1.00000000
2065,MR12 MR10 MR02 MR08 MR11 MR06 MR14 MR04 MR09 MR07,10,25,21,0.84000000
2066,MR13 MR11 MR02 MR04 MR08 MR09 MR10 MR12 MR07 MR14 MR06,11,27,27,1.00000000
2067,MR13 MR02 MR04 MR08 MR11 MR07 MR14 MR09 MR10 MR12 MR06,11,22,22,1.00000000
2068,MR13 MR02 MR04 MR08 MR06 MR11 MR07 MR09 MR10 MR12 MR14,11,24,24,1.00000000
2069,MR08 MR10 MR02 MR07 MR11 MR12 MR13 MR14 MR04 MR06 MR09,11,22,22,1.00000000
2070,MR12 MR11 MR02 MR04 MR08 MR14 MR06 MR09 MR10 MR07 MR13,11,20,20,1.00000000
2071,MR13 MR11 MR02 MR04 MR08 MR07 MR09 MR10 MR12 MR14,10,23,20,0.86956522
2072,MR08 MR10 MR11 MR02 MR12 MR04 MR06 MR09 MR14 MR07 MR13,11,27,27,1.00000000
2073,MR12 MR02 MR04 MR07 MR08 MR06 MR13 MR14 MR09 MR10 MR11,11,23,23,1.00000000
2074,MR08 MR10 MR02 MR06 MR11 MR12 MR04 MR09 MR07 MR13 MR14,11,27,27,1.00000000
2075,MR13 MR02 MR04 MR08 MR06 MR11 MR09 MR10 MR12 MR07 MR14,11,21,21,1.00000000
2076,MR14 MR10 MR02 MR08 MR11 MR07 MR04 MR06 MR09 MR12 MR13,11,27,27,1.00000000
2077,MR13 MR02 MR04 MR06 MR08 MR11 MR12 MR09 MR10 MR07 MR14,11,26,26,1.00000000
2078,MR13 MR02 MR04 MR08 MR11 MR12 MR14 MR06 MR07 MR09 MR10,11,20,20,1.00000000
2079,MR13 MR11 MR02 MR04 MR08 MR14 MR09 MR10 MR12 MR06 MR07,11,23,23,1.00000000
2080,MR13 MR11 MR02 MR04 MR08 MR07 MR09 MR10 MR12 MR06 MR14,11,27,27,1.00000000
2081,MR13 MR11 MR02 MR04 MR08 MR07 MR14 MR09 MR10 MR06 MR12,11,21,21,1.00000000
2082,MR13 MR02 MR04 MR08 MR11 MR06 MR07 MR09 MR10 MR12 MR14,11,23,23,1.00000000
2083,MR13 MR02 MR04 MR08 MR11 MR12 MR06 MR07 MR09 MR10 MR14,11,22,22,1.00000000
2084,MR14 MR10 MR02 MR08 MR06 MR07 MR11 MR04 MR09 MR12 MR13,11,23,23,1.00000000
2085,MR13 MR11 MR02 MR04 MR08 MR14 MR06 MR09 MR10 MR07,10,29,26,0.89655172
2086,MR08 MR10 MR02 MR11 MR07 MR14 MR04 MR09 MR12 MR13 MR06,11,26,26,1.00000000
2087,MR12 MR10 MR02 MR07 MR08 MR11 MR04 MR09 MR14 MR13 MR06,11,26,26,1.00000000
2088,MR12 MR10 MR11 MR14 MR02 MR08 MR04 MR07 MR09 MR06 MR13,11,25,25,1.00000000
2089,MR13 MR11 MR14 MR02 MR04 MR08 MR09 MR10 MR06,9,26,20,0.76923077
2090,MR13 MR02 MR04 MR08 MR11 MR07 MR06 MR09 MR10 MR14 MR12,11,25,25,1.00000000
2091,MR06 MR10 MR02 MR08 MR14 MR11 MR04 MR09 MR12 MR13 MR07,11,24,24,1.00000000
2092,MR13 MR11 MR02 MR04 MR08 MR09 MR10 MR06 MR07 MR14,10,30,27,0.90000000
2093,MR13 MR02 MR04 MR08 MR11 MR06 MR07 MR09 MR10 MR14 MR12,11,24,24,1.00000000
2094,MR12 MR10 MR02 MR08 MR11 MR07 MR13 MR04 MR09 MR06 MR14,11,21,21,1.00000000
2095,MR12 MR10 MR11 MR02 MR08 MR04 MR06 MR09 MR07 MR14 MR13,11,29,29,1.00000000
2096,MR13 MR02 MR04 MR08 MR14 MR07 MR11 MR06 MR09 MR10 MR12,11,25,25,1.00000000
2097,MR13 MR02 MR04 MR08 MR06 MR11 MR07 MR09 MR10 MR14 MR12,11,26,26,1.00000000
2098,MR13 MR11 MR02 MR04 MR08 MR14 MR06 MR09 MR10,9,25,19,0.76000000
2099,MR12 MR10 MR02 MR08 MR07 MR11 MR13 MR04 MR06 MR09 MR14,11,22,22,1.00000000
2100,MR13 MR11 MR02 MR04 MR08 MR06 MR09 MR10 MR12 MR14 MR07,11,26,26,1.00000000
2101,MR13 MR02 MR04 MR06 MR08 MR07 MR09 MR10 MR11 MR12 MR14,11,21,21,1.00000000
2102,MR13 MR11 MR02 MR04 MR08 MR06 MR14 MR09 MR10 MR12 MR07,11,23,23,1.00000000
2103,MR13 MR02 MR04 MR08 MR11 MR06 MR07 MR09 MR10 MR14 MR12,11,22,22,1.00000000
2104,MR13 MR02 MR04 MR08 MR06 MR11 MR12 MR09 MR10 MR14 MR07,11,23,23,1.00000000
2105,MR08 MR10 MR02 MR11 MR12 MR13 MR14 MR04 MR06 MR07 MR09,11,23,23,1.00000000
2106,MR12 MR10 MR02 MR07 MR08 MR11 MR04 MR09 MR13 MR14 MR06,11,24,24,1.00000000
2107,MR13 MR02 MR04 MR08 MR11 MR12 MR06 MR07 MR09 MR10 MR14,11,27,27,1.00000000
2108,MR13 MR11 MR02 MR04 MR08 MR14 MR07 MR09 MR10 MR12 MR06,11,23,23,1.00000000
2109,MR13 MR11 MR02 MR04 MR08 MR06 MR09 MR10 MR12 MR07 MR14,11,20,20,1.00000000
2110,MR13 MR02 MR04 MR08 MR11 MR06 MR09 MR10 MR12 MR14 MR07,11,29,29,1.00000000
2111,MR13 MR02 MR04 MR08 MR11 MR07 MR09 MR10 MR12 MR14 MR06,11,23,23,1.00000000
2112,MR13 MR11 MR02 MR04 MR08 MR06 MR12 MR14 MR09 MR10 MR07,11,19,19,1.00000000
2113,MR13 MR02 MR04 MR08 MR06 MR11 MR14 MR07 MR09 MR10 MR12,11,28,28,1.00000000
2114,MR13 MR02 MR04 MR08 MR11 MR07 MR12 MR09 MR10 MR14 MR06,11,26,26,1.00000000
2115,MR13 MR02 MR04 MR08 MR11 MR06 MR07 MR09 MR10 MR12 MR14,11,25,25,1.00000000
2116,MR05 MR02 MR04 MR08 MR07 MR11 MR09 MR10 MR12 MR14 MR06,11,21,18,0.85714286
2117,MR12 MR06 MR10 MR02 MR08 MR13 MR04 MR07 MR09 MR14 MR11,11,20,20,1.00000000
2118,MR13 MR11 MR02 MR04 MR08 MR06 MR12 MR09 MR10 MR14,10,26,23,0.88461538
2119,MR08 MR04 MR02 MR11 MR07 MR12 MR13 MR14 MR09 MR10 MR06,11,24,24,1.00000000
2120,MR13 MR02 MR04 MR08 MR11 MR07 MR09 MR10 MR06 MR12 MR14,11,22,22,1.00000000
2121,MR13 MR11 MR02 MR04 MR08 MR14 MR06 MR09 MR10 MR12 MR07,11,24,24,1.00000000
2122,MR12 MR10 MR02 MR08 MR11 MR13 MR04 MR06 MR07 MR09 MR14,11,25,25,1.00000000
2123,MR12 MR10 MR11 MR02 MR08 MR07 MR04 MR09 MR13 MR14 MR06,11,21,21,1.00000000
2124,MR13 MR02 MR04 MR08 MR11 MR07 MR09 MR10 MR12 MR06 MR14,11,23,23,1.00000000
2125,MR13 MR02 MR04 MR06 MR08 MR14 MR11 MR12 MR09 MR10 MR07,11,24,24,1.00000000
2126,MR13 MR02 MR04 MR08 MR11 MR14 MR07 MR09 MR10 MR12 MR06,11,27,27,1.00000000
2127,MR08 MR10 MR11 MR02 MR14 MR06 MR12 MR04 MR09 MR13 MR07,11,25,25,1.00000000
2128,MR13 MR02 MR04 MR08 MR11 MR07 MR12 MR09 MR10 MR14 MR06,11,25,25,1.00000000
2129,MR13 MR02 MR04 MR08 MR11 MR07 MR06 MR09 MR10 MR14,10,23,20,0.86956522
2130,MR13 MR02 MR04 MR08 MR11 MR12 MR06 MR07 MR09 MR10 MR14,11,19,19,1.00000000
2131,MR13 MR11 MR02 MR04 MR08 MR14 MR06 MR09 MR10 MR12 MR07,11,25,25,1.00000000
2132,MR13 MR02 MR04 MR08 MR11 MR12 MR06 MR07 MR09 MR10 MR14,11,19,19,1.00000000
2133,MR13 MR02 MR04 MR08 MR07 MR11 MR06 MR09 MR10 MR14,10,24,21,0.87500000
2134,MR13 MR02 MR04 MR07 MR08 MR11 MR14 MR09 MR10 MR06 MR12,11,25,25,1.00000000
2135,MR13 MR02 MR04 MR08 MR06 MR11 MR07 MR09 MR10 MR14 MR12,11,27,27,1.00000000
2136,MR13 MR02 MR04 MR08 MR11 MR07 MR12 MR06 MR09 MR10 MR14,11,27,27,1.00000000
2137,MR13 MR02 MR04 MR08 MR07 MR11 MR09 MR10 MR06 MR12 MR14,11,24,24,1.00000000
2138,MR13 MR02 MR04 MR06 MR08 MR11 MR09 MR10 MR12 MR07,10,23,20,0.86956522
2139,MR13 MR02 MR04 MR08 MR11 MR06 MR12 MR09 MR10 MR07 MR14,11,27,27,1.00000000
2140,MR12 MR10 MR02 MR08 MR07 MR11 MR04 MR09 MR14 MR06 MR13,11,25,25,1.00000000
2141,MR12 MR10 MR02 MR08 MR07 MR06 MR13 MR04 MR09 MR11 MR14,11,26,26,1.00000000
2142,MR13 MR02 MR04 MR08 MR11 MR07 MR14 MR09 MR10 MR06 MR12,11,23,23,1.00000000
2143,MR13 MR02 MR04 MR07 MR08 MR11 MR09 MR10 MR06 MR14 MR12,11,23,23,1.00000000
2144,MR13 MR07 MR02 MR04 MR08 MR11 MR09 MR10 MR12 MR06 MR14,11,25,25,1.00000000
2145,MR13 MR06 MR02 MR04 MR08 MR11 MR09 MR10 MR14 MR12 MR07,11,22,22,1.00000000
2146,MR13 MR11 MR02 MR04 MR08 MR06 MR09 MR10 MR12 MR14,10,24,21,0.87500000
2147,MR13 MR11 MR02 MR04 MR08 MR14 MR07 MR09 MR10 MR12 MR06,11,21,21,1.00000000
2148,MR13 MR14 MR02 MR04 MR08 MR11 MR06 MR07 MR09 MR10 MR12,11,29,29,1.00000000
2149,MR13 MR11 MR02 MR04 MR08 MR14 MR07 MR09 MR10 MR12,10,21,18,0.85714286
2150,MR13 MR11 MR02 MR04 MR08 MR14 MR06 MR09 MR10 MR07 MR12,11,24,24,1.00000000
2151,MR13 MR11 MR02 MR04 MR08 MR14 MR07 MR09 MR10 MR06 MR12,11,26,26,1.00000000
2152,MR13 MR11 MR02 MR04 MR08 MR12 MR09 MR10 MR06 MR07,10,25,22,0.88000000
2153,MR08 MR11 MR10 MR02 MR14 MR13 MR04 MR09 MR12 MR06 MR07,11,26,26,1.00000000
2154,MR13 MR02 MR04 MR08 MR11 MR06 MR14 MR09 MR10 MR07 MR12,11,19,19,1.00000000
2155,MR13 MR02 MR04 MR08 MR11 MR14 MR06 MR07 MR09 MR10 MR12,11,28,28,1.00000000
2156,MR13 MR02 MR04 MR08 MR11 MR06 MR14 MR07 MR09 MR10 MR12,11,22,22,1.00000000
2157,MR13 MR02 MR04 MR08 MR11 MR06 MR12 MR14 MR09 MR10 MR07,11,23,23,1.00000000
2158,MR13 MR02 MR04 MR08 MR11 MR07 MR12 MR06 MR09 MR10 MR14,11,22,22,1.00000000
2159,MR13 MR02 MR04 MR08 MR11 MR06 MR07 MR09 MR10 MR12 MR14,11,26,26,1.00000000
2160,MR13 MR02 MR04 MR07 MR08 MR11 MR14 MR09 MR10 MR12,10,22,19,0.86363636
2161,MR13 MR02 MR04 MR08 MR06 MR07 MR11 MR12 MR09 MR10 MR14,11,25,25,1.00000000
2162,MR05 MR11 MR02 MR04 MR08 MR14 MR07 MR09 MR10 MR06 MR12,11,25,22,0.88000000
2163,MR12 MR10 MR02 MR08 MR11 MR06 MR04 MR09 MR14 MR07 MR13,11,24,24,1.00000000
2164,MR13 MR11 MR02 MR04 MR08 MR07 MR09 MR10 MR14 MR12,10,30,27,0.90000000
2165,MR12 MR10 MR02 MR08 MR11 MR06 MR04 MR07 MR09 MR13 MR14,11,23,23,1.00000000
2166,MR05 MR02 MR04 MR08 MR11 MR06 MR07 MR09 MR10 MR12 MR14,11,24,21,0.87500000
2167,MR12 MR10 MR02 MR08 MR11 MR07 MR04 MR09 MR14 MR06 MR05,11,28,25,0.89285714
2168,MR05 MR02 MR04 MR08 MR11 MR07 MR12 MR06 MR09 MR10 MR14,11,24,21,0.87500000
2169,MR13 MR06 MR02 MR04 MR08 MR09 MR10 MR11 MR14 MR07 MR12,11,27,27,1.00000000
2170,MR08 MR10 MR02 MR06 MR12 MR14 MR11 MR04 MR07 MR09 MR13,11,25,25,1.00000000
2171,MR13 MR11 MR02 MR04 MR08 MR09 MR10 MR06 MR07 MR14,10,24,21,0.87500000
2172,MR13 MR02 MR04 MR07 MR08 MR06 MR14 MR09 MR10 MR12 MR11,11,30,30,1.00000000
2173,MR13 MR11 MR02 MR04 MR08 MR12 MR09 MR10 MR06 MR07,10,21,18,0.85714286
2174,MR13 MR11 MR02 MR04 MR08 MR07 MR09 MR10 MR14 MR12,10,26,23,0.88461538
2175,MR13 MR02 MR04 MR08 MR06 MR11 MR14 MR09 MR10 MR07,10,21,18,0.85714286
2176,MR13 MR02 MR04 MR08 MR11 MR07 MR09 MR10 MR12 MR06 MR14,11,23,23,1.00000000
2177,MR08 MR10 MR11 MR02 MR04 MR09 MR12 MR14 MR07 MR13 MR06,11,21,21,1.00000000
2178,MR12 MR10 MR02 MR07 MR08 MR11 MR13 MR04 MR09 MR06 MR14,11,22,22,1.00000000
2179,MR13 MR02 MR04 MR08 MR11 MR12 MR06 MR14 MR09 MR10 MR07,11,24,24,1.00000000
2180,MR13 MR11 MR02 MR04 MR08 MR12 MR09 MR10 MR06 MR07 MR14,11,27,27,1.00000000
2181,MR13 MR02 MR04 MR08 MR11 MR07 MR12 MR09 MR10 MR14 MR06,11,21,21,1.00000000
2182,MR13 MR02 MR04 MR08 MR11 MR14 MR06 MR09 MR10 MR07 MR12,11,20,20,1.00000000
2183,MR12 MR10 MR02 MR08 MR07 MR06 MR04 MR09 MR11 MR14 MR13,11,26,26,1.00000000
2184,MR12 MR10 MR02 MR08 MR11 MR04 MR06 MR07 MR09 MR13 MR14,11,26,26,1.00000000
2185,MR13 MR11 MR02 MR04 MR08 MR07 MR12 MR09 MR10 MR06,10,26,23,0.88461538
2186,MR12 MR02 MR04 MR08 MR11 MR07 MR13 MR09 MR10 MR06 MR14,11,28,28,1.00000000
2187,MR13 MR11 MR02 MR04 MR08 MR12 MR07 MR09 MR10 MR06 MR14,11,21,21,1.00000000
2188,MR13 MR02 MR04 MR08 MR06 MR11 MR14 MR07 MR09 MR10 MR12,11,22,22,1.00000000
2189,MR13 MR02 MR04 MR08 MR06 MR11 MR14 MR09 MR10 MR07 MR12,11,23,23,1.00000000
2190,MR13 MR02 MR04 MR08 MR11 MR06 MR07 MR09 MR10 MR14 MR12,11,21,21,1.00000000
2191,MR13 MR11 MR02 MR04 MR08 MR06 MR09 MR10 MR12 MR07 MR14,11,21,21,1.00000000
2192,MR13 MR02 MR04 MR08 MR06 MR07 MR11 MR09 MR10 MR12 MR14,11,24,24,1.00000000
2193,MR13 MR02 MR04 MR08 MR07 MR12 MR06 MR09 MR10 MR11 MR14,11,20,20,1.00000000
2194,MR13 MR11 MR02 MR04 MR08 MR07 MR09 MR10 MR12 MR14 MR06,11,22,22,1.00000000
2195,MR13 MR02 MR04 MR08 MR11 MR07 MR09 MR10 MR06 MR12 MR14,11,29,29,1.00000000
2196,MR13 MR11 MR02 MR04 MR08 MR12 MR07 MR09 MR10 MR14 MR06,11,24,24,1.00000000
2197,MR13 MR02 MR04 MR08 MR12 MR06 MR07 MR11 MR09 MR10 MR14,11,21,21,1.00000000
2198,MR13 MR02 MR04 MR08 MR11 MR14 MR06 MR09 MR10 MR07 MR12,11,27,27,1.00000000
2199,MR13 MR02 MR04 MR08 MR11 MR06 MR07 MR09 MR10 MR14 MR12,11,25,25,1.00000000
2200,MR13 MR11 MR02 MR04 MR08 MR09 MR10 MR12 MR14 MR07,10,19,16,0.84210526
2201,MR13 MR02 MR04 MR08 MR11 MR06 MR07 MR09 MR10 MR14 MR12,11,20,20,1.00000000
2202,MR13 MR02 MR04 MR08 MR06 MR07 MR11 MR12 MR09 MR10 MR14,11,20,20,1.00000000
2203,MR13 MR11 MR02 MR04 MR08 MR07 MR12 MR09 MR10 MR06 MR14,11,22,22,1.00000000
2204,MR13 MR02 MR04 MR08 MR11 MR06 MR14 MR09 MR10 MR12 MR07,11,26,26,1.00000000
2205,MR12 MR10 MR02 MR08 MR07 MR11 MR04 MR09 MR14 MR06 MR13,11,22,22,1.00000000
2206,MR13 MR02 MR04 MR08 MR11 MR06 MR07 MR09 MR10 MR12 MR14,11,23,23,1.00000000
2207,MR12 MR10 MR02 MR08 MR06 MR11 MR13 MR04 MR07 MR09 MR14,11,23,23,1.00000000
2208,MR13 MR02 MR04 MR08 MR07 MR11 MR09 MR10 MR06 MR14,10,21,18,0.85714286
2209,MR13 MR11 MR02 MR04 MR08 MR06 MR09 MR10 MR12 MR07,10,23,20,0.86956522
2210,MR08 MR10 MR02 MR14 MR06 MR07 MR11 MR04 MR09 MR12 MR13,11,28,28,1.00000000
2211,MR13 MR02 MR04 MR08 MR06 MR07 MR11 MR09 MR10 MR12 MR14,11,23,23,1.00000000
2212,MR13 MR02 MR04 MR08 MR11 MR06 MR09 MR10 MR07 MR12 MR14,11,27,27,1.00000000
2213,MR13 MR02 MR04 MR08 MR07 MR11 MR09 MR10 MR12 MR06 MR14,11,26,26,1.00000000
2214,MR12 MR10 MR11 MR02 MR08 MR04 MR07 MR09 MR06 MR13 MR14,11,21,21,1.00000000
2215,MR14 MR04 MR11 MR02 MR08 MR13 MR06 MR09 MR10 MR07 MR12,11,22,22,1.00000000
2216,MR13 MR11 MR02 MR04 MR08 MR07 MR09 MR10 MR12 MR14,10,27,24,0.88888889
2217,MR12 MR10 MR02 MR08 MR11 MR07 MR04 MR09 MR06 MR14 MR13,11,25,25,1.00000000
2218,MR13 MR02 MR04 MR08 MR11 MR06 MR14 MR09 MR10 MR12 MR07,11,24,24,1.00000000
2219,MR12 MR10 MR02 MR08 MR06 MR11 MR13 MR04 MR09 MR07,10,26,23,0.88461538
2220,MR13 MR02 MR04 MR08 MR11 MR07 MR14 MR09 MR10 MR12 MR06,11,26,26,1.00000000
2221,MR13 MR02 MR04 MR08 MR11 MR07 MR09 MR10 MR12 MR06 MR14,11,20,20,1.00000000
2222,MR12 MR11 MR10 MR02 MR08 MR04 MR09 MR13 MR06 MR07 MR14,11,20,20,1.00000000
2223,MR13 MR02 MR04 MR08 MR11 MR06 MR07 MR09 MR10 MR14 MR12,11,23,23,1.00000000
2224,MR13 MR02 MR04 MR08 MR06 MR11 MR14 MR09 MR10 MR07 MR12,11,20,20,1.00000000
2225,MR13 MR11 MR02 MR04 MR08 MR14 MR06 MR09 MR10 MR12 MR07,11,25,25,1.00000000
2226,MR13 MR11 MR02 MR04 MR08 MR07 MR09 MR10 MR14 MR12 MR06,11,23,23,1.00000000
2227,MR12 MR02 MR04 MR08 MR06 MR11 MR13 MR09 MR10 MR07 MR14,11,20,20,1.00000000
2228,MR13 MR02 MR04 MR08 MR11 MR07 MR14 MR06 MR09 MR10 MR12,11,21,21,1.00000000
2229,MR13 MR02 MR04 MR08 MR11 MR07 MR06 MR09 MR10 MR12 MR14,11,25,25,1.00000000
2230,MR13 MR11 MR02 MR04 MR08 MR09 MR10 MR12 MR06 MR07 MR14,11,22,22,1.00000000
2231,MR13 MR02 MR04 MR08 MR11 MR12 MR06 MR07 MR09 MR10 MR14,11,23,23,1.00000000
2232,MR13 MR02 MR04 MR08 MR07 MR06 MR09 MR10 MR11 MR12 MR14,11,18,18,1.00000000
2233,MR12 MR10 MR02 MR08 MR11 MR04 MR06 MR07 MR09 MR13 MR14,11,20,20,1.00000000
2234,MR08 MR10 MR02 MR11 MR14 MR06 MR04 MR09 MR07 MR12 MR13,11,23,23,1.00000000
2235,MR13 MR11 MR02 MR04 MR08 MR07 MR09 MR10 MR14 MR12,10,26,23,0.88461538
2236,MR13 MR02 MR04 MR08 MR11 MR12 MR06 MR07 MR09 MR10 MR14,11,20,20,1.00000000
2237,MR12 MR10 MR11 MR02 MR08 MR04 MR07 MR09 MR14 MR06 MR13,11,28,28,1.00000000
2238,MR13 MR11 MR02 MR04 MR08 MR07 MR09 MR10 MR12 MR06,10,28,25,0.89285714
2239,MR13 MR11 MR02 MR04 MR08 MR09 MR10 MR12 MR06 MR07,10,24,21,0.87500000
2240,MR13 MR02 MR04 MR07 MR08 MR11 MR09 MR10 MR12 MR14 MR06,11,22,22,1.00000000
2241,MR13 MR02 MR04 MR08 MR11 MR07 MR09 MR10 MR06 MR14 MR12,11,28,28,1.00000000
2242,MR13 MR02 MR04 MR08 MR11 MR07 MR12 MR14 MR09 MR10 MR06,11,24,24,1.00000000
2243,MR13 MR11 MR02 MR04 MR08 MR07 MR09 MR10 MR14 MR12 MR06,11,23,23,1.00000000
2244,MR13 MR14 MR02 MR04 MR08 MR11 MR06 MR07 MR09 MR10 MR12,11,23,23,1.00000000
2245,MR13 MR02 MR04 MR08 MR11 MR12 MR07 MR06 MR09 MR10 MR14,11,24,24,1.00000000
2246,MR13 MR11 MR02 MR04 MR08 MR12 MR09 MR10 MR06 MR07 MR14,11,24,24,1.00000000
2247,MR12 MR02 MR04 MR08 MR11 MR14 MR07 MR09 MR10 MR06 MR13,11,23,23,1.00000000
2248,MR13 MR02 MR04 MR08 MR11 MR06 MR12 MR09 MR10 MR07 MR14,11,22,22,1.00000000
2249,MR13 MR02 MR04 MR08 MR11 MR07 MR09 MR10 MR12 MR06 MR14,11,26,26,1.00000000
2250,MR13 MR11 MR02 MR04 MR08 MR06 MR14 MR09 MR10 MR12,10,29,26,0.89655172
2251,MR13 MR02 MR04 MR07 MR08 MR11 MR12 MR09 MR10 MR06,10,26,23,0.88461538
2252,MR13 MR02 MR04 MR08 MR14 MR07 MR11 MR06 MR09 MR10 MR12,11,24,24,1.00000000
2253,MR13 MR11 MR02 MR04 MR08 MR09 MR10 MR06 MR12 MR14,10,30,27,0.90000000
2254,MR08 MR04 MR02 MR06 MR11 MR07 MR09 MR10 MR12 MR13 MR14,11,22,22,1.00000000
2255,MR12 MR10 MR02 MR08 MR06 MR07 MR04 MR09 MR11 MR13 MR14,11,21,21,1.00000000
2256,MR13 MR11 MR02 MR04 MR08 MR12 MR06 MR09 MR10 MR14 MR07,11,24,24,1.00000000
2257,MR13 MR11 MR02 MR04 MR08 MR06 MR09 MR10 MR14 MR07 MR12,11,20,20,1.00000000
2258,MR13 MR11 MR02 MR04 MR08 MR06 MR12 MR09 MR10 MR14 MR07,11,24,24,1.00000000
2259,MR13 MR02 MR04 MR08 MR06 MR07 MR11 MR09 MR10 MR12 MR14,11,22,22,1.00000000
2260,MR12 MR10 MR02 MR08 MR11 MR06 MR04 MR07 MR09 MR13 MR14,11,18,18,1.00000000
2261,MR12 MR10 MR02 MR08 MR07 MR11 MR04 MR09 MR13 MR06 MR14,11,23,23,1.00000000
2262,MR13 MR02 MR04 MR08 MR06 MR11 MR14 MR09 MR10 MR07 MR12,11,24,24,1.00000000
2263,MR13 MR11 MR02 MR04 MR08 MR14 MR07 MR09 MR10 MR06 MR12,11,24,24,1.00000000
2264,MR13 MR02 MR04 MR08 MR11 MR06 MR07 MR09 MR10 MR12 MR14,11,26,26,1.00000000
2265,MR14 MR10 MR02 MR06 MR08 MR04 MR07 MR09 MR11 MR12 MR13,11,30,30,1.00000000
2266,MR12 MR06 MR02 MR04 MR08 MR14 MR07 MR09 MR10 MR13 MR11,11,28,28,1.00000000
2267,MR13 MR11 MR02 MR04 MR08 MR06 MR09 MR10 MR12 MR14 MR07,11,25,25,1.00000000
2268,MR08 MR10 MR11 MR02 MR14 MR13 MR04 MR06 MR09 MR12 MR07,11,24,24,1.00000000
2269,MR13 MR11 MR02 MR04 MR08 MR06 MR09 MR10 MR14 MR07 MR12,11,26,26,1.00000000
2270,MR13 MR11 MR02 MR04 MR08 MR14 MR09 MR10 MR12 MR06 MR07,11,22,22,1.00000000
2271,MR13 MR11 MR02 MR04 MR08 MR07 MR09 MR10 MR12 MR14 MR06,11,23,23,1.00000000
2272,MR13 MR11 MR02 MR04 MR08 MR09 MR10 MR12 MR06 MR07,10,28,25,0.89285714
2273,MR13 MR02 MR04 MR08 MR11 MR07 MR14 MR09 MR10 MR12 MR06,11,24,24,1.00000000
2274,MR13 MR02 MR04 MR08 MR11 MR07 MR06 MR09 MR10 MR14 MR12,11,24,24,1.00000000
2275,MR13 MR02 MR04 MR08 MR11 MR14 MR06 MR07 MR09 MR10 MR12,11,22,22,1.00000000
2276,MR13 MR11 MR02 MR04 MR08 MR14 MR06 MR09 MR10 MR12 MR07,11,26,26,1.00000000
2277,MR13 MR02 MR04 MR08 MR11 MR06 MR09 MR10 MR12 MR14 MR07,11,27,27,1.00000000
2278,MR13 MR11 MR02 MR04 MR08 MR06 MR12 MR09 MR10 MR14,10,28,25,0.89285714
2279,MR13 MR11 MR02 MR04 MR08 MR06 MR09 MR10 MR12 MR14 MR07,11,23,23,1.00000000
2280,MR13 MR02 MR04 MR08 MR06 MR07 MR11 MR09 MR10 MR12 MR14,11,23,23,1.00000000
2281,MR12 MR10 MR02 MR08 MR11 MR14 MR04 MR06 MR07 MR09 MR13,11,20,20,1.00000000
2282,MR13 MR11 MR02 MR04 MR08 MR14 MR09 MR10 MR06 MR07,10,23,20,0.86956522
2283,MR13 MR02 MR04 MR07 MR08 MR11 MR14 MR09 MR10 MR12,10,27,24,0.88888889
2284,MR12 MR11 MR02 MR04 MR08 MR13 MR09 MR10 MR14 MR06 MR07,11,23,23,1.00000000
2285,MR13 MR02 MR04 MR08 MR11 MR07 MR09 MR10 MR12 MR14 MR06,11,24,24,1.00000000
2286,MR13 MR11 MR02 MR04 MR08 MR12 MR14 MR07 MR09 MR10 MR06,11,25,25,1.00000000
2287,MR13 MR11 MR02 MR04 MR08 MR14 MR09 MR10 MR06 MR07 MR12,11,23,23,1.00000000
2288,MR13 MR02 MR04 MR08 MR11 MR14 MR07 MR09 MR10 MR06 MR12,11,20,20,1.00000000
2289,MR13 MR11 MR02 MR04 MR08 MR07 MR09 MR10 MR12 MR06 MR14,11,25,25,1.00000000
2290,MR12 MR10 MR02 MR08 MR06 MR07 MR11 MR13 MR04 MR09 MR14,11,29,29,1.00000000
2291,MR13 MR02 MR04 MR08 MR11 MR07 MR09 MR10 MR06 MR12 MR14,11,21,21,1.00000000
2292,MR13 MR02 MR04 MR08 MR06 MR11 MR12 MR09 MR10 MR07,10,25,22,0.88000000
2293,MR12 MR02 MR04 MR08 MR11 MR13 MR07 MR09 MR10 MR06 MR14,11,22,22,1.00000000
2294,MR13 MR02 MR04 MR08 MR11 MR07 MR09 MR10 MR06 MR12 MR14,11,25,25,1.00000000
2295,MR13 MR02 MR04 MR08 MR11 MR07 MR14 MR09 MR10 MR06 MR12,11,24,24,1.00000000
2296,MR12 MR11 MR02 MR04 MR08 MR06 MR09 MR10 MR13 MR14 MR07,11,29,29,1.00000000
2297,MR13 MR02 MR04 MR08 MR11 MR06 MR09 MR10 MR12 MR14 MR07,11,24,24,1.00000000
2298,MR13 MR11 MR02 MR04 MR08 MR09 MR10 MR14 MR06 MR07 MR12,11,21,21,1.00000000
2299,MR13 MR02 MR04 MR08 MR07 MR11 MR14 MR06 MR09 MR10 MR12,11,24,24,1.00000000
2300,MR13 MR11 MR02 MR04 MR08 MR14 MR07 MR09 MR10 MR06 MR12,11,25,25,1.00000000
2301,MR13 MR11 MR02 MR04 MR08 MR06 MR09 MR10 MR14,9,28,22,0.78571429
2302,MR13 MR02 MR04 MR08 MR11 MR07 MR06 MR09 MR10 MR14 MR12,11,20,20,1.00000000
2303,MR13 MR02 MR04 MR08 MR11 MR07 MR14 MR06 MR09 MR10,10,24,21,0.87500000
2304,MR05 MR11 MR02 MR04 MR08 MR14 MR06 MR09 MR10 MR07,10,26,20,0.76923077
2305,MR13 MR02 MR04 MR08 MR11 MR14 MR07 MR09 MR10 MR06,10,23,20,0.86956522
2306,MR13 MR02 MR04 MR08 MR06 MR07 MR11 MR09 MR10 MR14 MR12,11,18,18,1.00000000
2307,MR13 MR02 MR04 MR07 MR08 MR11 MR09 MR10 MR12 MR14,10,26,23,0.88461538
2308,MR13 MR02 MR04 MR08 MR11 MR07 MR14 MR06 MR09 MR10 MR12,11,19,19,1.00000000
2309,MR13 MR02 MR04 MR08 MR11 MR07 MR09 MR10 MR06 MR12 MR14,11,25,25,1.00000000
2310,MR13 MR11 MR02 MR04 MR08 MR07 MR09 MR10 MR14 MR12 MR06,11,24,24,1.00000000
2311,MR13 MR11 MR02 MR04 MR08 MR14 MR06 MR09 MR10 MR07,10,20,17,0.85000000
2312,MR13 MR02 MR04 MR07 MR08 MR06 MR09 MR10 MR11 MR12,10,22,19,0.86363636
2313,MR13 MR02 MR04 MR06 MR08 MR14 MR07 MR09 MR10 MR11 MR12,11,22,22,1.00000000
2314,MR13 MR02 MR04 MR08 MR11 MR06 MR09 MR10 MR12 MR14 MR07,11,28,28,1.00000000
2315,MR13 MR02 MR04 MR08 MR11 MR06 MR07 MR09 MR10 MR12,10,26,23,0.88461538
2316,MR13 MR02 MR04 MR08 MR07 MR11 MR06 MR09 MR10 MR12 MR14,11,21,21,1.00000000
2317,MR13 MR11 MR02 MR04 MR08 MR12 MR06 MR09 MR10 MR14 MR07,11,27,27,1.00000000
2318,MR13 MR11 MR02 MR04 MR08 MR07 MR09 MR10 MR12 MR14,10,25,22,0.88000000
2319,MR12 MR11 MR02 MR04 MR08 MR13 MR06 MR09 MR10 MR14 MR07,11,27,27,1.00000000
2320,MR12 MR10 MR02 MR06 MR08 MR11 MR04 MR09 MR07 MR14 MR13,11,22,22,1.00000000
2321,MR12 MR10 MR02 MR08 MR06 MR11 MR14 MR04 MR09 MR13 MR07,11,25,25,1.00000000
2322,MR13 MR11 MR02 MR04 MR08 MR09 MR10 MR06 MR07 MR12 MR14,11,24,24,1.00000000
2323,MR13 MR02 MR04 MR08 MR11 MR14 MR06 MR07 MR09 MR10 MR12,11,18,18,1.00000000
2324,MR13 MR11 MR02 MR04 MR08 MR07 MR12 MR14 MR09 MR10 MR06,11,25,25,1.00000000
2325,MR13 MR11 MR02 MR04 MR08 MR07 MR09 MR10 MR12 MR14,10,25,22,0.88000000
2326,MR13 MR02 MR04 MR07 MR08 MR11 MR14 MR09 MR10 MR06,10,21,18,0.85714286
2327,MR13 MR02 MR04 MR08 MR11 MR12 MR07 MR06 MR09 MR10 MR14,11,25,25,1.00000000
2328,MR13 MR02 MR04 MR08 MR11 MR06 MR09 MR10 MR12 MR07 MR14,11,23,23,1.00000000
2329,MR13 MR02 MR04 MR08 MR11 MR07 MR06 MR09 MR10 MR12 MR14,11,23,23,1.00000000
2330,MR13 MR02 MR04 MR08 MR11 MR14 MR06 MR07 MR09 MR10 MR12,11,23,23,1.00000000
2331,MR13 MR11 MR02 MR04 MR08 MR07 MR09 MR10 MR12 MR06 MR14,11,23,23,1.00000000
2332,MR13 MR02 MR04 MR08 MR07 MR11 MR12 MR06 MR09 MR10 MR14,11,26,26,1.00000000
2333,MR13 MR02 MR04 MR08 MR11 MR06 MR09 MR10 MR07 MR12 MR14,11,27,27,1.00000000
2334,MR13 MR11 MR02 MR04 MR08 MR14 MR09 MR10 MR06 MR07 MR12,11,29,29,1.00000000
2335,MR13 MR02 MR04 MR08 MR06 MR07 MR11 MR09 MR10 MR14,10,29,26,0.89655172
2336,MR13 MR11 MR02 MR04 MR08 MR07 MR09 MR10 MR06 MR14,10,22,19,0.86363636
2337,MR13 MR02 MR04 MR08 MR11 MR07 MR14 MR09 MR10 MR06 MR12,11,24,24,1.00000000
2338,MR13 MR02 MR04 MR08 MR11 MR14 MR06 MR09 MR10 MR07 MR12,11,26,26,1.00000000
2339,MR13 MR11 MR02 MR04 MR08 MR14 MR09 MR10 MR06 MR12 MR07,11,25,25,1.00000000
2340,MR13 MR02 MR04 MR08 MR06 MR11 MR09 MR10 MR07 MR14 MR12,11,29,29,1.00000000
2341,MR13 MR02 MR04 MR08 MR14 MR07 MR06 MR09 MR10 MR11,10,28,25,0.89285714
2342,MR13 MR11 MR02 MR04 MR08 MR09 MR10 MR14 MR06 MR12 MR07,11,27,27,1.00000000
2343,MR13 MR11 MR02 MR04 MR08 MR09 MR10 MR06 MR07 MR12 MR14,11,23,23,1.00000000
2344,MR13 MR02 MR04 MR08 MR11 MR12 MR06 MR07 MR09 MR10 MR14,11,24,24,1.00000000
2345,MR13 MR02 MR04 MR08 MR11 MR06 MR09 MR10 MR14 MR07 MR12,11,23,23,1.00000000
2346,MR13 MR11 MR02 MR04 MR08 MR06 MR09 MR10 MR12 MR14,10,29,26,0.89655172
2347,MR12 MR10 MR06 MR02 MR08 MR04 MR09 MR11 MR14 MR07 MR13,11,24,24,1.00000000
2348,MR12 MR10 MR02 MR08 MR11 MR04 MR06 MR07 MR09 MR13,10,23,20,0.86956522
2349,MR13 MR02 MR04 MR08 MR11 MR06 MR07 MR09 MR10 MR12 MR14,11,22,22,1.00000000
2350,MR13 MR02 MR04 MR08 MR11 MR06 MR12 MR09 MR10 MR14 MR07,11,23,23,1.00000000
2351,MR13 MR11 MR02 MR04 MR08 MR07 MR14 MR09 MR10 MR12 MR06,11,27,27,1.00000000
2352,MR13 MR11 MR02 MR04 MR08 MR14 MR09 MR10 MR12 MR06 MR07,11,26,26,1.00000000
2353,MR12 MR10 MR11 MR02 MR08 MR04 MR06 MR09 MR07 MR14,10,22,18,0.81818182
2354,MR08 MR10 MR11 MR02 MR04 MR06 MR09 MR12 MR14 MR05 MR07,11,23,20,0.86956522
2355,MR13 MR02 MR04 MR08 MR11 MR06 MR09 MR10 MR14 MR07 MR12,11,23,23,1.00000000
2356,MR13 MR02 MR04 MR08 MR11 MR07 MR14 MR09 MR10 MR12 MR06,11,25,25,1.00000000
2357,MR13 MR02 MR04 MR08 MR06 MR07 MR11 MR09 MR10 MR12 MR14,11,24,24,1.00000000
2358,MR05 MR02 MR04 MR08 MR11 MR14 MR07 MR09 MR10 MR12 MR06,11,29,26,0.89655172
2359,MR13 MR02 MR04 MR06 MR08 MR07 MR09 MR10 MR11 MR14 MR12,11,26,26,1.00000000
2360,MR13 MR02 MR04 MR06 MR08 MR11 MR14 MR09 MR10 MR12,10,22,19,0.86363636
2361,MR13 MR02 MR04 MR08 MR14 MR11 MR07 MR06 MR09 MR10 MR12,11,20,20,1.00000000
2362,MR13 MR02 MR04 MR07 MR08 MR11 MR14 MR09 MR10 MR12 MR06,11,19,19,1.00000000
2363,MR13 MR02 MR04 MR08 MR11 MR06 MR07 MR09 MR10 MR12 MR14,11,18,18,1.00000000
2364,MR12 MR10 MR02 MR08 MR07 MR06 MR04 MR09 MR11 MR13 MR14,11,26,26,1.00000000
2365,MR13 MR11 MR02 MR04 MR08 MR06 MR09 MR10 MR14 MR07 MR12,11,25,25,1.00000000
2366,MR13 MR07 MR02 MR04 MR08 MR14 MR09 MR10 MR11 MR06 MR12,11,22,22,1.00000000
2367,MR13 MR02 MR04 MR08 MR07 MR11 MR14 MR09 MR10 MR06 MR12,11,28,28,1.00000000
2368,MR13 MR02 MR04 MR08 MR11 MR06 MR14 MR09 MR10 MR12 MR07,11,20,20,1.00000000
2369,MR13 MR02 MR04 MR08 MR11 MR14 MR06 MR12 MR09 MR10 MR07,11,23,23,1.00000000
2370,MR12 MR02 MR04 MR08 MR11 MR07 MR06 MR09 MR10 MR14 MR13,11,24,24,1.00000000
2371,MR13 MR14 MR02 MR04 MR08 MR11 MR07 MR09 MR10 MR12 MR06,11,28,28,1.00000000
2372,MR13 MR02 MR04 MR08 MR06 MR07 MR11 MR09 MR10 MR12 MR14,11,20,20,1.00000000
2373,MR13 MR11 MR02 MR04 MR08 MR06 MR09 MR10 MR12 MR14 MR07,11,27,27,1.00000000
2374,MR13 MR02 MR04 MR08 MR11 MR14 MR06 MR07 MR09 MR10 MR12,11,23,23,1.00000000
2375,MR13 MR02 MR04 MR08 MR11 MR06 MR09 MR10 MR12 MR07 MR14,11,22,22,1.00000000
2376,MR13 MR02 MR04 MR08 MR07 MR14 MR11 MR06 MR09 MR10 MR12,11,21,21,1.00000000
2377,MR13 MR11 MR02 MR04 MR08 MR06 MR09 MR10 MR12 MR14 MR07,11,25,25,1.00000000
2378,MR13 MR11 MR02 MR04 MR08 MR14 MR07 MR09 MR10 MR12 MR06,11,24,24,1.00000000
2379,MR13 MR11 MR02 MR04 MR08 MR12 MR07 MR09 MR10 MR14 MR06,11,24,24,1.00000000
2380,MR13 MR11 MR02 MR04 MR08 MR07 MR14 MR09 MR10 MR12 MR06,11,22,22,1.00000000
2381,MR13 MR11 MR02 MR04 MR08 MR12 MR07 MR09 MR10 MR14 MR06,11,25,25,1.00000000
2382,MR13 MR02 MR04 MR08 MR11 MR14 MR06 MR07 MR09 MR10 MR12,11,28,28,1.00000000
2383,MR13 MR11 MR02 MR04 MR08 MR12 MR06 MR09 MR10 MR07,10,25,22,0.88000000
2384,MR13 MR11 MR02 MR04 MR08 MR14 MR12 MR07 MR09 MR10,10,23,20,0.86956522
2385,MR13 MR02 MR04 MR08 MR07 MR11 MR09 MR10 MR14 MR06 MR12,11,23,23,1.00000000
2386,MR13 MR06 MR02 MR04 MR08 MR09 MR10 MR11 MR14 MR07 MR12,11,26,26,1.00000000
2387,MR05 MR02 MR04 MR08 MR11 MR07 MR09 MR10 MR12 MR06 MR14,11,26,23,0.88461538
2388,MR13 MR11 MR02 MR04 MR08 MR14 MR09 MR10 MR06 MR07 MR12,11,25,25,1.00000000
2389,MR13 MR11 MR02 MR04 MR08 MR12 MR09 MR10 MR07 MR14 MR06,11,26,26,1.00000000
2390,MR13 MR02 MR04 MR08 MR06 MR11 MR14 MR09 MR10 MR07 MR12,11,23,23,1.00000000
2391,MR13 MR06 MR02 MR04 MR08 MR12 MR09 MR10 MR11 MR07 MR14,11,23,23,1.00000000
2392,MR13 MR11 MR02 MR04 MR08 MR14 MR06 MR09 MR10 MR12 MR07,11,24,24,1.00000000
2393,MR13 MR11 MR14 MR02 MR04 MR08 MR07 MR09 MR10 MR06 MR12,11,26,26,1.00000000
2394,MR12 MR11 MR02 MR04 MR08 MR09 MR10 MR13 MR14 MR06,10,23,20,0.86956522
2395,MR13 MR02 MR04 MR08 MR11 MR07 MR14 MR09 MR10 MR12 MR06,11,23,23,1.00000000
2396,MR13 MR11 MR02 MR04 MR08 MR09 MR10 MR14 MR07 MR12 MR06,11,24,24,1.00000000
2397,MR13 MR11 MR02 MR04 MR08 MR07 MR09 MR10 MR14 MR06,10,22,19,0.86363636
2398,MR13 MR11 MR02 MR04 MR08 MR09 MR10 MR14 MR06 MR07 MR12,11,23,23,1.00000000
2399,MR08 MR04 MR11 MR02 MR14 MR06 MR09 MR10 MR12 MR13 MR07,11,27,27,1.00000000
2400,MR13 MR11 MR02 MR04 MR08 MR09 MR10 MR12 MR06 MR14 MR07,11,23,23,1.00000000
2401,MR13 MR11 MR02 MR04 MR08 MR06 MR12 MR09 MR10 MR14 MR07,11,25,25,1.00000000
2402,MR13 MR11 MR02 MR04 MR08 MR14 MR06 MR09 MR10 MR12 MR07,11,23,23,1.00000000
2403,MR13 MR02 MR04 MR06 MR08 MR11 MR09 MR10 MR12 MR07 MR14,11,27,27,1.00000000
2404,MR13 MR02 MR04 MR07 MR08 MR14 MR06 MR09 MR10 MR11 MR12,11,29,29,1.00000000
2405,MR13 MR11 MR02 MR04 MR08 MR12 MR09 MR10 MR07 MR06,10,26,23,0.88461538
2406,MR12 MR10 MR02 MR08 MR11 MR13 MR04 MR06 MR07 MR09 MR14,11,21,21,1.00000000
2407,MR13 MR02 MR04 MR08 MR11 MR06 MR07 MR09 MR10 MR14 MR12,11,25,25,1.00000000
2408,MR12 MR11 MR10 MR02 MR08 MR13 MR04 MR09 MR06 MR14 MR07,11,25,25,1.00000000
2409,MR13 MR02 MR04 MR06 MR08 MR07 MR09 MR10 MR11 MR12 MR14,11,25,25,1.00000000
2410,MR12 MR10 MR02 MR08 MR11 MR07 MR04 MR09 MR13 MR06,10,26,23,0.88461538
2411,MR12 MR10 MR02 MR08 MR07 MR06 MR04 MR09 MR11 MR13 MR14,11,28,28,1.00000000
2412,MR13 MR02 MR04 MR08 MR07 MR14 MR06 MR09 MR10 MR11 MR12,11,19,19,1.00000000
2413,MR13 MR11 MR02 MR04 MR08 MR09 MR10 MR14 MR06 MR07 MR12,11,23,23,1.00000000
2414,MR13 MR11 MR02 MR04 MR08 MR06 MR09 MR10 MR12 MR14 MR07,11,21,21,1.00000000
2415,MR13 MR02 MR04 MR08 MR07 MR11 MR06 MR09 MR10 MR12 MR14,11,23,23,1.00000000
2416,MR13 MR02 MR04 MR08 MR11 MR06 MR12 MR14 MR09 MR10 MR07,11,28,28,1.00000000
2417,MR13 MR11 MR02 MR04 MR08 MR06 MR09 MR10 MR12 MR07 MR14,11,26,26,1.00000000
2418,MR13 MR02 MR04 MR08 MR11 MR06 MR07 MR09 MR10 MR12 MR14,11,21,21,1.00000000
2419,MR13 MR11 MR02 MR04 MR08 MR14 MR07 MR09 MR10 MR12 MR06,11,25,25,1.00000000
2420,MR13 MR11 MR02 MR04 MR08 MR07 MR09 MR10 MR14 MR06,10,24,21,0.87500000
2421,MR13 MR02 MR04 MR08 MR07 MR11 MR09 MR10 MR12 MR06 MR14,11,25,25,1.00000000
2422,MR13 MR02 MR04 MR08 MR06 MR11 MR14 MR09 MR10 MR12 MR07,11,23,23,1.00000000
2423,MR13 MR11 MR02 MR04 MR08 MR12 MR09 MR10 MR14 MR06 MR07,11,22,22,1.00000000
2424,MR13 MR02 MR04 MR06 MR08 MR12 MR11 MR09 MR10 MR14 MR07,11,22,22,1.00000000
2425,MR13 MR11 MR02 MR04 MR08 MR09 MR10 MR12 MR06 MR07,10,23,20,0.86956522
2426,MR12 MR10 MR02 MR08 MR11 MR07 MR14 MR04 MR09 MR13 MR06,11,24,24,1.00000000
2427,MR08 MR10 MR02 MR11 MR14 MR06 MR12 MR04 MR09 MR07 MR13,11,23,23,1.00000000
2428,MR13 MR02 MR04 MR07 MR08 MR14 MR06 MR09 MR10 MR12 MR11,11,20,20,1.00000000
2429,MR13 MR02 MR04 MR08 MR07 MR11 MR12 MR09 MR10 MR14 MR06,11,20,20,1.00000000
2430,MR12 MR10 MR02 MR08 MR11 MR04 MR06 MR07 MR09 MR14 MR13,11,21,21,1.00000000
2431,MR13 MR11 MR02 MR04 MR08 MR06 MR09 MR10 MR07 MR12 MR14,11,21,21,1.00000000
2432,MR13 MR02 MR04 MR08 MR11 MR06 MR07 MR09 MR10 MR12 MR14,11,22,22,1.00000000
2433,MR13 MR02 MR04 MR08 MR06 MR07 MR11 MR09 MR10 MR12 MR14,11,25,25,1.00000000
2434,MR13 MR11 MR02 MR04 MR08 MR09 MR10 MR14 MR07 MR06 MR12,11,25,25,1.00000000
2435,MR13 MR11 MR02 MR04 MR08 MR12 MR14 MR06 MR09 MR10 MR07,11,21,21,1.00000000
2436,MR13 MR11 MR02 MR04 MR08 MR06 MR09 MR10 MR14 MR12 MR07,11,26,26,1.00000000
2437,MR13 MR11 MR02 MR04 MR08 MR07 MR09 MR10 MR12 MR14 MR06,11,25,25,1.00000000
2438,MR13 MR02 MR04 MR08 MR11 MR06 MR07 MR09 MR10 MR12 MR14,11,24,24,1.00000000
2439,MR13 MR02 MR04 MR06 MR08 MR11 MR12 MR09 MR10 MR14,10,24,21,0.87500000
2440,MR12 MR10 MR02 MR08 MR06 MR07 MR11 MR04 MR09 MR14 MR13,11,23,23,1.00000000
2441,MR13 MR11 MR02 MR04 MR08 MR07 MR09 MR10 MR12 MR14 MR06,11,25,25,1.00000000
2442,MR13 MR11 MR02 MR04 MR08 MR12 MR06 MR09 MR10 MR07 MR14,11,20,20,1.00000000
2443,MR08 MR10 MR11 MR02 MR06 MR14 MR04 MR09 MR12 MR13,10,23,20,0.86956522
2444,MR13 MR02 MR04 MR08 MR11 MR06 MR14 MR09 MR10 MR12 MR07,11,24,24,1.00000000
2445,MR13 MR02 MR04 MR08 MR11 MR06 MR12 MR14 MR09 MR10 MR07,11,23,23,1.00000000
2446,MR12 MR11 MR10 MR02 MR08 MR13 MR14 MR04 MR07 MR09 MR06,11,25,25,1.00000000
2447,MR14 MR04 MR02 MR08 MR11 MR06 MR07 MR09 MR10 MR12 MR13,11,26,26,1.00000000
2448,MR13 MR02 MR04 MR06 MR08 MR11 MR09 MR10 MR12 MR14 MR07,11,25,25,1.00000000
2449,MR13 MR02 MR04 MR08 MR11 MR07 MR14 MR09 MR10 MR12 MR06,11,21,21,1.00000000
2450,MR13 MR02 MR04 MR07 MR08 MR11 MR09 MR10 MR06 MR14,10,27,24,0.88888889
2451,MR13 MR02 MR04 MR08 MR11 MR07 MR09 MR10 MR12 MR06 MR14,11,25,25,1.00000000
2452,MR13 MR02 MR04 MR08 MR11 MR06 MR09 MR10 MR12 MR07 MR14,11,24,24,1.00000000
2453,MR13 MR02 MR04 MR08 MR11 MR07 MR09 MR10 MR12 MR06 MR14,11,26,26,1.00000000
2454,MR13 MR02 MR04 MR08 MR11 MR07 MR12 MR09 MR10 MR14 MR06,11,24,24,1.00000000
2455,MR12 MR02 MR04 MR07 MR08 MR11 MR13 MR09 MR10 MR14 MR06,11,26,26,1.00000000
2456,MR08 MR10 MR11 MR02 MR12 MR14 MR04 MR09 MR13 MR06 MR07,11,26,26,1.00000000
2457,MR13 MR02 MR04 MR08 MR11 MR07 MR12 MR09 MR10 MR14 MR06,11,20,20,1.00000000
2458,MR13 MR02 MR04 MR07 MR08 MR11 MR12 MR14 MR09 MR10 MR06,11,25,25,1.00000000
2459,MR13 MR02 MR04 MR08 MR07 MR11 MR12 MR09 MR10 MR06 MR14,11,17,17,1.00000000
2460,MR13 MR02 MR04 MR08 MR11 MR06 MR14 MR09 MR10 MR12 MR07,11,22,22,1.00000000
2461,MR13 MR02 MR04 MR08 MR11 MR07 MR09 MR10 MR14 MR06 MR12,11,23,23,1.00000000
2462,MR13 MR11 MR02 MR04 MR08 MR07 MR09 MR10 MR14 MR06 MR12,11,24,24,1.00000000
2463,MR13 MR11 MR02 MR04 MR08 MR14 MR06 MR09 MR10 MR12 MR07,11,23,23,1.00000000
2464,MR08 MR10 MR02 MR11 MR07 MR12 MR13 MR14 MR04 MR09 MR06,11,22,22,1.00000000
2465,MR13 MR02 MR04 MR08 MR11 MR07 MR09 MR10 MR12 MR14 MR06,11,27,27,1.00000000
2466,MR13 MR06 MR02 MR04 MR08 MR11 MR14 MR09 MR10 MR12,10,23,20,0.86956522
2467,MR13 MR11 MR02 MR04 MR08 MR14 MR09 MR10 MR06 MR07 MR12,11,25,25,1.00000000
2468,MR13 MR02 MR04 MR06 MR08 MR11 MR12 MR09 MR10 MR14,10,27,24,0.88888889
2469,MR13 MR11 MR02 MR04 MR08 MR06 MR12 MR09 MR10 MR14 MR07,11,20,20,1.00000000
2470,MR12 MR02 MR04 MR08 MR07 MR11 MR14 MR09 MR10 MR13 MR06,11,26,26,1.00000000
2471,MR13 MR11 MR02 MR04 MR08 MR14 MR07 MR09 MR10 MR12,10,23,20,0.86956522
2472,MR13 MR11 MR02 MR04 MR08 MR12 MR06 MR09 MR10 MR14 MR07,11,21,21,1.00000000
2473,MR13 MR02 MR04 MR08 MR11 MR06 MR09 MR10 MR12 MR14 MR07,11,22,22,1.00000000
2474,MR13 MR02 MR04 MR08 MR11 MR06 MR14 MR09 MR10 MR12 MR07,11,32,32,1.00000000
2475,MR13 MR02 MR04 MR08 MR11 MR07 MR09 MR10 MR12 MR14 MR06,11,25,25,1.00000000
2476,MR13 MR02 MR04 MR08 MR11 MR07 MR09 MR10 MR12 MR14 MR06,11,23,23,1.00000000
2477,MR13 MR02 MR04 MR08 MR11 MR06 MR12 MR07 MR09 MR10 MR14,11,19,19,1.00000000
2478,MR08 MR10 MR02 MR11 MR06 MR04 MR07 MR09 MR12 MR13 MR14,11,26,26,1.00000000
2479,MR13 MR11 MR02 MR04 MR08 MR12 MR06 MR09 MR10 MR07 MR14,11,30,30,1.00000000
2480,MR13 MR02 MR04 MR08 MR11 MR06 MR12 MR09 MR10 MR07 MR14,11,24,24,1.00000000
2481,MR13 MR02 MR04 MR08 MR07 MR11 MR06 MR09 MR10 MR12 MR14,11,28,28,1.00000000
2482,MR13 MR02 MR04 MR08 MR11 MR07 MR09 MR10 MR12 MR06 MR14,11,18,18,1.00000000
2483,MR05 MR11 MR02 MR04 MR08 MR06 MR09 MR10 MR12 MR14 MR07,11,21,18,0.85714286
2484,MR13 MR11 MR02 MR04 MR08 MR12 MR06 MR09 MR10 MR07 MR14,11,25,25,1.00000000
2485,MR13 MR02 MR04 MR08 MR06 MR11 MR09 MR10 MR07 MR14 MR12,11,25,25,1.00000000
2486,MR12 MR11 MR10 MR02 MR08 MR14 MR04 MR07 MR09 MR13 MR06,11,26,26,1.00000000
2487,MR13 MR02 MR04 MR08 MR11 MR06 MR07 MR09 MR10 MR12 MR14,11,25,25,1.00000000
2488,MR13 MR02 MR04 MR08 MR07 MR06 MR14 MR09 MR10 MR11 MR12,11,21,21,1.00000000
2489,MR13 MR11 MR02 MR04 MR08 MR09 MR10 MR14 MR06 MR07 MR12,11,23,23,1.00000000
2490,MR13 MR02 MR04 MR08 MR06 MR07 MR12 MR09 MR10 MR14 MR11,11,20,20,1.00000000
2491,MR12 MR10 MR02 MR08 MR06 MR07 MR11 MR04 MR09 MR13 MR14,11,23,23,1.00000000
2492,MR13 MR02 MR04 MR08 MR11 MR06 MR09 MR10 MR07 MR12 MR14,11,24,24,1.00000000
2493,MR12 MR02 MR04 MR08 MR07 MR11 MR06 MR09 MR10 MR14,10,23,19,0.82608696
2494,MR13 MR02 MR04 MR08 MR11 MR07 MR12 MR06 MR09 MR10 MR14,11,25,25,1.00000000
2495,MR13 MR02 MR04 MR08 MR11 MR12 MR07 MR06 MR09 MR10 MR14,11,18,18,1.00000000
2496,MR13 MR11 MR02 MR04 MR08 MR14 MR06 MR09 MR10 MR12 MR07,11,26,26,1.00000000
2497,MR12 MR10 MR02 MR08 MR11 MR07 MR04 MR09 MR06 MR13 MR14,11,22,22,1.00000000
2498,MR13 MR02 MR04 MR08 MR11 MR06 MR09 MR10 MR12 MR14 MR07,11,24,24,1.00000000
2499,MR13 MR02 MR04 MR08 MR11 MR07 MR06 MR09 MR10 MR12 MR14,11,22,22,1.00000000
2500,MR13 MR02 MR04 MR08 MR06 MR11 MR09 MR10 MR12 MR07 MR14,11,30,30,1.00000000
2501,MR13 MR02 MR04 MR08 MR07 MR11 MR14 MR09 MR10 MR06 MR12,11,20,20,1.00000000
2502,MR13 MR02 MR04 MR08 MR06 MR14 MR11 MR07 MR09 MR10,10,26,23,0.88461538
2503,MR13 MR02 MR04 MR08 MR11 MR07 MR06 MR09 MR10 MR14 MR12,11,17,17,1.00000000
2504,MR13 MR02 MR04 MR08 MR11 MR07 MR06 MR09 MR10 MR12 MR14,11,24,24,1.00000000
2505,MR13 MR06 MR02 MR04 MR08 MR11 MR09 MR10 MR07 MR12 MR14,11,27,27,1.00000000
2506,MR13 MR11 MR02 MR04 MR08 MR06 MR09 MR10 MR12 MR07 MR14,11,31,31,1.00000000
2507,MR13 MR07 MR02 MR04 MR08 MR09 MR10 MR11 MR14 MR06 MR12,11,26,26,1.00000000
2508,MR13 MR02 MR04 MR08 MR11 MR06 MR09 MR10 MR12 MR07 MR14,11,27,27,1.00000000
2509,MR13 MR02 MR04 MR08 MR11 MR06 MR14 MR07 MR09 MR10 MR12,11,22,22,1.00000000
2510,MR13 MR11 MR02 MR04 MR08 MR06 MR14 MR09 MR10 MR07 MR12,11,25,25,1.00000000
2511,MR13 MR02 MR04 MR08 MR07 MR11 MR14 MR09 MR10 MR06,10,27,24,0.88888889
2512,MR13 MR02 MR04 MR08 MR11 MR14 MR07 MR09 MR10 MR06 MR12,11,23,23,1.00000000
2513,MR13 MR11 MR02 MR04 MR08 MR09 MR10 MR14 MR06 MR07 MR12,11,26,26,1.00000000
2514,MR13 MR02 MR04 MR08 MR06 MR11 MR09 MR10 MR12 MR07 MR14,11,25,25,1.00000000
2515,MR13 MR02 MR04 MR08 MR11 MR06 MR09 MR10 MR14 MR07 MR12,11,26,26,1.00000000
2516,MR13 MR11 MR02 MR04 MR08 MR09 MR10 MR12 MR14 MR07 MR06,11,28,28,1.00000000
2517,MR06 MR10 MR02 MR08 MR07 MR12 MR14 MR04 MR09 MR11 MR13,11,28,28,1.00000000
2518,MR13 MR11 MR02 MR04 MR08 MR12 MR07 MR09 MR10 MR14 MR06,11,23,23,1.00000000
2519,MR13 MR02 MR04 MR08 MR11 MR06 MR07 MR09 MR10 MR12 MR14,11,22,22,1.00000000
2520,MR13 MR11 MR02 MR04 MR08 MR07 MR09 MR10 MR06 MR12 MR14,11,19,19,1.00000000
2521,MR12 MR10 MR11 MR02 MR08 MR04 MR09 MR06 MR07 MR14 MR13,11,22,22,1.00000000
2522,MR13 MR02 MR04 MR08 MR11 MR06 MR07 MR09 MR10 MR14 MR12,11,24,24,1.00000000
2523,MR13 MR02 MR04 MR08 MR11 MR06 MR09 MR10 MR12 MR07 MR14,11,20,20,1.00000000
2524,MR13 MR02 MR04 MR08 MR11 MR07 MR14 MR09 MR10 MR12 MR06,11,21,21,1.00000000
2525,MR12 MR10 MR02 MR08 MR07 MR06 MR04 MR09 MR11 MR14 MR13,11,23,23,1.00000000
2526,MR12 MR10 MR02 MR08 MR06 MR07 MR11 MR04 MR09 MR13 MR14,11,17,17,1.00000000
2527,MR07 MR10 MR02 MR08 MR12 MR11 MR13 MR04 MR09 MR14,10,26,23,0.88461538
2528,MR13 MR11 MR02 MR04 MR08 MR14 MR09 MR10 MR06 MR12,10,24,21,0.87500000
2529,MR13 MR02 MR04 MR08 MR11 MR06 MR12 MR07 MR09 MR10 MR14,11,24,24,1.00000000
2530,MR13 MR02 MR04 MR08 MR11 MR07 MR09 MR10 MR12 MR14 MR06,11,27,27,1.00000000
2531,MR07 MR10 MR02 MR08 MR12 MR04 MR09 MR13 MR06 MR11 MR14,11,24,24,1.00000000
2532,MR08 MR10 MR02 MR11 MR07 MR12 MR04 MR06 MR09 MR13 MR14,11,24,24,1.00000000
2533,MR13 MR11 MR02 MR04 MR08 MR06 MR09 MR10 MR12 MR14 MR07,11,24,24,1.00000000
2534,MR13 MR02 MR04 MR08 MR11 MR07 MR06 MR09 MR10 MR12 MR14,11,22,22,1.00000000
2535,MR13 MR02 MR04 MR08 MR11 MR07 MR06 MR09 MR10 MR12 MR14,11,26,26,1.00000000
2536,MR13 MR11 MR02 MR04 MR08 MR06 MR14 MR09 MR10 MR07,10,26,23,0.88461538
2537,MR12 MR10 MR02 MR08 MR07 MR11 MR14 MR04 MR09 MR06 MR13,11,23,23,1.00000000
2538,MR13 MR11 MR02 MR04 MR08 MR09 MR10 MR06 MR07 MR12 MR14,11,27,27,1.00000000
2539,MR12 MR10 MR11 MR02 MR08 MR04 MR07 MR09 MR14 MR06 MR05,11,25,22,0.88000000
2540,MR13 MR02 MR04 MR08 MR06 MR11 MR09 MR10 MR12 MR14 MR07,11,19,19,1.00000000
2541,MR13 MR02 MR04 MR08 MR07 MR11 MR06 MR09 MR10 MR12 MR14,11,21,21,1.00000000
2542,MR12 MR10 MR11 MR02 MR08 MR06 MR14 MR04 MR09 MR05 MR07,11,22,19,0.86363636
2543,MR12 MR11 MR10 MR02 MR08 MR04 MR09 MR14 MR06 MR13 MR07,11,23,23,1.00000000
2544,MR12 MR11 MR02 MR04 MR08 MR14 MR06 MR13 MR09 MR10 MR07,11,21,21,1.00000000
2545,MR13 MR02 MR04 MR06 MR08 MR11 MR09 MR10 MR12 MR07 MR14,11,19,19,1.00000000
2546,MR13 MR11 MR02 MR04 MR08 MR14 MR07 MR09 MR10 MR06 MR12,11,21,21,1.00000000
2547,MR13 MR02 MR04 MR08 MR11 MR06 MR07 MR09 MR10 MR12 MR14,11,24,24,1.00000000
2548,MR08 MR10 MR11 MR02 MR14 MR06 MR04 MR09 MR12 MR13 MR07,11,21,21,1.00000000
2549,MR13 MR11 MR02 MR04 MR08 MR06 MR09 MR10 MR14 MR07 MR12,11,22,22,1.00000000
2550,MR06 MR10 MR02 MR08 MR11 MR04 MR09 MR12 MR07 MR13 MR14,11,22,22,1.00000000
2551,MR13 MR11 MR02 MR04 MR08 MR06 MR09 MR10 MR07 MR12 MR14,11,26,26,1.00000000
2552,MR13 MR02 MR04 MR08 MR07 MR11 MR09 MR10 MR06 MR12 MR14,11,26,26,1.00000000
2553,MR13 MR02 MR04 MR08 MR11 MR06 MR07 MR09 MR10 MR12 MR14,11,21,21,1.00000000
2554,MR13 MR11 MR02 MR04 MR08 MR09 MR10 MR12 MR06 MR07 MR14,11,25,25,1.00000000
2555,MR13 MR02 MR04 MR08 MR11 MR07 MR14 MR09 MR10 MR06 MR12,11,22,22,1.00000000
2556,MR12 MR11 MR02 MR04 MR08 MR14 MR09 MR10 MR13 MR06 MR07,11,26,26,1.00000000
2557,MR13 MR02 MR04 MR08 MR11 MR06 MR09 MR10 MR12 MR07,10,26,23,0.88461538
2558,MR13 MR02 MR04 MR08 MR11 MR12 MR06 MR07 MR09 MR10 MR14,11,18,18,1.00000000
2559,MR08 MR04 MR11 MR02 MR13 MR14 MR12 MR06 MR09 MR10 MR07,11,22,22,1.00000000
2560,MR13 MR02 MR04 MR08 MR11 MR06 MR07 MR09 MR10 MR14 MR12,11,20,20,1.00000000
2561,MR13 MR02 MR04 MR08 MR06 MR14 MR11 MR07 MR09 MR10 MR12,11,25,25,1.00000000
2562,MR13 MR11 MR02 MR04 MR08 MR12 MR14 MR09 MR10 MR07 MR06,11,26,26,1.00000000
2563,MR12 MR10 MR02 MR08 MR06 MR11 MR14 MR04 MR07 MR09 MR13,11,25,25,1.00000000
2564,MR06 MR04 MR02 MR08 MR14 MR11 MR09 MR10 MR13 MR07 MR12,11,29,29,1.00000000
2565,MR12 MR02 MR04 MR06 MR08 MR13 MR07 MR09 MR10 MR11 MR14,11,26,26,1.00000000
2566,MR13 MR02 MR04 MR06 MR08 MR14 MR07 MR09 MR10 MR11,10,25,22,0.88000000
2567,MR13 MR11 MR02 MR04 MR08 MR07 MR09 MR10 MR06 MR14 MR12,11,25,25,1.00000000
2568,MR14 MR10 MR02 MR08 MR06 MR07 MR12 MR04 MR09 MR11 MR13,11,26,26,1.00000000
2569,MR13 MR02 MR04 MR08 MR14 MR06 MR07 MR11 MR09 MR10 MR12,11,30,30,1.00000000
2570,MR13 MR11 MR02 MR04 MR08 MR07 MR09 MR10 MR12 MR14,10,26,23,0.88461538
2571,MR13 MR02 MR04 MR06 MR08 MR11 MR09 MR10 MR14 MR07 MR12,11,21,21,1.00000000
2572,MR13 MR02 MR04 MR08 MR11 MR14 MR06 MR07 MR09 MR10 MR12,11,24,24,1.00000000
2573,MR13 MR02 MR04 MR08 MR06 MR07 MR11 MR09 MR10 MR12 MR14,11,23,23,1.00000000
2574,MR13 MR11 MR02 MR04 MR08 MR06 MR12 MR09 MR10 MR14,10,22,19,0.86363636
2575,MR13 MR02 MR04 MR08 MR07 MR06 MR12 MR09 MR10 MR11 MR14,11,22,22,1.00000000
2576,MR13 MR02 MR04 MR08 MR07 MR11 MR06 MR09 MR10 MR12 MR14,11,25,25,1.00000000
2577,MR13 MR02 MR04 MR08 MR11 MR06 MR12 MR09 MR10 MR07 MR14,11,18,18,1.00000000
2578,MR13 MR11 MR02 MR04 MR08 MR12 MR09 MR10 MR14 MR06 MR07,11,20,20,1.00000000
2579,MR13 MR02 MR04 MR08 MR07 MR11 MR09 MR10 MR12 MR14 MR06,11,23,23,1.00000000
2580,MR08 MR10 MR02 MR11 MR14 MR06 MR12 MR04 MR07 MR09 MR13,11,23,23,1.00000000
2581,MR12 MR11 MR10 MR02 MR08 MR04 MR09 MR13 MR06 MR14 MR07,11,20,20,1.00000000
2582,MR13 MR11 MR02 MR04 MR08 MR07 MR09 MR10 MR12 MR14 MR06,11,25,25,1.00000000
2583,MR12 MR10 MR02 MR07 MR08 MR11 MR04 MR09 MR13 MR06 MR14,11,28,28,1.00000000
2584,MR13 MR02 MR04 MR08 MR11 MR06 MR12 MR07 MR09 MR10 MR14,11,27,27,1.00000000
2585,MR13 MR11 MR02 MR04 MR08 MR09 MR10 MR14 MR07,9,27,21,0.77777778
2586,MR13 MR02 MR04 MR08 MR07 MR11 MR14 MR09 MR10 MR06 MR12,11,24,24,1.00000000
2587,MR08 MR10 MR02 MR11 MR14 MR06 MR04 MR07 MR09 MR13 MR12,11,21,21,1.00000000
2588,MR13 MR11 MR02 MR04 MR08 MR14 MR09 MR10 MR06 MR12 MR07,11,25,25,1.00000000
2589,MR12 MR10 MR02 MR08 MR07 MR11 MR04 MR06 MR09 MR13 MR14,11,28,28,1.00000000
2590,MR08 MR04 MR02 MR06 MR07 MR11 MR13 MR14 MR09 MR10 MR12,11,24,24,1.00000000
2591,MR12 MR11 MR02 MR04 MR08 MR13 MR09 MR10 MR14 MR07 MR06,11,21,21,1.00000000
2592,MR13 MR11 MR02 MR04 MR08 MR06 MR09 MR10 MR12 MR14 MR07,11,28,28,1.00000000
2593,MR13 MR02 MR04 MR08 MR11 MR06 MR09 MR10 MR12 MR14 MR07,11,29,29,1.00000000
2594,MR13 MR02 MR04 MR08 MR07 MR14 MR06 MR09 MR10 MR11 MR12,11,21,21,1.00000000
2595,MR13 MR11 MR02 MR04 MR08 MR14 MR06 MR09 MR10 MR12 MR07,11,21,21,1.00000000
2596,MR13 MR02 MR04 MR08 MR07 MR06 MR12 MR09 MR10 MR11,10,27,24,0.88888889
2597,MR13 MR11 MR02 MR04 MR08 MR12 MR06 MR09 MR10 MR07 MR14,11,24,24,1.00000000
2598,MR13 MR11 MR02 MR04 MR08 MR06 MR09 MR10 MR12 MR07 MR14,11,26,26,1.00000000
2599,MR13 MR02 MR04 MR08 MR11 MR14 MR06 MR07 MR09 MR10 MR12,11,26,26,1.00000000
2600,MR08 MR10 MR11 MR02 MR14 MR12 MR04 MR07 MR09 MR06 MR05,11,21,18,0.85714286
2601,MR13 MR02 MR04 MR08 MR11 MR14 MR06 MR07 MR09 MR10 MR12,11,22,22,1.00000000
2602,MR12 MR10 MR11 MR02 MR08 MR04 MR07 MR09 MR06 MR13 MR14,11,24,24,1.00000000
2603,MR08 MR10 MR11 MR02 MR12 MR14 MR04 MR07 MR09 MR13 MR06,11,24,24,1.00000000
2604,MR13 MR11 MR02 MR04 MR08 MR07 MR09 MR10 MR06 MR12 MR14,11,25,25,1.00000000
2605,MR13 MR02 MR04 MR08 MR06 MR07 MR09 MR10 MR11 MR12 MR14,11,23,23,1.00000000
2606,MR13 MR11 MR02 MR04 MR08 MR07 MR14 MR09 MR10 MR12 MR06,11,23,23,1.00000000
2607,MR12 MR02 MR04 MR08 MR06 MR07 MR11 MR14 MR09 MR10 MR13,11,23,23,1.00000000
2608,MR13 MR02 MR04 MR08 MR11 MR07 MR06 MR09 MR10 MR12 MR14,11,27,27,1.00000000
2609,MR12 MR02 MR04 MR08 MR13 MR07 MR11 MR09 MR10 MR06 MR14,11,29,29,1.00000000
2610,MR13 MR11 MR02 MR04 MR08 MR12 MR14 MR09 MR10 MR06 MR07,11,18,18,1.00000000
2611,MR13 MR02 MR04 MR08 MR07 MR11 MR09 MR10 MR06 MR14 MR12,11,24,24,1.00000000
2612,MR07 MR10 MR02 MR08 MR11 MR14 MR04 MR09 MR12 MR13,10,23,20,0.86956522
2613,MR13 MR02 MR04 MR08 MR11 MR06 MR09 MR10 MR07 MR12 MR14,11,20,20,1.00000000
2614,MR13 MR11 MR02 MR04 MR08 MR09 MR10 MR14 MR07 MR12 MR06,11,32,32,1.00000000
2615,MR13 MR02 MR04 MR08 MR11 MR07 MR06 MR09 MR10 MR12 MR14,11,23,23,1.00000000
2616,MR13 MR11 MR02 MR04 MR08 MR14 MR07 MR09 MR10 MR12 MR06,11,23,23,1.00000000
2617,MR13 MR02 MR04 MR06 MR08 MR11 MR14 MR09 MR10 MR12 MR07,11,25,25,1.00000000
2618,MR08 MR10 MR02 MR11 MR07 MR12 MR04 MR09 MR06 MR14,10,29,25,0.86206897
2619,MR13 MR02 MR04 MR08 MR11 MR07 MR12 MR09 MR10 MR06 MR14,11,23,23,1.00000000
2620,MR13 MR02 MR04 MR08 MR11 MR07 MR09 MR10 MR14 MR12 MR06,11,24,24,1.00000000
2621,MR13 MR11 MR02 MR04 MR08 MR14 MR06 MR09 MR10 MR12 MR07,11,22,22,1.00000000
2622,MR08 MR10 MR02 MR11 MR07 MR12 MR13 MR04 MR09 MR14 MR06,11,24,24,1.00000000
2623,MR12 MR02 MR04 MR08 MR11 MR14 MR06 MR07 MR09 MR10 MR13,11,25,25,1.00000000
2624,MR13 MR02 MR04 MR08 MR11 MR14 MR06 MR09 MR10 MR07 MR12,11,27,27,1.00000000
2625,MR05 MR11 MR02 MR04 MR08 MR14 MR06 MR09 MR10 MR12 MR07,11,21,18,0.85714286
2626,MR13 MR02 MR04 MR08 MR11 MR06 MR07 MR09 MR10 MR12 MR14,11,23,23,1.00000000
2627,MR13 MR11 MR02 MR04 MR08 MR06 MR09 MR10 MR12 MR14 MR07,11,24,24,1.00000000
2628,MR13 MR11 MR02 MR04 MR08 MR09 MR10 MR07 MR06 MR12 MR14,11,23,23,1.00000000
2629,MR13 MR11 MR02 MR04 MR08 MR06 MR12 MR09 MR10 MR14 MR07,11,26,26,1.00000000
2630,MR13 MR11 MR02 MR04 MR08 MR14 MR06 MR09 MR10 MR07 MR12,11,24,24,1.00000000
2631,MR12 MR11 MR10 MR02 MR08 MR04 MR09 MR13 MR14 MR06 MR07,11,21,21,1.00000000
2632,MR13 MR11 MR02 MR04 MR08 MR14 MR09 MR10 MR06 MR12 MR07,11,24,24,1.00000000
2633,MR13 MR11 MR02 MR04 MR08 MR07 MR09 MR10 MR12 MR14 MR06,11,25,25,1.00000000
2634,MR12 MR11 MR10 MR02 MR08 MR04 MR09 MR13 MR07 MR06 MR14,11,29,29,1.00000000
2635,MR13 MR02 MR04 MR08 MR07 MR11 MR06 MR09 MR10 MR12 MR14,11,24,24,1.00000000
2636,MR13 MR02 MR04 MR08 MR14 MR07 MR11 MR09 MR10 MR06 MR12,11,23,23,1.00000000
2637,MR13 MR11 MR02 MR04 MR08 MR09 MR10 MR07 MR12 MR14 MR06,11,27,27,1.00000000
2638,MR13 MR06 MR02 MR04 MR08 MR11 MR12 MR09 MR10 MR14 MR07,11,21,21,1.00000000
2639,MR13 MR11 MR02 MR04 MR08 MR07 MR09 MR10 MR12 MR14 MR06,11,19,19,1.00000000
2640,MR13 MR11 MR02 MR04 MR08 MR06 MR09 MR10 MR14 MR12 MR07,11,17,17,1.00000000
2641,MR13 MR11 MR02 MR04 MR08 MR07 MR09 MR10 MR12 MR06 MR14,11,25,25,1.00000000
2642,MR13 MR02 MR04 MR08 MR11 MR06 MR09 MR10 MR12 MR14 MR07,11,22,22,1.00000000
2643,MR13 MR11 MR02 MR04 MR08 MR14 MR07 MR09 MR10 MR06 MR12,11,22,22,1.00000000
2644,MR13 MR11 MR02 MR04 MR08 MR12 MR07 MR09 MR10 MR14 MR06,11,24,24,1.00000000
2645,MR13 MR11 MR02 MR04 MR08 MR07 MR09 MR10 MR06 MR12 MR14,11,23,23,1.00000000
2646,MR12 MR11 MR02 MR04 MR08 MR09 MR10 MR06 MR13 MR14 MR07,11,30,30,1.00000000
2647,MR13 MR11 MR02 MR04 MR08 MR06 MR09 MR10 MR07 MR12 MR14,11,22,22,1.00000000
2648,MR13 MR02 MR04 MR08 MR07 MR11 MR06 MR09 MR10 MR14 MR12,11,24,24,1.00000000
2649,MR13 MR02 MR04 MR08 MR11 MR06 MR09 MR10 MR07 MR12 MR14,11,25,25,1.00000000
2650,MR12 MR02 MR04 MR08 MR11 MR06 MR13 MR09 MR10 MR07 MR14,11,24,24,1.00000000
2651,MR13 MR02 MR04 MR08 MR11 MR06 MR09 MR10 MR12 MR14 MR07,11,25,25,1.00000000
2652,MR13 MR02 MR04 MR08 MR11 MR07 MR12 MR06 MR09 MR10 MR14,11,22,22,1.00000000
2653,MR13 MR02 MR04 MR08 MR14 MR11 MR06 MR07 MR09 MR10 MR12,11,26,26,1.00000000
2654,MR13 MR02 MR04 MR08 MR11 MR06 MR09 MR10 MR14 MR07 MR12,11,23,23,1.00000000
2655,MR12 MR10 MR02 MR06 MR08 MR11 MR04 MR09 MR07 MR13 MR14,11,24,24,1.00000000
2656,MR13 MR11 MR02 MR04 MR08 MR09 MR10 MR12 MR06 MR14 MR07,11,19,19,1.00000000
2657,MR08 MR10 MR02 MR11 MR07 MR12 MR13 MR14 MR04 MR09 MR06,11,20,20,1.00000000
2658,MR13 MR02 MR04 MR08 MR11 MR06 MR09 MR10 MR12 MR14 MR07,11,27,27,1.00000000
2659,MR13 MR02 MR04 MR08 MR06 MR07 MR11 MR09 MR10 MR12 MR14,11,26,26,1.00000000
2660,MR13 MR02 MR04 MR08 MR11 MR07 MR06 MR09 MR10 MR12 MR14,11,19,19,1.00000000
2661,MR13 MR02 MR04 MR08 MR11 MR14 MR07 MR06 MR09 MR10 MR12,11,28,28,1.00000000
2662,MR13 MR02 MR04 MR08 MR11 MR06 MR14 MR07 MR09 MR10 MR12,11,25,25,1.00000000
2663,MR08 MR10 MR02 MR11 MR14 MR06 MR12 MR04 MR07 MR09 MR13,11,24,24,1.00000000
2664,MR13 MR02 MR04 MR08 MR11 MR07 MR09 MR10 MR14 MR06 MR12,11,24,24,1.00000000
2665,MR13 MR11 MR02 MR04 MR08 MR07 MR09 MR10 MR12 MR06 MR14,11,21,21,1.00000000
2666,MR13 MR02 MR04 MR08 MR07 MR11 MR14 MR09 MR10 MR06 MR12,11,23,23,1.00000000
2667,MR13 MR11 MR02 MR04 MR08 MR06 MR09 MR10 MR07 MR12,10,22,19,0.86363636
2668,MR13 MR02 MR04 MR08 MR11 MR14 MR07 MR06 MR09 MR10 MR12,11,24,24,1.00000000
2669,MR13 MR06 MR02 MR04 MR08 MR11 MR09 MR10 MR12 MR14 MR07,11,24,24,1.00000000
2670,MR13 MR02 MR04 MR07 MR08 MR12 MR11 MR09 MR10 MR06 MR14,11,25,25,1.00000000
2671,MR12 MR11 MR10 MR02 MR08 MR14 MR04 MR07 MR09 MR05 MR06,11,26,23,0.88461538
2672,MR13 MR11 MR02 MR04 MR08 MR14 MR07 MR09 MR10 MR12 MR06,11,25,25,1.00000000
2673,MR13 MR02 MR04 MR08 MR11 MR07 MR12 MR06 MR09 MR10 MR14,11,24,24,1.00000000
2674,MR13 MR11 MR02 MR04 MR08 MR12 MR09 MR10 MR06 MR14 MR07,11,19,19,1.00000000
2675,MR13 MR02 MR04 MR08 MR11 MR07 MR12 MR06 MR09 MR10 MR14,11,24,24,1.00000000
2676,MR14 MR10 MR11 MR02 MR08 MR12 MR04 MR07 MR09 MR13,10,25,22,0.88000000
2677,MR13 MR11 MR02 MR04 MR08 MR07 MR09 MR10 MR12 MR14 MR06,11,24,24,1.00000000
2678,MR13 MR02 MR04 MR08 MR11 MR06 MR07 MR09 MR10 MR12,10,24,21,0.87500000
2679,MR12 MR10 MR11 MR02 MR08 MR14 MR04 MR07 MR09 MR06 MR13,11,23,23,1.00000000
2680,MR13 MR02 MR04 MR08 MR06 MR11 MR09 MR10 MR12 MR07 MR14,11,22,22,1.00000000
2681,MR13 MR02 MR04 MR08 MR06 MR07 MR11 MR09 MR10 MR12 MR14,11,28,28,1.00000000
2682,MR13 MR02 MR04 MR06 MR08 MR11 MR09 MR10 MR07 MR12 MR14,11,24,24,1.00000000
2683,MR13 MR02 MR04 MR07 MR08 MR14 MR11 MR09 MR10 MR12 MR06,11,22,22,1.00000000
2684,MR13 MR02 MR04 MR08 MR06 MR07 MR11 MR09 MR10 MR12 MR14,11,22,22,1.00000000
2685,MR13 MR02 MR04 MR08 MR11 MR07 MR12 MR09 MR10 MR14 MR06,11,21,21,1.00000000
2686,MR13 MR02 MR04 MR08 MR11 MR06 MR14 MR07 MR09 MR10 MR12,11,25,25,1.00000000
2687,MR12 MR02 MR04 MR08 MR11 MR14 MR07 MR09 MR10 MR13 MR06,11,30,30,1.00000000
2688,MR13 MR02 MR04 MR08 MR11 MR07 MR14 MR06 MR09 MR10 MR12,11,25,25,1.00000000
2689,MR13 MR07 MR02 MR04 MR08 MR06 MR09 MR10 MR14 MR12 MR11,11,25,25,1.00000000
2690,MR12 MR10 MR02 MR08 MR07 MR11 MR04 MR09 MR06 MR14 MR13,11,26,26,1.00000000
2691,MR13 MR02 MR04 MR08 MR07 MR11 MR14 MR06 MR09 MR10 MR12,11,28,28,1.00000000
2692,MR13 MR02 MR04 MR08 MR14 MR06 MR07 MR11 MR09 MR10,10,23,20,0.86956522
2693,MR13 MR11 MR02 MR04 MR08 MR06 MR09 MR10 MR12 MR14 MR07,11,25,25,1.00000000
2694,MR13 MR11 MR02 MR04 MR08 MR06 MR09 MR10 MR12 MR14,10,30,27,0.90000000
2695,MR13 MR02 MR04 MR08 MR06 MR11 MR12 MR07 MR09 MR10 MR14,11,27,27,1.00000000
2696,MR13 MR02 MR04 MR06 MR08 MR14 MR12 MR07 MR09 MR10 MR11,11,26,26,1.00000000
2697,MR13 MR11 MR02 MR04 MR08 MR06 MR09 MR10 MR12 MR07 MR14,11,25,25,1.00000000
2698,MR13 MR02 MR04 MR08 MR11 MR06 MR12 MR09 MR10 MR07 MR14,11,26,26,1.00000000
2699,MR13 MR11 MR02 MR04 MR08 MR06 MR09 MR10 MR12 MR14 MR07,11,28,28,1.00000000
2700,MR08 MR11 MR02 MR04 MR13 MR07 MR14 MR12 MR09 MR10,10,23,20,0.86956522
2701,MR13 MR02 MR04 MR07 MR08 MR11 MR14 MR09 MR10 MR12 MR06,11,24,24,1.00000000
2702,MR13 MR02 MR04 MR08 MR11 MR07 MR12 MR09 MR10 MR06 MR14,11,26,26,1.00000000
2703,MR08 MR10 MR02 MR11 MR06 MR14 MR12 MR04 MR09 MR13 MR07,11,28,28,1.00000000
2704,MR12 MR10 MR02 MR08 MR11 MR06 MR04 MR09 MR13 MR07 MR14,11,17,17,1.00000000
2705,MR13 MR02 MR04 MR08 MR11 MR06 MR14 MR09 MR10 MR07 MR12,11,22,22,1.00000000
2706,MR12 MR02 MR04 MR08 MR11 MR06 MR13 MR14 MR07 MR09 MR10,11,22,22,1.00000000
2707,MR12 MR10 MR02 MR08 MR06 MR07 MR11 MR04 MR09 MR13 MR14,11,22,22,1.00000000
2708,MR13 MR11 MR02 MR04 MR08 MR12 MR06 MR09 MR10 MR14,10,25,22,0.88000000
2709,MR13 MR11 MR02 MR04 MR08 MR07 MR09 MR10 MR12 MR14 MR06,11,28,28,1.00000000
2710,MR13 MR02 MR04 MR08 MR06 MR14 MR11 MR07 MR09 MR10,10,27,24,0.88888889
2711,MR08 MR10 MR02 MR06 MR11 MR04 MR07 MR09 MR14 MR12 MR13,11,22,22,1.00000000
2712,MR13 MR02 MR04 MR08 MR11 MR06 MR07 MR09 MR10 MR12 MR14,11,22,22,1.00000000
2713,MR13 MR02 MR04 MR08 MR12 MR11 MR06 MR07 MR09 MR10 MR14,11,25,25,1.00000000
2714,MR13 MR02 MR04 MR08 MR11 MR14 MR06 MR07 MR09 MR10,10,26,23,0.88461538
2715,MR12 MR11 MR10 MR02 MR08 MR04 MR07 MR09 MR14 MR13,10,25,22,0.88000000
2716,MR13 MR11 MR02 MR04 MR08 MR07 MR09 MR10 MR12 MR06 MR14,11,20,20,1.00000000
2717,MR13 MR11 MR02 MR04 MR08 MR12 MR06 MR09 MR10 MR07 MR14,11,25,25,1.00000000
2718,MR13 MR02 MR04 MR08 MR11 MR07 MR12 MR14 MR09 MR10 MR06,11,25,25,1.00000000
2719,MR12 MR11 MR10 MR02 MR08 MR04 MR09 MR13 MR14 MR06 MR07,11,22,22,1.00000000
2720,MR13 MR11 MR02 MR04 MR08 MR09 MR10 MR14 MR06 MR07 MR12,11,20,20,1.00000000
2721,MR12 MR10 MR11 MR02 MR08 MR14 MR04 MR06 MR09 MR07 MR13,11,29,29,1.00000000
2722,MR08 MR10 MR02 MR07 MR11 MR04 MR09 MR06 MR12 MR14 MR13,11,23,23,1.00000000
2723,MR13 MR11 MR02 MR04 MR08 MR06 MR09 MR10 MR12 MR14,10,24,21,0.87500000
2724,MR13 MR02 MR04 MR08 MR11 MR14 MR06 MR07 MR09 MR10 MR12,11,23,23,1.00000000
2725,MR13 MR02 MR04 MR08 MR11 MR14 MR06 MR12 MR07 MR09 MR10,11,29,29,1.00000000
2726,MR13 MR02 MR04 MR08 MR11 MR06 MR12 MR07 MR09 MR10 MR14,11,26,26,1.00000000
2727,MR13 MR02 MR04 MR08 MR11 MR14 MR07 MR06 MR09 MR10 MR12,11,29,29,1.00000000
2728,MR13 MR11 MR02 MR04 MR08 MR07 MR09 MR10 MR14 MR06,10,25,22,0.88000000
2729,MR13 MR11 MR02 MR04 MR08 MR07 MR09 MR10 MR06 MR12 MR14,11,27,27,1.00000000
2730,MR13 MR11 MR02 MR04 MR08 MR12 MR07 MR09 MR10 MR06 MR14,11,26,26,1.00000000
2731,MR13 MR02 MR04 MR08 MR11 MR14 MR06 MR09 MR10 MR07 MR12,11,23,23,1.00000000
2732,MR13 MR11 MR02 MR04 MR08 MR07 MR09 MR10 MR12 MR14,10,23,20,0.86956522
2733,MR13 MR11 MR02 MR04 MR08 MR07 MR09 MR10 MR12 MR14 MR06,11,26,26,1.00000000
2734,MR08 MR10 MR11 MR02 MR13 MR06 MR12 MR14 MR04 MR09 MR07,11,23,23,1.00000000
2735,MR13 MR02 MR04 MR08 MR11 MR06 MR07 MR09 MR10 MR12 MR14,11,26,26,1.00000000
2736,MR12 MR11 MR02 MR04 MR08 MR14 MR07 MR09 MR10 MR13 MR06,11,21,21,1.00000000
2737,MR13 MR02 MR04 MR08 MR11 MR07 MR09 MR10 MR14 MR06 MR12,11,24,24,1.00000000
2738,MR13 MR02 MR04 MR08 MR11 MR07 MR06 MR09 MR10 MR12 MR14,11,28,28,1.00000000
2739,MR13 MR11 MR02 MR04 MR08 MR12 MR07 MR09 MR10 MR14 MR06,11,29,29,1.00000000
2740,MR12 MR10 MR11 MR02 MR08 MR04 MR09 MR14 MR06 MR07 MR13,11,27,27,1.00000000
2741,MR13 MR11 MR02 MR04 MR08 MR09 MR10 MR14 MR07,9,28,22,0.78571429
2742,MR13 MR02 MR04 MR08 MR06 MR11 MR12 MR09 MR10 MR07 MR14,11,26,26,1.00000000
2743,MR13 MR02 MR04 MR07 MR08 MR14 MR11 MR09 MR10 MR06 MR12,11,27,27,1.00000000
2744,MR13 MR11 MR02 MR04 MR08 MR12 MR09 MR10 MR14 MR06 MR07,11,25,25,1.00000000
2745,MR14 MR10 MR02 MR07 MR08 MR04 MR06 MR09 MR11 MR13 MR12,11,25,25,1.00000000
2746,MR13 MR02 MR04 MR08 MR11 MR07 MR14 MR06 MR09 MR10 MR12,11,24,24,1.00000000
2747,MR12 MR10 MR02 MR08 MR11 MR07 MR04 MR09 MR13 MR06 MR14,11,21,21,1.00000000
2748,MR13 MR02 MR04 MR08 MR11 MR12 MR06 MR07 MR09 MR10 MR14,11,22,22,1.00000000
2749,MR13 MR11 MR02 MR04 MR08 MR09 MR10 MR06 MR07 MR12 MR14,11,22,22,1.00000000
2750,MR12 MR10 MR02 MR08 MR11 MR06 MR04 MR09 MR14 MR07 MR13,11,23,23,1.00000000
2751,MR13 MR11 MR02 MR04 MR08 MR14 MR07 MR09 MR10 MR06 MR12,11,24,24,1.00000000
2752,MR13 MR11 MR02 MR04 MR08 MR14 MR06 MR09 MR10 MR12 MR07,11,26,26,1.00000000
2753,MR13 MR02 MR04 MR08 MR11 MR06 MR07 MR09 MR10 MR12 MR14,11,26,26,1.00000000
2754,MR13 MR11 MR02 MR04 MR08 MR12 MR14 MR09 MR10 MR07 MR06,11,23,23,1.00000000
2755,MR13 MR02 MR04 MR08 MR11 MR14 MR06 MR07 MR09 MR10 MR12,11,23,23,1.00000000
2756,MR12 MR10 MR11 MR02 MR08 MR14 MR04 MR06 MR09 MR07 MR13,11,29,29,1.00000000
2757,MR13 MR02 MR04 MR08 MR11 MR14 MR06 MR09 MR10 MR07 MR12,11,24,24,1.00000000
2758,MR13 MR02 MR04 MR08 MR11 MR07 MR14 MR09 MR10 MR06 MR12,11,21,21,1.00000000
2759,MR13 MR11 MR02 MR04 MR08 MR12 MR09 MR10 MR06 MR07 MR14,11,21,21,1.00000000
2760,MR12 MR10 MR02 MR08 MR11 MR07 MR13 MR04 MR06 MR09 MR14,11,22,22,1.00000000
2761,MR13 MR02 MR04 MR08 MR11 MR12 MR06 MR07 MR09 MR10 MR14,11,26,26,1.00000000
2762,MR12 MR11 MR10 MR02 MR08 MR14 MR04 MR06 MR09 MR13 MR07,11,23,23,1.00000000
2763,MR13 MR11 MR02 MR04 MR08 MR14 MR09 MR10 MR06 MR07 MR12,11,28,28,1.00000000
2764,MR12 MR10 MR02 MR08 MR11 MR07 MR04 MR06 MR09 MR14 MR13,11,24,24,1.00000000
2765,MR13 MR02 MR04 MR08 MR14 MR11 MR07 MR12 MR06 MR09 MR10,11,27,27,1.00000000
2766,MR13 MR11 MR02 MR04 MR08 MR14 MR12 MR06 MR09 MR10 MR07,11,21,21,1.00000000
2767,MR13 MR11 MR02 MR04 MR08 MR12 MR07 MR09 MR10 MR06 MR14,11,24,24,1.00000000
2768,MR14 MR10 MR11 MR02 MR08 MR04 MR06 MR09 MR12 MR07 MR13,11,22,22,1.00000000
2769,MR12 MR10 MR11 MR02 MR08 MR06 MR04 MR09 MR14 MR07 MR13,11,26,26,1.00000000
2770,MR13 MR11 MR02 MR04 MR08 MR06 MR09 MR10 MR12 MR14 MR07,11,25,25,1.00000000
2771,MR13 MR11 MR02 MR04 MR08 MR06 MR09 MR10 MR12 MR14,10,24,21,0.87500000
2772,MR13 MR11 MR02 MR04 MR08 MR07 MR09 MR10 MR12 MR14 MR06,11,23,23,1.00000000
2773,MR13 MR11 MR02 MR04 MR08 MR06 MR09 MR10 MR12 MR14 MR07,11,23,23,1.00000000
2774,MR08 MR10 MR02 MR11 MR12 MR07 MR04 MR09 MR13 MR14 MR06,11,26,26,1.00000000
2775,MR13 MR02 MR04 MR08 MR06 MR11 MR12 MR09 MR10 MR14 MR07,11,26,26,1.00000000
2776,MR12 MR10 MR02 MR08 MR06 MR11 MR14 MR04 MR09 MR07 MR05,11,24,21,0.87500000
2777,MR12 MR10 MR02 MR08 MR11 MR07 MR14 MR04 MR06 MR09 MR13,11,21,21,1.00000000
2778,MR13 MR02 MR04 MR08 MR06 MR07 MR11 MR09 MR10 MR14 MR12,11,22,22,1.00000000
2779,MR13 MR11 MR02 MR04 MR08 MR07 MR09 MR10 MR14 MR12,10,21,18,0.85714286
2780,MR08 MR10 MR02 MR06 MR11 MR13 MR14 MR04 MR09 MR12 MR07,11,25,25,1.00000000
2781,MR13 MR11 MR02 MR04 MR08 MR09 MR10 MR14 MR07 MR12 MR06,11,26,26,1.00000000
2782,MR13 MR02 MR04 MR08 MR06 MR07 MR11 MR09 MR10 MR14 MR12,11,25,25,1.00000000
2783,MR13 MR02 MR04 MR08 MR11 MR14 MR06 MR07 MR09 MR10 MR12,11,24,24,1.00000000
2784,MR13 MR11 MR02 MR04 MR08 MR14 MR09 MR10 MR06 MR07 MR12,11,27,27,1.00000000
2785,MR12 MR10 MR11 MR02 MR08 MR04 MR06 MR09 MR13 MR07 MR14,11,25,25,1.00000000
2786,MR13 MR11 MR02 MR04 MR08 MR14 MR06 MR09 MR10 MR07 MR12,11,22,22,1.00000000
2787,MR13 MR02 MR04 MR08 MR06 MR11 MR14 MR09 MR10 MR12 MR07,11,23,23,1.00000000
2788,MR13 MR02 MR04 MR08 MR11 MR14 MR07 MR09 MR10 MR12 MR06,11,28,28,1.00000000
2789,MR13 MR02 MR04 MR08 MR06 MR11 MR12 MR14 MR09 MR10 MR07,11,22,22,1.00000000
2790,MR12 MR10 MR02 MR08 MR11 MR13 MR07 MR04 MR09 MR06 MR14,11,26,26,1.00000000
2791,MR13 MR02 MR04 MR08 MR11 MR07 MR12 MR09 MR10 MR14 MR06,11,24,24,1.00000000
2792,MR13 MR11 MR02 MR04 MR08 MR07 MR09 MR10 MR14 MR06 MR12,11,24,24,1.00000000
2793,MR13 MR06 MR02 MR04 MR08 MR14 MR07 MR09 MR10 MR12 MR11,11,27,27,1.00000000
2794,MR13 MR02 MR04 MR08 MR11 MR07 MR09 MR10 MR14 MR06 MR12,11,23,23,1.00000000
2795,MR06 MR10 MR02 MR08 MR12 MR14 MR04 MR07 MR09 MR11,10,26,22,0.84615385
2796,MR13 MR11 MR02 MR04 MR08 MR14 MR09 MR10 MR12 MR06 MR07,11,26,26,1.00000000
2797,MR13 MR11 MR02 MR04 MR08 MR07 MR09 MR10 MR12 MR14 MR06,11,25,25,1.00000000
2798,MR12 MR10 MR02 MR08 MR11 MR07 MR14 MR04 MR09 MR13 MR06,11,24,24,1.00000000
2799,MR13 MR11 MR02 MR04 MR08 MR12 MR09 MR10 MR07 MR14 MR06,11,23,23,1.00000000
2800,MR13 MR02 MR04 MR08 MR07 MR11 MR12 MR06 MR09 MR10 MR14,11,28,28,1.00000000
2801,MR13 MR02 MR04 MR08 MR11 MR06 MR09 MR10 MR07 MR12 MR14,11,25,25,1.00000000
2802,MR13 MR02 MR04 MR07 MR08 MR11 MR12 MR09 MR10 MR14,10,23,20,0.86956522
2803,MR12 MR10 MR02 MR08 MR11 MR06 MR04 MR09 MR14 MR07 MR13,11,25,25,1.00000000
2804,MR13 MR11 MR02 MR04 MR08 MR12 MR07 MR09 MR10 MR14 MR06,11,24,24,1.00000000
2805,MR13 MR11 MR02 MR04 MR08 MR14 MR09 MR10 MR06 MR07 MR12,11,28,28,1.00000000
2806,MR13 MR11 MR02 MR04 MR08 MR14 MR07 MR09 MR10 MR12,10,21,18,0.85714286
2807,MR13 MR02 MR04 MR08 MR06 MR11 MR09 MR10 MR12 MR07 MR14,11,23,23,1.00000000
2808,MR13 MR02 MR04 MR08 MR06 MR11 MR09 MR10 MR12 MR14 MR07,11,25,25,1.00000000
2809,MR12 MR10 MR02 MR06 MR08 MR14 MR11 MR04 MR09 MR07 MR13,11,25,25,1.00000000
2810,MR13 MR11 MR02 MR04 MR08 MR14 MR07 MR09 MR10 MR06,10,23,20,0.86956522
2811,MR13 MR07 MR02 MR04 MR08 MR11 MR09 MR10 MR12 MR14,10,21,18,0.85714286
2812,MR13 MR02 MR04 MR08 MR11 MR06 MR09 MR10 MR12 MR07 MR14,11,28,28,1.00000000
2813,MR12 MR10 MR02 MR06 MR08 MR11 MR04 MR09 MR07 MR13 MR14,11,28,28,1.00000000
2814,MR13 MR11 MR02 MR04 MR08 MR14 MR07 MR09 MR10 MR12 MR06,11,25,25,1.00000000
2815,MR13 MR02 MR04 MR08 MR06 MR11 MR09 MR10 MR07 MR12 MR14,11,27,27,1.00000000
2816,MR13 MR11 MR02 MR04 MR08 MR07 MR14 MR09 MR10,9,27,21,0.77777778
2817,MR12 MR10 MR02 MR08 MR11 MR04 MR06 MR07 MR09 MR14 MR13,11,26,26,1.00000000
2818,MR13 MR02 MR04 MR08 MR14 MR07 MR11 MR09 MR10 MR06 MR12,11,19,19,1.00000000
2819,MR13 MR11 MR02 MR04 MR08 MR14 MR07 MR09 MR10 MR06 MR12,11,25,25,1.00000000
2820,MR13 MR02 MR04 MR06 MR08 MR11 MR14 MR09 MR10 MR12 MR07,11,24,24,1.00000000
2821,MR13 MR02 MR04 MR08 MR06 MR11 MR14 MR07 MR09 MR10 MR12,11,22,22,1.00000000
2822,MR13 MR02 MR04 MR08 MR07 MR11 MR14 MR09 MR10 MR06 MR12,11,26,26,1.00000000
2823,MR13 MR02 MR04 MR08 MR11 MR14 MR07 MR09 MR10 MR06 MR12,11,26,26,1.00000000
2824,MR08 MR10 MR02 MR11 MR12 MR14 MR06 MR04 MR09 MR07 MR13,11,23,23,1.00000000
2825,MR13 MR02 MR04 MR08 MR11 MR14 MR06 MR07 MR09 MR10 MR12,11,28,28,1.00000000
2826,MR13 MR06 MR02 MR04 MR08 MR07 MR09 MR10 MR12 MR11 MR14,11,26,26,1.00000000
2827,MR13 MR06 MR02 MR04 MR08 MR14 MR11 MR09 MR10 MR07 MR12,11,23,23,1.00000000
2828,MR12 MR02 MR04 MR08 MR11 MR06 MR07 MR09 MR10 MR13,10,27,24,0.88888889
2829,MR13 MR02 MR04 MR08 MR07 MR11 MR09 MR10 MR14 MR06 MR12,11,25,25,1.00000000
2830,MR13 MR02 MR04 MR08 MR07 MR11 MR12 MR09 MR10 MR06 MR14,11,23,23,1.00000000
2831,MR13 MR02 MR04 MR08 MR11 MR14 MR06 MR07 MR09 MR10 MR12,11,25,25,1.00000000
2832,MR13 MR02 MR04 MR08 MR11 MR14 MR07 MR09 MR10 MR12 MR06,11,25,25,1.00000000
2833,MR13 MR02 MR04 MR08 MR11 MR12 MR06 MR07 MR09 MR10 MR14,11,18,18,1.00000000
2834,MR13 MR02 MR04 MR08 MR11 MR06 MR12 MR14 MR09 MR10 MR07,11,22,22,1.00000000
2835,MR13 MR11 MR02 MR04 MR08 MR06 MR09 MR10 MR14 MR07,10,26,23,0.88461538
2836,MR13 MR02 MR04 MR08 MR11 MR14 MR07 MR09 MR10 MR06 MR12,11,27,27,1.00000000
2837,MR13 MR02 MR04 MR08 MR12 MR06 MR07 MR09 MR10 MR11 MR14,11,24,24,1.00000000
2838,MR13 MR02 MR04 MR08 MR06 MR07 MR11 MR12 MR09 MR10 MR14,11,22,22,1.00000000
2839,MR13 MR02 MR04 MR08 MR11 MR07 MR06 MR09 MR10 MR12 MR14,11,28,28,1.00000000
2840,MR13 MR11 MR02 MR04 MR08 MR09 MR10 MR12 MR06 MR07 MR14,11,27,27,1.00000000
2841,MR12 MR11 MR02 MR04 MR08 MR13 MR07 MR09 MR10 MR06 MR14,11,27,27,1.00000000
2842,MR14 MR10 MR02 MR07 MR08 MR11 MR04 MR09 MR13 MR06,10,30,27,0.90000000
2843,MR08 MR10 MR02 MR11 MR07 MR04 MR06 MR09 MR13 MR14 MR12,11,28,28,1.00000000
2844,MR13 MR11 MR02 MR04 MR08 MR14 MR07 MR09 MR10 MR06,10,23,20,0.86956522
2845,MR13 MR02 MR04 MR08 MR06 MR07 MR11 MR09 MR10 MR14 MR12,11,20,20,1.00000000
2846,MR12 MR10 MR02 MR08 MR11 MR04 MR06 MR07 MR09 MR13 MR14,11,28,28,1.00000000
2847,MR13 MR11 MR02 MR04 MR08 MR14 MR09 MR10 MR12 MR06 MR07,11,19,19,1.00000000
2848,MR13 MR02 MR04 MR08 MR11 MR06 MR14 MR09 MR10 MR07 MR12,11,27,27,1.00000000
2849,MR13 MR11 MR02 MR04 MR08 MR14 MR12 MR07 MR09 MR10 MR06,11,24,24,1.00000000
2850,MR13 MR02 MR04 MR08 MR11 MR06 MR14 MR09 MR10 MR12 MR07,11,17,17,1.00000000
2851,MR13 MR06 MR02 MR04 MR08 MR12 MR07 MR09 MR10 MR11 MR14,11,24,24,1.00000000
2852,MR13 MR06 MR02 MR04 MR08 MR14 MR11 MR09 MR10 MR07 MR12,11,28,28,1.00000000
2853,MR13 MR11 MR02 MR04 MR08 MR12 MR14 MR07 MR09 MR10 MR06,11,22,22,1.00000000
2854,MR13 MR02 MR04 MR08 MR07 MR06 MR09 MR10 MR11 MR12 MR14,11,29,29,1.00000000
2855,MR12 MR10 MR02 MR08 MR06 MR07 MR11 MR04 MR09 MR14 MR13,11,23,23,1.00000000
2856,MR13 MR11 MR02 MR04 MR08 MR14 MR09 MR10 MR07 MR12 MR06,11,23,23,1.00000000
2857,MR05 MR02 MR04 MR08 MR11 MR07 MR14 MR09 MR10 MR06 MR12,11,21,18,0.85714286
2858,MR13 MR11 MR02 MR04 MR08 MR12 MR09 MR10 MR07 MR14 MR06,11,29,29,1.00000000
2859,MR13 MR02 MR04 MR08 MR11 MR07 MR14 MR09 MR10 MR12 MR06,11,21,21,1.00000000
2860,MR12 MR10 MR02 MR08 MR07 MR06 MR04 MR09 MR11 MR14 MR13,11,25,25,1.00000000
2861,MR13 MR02 MR04 MR08 MR07 MR11 MR06 MR09 MR10 MR12 MR14,11,20,20,1.00000000
2862,MR13 MR02 MR04 MR08 MR11 MR14 MR06 MR09 MR10 MR07 MR12,11,24,24,1.00000000
2863,MR13 MR07 MR02 MR04 MR08 MR11 MR09 MR10 MR12 MR06 MR14,11,27,27,1.00000000
2864,MR13 MR02 MR04 MR06 MR08 MR11 MR09 MR10 MR14 MR07 MR12,11,27,27,1.00000000
2865,MR13 MR11 MR02 MR04 MR08 MR07 MR14 MR09 MR10 MR12,10,23,20,0.86956522
2866,MR13 MR11 MR02 MR04 MR08 MR12 MR07 MR09 MR10 MR06 MR14,11,31,31,1.00000000
2867,MR13 MR02 MR04 MR08 MR11 MR07 MR14 MR06 MR09 MR10 MR12,11,22,22,1.00000000
2868,MR13 MR02 MR04 MR08 MR11 MR12 MR07 MR09 MR10 MR06 MR14,11,25,25,1.00000000
2869,MR06 MR10 MR02 MR08 MR04 MR09 MR12 MR13 MR14 MR11 MR07,11,26,26,1.00000000
2870,MR13 MR11 MR02 MR04 MR08 MR07 MR09 MR10 MR12 MR14,10,21,18,0.85714286
2871,MR13 MR11 MR02 MR04 MR08 MR07 MR09 MR10 MR14 MR06 MR12,11,20,20,1.00000000
2872,MR13 MR11 MR02 MR04 MR08 MR09 MR10 MR06 MR12 MR07 MR14,11,26,26,1.00000000
2873,MR13 MR11 MR02 MR04 MR08 MR12 MR09 MR10 MR06 MR07,10,21,18,0.85714286
2874,MR05 MR02 MR04 MR08 MR11 MR06 MR09 MR10 MR14 MR07 MR12,11,23,20,0.86956522
2875,MR13 MR11 MR02 MR04 MR08 MR14 MR07 MR09 MR10 MR06 MR12,11,23,23,1.00000000
2876,MR13 MR02 MR04 MR08 MR11 MR06 MR07 MR09 MR10 MR12 MR14,11,17,17,1.00000000
2877,MR13 MR02 MR04 MR08 MR11 MR12 MR07 MR14 MR06 MR09 MR10,11,27,27,1.00000000
2878,MR13 MR02 MR04 MR08 MR11 MR14 MR06 MR07 MR09 MR10 MR12,11,24,24,1.00000000
2879,MR12 MR10 MR02 MR08 MR11 MR04 MR06 MR07 MR09 MR13 MR14,11,23,23,1.00000000
2880,MR13 MR11 MR02 MR04 MR08 MR12 MR09 MR10 MR07 MR14,10,26,23,0.88461538
2881,MR05 MR02 MR04 MR08 MR06 MR11 MR09 MR10 MR07 MR12,10,27,21,0.77777778
2882,MR05 MR02 MR04 MR08 MR11 MR06 MR07 MR09 MR10 MR12 MR14,11,21,18,0.85714286
2883,MR12 MR10 MR02 MR08 MR11 MR14 MR06 MR04 MR07 MR09 MR13,11,22,22,1.00000000
2884,MR12 MR10 MR06 MR02 MR08 MR04 MR07 MR09 MR11 MR13 MR14,11,28,28,1.00000000
2885,MR13 MR02 MR04 MR08 MR11 MR07 MR14 MR09 MR10 MR12 MR06,11,23,23,1.00000000
2886,MR13 MR02 MR04 MR08 MR06 MR07 MR11 MR12 MR09 MR10 MR14,11,23,23,1.00000000
2887,MR12 MR10 MR11 MR02 MR08 MR04 MR06 MR09 MR14 MR13 MR07,11,25,25,1.00000000
2888,MR14 MR10 MR11 MR02 MR08 MR04 MR06 MR09 MR12 MR07 MR13,11,24,24,1.00000000
2889,MR13 MR11 MR02 MR04 MR08 MR12 MR09 MR10 MR14 MR06 MR07,11,25,25,1.00000000
2890,MR13 MR11 MR02 MR04 MR08 MR14 MR06 MR09 MR10 MR07 MR12,11,22,22,1.00000000
2891,MR13 MR11 MR02 MR04 MR08 MR06 MR09 MR10 MR12 MR07 MR14,11,24,24,1.00000000
2892,MR13 MR11 MR02 MR04 MR08 MR14 MR09 MR10 MR12 MR06 MR07,11,20,20,1.00000000
2893,MR13 MR02 MR04 MR08 MR11 MR07 MR09 MR10 MR14 MR06 MR12,11,21,21,1.00000000
2894,MR13 MR02 MR04 MR08 MR06 MR11 MR09 MR10 MR12 MR14 MR07,11,23,23,1.00000000
2895,MR12 MR10 MR02 MR08 MR11 MR14 MR07 MR04 MR06 MR09 MR05,11,21,18,0.85714286
2896,MR13 MR11 MR02 MR04 MR08 MR07 MR09 MR10 MR12 MR14 MR06,11,19,19,1.00000000
2897,MR13 MR02 MR04 MR08 MR11 MR07 MR14 MR09 MR10 MR06 MR12,11,18,18,1.00000000
2898,MR13 MR11 MR02 MR04 MR08 MR07 MR09 MR10 MR12 MR14 MR06,11,25,25,1.00000000
2899,MR13 MR11 MR02 MR04 MR08 MR09 MR10 MR14 MR06 MR07 MR12,11,28,28,1.00000000
2900,MR08 MR11 MR10 MR02 MR14 MR12 MR04 MR09 MR13 MR07,10,29,26,0.89655172
2901,MR13 MR11 MR02 MR04 MR08 MR12 MR07 MR09 MR10 MR06 MR14,11,21,21,1.00000000
2902,MR13 MR02 MR04 MR06 MR08 MR11 MR12 MR09 MR10 MR14,10,26,23,0.88461538
2903,MR13 MR11 MR02 MR04 MR08 MR07 MR12 MR09 MR10 MR14,10,22,19,0.86363636
2904,MR13 MR02 MR04 MR08 MR07 MR11 MR12 MR09 MR10 MR14 MR06,11,22,22,1.00000000
2905,MR13 MR02 MR04 MR08 MR06 MR11 MR12 MR07 MR09 MR10 MR14,11,22,22,1.00000000
2906,MR12 MR10 MR11 MR02 MR08 MR04 MR06 MR09 MR13 MR14 MR07,11,27,27,1.00000000
2907,MR13 MR02 MR04 MR08 MR11 MR06 MR07 MR09 MR10 MR12 MR14,11,24,24,1.00000000
2908,MR13 MR02 MR04 MR08 MR11 MR06 MR09 MR10 MR14 MR07 MR12,11,23,23,1.00000000
2909,MR13 MR11 MR02 MR04 MR08 MR07 MR12 MR09 MR10 MR14 MR06,11,28,28,1.00000000
2910,MR13 MR07 MR02 MR04 MR08 MR11 MR09 MR10 MR14,9,21,15,0.71428571
2911,MR13 MR02 MR04 MR08 MR11 MR06 MR09 MR10 MR12 MR14 MR07,11,21,21,1.00000000
2912,MR13 MR02 MR04 MR08 MR07 MR11 MR14 MR06 MR09 MR10 MR12,11,26,26,1.00000000
2913,MR13 MR02 MR04 MR06 MR08 MR11 MR12 MR09 MR10 MR07 MR14,11,25,25,1.00000000
2914,MR13 MR02 MR04 MR08 MR11 MR07 MR09 MR10 MR06 MR12 MR14,11,22,22,1.00000000
2915,MR13 MR02 MR04 MR08 MR06 MR11 MR09 MR10 MR12 MR07 MR14,11,24,24,1.00000000
2916,MR13 MR11 MR02 MR04 MR08 MR14 MR06 MR09 MR10 MR12 MR07,11,21,21,1.00000000
2917,MR07 MR10 MR02 MR08 MR14 MR11 MR04 MR09 MR12 MR13 MR06,11,20,20,1.00000000
2918,MR13 MR11 MR02 MR04 MR08 MR12 MR07 MR09 MR10 MR14 MR06,11,27,27,1.00000000
2919,MR13 MR02 MR04 MR08 MR07 MR11 MR09 MR10 MR06 MR12 MR14,11,20,20,1.00000000
2920,MR13 MR02 MR04 MR08 MR06 MR11 MR07 MR09 MR10 MR14 MR12,11,26,26,1.00000000
2921,MR13 MR11 MR02 MR04 MR08 MR12 MR09 MR10 MR06 MR07 MR14,11,28,28,1.00000000
2922,MR13 MR11 MR02 MR04 MR08 MR12 MR07 MR09 MR10 MR14 MR06,11,21,21,1.00000000
2923,MR13 MR11 MR02 MR04 MR08 MR14 MR09 MR10 MR06 MR07 MR12,11,26,26,1.00000000
2924,MR13 MR02 MR04 MR08 MR11 MR12 MR06 MR07 MR09 MR10 MR14,11,19,19,1.00000000
2925,MR13 MR11 MR02 MR04 MR08 MR14 MR06 MR09 MR10 MR07 MR12,11,23,23,1.00000000
2926,MR13 MR02 MR04 MR08 MR06 MR07 MR11 MR09 MR10 MR12 MR14,11,20,20,1.00000000
2927,MR13 MR11 MR02 MR04 MR08 MR14 MR09 MR10 MR06 MR07 MR12,11,21,21,1.00000000
2928,MR13 MR11 MR02 MR04 MR08 MR12 MR14 MR06 MR09 MR10 MR07,11,21,21,1.00000000
2929,MR13 MR06 MR02 MR04 MR08 MR07 MR09 MR10 MR14 MR11 MR12,11,29,29,1.00000000
2930,MR13 MR11 MR02 MR04 MR08 MR12 MR06 MR09 MR10 MR14 MR07,11,23,23,1.00000000
2931,MR12 MR10 MR02 MR08 MR06 MR07 MR11 MR04 MR09 MR14 MR13,11,25,25,1.00000000
2932,MR13 MR11 MR02 MR04 MR08 MR06 MR09 MR10 MR12 MR14,10,27,24,0.88888889
2933,MR12 MR11 MR10 MR02 MR08 MR04 MR09 MR13 MR06 MR07 MR14,11,23,23,1.00000000
2934,MR13 MR11 MR02 MR04 MR08 MR09 MR10 MR12 MR07 MR06 MR14,11,22,22,1.00000000
2935,MR13 MR02 MR04 MR08 MR07 MR11 MR14 MR06 MR09 MR10 MR12,11,25,25,1.00000000
2936,MR13 MR02 MR04 MR08 MR06 MR07 MR11 MR12 MR09 MR10 MR14,11,31,31,1.00000000
2937,MR08 MR10 MR11 MR02 MR12 MR04 MR09 MR13 MR14 MR06 MR07,11,26,26,1.00000000
2938,MR13 MR02 MR04 MR08 MR11 MR14 MR06 MR07 MR09 MR10 MR12,11,20,20,1.00000000
2939,MR12 MR02 MR04 MR08 MR11 MR06 MR07 MR09 MR10 MR13 MR14,11,20,20,1.00000000
2940,MR13 MR11 MR02 MR04 MR08 MR14 MR07 MR09 MR10 MR12 MR06,11,22,22,1.00000000
2941,MR08 MR10 MR02 MR11 MR06 MR12 MR04 MR07 MR09 MR13 MR14,11,23,23,1.00000000
2942,MR13 MR02 MR04 MR08 MR07 MR11 MR06 MR09 MR10 MR12 MR14,11,23,23,1.00000000
2943,MR12 MR10 MR02 MR08 MR11 MR13 MR06 MR04 MR07 MR09,10,24,21,0.87500000
2944,MR13 MR02 MR04 MR08 MR11 MR12 MR06 MR07 MR09 MR10 MR14,11,24,24,1.00000000
2945,MR13 MR11 MR02 MR04 MR08 MR12 MR07 MR09 MR10 MR14 MR06,11,19,19,1.00000000
2946,MR12 MR02 MR04 MR08 MR06 MR11 MR09 MR10 MR07 MR14 MR13,11,26,26,1.00000000
2947,MR13 MR11 MR02 MR04 MR08 MR06 MR14 MR09 MR10 MR07 MR12,11,27,27,1.00000000
2948,MR08 MR10 MR02 MR11 MR14 MR13 MR04 MR06 MR07 MR09 MR12,11,22,22,1.00000000
2949,MR12 MR10 MR02 MR08 MR11 MR06 MR14 MR04 MR09 MR13 MR07,11,25,25,1.00000000
2950,MR13 MR02 MR04 MR08 MR11 MR07 MR09 MR10 MR06 MR12 MR14,11,23,23,1.00000000
2951,MR08 MR10 MR11 MR02 MR04 MR09 MR12 MR13 MR14 MR06 MR07,11,21,21,1.00000000
2952,MR13 MR02 MR04 MR08 MR11 MR07 MR09 MR10 MR12 MR14 MR06,11,25,25,1.00000000
2953,MR13 MR02 MR04 MR08 MR11 MR06 MR07 MR09 MR10 MR12 MR14,11,29,29,1.00000000
2954,MR13 MR11 MR02 MR04 MR08 MR07 MR09 MR10 MR14 MR06 MR12,11,26,26,1.00000000
2955,MR13 MR02 MR04 MR08 MR11 MR14 MR07 MR06 MR09 MR10 MR12,11,24,24,1.00000000
2956,MR13 MR11 MR02 MR04 MR08 MR14 MR06 MR09 MR10 MR12,10,24,21,0.87500000
2957,MR13 MR02 MR04 MR07 MR08 MR12 MR06 MR09 MR10 MR11,10,24,21,0.87500000
2958,MR13 MR02 MR04 MR08 MR06 MR12 MR11 MR07 MR09 MR10 MR14,11,24,24,1.00000000
2959,MR13 MR02 MR04 MR08 MR11 MR06 MR07 MR09 MR10 MR12 MR14,11,23,23,1.00000000
2960,MR12 MR02 MR04 MR08 MR11 MR06 MR07 MR09 MR10 MR13 MR14,11,24,24,1.00000000
2961,MR13 MR11 MR02 MR04 MR08 MR09 MR10 MR06 MR12 MR14 MR07,11,23,23,1.00000000
2962,MR13 MR11 MR02 MR04 MR08 MR12 MR06 MR09 MR10 MR07 MR14,11,26,26,1.00000000
2963,MR13 MR02 MR04 MR06 MR08 MR14 MR07 MR09 MR10 MR11 MR12,11,23,23,1.00000000
2964,MR13 MR11 MR02 MR04 MR08 MR06 MR09 MR10 MR07 MR12 MR14,11,28,28,1.00000000
2965,MR12 MR10 MR11 MR02 MR08 MR04 MR07 MR09 MR14 MR06 MR13,11,25,25,1.00000000
2966,MR13 MR02 MR04 MR08 MR06 MR11 MR12 MR09 MR10 MR14 MR07,11,24,24,1.00000000
2967,MR14 MR04 MR02 MR08 MR11 MR06 MR13 MR09 MR10 MR07 MR12,11,26,26,1.00000000
2968,MR13 MR02 MR04 MR08 MR11 MR07 MR12 MR09 MR10 MR06,10,23,20,0.86956522
2969,MR13 MR11 MR02 MR04 MR08 MR06 MR12 MR09 MR10 MR07 MR14,11,23,23,1.00000000
2970,MR13 MR11 MR02 MR04 MR08 MR12 MR06 MR09 MR10 MR07 MR14,11,24,24,1.00000000
2971,MR13 MR11 MR02 MR04 MR08 MR07 MR09 MR10 MR12 MR06 MR14,11,22,22,1.00000000
2972,MR13 MR02 MR04 MR08 MR11 MR06 MR07 MR09 MR10 MR12 MR14,11,22,22,1.00000000
2973,MR13 MR02 MR04 MR06 MR08 MR11 MR09 MR10 MR14 MR07 MR12,11,27,27,1.00000000
2974,MR13 MR11 MR02 MR04 MR08 MR07 MR09 MR10 MR14 MR12,10,27,24,0.88888889
2975,MR12 MR10 MR02 MR08 MR11 MR14 MR04 MR06 MR07 MR09 MR13,11,25,25,1.00000000
2976,MR13 MR11 MR02 MR04 MR08 MR07 MR09 MR10 MR06 MR14 MR12,11,27,27,1.00000000
2977,MR13 MR02 MR04 MR08 MR11 MR14 MR06 MR07 MR09 MR10 MR12,11,23,23,1.00000000
2978,MR13 MR02 MR04 MR08 MR11 MR06 MR07 MR09 MR10 MR12 MR14,11,26,26,1.00000000
2979,MR07 MR04 MR02 MR08 MR11 MR14 MR12 MR09 MR10 MR13 MR06,11,28,28,1.00000000
2980,MR12 MR10 MR02 MR08 MR11 MR06 MR14 MR04 MR09 MR07 MR13,11,19,19,1.00000000
2981,MR13 MR11 MR02 MR04 MR08 MR06 MR14 MR09 MR10 MR07 MR12,11,25,25,1.00000000
2982,MR13 MR11 MR02 MR04 MR08 MR07 MR09 MR10 MR12 MR14 MR06,11,25,25,1.00000000
2983,MR13 MR02 MR04 MR08 MR11 MR06 MR09 MR10 MR12 MR14 MR07,11,27,27,1.00000000
2984,MR12 MR10 MR02 MR07 MR08 MR11 MR14 MR04 MR09 MR13,10,25,22,0.88000000
2985,MR12 MR11 MR10 MR02 MR08 MR14 MR04 MR09 MR13 MR07 MR06,11,24,24,1.00000000
2986,MR13 MR11 MR02 MR04 MR08 MR06 MR14 MR09 MR10 MR12,10,23,20,0.86956522
2987,MR05 MR11 MR02 MR04 MR08 MR14 MR09 MR10 MR06 MR07 MR12,11,27,24,0.88888889
2988,MR13 MR11 MR02 MR04 MR08 MR07 MR09 MR10 MR14 MR12 MR06,11,24,24,1.00000000
2989,MR13 MR02 MR04 MR08 MR06 MR11 MR07 MR09 MR10 MR14 MR12,11,24,24,1.00000000
2990,MR13 MR02 MR04 MR08 MR06 MR14 MR07 MR09 MR10 MR11 MR12,11,24,24,1.00000000
2991,MR13 MR11 MR02 MR04 MR08 MR14 MR09 MR10 MR07 MR12 MR06,11,20,20,1.00000000
2992,MR13 MR11 MR02 MR04 MR08 MR14 MR09 MR10 MR06 MR07 MR12,11,30,30,1.00000000
2993,MR13 MR02 MR04 MR08 MR11 MR14 MR07 MR09 MR10 MR06,10,25,22,0.88000000
2994,MR12 MR10 MR02 MR08 MR11 MR07 MR04 MR09 MR06 MR13 MR14,11,21,21,1.00000000
2995,MR13 MR11 MR14 MR02 MR04 MR08 MR06 MR09 MR10 MR07 MR12,11,28,28,1.00000000
2996,MR08 MR10 MR02 MR11 MR14 MR07 MR04 MR06 MR09 MR13 MR12,11,22,22,1.00000000
2997,MR08 MR10 MR11 MR02 MR04 MR07 MR09 MR12 MR14 MR06 MR13,11,24,24,1.00000000
2998,MR13 MR02 MR04 MR08 MR11 MR06 MR09 MR10 MR14 MR12 MR07,11,24,24,1.00000000
2999,MR13 MR02 MR04 MR08 MR11 MR12 MR06 MR07 MR09 MR10 MR14,11,21,21,1.00000000
3000,MR13 MR02 MR04 MR08 MR07 MR06 MR14 MR09 MR10 MR11 MR12,11,24,24,1.00000000
3001,MR13 MR02 MR04 MR08 MR06 MR11 MR14 MR09 MR10 MR07 MR12,11,26,26,1.00000000
3002,MR13 MR11 MR02 MR04 MR08 MR06 MR09 MR10 MR12 MR14,10,27,24,0.88888889
3003,MR13 MR11 MR02 MR04 MR08 MR09 MR10 MR12 MR06 MR07 MR14,11,27,27,1.00000000
3004,MR13 MR11 MR02 MR04 MR08 MR14 MR06 MR09 MR10 MR07 MR12,11,25,25,1.00000000
3005,MR13 MR02 MR04 MR08 MR06 MR11 MR12 MR14 MR07 MR09 MR10,11,26,26,1.00000000
3006,MR13 MR11 MR02 MR04 MR08 MR14 MR06 MR09 MR10 MR07 MR12,11,24,24,1.00000000
3007,MR13 MR02 MR04 MR08 MR11 MR14 MR07 MR09 MR10 MR12 MR06,11,23,23,1.00000000
3008,MR13 MR02 MR04 MR07 MR08 MR11 MR09 MR10 MR14 MR12 MR06,11,24,24,1.00000000
3009,MR13 MR02 MR04 MR08 MR06 MR07 MR11 MR09 MR10 MR14 MR12,11,27,27,1.00000000
3010,MR13 MR06 MR02 MR04 MR08 MR12 MR11 MR09 MR10 MR07,10,23,20,0.86956522
3011,MR13 MR02 MR04 MR08 MR11 MR07 MR06 MR09 MR10 MR12 MR14,11,27,27,1.00000000
3012,MR12 MR02 MR04 MR08 MR11 MR13 MR06 MR09 MR10 MR14 MR07,11,22,22,1.00000000
3013,MR08 MR10 MR11 MR02 MR12 MR14 MR13 MR04 MR06 MR09 MR07,11,21,21,1.00000000
3014,MR13 MR11 MR02 MR04 MR08 MR14 MR09 MR10 MR12 MR06 MR07,11,24,24,1.00000000
3015,MR13 MR11 MR02 MR04 MR08 MR09 MR10 MR14 MR06 MR07 MR12,11,25,25,1.00000000
3016,MR08 MR10 MR11 MR02 MR12 MR14 MR06 MR04 MR09 MR13,10,24,21,0.87500000
3017,MR12 MR10 MR02 MR08 MR11 MR06 MR14 MR04 MR07 MR09 MR13,11,24,24,1.00000000
3018,MR13 MR02 MR04 MR08 MR11 MR07 MR14 MR09 MR10 MR06 MR12,11,29,29,1.00000000
3019,MR13 MR02 MR04 MR08 MR11 MR06 MR14 MR09 MR10 MR07,10,25,22,0.88000000
3020,MR13 MR11 MR02 MR04 MR08 MR07 MR12 MR09 MR10 MR14 MR06,11,23,23,1.00000000
3021,MR08 MR10 MR02 MR11 MR12 MR14 MR04 MR06 MR07 MR09 MR13,11,23,23,1.00000000
3022,MR13 MR02 MR04 MR08 MR06 MR11 MR09 MR10 MR07 MR14 MR12,11,26,26,1.00000000
3023,MR13 MR02 MR04 MR08 MR11 MR12 MR06 MR07 MR09 MR10 MR14,11,23,23,1.00000000
3024,MR12 MR10 MR02 MR08 MR11 MR07 MR04 MR09 MR13 MR14 MR06,11,19,19,1.00000000
3025,MR13 MR02 MR04 MR08 MR11 MR14 MR06 MR07 MR09 MR10 MR12,11,21,21,1.00000000
3026,MR13 MR02 MR04 MR07 MR08 MR11 MR09 MR10 MR06 MR12 MR14,11,23,23,1.00000000
3027,MR13 MR02 MR04 MR08 MR07 MR11 MR14 MR09 MR10 MR12 MR06,11,19,19,1.00000000
3028,MR12 MR10 MR02 MR08 MR11 MR07 MR13 MR04 MR06 MR09 MR14,11,26,26,1.00000000
3029,MR12 MR02 MR04 MR08 MR13 MR06 MR07 MR11 MR09 MR10 MR14,11,27,27,1.00000000
3030,MR13 MR11 MR02 MR04 MR08 MR06 MR09 MR10 MR14 MR07 MR12,11,24,24,1.00000000
3031,MR13 MR02 MR04 MR08 MR11 MR12 MR06 MR07 MR09 MR10 MR14,11,24,24,1.00000000
3032,MR13 MR02 MR04 MR08 MR11 MR07 MR06 MR09 MR10 MR12 MR14,11,23,23,1.00000000
3033,MR13 MR02 MR04 MR08 MR06 MR11 MR09 MR10 MR14 MR07 MR12,11,20,20,1.00000000
3034,MR13 MR02 MR04 MR08 MR06 MR07 MR14 MR09 MR10 MR12 MR11,11,23,23,1.00000000
3035,MR13 MR11 MR02 MR04 MR08 MR09 MR10 MR12 MR06 MR07 MR14,11,23,23,1.00000000
3036,MR06 MR10 MR02 MR08 MR12 MR14 MR04 MR09 MR11 MR07 MR13,11,26,26,1.00000000
3037,MR13 MR02 MR04 MR08 MR11 MR07 MR09 MR10 MR14 MR12 MR06,11,19,19,1.00000000
3038,MR13 MR02 MR04 MR08 MR06 MR07 MR11 MR09 MR10 MR12 MR14,11,26,26,1.00000000
3039,MR13 MR11 MR02 MR04 MR08 MR14 MR12 MR09 MR10 MR06 MR07,11,25,25,1.00000000
3040,MR12 MR10 MR11 MR02 MR08 MR04 MR06 MR09 MR14 MR07 MR05,11,22,19,0.86363636
3041,MR13 MR11 MR02 MR04 MR08 MR12 MR06 MR09 MR10 MR07 MR14,11,20,20,1.00000000
3042,MR13 MR02 MR04 MR08 MR06 MR07 MR09 MR10 MR12 MR14 MR11,11,25,25,1.00000000
3043,MR13 MR14 MR11 MR02 MR04 MR08 MR06 MR09 MR10 MR07,10,24,21,0.87500000
3044,MR13 MR11 MR02 MR04 MR08 MR12 MR07 MR09 MR10 MR14 MR06,11,25,25,1.00000000
3045,MR13 MR02 MR04 MR08 MR06 MR11 MR09 MR10 MR12 MR07 MR14,11,24,24,1.00000000
3046,MR12 MR10 MR02 MR08 MR07 MR11 MR04 MR06 MR09 MR13 MR14,11,23,23,1.00000000
3047,MR13 MR02 MR04 MR06 MR08 MR12 MR07 MR09 MR10 MR11,10,24,21,0.87500000
3048,MR05 MR02 MR04 MR08 MR11 MR06 MR12 MR14 MR09 MR10 MR07,11,24,21,0.87500000
3049,MR13 MR11 MR02 MR04 MR08 MR06 MR09 MR10 MR12 MR14,10,29,26,0.89655172
3050,MR13 MR11 MR02 MR04 MR08 MR06 MR09 MR10 MR12 MR07 MR14,11,22,22,1.00000000
3051,MR12 MR10 MR02 MR08 MR11 MR07 MR13 MR04 MR06 MR09 MR14,11,20,20,1.00000000
3052,MR08 MR10 MR11 MR02 MR04 MR07 MR09 MR13 MR14 MR12,10,28,25,0.89285714
3053,MR13 MR11 MR02 MR04 MR08 MR14 MR06 MR09 MR10 MR12,10,31,28,0.90322581
3054,MR12 MR10 MR02 MR08 MR11 MR07 MR04 MR06 MR09 MR14,10,29,25,0.86206897
3055,MR13 MR02 MR04 MR08 MR11 MR07 MR09 MR10 MR12 MR06 MR14,11,20,20,1.00000000
3056,MR13 MR11 MR02 MR04 MR08 MR07 MR09 MR10 MR06 MR12 MR14,11,26,26,1.00000000
3057,MR13 MR02 MR04 MR08 MR11 MR07 MR14 MR09 MR10 MR06 MR12,11,29,29,1.00000000
3058,MR12 MR10 MR02 MR08 MR06 MR07 MR04 MR09 MR14 MR11 MR13,11,23,23,1.00000000
3059,MR13 MR11 MR02 MR04 MR08 MR14 MR09 MR10 MR06 MR07 MR12,11,23,23,1.00000000
3060,MR13 MR11 MR02 MR04 MR08 MR14 MR06 MR09 MR10 MR12 MR07,11,27,27,1.00000000
3061,MR13 MR02 MR04 MR08 MR11 MR12 MR06 MR09 MR10 MR14 MR07,11,26,26,1.00000000
3062,MR13 MR11 MR02 MR04 MR08 MR09 MR10 MR07 MR14 MR06 MR12,11,24,24,1.00000000
3063,MR13 MR11 MR02 MR04 MR08 MR09 MR10 MR14 MR06 MR07 MR12,11,27,27,1.00000000
3064,MR13 MR11 MR02 MR04 MR08 MR14 MR07 MR09 MR10 MR12,10,25,22,0.88000000
3065,MR12 MR11 MR10 MR02 MR08 MR13 MR04 MR09 MR14 MR06 MR07,11,21,21,1.00000000
3066,MR13 MR02 MR04 MR08 MR11 MR06 MR07 MR09 MR10 MR12 MR14,11,29,29,1.00000000
3067,MR13 MR02 MR04 MR08 MR11 MR06 MR12 MR07 MR09 MR10 MR14,11,18,18,1.00000000
3068,MR12 MR11 MR02 MR04 MR08 MR13 MR09 MR10 MR06 MR07 MR14,11,25,25,1.00000000
3069,MR12 MR10 MR11 MR02 MR08 MR13 MR04 MR09 MR06 MR07,10,23,20,0.86956522
3070,MR13 MR11 MR02 MR04 MR08 MR09 MR10 MR06 MR14,9,28,22,0.78571429
3071,MR13 MR02 MR04 MR08 MR11 MR06 MR09 MR10 MR14 MR07 MR12,11,26,26,1.00000000
3072,MR12 MR10 MR02 MR08 MR11 MR06 MR04 MR07 MR09 MR14 MR13,11,22,22,1.00000000
3073,MR13 MR11 MR02 MR04 MR08 MR07 MR09 MR10 MR12 MR06 MR14,11,21,21,1.00000000
3074,MR13 MR11 MR02 MR04 MR08 MR06 MR09 MR10 MR12 MR07 MR14,11,21,21,1.00000000
3075,MR13 MR02 MR04 MR08 MR11 MR07 MR09 MR10 MR14 MR06 MR12,11,26,26,1.00000000
3076,MR13 MR11 MR02 MR04 MR08 MR06 MR09 MR10 MR12 MR14 MR07,11,26,26,1.00000000
3077,MR13 MR02 MR04 MR08 MR11 MR06 MR07 MR09 MR10 MR12 MR14,11,26,26,1.00000000
3078,MR13 MR11 MR02 MR04 MR08 MR07 MR09 MR10 MR12 MR06 MR14,11,21,21,1.00000000
3079,MR13 MR11 MR02 MR04 MR08 MR14 MR09 MR10 MR06 MR12,10,24,21,0.87500000
3080,MR13 MR02 MR04 MR08 MR11 MR07 MR14 MR09 MR10 MR12 MR06,11,25,25,1.00000000
3081,MR13 MR11 MR02 MR04 MR08 MR06 MR09 MR10 MR12 MR14 MR07,11,23,23,1.00000000
3082,MR08 MR10 MR02 MR11 MR06 MR14 MR04 MR07 MR09 MR12 MR13,11,24,24,1.00000000
3083,MR13 MR02 MR04 MR08 MR07 MR11 MR09 MR10 MR12 MR06 MR14,11,20,20,1.00000000
3084,MR13 MR02 MR04 MR08 MR06 MR11 MR12 MR09 MR10 MR07 MR14,11,23,23,1.00000000
3085,MR13 MR02 MR04 MR07 MR08 MR14 MR11 MR09 MR10 MR06 MR12,11,20,20,1.00000000
3086,MR13 MR02 MR04 MR08 MR06 MR07 MR11 MR12 MR09 MR10 MR14,11,25,25,1.00000000
3087,MR13 MR02 MR04 MR08 MR11 MR12 MR06 MR07 MR09 MR10 MR14,11,25,25,1.00000000
3088,MR13 MR02 MR04 MR08 MR11 MR06 MR07 MR09 MR10 MR14,10,21,18,0.85714286
3089,MR13 MR02 MR04 MR08 MR11 MR06 MR07 MR09 MR10 MR14 MR12,11,22,22,1.00000000
3090,MR13 MR11 MR02 MR04 MR08 MR06 MR09 MR10 MR12 MR07 MR14,11,18,18,1.00000000
3091,MR13 MR11 MR02 MR04 MR08 MR09 MR10 MR06 MR12 MR07 MR14,11,29,29,1.00000000
3092,MR13 MR02 MR04 MR08 MR07 MR11 MR09 MR10 MR14 MR06 MR12,11,24,24,1.00000000
3093,MR13 MR02 MR04 MR08 MR11 MR14 MR07 MR06 MR09 MR10 MR12,11,22,22,1.00000000
3094,MR12 MR02 MR04 MR08 MR07 MR06 MR09 MR10 MR11 MR14 MR05,11,38,35,0.92105263
3095,MR13 MR02 MR04 MR08 MR14 MR06 MR07 MR11 MR09 MR10 MR12,11,20,20,1.00000000
3096,MR14 MR04 MR11 MR02 MR08 MR06 MR09 MR10 MR07 MR12 MR13,11,28,28,1.00000000
3097,MR13 MR02 MR04 MR08 MR07 MR06 MR09 MR10 MR11 MR12 MR14,11,22,22,1.00000000
3098,MR12 MR10 MR02 MR07 MR08 MR11 MR14 MR04 MR09 MR05,10,27,21,0.77777778
3099,MR13 MR02 MR04 MR08 MR11 MR06 MR09 MR10 MR07 MR12,10,26,23,0.88461538
3100,MR13 MR11 MR02 MR04 MR08 MR12 MR06 MR09 MR10 MR14 MR07,11,21,21,1.00000000
3101,MR05 MR02 MR04 MR08 MR11 MR06 MR07 MR09 MR10 MR12,10,26,20,0.76923077
3102,MR13 MR11 MR02 MR04 MR08 MR07 MR09 MR10 MR12 MR14 MR06,11,20,20,1.00000000
3103,MR13 MR14 MR02 MR04 MR08 MR11 MR06 MR09 MR10 MR07 MR12,11,24,24,1.00000000
3104,MR13 MR02 MR04 MR08 MR06 MR11 MR09 MR10 MR07 MR12 MR14,11,24,24,1.00000000
3105,MR13 MR11 MR02 MR04 MR08 MR06 MR09 MR10 MR14 MR12 MR07,11,30,30,1.00000000
3106,MR13 MR02 MR04 MR08 MR14 MR06 MR07 MR11 MR09 MR10 MR12,11,22,22,1.00000000
3107,MR13 MR02 MR04 MR08 MR11 MR06 MR14 MR07 MR09 MR10 MR12,11,23,23,1.00000000
3108,MR13 MR02 MR04 MR08 MR06 MR11 MR09 MR10 MR12 MR07 MR14,11,25,25,1.00000000
3109,MR13 MR11 MR02 MR04 MR08 MR07 MR09 MR10 MR14 MR06,10,27,24,0.88888889
3110,MR13 MR02 MR04 MR06 MR08 MR07 MR14 MR09 MR10 MR11 MR12,11,22,22,1.00000000
3111,MR13 MR11 MR02 MR04 MR08 MR06 MR09 MR10 MR12 MR07 MR14,11,21,21,1.00000000
3112,MR12 MR10 MR11 MR02 MR08 MR04 MR06 MR09 MR13 MR14 MR07,11,22,22,1.00000000
3113,MR13 MR11 MR02 MR04 MR08 MR14 MR06 MR09 MR10 MR07 MR12,11,21,21,1.00000000
3114,MR13 MR02 MR04 MR08 MR11 MR07 MR09 MR10 MR12 MR14 MR06,11,23,23,1.00000000
3115,MR05 MR02 MR04 MR07 MR08 MR06 MR09 MR10 MR11 MR14 MR12,11,28,25,0.89285714
3116,MR13 MR02 MR04 MR08 MR11 MR07 MR12 MR09 MR10 MR06 MR14,11,19,19,1.00000000
3117,MR13 MR02 MR04 MR08 MR11 MR14 MR06 MR07 MR09 MR10 MR12,11,27,27,1.00000000
3118,MR13 MR11 MR02 MR04 MR08 MR12 MR06 MR09 MR10 MR07 MR14,11,28,28,1.00000000
3119,MR13 MR02 MR04 MR08 MR11 MR06 MR09 MR10 MR14 MR07 MR12,11,25,25,1.00000000
3120,MR14 MR10 MR11 MR02 MR08 MR07 MR04 MR09 MR06 MR12 MR13,11,27,27,1.00000000
3121,MR13 MR02 MR04 MR08 MR11 MR07 MR09 MR10 MR06 MR12,10,21,18,0.85714286
3122,MR12 MR11 MR10 MR02 MR08 MR07 MR04 MR09 MR13 MR14,10,24,21,0.87500000
3123,MR13 MR02 MR04 MR08 MR11 MR06 MR07 MR09 MR10 MR14 MR12,11,20,20,1.00000000
3124,MR05 MR02 MR04 MR08 MR11 MR14 MR12 MR06 MR07 MR09 MR10,11,25,22,0.88000000
3125,MR13 MR02 MR04 MR08 MR06 MR07 MR09 MR10 MR11 MR12 MR14,11,27,27,1.00000000
3126,MR13 MR11 MR02 MR04 MR08 MR07 MR09 MR10 MR12 MR14 MR06,11,27,27,1.00000000
3127,MR13 MR11 MR02 MR04 MR08 MR09 MR10 MR14 MR06 MR07 MR12,11,21,21,1.00000000
3128,MR13 MR11 MR02 MR04 MR08 MR09 MR10 MR12 MR07 MR14 MR06,11,28,28,1.00000000
3129,MR13 MR02 MR04 MR08 MR07 MR06 MR09 MR10 MR11 MR14 MR12,11,27,27,1.00000000
3130,MR13 MR02 MR04 MR07 MR08 MR11 MR09 MR10 MR14 MR12,10,29,26,0.89655172
3131,MR13 MR02 MR04 MR08 MR07 MR11 MR12 MR09 MR10 MR06 MR14,11,22,22,1.00000000
3132,MR13 MR02 MR04 MR08 MR06 MR07 MR11 MR09 MR10 MR14 MR12,11,32,32,1.00000000
3133,MR13 MR02 MR04 MR08 MR11 MR06 MR07 MR09 MR10 MR12 MR14,11,22,22,1.00000000
3134,MR13 MR02 MR04 MR08 MR07 MR14 MR06 MR09 MR10 MR11 MR12,11,22,22,1.00000000
3135,MR13 MR02 MR04 MR08 MR11 MR06 MR07 MR09 MR10 MR14 MR12,11,23,23,1.00000000
3136,MR13 MR02 MR04 MR08 MR11 MR06 MR09 MR10 MR07 MR14 MR12,11,25,25,1.00000000
3137,MR13 MR02 MR04 MR08 MR11 MR14 MR06 MR12 MR09 MR10 MR07,11,25,25,1.00000000
3138,MR13 MR02 MR04 MR08 MR11 MR06 MR07 MR09 MR10 MR12,10,22,19,0.86363636
3139,MR13 MR02 MR04 MR08 MR11 MR14 MR06 MR09 MR10 MR07 MR12,11,22,22,1.00000000
3140,MR08 MR10 MR02 MR11 MR12 MR06 MR13 MR04 MR07 MR09 MR14,11,23,23,1.00000000
3141,MR13 MR11 MR02 MR04 MR08 MR14 MR07 MR09 MR10 MR06 MR12,11,24,24,1.00000000
3142,MR13 MR11 MR02 MR04 MR08 MR06 MR09 MR10 MR12 MR07,10,22,19,0.86363636
3143,MR13 MR02 MR04 MR08 MR11 MR07 MR09 MR10 MR14 MR06 MR12,11,25,25,1.00000000
3144,MR13 MR11 MR02 MR04 MR08 MR06 MR09 MR10 MR12 MR14 MR07,11,27,27,1.00000000
3145,MR13 MR02 MR04 MR06 MR08 MR11 MR14 MR09 MR10 MR07 MR12,11,27,27,1.00000000
3146,MR12 MR11 MR10 MR02 MR08 MR14 MR04 MR09 MR13 MR07 MR06,11,27,27,1.00000000
3147,MR13 MR07 MR02 MR04 MR08 MR12 MR06 MR09 MR10 MR11 MR14,11,21,21,1.00000000
3148,MR13 MR02 MR04 MR08 MR06 MR11 MR09 MR10 MR12 MR07 MR14,11,27,27,1.00000000
3149,MR13 MR11 MR02 MR04 MR08 MR06 MR09 MR10 MR07 MR12 MR14,11,25,25,1.00000000
3150,MR13 MR11 MR02 MR04 MR08 MR14 MR07 MR09 MR10 MR12 MR06,11,21,21,1.00000000
3151,MR13 MR11 MR02 MR04 MR08 MR07 MR09 MR10 MR12 MR14 MR06,11,26,26,1.00000000
3152,MR13 MR11 MR02 MR04 MR08 MR12 MR14 MR06 MR09 MR10 MR07,11,27,27,1.00000000
3153,MR05 MR11 MR02 MR04 MR08 MR09 MR10 MR12 MR06 MR07 MR14,11,25,22,0.88000000
3154,MR08 MR10 MR02 MR11 MR07 MR04 MR06 MR09 MR12 MR14 MR13,11,25,25,1.00000000
3155,MR12 MR10 MR11 MR02 MR08 MR07 MR04 MR09 MR13 MR14 MR06,11,23,23,1.00000000
3156,MR13 MR02 MR04 MR08 MR11 MR07 MR14 MR09 MR10 MR12 MR06,11,24,24,1.00000000
3157,MR05 MR11 MR02 MR04 MR08 MR12 MR06 MR09 MR10 MR14 MR07,11,28,25,0.89285714
3158,MR13 MR02 MR04 MR08 MR11 MR07 MR14 MR06 MR09 MR10 MR12,11,23,23,1.00000000
3159,MR13 MR11 MR02 MR04 MR08 MR09 MR10 MR14 MR06 MR07 MR12,11,24,24,1.00000000
3160,MR13 MR02 MR04 MR08 MR11 MR06 MR12 MR09 MR10 MR07 MR14,11,25,25,1.00000000
3161,MR13 MR02 MR04 MR08 MR11 MR06 MR07 MR09 MR10 MR14 MR12,11,22,22,1.00000000
3162,MR13 MR02 MR04 MR08 MR07 MR11 MR14 MR06 MR09 MR10 MR12,11,20,20,1.00000000
3163,MR13 MR11 MR02 MR04 MR08 MR07 MR09 MR10 MR12 MR14,10,25,22,0.88000000
3164,MR13 MR11 MR02 MR04 MR08 MR12 MR09 MR10 MR14 MR06 MR07,11,27,27,1.00000000
3165,MR13 MR11 MR02 MR04 MR08 MR12 MR14 MR09 MR10 MR06 MR07,11,24,24,1.00000000
3166,MR08 MR10 MR11 MR02 MR07 MR12 MR04 MR09 MR13 MR14,10,23,20,0.86956522
3167,MR13 MR11 MR02 MR04 MR08 MR06 MR09 MR10 MR12 MR14,10,23,20,0.86956522
3168,MR13 MR02 MR04 MR08 MR11 MR07 MR12 MR06 MR09 MR10 MR14,11,21,21,1.00000000
3169,MR12 MR02 MR04 MR08 MR11 MR07 MR06 MR09 MR10 MR13 MR14,11,21,21,1.00000000
3170,MR13 MR02 MR04 MR08 MR11 MR07 MR09 MR10 MR12 MR06,10,26,23,0.88461538
3171,MR13 MR02 MR04 MR08 MR14 MR06 MR11 MR07 MR09 MR10,10,22,19,0.86363636
3172,MR13 MR02 MR04 MR08 MR11 MR07 MR14 MR12 MR09 MR10 MR06,11,26,26,1.00000000
3173,MR13 MR02 MR04 MR08 MR07 MR11 MR09 MR10 MR14 MR06 MR12,11,16,16,1.00000000
3174,MR13 MR11 MR02 MR04 MR08 MR07 MR09 MR10 MR06 MR14 MR12,11,19,19,1.00000000
3175,MR13 MR02 MR04 MR08 MR07 MR06 MR09 MR10 MR11 MR12 MR14,11,29,29,1.00000000
3176,MR13 MR02 MR04 MR08 MR11 MR07 MR09 MR10 MR12 MR06 MR14,11,26,26,1.00000000
3177,MR13 MR02 MR04 MR08 MR07 MR11 MR06 MR09 MR10 MR12 MR14,11,28,28,1.00000000
3178,MR12 MR10 MR07 MR02 MR08 MR11 MR04 MR09 MR14 MR06 MR13,11,29,29,1.00000000
3179,MR13 MR11 MR02 MR04 MR08 MR06 MR09 MR10 MR12 MR14 MR07,11,21,21,1.00000000
3180,MR13 MR11 MR02 MR04 MR08 MR07 MR09 MR10 MR14 MR12 MR06,11,20,20,1.00000000
3181,MR13 MR07 MR02 MR04 MR08 MR06 MR09 MR10 MR12 MR11 MR14,11,21,21,1.00000000
3182,MR13 MR02 MR04 MR08 MR11 MR14 MR07 MR09 MR10 MR06 MR12,11,24,24,1.00000000
3183,MR13 MR11 MR02 MR04 MR08 MR06 MR09 MR10 MR12 MR07 MR14,11,22,22,1.00000000
3184,MR13 MR02 MR04 MR08 MR07 MR11 MR09 MR10 MR06 MR12 MR14,11,26,26,1.00000000
3185,MR13 MR02 MR04 MR08 MR11 MR06 MR14 MR09 MR10 MR07 MR12,11,21,21,1.00000000
3186,MR13 MR06 MR02 MR04 MR08 MR12 MR14 MR09 MR10 MR07 MR11,11,28,28,1.00000000
3187,MR13 MR11 MR02 MR04 MR08 MR12 MR07 MR09 MR10 MR06 MR14,11,24,24,1.00000000
3188,MR12 MR10 MR11 MR02 MR08 MR13 MR07 MR04 MR09 MR14 MR06,11,23,23,1.00000000
3189,MR13 MR02 MR04 MR08 MR06 MR07 MR11 MR09 MR10 MR14 MR12,11,20,20,1.00000000
3190,MR13 MR02 MR04 MR08 MR11 MR07 MR06 MR09 MR10 MR12 MR14,11,20,20,1.00000000
3191,MR13 MR02 MR04 MR08 MR06 MR07 MR11 MR12 MR09 MR10 MR14,11,26,26,1.00000000
3192,MR08 MR10 MR02 MR11 MR06 MR13 MR04 MR07 MR09 MR12 MR14,11,22,22,1.00000000
3193,MR13 MR02 MR04 MR08 MR11 MR14 MR07 MR09 MR10 MR06 MR12,11,20,20,1.00000000
3194,MR13 MR02 MR04 MR08 MR11 MR06 MR12 MR14 MR09 MR10 MR07,11,24,24,1.00000000
3195,MR08 MR10 MR11 MR02 MR12 MR14 MR04 MR07 MR09 MR13,10,20,17,0.85000000
3196,MR13 MR02 MR04 MR08 MR11 MR14 MR06 MR07 MR09 MR10 MR12,11,25,25,1.00000000
3197,MR05 MR02 MR04 MR08 MR11 MR14 MR07 MR09 MR10 MR06 MR12,11,22,19,0.86363636
3198,MR13 MR06 MR02 MR04 MR08 MR07 MR09 MR10 MR11 MR12,10,28,25,0.89285714
3199,MR13 MR11 MR02 MR04 MR08 MR07 MR09 MR10 MR12 MR06 MR14,11,26,26,1.00000000
3200,MR13 MR02 MR04 MR06 MR08 MR07 MR09 MR10 MR14 MR11 MR12,11,29,29,1.00000000
3201,MR13 MR02 MR04 MR08 MR11 MR06 MR14 MR09 MR10 MR07 MR12,11,22,22,1.00000000
3202,MR13 MR02 MR04 MR08 MR11 MR07 MR14 MR09 MR10 MR06 MR12,11,22,22,1.00000000
3203,MR13 MR11 MR02 MR04 MR08 MR09 MR10 MR07 MR12 MR14,10,22,19,0.86363636
3204,MR13 MR02 MR04 MR08 MR07 MR11 MR09 MR10 MR06 MR12 MR14,11,23,23,1.00000000
3205,MR13 MR02 MR04 MR07 MR08 MR11 MR09 MR10 MR12 MR06,10,28,25,0.89285714
3206,MR12 MR10 MR02 MR08 MR06 MR11 MR04 MR07 MR09 MR13 MR14,11,22,22,1.00000000
3207,MR12 MR10 MR11 MR02 MR08 MR14 MR04 MR07 MR09 MR06 MR13,11,26,26,1.00000000
3208,MR12 MR10 MR11 MR02 MR08 MR07 MR04 MR09 MR13 MR14,10,24,21,0.87500000
3209,MR13 MR11 MR02 MR04 MR08 MR06 MR12 MR09 MR10 MR14,10,21,18,0.85714286
3210,MR13 MR02 MR04 MR08 MR07 MR11 MR09 MR10 MR14 MR06 MR12,11,25,25,1.00000000
3211,MR13 MR11 MR02 MR04 MR08 MR07 MR14 MR09 MR10 MR12,10,24,21,0.87500000
3212,MR13 MR02 MR04 MR08 MR07 MR11 MR14 MR09 MR10 MR06 MR12,11,22,22,1.00000000
3213,MR13 MR02 MR04 MR08 MR06 MR12 MR11 MR07 MR09 MR10 MR14,11,23,23,1.00000000
3214,MR13 MR02 MR04 MR08 MR11 MR06 MR09 MR10 MR12 MR07 MR14,11,25,25,1.00000000
3215,MR13 MR02 MR04 MR08 MR11 MR06 MR14 MR07 MR09 MR10 MR12,11,25,25,1.00000000
3216,MR13 MR02 MR04 MR08 MR11 MR14 MR06 MR09 MR10 MR07 MR12,11,19,19,1.00000000
3217,MR13 MR02 MR04 MR08 MR11 MR06 MR12 MR09 MR10 MR14 MR07,11,24,24,1.00000000
3218,MR13 MR11 MR02 MR04 MR08 MR09 MR10 MR06 MR12 MR14 MR07,11,28,28,1.00000000
3219,MR13 MR02 MR04 MR08 MR07 MR11 MR09 MR10 MR12 MR14 MR06,11,24,24,1.00000000
3220,MR13 MR02 MR04 MR08 MR11 MR14 MR07 MR09 MR10 MR06 MR12,11,21,21,1.00000000
3221,MR12 MR10 MR11 MR02 MR08 MR04 MR09 MR13 MR14 MR06 MR07,11,26,26,1.00000000
3222,MR13 MR11 MR02 MR04 MR08 MR07 MR09 MR10 MR06 MR12 MR14,11,23,23,1.00000000
3223,MR14 MR10 MR11 MR02 MR08 MR06 MR04 MR09 MR05 MR12,10,28,22,0.78571429
3224,MR13 MR02 MR04 MR08 MR07 MR11 MR12 MR09 MR10 MR14 MR06,11,25,25,1.00000000
3225,MR13 MR02 MR04 MR08 MR06 MR11 MR09 MR10 MR07 MR14,10,20,17,0.85000000
3226,MR13 MR02 MR04 MR07 MR08 MR11 MR09 MR10 MR14 MR12,10,26,23,0.88461538
3227,MR13 MR11 MR02 MR04 MR08 MR09 MR10 MR14 MR06 MR07 MR12,11,20,20,1.00000000
3228,MR08 MR11 MR04 MR02 MR12 MR09 MR10 MR14 MR06 MR07 MR13,11,22,22,1.00000000
3229,MR12 MR10 MR11 MR02 MR08 MR04 MR07 MR09 MR06 MR14 MR13,11,24,24,1.00000000
3230,MR13 MR11 MR02 MR04 MR08 MR12 MR14 MR07 MR09 MR10 MR06,11,23,23,1.00000000
3231,MR13 MR02 MR04 MR08 MR06 MR12 MR11 MR07 MR09 MR10 MR14,11,31,31,1.00000000
3232,MR13 MR02 MR04 MR08 MR11 MR06 MR12 MR09 MR10 MR07 MR14,11,21,21,1.00000000
3233,MR12 MR02 MR04 MR08 MR07 MR11 MR13 MR14 MR09 MR10 MR06,11,22,22,1.00000000
3234,MR13 MR02 MR04 MR08 MR11 MR06 MR09 MR10 MR07 MR12 MR14,11,23,23,1.00000000
3235,MR13 MR02 MR04 MR08 MR06 MR07 MR11 MR09 MR10 MR14 MR12,11,24,24,1.00000000
3236,MR13 MR11 MR02 MR04 MR08 MR06 MR09 MR10 MR07 MR12 MR14,11,25,25,1.00000000
3237,MR13 MR11 MR02 MR04 MR08 MR14 MR07 MR09 MR10 MR12 MR06,11,23,23,1.00000000
3238,MR13 MR02 MR04 MR08 MR11 MR07 MR12 MR09 MR10 MR06 MR14,11,23,23,1.00000000
3239,MR13 MR02 MR04 MR08 MR06 MR07 MR11 MR14 MR09 MR10 MR12,11,26,26,1.00000000
3240,MR13 MR02 MR04 MR08 MR11 MR07 MR09 MR10 MR12 MR06 MR14,11,23,23,1.00000000
3241,MR13 MR02 MR04 MR08 MR11 MR07 MR09 MR10 MR12 MR14 MR06,11,22,22,1.00000000
3242,MR13 MR02 MR04 MR08 MR14 MR06 MR07 MR11 MR09 MR10 MR12,11,27,27,1.00000000
3243,MR13 MR11 MR02 MR04 MR08 MR12 MR07 MR09 MR10 MR14 MR06,11,25,25,1.00000000
3244,MR13 MR11 MR02 MR04 MR08 MR09 MR10 MR07 MR14 MR12,10,28,25,0.89285714
3245,MR13 MR02 MR04 MR08 MR11 MR14 MR06 MR07 MR09 MR10 MR12,11,25,25,1.00000000
3246,MR13 MR11 MR02 MR04 MR08 MR06 MR09 MR10 MR12 MR07 MR14,11,28,28,1.00000000
3247,MR13 MR02 MR04 MR08 MR11 MR12 MR06 MR09 MR10 MR07 MR14,11,24,24,1.00000000
3248,MR13 MR11 MR02 MR04 MR08 MR06 MR12 MR09 MR10 MR14,10,22,19,0.86363636
3249,MR13 MR02 MR04 MR08 MR06 MR11 MR09 MR10 MR07 MR12 MR14,11,25,25,1.00000000
3250,MR13 MR11 MR02 MR04 MR08 MR14 MR09 MR10 MR06 MR12 MR07,11,20,20,1.00000000
3251,MR12 MR10 MR02 MR06 MR08 MR11 MR04 MR09 MR13 MR14 MR07,11,24,24,1.00000000
3252,MR12 MR10 MR11 MR02 MR08 MR06 MR04 MR09 MR13 MR14 MR07,11,27,27,1.00000000
3253,MR13 MR11 MR02 MR04 MR08 MR07 MR09 MR10 MR14 MR12 MR06,11,28,28,1.00000000
3254,MR13 MR11 MR02 MR04 MR08 MR12 MR07 MR09 MR10 MR14 MR06,11,25,25,1.00000000
3255,MR13 MR11 MR02 MR04 MR08 MR09 MR10 MR12 MR06 MR14 MR07,11,25,25,1.00000000
3256,MR13 MR02 MR04 MR08 MR11 MR07 MR09 MR10 MR12 MR14 MR06,11,21,21,1.00000000
3257,MR13 MR11 MR02 MR04 MR08 MR12 MR06 MR09 MR10 MR14 MR07,11,21,21,1.00000000
3258,MR13 MR11 MR02 MR04 MR08 MR14 MR09 MR10 MR12 MR06,10,27,24,0.88888889
3259,MR12 MR11 MR10 MR02 MR08 MR13 MR14 MR04 MR09 MR07 MR06,11,21,21,1.00000000
3260,MR13 MR02 MR04 MR08 MR11 MR06 MR14 MR09 MR10 MR12 MR07,11,23,23,1.00000000
3261,MR12 MR02 MR04 MR08 MR11 MR07 MR13 MR09 MR10 MR14 MR06,11,23,23,1.00000000
3262,MR08 MR10 MR11 MR02 MR14 MR04 MR09 MR07 MR12 MR06,10,23,19,0.82608696
3263,MR13 MR02 MR04 MR08 MR06 MR07 MR11 MR12 MR09 MR10 MR14,11,27,27,1.00000000
3264,MR12 MR10 MR02 MR08 MR06 MR14 MR07 MR04 MR09 MR11 MR13,11,21,21,1.00000000
3265,MR08 MR10 MR11 MR02 MR14 MR12 MR04 MR07 MR09 MR06 MR13,11,29,29,1.00000000
3266,MR13 MR02 MR04 MR08 MR11 MR14 MR06 MR07 MR09 MR10 MR12,11,20,20,1.00000000
3267,MR13 MR02 MR04 MR06 MR08 MR11 MR12 MR09 MR10 MR07 MR14,11,24,24,1.00000000
3268,MR13 MR02 MR04 MR08 MR07 MR06 MR09 MR10 MR11 MR14 MR12,11,22,22,1.00000000
3269,MR13 MR06 MR02 MR04 MR08 MR12 MR07 MR09 MR10 MR11 MR14,11,28,28,1.00000000
3270,MR12 MR10 MR02 MR08 MR11 MR14 MR07 MR04 MR09 MR06 MR13,11,22,22,1.00000000
3271,MR13 MR02 MR04 MR07 MR08 MR14 MR11 MR09 MR10 MR12 MR06,11,23,23,1.00000000
3272,MR13 MR02 MR04 MR08 MR11 MR12 MR06 MR09 MR10 MR07 MR14,11,26,26,1.00000000
3273,MR13 MR11 MR02 MR04 MR08 MR09 MR10 MR14 MR07 MR06 MR12,11,22,22,1.00000000
3274,MR08 MR10 MR02 MR14 MR06 MR11 MR04 MR09 MR12 MR07 MR13,11,26,26,1.00000000
3275,MR12 MR10 MR02 MR08 MR11 MR14 MR04 MR06 MR07 MR09 MR13,11,20,20,1.00000000
3276,MR12 MR11 MR10 MR02 MR08 MR13 MR04 MR09 MR06 MR07 MR14,11,25,25,1.00000000
3277,MR12 MR11 MR02 MR04 MR08 MR14 MR07 MR09 MR10 MR13 MR06,11,25,25,1.00000000
3278,MR12 MR10 MR02 MR08 MR11 MR07 MR04 MR06 MR09 MR13 MR14,11,26,26,1.00000000
3279,MR13 MR02 MR04 MR08 MR11 MR07 MR12 MR09 MR10 MR14 MR06,11,23,23,1.00000000
3280,MR13 MR02 MR04 MR06 MR08 MR07 MR09 MR10 MR11 MR14 MR12,11,28,28,1.00000000
3281,MR12 MR10 MR11 MR02 MR08 MR07 MR04 MR09 MR13 MR14 MR06,11,25,25,1.00000000
3282,MR13 MR11 MR02 MR04 MR08 MR14 MR09 MR10 MR06 MR07 MR12,11,24,24,1.00000000
3283,MR13 MR02 MR04 MR08 MR06 MR11 MR14 MR09 MR10 MR07 MR12,11,29,29,1.00000000
3284,MR13 MR11 MR02 MR04 MR08 MR06 MR09 MR10 MR12 MR07 MR14,11,26,26,1.00000000
3285,MR13 MR02 MR04 MR08 MR11 MR12 MR06 MR07 MR09 MR10 MR14,11,26,26,1.00000000
3286,MR06 MR10 MR02 MR08 MR12 MR14 MR13 MR04 MR07 MR09 MR11,11,27,27,1.00000000
3287,MR13 MR02 MR04 MR07 MR08 MR11 MR09 MR10 MR14 MR06 MR12,11,28,28,1.00000000
3288,MR13 MR02 MR04 MR08 MR11 MR07 MR12 MR09 MR10 MR14 MR06,11,19,19,1.00000000
3289,MR13 MR02 MR04 MR08 MR11 MR07 MR12 MR06 MR09 MR10 MR14,11,22,22,1.00000000
3290,MR13 MR11 MR02 MR04 MR08 MR14 MR07 MR09 MR10 MR06 MR12,11,23,23,1.00000000
3291,MR13 MR11 MR02 MR04 MR08 MR07 MR09 MR10 MR12 MR14,10,30,27,0.90000000
3292,MR13 MR11 MR14 MR02 MR04 MR08 MR09 MR10 MR06 MR12,10,27,24,0.88888889
3293,MR13 MR02 MR04 MR08 MR11 MR07 MR06 MR09 MR10 MR14 MR12,11,25,25,1.00000000
3294,MR13 MR02 MR04 MR06 MR08 MR11 MR09 MR10 MR12 MR14,10,27,24,0.88888889
3295,MR13 MR02 MR04 MR08 MR11 MR14 MR06 MR07 MR09 MR10 MR12,11,24,24,1.00000000
3296,MR13 MR11 MR02 MR04 MR08 MR06 MR09 MR10 MR07 MR12,10,26,23,0.88461538
3297,MR13 MR02 MR04 MR08 MR11 MR06 MR07 MR09 MR10 MR12 MR14,11,24,24,1.00000000
3298,MR12 MR02 MR04 MR08 MR11 MR07 MR09 MR10 MR14 MR06 MR13,11,20,20,1.00000000
3299,MR13 MR02 MR04 MR08 MR11 MR06 MR09 MR10 MR12 MR07 MR14,11,27,27,1.00000000
3300,MR12 MR10 MR02 MR07 MR08 MR14 MR11 MR04 MR09 MR13 MR06,11,22,22,1.00000000
3301,MR13 MR02 MR04 MR08 MR11 MR06 MR09 MR10 MR14 MR12 MR07,11,21,21,1.00000000
3302,MR13 MR11 MR02 MR04 MR08 MR07 MR09 MR10 MR06 MR12 MR14,11,26,26,1.00000000
3303,MR13 MR11 MR02 MR04 MR08 MR12 MR07 MR09 MR10 MR14 MR06,11,24,24,1.00000000
3304,MR08 MR10 MR02 MR11 MR04 MR06 MR07 MR09 MR12 MR13 MR14,11,22,22,1.00000000
3305,MR06 MR10 MR02 MR08 MR14 MR04 MR07 MR09 MR13 MR11 MR12,11,25,25,1.00000000
3306,MR12 MR10 MR02 MR08 MR11 MR06 MR04 MR07 MR09 MR14 MR13,11,21,21,1.00000000
3307,MR13 MR02 MR04 MR08 MR11 MR06 MR12 MR09 MR10 MR07 MR14,11,26,26,1.00000000
3308,MR13 MR02 MR04 MR08 MR11 MR07 MR12 MR09 MR10 MR06 MR14,11,23,23,1.00000000
3309,MR13 MR02 MR04 MR06 MR08 MR11 MR09 MR10 MR12 MR14 MR07,11,25,25,1.00000000
3310,MR13 MR02 MR04 MR08 MR11 MR06 MR09 MR10 MR07 MR12 MR14,11,23,23,1.00000000
3311,MR13 MR11 MR02 MR04 MR08 MR07 MR12 MR09 MR10 MR14 MR06,11,21,21,1.00000000
3312,MR13 MR02 MR04 MR08 MR11 MR07 MR06 MR09 MR10 MR14 MR12,11,28,28,1.00000000
3313,MR13 MR11 MR02 MR04 MR08 MR07 MR09 MR10 MR12 MR14 MR06,11,24,24,1.00000000
3314,MR13 MR02 MR04 MR08 MR11 MR07 MR09 MR10 MR12 MR06 MR14,11,25,25,1.00000000
3315,MR13 MR02 MR04 MR08 MR11 MR06 MR09 MR10 MR14 MR12 MR07,11,25,25,1.00000000
3316,MR13 MR02 MR04 MR08 MR11 MR14 MR06 MR07 MR09 MR10 MR12,11,23,23,1.00000000
3317,MR13 MR11 MR02 MR04 MR08 MR07 MR09 MR10 MR14 MR06 MR12,11,24,24,1.00000000
3318,MR13 MR02 MR04 MR06 MR08 MR11 MR09 MR10 MR14 MR07 MR12,11,22,22,1.00000000
3319,MR13 MR02 MR04 MR06 MR08 MR11 MR09 MR10 MR12 MR14,10,27,24,0.88888889
3320,MR12 MR11 MR02 MR04 MR08 MR07 MR09 MR10 MR06 MR13 MR14,11,27,27,1.00000000
3321,MR13 MR11 MR02 MR04 MR08 MR09 MR10 MR12 MR06 MR14 MR07,11,29,29,1.00000000
3322,MR08 MR10 MR02 MR06 MR07 MR12 MR04 MR09 MR11 MR13 MR14,11,24,24,1.00000000
3323,MR13 MR02 MR04 MR08 MR06 MR07 MR14 MR09 MR10 MR11 MR12,11,22,22,1.00000000
3324,MR13 MR11 MR14 MR02 MR04 MR08 MR06 MR09 MR10 MR12,10,26,23,0.88461538
3325,MR13 MR11 MR02 MR04 MR08 MR09 MR10 MR06 MR14 MR07 MR12,11,26,26,1.00000000
3326,MR12 MR14 MR02 MR04 MR08 MR11 MR06 MR09 MR10 MR13 MR07,11,26,26,1.00000000
3327,MR12 MR10 MR02 MR08 MR07 MR06 MR04 MR09 MR11 MR13 MR14,11,19,19,1.00000000
3328,MR12 MR10 MR02 MR08 MR11 MR07 MR04 MR06 MR09 MR13 MR14,11,33,33,1.00000000
3329,MR13 MR12 MR02 MR04 MR08 MR11 MR06 MR07 MR09 MR10 MR14,11,23,23,1.00000000
3330,MR13 MR11 MR02 MR04 MR08 MR09 MR10 MR12 MR14 MR06,10,25,22,0.88000000
3331,MR13 MR11 MR02 MR04 MR08 MR06 MR09 MR10 MR12 MR07 MR14,11,27,27,1.00000000
3332,MR13 MR02 MR04 MR08 MR06 MR11 MR07 MR09 MR10 MR12 MR14,11,21,21,1.00000000
3333,MR13 MR02 MR04 MR08 MR11 MR06 MR12 MR09 MR10 MR07 MR14,11,29,29,1.00000000
3334,MR13 MR02 MR04 MR07 MR08 MR12 MR06 MR09 MR10 MR11 MR14,11,20,20,1.00000000
3335,MR13 MR11 MR02 MR04 MR08 MR06 MR12 MR09 MR10 MR14 MR07,11,19,19,1.00000000
3336,MR13 MR02 MR04 MR08 MR11 MR07 MR06 MR09 MR10 MR12 MR14,11,23,23,1.00000000
3337,MR12 MR10 MR02 MR08 MR07 MR11 MR13 MR04 MR06 MR09 MR14,11,22,22,1.00000000
3338,MR12 MR10 MR02 MR08 MR11 MR06 MR04 MR09 MR13 MR14 MR07,11,24,24,1.00000000
3339,MR13 MR02 MR04 MR08 MR11 MR07 MR06 MR09 MR10 MR12 MR14,11,20,20,1.00000000
3340,MR13 MR11 MR02 MR04 MR08 MR14 MR12 MR07 MR09 MR10 MR06,11,25,25,1.00000000
3341,MR12 MR10 MR11 MR02 MR08 MR06 MR04 MR09 MR14 MR07 MR13,11,23,23,1.00000000
3342,MR13 MR02 MR04 MR08 MR11 MR07 MR14 MR06 MR09 MR10 MR12,11,22,22,1.00000000
3343,MR13 MR02 MR04 MR08 MR11 MR06 MR09 MR10 MR14 MR07 MR12,11,22,22,1.00000000
3344,MR13 MR11 MR02 MR04 MR08 MR07 MR12 MR09 MR10 MR14 MR06,11,22,22,1.00000000
3345,MR13 MR02 MR04 MR08 MR07 MR11 MR14 MR09 MR10 MR06 MR12,11,23,23,1.00000000
3346,MR13 MR02 MR04 MR08 MR11 MR07 MR06 MR09 MR10 MR12 MR14,11,17,17,1.00000000
3347,MR12 MR11 MR10 MR02 MR08 MR14 MR04 MR09 MR06 MR07,10,25,21,0.84000000
3348,MR13 MR11 MR02 MR04 MR08 MR07 MR09 MR10 MR06 MR12 MR14,11,18,18,1.00000000
3349,MR13 MR02 MR04 MR08 MR06 MR11 MR07 MR09 MR10 MR14,10,22,19,0.86363636
3350,MR13 MR02 MR04 MR08 MR11 MR06 MR07 MR09 MR10 MR12 MR14,11,23,23,1.00000000
3351,MR12 MR02 MR04 MR08 MR11 MR06 MR13 MR07 MR09 MR10 MR14,11,25,25,1.00000000
3352,MR13 MR02 MR04 MR08 MR11 MR06 MR09 MR10 MR12 MR14 MR07,11,25,25,1.00000000
3353,MR13 MR02 MR04 MR08 MR11 MR07 MR09 MR10 MR12 MR06 MR14,11,24,24,1.00000000
3354,MR13 MR02 MR04 MR08 MR07 MR06 MR12 MR14 MR09 MR10 MR11,11,26,26,1.00000000
3355,MR13 MR11 MR02 MR04 MR08 MR12 MR06 MR09 MR10 MR14 MR07,11,24,24,1.00000000
3356,MR13 MR02 MR04 MR08 MR06 MR07 MR14 MR09 MR10 MR11 MR12,11,23,23,1.00000000
3357,MR13 MR11 MR02 MR04 MR08 MR14 MR06 MR09 MR10 MR07 MR12,11,22,22,1.00000000
3358,MR12 MR10 MR02 MR08 MR11 MR07 MR04 MR09 MR06 MR14 MR13,11,23,23,1.00000000
3359,MR12 MR10 MR02 MR08 MR06 MR11 MR04 MR09 MR07 MR05 MR14,11,26,23,0.88461538
3360,MR13 MR11 MR02 MR04 MR08 MR14 MR07 MR09 MR10,9,29,23,0.79310345
3361,MR13 MR02 MR04 MR06 MR08 MR07 MR09 MR10 MR12 MR11 MR14,11,27,27,1.00000000
3362,MR13 MR02 MR04 MR07 MR08 MR11 MR09 MR10 MR14 MR06,10,22,19,0.86363636
3363,MR05 MR11 MR02 MR04 MR08 MR07 MR09 MR10 MR06 MR14 MR12,11,26,23,0.88461538
3364,MR05 MR11 MR02 MR04 MR08 MR14 MR09 MR10 MR06 MR12 MR07,11,22,19,0.86363636
3365,MR12 MR10 MR02 MR08 MR06 MR11 MR04 MR07 MR09 MR14 MR05,11,22,19,0.86363636
3366,MR13 MR02 MR04 MR08 MR11 MR06 MR09 MR10 MR12 MR07 MR14,11,23,23,1.00000000
3367,MR13 MR14 MR11 MR02 MR04 MR08 MR07 MR09 MR10 MR12,10,25,22,0.88000000
3368,MR13 MR11 MR02 MR04 MR08 MR14 MR06 MR09 MR10 MR07 MR12,11,20,20,1.00000000
3369,MR13 MR11 MR02 MR04 MR08 MR07 MR09 MR10 MR14 MR12 MR06,11,22,22,1.00000000
3370,MR08 MR04 MR02 MR11 MR14 MR06 MR07 MR09 MR10 MR12,10,30,26,0.86666667
3371,MR13 MR11 MR02 MR04 MR08 MR07 MR14 MR09 MR10 MR06 MR12,11,19,19,1.00000000
3372,MR13 MR02 MR04 MR08 MR07 MR11 MR14 MR06 MR09 MR10 MR12,11,23,23,1.00000000
3373,MR13 MR11 MR02 MR04 MR08 MR09 MR10 MR12 MR14 MR06 MR07,11,20,20,1.00000000
3374,MR13 MR02 MR04 MR08 MR11 MR06 MR14 MR07 MR09 MR10 MR12,11,22,22,1.00000000
3375,MR13 MR02 MR04 MR08 MR11 MR07 MR06 MR09 MR10 MR12 MR14,11,22,22,1.00000000
3376,MR13 MR02 MR04 MR08 MR11 MR06 MR12 MR07 MR09 MR10 MR14,11,24,24,1.00000000
3377,MR13 MR02 MR04 MR08 MR07 MR11 MR09 MR10 MR14 MR06,10,27,24,0.88888889
3378,MR12 MR10 MR11 MR02 MR08 MR07 MR04 MR09 MR13 MR14 MR06,11,24,24,1.00000000
3379,MR13 MR02 MR04 MR08 MR11 MR14 MR06 MR07 MR09 MR10,10,23,20,0.86956522
3380,MR08 MR10 MR02 MR11 MR12 MR04 MR06 MR07 MR09 MR13 MR14,11,26,26,1.00000000
3381,MR13 MR02 MR04 MR08 MR11 MR14 MR06 MR12 MR09 MR10 MR07,11,24,24,1.00000000
3382,MR13 MR11 MR02 MR04 MR08 MR06 MR09 MR10 MR12 MR07 MR14,11,26,26,1.00000000
3383,MR13 MR02 MR04 MR07 MR08 MR14 MR06 MR09 MR10 MR11 MR12,11,28,28,1.00000000
3384,MR12 MR13 MR02 MR04 MR08 MR11 MR07 MR09 MR10 MR06,10,27,24,0.88888889
3385,MR13 MR11 MR02 MR04 MR08 MR12 MR14 MR07 MR09 MR10 MR06,11,25,25,1.00000000
3386,MR13 MR02 MR04 MR08 MR06 MR11 MR07 MR09 MR10 MR12 MR14,11,25,25,1.00000000
3387,MR12 MR10 MR11 MR02 MR08 MR04 MR06 MR09 MR13 MR14 MR07,11,29,29,1.00000000
3388,MR12 MR10 MR02 MR08 MR11 MR07 MR04 MR06 MR09 MR13 MR14,11,26,26,1.00000000
3389,MR13 MR11 MR02 MR04 MR08 MR07 MR09 MR10 MR14 MR12,10,22,19,0.86363636
3390,MR12 MR10 MR02 MR08 MR07 MR11 MR04 MR06 MR09 MR14 MR13,11,23,23,1.00000000
3391,MR13 MR11 MR02 MR04 MR08 MR06 MR09 MR10 MR14,9,27,21,0.77777778
3392,MR12 MR10 MR02 MR08 MR06 MR07 MR04 MR09 MR11 MR13 MR14,11,22,22,1.00000000
3393,MR13 MR11 MR02 MR04 MR08 MR07 MR12 MR09 MR10 MR06 MR14,11,20,20,1.00000000
3394,MR13 MR11 MR02 MR04 MR08 MR14 MR06 MR09 MR10 MR12,10,28,25,0.89285714
3395,MR12 MR10 MR02 MR08 MR06 MR07 MR11 MR14 MR04 MR09 MR13,11,25,25,1.00000000
3396,MR13 MR02 MR04 MR08 MR11 MR06 MR09 MR10 MR12 MR14 MR07,11,25,25,1.00000000
3397,MR13 MR02 MR04 MR08 MR11 MR12 MR06 MR07 MR09 MR10 MR14,11,21,21,1.00000000
3398,MR13 MR02 MR04 MR08 MR06 MR11 MR14 MR09 MR10 MR07,10,30,27,0.90000000
3399,MR13 MR02 MR04 MR08 MR11 MR07 MR14 MR09 MR10 MR06 MR12,11,22,22,1.00000000
3400,MR13 MR02 MR04 MR08 MR07 MR11 MR06 MR09 MR10 MR12 MR14,11,20,20,1.00000000
3401,MR13 MR11 MR02 MR04 MR08 MR07 MR09 MR10 MR12 MR14,10,24,21,0.87500000
3402,MR13 MR11 MR02 MR04 MR08 MR14 MR07 MR09 MR10 MR06 MR12,11,23,23,1.00000000
3403,MR13 MR02 MR04 MR08 MR06 MR11 MR12 MR09 MR10 MR14 MR07,11,22,22,1.00000000
3404,MR13 MR11 MR02 MR04 MR08 MR14 MR07 MR09 MR10 MR06 MR12,11,22,22,1.00000000
3405,MR13 MR02 MR04 MR08 MR11 MR06 MR07 MR09 MR10 MR12 MR14,11,21,21,1.00000000
3406,MR05 MR02 MR04 MR08 MR07 MR06 MR09 MR10 MR11 MR12 MR14,11,25,22,0.88000000
3407,MR13 MR02 MR04 MR07 MR08 MR06 MR09 MR10 MR11 MR12 MR14,11,25,25,1.00000000
3408,MR13 MR02 MR04 MR08 MR11 MR12 MR07 MR09 MR10 MR14 MR06,11,22,22,1.00000000
3409,MR13 MR11 MR02 MR04 MR08 MR09 MR10 MR06 MR07 MR12 MR14,11,22,22,1.00000000
3410,MR12 MR11 MR10 MR02 MR08 MR14 MR04 MR09 MR13 MR06 MR07,11,24,24,1.00000000
3411,MR13 MR02 MR04 MR06 MR08 MR07 MR09 MR10 MR11 MR14 MR12,11,27,27,1.00000000
3412,MR13 MR02 MR04 MR08 MR11 MR14 MR06 MR07 MR09 MR10 MR12,11,19,19,1.00000000
3413,MR13 MR11 MR02 MR04 MR08 MR12 MR06 MR09 MR10 MR14 MR07,11,23,23,1.00000000
3414,MR13 MR11 MR02 MR04 MR08 MR06 MR09 MR10 MR14 MR12 MR07,11,24,24,1.00000000
3415,MR13 MR02 MR04 MR08 MR11 MR07 MR12 MR09 MR10 MR06 MR14,11,22,22,1.00000000
3416,MR12 MR10 MR02 MR08 MR11 MR06 MR04 MR07 MR09 MR14 MR13,11,19,19,1.00000000
3417,MR13 MR02 MR04 MR08 MR06 MR11 MR09 MR10 MR07 MR12 MR14,11,24,24,1.00000000
3418,MR12 MR10 MR02 MR08 MR07 MR06 MR04 MR09 MR11 MR13 MR14,11,25,25,1.00000000
3419,MR13 MR02 MR04 MR08 MR11 MR07 MR12 MR09 MR10 MR06 MR14,11,24,24,1.00000000
3420,MR13 MR11 MR02 MR04 MR08 MR07 MR09 MR10 MR06 MR14,10,26,23,0.88461538
3421,MR13 MR02 MR04 MR08 MR11 MR14 MR06 MR07 MR09 MR10 MR12,11,21,21,1.00000000
3422,MR13 MR11 MR02 MR04 MR08 MR14 MR07 MR09 MR10 MR06 MR12,11,25,25,1.00000000
3423,MR12 MR02 MR04 MR07 MR08 MR11 MR13 MR09 MR10 MR14,10,23,20,0.86956522
3424,MR12 MR10 MR11 MR02 MR08 MR07 MR04 MR09 MR14 MR06 MR13,11,22,22,1.00000000
3425,MR13 MR02 MR04 MR08 MR11 MR06 MR14 MR09 MR10 MR12 MR07,11,26,26,1.00000000
3426,MR13 MR02 MR04 MR08 MR11 MR06 MR07 MR09 MR10 MR14 MR12,11,23,23,1.00000000
3427,MR12 MR10 MR11 MR02 MR08 MR07 MR04 MR09 MR13 MR06 MR14,11,23,23,1.00000000
3428,MR13 MR02 MR04 MR08 MR11 MR06 MR14 MR12 MR09 MR10 MR07,11,25,25,1.00000000
3429,MR13 MR02 MR04 MR08 MR11 MR06 MR14 MR07 MR09 MR10 MR12,11,24,24,1.00000000
3430,MR13 MR11 MR02 MR04 MR08 MR07 MR12 MR09 MR10 MR14 MR06,11,26,26,1.00000000
3431,MR13 MR11 MR02 MR04 MR08 MR14 MR09 MR10 MR12 MR06 MR07,11,21,21,1.00000000
3432,MR12 MR11 MR02 MR04 MR08 MR06 MR13 MR09 MR10 MR07 MR14,11,25,25,1.00000000
3433,MR13 MR02 MR04 MR06 MR08 MR11 MR09 MR10 MR12 MR14,10,21,18,0.85714286
3434,MR13 MR02 MR04 MR08 MR11 MR14 MR06 MR07 MR09 MR10 MR12,11,22,22,1.00000000
3435,MR13 MR02 MR04 MR08 MR06 MR11 MR07 MR09 MR10 MR12 MR14,11,25,25,1.00000000
3436,MR12 MR10 MR11 MR02 MR08 MR13 MR04 MR07 MR09 MR06 MR14,11,25,25,1.00000000
3437,MR13 MR02 MR04 MR07 MR08 MR06 MR09 MR10 MR11 MR14 MR12,11,21,21,1.00000000
3438,MR13 MR11 MR02 MR04 MR08 MR06 MR09 MR10 MR12 MR14 MR07,11,24,24,1.00000000
3439,MR13 MR11 MR02 MR04 MR08 MR07 MR09 MR10 MR12 MR14 MR06,11,23,23,1.00000000
3440,MR13 MR11 MR02 MR04 MR08 MR12 MR07 MR09 MR10 MR14 MR06,11,18,18,1.00000000
3441,MR13 MR02 MR04 MR08 MR07 MR06 MR09 MR10 MR11 MR12 MR14,11,24,24,1.00000000
3442,MR08 MR10 MR02 MR14 MR11 MR06 MR13 MR04 MR07 MR09 MR12,11,28,28,1.00000000
3443,MR06 MR10 MR02 MR08 MR14 MR11 MR12 MR04 MR09 MR13 MR07,11,25,25,1.00000000
3444,MR12 MR10 MR11 MR02 MR08 MR13 MR04 MR07 MR09 MR06 MR14,11,27,27,1.00000000
3445,MR13 MR02 MR04 MR06 MR08 MR11 MR12 MR09 MR10 MR07 MR14,11,23,23,1.00000000
3446,MR13 MR11 MR02 MR04 MR08 MR07 MR09 MR10 MR14 MR06 MR12,11,21,21,1.00000000
3447,MR13 MR11 MR02 MR04 MR08 MR14 MR06 MR12 MR09 MR10 MR07,11,21,21,1.00000000
3448,MR08 MR04 MR02 MR11 MR06 MR07 MR09 MR10 MR13 MR14 MR12,11,22,22,1.00000000
3449,MR12 MR10 MR02 MR07 MR08 MR14 MR04 MR06 MR09 MR11 MR13,11,26,26,1.00000000
3450,MR13 MR02 MR04 MR08 MR06 MR11 MR07 MR09 MR10 MR12 MR14,11,24,24,1.00000000
3451,MR13 MR11 MR02 MR04 MR08 MR14 MR06 MR09 MR10 MR07,10,26,23,0.88461538
3452,MR13 MR11 MR02 MR04 MR08 MR07 MR09 MR10 MR12 MR06 MR14,11,24,24,1.00000000
3453,MR13 MR11 MR02 MR04 MR08 MR07 MR09 MR10 MR06 MR12 MR14,11,23,23,1.00000000
3454,MR08 MR10 MR02 MR14 MR07 MR11 MR04 MR06 MR09 MR12 MR13,11,23,23,1.00000000
3455,MR13 MR02 MR04 MR08 MR11 MR06 MR07 MR09 MR10 MR14 MR12,11,22,22,1.00000000
3456,MR13 MR07 MR02 MR04 MR08 MR09 MR10 MR11 MR12 MR06 MR14,11,24,24,1.00000000
3457,MR13 MR02 MR04 MR08 MR11 MR07 MR14 MR09 MR10 MR12 MR06,11,25,25,1.00000000
3458,MR13 MR02 MR04 MR08 MR11 MR06 MR07 MR09 MR10 MR12 MR14,11,22,22,1.00000000
3459,MR12 MR11 MR10 MR02 MR08 MR13 MR04 MR06 MR09 MR14,10,23,20,0.86956522
3460,MR13 MR02 MR04 MR08 MR06 MR11 MR12 MR09 MR10 MR07,10,26,23,0.88461538
3461,MR13 MR02 MR04 MR08 MR07 MR11 MR12 MR09 MR10 MR06 MR14,11,24,24,1.00000000
3462,MR13 MR02 MR04 MR08 MR06 MR11 MR09 MR10 MR14 MR07 MR12,11,20,20,1.00000000
3463,MR13 MR11 MR02 MR04 MR08 MR07 MR09 MR10 MR06 MR12 MR14,11,24,24,1.00000000
3464,MR13 MR02 MR04 MR08 MR07 MR11 MR14 MR09 MR10 MR06,10,25,22,0.88000000
3465,MR13 MR02 MR04 MR08 MR11 MR06 MR07 MR09 MR10 MR12 MR14,11,21,21,1.00000000
3466,MR13 MR11 MR02 MR04 MR08 MR09 MR10 MR06 MR07 MR12 MR14,11,26,26,1.00000000
3467,MR13 MR02 MR04 MR08 MR11 MR06 MR14 MR07 MR09 MR10 MR12,11,24,24,1.00000000
3468,MR05 MR11 MR02 MR04 MR08 MR14 MR07 MR09 MR10 MR06,10,24,18,0.75000000
3469,MR12 MR11 MR10 MR02 MR08 MR14 MR04 MR09 MR06,9,25,18,0.72000000
3470,MR13 MR02 MR04 MR08 MR06 MR11 MR09 MR10 MR14 MR07 MR12,11,27,27,1.00000000
3471,MR13 MR11 MR02 MR04 MR08 MR06 MR09 MR10 MR12 MR07 MR14,11,22,22,1.00000000
3472,MR13 MR11 MR02 MR04 MR08 MR06 MR09 MR10 MR12 MR14 MR07,11,23,23,1.00000000
3473,MR13 MR11 MR02 MR04 MR08 MR07 MR09 MR10 MR12 MR14,10,30,27,0.90000000
3474,MR13 MR11 MR02 MR04 MR08 MR07 MR09 MR10 MR12 MR14 MR06,11,23,23,1.00000000
3475,MR13 MR02 MR04 MR08 MR11 MR06 MR07 MR09 MR10 MR14 MR12,11,24,24,1.00000000
3476,MR13 MR11 MR02 MR04 MR08 MR14 MR06 MR09 MR10 MR07,10,26,23,0.88461538
3477,MR13 MR02 MR04 MR08 MR11 MR07 MR12 MR06 MR09 MR10 MR14,11,24,24,1.00000000
3478,MR13 MR02 MR04 MR08 MR06 MR11 MR07 MR09 MR10 MR12,10,28,25,0.89285714
3479,MR13 MR11 MR02 MR04 MR08 MR07 MR09 MR10 MR12 MR06 MR14,11,26,26,1.00000000
3480,MR13 MR02 MR04 MR08 MR11 MR07 MR09 MR10 MR14 MR06 MR12,11,25,25,1.00000000
3481,MR13 MR11 MR02 MR04 MR08 MR07 MR09 MR10 MR12 MR14 MR06,11,25,25,1.00000000
3482,MR13 MR02 MR04 MR07 MR08 MR12 MR06 MR09 MR10 MR11 MR14,11,24,24,1.00000000
3483,MR13 MR02 MR04 MR08 MR11 MR06 MR07 MR09 MR10 MR12 MR14,11,22,22,1.00000000
3484,MR13 MR02 MR04 MR08 MR07 MR06 MR09 MR10 MR11 MR12 MR14,11,26,26,1.00000000
3485,MR13 MR11 MR02 MR04 MR08 MR14 MR06 MR09 MR10 MR07 MR12,11,22,22,1.00000000
3486,MR05 MR02 MR04 MR08 MR06 MR11 MR12 MR07 MR09 MR10 MR14,11,26,23,0.88461538
3487,MR12 MR10 MR02 MR07 MR08 MR11 MR04 MR09 MR06 MR13 MR14,11,26,26,1.00000000
3488,MR13 MR02 MR04 MR08 MR06 MR11 MR09 MR10 MR12 MR07 MR14,11,26,26,1.00000000
3489,MR13 MR11 MR02 MR04 MR08 MR06 MR09 MR10 MR14 MR12,10,23,20,0.86956522
3490,MR13 MR02 MR04 MR08 MR07 MR11 MR09 MR10 MR06 MR12 MR14,11,25,25,1.00000000
3491,MR12 MR10 MR11 MR02 MR08 MR04 MR09 MR06 MR07 MR13 MR14,11,26,26,1.00000000
3492,MR13 MR11 MR02 MR04 MR08 MR07 MR14 MR09 MR10 MR12 MR06,11,23,23,1.00000000
3493,MR12 MR10 MR11 MR02 MR08 MR06 MR04 MR09 MR13 MR14,10,26,23,0.88461538
3494,MR13 MR14 MR02 MR04 MR08 MR11 MR06 MR09 MR10 MR12 MR07,11,26,26,1.00000000
3495,MR12 MR11 MR10 MR02 MR08 MR04 MR09 MR13 MR06 MR07 MR14,11,22,22,1.00000000
3496,MR13 MR02 MR04 MR08 MR11 MR06 MR07 MR09 MR10 MR12 MR14,11,20,20,1.00000000
3497,MR13 MR02 MR04 MR08 MR06 MR07 MR11 MR12 MR09 MR10 MR14,11,20,20,1.00000000
3498,MR12 MR11 MR10 MR02 MR08 MR04 MR06 MR09 MR14 MR05 MR07,11,22,19,0.86363636
3499,MR13 MR02 MR04 MR08 MR07 MR11 MR12 MR09 MR10 MR06 MR14,11,23,23,1.00000000
3500,MR13 MR02 MR04 MR08 MR11 MR14 MR06 MR07 MR09 MR10,10,23,20,0.86956522
3501,MR13 MR02 MR04 MR08 MR07 MR11 MR12 MR09 MR10 MR06 MR14,11,23,23,1.00000000
3502,MR13 MR02 MR04 MR07 MR08 MR11 MR12 MR09 MR10 MR06 MR14,11,25,25,1.00000000
3503,MR13 MR02 MR04 MR08 MR11 MR07 MR14 MR06 MR09 MR10 MR12,11,21,21,1.00000000
3504,MR12 MR11 MR14 MR02 MR04 MR08 MR07 MR09 MR10 MR13 MR06,11,24,24,1.00000000
3505,MR13 MR11 MR02 MR04 MR08 MR06 MR09 MR10 MR12 MR14,10,25,22,0.88000000
3506,MR13 MR02 MR04 MR08 MR06 MR11 MR07 MR09 MR10 MR14 MR12,11,26,26,1.00000000
3507,MR13 MR02 MR04 MR08 MR11 MR14 MR06 MR09 MR10 MR12 MR07,11,26,26,1.00000000
3508,MR06 MR10 MR02 MR08 MR11 MR14 MR04 MR09 MR07 MR12 MR13,11,25,25,1.00000000
3509,MR13 MR11 MR02 MR04 MR08 MR07 MR09 MR10 MR14 MR12 MR06,11,25,25,1.00000000
3510,MR13 MR02 MR04 MR08 MR06 MR11 MR09 MR10 MR12 MR07 MR14,11,24,24,1.00000000
3511,MR13 MR02 MR04 MR08 MR11 MR07 MR06 MR09 MR10 MR14 MR12,11,27,27,1.00000000
3512,MR13 MR11 MR02 MR04 MR08 MR09 MR10 MR12 MR06 MR07 MR14,11,25,25,1.00000000
3513,MR05 MR02 MR04 MR08 MR11 MR14 MR06 MR07 MR09 MR10 MR12,11,24,21,0.87500000
3514,MR13 MR11 MR02 MR04 MR08 MR14 MR09 MR10 MR12 MR06 MR07,11,29,29,1.00000000
3515,MR13 MR02 MR04 MR08 MR06 MR11 MR09 MR10 MR14 MR07 MR12,11,21,21,1.00000000
3516,MR12 MR10 MR11 MR02 MR08 MR04 MR07 MR09 MR14 MR06 MR13,11,24,24,1.00000000
3517,MR13 MR11 MR02 MR04 MR08 MR12 MR09 MR10 MR06 MR07 MR14,11,25,25,1.00000000
3518,MR13 MR06 MR02 MR04 MR08 MR14 MR07 MR09 MR10 MR12 MR11,11,24,24,1.00000000
3519,MR12 MR10 MR02 MR08 MR11 MR06 MR04 MR07 MR09 MR13 MR14,11,23,23,1.00000000
3520,MR13 MR11 MR02 MR04 MR08 MR06 MR09 MR10 MR12 MR14 MR07,11,24,24,1.00000000
3521,MR13 MR02 MR04 MR08 MR11 MR06 MR09 MR10 MR14 MR07 MR12,11,22,22,1.00000000
3522,MR13 MR02 MR04 MR08 MR11 MR07 MR12 MR09 MR10 MR14 MR06,11,22,22,1.00000000
3523,MR13 MR02 MR04 MR08 MR11 MR06 MR12 MR09 MR10 MR07 MR14,11,22,22,1.00000000
3524,MR13 MR02 MR04 MR08 MR11 MR12 MR06 MR07 MR09 MR10 MR14,11,26,26,1.00000000
3525,MR13 MR02 MR04 MR08 MR11 MR07 MR06 MR09 MR10 MR14 MR12,11,21,21,1.00000000
3526,MR13 MR11 MR02 MR04 MR08 MR09 MR10 MR12 MR14 MR06 MR07,11,22,22,1.00000000
3527,MR13 MR02 MR04 MR08 MR11 MR07 MR14 MR06 MR09 MR10 MR12,11,23,23,1.00000000
3528,MR13 MR02 MR04 MR07 MR08 MR14 MR11 MR09 MR10 MR06 MR12,11,24,24,1.00000000
3529,MR13 MR02 MR04 MR08 MR07 MR11 MR14 MR06 MR09 MR10 MR12,11,26,26,1.00000000
3530,MR13 MR02 MR04 MR08 MR06 MR11 MR12 MR09 MR10 MR07 MR14,11,25,25,1.00000000
3531,MR13 MR02 MR04 MR08 MR11 MR14 MR06 MR09 MR10 MR07 MR12,11,25,25,1.00000000
3532,MR08 MR10 MR11 MR02 MR14 MR04 MR09 MR12 MR13 MR06 MR07,11,26,26,1.00000000
3533,MR13 MR11 MR02 MR04 MR08 MR07 MR09 MR10 MR12 MR14 MR06,11,23,23,1.00000000
3534,MR13 MR02 MR04 MR08 MR06 MR11 MR14 MR07 MR09 MR10 MR12,11,21,21,1.00000000
3535,MR13 MR02 MR04 MR08 MR11 MR06 MR07 MR09 MR10 MR14 MR12,11,26,26,1.00000000
3536,MR13 MR11 MR02 MR04 MR08 MR14 MR06 MR09 MR10 MR07 MR12,11,25,25,1.00000000
3537,MR08 MR10 MR02 MR12 MR06 MR07 MR11 MR13 MR04 MR09 MR14,11,27,27,1.00000000
3538,MR13 MR11 MR02 MR04 MR08 MR06 MR09 MR10 MR14 MR12 MR07,11,24,24,1.00000000
3539,MR13 MR11 MR02 MR04 MR08 MR14 MR12 MR06 MR09 MR10 MR07,11,26,26,1.00000000
3540,MR13 MR02 MR04 MR08 MR11 MR06 MR14 MR09 MR10 MR12 MR07,11,24,24,1.00000000
3541,MR13 MR07 MR02 MR04 MR08 MR11 MR12 MR09 MR10 MR14 MR06,11,21,21,1.00000000
3542,MR12 MR10 MR11 MR02 MR08 MR04 MR09 MR13 MR14 MR06 MR07,11,18,18,1.00000000
3543,MR13 MR02 MR04 MR08 MR11 MR06 MR14 MR07 MR09 MR10 MR12,11,28,28,1.00000000
3544,MR08 MR10 MR02 MR14 MR07 MR11 MR12 MR04 MR06 MR09 MR13,11,25,25,1.00000000
3545,MR12 MR10 MR11 MR02 MR08 MR04 MR07 MR09 MR13 MR06 MR14,11,20,20,1.00000000
3546,MR13 MR11 MR02 MR04 MR08 MR12 MR06 MR09 MR10,9,27,21,0.77777778
3547,MR13 MR02 MR04 MR06 MR08 MR11 MR09 MR10 MR07 MR12 MR14,11,24,24,1.00000000
3548,MR13 MR02 MR04 MR08 MR11 MR07 MR09 MR10 MR14 MR06 MR12,11,18,18,1.00000000
3549,MR13 MR11 MR02 MR04 MR08 MR07 MR12 MR14 MR09 MR10 MR06,11,22,22,1.00000000
3550,MR13 MR11 MR02 MR04 MR08 MR14 MR06 MR09 MR10 MR12 MR07,11,29,29,1.00000000
3551,MR13 MR11 MR02 MR04 MR08 MR07 MR14 MR09 MR10 MR06 MR12,11,25,25,1.00000000
3552,MR08 MR11 MR02 MR04 MR12 MR13 MR06 MR09 MR10 MR07 MR14,11,24,24,1.00000000
3553,MR13 MR02 MR04 MR08 MR12 MR06 MR11 MR14 MR07 MR09 MR10,11,24,24,1.00000000
3554,MR13 MR11 MR02 MR04 MR08 MR06 MR09 MR10 MR12 MR14 MR07,11,24,24,1.00000000
3555,MR13 MR11 MR02 MR04 MR08 MR09 MR10 MR14 MR06 MR07 MR12,11,19,19,1.00000000
3556,MR13 MR02 MR04 MR08 MR11 MR07 MR09 MR10 MR12 MR06 MR14,11,22,22,1.00000000
3557,MR13 MR02 MR04 MR08 MR11 MR06 MR07 MR09 MR10 MR12 MR14,11,24,24,1.00000000
3558,MR13 MR02 MR04 MR08 MR14 MR11 MR06 MR07 MR09 MR10,10,20,17,0.85000000
3559,MR13 MR02 MR04 MR08 MR06 MR11 MR12 MR09 MR10 MR07,10,24,21,0.87500000
3560,MR13 MR02 MR04 MR08 MR07 MR11 MR12 MR14 MR09 MR10 MR06,11,29,29,1.00000000
3561,MR12 MR11 MR10 MR02 MR08 MR04 MR06 MR09 MR05 MR07 MR14,11,22,19,0.86363636
3562,MR13 MR02 MR04 MR08 MR11 MR07 MR09 MR10 MR14 MR06 MR12,11,22,22,1.00000000
3563,MR13 MR11 MR02 MR04 MR08 MR06 MR12 MR09 MR10 MR14 MR07,11,22,22,1.00000000
3564,MR13 MR11 MR02 MR04 MR08 MR06 MR14 MR09 MR10 MR12 MR07,11,24,24,1.00000000
3565,MR13 MR11 MR02 MR04 MR08 MR14 MR07 MR09 MR10 MR12 MR06,11,24,24,1.00000000
3566,MR12 MR10 MR02 MR08 MR11 MR14 MR06 MR04 MR09 MR07 MR13,11,22,22,1.00000000
3567,MR13 MR02 MR04 MR08 MR11 MR14 MR06 MR07 MR09 MR10 MR12,11,19,19,1.00000000
3568,MR12 MR02 MR04 MR08 MR11 MR06 MR07 MR09 MR10 MR13 MR14,11,23,23,1.00000000
3569,MR12 MR11 MR10 MR02 MR08 MR14 MR04 MR09 MR05 MR06 MR07,11,22,19,0.86363636
3570,MR12 MR10 MR11 MR02 MR08 MR14 MR07 MR04 MR09 MR06,10,24,20,0.83333333
3571,MR12 MR02 MR04 MR08 MR11 MR06 MR09 MR10 MR14 MR13 MR07,11,23,23,1.00000000
3572,MR13 MR06 MR02 MR04 MR08 MR11 MR09 MR10 MR12 MR14 MR07,11,21,21,1.00000000
3573,MR13 MR06 MR02 MR04 MR08 MR11 MR09 MR10 MR12 MR14,10,24,21,0.87500000
3574,MR13 MR02 MR04 MR08 MR06 MR11 MR12 MR09 MR10 MR07 MR14,11,26,26,1.00000000
3575,MR13 MR02 MR04 MR08 MR14 MR06 MR07 MR11 MR09 MR10 MR12,11,29,29,1.00000000
3576,MR13 MR02 MR04 MR08 MR11 MR06 MR09 MR10 MR14 MR07,10,27,24,0.88888889
3577,MR13 MR11 MR02 MR04 MR08 MR06 MR09 MR10 MR14 MR12 MR07,11,18,18,1.00000000
3578,MR13 MR11 MR02 MR04 MR08 MR12 MR06 MR09 MR10 MR14 MR07,11,21,21,1.00000000
3579,MR12 MR02 MR04 MR08 MR11 MR06 MR13 MR14 MR09 MR10 MR07,11,24,24,1.00000000
3580,MR05 MR11 MR02 MR04 MR08 MR12 MR06 MR09 MR10 MR14 MR07,11,24,21,0.87500000
3581,MR13 MR02 MR04 MR08 MR11 MR06 MR12 MR09 MR10 MR07 MR14,11,25,25,1.00000000
3582,MR13 MR11 MR02 MR04 MR08 MR09 MR10 MR12 MR06 MR07 MR14,11,25,25,1.00000000
3583,MR13 MR02 MR04 MR08 MR11 MR06 MR07 MR09 MR10 MR12 MR14,11,18,18,1.00000000
3584,MR13 MR11 MR14 MR02 MR04 MR08 MR09 MR10 MR07 MR12,10,20,17,0.85000000
3585,MR12 MR10 MR11 MR02 MR08 MR14 MR04 MR06 MR09 MR07 MR13,11,26,26,1.00000000
3586,MR13 MR02 MR04 MR08 MR11 MR06 MR07 MR09 MR10 MR12 MR14,11,26,26,1.00000000
3587,MR13 MR02 MR04 MR08 MR06 MR11 MR07 MR09 MR10 MR14 MR12,11,23,23,1.00000000
3588,MR12 MR10 MR02 MR08 MR06 MR11 MR04 MR07 MR09 MR14 MR13,11,27,27,1.00000000
3589,MR12 MR10 MR02 MR08 MR11 MR14 MR07 MR04 MR09 MR06,10,25,21,0.84000000
3590,MR12 MR10 MR02 MR08 MR11 MR07 MR04 MR09 MR13 MR14 MR06,11,27,27,1.00000000
3591,MR12 MR10 MR02 MR08 MR11 MR07 MR04 MR06 MR09 MR13 MR14,11,24,24,1.00000000
3592,MR13 MR02 MR04 MR08 MR11 MR07 MR12 MR09 MR10 MR14 MR06,11,24,24,1.00000000
3593,MR13 MR02 MR04 MR08 MR11 MR06 MR09 MR10 MR14 MR07 MR12,11,24,24,1.00000000
3594,MR12 MR11 MR02 MR04 MR08 MR13 MR06 MR09 MR10 MR14 MR07,11,25,25,1.00000000
3595,MR13 MR11 MR02 MR04 MR08 MR07 MR09 MR10 MR12 MR14,10,25,22,0.88000000
3596,MR13 MR02 MR04 MR08 MR06 MR11 MR09 MR10 MR12 MR07 MR14,11,24,24,1.00000000
3597,MR12 MR11 MR02 MR04 MR08 MR13 MR07 MR09 MR10 MR06 MR14,11,28,28,1.00000000
3598,MR12 MR10 MR02 MR07 MR08 MR11 MR14 MR04 MR09 MR13 MR06,11,24,24,1.00000000
3599,MR13 MR02 MR04 MR08 MR14 MR06 MR07 MR11 MR09 MR10 MR12,11,26,26,1.00000000
3600,MR13 MR11 MR02 MR04 MR08 MR06 MR09 MR10 MR12 MR07 MR14,11,23,23,1.00000000
3601,MR13 MR11 MR02 MR04 MR08 MR14 MR09 MR10 MR06 MR07 MR12,11,23,23,1.00000000
3602,MR13 MR02 MR04 MR08 MR07 MR11 MR09 MR10 MR12 MR14 MR06,11,20,20,1.00000000
3603,MR13 MR02 MR04 MR08 MR11 MR06 MR09 MR10 MR12 MR14 MR07,11,20,20,1.00000000
3604,MR13 MR14 MR02 MR04 MR08 MR11 MR06 MR09 MR10 MR07,10,25,22,0.88000000
3605,MR13 MR02 MR04 MR08 MR07 MR14 MR11 MR06 MR09 MR10 MR12,11,17,17,1.00000000
3606,MR13 MR02 MR04 MR08 MR11 MR07 MR09 MR10 MR14 MR06 MR12,11,25,25,1.00000000
3607,MR13 MR02 MR04 MR08 MR11 MR14 MR07 MR06 MR09 MR10 MR12,11,28,28,1.00000000
3608,MR13 MR02 MR04 MR08 MR11 MR07 MR09 MR10 MR12 MR06 MR14,11,27,27,1.00000000
3609,MR13 MR02 MR04 MR07 MR08 MR11 MR09 MR10 MR14 MR06 MR12,11,23,23,1.00000000
3610,MR13 MR11 MR02 MR04 MR08 MR07 MR09 MR10 MR12 MR14 MR06,11,22,22,1.00000000
3611,MR12 MR11 MR02 MR04 MR08 MR13 MR07 MR09 MR10 MR06 MR14,11,29,29,1.00000000
3612,MR13 MR11 MR02 MR04 MR08 MR14 MR07 MR09 MR10 MR06 MR12,11,29,29,1.00000000
3613,MR13 MR11 MR02 MR04 MR08 MR07 MR09 MR10 MR06 MR12 MR14,11,13,13,1.00000000
3614,MR13 MR11 MR02 MR04 MR08 MR12 MR09 MR10 MR06 MR07 MR14,11,23,23,1.00000000
3615,MR12 MR10 MR02 MR08 MR06 MR07 MR04 MR09 MR11 MR13 MR14,11,23,23,1.00000000
3616,MR14 MR10 MR11 MR02 MR08 MR12 MR04 MR09 MR07 MR13 MR06,11,26,26,1.00000000
3617,MR13 MR02 MR04 MR08 MR06 MR14 MR07 MR09 MR10 MR11 MR12,11,25,25,1.00000000
3618,MR13 MR02 MR04 MR08 MR11 MR06 MR07 MR09 MR10 MR12 MR14,11,26,26,1.00000000
3619,MR13 MR11 MR02 MR04 MR08 MR07 MR09 MR10 MR12,9,30,24,0.80000000
3620,MR12 MR10 MR11 MR02 MR08 MR13 MR04 MR07 MR09 MR06 MR14,11,23,23,1.00000000
3621,MR13 MR02 MR04 MR08 MR11 MR06 MR07 MR09 MR10 MR12 MR14,11,24,24,1.00000000
3622,MR13 MR02 MR04 MR07 MR08 MR14 MR12 MR06 MR09 MR10 MR11,11,28,28,1.00000000
3623,MR12 MR11 MR02 MR04 MR08 MR14 MR09 MR10 MR13 MR06 MR07,11,23,23,1.00000000
3624,MR13 MR02 MR04 MR08 MR07 MR06 MR09 MR10 MR11 MR12 MR14,11,24,24,1.00000000
3625,MR07 MR10 MR02 MR08 MR12 MR11 MR04 MR09 MR06 MR13 MR14,11,28,28,1.00000000
3626,MR13 MR11 MR02 MR04 MR08 MR12 MR14 MR06 MR09 MR10 MR07,11,25,25,1.00000000
3627,MR13 MR11 MR02 MR04 MR08 MR14 MR06 MR09 MR10 MR07 MR12,11,25,25,1.00000000
3628,MR13 MR02 MR04 MR08 MR07 MR14 MR11 MR06 MR09 MR10 MR12,11,21,21,1.00000000
3629,MR13 MR02 MR04 MR06 MR08 MR11 MR09 MR10 MR12 MR14,10,24,21,0.87500000
3630,MR12 MR10 MR11 MR02 MR08 MR14 MR04 MR09 MR06 MR07 MR13,11,21,21,1.00000000
3631,MR13 MR02 MR04 MR08 MR11 MR07 MR09 MR10 MR12 MR14 MR06,11,24,24,1.00000000
3632,MR12 MR02 MR04 MR08 MR06 MR11 MR13 MR07 MR09 MR10 MR14,11,26,26,1.00000000
3633,MR08 MR10 MR02 MR11 MR14 MR04 MR06 MR07 MR09 MR12,10,19,15,0.78947368
3634,MR12 MR11 MR02 MR04 MR08 MR13 MR07 MR09 MR10 MR14 MR06,11,25,25,1.00000000
3635,MR13 MR02 MR04 MR07 MR08 MR11 MR12 MR09 MR10 MR14,10,26,23,0.88461538
3636,MR13 MR02 MR04 MR08 MR14 MR06 MR07 MR11 MR09 MR10 MR12,11,24,24,1.00000000
3637,MR13 MR02 MR04 MR07 MR08 MR11 MR14 MR09 MR10 MR12 MR06,11,25,25,1.00000000
3638,MR12 MR10 MR11 MR02 MR08 MR04 MR07 MR09 MR13 MR06 MR14,11,27,27,1.00000000
3639,MR13 MR14 MR02 MR04 MR08 MR07 MR11 MR09 MR10 MR06,10,27,24,0.88888889
3640,MR13 MR02 MR04 MR06 MR08 MR07 MR12 MR09 MR10 MR11 MR14,11,21,21,1.00000000
3641,MR13 MR02 MR04 MR08 MR06 MR14 MR07 MR09 MR10 MR11 MR12,11,18,18,1.00000000
3642,MR13 MR02 MR04 MR08 MR11 MR06 MR14 MR09 MR10 MR07,10,25,22,0.88000000
3643,MR12 MR10 MR02 MR08 MR07 MR11 MR14 MR13 MR04 MR09 MR06,11,26,26,1.00000000
3644,MR13 MR02 MR04 MR07 MR08 MR06 MR09 MR10 MR11 MR14,10,25,22,0.88000000
3645,MR13 MR02 MR04 MR07 MR08 MR11 MR09 MR10 MR14 MR12,10,23,20,0.86956522
3646,MR13 MR11 MR02 MR04 MR08 MR07 MR09 MR10 MR06 MR12 MR14,11,26,26,1.00000000
3647,MR13 MR02 MR04 MR08 MR06 MR11 MR09 MR10 MR12 MR07 MR14,11,26,26,1.00000000
3648,MR13 MR02 MR04 MR07 MR08 MR11 MR12 MR09 MR10 MR14 MR06,11,25,25,1.00000000
3649,MR13 MR02 MR04 MR08 MR11 MR06 MR07 MR09 MR10 MR14 MR12,11,21,21,1.00000000
3650,MR13 MR02 MR04 MR06 MR08 MR11 MR12 MR09 MR10 MR07,10,21,18,0.85714286
3651,MR13 MR02 MR04 MR08 MR07 MR11 MR06 MR09 MR10 MR14 MR12,11,20,20,1.00000000
3652,MR13 MR02 MR04 MR08 MR11 MR06 MR14 MR09 MR10 MR07 MR12,11,23,23,1.00000000
3653,MR13 MR02 MR04 MR08 MR14 MR11 MR06 MR07 MR09 MR10 MR12,11,22,22,1.00000000
3654,MR12 MR10 MR02 MR08 MR11 MR07 MR04 MR06 MR09 MR13 MR14,11,26,26,1.00000000
3655,MR08 MR10 MR02 MR11 MR07 MR04 MR09 MR14 MR06 MR12 MR13,11,21,21,1.00000000
3656,MR13 MR06 MR02 MR04 MR08 MR11 MR14 MR09 MR10,9,26,20,0.76923077
3657,MR13 MR11 MR02 MR04 MR08 MR14 MR07 MR09 MR10 MR12 MR06,11,23,23,1.00000000
3658,MR13 MR11 MR02 MR04 MR08 MR06 MR09 MR10 MR12 MR07 MR14,11,26,26,1.00000000
3659,MR12 MR10 MR11 MR02 MR08 MR07 MR14 MR04 MR09 MR13 MR06,11,21,21,1.00000000
3660,MR13 MR11 MR02 MR04 MR08 MR06 MR09 MR10 MR12 MR07 MR14,11,24,24,1.00000000
3661,MR13 MR02 MR04 MR08 MR06 MR11 MR12 MR14 MR09 MR10 MR07,11,29,29,1.00000000
3662,MR13 MR02 MR04 MR08 MR07 MR11 MR06 MR09 MR10 MR12 MR14,11,23,23,1.00000000
3663,MR13 MR02 MR04 MR08 MR11 MR06 MR14 MR07 MR09 MR10 MR12,11,22,22,1.00000000
3664,MR13 MR02 MR04 MR07 MR08 MR06 MR09 MR10 MR11 MR14 MR12,11,26,26,1.00000000
3665,MR13 MR02 MR04 MR08 MR11 MR06 MR07 MR09 MR10 MR12 MR14,11,20,20,1.00000000
3666,MR13 MR02 MR04 MR08 MR11 MR14 MR06 MR07 MR09 MR10,10,19,16,0.84210526
3667,MR13 MR02 MR04 MR08 MR11 MR07 MR14 MR06 MR09 MR10 MR12,11,25,25,1.00000000
3668,MR13 MR02 MR04 MR08 MR11 MR14 MR06 MR07 MR09 MR10 MR12,11,24,24,1.00000000
3669,MR13 MR02 MR04 MR08 MR11 MR07 MR06 MR09 MR10 MR14 MR12,11,25,25,1.00000000
3670,MR13 MR02 MR04 MR07 MR08 MR11 MR14 MR09 MR10 MR12,10,24,21,0.87500000
3671,MR13 MR11 MR02 MR04 MR08 MR07 MR09 MR10 MR12 MR14 MR06,11,28,28,1.00000000
3672,MR07 MR10 MR02 MR08 MR14 MR11 MR04 MR09 MR12 MR13 MR06,11,27,27,1.00000000
3673,MR13 MR02 MR04 MR08 MR11 MR07 MR14 MR06 MR09 MR10 MR12,11,22,22,1.00000000
3674,MR07 MR04 MR02 MR08 MR13 MR14 MR09 MR10 MR11 MR12 MR06,11,23,23,1.00000000
3675,MR13 MR02 MR04 MR08 MR07 MR06 MR12 MR09 MR10 MR11 MR14,11,21,21,1.00000000
3676,MR13 MR02 MR04 MR08 MR11 MR06 MR07 MR09 MR10 MR14 MR12,11,26,26,1.00000000
3677,MR13 MR11 MR02 MR04 MR08 MR07 MR09 MR10 MR06 MR12,10,26,23,0.88461538
3678,MR12 MR10 MR02 MR08 MR11 MR13 MR04 MR06 MR07 MR09 MR14,11,25,25,1.00000000
3679,MR13 MR02 MR04 MR08 MR07 MR14 MR06 MR09 MR10 MR11 MR12,11,21,21,1.00000000
3680,MR13 MR11 MR02 MR04 MR08 MR07 MR09 MR10 MR12 MR14 MR06,11,22,22,1.00000000
3681,MR13 MR02 MR04 MR08 MR06 MR14 MR07 MR09 MR10 MR11 MR12,11,28,28,1.00000000
3682,MR05 MR02 MR04 MR08 MR06 MR11 MR14 MR09 MR10 MR07 MR12,11,23,20,0.86956522
3683,MR13 MR02 MR04 MR08 MR11 MR06 MR07 MR09 MR10 MR12 MR14,11,23,23,1.00000000
3684,MR13 MR02 MR04 MR08 MR11 MR14 MR06 MR07 MR09 MR10 MR12,11,24,24,1.00000000
3685,MR12 MR11 MR02 MR04 MR08 MR07 MR13 MR09 MR10 MR14 MR06,11,25,25,1.00000000
3686,MR13 MR02 MR04 MR08 MR06 MR07 MR11 MR09 MR10 MR14,10,25,22,0.88000000
3687,MR12 MR10 MR11 MR02 MR08 MR07 MR04 MR09 MR13 MR06 MR14,11,22,22,1.00000000
3688,MR13 MR02 MR04 MR08 MR11 MR12 MR14 MR06 MR07 MR09 MR10,11,23,23,1.00000000
3689,MR12 MR10 MR02 MR08 MR11 MR06 MR13 MR14 MR04 MR09 MR07,11,21,21,1.00000000
3690,MR13 MR11 MR02 MR04 MR08 MR12 MR14 MR07 MR09 MR10 MR06,11,23,23,1.00000000
3691,MR12 MR02 MR04 MR08 MR11 MR07 MR13 MR09 MR10 MR06 MR14,11,26,26,1.00000000
3692,MR13 MR11 MR02 MR04 MR08 MR06 MR12 MR09 MR10 MR14 MR07,11,23,23,1.00000000
3693,MR13 MR02 MR04 MR08 MR11 MR06 MR07 MR09 MR10 MR14 MR12,11,27,27,1.00000000
3694,MR13 MR11 MR02 MR04 MR08 MR06 MR14 MR09 MR10 MR07 MR12,11,27,27,1.00000000
3695,MR13 MR11 MR02 MR04 MR08 MR14 MR07 MR09 MR10 MR06 MR12,11,22,22,1.00000000
3696,MR13 MR02 MR04 MR07 MR08 MR11 MR14 MR09 MR10 MR06 MR12,11,22,22,1.00000000
3697,MR13 MR02 MR04 MR07 MR08 MR11 MR12 MR09 MR10 MR06 MR14,11,23,23,1.00000000
3698,MR13 MR11 MR02 MR04 MR08 MR12 MR09 MR10 MR14 MR06 MR07,11,19,19,1.00000000
3699,MR13 MR02 MR04 MR06 MR08 MR11 MR09 MR10 MR14 MR07 MR12,11,23,23,1.00000000
3700,MR08 MR10 MR02 MR06 MR12 MR14 MR11 MR04 MR07 MR09 MR13,11,26,26,1.00000000
3701,MR13 MR02 MR04 MR08 MR07 MR12 MR11 MR06 MR09 MR10 MR14,11,22,22,1.00000000
3702,MR13 MR02 MR04 MR08 MR11 MR14 MR06 MR07 MR09 MR10 MR12,11,22,22,1.00000000
3703,MR13 MR02 MR04 MR08 MR11 MR14 MR07 MR06 MR09 MR10 MR12,11,26,26,1.00000000
3704,MR13 MR02 MR04 MR06 MR08 MR07 MR09 MR10 MR11 MR14 MR12,11,25,25,1.00000000
3705,MR06 MR04 MR02 MR08 MR13 MR14 MR11 MR09 MR10 MR07 MR12,11,28,28,1.00000000
3706,MR12 MR10 MR02 MR08 MR11 MR06 MR14 MR04 MR09 MR13 MR07,11,25,25,1.00000000
3707,MR12 MR10 MR02 MR08 MR11 MR07 MR04 MR06 MR09 MR13 MR14,11,26,26,1.00000000
3708,MR13 MR11 MR02 MR04 MR08 MR14 MR09 MR10 MR07 MR06 MR12,11,22,22,1.00000000
3709,MR13 MR02 MR04 MR08 MR11 MR14 MR07 MR06 MR09 MR10 MR12,11,22,22,1.00000000
3710,MR13 MR11 MR02 MR04 MR08 MR12 MR06 MR09 MR10 MR07,10,24,21,0.87500000
3711,MR13 MR11 MR02 MR04 MR08 MR14 MR09 MR10 MR07 MR06 MR12,11,26,26,1.00000000
3712,MR12 MR11 MR10 MR02 MR08 MR04 MR09 MR14 MR06 MR07,10,24,20,0.83333333
3713,MR12 MR02 MR04 MR07 MR08 MR06 MR09 MR10 MR11 MR14 MR05,11,23,20,0.86956522
3714,MR13 MR02 MR04 MR08 MR06 MR11 MR07 MR09 MR10 MR14 MR12,11,25,25,1.00000000
3715,MR13 MR02 MR04 MR08 MR11 MR14 MR07 MR06 MR09 MR10 MR12,11,25,25,1.00000000
3716,MR13 MR11 MR02 MR04 MR08 MR06 MR09 MR10 MR14 MR12 MR07,11,25,25,1.00000000
3717,MR13 MR02 MR04 MR08 MR11 MR06 MR12 MR09 MR10 MR14 MR07,11,26,26,1.00000000
3718,MR13 MR11 MR02 MR04 MR08 MR06 MR09 MR10 MR07 MR12 MR14,11,26,26,1.00000000
3719,MR13 MR11 MR02 MR04 MR08 MR07 MR09 MR10 MR12 MR14 MR06,11,22,22,1.00000000
3720,MR13 MR02 MR04 MR08 MR11 MR06 MR07 MR09 MR10 MR14 MR12,11,28,28,1.00000000
3721,MR13 MR02 MR04 MR08 MR11 MR06 MR07 MR09 MR10 MR12 MR14,11,22,22,1.00000000
3722,MR12 MR11 MR02 MR04 MR08 MR14 MR07 MR09 MR10 MR06 MR13,11,21,21,1.00000000
3723,MR13 MR02 MR04 MR08 MR11 MR06 MR09 MR10 MR12 MR14 MR07,11,25,25,1.00000000
3724,MR12 MR10 MR02 MR08 MR11 MR07 MR04 MR06 MR09 MR13 MR14,11,28,28,1.00000000
3725,MR13 MR11 MR02 MR04 MR08 MR06 MR09 MR10 MR07 MR12 MR14,11,24,24,1.00000000
3726,MR06 MR10 MR02 MR08 MR11 MR12 MR14 MR04 MR09 MR13 MR07,11,25,25,1.00000000
3727,MR13 MR02 MR04 MR08 MR06 MR11 MR07 MR09 MR10 MR12 MR14,11,22,22,1.00000000
3728,MR13 MR11 MR02 MR04 MR08 MR14 MR09 MR10 MR06 MR07 MR12,11,23,23,1.00000000
3729,MR13 MR11 MR02 MR04 MR08 MR14 MR07 MR09 MR10 MR12 MR06,11,24,24,1.00000000
3730,MR08 MR10 MR11 MR02 MR14 MR12 MR04 MR06 MR09 MR13 MR07,11,22,22,1.00000000
3731,MR13 MR11 MR02 MR04 MR08 MR14 MR09 MR10 MR07 MR12 MR06,11,26,26,1.00000000
3732,MR13 MR02 MR04 MR08 MR11 MR07 MR09 MR10 MR12 MR14 MR06,11,26,26,1.00000000
3733,MR12 MR02 MR04 MR08 MR11 MR06 MR07 MR09 MR10 MR13 MR14,11,31,31,1.00000000
3734,MR14 MR10 MR11 MR02 MR08 MR04 MR06 MR09 MR12 MR07 MR13,11,26,26,1.00000000
3735,MR13 MR02 MR04 MR08 MR11 MR07 MR12 MR14 MR09 MR10 MR06,11,19,19,1.00000000
3736,MR12 MR02 MR04 MR08 MR11 MR06 MR07 MR09 MR10 MR14 MR13,11,26,26,1.00000000
3737,MR13 MR02 MR04 MR08 MR06 MR11 MR09 MR10 MR07 MR12,10,29,26,0.89655172
3738,MR13 MR02 MR04 MR08 MR07 MR06 MR14 MR09 MR10 MR11 MR12,11,23,23,1.00000000
3739,MR13 MR02 MR04 MR08 MR06 MR07 MR09 MR10 MR11 MR12 MR14,11,20,20,1.00000000
3740,MR13 MR14 MR02 MR04 MR06 MR08 MR11 MR09 MR10 MR07 MR12,11,22,22,1.00000000
3741,MR12 MR10 MR11 MR02 MR08 MR14 MR06 MR04 MR09 MR07,10,26,22,0.84615385
3742,MR13 MR02 MR04 MR08 MR11 MR06 MR09 MR10 MR07 MR14 MR12,11,23,23,1.00000000
3743,MR13 MR11 MR02 MR04 MR08 MR06 MR09 MR10 MR14 MR07 MR12,11,23,23,1.00000000
3744,MR13 MR02 MR04 MR08 MR11 MR14 MR06 MR09 MR10 MR12 MR07,11,23,23,1.00000000
3745,MR13 MR02 MR04 MR08 MR11 MR12 MR07 MR06 MR09 MR10 MR14,11,25,25,1.00000000
3746,MR13 MR02 MR04 MR08 MR11 MR06 MR09 MR10 MR12 MR07 MR14,11,24,24,1.00000000
3747,MR13 MR11 MR02 MR04 MR08 MR14 MR06 MR09 MR10 MR07 MR12,11,24,24,1.00000000
3748,MR13 MR02 MR04 MR06 MR08 MR11 MR09 MR10 MR12 MR07 MR14,11,26,26,1.00000000
3749,MR12 MR11 MR02 MR04 MR08 MR14 MR06 MR09 MR10 MR13 MR07,11,25,25,1.00000000
3750,MR13 MR11 MR02 MR04 MR08 MR06 MR09 MR10 MR12 MR14 MR07,11,24,24,1.00000000
3751,MR13 MR11 MR02 MR04 MR08 MR14 MR09 MR10 MR12 MR06 MR07,11,28,28,1.00000000
3752,MR08 MR10 MR02 MR12 MR14 MR06 MR11 MR04 MR09 MR07 MR13,11,28,28,1.00000000
3753,MR13 MR11 MR02 MR04 MR08 MR06 MR09 MR10 MR07 MR12 MR14,11,24,24,1.00000000
3754,MR14 MR04 MR02 MR08 MR06 MR11 MR07 MR09 MR10 MR12 MR13,11,27,27,1.00000000
3755,MR12 MR10 MR11 MR02 MR08 MR14 MR04 MR07 MR09 MR13 MR06,11,20,20,1.00000000
3756,MR13 MR02 MR04 MR08 MR11 MR06 MR12 MR09 MR10 MR07 MR14,11,23,23,1.00000000
3757,MR13 MR02 MR04 MR08 MR11 MR07 MR09 MR10 MR12 MR06 MR14,11,28,28,1.00000000
3758,MR13 MR02 MR04 MR08 MR11 MR06 MR07 MR09 MR10 MR12 MR14,11,24,24,1.00000000
3759,MR13 MR02 MR04 MR08 MR07 MR11 MR06 MR09 MR10 MR14 MR12,11,30,30,1.00000000
3760,MR13 MR11 MR02 MR04 MR08 MR06 MR09 MR10 MR12 MR14,10,22,19,0.86363636
3761,MR13 MR11 MR02 MR04 MR08 MR06 MR09 MR10 MR12 MR14 MR07,11,20,20,1.00000000
3762,MR12 MR10 MR02 MR07 MR08 MR04 MR06 MR09 MR11 MR13 MR14,11,26,26,1.00000000
3763,MR12 MR02 MR04 MR08 MR11 MR13 MR06 MR07 MR09 MR10 MR14,11,26,26,1.00000000
3764,MR12 MR10 MR02 MR08 MR11 MR04 MR06 MR07 MR09 MR14 MR13,11,19,19,1.00000000
3765,MR13 MR02 MR04 MR08 MR07 MR11 MR06 MR09 MR10 MR12 MR14,11,27,27,1.00000000
3766,MR13 MR11 MR02 MR04 MR08 MR12 MR09 MR10 MR06 MR07 MR14,11,28,28,1.00000000
3767,MR13 MR11 MR02 MR04 MR08 MR06 MR09 MR10 MR14 MR07 MR12,11,30,30,1.00000000
3768,MR05 MR11 MR02 MR04 MR08 MR14 MR09 MR10 MR06 MR12 MR07,11,21,18,0.85714286
3769,MR12 MR11 MR02 MR04 MR08 MR13 MR07 MR09 MR10 MR14 MR06,11,23,23,1.00000000
3770,MR13 MR11 MR02 MR04 MR08 MR14 MR06 MR09 MR10 MR07 MR12,11,22,22,1.00000000
3771,MR13 MR11 MR02 MR04 MR08 MR12 MR07 MR09 MR10 MR06 MR14,11,24,24,1.00000000
3772,MR13 MR11 MR02 MR04 MR08 MR06 MR12 MR09 MR10 MR07 MR14,11,34,34,1.00000000
3773,MR08 MR10 MR02 MR06 MR11 MR04 MR09 MR13 MR14 MR07 MR12,11,25,25,1.00000000
3774,MR13 MR11 MR02 MR04 MR08 MR09 MR10 MR06 MR07 MR12 MR14,11,27,27,1.00000000
3775,MR13 MR11 MR02 MR04 MR08 MR06 MR09 MR10 MR12 MR14 MR07,11,24,24,1.00000000
3776,MR13 MR02 MR04 MR08 MR11 MR07 MR06 MR09 MR10 MR12 MR14,11,23,23,1.00000000
3777,MR13 MR11 MR02 MR04 MR08 MR07 MR09 MR10 MR12 MR14 MR06,11,19,19,1.00000000
3778,MR13 MR02 MR04 MR08 MR11 MR06 MR12 MR14 MR07 MR09 MR10,11,24,24,1.00000000
3779,MR13 MR02 MR04 MR08 MR11 MR06 MR07 MR09 MR10 MR12,10,28,25,0.89285714
3780,MR13 MR02 MR04 MR08 MR06 MR07 MR12 MR14 MR09 MR10 MR11,11,21,21,1.00000000
3781,MR13 MR02 MR04 MR08 MR14 MR06 MR11 MR09 MR10 MR07 MR12,11,24,24,1.00000000
3782,MR12 MR10 MR02 MR06 MR08 MR07 MR04 MR09 MR14 MR11 MR13,11,24,24,1.00000000
3783,MR13 MR11 MR02 MR04 MR08 MR12 MR07 MR09 MR10 MR06 MR14,11,20,20,1.00000000
3784,MR13 MR02 MR04 MR08 MR14 MR06 MR07 MR11 MR12 MR09 MR10,11,23,23,1.00000000
3785,MR12 MR10 MR02 MR08 MR06 MR07 MR11 MR04 MR09 MR13 MR14,11,23,23,1.00000000
3786,MR13 MR11 MR02 MR04 MR08 MR14 MR07 MR09 MR10 MR06 MR12,11,27,27,1.00000000
3787,MR13 MR02 MR04 MR08 MR11 MR07 MR06 MR09 MR10 MR12 MR14,11,21,21,1.00000000
3788,MR13 MR02 MR04 MR08 MR11 MR06 MR07 MR09 MR10 MR12 MR14,11,21,21,1.00000000
3789,MR13 MR11 MR02 MR04 MR08 MR07 MR09 MR10 MR14 MR06 MR12,11,25,25,1.00000000
3790,MR12 MR11 MR10 MR02 MR08 MR04 MR07 MR09 MR13 MR14 MR06,11,27,27,1.00000000
3791,MR12 MR10 MR11 MR02 MR08 MR07 MR04 MR09 MR13 MR06 MR14,11,23,23,1.00000000
3792,MR06 MR10 MR02 MR08 MR11 MR14 MR04 MR09 MR12 MR13,10,25,22,0.88000000
3793,MR13 MR02 MR04 MR08 MR11 MR06 MR12 MR07 MR09 MR10 MR14,11,23,23,1.00000000
3794,MR13 MR02 MR04 MR08 MR07 MR11 MR12 MR09 MR10 MR06,10,27,24,0.88888889
3795,MR13 MR11 MR02 MR04 MR08 MR07 MR12 MR14 MR09 MR10 MR06,11,25,25,1.00000000
3796,MR13 MR11 MR02 MR04 MR08 MR07 MR09 MR10 MR06 MR12 MR14,11,24,24,1.00000000
3797,MR13 MR11 MR02 MR04 MR08 MR06 MR09 MR10 MR12 MR14 MR07,11,23,23,1.00000000
3798,MR12 MR11 MR02 MR04 MR08 MR07 MR14 MR09 MR10 MR13,10,26,23,0.88461538
3799,MR13 MR11 MR02 MR04 MR08 MR07 MR09 MR10 MR12 MR14 MR06,11,27,27,1.00000000
3800,MR13 MR11 MR02 MR04 MR08 MR06 MR09 MR10 MR07 MR12 MR14,11,14,14,1.00000000
3801,MR13 MR02 MR04 MR08 MR06 MR11 MR14 MR07 MR09 MR10 MR12,11,28,28,1.00000000
3802,MR13 MR02 MR04 MR08 MR11 MR06 MR14 MR09 MR10 MR07,10,24,21,0.87500000
3803,MR12 MR10 MR02 MR08 MR11 MR07 MR13 MR04 MR09 MR14 MR06,11,24,24,1.00000000
3804,MR13 MR11 MR02 MR04 MR08 MR09 MR10 MR12 MR06 MR14 MR07,11,27,27,1.00000000
3805,MR13 MR11 MR02 MR04 MR08 MR07 MR09 MR10 MR06 MR12 MR14,11,26,26,1.00000000
3806,MR13 MR02 MR04 MR08 MR11 MR06 MR12 MR09 MR10 MR07 MR14,11,26,26,1.00000000
3807,MR13 MR11 MR02 MR04 MR08 MR14 MR06 MR09 MR10 MR07 MR12,11,25,25,1.00000000
3808,MR13 MR02 MR04 MR08 MR11 MR06 MR14 MR09 MR10 MR07 MR12,11,20,20,1.00000000
3809,MR13 MR11 MR02 MR04 MR08 MR09 MR10 MR14 MR06 MR07 MR12,11,27,27,1.00000000
3810,MR05 MR11 MR02 MR04 MR08 MR12 MR07 MR09 MR10 MR14 MR06,11,23,20,0.86956522
3811,MR13 MR11 MR02 MR04 MR08 MR06 MR09 MR10 MR14 MR07 MR12,11,21,21,1.00000000
3812,MR13 MR11 MR02 MR04 MR08 MR14 MR09 MR10 MR06 MR07 MR12,11,21,21,1.00000000
3813,MR13 MR11 MR02 MR04 MR08 MR07 MR09 MR10 MR12 MR14 MR06,11,20,20,1.00000000
3814,MR13 MR02 MR04 MR08 MR07 MR11 MR06 MR09 MR10 MR14,10,30,27,0.90000000
3815,MR13 MR11 MR02 MR04 MR08 MR14 MR06 MR09 MR10 MR12 MR07,11,24,24,1.00000000
3816,MR13 MR02 MR04 MR08 MR07 MR06 MR09 MR10 MR11 MR12 MR14,11,22,22,1.00000000
3817,MR13 MR11 MR02 MR04 MR08 MR12 MR14 MR06 MR09 MR10 MR07,11,22,22,1.00000000
3818,MR13 MR02 MR04 MR08 MR11 MR07 MR12 MR09 MR10 MR14 MR06,11,19,19,1.00000000
3819,MR13 MR02 MR04 MR08 MR06 MR07 MR14 MR09 MR10 MR11 MR12,11,29,29,1.00000000
3820,MR08 MR10 MR02 MR14 MR11 MR06 MR04 MR07 MR09 MR12 MR13,11,25,25,1.00000000
3821,MR13 MR02 MR04 MR08 MR06 MR11 MR09 MR10 MR12 MR07 MR14,11,23,23,1.00000000
3822,MR13 MR02 MR04 MR08 MR11 MR07 MR09 MR10 MR06 MR14,10,29,26,0.89655172
3823,MR13 MR02 MR04 MR08 MR11 MR07 MR09 MR10 MR12 MR14 MR06,11,27,27,1.00000000
3824,MR12 MR11 MR10 MR02 MR08 MR14 MR04 MR06 MR09 MR13 MR07,11,24,24,1.00000000
3825,MR12 MR10 MR02 MR08 MR07 MR11 MR04 MR09 MR06 MR13 MR14,11,25,25,1.00000000
3826,MR13 MR02 MR04 MR08 MR14 MR07 MR11 MR06 MR09 MR10 MR12,11,24,24,1.00000000
3827,MR13 MR02 MR04 MR08 MR06 MR07 MR09 MR10 MR11 MR12 MR14,11,19,19,1.00000000
3828,MR13 MR02 MR04 MR08 MR11 MR07 MR14 MR09 MR10 MR06 MR12,11,22,22,1.00000000
3829,MR13 MR11 MR02 MR04 MR08 MR12 MR09 MR10 MR06 MR07 MR14,11,23,23,1.00000000
3830,MR13 MR02 MR04 MR08 MR06 MR07 MR11 MR14 MR09 MR10,10,23,20,0.86956522
3831,MR13 MR02 MR04 MR08 MR14 MR06 MR07 MR11 MR09 MR10 MR12,11,23,23,1.00000000
3832,MR13 MR11 MR02 MR04 MR08 MR14 MR09 MR10 MR07 MR06 MR12,11,27,27,1.00000000
3833,MR13 MR02 MR04 MR08 MR11 MR14 MR07 MR06 MR09 MR10 MR12,11,25,25,1.00000000
3834,MR12 MR11 MR10 MR02 MR08 MR07 MR13 MR04 MR09 MR14,10,30,27,0.90000000
3835,MR13 MR11 MR02 MR04 MR08 MR12 MR06 MR09 MR10 MR07 MR14,11,23,23,1.00000000
3836,MR13 MR02 MR04 MR08 MR11 MR14 MR06 MR07 MR09 MR10 MR12,11,23,23,1.00000000
3837,MR08 MR10 MR11 MR02 MR14 MR06 MR04 MR09 MR13 MR07 MR12,11,26,26,1.00000000
3838,MR13 MR11 MR02 MR04 MR08 MR07 MR09 MR10 MR14 MR12 MR06,11,26,26,1.00000000
3839,MR12 MR11 MR10 MR02 MR08 MR04 MR06 MR09 MR13 MR07 MR14,11,24,24,1.00000000
3840,MR13 MR02 MR04 MR08 MR11 MR07 MR12 MR09 MR10 MR14 MR06,11,23,23,1.00000000
3841,MR13 MR02 MR04 MR08 MR11 MR06 MR07 MR09 MR10 MR12 MR14,11,26,26,1.00000000
3842,MR13 MR11 MR02 MR04 MR08 MR14 MR07 MR09 MR10 MR12 MR06,11,27,27,1.00000000
3843,MR13 MR11 MR02 MR04 MR08 MR07 MR09 MR10 MR06 MR12 MR14,11,24,24,1.00000000
3844,MR12 MR10 MR02 MR08 MR11 MR07 MR14 MR04 MR09 MR06 MR13,11,25,25,1.00000000
3845,MR13 MR02 MR04 MR08 MR11 MR14 MR07 MR09 MR10 MR06 MR12,11,25,25,1.00000000
3846,MR13 MR02 MR04 MR07 MR08 MR11 MR14 MR09 MR10 MR12 MR06,11,24,24,1.00000000
3847,MR12 MR10 MR02 MR08 MR07 MR06 MR04 MR09 MR11 MR14 MR13,11,23,23,1.00000000
3848,MR13 MR02 MR04 MR08 MR11 MR06 MR07 MR09 MR10 MR12 MR14,11,24,24,1.00000000
3849,MR05 MR02 MR04 MR06 MR08 MR11 MR14 MR09 MR10 MR12 MR07,11,24,21,0.87500000
3850,MR13 MR11 MR02 MR04 MR08 MR14 MR12 MR07 MR09 MR10 MR06,11,25,25,1.00000000
3851,MR13 MR02 MR04 MR08 MR11 MR07 MR09 MR10 MR12 MR06 MR14,11,26,26,1.00000000
3852,MR12 MR02 MR04 MR08 MR11 MR13 MR14 MR07 MR09 MR10 MR06,11,25,25,1.00000000
3853,MR13 MR02 MR04 MR08 MR11 MR14 MR06 MR07 MR09 MR10 MR12,11,24,24,1.00000000
3854,MR13 MR02 MR04 MR08 MR07 MR11 MR09 MR10 MR06 MR12 MR14,11,24,24,1.00000000
3855,MR07 MR10 MR02 MR08 MR14 MR11 MR04 MR09 MR13 MR06 MR12,11,23,23,1.00000000
3856,MR05 MR11 MR02 MR04 MR08 MR06 MR09 MR10 MR12 MR07 MR14,11,27,24,0.88888889
3857,MR12 MR10 MR02 MR08 MR07 MR06 MR14 MR04 MR09 MR11 MR13,11,22,22,1.00000000
3858,MR13 MR11 MR02 MR04 MR08 MR14 MR09 MR10 MR06 MR07 MR12,11,23,23,1.00000000
3859,MR06 MR04 MR02 MR08 MR13 MR14 MR11 MR12 MR09 MR10,10,22,19,0.86363636
3860,MR13 MR02 MR04 MR07 MR08 MR14 MR11 MR09 MR10 MR06 MR12,11,26,26,1.00000000
3861,MR05 MR11 MR02 MR04 MR08 MR14 MR06 MR12 MR09 MR10 MR07,11,29,26,0.89655172
3862,MR12 MR10 MR02 MR08 MR11 MR06 MR04 MR07 MR09 MR05 MR14,11,23,20,0.86956522
3863,MR13 MR11 MR02 MR04 MR08 MR14 MR06 MR09 MR10 MR12 MR07,11,23,23,1.00000000
3864,MR12 MR10 MR11 MR02 MR08 MR04 MR07 MR09 MR13 MR06 MR14,11,22,22,1.00000000
3865,MR13 MR02 MR04 MR07 MR08 MR11 MR09 MR10 MR14 MR06 MR12,11,34,34,1.00000000
3866,MR08 MR10 MR11 MR02 MR12 MR13 MR04 MR09 MR06 MR07 MR14,11,24,24,1.00000000
3867,MR12 MR06 MR02 MR04 MR08 MR14 MR11 MR09 MR10 MR13,10,29,26,0.89655172
3868,MR12 MR10 MR02 MR08 MR07 MR11 MR14 MR04 MR09 MR05 MR06,11,25,22,0.88000000
3869,MR13 MR02 MR04 MR06 MR08 MR07 MR09 MR10 MR11 MR12 MR14,11,23,23,1.00000000
3870,MR13 MR02 MR04 MR08 MR11 MR07 MR14 MR06 MR09 MR10 MR12,11,27,27,1.00000000
3871,MR13 MR02 MR04 MR08 MR06 MR11 MR09 MR10 MR07 MR12 MR14,11,24,24,1.00000000
3872,MR13 MR11 MR02 MR04 MR08 MR07 MR12 MR09 MR10 MR06 MR14,11,25,25,1.00000000
3873,MR13 MR02 MR04 MR08 MR07 MR11 MR06 MR09 MR10 MR12 MR14,11,26,26,1.00000000
3874,MR13 MR02 MR04 MR08 MR11 MR06 MR14 MR09 MR10 MR12 MR07,11,21,21,1.00000000
3875,MR13 MR02 MR04 MR08 MR06 MR11 MR07 MR09 MR10 MR12 MR14,11,26,26,1.00000000
3876,MR13 MR11 MR02 MR04 MR08 MR07 MR09 MR10 MR12 MR06 MR14,11,30,30,1.00000000
3877,MR13 MR11 MR02 MR04 MR08 MR06 MR09 MR10 MR12 MR07 MR14,11,22,22,1.00000000
3878,MR13 MR11 MR02 MR04 MR08 MR07 MR09 MR10 MR12 MR14 MR06,11,23,23,1.00000000
3879,MR13 MR11 MR02 MR04 MR08 MR07 MR09 MR10 MR14 MR06 MR12,11,28,28,1.00000000
3880,MR13 MR11 MR02 MR04 MR08 MR14 MR09 MR10 MR06 MR07,10,25,22,0.88000000
3881,MR13 MR11 MR02 MR04 MR08 MR12 MR06 MR09 MR10 MR14 MR07,11,27,27,1.00000000
3882,MR13 MR02 MR04 MR07 MR08 MR11 MR09 MR10 MR14 MR06 MR12,11,27,27,1.00000000
3883,MR13 MR11 MR14 MR02 MR04 MR08 MR06 MR09 MR10 MR07 MR12,11,25,25,1.00000000
3884,MR13 MR11 MR02 MR04 MR08 MR14 MR09 MR10 MR07 MR12 MR06,11,25,25,1.00000000
3885,MR13 MR02 MR04 MR08 MR11 MR07 MR12 MR06 MR09 MR10 MR14,11,26,26,1.00000000
3886,MR13 MR11 MR02 MR04 MR08 MR09 MR10 MR14 MR06 MR07 MR12,11,26,26,1.00000000
3887,MR13 MR11 MR02 MR04 MR08 MR14 MR06 MR09 MR10 MR07 MR12,11,32,32,1.00000000
3888,MR13 MR11 MR02 MR04 MR08 MR12 MR07 MR09 MR10 MR06 MR14,11,21,21,1.00000000
3889,MR13 MR02 MR04 MR08 MR06 MR07 MR11 MR12 MR09 MR10,10,24,21,0.87500000
3890,MR13 MR11 MR02 MR04 MR08 MR06 MR09 MR10 MR14 MR07 MR12,11,24,24,1.00000000
3891,MR12 MR10 MR02 MR08 MR11 MR07 MR13 MR04 MR09 MR06 MR14,11,27,27,1.00000000
3892,MR13 MR11 MR02 MR04 MR08 MR12 MR06 MR09 MR10 MR07 MR14,11,27,27,1.00000000
3893,MR13 MR02 MR04 MR08 MR11 MR06 MR14 MR07 MR09 MR10 MR12,11,21,21,1.00000000
3894,MR13 MR02 MR04 MR08 MR07 MR11 MR12 MR06 MR09 MR10 MR14,11,26,26,1.00000000
3895,MR13 MR11 MR02 MR04 MR08 MR07 MR14 MR09 MR10 MR12 MR06,11,19,19,1.00000000
3896,MR13 MR02 MR04 MR07 MR08 MR11 MR14 MR09 MR10 MR12 MR06,11,22,22,1.00000000
3897,MR13 MR02 MR04 MR08 MR06 MR07 MR11 MR09 MR10 MR12 MR14,11,28,28,1.00000000
3898,MR14 MR10 MR02 MR08 MR06 MR11 MR04 MR09 MR13 MR07 MR12,11,21,21,1.00000000
3899,MR13 MR02 MR04 MR08 MR11 MR06 MR12 MR09 MR10 MR07 MR14,11,26,26,1.00000000
3900,MR13 MR11 MR02 MR04 MR08 MR06 MR09 MR10 MR07 MR14,10,25,22,0.88000000
3901,MR08 MR11 MR04 MR02 MR14 MR12 MR13 MR07 MR09 MR10 MR06,11,24,24,1.00000000
3902,MR08 MR10 MR02 MR07 MR11 MR14 MR04 MR09 MR12 MR06 MR13,11,21,21,1.00000000
3903,MR13 MR11 MR02 MR04 MR08 MR09 MR10 MR12 MR14 MR06 MR07,11,20,20,1.00000000
3904,MR13 MR02 MR04 MR08 MR11 MR06 MR09 MR10 MR07 MR12 MR14,11,27,27,1.00000000
3905,MR13 MR02 MR04 MR08 MR11 MR07 MR06 MR09 MR10 MR14 MR12,11,22,22,1.00000000
3906,MR12 MR10 MR02 MR08 MR11 MR06 MR14 MR04 MR09 MR13 MR07,11,27,27,1.00000000
3907,MR13 MR11 MR02 MR04 MR08 MR06 MR09 MR10 MR12 MR14 MR07,11,23,23,1.00000000
3908,MR13 MR02 MR04 MR06 MR08 MR14 MR07 MR09 MR10 MR11 MR12,11,27,27,1.00000000
3909,MR13 MR11 MR02 MR04 MR08 MR14 MR07 MR09 MR10 MR12 MR06,11,24,24,1.00000000
3910,MR13 MR02 MR04 MR06 MR08 MR11 MR09 MR10 MR14 MR07 MR12,11,27,27,1.00000000
3911,MR12 MR10 MR02 MR08 MR07 MR11 MR04 MR09 MR14 MR06 MR13,11,25,25,1.00000000
3912,MR08 MR10 MR02 MR14 MR06 MR11 MR04 MR07 MR09 MR13 MR12,11,22,22,1.00000000
3913,MR13 MR02 MR04 MR08 MR11 MR06 MR09 MR10 MR14 MR07 MR12,11,24,24,1.00000000
3914,MR13 MR06 MR02 MR04 MR08 MR11 MR09 MR10 MR14 MR12 MR07,11,28,28,1.00000000
3915,MR13 MR02 MR04 MR08 MR11 MR06 MR14 MR07 MR09 MR10,10,23,20,0.86956522
3916,MR12 MR10 MR02 MR08 MR11 MR04 MR06 MR07 MR09 MR13 MR14,11,30,30,1.00000000
3917,MR13 MR02 MR04 MR06 MR08 MR11 MR09 MR10 MR07 MR12 MR14,11,23,23,1.00000000
3918,MR13 MR02 MR04 MR08 MR06 MR07 MR11 MR09 MR10 MR12 MR14,11,22,22,1.00000000
3919,MR12 MR11 MR02 MR04 MR08 MR14 MR09 MR10 MR13 MR07 MR06,11,25,25,1.00000000
3920,MR13 MR11 MR02 MR04 MR08 MR12 MR14 MR06 MR09 MR10 MR07,11,24,24,1.00000000
3921,MR13 MR02 MR04 MR08 MR11 MR06 MR12 MR07 MR09 MR10 MR14,11,24,24,1.00000000
3922,MR13 MR11 MR02 MR04 MR08 MR12 MR06 MR09 MR10 MR07,10,22,19,0.86363636
3923,MR13 MR02 MR04 MR06 MR08 MR12 MR14 MR07 MR09 MR10 MR11,11,19,19,1.00000000
3924,MR13 MR11 MR02 MR04 MR08 MR09 MR10 MR06 MR07 MR14,10,25,22,0.88000000
3925,MR13 MR02 MR04 MR08 MR06 MR07 MR11 MR09 MR10 MR12,10,27,24,0.88888889
3926,MR12 MR10 MR11 MR02 MR08 MR06 MR04 MR09 MR13 MR14 MR07,11,21,21,1.00000000
3927,MR12 MR02 MR04 MR08 MR11 MR06 MR14 MR09 MR10 MR13 MR07,11,24,24,1.00000000
3928,MR13 MR11 MR02 MR04 MR08 MR07 MR09 MR10 MR14 MR12 MR06,11,23,23,1.00000000
3929,MR05 MR11 MR02 MR04 MR08 MR06 MR09 MR10 MR12 MR14,10,25,19,0.76000000
3930,MR13 MR02 MR04 MR08 MR11 MR06 MR09 MR10 MR07 MR12 MR14,11,23,23,1.00000000
3931,MR13 MR11 MR02 MR04 MR08 MR14 MR06 MR09 MR10 MR12 MR07,11,25,25,1.00000000
3932,MR14 MR10 MR02 MR08 MR07 MR11 MR04 MR09 MR06 MR12 MR13,11,27,27,1.00000000
3933,MR13 MR11 MR02 MR04 MR08 MR06 MR09 MR10 MR07 MR12,10,24,21,0.87500000
3934,MR13 MR02 MR04 MR08 MR06 MR07 MR09 MR10 MR11 MR12 MR14,11,24,24,1.00000000
3935,MR13 MR11 MR02 MR04 MR08 MR07 MR12 MR09 MR10 MR06 MR14,11,29,29,1.00000000
3936,MR13 MR02 MR04 MR07 MR08 MR11 MR09 MR10 MR14 MR06,10,25,22,0.88000000
3937,MR12 MR11 MR10 MR02 MR08 MR04 MR06 MR09 MR14 MR05 MR07,11,25,22,0.88000000
3938,MR12 MR10 MR02 MR08 MR07 MR11 MR04 MR09 MR06 MR13 MR14,11,22,22,1.00000000
3939,MR13 MR11 MR02 MR04 MR08 MR06 MR09 MR10 MR14 MR07 MR12,11,23,23,1.00000000
3940,MR13 MR02 MR04 MR08 MR06 MR07 MR09 MR10 MR11 MR14 MR12,11,22,22,1.00000000
3941,MR13 MR02 MR04 MR08 MR06 MR14 MR11 MR07 MR09 MR10 MR12,11,22,22,1.00000000
3942,MR13 MR11 MR02 MR04 MR08 MR07 MR09 MR10 MR14 MR06 MR12,11,26,26,1.00000000
3943,MR13 MR11 MR02 MR04 MR08 MR14 MR06 MR09 MR10 MR12,10,31,28,0.90322581
3944,MR12 MR10 MR11 MR02 MR08 MR04 MR07 MR09 MR06 MR13,10,25,22,0.88000000
3945,MR08 MR10 MR02 MR07 MR11 MR12 MR04 MR09 MR13 MR14 MR06,11,22,22,1.00000000
3946,MR13 MR02 MR04 MR08 MR11 MR14 MR06 MR07 MR09 MR10 MR12,11,26,26,1.00000000
3947,MR13 MR02 MR04 MR08 MR07 MR11 MR09 MR10 MR14 MR06 MR12,11,22,22,1.00000000
3948,MR13 MR11 MR02 MR04 MR08 MR12 MR06 MR14 MR09 MR10 MR07,11,21,21,1.00000000
3949,MR12 MR10 MR11 MR02 MR08 MR13 MR04 MR06 MR09 MR07,10,26,23,0.88461538
3950,MR13 MR02 MR04 MR08 MR07 MR11 MR12 MR09 MR10 MR06 MR14,11,22,22,1.00000000
3951,MR13 MR02 MR04 MR08 MR11 MR07 MR09 MR10 MR12 MR06 MR14,11,23,23,1.00000000
3952,MR13 MR02 MR04 MR08 MR06 MR11 MR07 MR09 MR10 MR14 MR12,11,23,23,1.00000000
3953,MR13 MR02 MR04 MR08 MR06 MR07 MR11 MR09 MR10 MR12 MR14,11,27,27,1.00000000
3954,MR12 MR10 MR11 MR02 MR08 MR13 MR04 MR06 MR09 MR07 MR14,11,19,19,1.00000000
3955,MR13 MR02 MR04 MR06 MR08 MR07 MR09 MR10 MR11 MR12 MR14,11,18,18,1.00000000
3956,MR12 MR10 MR02 MR08 MR11 MR06 MR14 MR04 MR07 MR09 MR13,11,26,26,1.00000000
3957,MR13 MR11 MR02 MR04 MR08 MR07 MR09 MR10 MR14 MR06 MR12,11,27,27,1.00000000
3958,MR13 MR11 MR02 MR04 MR08 MR14 MR09 MR10 MR06 MR07 MR12,11,17,17,1.00000000
3959,MR08 MR10 MR02 MR07 MR11 MR12 MR04 MR09 MR13 MR14 MR06,11,22,22,1.00000000
3960,MR12 MR10 MR11 MR02 MR08 MR14 MR06 MR13 MR04 MR09 MR07,11,24,24,1.00000000
3961,MR13 MR11 MR02 MR04 MR08 MR14 MR07 MR09 MR10 MR06 MR12,11,21,21,1.00000000
3962,MR12 MR11 MR02 MR04 MR08 MR13 MR09 MR10 MR07 MR14,10,24,21,0.87500000
3963,MR13 MR02 MR04 MR08 MR07 MR06 MR14 MR09 MR10 MR11 MR12,11,26,26,1.00000000
3964,MR13 MR02 MR04 MR08 MR06 MR11 MR14 MR09 MR10 MR07 MR12,11,27,27,1.00000000
3965,MR06 MR10 MR02 MR08 MR14 MR07 MR12 MR04 MR09 MR11 MR13,11,21,21,1.00000000
3966,MR13 MR11 MR02 MR04 MR08 MR14 MR09 MR10 MR06 MR07 MR12,11,22,22,1.00000000
3967,MR14 MR04 MR02 MR08 MR11 MR07 MR13 MR09 MR10 MR06 MR12,11,26,26,1.00000000
3968,MR13 MR02 MR04 MR08 MR11 MR07 MR09 MR10 MR14 MR06 MR12,11,23,23,1.00000000
3969,MR07 MR10 MR02 MR08 MR12 MR04 MR09 MR13 MR14 MR06 MR11,11,19,19,1.00000000
3970,MR13 MR11 MR02 MR04 MR08 MR07 MR14 MR09 MR10 MR06,10,27,24,0.88888889
3971,MR13 MR11 MR02 MR04 MR08 MR06 MR09 MR10 MR12 MR14 MR07,11,27,27,1.00000000
3972,MR13 MR02 MR04 MR08 MR11 MR06 MR09 MR10 MR07 MR14 MR12,11,27,27,1.00000000
3973,MR13 MR02 MR04 MR08 MR06 MR07 MR11 MR09 MR10 MR12 MR14,11,23,23,1.00000000
3974,MR13 MR11 MR02 MR04 MR08 MR14 MR09 MR10 MR06 MR12 MR07,11,24,24,1.00000000
3975,MR12 MR10 MR02 MR08 MR14 MR07 MR11 MR04 MR09 MR06 MR13,11,26,26,1.00000000
3976,MR12 MR10 MR02 MR08 MR11 MR06 MR13 MR04 MR07 MR09,10,29,26,0.89655172
3977,MR13 MR02 MR04 MR08 MR11 MR06 MR14 MR09 MR10 MR12 MR07,11,24,24,1.00000000
3978,MR13 MR02 MR04 MR08 MR11 MR14 MR06 MR07 MR09 MR10 MR12,11,26,26,1.00000000
3979,MR13 MR02 MR04 MR08 MR07 MR06 MR09 MR10 MR11 MR12 MR14,11,27,27,1.00000000
3980,MR13 MR11 MR02 MR04 MR08 MR14 MR09 MR10 MR12 MR06 MR07,11,22,22,1.00000000
3981,MR12 MR02 MR04 MR08 MR11 MR06 MR07 MR09 MR10 MR13 MR14,11,22,22,1.00000000
3982,MR13 MR11 MR02 MR04 MR08 MR09 MR10 MR12 MR06 MR07 MR14,11,26,26,1.00000000
3983,MR13 MR11 MR02 MR04 MR08 MR06 MR09 MR10 MR14 MR07 MR12,11,28,28,1.00000000
3984,MR12 MR11 MR10 MR02 MR08 MR04 MR09 MR06 MR13 MR07 MR14,11,24,24,1.00000000
3985,MR12 MR10 MR02 MR08 MR06 MR07 MR04 MR09 MR11 MR13 MR14,11,21,21,1.00000000
3986,MR08 MR04 MR11 MR02 MR12 MR13 MR07 MR09 MR10 MR06 MR14,11,26,26,1.00000000
3987,MR12 MR11 MR02 MR04 MR08 MR06 MR09 MR10 MR14 MR13,10,28,25,0.89285714
3988,MR13 MR02 MR04 MR08 MR11 MR14 MR12 MR06 MR07 MR09 MR10,11,20,20,1.00000000
3989,MR08 MR04 MR02 MR11 MR14 MR06 MR09 MR10 MR12 MR07 MR13,11,22,22,1.00000000
3990,MR12 MR10 MR02 MR07 MR08 MR11 MR04 MR09 MR14 MR05 MR06,11,19,16,0.84210526
3991,MR13 MR11 MR02 MR04 MR08 MR12 MR06 MR09 MR10 MR14 MR07,11,23,23,1.00000000
3992,MR13 MR02 MR04 MR08 MR07 MR11 MR14 MR06 MR09 MR10 MR12,11,25,25,1.00000000
3993,MR13 MR11 MR02 MR04 MR08 MR07 MR09 MR10 MR14 MR06 MR12,11,21,21,1.00000000
3994,MR13 MR06 MR02 MR04 MR08 MR12 MR07 MR09 MR10 MR11,10,24,21,0.87500000
3995,MR12 MR10 MR02 MR08 MR11 MR06 MR04 MR07 MR09 MR13 MR14,11,22,22,1.00000000
3996,MR12 MR10 MR11 MR02 MR08 MR14 MR04 MR06 MR09 MR13 MR07,11,22,22,1.00000000
3997,MR13 MR02 MR04 MR08 MR11 MR07 MR14 MR09 MR10 MR12 MR06,11,25,25,1.00000000
3998,MR13 MR02 MR04 MR08 MR11 MR06 MR12 MR09 MR10 MR07 MR14,11,25,25,1.00000000
3999,MR08 MR10 MR11 MR02 MR12 MR04 MR07 MR09 MR14 MR06 MR13,11,21,21,1.00000000
4000,MR13 MR11 MR02 MR04 MR08 MR06 MR09 MR10 MR12 MR14,10,23,20,0.86956522
4001,MR13 MR11 MR02 MR04 MR08 MR07 MR09 MR10 MR14 MR06 MR12,11,24,24,1.00000000
4002,MR13 MR11 MR02 MR04 MR08 MR12 MR06 MR09 MR10 MR07 MR14,11,25,25,1.00000000
4003,MR13 MR11 MR02 MR04 MR08 MR07 MR09 MR10 MR06 MR12 MR14,11,24,24,1.00000000
4004,MR13 MR02 MR04 MR08 MR07 MR06 MR12 MR09 MR10 MR11 MR14,11,26,26,1.00000000
4005,MR08 MR10 MR11 MR02 MR06 MR12 MR04 MR09 MR14 MR13 MR07,11,23,23,1.00000000
4006,MR13 MR02 MR04 MR08 MR06 MR11 MR14 MR09 MR10 MR07,10,27,24,0.88888889
4007,MR12 MR10 MR02 MR08 MR11 MR07 MR04 MR06 MR09 MR13 MR14,11,24,24,1.00000000
4008,MR13 MR02 MR04 MR08 MR11 MR06 MR07 MR09 MR10 MR14 MR12,11,23,23,1.00000000
4009,MR13 MR11 MR02 MR04 MR08 MR14 MR09 MR10 MR06 MR07 MR12,11,23,23,1.00000000
4010,MR13 MR02 MR04 MR06 MR08 MR07 MR09 MR10 MR11 MR12 MR14,11,23,23,1.00000000
4011,MR13 MR02 MR04 MR08 MR11 MR07 MR12 MR09 MR10 MR06 MR14,11,21,21,1.00000000
4012,MR13 MR02 MR04 MR08 MR14 MR07 MR11 MR09 MR10 MR06 MR12,11,24,24,1.00000000
4013,MR12 MR10 MR02 MR08 MR07 MR11 MR13 MR04 MR09 MR06 MR14,11,26,26,1.00000000
4014,MR06 MR10 MR02 MR08 MR07 MR12 MR14 MR04 MR09 MR11 MR13,11,30,30,1.00000000
4015,MR13 MR11 MR02 MR04 MR08 MR07 MR12 MR09 MR10 MR14 MR06,11,22,22,1.00000000
4016,MR13 MR11 MR02 MR04 MR08 MR14 MR06 MR09 MR10 MR07 MR12,11,24,24,1.00000000
4017,MR13 MR11 MR02 MR04 MR08 MR14 MR06 MR09 MR10 MR07 MR12,11,20,20,1.00000000
4018,MR13 MR02 MR04 MR08 MR11 MR06 MR07 MR09 MR10 MR12 MR14,11,19,19,1.00000000
4019,MR13 MR06 MR02 MR04 MR08 MR09 MR10 MR11 MR12 MR14 MR07,11,26,26,1.00000000
4020,MR12 MR02 MR04 MR08 MR11 MR07 MR09 MR10 MR13 MR14 MR06,11,26,26,1.00000000
4021,MR12 MR02 MR04 MR08 MR11 MR06 MR07 MR09 MR10 MR13 MR14,11,25,25,1.00000000
4022,MR13 MR11 MR02 MR04 MR08 MR06 MR09 MR10 MR07 MR12 MR14,11,27,27,1.00000000
4023,MR13 MR02 MR04 MR08 MR11 MR06 MR12 MR09 MR10 MR14 MR07,11,26,26,1.00000000
4024,MR12 MR11 MR10 MR02 MR08 MR14 MR04 MR09 MR06 MR13 MR07,11,22,22,1.00000000
4025,MR13 MR11 MR02 MR04 MR08 MR14 MR06 MR09 MR10 MR12 MR07,11,25,25,1.00000000
4026,MR13 MR11 MR02 MR04 MR08 MR14 MR06 MR09 MR10 MR07 MR12,11,22,22,1.00000000
4027,MR12 MR10 MR02 MR08 MR11 MR06 MR13 MR04 MR09 MR07 MR14,11,29,29,1.00000000
4028,MR13 MR02 MR04 MR08 MR11 MR06 MR14 MR09 MR10 MR12 MR07,11,23,23,1.00000000
4029,MR13 MR11 MR02 MR04 MR08 MR09 MR10 MR06 MR07 MR12 MR14,11,23,23,1.00000000
4030,MR13 MR11 MR02 MR04 MR08 MR07 MR09 MR10 MR06 MR14 MR12,11,23,23,1.00000000
4031,MR13 MR02 MR04 MR08 MR07 MR11 MR12 MR09 MR10 MR06,10,22,19,0.86363636
4032,MR05 MR02 MR04 MR08 MR06 MR07 MR11 MR09 MR10 MR14 MR12,11,25,22,0.88000000
4033,MR13 MR11 MR02 MR04 MR08 MR09 MR10 MR06 MR12 MR14 MR07,11,22,22,1.00000000
4034,MR13 MR11 MR02 MR04 MR08 MR06 MR09 MR10 MR14 MR12,10,28,25,0.89285714
4035,MR13 MR11 MR02 MR04 MR08 MR14 MR07 MR09 MR10 MR12 MR06,11,22,22,1.00000000
4036,MR13 MR11 MR02 MR04 MR08 MR07 MR09 MR10 MR12 MR06 MR14,11,23,23,1.00000000
4037,MR13 MR02 MR04 MR08 MR06 MR11 MR14 MR09 MR10 MR07 MR12,11,25,25,1.00000000
4038,MR13 MR02 MR04 MR08 MR11 MR06 MR07 MR09 MR10 MR12 MR14,11,24,24,1.00000000
4039,MR13 MR11 MR02 MR04 MR08 MR12 MR14 MR07 MR09 MR10 MR06,11,23,23,1.00000000
4040,MR05 MR02 MR04 MR08 MR11 MR06 MR07 MR09 MR10 MR12 MR14,11,21,18,0.85714286
4041,MR13 MR02 MR04 MR08 MR14 MR06 MR07 MR11 MR09 MR10 MR12,11,22,22,1.00000000
4042,MR13 MR02 MR04 MR08 MR11 MR07 MR14 MR06 MR09 MR10 MR12,11,21,21,1.00000000
4043,MR12 MR11 MR10 MR02 MR08 MR14 MR04 MR09 MR07 MR13 MR06,11,26,26,1.00000000
4044,MR13 MR02 MR04 MR08 MR07 MR11 MR12 MR09 MR10 MR14 MR06,11,25,25,1.00000000
4045,MR12 MR10 MR02 MR08 MR11 MR06 MR04 MR07 MR09 MR14 MR13,11,25,25,1.00000000
4046,MR13 MR02 MR04 MR08 MR11 MR06 MR12 MR14 MR09 MR10 MR07,11,21,21,1.00000000
4047,MR13 MR02 MR04 MR08 MR07 MR11 MR06 MR09 MR10 MR12 MR14,11,25,25,1.00000000
4048,MR13 MR02 MR04 MR08 MR11 MR14 MR06 MR07 MR09 MR10,10,26,23,0.88461538
4049,MR13 MR11 MR02 MR04 MR08 MR09 MR10 MR07 MR14 MR06 MR12,11,27,27,1.00000000
4050,MR13 MR02 MR04 MR08 MR06 MR11 MR09 MR10 MR12 MR07 MR14,11,20,20,1.00000000
4051,MR13 MR11 MR02 MR04 MR08 MR12 MR06 MR09 MR10 MR07 MR14,11,25,25,1.00000000
4052,MR12 MR10 MR11 MR02 MR08 MR14 MR04 MR07 MR09 MR13 MR06,11,23,23,1.00000000
4053,MR13 MR11 MR02 MR04 MR08 MR14 MR09 MR10 MR12 MR07 MR06,11,23,23,1.00000000
4054,MR08 MR04 MR02 MR11 MR14 MR06 MR13 MR09 MR10 MR12 MR07,11,23,23,1.00000000
4055,MR13 MR02 MR04 MR08 MR06 MR11 MR09 MR10 MR12 MR07 MR14,11,20,20,1.00000000
4056,MR13 MR11 MR02 MR04 MR08 MR14 MR07 MR09 MR10 MR12 MR06,11,20,20,1.00000000
4057,MR14 MR10 MR11 MR02 MR08 MR06 MR04 MR09 MR05 MR12,10,27,21,0.77777778
4058,MR13 MR11 MR14 MR02 MR04 MR08 MR07 MR09 MR10 MR06,10,24,21,0.87500000
4059,MR13 MR02 MR04 MR08 MR11 MR07 MR09 MR10 MR14 MR12 MR06,11,26,26,1.00000000
4060,MR13 MR02 MR04 MR08 MR11 MR06 MR07 MR09 MR10 MR14 MR12,11,21,21,1.00000000
4061,MR13 MR02 MR04 MR08 MR06 MR12 MR11 MR07 MR09 MR10 MR14,11,22,22,1.00000000
4062,MR13 MR11 MR02 MR04 MR08 MR09 MR10 MR06 MR14 MR12,10,29,26,0.89655172
4063,MR13 MR11 MR02 MR04 MR08 MR06 MR09 MR10 MR14 MR12 MR07,11,25,25,1.00000000
4064,MR13 MR02 MR04 MR08 MR14 MR11 MR07 MR06 MR09 MR10,10,22,19,0.86363636
4065,MR13 MR11 MR02 MR04 MR08 MR09 MR10 MR06 MR07 MR12 MR14,11,23,23,1.00000000
4066,MR12 MR02 MR04 MR08 MR06 MR11 MR09 MR10 MR14 MR07 MR05,11,26,23,0.88461538
4067,MR13 MR11 MR02 MR04 MR08 MR14 MR06 MR09 MR10 MR12 MR07,11,23,23,1.00000000
4068,MR12 MR10 MR11 MR02 MR08 MR07 MR04 MR09 MR13 MR06 MR14,11,23,23,1.00000000
4069,MR12 MR02 MR04 MR07 MR08 MR11 MR09 MR10 MR06 MR13 MR14,11,25,25,1.00000000
4070,MR08 MR10 MR11 MR02 MR12 MR14 MR04 MR06 MR09 MR13 MR07,11,20,20,1.00000000
4071,MR13 MR11 MR02 MR04 MR08 MR14 MR06 MR09 MR10 MR07 MR12,11,28,28,1.00000000
4072,MR08 MR11 MR02 MR04 MR12 MR13 MR14 MR06 MR09 MR10 MR07,11,29,29,1.00000000
4073,MR13 MR11 MR02 MR04 MR08 MR14 MR07 MR09 MR10 MR12 MR06,11,26,26,1.00000000
4074,MR13 MR02 MR04 MR07 MR08 MR11 MR09 MR10 MR14 MR12 MR06,11,25,25,1.00000000
4075,MR13 MR02 MR04 MR08 MR11 MR06 MR07 MR09 MR10 MR12 MR14,11,25,25,1.00000000
4076,MR13 MR02 MR04 MR08 MR11 MR14 MR06 MR07 MR09 MR10 MR12,11,24,24,1.00000000
4077,MR13 MR11 MR02 MR04 MR08 MR12 MR06 MR09 MR10 MR14,10,21,18,0.85714286
4078,MR13 MR02 MR04 MR08 MR14 MR11 MR07 MR06 MR09 MR10 MR12,11,23,23,1.00000000
4079,MR13 MR02 MR04 MR08 MR06 MR07 MR14 MR09 MR10 MR11 MR12,11,30,30,1.00000000
4080,MR13 MR02 MR04 MR08 MR11 MR06 MR07 MR09 MR10 MR12 MR14,11,20,20,1.00000000
4081,MR13 MR02 MR04 MR08 MR11 MR06 MR07 MR09 MR10 MR12 MR14,11,23,23,1.00000000
4082,MR13 MR02 MR04 MR08 MR11 MR06 MR07 MR09 MR10 MR12 MR14,11,29,29,1.00000000
4083,MR07 MR10 MR02 MR08 MR11 MR04 MR09 MR12 MR13 MR14 MR06,11,22,22,1.00000000
4084,MR13 MR02 MR04 MR08 MR11 MR14 MR06 MR07 MR09 MR10 MR12,11,22,22,1.00000000
4085,MR13 MR02 MR04 MR08 MR11 MR06 MR09 MR10 MR07 MR14,10,29,26,0.89655172
4086,MR13 MR02 MR04 MR08 MR06 MR11 MR09 MR10 MR14 MR07 MR12,11,22,22,1.00000000
4087,MR13 MR02 MR04 MR06 MR08 MR11 MR09 MR10 MR12 MR07 MR14,11,24,24,1.00000000
4088,MR13 MR02 MR04 MR08 MR06 MR11 MR07 MR09 MR10 MR12 MR14,11,22,22,1.00000000
4089,MR12 MR02 MR04 MR08 MR07 MR14 MR11 MR06 MR09 MR10 MR05,11,23,20,0.86956522
4090,MR13 MR02 MR04 MR08 MR11 MR06 MR12 MR09 MR10 MR07,10,27,24,0.88888889
4091,MR13 MR11 MR02 MR04 MR08 MR07 MR09 MR10 MR14 MR06 MR12,11,24,24,1.00000000
4092,MR12 MR10 MR11 MR02 MR08 MR07 MR14 MR04 MR09 MR13 MR06,11,28,28,1.00000000
4093,MR13 MR02 MR04 MR08 MR11 MR12 MR06 MR07 MR09 MR10 MR14,11,25,25,1.00000000
4094,MR12 MR07 MR10 MR02 MR08 MR13 MR04 MR09 MR11 MR14,10,23,20,0.86956522
4095,MR13 MR02 MR04 MR08 MR11 MR12 MR06 MR07 MR09 MR10,10,24,21,0.87500000
4096,MR13 MR11 MR02 MR04 MR08 MR06 MR09 MR10 MR07 MR14,10,24,21,0.87500000
4097,MR13 MR11 MR02 MR04 MR08 MR14 MR06 MR09 MR10 MR12 MR07,11,27,27,1.00000000
4098,MR13 MR02 MR04 MR08 MR11 MR06 MR07 MR09 MR10 MR12 MR14,11,20,20,1.00000000
4099,MR12 MR10 MR02 MR08 MR07 MR11 MR14 MR04 MR06 MR09 MR13,11,19,19,1.00000000
4100,MR12 MR11 MR10 MR02 MR08 MR04 MR06 MR09 MR13 MR07 MR14,11,27,27,1.00000000
4101,MR13 MR02 MR04 MR08 MR11 MR07 MR09 MR10 MR12 MR06 MR14,11,21,21,1.00000000
4102,MR14 MR10 MR02 MR08 MR11 MR13 MR07 MR04 MR09 MR06 MR12,11,30,30,1.00000000
4103,MR13 MR02 MR04 MR06 MR08 MR12 MR07 MR09 MR10 MR11 MR14,11,20,20,1.00000000
4104,MR13 MR02 MR04 MR08 MR11 MR12 MR14 MR06 MR07 MR09 MR10,11,25,25,1.00000000
4105,MR13 MR07 MR02 MR04 MR08 MR06 MR09 MR10 MR12 MR11,10,27,24,0.88888889
4106,MR13 MR11 MR02 MR04 MR08 MR09 MR10 MR12 MR06 MR07 MR14,11,22,22,1.00000000
4107,MR13 MR02 MR04 MR08 MR11 MR07 MR12 MR09 MR10 MR14 MR06,11,22,22,1.00000000
4108,MR13 MR02 MR04 MR08 MR14 MR06 MR11 MR07 MR09 MR10 MR12,11,25,25,1.00000000
4109,MR06 MR10 MR02 MR08 MR12 MR14 MR04 MR07 MR09 MR11 MR13,11,24,24,1.00000000
4110,MR12 MR02 MR04 MR07 MR08 MR11 MR13 MR09 MR10 MR06 MR14,11,29,29,1.00000000
4111,MR13 MR11 MR02 MR04 MR08 MR09 MR10 MR12 MR06 MR14 MR07,11,20,20,1.00000000
4112,MR08 MR10 MR11 MR02 MR06 MR12 MR14 MR04 MR09 MR13 MR07,11,27,27,1.00000000
4113,MR13 MR11 MR02 MR04 MR08 MR06 MR14 MR09 MR10 MR07,10,21,18,0.85714286
4114,MR13 MR02 MR04 MR08 MR11 MR07 MR14 MR09 MR10 MR12 MR06,11,23,23,1.00000000
4115,MR12 MR10 MR02 MR08 MR11 MR07 MR14 MR04 MR09 MR13 MR06,11,23,23,1.00000000
4116,MR12 MR10 MR02 MR08 MR11 MR14 MR06 MR04 MR09 MR07 MR13,11,17,17,1.00000000
4117,MR13 MR02 MR04 MR08 MR11 MR06 MR12 MR07 MR09 MR10 MR14,11,25,25,1.00000000
4118,MR08 MR10 MR11 MR02 MR06 MR12 MR13 MR14 MR04 MR09 MR07,11,23,23,1.00000000
4119,MR13 MR11 MR02 MR04 MR08 MR14 MR07 MR09 MR10 MR06,10,29,26,0.89655172
4120,MR12 MR10 MR02 MR08 MR11 MR04 MR06 MR07 MR09 MR13 MR14,11,27,27,1.00000000
4121,MR13 MR11 MR02 MR04 MR08 MR06 MR09 MR10 MR12 MR14 MR07,11,23,23,1.00000000
4122,MR13 MR02 MR04 MR08 MR07 MR11 MR14 MR12 MR09 MR10 MR06,11,23,23,1.00000000
4123,MR08 MR10 MR11 MR02 MR14 MR04 MR09 MR12 MR13 MR07 MR06,11,18,18,1.00000000
4124,MR13 MR02 MR04 MR08 MR11 MR06 MR14 MR07 MR09 MR10 MR12,11,25,25,1.00000000
4125,MR13 MR06 MR02 MR04 MR08 MR11 MR09 MR10 MR14 MR07 MR12,11,24,24,1.00000000
4126,MR13 MR11 MR02 MR04 MR08 MR14 MR06 MR09 MR10 MR07 MR12,11,26,26,1.00000000
4127,MR13 MR11 MR02 MR04 MR08 MR14 MR06 MR09 MR10 MR07 MR12,11,24,24,1.00000000
4128,MR13 MR02 MR04 MR08 MR06 MR12 MR11 MR14 MR07 MR09 MR10,11,28,28,1.00000000
4129,MR13 MR11 MR02 MR04 MR08 MR12 MR07 MR09 MR10 MR06 MR14,11,24,24,1.00000000
4130,MR13 MR02 MR04 MR08 MR11 MR06 MR09 MR10 MR14 MR07 MR12,11,18,18,1.00000000
4131,MR13 MR11 MR02 MR04 MR08 MR12 MR09 MR10 MR06 MR07 MR14,11,28,28,1.00000000
4132,MR13 MR02 MR04 MR08 MR11 MR06 MR14 MR07 MR09 MR10 MR12,11,24,24,1.00000000
4133,MR12 MR02 MR04 MR08 MR11 MR06 MR07 MR09 MR10 MR13 MR14,11,21,21,1.00000000
4134,MR13 MR11 MR02 MR04 MR08 MR07 MR09 MR10 MR12 MR14 MR06,11,25,25,1.00000000
4135,MR13 MR02 MR04 MR08 MR06 MR11 MR07 MR09 MR10 MR14 MR12,11,20,20,1.00000000
4136,MR13 MR02 MR04 MR08 MR06 MR07 MR14 MR09 MR10 MR11 MR12,11,23,23,1.00000000
4137,MR13 MR02 MR04 MR08 MR11 MR06 MR09 MR10 MR12 MR14 MR07,11,29,29,1.00000000
4138,MR13 MR11 MR02 MR04 MR08 MR06 MR09 MR10 MR07 MR14,10,26,23,0.88461538
4139,MR13 MR11 MR02 MR04 MR08 MR14 MR07 MR09 MR10 MR06 MR12,11,23,23,1.00000000
4140,MR13 MR11 MR02 MR04 MR08 MR07 MR09 MR10 MR12 MR14 MR06,11,21,21,1.00000000
4141,MR13 MR11 MR02 MR04 MR08 MR14 MR06 MR09 MR10 MR07 MR12,11,25,25,1.00000000
4142,MR13 MR02 MR04 MR08 MR06 MR07 MR11 MR14 MR09 MR10 MR12,11,25,25,1.00000000
4143,MR13 MR11 MR02 MR04 MR08 MR07 MR12 MR09 MR10 MR14,10,29,26,0.89655172
4144,MR12 MR11 MR02 MR04 MR08 MR06 MR09 MR10 MR13 MR14 MR07,11,24,24,1.00000000
4145,MR13 MR02 MR04 MR08 MR11 MR14 MR06 MR09 MR10 MR07 MR12,11,22,22,1.00000000
4146,MR08 MR10 MR02 MR06 MR11 MR13 MR14 MR04 MR09 MR12 MR07,11,25,25,1.00000000
4147,MR13 MR11 MR02 MR04 MR08 MR14 MR06 MR09 MR10 MR12 MR07,11,22,22,1.00000000
4148,MR13 MR11 MR02 MR04 MR08 MR06 MR09 MR10 MR12 MR14 MR07,11,25,25,1.00000000
4149,MR13 MR02 MR04 MR08 MR06 MR11 MR07 MR09 MR10 MR12 MR14,11,28,28,1.00000000
4150,MR12 MR10 MR11 MR02 MR08 MR04 MR09 MR06 MR07 MR14 MR05,11,26,23,0.88461538
4151,MR13 MR02 MR04 MR08 MR11 MR06 MR12 MR09 MR10 MR07 MR14,11,30,30,1.00000000
4152,MR13 MR02 MR04 MR08 MR12 MR11 MR07 MR06 MR09 MR10 MR14,11,22,22,1.00000000
4153,MR08 MR10 MR02 MR06 MR07 MR11 MR04 MR09 MR12 MR13 MR14,11,20,20,1.00000000
4154,MR13 MR02 MR04 MR06 MR08 MR07 MR09 MR10 MR11 MR14 MR12,11,25,25,1.00000000
4155,MR13 MR02 MR04 MR08 MR11 MR07 MR09 MR10 MR12 MR14 MR06,11,27,27,1.00000000
4156,MR13 MR02 MR04 MR08 MR11 MR14 MR06 MR07 MR09 MR10 MR12,11,22,22,1.00000000
4157,MR12 MR11 MR02 MR04 MR08 MR13 MR06 MR09 MR10 MR14 MR07,11,26,26,1.00000000
4158,MR13 MR11 MR02 MR04 MR08 MR14 MR07 MR09 MR10 MR12 MR06,11,22,22,1.00000000
4159,MR13 MR02 MR04 MR08 MR07 MR11 MR09 MR10 MR06 MR14 MR12,11,22,22,1.00000000
4160,MR12 MR11 MR10 MR02 MR08 MR14 MR04 MR07 MR09 MR13 MR06,11,24,24,1.00000000
4161,MR13 MR02 MR04 MR08 MR06 MR11 MR09 MR10 MR07 MR12 MR14,11,21,21,1.00000000
4162,MR13 MR02 MR04 MR08 MR06 MR11 MR09 MR10 MR14 MR07 MR12,11,24,24,1.00000000
4163,MR12 MR02 MR04 MR07 MR08 MR14 MR11 MR13 MR09 MR10 MR06,11,26,26,1.00000000
4164,MR13 MR02 MR04 MR08 MR11 MR14 MR06 MR07 MR09 MR10 MR12,11,24,24,1.00000000
4165,MR13 MR11 MR02 MR04 MR08 MR14 MR07 MR09 MR10 MR12 MR06,11,24,24,1.00000000
4166,MR13 MR02 MR04 MR08 MR11 MR07 MR12 MR09 MR10 MR06,10,22,19,0.86363636
4167,MR13 MR11 MR02 MR04 MR08 MR09 MR10 MR12 MR14 MR06 MR07,11,22,22,1.00000000
4168,MR13 MR02 MR04 MR08 MR07 MR11 MR14 MR09 MR10 MR12 MR06,11,25,25,1.00000000
4169,MR13 MR02 MR04 MR08 MR11 MR06 MR09 MR10 MR14 MR07 MR12,11,25,25,1.00000000
4170,MR13 MR02 MR04 MR08 MR11 MR12 MR06 MR07 MR09 MR10,10,28,25,0.89285714
4171,MR08 MR10 MR11 MR02 MR12 MR14 MR04 MR07 MR09 MR06,10,23,19,0.82608696
4172,MR13 MR02 MR04 MR08 MR11 MR06 MR07 MR09 MR10 MR12 MR14,11,22,22,1.00000000
4173,MR13 MR11 MR14 MR02 MR04 MR08 MR06 MR09 MR10 MR07 MR12,11,23,23,1.00000000
4174,MR13 MR11 MR02 MR04 MR08 MR12 MR09 MR10 MR06 MR14 MR07,11,27,27,1.00000000
4175,MR13 MR11 MR02 MR04 MR08 MR07 MR09 MR10 MR14 MR06 MR12,11,24,24,1.00000000
4176,MR13 MR11 MR02 MR04 MR08 MR12 MR07 MR09 MR10 MR06 MR14,11,25,25,1.00000000
4177,MR13 MR02 MR04 MR08 MR06 MR07 MR11 MR12 MR09 MR10,10,24,21,0.87500000
4178,MR12 MR02 MR04 MR08 MR11 MR06 MR07 MR09 MR10 MR14 MR13,11,24,24,1.00000000
4179,MR13 MR11 MR02 MR04 MR08 MR12 MR07 MR09 MR10 MR06 MR14,11,28,28,1.00000000
4180,MR13 MR02 MR04 MR08 MR07 MR11 MR09 MR10 MR06 MR12 MR14,11,25,25,1.00000000
4181,MR13 MR02 MR04 MR08 MR06 MR07 MR11 MR14 MR09 MR10 MR12,11,21,21,1.00000000
4182,MR12 MR02 MR04 MR08 MR14 MR11 MR06 MR07 MR09 MR10 MR13,11,26,26,1.00000000
4183,MR13 MR11 MR02 MR04 MR08 MR07 MR09 MR10 MR12 MR14 MR06,11,25,25,1.00000000
4184,MR13 MR02 MR04 MR08 MR11 MR12 MR06 MR07 MR09 MR10 MR14,11,26,26,1.00000000
4185,MR13 MR11 MR02 MR04 MR08 MR09 MR10 MR12 MR06 MR14 MR07,11,25,25,1.00000000
4186,MR13 MR02 MR04 MR08 MR07 MR11 MR09 MR10 MR12 MR06,10,26,23,0.88461538
4187,MR13 MR02 MR04 MR08 MR06 MR07 MR09 MR10 MR11 MR12,10,25,22,0.88000000
4188,MR13 MR02 MR04 MR08 MR06 MR07 MR11 MR09 MR10 MR14 MR12,11,25,25,1.00000000
4189,MR13 MR11 MR02 MR04 MR08 MR09 MR10 MR12 MR06 MR14 MR07,11,29,29,1.00000000
4190,MR13 MR02 MR04 MR07 MR08 MR11 MR14 MR09 MR10 MR12,10,24,21,0.87500000
4191,MR12 MR10 MR02 MR08 MR06 MR11 MR04 MR09 MR13 MR14 MR07,11,20,20,1.00000000
4192,MR13 MR02 MR04 MR07 MR08 MR14 MR11 MR09 MR10 MR12 MR06,11,21,21,1.00000000
4193,MR12 MR02 MR04 MR08 MR11 MR06 MR14 MR09 MR10 MR13 MR07,11,19,19,1.00000000
4194,MR12 MR02 MR04 MR08 MR11 MR13 MR06 MR07 MR09 MR10 MR14,11,21,21,1.00000000
4195,MR08 MR10 MR11 MR02 MR12 MR14 MR04 MR06 MR09 MR07 MR13,11,23,23,1.00000000
4196,MR13 MR11 MR02 MR04 MR08 MR07 MR09 MR10 MR12 MR14,10,23,20,0.86956522
4197,MR13 MR02 MR04 MR08 MR11 MR14 MR06 MR07 MR09 MR10 MR12,11,23,23,1.00000000
4198,MR13 MR02 MR04 MR08 MR11 MR07 MR12 MR09 MR10 MR06 MR14,11,25,25,1.00000000
4199,MR13 MR12 MR02 MR04 MR08 MR11 MR06 MR09 MR10 MR07 MR14,11,23,23,1.00000000
4200,MR08 MR10 MR11 MR02 MR12 MR04 MR06 MR09 MR13 MR14 MR07,11,19,19,1.00000000
4201,MR08 MR10 MR02 MR11 MR07 MR14 MR04 MR05 MR06 MR09 MR12,11,30,27,0.90000000
4202,MR14 MR04 MR02 MR08 MR11 MR06 MR07 MR09 MR10 MR13,10,26,23,0.88461538
4203,MR13 MR02 MR04 MR08 MR11 MR07 MR06 MR09 MR10 MR12 MR14,11,19,19,1.00000000
4204,MR13 MR02 MR04 MR08 MR07 MR06 MR12 MR09 MR10 MR11 MR14,11,26,26,1.00000000
4205,MR13 MR11 MR02 MR04 MR08 MR07 MR09 MR10 MR14 MR12,10,25,22,0.88000000
4206,MR13 MR11 MR02 MR04 MR08 MR14 MR09 MR10 MR12 MR07,10,23,20,0.86956522
4207,MR13 MR11 MR02 MR04 MR08 MR07 MR09 MR10 MR14 MR06 MR12,11,28,28,1.00000000
4208,MR13 MR11 MR02 MR04 MR08 MR07 MR09 MR10 MR06 MR14 MR12,11,21,21,1.00000000
4209,MR13 MR11 MR02 MR04 MR08 MR07 MR14 MR09 MR10 MR06 MR12,11,27,27,1.00000000
4210,MR13 MR11 MR02 MR04 MR08 MR06 MR09 MR10 MR12 MR14 MR07,11,26,26,1.00000000
4211,MR13 MR11 MR02 MR04 MR08 MR14 MR07 MR09 MR10 MR06 MR12,11,25,25,1.00000000
4212,MR13 MR11 MR02 MR04 MR08 MR06 MR09 MR10 MR12 MR07 MR14,11,21,21,1.00000000
4213,MR13 MR02 MR04 MR08 MR07 MR11 MR06 MR09 MR10 MR12 MR14,11,20,20,1.00000000
4214,MR13 MR02 MR04 MR08 MR11 MR06 MR09 MR10 MR12 MR14 MR07,11,24,24,1.00000000
4215,MR12 MR10 MR02 MR08 MR11 MR06 MR04 MR09 MR14 MR07 MR13,11,29,29,1.00000000
4216,MR13 MR02 MR04 MR08 MR11 MR12 MR06 MR07 MR09 MR10 MR14,11,25,25,1.00000000
4217,MR12 MR10 MR11 MR02 MR08 MR04 MR07 MR09 MR13 MR14 MR06,11,25,25,1.00000000
4218,MR13 MR02 MR04 MR08 MR11 MR12 MR06 MR09 MR10 MR07 MR14,11,26,26,1.00000000
4219,MR12 MR10 MR02 MR08 MR11 MR07 MR04 MR06 MR09 MR13 MR14,11,23,23,1.00000000
4220,MR13 MR02 MR04 MR08 MR06 MR11 MR09 MR10 MR14 MR07 MR12,11,24,24,1.00000000
4221,MR08 MR04 MR02 MR14 MR06 MR11 MR09 MR10 MR12 MR13 MR07,11,25,25,1.00000000
4222,MR08 MR10 MR02 MR11 MR06 MR14 MR04 MR09 MR07 MR12,10,25,21,0.84000000
4223,MR13 MR02 MR04 MR08 MR11 MR07 MR09 MR10 MR14 MR06 MR12,11,25,25,1.00000000
4224,MR13 MR02 MR04 MR08 MR11 MR14 MR06 MR07 MR09 MR10,10,26,23,0.88461538
4225,MR13 MR02 MR04 MR08 MR11 MR07 MR09 MR10 MR14 MR06 MR12,11,20,20,1.00000000
4226,MR13 MR07 MR02 MR04 MR08 MR06 MR09 MR10 MR14 MR11 MR12,11,27,27,1.00000000
4227,MR13 MR02 MR04 MR08 MR11 MR06 MR09 MR10 MR07 MR12,10,26,23,0.88461538
4228,MR13 MR11 MR02 MR04 MR08 MR12 MR06 MR09 MR10 MR14 MR07,11,28,28,1.00000000
4229,MR12 MR10 MR02 MR08 MR11 MR07 MR14 MR04 MR09 MR06 MR13,11,23,23,1.00000000
4230,MR08 MR10 MR02 MR07 MR11 MR12 MR13 MR04 MR06 MR09 MR14,11,30,30,1.00000000
4231,MR13 MR11 MR02 MR04 MR08 MR14 MR09 MR10 MR06 MR07 MR12,11,25,25,1.00000000
4232,MR05 MR02 MR04 MR08 MR11 MR14 MR06 MR09 MR10 MR07 MR12,11,24,21,0.87500000
4233,MR13 MR02 MR04 MR08 MR11 MR14 MR06 MR07 MR09 MR10 MR12,11,25,25,1.00000000
4234,MR13 MR14 MR02 MR04 MR08 MR06 MR07 MR09 MR10 MR11 MR12,11,28,28,1.00000000
4235,MR13 MR11 MR02 MR04 MR08 MR12 MR07 MR09 MR10 MR14 MR06,11,23,23,1.00000000
4236,MR13 MR02 MR04 MR08 MR11 MR06 MR07 MR09 MR10 MR14 MR12,11,28,28,1.00000000
4237,MR13 MR02 MR04 MR08 MR07 MR11 MR14 MR09 MR10 MR06 MR12,11,21,21,1.00000000
4238,MR12 MR10 MR02 MR08 MR06 MR07 MR04 MR09 MR11 MR13 MR14,11,23,23,1.00000000
4239,MR13 MR11 MR02 MR04 MR08 MR07 MR09 MR10 MR12 MR14,10,21,18,0.85714286
4240,MR13 MR02 MR04 MR08 MR14 MR06 MR07 MR11 MR09 MR10 MR12,11,32,32,1.00000000
4241,MR13 MR11 MR02 MR04 MR08 MR07 MR09 MR10 MR06 MR12 MR14,11,29,29,1.00000000
4242,MR13 MR11 MR02 MR04 MR08 MR06 MR09 MR10 MR12 MR07 MR14,11,22,22,1.00000000
4243,MR12 MR10 MR02 MR08 MR14 MR06 MR11 MR04 MR07 MR09,10,22,18,0.81818182
4244,MR12 MR10 MR02 MR08 MR14 MR06 MR07 MR11 MR04 MR09 MR13,11,23,23,1.00000000
4245,MR13 MR02 MR04 MR08 MR07 MR11 MR14 MR06 MR09 MR10 MR12,11,26,26,1.00000000
4246,MR13 MR11 MR02 MR04 MR08 MR12 MR09 MR10 MR07 MR06 MR14,11,25,25,1.00000000
4247,MR13 MR02 MR04 MR08 MR11 MR07 MR06 MR09 MR10 MR12 MR14,11,22,22,1.00000000
4248,MR13 MR11 MR02 MR04 MR08 MR06 MR09 MR10 MR14 MR12 MR07,11,21,21,1.00000000
4249,MR13 MR11 MR02 MR04 MR08 MR07 MR09 MR10 MR12 MR14,10,26,23,0.88461538
4250,MR13 MR11 MR02 MR04 MR08 MR06 MR09 MR10 MR12 MR14 MR07,11,24,24,1.00000000
4251,MR13 MR02 MR04 MR08 MR06 MR07 MR11 MR14 MR09 MR10 MR12,11,22,22,1.00000000
4252,MR08 MR10 MR02 MR06 MR11 MR12 MR04 MR09 MR13 MR07 MR14,11,26,26,1.00000000
4253,MR13 MR02 MR04 MR08 MR07 MR11 MR09 MR10 MR14 MR06 MR12,11,22,22,1.00000000
4254,MR12 MR07 MR10 MR02 MR08 MR14 MR04 MR06 MR09 MR11 MR05,11,29,26,0.89655172
4255,MR13 MR02 MR04 MR08 MR06 MR07 MR09 MR10 MR11 MR12 MR14,11,28,28,1.00000000
4256,MR12 MR10 MR02 MR08 MR11 MR06 MR14 MR04 MR09 MR07 MR05,11,24,21,0.87500000
4257,MR12 MR10 MR11 MR02 MR08 MR13 MR04 MR06 MR09 MR07 MR14,11,28,28,1.00000000
4258,MR13 MR02 MR04 MR08 MR12 MR06 MR07 MR11 MR09 MR10,10,22,19,0.86363636
4259,MR13 MR02 MR04 MR08 MR11 MR06 MR07 MR09 MR10 MR12 MR14,11,22,22,1.00000000
4260,MR13 MR02 MR04 MR08 MR11 MR14 MR06 MR09 MR10 MR07 MR12,11,22,22,1.00000000
4261,MR13 MR02 MR04 MR08 MR11 MR07 MR09 MR10 MR06 MR14,10,24,21,0.87500000
4262,MR13 MR02 MR04 MR08 MR11 MR07 MR12 MR06 MR09 MR10 MR14,11,23,23,1.00000000
4263,MR13 MR02 MR04 MR08 MR11 MR14 MR06 MR07 MR09 MR10 MR12,11,20,20,1.00000000
4264,MR13 MR02 MR04 MR08 MR11 MR06 MR12 MR09 MR10 MR14 MR07,11,29,29,1.00000000
4265,MR13 MR02 MR04 MR08 MR11 MR07 MR12 MR06 MR09 MR10 MR14,11,24,24,1.00000000
4266,MR13 MR14 MR02 MR04 MR08 MR06 MR07 MR11 MR09 MR10 MR12,11,22,22,1.00000000
4267,MR13 MR02 MR04 MR08 MR11 MR12 MR06 MR07 MR09 MR10 MR14,11,22,22,1.00000000
4268,MR13 MR02 MR04 MR08 MR06 MR11 MR07 MR09 MR10 MR12,10,28,25,0.89285714
4269,MR13 MR02 MR04 MR07 MR08 MR11 MR09 MR10 MR12 MR06 MR14,11,25,25,1.00000000
4270,MR13 MR02 MR04 MR08 MR11 MR06 MR07 MR09 MR10 MR12 MR14,11,25,25,1.00000000
4271,MR13 MR02 MR04 MR07 MR08 MR11 MR09 MR10 MR12 MR14 MR06,11,23,23,1.00000000
4272,MR13 MR11 MR02 MR04 MR08 MR07 MR09 MR10 MR12 MR14 MR06,11,22,22,1.00000000
4273,MR13 MR02 MR04 MR07 MR08 MR11 MR09 MR10 MR06 MR12 MR14,11,27,27,1.00000000
4274,MR13 MR02 MR04 MR08 MR11 MR06 MR09 MR10 MR12 MR07 MR14,11,25,25,1.00000000
4275,MR08 MR04 MR02 MR07 MR11 MR14 MR09 MR10 MR12 MR13 MR06,11,25,25,1.00000000
4276,MR13 MR11 MR02 MR04 MR08 MR12 MR07 MR09 MR10 MR06,10,26,23,0.88461538
4277,MR13 MR11 MR02 MR04 MR08 MR06 MR12 MR09 MR10 MR14 MR07,11,25,25,1.00000000
4278,MR13 MR02 MR04 MR08 MR11 MR06 MR14 MR09 MR10 MR07,10,25,22,0.88000000
4279,MR13 MR02 MR04 MR08 MR11 MR06 MR12 MR14 MR09 MR10 MR07,11,28,28,1.00000000
4280,MR13 MR11 MR02 MR04 MR08 MR06 MR09 MR10 MR12 MR14 MR07,11,22,22,1.00000000
4281,MR13 MR02 MR04 MR08 MR07 MR11 MR09 MR10 MR06 MR12 MR14,11,22,22,1.00000000
4282,MR12 MR10 MR02 MR08 MR11 MR14 MR06 MR04 MR09 MR07,10,25,21,0.84000000
4283,MR13 MR11 MR02 MR04 MR08 MR06 MR14 MR09 MR10 MR12 MR07,11,22,22,1.00000000
4284,MR13 MR02 MR04 MR08 MR11 MR07 MR09 MR10 MR06 MR12 MR14,11,20,20,1.00000000
4285,MR13 MR11 MR14 MR02 MR04 MR08 MR09 MR10 MR06 MR07 MR12,11,26,26,1.00000000
4286,MR13 MR02 MR04 MR08 MR07 MR11 MR09 MR10 MR14 MR06 MR12,11,26,26,1.00000000
4287,MR13 MR11 MR02 MR04 MR08 MR14 MR06 MR09 MR10 MR07 MR12,11,27,27,1.00000000
4288,MR08 MR10 MR02 MR11 MR12 MR13 MR14 MR04 MR06 MR07 MR09,11,21,21,1.00000000
4289,MR12 MR10 MR11 MR02 MR08 MR04 MR06 MR09 MR07 MR13 MR14,11,26,26,1.00000000
4290,MR13 MR11 MR02 MR04 MR08 MR07 MR14 MR09 MR10 MR12 MR06,11,16,16,1.00000000
4291,MR13 MR06 MR02 MR04 MR08 MR11 MR09 MR10 MR14 MR12 MR07,11,23,23,1.00000000
4292,MR13 MR11 MR02 MR04 MR08 MR12 MR06 MR09 MR10 MR07 MR14,11,23,23,1.00000000
4293,MR13 MR02 MR04 MR06 MR08 MR07 MR09 MR10 MR11 MR12 MR14,11,20,20,1.00000000
4294,MR13 MR02 MR04 MR06 MR08 MR14 MR11 MR09 MR10 MR12 MR07,11,22,22,1.00000000
4295,MR13 MR02 MR04 MR07 MR08 MR14 MR11 MR09 MR10 MR06 MR12,11,27,27,1.00000000
4296,MR13 MR02 MR04 MR08 MR11 MR06 MR09 MR10 MR12 MR14 MR07,11,24,24,1.00000000
4297,MR08 MR10 MR02 MR11 MR07 MR04 MR06 MR09 MR12 MR13 MR14,11,21,21,1.00000000
4298,MR12 MR10 MR11 MR02 MR08 MR04 MR07 MR09 MR13 MR14 MR06,11,26,26,1.00000000
4299,MR13 MR02 MR04 MR08 MR06 MR11 MR14 MR09 MR10 MR07 MR12,11,19,19,1.00000000
4300,MR13 MR11 MR02 MR04 MR08 MR07 MR14 MR09 MR10 MR12 MR06,11,27,27,1.00000000
4301,MR12 MR10 MR02 MR08 MR06 MR11 MR04 MR09 MR14 MR07 MR13,11,32,32,1.00000000
4302,MR13 MR11 MR02 MR04 MR08 MR06 MR09 MR10 MR07 MR14,10,21,18,0.85714286
4303,MR13 MR11 MR02 MR04 MR08 MR07 MR12 MR09 MR10 MR06 MR14,11,22,22,1.00000000
4304,MR13 MR02 MR04 MR07 MR08 MR11 MR09 MR10 MR14 MR06 MR12,11,24,24,1.00000000
4305,MR13 MR02 MR04 MR08 MR07 MR11 MR12 MR14 MR06 MR09 MR10,11,24,24,1.00000000
4306,MR13 MR02 MR04 MR07 MR08 MR11 MR12 MR09 MR10 MR14 MR06,11,23,23,1.00000000
4307,MR12 MR10 MR02 MR08 MR11 MR06 MR04 MR07 MR09 MR14 MR13,11,19,19,1.00000000
4308,MR12 MR10 MR02 MR08 MR11 MR06 MR13 MR04 MR07 MR09 MR14,11,25,25,1.00000000
4309,MR13 MR02 MR04 MR08 MR11 MR07 MR06 MR09 MR10 MR14 MR12,11,26,26,1.00000000
4310,MR13 MR02 MR04 MR08 MR11 MR06 MR09 MR10 MR07 MR12,10,27,24,0.88888889
4311,MR12 MR02 MR04 MR08 MR06 MR11 MR07 MR09 MR10 MR13 MR14,11,23,23,1.00000000
4312,MR13 MR02 MR04 MR08 MR06 MR07 MR11 MR12 MR09 MR10 MR14,11,27,27,1.00000000
4313,MR13 MR02 MR04 MR08 MR11 MR06 MR07 MR09 MR10 MR12,10,24,21,0.87500000
4314,MR13 MR02 MR04 MR08 MR07 MR11 MR09 MR10 MR12 MR06 MR14,11,23,23,1.00000000
4315,MR13 MR02 MR04 MR08 MR11 MR07 MR14 MR06 MR09 MR10 MR12,11,19,19,1.00000000
4316,MR13 MR02 MR04 MR08 MR11 MR06 MR09 MR10 MR07 MR12 MR14,11,29,29,1.00000000
4317,MR12 MR10 MR02 MR08 MR11 MR06 MR14 MR04 MR09 MR07 MR13,11,29,29,1.00000000
4318,MR13 MR11 MR02 MR04 MR08 MR07 MR09 MR10 MR14 MR12 MR06,11,23,23,1.00000000
4319,MR13 MR11 MR02 MR04 MR08 MR07 MR09 MR10 MR06 MR12 MR14,11,28,28,1.00000000
4320,MR13 MR02 MR04 MR08 MR11 MR06 MR09 MR10 MR07 MR14 MR12,11,27,27,1.00000000
4321,MR13 MR02 MR04 MR08 MR11 MR07 MR12 MR06 MR09 MR10 MR14,11,24,24,1.00000000
4322,MR13 MR02 MR04 MR07 MR08 MR11 MR09 MR10 MR12 MR06 MR14,11,24,24,1.00000000
4323,MR13 MR11 MR02 MR04 MR08 MR12 MR14 MR06 MR09 MR10,10,27,24,0.88888889
4324,MR13 MR02 MR04 MR08 MR07 MR11 MR12 MR06 MR09 MR10 MR14,11,21,21,1.00000000
4325,MR12 MR10 MR02 MR08 MR11 MR06 MR14 MR04 MR09 MR13 MR07,11,30,30,1.00000000
4326,MR12 MR10 MR11 MR02 MR08 MR07 MR04 MR09 MR13 MR14 MR06,11,24,24,1.00000000
4327,MR13 MR02 MR04 MR08 MR11 MR07 MR14 MR06 MR09 MR10 MR12,11,22,22,1.00000000
4328,MR13 MR02 MR04 MR08 MR11 MR07 MR14 MR06 MR09 MR10 MR12,11,18,18,1.00000000
4329,MR12 MR11 MR10 MR02 MR08 MR04 MR06 MR09 MR14 MR07 MR13,11,30,30,1.00000000
4330,MR12 MR06 MR10 MR02 MR08 MR13 MR04 MR09 MR11 MR07 MR14,11,26,26,1.00000000
4331,MR13 MR02 MR04 MR08 MR11 MR06 MR12 MR14 MR07 MR09 MR10,11,27,27,1.00000000
4332,MR12 MR10 MR11 MR02 MR08 MR04 MR09 MR06 MR07 MR13 MR14,11,26,26,1.00000000
4333,MR07 MR04 MR02 MR08 MR11 MR13 MR09 MR10 MR12 MR14 MR06,11,22,22,1.00000000
4334,MR13 MR11 MR02 MR04 MR08 MR12 MR07 MR09 MR10 MR06 MR14,11,24,24,1.00000000
4335,MR13 MR02 MR04 MR08 MR14 MR06 MR11 MR09 MR10 MR07 MR12,11,24,24,1.00000000
4336,MR13 MR02 MR04 MR08 MR11 MR07 MR09 MR10 MR14 MR06 MR12,11,26,26,1.00000000
4337,MR12 MR10 MR02 MR08 MR11 MR07 MR04 MR06 MR09 MR14 MR13,11,28,28,1.00000000
4338,MR13 MR02 MR04 MR08 MR11 MR07 MR14 MR09 MR10 MR06,10,27,24,0.88888889
4339,MR13 MR02 MR04 MR08 MR11 MR12 MR06 MR07 MR09 MR10 MR14,11,20,20,1.00000000
4340,MR13 MR02 MR04 MR08 MR11 MR06 MR14 MR07 MR09 MR10 MR12,11,23,23,1.00000000
4341,MR12 MR02 MR04 MR06 MR08 MR11 MR09 MR10 MR13 MR14 MR07,11,23,23,1.00000000
4342,MR13 MR02 MR04 MR08 MR14 MR06 MR07 MR11 MR09 MR10 MR12,11,24,24,1.00000000
4343,MR13 MR02 MR04 MR08 MR11 MR06 MR14 MR09 MR10 MR12 MR07,11,21,21,1.00000000
4344,MR13 MR11 MR02 MR04 MR08 MR06 MR14 MR09 MR10 MR12 MR07,11,24,24,1.00000000
4345,MR13 MR07 MR02 MR04 MR08 MR12 MR11 MR09 MR10 MR06 MR14,11,21,21,1.00000000
4346,MR13 MR11 MR02 MR04 MR08 MR06 MR09 MR10 MR14 MR12,10,21,18,0.85714286
4347,MR13 MR02 MR04 MR08 MR06 MR11 MR09 MR10 MR12 MR07 MR14,11,23,23,1.00000000
4348,MR12 MR10 MR02 MR06 MR08 MR11 MR14 MR04 MR09 MR13 MR07,11,25,25,1.00000000
4349,MR13 MR06 MR02 MR04 MR08 MR14 MR11 MR09 MR10 MR07,10,31,28,0.90322581
4350,MR08 MR10 MR02 MR11 MR14 MR07 MR13 MR04 MR09 MR12 MR06,11,21,21,1.00000000
4351,MR13 MR02 MR04 MR08 MR06 MR07 MR11 MR09 MR10 MR12 MR14,11,26,26,1.00000000
4352,MR13 MR11 MR02 MR04 MR08 MR14 MR07 MR09 MR10 MR06 MR12,11,26,26,1.00000000
4353,MR12 MR11 MR10 MR02 MR08 MR13 MR04 MR09 MR07,9,25,19,0.76000000
4354,MR13 MR02 MR04 MR08 MR06 MR07 MR11 MR12 MR09 MR10 MR14,11,27,27,1.00000000
4355,MR08 MR02 MR04 MR06 MR07 MR12 MR13 MR14 MR09 MR10 MR11,11,27,27,1.00000000
4356,MR08 MR10 MR02 MR11 MR14 MR12 MR07 MR04 MR09 MR06 MR13,11,25,25,1.00000000
4357,MR13 MR02 MR04 MR08 MR07 MR11 MR09 MR10 MR06 MR12 MR14,11,27,27,1.00000000
4358,MR13 MR11 MR02 MR04 MR08 MR12 MR07 MR09 MR10 MR14 MR06,11,24,24,1.00000000
4359,MR08 MR11 MR10 MR02 MR14 MR13 MR04 MR09 MR06 MR12 MR07,11,30,30,1.00000000
4360,MR13 MR02 MR04 MR07 MR08 MR11 MR09 MR10 MR14 MR06 MR12,11,22,22,1.00000000
4361,MR12 MR11 MR02 MR04 MR08 MR13 MR06 MR09 MR10 MR14 MR07,11,26,26,1.00000000
4362,MR13 MR02 MR04 MR08 MR06 MR07 MR14 MR09 MR10 MR11 MR12,11,21,21,1.00000000
4363,MR13 MR11 MR02 MR04 MR08 MR07 MR09 MR10 MR14 MR12,10,23,20,0.86956522
4364,MR13 MR11 MR02 MR04 MR08 MR14 MR06 MR09 MR10 MR12 MR07,11,21,21,1.00000000
4365,MR12 MR10 MR11 MR02 MR08 MR04 MR07 MR09 MR14 MR06 MR13,11,21,21,1.00000000
4366,MR12 MR10 MR02 MR08 MR11 MR06 MR13 MR14 MR04 MR09 MR07,11,22,22,1.00000000
4367,MR13 MR02 MR04 MR08 MR06 MR07 MR11 MR14 MR09 MR10 MR12,11,26,26,1.00000000
4368,MR13 MR07 MR02 MR04 MR08 MR11 MR09 MR10 MR12 MR14,10,24,21,0.87500000
4369,MR12 MR10 MR11 MR02 MR08 MR14 MR07 MR04 MR09 MR06 MR13,11,32,32,1.00000000
4370,MR12 MR10 MR02 MR07 MR08 MR11 MR14 MR04 MR09 MR13 MR06,11,24,24,1.00000000
4371,MR14 MR04 MR02 MR08 MR06 MR11 MR12 MR07 MR09 MR10 MR13,11,22,22,1.00000000
4372,MR13 MR11 MR02 MR04 MR08 MR14 MR07 MR09 MR10 MR12 MR06,11,26,26,1.00000000
4373,MR13 MR02 MR04 MR06 MR08 MR12 MR14 MR07 MR09 MR10 MR11,11,25,25,1.00000000
4374,MR13 MR02 MR04 MR08 MR11 MR07 MR09 MR10 MR12 MR06 MR14,11,25,25,1.00000000
4375,MR12 MR14 MR02 MR04 MR08 MR07 MR11 MR06 MR09 MR10 MR13,11,25,25,1.00000000
4376,MR13 MR11 MR02 MR04 MR08 MR09 MR10 MR14 MR06 MR07 MR12,11,25,25,1.00000000
4377,MR13 MR11 MR02 MR04 MR08 MR09 MR10 MR12 MR14 MR06 MR07,11,25,25,1.00000000
4378,MR12 MR10 MR02 MR08 MR07 MR11 MR04 MR09 MR14 MR06 MR05,11,21,18,0.85714286
4379,MR13 MR11 MR02 MR04 MR08 MR07 MR09 MR10 MR06 MR14 MR12,11,24,24,1.00000000
4380,MR13 MR11 MR02 MR04 MR08 MR06 MR09 MR10 MR12 MR07,10,24,21,0.87500000
4381,MR13 MR07 MR02 MR04 MR08 MR14 MR09 MR10 MR11 MR06 MR12,11,21,21,1.00000000
4382,MR13 MR02 MR04 MR08 MR07 MR11 MR12 MR14 MR06 MR09 MR10,11,23,23,1.00000000
4383,MR13 MR02 MR04 MR08 MR11 MR14 MR07 MR06 MR09 MR10,10,20,17,0.85000000
4384,MR08 MR10 MR11 MR02 MR14 MR04 MR07 MR09 MR12 MR06 MR13,11,26,26,1.00000000
4385,MR13 MR02 MR04 MR08 MR11 MR06 MR12 MR09 MR10 MR14 MR07,11,22,22,1.00000000
4386,MR08 MR11 MR02 MR04 MR06 MR09 MR10 MR13 MR14 MR07 MR12,11,27,27,1.00000000
4387,MR13 MR02 MR04 MR08 MR11 MR06 MR07 MR09 MR10 MR12,10,23,20,0.86956522
4388,MR08 MR10 MR02 MR11 MR12 MR14 MR04 MR06 MR07 MR09 MR13,11,25,25,1.00000000
4389,MR13 MR02 MR04 MR06 MR08 MR11 MR14 MR09 MR10 MR12,10,26,23,0.88461538
4390,MR13 MR02 MR04 MR08 MR11 MR06 MR09 MR10 MR07 MR12 MR14,11,23,23,1.00000000
4391,MR13 MR02 MR04 MR08 MR11 MR06 MR12 MR09 MR10 MR14 MR07,11,24,24,1.00000000
4392,MR12 MR02 MR04 MR08 MR11 MR14 MR07 MR09 MR10 MR13 MR06,11,18,18,1.00000000
4393,MR13 MR02 MR04 MR08 MR11 MR07 MR06 MR09 MR10 MR12 MR14,11,24,24,1.00000000
4394,MR13 MR02 MR04 MR08 MR06 MR07 MR09 MR10 MR11 MR14 MR12,11,30,30,1.00000000
4395,MR05 MR02 MR04 MR08 MR06 MR14 MR11 MR12 MR07 MR09 MR10,11,20,17,0.85000000
4396,MR13 MR11 MR02 MR04 MR08 MR06 MR09 MR10 MR14 MR12 MR07,11,26,26,1.00000000
4397,MR13 MR11 MR02 MR04 MR08 MR12 MR14 MR06 MR09 MR10 MR07,11,24,24,1.00000000
4398,MR13 MR11 MR02 MR04 MR08 MR06 MR09 MR10 MR12 MR14 MR07,11,21,21,1.00000000
4399,MR12 MR14 MR02 MR04 MR08 MR11 MR06 MR07 MR09 MR10 MR13,11,28,28,1.00000000
4400,MR13 MR02 MR04 MR08 MR11 MR06 MR09 MR10 MR14 MR12 MR07,11,25,25,1.00000000
4401,MR13 MR02 MR04 MR08 MR06 MR07 MR09 MR10 MR11 MR12 MR14,11,18,18,1.00000000
4402,MR13 MR11 MR02 MR04 MR08 MR07 MR09 MR10 MR12 MR14 MR06,11,27,27,1.00000000
4403,MR13 MR02 MR04 MR08 MR11 MR06 MR12 MR07 MR09 MR10 MR14,11,21,21,1.00000000
4404,MR13 MR02 MR04 MR06 MR08 MR11 MR12 MR09 MR10 MR07 MR14,11,25,25,1.00000000
4405,MR13 MR02 MR04 MR08 MR11 MR12 MR14 MR06 MR07 MR09 MR10,11,24,24,1.00000000
4406,MR07 MR10 MR02 MR08 MR11 MR12 MR13 MR04 MR09 MR06 MR14,11,24,24,1.00000000
4407,MR13 MR02 MR04 MR08 MR06 MR11 MR07 MR09 MR10 MR14 MR12,11,26,26,1.00000000
4408,MR13 MR02 MR04 MR08 MR11 MR07 MR06 MR09 MR10 MR12 MR14,11,25,25,1.00000000
4409,MR08 MR10 MR02 MR06 MR11 MR14 MR04 MR09 MR12 MR13 MR07,11,22,22,1.00000000
4410,MR13 MR02 MR04 MR08 MR11 MR07 MR12 MR09 MR10 MR14 MR06,11,25,25,1.00000000
4411,MR13 MR02 MR04 MR08 MR11 MR06 MR14 MR07 MR09 MR10 MR12,11,19,19,1.00000000
4412,MR13 MR02 MR04 MR08 MR07 MR11 MR06 MR09 MR10 MR14 MR12,11,22,22,1.00000000
4413,MR08 MR10 MR11 MR02 MR14 MR07 MR12 MR04 MR09 MR13 MR06,11,21,21,1.00000000
4414,MR13 MR11 MR02 MR04 MR08 MR14 MR07 MR09 MR10 MR12 MR06,11,27,27,1.00000000
4415,MR05 MR11 MR02 MR04 MR08 MR06 MR14 MR09 MR10 MR07,10,24,18,0.75000000
4416,MR13 MR02 MR04 MR08 MR11 MR14 MR07 MR09 MR10 MR06 MR12,11,24,24,1.00000000
4417,MR12 MR02 MR04 MR07 MR08 MR14 MR06 MR09 MR10 MR11,10,24,20,0.83333333
4418,MR13 MR02 MR04 MR08 MR11 MR06 MR12 MR07 MR09 MR10 MR14,11,23,23,1.00000000
4419,MR13 MR11 MR02 MR04 MR08 MR06 MR09 MR10 MR14 MR07 MR12,11,21,21,1.00000000
4420,MR13 MR11 MR02 MR04 MR08 MR07 MR09 MR10 MR12 MR14 MR06,11,23,23,1.00000000
4421,MR13 MR11 MR02 MR04 MR08 MR14 MR07 MR09 MR10 MR06 MR12,11,23,23,1.00000000
4422,MR13 MR11 MR02 MR04 MR08 MR06 MR09 MR10 MR12 MR07 MR14,11,24,24,1.00000000
4423,MR13 MR02 MR04 MR08 MR07 MR14 MR11 MR12 MR06 MR09 MR10,11,29,29,1.00000000
4424,MR13 MR02 MR04 MR08 MR07 MR11 MR09 MR10 MR06 MR12 MR14,11,27,27,1.00000000
4425,MR13 MR11 MR02 MR04 MR08 MR07 MR09 MR10 MR06 MR12 MR14,11,25,25,1.00000000
4426,MR13 MR06 MR02 MR04 MR08 MR12 MR14 MR09 MR10 MR11 MR07,11,25,25,1.00000000
4427,MR13 MR02 MR04 MR08 MR07 MR11 MR09 MR10 MR14 MR06 MR12,11,20,20,1.00000000
4428,MR13 MR02 MR04 MR08 MR11 MR12 MR06 MR07 MR09 MR10 MR14,11,25,25,1.00000000
4429,MR13 MR11 MR02 MR04 MR08 MR06 MR14 MR09 MR10 MR12 MR07,11,23,23,1.00000000
4430,MR13 MR02 MR04 MR08 MR06 MR11 MR14 MR09 MR10 MR12 MR07,11,23,23,1.00000000
4431,MR13 MR02 MR04 MR08 MR11 MR07 MR12 MR09 MR10 MR06 MR14,11,26,26,1.00000000
4432,MR13 MR02 MR04 MR08 MR06 MR11 MR09 MR10 MR14 MR07 MR12,11,20,20,1.00000000
4433,MR13 MR11 MR02 MR04 MR08 MR14 MR09 MR10 MR07 MR12 MR06,11,23,23,1.00000000
4434,MR12 MR10 MR11 MR02 MR08 MR04 MR07 MR09 MR06 MR13 MR14,11,24,24,1.00000000
4435,MR08 MR10 MR11 MR02 MR12 MR13 MR14 MR04 MR07 MR09 MR06,11,21,21,1.00000000
4436,MR08 MR10 MR02 MR11 MR12 MR06 MR04 MR09 MR13 MR07 MR14,11,26,26,1.00000000
4437,MR13 MR02 MR04 MR08 MR06 MR11 MR07 MR09 MR10 MR14 MR12,11,27,27,1.00000000
4438,MR12 MR11 MR02 MR04 MR08 MR14 MR06 MR09 MR10 MR07 MR13,11,22,22,1.00000000
4439,MR13 MR11 MR02 MR04 MR08 MR06 MR09 MR10 MR12 MR14 MR07,11,31,31,1.00000000
4440,MR12 MR10 MR02 MR08 MR11 MR14 MR06 MR04 MR09 MR13 MR07,11,25,25,1.00000000
4441,MR13 MR11 MR02 MR04 MR08 MR07 MR09 MR10 MR14 MR12 MR06,11,22,22,1.00000000
4442,MR13 MR11 MR02 MR04 MR08 MR14 MR06 MR09 MR10 MR12 MR07,11,23,23,1.00000000
4443,MR13 MR11 MR02 MR04 MR08 MR12 MR14 MR07 MR09 MR10 MR06,11,21,21,1.00000000
4444,MR13 MR11 MR02 MR04 MR08 MR07 MR14 MR09 MR10 MR12,10,21,18,0.85714286
4445,MR13 MR02 MR04 MR08 MR11 MR07 MR09 MR10 MR06 MR14 MR12,11,28,28,1.00000000
4446,MR08 MR04 MR11 MR02 MR14 MR06 MR09 MR10 MR12 MR13 MR07,11,28,28,1.00000000
4447,MR13 MR11 MR02 MR04 MR08 MR12 MR14 MR07 MR09 MR10 MR06,11,22,22,1.00000000
4448,MR13 MR02 MR04 MR08 MR11 MR07 MR09 MR10 MR06 MR12 MR14,11,22,22,1.00000000
4449,MR13 MR02 MR04 MR08 MR06 MR11 MR14 MR07 MR09 MR10 MR12,11,26,26,1.00000000
4450,MR13 MR11 MR02 MR04 MR08 MR12 MR07 MR09 MR10 MR06,10,24,21,0.87500000
4451,MR13 MR11 MR02 MR04 MR08 MR14 MR09 MR10 MR07 MR12 MR06,11,24,24,1.00000000
4452,MR13 MR02 MR04 MR08 MR11 MR06 MR09 MR10 MR12 MR07 MR14,11,24,24,1.00000000
4453,MR13 MR11 MR02 MR04 MR08 MR06 MR14 MR09 MR10 MR12 MR07,11,22,22,1.00000000
4454,MR13 MR02 MR04 MR08 MR11 MR07 MR12 MR06 MR09 MR10 MR14,11,23,23,1.00000000
4455,MR12 MR02 MR04 MR08 MR13 MR06 MR07 MR11 MR09 MR10 MR14,11,26,26,1.00000000
4456,MR13 MR02 MR04 MR08 MR11 MR12 MR06 MR07 MR09 MR10,10,23,20,0.86956522
4457,MR13 MR02 MR04 MR08 MR11 MR06 MR07 MR09 MR10 MR12 MR14,11,21,21,1.00000000
4458,MR13 MR11 MR02 MR04 MR08 MR12 MR14 MR06 MR09 MR10 MR07,11,22,22,1.00000000
4459,MR13 MR11 MR02 MR04 MR08 MR14 MR06 MR09 MR10 MR07 MR12,11,23,23,1.00000000
4460,MR13 MR11 MR02 MR04 MR08 MR14 MR06 MR09 MR10 MR07,10,27,24,0.88888889
4461,MR13 MR11 MR02 MR04 MR08 MR07 MR09 MR10 MR12 MR06 MR14,11,19,19,1.00000000
4462,MR13 MR11 MR02 MR04 MR08 MR09 MR10 MR12 MR14 MR07 MR06,11,24,24,1.00000000
4463,MR12 MR11 MR10 MR02 MR08 MR14 MR04 MR09 MR06 MR13 MR07,11,26,26,1.00000000
4464,MR13 MR02 MR04 MR08 MR06 MR07 MR09 MR10 MR11 MR12 MR14,11,18,18,1.00000000
4465,MR13 MR02 MR04 MR08 MR06 MR07 MR09 MR10 MR11 MR12 MR14,11,21,21,1.00000000
4466,MR12 MR10 MR11 MR02 MR08 MR14 MR04 MR07 MR09 MR06 MR13,11,23,23,1.00000000
4467,MR12 MR10 MR02 MR08 MR06 MR07 MR04 MR09 MR11 MR13 MR14,11,20,20,1.00000000
4468,MR13 MR02 MR04 MR08 MR11 MR06 MR09 MR10 MR14 MR07 MR12,11,23,23,1.00000000
4469,MR13 MR11 MR02 MR04 MR08 MR12 MR07 MR09 MR10 MR14 MR06,11,25,25,1.00000000
4470,MR13 MR11 MR02 MR04 MR08 MR06 MR09 MR10 MR12 MR14 MR07,11,25,25,1.00000000
4471,MR13 MR11 MR02 MR04 MR08 MR12 MR09 MR10 MR14 MR06 MR07,11,27,27,1.00000000
4472,MR13 MR02 MR04 MR08 MR11 MR06 MR07 MR09 MR10 MR12 MR14,11,24,24,1.00000000
4473,MR13 MR11 MR02 MR04 MR08 MR07 MR09 MR10 MR12 MR14,10,21,18,0.85714286
4474,MR12 MR10 MR11 MR14 MR02 MR08 MR04 MR06 MR09 MR07,10,27,23,0.85185185
4475,MR13 MR02 MR04 MR08 MR11 MR06 MR12 MR09 MR10 MR14 MR07,11,23,23,1.00000000
4476,MR13 MR02 MR04 MR08 MR06 MR07 MR11 MR09 MR10 MR12 MR14,11,21,21,1.00000000
4477,MR13 MR02 MR04 MR08 MR11 MR07 MR06 MR09 MR10 MR14,10,19,16,0.84210526
4478,MR13 MR11 MR02 MR04 MR08 MR12 MR14 MR09 MR10 MR06 MR07,11,19,19,1.00000000
4479,MR13 MR02 MR04 MR08 MR11 MR07 MR14 MR09 MR10 MR12 MR06,11,17,17,1.00000000
4480,MR13 MR02 MR04 MR08 MR06 MR12 MR11 MR07 MR09 MR10 MR14,11,23,23,1.00000000
4481,MR13 MR02 MR04 MR08 MR11 MR12 MR06 MR07 MR09 MR10 MR14,11,24,24,1.00000000
4482,MR13 MR02 MR04 MR08 MR11 MR06 MR07 MR09 MR10 MR12 MR14,11,20,20,1.00000000
4483,MR13 MR02 MR04 MR07 MR08 MR11 MR09 MR10 MR12 MR14 MR06,11,22,22,1.00000000
4484,MR13 MR06 MR02 MR04 MR08 MR12 MR09 MR10 MR11 MR07 MR14,11,25,25,1.00000000
4485,MR13 MR02 MR04 MR08 MR11 MR07 MR09 MR10 MR14 MR06 MR12,11,22,22,1.00000000
4486,MR12 MR02 MR04 MR08 MR11 MR07 MR09 MR10 MR06 MR14,10,24,20,0.83333333
4487,MR12 MR10 MR02 MR08 MR11 MR07 MR14 MR04 MR09 MR06 MR05,11,21,18,0.85714286
4488,MR12 MR10 MR02 MR08 MR11 MR14 MR06 MR04 MR09 MR07 MR13,11,24,24,1.00000000
4489,MR13 MR02 MR04 MR08 MR11 MR07 MR09 MR10 MR12 MR14 MR06,11,23,23,1.00000000
4490,MR13 MR02 MR04 MR08 MR11 MR06 MR09 MR10 MR14 MR07 MR12,11,24,24,1.00000000
4491,MR13 MR02 MR04 MR07 MR08 MR12 MR14 MR06 MR09 MR10 MR11,11,23,23,1.00000000
4492,MR13 MR02 MR04 MR07 MR08 MR11 MR09 MR10 MR12 MR06 MR14,11,23,23,1.00000000
4493,MR13 MR11 MR02 MR04 MR08 MR06 MR09 MR10 MR12 MR07 MR14,11,27,27,1.00000000
4494,MR13 MR07 MR02 MR04 MR08 MR11 MR14 MR09 MR10 MR12 MR06,11,25,25,1.00000000
4495,MR13 MR02 MR04 MR08 MR07 MR11 MR14 MR06 MR09 MR10 MR12,11,22,22,1.00000000
4496,MR13 MR14 MR02 MR04 MR08 MR11 MR07 MR06 MR09 MR10 MR12,11,19,19,1.00000000
4497,MR12 MR11 MR02 MR04 MR08 MR13 MR09 MR10 MR14 MR06 MR07,11,23,23,1.00000000
4498,MR12 MR11 MR02 MR04 MR08 MR06 MR09 MR10 MR13 MR14 MR07,11,27,27,1.00000000
4499,MR13 MR02 MR04 MR08 MR11 MR07 MR12 MR09 MR10 MR14 MR06,11,24,24,1.00000000
4500,MR05 MR11 MR02 MR04 MR08 MR09 MR10 MR06 MR07 MR14,10,32,26,0.81250000
4501,MR13 MR11 MR02 MR04 MR08 MR07 MR12 MR09 MR10 MR14 MR06,11,27,27,1.00000000
4502,MR12 MR02 MR04 MR08 MR11 MR06 MR07 MR09 MR10 MR13 MR14,11,25,25,1.00000000
4503,MR08 MR10 MR02 MR14 MR11 MR07 MR12 MR04 MR06 MR09 MR13,11,25,25,1.00000000
4504,MR13 MR02 MR04 MR07 MR08 MR11 MR09 MR10 MR14 MR06 MR12,11,28,28,1.00000000
4505,MR12 MR10 MR02 MR07 MR08 MR11 MR04 MR09 MR14 MR13,10,23,20,0.86956522
4506,MR13 MR11 MR02 MR04 MR08 MR14 MR07 MR09 MR10 MR12 MR06,11,22,22,1.00000000
4507,MR12 MR10 MR11 MR02 MR08 MR14 MR04 MR06 MR09 MR13,10,23,20,0.86956522
4508,MR12 MR10 MR11 MR02 MR08 MR04 MR07 MR09 MR14 MR06 MR13,11,24,24,1.00000000
4509,MR13 MR02 MR04 MR08 MR11 MR06 MR07 MR09 MR10 MR12 MR14,11,27,27,1.00000000
4510,MR07 MR10 MR02 MR08 MR11 MR04 MR09 MR14 MR12 MR13,10,24,21,0.87500000
4511,MR12 MR02 MR04 MR08 MR11 MR13 MR06 MR07 MR09 MR10 MR14,11,23,23,1.00000000
4512,MR12 MR10 MR02 MR08 MR06 MR14 MR07 MR04 MR09 MR11 MR13,11,19,19,1.00000000
4513,MR12 MR02 MR04 MR08 MR06 MR11 MR13 MR07 MR09 MR10 MR14,11,24,24,1.00000000
4514,MR13 MR02 MR04 MR08 MR11 MR06 MR07 MR09 MR10 MR12 MR14,11,22,22,1.00000000
4515,MR13 MR02 MR04 MR08 MR07 MR11 MR09 MR10 MR06 MR12 MR14,11,22,22,1.00000000
4516,MR13 MR02 MR04 MR08 MR11 MR14 MR06 MR07 MR09 MR10 MR12,11,22,22,1.00000000
4517,MR13 MR02 MR04 MR08 MR11 MR07 MR09 MR10 MR12 MR14 MR06,11,22,22,1.00000000
4518,MR08 MR10 MR11 MR02 MR14 MR12 MR04 MR06 MR09 MR13 MR07,11,24,24,1.00000000
4519,MR13 MR11 MR02 MR04 MR08 MR09 MR10 MR14 MR06 MR07 MR12,11,23,23,1.00000000
4520,MR12 MR10 MR02 MR08 MR06 MR11 MR14 MR04 MR09 MR07 MR05,11,23,20,0.86956522
4521,MR13 MR02 MR04 MR08 MR06 MR07 MR09 MR10 MR14 MR11 MR12,11,24,24,1.00000000
4522,MR12 MR10 MR02 MR07 MR08 MR11 MR14 MR04 MR09 MR06 MR13,11,24,24,1.00000000
4523,MR13 MR02 MR04 MR08 MR07 MR06 MR09 MR10 MR11 MR14 MR12,11,27,27,1.00000000
4524,MR08 MR10 MR02 MR06 MR11 MR12 MR14 MR04 MR09 MR13 MR07,11,24,24,1.00000000
4525,MR13 MR02 MR04 MR08 MR06 MR11 MR14 MR07 MR09 MR10 MR12,11,22,22,1.00000000
4526,MR13 MR11 MR02 MR04 MR08 MR12 MR07 MR09 MR10 MR14 MR06,11,21,21,1.00000000
4527,MR13 MR11 MR02 MR04 MR08 MR06 MR09 MR10 MR14 MR07,10,22,19,0.86363636
4528,MR13 MR02 MR04 MR08 MR06 MR11 MR12 MR14 MR07 MR09 MR10,11,24,24,1.00000000
4529,MR13 MR02 MR04 MR08 MR06 MR11 MR09 MR10 MR12 MR07 MR14,11,26,26,1.00000000
4530,MR13 MR11 MR02 MR04 MR08 MR09 MR10 MR12 MR06 MR07 MR14,11,23,23,1.00000000
4531,MR12 MR10 MR02 MR08 MR11 MR07 MR14 MR04 MR09 MR13 MR06,11,26,26,1.00000000
4532,MR12 MR11 MR10 MR02 MR08 MR04 MR09 MR13 MR06 MR07 MR14,11,24,24,1.00000000
4533,MR13 MR11 MR02 MR04 MR08 MR06 MR09 MR10 MR14 MR07 MR12,11,23,23,1.00000000
4534,MR13 MR02 MR04 MR08 MR07 MR11 MR09 MR10 MR14 MR06 MR12,11,28,28,1.00000000
4535,MR12 MR02 MR04 MR08 MR11 MR13 MR06 MR09 MR10 MR07 MR14,11,23,23,1.00000000
4536,MR13 MR02 MR04 MR08 MR07 MR06 MR09 MR10 MR11 MR12 MR14,11,24,24,1.00000000
4537,MR13 MR11 MR02 MR04 MR08 MR14 MR06 MR09 MR10 MR12 MR07,11,31,31,1.00000000
4538,MR13 MR02 MR04 MR08 MR06 MR11 MR14 MR07 MR09 MR10 MR12,11,24,24,1.00000000
4539,MR13 MR02 MR04 MR08 MR11 MR07 MR06 MR09 MR10 MR12 MR14,11,27,27,1.00000000
4540,MR13 MR11 MR02 MR04 MR08 MR12 MR09 MR10 MR07 MR14 MR06,11,24,24,1.00000000
4541,MR13 MR02 MR04 MR08 MR11 MR12 MR06 MR07 MR09 MR10 MR14,11,26,26,1.00000000
4542,MR08 MR04 MR02 MR11 MR13 MR07 MR12 MR09 MR10 MR14 MR06,11,23,23,1.00000000
4543,MR13 MR02 MR04 MR08 MR07 MR11 MR06 MR09 MR10 MR12 MR14,11,26,26,1.00000000
4544,MR08 MR04 MR02 MR07 MR11 MR14 MR09 MR10 MR13 MR06 MR12,11,24,24,1.00000000
4545,MR13 MR02 MR04 MR08 MR06 MR11 MR07 MR09 MR10 MR12,10,28,25,0.89285714
4546,MR13 MR07 MR02 MR04 MR08 MR14 MR09 MR10 MR11 MR06 MR12,11,20,20,1.00000000
4547,MR08 MR10 MR02 MR11 MR14 MR04 MR06 MR07 MR09 MR12 MR13,11,22,22,1.00000000
4548,MR13 MR02 MR04 MR08 MR11 MR06 MR07 MR09 MR10 MR12 MR14,11,22,22,1.00000000
4549,MR13 MR02 MR04 MR08 MR11 MR06 MR07 MR09 MR10 MR14 MR12,11,24,24,1.00000000
4550,MR13 MR02 MR04 MR06 MR08 MR14 MR11 MR12 MR09 MR10 MR07,11,21,21,1.00000000
4551,MR13 MR11 MR02 MR04 MR08 MR06 MR09 MR10 MR14 MR07 MR12,11,22,22,1.00000000
4552,MR13 MR02 MR04 MR08 MR11 MR12 MR07 MR09 MR10 MR06 MR14,11,27,27,1.00000000
4553,MR05 MR02 MR04 MR08 MR07 MR11 MR12 MR14 MR06 MR09 MR10,11,27,24,0.88888889
4554,MR12 MR10 MR02 MR08 MR07 MR11 MR04 MR06 MR09 MR13 MR14,11,18,18,1.00000000
4555,MR08 MR10 MR02 MR11 MR07 MR12 MR13 MR04 MR09 MR06 MR14,11,21,21,1.00000000
4556,MR13 MR02 MR04 MR08 MR11 MR14 MR06 MR09 MR10 MR07 MR12,11,21,21,1.00000000
4557,MR13 MR11 MR02 MR04 MR08 MR12 MR06 MR09 MR10 MR07 MR14,11,20,20,1.00000000
4558,MR12 MR10 MR11 MR02 MR08 MR04 MR07 MR09 MR13 MR14 MR06,11,22,22,1.00000000
4559,MR13 MR02 MR04 MR08 MR11 MR06 MR07 MR09 MR10 MR14 MR12,11,20,20,1.00000000
4560,MR13 MR02 MR04 MR08 MR11 MR06 MR14 MR09 MR10 MR12 MR07,11,25,25,1.00000000
4561,MR13 MR11 MR02 MR04 MR08 MR12 MR06 MR09 MR10 MR07 MR14,11,26,26,1.00000000
4562,MR12 MR02 MR04 MR08 MR11 MR13 MR06 MR09 MR10 MR14 MR07,11,20,20,1.00000000
4563,MR12 MR10 MR11 MR02 MR08 MR04 MR09 MR14 MR06 MR07 MR13,11,23,23,1.00000000
4564,MR13 MR11 MR02 MR04 MR08 MR07 MR09 MR10 MR14 MR06 MR12,11,25,25,1.00000000
4565,MR13 MR11 MR02 MR04 MR08 MR12 MR07 MR09 MR10 MR06 MR14,11,23,23,1.00000000
4566,MR13 MR02 MR04 MR08 MR11 MR06 MR07 MR09 MR10 MR12 MR14,11,24,24,1.00000000
4567,MR13 MR02 MR04 MR08 MR11 MR06 MR07 MR09 MR10 MR14 MR12,11,21,21,1.00000000
4568,MR13 MR02 MR04 MR08 MR11 MR07 MR14 MR06 MR09 MR10 MR12,11,23,23,1.00000000
4569,MR13 MR11 MR02 MR04 MR08 MR14 MR07 MR09 MR10 MR06 MR12,11,23,23,1.00000000
4570,MR05 MR02 MR04 MR08 MR11 MR14 MR06 MR09 MR10 MR12 MR07,11,30,27,0.90000000
4571,MR13 MR02 MR04 MR08 MR11 MR07 MR12 MR09 MR10 MR14 MR06,11,24,24,1.00000000
4572,MR08 MR10 MR11 MR02 MR14 MR04 MR07 MR09 MR13 MR12 MR06,11,21,21,1.00000000
4573,MR13 MR02 MR04 MR08 MR11 MR14 MR06 MR07 MR09 MR10,10,25,22,0.88000000
4574,MR13 MR02 MR04 MR08 MR11 MR06 MR07 MR09 MR10 MR12 MR14,11,25,25,1.00000000
4575,MR13 MR02 MR04 MR08 MR11 MR07 MR06 MR09 MR10 MR14 MR12,11,22,22,1.00000000
4576,MR13 MR02 MR04 MR08 MR06 MR11 MR09 MR10 MR12 MR07 MR14,11,24,24,1.00000000
4577,MR13 MR11 MR02 MR04 MR08 MR12 MR09 MR10 MR06 MR07 MR14,11,24,24,1.00000000
4578,MR12 MR10 MR02 MR08 MR11 MR07 MR04 MR09 MR14 MR06 MR13,11,26,26,1.00000000
4579,MR13 MR02 MR04 MR07 MR08 MR14 MR06 MR09 MR10 MR11 MR12,11,25,25,1.00000000
4580,MR13 MR02 MR04 MR08 MR14 MR11 MR07 MR06 MR09 MR10 MR12,11,22,22,1.00000000
4581,MR13 MR02 MR04 MR08 MR11 MR06 MR14 MR07 MR09 MR10 MR12,11,28,28,1.00000000
4582,MR12 MR10 MR11 MR02 MR08 MR14 MR04 MR06 MR09 MR07 MR13,11,24,24,1.00000000
4583,MR13 MR02 MR04 MR08 MR11 MR07 MR12 MR06 MR09 MR10 MR14,11,22,22,1.00000000
4584,MR12 MR02 MR04 MR08 MR07 MR11 MR09 MR10 MR06 MR13 MR14,11,25,25,1.00000000
4585,MR13 MR02 MR04 MR08 MR11 MR14 MR06 MR07 MR09 MR10 MR12,11,24,24,1.00000000
4586,MR13 MR02 MR04 MR08 MR11 MR06 MR09 MR10 MR12 MR07 MR14,11,27,27,1.00000000
4587,MR13 MR11 MR02 MR04 MR08 MR06 MR09 MR10 MR12 MR07 MR14,11,25,25,1.00000000
4588,MR13 MR11 MR02 MR04 MR08 MR07 MR14 MR09 MR10 MR12,10,24,21,0.87500000
4589,MR13 MR11 MR02 MR04 MR08 MR12 MR09 MR10 MR07 MR14 MR06,11,16,16,1.00000000
4590,MR13 MR02 MR04 MR06 MR08 MR12 MR11 MR09 MR10 MR07 MR14,11,22,22,1.00000000
4591,MR13 MR02 MR04 MR08 MR14 MR06 MR11 MR09 MR10 MR07 MR12,11,21,21,1.00000000
4592,MR12 MR10 MR02 MR08 MR11 MR07 MR04 MR09 MR14 MR06,10,26,22,0.84615385
4593,MR12 MR02 MR04 MR08 MR11 MR07 MR14 MR09 MR10 MR13 MR06,11,21,21,1.00000000
4594,MR13 MR02 MR04 MR08 MR11 MR06 MR09 MR10 MR07 MR12 MR14,11,24,24,1.00000000
4595,MR13 MR02 MR04 MR08 MR11 MR06 MR09 MR10 MR12 MR07,10,21,18,0.85714286
4596,MR13 MR11 MR02 MR04 MR08 MR12 MR06 MR09 MR10 MR07 MR14,11,28,28,1.00000000
4597,MR13 MR11 MR02 MR04 MR08 MR14 MR06 MR09 MR10 MR12 MR07,11,21,21,1.00000000
4598,MR13 MR11 MR02 MR04 MR08 MR07 MR09 MR10 MR12 MR06 MR14,11,19,19,1.00000000
4599,MR07 MR10 MR02 MR08 MR14 MR11 MR12 MR04 MR09 MR06 MR13,11,26,26,1.00000000
4600,MR13 MR11 MR02 MR04 MR08 MR06 MR09 MR10 MR14 MR07,10,26,23,0.88461538
4601,MR13 MR11 MR02 MR04 MR08 MR14 MR06 MR09 MR10 MR07 MR12,11,22,22,1.00000000
4602,MR13 MR02 MR04 MR08 MR11 MR07 MR09 MR10 MR06 MR12 MR14,11,26,26,1.00000000
4603,MR13 MR02 MR04 MR08 MR11 MR07 MR09 MR10 MR12 MR14 MR06,11,21,21,1.00000000
4604,MR13 MR02 MR04 MR08 MR11 MR06 MR07 MR09 MR10 MR14 MR12,11,16,16,1.00000000
4605,MR13 MR02 MR04 MR07 MR08 MR06 MR09 MR10 MR11 MR14 MR12,11,26,26,1.00000000
4606,MR13 MR11 MR02 MR04 MR08 MR07 MR09 MR10 MR06 MR12 MR14,11,23,23,1.00000000
4607,MR13 MR02 MR04 MR08 MR11 MR06 MR14 MR07 MR09 MR10 MR12,11,24,24,1.00000000
4608,MR13 MR02 MR04 MR08 MR06 MR11 MR12 MR07 MR09 MR10 MR14,11,27,27,1.00000000
4609,MR13 MR11 MR02 MR04 MR08 MR06 MR09 MR10 MR14 MR07 MR12,11,28,28,1.00000000
4610,MR13 MR02 MR04 MR08 MR07 MR11 MR09 MR10 MR06 MR12 MR14,11,26,26,1.00000000
4611,MR13 MR11 MR02 MR04 MR08 MR12 MR07 MR09 MR10 MR14 MR06,11,26,26,1.00000000
4612,MR13 MR11 MR02 MR04 MR08 MR07 MR09 MR10 MR06 MR14,10,23,20,0.86956522
4613,MR13 MR02 MR04 MR08 MR11 MR06 MR07 MR09 MR10 MR14 MR12,11,25,25,1.00000000
4614,MR13 MR11 MR02 MR04 MR08 MR14 MR07 MR09 MR10 MR12 MR06,11,24,24,1.00000000
4615,MR08 MR04 MR11 MR02 MR12 MR14 MR06 MR09 MR10 MR07 MR13,11,25,25,1.00000000
4616,MR13 MR02 MR04 MR08 MR06 MR11 MR07 MR09 MR10 MR14 MR12,11,26,26,1.00000000
4617,MR12 MR10 MR11 MR02 MR08 MR04 MR06 MR09 MR13 MR07 MR14,11,21,21,1.00000000
4618,MR12 MR02 MR04 MR08 MR06 MR07 MR14 MR13 MR09 MR10 MR11,11,25,25,1.00000000
4619,MR13 MR11 MR02 MR04 MR08 MR12 MR09 MR10 MR07 MR14 MR06,11,23,23,1.00000000
4620,MR13 MR02 MR04 MR08 MR06 MR11 MR07 MR09 MR10 MR12 MR14,11,21,21,1.00000000
4621,MR13 MR02 MR04 MR08 MR07 MR14 MR11 MR06 MR09 MR10 MR12,11,22,22,1.00000000
4622,MR13 MR02 MR04 MR08 MR11 MR14 MR06 MR09 MR10 MR07 MR12,11,26,26,1.00000000
4623,MR13 MR02 MR04 MR07 MR08 MR11 MR12 MR14 MR09 MR10 MR06,11,28,28,1.00000000
4624,MR12 MR02 MR04 MR08 MR06 MR07 MR11 MR09 MR10 MR13 MR14,11,26,26,1.00000000
4625,MR13 MR02 MR04 MR08 MR12 MR06 MR07 MR11 MR09 MR10 MR14,11,21,21,1.00000000
4626,MR13 MR02 MR04 MR08 MR14 MR11 MR06 MR07 MR09 MR10,10,20,17,0.85000000
4627,MR12 MR07 MR10 MR02 MR08 MR11 MR04 MR09 MR13 MR06,10,26,23,0.88461538
4628,MR13 MR11 MR02 MR04 MR08 MR12 MR06 MR09 MR10 MR07 MR14,11,28,28,1.00000000
4629,MR13 MR02 MR04 MR08 MR14 MR06 MR07 MR11 MR09 MR10,10,24,21,0.87500000
4630,MR13 MR02 MR04 MR08 MR07 MR11 MR06 MR09 MR10 MR12 MR14,11,23,23,1.00000000
4631,MR13 MR11 MR02 MR04 MR08 MR06 MR09 MR10 MR12 MR07 MR14,11,22,22,1.00000000
4632,MR13 MR02 MR04 MR08 MR06 MR07 MR09 MR10 MR11 MR12,10,29,26,0.89655172
4633,MR13 MR02 MR04 MR08 MR11 MR14 MR07 MR09 MR10 MR06 MR12,11,23,23,1.00000000
4634,MR13 MR02 MR04 MR08 MR06 MR11 MR07 MR09 MR10 MR12 MR14,11,24,24,1.00000000
4635,MR13 MR02 MR04 MR08 MR07 MR11 MR06 MR09 MR10 MR12 MR14,11,27,27,1.00000000
4636,MR13 MR02 MR04 MR07 MR08 MR11 MR09 MR10 MR12 MR14 MR06,11,24,24,1.00000000
4637,MR13 MR11 MR02 MR04 MR08 MR06 MR09 MR10 MR07 MR12 MR14,11,22,22,1.00000000
4638,MR13 MR02 MR04 MR07 MR08 MR14 MR11 MR12 MR09 MR10 MR06,11,24,24,1.00000000
4639,MR13 MR02 MR04 MR08 MR06 MR12 MR11 MR07 MR09 MR10 MR14,11,24,24,1.00000000
4640,MR13 MR11 MR02 MR04 MR08 MR06 MR09 MR10 MR07 MR12 MR14,11,27,27,1.00000000
4641,MR13 MR02 MR04 MR08 MR11 MR07 MR09 MR10 MR14 MR06 MR12,11,25,25,1.00000000
4642,MR13 MR02 MR04 MR08 MR06 MR07 MR11 MR09 MR10 MR12 MR14,11,22,22,1.00000000
4643,MR13 MR11 MR02 MR04 MR08 MR09 MR10 MR14 MR07 MR12 MR06,11,25,25,1.00000000
4644,MR13 MR02 MR04 MR08 MR07 MR11 MR12 MR06 MR09 MR10 MR14,11,27,27,1.00000000
4645,MR13 MR02 MR04 MR08 MR11 MR06 MR07 MR09 MR10 MR14 MR12,11,23,23,1.00000000
4646,MR12 MR10 MR02 MR08 MR11 MR07 MR04 MR09 MR14 MR06 MR05,11,28,25,0.89285714
4647,MR13 MR02 MR04 MR07 MR08 MR11 MR09 MR10 MR06 MR12 MR14,11,22,22,1.00000000
4648,MR13 MR02 MR04 MR08 MR07 MR12 MR11 MR06 MR09 MR10,10,19,16,0.84210526
4649,MR13 MR11 MR02 MR04 MR08 MR07 MR09 MR10 MR06 MR12 MR14,11,23,23,1.00000000
4650,MR13 MR11 MR02 MR04 MR08 MR09 MR10 MR07 MR12 MR06 MR14,11,25,25,1.00000000
4651,MR13 MR11 MR02 MR04 MR08 MR06 MR09 MR10 MR12 MR07 MR14,11,25,25,1.00000000
4652,MR13 MR02 MR04 MR08 MR11 MR14 MR07 MR09 MR10 MR12 MR06,11,25,25,1.00000000
4653,MR12 MR02 MR04 MR08 MR11 MR06 MR07 MR09 MR10 MR13 MR14,11,26,26,1.00000000
4654,MR13 MR11 MR02 MR04 MR08 MR09 MR10 MR14 MR06 MR07 MR12,11,20,20,1.00000000
4655,MR13 MR11 MR02 MR04 MR08 MR06 MR09 MR10 MR07 MR12,10,25,22,0.88000000
4656,MR13 MR02 MR04 MR08 MR11 MR07 MR12 MR09 MR10 MR06 MR14,11,25,25,1.00000000
4657,MR13 MR02 MR04 MR08 MR11 MR07 MR14 MR06 MR09 MR10 MR12,11,23,23,1.00000000
4658,MR13 MR11 MR02 MR04 MR08 MR09 MR10 MR06 MR12 MR14,10,25,22,0.88000000
4659,MR13 MR02 MR04 MR08 MR11 MR06 MR09 MR10 MR12 MR07 MR14,11,24,24,1.00000000
4660,MR13 MR02 MR04 MR08 MR11 MR06 MR14 MR07 MR09 MR10 MR12,11,25,25,1.00000000
4661,MR13 MR02 MR04 MR07 MR08 MR11 MR12 MR09 MR10 MR14 MR06,11,24,24,1.00000000
4662,MR13 MR02 MR04 MR08 MR11 MR07 MR14 MR09 MR10 MR06 MR12,11,22,22,1.00000000
4663,MR13 MR02 MR04 MR08 MR11 MR07 MR09 MR10 MR12 MR14 MR06,11,25,25,1.00000000
4664,MR12 MR11 MR02 MR04 MR08 MR14 MR07 MR09 MR10 MR13 MR06,11,26,26,1.00000000
4665,MR13 MR02 MR04 MR07 MR08 MR11 MR12 MR09 MR10 MR14 MR06,11,16,16,1.00000000
4666,MR13 MR11 MR02 MR04 MR08 MR09 MR10 MR12 MR06 MR07,10,27,24,0.88888889
4667,MR13 MR02 MR04 MR08 MR11 MR07 MR06 MR09 MR10 MR12 MR14,11,21,21,1.00000000
4668,MR13 MR06 MR02 MR04 MR08 MR09 MR10 MR11 MR14 MR07 MR12,11,27,27,1.00000000
4669,MR13 MR02 MR04 MR08 MR11 MR07 MR09 MR10 MR12 MR14 MR06,11,22,22,1.00000000
4670,MR08 MR04 MR11 MR02 MR13 MR14 MR07 MR09 MR10 MR12 MR06,11,23,23,1.00000000
4671,MR13 MR02 MR04 MR07 MR08 MR11 MR09 MR10 MR12 MR14 MR06,11,23,23,1.00000000
4672,MR13 MR11 MR02 MR04 MR08 MR06 MR09 MR10 MR14 MR07 MR12,11,22,22,1.00000000
4673,MR13 MR02 MR04 MR08 MR07 MR11 MR09 MR10 MR12 MR06,10,20,17,0.85000000
4674,MR13 MR02 MR04 MR08 MR11 MR14 MR07 MR06 MR09 MR10 MR12,11,27,27,1.00000000
4675,MR12 MR10 MR02 MR08 MR11 MR07 MR04 MR06 MR09 MR14 MR13,11,20,20,1.00000000
4676,MR13 MR02 MR04 MR08 MR11 MR14 MR06 MR07 MR09 MR10,10,24,21,0.87500000
4677,MR13 MR02 MR04 MR08 MR11 MR07 MR12 MR06 MR09 MR10 MR14,11,20,20,1.00000000
4678,MR13 MR02 MR04 MR08 MR11 MR06 MR09 MR10 MR12 MR07 MR14,11,27,27,1.00000000
4679,MR13 MR02 MR04 MR08 MR11 MR06 MR07 MR09 MR10 MR12 MR14,11,22,22,1.00000000
4680,MR13 MR11 MR02 MR04 MR08 MR12 MR09 MR10 MR06 MR07 MR14,11,21,21,1.00000000
4681,MR13 MR02 MR04 MR08 MR06 MR11 MR07 MR09 MR10 MR14 MR12,11,25,25,1.00000000
4682,MR13 MR02 MR04 MR08 MR11 MR14 MR06 MR09 MR10 MR07 MR12,11,17,17,1.00000000
4683,MR13 MR02 MR04 MR06 MR08 MR11 MR09 MR10 MR12 MR07 MR14,11,24,24,1.00000000
4684,MR12 MR11 MR10 MR02 MR08 MR04 MR09 MR06 MR13 MR14,10,25,22,0.88000000
4685,MR13 MR11 MR02 MR04 MR08 MR14 MR09 MR10 MR12 MR07,10,24,21,0.87500000
4686,MR13 MR11 MR02 MR04 MR08 MR07 MR12 MR09 MR10 MR06 MR14,11,28,28,1.00000000
4687,MR13 MR11 MR02 MR04 MR08 MR09 MR10 MR14 MR06 MR07,10,26,23,0.88461538
4688,MR08 MR10 MR02 MR07 MR14 MR11 MR13 MR04 MR06 MR09 MR12,11,25,25,1.00000000
4689,MR13 MR11 MR02 MR04 MR08 MR06 MR09 MR10 MR12 MR14 MR07,11,26,26,1.00000000
4690,MR12 MR10 MR02 MR08 MR11 MR06 MR04 MR07 MR09 MR13 MR14,11,25,25,1.00000000
4691,MR13 MR02 MR04 MR08 MR11 MR07 MR06 MR09 MR10 MR12 MR14,11,24,24,1.00000000
4692,MR12 MR11 MR10 MR02 MR08 MR04 MR07 MR09 MR14 MR13 MR06,11,21,21,1.00000000
4693,MR12 MR11 MR02 MR04 MR08 MR14 MR06 MR09 MR10 MR13 MR07,11,23,23,1.00000000
4694,MR13 MR02 MR04 MR06 MR08 MR07 MR09 MR10 MR11 MR12 MR14,11,22,22,1.00000000
4695,MR13 MR02 MR04 MR08 MR06 MR11 MR14 MR09 MR10 MR12 MR07,11,24,24,1.00000000
4696,MR12 MR10 MR02 MR08 MR11 MR06 MR04 MR07 MR09 MR13 MR14,11,20,20,1.00000000
4697,MR13 MR02 MR04 MR08 MR06 MR11 MR07 MR09 MR10 MR12,10,26,23,0.88461538
4698,MR13 MR11 MR02 MR04 MR08 MR06 MR09 MR10 MR14 MR07 MR12,11,26,26,1.00000000
4699,MR13 MR02 MR04 MR08 MR06 MR11 MR14 MR09 MR10 MR07 MR12,11,27,27,1.00000000
4700,MR12 MR10 MR11 MR02 MR08 MR14 MR04 MR06 MR09 MR07,10,28,24,0.85714286
4701,MR13 MR02 MR04 MR08 MR11 MR07 MR09 MR10 MR14 MR06,10,25,22,0.88000000
4702,MR13 MR02 MR04 MR06 MR08 MR11 MR14 MR12 MR09 MR10 MR07,11,27,27,1.00000000
4703,MR13 MR02 MR04 MR08 MR06 MR11 MR07 MR09 MR10 MR12 MR14,11,25,25,1.00000000
4704,MR13 MR02 MR04 MR08 MR11 MR06 MR14 MR07 MR09 MR10 MR12,11,22,22,1.00000000
4705,MR12 MR10 MR02 MR06 MR08 MR11 MR13 MR04 MR09 MR07 MR14,11,26,26,1.00000000
4706,MR13 MR02 MR04 MR08 MR11 MR07 MR14 MR06 MR09 MR10 MR12,11,26,26,1.00000000
4707,MR13 MR11 MR02 MR04 MR08 MR06 MR09 MR10 MR07 MR12 MR14,11,24,24,1.00000000
4708,MR13 MR02 MR04 MR08 MR11 MR06 MR07 MR09 MR10 MR12 MR14,11,30,30,1.00000000
4709,MR13 MR02 MR04 MR08 MR11 MR06 MR07 MR09 MR10 MR12 MR14,11,24,24,1.00000000
4710,MR08 MR10 MR11 MR02 MR14 MR04 MR06 MR09 MR13 MR12 MR07,11,21,21,1.00000000
4711,MR13 MR11 MR02 MR04 MR08 MR14 MR07 MR09 MR10 MR06 MR12,11,28,28,1.00000000
4712,MR13 MR11 MR02 MR04 MR08 MR09 MR10 MR14 MR12 MR06 MR07,11,24,24,1.00000000
4713,MR12 MR02 MR04 MR08 MR11 MR13 MR06 MR07 MR09 MR10 MR14,11,25,25,1.00000000
4714,MR13 MR11 MR02 MR04 MR08 MR14 MR07 MR09 MR10 MR06 MR12,11,25,25,1.00000000
4715,MR12 MR10 MR11 MR02 MR08 MR06 MR14 MR04 MR09 MR13,10,26,23,0.88461538
4716,MR13 MR11 MR02 MR04 MR08 MR06 MR09 MR10 MR12 MR14 MR07,11,18,18,1.00000000
4717,MR13 MR02 MR04 MR08 MR11 MR07 MR12 MR09 MR10 MR06 MR14,11,23,23,1.00000000
4718,MR13 MR11 MR14 MR02 MR04 MR08 MR09 MR10 MR06 MR07,10,27,24,0.88888889
4719,MR13 MR02 MR04 MR08 MR14 MR06 MR11 MR07 MR09 MR10 MR12,11,27,27,1.00000000
4720,MR13 MR02 MR04 MR06 MR08 MR11 MR12 MR09 MR10 MR14 MR07,11,19,19,1.00000000
4721,MR13 MR11 MR02 MR04 MR08 MR06 MR09 MR10 MR07 MR12 MR14,11,22,22,1.00000000
4722,MR13 MR11 MR02 MR04 MR08 MR07 MR09 MR10 MR12 MR14 MR06,11,24,24,1.00000000
4723,MR13 MR11 MR02 MR04 MR08 MR12 MR14 MR06 MR09 MR10 MR07,11,18,18,1.00000000
4724,MR13 MR02 MR04 MR07 MR08 MR11 MR14 MR09 MR10 MR12 MR06,11,24,24,1.00000000
4725,MR13 MR02 MR04 MR07 MR08 MR11 MR09 MR10 MR12 MR06 MR14,11,26,26,1.00000000
4726,MR13 MR07 MR02 MR04 MR08 MR11 MR09 MR10 MR14 MR12,10,25,22,0.88000000
4727,MR13 MR02 MR04 MR08 MR07 MR11 MR06 MR09 MR10 MR14 MR12,11,23,23,1.00000000
4728,MR08 MR10 MR11 MR02 MR06 MR04 MR09 MR12 MR13 MR14 MR07,11,24,24,1.00000000
4729,MR13 MR07 MR02 MR04 MR08 MR12 MR09 MR10 MR06 MR11 MR14,11,27,27,1.00000000
4730,MR13 MR11 MR02 MR04 MR08 MR06 MR09 MR10 MR12 MR14 MR07,11,24,24,1.00000000
4731,MR13 MR02 MR04 MR08 MR11 MR06 MR09 MR10 MR12 MR14 MR07,11,23,23,1.00000000
4732,MR12 MR10 MR02 MR08 MR11 MR06 MR04 MR09 MR07 MR13 MR14,11,28,28,1.00000000
4733,MR12 MR10 MR02 MR08 MR06 MR07 MR13 MR04 MR09 MR11 MR14,11,29,29,1.00000000
4734,MR13 MR02 MR04 MR08 MR11 MR14 MR06 MR07 MR09 MR10 MR12,11,27,27,1.00000000
4735,MR13 MR02 MR04 MR08 MR11 MR06 MR09 MR10 MR12 MR07 MR14,11,27,27,1.00000000
4736,MR05 MR02 MR04 MR08 MR11 MR06 MR14 MR09 MR10 MR07,10,26,20,0.76923077
4737,MR13 MR02 MR04 MR08 MR11 MR07 MR09 MR10 MR12 MR14 MR06,11,22,22,1.00000000
4738,MR06 MR10 MR02 MR08 MR11 MR12 MR14 MR04 MR09 MR13 MR07,11,26,26,1.00000000
4739,MR13 MR11 MR02 MR04 MR08 MR14 MR07 MR09 MR10 MR06 MR12,11,21,21,1.00000000
4740,MR13 MR02 MR04 MR08 MR06 MR11 MR12 MR14 MR07 MR09 MR10,11,21,21,1.00000000
4741,MR13 MR02 MR04 MR08 MR11 MR07 MR14 MR09 MR10 MR06 MR12,11,26,26,1.00000000
4742,MR12 MR10 MR02 MR08 MR11 MR07 MR04 MR09 MR13 MR14 MR06,11,23,23,1.00000000
4743,MR13 MR11 MR02 MR04 MR08 MR09 MR10 MR12 MR14 MR06 MR07,11,25,25,1.00000000
4744,MR13 MR02 MR04 MR08 MR11 MR12 MR14 MR06 MR07 MR09 MR10,11,26,26,1.00000000
4745,MR13 MR02 MR04 MR08 MR11 MR06 MR09 MR10 MR14 MR07 MR12,11,27,27,1.00000000
4746,MR13 MR07 MR02 MR04 MR08 MR06 MR09 MR10 MR14 MR11 MR12,11,25,25,1.00000000
4747,MR13 MR11 MR02 MR04 MR08 MR07 MR14 MR09 MR10 MR12 MR06,11,20,20,1.00000000
4748,MR13 MR02 MR04 MR08 MR11 MR06 MR09 MR10 MR07 MR12,10,27,24,0.88888889
4749,MR08 MR10 MR02 MR14 MR07 MR11 MR04 MR06 MR09 MR13 MR12,11,28,28,1.00000000
4750,MR13 MR11 MR02 MR04 MR08 MR07 MR09 MR10 MR14 MR06 MR12,11,22,22,1.00000000
4751,MR13 MR11 MR02 MR04 MR08 MR09 MR10 MR12 MR06 MR07 MR14,11,26,26,1.00000000
4752,MR08 MR10 MR11 MR02 MR07 MR12 MR04 MR09 MR14 MR06 MR13,11,27,27,1.00000000
4753,MR13 MR11 MR02 MR04 MR08 MR14 MR12 MR07 MR09 MR10 MR06,11,22,22,1.00000000
4754,MR13 MR02 MR04 MR08 MR06 MR11 MR14 MR07 MR09 MR10 MR12,11,24,24,1.00000000
4755,MR13 MR11 MR14 MR02 MR04 MR08 MR07 MR09 MR10 MR12 MR06,11,27,27,1.00000000
4756,MR13 MR02 MR04 MR08 MR07 MR11 MR12 MR06 MR09 MR10,10,27,24,0.88888889
4757,MR13 MR02 MR04 MR08 MR11 MR06 MR07 MR09 MR10 MR12 MR14,11,23,23,1.00000000
4758,MR13 MR02 MR04 MR08 MR11 MR07 MR06 MR09 MR10 MR12 MR14,11,22,22,1.00000000
4759,MR13 MR02 MR04 MR08 MR11 MR14 MR06 MR07 MR09 MR10 MR12,11,19,19,1.00000000
4760,MR13 MR11 MR02 MR04 MR08 MR12 MR09 MR10 MR07 MR06 MR14,11,26,26,1.00000000
4761,MR13 MR02 MR04 MR07 MR08 MR11 MR12 MR14 MR09 MR10 MR06,11,20,20,1.00000000
4762,MR13 MR11 MR02 MR04 MR08 MR12 MR09 MR10 MR06 MR07 MR14,11,21,21,1.00000000
4763,MR13 MR02 MR04 MR08 MR11 MR14 MR07 MR06 MR09 MR10 MR12,11,22,22,1.00000000
4764,MR13 MR02 MR04 MR08 MR11 MR06 MR07 MR09 MR10 MR14,10,27,24,0.88888889
4765,MR13 MR02 MR04 MR08 MR07 MR11 MR09 MR10 MR06 MR14 MR12,11,26,26,1.00000000
4766,MR13 MR02 MR04 MR08 MR11 MR06 MR12 MR14 MR07 MR09 MR10,11,23,23,1.00000000
4767,MR13 MR11 MR02 MR04 MR08 MR12 MR06 MR09 MR10 MR14 MR07,11,25,25,1.00000000
4768,MR13 MR11 MR02 MR04 MR08 MR12 MR14 MR09 MR10 MR06 MR07,11,27,27,1.00000000
4769,MR05 MR02 MR04 MR08 MR11 MR06 MR12 MR07 MR09 MR10 MR14,11,25,22,0.88000000
4770,MR13 MR11 MR02 MR04 MR08 MR12 MR07 MR09 MR10 MR06 MR14,11,28,28,1.00000000
4771,MR05 MR02 MR04 MR08 MR11 MR06 MR12 MR07 MR09 MR10 MR14,11,26,23,0.88461538
4772,MR13 MR14 MR02 MR04 MR08 MR11 MR06 MR07 MR09 MR10 MR12,11,25,25,1.00000000
4773,MR13 MR11 MR02 MR04 MR08 MR06 MR09 MR10 MR07 MR12 MR14,11,26,26,1.00000000
4774,MR13 MR02 MR04 MR08 MR11 MR06 MR07 MR09 MR10 MR12,10,23,20,0.86956522
4775,MR13 MR02 MR04 MR08 MR11 MR06 MR07 MR09 MR10 MR14,10,27,24,0.88888889
4776,MR13 MR02 MR04 MR07 MR08 MR11 MR14 MR09 MR10 MR12 MR06,11,19,19,1.00000000
4777,MR08 MR10 MR02 MR11 MR06 MR14 MR04 MR07 MR09 MR13 MR12,11,22,22,1.00000000
4778,MR13 MR11 MR02 MR04 MR08 MR12 MR14 MR09 MR10 MR06 MR07,11,26,26,1.00000000
4779,MR13 MR02 MR04 MR08 MR11 MR06 MR12 MR09 MR10 MR07 MR14,11,22,22,1.00000000
4780,MR13 MR02 MR04 MR08 MR11 MR07 MR06 MR09 MR10 MR12 MR14,11,27,27,1.00000000
4781,MR13 MR11 MR02 MR04 MR08 MR14 MR07 MR09 MR10 MR12 MR06,11,18,18,1.00000000
4782,MR12 MR10 MR11 MR02 MR08 MR04 MR07 MR09 MR13 MR14 MR06,11,27,27,1.00000000
4783,MR13 MR11 MR02 MR04 MR08 MR06 MR09 MR10 MR14 MR07 MR12,11,24,24,1.00000000
4784,MR12 MR02 MR04 MR08 MR07 MR11 MR06 MR09 MR10 MR13 MR14,11,24,24,1.00000000
4785,MR13 MR02 MR04 MR06 MR08 MR11 MR14 MR09 MR10 MR12 MR07,11,22,22,1.00000000
4786,MR13 MR02 MR04 MR08 MR06 MR11 MR09 MR10 MR12 MR07 MR14,11,26,26,1.00000000
4787,MR08 MR10 MR02 MR06 MR11 MR14 MR04 MR09 MR13 MR07 MR12,11,19,19,1.00000000
4788,MR13 MR02 MR04 MR08 MR11 MR06 MR09 MR10 MR12 MR07 MR14,11,23,23,1.00000000
4789,MR13 MR02 MR04 MR08 MR07 MR11 MR09 MR10 MR12 MR06 MR14,11,19,19,1.00000000
4790,MR13 MR06 MR02 MR04 MR08 MR09 MR10 MR11 MR12 MR14 MR07,11,26,26,1.00000000
4791,MR12 MR10 MR02 MR08 MR11 MR06 MR04 MR07 MR09 MR13 MR14,11,18,18,1.00000000
4792,MR13 MR11 MR02 MR04 MR08 MR07 MR09 MR10 MR12 MR14 MR06,11,24,24,1.00000000
4793,MR13 MR11 MR02 MR04 MR08 MR09 MR10 MR12 MR06 MR07 MR14,11,22,22,1.00000000
4794,MR13 MR02 MR04 MR07 MR08 MR11 MR12 MR14 MR09 MR10 MR06,11,24,24,1.00000000
4795,MR13 MR02 MR04 MR08 MR11 MR06 MR07 MR09 MR10 MR14 MR12,11,22,22,1.00000000
4796,MR13 MR11 MR02 MR04 MR08 MR06 MR09 MR10 MR07 MR12 MR14,11,25,25,1.00000000
4797,MR13 MR02 MR04 MR08 MR11 MR12 MR07 MR06 MR09 MR10 MR14,11,25,25,1.00000000
4798,MR13 MR02 MR04 MR08 MR11 MR07 MR14 MR09 MR10 MR12 MR06,11,22,22,1.00000000
4799,MR13 MR02 MR04 MR08 MR11 MR14 MR06 MR07 MR09 MR10 MR12,11,26,26,1.00000000
4800,MR05 MR02 MR04 MR08 MR07 MR11 MR14 MR09 MR10 MR06 MR12,11,26,23,0.88461538
4801,MR13 MR02 MR04 MR08 MR11 MR06 MR09 MR10 MR14 MR07 MR12,11,21,21,1.00000000
4802,MR13 MR11 MR02 MR04 MR08 MR14 MR12 MR07 MR09 MR10 MR06,11,20,20,1.00000000
4803,MR13 MR02 MR04 MR08 MR06 MR11 MR09 MR10 MR12 MR14 MR07,11,23,23,1.00000000
4804,MR13 MR02 MR04 MR06 MR08 MR11 MR09 MR10 MR12 MR07 MR14,11,27,27,1.00000000
4805,MR13 MR11 MR02 MR04 MR08 MR12 MR09 MR10 MR06 MR07 MR14,11,22,22,1.00000000
4806,MR08 MR10 MR02 MR11 MR14 MR07 MR04 MR09 MR06 MR13 MR12,11,23,23,1.00000000
4807,MR12 MR11 MR02 MR04 MR08 MR14 MR07 MR09 MR10 MR13 MR06,11,30,30,1.00000000
4808,MR13 MR02 MR04 MR08 MR06 MR07 MR11 MR14 MR09 MR10,10,29,26,0.89655172
4809,MR13 MR11 MR02 MR04 MR08 MR07 MR09 MR10 MR12 MR14,10,23,20,0.86956522
4810,MR13 MR02 MR04 MR08 MR11 MR06 MR09 MR10 MR12 MR07 MR14,11,23,23,1.00000000
4811,MR13 MR02 MR04 MR07 MR08 MR11 MR09 MR10 MR06 MR12 MR14,11,24,24,1.00000000
4812,MR13 MR11 MR02 MR04 MR08 MR06 MR09 MR10 MR12 MR14 MR07,11,24,24,1.00000000
4813,MR13 MR02 MR04 MR08 MR07 MR11 MR06 MR09 MR10 MR12 MR14,11,23,23,1.00000000
4814,MR13 MR11 MR02 MR04 MR08 MR06 MR09 MR10 MR12 MR14 MR07,11,24,24,1.00000000
4815,MR13 MR02 MR04 MR08 MR11 MR12 MR07 MR06 MR09 MR10 MR14,11,26,26,1.00000000
4816,MR13 MR02 MR04 MR07 MR08 MR11 MR09 MR10 MR12 MR14 MR06,11,25,25,1.00000000
4817,MR12 MR10 MR02 MR08 MR11 MR06 MR14 MR04 MR07 MR09,10,22,18,0.81818182
4818,MR12 MR10 MR02 MR08 MR11 MR04 MR06 MR07 MR09 MR13 MR14,11,25,25,1.00000000
4819,MR12 MR10 MR02 MR08 MR11 MR13 MR04 MR06 MR07 MR09 MR14,11,24,24,1.00000000
4820,MR12 MR02 MR04 MR08 MR14 MR07 MR11 MR09 MR10 MR06 MR05,11,26,23,0.88461538
4821,MR13 MR11 MR02 MR04 MR08 MR06 MR09 MR10 MR07 MR12 MR14,11,24,24,1.00000000
4822,MR13 MR11 MR02 MR04 MR08 MR12 MR07 MR09 MR10 MR06 MR14,11,26,26,1.00000000
4823,MR13 MR11 MR02 MR04 MR08 MR14 MR09 MR10 MR06 MR07 MR12,11,21,21,1.00000000
4824,MR13 MR02 MR04 MR08 MR11 MR07 MR09 MR10 MR12 MR14 MR06,11,23,23,1.00000000
4825,MR13 MR11 MR02 MR04 MR08 MR14 MR06 MR09 MR10 MR07 MR12,11,27,27,1.00000000
4826,MR13 MR02 MR04 MR06 MR08 MR11 MR09 MR10 MR14 MR12 MR07,11,26,26,1.00000000
4827,MR13 MR02 MR04 MR08 MR11 MR07 MR14 MR09 MR10 MR06 MR12,11,23,23,1.00000000
4828,MR13 MR11 MR02 MR04 MR08 MR09 MR10 MR06 MR07 MR12 MR14,11,25,25,1.00000000
4829,MR13 MR11 MR02 MR04 MR08 MR06 MR09 MR10 MR12 MR14 MR07,11,26,26,1.00000000
4830,MR13 MR11 MR02 MR04 MR08 MR06 MR09 MR10 MR14,9,28,22,0.78571429
4831,MR13 MR02 MR04 MR08 MR11 MR06 MR12 MR07 MR09 MR10,10,22,19,0.86363636
4832,MR13 MR02 MR04 MR08 MR06 MR11 MR09 MR10 MR12 MR14 MR07,11,24,24,1.00000000
4833,MR13 MR02 MR04 MR08 MR12 MR06 MR07 MR11 MR14 MR09 MR10,11,21,21,1.00000000
4834,MR13 MR02 MR04 MR08 MR11 MR07 MR09 MR10 MR06 MR14 MR12,11,22,22,1.00000000
4835,MR08 MR10 MR02 MR11 MR14 MR06 MR04 MR09 MR13 MR07 MR12,11,23,23,1.00000000
4836,MR12 MR11 MR02 MR04 MR08 MR06 MR09 MR10 MR07 MR14 MR13,11,23,23,1.00000000
4837,MR13 MR11 MR02 MR04 MR08 MR14 MR06 MR09 MR10 MR12 MR07,11,24,24,1.00000000
4838,MR12 MR10 MR02 MR08 MR11 MR14 MR07 MR04 MR09 MR06 MR13,11,29,29,1.00000000
4839,MR08 MR10 MR02 MR11 MR14 MR04 MR06 MR07 MR09 MR12,10,26,22,0.84615385
4840,MR13 MR02 MR04 MR06 MR08 MR11 MR09 MR10 MR12 MR07 MR14,11,24,24,1.00000000
4841,MR13 MR02 MR04 MR08 MR11 MR14 MR07 MR09 MR10 MR12 MR06,11,23,23,1.00000000
4842,MR13 MR02 MR04 MR08 MR11 MR07 MR06 MR09 MR10 MR12 MR14,11,25,25,1.00000000
4843,MR13 MR11 MR02 MR04 MR08 MR14 MR07 MR09 MR10 MR12,10,24,21,0.87500000
4844,MR13 MR02 MR04 MR08 MR07 MR11 MR09 MR10 MR14 MR06 MR12,11,28,28,1.00000000
4845,MR13 MR02 MR04 MR08 MR06 MR11 MR12 MR09 MR10 MR07 MR14,11,21,21,1.00000000
4846,MR13 MR02 MR04 MR08 MR11 MR12 MR07 MR09 MR10 MR06 MR14,11,26,26,1.00000000
4847,MR13 MR02 MR04 MR08 MR11 MR07 MR09 MR10 MR14 MR06 MR12,11,20,20,1.00000000
4848,MR13 MR11 MR02 MR04 MR08 MR14 MR06 MR09 MR10 MR07,10,24,21,0.87500000
4849,MR13 MR02 MR04 MR08 MR12 MR11 MR06 MR07 MR09 MR10,10,27,24,0.88888889
4850,MR13 MR02 MR04 MR06 MR08 MR11 MR09 MR10 MR12 MR14,10,22,19,0.86363636
4851,MR13 MR02 MR04 MR08 MR06 MR11 MR12 MR09 MR10 MR07 MR14,11,21,21,1.00000000
4852,MR07 MR04 MR02 MR08 MR11 MR14 MR09 MR10 MR12 MR13 MR06,11,22,22,1.00000000
4853,MR13 MR02 MR04 MR08 MR11 MR12 MR06 MR07 MR09 MR10,10,24,21,0.87500000
4854,MR13 MR02 MR04 MR08 MR11 MR07 MR12 MR09 MR10 MR14 MR06,11,19,19,1.00000000
4855,MR13 MR02 MR04 MR08 MR11 MR06 MR12 MR07 MR09 MR10 MR14,11,23,23,1.00000000
4856,MR13 MR11 MR02 MR04 MR08 MR14 MR07 MR09 MR10 MR06 MR12,11,22,22,1.00000000
4857,MR13 MR11 MR02 MR04 MR08 MR07 MR09 MR10 MR14 MR06 MR12,11,24,24,1.00000000
4858,MR12 MR11 MR10 MR02 MR08 MR14 MR04 MR07 MR09 MR06,10,23,19,0.82608696
4859,MR13 MR02 MR04 MR08 MR11 MR06 MR07 MR09 MR10 MR12 MR14,11,25,25,1.00000000
4860,MR13 MR02 MR04 MR08 MR06 MR11 MR07 MR09 MR10 MR12 MR14,11,22,22,1.00000000
4861,MR13 MR02 MR04 MR08 MR06 MR11 MR12 MR09 MR10 MR07 MR14,11,21,21,1.00000000
4862,MR12 MR10 MR02 MR08 MR11 MR06 MR04 MR09 MR07 MR13 MR14,11,27,27,1.00000000
4863,MR13 MR02 MR04 MR08 MR11 MR07 MR12 MR09 MR10 MR14 MR06,11,21,21,1.00000000
4864,MR13 MR02 MR04 MR08 MR07 MR06 MR09 MR10 MR11 MR14,10,24,21,0.87500000
4865,MR13 MR11 MR02 MR04 MR08 MR12 MR14 MR06 MR09 MR10 MR07,11,21,21,1.00000000
4866,MR13 MR02 MR04 MR08 MR11 MR06 MR12 MR09 MR10 MR07 MR14,11,22,22,1.00000000
4867,MR13 MR11 MR02 MR04 MR08 MR09 MR10 MR12 MR06 MR07 MR14,11,27,27,1.00000000
4868,MR13 MR02 MR04 MR08 MR11 MR06 MR12 MR14 MR09 MR10 MR07,11,24,24,1.00000000
4869,MR13 MR07 MR02 MR04 MR08 MR09 MR10 MR11 MR06 MR12 MR14,11,27,27,1.00000000
4870,MR13 MR02 MR04 MR08 MR06 MR07 MR11 MR14 MR09 MR10 MR12,11,25,25,1.00000000
4871,MR13 MR11 MR02 MR04 MR08 MR14 MR09 MR10 MR07 MR06 MR12,11,28,28,1.00000000
4872,MR12 MR10 MR11 MR02 MR08 MR13 MR04 MR06 MR09 MR14 MR07,11,22,22,1.00000000
4873,MR13 MR07 MR02 MR04 MR08 MR11 MR14 MR09 MR10 MR06,10,25,22,0.88000000
4874,MR13 MR02 MR04 MR08 MR11 MR07 MR06 MR09 MR10 MR12 MR14,11,18,18,1.00000000
4875,MR13 MR11 MR02 MR04 MR08 MR09 MR10 MR12 MR14 MR06 MR07,11,28,28,1.00000000
4876,MR13 MR02 MR04 MR08 MR07 MR11 MR09 MR10 MR14 MR06 MR12,11,24,24,1.00000000
4877,MR13 MR11 MR02 MR04 MR08 MR14 MR09 MR10 MR07 MR12 MR06,11,21,21,1.00000000
4878,MR08 MR11 MR04 MR02 MR13 MR14 MR07 MR09 MR10 MR12 MR06,11,24,24,1.00000000
4879,MR12 MR11 MR10 MR02 MR08 MR04 MR05 MR07 MR09 MR14 MR06,11,25,22,0.88000000
4880,MR06 MR04 MR02 MR08 MR12 MR07 MR09 MR10 MR13 MR11 MR14,11,30,30,1.00000000
4881,MR13 MR02 MR04 MR08 MR11 MR06 MR07 MR09 MR10 MR14,10,24,21,0.87500000
4882,MR13 MR02 MR04 MR08 MR11 MR14 MR07 MR09 MR10 MR06,10,23,20,0.86956522
4883,MR13 MR02 MR04 MR08 MR11 MR06 MR09 MR10 MR14 MR07 MR12,11,25,25,1.00000000
4884,MR13 MR11 MR02 MR04 MR08 MR06 MR14 MR09 MR10 MR12,10,25,22,0.88000000
4885,MR13 MR02 MR04 MR07 MR08 MR11 MR12 MR09 MR10 MR14 MR06,11,26,26,1.00000000
4886,MR13 MR02 MR04 MR08 MR11 MR07 MR09 MR10 MR14 MR06 MR12,11,22,22,1.00000000
4887,MR08 MR10 MR11 MR02 MR12 MR14 MR04 MR09 MR06 MR07 MR13,11,25,25,1.00000000
4888,MR13 MR02 MR04 MR08 MR11 MR12 MR06 MR07 MR09 MR10 MR14,11,23,23,1.00000000
4889,MR13 MR02 MR04 MR08 MR11 MR06 MR09 MR10 MR07 MR12 MR14,11,21,21,1.00000000
4890,MR13 MR02 MR04 MR08 MR11 MR06 MR12 MR07 MR09 MR10 MR14,11,28,28,1.00000000
4891,MR12 MR10 MR02 MR08 MR11 MR14 MR04 MR06 MR07 MR09 MR13,11,29,29,1.00000000
4892,MR13 MR02 MR04 MR08 MR11 MR12 MR07 MR06 MR09 MR10 MR14,11,21,21,1.00000000
4893,MR13 MR11 MR02 MR04 MR08 MR09 MR10 MR12 MR06 MR07 MR14,11,24,24,1.00000000
4894,MR12 MR10 MR07 MR02 MR08 MR04 MR09 MR11 MR13 MR06 MR14,11,27,27,1.00000000
4895,MR13 MR11 MR02 MR04 MR08 MR12 MR14 MR07 MR09 MR10,10,21,18,0.85714286
4896,MR13 MR11 MR02 MR04 MR08 MR12 MR07 MR09 MR10 MR14 MR06,11,20,20,1.00000000
4897,MR13 MR11 MR02 MR04 MR08 MR12 MR09 MR10 MR06 MR07 MR14,11,24,24,1.00000000
4898,MR12 MR10 MR11 MR02 MR08 MR04 MR07 MR09 MR13 MR14,10,29,26,0.89655172
4899,MR13 MR11 MR14 MR02 MR04 MR08 MR06 MR09 MR10 MR07 MR12,11,24,24,1.00000000
4900,MR12 MR10 MR11 MR02 MR08 MR13 MR04 MR09 MR06 MR07 MR14,11,28,28,1.00000000
4901,MR13 MR02 MR04 MR08 MR07 MR11 MR09 MR10 MR12 MR14 MR06,11,23,23,1.00000000
4902,MR05 MR11 MR02 MR04 MR08 MR14 MR06 MR09 MR10 MR12 MR07,11,24,21,0.87500000
4903,MR08 MR10 MR11 MR02 MR14 MR12 MR04 MR07 MR09 MR13 MR06,11,23,23,1.00000000
4904,MR13 MR02 MR04 MR07 MR08 MR11 MR14 MR09 MR10 MR12 MR06,11,25,25,1.00000000
4905,MR13 MR11 MR02 MR04 MR08 MR07 MR09 MR10 MR06 MR12 MR14,11,23,23,1.00000000
4906,MR13 MR02 MR04 MR08 MR11 MR06 MR14 MR09 MR10 MR12 MR07,11,23,23,1.00000000
4907,MR13 MR02 MR04 MR07 MR08 MR06 MR09 MR10 MR12 MR14 MR11,11,26,26,1.00000000
4908,MR13 MR02 MR04 MR08 MR07 MR11 MR12 MR14 MR09 MR10 MR06,11,27,27,1.00000000
4909,MR13 MR02 MR04 MR08 MR07 MR14 MR11 MR06 MR09 MR10 MR12,11,21,21,1.00000000
4910,MR13 MR02 MR04 MR08 MR11 MR06 MR12 MR14 MR09 MR10 MR07,11,26,26,1.00000000
4911,MR13 MR02 MR04 MR07 MR08 MR12 MR06 MR09 MR10 MR11 MR14,11,31,31,1.00000000
4912,MR12 MR10 MR11 MR02 MR08 MR04 MR09 MR13 MR06 MR07 MR14,11,26,26,1.00000000
4913,MR13 MR11 MR02 MR04 MR08 MR07 MR09 MR10 MR12 MR06 MR14,11,24,24,1.00000000
4914,MR12 MR10 MR02 MR08 MR11 MR13 MR04 MR06 MR07 MR09 MR14,11,22,22,1.00000000
4915,MR08 MR10 MR02 MR11 MR12 MR07 MR04 MR06 MR09 MR13 MR14,11,20,20,1.00000000
4916,MR12 MR10 MR02 MR08 MR11 MR14 MR04 MR06 MR07 MR09 MR13,11,26,26,1.00000000
4917,MR08 MR10 MR02 MR11 MR06 MR14 MR04 MR09 MR12 MR13 MR07,11,21,21,1.00000000
4918,MR13 MR02 MR04 MR08 MR11 MR06 MR07 MR09 MR10 MR12 MR14,11,22,22,1.00000000
4919,MR13 MR02 MR04 MR08 MR11 MR07 MR09 MR10 MR12 MR14 MR06,11,25,25,1.00000000
4920,MR13 MR02 MR04 MR08 MR06 MR14 MR11 MR07 MR09 MR10 MR12,11,24,24,1.00000000
4921,MR13 MR02 MR04 MR08 MR06 MR07 MR09 MR10 MR11 MR12 MR14,11,25,25,1.00000000
4922,MR12 MR10 MR02 MR08 MR11 MR14 MR06 MR04 MR07 MR09 MR13,11,29,29,1.00000000
4923,MR13 MR11 MR02 MR04 MR08 MR12 MR06 MR09 MR10 MR14 MR07,11,24,24,1.00000000
4924,MR13 MR02 MR04 MR08 MR11 MR06 MR07 MR09 MR10 MR12 MR14,11,22,22,1.00000000
4925,MR13 MR11 MR02 MR04 MR08 MR07 MR09 MR10 MR12 MR14 MR06,11,22,22,1.00000000
4926,MR13 MR02 MR04 MR08 MR06 MR07 MR11 MR14 MR09 MR10 MR12,11,28,28,1.00000000
4927,MR13 MR02 MR04 MR08 MR11 MR06 MR09 MR10 MR12 MR14 MR07,11,24,24,1.00000000
4928,MR13 MR02 MR04 MR08 MR11 MR06 MR12 MR09 MR10 MR14 MR07,11,24,24,1.00000000
4929,MR13 MR02 MR04 MR08 MR06 MR11 MR09 MR10 MR07 MR14 MR12,11,28,28,1.00000000
4930,MR12 MR02 MR04 MR08 MR07 MR13 MR06 MR09 MR10 MR11 MR14,11,29,29,1.00000000
4931,MR12 MR10 MR02 MR08 MR11 MR04 MR06 MR07 MR09 MR13 MR14,11,24,24,1.00000000
4932,MR13 MR11 MR02 MR04 MR08 MR09 MR10 MR12 MR06 MR07 MR14,11,26,26,1.00000000
4933,MR08 MR10 MR02 MR07 MR14 MR06 MR13 MR04 MR09 MR11 MR12,11,23,23,1.00000000
4934,MR13 MR11 MR02 MR04 MR08 MR06 MR09 MR10 MR12 MR07 MR14,11,17,17,1.00000000
4935,MR13 MR14 MR02 MR04 MR06 MR08 MR11 MR09 MR10 MR12 MR07,11,26,26,1.00000000
4936,MR13 MR11 MR02 MR04 MR08 MR07 MR09 MR10 MR12 MR14 MR06,11,26,26,1.00000000
4937,MR13 MR11 MR02 MR04 MR08 MR14 MR06 MR09 MR10 MR07 MR12,11,24,24,1.00000000
4938,MR12 MR02 MR04 MR08 MR07 MR11 MR06 MR09 MR10 MR13 MR14,11,26,26,1.00000000
4939,MR12 MR10 MR02 MR08 MR11 MR06 MR04 MR09 MR13 MR07 MR14,11,24,24,1.00000000
4940,MR13 MR02 MR04 MR08 MR11 MR14 MR06 MR07 MR09 MR10 MR12,11,19,19,1.00000000
4941,MR13 MR02 MR04 MR08 MR11 MR07 MR09 MR10 MR12 MR14 MR06,11,23,23,1.00000000
4942,MR13 MR02 MR04 MR08 MR11 MR07 MR09 MR10 MR06 MR12 MR14,11,26,26,1.00000000
4943,MR13 MR02 MR04 MR08 MR11 MR07 MR09 MR10 MR12 MR14 MR06,11,21,21,1.00000000
4944,MR13 MR02 MR04 MR08 MR07 MR11 MR14 MR06 MR09 MR10 MR12,11,24,24,1.00000000
4945,MR13 MR02 MR04 MR08 MR14 MR06 MR11 MR07 MR09 MR10,10,24,21,0.87500000
4946,MR13 MR11 MR02 MR04 MR08 MR14 MR07 MR09 MR10 MR12 MR06,11,23,23,1.00000000
4947,MR13 MR02 MR04 MR08 MR06 MR11 MR07 MR09 MR10 MR14 MR12,11,24,24,1.00000000
4948,MR12 MR10 MR02 MR08 MR06 MR07 MR11 MR04 MR09 MR13 MR14,11,23,23,1.00000000
4949,MR12 MR11 MR02 MR04 MR08 MR09 MR10 MR06 MR07 MR13 MR14,11,26,26,1.00000000
4950,MR13 MR11 MR02 MR04 MR08 MR12 MR07 MR09 MR10 MR14 MR06,11,24,24,1.00000000
4951,MR13 MR02 MR04 MR08 MR06 MR07 MR11 MR09 MR10 MR14 MR12,11,22,22,1.00000000
4952,MR13 MR11 MR02 MR04 MR08 MR06 MR09 MR10 MR07 MR12 MR14,11,26,26,1.00000000
4953,MR13 MR02 MR04 MR08 MR11 MR12 MR06 MR07 MR09 MR10 MR14,11,30,30,1.00000000
4954,MR13 MR02 MR04 MR08 MR06 MR07 MR11 MR09 MR10 MR14 MR12,11,19,19,1.00000000
4955,MR13 MR02 MR04 MR08 MR11 MR06 MR09 MR10 MR07 MR12 MR14,11,22,22,1.00000000
4956,MR13 MR02 MR04 MR08 MR11 MR06 MR07 MR09 MR10 MR12 MR14,11,23,23,1.00000000
4957,MR13 MR02 MR04 MR08 MR11 MR06 MR07 MR09 MR10 MR12 MR14,11,28,28,1.00000000
4958,MR13 MR11 MR02 MR04 MR08 MR14 MR07 MR09 MR10 MR06 MR12,11,23,23,1.00000000
4959,MR12 MR10 MR02 MR07 MR08 MR04 MR06 MR09 MR11 MR14 MR05,11,24,21,0.87500000
4960,MR13 MR02 MR04 MR08 MR11 MR07 MR09 MR10 MR06 MR12 MR14,11,27,27,1.00000000
4961,MR06 MR10 MR02 MR08 MR11 MR04 MR09 MR12 MR14 MR13 MR07,11,26,26,1.00000000
4962,MR13 MR02 MR04 MR08 MR11 MR07 MR06 MR09 MR10 MR12 MR14,11,27,27,1.00000000
4963,MR13 MR11 MR02 MR04 MR08 MR12 MR07 MR09 MR10,9,28,22,0.78571429
4964,MR13 MR02 MR04 MR08 MR06 MR07 MR11 MR12 MR09 MR10 MR14,11,18,18,1.00000000
4965,MR12 MR10 MR02 MR08 MR06 MR07 MR11 MR04 MR09 MR14 MR13,11,25,25,1.00000000
4966,MR13 MR02 MR04 MR08 MR11 MR06 MR07 MR09 MR10 MR14 MR12,11,24,24,1.00000000
4967,MR13 MR02 MR04 MR08 MR11 MR06 MR07 MR09 MR10 MR12 MR14,11,19,19,1.00000000
4968,MR13 MR02 MR04 MR08 MR06 MR07 MR11 MR09 MR10 MR12,10,21,18,0.85714286
4969,MR13 MR11 MR02 MR04 MR08 MR09 MR10 MR06 MR07 MR12 MR14,11,25,25,1.00000000
4970,MR08 MR10 MR11 MR02 MR13 MR14 MR04 MR06 MR09 MR07 MR12,11,22,22,1.00000000
4971,MR08 MR10 MR02 MR11 MR14 MR07 MR04 MR09 MR06 MR12 MR13,11,23,23,1.00000000
4972,MR12 MR11 MR10 MR02 MR08 MR13 MR04 MR09 MR06 MR14 MR07,11,23,23,1.00000000
4973,MR13 MR02 MR04 MR08 MR11 MR06 MR12 MR07 MR09 MR10 MR14,11,19,19,1.00000000
4974,MR13 MR11 MR02 MR04 MR08 MR14 MR06 MR09 MR10 MR07 MR12,11,19,19,1.00000000
4975,MR13 MR11 MR02 MR04 MR08 MR06 MR09 MR10 MR14 MR07 MR12,11,21,21,1.00000000
4976,MR13 MR02 MR04 MR08 MR07 MR11 MR14 MR06 MR09 MR10 MR12,11,18,18,1.00000000
4977,MR13 MR02 MR04 MR08 MR07 MR11 MR06 MR09 MR10 MR12,10,22,19,0.86363636
4978,MR13 MR02 MR04 MR07 MR08 MR11 MR14 MR09 MR10 MR12,10,23,20,0.86956522
4979,MR13 MR11 MR02 MR04 MR08 MR06 MR09 MR10 MR07 MR12 MR14,11,24,24,1.00000000
4980,MR13 MR02 MR04 MR07 MR08 MR11 MR09 MR10 MR14 MR06 MR12,11,26,26,1.00000000
4981,MR05 MR11 MR02 MR04 MR08 MR12 MR07 MR09 MR10 MR14 MR06,11,25,22,0.88000000
4982,MR13 MR02 MR04 MR08 MR11 MR06 MR07 MR09 MR10 MR14 MR12,11,27,27,1.00000000
4983,MR13 MR11 MR02 MR04 MR08 MR14 MR09 MR10 MR12 MR06,10,27,24,0.88888889
4984,MR08 MR10 MR11 MR02 MR12 MR07 MR13 MR04 MR09 MR14 MR06,11,30,30,1.00000000
4985,MR13 MR02 MR04 MR08 MR11 MR06 MR07 MR09 MR10 MR12 MR14,11,23,23,1.00000000
4986,MR13 MR11 MR02 MR04 MR08 MR14 MR07 MR09 MR10 MR06 MR12,11,24,24,1.00000000
4987,MR13 MR02 MR04 MR08 MR11 MR06 MR07 MR09 MR10 MR12 MR14,11,25,25,1.00000000
4988,MR13 MR11 MR02 MR04 MR08 MR07 MR09 MR10 MR06 MR12 MR14,11,29,29,1.00000000
4989,MR13 MR02 MR04 MR08 MR11 MR12 MR06 MR07 MR09 MR10 MR14,11,22,22,1.00000000
4990,MR13 MR02 MR04 MR08 MR11 MR12 MR06 MR07 MR09 MR10 MR14,11,22,22,1.00000000
4991,MR13 MR11 MR02 MR04 MR08 MR12 MR06 MR09 MR10 MR14 MR07,11,18,18,1.00000000
4992,MR12 MR10 MR02 MR08 MR11 MR06 MR04 MR09 MR14 MR13 MR07,11,22,22,1.00000000
4993,MR13 MR02 MR04 MR08 MR06 MR11 MR07 MR09 MR10 MR12 MR14,11,21,21,1.00000000
4994,MR08 MR10 MR02 MR06 MR11 MR12 MR04 MR09 MR14 MR07 MR13,11,26,26,1.00000000
4995,MR05 MR02 MR04 MR08 MR06 MR11 MR14 MR07 MR09 MR10 MR12,11,27,24,0.88888889
4996,MR13 MR07 MR02 MR04 MR08 MR14 MR09 MR10 MR06 MR11 MR12,11,22,22,1.00000000
4997,MR13 MR06 MR02 MR04 MR08 MR12 MR09 MR10 MR07 MR11 MR14,11,21,21,1.00000000
4998,MR13 MR02 MR04 MR07 MR08 MR06 MR09 MR10 MR11 MR14 MR12,11,23,23,1.00000000
4999,MR12 MR10 MR11 MR02 MR08 MR07 MR04 MR09 MR05 MR14,10,24,18,0.75000000
5000,MR05 MR02 MR04 MR08 MR06 MR11 MR09 MR10 MR12 MR07 MR14,11,24,21,0.87500000
5001,MR13 MR11 MR02 MR04 MR08 MR12 MR06 MR09 MR10 MR14 MR07,11,25,25,1.00000000
5002,MR12 MR02 MR04 MR08 MR07 MR14 MR11 MR13 MR06 MR09 MR10,11,28,28,1.00000000
5003,MR13 MR14 MR11 MR02 MR04 MR08 MR06 MR09 MR10 MR07 MR12,11,25,25,1.00000000
5004,MR13 MR07 MR02 MR04 MR08 MR14 MR09 MR10 MR11 MR06 MR12,11,24,24,1.00000000
5005,MR12 MR10 MR02 MR07 MR08 MR04 MR06 MR09 MR11 MR13 MR14,11,26,26,1.00000000
5006,MR08 MR10 MR11 MR02 MR14 MR04 MR07 MR09 MR12 MR13 MR06,11,23,23,1.00000000
5007,MR13 MR11 MR02 MR04 MR08 MR14 MR07 MR09 MR10 MR12 MR06,11,26,26,1.00000000
5008,MR13 MR02 MR04 MR08 MR11 MR06 MR07 MR09 MR10 MR12 MR14,11,26,26,1.00000000
5009,MR13 MR02 MR04 MR08 MR07 MR11 MR14 MR09 MR10 MR06 MR12,11,26,26,1.00000000
5010,MR13 MR02 MR04 MR07 MR08 MR11 MR12 MR09 MR10 MR14 MR06,11,26,26,1.00000000
5011,MR13 MR11 MR02 MR04 MR08 MR06 MR09 MR10 MR14 MR07,10,26,23,0.88461538
5012,MR13 MR02 MR04 MR08 MR11 MR07 MR09 MR10 MR06 MR14 MR12,11,24,24,1.00000000
5013,MR13 MR02 MR04 MR08 MR11 MR07 MR09 MR10 MR06 MR14,10,25,22,0.88000000
5014,MR12 MR11 MR02 MR04 MR08 MR09 MR10 MR13 MR14 MR06 MR07,11,26,26,1.00000000
5015,MR12 MR11 MR02 MR04 MR08 MR14 MR09 MR10 MR06 MR07 MR13,11,22,22,1.00000000
5016,MR08 MR10 MR02 MR11 MR14 MR06 MR04 MR07 MR09 MR13 MR12,11,26,26,1.00000000
5017,MR13 MR11 MR02 MR04 MR08 MR12 MR06 MR09 MR10 MR14 MR07,11,22,22,1.00000000
5018,MR12 MR11 MR02 MR04 MR08 MR07 MR09 MR10 MR13 MR14 MR06,11,21,21,1.00000000
5019,MR13 MR02 MR04 MR08 MR11 MR07 MR09 MR10 MR12 MR14 MR06,11,22,22,1.00000000
5020,MR13 MR02 MR04 MR08 MR11 MR06 MR07 MR09 MR10 MR14,10,23,20,0.86956522
5021,MR13 MR02 MR04 MR08 MR11 MR06 MR07 MR09 MR10 MR14 MR12,11,24,24,1.00000000
5022,MR13 MR02 MR04 MR08 MR07 MR11 MR09 MR10 MR14 MR06 MR12,11,26,26,1.00000000
5023,MR13 MR02 MR04 MR08 MR14 MR06 MR07 MR11 MR09 MR10,10,24,21,0.87500000
5024,MR13 MR02 MR04 MR08 MR06 MR14 MR07 MR09 MR10 MR11 MR12,11,20,20,1.00000000
5025,MR13 MR02 MR04 MR08 MR11 MR12 MR07 MR14 MR09 MR10 MR06,11,26,26,1.00000000
5026,MR13 MR11 MR02 MR04 MR08 MR12 MR07 MR09 MR10 MR06 MR14,11,25,25,1.00000000
5027,MR13 MR02 MR04 MR08 MR07 MR06 MR14 MR09 MR10 MR11 MR12,11,23,23,1.00000000
5028,MR13 MR11 MR02 MR04 MR08 MR07 MR09 MR10 MR12 MR14,10,23,20,0.86956522
5029,MR14 MR10 MR11 MR02 MR08 MR04 MR06 MR09 MR07 MR13,10,28,25,0.89285714
5030,MR13 MR11 MR02 MR04 MR08 MR06 MR09 MR10 MR12 MR07 MR14,11,24,24,1.00000000
5031,MR13 MR02 MR04 MR08 MR11 MR12 MR06 MR09 MR10 MR07 MR14,11,24,24,1.00000000
5032,MR12 MR11 MR02 MR04 MR08 MR07 MR14 MR09 MR10 MR13 MR06,11,25,25,1.00000000
5033,MR13 MR02 MR04 MR08 MR11 MR06 MR07 MR09 MR10 MR14 MR12,11,22,22,1.00000000
5034,MR12 MR10 MR02 MR08 MR06 MR11 MR04 MR09 MR07 MR13 MR14,11,28,28,1.00000000
5035,MR13 MR11 MR02 MR04 MR08 MR07 MR09 MR10 MR12 MR14 MR06,11,25,25,1.00000000
5036,MR13 MR02 MR04 MR08 MR07 MR11 MR09 MR10 MR06 MR12,10,23,20,0.86956522
5037,MR13 MR11 MR02 MR04 MR08 MR07 MR09 MR10 MR12 MR06 MR14,11,23,23,1.00000000
5038,MR13 MR02 MR04 MR08 MR11 MR14 MR06 MR09 MR10 MR12 MR07,11,26,26,1.00000000
5039,MR13 MR02 MR04 MR08 MR06 MR07 MR11 MR09 MR10 MR14,10,21,18,0.85714286
5040,MR13 MR11 MR02 MR04 MR08 MR06 MR12 MR09 MR10 MR14,10,25,22,0.88000000
5041,MR08 MR11 MR10 MR02 MR13 MR14 MR04 MR09 MR12 MR06,10,19,16,0.84210526
5042,MR12 MR10 MR11 MR02 MR08 MR04 MR07 MR09 MR14 MR05 MR06,11,23,20,0.86956522
5043,MR13 MR02 MR04 MR08 MR07 MR11 MR12 MR09 MR10 MR06 MR14,11,24,24,1.00000000
5044,MR13 MR07 MR02 MR04 MR08 MR14 MR11 MR09 MR10 MR06,10,26,23,0.88461538
5045,MR13 MR11 MR02 MR04 MR08 MR06 MR09 MR10 MR14 MR07 MR12,11,23,23,1.00000000
5046,MR13 MR11 MR02 MR04 MR08 MR07 MR09 MR10 MR12 MR06 MR14,11,25,25,1.00000000
5047,MR12 MR11 MR02 MR04 MR08 MR13 MR06 MR09 MR10 MR07 MR14,11,24,24,1.00000000
5048,MR13 MR02 MR04 MR08 MR11 MR06 MR07 MR09 MR10 MR12 MR14,11,24,24,1.00000000
5049,MR12 MR10 MR02 MR08 MR06 MR07 MR14 MR04 MR09 MR11 MR05,11,17,14,0.82352941
5050,MR13 MR02 MR04 MR08 MR11 MR06 MR07 MR09 MR10 MR12 MR14,11,25,25,1.00000000
5051,MR13 MR11 MR02 MR04 MR08 MR07 MR09 MR10 MR12 MR14 MR06,11,22,22,1.00000000
5052,MR12 MR10 MR02 MR08 MR07 MR11 MR04 MR06 MR09 MR13 MR14,11,25,25,1.00000000
5053,MR13 MR02 MR04 MR08 MR06 MR07 MR12 MR09 MR10 MR11 MR14,11,23,23,1.00000000
5054,MR13 MR02 MR04 MR08 MR11 MR14 MR06 MR07 MR09 MR10 MR12,11,24,24,1.00000000
5055,MR13 MR11 MR02 MR04 MR08 MR07 MR09 MR10 MR06 MR14 MR12,11,24,24,1.00000000
5056,MR13 MR11 MR02 MR04 MR08 MR07 MR09 MR10 MR14 MR06 MR12,11,27,27,1.00000000
5057,MR12 MR10 MR02 MR08 MR06 MR07 MR04 MR09 MR14 MR11 MR05,11,24,21,0.87500000
5058,MR13 MR02 MR04 MR08 MR11 MR14 MR06 MR07 MR09 MR10 MR12,11,24,24,1.00000000
5059,MR13 MR11 MR02 MR04 MR08 MR14 MR06 MR09 MR10 MR12 MR07,11,23,23,1.00000000
5060,MR13 MR11 MR02 MR04 MR08 MR07 MR09 MR10 MR14 MR06,10,27,24,0.88888889
5061,MR13 MR02 MR04 MR08 MR11 MR06 MR09 MR10 MR07 MR12 MR14,11,22,22,1.00000000
5062,MR08 MR04 MR11 MR02 MR12 MR14 MR13 MR06 MR09 MR10 MR07,11,23,23,1.00000000
5063,MR13 MR11 MR02 MR04 MR08 MR06 MR09 MR10 MR12 MR07 MR14,11,19,19,1.00000000
5064,MR13 MR11 MR02 MR04 MR08 MR14 MR07 MR09 MR10 MR12 MR06,11,20,20,1.00000000
5065,MR12 MR11 MR10 MR02 MR08 MR13 MR14 MR04 MR09 MR07 MR06,11,21,21,1.00000000
5066,MR13 MR02 MR04 MR08 MR11 MR07 MR14 MR09 MR10 MR06 MR12,11,21,21,1.00000000
5067,MR13 MR11 MR02 MR04 MR08 MR09 MR10 MR06 MR07 MR12 MR14,11,22,22,1.00000000
5068,MR13 MR11 MR02 MR04 MR08 MR07 MR09 MR10 MR06 MR12 MR14,11,25,25,1.00000000
5069,MR13 MR02 MR04 MR08 MR11 MR07 MR09 MR10 MR14 MR06 MR12,11,28,28,1.00000000
5070,MR13 MR02 MR04 MR08 MR11 MR12 MR06 MR14 MR07 MR09 MR10,11,23,23,1.00000000
5071,MR13 MR11 MR02 MR04 MR08 MR07 MR09 MR10 MR06 MR12 MR14,11,23,23,1.00000000
5072,MR13 MR02 MR04 MR08 MR11 MR07 MR09 MR10 MR06 MR12 MR14,11,21,21,1.00000000
5073,MR13 MR11 MR02 MR04 MR08 MR06 MR09 MR10 MR14 MR07,10,24,21,0.87500000
5074,MR12 MR10 MR11 MR02 MR08 MR14 MR06 MR04 MR09 MR07,10,26,22,0.84615385
5075,MR13 MR02 MR04 MR08 MR06 MR07 MR11 MR14 MR09 MR10 MR12,11,25,25,1.00000000
5076,MR13 MR02 MR04 MR08 MR11 MR06 MR12 MR09 MR10 MR07 MR14,11,27,27,1.00000000
5077,MR13 MR02 MR04 MR08 MR11 MR06 MR09 MR10 MR14 MR07 MR12,11,25,25,1.00000000
5078,MR13 MR02 MR04 MR08 MR06 MR12 MR11 MR07 MR09 MR10 MR14,11,30,30,1.00000000
5079,MR13 MR02 MR04 MR08 MR11 MR07 MR09 MR10 MR06 MR14 MR12,11,24,24,1.00000000
5080,MR12 MR10 MR02 MR08 MR06 MR11 MR14 MR04 MR07 MR09 MR13,11,24,24,1.00000000
5081,MR13 MR02 MR04 MR08 MR11 MR14 MR06 MR07 MR09 MR10 MR12,11,24,24,1.00000000
5082,MR13 MR11 MR02 MR04 MR08 MR14 MR09 MR10 MR07 MR12,10,26,23,0.88461538
5083,MR07 MR10 MR02 MR08 MR14 MR12 MR04 MR06 MR09 MR11 MR13,11,23,23,1.00000000
5084,MR13 MR11 MR02 MR04 MR08 MR07 MR09 MR10 MR12 MR06 MR14,11,24,24,1.00000000
5085,MR13 MR02 MR04 MR08 MR14 MR11 MR07 MR06 MR09 MR10 MR12,11,21,21,1.00000000
5086,MR13 MR02 MR04 MR08 MR11 MR14 MR06 MR07 MR09 MR10 MR12,11,22,22,1.00000000
5087,MR13 MR02 MR04 MR08 MR11 MR06 MR07 MR09 MR10 MR12,10,24,21,0.87500000
5088,MR13 MR02 MR04 MR08 MR07 MR11 MR14 MR09 MR10 MR06 MR12,11,27,27,1.00000000
5089,MR13 MR02 MR04 MR08 MR11 MR12 MR07 MR06 MR09 MR10 MR14,11,21,21,1.00000000
5090,MR12 MR10 MR02 MR08 MR06 MR11 MR13 MR14 MR04 MR09 MR07,11,24,24,1.00000000
5091,MR13 MR02 MR04 MR08 MR11 MR06 MR12 MR07 MR09 MR10 MR14,11,24,24,1.00000000
5092,MR13 MR11 MR02 MR04 MR08 MR06 MR09 MR10 MR14 MR07 MR12,11,21,21,1.00000000
5093,MR13 MR02 MR04 MR07 MR08 MR11 MR09 MR10 MR14 MR06 MR12,11,23,23,1.00000000
5094,MR13 MR02 MR04 MR08 MR06 MR11 MR07 MR09 MR10 MR12 MR14,11,24,24,1.00000000
5095,MR13 MR02 MR04 MR08 MR06 MR07 MR09 MR10 MR11 MR12 MR14,11,22,22,1.00000000
5096,MR13 MR02 MR04 MR08 MR06 MR07 MR11 MR09 MR10 MR12 MR14,11,24,24,1.00000000
5097,MR13 MR11 MR02 MR04 MR08 MR12 MR06 MR09 MR10 MR07,10,30,27,0.90000000
5098,MR13 MR02 MR04 MR08 MR11 MR14 MR06 MR07 MR09 MR10 MR12,11,24,24,1.00000000
5099,MR13 MR02 MR04 MR08 MR06 MR11 MR14 MR09 MR10 MR07 MR12,11,26,26,1.00000000
5100,MR13 MR02 MR04 MR08 MR07 MR11 MR12 MR09 MR10 MR06 MR14,11,20,20,1.00000000
5101,MR13 MR02 MR04 MR08 MR06 MR11 MR14 MR09 MR10 MR07,10,23,20,0.86956522
5102,MR13 MR11 MR02 MR04 MR08 MR12 MR06 MR09 MR10 MR07 MR14,11,23,23,1.00000000
5103,MR13 MR02 MR04 MR08 MR11 MR06 MR07 MR09 MR10 MR12 MR14,11,23,23,1.00000000
5104,MR12 MR11 MR10 MR02 MR08 MR04 MR09 MR06 MR07 MR13 MR14,11,25,25,1.00000000
5105,MR12 MR10 MR11 MR02 MR08 MR04 MR09 MR14 MR06 MR07 MR13,11,28,28,1.00000000
5106,MR12 MR10 MR02 MR08 MR11 MR07 MR14 MR04 MR06 MR09 MR13,11,24,24,1.00000000
5107,MR12 MR02 MR04 MR08 MR06 MR07 MR11 MR09 MR10 MR14 MR13,11,22,22,1.00000000
5108,MR13 MR02 MR04 MR08 MR11 MR06 MR14 MR09 MR10 MR12 MR07,11,24,24,1.00000000
5109,MR13 MR02 MR04 MR08 MR11 MR07 MR14 MR06 MR09 MR10 MR12,11,29,29,1.00000000
5110,MR12 MR02 MR04 MR08 MR11 MR06 MR13 MR07 MR09 MR10 MR14,11,23,23,1.00000000
5111,MR12 MR11 MR02 MR04 MR08 MR14 MR06 MR09 MR10 MR13 MR07,11,26,26,1.00000000
5112,MR13 MR06 MR14 MR02 MR04 MR08 MR07 MR09 MR10 MR11 MR12,11,26,26,1.00000000
5113,MR13 MR02 MR04 MR08 MR06 MR11 MR09 MR10 MR12 MR07 MR14,11,28,28,1.00000000
5114,MR12 MR11 MR02 MR04 MR08 MR06 MR13 MR09 MR10 MR14 MR07,11,28,28,1.00000000
5115,MR13 MR02 MR04 MR08 MR11 MR06 MR14 MR07 MR09 MR10 MR12,11,27,27,1.00000000
5116,MR13 MR11 MR02 MR04 MR08 MR06 MR09 MR10 MR07 MR12 MR14,11,22,22,1.00000000
5117,MR13 MR02 MR04 MR08 MR11 MR14 MR06 MR07 MR09 MR10 MR12,11,22,22,1.00000000
5118,MR13 MR02 MR04 MR08 MR11 MR14 MR07 MR12 MR06 MR09 MR10,11,26,26,1.00000000
5119,MR13 MR02 MR04 MR08 MR11 MR07 MR14 MR09 MR10 MR06 MR12,11,27,27,1.00000000
5120,MR08 MR10 MR02 MR14 MR07 MR11 MR04 MR06 MR09 MR12 MR13,11,23,23,1.00000000
5121,MR08 MR10 MR02 MR11 MR14 MR07 MR13 MR04 MR09 MR12 MR06,11,28,28,1.00000000
5122,MR13 MR02 MR04 MR08 MR06 MR11 MR07 MR09 MR10 MR14 MR12,11,23,23,1.00000000
5123,MR13 MR02 MR04 MR08 MR06 MR07 MR11 MR09 MR10 MR12 MR14,11,24,24,1.00000000
5124,MR13 MR02 MR04 MR07 MR08 MR11 MR12 MR14 MR09 MR10 MR06,11,31,31,1.00000000
5125,MR13 MR11 MR02 MR04 MR08 MR14 MR07 MR09 MR10 MR06 MR12,11,25,25,1.00000000
5126,MR13 MR02 MR04 MR08 MR11 MR06 MR07 MR09 MR10 MR14 MR12,11,18,18,1.00000000
5127,MR08 MR11 MR10 MR02 MR14 MR12 MR13 MR04 MR09 MR06 MR07,11,26,26,1.00000000
5128,MR13 MR11 MR02 MR04 MR08 MR06 MR09 MR10 MR14 MR07 MR12,11,25,25,1.00000000
5129,MR13 MR02 MR04 MR08 MR07 MR11 MR14 MR09 MR10 MR06 MR12,11,25,25,1.00000000
5130,MR13 MR11 MR02 MR04 MR08 MR12 MR09 MR10 MR14 MR06 MR07,11,23,23,1.00000000
5131,MR13 MR11 MR02 MR04 MR08 MR09 MR10 MR12 MR06 MR07,10,28,25,0.89285714
5132,MR12 MR10 MR02 MR07 MR08 MR11 MR14 MR04 MR09,9,24,17,0.70833333
5133,MR12 MR10 MR02 MR08 MR11 MR06 MR04 MR07 MR09 MR13 MR14,11,27,27,1.00000000
5134,MR13 MR02 MR04 MR08 MR11 MR14 MR06 MR07 MR09 MR10 MR12,11,24,24,1.00000000
5135,MR13 MR02 MR04 MR08 MR07 MR06 MR09 MR10 MR11 MR12 MR14,11,28,28,1.00000000
5136,MR13 MR11 MR02 MR04 MR08 MR09 MR10 MR12 MR06 MR07 MR14,11,26,26,1.00000000
5137,MR13 MR11 MR02 MR04 MR08 MR06 MR09 MR10 MR14 MR12,10,23,20,0.86956522
5138,MR13 MR02 MR04 MR08 MR11 MR14 MR07 MR06 MR09 MR10,10,24,21,0.87500000
5139,MR13 MR11 MR02 MR04 MR08 MR07 MR09 MR10 MR14 MR06,10,23,20,0.86956522
5140,MR13 MR02 MR04 MR08 MR11 MR07 MR09 MR10 MR12 MR06 MR14,11,26,26,1.00000000
5141,MR12 MR10 MR02 MR08 MR11 MR04 MR06 MR07 MR09 MR13,10,29,26,0.89655172
5142,MR13 MR11 MR02 MR04 MR08 MR06 MR09 MR10 MR12 MR14 MR07,11,23,23,1.00000000
5143,MR13 MR02 MR04 MR08 MR11 MR14 MR07 MR09 MR10 MR06,10,28,25,0.89285714
5144,MR13 MR11 MR02 MR04 MR08 MR07 MR09 MR10 MR12 MR14 MR06,11,25,25,1.00000000
5145,MR12 MR10 MR02 MR08 MR11 MR07 MR04 MR06 MR09 MR13 MR14,11,24,24,1.00000000
5146,MR13 MR02 MR04 MR08 MR11 MR07 MR12 MR09 MR10 MR14 MR06,11,23,23,1.00000000
5147,MR13 MR02 MR04 MR08 MR06 MR12 MR11 MR07 MR09 MR10 MR14,11,26,26,1.00000000
5148,MR13 MR02 MR04 MR08 MR11 MR06 MR07 MR09 MR10 MR14 MR12,11,28,28,1.00000000
5149,MR13 MR02 MR04 MR08 MR07 MR06 MR14 MR09 MR10 MR11 MR12,11,25,25,1.00000000
5150,MR13 MR02 MR04 MR08 MR11 MR06 MR12 MR09 MR10 MR14 MR07,11,22,22,1.00000000
5151,MR13 MR02 MR04 MR06 MR08 MR11 MR12 MR09 MR10 MR14 MR07,11,23,23,1.00000000
5152,MR13 MR11 MR02 MR04 MR08 MR07 MR09 MR10 MR06 MR12 MR14,11,27,27,1.00000000
5153,MR13 MR11 MR02 MR04 MR08 MR07 MR09 MR10 MR06 MR12 MR14,11,27,27,1.00000000
5154,MR13 MR02 MR04 MR08 MR11 MR07 MR06 MR09 MR10 MR12 MR14,11,20,20,1.00000000
5155,MR12 MR11 MR10 MR02 MR08 MR04 MR09 MR13 MR14 MR06,10,24,21,0.87500000
5156,MR13 MR02 MR04 MR08 MR06 MR11 MR12 MR09 MR10 MR07 MR14,11,15,15,1.00000000
5157,MR13 MR02 MR04 MR08 MR11 MR07 MR14 MR09 MR10 MR12 MR06,11,26,26,1.00000000
5158,MR13 MR02 MR04 MR08 MR11 MR06 MR07 MR09 MR10 MR14 MR12,11,21,21,1.00000000
5159,MR08 MR10 MR11 MR02 MR12 MR04 MR07 MR09 MR14 MR06 MR13,11,23,23,1.00000000
5160,MR14 MR04 MR02 MR06 MR08 MR07 MR12 MR09 MR10 MR11 MR13,11,29,29,1.00000000
5161,MR13 MR02 MR04 MR08 MR11 MR07 MR09 MR10 MR14 MR06,10,22,19,0.86363636
5162,MR13 MR02 MR04 MR08 MR11 MR07 MR09 MR10 MR12 MR14 MR06,11,20,20,1.00000000
5163,MR12 MR02 MR04 MR08 MR07 MR11 MR14 MR09 MR10 MR06 MR13,11,22,22,1.00000000
5164,MR13 MR02 MR04 MR08 MR11 MR07 MR06 MR09 MR10 MR14 MR12,11,20,20,1.00000000
5165,MR13 MR11 MR02 MR04 MR08 MR14 MR09 MR10 MR07 MR12,10,30,27,0.90000000
5166,MR13 MR02 MR04 MR08 MR11 MR07 MR14 MR09 MR10 MR06 MR12,11,23,23,1.00000000
5167,MR13 MR11 MR02 MR04 MR08 MR07 MR09 MR10 MR12 MR06 MR14,11,25,25,1.00000000
5168,MR13 MR02 MR04 MR08 MR11 MR14 MR07 MR06 MR09 MR10 MR12,11,22,22,1.00000000
5169,MR13 MR11 MR02 MR04 MR08 MR07 MR09 MR10 MR06 MR12 MR14,11,22,22,1.00000000
5170,MR13 MR02 MR04 MR08 MR07 MR11 MR12 MR09 MR10 MR06 MR14,11,22,22,1.00000000
5171,MR13 MR02 MR04 MR08 MR07 MR11 MR14 MR09 MR10 MR06 MR12,11,20,20,1.00000000
5172,MR13 MR02 MR04 MR08 MR06 MR11 MR09 MR10 MR14 MR07 MR12,11,22,22,1.00000000
5173,MR13 MR11 MR02 MR04 MR08 MR12 MR07 MR09 MR10 MR06 MR14,11,23,23,1.00000000
5174,MR13 MR11 MR02 MR04 MR08 MR07 MR09 MR10 MR12 MR06 MR14,11,27,27,1.00000000
5175,MR13 MR11 MR02 MR04 MR08 MR06 MR09 MR10 MR12 MR14 MR07,11,26,26,1.00000000
5176,MR13 MR12 MR02 MR04 MR08 MR11 MR07 MR09 MR10 MR06 MR14,11,26,26,1.00000000
5177,MR13 MR02 MR04 MR08 MR06 MR11 MR12 MR07 MR09 MR10 MR14,11,26,26,1.00000000
5178,MR13 MR02 MR04 MR08 MR11 MR06 MR07 MR09 MR10 MR12 MR14,11,20,20,1.00000000
5179,MR13 MR02 MR04 MR08 MR06 MR11 MR07 MR09 MR10 MR14 MR12,11,22,22,1.00000000
5180,MR12 MR10 MR02 MR08 MR07 MR11 MR04 MR06 MR09 MR13 MR14,11,22,22,1.00000000
5181,MR13 MR11 MR02 MR04 MR08 MR09 MR10 MR14 MR07 MR06,10,22,19,0.86363636
5182,MR12 MR10 MR11 MR02 MR08 MR06 MR04 MR09 MR13 MR14 MR07,11,20,20,1.00000000
5183,MR13 MR11 MR02 MR04 MR08 MR09 MR10 MR07 MR14 MR06 MR12,11,20,20,1.00000000
5184,MR13 MR02 MR04 MR08 MR11 MR14 MR06 MR07 MR09 MR10 MR12,11,23,23,1.00000000
5185,MR13 MR02 MR04 MR08 MR11 MR07 MR12 MR09 MR10 MR06 MR14,11,27,27,1.00000000
5186,MR13 MR11 MR02 MR04 MR08 MR07 MR09 MR10 MR12 MR14,10,20,17,0.85000000
5187,MR12 MR10 MR02 MR08 MR11 MR06 MR14 MR04 MR09 MR07 MR13,11,23,23,1.00000000
5188,MR13 MR11 MR02 MR04 MR08 MR12 MR06 MR09 MR10 MR07 MR14,11,24,24,1.00000000
5189,MR13 MR02 MR04 MR08 MR07 MR11 MR14 MR09 MR10 MR12 MR06,11,25,25,1.00000000
5190,MR13 MR02 MR04 MR08 MR11 MR07 MR09 MR10 MR06 MR12,10,29,26,0.89655172
5191,MR13 MR11 MR02 MR04 MR08 MR12 MR14 MR06 MR09 MR10 MR07,11,25,25,1.00000000
5192,MR13 MR11 MR02 MR04 MR08 MR12 MR09 MR10 MR14 MR06 MR07,11,23,23,1.00000000
5193,MR13 MR02 MR04 MR08 MR11 MR06 MR12 MR09 MR10 MR14 MR07,11,24,24,1.00000000
5194,MR13 MR02 MR04 MR06 MR08 MR07 MR14 MR09 MR10 MR11 MR12,11,29,29,1.00000000
5195,MR13 MR02 MR04 MR08 MR11 MR07 MR14 MR06 MR09 MR10 MR12,11,24,24,1.00000000
5196,MR12 MR10 MR02 MR08 MR07 MR14 MR11 MR04 MR06 MR09 MR13,11,26,26,1.00000000
5197,MR13 MR02 MR04 MR08 MR11 MR14 MR07 MR09 MR10 MR12 MR06,11,23,23,1.00000000
5198,MR13 MR02 MR04 MR08 MR11 MR06 MR12 MR07 MR09 MR10,10,26,23,0.88461538
5199,MR05 MR02 MR04 MR07 MR08 MR14 MR11 MR09 MR10 MR12 MR06,11,25,22,0.88000000
5200,MR08 MR04 MR02 MR11 MR06 MR12 MR13 MR14 MR09 MR10 MR07,11,22,22,1.00000000
5201,MR12 MR10 MR11 MR02 MR08 MR06 MR04 MR09 MR13 MR14 MR07,11,19,19,1.00000000
5202,MR13 MR02 MR04 MR08 MR11 MR06 MR07 MR09 MR10 MR12 MR14,11,25,25,1.00000000
5203,MR13 MR02 MR04 MR08 MR06 MR07 MR09 MR10 MR11 MR14 MR12,11,20,20,1.00000000
5204,MR13 MR02 MR04 MR08 MR11 MR07 MR12 MR06 MR09 MR10,10,29,26,0.89655172
5205,MR12 MR11 MR02 MR04 MR08 MR06 MR09 MR10 MR13 MR14 MR07,11,22,22,1.00000000
5206,MR13 MR02 MR04 MR08 MR06 MR07 MR09 MR10 MR11 MR12 MR14,11,24,24,1.00000000
5207,MR13 MR02 MR04 MR08 MR06 MR11 MR09 MR10 MR12 MR07 MR14,11,24,24,1.00000000
5208,MR13 MR11 MR02 MR04 MR08 MR07 MR09 MR10 MR14 MR06 MR12,11,27,27,1.00000000
5209,MR13 MR02 MR04 MR08 MR11 MR07 MR06 MR09 MR10 MR14 MR12,11,23,23,1.00000000
5210,MR13 MR02 MR04 MR08 MR11 MR14 MR06 MR09 MR10 MR07 MR12,11,23,23,1.00000000
5211,MR13 MR11 MR02 MR04 MR08 MR12 MR06 MR09 MR10 MR07 MR14,11,23,23,1.00000000
5212,MR13 MR11 MR02 MR04 MR08 MR06 MR09 MR10 MR14 MR07 MR12,11,27,27,1.00000000
5213,MR12 MR11 MR02 MR04 MR08 MR05 MR07 MR09 MR10 MR14 MR06,11,32,29,0.90625000
5214,MR13 MR11 MR02 MR04 MR08 MR12 MR06 MR09 MR10 MR14 MR07,11,24,24,1.00000000
5215,MR13 MR11 MR02 MR04 MR08 MR07 MR09 MR10 MR14 MR12 MR06,11,22,22,1.00000000
5216,MR12 MR11 MR10 MR02 MR08 MR04 MR07 MR09 MR14 MR13 MR06,11,26,26,1.00000000
5217,MR13 MR11 MR02 MR04 MR08 MR06 MR09 MR10 MR14 MR07 MR12,11,27,27,1.00000000
5218,MR13 MR11 MR02 MR04 MR08 MR07 MR09 MR10 MR06 MR14 MR12,11,25,25,1.00000000
5219,MR12 MR02 MR04 MR08 MR11 MR13 MR06 MR07 MR09 MR10 MR14,11,21,21,1.00000000
5220,MR12 MR10 MR02 MR08 MR11 MR07 MR04 MR06 MR09 MR05 MR14,11,26,23,0.88461538
5221,MR13 MR02 MR04 MR07 MR08 MR06 MR09 MR10 MR11 MR12 MR14,11,26,26,1.00000000
5222,MR08 MR10 MR02 MR14 MR11 MR06 MR04 MR07 MR09 MR12 MR13,11,19,19,1.00000000
5223,MR13 MR02 MR04 MR08 MR11 MR06 MR09 MR10 MR07 MR12 MR14,11,25,25,1.00000000
5224,MR13 MR02 MR04 MR06 MR08 MR11 MR14 MR09 MR10 MR12 MR07,11,21,21,1.00000000
5225,MR13 MR02 MR04 MR06 MR08 MR14 MR11 MR09 MR10 MR12 MR07,11,27,27,1.00000000
5226,MR13 MR11 MR02 MR04 MR08 MR06 MR09 MR10 MR12 MR14 MR07,11,18,18,1.00000000
5227,MR13 MR11 MR02 MR04 MR08 MR07 MR14 MR09 MR10 MR12 MR06,11,22,22,1.00000000
5228,MR13 MR02 MR04 MR08 MR11 MR14 MR12 MR06 MR07 MR09 MR10,11,22,22,1.00000000
5229,MR13 MR02 MR04 MR08 MR07 MR11 MR06 MR09 MR10 MR12 MR14,11,25,25,1.00000000
5230,MR13 MR02 MR04 MR08 MR11 MR14 MR07 MR09 MR10 MR12 MR06,11,24,24,1.00000000
5231,MR13 MR02 MR04 MR08 MR11 MR12 MR06 MR14 MR07 MR09 MR10,11,22,22,1.00000000
5232,MR13 MR11 MR02 MR04 MR08 MR07 MR12 MR09 MR10 MR06 MR14,11,24,24,1.00000000
5233,MR13 MR02 MR04 MR06 MR08 MR11 MR14 MR09 MR10 MR07 MR12,11,28,28,1.00000000
5234,MR13 MR11 MR02 MR04 MR08 MR12 MR06 MR09 MR10 MR14 MR07,11,19,19,1.00000000
5235,MR13 MR02 MR04 MR08 MR11 MR14 MR07 MR09 MR10 MR06 MR12,11,19,19,1.00000000
5236,MR13 MR11 MR02 MR04 MR08 MR12 MR06 MR09 MR10 MR14 MR07,11,21,21,1.00000000
5237,MR13 MR11 MR02 MR04 MR08 MR06 MR09 MR10 MR14 MR07 MR12,11,26,26,1.00000000
5238,MR13 MR02 MR04 MR08 MR14 MR06 MR11 MR09 MR10 MR12 MR07,11,16,16,1.00000000
5239,MR08 MR10 MR11 MR02 MR04 MR09 MR06 MR07 MR12 MR14 MR13,11,28,28,1.00000000
5240,MR13 MR11 MR02 MR04 MR08 MR12 MR07 MR09 MR10 MR06 MR14,11,23,23,1.00000000
5241,MR13 MR02 MR04 MR08 MR07 MR06 MR14 MR09 MR10 MR11 MR12,11,30,30,1.00000000
5242,MR13 MR02 MR04 MR08 MR11 MR07 MR09 MR10 MR06 MR14 MR12,11,27,27,1.00000000
5243,MR13 MR11 MR02 MR04 MR08 MR09 MR10 MR06 MR12 MR14 MR07,11,21,21,1.00000000
5244,MR13 MR02 MR04 MR08 MR11 MR07 MR09 MR10 MR12 MR14 MR06,11,22,22,1.00000000
5245,MR08 MR04 MR11 MR02 MR07 MR13 MR14 MR09 MR10 MR12 MR06,11,24,24,1.00000000
5246,MR13 MR11 MR02 MR04 MR08 MR14 MR09 MR10 MR12 MR06 MR07,11,24,24,1.00000000
5247,MR13 MR11 MR02 MR04 MR08 MR12 MR07 MR09 MR10 MR06,10,21,18,0.85714286
5248,MR13 MR11 MR02 MR04 MR08 MR12 MR06 MR09 MR10 MR07,10,27,24,0.88888889
5249,MR13 MR02 MR04 MR08 MR11 MR06 MR14 MR09 MR10 MR07,10,23,20,0.86956522
5250,MR13 MR11 MR02 MR04 MR08 MR07 MR09 MR10 MR14 MR06 MR12,11,25,25,1.00000000
5251,MR13 MR02 MR04 MR08 MR11 MR06 MR12 MR09 MR10 MR07 MR14,11,20,20,1.00000000
5252,MR12 MR02 MR04 MR08 MR11 MR07 MR09 MR10 MR14 MR13 MR06,11,25,25,1.00000000
5253,MR13 MR02 MR04 MR07 MR08 MR06 MR09 MR10 MR11 MR12 MR14,11,20,20,1.00000000
5254,MR12 MR10 MR02 MR08 MR11 MR07 MR04 MR09 MR13 MR06 MR14,11,27,27,1.00000000
5255,MR07 MR10 MR02 MR08 MR14 MR04 MR09 MR11 MR06 MR12 MR13,11,23,23,1.00000000
5256,MR13 MR02 MR04 MR08 MR11 MR07 MR06 MR09 MR10 MR12 MR14,11,28,28,1.00000000
5257,MR12 MR10 MR02 MR08 MR07 MR11 MR13 MR04 MR09 MR06 MR14,11,22,22,1.00000000
5258,MR13 MR02 MR04 MR08 MR11 MR07 MR14 MR09 MR10 MR06,10,24,21,0.87500000
5259,MR13 MR02 MR04 MR08 MR11 MR06 MR14 MR07 MR09 MR10 MR12,11,25,25,1.00000000
5260,MR08 MR10 MR11 MR02 MR14 MR04 MR06 MR09 MR12 MR07 MR13,11,22,22,1.00000000
5261,MR13 MR11 MR02 MR04 MR08 MR14 MR07 MR09 MR10 MR12 MR06,11,22,22,1.00000000
5262,MR05 MR11 MR02 MR04 MR08 MR06 MR09 MR10 MR12 MR14 MR07,11,23,20,0.86956522
5263,MR13 MR02 MR04 MR08 MR11 MR07 MR14 MR06 MR09 MR10 MR12,11,23,23,1.00000000
5264,MR13 MR02 MR04 MR08 MR11 MR06 MR09 MR10 MR07 MR14 MR12,11,23,23,1.00000000
5265,MR13 MR06 MR02 MR04 MR08 MR09 MR10 MR11 MR14 MR07 MR12,11,27,27,1.00000000
5266,MR13 MR02 MR04 MR08 MR11 MR07 MR09 MR10 MR06 MR12 MR14,11,19,19,1.00000000
5267,MR08 MR10 MR02 MR11 MR14 MR04 MR06 MR07 MR09 MR12 MR13,11,24,24,1.00000000
5268,MR12 MR10 MR02 MR07 MR08 MR11 MR13 MR04 MR09 MR14,10,24,21,0.87500000
5269,MR13 MR02 MR04 MR08 MR07 MR11 MR14 MR06 MR09 MR10 MR12,11,27,27,1.00000000
5270,MR13 MR02 MR04 MR08 MR11 MR07 MR06 MR09 MR10 MR12 MR14,11,21,21,1.00000000
5271,MR13 MR02 MR04 MR08 MR11 MR06 MR09 MR10 MR14 MR07,10,28,25,0.89285714
5272,MR13 MR02 MR04 MR06 MR08 MR12 MR14 MR07 MR09 MR10 MR11,11,24,24,1.00000000
5273,MR13 MR02 MR04 MR08 MR11 MR07 MR09 MR10 MR12 MR14 MR06,11,21,21,1.00000000
5274,MR13 MR02 MR04 MR08 MR06 MR11 MR14 MR09 MR10 MR07 MR12,11,27,27,1.00000000
5275,MR13 MR11 MR02 MR04 MR08 MR09 MR10 MR06 MR07 MR12 MR14,11,26,26,1.00000000
5276,MR13 MR11 MR02 MR04 MR08 MR07 MR14 MR09 MR10 MR12,10,22,19,0.86363636
5277,MR13 MR02 MR04 MR08 MR06 MR07 MR11 MR09 MR10 MR12 MR14,11,23,23,1.00000000
5278,MR13 MR11 MR02 MR04 MR08 MR07 MR09 MR10 MR14 MR06 MR12,11,22,22,1.00000000
5279,MR13 MR11 MR02 MR04 MR08 MR12 MR06 MR09 MR10 MR14 MR07,11,24,24,1.00000000
5280,MR12 MR10 MR02 MR08 MR11 MR04 MR06 MR07 MR09 MR14 MR13,11,20,20,1.00000000
5281,MR13 MR02 MR04 MR08 MR11 MR07 MR09 MR10 MR14 MR12 MR06,11,21,21,1.00000000
5282,MR12 MR10 MR02 MR08 MR11 MR04 MR06 MR07 MR09 MR14 MR05,11,23,20,0.86956522
5283,MR13 MR02 MR04 MR08 MR14 MR11 MR07 MR06 MR09 MR10 MR12,11,22,22,1.00000000
5284,MR13 MR02 MR04 MR08 MR11 MR14 MR06 MR07 MR09 MR10 MR12,11,21,21,1.00000000
5285,MR13 MR02 MR04 MR08 MR11 MR07 MR12 MR14 MR09 MR10 MR06,11,25,25,1.00000000
5286,MR13 MR02 MR04 MR08 MR11 MR14 MR06 MR07 MR09 MR10 MR12,11,19,19,1.00000000
5287,MR13 MR02 MR04 MR08 MR11 MR14 MR06 MR09 MR10 MR07 MR12,11,18,18,1.00000000
5288,MR08 MR10 MR02 MR11 MR14 MR04 MR06 MR07 MR09 MR13 MR12,11,22,22,1.00000000
5289,MR13 MR11 MR02 MR04 MR08 MR07 MR09 MR10 MR12 MR06 MR14,11,22,22,1.00000000
5290,MR13 MR02 MR04 MR06 MR08 MR11 MR12 MR09 MR10 MR14,10,28,25,0.89285714
5291,MR13 MR02 MR04 MR08 MR11 MR06 MR09 MR10 MR12 MR07 MR14,11,24,24,1.00000000
5292,MR13 MR02 MR04 MR08 MR06 MR07 MR11 MR12 MR09 MR10 MR14,11,22,22,1.00000000
5293,MR13 MR02 MR04 MR08 MR11 MR06 MR14 MR09 MR10 MR12 MR07,11,26,26,1.00000000
5294,MR13 MR11 MR02 MR04 MR08 MR14 MR06 MR09 MR10 MR12 MR07,11,22,22,1.00000000
5295,MR13 MR11 MR02 MR04 MR08 MR14 MR07 MR09 MR10 MR06 MR12,11,23,23,1.00000000
5296,MR12 MR02 MR04 MR08 MR11 MR06 MR13 MR14 MR07 MR09 MR10,11,28,28,1.00000000
5297,MR13 MR02 MR04 MR08 MR06 MR14 MR11 MR07 MR09 MR10 MR12,11,24,24,1.00000000
5298,MR12 MR11 MR10 MR02 MR08 MR14 MR04 MR09 MR13 MR06 MR07,11,27,27,1.00000000
5299,MR06 MR10 MR02 MR08 MR14 MR11 MR12 MR13 MR04 MR09 MR07,11,24,24,1.00000000
5300,MR13 MR02 MR04 MR08 MR11 MR06 MR07 MR09 MR10 MR12 MR14,11,19,19,1.00000000
5301,MR13 MR11 MR02 MR04 MR08 MR09 MR10 MR14 MR12 MR06 MR07,11,27,27,1.00000000
5302,MR13 MR02 MR04 MR08 MR07 MR11 MR09 MR10 MR06,9,30,24,0.80000000
5303,MR12 MR10 MR02 MR08 MR11 MR06 MR13 MR04 MR09 MR07 MR14,11,22,22,1.00000000
5304,MR13 MR02 MR04 MR08 MR06 MR11 MR09 MR10 MR12 MR14 MR07,11,25,25,1.00000000
5305,MR13 MR02 MR04 MR08 MR11 MR06 MR09 MR10 MR12 MR07 MR14,11,21,21,1.00000000
5306,MR13 MR02 MR04 MR07 MR08 MR12 MR06 MR09 MR10 MR11 MR14,11,21,21,1.00000000
5307,MR13 MR11 MR02 MR04 MR08 MR12 MR06 MR09 MR10 MR07,10,29,26,0.89655172
5308,MR12 MR10 MR02 MR08 MR06 MR11 MR04 MR07 MR09 MR13 MR14,11,28,28,1.00000000
5309,MR13 MR11 MR02 MR04 MR08 MR09 MR10 MR14 MR06 MR07 MR12,11,26,26,1.00000000
5310,MR13 MR02 MR04 MR06 MR08 MR07 MR09 MR10 MR14 MR11 MR12,11,25,25,1.00000000
5311,MR13 MR11 MR02 MR04 MR08 MR09 MR10 MR06 MR07 MR12 MR14,11,21,21,1.00000000
5312,MR13 MR11 MR02 MR04 MR08 MR07 MR09 MR10 MR12 MR14 MR06,11,23,23,1.00000000
5313,MR13 MR11 MR02 MR04 MR08 MR12 MR06 MR09 MR10 MR07,10,23,20,0.86956522
5314,MR13 MR02 MR04 MR08 MR11 MR07 MR12 MR09 MR10 MR06,10,27,24,0.88888889
5315,MR13 MR02 MR04 MR08 MR06 MR11 MR07 MR09 MR10 MR12 MR14,11,22,22,1.00000000
5316,MR13 MR11 MR02 MR04 MR08 MR14 MR07 MR09 MR10 MR12 MR06,11,18,18,1.00000000
5317,MR13 MR02 MR04 MR08 MR11 MR06 MR07 MR09 MR10 MR14,10,26,23,0.88461538
5318,MR13 MR02 MR04 MR08 MR11 MR14 MR07 MR09 MR10 MR06 MR12,11,29,29,1.00000000
5319,MR13 MR02 MR04 MR08 MR11 MR12 MR06 MR07 MR09 MR10 MR14,11,24,24,1.00000000
5320,MR13 MR11 MR02 MR04 MR08 MR14 MR09 MR10 MR06 MR07 MR12,11,20,20,1.00000000
5321,MR13 MR11 MR02 MR04 MR08 MR09 MR10 MR12 MR06 MR07 MR14,11,23,23,1.00000000
5322,MR13 MR02 MR04 MR08 MR11 MR06 MR12 MR07 MR09 MR10 MR14,11,24,24,1.00000000
5323,MR13 MR02 MR04 MR08 MR11 MR06 MR07 MR09 MR10 MR12 MR14,11,23,23,1.00000000
5324,MR13 MR02 MR04 MR08 MR06 MR11 MR14 MR07 MR09 MR10 MR12,11,25,25,1.00000000
5325,MR13 MR14 MR02 MR04 MR08 MR11 MR06 MR07 MR09 MR10 MR12,11,24,24,1.00000000
5326,MR13 MR11 MR02 MR04 MR08 MR06 MR09 MR10 MR12 MR14 MR07,11,28,28,1.00000000
5327,MR13 MR02 MR04 MR08 MR11 MR06 MR07 MR09 MR10 MR12 MR14,11,24,24,1.00000000
5328,MR13 MR02 MR04 MR08 MR11 MR12 MR06 MR07 MR09 MR10 MR14,11,27,27,1.00000000
5329,MR13 MR14 MR02 MR04 MR08 MR11 MR06 MR09 MR10 MR07 MR12,11,23,23,1.00000000
5330,MR13 MR11 MR02 MR04 MR08 MR07 MR14 MR09 MR10 MR12,10,24,21,0.87500000
5331,MR08 MR11 MR10 MR02 MR12 MR13 MR14 MR04 MR09 MR07 MR06,11,25,25,1.00000000
5332,MR13 MR11 MR02 MR04 MR08 MR07 MR09 MR10 MR12 MR14 MR06,11,27,27,1.00000000
5333,MR13 MR11 MR02 MR04 MR08 MR09 MR10 MR06 MR12 MR14 MR07,11,22,22,1.00000000
5334,MR13 MR11 MR02 MR04 MR08 MR09 MR10 MR14 MR12 MR06,10,27,24,0.88888889
5335,MR13 MR11 MR02 MR04 MR08 MR06 MR09 MR10 MR07 MR12 MR14,11,21,21,1.00000000
5336,MR12 MR02 MR04 MR08 MR07 MR11 MR13 MR09 MR10 MR14 MR06,11,24,24,1.00000000
5337,MR13 MR11 MR02 MR04 MR08 MR06 MR09 MR10 MR14 MR12 MR07,11,23,23,1.00000000
5338,MR13 MR02 MR04 MR08 MR11 MR07 MR14 MR09 MR10 MR06 MR12,11,20,20,1.00000000
5339,MR12 MR10 MR02 MR08 MR11 MR06 MR04 MR09 MR07 MR13 MR14,11,25,25,1.00000000
5340,MR12 MR10 MR11 MR02 MR08 MR04 MR09 MR06 MR07 MR14 MR13,11,28,28,1.00000000
5341,MR14 MR10 MR02 MR08 MR11 MR07 MR04 MR09 MR06 MR05 MR12,11,26,23,0.88461538
5342,MR13 MR11 MR02 MR04 MR08 MR14 MR06 MR09 MR10 MR12,10,28,25,0.89285714
5343,MR08 MR11 MR10 MR02 MR13 MR12 MR14 MR04 MR06 MR09 MR07,11,29,29,1.00000000
5344,MR12 MR11 MR10 MR02 MR08 MR04 MR06 MR09 MR14 MR13 MR07,11,22,22,1.00000000
5345,MR13 MR02 MR04 MR08 MR11 MR06 MR12 MR09 MR10 MR07 MR14,11,28,28,1.00000000
5346,MR14 MR04 MR11 MR02 MR08 MR07 MR09 MR10 MR12 MR13 MR06,11,25,25,1.00000000
5347,MR13 MR11 MR02 MR04 MR08 MR06 MR09 MR10 MR07 MR12 MR14,11,20,20,1.00000000
5348,MR13 MR02 MR04 MR08 MR11 MR06 MR07 MR09 MR10 MR12 MR14,11,21,21,1.00000000
5349,MR12 MR11 MR02 MR04 MR08 MR13 MR07 MR09 MR10 MR14 MR06,11,27,27,1.00000000
5350,MR13 MR14 MR02 MR04 MR08 MR06 MR07 MR11 MR09 MR10 MR12,11,25,25,1.00000000
5351,MR13 MR02 MR04 MR08 MR11 MR06 MR07 MR09 MR10 MR12 MR14,11,23,23,1.00000000
5352,MR12 MR10 MR02 MR06 MR08 MR07 MR04 MR09 MR13 MR11 MR14,11,23,23,1.00000000
5353,MR13 MR02 MR04 MR07 MR08 MR11 MR09 MR10 MR14 MR06 MR12,11,23,23,1.00000000
5354,MR13 MR02 MR04 MR08 MR07 MR11 MR09 MR10 MR06 MR12 MR14,11,25,25,1.00000000
5355,MR13 MR02 MR04 MR08 MR11 MR14 MR06 MR09 MR10 MR12 MR07,11,22,22,1.00000000
5356,MR13 MR02 MR04 MR07 MR08 MR14 MR11 MR09 MR10 MR06 MR12,11,26,26,1.00000000
5357,MR13 MR02 MR04 MR08 MR07 MR11 MR06 MR09 MR10 MR14,10,28,25,0.89285714
5358,MR13 MR02 MR04 MR08 MR11 MR06 MR14 MR09 MR10 MR12 MR07,11,23,23,1.00000000
5359,MR13 MR11 MR02 MR04 MR08 MR09 MR10 MR06 MR14 MR07 MR12,11,23,23,1.00000000
5360,MR13 MR02 MR04 MR06 MR08 MR11 MR12 MR09 MR10 MR14,10,19,16,0.84210526
5361,MR12 MR10 MR11 MR02 MR08 MR04 MR09 MR13 MR06 MR07 MR14,11,28,28,1.00000000
5362,MR13 MR02 MR04 MR08 MR11 MR06 MR07 MR09 MR10 MR12 MR14,11,22,22,1.00000000
5363,MR13 MR02 MR04 MR08 MR11 MR06 MR07 MR09 MR10 MR12 MR14,11,29,29,1.00000000
5364,MR13 MR02 MR04 MR08 MR11 MR06 MR09 MR10 MR14 MR07,10,25,22,0.88000000
5365,MR05 MR02 MR04 MR08 MR11 MR07 MR12 MR06 MR09 MR10 MR14,11,23,20,0.86956522
5366,MR12 MR02 MR04 MR08 MR11 MR07 MR13 MR06 MR09 MR10 MR14,11,22,22,1.00000000
5367,MR13 MR11 MR02 MR04 MR08 MR09 MR10 MR06 MR07 MR14,10,23,20,0.86956522
5368,MR12 MR10 MR02 MR08 MR11 MR07 MR14 MR04 MR09 MR06,10,17,13,0.76470588
5369,MR13 MR02 MR04 MR08 MR11 MR07 MR09 MR10 MR14 MR12 MR06,11,27,27,1.00000000
5370,MR13 MR02 MR04 MR08 MR06 MR14 MR11 MR07 MR09 MR10 MR12,11,20,20,1.00000000
5371,MR13 MR02 MR04 MR08 MR07 MR14 MR06 MR09 MR10 MR11 MR12,11,23,23,1.00000000
5372,MR13 MR11 MR02 MR04 MR08 MR12 MR09 MR10 MR14 MR06 MR07,11,20,20,1.00000000
5373,MR05 MR11 MR02 MR04 MR08 MR14 MR06 MR09 MR10 MR12 MR07,11,25,22,0.88000000
5374,MR13 MR07 MR02 MR04 MR08 MR12 MR09 MR10 MR11 MR06 MR14,11,24,24,1.00000000
5375,MR12 MR10 MR11 MR02 MR08 MR04 MR07 MR09 MR14 MR06 MR13,11,30,30,1.00000000
5376,MR12 MR11 MR02 MR04 MR08 MR14 MR06 MR09 MR10 MR13 MR07,11,25,25,1.00000000
5377,MR13 MR11 MR02 MR04 MR08 MR06 MR09 MR10 MR12 MR07 MR14,11,23,23,1.00000000
5378,MR13 MR11 MR02 MR04 MR08 MR09 MR10 MR07 MR12 MR14,10,20,17,0.85000000
5379,MR12 MR11 MR10 MR02 MR08 MR04 MR09 MR06 MR07 MR14 MR13,11,24,24,1.00000000
5380,MR12 MR10 MR02 MR08 MR06 MR07 MR11 MR04 MR09 MR13 MR14,11,25,25,1.00000000
5381,MR13 MR11 MR02 MR04 MR08 MR14 MR07 MR09 MR10 MR12 MR06,11,27,27,1.00000000
5382,MR13 MR02 MR04 MR07 MR08 MR06 MR09 MR10 MR11 MR12 MR14,11,25,25,1.00000000
5383,MR13 MR02 MR04 MR08 MR11 MR06 MR07 MR09 MR10 MR12 MR14,11,21,21,1.00000000
5384,MR13 MR11 MR02 MR04 MR08 MR06 MR09 MR10 MR12 MR07 MR14,11,26,26,1.00000000
5385,MR13 MR02 MR04 MR08 MR11 MR07 MR14 MR09 MR10 MR12 MR06,11,31,31,1.00000000
5386,MR13 MR11 MR02 MR04 MR08 MR07 MR12 MR09 MR10 MR14 MR06,11,23,23,1.00000000
5387,MR13 MR11 MR02 MR04 MR08 MR07 MR09 MR10 MR12 MR14 MR06,11,28,28,1.00000000
5388,MR12 MR11 MR02 MR04 MR08 MR14 MR13 MR07 MR09 MR10 MR06,11,25,25,1.00000000
5389,MR13 MR11 MR02 MR04 MR08 MR12 MR07 MR09 MR10 MR06 MR14,11,29,29,1.00000000
5390,MR12 MR10 MR11 MR02 MR08 MR07 MR13 MR04 MR09 MR14,10,29,26,0.89655172
5391,MR13 MR11 MR12 MR02 MR04 MR08 MR07 MR09 MR10 MR14 MR06,11,27,27,1.00000000
5392,MR13 MR02 MR04 MR08 MR06 MR11 MR09 MR10 MR12 MR14 MR07,11,24,24,1.00000000
5393,MR12 MR02 MR04 MR08 MR11 MR06 MR07 MR09 MR10 MR13 MR14,11,26,26,1.00000000
5394,MR13 MR02 MR04 MR08 MR11 MR06 MR14 MR09 MR10 MR07 MR12,11,21,21,1.00000000
5395,MR13 MR14 MR02 MR04 MR08 MR11 MR06 MR07 MR09 MR10 MR12,11,27,27,1.00000000
5396,MR12 MR10 MR02 MR08 MR11 MR07 MR04 MR06 MR09 MR14 MR05,11,21,18,0.85714286
5397,MR13 MR02 MR04 MR07 MR08 MR11 MR12 MR14 MR09 MR10 MR06,11,25,25,1.00000000
5398,MR13 MR02 MR04 MR06 MR08 MR12 MR07 MR09 MR10 MR11 MR14,11,21,21,1.00000000
5399,MR13 MR02 MR04 MR08 MR11 MR14 MR06 MR07 MR09 MR10 MR12,11,21,21,1.00000000
5400,MR13 MR02 MR04 MR08 MR11 MR06 MR07 MR09 MR10 MR12 MR14,11,20,20,1.00000000
5401,MR13 MR11 MR02 MR04 MR08 MR12 MR14 MR07 MR09 MR10 MR06,11,23,23,1.00000000
5402,MR13 MR11 MR02 MR04 MR08 MR09 MR10 MR14 MR06 MR07 MR12,11,23,23,1.00000000
5403,MR13 MR11 MR02 MR04 MR08 MR12 MR06 MR09 MR10 MR14,10,26,23,0.88461538
5404,MR13 MR11 MR02 MR04 MR08 MR14 MR07 MR09 MR10 MR06,10,28,25,0.89285714
5405,MR08 MR10 MR02 MR12 MR11 MR14 MR07 MR04 MR06 MR09 MR13,11,28,28,1.00000000
5406,MR13 MR02 MR04 MR08 MR11 MR06 MR12 MR09 MR10 MR07 MR14,11,20,20,1.00000000
5407,MR13 MR02 MR04 MR06 MR08 MR11 MR09 MR10 MR12 MR14 MR07,11,25,25,1.00000000
5408,MR12 MR11 MR10 MR02 MR08 MR14 MR04 MR09 MR06 MR13 MR07,11,27,27,1.00000000
5409,MR13 MR02 MR04 MR08 MR11 MR06 MR07 MR09 MR10 MR12 MR14,11,21,21,1.00000000
5410,MR08 MR10 MR02 MR11 MR14 MR07 MR12 MR04 MR09 MR06 MR13,11,26,26,1.00000000
5411,MR12 MR02 MR04 MR08 MR07 MR11 MR13 MR14 MR06 MR09 MR10,11,24,24,1.00000000
5412,MR13 MR11 MR02 MR04 MR08 MR14 MR06 MR09 MR10 MR12 MR07,11,24,24,1.00000000
5413,MR13 MR02 MR04 MR08 MR11 MR14 MR06 MR07 MR09 MR10 MR12,11,19,19,1.00000000
5414,MR13 MR11 MR02 MR04 MR08 MR06 MR09 MR10 MR12 MR14 MR07,11,27,27,1.00000000
5415,MR13 MR02 MR04 MR08 MR12 MR06 MR07 MR11 MR09 MR10 MR14,11,23,23,1.00000000
5416,MR13 MR02 MR04 MR06 MR08 MR14 MR07 MR09 MR10 MR11 MR12,11,21,21,1.00000000
5417,MR12 MR10 MR02 MR08 MR06 MR07 MR14 MR04 MR09 MR11 MR13,11,28,28,1.00000000
5418,MR13 MR11 MR02 MR04 MR08 MR14 MR09 MR10 MR12 MR06 MR07,11,25,25,1.00000000
5419,MR13 MR11 MR02 MR04 MR08 MR14 MR07 MR09 MR10 MR12 MR06,11,25,25,1.00000000
5420,MR13 MR11 MR02 MR04 MR08 MR09 MR10 MR06 MR07 MR12,10,26,23,0.88461538
5421,MR13 MR02 MR04 MR07 MR08 MR14 MR06 MR09 MR10 MR11,10,25,22,0.88000000
5422,MR12 MR02 MR04 MR08 MR11 MR06 MR07 MR09 MR10 MR13 MR14,11,25,25,1.00000000
5423,MR13 MR02 MR04 MR08 MR11 MR07 MR06 MR09 MR10 MR12 MR14,11,20,20,1.00000000
5424,MR13 MR11 MR02 MR04 MR08 MR06 MR09 MR10 MR14 MR07 MR12,11,20,20,1.00000000
5425,MR13 MR02 MR04 MR08 MR06 MR07 MR11 MR09 MR10 MR12 MR14,11,20,20,1.00000000
5426,MR12 MR10 MR02 MR08 MR06 MR07 MR11 MR04 MR09 MR13 MR14,11,22,22,1.00000000
5427,MR12 MR11 MR02 MR04 MR08 MR06 MR09 MR10 MR13 MR14,10,25,22,0.88000000
5428,MR12 MR10 MR02 MR08 MR06 MR11 MR04 MR07 MR09 MR13 MR14,11,21,21,1.00000000
5429,MR13 MR11 MR02 MR04 MR08 MR07 MR09 MR10 MR12 MR14 MR06,11,23,23,1.00000000
5430,MR13 MR02 MR04 MR08 MR11 MR07 MR14 MR09 MR10 MR06 MR12,11,20,20,1.00000000
5431,MR08 MR10 MR02 MR11 MR07 MR14 MR04 MR06 MR09 MR12 MR13,11,24,24,1.00000000
5432,MR13 MR11 MR02 MR04 MR08 MR14 MR07 MR09 MR10 MR06 MR12,11,18,18,1.00000000
5433,MR13 MR11 MR02 MR04 MR08 MR06 MR09 MR10 MR14 MR07 MR12,11,21,21,1.00000000
5434,MR12 MR10 MR02 MR08 MR11 MR07 MR04 MR06 MR09 MR13 MR14,11,23,23,1.00000000
5435,MR13 MR02 MR04 MR06 MR08 MR11 MR12 MR09 MR10 MR07 MR14,11,23,23,1.00000000
5436,MR13 MR02 MR04 MR08 MR11 MR07 MR06 MR09 MR10 MR12 MR14,11,21,21,1.00000000
5437,MR12 MR10 MR11 MR02 MR08 MR04 MR07 MR09 MR06 MR13 MR14,11,19,19,1.00000000
5438,MR13 MR14 MR02 MR04 MR08 MR11 MR06 MR07 MR09 MR10 MR12,11,21,21,1.00000000
5439,MR13 MR02 MR04 MR08 MR11 MR14 MR06 MR07 MR09 MR10 MR12,11,25,25,1.00000000
5440,MR13 MR02 MR04 MR08 MR06 MR07 MR11 MR09 MR10 MR12 MR14,11,29,29,1.00000000
5441,MR13 MR11 MR02 MR04 MR08 MR14 MR12 MR06 MR09 MR10,10,24,21,0.87500000
5442,MR13 MR11 MR02 MR04 MR08 MR12 MR14 MR06 MR09 MR10 MR07,11,23,23,1.00000000
5443,MR13 MR02 MR04 MR08 MR06 MR07 MR09 MR10 MR11 MR12 MR14,11,22,22,1.00000000
5444,MR12 MR10 MR02 MR08 MR11 MR06 MR04 MR07 MR09 MR05 MR14,11,24,21,0.87500000
5445,MR13 MR02 MR04 MR08 MR11 MR14 MR06 MR07 MR09 MR10 MR12,11,24,24,1.00000000
5446,MR13 MR02 MR04 MR06 MR08 MR11 MR12 MR09 MR10 MR14 MR07,11,25,25,1.00000000
5447,MR13 MR11 MR02 MR04 MR08 MR07 MR12 MR09 MR10 MR14 MR06,11,23,23,1.00000000
5448,MR13 MR02 MR04 MR08 MR11 MR06 MR07 MR09 MR10 MR12 MR14,11,21,21,1.00000000
5449,MR13 MR11 MR02 MR04 MR08 MR14 MR09 MR10 MR06 MR07 MR12,11,23,23,1.00000000
5450,MR12 MR11 MR02 MR04 MR08 MR06 MR13 MR09 MR10 MR14 MR07,11,21,21,1.00000000
5451,MR12 MR02 MR04 MR08 MR11 MR07 MR09 MR10 MR13 MR14 MR06,11,27,27,1.00000000
5452,MR13 MR02 MR04 MR08 MR06 MR11 MR12 MR14 MR09 MR10 MR07,11,27,27,1.00000000
5453,MR13 MR11 MR02 MR04 MR08 MR14 MR09 MR10 MR12 MR06 MR07,11,26,26,1.00000000
5454,MR13 MR11 MR02 MR04 MR08 MR14 MR09 MR10 MR06 MR07 MR12,11,22,22,1.00000000
5455,MR13 MR02 MR04 MR08 MR11 MR12 MR07 MR09 MR10 MR14 MR06,11,21,21,1.00000000
5456,MR13 MR11 MR02 MR04 MR08 MR06 MR09 MR10 MR14 MR12 MR07,11,25,25,1.00000000
5457,MR13 MR11 MR02 MR04 MR08 MR12 MR07 MR09 MR10 MR14 MR06,11,27,27,1.00000000
5458,MR13 MR02 MR04 MR08 MR06 MR12 MR07 MR09 MR10 MR11 MR14,11,23,23,1.00000000
5459,MR13 MR02 MR04 MR08 MR11 MR14 MR07 MR09 MR10 MR12 MR06,11,28,28,1.00000000
5460,MR13 MR11 MR02 MR04 MR08 MR07 MR09 MR10 MR12 MR06 MR14,11,25,25,1.00000000
5461,MR13 MR02 MR04 MR08 MR11 MR06 MR07 MR09 MR10 MR12,10,20,17,0.85000000
5462,MR12 MR11 MR02 MR04 MR08 MR13 MR07 MR09 MR10 MR06 MR14,11,27,27,1.00000000
5463,MR13 MR02 MR04 MR08 MR11 MR06 MR14 MR07 MR09 MR10 MR12,11,24,24,1.00000000
5464,MR13 MR11 MR02 MR04 MR08 MR14 MR09 MR10 MR12 MR07 MR06,11,25,25,1.00000000
5465,MR13 MR11 MR02 MR04 MR08 MR06 MR09 MR10 MR14 MR07 MR12,11,24,24,1.00000000
5466,MR13 MR02 MR04 MR08 MR07 MR11 MR06 MR09 MR10 MR12 MR14,11,26,26,1.00000000
5467,MR08 MR10 MR02 MR11 MR07 MR14 MR04 MR09 MR12 MR06,10,26,22,0.84615385
5468,MR13 MR02 MR04 MR06 MR08 MR11 MR14 MR09 MR10 MR12 MR07,11,26,26,1.00000000
5469,MR13 MR11 MR02 MR04 MR08 MR06 MR09 MR10 MR12 MR14 MR07,11,26,26,1.00000000
5470,MR13 MR11 MR02 MR04 MR08 MR06 MR09 MR10 MR07 MR12 MR14,11,23,23,1.00000000
5471,MR13 MR02 MR04 MR08 MR11 MR06 MR12 MR09 MR10 MR07 MR14,11,22,22,1.00000000
5472,MR13 MR02 MR04 MR08 MR07 MR11 MR06 MR09 MR10 MR12 MR14,11,27,27,1.00000000
5473,MR13 MR02 MR04 MR08 MR06 MR11 MR14 MR09 MR10 MR12 MR07,11,25,25,1.00000000
5474,MR13 MR11 MR02 MR04 MR08 MR14 MR06 MR09 MR10 MR07 MR12,11,23,23,1.00000000
5475,MR12 MR10 MR11 MR02 MR08 MR14 MR04 MR06 MR09 MR13 MR07,11,23,23,1.00000000
5476,MR13 MR02 MR04 MR08 MR11 MR06 MR07 MR09 MR10 MR14 MR12,11,23,23,1.00000000
5477,MR06 MR04 MR02 MR08 MR11 MR12 MR13 MR09 MR10 MR14 MR07,11,26,26,1.00000000
5478,MR13 MR07 MR02 MR04 MR08 MR06 MR09 MR10 MR14 MR11 MR12,11,23,23,1.00000000
5479,MR13 MR02 MR04 MR08 MR07 MR12 MR11 MR06 MR09 MR10 MR14,11,24,24,1.00000000
5480,MR13 MR02 MR04 MR08 MR07 MR11 MR09 MR10 MR06 MR12 MR14,11,22,22,1.00000000
5481,MR12 MR10 MR02 MR07 MR08 MR14 MR04 MR06 MR09 MR11,10,24,20,0.83333333
5482,MR12 MR10 MR02 MR08 MR06 MR07 MR11 MR13 MR04 MR09 MR14,11,24,24,1.00000000
5483,MR13 MR02 MR04 MR08 MR11 MR07 MR12 MR06 MR09 MR10 MR14,11,21,21,1.00000000
5484,MR13 MR02 MR04 MR08 MR11 MR12 MR06 MR07 MR09 MR10 MR14,11,26,26,1.00000000
5485,MR13 MR02 MR04 MR08 MR11 MR07 MR12 MR06 MR09 MR10 MR14,11,27,27,1.00000000
5486,MR13 MR02 MR04 MR08 MR07 MR11 MR06 MR09 MR10 MR12 MR14,11,21,21,1.00000000
5487,MR12 MR02 MR04 MR08 MR11 MR07 MR09 MR10 MR13 MR14 MR06,11,24,24,1.00000000
5488,MR13 MR11 MR02 MR04 MR08 MR07 MR09 MR10 MR12 MR14 MR06,11,21,21,1.00000000
5489,MR12 MR10 MR11 MR02 MR08 MR04 MR06 MR09 MR13 MR07 MR14,11,21,21,1.00000000
5490,MR13 MR11 MR02 MR04 MR08 MR09 MR10 MR12 MR06 MR07 MR14,11,25,25,1.00000000
5491,MR13 MR11 MR02 MR04 MR08 MR07 MR14 MR09 MR10,9,26,20,0.76923077
5492,MR13 MR11 MR02 MR04 MR08 MR06 MR09 MR10 MR12 MR14 MR07,11,23,23,1.00000000
5493,MR13 MR02 MR04 MR08 MR11 MR07 MR12 MR09 MR10 MR14 MR06,11,24,24,1.00000000
5494,MR13 MR02 MR04 MR07 MR08 MR06 MR09 MR10 MR11 MR14 MR12,11,25,25,1.00000000
5495,MR13 MR02 MR04 MR08 MR06 MR12 MR11 MR07 MR09 MR10,10,24,21,0.87500000
5496,MR13 MR11 MR02 MR04 MR08 MR14 MR07 MR09 MR10 MR12 MR06,11,21,21,1.00000000
5497,MR13 MR02 MR04 MR08 MR11 MR07 MR09 MR10 MR12 MR14 MR06,11,27,27,1.00000000
5498,MR13 MR02 MR04 MR08 MR07 MR11 MR14 MR09 MR10 MR06 MR12,11,25,25,1.00000000
5499,MR13 MR02 MR04 MR08 MR11 MR06 MR07 MR09 MR10 MR12 MR14,11,26,26,1.00000000
5500,MR13 MR11 MR02 MR04 MR08 MR14 MR09 MR10 MR12 MR06 MR07,11,22,22,1.00000000
5501,MR12 MR10 MR02 MR08 MR07 MR11 MR04 MR06 MR09 MR05 MR14,11,22,19,0.86363636
5502,MR13 MR02 MR04 MR08 MR11 MR07 MR14 MR09 MR10 MR12 MR06,11,25,25,1.00000000
5503,MR12 MR10 MR02 MR08 MR07 MR11 MR04 MR09 MR13 MR06,10,22,19,0.86363636
5504,MR12 MR11 MR02 MR04 MR08 MR13 MR06 MR09 MR10 MR14,10,24,21,0.87500000
5505,MR12 MR02 MR04 MR08 MR06 MR14 MR11 MR07 MR09 MR10 MR13,11,27,27,1.00000000
5506,MR13 MR11 MR02 MR04 MR08 MR06 MR09 MR10 MR07 MR12 MR14,11,22,22,1.00000000
5507,MR13 MR02 MR04 MR08 MR11 MR07 MR09 MR10 MR12 MR06 MR14,11,27,27,1.00000000
5508,MR13 MR02 MR04 MR08 MR07 MR11 MR09 MR10 MR14 MR06 MR12,11,25,25,1.00000000
5509,MR12 MR10 MR02 MR08 MR11 MR04 MR06 MR07 MR09 MR13 MR14,11,23,23,1.00000000
5510,MR13 MR02 MR04 MR08 MR06 MR11 MR07 MR09 MR10 MR14 MR12,11,25,25,1.00000000
5511,MR13 MR02 MR04 MR08 MR06 MR07 MR11 MR09 MR10 MR12 MR14,11,22,22,1.00000000
5512,MR12 MR11 MR02 MR04 MR08 MR13 MR09 MR10 MR06 MR07 MR14,11,25,25,1.00000000
5513,MR08 MR10 MR11 MR02 MR14 MR04 MR07 MR09 MR12 MR13 MR06,11,19,19,1.00000000
5514,MR13 MR11 MR02 MR04 MR08 MR12 MR06 MR09 MR10 MR14 MR07,11,23,23,1.00000000
5515,MR13 MR02 MR04 MR08 MR11 MR07 MR14 MR09 MR10 MR06 MR12,11,23,23,1.00000000
5516,MR13 MR02 MR04 MR08 MR07 MR11 MR06 MR09 MR10 MR12 MR14,11,25,25,1.00000000
5517,MR13 MR02 MR04 MR08 MR06 MR11 MR12 MR14 MR09 MR10 MR07,11,21,21,1.00000000
5518,MR13 MR02 MR04 MR08 MR11 MR06 MR09 MR10 MR07 MR12 MR14,11,28,28,1.00000000
5519,MR13 MR11 MR02 MR04 MR08 MR06 MR12 MR14 MR09 MR10 MR07,11,19,19,1.00000000
5520,MR13 MR02 MR04 MR06 MR08 MR11 MR09 MR10 MR12 MR14 MR07,11,23,23,1.00000000
5521,MR13 MR02 MR04 MR08 MR07 MR11 MR14 MR09 MR10 MR06 MR12,11,21,21,1.00000000
5522,MR13 MR02 MR04 MR08 MR06 MR11 MR07 MR09 MR10 MR12 MR14,11,24,24,1.00000000
5523,MR13 MR02 MR04 MR08 MR07 MR11 MR14 MR09 MR10 MR06 MR12,11,27,27,1.00000000
5524,MR13 MR11 MR02 MR04 MR08 MR14 MR09 MR10 MR12 MR07 MR06,11,24,24,1.00000000
5525,MR13 MR02 MR04 MR06 MR08 MR11 MR12 MR09 MR10 MR07 MR14,11,27,27,1.00000000
5526,MR13 MR02 MR04 MR08 MR11 MR07 MR09 MR10 MR14 MR06 MR12,11,20,20,1.00000000
5527,MR13 MR02 MR04 MR08 MR11 MR06 MR09 MR10 MR07 MR12 MR14,11,26,26,1.00000000
5528,MR13 MR02 MR04 MR08 MR11 MR06 MR12 MR09 MR10 MR07 MR14,11,20,20,1.00000000
5529,MR13 MR02 MR04 MR08 MR07 MR11 MR09 MR10 MR12 MR06 MR14,11,20,20,1.00000000
5530,MR13 MR02 MR04 MR08 MR14 MR06 MR07 MR11 MR09 MR10 MR12,11,24,24,1.00000000
5531,MR13 MR11 MR02 MR04 MR08 MR09 MR10 MR12 MR06 MR07 MR14,11,21,21,1.00000000
5532,MR05 MR11 MR02 MR04 MR08 MR12 MR06 MR09 MR10 MR07 MR14,11,25,22,0.88000000
5533,MR13 MR11 MR02 MR04 MR08 MR09 MR10 MR06 MR12 MR07 MR14,11,23,23,1.00000000
5534,MR13 MR11 MR02 MR04 MR08 MR07 MR09 MR10 MR14 MR06 MR12,11,20,20,1.00000000
5535,MR08 MR10 MR02 MR11 MR07 MR14 MR04 MR09 MR12 MR06 MR13,11,24,24,1.00000000
5536,MR13 MR11 MR02 MR04 MR08 MR09 MR10 MR07 MR12 MR14 MR06,11,19,19,1.00000000
5537,MR13 MR02 MR04 MR08 MR11 MR14 MR07 MR09 MR10 MR06 MR12,11,22,22,1.00000000
5538,MR05 MR02 MR04 MR08 MR11 MR07 MR12 MR06 MR09 MR10 MR14,11,24,21,0.87500000
5539,MR13 MR02 MR04 MR08 MR11 MR12 MR07 MR06 MR09 MR10 MR14,11,29,29,1.00000000
5540,MR08 MR10 MR02 MR07 MR11 MR12 MR04 MR06 MR09 MR14 MR13,11,24,24,1.00000000
5541,MR13 MR02 MR04 MR08 MR06 MR07 MR11 MR09 MR10 MR14,10,25,22,0.88000000
5542,MR13 MR11 MR02 MR04 MR08 MR14 MR07 MR09 MR10 MR06 MR12,11,26,26,1.00000000
5543,MR13 MR11 MR02 MR04 MR08 MR14 MR06 MR09 MR10 MR07 MR12,11,24,24,1.00000000
5544,MR13 MR02 MR04 MR08 MR06 MR11 MR14 MR07 MR09 MR10 MR12,11,23,23,1.00000000
5545,MR13 MR11 MR02 MR04 MR08 MR07 MR09 MR10 MR12 MR06,10,24,21,0.87500000
5546,MR13 MR11 MR02 MR04 MR08 MR14 MR09 MR10 MR06 MR07 MR12,11,27,27,1.00000000
5547,MR13 MR02 MR04 MR08 MR07 MR11 MR12 MR09 MR10 MR06 MR14,11,22,22,1.00000000
5548,MR13 MR02 MR04 MR08 MR06 MR11 MR14 MR09 MR10 MR07 MR12,11,28,28,1.00000000
5549,MR13 MR02 MR04 MR08 MR11 MR07 MR09 MR10 MR12 MR14 MR06,11,18,18,1.00000000
5550,MR13 MR02 MR04 MR08 MR11 MR06 MR09 MR10 MR14 MR07 MR12,11,26,26,1.00000000
5551,MR13 MR02 MR04 MR08 MR07 MR11 MR09 MR10 MR06 MR14,10,28,25,0.89285714
5552,MR13 MR02 MR04 MR08 MR11 MR06 MR07 MR09 MR10 MR12 MR14,11,28,28,1.00000000
5553,MR13 MR11 MR02 MR04 MR08 MR07 MR09 MR10 MR14 MR06 MR12,11,24,24,1.00000000
5554,MR13 MR02 MR04 MR08 MR11 MR07 MR06 MR09 MR10 MR12 MR14,11,20,20,1.00000000
5555,MR13 MR02 MR04 MR08 MR11 MR06 MR07 MR09 MR10 MR12 MR14,11,21,21,1.00000000
5556,MR13 MR11 MR02 MR04 MR08 MR07 MR09 MR10 MR12 MR14 MR06,11,23,23,1.00000000
5557,MR13 MR02 MR04 MR08 MR06 MR11 MR14 MR09 MR10 MR07 MR12,11,21,21,1.00000000
5558,MR13 MR02 MR04 MR08 MR06 MR11 MR12 MR07 MR09 MR10 MR14,11,25,25,1.00000000
5559,MR13 MR11 MR02 MR04 MR08 MR12 MR06 MR09 MR10 MR07 MR14,11,23,23,1.00000000
5560,MR08 MR10 MR02 MR11 MR14 MR04 MR06 MR07 MR09 MR12 MR13,11,26,26,1.00000000
5561,MR12 MR11 MR02 MR04 MR08 MR06 MR09 MR10 MR07 MR14 MR13,11,30,30,1.00000000
5562,MR12 MR10 MR02 MR08 MR11 MR07 MR14 MR04 MR06 MR09 MR13,11,23,23,1.00000000
5563,MR13 MR11 MR02 MR04 MR08 MR14 MR06 MR09 MR10 MR07 MR12,11,27,27,1.00000000
5564,MR13 MR02 MR04 MR08 MR11 MR06 MR12 MR07 MR09 MR10 MR14,11,26,26,1.00000000
5565,MR13 MR02 MR04 MR08 MR07 MR06 MR09 MR10 MR11 MR14 MR12,11,26,26,1.00000000
5566,MR12 MR10 MR11 MR02 MR08 MR14 MR04 MR07 MR09 MR06 MR13,11,24,24,1.00000000
5567,MR13 MR02 MR04 MR07 MR08 MR11 MR14 MR09 MR10 MR12,10,21,18,0.85714286
5568,MR13 MR11 MR02 MR04 MR08 MR14 MR07 MR09 MR10 MR06 MR12,11,23,23,1.00000000
5569,MR13 MR02 MR04 MR06 MR08 MR11 MR09 MR10 MR12 MR07 MR14,11,22,22,1.00000000
5570,MR13 MR02 MR04 MR08 MR07 MR11 MR14 MR09 MR10 MR06 MR12,11,26,26,1.00000000
5571,MR12 MR10 MR02 MR08 MR11 MR06 MR13 MR04 MR09 MR07 MR14,11,24,24,1.00000000
5572,MR13 MR02 MR04 MR08 MR11 MR06 MR12 MR07 MR09 MR10 MR14,11,26,26,1.00000000
5573,MR13 MR02 MR04 MR08 MR11 MR06 MR07 MR09 MR10 MR14 MR12,11,25,25,1.00000000
5574,MR14 MR10 MR02 MR08 MR06 MR11 MR04 MR09 MR12 MR07 MR13,11,25,25,1.00000000
5575,MR13 MR11 MR02 MR04 MR08 MR12 MR06 MR09 MR10 MR14 MR07,11,22,22,1.00000000
5576,MR08 MR10 MR11 MR02 MR14 MR04 MR09 MR12 MR07 MR13 MR06,11,26,26,1.00000000
5577,MR13 MR11 MR02 MR04 MR08 MR06 MR09 MR10 MR14 MR12 MR07,11,28,28,1.00000000
5578,MR08 MR10 MR02 MR11 MR06 MR04 MR09 MR14 MR07 MR12,10,24,20,0.83333333
5579,MR13 MR11 MR02 MR04 MR08 MR09 MR10 MR07 MR14 MR06 MR12,11,20,20,1.00000000
5580,MR13 MR11 MR02 MR04 MR08 MR12 MR06 MR09 MR10 MR07 MR14,11,27,27,1.00000000
5581,MR13 MR02 MR04 MR07 MR08 MR14 MR06 MR09 MR10 MR11 MR12,11,23,23,1.00000000
5582,MR13 MR02 MR04 MR08 MR11 MR06 MR07 MR09 MR10 MR14 MR12,11,19,19,1.00000000
5583,MR13 MR02 MR04 MR08 MR11 MR06 MR12 MR07 MR09 MR10 MR14,11,23,23,1.00000000
5584,MR05 MR02 MR04 MR08 MR11 MR06 MR12 MR09 MR10 MR07 MR14,11,28,25,0.89285714
5585,MR12 MR10 MR02 MR07 MR08 MR11 MR04 MR09 MR13 MR06 MR14,11,21,21,1.00000000
5586,MR13 MR02 MR04 MR08 MR11 MR07 MR06 MR09 MR10 MR14 MR12,11,24,24,1.00000000
5587,MR12 MR02 MR04 MR08 MR13 MR07 MR11 MR06 MR09 MR10 MR14,11,21,21,1.00000000
5588,MR13 MR11 MR02 MR04 MR08 MR06 MR14 MR09 MR10 MR12 MR07,11,24,24,1.00000000
5589,MR13 MR11 MR02 MR04 MR08 MR06 MR14 MR09 MR10 MR07,10,27,24,0.88888889
5590,MR12 MR11 MR10 MR02 MR08 MR04 MR09 MR13 MR06 MR07 MR14,11,26,26,1.00000000
5591,MR13 MR02 MR04 MR08 MR11 MR14 MR06 MR09 MR10 MR12 MR07,11,22,22,1.00000000
5592,MR13 MR02 MR04 MR08 MR11 MR06 MR14 MR09 MR10 MR07 MR12,11,22,22,1.00000000
5593,MR13 MR11 MR02 MR04 MR08 MR07 MR09 MR10 MR14,9,27,21,0.77777778
5594,MR13 MR02 MR04 MR08 MR11 MR07 MR06 MR09 MR10 MR12 MR14,11,23,23,1.00000000
5595,MR13 MR02 MR04 MR08 MR06 MR07 MR09 MR10 MR11 MR12 MR14,11,27,27,1.00000000
5596,MR13 MR11 MR02 MR04 MR08 MR14 MR09 MR10 MR06 MR07 MR12,11,31,31,1.00000000
5597,MR13 MR02 MR04 MR08 MR07 MR11 MR09 MR10 MR12 MR06 MR14,11,23,23,1.00000000
5598,MR13 MR11 MR02 MR04 MR08 MR12 MR06 MR09 MR10 MR07,10,23,20,0.86956522
5599,MR13 MR02 MR04 MR08 MR14 MR06 MR07 MR11 MR09 MR10 MR12,11,23,23,1.00000000
5600,MR13 MR11 MR02 MR04 MR08 MR12 MR14 MR07 MR09 MR10,10,26,23,0.88461538
5601,MR13 MR11 MR02 MR04 MR08 MR06 MR12 MR09 MR10 MR14 MR07,11,24,24,1.00000000
5602,MR12 MR10 MR02 MR08 MR11 MR07 MR14 MR04 MR09 MR13 MR06,11,24,24,1.00000000
5603,MR13 MR11 MR02 MR04 MR08 MR12 MR06 MR09 MR10 MR07 MR14,11,24,24,1.00000000
5604,MR12 MR10 MR02 MR08 MR11 MR14 MR07 MR04 MR06 MR09,10,27,23,0.85185185
5605,MR13 MR02 MR04 MR08 MR06 MR11 MR07 MR09 MR10 MR14 MR12,11,20,20,1.00000000
5606,MR12 MR02 MR04 MR08 MR11 MR06 MR14 MR09 MR10 MR07 MR13,11,24,24,1.00000000
5607,MR13 MR11 MR02 MR04 MR08 MR09 MR10 MR12 MR14 MR06 MR07,11,25,25,1.00000000
5608,MR13 MR11 MR02 MR04 MR08 MR09 MR10 MR12 MR06 MR07 MR14,11,28,28,1.00000000
5609,MR13 MR02 MR04 MR08 MR11 MR07 MR06 MR09 MR10 MR12 MR14,11,26,26,1.00000000
5610,MR12 MR02 MR04 MR08 MR11 MR06 MR09 MR10 MR14 MR07 MR05,11,25,22,0.88000000
5611,MR13 MR02 MR04 MR08 MR11 MR14 MR06 MR07 MR09 MR10 MR12,11,23,23,1.00000000
5612,MR13 MR02 MR04 MR06 MR08 MR11 MR14 MR09 MR10 MR07 MR12,11,25,25,1.00000000
5613,MR13 MR02 MR04 MR08 MR11 MR06 MR12 MR09 MR10 MR07 MR14,11,24,24,1.00000000
5614,MR13 MR11 MR02 MR04 MR08 MR07 MR09 MR10 MR06,9,26,20,0.76923077
5615,MR13 MR02 MR04 MR08 MR06 MR11 MR09 MR10 MR12 MR07 MR14,11,18,18,1.00000000
5616,MR13 MR02 MR04 MR08 MR06 MR11 MR12 MR09 MR10 MR07 MR14,11,22,22,1.00000000
5617,MR13 MR11 MR02 MR04 MR08 MR12 MR09 MR10 MR07 MR06,10,25,22,0.88000000
5618,MR12 MR10 MR11 MR02 MR08 MR14 MR04 MR06 MR09 MR13 MR07,11,23,23,1.00000000
5619,MR13 MR02 MR04 MR07 MR08 MR11 MR09 MR10 MR12 MR06 MR14,11,24,24,1.00000000
5620,MR13 MR11 MR02 MR04 MR08 MR12 MR09 MR10 MR14 MR06 MR07,11,26,26,1.00000000
5621,MR13 MR11 MR02 MR04 MR08 MR12 MR06 MR09 MR10 MR14 MR07,11,23,23,1.00000000
5622,MR13 MR02 MR04 MR08 MR06 MR07 MR09 MR10 MR11 MR12 MR14,11,26,26,1.00000000
5623,MR13 MR02 MR04 MR08 MR11 MR14 MR06 MR07 MR09 MR10,10,21,18,0.85714286
5624,MR13 MR11 MR02 MR04 MR08 MR09 MR10 MR14 MR06 MR07 MR12,11,21,21,1.00000000
5625,MR07 MR04 MR14 MR02 MR08 MR12 MR09 MR10 MR11 MR06 MR13,11,28,28,1.00000000
5626,MR12 MR10 MR02 MR07 MR08 MR11 MR04 MR09 MR13 MR14,10,29,26,0.89655172
5627,MR13 MR02 MR04 MR07 MR08 MR06 MR09 MR10 MR11 MR12 MR14,11,19,19,1.00000000
5628,MR13 MR02 MR04 MR08 MR11 MR06 MR09 MR10 MR07 MR14 MR12,11,24,24,1.00000000
5629,MR13 MR02 MR04 MR08 MR11 MR07 MR06 MR09 MR10 MR12 MR14,11,23,23,1.00000000
5630,MR13 MR02 MR04 MR08 MR07 MR06 MR12 MR09 MR10 MR11 MR14,11,21,21,1.00000000
5631,MR13 MR11 MR02 MR04 MR08 MR06 MR14 MR09 MR10 MR12 MR07,11,22,22,1.00000000
5632,MR13 MR02 MR04 MR08 MR06 MR11 MR09 MR10 MR07 MR12 MR14,11,28,28,1.00000000
5633,MR13 MR02 MR04 MR08 MR11 MR06 MR07 MR09 MR10 MR14 MR12,11,27,27,1.00000000
5634,MR13 MR11 MR02 MR04 MR08 MR14 MR07 MR09 MR10 MR06 MR12,11,25,25,1.00000000
5635,MR13 MR11 MR02 MR04 MR08 MR14 MR09 MR10 MR06 MR07 MR12,11,20,20,1.00000000
5636,MR13 MR02 MR04 MR08 MR11 MR14 MR06 MR07 MR09 MR10 MR12,11,23,23,1.00000000
5637,MR13 MR02 MR04 MR08 MR11 MR06 MR07 MR09 MR10 MR12 MR14,11,23,23,1.00000000
5638,MR08 MR10 MR11 MR02 MR14 MR07 MR04 MR09 MR12 MR06,10,27,23,0.85185185
5639,MR13 MR02 MR04 MR08 MR11 MR14 MR06 MR07 MR09 MR10 MR12,11,21,21,1.00000000
5640,MR13 MR02 MR04 MR08 MR06 MR07 MR11 MR14 MR09 MR10 MR12,11,26,26,1.00000000
5641,MR13 MR02 MR04 MR08 MR11 MR07 MR06 MR09 MR10 MR12 MR14,11,25,25,1.00000000
5642,MR13 MR11 MR02 MR04 MR08 MR14 MR07 MR09 MR10 MR12,10,25,22,0.88000000
5643,MR13 MR11 MR02 MR04 MR08 MR09 MR10 MR06 MR07 MR12 MR14,11,22,22,1.00000000
5644,MR13 MR02 MR04 MR08 MR07 MR12 MR11 MR06 MR09 MR10 MR14,11,24,24,1.00000000
5645,MR08 MR04 MR11 MR02 MR14 MR07 MR09 MR10 MR06 MR12 MR13,11,25,25,1.00000000
5646,MR13 MR11 MR02 MR04 MR08 MR09 MR10 MR14 MR07 MR12 MR06,11,23,23,1.00000000
5647,MR12 MR10 MR02 MR08 MR06 MR11 MR04 MR09 MR14 MR07 MR13,11,23,23,1.00000000
5648,MR13 MR11 MR02 MR04 MR08 MR07 MR09 MR10 MR12 MR14,10,23,20,0.86956522
5649,MR13 MR02 MR04 MR08 MR11 MR07 MR14 MR06 MR09 MR10 MR12,11,22,22,1.00000000
5650,MR13 MR02 MR04 MR08 MR11 MR14 MR07 MR12 MR09 MR10 MR06,11,16,16,1.00000000
5651,MR08 MR10 MR02 MR11 MR14 MR04 MR06 MR07 MR09 MR12,10,21,17,0.80952381
5652,MR13 MR02 MR04 MR07 MR08 MR14 MR11 MR09 MR10 MR12 MR06,11,19,19,1.00000000
5653,MR13 MR02 MR04 MR08 MR11 MR06 MR07 MR09 MR10 MR12 MR14,11,21,21,1.00000000
5654,MR13 MR02 MR04 MR08 MR06 MR11 MR09 MR10 MR14 MR07 MR12,11,23,23,1.00000000
5655,MR13 MR02 MR04 MR08 MR11 MR06 MR12 MR14 MR07 MR09 MR10,11,23,23,1.00000000
5656,MR12 MR10 MR02 MR08 MR11 MR07 MR13 MR04 MR06 MR09 MR14,11,28,28,1.00000000
5657,MR08 MR04 MR02 MR11 MR06 MR12 MR14 MR09 MR10 MR07 MR13,11,25,25,1.00000000
5658,MR13 MR11 MR02 MR04 MR08 MR09 MR10 MR06 MR07 MR12 MR14,11,27,27,1.00000000
5659,MR12 MR10 MR02 MR08 MR11 MR07 MR04 MR09 MR13 MR14 MR06,11,25,25,1.00000000
5660,MR13 MR11 MR02 MR04 MR08 MR14 MR09 MR10 MR06 MR07 MR12,11,26,26,1.00000000
5661,MR08 MR10 MR11 MR02 MR14 MR04 MR06 MR09 MR13 MR12 MR07,11,22,22,1.00000000
5662,MR12 MR10 MR02 MR08 MR11 MR07 MR04 MR09 MR14 MR05 MR06,11,25,22,0.88000000
5663,MR13 MR02 MR04 MR07 MR08 MR06 MR09 MR10 MR11 MR12 MR14,11,21,21,1.00000000
5664,MR13 MR02 MR04 MR08 MR11 MR12 MR06 MR09 MR10 MR07 MR14,11,21,21,1.00000000
5665,MR13 MR02 MR04 MR08 MR06 MR11 MR09 MR10 MR12 MR07 MR14,11,23,23,1.00000000
5666,MR13 MR11 MR02 MR04 MR08 MR07 MR09 MR10 MR06 MR12 MR14,11,22,22,1.00000000
5667,MR12 MR10 MR11 MR02 MR08 MR04 MR07 MR09 MR06 MR13 MR14,11,24,24,1.00000000
5668,MR12 MR11 MR10 MR02 MR08 MR04 MR07 MR09 MR13 MR14,10,26,23,0.88461538
5669,MR13 MR02 MR04 MR08 MR11 MR14 MR06 MR07 MR09 MR10 MR12,11,21,21,1.00000000
5670,MR13 MR11 MR02 MR04 MR08 MR07 MR09 MR10 MR12 MR14 MR06,11,22,22,1.00000000
5671,MR13 MR11 MR02 MR04 MR08 MR07 MR09 MR10 MR06 MR12 MR14,11,25,25,1.00000000
5672,MR13 MR02 MR04 MR06 MR07 MR08 MR09 MR10 MR12 MR14,10,29,23,0.79310345
5673,MR12 MR10 MR02 MR08 MR11 MR04 MR06 MR07 MR09 MR13 MR14,11,24,24,1.00000000
5674,MR13 MR02 MR04 MR08 MR06 MR07 MR11 MR09 MR10 MR12 MR14,11,27,27,1.00000000
5675,MR13 MR11 MR02 MR04 MR08 MR14 MR07 MR09 MR10 MR06 MR12,11,20,20,1.00000000
5676,MR13 MR11 MR02 MR04 MR08 MR07 MR09 MR10 MR12 MR14 MR06,11,22,22,1.00000000
5677,MR12 MR10 MR02 MR07 MR08 MR11 MR04 MR09 MR06 MR13 MR14,11,23,23,1.00000000
5678,MR13 MR11 MR02 MR04 MR08 MR07 MR09 MR10 MR14 MR12,10,25,22,0.88000000
5679,MR07 MR10 MR02 MR08 MR11 MR14 MR04 MR09 MR12 MR13 MR06,11,23,23,1.00000000
5680,MR13 MR02 MR04 MR08 MR14 MR11 MR06 MR07 MR09 MR10 MR12,11,20,20,1.00000000
5681,MR13 MR02 MR04 MR08 MR06 MR11 MR14 MR09 MR10 MR07,10,26,23,0.88461538
5682,MR13 MR02 MR04 MR08 MR11 MR14 MR06 MR12 MR09 MR10 MR07,11,23,23,1.00000000
5683,MR13 MR02 MR04 MR08 MR11 MR12 MR06 MR07 MR09 MR10 MR14,11,25,25,1.00000000
5684,MR12 MR10 MR02 MR08 MR11 MR06 MR04 MR09 MR13 MR14 MR07,11,21,21,1.00000000
5685,MR08 MR10 MR02 MR12 MR06 MR11 MR04 MR09 MR07 MR13 MR14,11,28,28,1.00000000
5686,MR13 MR07 MR02 MR04 MR08 MR14 MR09 MR10 MR11 MR06 MR12,11,22,22,1.00000000
5687,MR12 MR10 MR02 MR08 MR11 MR07 MR13 MR04 MR06 MR09 MR14,11,22,22,1.00000000
5688,MR08 MR10 MR02 MR11 MR06 MR14 MR12 MR04 MR09 MR13 MR07,11,31,31,1.00000000
5689,MR13 MR02 MR04 MR08 MR11 MR07 MR14 MR09 MR10 MR06,10,24,21,0.87500000
5690,MR08 MR10 MR11 MR02 MR12 MR14 MR04 MR07 MR09 MR13 MR06,11,24,24,1.00000000
5691,MR13 MR02 MR04 MR08 MR11 MR07 MR12 MR09 MR10 MR14 MR06,11,27,27,1.00000000
5692,MR13 MR11 MR02 MR04 MR08 MR06 MR09 MR10 MR12 MR07 MR14,11,21,21,1.00000000
5693,MR08 MR10 MR02 MR11 MR14 MR07 MR04 MR09 MR12 MR13 MR06,11,24,24,1.00000000
5694,MR13 MR11 MR02 MR04 MR08 MR07 MR09 MR10 MR12 MR06 MR14,11,26,26,1.00000000
5695,MR13 MR02 MR04 MR08 MR06 MR07 MR11 MR09 MR10 MR12 MR14,11,23,23,1.00000000
5696,MR13 MR02 MR04 MR08 MR11 MR06 MR14 MR07 MR09 MR10 MR12,11,25,25,1.00000000
5697,MR13 MR02 MR04 MR08 MR11 MR06 MR07 MR09 MR10 MR12 MR14,11,21,21,1.00000000
5698,MR13 MR02 MR04 MR08 MR11 MR06 MR14 MR09 MR10 MR07 MR12,11,22,22,1.00000000
5699,MR13 MR02 MR04 MR08 MR07 MR11 MR14 MR06 MR09 MR10 MR12,11,23,23,1.00000000
5700,MR13 MR02 MR04 MR08 MR11 MR06 MR07 MR09 MR10 MR12 MR14,11,22,22,1.00000000
5701,MR13 MR02 MR04 MR08 MR11 MR06 MR07 MR09 MR10 MR12 MR14,11,23,23,1.00000000
5702,MR14 MR10 MR02 MR08 MR06 MR07 MR12 MR04 MR09 MR11 MR13,11,23,23,1.00000000
5703,MR13 MR02 MR04 MR08 MR11 MR06 MR07 MR09 MR10 MR14 MR12,11,28,28,1.00000000
5704,MR13 MR02 MR04 MR08 MR06 MR07 MR11 MR09 MR10 MR12 MR14,11,25,25,1.00000000
5705,MR08 MR10 MR11 MR02 MR14 MR04 MR07 MR09 MR12 MR13 MR06,11,22,22,1.00000000
5706,MR13 MR02 MR04 MR08 MR11 MR14 MR07 MR06 MR09 MR10 MR12,11,25,25,1.00000000
5707,MR13 MR11 MR02 MR04 MR08 MR14 MR09 MR10 MR07 MR06 MR12,11,26,26,1.00000000
5708,MR13 MR11 MR02 MR04 MR08 MR14 MR07 MR09 MR10 MR12,10,24,21,0.87500000
5709,MR13 MR11 MR02 MR04 MR08 MR06 MR09 MR10 MR12 MR14 MR07,11,26,26,1.00000000
5710,MR13 MR11 MR02 MR04 MR08 MR06 MR12 MR09 MR10 MR07 MR14,11,25,25,1.00000000
5711,MR13 MR02 MR04 MR08 MR11 MR06 MR12 MR09 MR10 MR07 MR14,11,20,20,1.00000000
5712,MR13 MR02 MR04 MR08 MR11 MR06 MR09 MR10 MR07 MR12 MR14,11,22,22,1.00000000
5713,MR13 MR11 MR02 MR04 MR08 MR14 MR07 MR09 MR10 MR12,10,27,24,0.88888889
5714,MR12 MR10 MR02 MR08 MR11 MR07 MR13 MR04 MR09 MR06 MR14,11,24,24,1.00000000
5715,MR13 MR02 MR04 MR08 MR11 MR07 MR06 MR09 MR10 MR14 MR12,11,22,22,1.00000000
5716,MR12 MR10 MR02 MR08 MR11 MR07 MR13 MR04 MR06 MR09 MR14,11,21,21,1.00000000
5717,MR13 MR11 MR02 MR04 MR08 MR07 MR09 MR10 MR12 MR14 MR06,11,25,25,1.00000000
5718,MR13 MR11 MR02 MR04 MR08 MR09 MR10 MR12 MR14 MR07 MR06,11,26,26,1.00000000
5719,MR13 MR02 MR04 MR08 MR06 MR11 MR14 MR07 MR09 MR10 MR12,11,18,18,1.00000000
5720,MR13 MR02 MR04 MR08 MR11 MR06 MR09 MR10 MR14 MR07 MR12,11,24,24,1.00000000
5721,MR08 MR10 MR11 MR02 MR14 MR04 MR07 MR09 MR12 MR13 MR06,11,24,24,1.00000000
5722,MR13 MR02 MR04 MR08 MR11 MR07 MR06 MR09 MR10 MR12 MR14,11,20,20,1.00000000
5723,MR12 MR02 MR04 MR08 MR11 MR13 MR14 MR06 MR07 MR09 MR10,11,22,22,1.00000000
5724,MR13 MR02 MR04 MR08 MR11 MR07 MR12 MR09 MR10 MR06 MR14,11,21,21,1.00000000
5725,MR13 MR02 MR04 MR08 MR07 MR06 MR12 MR14 MR09 MR10 MR11,11,23,23,1.00000000
5726,MR14 MR10 MR02 MR08 MR11 MR07 MR04 MR09 MR12 MR13 MR06,11,26,26,1.00000000
5727,MR13 MR02 MR04 MR08 MR11 MR07 MR14 MR09 MR10 MR12 MR06,11,27,27,1.00000000
5728,MR13 MR11 MR02 MR04 MR08 MR07 MR09 MR10 MR06 MR12 MR14,11,27,27,1.00000000
5729,MR13 MR11 MR02 MR04 MR08 MR09 MR10 MR12 MR14 MR06 MR07,11,25,25,1.00000000
5730,MR12 MR11 MR02 MR04 MR08 MR06 MR09 MR10 MR13 MR07 MR14,11,24,24,1.00000000
5731,MR13 MR02 MR04 MR07 MR08 MR11 MR12 MR14 MR09 MR10 MR06,11,28,28,1.00000000
5732,MR13 MR02 MR04 MR08 MR07 MR11 MR06 MR09 MR10 MR12 MR14,11,23,23,1.00000000
5733,MR13 MR02 MR04 MR08 MR06 MR11 MR09 MR10 MR07 MR12 MR14,11,23,23,1.00000000
5734,MR12 MR10 MR11 MR02 MR08 MR14 MR04 MR07 MR09 MR13 MR06,11,18,18,1.00000000
5735,MR13 MR02 MR04 MR08 MR06 MR11 MR09 MR10 MR14 MR07 MR12,11,24,24,1.00000000
5736,MR13 MR02 MR04 MR08 MR06 MR07 MR11 MR09 MR10 MR12 MR14,11,24,24,1.00000000
5737,MR13 MR11 MR02 MR04 MR08 MR07 MR09 MR10 MR12 MR14 MR06,11,23,23,1.00000000
5738,MR13 MR11 MR02 MR04 MR08 MR06 MR09 MR10 MR07 MR14 MR12,11,21,21,1.00000000
5739,MR13 MR02 MR04 MR08 MR11 MR12 MR07 MR06 MR09 MR10 MR14,11,21,21,1.00000000
5740,MR13 MR02 MR04 MR08 MR11 MR07 MR09 MR10 MR14 MR06 MR12,11,23,23,1.00000000
5741,MR12 MR10 MR02 MR08 MR11 MR07 MR13 MR04 MR09 MR06 MR14,11,28,28,1.00000000
5742,MR13 MR02 MR04 MR08 MR11 MR06 MR07 MR09 MR10 MR14 MR12,11,28,28,1.00000000
5743,MR12 MR11 MR02 MR04 MR08 MR06 MR13 MR09 MR10 MR14 MR07,11,24,24,1.00000000
5744,MR13 MR02 MR04 MR06 MR08 MR11 MR09 MR10 MR12 MR14 MR07,11,26,26,1.00000000
5745,MR13 MR11 MR02 MR04 MR08 MR06 MR09 MR10 MR14 MR07 MR12,11,22,22,1.00000000
5746,MR13 MR02 MR04 MR08 MR11 MR07 MR09 MR10 MR14 MR12 MR06,11,22,22,1.00000000
5747,MR12 MR02 MR04 MR08 MR11 MR07 MR14 MR09 MR10 MR13 MR06,11,25,25,1.00000000
5748,MR13 MR02 MR04 MR08 MR06 MR11 MR12 MR07 MR09 MR10 MR14,11,16,16,1.00000000
5749,MR13 MR06 MR02 MR04 MR08 MR12 MR09 MR10 MR11 MR07 MR14,11,23,23,1.00000000
5750,MR05 MR11 MR02 MR04 MR08 MR12 MR06 MR09 MR10 MR14 MR07,11,22,19,0.86363636
5751,MR13 MR11 MR02 MR04 MR08 MR07 MR09 MR10 MR14 MR06 MR12,11,24,24,1.00000000
5752,MR08 MR10 MR11 MR02 MR12 MR14 MR04 MR07 MR09 MR06 MR13,11,22,22,1.00000000
5753,MR08 MR04 MR11 MR02 MR14 MR13 MR09 MR10 MR06 MR07 MR12,11,23,23,1.00000000
5754,MR13 MR02 MR04 MR08 MR06 MR07 MR11 MR12 MR09 MR10 MR14,11,26,26,1.00000000
5755,MR13 MR02 MR04 MR08 MR11 MR06 MR07 MR09 MR10 MR12 MR14,11,22,22,1.00000000
5756,MR13 MR02 MR04 MR08 MR06 MR07 MR11 MR09 MR10 MR12 MR14,11,21,21,1.00000000
5757,MR12 MR10 MR02 MR08 MR11 MR06 MR14 MR04 MR09 MR07 MR05,11,24,21,0.87500000
5758,MR12 MR10 MR02 MR08 MR11 MR14 MR04 MR06 MR07 MR09 MR13,11,19,19,1.00000000
5759,MR13 MR02 MR04 MR08 MR11 MR07 MR12 MR09 MR10 MR06 MR14,11,24,24,1.00000000
5760,MR13 MR11 MR02 MR04 MR08 MR09 MR10 MR12 MR06 MR07 MR14,11,24,24,1.00000000
5761,MR13 MR02 MR04 MR08 MR07 MR11 MR14 MR09 MR10 MR06 MR12,11,23,23,1.00000000
5762,MR13 MR02 MR04 MR08 MR11 MR07 MR09 MR10 MR06 MR14 MR12,11,24,24,1.00000000
5763,MR13 MR02 MR04 MR08 MR07 MR11 MR14 MR09 MR10 MR12 MR06,11,21,21,1.00000000
5764,MR13 MR02 MR04 MR08 MR06 MR11 MR09 MR10 MR14 MR07 MR12,11,23,23,1.00000000
5765,MR12 MR11 MR10 MR02 MR08 MR13 MR04 MR06 MR09 MR14 MR07,11,23,23,1.00000000
5766,MR13 MR02 MR04 MR08 MR11 MR07 MR06 MR09 MR10 MR12 MR14,11,25,25,1.00000000
5767,MR08 MR10 MR11 MR02 MR12 MR04 MR07 MR09 MR06 MR14 MR05,11,27,24,0.88888889
5768,MR13 MR02 MR04 MR06 MR08 MR11 MR09 MR10 MR14 MR07 MR12,11,20,20,1.00000000
5769,MR08 MR10 MR11 MR02 MR12 MR04 MR07 MR09 MR13 MR14 MR06,11,28,28,1.00000000
5770,MR13 MR11 MR02 MR04 MR08 MR06 MR09 MR10 MR12 MR07 MR14,11,24,24,1.00000000
5771,MR12 MR02 MR04 MR08 MR11 MR07 MR13 MR14 MR09 MR10 MR06,11,26,26,1.00000000
5772,MR13 MR11 MR02 MR04 MR08 MR14 MR09 MR10 MR12 MR06 MR07,11,20,20,1.00000000
5773,MR13 MR02 MR04 MR07 MR08 MR11 MR09 MR10 MR06 MR12 MR14,11,25,25,1.00000000
5774,MR12 MR11 MR02 MR04 MR08 MR14 MR07 MR09 MR10 MR13 MR06,11,19,19,1.00000000
5775,MR13 MR02 MR04 MR08 MR11 MR07 MR09 MR10 MR12 MR14 MR06,11,26,26,1.00000000
5776,MR08 MR02 MR04 MR14 MR06 MR11 MR09 MR10 MR13 MR07 MR12,11,23,23,1.00000000
5777,MR13 MR02 MR04 MR08 MR06 MR11 MR12 MR07 MR09 MR10 MR14,11,20,20,1.00000000
5778,MR12 MR10 MR02 MR08 MR11 MR14 MR06 MR04 MR09 MR07 MR13,11,24,24,1.00000000
5779,MR13 MR02 MR04 MR08 MR06 MR11 MR12 MR09 MR10 MR07 MR14,11,19,19,1.00000000
5780,MR13 MR02 MR04 MR08 MR11 MR07 MR09 MR10 MR06 MR14 MR12,11,24,24,1.00000000
5781,MR08 MR10 MR02 MR11 MR12 MR04 MR06 MR07 MR09 MR14 MR13,11,20,20,1.00000000
5782,MR08 MR10 MR11 MR02 MR12 MR13 MR04 MR06 MR09 MR07 MR14,11,26,26,1.00000000
5783,MR13 MR02 MR04 MR08 MR11 MR06 MR07 MR09 MR10 MR14 MR12,11,20,20,1.00000000
5784,MR13 MR02 MR04 MR08 MR11 MR06 MR12 MR09 MR10 MR14 MR07,11,18,18,1.00000000
5785,MR13 MR02 MR04 MR08 MR06 MR11 MR12 MR07 MR09 MR10 MR14,11,26,26,1.00000000
5786,MR13 MR02 MR04 MR06 MR08 MR11 MR12 MR14 MR09 MR10,10,26,23,0.88461538
5787,MR13 MR02 MR04 MR08 MR11 MR07 MR09 MR10 MR14 MR06 MR12,11,24,24,1.00000000
5788,MR13 MR11 MR02 MR04 MR08 MR06 MR09 MR10 MR07 MR14 MR12,11,24,24,1.00000000
5789,MR13 MR11 MR02 MR04 MR08 MR14 MR07 MR09 MR10 MR06 MR12,11,27,27,1.00000000
5790,MR13 MR11 MR02 MR04 MR08 MR06 MR09 MR10 MR14 MR07 MR12,11,25,25,1.00000000
5791,MR13 MR11 MR02 MR04 MR08 MR06 MR09 MR10 MR12 MR07 MR14,11,22,22,1.00000000
5792,MR13 MR02 MR04 MR07 MR08 MR11 MR09 MR10 MR12 MR14,10,23,20,0.86956522
5793,MR13 MR11 MR02 MR04 MR08 MR14 MR09 MR10 MR07 MR06 MR12,11,25,25,1.00000000
5794,MR13 MR02 MR04 MR08 MR11 MR14 MR06 MR09 MR10 MR07 MR12,11,22,22,1.00000000
5795,MR13 MR02 MR04 MR08 MR11 MR06 MR07 MR09 MR10 MR12 MR14,11,28,28,1.00000000
5796,MR05 MR02 MR04 MR08 MR11 MR06 MR14 MR09 MR10 MR12 MR07,11,20,17,0.85000000
5797,MR13 MR02 MR04 MR06 MR08 MR11 MR09 MR10 MR12 MR07 MR14,11,26,26,1.00000000
5798,MR12 MR10 MR02 MR08 MR11 MR07 MR14 MR04 MR09 MR06 MR13,11,27,27,1.00000000
5799,MR12 MR10 MR11 MR02 MR08 MR14 MR04 MR06 MR09 MR07 MR13,11,25,25,1.00000000
5800,MR13 MR02 MR04 MR08 MR07 MR14 MR11 MR06 MR09 MR10 MR12,11,26,26,1.00000000
5801,MR13 MR11 MR02 MR04 MR08 MR14 MR12 MR07 MR09 MR10 MR06,11,26,26,1.00000000
5802,MR13 MR11 MR02 MR04 MR08 MR12 MR06 MR09 MR10 MR07 MR14,11,23,23,1.00000000
5803,MR13 MR11 MR02 MR04 MR08 MR14 MR06 MR09 MR10 MR07 MR12,11,23,23,1.00000000
5804,MR13 MR02 MR04 MR07 MR08 MR11 MR09 MR10 MR12 MR14 MR06,11,23,23,1.00000000
5805,MR13 MR02 MR04 MR06 MR08 MR11 MR12 MR09 MR10 MR14 MR07,11,27,27,1.00000000
5806,MR12 MR11 MR10 MR02 MR08 MR04 MR09 MR06 MR07 MR14 MR13,11,28,28,1.00000000
5807,MR13 MR11 MR02 MR04 MR08 MR14 MR06 MR09 MR10 MR07 MR12,11,24,24,1.00000000
5808,MR13 MR11 MR02 MR04 MR08 MR12 MR06 MR09 MR10 MR07,10,26,23,0.88461538
5809,MR13 MR11 MR02 MR04 MR08 MR14 MR06 MR09 MR10 MR07,10,28,25,0.89285714
5810,MR13 MR11 MR02 MR04 MR08 MR06 MR09 MR10 MR12 MR14 MR07,11,22,22,1.00000000
5811,MR12 MR02 MR04 MR06 MR08 MR11 MR09 MR10 MR13 MR14 MR07,11,28,28,1.00000000
5812,MR13 MR02 MR04 MR06 MR08 MR07 MR09 MR10 MR11 MR14,10,24,21,0.87500000
5813,MR13 MR11 MR02 MR04 MR08 MR06 MR09 MR10 MR12 MR07 MR14,11,28,28,1.00000000
5814,MR13 MR11 MR02 MR04 MR08 MR09 MR10 MR06 MR07 MR12 MR14,11,21,21,1.00000000
5815,MR13 MR02 MR04 MR07 MR08 MR06 MR09 MR10 MR14 MR11,10,29,26,0.89655172
5816,MR13 MR02 MR04 MR08 MR11 MR07 MR09 MR10 MR12 MR14 MR06,11,24,24,1.00000000
5817,MR13 MR11 MR02 MR04 MR08 MR14 MR07 MR09 MR10 MR06 MR12,11,25,25,1.00000000
5818,MR13 MR02 MR04 MR08 MR14 MR11 MR07 MR06 MR09 MR10 MR12,11,24,24,1.00000000
5819,MR13 MR02 MR04 MR08 MR07 MR11 MR14 MR09 MR10 MR06 MR12,11,24,24,1.00000000
5820,MR12 MR11 MR10 MR02 MR08 MR04 MR09 MR14 MR06 MR07 MR13,11,22,22,1.00000000
5821,MR13 MR02 MR04 MR08 MR11 MR07 MR06 MR09 MR10 MR14 MR12,11,21,21,1.00000000
5822,MR13 MR02 MR04 MR08 MR07 MR11 MR12 MR14 MR09 MR10 MR06,11,28,28,1.00000000
5823,MR13 MR02 MR04 MR08 MR11 MR06 MR07 MR09 MR10 MR12 MR14,11,20,20,1.00000000
5824,MR12 MR11 MR10 MR02 MR08 MR13 MR04 MR09 MR06 MR07 MR14,11,26,26,1.00000000
5825,MR13 MR02 MR04 MR08 MR11 MR06 MR14 MR07 MR09 MR10,10,28,25,0.89285714
5826,MR13 MR02 MR04 MR08 MR11 MR14 MR06 MR09 MR10 MR07 MR12,11,23,23,1.00000000
5827,MR13 MR11 MR02 MR04 MR08 MR14 MR06 MR09 MR10 MR12 MR07,11,23,23,1.00000000
5828,MR13 MR02 MR04 MR08 MR11 MR06 MR09 MR10 MR12 MR07 MR14,11,27,27,1.00000000
5829,MR13 MR02 MR04 MR08 MR11 MR06 MR09 MR10 MR12 MR14 MR07,11,24,24,1.00000000
5830,MR13 MR02 MR04 MR08 MR11 MR06 MR09 MR10 MR12 MR07 MR14,11,27,27,1.00000000
5831,MR13 MR02 MR04 MR08 MR11 MR06 MR09 MR10 MR07 MR12 MR14,11,23,23,1.00000000
5832,MR13 MR11 MR02 MR04 MR08 MR09 MR10 MR07 MR12 MR06 MR14,11,26,26,1.00000000
5833,MR13 MR11 MR02 MR04 MR08 MR06 MR09 MR10 MR12 MR14 MR07,11,23,23,1.00000000
5834,MR13 MR02 MR04 MR08 MR11 MR06 MR07 MR09 MR10 MR12 MR14,11,23,23,1.00000000
5835,MR13 MR02 MR04 MR08 MR07 MR06 MR14 MR09 MR10 MR11 MR12,11,23,23,1.00000000
5836,MR12 MR10 MR11 MR02 MR08 MR04 MR06 MR09 MR14 MR07,10,18,14,0.77777778
5837,MR13 MR02 MR04 MR08 MR11 MR06 MR07 MR09 MR10 MR12 MR14,11,20,20,1.00000000
5838,MR13 MR02 MR04 MR08 MR06 MR07 MR11 MR09 MR10 MR14 MR12,11,24,24,1.00000000
5839,MR13 MR11 MR02 MR04 MR08 MR06 MR09 MR10 MR12 MR14 MR07,11,16,16,1.00000000
5840,MR12 MR10 MR02 MR08 MR07 MR11 MR04 MR06 MR09 MR14 MR05,11,27,24,0.88888889
5841,MR13 MR02 MR04 MR07 MR08 MR11 MR09 MR10 MR06 MR12 MR14,11,20,20,1.00000000
5842,MR13 MR02 MR04 MR08 MR06 MR11 MR12 MR14 MR07 MR09 MR10,11,23,23,1.00000000
5843,MR13 MR02 MR04 MR08 MR11 MR07 MR09 MR10 MR12 MR14 MR06,11,21,21,1.00000000
5844,MR08 MR10 MR11 MR02 MR12 MR04 MR06 MR09 MR07 MR14 MR05,11,23,20,0.86956522
5845,MR12 MR02 MR04 MR08 MR11 MR07 MR13 MR09 MR10 MR14 MR06,11,24,24,1.00000000
5846,MR13 MR11 MR02 MR04 MR08 MR12 MR06 MR09 MR10 MR14 MR07,11,27,27,1.00000000
5847,MR13 MR02 MR04 MR08 MR11 MR06 MR12 MR09 MR10 MR07 MR14,11,26,26,1.00000000
5848,MR13 MR02 MR04 MR07 MR08 MR11 MR09 MR10 MR12 MR14 MR06,11,21,21,1.00000000
5849,MR08 MR10 MR02 MR11 MR12 MR06 MR14 MR04 MR09 MR13 MR07,11,22,22,1.00000000
5850,MR12 MR10 MR02 MR08 MR06 MR07 MR11 MR04 MR09 MR13 MR14,11,20,20,1.00000000
5851,MR13 MR11 MR02 MR04 MR08 MR09 MR10 MR12 MR07 MR14 MR06,11,26,26,1.00000000
5852,MR13 MR02 MR04 MR08 MR11 MR06 MR14 MR09 MR10 MR07 MR12,11,19,19,1.00000000
5853,MR13 MR02 MR04 MR08 MR07 MR11 MR09 MR10 MR12 MR06 MR14,11,23,23,1.00000000
5854,MR13 MR02 MR04 MR08 MR07 MR11 MR14 MR06 MR09 MR10 MR12,11,21,21,1.00000000
5855,MR13 MR02 MR04 MR08 MR11 MR06 MR12 MR07 MR09 MR10 MR14,11,24,24,1.00000000
5856,MR13 MR02 MR04 MR08 MR11 MR07 MR09 MR10 MR12 MR14 MR06,11,25,25,1.00000000
5857,MR13 MR11 MR02 MR04 MR08 MR07 MR09 MR10 MR12 MR06 MR14,11,24,24,1.00000000
5858,MR13 MR02 MR04 MR07 MR08 MR11 MR12 MR09 MR10 MR06 MR14,11,24,24,1.00000000
5859,MR13 MR11 MR02 MR04 MR08 MR14 MR09 MR10 MR07 MR06 MR12,11,24,24,1.00000000
5860,MR13 MR11 MR02 MR04 MR08 MR07 MR12 MR09 MR10 MR14 MR06,11,28,28,1.00000000
5861,MR12 MR10 MR02 MR07 MR08 MR11 MR04 MR09 MR13 MR14 MR06,11,23,23,1.00000000
5862,MR13 MR02 MR04 MR08 MR11 MR07 MR14 MR06 MR09 MR10 MR12,11,24,24,1.00000000
5863,MR13 MR02 MR04 MR07 MR08 MR11 MR14 MR09 MR10 MR12 MR06,11,24,24,1.00000000
5864,MR13 MR02 MR04 MR08 MR11 MR06 MR12 MR09 MR10 MR07,10,25,22,0.88000000
5865,MR13 MR11 MR02 MR04 MR08 MR12 MR07 MR09 MR10 MR06 MR14,11,26,26,1.00000000
5866,MR13 MR02 MR04 MR08 MR11 MR06 MR07 MR09 MR10 MR14 MR12,11,19,19,1.00000000
5867,MR12 MR10 MR02 MR08 MR07 MR11 MR04 MR09 MR14 MR06 MR13,11,24,24,1.00000000
5868,MR12 MR10 MR11 MR02 MR08 MR14 MR04 MR09 MR06 MR07 MR13,11,28,28,1.00000000
5869,MR08 MR10 MR02 MR11 MR06 MR12 MR04 MR07 MR09 MR13 MR14,11,21,21,1.00000000
5870,MR13 MR11 MR02 MR04 MR08 MR12 MR07 MR09 MR10 MR14 MR06,11,27,27,1.00000000
5871,MR13 MR11 MR02 MR04 MR08 MR12 MR07 MR09 MR10 MR14 MR06,11,23,23,1.00000000
5872,MR13 MR11 MR02 MR04 MR08 MR14 MR07 MR09 MR10 MR06 MR12,11,28,28,1.00000000
5873,MR12 MR10 MR02 MR08 MR11 MR07 MR04 MR06 MR09 MR13 MR14,11,20,20,1.00000000
5874,MR12 MR10 MR02 MR07 MR08 MR04 MR06 MR09 MR11 MR13 MR14,11,27,27,1.00000000
5875,MR13 MR11 MR02 MR04 MR08 MR06 MR12 MR14 MR09 MR10,10,27,24,0.88888889
5876,MR12 MR02 MR04 MR08 MR11 MR13 MR06 MR07 MR09 MR10 MR14,11,24,24,1.00000000
5877,MR13 MR02 MR04 MR08 MR06 MR11 MR14 MR09 MR10 MR12 MR07,11,25,25,1.00000000
5878,MR12 MR02 MR04 MR08 MR11 MR06 MR13 MR09 MR10 MR07 MR14,11,23,23,1.00000000
5879,MR13 MR02 MR04 MR08 MR11 MR07 MR12 MR06 MR09 MR10 MR14,11,27,27,1.00000000
5880,MR13 MR11 MR02 MR04 MR08 MR09 MR10 MR06 MR07 MR12 MR14,11,27,27,1.00000000
5881,MR13 MR02 MR04 MR08 MR07 MR11 MR09 MR10 MR14 MR06 MR12,11,20,20,1.00000000
5882,MR12 MR10 MR11 MR02 MR08 MR04 MR06 MR09 MR13 MR14 MR07,11,25,25,1.00000000
5883,MR13 MR02 MR04 MR08 MR11 MR06 MR14 MR09 MR10 MR07 MR12,11,26,26,1.00000000
5884,MR13 MR02 MR04 MR08 MR11 MR07 MR06 MR09 MR10 MR12 MR14,11,22,22,1.00000000
5885,MR12 MR11 MR02 MR04 MR08 MR14 MR09 MR10 MR13 MR06 MR07,11,26,26,1.00000000
5886,MR13 MR02 MR04 MR08 MR11 MR06 MR07 MR09 MR10 MR14 MR12,11,32,32,1.00000000
5887,MR13 MR02 MR04 MR07 MR08 MR14 MR11 MR09 MR10 MR06 MR12,11,19,19,1.00000000
5888,MR12 MR11 MR10 MR02 MR08 MR04 MR07 MR09 MR13 MR14,10,24,21,0.87500000
5889,MR13 MR02 MR04 MR08 MR11 MR12 MR06 MR09 MR10 MR07 MR14,11,22,22,1.00000000
5890,MR08 MR10 MR02 MR11 MR14 MR07 MR12 MR04 MR06 MR09 MR13,11,23,23,1.00000000
5891,MR14 MR11 MR04 MR02 MR08 MR09 MR10 MR12 MR05 MR07,10,28,22,0.78571429
5892,MR13 MR02 MR04 MR08 MR11 MR07 MR12 MR09 MR10 MR14 MR06,11,25,25,1.00000000
5893,MR13 MR11 MR02 MR04 MR08 MR12 MR06 MR09 MR10 MR14 MR07,11,25,25,1.00000000
5894,MR13 MR11 MR02 MR04 MR08 MR12 MR09 MR10 MR07 MR14 MR06,11,23,23,1.00000000
5895,MR13 MR02 MR04 MR08 MR11 MR06 MR12 MR09 MR10 MR14 MR07,11,27,27,1.00000000
5896,MR13 MR11 MR02 MR04 MR08 MR12 MR09 MR10 MR06 MR07 MR14,11,26,26,1.00000000
5897,MR13 MR11 MR02 MR04 MR08 MR14 MR12 MR06 MR09 MR10 MR07,11,21,21,1.00000000
5898,MR14 MR04 MR02 MR08 MR06 MR11 MR07 MR09 MR10 MR13 MR12,11,27,27,1.00000000
5899,MR13 MR11 MR02 MR04 MR08 MR07 MR09 MR10 MR12 MR14 MR06,11,23,23,1.00000000
5900,MR13 MR02 MR04 MR08 MR07 MR11 MR09 MR10 MR14 MR06 MR12,11,26,26,1.00000000
5901,MR08 MR10 MR02 MR11 MR07 MR14 MR12 MR04 MR09 MR13 MR06,11,25,25,1.00000000
5902,MR13 MR02 MR04 MR08 MR11 MR07 MR14 MR09 MR10 MR06 MR12,11,21,21,1.00000000
5903,MR12 MR11 MR02 MR04 MR08 MR06 MR14 MR09 MR10 MR13 MR07,11,21,21,1.00000000
5904,MR13 MR11 MR02 MR04 MR08 MR07 MR09 MR10 MR12 MR06 MR14,11,22,22,1.00000000
5905,MR08 MR10 MR11 MR02 MR14 MR07 MR12 MR04 MR09 MR13,10,22,19,0.86363636
5906,MR13 MR11 MR02 MR04 MR08 MR06 MR09 MR10 MR12 MR07 MR14,11,25,25,1.00000000
5907,MR13 MR02 MR04 MR08 MR11 MR06 MR09 MR10 MR12 MR14 MR07,11,23,23,1.00000000
5908,MR13 MR11 MR02 MR04 MR08 MR14 MR09 MR10 MR06 MR07 MR12,11,21,21,1.00000000
5909,MR13 MR11 MR02 MR04 MR08 MR14 MR07 MR09 MR10 MR12 MR06,11,21,21,1.00000000
5910,MR13 MR06 MR02 MR04 MR08 MR07 MR09 MR10 MR14 MR12 MR11,11,26,26,1.00000000
5911,MR13 MR02 MR04 MR08 MR11 MR12 MR07 MR09 MR10 MR06 MR14,11,20,20,1.00000000
5912,MR12 MR10 MR11 MR02 MR08 MR07 MR14 MR04 MR09 MR13,10,18,15,0.83333333
5913,MR08 MR10 MR11 MR02 MR04 MR06 MR09 MR12 MR13 MR07 MR14,11,25,25,1.00000000
5914,MR08 MR04 MR11 MR02 MR14 MR07 MR09 MR10 MR12 MR13,10,24,21,0.87500000
5915,MR13 MR02 MR04 MR08 MR11 MR06 MR12 MR09 MR10 MR14 MR07,11,21,21,1.00000000
5916,MR13 MR02 MR04 MR08 MR11 MR06 MR09 MR10 MR14 MR07 MR12,11,24,24,1.00000000
5917,MR12 MR02 MR04 MR08 MR11 MR06 MR07 MR09 MR10 MR13 MR14,11,23,23,1.00000000
5918,MR12 MR10 MR02 MR06 MR08 MR14 MR04 MR07 MR09 MR11,10,24,20,0.83333333
5919,MR13 MR02 MR04 MR08 MR06 MR11 MR14 MR07 MR09 MR10 MR12,11,30,30,1.00000000
5920,MR13 MR11 MR02 MR04 MR08 MR12 MR06 MR09 MR10 MR14,10,27,24,0.88888889
5921,MR12 MR11 MR02 MR04 MR08 MR06 MR09 MR10 MR13 MR14 MR07,11,28,28,1.00000000
5922,MR13 MR11 MR02 MR04 MR08 MR06 MR09 MR10 MR12 MR07 MR14,11,25,25,1.00000000
5923,MR13 MR11 MR02 MR04 MR08 MR06 MR09 MR10 MR07 MR12 MR14,11,24,24,1.00000000
5924,MR08 MR10 MR11 MR02 MR14 MR04 MR06 MR09 MR13 MR07 MR12,11,26,26,1.00000000
5925,MR13 MR02 MR04 MR08 MR11 MR06 MR14 MR09 MR10 MR07 MR12,11,19,19,1.00000000
5926,MR12 MR11 MR10 MR02 MR08 MR06 MR04 MR09 MR13 MR14,10,28,25,0.89285714
5927,MR13 MR11 MR02 MR04 MR08 MR06 MR09 MR10 MR12 MR14 MR07,11,22,22,1.00000000
5928,MR13 MR02 MR04 MR08 MR11 MR14 MR06 MR07 MR09 MR10 MR12,11,28,28,1.00000000
5929,MR13 MR11 MR02 MR04 MR08 MR14 MR07 MR09 MR10 MR06 MR12,11,18,18,1.00000000
5930,MR13 MR11 MR02 MR04 MR08 MR14 MR09 MR10 MR12 MR07 MR06,11,24,24,1.00000000
5931,MR13 MR11 MR02 MR04 MR08 MR14 MR06 MR09 MR10 MR07 MR12,11,26,26,1.00000000
5932,MR13 MR02 MR04 MR08 MR11 MR14 MR06 MR09 MR10 MR07 MR12,11,29,29,1.00000000
5933,MR13 MR02 MR04 MR06 MR08 MR12 MR07 MR09 MR10 MR11 MR14,11,21,21,1.00000000
5934,MR13 MR02 MR04 MR08 MR11 MR06 MR14 MR07 MR09 MR10 MR12,11,25,25,1.00000000
5935,MR13 MR11 MR02 MR04 MR08 MR06 MR09 MR10 MR12 MR14 MR07,11,20,20,1.00000000
5936,MR14 MR04 MR11 MR02 MR08 MR07 MR09 MR10 MR12 MR13 MR06,11,26,26,1.00000000
5937,MR13 MR11 MR02 MR04 MR08 MR06 MR09 MR10 MR12 MR07 MR14,11,26,26,1.00000000
5938,MR13 MR11 MR02 MR04 MR08 MR06 MR09 MR10 MR14 MR07 MR12,11,26,26,1.00000000
5939,MR12 MR11 MR10 MR02 MR08 MR14 MR04 MR09 MR06 MR07,10,27,23,0.85185185
5940,MR13 MR02 MR04 MR07 MR08 MR11 MR14 MR09 MR10 MR06 MR12,11,21,21,1.00000000
5941,MR13 MR11 MR02 MR04 MR08 MR12 MR09 MR10 MR06 MR07 MR14,11,29,29,1.00000000
5942,MR13 MR02 MR04 MR07 MR08 MR11 MR12 MR09 MR10 MR06 MR14,11,28,28,1.00000000
5943,MR13 MR02 MR04 MR08 MR11 MR06 MR07 MR09 MR10 MR14 MR12,11,21,21,1.00000000
5944,MR13 MR02 MR04 MR08 MR07 MR11 MR09 MR10 MR12 MR06 MR14,11,24,24,1.00000000
5945,MR13 MR02 MR04 MR06 MR08 MR11 MR12 MR09 MR10 MR14 MR07,11,25,25,1.00000000
5946,MR13 MR02 MR04 MR08 MR07 MR06 MR14 MR09 MR10 MR11 MR12,11,26,26,1.00000000
5947,MR13 MR02 MR04 MR07 MR08 MR12 MR06 MR09 MR10 MR11,10,28,25,0.89285714
5948,MR13 MR02 MR04 MR08 MR06 MR07 MR11 MR09 MR10 MR12 MR14,11,25,25,1.00000000
5949,MR13 MR11 MR02 MR04 MR08 MR06 MR09 MR10 MR12 MR07 MR14,11,28,28,1.00000000
5950,MR13 MR02 MR04 MR08 MR11 MR07 MR06 MR09 MR10 MR12 MR14,11,25,25,1.00000000
5951,MR14 MR11 MR04 MR02 MR08 MR12 MR13 MR09 MR10 MR06 MR07,11,27,27,1.00000000
5952,MR13 MR11 MR02 MR04 MR08 MR14 MR07 MR09 MR10 MR06 MR12,11,25,25,1.00000000
5953,MR13 MR11 MR02 MR04 MR08 MR12 MR14 MR06 MR09 MR10 MR07,11,23,23,1.00000000
5954,MR07 MR04 MR02 MR08 MR14 MR12 MR11 MR09 MR10 MR06 MR13,11,32,32,1.00000000
5955,MR13 MR02 MR04 MR08 MR06 MR11 MR14 MR09 MR10 MR07,10,26,23,0.88461538
5956,MR12 MR11 MR10 MR02 MR08 MR14 MR04 MR07 MR09 MR06 MR13,11,22,22,1.00000000
5957,MR13 MR11 MR02 MR04 MR08 MR12 MR14 MR06 MR09 MR10 MR07,11,25,25,1.00000000
5958,MR12 MR10 MR11 MR02 MR08 MR14 MR04 MR06 MR09 MR07 MR13,11,24,24,1.00000000
5959,MR13 MR02 MR04 MR06 MR08 MR12 MR07 MR09 MR10 MR11 MR14,11,26,26,1.00000000
5960,MR12 MR11 MR02 MR04 MR08 MR13 MR06 MR09 MR10 MR14 MR07,11,29,29,1.00000000
5961,MR13 MR02 MR04 MR08 MR11 MR14 MR06 MR07 MR09 MR10 MR12,11,25,25,1.00000000
5962,MR13 MR02 MR04 MR07 MR08 MR11 MR09 MR10 MR06 MR12,10,22,19,0.86363636
5963,MR13 MR11 MR02 MR04 MR08 MR14 MR06 MR09 MR10 MR07 MR12,11,18,18,1.00000000
5964,MR12 MR10 MR02 MR08 MR11 MR07 MR04 MR09 MR14 MR06 MR13,11,28,28,1.00000000
5965,MR13 MR06 MR02 MR04 MR08 MR11 MR09 MR10 MR12 MR07 MR14,11,23,23,1.00000000
5966,MR12 MR10 MR02 MR08 MR11 MR04 MR06 MR07 MR09 MR13 MR14,11,22,22,1.00000000
5967,MR13 MR14 MR02 MR04 MR08 MR11 MR06 MR07 MR09 MR10 MR12,11,22,22,1.00000000
5968,MR13 MR11 MR02 MR04 MR08 MR06 MR09 MR10 MR12 MR14 MR07,11,23,23,1.00000000
5969,MR13 MR11 MR02 MR04 MR08 MR07 MR09 MR10 MR12 MR06 MR14,11,25,25,1.00000000
5970,MR12 MR11 MR10 MR02 MR08 MR04 MR09 MR13 MR14 MR07 MR06,11,26,26,1.00000000
5971,MR13 MR11 MR02 MR04 MR08 MR09 MR10 MR12 MR06 MR14 MR07,11,25,25,1.00000000
5972,MR13 MR02 MR04 MR08 MR06 MR11 MR14 MR09 MR10 MR07 MR12,11,25,25,1.00000000
5973,MR13 MR11 MR02 MR04 MR08 MR09 MR10 MR07 MR12 MR06,10,26,23,0.88461538
5974,MR12 MR10 MR02 MR06 MR08 MR13 MR04 MR07 MR09 MR11 MR14,11,23,23,1.00000000
5975,MR08 MR10 MR02 MR14 MR06 MR11 MR04 MR09 MR12 MR13 MR07,11,23,23,1.00000000
5976,MR13 MR02 MR04 MR06 MR08 MR14 MR11 MR09 MR10 MR07,10,27,24,0.88888889
5977,MR08 MR10 MR11 MR02 MR14 MR07 MR12 MR13 MR04 MR09 MR06,11,21,21,1.00000000
5978,MR13 MR11 MR02 MR04 MR08 MR14 MR09 MR10 MR06 MR07 MR12,11,27,27,1.00000000
5979,MR13 MR02 MR04 MR06 MR08 MR11 MR09 MR10 MR12 MR14 MR07,11,24,24,1.00000000
5980,MR13 MR11 MR02 MR04 MR08 MR14 MR07 MR09 MR10 MR12 MR06,11,23,23,1.00000000
5981,MR13 MR02 MR04 MR08 MR06 MR07 MR11 MR12 MR09 MR10 MR14,11,25,25,1.00000000
5982,MR13 MR02 MR04 MR08 MR07 MR11 MR12 MR06 MR09 MR10 MR14,11,28,28,1.00000000
5983,MR13 MR02 MR04 MR06 MR08 MR07 MR09 MR10 MR12 MR11 MR14,11,23,23,1.00000000
5984,MR12 MR10 MR02 MR08 MR11 MR07 MR04 MR06 MR09 MR13 MR14,11,25,25,1.00000000
5985,MR13 MR11 MR02 MR04 MR08 MR06 MR09 MR10 MR14 MR12 MR07,11,25,25,1.00000000
5986,MR12 MR10 MR11 MR02 MR08 MR04 MR06 MR09 MR07 MR13 MR14,11,28,28,1.00000000
5987,MR12 MR10 MR02 MR08 MR11 MR07 MR04 MR09 MR06 MR13 MR14,11,28,28,1.00000000
5988,MR13 MR02 MR04 MR08 MR11 MR12 MR14 MR06 MR07 MR09 MR10,11,17,17,1.00000000
5989,MR13 MR11 MR02 MR04 MR08 MR06 MR09 MR10 MR12 MR07 MR14,11,24,24,1.00000000
5990,MR13 MR07 MR02 MR04 MR08 MR09 MR10 MR11 MR06 MR12 MR14,11,21,21,1.00000000
5991,MR13 MR02 MR04 MR08 MR11 MR06 MR07 MR09 MR10 MR12 MR14,11,21,21,1.00000000
5992,MR13 MR02 MR04 MR08 MR11 MR12 MR06 MR07 MR09 MR10 MR14,11,26,26,1.00000000
5993,MR13 MR02 MR04 MR08 MR07 MR11 MR14 MR09 MR10 MR06 MR12,11,26,26,1.00000000
5994,MR13 MR11 MR02 MR04 MR08 MR09 MR10 MR12 MR14 MR07,10,26,23,0.88461538
5995,MR13 MR07 MR02 MR04 MR08 MR11 MR14 MR09 MR10 MR12,10,27,24,0.88888889
5996,MR13 MR11 MR02 MR04 MR08 MR12 MR06 MR09 MR10 MR14 MR07,11,26,26,1.00000000
5997,MR13 MR11 MR02 MR04 MR08 MR14 MR09 MR10 MR12 MR06 MR07,11,29,29,1.00000000
5998,MR12 MR11 MR02 MR04 MR08 MR14 MR07 MR09 MR10 MR06 MR13,11,28,28,1.00000000
5999,MR12 MR02 MR04 MR08 MR11 MR13 MR06 MR07 MR09 MR10,10,26,23,0.88461538
6000,MR12 MR10 MR02 MR07 MR08 MR04 MR06 MR09 MR11 MR14 MR13,11,30,30,1.00000000
6001,MR13 MR11 MR02 MR04 MR08 MR07 MR09 MR10 MR14 MR06 MR12,11,23,23,1.00000000
6002,MR13 MR02 MR04 MR08 MR07 MR06 MR09 MR10 MR11 MR14 MR12,11,23,23,1.00000000
6003,MR13 MR02 MR04 MR08 MR11 MR06 MR09 MR10 MR07 MR14 MR12,11,22,22,1.00000000
6004,MR12 MR11 MR10 MR02 MR08 MR13 MR04 MR09 MR06 MR14 MR07,11,24,24,1.00000000
6005,MR13 MR02 MR04 MR08 MR06 MR11 MR07 MR09 MR10 MR12 MR14,11,21,21,1.00000000
6006,MR13 MR06 MR02 MR04 MR08 MR07 MR09 MR10 MR14 MR11 MR12,11,24,24,1.00000000
6007,MR13 MR02 MR04 MR06 MR08 MR11 MR09 MR10 MR12 MR07 MR14,11,25,25,1.00000000
6008,MR12 MR10 MR02 MR08 MR07 MR11 MR14 MR04 MR09 MR06,10,25,21,0.84000000
6009,MR13 MR11 MR02 MR04 MR08 MR07 MR09 MR10 MR14 MR06 MR12,11,20,20,1.00000000
6010,MR12 MR10 MR11 MR02 MR08 MR04 MR06 MR09 MR13 MR07 MR14,11,24,24,1.00000000
6011,MR12 MR10 MR02 MR08 MR06 MR07 MR11 MR04 MR09 MR14 MR13,11,24,24,1.00000000
6012,MR08 MR10 MR02 MR06 MR14 MR11 MR04 MR07 MR09 MR12 MR13,11,23,23,1.00000000
6013,MR05 MR02 MR04 MR08 MR11 MR07 MR09 MR10 MR12 MR06 MR14,11,20,17,0.85000000
6014,MR13 MR11 MR02 MR04 MR08 MR14 MR07 MR09 MR10 MR06 MR12,11,31,31,1.00000000
6015,MR13 MR11 MR02 MR04 MR08 MR14 MR06 MR09 MR10 MR12 MR07,11,25,25,1.00000000
6016,MR12 MR10 MR06 MR02 MR08 MR11 MR04 MR09 MR14 MR07,10,28,24,0.85714286
6017,MR13 MR11 MR02 MR04 MR08 MR09 MR10 MR14 MR07 MR12 MR06,11,24,24,1.00000000
6018,MR13 MR02 MR04 MR08 MR11 MR07 MR09 MR10 MR14 MR06 MR12,11,22,22,1.00000000
6019,MR13 MR11 MR02 MR04 MR08 MR09 MR10 MR12 MR14 MR07 MR06,11,25,25,1.00000000
6020,MR13 MR11 MR02 MR04 MR08 MR14 MR06 MR09 MR10 MR12 MR07,11,23,23,1.00000000
6021,MR12 MR10 MR02 MR08 MR11 MR14 MR04 MR06 MR07 MR09,10,27,23,0.85185185
6022,MR12 MR02 MR04 MR08 MR11 MR06 MR13 MR07 MR09 MR10 MR14,11,23,23,1.00000000
6023,MR13 MR02 MR04 MR08 MR11 MR14 MR07 MR09 MR10 MR06,10,26,23,0.88461538
6024,MR13 MR02 MR04 MR08 MR06 MR11 MR09 MR10 MR07 MR12 MR14,11,25,25,1.00000000
6025,MR12 MR02 MR04 MR08 MR07 MR11 MR06 MR09 MR10 MR14 MR05,11,26,23,0.88461538
6026,MR08 MR10 MR02 MR06 MR11 MR12 MR04 MR09 MR07 MR13 MR14,11,20,20,1.00000000
6027,MR13 MR02 MR04 MR08 MR07 MR11 MR06 MR09 MR10 MR12 MR14,11,25,25,1.00000000
6028,MR13 MR11 MR02 MR04 MR08 MR06 MR09 MR10 MR12,9,24,18,0.75000000
6029,MR13 MR02 MR04 MR08 MR07 MR11 MR12 MR09 MR10 MR06 MR14,11,26,26,1.00000000
6030,MR13 MR02 MR04 MR08 MR07 MR11 MR12 MR09 MR10 MR14 MR06,11,26,26,1.00000000
6031,MR13 MR11 MR02 MR04 MR08 MR14 MR06 MR09 MR10 MR12 MR07,11,21,21,1.00000000
6032,MR13 MR02 MR04 MR08 MR11 MR06 MR09 MR10 MR14 MR07 MR12,11,23,23,1.00000000
6033,MR12 MR10 MR02 MR08 MR11 MR06 MR04 MR09 MR13 MR14 MR07,11,22,22,1.00000000
6034,MR12 MR11 MR10 MR02 MR08 MR06 MR04 MR09 MR14 MR13,10,22,19,0.86363636
6035,MR13 MR02 MR04 MR08 MR11 MR07 MR09 MR10 MR14 MR06 MR12,11,24,24,1.00000000
6036,MR13 MR02 MR04 MR08 MR11 MR07 MR12 MR09 MR10 MR06 MR14,11,25,25,1.00000000
6037,MR13 MR02 MR04 MR08 MR07 MR11 MR06 MR09 MR10 MR12 MR14,11,21,21,1.00000000
6038,MR13 MR06 MR02 MR04 MR08 MR11 MR12 MR09 MR10 MR14 MR07,11,25,25,1.00000000
6039,MR13 MR11 MR02 MR04 MR08 MR07 MR09 MR10 MR12 MR14,10,27,24,0.88888889
6040,MR13 MR02 MR04 MR08 MR11 MR06 MR14 MR09 MR10 MR07 MR12,11,26,26,1.00000000
6041,MR13 MR11 MR02 MR04 MR08 MR07 MR09 MR10 MR12 MR06 MR14,11,26,26,1.00000000
6042,MR13 MR11 MR02 MR04 MR08 MR14 MR09 MR10 MR07 MR06 MR12,11,22,22,1.00000000
6043,MR12 MR11 MR02 MR04 MR08 MR13 MR09 MR10 MR06 MR07 MR14,11,27,27,1.00000000
6044,MR13 MR11 MR02 MR04 MR08 MR12 MR14 MR09 MR10 MR06 MR07,11,20,20,1.00000000
6045,MR12 MR02 MR04 MR08 MR14 MR06 MR07 MR11 MR09 MR10 MR13,11,23,23,1.00000000
6046,MR13 MR02 MR04 MR08 MR11 MR07 MR14 MR06 MR09 MR10 MR12,11,23,23,1.00000000
6047,MR08 MR04 MR11 MR02 MR12 MR06 MR09 MR10 MR13 MR14 MR07,11,28,28,1.00000000
6048,MR13 MR02 MR04 MR06 MR08 MR11 MR09 MR10 MR14 MR07 MR12,11,28,28,1.00000000
6049,MR13 MR02 MR04 MR07 MR08 MR11 MR14 MR09 MR10 MR12 MR06,11,23,23,1.00000000
6050,MR13 MR11 MR02 MR04 MR08 MR09 MR10 MR12 MR06 MR07,10,24,21,0.87500000
6051,MR13 MR11 MR02 MR04 MR08 MR14 MR07 MR09 MR10 MR12 MR06,11,25,25,1.00000000
6052,MR13 MR11 MR02 MR04 MR08 MR07 MR14 MR09 MR10 MR12 MR06,11,27,27,1.00000000
6053,MR13 MR02 MR04 MR06 MR08 MR11 MR09 MR10 MR12 MR14 MR07,11,25,25,1.00000000
6054,MR08 MR10 MR11 MR02 MR12 MR14 MR04 MR07 MR09 MR13 MR06,11,21,21,1.00000000
6055,MR12 MR10 MR02 MR08 MR07 MR11 MR04 MR06 MR09 MR13 MR14,11,26,26,1.00000000
6056,MR13 MR07 MR02 MR04 MR08 MR11 MR09 MR10 MR12 MR14,10,25,22,0.88000000
6057,MR12 MR10 MR11 MR02 MR08 MR13 MR07 MR04 MR09 MR06 MR14,11,23,23,1.00000000
6058,MR13 MR02 MR04 MR08 MR11 MR07 MR06 MR09 MR10 MR12 MR14,11,26,26,1.00000000
6059,MR12 MR11 MR10 MR02 MR08 MR13 MR04 MR09 MR14 MR06 MR07,11,25,25,1.00000000
6060,MR13 MR02 MR04 MR08 MR11 MR14 MR06 MR07 MR09 MR10,10,24,21,0.87500000
6061,MR13 MR11 MR02 MR04 MR08 MR14 MR07 MR09 MR10 MR12,10,23,20,0.86956522
6062,MR12 MR11 MR10 MR02 MR08 MR04 MR09 MR13 MR14 MR07 MR06,11,25,25,1.00000000
6063,MR13 MR11 MR02 MR04 MR08 MR06 MR09 MR10 MR07 MR12 MR14,11,17,17,1.00000000
6064,MR13 MR02 MR04 MR06 MR08 MR11 MR12 MR09 MR10 MR07 MR14,11,23,23,1.00000000
6065,MR13 MR02 MR04 MR08 MR06 MR11 MR12 MR09 MR10 MR07 MR14,11,24,24,1.00000000
6066,MR13 MR02 MR04 MR08 MR11 MR06 MR07 MR09 MR10 MR14 MR12,11,26,26,1.00000000
6067,MR13 MR02 MR04 MR08 MR11 MR06 MR12 MR09 MR10 MR07 MR14,11,23,23,1.00000000
6068,MR13 MR11 MR02 MR04 MR08 MR07 MR09 MR10 MR06 MR12 MR14,11,21,21,1.00000000
6069,MR12 MR11 MR10 MR02 MR08 MR04 MR09 MR13 MR06 MR07,10,23,20,0.86956522
6070,MR13 MR11 MR02 MR04 MR08 MR09 MR10 MR12 MR06 MR07 MR14,11,24,24,1.00000000
6071,MR13 MR11 MR02 MR04 MR08 MR12 MR09 MR10 MR14 MR06 MR07,11,20,20,1.00000000
6072,MR13 MR02 MR04 MR08 MR11 MR06 MR09 MR10 MR12 MR07 MR14,11,22,22,1.00000000
6073,MR12 MR10 MR11 MR02 MR08 MR14 MR04 MR07 MR09 MR13 MR06,11,22,22,1.00000000
6074,MR13 MR11 MR02 MR04 MR08 MR06 MR09 MR10 MR12 MR07 MR14,11,27,27,1.00000000
6075,MR12 MR10 MR02 MR08 MR11 MR07 MR04 MR09 MR13 MR06 MR14,11,21,21,1.00000000
6076,MR13 MR02 MR04 MR08 MR11 MR06 MR09 MR10 MR14 MR07 MR12,11,22,22,1.00000000
6077,MR08 MR10 MR11 MR02 MR12 MR14 MR13 MR04 MR06 MR09 MR07,11,23,23,1.00000000
6078,MR12 MR02 MR04 MR06 MR08 MR13 MR07 MR09 MR10 MR11 MR14,11,23,23,1.00000000
6079,MR12 MR10 MR02 MR08 MR11 MR06 MR14 MR04 MR09 MR07 MR13,11,24,24,1.00000000
6080,MR13 MR02 MR04 MR08 MR06 MR07 MR11 MR12 MR09 MR10 MR14,11,26,26,1.00000000
6081,MR13 MR02 MR04 MR07 MR08 MR11 MR09 MR10 MR14 MR06 MR12,11,24,24,1.00000000
6082,MR08 MR10 MR02 MR14 MR11 MR07 MR04 MR06 MR09 MR12 MR13,11,28,28,1.00000000
6083,MR07 MR02 MR04 MR08 MR11 MR12 MR14 MR13 MR09 MR10 MR06,11,29,29,1.00000000
6084,MR13 MR02 MR04 MR08 MR11 MR06 MR14 MR09 MR10 MR12 MR07,11,23,23,1.00000000
6085,MR12 MR02 MR04 MR08 MR07 MR06 MR13 MR09 MR10 MR11 MR14,11,24,24,1.00000000
6086,MR08 MR10 MR11 MR02 MR14 MR13 MR04 MR06 MR09 MR12 MR07,11,25,25,1.00000000
6087,MR13 MR11 MR02 MR04 MR08 MR06 MR09 MR10 MR12 MR07 MR14,11,22,22,1.00000000
6088,MR13 MR02 MR04 MR08 MR12 MR07 MR11 MR06 MR09 MR10 MR14,11,26,26,1.00000000
6089,MR08 MR04 MR02 MR11 MR13 MR06 MR12 MR09 MR10 MR14 MR07,11,19,19,1.00000000
6090,MR13 MR02 MR04 MR08 MR11 MR07 MR06 MR09 MR10 MR12 MR14,11,21,21,1.00000000
6091,MR13 MR11 MR02 MR04 MR08 MR12 MR06 MR09 MR10 MR07 MR14,11,25,25,1.00000000
6092,MR13 MR11 MR02 MR04 MR08 MR12 MR06 MR09 MR10 MR07 MR14,11,22,22,1.00000000
6093,MR13 MR11 MR02 MR04 MR08 MR06 MR09 MR10 MR07 MR14 MR12,11,27,27,1.00000000
6094,MR13 MR02 MR04 MR07 MR08 MR11 MR14 MR09 MR10 MR12 MR06,11,21,21,1.00000000
6095,MR12 MR10 MR11 MR02 MR08 MR07 MR14 MR04 MR09 MR13 MR06,11,22,22,1.00000000
6096,MR13 MR06 MR02 MR04 MR08 MR11 MR14 MR09 MR10 MR12,10,24,21,0.87500000
6097,MR13 MR11 MR14 MR02 MR04 MR08 MR06 MR09 MR10 MR12 MR07,11,27,27,1.00000000
6098,MR13 MR11 MR02 MR04 MR08 MR06 MR09 MR10 MR12 MR14 MR07,11,20,20,1.00000000
6099,MR13 MR02 MR04 MR08 MR11 MR06 MR09 MR10 MR12 MR07 MR14,11,23,23,1.00000000
6100,MR13 MR02 MR04 MR08 MR11 MR07 MR09 MR10 MR14 MR06 MR12,11,23,23,1.00000000
6101,MR12 MR02 MR04 MR08 MR11 MR13 MR07 MR14 MR09 MR10 MR06,11,27,27,1.00000000
6102,MR13 MR02 MR04 MR08 MR11 MR14 MR06 MR07 MR09 MR10 MR12,11,23,23,1.00000000
6103,MR13 MR02 MR04 MR06 MR08 MR11 MR14 MR09 MR10 MR12,10,22,19,0.86363636
6104,MR13 MR02 MR04 MR08 MR11 MR06 MR07 MR09 MR10 MR14 MR12,11,21,21,1.00000000
6105,MR13 MR02 MR04 MR08 MR06 MR11 MR09 MR10 MR12 MR07 MR14,11,25,25,1.00000000
6106,MR13 MR11 MR02 MR04 MR08 MR12 MR06 MR09 MR10 MR07 MR14,11,23,23,1.00000000
6107,MR13 MR11 MR02 MR04 MR08 MR07 MR14 MR09 MR10 MR12 MR06,11,23,23,1.00000000
6108,MR13 MR11 MR02 MR04 MR08 MR06 MR09 MR10 MR14 MR12 MR07,11,26,26,1.00000000
6109,MR08 MR10 MR11 MR02 MR14 MR04 MR09 MR12 MR06 MR13 MR07,11,26,26,1.00000000
6110,MR12 MR02 MR04 MR08 MR11 MR06 MR14 MR09 MR10 MR13 MR07,11,19,19,1.00000000
6111,MR13 MR02 MR04 MR08 MR07 MR11 MR06 MR09 MR10 MR12 MR14,11,26,26,1.00000000
6112,MR13 MR02 MR04 MR08 MR11 MR06 MR09 MR10 MR12 MR14 MR07,11,26,26,1.00000000
6113,MR13 MR02 MR04 MR08 MR06 MR12 MR07 MR09 MR10 MR11 MR14,11,21,21,1.00000000
6114,MR13 MR11 MR02 MR04 MR08 MR06 MR09 MR10 MR12 MR07 MR14,11,29,29,1.00000000
6115,MR13 MR11 MR02 MR04 MR08 MR14 MR06 MR09 MR10 MR12 MR07,11,25,25,1.00000000
6116,MR13 MR11 MR02 MR04 MR08 MR07 MR09 MR10 MR14 MR06 MR12,11,20,20,1.00000000
6117,MR12 MR10 MR11 MR02 MR08 MR04 MR06 MR09 MR07 MR13 MR14,11,21,21,1.00000000
6118,MR12 MR10 MR02 MR08 MR11 MR04 MR06 MR07 MR09 MR13 MR14,11,25,25,1.00000000
6119,MR12 MR14 MR02 MR04 MR07 MR08 MR06 MR09 MR10 MR11 MR13,11,26,26,1.00000000
6120,MR14 MR10 MR02 MR08 MR06 MR11 MR12 MR13 MR04 MR07 MR09,11,24,24,1.00000000
6121,MR12 MR10 MR02 MR08 MR11 MR06 MR04 MR07 MR09 MR13 MR14,11,27,27,1.00000000
6122,MR12 MR10 MR02 MR08 MR11 MR06 MR04 MR07 MR09 MR13 MR14,11,21,21,1.00000000
6123,MR12 MR10 MR11 MR02 MR08 MR06 MR04 MR09 MR14 MR13,10,26,23,0.88461538
6124,MR13 MR02 MR04 MR07 MR08 MR11 MR12 MR09 MR10 MR06 MR14,11,24,24,1.00000000
6125,MR13 MR02 MR04 MR08 MR11 MR12 MR06 MR07 MR09 MR10 MR14,11,23,23,1.00000000
6126,MR14 MR11 MR04 MR02 MR08 MR13 MR06 MR09 MR10,9,27,21,0.77777778
6127,MR08 MR04 MR11 MR02 MR14 MR07 MR09 MR10 MR13 MR12,10,24,21,0.87500000
6128,MR13 MR02 MR04 MR08 MR11 MR06 MR09 MR10 MR12 MR07 MR14,11,26,26,1.00000000
6129,MR13 MR02 MR04 MR06 MR08 MR11 MR09 MR10 MR14 MR07 MR12,11,24,24,1.00000000
6130,MR13 MR11 MR02 MR04 MR08 MR07 MR09 MR10 MR14 MR06 MR12,11,24,24,1.00000000
6131,MR13 MR02 MR04 MR08 MR11 MR07 MR12 MR06 MR09 MR10 MR14,11,22,22,1.00000000
6132,MR13 MR11 MR02 MR04 MR08 MR07 MR09 MR10 MR14 MR06 MR12,11,25,25,1.00000000
6133,MR13 MR02 MR04 MR08 MR06 MR07 MR09 MR10 MR11 MR12 MR14,11,24,24,1.00000000
6134,MR12 MR02 MR04 MR08 MR07 MR11 MR13 MR14 MR09 MR10 MR06,11,29,29,1.00000000
6135,MR13 MR02 MR04 MR08 MR06 MR11 MR12 MR07 MR09 MR10 MR14,11,26,26,1.00000000
6136,MR13 MR02 MR04 MR08 MR14 MR06 MR07 MR11 MR09 MR10,10,24,21,0.87500000
6137,MR12 MR10 MR02 MR08 MR07 MR11 MR04 MR06 MR09 MR13 MR14,11,24,24,1.00000000
6138,MR13 MR02 MR04 MR07 MR08 MR11 MR09 MR10 MR12 MR06 MR14,11,27,27,1.00000000
6139,MR12 MR10 MR11 MR02 MR08 MR04 MR07 MR09 MR13 MR06 MR14,11,25,25,1.00000000
6140,MR13 MR02 MR04 MR08 MR11 MR06 MR07 MR09 MR10 MR14 MR12,11,26,26,1.00000000
6141,MR12 MR10 MR02 MR08 MR06 MR07 MR11 MR04 MR09 MR14 MR05,11,24,21,0.87500000
6142,MR08 MR10 MR11 MR02 MR12 MR14 MR04 MR07 MR09 MR13 MR06,11,21,21,1.00000000
6143,MR13 MR02 MR04 MR08 MR11 MR07 MR09 MR10 MR12 MR14 MR06,11,23,23,1.00000000
6144,MR13 MR02 MR04 MR08 MR06 MR11 MR07 MR09 MR10 MR14 MR12,11,21,21,1.00000000
6145,MR13 MR11 MR02 MR04 MR08 MR14 MR09 MR10 MR06 MR07 MR12,11,20,20,1.00000000
6146,MR13 MR11 MR02 MR04 MR08 MR06 MR09 MR10 MR12 MR14,10,26,23,0.88461538
6147,MR13 MR11 MR02 MR04 MR08 MR14 MR09 MR10 MR06 MR07 MR12,11,26,26,1.00000000
6148,MR08 MR10 MR02 MR11 MR07 MR14 MR04 MR06 MR09 MR13 MR12,11,19,19,1.00000000
6149,MR12 MR10 MR02 MR08 MR06 MR07 MR11 MR04 MR09 MR14,10,27,23,0.85185185
6150,MR13 MR02 MR04 MR08 MR11 MR07 MR06 MR09 MR10 MR12 MR14,11,23,23,1.00000000
6151,MR13 MR11 MR02 MR04 MR08 MR06 MR09 MR10 MR12 MR14,10,28,25,0.89285714
6152,MR12 MR02 MR04 MR08 MR11 MR06 MR13 MR14 MR07 MR09 MR10,11,20,20,1.00000000
6153,MR08 MR10 MR11 MR02 MR14 MR06 MR12 MR04 MR09 MR13 MR07,11,25,25,1.00000000
6154,MR12 MR10 MR02 MR08 MR11 MR06 MR04 MR07 MR09 MR13 MR14,11,27,27,1.00000000
6155,MR13 MR11 MR02 MR04 MR08 MR06 MR09 MR10 MR12 MR07 MR14,11,22,22,1.00000000
6156,MR13 MR11 MR02 MR04 MR08 MR12 MR06 MR09 MR10 MR07 MR14,11,18,18,1.00000000
6157,MR05 MR02 MR04 MR07 MR08 MR11 MR09 MR10 MR14 MR12 MR06,11,25,22,0.88000000
6158,MR12 MR11 MR02 MR04 MR08 MR06 MR09 MR10 MR13 MR14 MR07,11,25,25,1.00000000
6159,MR13 MR02 MR04 MR08 MR06 MR07 MR11 MR12 MR09 MR10 MR14,11,23,23,1.00000000
6160,MR13 MR02 MR04 MR08 MR11 MR14 MR06 MR07 MR09 MR10 MR12,11,26,26,1.00000000
6161,MR13 MR02 MR04 MR07 MR08 MR14 MR06 MR09 MR10 MR11 MR12,11,20,20,1.00000000
6162,MR13 MR02 MR04 MR08 MR07 MR11 MR12 MR09 MR10 MR06 MR14,11,20,20,1.00000000
6163,MR13 MR11 MR02 MR04 MR08 MR14 MR09 MR10 MR06 MR07,10,32,29,0.90625000
6164,MR13 MR02 MR04 MR06 MR08 MR14 MR07 MR09 MR10 MR11 MR12,11,24,24,1.00000000
6165,MR13 MR11 MR02 MR04 MR08 MR06 MR14 MR09 MR10 MR12,10,29,26,0.89655172
6166,MR13 MR02 MR04 MR08 MR11 MR06 MR07 MR09 MR10 MR14 MR12,11,25,25,1.00000000
6167,MR13 MR02 MR04 MR08 MR11 MR07 MR12 MR09 MR10 MR06 MR14,11,29,29,1.00000000
6168,MR12 MR11 MR10 MR02 MR08 MR13 MR04 MR09 MR06 MR07 MR14,11,24,24,1.00000000
6169,MR12 MR02 MR04 MR08 MR06 MR11 MR13 MR09 MR10 MR14 MR07,11,24,24,1.00000000
6170,MR13 MR02 MR04 MR08 MR06 MR07 MR11 MR14 MR09 MR10 MR12,11,29,29,1.00000000
6171,MR12 MR10 MR02 MR08 MR07 MR11 MR04 MR06 MR09 MR13 MR14,11,25,25,1.00000000
6172,MR13 MR02 MR04 MR08 MR11 MR06 MR07 MR09 MR10 MR14 MR12,11,25,25,1.00000000
6173,MR12 MR10 MR02 MR08 MR07 MR11 MR14 MR04 MR06 MR09 MR13,11,27,27,1.00000000
6174,MR13 MR02 MR04 MR08 MR11 MR07 MR09 MR10 MR14 MR06 MR12,11,23,23,1.00000000
6175,MR08 MR10 MR02 MR11 MR14 MR07 MR04 MR09 MR06 MR12 MR13,11,23,23,1.00000000
6176,MR14 MR10 MR02 MR08 MR11 MR07 MR04 MR09 MR12 MR13 MR06,11,29,29,1.00000000
6177,MR13 MR02 MR04 MR08 MR11 MR07 MR06 MR09 MR10 MR14 MR12,11,24,24,1.00000000
6178,MR08 MR10 MR02 MR11 MR14 MR07 MR04 MR09 MR12 MR13 MR06,11,28,28,1.00000000
6179,MR13 MR11 MR02 MR04 MR08 MR09 MR10 MR06 MR07 MR12 MR14,11,24,24,1.00000000
6180,MR13 MR02 MR04 MR08 MR07 MR11 MR14 MR09 MR10 MR06 MR12,11,25,25,1.00000000
6181,MR13 MR11 MR02 MR04 MR08 MR12 MR09 MR10 MR14 MR07 MR06,11,23,23,1.00000000
6182,MR13 MR02 MR04 MR08 MR11 MR12 MR07 MR06 MR09 MR10 MR14,11,19,19,1.00000000
6183,MR13 MR02 MR04 MR08 MR11 MR06 MR14 MR07 MR09 MR10 MR12,11,23,23,1.00000000
6184,MR13 MR11 MR02 MR04 MR08 MR14 MR07 MR09 MR10 MR06,10,24,21,0.87500000
6185,MR13 MR06 MR02 MR04 MR08 MR12 MR09 MR10 MR07 MR11 MR14,11,24,24,1.00000000
6186,MR13 MR02 MR04 MR08 MR11 MR07 MR06 MR09 MR10 MR14,10,27,24,0.88888889
6187,MR13 MR02 MR04 MR08 MR11 MR07 MR06 MR09 MR10 MR12 MR14,11,18,18,1.00000000
6188,MR05 MR02 MR04 MR08 MR11 MR07 MR09 MR10 MR06 MR12 MR14,11,22,19,0.86363636
6189,MR13 MR11 MR02 MR04 MR08 MR07 MR09 MR10 MR12 MR14 MR06,11,25,25,1.00000000
6190,MR13 MR11 MR02 MR04 MR08 MR06 MR09 MR10 MR14 MR12,10,24,21,0.87500000
6191,MR13 MR11 MR02 MR04 MR08 MR14 MR07 MR09 MR10 MR06 MR12,11,23,23,1.00000000
6192,MR13 MR02 MR04 MR08 MR06 MR11 MR09 MR10 MR12 MR14 MR07,11,23,23,1.00000000
6193,MR13 MR02 MR04 MR08 MR07 MR11 MR14 MR06 MR09 MR10 MR12,11,24,24,1.00000000
6194,MR08 MR10 MR02 MR14 MR06 MR07 MR11 MR12 MR04 MR09 MR13,11,31,31,1.00000000
6195,MR13 MR11 MR02 MR04 MR08 MR07 MR09 MR10 MR12 MR14 MR06,11,26,26,1.00000000
6196,MR13 MR11 MR02 MR04 MR08 MR06 MR09 MR10 MR07 MR12 MR14,11,26,26,1.00000000
6197,MR13 MR02 MR04 MR08 MR11 MR06 MR07 MR09 MR10 MR12 MR14,11,25,25,1.00000000
6198,MR13 MR02 MR04 MR08 MR11 MR14 MR06 MR07 MR09 MR10 MR12,11,25,25,1.00000000
6199,MR08 MR10 MR02 MR06 MR11 MR12 MR14 MR04 MR07 MR09 MR13,11,26,26,1.00000000
6200,MR13 MR02 MR04 MR08 MR11 MR07 MR12 MR09 MR10 MR14 MR06,11,22,22,1.00000000
6201,MR13 MR11 MR02 MR04 MR08 MR14 MR09 MR10 MR06 MR07 MR12,11,22,22,1.00000000
6202,MR12 MR11 MR10 MR02 MR08 MR04 MR09 MR13 MR06 MR07 MR14,11,25,25,1.00000000
6203,MR12 MR10 MR02 MR08 MR14 MR07 MR11 MR04 MR09 MR06 MR13,11,19,19,1.00000000
6204,MR08 MR11 MR04 MR02 MR14 MR09 MR10 MR13 MR07 MR06 MR12,11,24,24,1.00000000
6205,MR13 MR02 MR04 MR08 MR12 MR06 MR11 MR14 MR09 MR10 MR07,11,32,32,1.00000000
6206,MR13 MR06 MR02 MR04 MR08 MR09 MR10 MR11 MR12 MR14 MR07,11,22,22,1.00000000
6207,MR12 MR10 MR02 MR08 MR13 MR11 MR07 MR04 MR06 MR09 MR14,11,25,25,1.00000000
6208,MR13 MR02 MR04 MR08 MR11 MR06 MR07 MR09 MR10 MR14 MR12,11,22,22,1.00000000
6209,MR12 MR11 MR10 MR02 MR08 MR14 MR04 MR07 MR09 MR13 MR06,11,20,20,1.00000000
6210,MR13 MR02 MR04 MR06 MR08 MR14 MR07 MR09 MR10 MR11 MR12,11,22,22,1.00000000
6211,MR13 MR02 MR04 MR08 MR06 MR07 MR09 MR10 MR11 MR12 MR14,11,27,27,1.00000000
6212,MR13 MR11 MR02 MR04 MR08 MR07 MR09 MR10 MR14 MR06 MR12,11,23,23,1.00000000
6213,MR13 MR11 MR02 MR04 MR08 MR07 MR09 MR10 MR12 MR14,10,23,20,0.86956522
6214,MR12 MR02 MR04 MR08 MR11 MR06 MR09 MR10 MR13 MR07 MR14,11,24,24,1.00000000
6215,MR13 MR02 MR04 MR08 MR11 MR07 MR09 MR10 MR14 MR06 MR12,11,25,25,1.00000000
6216,MR06 MR10 MR12 MR02 MR08 MR13 MR11 MR04 MR09 MR14 MR07,11,22,22,1.00000000
6217,MR13 MR02 MR04 MR08 MR11 MR14 MR06 MR07 MR09 MR10 MR12,11,25,25,1.00000000
6218,MR13 MR11 MR02 MR04 MR08 MR06 MR09 MR10 MR14 MR07 MR12,11,19,19,1.00000000
6219,MR13 MR02 MR04 MR08 MR11 MR06 MR07 MR09 MR10 MR14 MR12,11,19,19,1.00000000
6220,MR13 MR11 MR02 MR04 MR08 MR12 MR09 MR10 MR06 MR07 MR14,11,23,23,1.00000000
6221,MR12 MR10 MR02 MR08 MR11 MR13 MR06 MR04 MR07 MR09 MR14,11,22,22,1.00000000
6222,MR13 MR02 MR04 MR08 MR11 MR06 MR07 MR09 MR10 MR12 MR14,11,23,23,1.00000000
6223,MR13 MR11 MR02 MR04 MR08 MR09 MR10 MR14 MR06 MR07 MR12,11,19,19,1.00000000
6224,MR13 MR02 MR04 MR08 MR11 MR06 MR14 MR07 MR09 MR10 MR12,11,20,20,1.00000000
6225,MR13 MR02 MR04 MR06 MR08 MR11 MR12 MR09 MR10 MR07,10,21,18,0.85714286
6226,MR13 MR11 MR02 MR04 MR08 MR06 MR09 MR10 MR12 MR14 MR07,11,24,24,1.00000000
6227,MR05 MR11 MR02 MR04 MR08 MR14 MR09 MR10 MR06 MR07 MR12,11,32,29,0.90625000
6228,MR12 MR10 MR11 MR02 MR08 MR14 MR04 MR07 MR09 MR13 MR06,11,26,26,1.00000000
6229,MR12 MR11 MR10 MR02 MR08 MR04 MR07 MR09 MR13 MR14,10,26,23,0.88461538
6230,MR13 MR02 MR04 MR08 MR11 MR06 MR07 MR09 MR10 MR14 MR12,11,26,26,1.00000000
6231,MR12 MR10 MR02 MR06 MR08 MR11 MR04 MR09 MR14 MR07 MR13,11,27,27,1.00000000
6232,MR12 MR02 MR04 MR08 MR11 MR07 MR13 MR09 MR10 MR06 MR14,11,28,28,1.00000000
6233,MR13 MR11 MR02 MR04 MR08 MR07 MR09 MR10 MR14 MR12 MR06,11,24,24,1.00000000
6234,MR13 MR02 MR04 MR08 MR11 MR07 MR14 MR09 MR10 MR12 MR06,11,26,26,1.00000000
6235,MR13 MR02 MR04 MR08 MR06 MR07 MR11 MR14 MR09 MR10 MR12,11,22,22,1.00000000
6236,MR13 MR11 MR02 MR04 MR08 MR07 MR12 MR09 MR10 MR14,10,23,20,0.86956522
6237,MR13 MR11 MR02 MR04 MR08 MR07 MR09 MR10 MR12 MR06 MR14,11,26,26,1.00000000
6238,MR13 MR02 MR04 MR08 MR11 MR06 MR07 MR09 MR10 MR12 MR14,11,22,22,1.00000000
6239,MR13 MR02 MR04 MR06 MR08 MR07 MR09 MR10 MR11 MR14,10,24,21,0.87500000
6240,MR06 MR10 MR02 MR08 MR14 MR04 MR09 MR11 MR13 MR07 MR12,11,24,24,1.00000000
6241,MR13 MR02 MR04 MR08 MR11 MR06 MR07 MR09 MR10 MR12 MR14,11,24,24,1.00000000
6242,MR13 MR11 MR02 MR04 MR08 MR07 MR09 MR10 MR14 MR06,10,26,23,0.88461538
6243,MR13 MR02 MR04 MR08 MR11 MR14 MR06 MR07 MR09 MR10,10,26,23,0.88461538
6244,MR13 MR11 MR02 MR04 MR08 MR12 MR06 MR09 MR10 MR14 MR07,11,23,23,1.00000000
6245,MR13 MR02 MR04 MR08 MR11 MR12 MR06 MR07 MR09 MR10 MR14,11,27,27,1.00000000
6246,MR13 MR02 MR04 MR08 MR11 MR07 MR09 MR10 MR12 MR14 MR06,11,22,22,1.00000000
6247,MR12 MR10 MR02 MR08 MR11 MR06 MR14 MR04 MR09 MR13 MR07,11,21,21,1.00000000
6248,MR13 MR02 MR04 MR08 MR06 MR11 MR09 MR10 MR12 MR14 MR07,11,25,25,1.00000000
6249,MR13 MR02 MR04 MR07 MR08 MR11 MR09 MR10 MR12 MR06,10,21,18,0.85714286
6250,MR06 MR04 MR02 MR08 MR11 MR12 MR09 MR10 MR14 MR05 MR07,11,23,20,0.86956522
6251,MR13 MR11 MR02 MR04 MR08 MR14 MR07 MR09 MR10 MR12 MR06,11,20,20,1.00000000
6252,MR13 MR02 MR04 MR08 MR11 MR07 MR12 MR09 MR10 MR06 MR14,11,26,26,1.00000000
6253,MR13 MR11 MR02 MR04 MR08 MR07 MR09 MR10 MR14 MR12 MR06,11,21,21,1.00000000
6254,MR13 MR11 MR02 MR04 MR08 MR07 MR09 MR10 MR12 MR14,10,24,21,0.87500000
6255,MR13 MR11 MR02 MR04 MR08 MR06 MR14 MR09 MR10 MR12,10,21,18,0.85714286
6256,MR13 MR02 MR04 MR08 MR06 MR11 MR12 MR07 MR09 MR10 MR14,11,20,20,1.00000000
6257,MR13 MR02 MR04 MR07 MR08 MR12 MR06 MR09 MR10 MR11 MR14,11,24,24,1.00000000
6258,MR13 MR02 MR04 MR08 MR11 MR12 MR06 MR07 MR09 MR10 MR14,11,21,21,1.00000000
6259,MR13 MR11 MR02 MR04 MR08 MR12 MR09 MR10 MR14 MR06 MR07,11,23,23,1.00000000
6260,MR06 MR10 MR02 MR08 MR13 MR04 MR07 MR09 MR12 MR14,10,27,21,0.77777778
6261,MR13 MR11 MR02 MR04 MR08 MR06 MR09 MR10 MR12 MR14,10,24,21,0.87500000
6262,MR12 MR10 MR02 MR08 MR11 MR06 MR14 MR04 MR09 MR07 MR13,11,28,28,1.00000000
6263,MR13 MR02 MR04 MR08 MR07 MR11 MR09 MR10 MR14 MR06 MR12,11,16,16,1.00000000
6264,MR13 MR02 MR04 MR08 MR06 MR11 MR14 MR09 MR10 MR07 MR12,11,19,19,1.00000000
6265,MR06 MR10 MR02 MR08 MR11 MR12 MR14 MR04 MR09 MR07,10,25,21,0.84000000
6266,MR13 MR11 MR02 MR04 MR08 MR14 MR07 MR09 MR10 MR06 MR12,11,25,25,1.00000000
6267,MR08 MR10 MR11 MR02 MR12 MR06 MR04 MR09 MR14 MR07 MR13,11,26,26,1.00000000
6268,MR13 MR11 MR02 MR04 MR08 MR06 MR09 MR10 MR12 MR14 MR07,11,24,24,1.00000000
6269,MR12 MR11 MR10 MR02 MR08 MR04 MR09 MR13 MR06 MR07 MR14,11,28,28,1.00000000
6270,MR12 MR11 MR02 MR04 MR08 MR06 MR09 MR10 MR13 MR14 MR07,11,23,23,1.00000000
6271,MR13 MR02 MR04 MR08 MR07 MR11 MR09 MR10 MR12 MR14 MR06,11,21,21,1.00000000
6272,MR13 MR02 MR04 MR08 MR11 MR06 MR14 MR09 MR10 MR12 MR07,11,26,26,1.00000000
6273,MR13 MR02 MR04 MR08 MR11 MR06 MR09 MR10 MR07 MR12 MR14,11,25,25,1.00000000
6274,MR08 MR10 MR11 MR02 MR14 MR04 MR07 MR09 MR13 MR06 MR12,11,23,23,1.00000000
6275,MR13 MR02 MR04 MR08 MR07 MR06 MR14 MR09 MR10 MR11 MR12,11,27,27,1.00000000
6276,MR13 MR11 MR02 MR04 MR08 MR14 MR06 MR09 MR10 MR12 MR07,11,25,25,1.00000000
6277,MR13 MR11 MR02 MR04 MR08 MR07 MR09 MR10 MR12 MR14,10,23,20,0.86956522
6278,MR13 MR11 MR02 MR04 MR08 MR12 MR06 MR09 MR10 MR07 MR14,11,24,24,1.00000000
6279,MR13 MR02 MR04 MR08 MR11 MR07 MR09 MR10 MR14 MR06 MR12,11,23,23,1.00000000
6280,MR13 MR11 MR02 MR04 MR08 MR06 MR09 MR10 MR14 MR12 MR07,11,26,26,1.00000000
6281,MR13 MR11 MR02 MR04 MR08 MR09 MR10 MR12 MR14 MR06 MR07,11,25,25,1.00000000
6282,MR13 MR11 MR02 MR04 MR08 MR12 MR09 MR10 MR14 MR07 MR06,11,23,23,1.00000000
6283,MR13 MR02 MR04 MR08 MR11 MR06 MR09 MR10 MR07 MR14 MR12,11,26,26,1.00000000
6284,MR13 MR02 MR04 MR08 MR06 MR11 MR07 MR09 MR10 MR12 MR14,11,31,31,1.00000000
6285,MR13 MR11 MR02 MR04 MR08 MR14 MR06 MR09 MR10 MR07 MR12,11,24,24,1.00000000
6286,MR13 MR02 MR04 MR08 MR06 MR11 MR09 MR10 MR07 MR12 MR14,11,27,27,1.00000000
6287,MR13 MR11 MR02 MR04 MR08 MR14 MR06 MR09 MR10 MR07 MR12,11,23,23,1.00000000
6288,MR13 MR02 MR04 MR08 MR06 MR07 MR14 MR09 MR10 MR11 MR12,11,23,23,1.00000000
6289,MR08 MR10 MR11 MR02 MR12 MR04 MR09 MR13 MR06 MR07 MR14,11,25,25,1.00000000
6290,MR13 MR11 MR02 MR04 MR08 MR06 MR12 MR09 MR10 MR14,10,21,18,0.85714286
6291,MR13 MR11 MR02 MR04 MR08 MR12 MR07 MR09 MR10 MR14 MR06,11,25,25,1.00000000
6292,MR13 MR02 MR04 MR08 MR11 MR06 MR07 MR09 MR10 MR14 MR12,11,25,25,1.00000000
6293,MR13 MR02 MR04 MR08 MR11 MR12 MR06 MR09 MR10 MR07 MR14,11,26,26,1.00000000
6294,MR13 MR02 MR04 MR08 MR11 MR07 MR06 MR09 MR10 MR12 MR14,11,22,22,1.00000000
6295,MR13 MR02 MR04 MR08 MR06 MR07 MR09 MR10 MR14 MR11 MR12,11,21,21,1.00000000
6296,MR13 MR02 MR04 MR08 MR07 MR11 MR06 MR09 MR10 MR12 MR14,11,17,17,1.00000000
6297,MR12 MR11 MR10 MR02 MR08 MR04 MR09 MR13 MR14 MR07 MR06,11,22,22,1.00000000
6298,MR13 MR02 MR04 MR08 MR11 MR07 MR06 MR09 MR10 MR14 MR12,11,23,23,1.00000000
6299,MR12 MR10 MR02 MR07 MR08 MR04 MR06 MR09 MR11 MR13 MR14,11,21,21,1.00000000
6300,MR13 MR02 MR04 MR08 MR07 MR12 MR06 MR09 MR10 MR11 MR14,11,25,25,1.00000000
6301,MR13 MR02 MR04 MR08 MR11 MR07 MR14 MR09 MR10 MR12 MR06,11,24,24,1.00000000
6302,MR13 MR11 MR02 MR04 MR08 MR09 MR10 MR14 MR06 MR07 MR12,11,24,24,1.00000000
6303,MR13 MR02 MR04 MR06 MR08 MR14 MR11 MR09 MR10 MR07 MR12,11,23,23,1.00000000
6304,MR13 MR02 MR04 MR08 MR11 MR06 MR09 MR10 MR14 MR07,10,23,20,0.86956522
6305,MR13 MR11 MR02 MR04 MR08 MR07 MR09 MR10 MR14 MR06 MR12,11,23,23,1.00000000
6306,MR13 MR02 MR04 MR07 MR08 MR11 MR12 MR14 MR09 MR10 MR06,11,27,27,1.00000000
6307,MR13 MR06 MR02 MR04 MR08 MR09 MR10 MR11 MR12 MR07 MR14,11,31,31,1.00000000
6308,MR13 MR11 MR02 MR04 MR08 MR06 MR09 MR10 MR14 MR07 MR12,11,22,22,1.00000000
6309,MR13 MR02 MR04 MR08 MR11 MR07 MR14 MR09 MR10 MR06 MR12,11,23,23,1.00000000
6310,MR13 MR02 MR04 MR08 MR06 MR14 MR11 MR07 MR09 MR10 MR12,11,22,22,1.00000000
6311,MR13 MR02 MR04 MR07 MR08 MR11 MR12 MR09 MR10 MR14 MR06,11,23,23,1.00000000
6312,MR08 MR10 MR02 MR14 MR06 MR07 MR11 MR04 MR09 MR13 MR12,11,20,20,1.00000000
6313,MR13 MR02 MR04 MR08 MR06 MR07 MR11 MR09 MR10 MR14 MR12,11,21,21,1.00000000
6314,MR13 MR02 MR04 MR08 MR11 MR07 MR06 MR09 MR10 MR14 MR12,11,28,28,1.00000000
6315,MR13 MR02 MR04 MR08 MR11 MR07 MR06 MR09 MR10 MR12 MR14,11,24,24,1.00000000
6316,MR13 MR11 MR02 MR04 MR08 MR14 MR07 MR09 MR10 MR06 MR12,11,20,20,1.00000000
6317,MR13 MR02 MR04 MR08 MR11 MR07 MR14 MR12 MR09 MR10 MR06,11,27,27,1.00000000
6318,MR13 MR02 MR04 MR08 MR11 MR14 MR07 MR06 MR09 MR10 MR12,11,21,21,1.00000000
6319,MR13 MR11 MR02 MR04 MR08 MR09 MR10 MR12 MR06 MR07,10,23,20,0.86956522
6320,MR13 MR02 MR04 MR07 MR08 MR11 MR14 MR09 MR10 MR12 MR06,11,22,22,1.00000000
6321,MR14 MR04 MR02 MR08 MR11 MR13 MR06 MR07 MR09 MR10 MR12,11,29,29,1.00000000
6322,MR13 MR11 MR02 MR04 MR08 MR06 MR09 MR10 MR14 MR12,10,22,19,0.86363636
6323,MR13 MR11 MR02 MR04 MR08 MR14 MR06 MR09 MR10 MR12 MR07,11,24,24,1.00000000
6324,MR13 MR02 MR04 MR08 MR11 MR06 MR14 MR09 MR10 MR07 MR12,11,23,23,1.00000000
6325,MR13 MR11 MR02 MR04 MR08 MR12 MR14 MR07 MR09 MR10 MR06,11,21,21,1.00000000
6326,MR13 MR11 MR02 MR04 MR08 MR06 MR09 MR10 MR14 MR07 MR12,11,20,20,1.00000000
6327,MR13 MR11 MR02 MR04 MR08 MR09 MR10 MR06 MR07 MR14 MR12,11,23,23,1.00000000
6328,MR13 MR11 MR02 MR04 MR08 MR14 MR09 MR10 MR07 MR12 MR06,11,24,24,1.00000000
6329,MR13 MR02 MR04 MR08 MR06 MR11 MR09 MR10 MR12 MR07 MR14,11,24,24,1.00000000
6330,MR13 MR11 MR14 MR02 MR04 MR08 MR06 MR09 MR10 MR12 MR07,11,23,23,1.00000000
6331,MR13 MR11 MR02 MR04 MR08 MR07 MR09 MR10 MR06 MR14 MR12,11,26,26,1.00000000
6332,MR13 MR11 MR02 MR04 MR08 MR06 MR09 MR10 MR12 MR14 MR07,11,23,23,1.00000000
6333,MR13 MR11 MR02 MR04 MR08 MR06 MR09 MR10 MR12 MR07,10,26,23,0.88461538
6334,MR12 MR10 MR02 MR08 MR11 MR06 MR04 MR07 MR09 MR13 MR14,11,25,25,1.00000000
6335,MR13 MR02 MR04 MR08 MR11 MR06 MR14 MR07 MR09 MR10 MR12,11,20,20,1.00000000
6336,MR13 MR02 MR04 MR08 MR06 MR11 MR12 MR09 MR10 MR07 MR14,11,25,25,1.00000000
6337,MR13 MR11 MR02 MR04 MR08 MR06 MR09 MR10 MR14 MR07 MR12,11,18,18,1.00000000
6338,MR13 MR02 MR04 MR08 MR06 MR07 MR11 MR09 MR10 MR12,10,28,25,0.89285714
6339,MR08 MR10 MR02 MR11 MR14 MR06 MR04 MR07 MR09 MR12 MR13,11,24,24,1.00000000
6340,MR12 MR10 MR02 MR08 MR06 MR11 MR13 MR04 MR09 MR07 MR14,11,28,28,1.00000000
6341,MR08 MR10 MR11 MR02 MR12 MR14 MR04 MR09 MR07 MR06 MR13,11,25,25,1.00000000
6342,MR12 MR10 MR11 MR02 MR08 MR04 MR06 MR09 MR13 MR07,10,25,22,0.88000000
6343,MR12 MR02 MR04 MR08 MR06 MR07 MR09 MR10 MR11 MR14 MR13,11,24,24,1.00000000
6344,MR12 MR11 MR10 MR02 MR08 MR07 MR04 MR09 MR13 MR14,10,23,20,0.86956522
6345,MR13 MR02 MR04 MR08 MR11 MR06 MR09 MR10 MR07 MR12 MR14,11,27,27,1.00000000
6346,MR13 MR11 MR02 MR04 MR08 MR12 MR09 MR10 MR06 MR07 MR14,11,27,27,1.00000000
6347,MR05 MR02 MR04 MR08 MR11 MR14 MR06 MR07 MR09 MR10 MR12,11,29,26,0.89655172
6348,MR13 MR11 MR02 MR04 MR08 MR14 MR09 MR10 MR07 MR12 MR06,11,29,29,1.00000000
6349,MR13 MR02 MR04 MR08 MR07 MR11 MR12 MR14 MR06 MR09 MR10,11,21,21,1.00000000
6350,MR13 MR11 MR02 MR04 MR08 MR14 MR07 MR09 MR10 MR06 MR12,11,27,27,1.00000000
6351,MR12 MR10 MR02 MR08 MR06 MR07 MR13 MR04 MR09 MR11 MR14,11,25,25,1.00000000
6352,MR13 MR02 MR04 MR08 MR11 MR07 MR12 MR14 MR09 MR10 MR06,11,24,24,1.00000000
6353,MR13 MR11 MR02 MR04 MR08 MR07 MR09 MR10 MR12 MR06 MR14,11,24,24,1.00000000
6354,MR13 MR11 MR02 MR04 MR08 MR07 MR09 MR10 MR14 MR06 MR12,11,24,24,1.00000000
6355,MR12 MR10 MR02 MR06 MR08 MR11 MR04 MR09 MR14 MR07 MR13,11,24,24,1.00000000
6356,MR13 MR11 MR02 MR04 MR08 MR12 MR09 MR10 MR14 MR06 MR07,11,22,22,1.00000000
6357,MR13 MR11 MR02 MR04 MR08 MR12 MR06 MR09 MR10 MR14,10,27,24,0.88888889
6358,MR12 MR10 MR02 MR08 MR11 MR07 MR04 MR09 MR13 MR14 MR06,11,24,24,1.00000000
6359,MR12 MR10 MR02 MR07 MR08 MR11 MR04 MR09 MR06 MR13 MR14,11,25,25,1.00000000
6360,MR13 MR11 MR02 MR04 MR08 MR09 MR10 MR07 MR06 MR12 MR14,11,28,28,1.00000000
6361,MR12 MR10 MR02 MR06 MR08 MR11 MR13 MR04 MR09 MR14 MR07,11,24,24,1.00000000
6362,MR13 MR07 MR02 MR04 MR08 MR11 MR09 MR10 MR14 MR06,10,27,24,0.88888889
6363,MR12 MR10 MR11 MR02 MR08 MR04 MR09 MR07 MR13 MR14 MR06,11,24,24,1.00000000
6364,MR13 MR02 MR04 MR08 MR11 MR07 MR12 MR06 MR09 MR10 MR14,11,18,18,1.00000000
6365,MR13 MR11 MR02 MR04 MR08 MR14 MR06 MR09 MR10 MR07 MR12,11,25,25,1.00000000
6366,MR08 MR04 MR11 MR02 MR13 MR14 MR07 MR09 MR10 MR12 MR06,11,22,22,1.00000000
6367,MR13 MR02 MR04 MR08 MR11 MR07 MR06 MR09 MR10 MR14 MR12,11,22,22,1.00000000
6368,MR13 MR11 MR02 MR04 MR08 MR07 MR09 MR10 MR12 MR14 MR06,11,23,23,1.00000000
6369,MR13 MR02 MR04 MR08 MR11 MR14 MR07 MR12 MR06 MR09 MR10,11,24,24,1.00000000
6370,MR13 MR11 MR02 MR04 MR08 MR06 MR09 MR10 MR14 MR07 MR12,11,24,24,1.00000000
6371,MR13 MR02 MR04 MR06 MR08 MR14 MR07 MR09 MR10 MR12 MR11,11,25,25,1.00000000
6372,MR13 MR06 MR02 MR04 MR08 MR14 MR09 MR10 MR11 MR07 MR12,11,24,24,1.00000000
6373,MR13 MR11 MR02 MR04 MR08 MR14 MR09 MR10 MR12 MR06 MR07,11,29,29,1.00000000
6374,MR13 MR11 MR02 MR04 MR08 MR14 MR07 MR09 MR10 MR12 MR06,11,24,24,1.00000000
6375,MR13 MR02 MR04 MR08 MR06 MR07 MR11 MR09 MR10 MR14,10,26,23,0.88461538
6376,MR05 MR02 MR04 MR08 MR11 MR07 MR09 MR10 MR12 MR14 MR06,11,29,26,0.89655172
6377,MR13 MR11 MR02 MR04 MR08 MR14 MR06 MR09 MR10 MR12,10,27,24,0.88888889
6378,MR13 MR02 MR04 MR08 MR06 MR07 MR14 MR09 MR10 MR11 MR12,11,23,23,1.00000000
6379,MR13 MR02 MR04 MR08 MR06 MR11 MR12 MR09 MR10 MR07 MR14,11,22,22,1.00000000
6380,MR05 MR02 MR04 MR08 MR06 MR11 MR14 MR09 MR10 MR12 MR07,11,19,16,0.84210526
6381,MR13 MR02 MR04 MR08 MR11 MR06 MR12 MR09 MR10 MR07 MR14,11,23,23,1.00000000
6382,MR13 MR11 MR02 MR04 MR08 MR09 MR10 MR06 MR07 MR12 MR14,11,23,23,1.00000000
6383,MR13 MR11 MR02 MR04 MR08 MR07 MR14 MR09 MR10 MR12 MR06,11,18,18,1.00000000
6384,MR13 MR02 MR04 MR06 MR08 MR11 MR12 MR09 MR10 MR14,10,26,23,0.88461538
6385,MR12 MR10 MR11 MR02 MR08 MR06 MR04 MR09 MR13 MR14,10,29,26,0.89655172
6386,MR13 MR02 MR04 MR08 MR06 MR11 MR07 MR09 MR10 MR14,10,22,19,0.86363636
6387,MR13 MR11 MR02 MR04 MR08 MR07 MR14 MR09 MR10 MR12 MR06,11,23,23,1.00000000
6388,MR12 MR02 MR04 MR06 MR08 MR07 MR09 MR10 MR11 MR13 MR14,11,27,27,1.00000000
6389,MR08 MR11 MR04 MR02 MR12 MR09 MR10 MR13 MR14 MR06 MR07,11,25,25,1.00000000
6390,MR13 MR02 MR04 MR08 MR14 MR06 MR11 MR09 MR10 MR12 MR07,11,23,23,1.00000000
6391,MR13 MR02 MR04 MR08 MR11 MR06 MR07 MR09 MR10 MR12 MR14,11,20,20,1.00000000
6392,MR13 MR11 MR02 MR04 MR08 MR09 MR10 MR12 MR14 MR06,10,26,23,0.88461538
6393,MR13 MR02 MR04 MR08 MR11 MR06 MR07 MR09 MR10 MR14 MR12,11,24,24,1.00000000
6394,MR13 MR11 MR02 MR04 MR08 MR07 MR09 MR10 MR14,9,30,24,0.80000000
6395,MR12 MR10 MR02 MR07 MR08 MR13 MR04 MR06 MR09 MR11 MR14,11,25,25,1.00000000
6396,MR13 MR11 MR02 MR04 MR08 MR14 MR07 MR09 MR10 MR06 MR12,11,29,29,1.00000000
6397,MR13 MR02 MR04 MR07 MR08 MR14 MR11 MR09 MR10 MR12 MR06,11,25,25,1.00000000
6398,MR13 MR11 MR02 MR04 MR08 MR14 MR06 MR09 MR10 MR07 MR12,11,29,29,1.00000000
6399,MR13 MR02 MR04 MR06 MR08 MR07 MR09 MR10 MR11 MR12 MR14,11,27,27,1.00000000
6400,MR13 MR02 MR04 MR08 MR06 MR11 MR07 MR09 MR10 MR12 MR14,11,23,23,1.00000000
6401,MR13 MR02 MR04 MR08 MR11 MR07 MR14 MR09 MR10 MR12 MR06,11,22,22,1.00000000
6402,MR13 MR11 MR02 MR04 MR08 MR07 MR09 MR10 MR12 MR14,10,20,17,0.85000000
6403,MR13 MR11 MR02 MR04 MR08 MR07 MR12 MR09 MR10 MR06 MR14,11,23,23,1.00000000
6404,MR12 MR11 MR02 MR04 MR08 MR06 MR09 MR10 MR13 MR14,10,26,23,0.88461538
6405,MR13 MR11 MR02 MR04 MR08 MR09 MR10 MR14 MR06 MR07 MR12,11,26,26,1.00000000
6406,MR13 MR11 MR02 MR04 MR08 MR12 MR06 MR09 MR10 MR07 MR14,11,27,27,1.00000000
6407,MR13 MR11 MR02 MR04 MR08 MR14 MR09 MR10 MR12 MR06 MR07,11,26,26,1.00000000
6408,MR12 MR10 MR11 MR02 MR08 MR04 MR06 MR09 MR07 MR14 MR13,11,23,23,1.00000000
6409,MR06 MR10 MR02 MR08 MR12 MR14 MR04 MR09 MR07 MR11 MR13,11,26,26,1.00000000
6410,MR13 MR02 MR04 MR08 MR06 MR07 MR11 MR09 MR10 MR14 MR12,11,25,25,1.00000000
6411,MR13 MR11 MR02 MR04 MR08 MR12 MR09 MR10 MR14 MR06 MR07,11,24,24,1.00000000
6412,MR13 MR02 MR04 MR08 MR11 MR07 MR09 MR10 MR14 MR06 MR12,11,30,30,1.00000000
6413,MR12 MR10 MR02 MR08 MR11 MR07 MR04 MR09 MR13 MR06 MR14,11,22,22,1.00000000
6414,MR13 MR02 MR04 MR08 MR07 MR11 MR12 MR09 MR10 MR06 MR14,11,21,21,1.00000000
6415,MR12 MR10 MR11 MR02 MR08 MR04 MR09 MR14 MR06 MR07,10,26,22,0.84615385
6416,MR13 MR02 MR04 MR08 MR11 MR07 MR06 MR09 MR10 MR12 MR14,11,21,21,1.00000000
6417,MR13 MR11 MR02 MR04 MR08 MR06 MR09 MR10 MR14 MR12,10,24,21,0.87500000
6418,MR13 MR02 MR04 MR06 MR08 MR11 MR09 MR10 MR12 MR07 MR14,11,25,25,1.00000000
6419,MR13 MR02 MR04 MR08 MR11 MR14 MR06 MR07 MR09 MR10 MR12,11,21,21,1.00000000
6420,MR13 MR02 MR04 MR08 MR06 MR11 MR14 MR07 MR09 MR10 MR12,11,27,27,1.00000000
6421,MR13 MR02 MR04 MR08 MR07 MR06 MR09 MR10 MR11 MR12 MR14,11,27,27,1.00000000
6422,MR13 MR02 MR04 MR08 MR07 MR06 MR09 MR10 MR11 MR12 MR14,11,25,25,1.00000000
6423,MR13 MR11 MR02 MR04 MR08 MR14 MR09 MR10 MR07 MR06 MR12,11,22,22,1.00000000
6424,MR13 MR02 MR04 MR06 MR08 MR14 MR07 MR09 MR10 MR12 MR11,11,30,30,1.00000000
6425,MR12 MR10 MR11 MR02 MR08 MR14 MR04 MR06 MR09 MR07 MR13,11,22,22,1.00000000
6426,MR13 MR06 MR02 MR04 MR08 MR09 MR10 MR11 MR12 MR14 MR07,11,25,25,1.00000000
6427,MR13 MR02 MR04 MR08 MR11 MR07 MR06 MR09 MR10 MR14 MR12,11,23,23,1.00000000
6428,MR13 MR02 MR04 MR07 MR08 MR11 MR09 MR10 MR06 MR12 MR14,11,22,22,1.00000000
6429,MR12 MR10 MR02 MR08 MR07 MR11 MR04 MR09 MR13 MR06,10,21,18,0.85714286
6430,MR13 MR11 MR02 MR04 MR08 MR07 MR09 MR10 MR06 MR14 MR12,11,23,23,1.00000000
6431,MR14 MR04 MR02 MR08 MR07 MR11 MR12 MR09 MR10 MR13 MR06,11,29,29,1.00000000
6432,MR13 MR02 MR04 MR08 MR11 MR07 MR09 MR10 MR12 MR14 MR06,11,25,25,1.00000000
6433,MR13 MR02 MR04 MR08 MR06 MR07 MR11 MR14 MR09 MR10 MR12,11,26,26,1.00000000
6434,MR13 MR02 MR04 MR08 MR06 MR11 MR09 MR10 MR12 MR14 MR07,11,26,26,1.00000000
6435,MR13 MR02 MR04 MR08 MR11 MR07 MR12 MR06 MR09 MR10 MR14,11,22,22,1.00000000
6436,MR12 MR10 MR02 MR08 MR11 MR06 MR14 MR04 MR09 MR07 MR13,11,22,22,1.00000000
6437,MR13 MR02 MR04 MR08 MR11 MR06 MR07 MR09 MR10 MR14 MR12,11,26,26,1.00000000
6438,MR13 MR02 MR04 MR08 MR06 MR11 MR07 MR09 MR10 MR12 MR14,11,24,24,1.00000000
6439,MR13 MR11 MR02 MR04 MR08 MR09 MR10 MR12 MR06 MR07 MR14,11,25,25,1.00000000
6440,MR13 MR07 MR02 MR04 MR08 MR11 MR09 MR10 MR12 MR14,10,27,24,0.88888889
6441,MR13 MR02 MR04 MR07 MR08 MR11 MR12 MR09 MR10 MR14 MR06,11,27,27,1.00000000
6442,MR13 MR02 MR04 MR08 MR11 MR06 MR12 MR09 MR10 MR07 MR14,11,20,20,1.00000000
6443,MR12 MR10 MR11 MR02 MR08 MR04 MR06 MR09 MR13 MR07 MR14,11,23,23,1.00000000
6444,MR12 MR10 MR11 MR02 MR08 MR04 MR06 MR09 MR13 MR07,10,23,20,0.86956522
6445,MR12 MR11 MR02 MR04 MR08 MR13 MR09 MR10 MR06 MR07 MR14,11,26,26,1.00000000
6446,MR12 MR10 MR11 MR02 MR08 MR14 MR07 MR04 MR09 MR06 MR13,11,28,28,1.00000000
6447,MR13 MR02 MR04 MR08 MR06 MR07 MR12 MR09 MR10 MR11 MR14,11,24,24,1.00000000
6448,MR12 MR10 MR02 MR08 MR11 MR06 MR04 MR07 MR09 MR14 MR13,11,27,27,1.00000000
6449,MR13 MR02 MR04 MR07 MR08 MR14 MR06 MR09 MR10 MR11 MR12,11,25,25,1.00000000
6450,MR13 MR06 MR02 MR04 MR08 MR14 MR09 MR10 MR11 MR07 MR12,11,22,22,1.00000000
6451,MR13 MR02 MR04 MR08 MR11 MR06 MR07 MR09 MR10 MR12 MR14,11,24,24,1.00000000
6452,MR12 MR10 MR02 MR07 MR08 MR11 MR04 MR09 MR13 MR06 MR14,11,28,28,1.00000000
6453,MR13 MR11 MR14 MR02 MR04 MR08 MR09 MR10 MR06 MR07 MR12,11,28,28,1.00000000
6454,MR13 MR11 MR02 MR04 MR08 MR09 MR10 MR06 MR14 MR07 MR12,11,23,23,1.00000000
6455,MR13 MR11 MR02 MR04 MR08 MR07 MR09 MR10 MR12 MR06 MR14,11,31,31,1.00000000
6456,MR13 MR02 MR04 MR07 MR08 MR06 MR09 MR10 MR11 MR14 MR12,11,26,26,1.00000000
6457,MR13 MR02 MR04 MR08 MR06 MR11 MR09 MR10 MR14 MR07 MR12,11,22,22,1.00000000
6458,MR13 MR11 MR02 MR04 MR08 MR14 MR09 MR10 MR06 MR07 MR12,11,22,22,1.00000000
6459,MR13 MR02 MR04 MR08 MR11 MR14 MR06 MR09 MR10 MR12 MR07,11,19,19,1.00000000
6460,MR13 MR02 MR04 MR07 MR08 MR12 MR11 MR09 MR10 MR06 MR14,11,30,30,1.00000000
6461,MR13 MR11 MR02 MR04 MR08 MR07 MR09 MR10 MR12 MR14 MR06,11,20,20,1.00000000
6462,MR13 MR02 MR04 MR06 MR08 MR11 MR14 MR09 MR10 MR12 MR07,11,22,22,1.00000000
6463,MR13 MR02 MR04 MR08 MR11 MR06 MR07 MR09 MR10 MR14 MR12,11,27,27,1.00000000
6464,MR13 MR02 MR04 MR08 MR06 MR11 MR07 MR09 MR10 MR14 MR12,11,22,22,1.00000000
6465,MR13 MR11 MR02 MR04 MR08 MR07 MR09 MR10 MR12 MR06 MR14,11,18,18,1.00000000
6466,MR13 MR02 MR04 MR08 MR11 MR14 MR07 MR06 MR09 MR10 MR12,11,24,24,1.00000000
6467,MR13 MR11 MR02 MR04 MR08 MR14 MR06 MR09 MR10 MR12 MR07,11,23,23,1.00000000
6468,MR13 MR02 MR04 MR08 MR11 MR06 MR07 MR09 MR10 MR14 MR12,11,25,25,1.00000000
6469,MR12 MR11 MR10 MR02 MR08 MR04 MR09 MR13 MR06 MR07 MR14,11,20,20,1.00000000
6470,MR12 MR10 MR11 MR02 MR08 MR04 MR06 MR09 MR14 MR05 MR07,11,28,25,0.89285714
6471,MR13 MR06 MR02 MR04 MR08 MR14 MR09 MR10 MR11 MR07 MR12,11,24,24,1.00000000
6472,MR08 MR10 MR11 MR02 MR06 MR12 MR04 MR09 MR14 MR13,10,25,22,0.88000000
6473,MR12 MR10 MR02 MR08 MR11 MR06 MR13 MR04 MR09 MR07 MR14,11,26,26,1.00000000
6474,MR13 MR11 MR02 MR04 MR08 MR06 MR09 MR10 MR07 MR12 MR14,11,21,21,1.00000000
6475,MR13 MR11 MR02 MR04 MR08 MR14 MR09 MR10 MR07 MR06,10,25,22,0.88000000
6476,MR13 MR02 MR04 MR08 MR11 MR06 MR07 MR09 MR10 MR14 MR12,11,25,25,1.00000000
6477,MR13 MR02 MR04 MR08 MR11 MR06 MR14 MR09 MR10 MR12 MR07,11,25,25,1.00000000
6478,MR13 MR11 MR02 MR04 MR08 MR09 MR10 MR14 MR12 MR06,10,27,24,0.88888889
6479,MR13 MR07 MR02 MR04 MR08 MR14 MR06 MR09 MR10 MR12 MR11,11,28,28,1.00000000
6480,MR12 MR02 MR04 MR08 MR07 MR14 MR11 MR06 MR09 MR10 MR13,11,22,22,1.00000000
6481,MR08 MR10 MR02 MR06 MR12 MR07 MR14 MR04 MR09 MR11 MR13,11,24,24,1.00000000
6482,MR13 MR11 MR02 MR04 MR08 MR07 MR09 MR10 MR14 MR06 MR12,11,21,21,1.00000000
6483,MR13 MR11 MR02 MR04 MR08 MR07 MR09 MR10 MR12 MR14 MR06,11,23,23,1.00000000
6484,MR13 MR02 MR04 MR08 MR12 MR06 MR07 MR11 MR14 MR09 MR10,11,29,29,1.00000000
6485,MR13 MR11 MR02 MR04 MR08 MR06 MR09 MR10 MR07 MR12,10,27,24,0.88888889
6486,MR13 MR11 MR02 MR04 MR08 MR12 MR07 MR09 MR10 MR14 MR06,11,23,23,1.00000000
6487,MR13 MR02 MR04 MR08 MR11 MR14 MR06 MR09 MR10 MR12 MR07,11,25,25,1.00000000
6488,MR13 MR11 MR02 MR04 MR08 MR06 MR12 MR09 MR10 MR07 MR14,11,27,27,1.00000000
6489,MR13 MR11 MR02 MR04 MR08 MR07 MR09 MR10 MR12 MR06 MR14,11,27,27,1.00000000
6490,MR13 MR02 MR04 MR08 MR06 MR11 MR07 MR09 MR10 MR12 MR14,11,25,25,1.00000000
6491,MR13 MR02 MR04 MR06 MR08 MR07 MR09 MR10 MR14 MR11 MR12,11,30,30,1.00000000
6492,MR13 MR02 MR04 MR08 MR11 MR06 MR07 MR09 MR10 MR14 MR12,11,26,26,1.00000000
6493,MR13 MR11 MR02 MR04 MR08 MR14 MR07 MR09 MR10 MR12 MR06,11,23,23,1.00000000
6494,MR13 MR02 MR04 MR08 MR11 MR07 MR12 MR09 MR10 MR14 MR06,11,23,23,1.00000000
6495,MR13 MR11 MR02 MR04 MR08 MR14 MR06 MR09 MR10 MR12 MR07,11,22,22,1.00000000
6496,MR12 MR10 MR02 MR08 MR14 MR07 MR11 MR04 MR09 MR06 MR13,11,19,19,1.00000000
6497,MR13 MR11 MR02 MR04 MR08 MR14 MR09 MR10 MR06 MR12 MR07,11,22,22,1.00000000
6498,MR13 MR02 MR04 MR08 MR11 MR06 MR07 MR09 MR10 MR14,10,25,22,0.88000000
6499,MR13 MR02 MR04 MR08 MR11 MR14 MR06 MR07 MR09 MR10,10,28,25,0.89285714
6500,MR13 MR02 MR04 MR08 MR14 MR11 MR06 MR07 MR09 MR10 MR12,11,19,19,1.00000000
6501,MR13 MR11 MR02 MR04 MR08 MR06 MR09 MR10 MR12 MR14 MR07,11,24,24,1.00000000
6502,MR07 MR10 MR02 MR08 MR04 MR06 MR09 MR11 MR12 MR13 MR14,11,28,28,1.00000000
6503,MR12 MR10 MR02 MR08 MR11 MR07 MR04 MR09 MR06 MR13 MR14,11,20,20,1.00000000
6504,MR13 MR02 MR04 MR06 MR08 MR11 MR09 MR10 MR14 MR07,10,31,28,0.90322581
6505,MR13 MR02 MR04 MR08 MR11 MR07 MR12 MR06 MR09 MR10 MR14,11,26,26,1.00000000
6506,MR13 MR02 MR04 MR08 MR11 MR14 MR07 MR06 MR09 MR10 MR12,11,23,23,1.00000000
6507,MR12 MR11 MR02 MR04 MR08 MR14 MR06 MR09 MR10 MR13 MR07,11,22,22,1.00000000
6508,MR13 MR02 MR04 MR08 MR11 MR12 MR06 MR07 MR09 MR10 MR14,11,24,24,1.00000000
6509,MR13 MR11 MR02 MR04 MR08 MR09 MR10 MR12 MR06 MR07,10,28,25,0.89285714
6510,MR13 MR11 MR02 MR04 MR08 MR12 MR09 MR10 MR14 MR07 MR06,11,28,28,1.00000000
6511,MR13 MR11 MR02 MR04 MR08 MR06 MR09 MR10 MR12 MR14,10,32,29,0.90625000
6512,MR13 MR02 MR04 MR08 MR06 MR07 MR11 MR09 MR10 MR14 MR12,11,26,26,1.00000000
6513,MR13 MR02 MR04 MR08 MR07 MR11 MR06 MR09 MR10 MR12 MR14,11,24,24,1.00000000
6514,MR13 MR11 MR02 MR04 MR08 MR12 MR14 MR07 MR09 MR10 MR06,11,22,22,1.00000000
6515,MR13 MR02 MR04 MR06 MR08 MR11 MR12 MR09 MR10 MR14,10,20,17,0.85000000
6516,MR13 MR02 MR04 MR08 MR11 MR06 MR07 MR09 MR10 MR12 MR14,11,23,23,1.00000000
6517,MR13 MR02 MR04 MR08 MR11 MR06 MR07 MR09 MR10 MR12 MR14,11,28,28,1.00000000
6518,MR13 MR02 MR04 MR08 MR11 MR12 MR06 MR07 MR09 MR10 MR14,11,22,22,1.00000000
6519,MR13 MR02 MR04 MR08 MR11 MR12 MR06 MR14 MR07 MR09 MR10,11,25,25,1.00000000
6520,MR13 MR02 MR04 MR06 MR08 MR14 MR11 MR09 MR10 MR07 MR12,11,25,25,1.00000000
6521,MR13 MR11 MR14 MR02 MR04 MR08 MR06 MR09 MR10 MR12,10,27,24,0.88888889
6522,MR13 MR11 MR02 MR04 MR08 MR14 MR07 MR09 MR10 MR06 MR12,11,23,23,1.00000000
6523,MR13 MR06 MR02 MR04 MR08 MR12 MR09 MR10 MR11 MR07 MR14,11,24,24,1.00000000
6524,MR12 MR11 MR02 MR04 MR08 MR13 MR06 MR09 MR10 MR07 MR14,11,24,24,1.00000000
6525,MR13 MR11 MR02 MR04 MR08 MR06 MR09 MR10 MR12 MR07 MR14,11,24,24,1.00000000
6526,MR12 MR10 MR02 MR07 MR08 MR11 MR13 MR04 MR09 MR06 MR14,11,25,25,1.00000000
6527,MR08 MR10 MR11 MR02 MR14 MR07 MR04 MR09 MR12 MR13,10,28,25,0.89285714
6528,MR13 MR02 MR04 MR08 MR11 MR07 MR06 MR09 MR10 MR12 MR14,11,21,21,1.00000000
6529,MR13 MR11 MR02 MR04 MR08 MR12 MR09 MR10 MR14 MR07 MR06,11,23,23,1.00000000
6530,MR12 MR10 MR11 MR02 MR08 MR07 MR14 MR04 MR09 MR13 MR06,11,21,21,1.00000000
6531,MR13 MR02 MR04 MR08 MR11 MR14 MR06 MR09 MR10 MR07 MR12,11,21,21,1.00000000
6532,MR13 MR11 MR02 MR04 MR08 MR12 MR09 MR10 MR06 MR07 MR14,11,27,27,1.00000000
6533,MR13 MR07 MR02 MR04 MR08 MR11 MR09 MR10 MR12 MR14 MR06,11,23,23,1.00000000
6534,MR13 MR02 MR04 MR08 MR11 MR14 MR06 MR07 MR09 MR10 MR12,11,25,25,1.00000000
6535,MR13 MR02 MR04 MR08 MR11 MR06 MR09 MR10 MR14 MR07 MR12,11,24,24,1.00000000
6536,MR13 MR02 MR04 MR08 MR11 MR07 MR12 MR09 MR10 MR06,10,28,25,0.89285714
6537,MR12 MR11 MR02 MR04 MR08 MR13 MR09 MR10 MR14 MR06 MR07,11,27,27,1.00000000
6538,MR13 MR02 MR04 MR06 MR08 MR11 MR09 MR10 MR07 MR12 MR14,11,27,27,1.00000000
6539,MR13 MR02 MR04 MR08 MR06 MR07 MR09 MR10 MR11 MR14 MR12,11,26,26,1.00000000
6540,MR13 MR02 MR04 MR08 MR11 MR06 MR14 MR07 MR09 MR10 MR12,11,25,25,1.00000000
6541,MR13 MR02 MR04 MR07 MR08 MR06 MR09 MR10 MR11 MR12 MR14,11,22,22,1.00000000
6542,MR13 MR02 MR04 MR08 MR11 MR06 MR09 MR10 MR12 MR07 MR14,11,22,22,1.00000000
6543,MR13 MR11 MR02 MR04 MR08 MR09 MR10 MR06 MR07 MR12 MR14,11,23,23,1.00000000
6544,MR12 MR10 MR11 MR02 MR08 MR07 MR04 MR09 MR14 MR13,10,25,22,0.88000000
6545,MR13 MR02 MR04 MR08 MR06 MR07 MR11 MR09 MR10 MR14 MR12,11,20,20,1.00000000
6546,MR13 MR11 MR02 MR04 MR08 MR14 MR09 MR10 MR12 MR06 MR07,11,21,21,1.00000000
6547,MR13 MR02 MR04 MR08 MR11 MR14 MR06 MR07 MR09 MR10 MR12,11,20,20,1.00000000
6548,MR13 MR02 MR04 MR07 MR08 MR06 MR09 MR10 MR11 MR12 MR14,11,28,28,1.00000000
6549,MR13 MR02 MR04 MR08 MR11 MR07 MR14 MR09 MR10 MR06 MR12,11,18,18,1.00000000
6550,MR12 MR11 MR10 MR02 MR08 MR14 MR04 MR09 MR07 MR13 MR06,11,24,24,1.00000000
6551,MR12 MR10 MR11 MR02 MR08 MR14 MR04 MR06 MR09 MR07 MR13,11,20,20,1.00000000
6552,MR08 MR10 MR11 MR02 MR12 MR14 MR04 MR09 MR05 MR06 MR07,11,24,21,0.87500000
6553,MR13 MR02 MR04 MR08 MR11 MR06 MR09 MR10 MR12 MR07 MR14,11,28,28,1.00000000
6554,MR13 MR02 MR04 MR08 MR11 MR06 MR09 MR10 MR14 MR07 MR12,11,23,23,1.00000000
6555,MR12 MR10 MR02 MR08 MR11 MR06 MR04 MR09 MR07 MR13 MR14,11,26,26,1.00000000
6556,MR13 MR02 MR04 MR08 MR07 MR11 MR09 MR10 MR12 MR06 MR14,11,24,24,1.00000000
6557,MR12 MR11 MR10 MR02 MR08 MR04 MR09 MR06 MR07 MR14 MR13,11,27,27,1.00000000
6558,MR06 MR10 MR02 MR08 MR14 MR04 MR09 MR07 MR11 MR12 MR13,11,24,24,1.00000000
6559,MR14 MR04 MR02 MR08 MR11 MR06 MR13 MR09 MR10 MR12 MR07,11,23,23,1.00000000
6560,MR13 MR11 MR02 MR04 MR08 MR12 MR07 MR09 MR10 MR06 MR14,11,24,24,1.00000000
6561,MR13 MR11 MR02 MR04 MR08 MR12 MR06 MR09 MR10 MR07 MR14,11,26,26,1.00000000
6562,MR14 MR10 MR11 MR02 MR08 MR04 MR06 MR09 MR07 MR13 MR12,11,22,22,1.00000000
6563,MR13 MR02 MR04 MR08 MR06 MR07 MR11 MR12 MR09 MR10 MR14,11,15,15,1.00000000
6564,MR13 MR02 MR04 MR07 MR08 MR11 MR14 MR09 MR10 MR12 MR06,11,26,26,1.00000000
6565,MR13 MR02 MR04 MR08 MR07 MR11 MR14 MR12 MR09 MR10 MR06,11,27,27,1.00000000
6566,MR13 MR02 MR04 MR08 MR07 MR11 MR14 MR09 MR10 MR12 MR06,11,23,23,1.00000000
6567,MR13 MR06 MR02 MR04 MR08 MR12 MR09 MR10 MR11 MR07,10,24,21,0.87500000
6568,MR13 MR02 MR04 MR08 MR11 MR06 MR07 MR09 MR10 MR14 MR12,11,21,21,1.00000000
6569,MR13 MR11 MR02 MR04 MR08 MR12 MR14 MR07 MR09 MR10 MR06,11,24,24,1.00000000
6570,MR13 MR11 MR02 MR04 MR08 MR07 MR09 MR10 MR14 MR12,10,25,22,0.88000000
6571,MR13 MR02 MR04 MR08 MR11 MR07 MR12 MR06 MR09 MR10 MR14,11,22,22,1.00000000
6572,MR13 MR11 MR02 MR04 MR08 MR07 MR09 MR10 MR14 MR06 MR12,11,23,23,1.00000000
6573,MR13 MR11 MR02 MR04 MR08 MR12 MR09 MR10 MR14 MR07 MR06,11,23,23,1.00000000
6574,MR13 MR02 MR04 MR08 MR06 MR07 MR11 MR14 MR09 MR10 MR12,11,19,19,1.00000000
6575,MR13 MR02 MR04 MR08 MR11 MR07 MR14 MR09 MR10 MR06 MR12,11,20,20,1.00000000
6576,MR05 MR02 MR04 MR08 MR07 MR06 MR09 MR10 MR11 MR14 MR12,11,28,25,0.89285714
6577,MR13 MR02 MR04 MR08 MR11 MR14 MR06 MR07 MR09 MR10 MR12,11,23,23,1.00000000
6578,MR12 MR10 MR11 MR02 MR08 MR04 MR07 MR09 MR06 MR13 MR14,11,22,22,1.00000000
6579,MR13 MR02 MR04 MR08 MR11 MR06 MR12 MR09 MR10 MR07 MR14,11,24,24,1.00000000
6580,MR13 MR02 MR04 MR08 MR11 MR07 MR06 MR09 MR10 MR14 MR12,11,23,23,1.00000000
6581,MR13 MR11 MR02 MR04 MR08 MR07 MR12 MR14 MR09 MR10 MR06,11,23,23,1.00000000
6582,MR13 MR11 MR02 MR04 MR08 MR14 MR12 MR06 MR09 MR10 MR07,11,23,23,1.00000000
6583,MR13 MR02 MR04 MR08 MR07 MR11 MR09 MR10 MR14 MR06,10,21,18,0.85714286
6584,MR13 MR02 MR04 MR06 MR08 MR11 MR12 MR09 MR10 MR14 MR07,11,22,22,1.00000000
6585,MR12 MR02 MR04 MR08 MR11 MR06 MR14 MR09 MR10 MR13 MR07,11,27,27,1.00000000
6586,MR08 MR10 MR11 MR02 MR12 MR04 MR07 MR09 MR06 MR13 MR14,11,26,26,1.00000000
6587,MR12 MR11 MR10 MR02 MR08 MR14 MR04 MR06 MR09 MR07 MR13,11,27,27,1.00000000
6588,MR13 MR02 MR04 MR06 MR08 MR11 MR09 MR10 MR12 MR07 MR14,11,23,23,1.00000000
6589,MR13 MR11 MR02 MR04 MR08 MR12 MR06 MR09 MR10 MR07 MR14,11,21,21,1.00000000
6590,MR12 MR10 MR11 MR02 MR08 MR04 MR07 MR09 MR13 MR06 MR14,11,23,23,1.00000000
6591,MR13 MR11 MR02 MR04 MR08 MR12 MR06 MR09 MR10 MR07 MR14,11,27,27,1.00000000
6592,MR13 MR02 MR04 MR08 MR07 MR11 MR09 MR10 MR14 MR06 MR12,11,26,26,1.00000000
6593,MR13 MR02 MR04 MR08 MR11 MR07 MR12 MR09 MR10 MR06 MR14,11,24,24,1.00000000
6594,MR13 MR02 MR04 MR08 MR07 MR12 MR06 MR09 MR10 MR11 MR14,11,25,25,1.00000000
6595,MR05 MR02 MR04 MR08 MR11 MR14 MR06 MR09 MR10 MR07 MR12,11,27,24,0.88888889
6596,MR08 MR10 MR02 MR06 MR07 MR11 MR04 MR09 MR12 MR13 MR14,11,27,27,1.00000000
6597,MR13 MR02 MR04 MR08 MR07 MR11 MR14 MR09 MR10 MR06 MR12,11,21,21,1.00000000
6598,MR12 MR11 MR02 MR04 MR08 MR14 MR07 MR09 MR10 MR13 MR06,11,25,25,1.00000000
6599,MR13 MR11 MR02 MR04 MR08 MR07 MR14 MR09 MR10 MR06 MR12,11,26,26,1.00000000
6600,MR13 MR11 MR02 MR04 MR08 MR12 MR06 MR09 MR10 MR07 MR14,11,24,24,1.00000000
6601,MR13 MR06 MR02 MR04 MR08 MR11 MR09 MR10 MR12 MR14,10,27,24,0.88888889
6602,MR12 MR10 MR02 MR08 MR06 MR11 MR13 MR04 MR09 MR07 MR14,11,26,26,1.00000000
6603,MR13 MR11 MR02 MR04 MR08 MR07 MR14 MR09 MR10 MR12 MR06,11,23,23,1.00000000
6604,MR13 MR02 MR04 MR08 MR06 MR11 MR09 MR10 MR12 MR07 MR14,11,19,19,1.00000000
6605,MR13 MR02 MR04 MR08 MR11 MR07 MR12 MR09 MR10 MR06 MR14,11,22,22,1.00000000
6606,MR08 MR10 MR11 MR02 MR07 MR14 MR04 MR09 MR13 MR12,10,27,24,0.88888889
6607,MR13 MR11 MR02 MR04 MR08 MR06 MR09 MR10 MR12 MR14 MR07,11,24,24,1.00000000
6608,MR13 MR02 MR04 MR07 MR08 MR06 MR09 MR10 MR11 MR12,10,28,25,0.89285714
6609,MR13 MR11 MR02 MR04 MR08 MR07 MR09 MR10 MR14 MR06 MR12,11,27,27,1.00000000
6610,MR13 MR02 MR04 MR08 MR06 MR07 MR09 MR10 MR11 MR12 MR14,11,19,19,1.00000000
6611,MR12 MR10 MR02 MR08 MR11 MR04 MR06 MR07 MR09 MR14 MR13,11,22,22,1.00000000
6612,MR13 MR11 MR02 MR04 MR08 MR07 MR09 MR10 MR14 MR06 MR12,11,17,17,1.00000000
6613,MR13 MR11 MR02 MR04 MR08 MR07 MR09 MR10 MR12 MR14 MR06,11,29,29,1.00000000
6614,MR13 MR02 MR04 MR08 MR11 MR07 MR06 MR09 MR10 MR12 MR14,11,25,25,1.00000000
6615,MR13 MR11 MR02 MR04 MR08 MR07 MR09 MR10 MR12 MR06 MR14,11,28,28,1.00000000
6616,MR13 MR11 MR02 MR04 MR08 MR06 MR09 MR10 MR14 MR07 MR12,11,23,23,1.00000000
6617,MR13 MR02 MR04 MR08 MR06 MR07 MR09 MR10 MR11 MR12 MR14,11,20,20,1.00000000
6618,MR13 MR02 MR04 MR08 MR11 MR07 MR09 MR10 MR14 MR06 MR12,11,22,22,1.00000000
6619,MR12 MR10 MR02 MR08 MR07 MR11 MR04 MR09 MR06 MR13 MR14,11,26,26,1.00000000
6620,MR12 MR10 MR02 MR07 MR08 MR11 MR13 MR04 MR09 MR06 MR14,11,22,22,1.00000000
6621,MR13 MR11 MR02 MR04 MR08 MR14 MR09 MR10 MR06 MR07 MR12,11,24,24,1.00000000
6622,MR13 MR06 MR02 MR04 MR08 MR11 MR09 MR10 MR12 MR14,10,24,21,0.87500000
6623,MR13 MR02 MR04 MR08 MR11 MR06 MR14 MR09 MR10 MR12 MR07,11,26,26,1.00000000
6624,MR13 MR02 MR04 MR08 MR11 MR07 MR14 MR09 MR10 MR12 MR06,11,22,22,1.00000000
6625,MR13 MR02 MR04 MR08 MR11 MR07 MR14 MR09 MR10 MR12 MR06,11,23,23,1.00000000
6626,MR13 MR02 MR04 MR08 MR11 MR07 MR09 MR10 MR12 MR06 MR14,11,26,26,1.00000000
6627,MR13 MR02 MR04 MR08 MR11 MR06 MR07 MR09 MR10 MR14 MR12,11,24,24,1.00000000
6628,MR13 MR02 MR04 MR08 MR11 MR06 MR07 MR09 MR10 MR14 MR12,11,25,25,1.00000000
6629,MR13 MR11 MR02 MR04 MR08 MR07 MR09 MR10 MR12 MR14 MR06,11,27,27,1.00000000
6630,MR12 MR10 MR02 MR06 MR08 MR11 MR04 MR09 MR07 MR13,10,26,23,0.88461538
6631,MR13 MR11 MR02 MR04 MR08 MR06 MR09 MR10 MR12 MR14 MR07,11,26,26,1.00000000
6632,MR13 MR02 MR04 MR06 MR08 MR11 MR12 MR09 MR10 MR07 MR14,11,23,23,1.00000000
6633,MR13 MR02 MR04 MR08 MR11 MR06 MR07 MR09 MR10 MR14 MR12,11,28,28,1.00000000
6634,MR13 MR11 MR02 MR04 MR08 MR06 MR09 MR10 MR12 MR14 MR07,11,20,20,1.00000000
6635,MR13 MR02 MR04 MR08 MR11 MR14 MR06 MR07 MR09 MR10 MR12,11,21,21,1.00000000
6636,MR13 MR02 MR04 MR08 MR11 MR06 MR14 MR09 MR10 MR12 MR07,11,25,25,1.00000000
6637,MR12 MR10 MR11 MR02 MR08 MR04 MR07 MR09 MR13 MR14 MR06,11,26,26,1.00000000
6638,MR13 MR02 MR04 MR07 MR08 MR12 MR11 MR09 MR10 MR06 MR14,11,23,23,1.00000000
6639,MR05 MR11 MR02 MR04 MR08 MR06 MR09 MR10 MR14 MR07 MR12,11,26,23,0.88461538
6640,MR12 MR11 MR10 MR02 MR08 MR04 MR06 MR09 MR14 MR07,10,29,25,0.86206897
6641,MR13 MR02 MR04 MR08 MR11 MR14 MR06 MR07 MR09 MR10 MR12,11,21,21,1.00000000
6642,MR07 MR10 MR02 MR08 MR14 MR06 MR04 MR09 MR11 MR12 MR13,11,26,26,1.00000000
6643,MR13 MR02 MR04 MR08 MR07 MR11 MR06 MR09 MR10 MR12 MR14,11,18,18,1.00000000
6644,MR08 MR10 MR02 MR06 MR14 MR07 MR12 MR04 MR09 MR11 MR13,11,23,23,1.00000000
6645,MR13 MR11 MR02 MR04 MR08 MR14 MR06 MR09 MR10 MR07 MR12,11,23,23,1.00000000
6646,MR13 MR11 MR02 MR04 MR08 MR09 MR10 MR07 MR12 MR14 MR06,11,24,24,1.00000000
6647,MR12 MR10 MR02 MR08 MR11 MR07 MR04 MR06 MR09 MR13 MR14,11,23,23,1.00000000
6648,MR13 MR02 MR04 MR07 MR08 MR11 MR09 MR10 MR12 MR14 MR06,11,19,19,1.00000000
6649,MR08 MR10 MR11 MR02 MR14 MR04 MR07 MR09 MR12 MR05 MR06,11,24,21,0.87500000
6650,MR13 MR02 MR04 MR08 MR06 MR11 MR14 MR07 MR09 MR10 MR12,11,27,27,1.00000000
6651,MR13 MR11 MR14 MR02 MR04 MR08 MR06 MR09 MR10 MR12,10,27,24,0.88888889
6652,MR13 MR02 MR04 MR08 MR11 MR07 MR09 MR10 MR12 MR06,10,23,20,0.86956522
6653,MR12 MR10 MR02 MR08 MR07 MR11 MR04 MR06 MR09 MR13 MR14,11,23,23,1.00000000
6654,MR13 MR02 MR04 MR08 MR11 MR14 MR06 MR09 MR10 MR12 MR07,11,23,23,1.00000000
6655,MR13 MR11 MR02 MR04 MR08 MR12 MR06 MR09 MR10 MR14 MR07,11,25,25,1.00000000
6656,MR12 MR10 MR02 MR08 MR07 MR11 MR14 MR04 MR06 MR09 MR13,11,23,23,1.00000000
6657,MR12 MR02 MR04 MR08 MR11 MR07 MR06 MR09 MR10 MR13 MR14,11,25,25,1.00000000
6658,MR06 MR10 MR02 MR08 MR12 MR14 MR13 MR04 MR07 MR09 MR11,11,26,26,1.00000000
6659,MR13 MR11 MR02 MR04 MR08 MR12 MR06 MR09 MR10 MR07,10,23,20,0.86956522
6660,MR12 MR10 MR02 MR08 MR06 MR11 MR13 MR04 MR09 MR14 MR07,11,21,21,1.00000000
6661,MR13 MR11 MR02 MR04 MR08 MR06 MR09 MR10 MR12 MR14 MR07,11,26,26,1.00000000
6662,MR13 MR11 MR02 MR04 MR08 MR06 MR09 MR10 MR07 MR12 MR14,11,22,22,1.00000000
6663,MR13 MR02 MR04 MR08 MR11 MR07 MR09 MR10 MR12 MR06 MR14,11,17,17,1.00000000
6664,MR13 MR11 MR02 MR04 MR08 MR07 MR09 MR10 MR14 MR12,10,24,21,0.87500000
6665,MR13 MR02 MR04 MR08 MR06 MR07 MR12 MR09 MR10 MR11 MR14,11,23,23,1.00000000
6666,MR12 MR10 MR11 MR02 MR08 MR14 MR04 MR09 MR06 MR07 MR13,11,22,22,1.00000000
6667,MR14 MR10 MR11 MR02 MR08 MR04 MR07 MR09 MR13 MR06 MR12,11,23,23,1.00000000
6668,MR13 MR02 MR04 MR08 MR06 MR07 MR09 MR10 MR11 MR12 MR14,11,24,24,1.00000000
6669,MR13 MR11 MR02 MR04 MR08 MR09 MR10 MR14 MR06 MR07 MR12,11,24,24,1.00000000
6670,MR13 MR02 MR04 MR08 MR07 MR11 MR06 MR09 MR10 MR12,10,21,18,0.85714286
6671,MR12 MR10 MR11 MR02 MR08 MR04 MR06 MR09 MR07 MR14 MR05,11,22,19,0.86363636
6672,MR13 MR11 MR02 MR04 MR08 MR07 MR09 MR10 MR14,9,28,22,0.78571429
6673,MR13 MR02 MR04 MR08 MR06 MR07 MR11 MR09 MR10 MR12 MR14,11,26,26,1.00000000
6674,MR13 MR02 MR04 MR08 MR11 MR14 MR06 MR07 MR09 MR10 MR12,11,22,22,1.00000000
6675,MR13 MR11 MR02 MR04 MR08 MR09 MR10 MR06 MR12 MR07,10,23,20,0.86956522
6676,MR13 MR11 MR02 MR04 MR08 MR09 MR10 MR14 MR06 MR07 MR12,11,22,22,1.00000000
6677,MR13 MR11 MR02 MR04 MR08 MR14 MR09 MR10 MR06 MR12 MR07,11,21,21,1.00000000
6678,MR13 MR11 MR02 MR04 MR08 MR07 MR09 MR10 MR12 MR14 MR06,11,20,20,1.00000000
6679,MR13 MR02 MR04 MR08 MR11 MR14 MR06 MR09 MR10 MR07 MR12,11,19,19,1.00000000
6680,MR13 MR02 MR04 MR08 MR11 MR06 MR09 MR10 MR07 MR12 MR14,11,24,24,1.00000000
6681,MR12 MR11 MR10 MR02 MR08 MR04 MR07 MR09 MR13 MR14,10,28,25,0.89285714
6682,MR13 MR11 MR02 MR04 MR08 MR06 MR09 MR10 MR14 MR07 MR12,11,29,29,1.00000000
6683,MR08 MR10 MR11 MR02 MR12 MR13 MR14 MR04 MR07 MR09 MR06,11,20,20,1.00000000
6684,MR13 MR02 MR04 MR08 MR11 MR14 MR06 MR07 MR09 MR10 MR12,11,22,22,1.00000000
6685,MR13 MR02 MR04 MR08 MR11 MR06 MR07 MR09 MR10 MR14 MR12,11,23,23,1.00000000
6686,MR12 MR11 MR02 MR04 MR08 MR09 MR10 MR14 MR06 MR07 MR13,11,18,18,1.00000000
6687,MR13 MR02 MR04 MR08 MR11 MR06 MR09 MR10 MR07 MR14 MR12,11,26,26,1.00000000
6688,MR13 MR02 MR04 MR08 MR06 MR11 MR07 MR09 MR10 MR12 MR14,11,23,23,1.00000000
6689,MR13 MR02 MR04 MR08 MR07 MR06 MR09 MR10 MR11 MR14 MR12,11,24,24,1.00000000
6690,MR08 MR10 MR02 MR11 MR14 MR07 MR12 MR04 MR06 MR09 MR13,11,23,23,1.00000000
6691,MR13 MR11 MR02 MR04 MR08 MR06 MR09 MR10 MR07 MR14 MR12,11,22,22,1.00000000
6692,MR12 MR10 MR02 MR08 MR07 MR11 MR13 MR04 MR06 MR09 MR14,11,25,25,1.00000000
6693,MR13 MR02 MR04 MR08 MR11 MR07 MR14 MR06 MR09 MR10 MR12,11,22,22,1.00000000
6694,MR12 MR02 MR04 MR08 MR11 MR07 MR13 MR09 MR10 MR06 MR14,11,21,21,1.00000000
6695,MR13 MR02 MR04 MR08 MR06 MR07 MR14 MR09 MR10 MR11 MR12,11,22,22,1.00000000
6696,MR13 MR02 MR04 MR08 MR11 MR06 MR09 MR10 MR07 MR12 MR14,11,20,20,1.00000000
6697,MR13 MR06 MR02 MR04 MR08 MR12 MR09 MR10 MR11 MR14 MR07,11,26,26,1.00000000
6698,MR13 MR02 MR04 MR08 MR06 MR11 MR14 MR09 MR10 MR07 MR12,11,23,23,1.00000000
6699,MR12 MR10 MR02 MR08 MR06 MR07 MR14 MR04 MR09 MR11 MR13,11,26,26,1.00000000
6700,MR13 MR02 MR04 MR08 MR11 MR06 MR12 MR14 MR07 MR09 MR10,11,22,22,1.00000000
6701,MR13 MR02 MR04 MR08 MR07 MR06 MR12 MR09 MR10 MR11 MR14,11,20,20,1.00000000
6702,MR13 MR11 MR02 MR04 MR08 MR14 MR07 MR09 MR10 MR06 MR12,11,24,24,1.00000000
6703,MR13 MR11 MR02 MR04 MR08 MR06 MR09 MR10 MR12 MR14,10,20,17,0.85000000
6704,MR12 MR10 MR02 MR08 MR06 MR07 MR11 MR04 MR09 MR13 MR14,11,26,26,1.00000000
6705,MR13 MR02 MR04 MR08 MR06 MR07 MR09 MR10 MR11 MR14 MR12,11,23,23,1.00000000
6706,MR13 MR11 MR02 MR04 MR08 MR14 MR09 MR10 MR12 MR07 MR06,11,24,24,1.00000000
6707,MR13 MR11 MR14 MR02 MR04 MR08 MR06 MR09 MR10 MR12,10,23,20,0.86956522
6708,MR13 MR02 MR04 MR08 MR06 MR11 MR07 MR09 MR10 MR12 MR14,11,28,28,1.00000000
6709,MR13 MR02 MR04 MR06 MR08 MR11 MR12 MR09 MR10 MR14 MR07,11,24,24,1.00000000
6710,MR13 MR02 MR04 MR08 MR11 MR14 MR07 MR12 MR09 MR10 MR06,11,23,23,1.00000000
6711,MR12 MR10 MR02 MR08 MR11 MR04 MR06 MR07 MR09 MR13 MR14,11,24,24,1.00000000
6712,MR13 MR02 MR04 MR07 MR08 MR06 MR12 MR09 MR10 MR11 MR14,11,23,23,1.00000000
6713,MR13 MR02 MR04 MR08 MR07 MR11 MR06 MR09 MR10 MR12 MR14,11,22,22,1.00000000
6714,MR13 MR11 MR02 MR04 MR08 MR09 MR10 MR14 MR07 MR12 MR06,11,25,25,1.00000000
6715,MR05 MR02 MR04 MR08 MR06 MR11 MR07 MR09 MR10 MR12 MR14,11,23,20,0.86956522
6716,MR13 MR11 MR02 MR04 MR08 MR06 MR09 MR10 MR12 MR07 MR14,11,20,20,1.00000000
6717,MR13 MR07 MR02 MR04 MR08 MR14 MR09 MR10 MR11 MR06 MR12,11,27,27,1.00000000
6718,MR14 MR10 MR02 MR08 MR11 MR04 MR06 MR07 MR09 MR12 MR13,11,21,21,1.00000000
6719,MR12 MR10 MR11 MR02 MR08 MR14 MR04 MR06 MR09 MR13 MR07,11,28,28,1.00000000
6720,MR13 MR11 MR02 MR04 MR08 MR07 MR12 MR09 MR10 MR14,10,24,21,0.87500000
6721,MR13 MR02 MR04 MR08 MR11 MR06 MR07 MR09 MR10 MR12 MR14,11,25,25,1.00000000
6722,MR13 MR11 MR02 MR04 MR08 MR07 MR14 MR09 MR10 MR12,10,20,17,0.85000000
6723,MR12 MR10 MR11 MR02 MR08 MR04 MR07 MR09 MR14 MR13 MR06,11,23,23,1.00000000
6724,MR13 MR02 MR04 MR08 MR11 MR12 MR06 MR07 MR09 MR10 MR14,11,25,25,1.00000000
6725,MR12 MR10 MR02 MR08 MR11 MR07 MR14 MR04 MR09 MR06 MR05,11,28,25,0.89285714
6726,MR13 MR02 MR04 MR06 MR08 MR11 MR09 MR10 MR12 MR07 MR14,11,23,23,1.00000000
6727,MR13 MR02 MR04 MR06 MR08 MR14 MR11 MR09 MR10 MR12 MR07,11,26,26,1.00000000
6728,MR13 MR11 MR02 MR04 MR08 MR09 MR10 MR12 MR14 MR06,10,26,23,0.88461538
6729,MR13 MR02 MR04 MR08 MR07 MR11 MR09 MR10 MR14 MR06 MR12,11,20,20,1.00000000
6730,MR13 MR11 MR02 MR04 MR08 MR09 MR10 MR12 MR06 MR07 MR14,11,21,21,1.00000000
6731,MR13 MR02 MR04 MR08 MR12 MR06 MR07 MR11 MR09 MR10 MR14,11,26,26,1.00000000
6732,MR13 MR11 MR02 MR04 MR08 MR12 MR07 MR09 MR10 MR06 MR14,11,22,22,1.00000000
6733,MR08 MR10 MR11 MR02 MR12 MR04 MR06 MR09 MR14 MR07 MR13,11,24,24,1.00000000
6734,MR13 MR02 MR04 MR08 MR06 MR11 MR07 MR09 MR10 MR12 MR14,11,22,22,1.00000000
6735,MR13 MR02 MR04 MR08 MR11 MR06 MR12 MR07 MR09 MR10,10,20,17,0.85000000
6736,MR13 MR06 MR02 MR04 MR08 MR07 MR09 MR10 MR12 MR14 MR11,11,26,26,1.00000000
6737,MR13 MR11 MR02 MR04 MR08 MR07 MR09 MR10 MR12 MR14 MR06,11,22,22,1.00000000
6738,MR13 MR02 MR04 MR06 MR08 MR11 MR09 MR10 MR07 MR12 MR14,11,21,21,1.00000000
6739,MR13 MR02 MR04 MR08 MR06 MR11 MR07 MR09 MR10 MR14 MR12,11,24,24,1.00000000
6740,MR12 MR10 MR11 MR02 MR08 MR14 MR04 MR06 MR09 MR07,10,21,17,0.80952381
6741,MR14 MR04 MR02 MR06 MR08 MR11 MR13 MR09 MR10 MR07 MR12,11,27,27,1.00000000
6742,MR13 MR02 MR04 MR08 MR06 MR07 MR11 MR09 MR10 MR14 MR12,11,24,24,1.00000000
6743,MR13 MR11 MR02 MR04 MR08 MR07 MR09 MR10 MR12 MR14 MR06,11,22,22,1.00000000
6744,MR13 MR11 MR02 MR04 MR08 MR06 MR09 MR10 MR14 MR07 MR12,11,25,25,1.00000000
6745,MR13 MR11 MR02 MR04 MR08 MR14 MR07 MR09 MR10 MR06,10,25,22,0.88000000
6746,MR13 MR02 MR04 MR08 MR11 MR12 MR07 MR09 MR10 MR14 MR06,11,25,25,1.00000000
6747,MR12 MR02 MR04 MR08 MR11 MR13 MR07 MR06 MR09 MR10 MR14,11,24,24,1.00000000
6748,MR13 MR11 MR02 MR04 MR08 MR06 MR09 MR10 MR12 MR07 MR14,11,23,23,1.00000000
6749,MR13 MR02 MR04 MR08 MR06 MR07 MR11 MR14 MR09 MR10 MR12,11,20,20,1.00000000
6750,MR13 MR11 MR02 MR04 MR08 MR14 MR07 MR09 MR10,9,24,18,0.75000000
6751,MR13 MR11 MR02 MR04 MR08 MR14 MR07 MR09 MR10 MR06 MR12,11,22,22,1.00000000
6752,MR13 MR02 MR04 MR08 MR06 MR07 MR11 MR14 MR09 MR10,10,22,19,0.86363636
6753,MR13 MR02 MR04 MR08 MR11 MR06 MR07 MR09 MR10 MR14 MR12,11,21,21,1.00000000
6754,MR13 MR02 MR04 MR08 MR11 MR06 MR09 MR10 MR12 MR07 MR14,11,22,22,1.00000000
6755,MR13 MR02 MR04 MR08 MR11 MR12 MR06 MR07 MR09 MR10 MR14,11,20,20,1.00000000
6756,MR13 MR11 MR02 MR04 MR08 MR14 MR06 MR09 MR10 MR12 MR07,11,23,23,1.00000000
6757,MR13 MR02 MR04 MR08 MR14 MR07 MR06 MR09 MR10 MR11 MR12,11,26,26,1.00000000
6758,MR08 MR11 MR10 MR02 MR13 MR14 MR04 MR09 MR12 MR06,10,28,25,0.89285714
6759,MR12 MR10 MR02 MR08 MR06 MR11 MR13 MR04 MR07 MR09 MR14,11,21,21,1.00000000
6760,MR12 MR10 MR02 MR08 MR06 MR11 MR04 MR09 MR07 MR13 MR14,11,22,22,1.00000000
6761,MR12 MR10 MR02 MR07 MR08 MR11 MR13 MR04 MR09 MR14 MR06,11,29,29,1.00000000
6762,MR13 MR11 MR02 MR04 MR08 MR14 MR06 MR09 MR10 MR07 MR12,11,26,26,1.00000000
6763,MR13 MR02 MR04 MR07 MR08 MR11 MR12 MR09 MR10 MR06 MR14,11,25,25,1.00000000
6764,MR13 MR11 MR02 MR04 MR08 MR07 MR09 MR10 MR12 MR06 MR14,11,24,24,1.00000000
6765,MR13 MR02 MR04 MR08 MR06 MR07 MR12 MR14 MR09 MR10 MR11,11,22,22,1.00000000
6766,MR13 MR02 MR04 MR08 MR11 MR12 MR06 MR07 MR09 MR10 MR14,11,22,22,1.00000000
6767,MR13 MR11 MR02 MR04 MR08 MR07 MR09 MR10 MR14 MR12 MR06,11,21,21,1.00000000
6768,MR13 MR02 MR04 MR08 MR11 MR06 MR07 MR09 MR10 MR12 MR14,11,25,25,1.00000000
6769,MR13 MR11 MR02 MR04 MR08 MR14 MR09 MR10 MR12 MR06 MR07,11,23,23,1.00000000
6770,MR12 MR10 MR02 MR08 MR11 MR04 MR06 MR07 MR09 MR13 MR14,11,19,19,1.00000000
6771,MR13 MR02 MR04 MR08 MR06 MR11 MR12 MR09 MR10 MR07,10,27,24,0.88888889
6772,MR13 MR02 MR04 MR08 MR11 MR06 MR12 MR07 MR09 MR10 MR14,11,34,34,1.00000000
6773,MR12 MR10 MR11 MR02 MR08 MR14 MR07 MR04 MR09,9,24,17,0.70833333
6774,MR13 MR11 MR02 MR04 MR08 MR14 MR06 MR09 MR10 MR12 MR07,11,22,22,1.00000000
6775,MR13 MR02 MR04 MR08 MR11 MR06 MR07 MR09 MR10 MR12 MR14,11,23,23,1.00000000
6776,MR13 MR02 MR04 MR08 MR07 MR06 MR12 MR09 MR10 MR11 MR14,11,21,21,1.00000000
6777,MR12 MR02 MR04 MR08 MR11 MR13 MR07 MR14 MR06 MR09 MR10,11,22,22,1.00000000
6778,MR12 MR02 MR04 MR08 MR11 MR06 MR07 MR09 MR10 MR14 MR13,11,27,27,1.00000000
6779,MR13 MR11 MR02 MR04 MR08 MR14 MR07 MR09 MR10 MR06,10,25,22,0.88000000
6780,MR13 MR02 MR04 MR08 MR06 MR11 MR07 MR09 MR10 MR12 MR14,11,21,21,1.00000000
6781,MR13 MR11 MR02 MR04 MR08 MR12 MR06 MR09 MR10 MR07 MR14,11,29,29,1.00000000
6782,MR13 MR02 MR04 MR08 MR11 MR07 MR09 MR10 MR14 MR06 MR12,11,28,28,1.00000000
6783,MR13 MR11 MR02 MR04 MR08 MR07 MR12 MR09 MR10 MR14,10,26,23,0.88461538
6784,MR13 MR02 MR04 MR07 MR08 MR11 MR12 MR14 MR09 MR10 MR06,11,26,26,1.00000000
6785,MR13 MR02 MR04 MR06 MR08 MR11 MR14 MR09 MR10 MR12 MR07,11,26,26,1.00000000
6786,MR13 MR11 MR02 MR04 MR08 MR12 MR07 MR09 MR10 MR14 MR06,11,27,27,1.00000000
6787,MR13 MR02 MR04 MR08 MR11 MR07 MR09 MR10 MR12 MR06 MR14,11,24,24,1.00000000
6788,MR08 MR10 MR11 MR02 MR14 MR04 MR09 MR12 MR07 MR13 MR06,11,28,28,1.00000000
6789,MR13 MR02 MR04 MR08 MR06 MR07 MR14 MR09 MR10 MR11 MR12,11,24,24,1.00000000
6790,MR13 MR02 MR04 MR08 MR11 MR06 MR07 MR09 MR10 MR14 MR12,11,23,23,1.00000000
6791,MR13 MR02 MR04 MR08 MR11 MR06 MR09 MR10 MR07 MR12,10,24,21,0.87500000
6792,MR13 MR11 MR02 MR04 MR08 MR12 MR06 MR09 MR10 MR14,10,25,22,0.88000000
6793,MR13 MR11 MR02 MR04 MR08 MR14 MR07 MR09 MR10 MR06 MR12,11,24,24,1.00000000
6794,MR13 MR02 MR04 MR08 MR11 MR14 MR07 MR06 MR09 MR10 MR12,11,26,26,1.00000000
6795,MR13 MR02 MR04 MR06 MR08 MR11 MR09 MR10 MR14 MR07 MR12,11,26,26,1.00000000
6796,MR05 MR02 MR04 MR08 MR06 MR11 MR07 MR09 MR10 MR12 MR14,11,22,19,0.86363636
6797,MR06 MR02 MR04 MR08 MR13 MR12 MR11 MR09 MR10 MR14 MR07,11,24,24,1.00000000
6798,MR12 MR11 MR02 MR04 MR08 MR14 MR06 MR09 MR10 MR13 MR07,11,27,27,1.00000000
6799,MR13 MR11 MR02 MR04 MR08 MR14 MR07 MR09 MR10 MR06 MR12,11,26,26,1.00000000
6800,MR13 MR11 MR02 MR04 MR08 MR14 MR09 MR10 MR07 MR06 MR12,11,25,25,1.00000000
6801,MR13 MR11 MR02 MR04 MR08 MR09 MR10 MR06 MR12 MR07 MR14,11,23,23,1.00000000
6802,MR13 MR11 MR02 MR04 MR08 MR09 MR10 MR06 MR12 MR14 MR07,11,19,19,1.00000000
6803,MR13 MR02 MR04 MR06 MR08 MR12 MR14 MR07 MR09 MR10 MR11,11,22,22,1.00000000
6804,MR05 MR11 MR02 MR04 MR08 MR14 MR09 MR10 MR12 MR06 MR07,11,24,21,0.87500000
6805,MR12 MR02 MR04 MR08 MR07 MR11 MR14 MR09 MR10 MR13 MR06,11,26,26,1.00000000
6806,MR13 MR02 MR04 MR08 MR11 MR06 MR09 MR10 MR14 MR07 MR12,11,27,27,1.00000000
6807,MR13 MR02 MR04 MR08 MR06 MR11 MR07 MR09 MR10 MR14 MR12,11,26,26,1.00000000
6808,MR13 MR11 MR02 MR04 MR08 MR14 MR07 MR09 MR10 MR12 MR06,11,23,23,1.00000000
6809,MR13 MR02 MR04 MR08 MR06 MR07 MR14 MR09 MR10 MR11,10,23,20,0.86956522
6810,MR13 MR11 MR02 MR04 MR08 MR12 MR14 MR06 MR09 MR10 MR07,11,27,27,1.00000000
6811,MR13 MR02 MR04 MR08 MR11 MR07 MR06 MR09 MR10 MR12 MR14,11,18,18,1.00000000
6812,MR13 MR02 MR04 MR07 MR08 MR06 MR09 MR10 MR11 MR12 MR14,11,25,25,1.00000000
6813,MR13 MR02 MR04 MR08 MR11 MR12 MR06 MR07 MR09 MR10 MR14,11,21,21,1.00000000
6814,MR12 MR10 MR02 MR08 MR11 MR04 MR06 MR07 MR09 MR13 MR14,11,22,22,1.00000000
6815,MR13 MR11 MR02 MR04 MR08 MR09 MR10 MR12 MR07 MR14 MR06,11,25,25,1.00000000
6816,MR13 MR07 MR02 MR04 MR08 MR12 MR09 MR10 MR11 MR06 MR14,11,25,25,1.00000000
6817,MR13 MR02 MR04 MR07 MR08 MR11 MR12 MR09 MR10 MR06 MR14,11,18,18,1.00000000
6818,MR13 MR02 MR04 MR06 MR08 MR07 MR12 MR09 MR10 MR11,10,27,24,0.88888889
6819,MR12 MR02 MR04 MR08 MR11 MR06 MR13 MR14 MR07 MR09 MR10,11,18,18,1.00000000
6820,MR12 MR10 MR02 MR08 MR07 MR11 MR04 MR09 MR06 MR13 MR14,11,27,27,1.00000000
6821,MR13 MR02 MR04 MR08 MR11 MR14 MR06 MR07 MR09 MR10 MR12,11,19,19,1.00000000
6822,MR13 MR11 MR02 MR04 MR08 MR09 MR10 MR14 MR06 MR07 MR12,11,23,23,1.00000000
6823,MR12 MR11 MR10 MR02 MR08 MR07 MR04 MR09 MR13 MR14,10,24,21,0.87500000
6824,MR13 MR11 MR02 MR04 MR08 MR06 MR14 MR09 MR10 MR12 MR07,11,24,24,1.00000000
6825,MR13 MR02 MR04 MR08 MR11 MR14 MR06 MR07 MR09 MR10 MR12,11,20,20,1.00000000
6826,MR13 MR02 MR04 MR08 MR11 MR07 MR09 MR10 MR12 MR06 MR14,11,24,24,1.00000000
6827,MR13 MR14 MR02 MR04 MR08 MR11 MR07 MR09 MR10 MR06,10,28,25,0.89285714
6828,MR13 MR11 MR02 MR04 MR08 MR12 MR07 MR09 MR10 MR14 MR06,11,27,27,1.00000000
6829,MR13 MR02 MR04 MR08 MR11 MR12 MR06 MR07 MR09 MR10 MR14,11,26,26,1.00000000
6830,MR13 MR02 MR04 MR08 MR06 MR11 MR09 MR10 MR12 MR07 MR14,11,24,24,1.00000000
6831,MR13 MR11 MR02 MR04 MR08 MR12 MR09 MR10 MR06 MR07 MR14,11,22,22,1.00000000
6832,MR13 MR11 MR02 MR04 MR08 MR14 MR07 MR12 MR09 MR10 MR06,11,27,27,1.00000000
6833,MR13 MR11 MR02 MR04 MR08 MR14 MR07 MR09 MR10 MR06,10,25,22,0.88000000
6834,MR13 MR11 MR02 MR04 MR08 MR14 MR06 MR09 MR10 MR12 MR07,11,28,28,1.00000000
6835,MR05 MR06 MR02 MR04 MR08 MR11 MR12 MR09 MR10 MR14,10,23,17,0.73913043
6836,MR13 MR02 MR04 MR08 MR07 MR11 MR09 MR10 MR12 MR14 MR06,11,25,25,1.00000000
6837,MR13 MR02 MR04 MR08 MR06 MR11 MR07 MR09 MR10 MR12 MR14,11,16,16,1.00000000
6838,MR13 MR02 MR04 MR08 MR11 MR06 MR07 MR09 MR10 MR12 MR14,11,24,24,1.00000000
6839,MR13 MR02 MR04 MR08 MR11 MR07 MR09 MR10 MR14 MR06 MR12,11,23,23,1.00000000
6840,MR13 MR02 MR04 MR08 MR06 MR12 MR07 MR09 MR10 MR11 MR14,11,20,20,1.00000000
6841,MR13 MR11 MR02 MR04 MR08 MR14 MR06 MR09 MR10 MR07 MR12,11,26,26,1.00000000
6842,MR12 MR10 MR11 MR02 MR08 MR06 MR04 MR09 MR14 MR07 MR13,11,25,25,1.00000000
6843,MR13 MR02 MR04 MR08 MR11 MR07 MR06 MR09 MR10 MR12 MR14,11,24,24,1.00000000
6844,MR13 MR11 MR02 MR04 MR08 MR12 MR09 MR10 MR07 MR14,10,24,21,0.87500000
6845,MR13 MR02 MR04 MR08 MR14 MR06 MR07 MR11 MR09 MR10 MR12,11,27,27,1.00000000
6846,MR13 MR11 MR02 MR04 MR08 MR14 MR09 MR10 MR12 MR07 MR06,11,22,22,1.00000000
6847,MR13 MR02 MR04 MR08 MR11 MR07 MR09 MR10 MR12 MR06 MR14,11,29,29,1.00000000
6848,MR13 MR11 MR02 MR04 MR08 MR12 MR14 MR09 MR10 MR06 MR07,11,27,27,1.00000000
6849,MR13 MR11 MR02 MR04 MR08 MR09 MR10 MR14 MR07 MR12 MR06,11,26,26,1.00000000
6850,MR13 MR07 MR02 MR04 MR08 MR14 MR09 MR10 MR06 MR11 MR12,11,29,29,1.00000000
6851,MR13 MR02 MR04 MR08 MR07 MR11 MR09 MR10 MR14 MR06 MR12,11,21,21,1.00000000
6852,MR13 MR02 MR04 MR08 MR11 MR06 MR09 MR10 MR14 MR12 MR07,11,22,22,1.00000000
6853,MR13 MR11 MR02 MR04 MR08 MR06 MR09 MR10 MR12 MR07 MR14,11,24,24,1.00000000
6854,MR13 MR02 MR04 MR08 MR11 MR06 MR07 MR09 MR10 MR14 MR12,11,22,22,1.00000000
6855,MR13 MR11 MR02 MR04 MR08 MR09 MR10 MR12 MR06 MR14 MR07,11,24,24,1.00000000
6856,MR08 MR10 MR11 MR02 MR14 MR07 MR04 MR09 MR12 MR13 MR06,11,21,21,1.00000000
6857,MR13 MR02 MR04 MR08 MR11 MR06 MR07 MR09 MR10 MR14 MR12,11,20,20,1.00000000
6858,MR13 MR11 MR02 MR04 MR08 MR14 MR06 MR09 MR10 MR12 MR07,11,20,20,1.00000000
6859,MR13 MR02 MR04 MR08 MR07 MR11 MR09 MR10 MR12 MR06 MR14,11,26,26,1.00000000
6860,MR12 MR02 MR04 MR07 MR08 MR06 MR13 MR09 MR10 MR11 MR14,11,28,28,1.00000000
6861,MR13 MR11 MR02 MR04 MR08 MR06 MR09 MR10 MR14,9,28,22,0.78571429
6862,MR06 MR10 MR02 MR08 MR14 MR11 MR04 MR09 MR12 MR07 MR13,11,21,21,1.00000000
6863,MR13 MR02 MR04 MR08 MR11 MR14 MR07 MR09 MR10 MR12 MR06,11,21,21,1.00000000
6864,MR13 MR02 MR04 MR07 MR08 MR11 MR09 MR10 MR12 MR14 MR06,11,22,22,1.00000000
6865,MR13 MR11 MR02 MR04 MR08 MR06 MR09 MR10 MR07 MR12 MR14,11,21,21,1.00000000
6866,MR13 MR02 MR04 MR06 MR08 MR12 MR11 MR09 MR10 MR07 MR14,11,23,23,1.00000000
6867,MR13 MR02 MR04 MR08 MR07 MR06 MR09 MR10 MR11 MR14 MR12,11,23,23,1.00000000
6868,MR13 MR02 MR04 MR08 MR11 MR06 MR09 MR10 MR12 MR07 MR14,11,21,21,1.00000000
6869,MR08 MR10 MR02 MR11 MR04 MR06 MR07 MR09 MR12 MR14 MR13,11,22,22,1.00000000
6870,MR13 MR02 MR04 MR08 MR06 MR07 MR11 MR09 MR10 MR14,10,25,22,0.88000000
6871,MR13 MR11 MR02 MR04 MR08 MR06 MR09 MR10 MR14 MR07 MR12,11,25,25,1.00000000
6872,MR13 MR02 MR04 MR08 MR11 MR06 MR09 MR10 MR12 MR07 MR14,11,26,26,1.00000000
6873,MR08 MR10 MR02 MR11 MR14 MR07 MR13 MR04 MR09 MR06 MR12,11,23,23,1.00000000
6874,MR12 MR10 MR02 MR08 MR07 MR11 MR04 MR06 MR09 MR14 MR13,11,26,26,1.00000000
6875,MR13 MR02 MR04 MR08 MR11 MR06 MR12 MR07 MR09 MR10 MR14,11,17,17,1.00000000
6876,MR13 MR02 MR04 MR08 MR07 MR11 MR12 MR06 MR09 MR10 MR14,11,21,21,1.00000000
6877,MR13 MR02 MR04 MR08 MR06 MR07 MR11 MR09 MR10 MR12 MR14,11,25,25,1.00000000
6878,MR13 MR11 MR02 MR04 MR08 MR06 MR09 MR10 MR12 MR14,10,23,20,0.86956522
6879,MR13 MR02 MR04 MR08 MR11 MR06 MR07 MR09 MR10 MR12 MR14,11,25,25,1.00000000
6880,MR13 MR11 MR02 MR04 MR08 MR06 MR09 MR10 MR12 MR14 MR07,11,27,27,1.00000000
6881,MR13 MR02 MR04 MR08 MR07 MR11 MR06 MR09 MR10 MR14 MR12,11,24,24,1.00000000
6882,MR13 MR11 MR02 MR04 MR08 MR07 MR09 MR10 MR06 MR14 MR12,11,27,27,1.00000000
6883,MR13 MR02 MR04 MR07 MR08 MR06 MR09 MR10 MR11 MR12 MR14,11,23,23,1.00000000
6884,MR13 MR11 MR02 MR04 MR08 MR12 MR09 MR10 MR06 MR07,10,27,24,0.88888889
6885,MR13 MR02 MR04 MR07 MR08 MR14 MR06 MR09 MR10 MR11 MR12,11,28,28,1.00000000
6886,MR13 MR11 MR02 MR04 MR08 MR12 MR09 MR10 MR06 MR07 MR14,11,21,21,1.00000000
6887,MR13 MR02 MR04 MR08 MR07 MR11 MR06 MR09 MR10 MR14,10,22,19,0.86363636
6888,MR13 MR02 MR04 MR08 MR11 MR14 MR06 MR07 MR09 MR10 MR12,11,26,26,1.00000000
6889,MR13 MR11 MR02 MR04 MR08 MR06 MR09 MR10 MR14 MR07 MR12,11,23,23,1.00000000
6890,MR13 MR02 MR04 MR08 MR11 MR06 MR09 MR10 MR14 MR07 MR12,11,31,31,1.00000000
6891,MR13 MR11 MR02 MR04 MR08 MR12 MR06 MR09 MR10 MR14 MR07,11,22,22,1.00000000
6892,MR08 MR10 MR02 MR06 MR07 MR11 MR12 MR14 MR04 MR09 MR13,11,24,24,1.00000000
6893,MR13 MR11 MR02 MR04 MR08 MR07 MR14 MR09 MR10 MR06 MR12,11,21,21,1.00000000
6894,MR13 MR11 MR02 MR04 MR08 MR09 MR10 MR12 MR06 MR07 MR14,11,23,23,1.00000000
6895,MR13 MR02 MR04 MR08 MR11 MR07 MR09 MR10 MR06 MR14 MR12,11,29,29,1.00000000
6896,MR13 MR11 MR02 MR04 MR08 MR14 MR06 MR09 MR10 MR12 MR07,11,26,26,1.00000000
6897,MR05 MR11 MR02 MR04 MR08 MR06 MR09 MR10 MR14 MR07 MR12,11,27,24,0.88888889
6898,MR12 MR10 MR02 MR08 MR11 MR06 MR04 MR09 MR14 MR07 MR13,11,26,26,1.00000000
6899,MR13 MR02 MR04 MR07 MR08 MR06 MR09 MR10 MR11 MR12 MR14,11,27,27,1.00000000
6900,MR13 MR02 MR04 MR08 MR11 MR07 MR06 MR09 MR10 MR12 MR14,11,23,23,1.00000000
6901,MR08 MR10 MR02 MR06 MR07 MR11 MR12 MR14 MR04 MR09 MR13,11,22,22,1.00000000
6902,MR13 MR02 MR04 MR07 MR08 MR11 MR12 MR09 MR10 MR14,10,20,17,0.85000000
6903,MR13 MR11 MR02 MR04 MR08 MR07 MR09 MR10 MR12 MR06 MR14,11,28,28,1.00000000
6904,MR13 MR02 MR04 MR08 MR11 MR12 MR07 MR09 MR10 MR06,10,24,21,0.87500000
6905,MR13 MR02 MR04 MR08 MR11 MR06 MR09 MR10 MR12 MR14 MR07,11,25,25,1.00000000
6906,MR13 MR02 MR04 MR07 MR08 MR11 MR14 MR09 MR10 MR12,10,25,22,0.88000000
6907,MR13 MR02 MR04 MR08 MR06 MR11 MR09 MR10 MR12 MR14 MR07,11,29,29,1.00000000
6908,MR13 MR02 MR04 MR08 MR11 MR06 MR09 MR10 MR12 MR14 MR07,11,24,24,1.00000000
6909,MR13 MR11 MR02 MR04 MR08 MR07 MR09 MR10 MR12 MR14 MR06,11,27,27,1.00000000
6910,MR08 MR10 MR11 MR02 MR04 MR06 MR09 MR12 MR14 MR07 MR13,11,23,23,1.00000000
6911,MR12 MR10 MR11 MR02 MR08 MR04 MR07 MR09 MR14 MR06 MR13,11,24,24,1.00000000
6912,MR13 MR02 MR04 MR07 MR08 MR11 MR09 MR10 MR14 MR06 MR12,11,25,25,1.00000000
6913,MR13 MR11 MR02 MR04 MR08 MR07 MR09 MR10 MR12 MR14 MR06,11,25,25,1.00000000
6914,MR13 MR11 MR02 MR04 MR08 MR06 MR09 MR10 MR07 MR12 MR14,11,17,17,1.00000000
6915,MR13 MR11 MR02 MR04 MR08 MR07 MR09 MR10 MR06 MR12 MR14,11,19,19,1.00000000
6916,MR13 MR11 MR02 MR04 MR08 MR07 MR09 MR10 MR12 MR14 MR06,11,22,22,1.00000000
6917,MR13 MR11 MR02 MR04 MR08 MR14 MR07 MR09 MR10 MR12 MR06,11,22,22,1.00000000
6918,MR13 MR02 MR04 MR08 MR06 MR14 MR07 MR09 MR10 MR11 MR12,11,25,25,1.00000000
6919,MR13 MR07 MR02 MR04 MR08 MR09 MR10 MR11 MR12 MR06,10,24,21,0.87500000
6920,MR12 MR02 MR04 MR08 MR11 MR06 MR07 MR09 MR10 MR13 MR14,11,21,21,1.00000000
6921,MR13 MR02 MR04 MR07 MR08 MR11 MR14 MR09 MR10 MR12 MR06,11,26,26,1.00000000
6922,MR13 MR11 MR02 MR04 MR08 MR14 MR09 MR10 MR06 MR07 MR12,11,27,27,1.00000000
6923,MR12 MR10 MR02 MR08 MR06 MR07 MR11 MR04 MR09 MR13 MR14,11,23,23,1.00000000
6924,MR12 MR10 MR02 MR08 MR11 MR06 MR13 MR04 MR07 MR09 MR14,11,22,22,1.00000000
6925,MR12 MR11 MR10 MR02 MR08 MR04 MR09 MR13 MR14 MR06 MR07,11,24,24,1.00000000
6926,MR13 MR02 MR04 MR08 MR11 MR14 MR06 MR07 MR09 MR10 MR12,11,27,27,1.00000000
6927,MR12 MR10 MR02 MR07 MR08 MR11 MR04 MR09 MR06 MR14 MR13,11,23,23,1.00000000
6928,MR12 MR11 MR10 MR02 MR08 MR13 MR14 MR04 MR09 MR07 MR06,11,22,22,1.00000000
6929,MR13 MR02 MR04 MR08 MR14 MR11 MR06 MR07 MR09 MR10 MR12,11,22,22,1.00000000
6930,MR13 MR02 MR04 MR08 MR07 MR11 MR09 MR10 MR12 MR06 MR14,11,22,22,1.00000000
6931,MR12 MR10 MR11 MR02 MR08 MR13 MR04 MR06 MR09 MR14 MR07,11,23,23,1.00000000
6932,MR13 MR02 MR04 MR08 MR11 MR07 MR14 MR09 MR10 MR06 MR12,11,21,21,1.00000000
6933,MR13 MR06 MR02 MR04 MR08 MR09 MR10 MR11 MR07 MR12 MR14,11,25,25,1.00000000
6934,MR13 MR11 MR02 MR04 MR08 MR07 MR09 MR10 MR14 MR06 MR12,11,26,26,1.00000000
6935,MR13 MR11 MR02 MR04 MR08 MR06 MR09 MR10 MR12 MR14,10,23,20,0.86956522
6936,MR08 MR10 MR11 MR02 MR12 MR14 MR13 MR04 MR06 MR09 MR07,11,23,23,1.00000000
6937,MR05 MR11 MR02 MR04 MR08 MR14 MR06 MR09 MR10 MR07 MR12,11,25,22,0.88000000
6938,MR13 MR11 MR02 MR04 MR08 MR07 MR09 MR10 MR06 MR14,10,26,23,0.88461538
6939,MR07 MR10 MR02 MR08 MR11 MR14 MR04 MR09 MR12 MR13 MR06,11,22,22,1.00000000
6940,MR13 MR02 MR04 MR08 MR11 MR06 MR09 MR10 MR07 MR12 MR14,11,26,26,1.00000000
6941,MR13 MR02 MR04 MR07 MR08 MR11 MR09 MR10 MR12 MR14 MR06,11,20,20,1.00000000
6942,MR05 MR02 MR04 MR08 MR11 MR06 MR07 MR09 MR10 MR14 MR12,11,26,23,0.88461538
6943,MR13 MR02 MR04 MR08 MR06 MR11 MR07 MR09 MR10 MR12 MR14,11,25,25,1.00000000
6944,MR13 MR02 MR04 MR08 MR11 MR07 MR06 MR09 MR10 MR14 MR12,11,24,24,1.00000000
6945,MR13 MR02 MR04 MR08 MR11 MR07 MR06 MR09 MR10 MR14 MR12,11,25,25,1.00000000
6946,MR13 MR11 MR02 MR04 MR08 MR07 MR09 MR10 MR12 MR06 MR14,11,20,20,1.00000000
6947,MR13 MR11 MR02 MR04 MR08 MR12 MR07 MR09 MR10 MR06 MR14,11,27,27,1.00000000
6948,MR13 MR11 MR02 MR04 MR08 MR14 MR09 MR10 MR06 MR07 MR12,11,29,29,1.00000000
6949,MR13 MR02 MR04 MR06 MR08 MR07 MR14 MR09 MR10 MR11 MR12,11,23,23,1.00000000
6950,MR12 MR10 MR02 MR08 MR11 MR07 MR13 MR04 MR09 MR14 MR06,11,24,24,1.00000000
6951,MR13 MR02 MR04 MR08 MR11 MR07 MR06 MR09 MR10 MR12 MR14,11,22,22,1.00000000
6952,MR13 MR02 MR04 MR08 MR11 MR07 MR09 MR10 MR06 MR12,10,19,16,0.84210526
6953,MR13 MR02 MR04 MR07 MR08 MR11 MR12 MR09 MR10 MR14,10,27,24,0.88888889
6954,MR12 MR02 MR04 MR08 MR11 MR06 MR14 MR13 MR09 MR10 MR07,11,26,26,1.00000000
6955,MR13 MR02 MR04 MR08 MR06 MR07 MR09 MR10 MR11 MR14 MR12,11,26,26,1.00000000
6956,MR13 MR11 MR02 MR04 MR08 MR07 MR09 MR10 MR06 MR12 MR14,11,26,26,1.00000000
6957,MR13 MR06 MR02 MR04 MR08 MR09 MR10 MR11 MR07 MR12 MR14,11,26,26,1.00000000
6958,MR13 MR11 MR02 MR04 MR08 MR09 MR10 MR12 MR06 MR14 MR07,11,23,23,1.00000000
6959,MR13 MR02 MR04 MR08 MR11 MR06 MR07 MR09 MR10 MR12 MR14,11,22,22,1.00000000
6960,MR12 MR10 MR02 MR08 MR07 MR11 MR04 MR06 MR09 MR13 MR14,11,22,22,1.00000000
6961,MR13 MR11 MR02 MR04 MR08 MR14 MR07 MR09 MR10 MR06 MR12,11,27,27,1.00000000
6962,MR13 MR11 MR02 MR04 MR08 MR12 MR14 MR07 MR09 MR10 MR06,11,25,25,1.00000000
6963,MR05 MR02 MR04 MR08 MR14 MR07 MR11 MR06 MR09 MR10 MR12,11,27,24,0.88888889
6964,MR13 MR11 MR02 MR04 MR08 MR12 MR07 MR09 MR10 MR14 MR06,11,18,18,1.00000000
6965,MR05 MR06 MR02 MR04 MR08 MR09 MR10 MR11 MR12 MR07 MR14,11,26,23,0.88461538
6966,MR13 MR02 MR04 MR07 MR08 MR06 MR09 MR10 MR11 MR14 MR12,11,24,24,1.00000000
6967,MR13 MR06 MR02 MR04 MR08 MR09 MR10 MR11 MR07 MR12 MR14,11,26,26,1.00000000
6968,MR13 MR11 MR02 MR04 MR08 MR07 MR14 MR09 MR10 MR12 MR06,11,23,23,1.00000000
6969,MR13 MR02 MR04 MR08 MR11 MR06 MR07 MR09 MR10 MR12 MR14,11,24,24,1.00000000
6970,MR12 MR10 MR11 MR02 MR08 MR14 MR04 MR07 MR09 MR13 MR06,11,24,24,1.00000000
6971,MR13 MR02 MR04 MR08 MR11 MR06 MR12 MR09 MR10 MR07 MR14,11,23,23,1.00000000
6972,MR13 MR11 MR02 MR04 MR08 MR07 MR09 MR10 MR14 MR06 MR12,11,23,23,1.00000000
6973,MR13 MR11 MR02 MR04 MR08 MR09 MR10 MR06 MR07 MR12 MR14,11,19,19,1.00000000
6974,MR12 MR02 MR04 MR08 MR11 MR14 MR07 MR09 MR10 MR06 MR13,11,22,22,1.00000000
6975,MR13 MR11 MR02 MR04 MR08 MR14 MR07 MR09 MR10 MR06 MR12,11,24,24,1.00000000
6976,MR13 MR02 MR04 MR08 MR11 MR12 MR14 MR06 MR07 MR09 MR10,11,23,23,1.00000000
6977,MR12 MR10 MR02 MR08 MR07 MR06 MR14 MR04 MR09 MR11 MR13,11,21,21,1.00000000
6978,MR08 MR10 MR11 MR02 MR14 MR06 MR04 MR09 MR12 MR13 MR07,11,24,24,1.00000000
6979,MR13 MR07 MR02 MR04 MR08 MR11 MR14 MR09 MR10 MR06 MR12,11,24,24,1.00000000
6980,MR12 MR10 MR02 MR08 MR11 MR06 MR13 MR04 MR07 MR09 MR14,11,24,24,1.00000000
6981,MR12 MR10 MR02 MR08 MR06 MR07 MR11 MR04 MR09 MR13 MR14,11,26,26,1.00000000
6982,MR13 MR02 MR04 MR08 MR12 MR07 MR11 MR06 MR09 MR10 MR14,11,22,22,1.00000000
6983,MR13 MR02 MR04 MR08 MR07 MR11 MR09 MR10 MR14 MR06 MR12,11,19,19,1.00000000
6984,MR13 MR02 MR04 MR08 MR11 MR06 MR14 MR09 MR10 MR12 MR07,11,26,26,1.00000000
6985,MR13 MR02 MR04 MR08 MR11 MR07 MR09 MR10 MR12 MR06 MR14,11,25,25,1.00000000
6986,MR13 MR11 MR02 MR04 MR08 MR14 MR09 MR10 MR06 MR12 MR07,11,23,23,1.00000000
6987,MR13 MR02 MR04 MR08 MR11 MR07 MR06 MR09 MR10 MR12 MR14,11,18,18,1.00000000
6988,MR13 MR02 MR04 MR07 MR08 MR06 MR09 MR10 MR14 MR11 MR12,11,24,24,1.00000000
6989,MR13 MR02 MR04 MR08 MR11 MR06 MR12 MR14 MR09 MR10 MR07,11,19,19,1.00000000
6990,MR13 MR02 MR04 MR07 MR08 MR12 MR11 MR09 MR10 MR14 MR06,11,26,26,1.00000000
6991,MR13 MR11 MR02 MR04 MR08 MR14 MR09 MR10 MR06 MR07 MR12,11,27,27,1.00000000
6992,MR13 MR02 MR04 MR08 MR11 MR14 MR06 MR07 MR09 MR10 MR12,11,26,26,1.00000000
6993,MR13 MR11 MR02 MR04 MR08 MR06 MR09 MR10 MR12 MR14 MR07,11,23,23,1.00000000
6994,MR05 MR11 MR02 MR04 MR08 MR12 MR09 MR10 MR06 MR07 MR14,11,24,21,0.87500000
6995,MR13 MR02 MR04 MR08 MR11 MR07 MR09 MR10 MR14 MR06 MR12,11,20,20,1.00000000
6996,MR13 MR11 MR02 MR04 MR08 MR12 MR06 MR09 MR10 MR14 MR07,11,25,25,1.00000000
6997,MR13 MR02 MR04 MR06 MR08 MR11 MR09 MR10 MR12 MR14 MR07,11,24,24,1.00000000
6998,MR13 MR02 MR04 MR08 MR06 MR07 MR11 MR09 MR10 MR14 MR12,11,26,26,1.00000000
6999,MR13 MR11 MR02 MR04 MR08 MR09 MR10 MR06 MR07 MR12 MR14,11,29,29,1.00000000
7000,MR13 MR11 MR02 MR04 MR08 MR06 MR09 MR10 MR12 MR07,10,24,21,0.87500000
7001,MR13 MR02 MR04 MR08 MR11 MR06 MR07 MR09 MR10 MR12 MR14,11,25,25,1.00000000
7002,MR13 MR11 MR02 MR04 MR08 MR14 MR06 MR09 MR10 MR12 MR07,11,22,22,1.00000000
7003,MR13 MR11 MR02 MR04 MR08 MR09 MR10 MR12 MR06 MR07 MR14,11,21,21,1.00000000
7004,MR13 MR02 MR04 MR08 MR06 MR11 MR07 MR09 MR10 MR14,10,20,17,0.85000000
7005,MR13 MR02 MR04 MR08 MR11 MR07 MR14 MR09 MR10 MR06 MR12,11,23,23,1.00000000
7006,MR08 MR10 MR11 MR02 MR06 MR12 MR04 MR09 MR14 MR13 MR07,11,21,21,1.00000000
7007,MR13 MR02 MR04 MR08 MR11 MR06 MR07 MR09 MR10 MR12 MR14,11,25,25,1.00000000
7008,MR13 MR11 MR02 MR04 MR08 MR14 MR06 MR09 MR10 MR12 MR07,11,22,22,1.00000000
7009,MR13 MR11 MR02 MR04 MR08 MR12 MR09 MR10 MR06 MR07 MR14,11,22,22,1.00000000
7010,MR13 MR11 MR02 MR04 MR08 MR07 MR09 MR10 MR14 MR12 MR06,11,25,25,1.00000000
7011,MR13 MR02 MR04 MR08 MR11 MR14 MR06 MR07 MR09 MR10 MR12,11,23,23,1.00000000
7012,MR13 MR11 MR02 MR04 MR08 MR14 MR06 MR09 MR10 MR07,10,31,28,0.90322581
7013,MR13 MR11 MR02 MR04 MR08 MR12 MR06 MR09 MR10 MR14 MR07,11,29,29,1.00000000
7014,MR13 MR06 MR02 MR04 MR08 MR14 MR09 MR10 MR11 MR07 MR12,11,24,24,1.00000000
7015,MR13 MR02 MR04 MR08 MR07 MR11 MR14 MR06 MR09 MR10 MR12,11,27,27,1.00000000
7016,MR08 MR04 MR11 MR02 MR14 MR09 MR10 MR06 MR07 MR12 MR13,11,24,24,1.00000000
7017,MR13 MR02 MR04 MR08 MR11 MR12 MR06 MR07 MR09 MR10 MR14,11,27,27,1.00000000
7018,MR13 MR02 MR04 MR08 MR11 MR07 MR12 MR06 MR09 MR10 MR14,11,28,28,1.00000000
7019,MR13 MR02 MR04 MR08 MR11 MR07 MR14 MR09 MR10 MR12 MR06,11,22,22,1.00000000
7020,MR05 MR02 MR04 MR08 MR11 MR12 MR06 MR07 MR09 MR10 MR14,11,20,17,0.85000000
7021,MR13 MR11 MR02 MR04 MR08 MR14 MR07 MR09 MR10 MR06,10,24,21,0.87500000
7022,MR13 MR11 MR02 MR04 MR08 MR06 MR09 MR10 MR07 MR12 MR14,11,25,25,1.00000000
7023,MR13 MR11 MR02 MR04 MR08 MR06 MR09 MR10 MR14 MR07,10,28,25,0.89285714
7024,MR14 MR04 MR11 MR02 MR08 MR09 MR10 MR07 MR12 MR06 MR13,11,25,25,1.00000000
7025,MR13 MR02 MR04 MR08 MR06 MR11 MR14 MR09 MR10 MR12 MR07,11,19,19,1.00000000
7026,MR13 MR11 MR02 MR04 MR08 MR12 MR09 MR10 MR07 MR14 MR06,11,27,27,1.00000000
7027,MR13 MR07 MR02 MR04 MR08 MR09 MR10 MR11 MR12 MR06,10,29,26,0.89655172
7028,MR13 MR02 MR04 MR08 MR06 MR07 MR11 MR09 MR10 MR12 MR14,11,25,25,1.00000000
7029,MR13 MR02 MR04 MR08 MR06 MR07 MR11 MR09 MR10 MR14 MR12,11,23,23,1.00000000
7030,MR13 MR11 MR02 MR04 MR08 MR06 MR09 MR10 MR14,9,25,19,0.76000000
7031,MR12 MR10 MR11 MR02 MR08 MR07 MR04 MR09 MR13 MR14 MR06,11,27,27,1.00000000
7032,MR13 MR11 MR02 MR04 MR08 MR09 MR10 MR12 MR07 MR14,10,25,22,0.88000000
7033,MR12 MR11 MR10 MR02 MR08 MR04 MR09 MR13 MR06 MR07,10,24,21,0.87500000
7034,MR13 MR11 MR02 MR04 MR08 MR12 MR06 MR09 MR10 MR14 MR07,11,26,26,1.00000000
7035,MR12 MR11 MR02 MR04 MR08 MR13 MR07 MR09 MR10 MR06 MR14,11,30,30,1.00000000
7036,MR08 MR10 MR02 MR11 MR12 MR04 MR06 MR07 MR09 MR13 MR14,11,22,22,1.00000000
7037,MR12 MR11 MR02 MR04 MR08 MR07 MR09 MR10 MR13 MR14 MR06,11,25,25,1.00000000
7038,MR13 MR02 MR04 MR08 MR11 MR07 MR06 MR09 MR10 MR12 MR14,11,24,24,1.00000000
7039,MR13 MR02 MR04 MR08 MR06 MR07 MR09 MR10 MR11 MR12 MR14,11,20,20,1.00000000
7040,MR13 MR02 MR04 MR08 MR06 MR07 MR11 MR12 MR14 MR09 MR10,11,23,23,1.00000000
7041,MR13 MR02 MR04 MR08 MR06 MR07 MR09 MR10 MR11 MR12,10,28,25,0.89285714
7042,MR13 MR02 MR04 MR08 MR11 MR07 MR09 MR10 MR06 MR12 MR14,11,20,20,1.00000000
7043,MR13 MR02 MR04 MR08 MR11 MR14 MR06 MR07 MR09 MR10 MR12,11,25,25,1.00000000
7044,MR13 MR11 MR02 MR04 MR08 MR06 MR09 MR10 MR14 MR07,10,25,22,0.88000000
7045,MR13 MR02 MR04 MR08 MR11 MR07 MR14 MR09 MR10 MR06 MR12,11,21,21,1.00000000
7046,MR05 MR11 MR02 MR04 MR08 MR06 MR09 MR10 MR12 MR14 MR07,11,20,17,0.85000000
7047,MR13 MR02 MR04 MR08 MR11 MR07 MR09 MR10 MR14 MR06 MR12,11,26,26,1.00000000
7048,MR13 MR11 MR02 MR04 MR08 MR07 MR14 MR09 MR10 MR12,10,23,20,0.86956522
7049,MR12 MR10 MR02 MR08 MR11 MR04 MR06 MR07 MR09 MR14,10,28,24,0.85714286
7050,MR13 MR02 MR04 MR08 MR11 MR06 MR09 MR10 MR12 MR14 MR07,11,23,23,1.00000000
7051,MR13 MR11 MR02 MR04 MR08 MR07 MR14 MR09 MR10 MR12,10,27,24,0.88888889
7052,MR13 MR02 MR04 MR08 MR07 MR11 MR14 MR06 MR09 MR10 MR12,11,26,26,1.00000000
7053,MR12 MR02 MR04 MR08 MR06 MR07 MR11 MR09 MR10 MR13 MR14,11,27,27,1.00000000
7054,MR13 MR11 MR02 MR04 MR08 MR14 MR07 MR09 MR10 MR06 MR12,11,21,21,1.00000000
7055,MR13 MR02 MR04 MR08 MR11 MR06 MR07 MR09 MR10 MR12 MR14,11,20,20,1.00000000
7056,MR05 MR02 MR04 MR08 MR06 MR07 MR11 MR09 MR10 MR12 MR14,11,22,19,0.86363636
7057,MR13 MR11 MR02 MR04 MR08 MR06 MR09 MR10 MR12 MR14 MR07,11,19,19,1.00000000
7058,MR13 MR02 MR04 MR08 MR06 MR11 MR12 MR07 MR09 MR10 MR14,11,26,26,1.00000000
7059,MR13 MR11 MR02 MR04 MR08 MR14 MR09 MR10 MR06 MR07 MR12,11,24,24,1.00000000
7060,MR12 MR02 MR04 MR08 MR11 MR06 MR07 MR09 MR10 MR13 MR14,11,27,27,1.00000000
7061,MR13 MR02 MR04 MR07 MR08 MR11 MR14 MR09 MR10 MR12,10,29,26,0.89655172
7062,MR12 MR10 MR02 MR08 MR11 MR07 MR04 MR06 MR09 MR14 MR05,11,26,23,0.88461538
7063,MR08 MR04 MR11 MR02 MR14 MR06 MR09 MR10 MR13 MR07 MR12,11,23,23,1.00000000
7064,MR13 MR02 MR04 MR08 MR11 MR14 MR06 MR07 MR09 MR10 MR12,11,27,27,1.00000000
7065,MR13 MR11 MR02 MR04 MR08 MR07 MR09 MR10 MR12 MR14 MR06,11,25,25,1.00000000
7066,MR12 MR10 MR11 MR02 MR08 MR07 MR14 MR04 MR09,9,24,17,0.70833333
7067,MR13 MR11 MR02 MR04 MR08 MR14 MR07 MR09 MR10 MR06 MR12,11,24,24,1.00000000
7068,MR13 MR02 MR04 MR08 MR12 MR07 MR11 MR06 MR09 MR10 MR14,11,18,18,1.00000000
7069,MR13 MR02 MR04 MR08 MR11 MR07 MR12 MR06 MR09 MR10 MR14,11,24,24,1.00000000
7070,MR13 MR11 MR02 MR04 MR08 MR14 MR06 MR09 MR10 MR12 MR07,11,23,23,1.00000000
7071,MR13 MR02 MR04 MR08 MR11 MR06 MR07 MR09 MR10 MR12 MR14,11,20,20,1.00000000
7072,MR13 MR02 MR04 MR08 MR11 MR06 MR14 MR09 MR10 MR12 MR07,11,22,22,1.00000000
7073,MR08 MR10 MR02 MR11 MR06 MR04 MR07 MR09 MR12 MR14 MR13,11,29,29,1.00000000
7074,MR13 MR02 MR04 MR08 MR11 MR06 MR14 MR09 MR10 MR12 MR07,11,25,25,1.00000000
7075,MR13 MR02 MR04 MR08 MR07 MR11 MR09 MR10 MR06 MR14 MR12,11,26,26,1.00000000
7076,MR13 MR02 MR04 MR08 MR11 MR06 MR12 MR09 MR10 MR07,10,22,19,0.86363636
7077,MR13 MR02 MR04 MR08 MR14 MR07 MR11 MR06 MR09 MR10 MR12,11,24,24,1.00000000
7078,MR08 MR10 MR11 MR02 MR14 MR12 MR04 MR07 MR09 MR13 MR06,11,25,25,1.00000000
7079,MR13 MR02 MR04 MR08 MR06 MR11 MR09 MR10 MR07 MR12 MR14,11,28,28,1.00000000
7080,MR12 MR11 MR10 MR02 MR08 MR14 MR04 MR09 MR07 MR05,10,28,22,0.78571429
7081,MR13 MR11 MR02 MR04 MR08 MR12 MR07 MR09 MR10 MR06 MR14,11,23,23,1.00000000
7082,MR13 MR02 MR04 MR08 MR06 MR07 MR11 MR09 MR10 MR12,10,25,22,0.88000000
7083,MR13 MR11 MR02 MR04 MR08 MR09 MR10 MR06 MR07 MR12 MR14,11,24,24,1.00000000
7084,MR13 MR02 MR04 MR08 MR06 MR11 MR12 MR14 MR09 MR10 MR07,11,23,23,1.00000000
7085,MR13 MR02 MR04 MR08 MR11 MR07 MR06 MR09 MR10 MR14 MR12,11,19,19,1.00000000
7086,MR13 MR11 MR02 MR04 MR08 MR09 MR10 MR06 MR07 MR14 MR12,11,22,22,1.00000000
7087,MR13 MR02 MR04 MR08 MR06 MR11 MR14 MR07 MR09 MR10 MR12,11,26,26,1.00000000
7088,MR12 MR02 MR04 MR08 MR11 MR07 MR14 MR09 MR10 MR06 MR13,11,25,25,1.00000000
7089,MR13 MR02 MR04 MR08 MR11 MR07 MR12 MR14 MR09 MR10 MR06,11,28,28,1.00000000
7090,MR13 MR02 MR04 MR08 MR07 MR11 MR12 MR09 MR10 MR06,10,22,19,0.86363636
7091,MR13 MR11 MR02 MR04 MR08 MR09 MR10 MR12 MR06 MR07 MR14,11,19,19,1.00000000
7092,MR08 MR10 MR11 MR02 MR12 MR04 MR07 MR09 MR13 MR14 MR06,11,23,23,1.00000000
7093,MR13 MR11 MR02 MR04 MR08 MR06 MR09 MR10 MR12 MR07,10,26,23,0.88461538
7094,MR13 MR02 MR04 MR08 MR11 MR06 MR09 MR10 MR12 MR07 MR14,11,24,24,1.00000000
7095,MR08 MR04 MR02 MR11 MR12 MR13 MR14 MR06 MR07 MR09 MR10,11,23,23,1.00000000
7096,MR13 MR02 MR04 MR08 MR06 MR07 MR14 MR09 MR10 MR11 MR12,11,28,28,1.00000000
7097,MR13 MR07 MR02 MR04 MR08 MR11 MR09 MR10 MR14 MR06 MR12,11,28,28,1.00000000
7098,MR13 MR02 MR04 MR08 MR11 MR07 MR09 MR10 MR12 MR14 MR06,11,27,27,1.00000000
7099,MR13 MR02 MR04 MR08 MR11 MR06 MR12 MR07 MR09 MR10 MR14,11,21,21,1.00000000
7100,MR13 MR02 MR04 MR08 MR11 MR07 MR06 MR09 MR10 MR12 MR14,11,18,18,1.00000000
7101,MR13 MR02 MR04 MR07 MR08 MR11 MR09 MR10 MR06 MR12,10,31,28,0.90322581
7102,MR13 MR02 MR04 MR08 MR07 MR06 MR09 MR10 MR11 MR12 MR14,11,21,21,1.00000000
7103,MR13 MR02 MR04 MR08 MR11 MR12 MR06 MR07 MR09 MR10,10,24,21,0.87500000
7104,MR13 MR11 MR02 MR04 MR08 MR12 MR09 MR10 MR06 MR07 MR14,11,23,23,1.00000000
7105,MR13 MR02 MR04 MR08 MR11 MR07 MR12 MR09 MR10 MR06 MR14,11,20,20,1.00000000
7106,MR13 MR11 MR02 MR04 MR08 MR07 MR09 MR10 MR12 MR14,10,25,22,0.88000000
7107,MR13 MR02 MR04 MR08 MR11 MR12 MR06 MR07 MR09 MR10 MR14,11,20,20,1.00000000
7108,MR13 MR11 MR02 MR04 MR08 MR14 MR09 MR10 MR07 MR12 MR06,11,24,24,1.00000000
7109,MR12 MR02 MR04 MR08 MR11 MR06 MR07 MR09 MR10 MR13 MR14,11,23,23,1.00000000
7110,MR12 MR10 MR11 MR02 MR08 MR13 MR07 MR04 MR09 MR06 MR14,11,23,23,1.00000000
7111,MR08 MR04 MR11 MR02 MR12 MR13 MR14 MR06 MR09 MR10 MR07,11,24,24,1.00000000
7112,MR12 MR11 MR10 MR02 MR08 MR04 MR09 MR13 MR14 MR06 MR07,11,28,28,1.00000000
7113,MR13 MR02 MR04 MR08 MR07 MR11 MR12 MR14 MR09 MR10 MR06,11,23,23,1.00000000
7114,MR12 MR10 MR02 MR08 MR07 MR11 MR04 MR06 MR09 MR14 MR13,11,22,22,1.00000000
7115,MR13 MR11 MR02 MR04 MR08 MR12 MR14 MR07 MR09 MR10 MR06,11,25,25,1.00000000
7116,MR13 MR11 MR02 MR04 MR08 MR07 MR09 MR10 MR12 MR06 MR14,11,20,20,1.00000000
7117,MR12 MR02 MR04 MR08 MR11 MR14 MR06 MR07 MR09 MR10 MR13,11,22,22,1.00000000
7118,MR12 MR10 MR02 MR08 MR11 MR07 MR14 MR04 MR09 MR06 MR13,11,22,22,1.00000000
7119,MR13 MR02 MR04 MR07 MR08 MR11 MR09 MR10 MR12 MR14 MR06,11,22,22,1.00000000
7120,MR13 MR11 MR02 MR04 MR08 MR09 MR10 MR14 MR06 MR07 MR12,11,22,22,1.00000000
7121,MR13 MR11 MR02 MR04 MR08 MR07 MR09 MR10 MR12 MR14 MR06,11,21,21,1.00000000
7122,MR13 MR11 MR02 MR04 MR08 MR06 MR09 MR10 MR12 MR14 MR07,11,19,19,1.00000000
7123,MR13 MR11 MR02 MR04 MR08 MR06 MR14 MR09 MR10 MR12,10,22,19,0.86363636
7124,MR13 MR02 MR04 MR08 MR11 MR07 MR09 MR10 MR14 MR06 MR12,11,26,26,1.00000000
7125,MR13 MR11 MR02 MR04 MR08 MR14 MR09 MR10 MR12 MR06 MR07,11,26,26,1.00000000
7126,MR13 MR11 MR02 MR04 MR08 MR07 MR09 MR10 MR12 MR14 MR06,11,24,24,1.00000000
7127,MR12 MR11 MR02 MR04 MR08 MR13 MR09 MR10 MR06 MR07 MR14,11,27,27,1.00000000
7128,MR13 MR02 MR04 MR08 MR07 MR11 MR12 MR09 MR10 MR06 MR14,11,24,24,1.00000000
7129,MR13 MR11 MR02 MR04 MR08 MR09 MR10 MR12 MR07 MR06 MR14,11,24,24,1.00000000
7130,MR13 MR02 MR04 MR08 MR11 MR06 MR09 MR10 MR12 MR07 MR14,11,26,26,1.00000000
7131,MR13 MR02 MR04 MR08 MR07 MR06 MR09 MR10 MR11 MR14 MR12,11,21,21,1.00000000
7132,MR12 MR10 MR11 MR02 MR08 MR14 MR04 MR06 MR09 MR13 MR07,11,26,26,1.00000000
7133,MR12 MR10 MR11 MR02 MR08 MR04 MR07 MR09 MR06 MR13 MR14,11,26,26,1.00000000
7134,MR12 MR10 MR02 MR07 MR08 MR04 MR06 MR09 MR11 MR13 MR14,11,24,24,1.00000000
7135,MR13 MR02 MR04 MR08 MR11 MR07 MR06 MR09 MR10 MR12 MR14,11,24,24,1.00000000
7136,MR06 MR10 MR02 MR08 MR12 MR07 MR14 MR04 MR09 MR13 MR11,11,27,27,1.00000000
7137,MR13 MR02 MR04 MR08 MR06 MR07 MR11 MR09 MR10 MR12 MR14,11,20,20,1.00000000
7138,MR13 MR02 MR04 MR07 MR08 MR06 MR12 MR09 MR10 MR14 MR11,11,28,28,1.00000000
7139,MR13 MR02 MR04 MR08 MR11 MR06 MR09 MR10 MR07 MR12 MR14,11,20,20,1.00000000
7140,MR13 MR02 MR04 MR08 MR07 MR06 MR14 MR09 MR10 MR11 MR12,11,25,25,1.00000000
7141,MR14 MR04 MR02 MR06 MR08 MR11 MR09 MR10 MR13 MR12 MR07,11,26,26,1.00000000
7142,MR13 MR02 MR04 MR08 MR11 MR06 MR12 MR09 MR10 MR07 MR14,11,23,23,1.00000000
7143,MR13 MR02 MR04 MR08 MR11 MR07 MR14 MR09 MR10 MR12 MR06,11,19,19,1.00000000
7144,MR13 MR11 MR02 MR04 MR08 MR07 MR09 MR10 MR06 MR12 MR14,11,27,27,1.00000000
7145,MR13 MR11 MR02 MR04 MR08 MR14 MR06 MR09 MR10 MR12 MR07,11,20,20,1.00000000
7146,MR06 MR04 MR02 MR08 MR14 MR13 MR11 MR09 MR10 MR12,10,27,24,0.88888889
7147,MR12 MR11 MR10 MR02 MR08 MR13 MR04 MR09 MR14 MR06 MR07,11,23,23,1.00000000
7148,MR13 MR11 MR02 MR04 MR08 MR14 MR07 MR09 MR10 MR06 MR12,11,27,27,1.00000000
7149,MR13 MR02 MR04 MR08 MR11 MR14 MR06 MR09 MR10 MR07,10,28,25,0.89285714
7150,MR13 MR02 MR04 MR08 MR11 MR07 MR14 MR09 MR10 MR06 MR12,11,24,24,1.00000000
7151,MR13 MR02 MR04 MR08 MR11 MR14 MR06 MR12 MR09 MR10 MR07,11,22,22,1.00000000
7152,MR13 MR11 MR02 MR04 MR08 MR06 MR09 MR10 MR07 MR12 MR14,11,22,22,1.00000000
7153,MR13 MR02 MR04 MR08 MR07 MR11 MR09 MR10 MR12 MR14 MR06,11,19,19,1.00000000
7154,MR13 MR11 MR02 MR04 MR08 MR14 MR07 MR09 MR10 MR12 MR06,11,23,23,1.00000000
7155,MR13 MR11 MR02 MR04 MR08 MR14 MR06 MR09 MR10 MR07 MR12,11,21,21,1.00000000
7156,MR13 MR02 MR04 MR08 MR11 MR07 MR06 MR09 MR10 MR14 MR12,11,26,26,1.00000000
7157,MR13 MR11 MR02 MR04 MR08 MR07 MR09 MR10 MR12 MR14 MR06,11,19,19,1.00000000
7158,MR13 MR02 MR04 MR08 MR06 MR11 MR07 MR09 MR10 MR12 MR14,11,27,27,1.00000000
7159,MR13 MR07 MR02 MR04 MR08 MR06 MR09 MR10 MR12 MR11 MR14,11,19,19,1.00000000
7160,MR13 MR11 MR02 MR04 MR08 MR07 MR09 MR10 MR06 MR12,10,20,17,0.85000000
7161,MR13 MR02 MR04 MR08 MR11 MR06 MR07 MR09 MR10 MR14 MR12,11,23,23,1.00000000
7162,MR13 MR11 MR02 MR04 MR08 MR07 MR09 MR10 MR14 MR06 MR12,11,23,23,1.00000000
7163,MR13 MR11 MR02 MR04 MR08 MR07 MR09 MR10 MR12 MR06 MR14,11,24,24,1.00000000
7164,MR13 MR11 MR02 MR04 MR08 MR09 MR10 MR07 MR12 MR14,10,26,23,0.88461538
7165,MR13 MR11 MR02 MR04 MR08 MR07 MR14 MR09 MR10 MR06 MR12,11,23,23,1.00000000
7166,MR13 MR02 MR04 MR08 MR11 MR06 MR07 MR09 MR10 MR14 MR12,11,20,20,1.00000000
7167,MR13 MR02 MR04 MR08 MR11 MR06 MR09 MR10 MR12 MR07 MR14,11,28,28,1.00000000
7168,MR13 MR06 MR02 MR04 MR08 MR09 MR10 MR11 MR07 MR14 MR12,11,25,25,1.00000000
7169,MR13 MR11 MR02 MR04 MR08 MR09 MR10 MR12 MR07 MR14,10,24,21,0.87500000
7170,MR13 MR11 MR02 MR04 MR08 MR14 MR09 MR10 MR06 MR07 MR12,11,23,23,1.00000000
7171,MR13 MR11 MR02 MR04 MR08 MR12 MR07 MR09 MR10 MR14 MR06,11,24,24,1.00000000
7172,MR13 MR02 MR04 MR06 MR08 MR14 MR11 MR09 MR10 MR07 MR12,11,32,32,1.00000000
7173,MR13 MR02 MR04 MR06 MR08 MR12 MR07 MR09 MR10 MR11 MR14,11,24,24,1.00000000
7174,MR13 MR02 MR04 MR08 MR11 MR06 MR14 MR07 MR09 MR10 MR12,11,25,25,1.00000000
7175,MR05 MR11 MR02 MR04 MR08 MR07 MR09 MR10 MR06 MR12 MR14,11,18,15,0.83333333
7176,MR13 MR02 MR04 MR08 MR11 MR06 MR07 MR09 MR10 MR14 MR12,11,24,24,1.00000000
7177,MR13 MR11 MR02 MR04 MR08 MR06 MR09 MR10 MR12 MR14 MR07,11,20,20,1.00000000
7178,MR13 MR02 MR04 MR08 MR06 MR11 MR14 MR09 MR10 MR07 MR12,11,25,25,1.00000000
7179,MR13 MR11 MR02 MR04 MR08 MR14 MR07 MR09 MR10 MR12 MR06,11,25,25,1.00000000
7180,MR13 MR02 MR04 MR06 MR08 MR11 MR09 MR10 MR14 MR07 MR12,11,23,23,1.00000000
7181,MR13 MR02 MR04 MR08 MR11 MR06 MR14 MR09 MR10 MR12 MR07,11,25,25,1.00000000
7182,MR13 MR02 MR04 MR08 MR06 MR11 MR09 MR10 MR12 MR07 MR14,11,21,21,1.00000000
7183,MR08 MR04 MR02 MR14 MR07 MR11 MR09 MR10 MR06 MR13 MR12,11,28,28,1.00000000
7184,MR12 MR10 MR11 MR02 MR08 MR04 MR09 MR06 MR07 MR13,10,22,19,0.86363636
7185,MR14 MR10 MR11 MR02 MR08 MR12 MR04 MR06 MR09 MR07 MR13,11,21,21,1.00000000
7186,MR13 MR11 MR02 MR04 MR08 MR07 MR09 MR10 MR12 MR06 MR14,11,26,26,1.00000000
7187,MR13 MR11 MR02 MR04 MR08 MR12 MR07 MR09 MR10 MR06 MR14,11,26,26,1.00000000
7188,MR13 MR11 MR02 MR04 MR08 MR06 MR09 MR10 MR12 MR07 MR14,11,21,21,1.00000000
7189,MR13 MR02 MR04 MR08 MR11 MR06 MR14 MR09 MR10 MR07 MR12,11,24,24,1.00000000
7190,MR13 MR02 MR04 MR08 MR07 MR06 MR14 MR09 MR10 MR11 MR12,11,25,25,1.00000000
7191,MR13 MR02 MR04 MR08 MR11 MR12 MR06 MR09 MR10 MR07 MR14,11,27,27,1.00000000
7192,MR13 MR11 MR02 MR04 MR08 MR07 MR09 MR10 MR14 MR06 MR12,11,21,21,1.00000000
7193,MR13 MR11 MR02 MR04 MR08 MR06 MR09 MR10 MR12 MR14 MR07,11,27,27,1.00000000
7194,MR13 MR11 MR02 MR04 MR08 MR07 MR14 MR09 MR10 MR12 MR06,11,25,25,1.00000000
7195,MR13 MR02 MR04 MR06 MR08 MR07 MR09 MR10 MR11 MR14 MR12,11,27,27,1.00000000
7196,MR13 MR02 MR04 MR08 MR06 MR07 MR09 MR10 MR11 MR12 MR14,11,20,20,1.00000000
7197,MR13 MR02 MR04 MR08 MR07 MR11 MR06 MR09 MR10 MR12 MR14,11,22,22,1.00000000
7198,MR13 MR02 MR04 MR08 MR11 MR07 MR14 MR09 MR10 MR06,10,24,21,0.87500000
7199,MR13 MR02 MR04 MR08 MR14 MR06 MR07 MR11 MR09 MR10 MR12,11,24,24,1.00000000
7200,MR13 MR11 MR02 MR04 MR08 MR14 MR06 MR09 MR10 MR12 MR07,11,25,25,1.00000000
7201,MR13 MR02 MR04 MR08 MR11 MR12 MR06 MR07 MR09 MR10 MR14,11,26,26,1.00000000
7202,MR12 MR02 MR04 MR08 MR11 MR13 MR14 MR06 MR07 MR09 MR10,11,21,21,1.00000000
7203,MR12 MR11 MR02 MR04 MR08 MR14 MR06 MR09 MR10 MR13 MR07,11,26,26,1.00000000
7204,MR13 MR11 MR02 MR04 MR08 MR12 MR09 MR10 MR06 MR07,10,25,22,0.88000000
7205,MR13 MR11 MR02 MR04 MR08 MR07 MR09 MR10 MR12 MR06 MR14,11,22,22,1.00000000
7206,MR13 MR02 MR04 MR08 MR07 MR06 MR09 MR10 MR11 MR14 MR12,11,29,29,1.00000000
7207,MR13 MR02 MR04 MR08 MR06 MR07 MR11 MR09 MR10 MR12 MR14,11,23,23,1.00000000
7208,MR13 MR02 MR04 MR08 MR11 MR14 MR06 MR07 MR09 MR10 MR12,11,23,23,1.00000000
7209,MR13 MR02 MR04 MR08 MR11 MR12 MR06 MR09 MR10 MR07,10,29,26,0.89655172
7210,MR13 MR11 MR02 MR04 MR08 MR14 MR07 MR09 MR10 MR12 MR06,11,21,21,1.00000000
7211,MR13 MR11 MR02 MR04 MR08 MR12 MR14 MR09 MR10 MR06 MR07,11,26,26,1.00000000
7212,MR05 MR02 MR04 MR08 MR11 MR06 MR12 MR09 MR10 MR07 MR14,11,28,25,0.89285714
7213,MR13 MR11 MR02 MR04 MR08 MR06 MR14 MR09 MR10 MR12 MR07,11,23,23,1.00000000
7214,MR13 MR11 MR02 MR04 MR08 MR06 MR09 MR10 MR14 MR12,10,20,17,0.85000000
7215,MR05 MR02 MR04 MR08 MR14 MR06 MR07 MR11 MR09 MR10,10,18,12,0.66666667
7216,MR13 MR02 MR04 MR08 MR07 MR12 MR11 MR06 MR09 MR10 MR14,11,25,25,1.00000000
7217,MR13 MR11 MR02 MR04 MR08 MR12 MR06 MR09 MR10 MR14 MR07,11,25,25,1.00000000
7218,MR08 MR10 MR11 MR02 MR04 MR09 MR13 MR06 MR14 MR07,10,27,24,0.88888889
7219,MR13 MR11 MR02 MR04 MR08 MR12 MR09 MR10 MR06 MR07 MR14,11,26,26,1.00000000
7220,MR13 MR02 MR04 MR08 MR11 MR06 MR12 MR09 MR10 MR14 MR07,11,22,22,1.00000000
7221,MR12 MR10 MR02 MR08 MR06 MR07 MR11 MR04 MR09 MR13 MR14,11,24,24,1.00000000
7222,MR12 MR10 MR11 MR02 MR08 MR04 MR06 MR09 MR13 MR14 MR07,11,22,22,1.00000000
7223,MR13 MR02 MR04 MR08 MR11 MR06 MR09 MR10 MR12 MR07 MR14,11,26,26,1.00000000
7224,MR12 MR10 MR02 MR07 MR08 MR14 MR11 MR04 MR09 MR06 MR13,11,24,24,1.00000000
7225,MR12 MR11 MR02 MR04 MR08 MR14 MR09 MR10 MR13 MR07,10,30,27,0.90000000
7226,MR13 MR02 MR04 MR08 MR06 MR11 MR09 MR10 MR12 MR14 MR07,11,26,26,1.00000000
7227,MR13 MR02 MR04 MR08 MR11 MR07 MR09 MR10 MR14 MR06 MR12,11,24,24,1.00000000
7228,MR13 MR02 MR04 MR08 MR11 MR12 MR07 MR09 MR10 MR06 MR14,11,23,23,1.00000000
7229,MR13 MR02 MR04 MR07 MR08 MR06 MR09 MR10 MR11 MR14 MR12,11,23,23,1.00000000
7230,MR13 MR02 MR04 MR08 MR11 MR14 MR06 MR12 MR07 MR09 MR10,11,20,20,1.00000000
7231,MR13 MR02 MR04 MR08 MR11 MR14 MR06 MR07 MR09 MR10 MR12,11,27,27,1.00000000
7232,MR13 MR02 MR04 MR08 MR11 MR07 MR09 MR10 MR06 MR12 MR14,11,19,19,1.00000000
7233,MR12 MR11 MR10 MR02 MR08 MR14 MR04 MR09 MR07 MR13 MR06,11,25,25,1.00000000
7234,MR13 MR02 MR04 MR08 MR11 MR06 MR14 MR07 MR09 MR10 MR12,11,24,24,1.00000000
7235,MR12 MR10 MR02 MR08 MR06 MR07 MR04 MR09 MR11 MR13 MR14,11,24,24,1.00000000
7236,MR13 MR11 MR02 MR04 MR08 MR12 MR09 MR10 MR06 MR07,10,22,19,0.86363636
7237,MR13 MR11 MR02 MR04 MR08 MR14 MR06 MR09 MR10 MR12 MR07,11,26,26,1.00000000
7238,MR13 MR02 MR04 MR08 MR11 MR07 MR09 MR10 MR14 MR06 MR12,11,22,22,1.00000000
7239,MR12 MR10 MR02 MR08 MR11 MR07 MR04 MR09 MR06 MR13 MR14,11,21,21,1.00000000
7240,MR13 MR02 MR04 MR08 MR11 MR06 MR09 MR10 MR12 MR14 MR07,11,20,20,1.00000000
7241,MR13 MR11 MR02 MR04 MR08 MR12 MR07 MR09 MR10 MR06 MR14,11,24,24,1.00000000
7242,MR12 MR10 MR02 MR08 MR07 MR11 MR04 MR06 MR09 MR13 MR14,11,20,20,1.00000000
7243,MR13 MR02 MR04 MR08 MR11 MR07 MR09 MR10 MR12 MR06 MR14,11,24,24,1.00000000
7244,MR13 MR02 MR04 MR06 MR08 MR11 MR12 MR09 MR10 MR14,10,25,22,0.88000000
7245,MR12 MR02 MR04 MR08 MR11 MR07 MR06 MR09 MR10 MR13 MR14,11,25,25,1.00000000
7246,MR13 MR02 MR04 MR08 MR11 MR06 MR07 MR09 MR10 MR12 MR14,11,23,23,1.00000000
7247,MR12 MR10 MR02 MR08 MR11 MR07 MR04 MR06 MR09 MR13 MR14,11,23,23,1.00000000
7248,MR13 MR02 MR04 MR08 MR06 MR11 MR09 MR10 MR12 MR07 MR14,11,25,25,1.00000000
7249,MR08 MR04 MR02 MR11 MR14 MR07 MR09 MR10 MR13 MR06 MR12,11,25,25,1.00000000
7250,MR08 MR10 MR02 MR07 MR11 MR12 MR13 MR04 MR09 MR06 MR14,11,27,27,1.00000000
7251,MR12 MR10 MR02 MR08 MR11 MR07 MR04 MR09 MR13 MR06 MR14,11,20,20,1.00000000
7252,MR13 MR11 MR02 MR04 MR08 MR14 MR07 MR09 MR10 MR12 MR06,11,22,22,1.00000000
7253,MR05 MR11 MR14 MR02 MR04 MR08 MR06 MR09 MR10 MR07 MR12,11,22,19,0.86363636
7254,MR13 MR02 MR04 MR08 MR11 MR06 MR07 MR09 MR10 MR12 MR14,11,25,25,1.00000000
7255,MR13 MR02 MR04 MR08 MR11 MR12 MR06 MR07 MR09 MR10 MR14,11,23,23,1.00000000
7256,MR13 MR11 MR02 MR04 MR08 MR14 MR12 MR06 MR09 MR10 MR07,11,22,22,1.00000000
7257,MR13 MR11 MR02 MR04 MR08 MR06 MR09 MR10 MR12 MR14,10,24,21,0.87500000
7258,MR13 MR11 MR02 MR04 MR08 MR09 MR10 MR12 MR14 MR06 MR07,11,25,25,1.00000000
7259,MR12 MR10 MR02 MR08 MR07 MR11 MR13 MR04 MR06 MR09 MR14,11,25,25,1.00000000
7260,MR13 MR11 MR02 MR04 MR08 MR14 MR06 MR09 MR10 MR07 MR12,11,27,27,1.00000000
7261,MR13 MR11 MR02 MR04 MR08 MR12 MR07 MR09 MR10,9,24,18,0.75000000
7262,MR13 MR11 MR02 MR04 MR08 MR09 MR10 MR07 MR14 MR06 MR12,11,25,25,1.00000000
7263,MR07 MR02 MR04 MR08 MR12 MR13 MR06 MR09 MR10 MR11 MR14,11,27,27,1.00000000
7264,MR13 MR02 MR04 MR08 MR11 MR06 MR12 MR09 MR10 MR07 MR14,11,26,26,1.00000000
7265,MR13 MR11 MR02 MR04 MR08 MR06 MR09 MR10 MR12 MR14 MR07,11,26,26,1.00000000
7266,MR13 MR11 MR02 MR04 MR08 MR09 MR10 MR14 MR06 MR07 MR12,11,24,24,1.00000000
7267,MR12 MR10 MR02 MR06 MR08 MR11 MR04 MR09 MR14 MR13 MR07,11,16,16,1.00000000
7268,MR13 MR11 MR02 MR04 MR08 MR06 MR09 MR10 MR12 MR14 MR07,11,26,26,1.00000000
7269,MR12 MR10 MR11 MR02 MR08 MR04 MR07 MR09 MR14 MR06 MR13,11,19,19,1.00000000
7270,MR13 MR02 MR04 MR08 MR11 MR07 MR06 MR09 MR10 MR12 MR14,11,26,26,1.00000000
7271,MR13 MR11 MR02 MR04 MR08 MR06 MR14 MR09 MR10,9,29,23,0.79310345
7272,MR13 MR02 MR04 MR08 MR06 MR11 MR09 MR10 MR14 MR07 MR12,11,17,17,1.00000000
7273,MR13 MR11 MR02 MR04 MR08 MR06 MR09 MR10 MR14 MR07 MR12,11,24,24,1.00000000
7274,MR13 MR11 MR02 MR04 MR08 MR06 MR09 MR10 MR14 MR07 MR12,11,21,21,1.00000000
7275,MR13 MR06 MR02 MR04 MR08 MR09 MR10 MR11 MR07 MR12 MR14,11,28,28,1.00000000
7276,MR13 MR02 MR04 MR08 MR11 MR06 MR12 MR09 MR10 MR14 MR07,11,25,25,1.00000000
7277,MR13 MR02 MR04 MR08 MR06 MR11 MR12 MR14 MR07 MR09 MR10,11,21,21,1.00000000
7278,MR13 MR11 MR02 MR04 MR08 MR06 MR14 MR09 MR10 MR12 MR07,11,23,23,1.00000000
7279,MR13 MR02 MR04 MR08 MR11 MR07 MR12 MR06 MR09 MR10 MR14,11,27,27,1.00000000
7280,MR13 MR02 MR04 MR08 MR07 MR11 MR09 MR10 MR06 MR12 MR14,11,24,24,1.00000000
7281,MR08 MR10 MR11 MR02 MR12 MR06 MR13 MR04 MR09 MR14 MR07,11,23,23,1.00000000
7282,MR13 MR02 MR04 MR08 MR07 MR11 MR12 MR09 MR10 MR06 MR14,11,28,28,1.00000000
7283,MR12 MR10 MR11 MR02 MR08 MR04 MR07 MR09 MR13 MR06 MR14,11,28,28,1.00000000
7284,MR08 MR04 MR02 MR11 MR06 MR14 MR07 MR09 MR10 MR12 MR13,11,23,23,1.00000000
7285,MR13 MR11 MR02 MR04 MR08 MR07 MR09 MR10 MR12 MR06 MR14,11,25,25,1.00000000
7286,MR13 MR02 MR04 MR08 MR07 MR12 MR11 MR06 MR09 MR10 MR14,11,26,26,1.00000000
7287,MR13 MR11 MR02 MR04 MR08 MR12 MR09 MR10 MR14 MR07,10,23,20,0.86956522
7288,MR13 MR02 MR04 MR08 MR06 MR07 MR11 MR14 MR09 MR10 MR12,11,27,27,1.00000000
7289,MR12 MR10 MR02 MR06 MR08 MR04 MR07 MR09 MR11 MR13 MR14,11,20,20,1.00000000
7290,MR13 MR02 MR04 MR08 MR06 MR11 MR07 MR09 MR10 MR12 MR14,11,23,23,1.00000000
7291,MR13 MR14 MR02 MR04 MR06 MR08 MR07 MR09 MR10 MR11 MR12,11,32,32,1.00000000
7292,MR13 MR02 MR04 MR08 MR11 MR14 MR07 MR06 MR09 MR10 MR12,11,20,20,1.00000000
7293,MR13 MR02 MR04 MR08 MR07 MR11 MR09 MR10 MR14 MR06 MR12,11,25,25,1.00000000
7294,MR13 MR14 MR02 MR04 MR08 MR11 MR07 MR09 MR10 MR12 MR06,11,22,22,1.00000000
7295,MR13 MR11 MR02 MR04 MR08 MR12 MR09 MR10 MR06 MR14 MR07,11,27,27,1.00000000
7296,MR13 MR11 MR02 MR04 MR08 MR14 MR07 MR09 MR10 MR06 MR12,11,28,28,1.00000000
7297,MR12 MR10 MR02 MR08 MR11 MR04 MR06 MR07 MR09 MR14 MR13,11,24,24,1.00000000
7298,MR13 MR02 MR04 MR08 MR14 MR06 MR07 MR11 MR09 MR10 MR12,11,25,25,1.00000000
7299,MR13 MR02 MR04 MR08 MR11 MR06 MR07 MR09 MR10 MR14 MR12,11,30,30,1.00000000
7300,MR13 MR11 MR02 MR04 MR08 MR14 MR07 MR09 MR10 MR12,10,29,26,0.89655172
7301,MR13 MR02 MR04 MR08 MR11 MR07 MR14 MR09 MR10 MR12 MR06,11,24,24,1.00000000
7302,MR13 MR02 MR04 MR08 MR06 MR11 MR14 MR09 MR10 MR07 MR12,11,22,22,1.00000000
7303,MR13 MR02 MR04 MR08 MR11 MR06 MR07 MR09 MR10 MR12 MR14,11,24,24,1.00000000
7304,MR13 MR11 MR02 MR04 MR08 MR12 MR06 MR09 MR10 MR07 MR14,11,20,20,1.00000000
7305,MR13 MR11 MR02 MR04 MR08 MR06 MR09 MR10 MR14 MR12,10,22,19,0.86363636
7306,MR06 MR10 MR02 MR08 MR12 MR04 MR09 MR11 MR13 MR14 MR07,11,29,29,1.00000000
7307,MR12 MR10 MR02 MR08 MR11 MR07 MR14 MR04 MR09 MR13 MR06,11,22,22,1.00000000
7308,MR13 MR02 MR04 MR08 MR11 MR06 MR07 MR09 MR10 MR12 MR14,11,21,21,1.00000000
7309,MR13 MR11 MR02 MR04 MR08 MR14 MR07 MR09 MR10 MR12,10,26,23,0.88461538
7310,MR13 MR02 MR04 MR08 MR06 MR07 MR11 MR12 MR14 MR09 MR10,11,21,21,1.00000000
7311,MR13 MR11 MR02 MR04 MR08 MR07 MR09 MR10 MR12 MR06 MR14,11,27,27,1.00000000
7312,MR08 MR10 MR11 MR02 MR14 MR04 MR06 MR09 MR12 MR07 MR13,11,19,19,1.00000000
7313,MR13 MR11 MR02 MR04 MR08 MR06 MR09 MR10 MR07 MR12 MR14,11,21,21,1.00000000
7314,MR13 MR02 MR04 MR08 MR11 MR06 MR09 MR10 MR14 MR07 MR12,11,33,33,1.00000000
7315,MR13 MR11 MR02 MR04 MR08 MR07 MR09 MR10 MR06 MR12 MR14,11,24,24,1.00000000
7316,MR08 MR10 MR02 MR11 MR07 MR14 MR04 MR06 MR09 MR12,10,25,21,0.84000000
7317,MR13 MR14 MR02 MR04 MR07 MR08 MR11 MR09 MR10 MR12,10,27,24,0.88888889
7318,MR13 MR02 MR04 MR08 MR11 MR14 MR06 MR09 MR10 MR07 MR12,11,24,24,1.00000000
7319,MR12 MR10 MR02 MR08 MR06 MR11 MR04 MR07 MR09 MR14 MR05,11,21,18,0.85714286
7320,MR08 MR10 MR02 MR07 MR11 MR14 MR04 MR09 MR12 MR06 MR13,11,21,21,1.00000000
7321,MR13 MR02 MR04 MR08 MR06 MR07 MR11 MR09 MR10 MR12 MR14,11,25,25,1.00000000
7322,MR13 MR11 MR02 MR04 MR08 MR06 MR09 MR10 MR12 MR07,10,27,24,0.88888889
7323,MR13 MR11 MR02 MR04 MR08 MR06 MR14 MR09 MR10 MR12 MR07,11,27,27,1.00000000
7324,MR08 MR10 MR02 MR11 MR14 MR12 MR04 MR06 MR07 MR09 MR13,11,20,20,1.00000000
7325,MR13 MR02 MR04 MR08 MR06 MR11 MR07 MR09 MR10 MR14 MR12,11,26,26,1.00000000
7326,MR12 MR10 MR11 MR02 MR08 MR04 MR07 MR09 MR13 MR06 MR14,11,23,23,1.00000000
7327,MR13 MR11 MR02 MR04 MR08 MR12 MR06 MR09 MR10 MR14 MR07,11,24,24,1.00000000
7328,MR13 MR11 MR02 MR04 MR08 MR07 MR09 MR10 MR06 MR12 MR14,11,23,23,1.00000000
7329,MR13 MR11 MR02 MR04 MR08 MR06 MR12 MR09 MR10 MR14 MR07,11,23,23,1.00000000
7330,MR13 MR11 MR02 MR04 MR08 MR07 MR09 MR10 MR14 MR12,10,21,18,0.85714286
7331,MR08 MR10 MR02 MR11 MR14 MR06 MR04 MR07 MR09 MR12 MR13,11,25,25,1.00000000
7332,MR13 MR02 MR04 MR08 MR11 MR07 MR09 MR10 MR12 MR14 MR06,11,27,27,1.00000000
7333,MR12 MR11 MR10 MR02 MR08 MR07 MR14 MR04 MR09 MR13,10,24,21,0.87500000
7334,MR13 MR02 MR04 MR08 MR07 MR11 MR09 MR10 MR14 MR06 MR12,11,31,31,1.00000000
7335,MR13 MR02 MR04 MR06 MR08 MR11 MR14 MR09 MR10 MR07 MR12,11,23,23,1.00000000
7336,MR13 MR11 MR02 MR04 MR08 MR09 MR10 MR12 MR14 MR06 MR07,11,20,20,1.00000000
7337,MR13 MR11 MR02 MR04 MR08 MR14 MR07 MR09 MR10 MR06 MR12,11,29,29,1.00000000
7338,MR13 MR11 MR02 MR04 MR08 MR07 MR14 MR09 MR10 MR12,10,21,18,0.85714286
7339,MR13 MR11 MR02 MR04 MR08 MR14 MR09 MR10 MR06 MR07 MR12,11,30,30,1.00000000
7340,MR08 MR02 MR04 MR14 MR11 MR06 MR13 MR07 MR09 MR10 MR12,11,26,26,1.00000000
7341,MR13 MR02 MR04 MR08 MR11 MR06 MR07 MR09 MR10 MR12 MR14,11,24,24,1.00000000
7342,MR13 MR02 MR04 MR08 MR11 MR07 MR14 MR09 MR10 MR12 MR06,11,21,21,1.00000000
7343,MR12 MR10 MR02 MR08 MR06 MR11 MR04 MR09 MR14 MR07 MR13,11,26,26,1.00000000
7344,MR13 MR02 MR04 MR07 MR08 MR11 MR09 MR10 MR12 MR06 MR14,11,24,24,1.00000000
7345,MR13 MR11 MR02 MR04 MR08 MR12 MR14 MR07 MR09 MR10 MR06,11,28,28,1.00000000
7346,MR13 MR02 MR04 MR08 MR11 MR07 MR12 MR14 MR06 MR09 MR10,11,21,21,1.00000000
7347,MR12 MR10 MR11 MR02 MR08 MR06 MR04 MR09 MR13 MR14,10,26,23,0.88461538
7348,MR12 MR10 MR02 MR08 MR11 MR06 MR14 MR04 MR07 MR09 MR13,11,26,26,1.00000000
7349,MR13 MR02 MR04 MR08 MR11 MR06 MR07 MR09 MR10 MR14,10,23,20,0.86956522
7350,MR13 MR11 MR02 MR04 MR08 MR12 MR06 MR09 MR10 MR14 MR07,11,21,21,1.00000000
7351,MR13 MR02 MR04 MR06 MR08 MR11 MR09 MR10 MR12 MR14 MR07,11,24,24,1.00000000
7352,MR13 MR02 MR04 MR08 MR07 MR11 MR14 MR06 MR09 MR10 MR12,11,28,28,1.00000000
7353,MR13 MR11 MR02 MR04 MR08 MR14 MR06 MR09 MR10 MR12 MR07,11,23,23,1.00000000
7354,MR12 MR10 MR02 MR06 MR08 MR11 MR04 MR09 MR14 MR13 MR07,11,28,28,1.00000000
7355,MR13 MR02 MR04 MR08 MR07 MR11 MR06 MR09 MR10 MR14,10,26,23,0.88461538
7356,MR13 MR02 MR04 MR08 MR07 MR11 MR14 MR06 MR09 MR10 MR12,11,21,21,1.00000000
7357,MR12 MR11 MR02 MR04 MR08 MR14 MR07 MR09 MR10 MR13 MR06,11,26,26,1.00000000
7358,MR13 MR02 MR04 MR08 MR07 MR14 MR11 MR06 MR09 MR10 MR12,11,28,28,1.00000000
7359,MR13 MR11 MR02 MR04 MR08 MR07 MR09 MR10 MR06 MR12 MR14,11,20,20,1.00000000
7360,MR12 MR02 MR04 MR08 MR11 MR07 MR09 MR10 MR13 MR14 MR06,11,23,23,1.00000000
7361,MR13 MR11 MR02 MR04 MR08 MR12 MR07 MR09 MR10 MR14 MR06,11,26,26,1.00000000
7362,MR12 MR10 MR02 MR08 MR11 MR06 MR04 MR09 MR14 MR13 MR07,11,25,25,1.00000000
7363,MR13 MR02 MR04 MR06 MR08 MR11 MR12 MR09 MR10 MR14,10,23,20,0.86956522
7364,MR13 MR02 MR04 MR08 MR11 MR14 MR06 MR07 MR09 MR10 MR12,11,24,24,1.00000000
7365,MR13 MR02 MR04 MR08 MR11 MR06 MR07 MR09 MR10 MR12 MR14,11,26,26,1.00000000
7366,MR13 MR11 MR02 MR04 MR08 MR12 MR06 MR09 MR10 MR14 MR07,11,20,20,1.00000000
7367,MR13 MR02 MR04 MR08 MR06 MR14 MR11 MR07 MR09 MR10 MR12,11,24,24,1.00000000
7368,MR13 MR11 MR02 MR04 MR08 MR07 MR09 MR10 MR12 MR06 MR14,11,19,19,1.00000000
7369,MR12 MR10 MR02 MR07 MR08 MR06 MR04 MR09 MR13 MR11 MR14,11,19,19,1.00000000
7370,MR13 MR02 MR04 MR08 MR11 MR06 MR14 MR07 MR09 MR10 MR12,11,22,22,1.00000000
7371,MR13 MR11 MR02 MR04 MR08 MR14 MR07 MR09 MR10 MR06,10,28,25,0.89285714
7372,MR13 MR11 MR02 MR04 MR08 MR12 MR09 MR10 MR06 MR07 MR14,11,28,28,1.00000000
7373,MR13 MR11 MR02 MR04 MR08 MR14 MR07 MR09 MR10 MR12,10,26,23,0.88461538
7374,MR13 MR02 MR04 MR08 MR11 MR14 MR07 MR09 MR10 MR06 MR12,11,21,21,1.00000000
7375,MR13 MR02 MR04 MR08 MR11 MR07 MR14 MR09 MR10 MR06 MR12,11,24,24,1.00000000
7376,MR13 MR02 MR04 MR08 MR11 MR14 MR06 MR07 MR09 MR10 MR12,11,27,27,1.00000000
7377,MR12 MR11 MR02 MR04 MR08 MR07 MR13 MR09 MR10 MR14,10,27,24,0.88888889
7378,MR12 MR10 MR02 MR08 MR11 MR07 MR04 MR06 MR09 MR14 MR13,11,24,24,1.00000000
7379,MR13 MR11 MR02 MR04 MR08 MR14 MR09 MR10 MR06 MR07 MR12,11,27,27,1.00000000
7380,MR13 MR02 MR04 MR08 MR11 MR14 MR06 MR09 MR10 MR12 MR07,11,21,21,1.00000000
7381,MR13 MR02 MR04 MR08 MR12 MR11 MR06 MR07 MR09 MR10 MR14,11,26,26,1.00000000
7382,MR13 MR02 MR04 MR08 MR11 MR07 MR09 MR10 MR06 MR14 MR12,11,24,24,1.00000000
7383,MR07 MR10 MR02 MR08 MR11 MR14 MR04 MR09 MR12 MR13 MR06,11,23,23,1.00000000
7384,MR12 MR10 MR02 MR08 MR06 MR07 MR11 MR14 MR04 MR09,10,26,22,0.84615385
7385,MR13 MR11 MR02 MR04 MR08 MR07 MR09 MR10 MR14 MR12 MR06,11,21,21,1.00000000
7386,MR08 MR10 MR11 MR02 MR12 MR13 MR04 MR07 MR09 MR06 MR14,11,25,25,1.00000000
7387,MR12 MR10 MR02 MR08 MR11 MR14 MR07 MR04 MR09 MR06 MR13,11,26,26,1.00000000
7388,MR13 MR11 MR02 MR04 MR08 MR09 MR10 MR14 MR06 MR07 MR12,11,24,24,1.00000000
7389,MR13 MR11 MR02 MR04 MR08 MR06 MR09 MR10 MR12 MR14 MR07,11,25,25,1.00000000
7390,MR13 MR02 MR04 MR07 MR08 MR06 MR09 MR10 MR11 MR12 MR14,11,21,21,1.00000000
7391,MR13 MR11 MR02 MR04 MR08 MR14 MR07 MR09 MR10 MR06 MR12,11,23,23,1.00000000
7392,MR13 MR11 MR02 MR04 MR08 MR07 MR09 MR10 MR12 MR14 MR06,11,27,27,1.00000000
7393,MR12 MR11 MR02 MR04 MR08 MR09 MR10 MR14 MR06 MR07 MR13,11,24,24,1.00000000
7394,MR13 MR11 MR02 MR04 MR08 MR14 MR07 MR09 MR10 MR12 MR06,11,24,24,1.00000000
7395,MR13 MR07 MR02 MR04 MR08 MR09 MR10 MR11 MR12 MR06 MR14,11,27,27,1.00000000
7396,MR12 MR10 MR02 MR08 MR11 MR07 MR04 MR06 MR09 MR14 MR13,11,28,28,1.00000000
7397,MR13 MR11 MR02 MR04 MR08 MR06 MR12 MR09 MR10 MR14 MR07,11,25,25,1.00000000
7398,MR05 MR02 MR04 MR08 MR11 MR07 MR09 MR10 MR14 MR06 MR12,11,30,27,0.90000000
7399,MR13 MR02 MR04 MR08 MR07 MR11 MR14 MR09 MR10 MR12 MR06,11,24,24,1.00000000
7400,MR13 MR02 MR04 MR08 MR14 MR11 MR07 MR06 MR09 MR10 MR12,11,23,23,1.00000000
7401,MR08 MR10 MR11 MR02 MR12 MR07 MR14 MR04 MR09 MR13 MR06,11,22,22,1.00000000
7402,MR13 MR02 MR04 MR08 MR07 MR11 MR09 MR10 MR12 MR06,10,22,19,0.86363636
7403,MR13 MR02 MR04 MR08 MR11 MR06 MR12 MR09 MR10 MR07 MR14,11,25,25,1.00000000
7404,MR13 MR11 MR02 MR04 MR08 MR14 MR07 MR09 MR10 MR12 MR06,11,24,24,1.00000000
7405,MR13 MR11 MR02 MR04 MR08 MR06 MR09 MR10 MR12 MR14 MR07,11,27,27,1.00000000
7406,MR13 MR02 MR04 MR08 MR06 MR11 MR09 MR10 MR12 MR14 MR07,11,21,21,1.00000000
7407,MR08 MR10 MR11 MR02 MR14 MR07 MR04 MR09 MR12 MR13 MR06,11,26,26,1.00000000
7408,MR13 MR02 MR04 MR08 MR11 MR07 MR09 MR10 MR12 MR06 MR14,11,25,25,1.00000000
7409,MR13 MR02 MR04 MR08 MR11 MR12 MR06 MR07 MR09 MR10 MR14,11,23,23,1.00000000
7410,MR13 MR11 MR02 MR04 MR08 MR06 MR09 MR10 MR12 MR14 MR07,11,22,22,1.00000000
7411,MR13 MR11 MR02 MR04 MR08 MR12 MR07 MR09 MR10 MR06 MR14,11,28,28,1.00000000
7412,MR12 MR10 MR02 MR08 MR11 MR07 MR04 MR06 MR09 MR13,10,27,24,0.88888889
7413,MR13 MR02 MR04 MR07 MR08 MR12 MR11 MR09 MR10 MR06 MR14,11,25,25,1.00000000
7414,MR13 MR02 MR04 MR08 MR11 MR06 MR07 MR09 MR10 MR12 MR14,11,24,24,1.00000000
7415,MR13 MR02 MR04 MR08 MR11 MR06 MR12 MR14 MR09 MR10 MR07,11,24,24,1.00000000
7416,MR13 MR11 MR02 MR04 MR08 MR07 MR14 MR09 MR10 MR12 MR06,11,19,19,1.00000000
7417,MR13 MR02 MR04 MR08 MR06 MR07 MR09 MR10 MR11 MR12 MR14,11,26,26,1.00000000
7418,MR13 MR02 MR04 MR08 MR11 MR14 MR07 MR09 MR10 MR06,10,26,23,0.88461538
7419,MR13 MR11 MR02 MR04 MR08 MR14 MR09 MR10 MR06 MR07 MR12,11,21,21,1.00000000
7420,MR13 MR02 MR04 MR08 MR11 MR06 MR09 MR10 MR12 MR07,10,24,21,0.87500000
7421,MR13 MR11 MR02 MR04 MR08 MR06 MR14 MR09 MR10 MR07 MR12,11,25,25,1.00000000
7422,MR06 MR10 MR02 MR08 MR14 MR04 MR07 MR09 MR12 MR13 MR11,11,28,28,1.00000000
7423,MR13 MR11 MR02 MR04 MR08 MR07 MR09 MR10 MR06 MR12 MR14,11,23,23,1.00000000
7424,MR13 MR11 MR02 MR04 MR08 MR07 MR09 MR10 MR06 MR14,10,19,16,0.84210526
7425,MR13 MR02 MR04 MR07 MR08 MR06 MR09 MR10 MR11 MR12 MR14,11,23,23,1.00000000
7426,MR13 MR02 MR04 MR08 MR11 MR12 MR06 MR07 MR09 MR10 MR14,11,21,21,1.00000000
7427,MR08 MR04 MR11 MR02 MR14 MR13 MR06 MR09 MR10 MR12 MR07,11,22,22,1.00000000
7428,MR13 MR02 MR04 MR08 MR06 MR07 MR11 MR14 MR09 MR10 MR12,11,19,19,1.00000000
7429,MR12 MR11 MR10 MR02 MR08 MR04 MR09 MR13 MR14 MR06 MR07,11,17,17,1.00000000
7430,MR12 MR02 MR04 MR08 MR06 MR11 MR07 MR09 MR10 MR13 MR14,11,21,21,1.00000000
7431,MR13 MR02 MR04 MR06 MR08 MR11 MR14 MR09 MR10 MR12,10,22,19,0.86363636
7432,MR13 MR11 MR02 MR04 MR08 MR07 MR14 MR09 MR10 MR06 MR12,11,26,26,1.00000000
7433,MR13 MR02 MR04 MR08 MR07 MR11 MR09 MR10 MR14 MR06 MR12,11,26,26,1.00000000
7434,MR13 MR02 MR04 MR08 MR11 MR06 MR07 MR09 MR10 MR14 MR12,11,22,22,1.00000000
7435,MR13 MR02 MR04 MR08 MR06 MR07 MR09 MR10 MR11 MR12 MR14,11,26,26,1.00000000
7436,MR13 MR11 MR02 MR04 MR08 MR14 MR07 MR09 MR10 MR12 MR06,11,25,25,1.00000000
7437,MR13 MR11 MR02 MR04 MR08 MR14 MR09 MR10 MR06 MR07 MR12,11,24,24,1.00000000
7438,MR13 MR02 MR04 MR08 MR11 MR06 MR09 MR10 MR12 MR14 MR07,11,25,25,1.00000000
7439,MR13 MR02 MR04 MR08 MR11 MR07 MR09 MR10 MR06 MR14 MR12,11,23,23,1.00000000
7440,MR12 MR10 MR02 MR08 MR06 MR07 MR11 MR04 MR09 MR13 MR14,11,23,23,1.00000000
7441,MR13 MR02 MR04 MR08 MR11 MR07 MR06 MR09 MR10 MR14 MR12,11,24,24,1.00000000
7442,MR13 MR02 MR04 MR08 MR07 MR11 MR14 MR09 MR10 MR12 MR06,11,21,21,1.00000000
7443,MR13 MR11 MR02 MR04 MR08 MR12 MR06 MR09 MR10 MR07 MR14,11,27,27,1.00000000
7444,MR13 MR02 MR04 MR08 MR11 MR12 MR06 MR07 MR09 MR10 MR14,11,27,27,1.00000000
7445,MR13 MR11 MR02 MR04 MR08 MR12 MR07 MR09 MR10 MR06 MR14,11,26,26,1.00000000
7446,MR13 MR02 MR04 MR08 MR07 MR11 MR06 MR09 MR10 MR12 MR14,11,20,20,1.00000000
7447,MR08 MR10 MR11 MR02 MR14 MR12 MR04 MR09 MR07 MR13 MR06,11,25,25,1.00000000
7448,MR13 MR11 MR02 MR04 MR08 MR07 MR09 MR10 MR14 MR06,10,20,17,0.85000000
7449,MR13 MR02 MR04 MR08 MR11 MR07 MR12 MR09 MR10 MR14 MR06,11,22,22,1.00000000
7450,MR13 MR02 MR04 MR08 MR11 MR12 MR06 MR09 MR10 MR07,10,22,19,0.86363636
7451,MR13 MR02 MR04 MR06 MR08 MR11 MR14 MR09 MR10 MR07 MR12,11,27,27,1.00000000
7452,MR12 MR10 MR11 MR02 MR08 MR14 MR04 MR06 MR09 MR07 MR13,11,30,30,1.00000000
7453,MR13 MR11 MR02 MR04 MR08 MR14 MR07 MR09 MR10 MR12 MR06,11,29,29,1.00000000
7454,MR13 MR02 MR04 MR08 MR06 MR07 MR11 MR14 MR09 MR10 MR12,11,24,24,1.00000000
7455,MR13 MR02 MR04 MR08 MR11 MR06 MR07 MR09 MR10 MR14 MR12,11,22,22,1.00000000
7456,MR13 MR11 MR02 MR04 MR08 MR14 MR09 MR10 MR06 MR07 MR12,11,24,24,1.00000000
7457,MR13 MR02 MR04 MR07 MR08 MR11 MR09 MR10 MR06 MR12 MR14,11,26,26,1.00000000
7458,MR13 MR11 MR02 MR04 MR08 MR07 MR09 MR10 MR06 MR14 MR12,11,22,22,1.00000000
7459,MR13 MR11 MR02 MR04 MR08 MR06 MR09 MR10 MR12 MR14 MR07,11,24,24,1.00000000
7460,MR13 MR11 MR02 MR04 MR08 MR07 MR09 MR10 MR12 MR06 MR14,11,25,25,1.00000000
7461,MR13 MR11 MR02 MR04 MR08 MR09 MR10 MR12 MR07 MR14 MR06,11,20,20,1.00000000
7462,MR13 MR02 MR04 MR08 MR11 MR06 MR07 MR09 MR10 MR12 MR14,11,23,23,1.00000000
7463,MR13 MR11 MR02 MR04 MR08 MR14 MR07 MR09 MR10 MR12 MR06,11,23,23,1.00000000
7464,MR13 MR02 MR04 MR08 MR06 MR11 MR12 MR14 MR09 MR10 MR07,11,29,29,1.00000000
7465,MR13 MR02 MR04 MR08 MR06 MR11 MR14 MR09 MR10 MR12 MR07,11,17,17,1.00000000
7466,MR13 MR02 MR04 MR08 MR11 MR07 MR14 MR09 MR10 MR12 MR06,11,25,25,1.00000000
7467,MR13 MR02 MR04 MR08 MR11 MR06 MR14 MR09 MR10 MR07 MR12,11,24,24,1.00000000
7468,MR13 MR11 MR02 MR04 MR08 MR12 MR07 MR09 MR10 MR06 MR14,11,26,26,1.00000000
7469,MR12 MR02 MR04 MR08 MR11 MR07 MR13 MR09 MR10 MR06 MR14,11,23,23,1.00000000
7470,MR08 MR10 MR02 MR11 MR14 MR07 MR12 MR04 MR06 MR09 MR13,11,25,25,1.00000000
7471,MR13 MR02 MR04 MR08 MR06 MR11 MR07 MR09 MR10 MR12 MR14,11,28,28,1.00000000
7472,MR13 MR11 MR02 MR04 MR08 MR07 MR09 MR10 MR12 MR14 MR06,11,27,27,1.00000000
7473,MR13 MR02 MR04 MR08 MR11 MR06 MR12 MR09 MR10 MR14 MR07,11,23,23,1.00000000
7474,MR13 MR02 MR04 MR08 MR11 MR07 MR09 MR10 MR12 MR14 MR06,11,28,28,1.00000000
7475,MR13 MR02 MR04 MR07 MR08 MR11 MR14 MR09 MR10 MR06 MR12,11,20,20,1.00000000
7476,MR13 MR02 MR04 MR08 MR11 MR07 MR12 MR09 MR10 MR14 MR06,11,24,24,1.00000000
7477,MR13 MR02 MR04 MR08 MR11 MR06 MR07 MR09 MR10 MR12 MR14,11,21,21,1.00000000
7478,MR13 MR02 MR04 MR08 MR11 MR06 MR07 MR09 MR10 MR12 MR14,11,24,24,1.00000000
7479,MR13 MR11 MR02 MR04 MR08 MR14 MR09 MR10 MR06 MR07 MR12,11,24,24,1.00000000
7480,MR12 MR10 MR02 MR08 MR11 MR07 MR04 MR09 MR06 MR14 MR13,11,22,22,1.00000000
7481,MR13 MR02 MR04 MR07 MR08 MR11 MR14 MR09 MR10 MR12 MR06,11,24,24,1.00000000
7482,MR13 MR02 MR04 MR08 MR11 MR07 MR09 MR10 MR14 MR06 MR12,11,24,24,1.00000000
7483,MR13 MR02 MR04 MR08 MR11 MR06 MR07 MR09 MR10 MR12 MR14,11,19,19,1.00000000
7484,MR13 MR11 MR02 MR04 MR08 MR09 MR10 MR12 MR06 MR14 MR07,11,28,28,1.00000000
7485,MR13 MR11 MR02 MR04 MR08 MR12 MR09 MR10 MR06 MR07 MR14,11,24,24,1.00000000
7486,MR12 MR10 MR02 MR07 MR08 MR04 MR06 MR09 MR11 MR13 MR14,11,21,21,1.00000000
7487,MR13 MR11 MR02 MR04 MR08 MR07 MR09 MR10 MR12 MR14 MR06,11,28,28,1.00000000
7488,MR13 MR02 MR04 MR08 MR07 MR11 MR14 MR06 MR09 MR10 MR12,11,26,26,1.00000000
7489,MR13 MR02 MR04 MR08 MR11 MR07 MR12 MR06 MR09 MR10 MR14,11,24,24,1.00000000
7490,MR08 MR04 MR02 MR11 MR14 MR07 MR12 MR06 MR09 MR10 MR13,11,23,23,1.00000000
7491,MR13 MR11 MR02 MR04 MR08 MR06 MR14 MR09 MR10 MR12,10,27,24,0.88888889
7492,MR06 MR10 MR02 MR08 MR12 MR04 MR09 MR11 MR13 MR14 MR07,11,28,28,1.00000000
7493,MR05 MR02 MR04 MR08 MR11 MR14 MR06 MR09 MR10 MR07,10,27,21,0.77777778
7494,MR13 MR02 MR04 MR08 MR11 MR07 MR12 MR14 MR09 MR10 MR06,11,26,26,1.00000000
7495,MR13 MR02 MR04 MR08 MR11 MR06 MR09 MR10 MR07 MR14 MR12,11,24,24,1.00000000
7496,MR13 MR11 MR02 MR04 MR08 MR12 MR06 MR09 MR10 MR14,10,23,20,0.86956522
7497,MR13 MR02 MR04 MR07 MR08 MR06 MR09 MR10 MR11 MR14 MR12,11,20,20,1.00000000
7498,MR14 MR10 MR11 MR02 MR08 MR04 MR06 MR09 MR07 MR05 MR12,11,22,19,0.86363636
7499,MR06 MR10 MR02 MR08 MR14 MR04 MR07 MR09 MR11 MR12 MR13,11,24,24,1.00000000
7500,MR13 MR11 MR02 MR04 MR08 MR09 MR10 MR14 MR06 MR07 MR12,11,25,25,1.00000000
7501,MR13 MR07 MR02 MR04 MR08 MR09 MR10 MR11 MR06 MR12 MR14,11,25,25,1.00000000
7502,MR13 MR02 MR04 MR08 MR07 MR12 MR11 MR06 MR09 MR10 MR14,11,22,22,1.00000000
7503,MR12 MR10 MR11 MR02 MR08 MR14 MR07 MR04 MR09 MR13 MR06,11,23,23,1.00000000
7504,MR08 MR10 MR02 MR07 MR11 MR12 MR04 MR09 MR13 MR06 MR14,11,19,19,1.00000000
7505,MR13 MR11 MR02 MR04 MR08 MR07 MR09 MR10 MR12 MR06 MR14,11,23,23,1.00000000
7506,MR12 MR10 MR02 MR08 MR11 MR06 MR14 MR04 MR07 MR09 MR05,11,27,24,0.88888889
7507,MR13 MR02 MR04 MR07 MR08 MR14 MR06 MR09 MR10 MR11,10,29,26,0.89655172
7508,MR13 MR02 MR04 MR06 MR08 MR11 MR09 MR10 MR14 MR07,10,20,17,0.85000000
7509,MR13 MR11 MR02 MR04 MR08 MR07 MR09 MR10 MR12 MR06 MR14,11,21,21,1.00000000
7510,MR13 MR02 MR04 MR07 MR08 MR06 MR09 MR10 MR11 MR14 MR12,11,21,21,1.00000000
7511,MR13 MR02 MR04 MR06 MR08 MR11 MR09 MR10 MR12 MR14 MR07,11,23,23,1.00000000
7512,MR12 MR02 MR04 MR08 MR06 MR07 MR11 MR09 MR10 MR13 MR14,11,24,24,1.00000000
7513,MR13 MR11 MR02 MR04 MR08 MR12 MR07 MR09 MR10 MR06 MR14,11,23,23,1.00000000
7514,MR13 MR02 MR04 MR06 MR08 MR11 MR09 MR10 MR14 MR12,10,23,20,0.86956522
7515,MR13 MR02 MR04 MR08 MR11 MR06 MR07 MR09 MR10 MR12 MR14,11,25,25,1.00000000
7516,MR13 MR02 MR04 MR08 MR06 MR11 MR12 MR09 MR10 MR07 MR14,11,23,23,1.00000000
7517,MR13 MR06 MR02 MR04 MR08 MR09 MR10 MR11 MR14,9,25,19,0.76000000
7518,MR13 MR02 MR04 MR08 MR11 MR14 MR06 MR09 MR10 MR12 MR07,11,21,21,1.00000000
7519,MR13 MR02 MR04 MR08 MR11 MR07 MR06 MR09 MR10 MR14 MR12,11,20,20,1.00000000
7520,MR13 MR02 MR04 MR08 MR11 MR12 MR07 MR09 MR10 MR06 MR14,11,21,21,1.00000000
7521,MR13 MR02 MR04 MR07 MR08 MR11 MR12 MR14 MR09 MR10 MR06,11,22,22,1.00000000
7522,MR13 MR11 MR02 MR04 MR08 MR12 MR14 MR09 MR10 MR06 MR07,11,21,21,1.00000000
7523,MR13 MR02 MR04 MR08 MR06 MR11 MR07 MR09 MR10 MR14 MR12,11,23,23,1.00000000
7524,MR13 MR11 MR02 MR04 MR08 MR12 MR07 MR09 MR10 MR06 MR14,11,24,24,1.00000000
7525,MR13 MR02 MR04 MR08 MR11 MR06 MR07 MR09 MR10 MR12 MR14,11,25,25,1.00000000
7526,MR13 MR02 MR04 MR08 MR07 MR06 MR14 MR09 MR10 MR11 MR12,11,26,26,1.00000000
7527,MR13 MR02 MR04 MR07 MR08 MR06 MR14 MR09 MR10 MR12 MR11,11,29,29,1.00000000
7528,MR13 MR02 MR04 MR08 MR11 MR06 MR14 MR09 MR10 MR12 MR07,11,23,23,1.00000000
7529,MR08 MR11 MR10 MR02 MR14 MR04 MR09 MR13 MR12 MR06 MR07,11,22,22,1.00000000
7530,MR13 MR02 MR04 MR08 MR14 MR06 MR07 MR11 MR09 MR10 MR12,11,25,25,1.00000000
7531,MR13 MR02 MR04 MR06 MR08 MR11 MR12 MR09 MR10 MR14,10,20,17,0.85000000
7532,MR12 MR10 MR11 MR02 MR08 MR06 MR14 MR04 MR09 MR07 MR13,11,25,25,1.00000000
7533,MR13 MR02 MR04 MR06 MR08 MR11 MR12 MR09 MR10 MR14 MR07,11,29,29,1.00000000
7534,MR13 MR11 MR02 MR04 MR08 MR14 MR09 MR10 MR06 MR07 MR12,11,21,21,1.00000000
7535,MR13 MR11 MR02 MR04 MR08 MR12 MR06 MR09 MR10 MR07 MR14,11,23,23,1.00000000
7536,MR13 MR02 MR04 MR08 MR11 MR07 MR14 MR06 MR09 MR10 MR12,11,20,20,1.00000000
7537,MR12 MR10 MR11 MR02 MR08 MR14 MR07 MR04 MR09 MR06 MR13,11,21,21,1.00000000
7538,MR13 MR11 MR02 MR04 MR08 MR14 MR07 MR09 MR10 MR06 MR12,11,24,24,1.00000000
7539,MR13 MR02 MR04 MR08 MR12 MR06 MR07 MR11 MR09 MR10,10,23,20,0.86956522
7540,MR13 MR11 MR02 MR04 MR08 MR06 MR14 MR09 MR10 MR12,10,25,22,0.88000000
7541,MR12 MR10 MR02 MR08 MR06 MR07 MR11 MR13 MR04 MR09 MR14,11,22,22,1.00000000
7542,MR13 MR02 MR04 MR08 MR06 MR14 MR11 MR07 MR09 MR10 MR12,11,23,23,1.00000000
7543,MR13 MR02 MR04 MR08 MR11 MR07 MR06 MR09 MR10 MR12 MR14,11,20,20,1.00000000
7544,MR13 MR02 MR04 MR08 MR11 MR06 MR12 MR09 MR10 MR14 MR07,11,23,23,1.00000000
7545,MR05 MR02 MR04 MR06 MR08 MR11 MR09 MR10 MR07 MR12 MR14,11,23,20,0.86956522
7546,MR13 MR02 MR04 MR08 MR06 MR11 MR12 MR07 MR09 MR10 MR14,11,23,23,1.00000000
7547,MR13 MR02 MR04 MR08 MR12 MR06 MR07 MR09 MR10 MR11 MR14,11,24,24,1.00000000
7548,MR12 MR02 MR04 MR08 MR11 MR06 MR07 MR09 MR10 MR14 MR13,11,25,25,1.00000000
7549,MR13 MR02 MR04 MR08 MR11 MR07 MR06 MR09 MR10 MR12 MR14,11,24,24,1.00000000
7550,MR13 MR11 MR02 MR04 MR08 MR14 MR07 MR09 MR10 MR12 MR06,11,28,28,1.00000000
7551,MR13 MR02 MR04 MR08 MR11 MR06 MR07 MR09 MR10 MR12 MR14,11,19,19,1.00000000
7552,MR13 MR02 MR04 MR08 MR06 MR11 MR12 MR07 MR09 MR10 MR14,11,24,24,1.00000000
7553,MR13 MR11 MR02 MR04 MR08 MR07 MR09 MR10 MR06 MR14 MR12,11,18,18,1.00000000
7554,MR13 MR02 MR04 MR08 MR11 MR06 MR07 MR09 MR10 MR12 MR14,11,25,25,1.00000000
7555,MR13 MR11 MR02 MR04 MR08 MR07 MR09 MR10 MR14 MR06 MR12,11,22,22,1.00000000
7556,MR12 MR02 MR04 MR08 MR07 MR11 MR14 MR06 MR09 MR10 MR13,11,18,18,1.00000000
7557,MR13 MR02 MR04 MR08 MR11 MR06 MR09 MR10 MR14 MR07 MR12,11,24,24,1.00000000
7558,MR13 MR02 MR04 MR08 MR11 MR06 MR07 MR09 MR10 MR14 MR12,11,23,23,1.00000000
7559,MR13 MR02 MR04 MR08 MR07 MR14 MR11 MR06 MR09 MR10 MR12,11,18,18,1.00000000
7560,MR13 MR02 MR04 MR08 MR11 MR14 MR07 MR06 MR09 MR10 MR12,11,25,25,1.00000000
7561,MR13 MR02 MR04 MR08 MR07 MR11 MR12 MR06 MR09 MR10 MR14,11,20,20,1.00000000
7562,MR13 MR11 MR02 MR04 MR08 MR07 MR09 MR10 MR12 MR06 MR14,11,24,24,1.00000000
7563,MR13 MR11 MR02 MR04 MR08 MR07 MR09 MR10 MR06 MR14,10,25,22,0.88000000
7564,MR13 MR02 MR04 MR08 MR11 MR07 MR12 MR09 MR10 MR14 MR06,11,24,24,1.00000000
7565,MR13 MR02 MR04 MR08 MR11 MR06 MR07 MR09 MR10 MR12 MR14,11,23,23,1.00000000
7566,MR13 MR02 MR04 MR08 MR07 MR11 MR12 MR14 MR09 MR10 MR06,11,20,20,1.00000000
7567,MR13 MR02 MR04 MR08 MR11 MR06 MR12 MR07 MR09 MR10 MR14,11,25,25,1.00000000
7568,MR13 MR02 MR04 MR08 MR07 MR11 MR06 MR09 MR10 MR12 MR14,11,19,19,1.00000000
7569,MR13 MR02 MR04 MR08 MR11 MR06 MR14 MR09 MR10 MR07 MR12,11,28,28,1.00000000
7570,MR13 MR02 MR04 MR08 MR11 MR07 MR09 MR10 MR12 MR06 MR14,11,26,26,1.00000000
7571,MR13 MR02 MR04 MR08 MR07 MR11 MR09 MR10 MR14 MR06 MR12,11,22,22,1.00000000
7572,MR13 MR11 MR02 MR04 MR08 MR12 MR06 MR09 MR10 MR07 MR14,11,18,18,1.00000000
7573,MR13 MR02 MR04 MR08 MR06 MR07 MR11 MR09 MR10 MR12 MR14,11,22,22,1.00000000
7574,MR13 MR11 MR02 MR04 MR08 MR14 MR06 MR09 MR10 MR07 MR12,11,26,26,1.00000000
7575,MR13 MR11 MR02 MR04 MR08 MR14 MR07 MR09 MR10 MR12 MR06,11,21,21,1.00000000
7576,MR05 MR02 MR04 MR08 MR07 MR11 MR14 MR09 MR10 MR06 MR12,11,26,23,0.88461538
7577,MR13 MR02 MR04 MR07 MR08 MR06 MR09 MR10 MR11 MR14 MR12,11,22,22,1.00000000
7578,MR12 MR02 MR04 MR08 MR06 MR11 MR07 MR09 MR10 MR13 MR14,11,23,23,1.00000000
7579,MR08 MR10 MR11 MR02 MR06 MR12 MR14 MR04 MR09 MR13 MR07,11,25,25,1.00000000
7580,MR13 MR11 MR02 MR04 MR08 MR06 MR09 MR10 MR12 MR14 MR07,11,25,25,1.00000000
7581,MR13 MR02 MR04 MR08 MR07 MR11 MR06 MR09 MR10 MR14 MR12,11,22,22,1.00000000
7582,MR13 MR11 MR02 MR04 MR08 MR14 MR12 MR07 MR09 MR10 MR06,11,25,25,1.00000000
7583,MR13 MR11 MR02 MR04 MR08 MR14 MR06 MR09 MR10 MR07 MR12,11,27,27,1.00000000
7584,MR12 MR10 MR02 MR08 MR14 MR06 MR07 MR11 MR04 MR09 MR13,11,25,25,1.00000000
7585,MR12 MR02 MR04 MR08 MR11 MR06 MR13 MR07 MR09 MR10 MR14,11,23,23,1.00000000
7586,MR12 MR02 MR04 MR08 MR06 MR07 MR11 MR09 MR10 MR13 MR14,11,22,22,1.00000000
7587,MR13 MR02 MR04 MR07 MR08 MR11 MR14 MR09 MR10 MR12 MR06,11,26,26,1.00000000
7588,MR14 MR02 MR04 MR06 MR08 MR12 MR11 MR09 MR10 MR07 MR13,11,27,27,1.00000000
7589,MR13 MR02 MR04 MR08 MR06 MR07 MR11 MR09 MR10 MR12 MR14,11,26,26,1.00000000
7590,MR13 MR02 MR04 MR08 MR07 MR11 MR12 MR09 MR10 MR06 MR14,11,25,25,1.00000000
7591,MR13 MR02 MR04 MR08 MR11 MR06 MR07 MR09 MR10 MR12 MR14,11,23,23,1.00000000
7592,MR13 MR02 MR04 MR06 MR08 MR07 MR09 MR10 MR14 MR11 MR12,11,28,28,1.00000000
7593,MR13 MR11 MR02 MR04 MR08 MR12 MR06 MR09 MR10 MR07 MR14,11,23,23,1.00000000
7594,MR12 MR07 MR02 MR04 MR08 MR13 MR11 MR09 MR10 MR14 MR06,11,22,22,1.00000000
7595,MR13 MR06 MR02 MR04 MR08 MR07 MR09 MR10 MR12 MR11,10,26,23,0.88461538
7596,MR14 MR10 MR02 MR08 MR07 MR06 MR04 MR09 MR11 MR13 MR12,11,22,22,1.00000000
7597,MR13 MR02 MR04 MR08 MR11 MR06 MR12 MR07 MR09 MR10 MR14,11,27,27,1.00000000
7598,MR13 MR02 MR04 MR08 MR11 MR07 MR06 MR09 MR10 MR12 MR14,11,24,24,1.00000000
7599,MR12 MR10 MR11 MR02 MR08 MR04 MR09 MR06 MR07 MR13 MR14,11,23,23,1.00000000
7600,MR13 MR11 MR14 MR02 MR04 MR08 MR07 MR09 MR10 MR12 MR06,11,23,23,1.00000000
7601,MR13 MR11 MR02 MR04 MR08 MR12 MR07 MR09 MR10 MR14,10,23,20,0.86956522
7602,MR13 MR11 MR02 MR04 MR08 MR14 MR09 MR10 MR12 MR06 MR07,11,22,22,1.00000000
7603,MR13 MR02 MR04 MR08 MR06 MR07 MR11 MR09 MR10 MR14 MR12,11,25,25,1.00000000
7604,MR13 MR11 MR02 MR04 MR08 MR06 MR09 MR10 MR12 MR14 MR07,11,27,27,1.00000000
7605,MR13 MR11 MR02 MR04 MR08 MR07 MR09 MR10 MR12 MR06 MR14,11,29,29,1.00000000
7606,MR08 MR10 MR11 MR02 MR14 MR07 MR04 MR09 MR12 MR13 MR06,11,25,25,1.00000000
7607,MR13 MR11 MR02 MR04 MR08 MR07 MR12 MR09 MR10 MR14,10,25,22,0.88000000
7608,MR13 MR11 MR02 MR04 MR08 MR14 MR07 MR09 MR10 MR06 MR12,11,20,20,1.00000000
7609,MR05 MR02 MR04 MR08 MR11 MR14 MR06 MR07 MR09 MR10 MR12,11,25,22,0.88000000
7610,MR13 MR02 MR04 MR08 MR11 MR14 MR06 MR09 MR10 MR07,10,23,20,0.86956522
7611,MR12 MR11 MR02 MR04 MR08 MR14 MR09 MR10 MR13 MR07 MR06,11,27,27,1.00000000
7612,MR13 MR02 MR04 MR08 MR06 MR07 MR11 MR12 MR09 MR10 MR14,11,23,23,1.00000000
7613,MR13 MR11 MR02 MR04 MR08 MR09 MR10 MR14 MR06 MR07 MR12,11,25,25,1.00000000
7614,MR13 MR02 MR04 MR08 MR07 MR12 MR06 MR09 MR10 MR11 MR14,11,21,21,1.00000000
7615,MR13 MR02 MR04 MR08 MR11 MR06 MR07 MR09 MR10 MR14 MR12,11,21,21,1.00000000
7616,MR07 MR04 MR02 MR08 MR11 MR14 MR09 MR10 MR12 MR13 MR06,11,26,26,1.00000000
7617,MR13 MR11 MR02 MR04 MR08 MR12 MR06 MR09 MR10 MR07,10,25,22,0.88000000
7618,MR12 MR10 MR11 MR02 MR08 MR07 MR04 MR09 MR14 MR13 MR06,11,23,23,1.00000000
7619,MR13 MR02 MR04 MR08 MR11 MR06 MR09 MR10 MR07 MR12 MR14,11,23,23,1.00000000
7620,MR08 MR10 MR11 MR02 MR14 MR07 MR04 MR09 MR13 MR12 MR06,11,25,25,1.00000000
7621,MR13 MR02 MR04 MR08 MR06 MR07 MR11 MR09 MR10 MR14 MR12,11,25,25,1.00000000
7622,MR12 MR10 MR11 MR02 MR08 MR13 MR04 MR06 MR09 MR07 MR14,11,25,25,1.00000000
7623,MR13 MR02 MR04 MR08 MR11 MR12 MR06 MR07 MR09 MR10 MR14,11,22,22,1.00000000
7624,MR13 MR07 MR02 MR04 MR08 MR12 MR11 MR09 MR10 MR14 MR06,11,24,24,1.00000000
7625,MR13 MR02 MR04 MR07 MR08 MR14 MR06 MR09 MR10 MR11 MR12,11,27,27,1.00000000
7626,MR13 MR11 MR02 MR04 MR08 MR12 MR06 MR09 MR10 MR14 MR07,11,26,26,1.00000000
7627,MR13 MR02 MR04 MR08 MR11 MR06 MR14 MR09 MR10 MR12 MR07,11,25,25,1.00000000
7628,MR13 MR02 MR04 MR08 MR11 MR06 MR09 MR10 MR12 MR14 MR07,11,21,21,1.00000000
7629,MR13 MR02 MR04 MR08 MR11 MR06 MR12 MR07 MR09 MR10 MR14,11,23,23,1.00000000
7630,MR12 MR11 MR02 MR04 MR08 MR07 MR09 MR10 MR13 MR06 MR14,11,20,20,1.00000000
7631,MR13 MR02 MR04 MR08 MR07 MR11 MR12 MR09 MR10 MR06 MR14,11,22,22,1.00000000
7632,MR13 MR02 MR04 MR08 MR06 MR11 MR07 MR09 MR10 MR12 MR14,11,24,24,1.00000000
7633,MR13 MR02 MR04 MR08 MR07 MR11 MR06 MR09 MR10 MR14 MR12,11,23,23,1.00000000
7634,MR13 MR02 MR04 MR08 MR11 MR07 MR09 MR10 MR12 MR14 MR06,11,24,24,1.00000000
7635,MR13 MR11 MR02 MR04 MR08 MR06 MR09 MR10 MR12 MR07 MR14,11,24,24,1.00000000
7636,MR13 MR11 MR02 MR04 MR08 MR09 MR10 MR06 MR07 MR12,10,27,24,0.88888889
7637,MR08 MR04 MR02 MR11 MR13 MR07 MR14 MR09 MR10 MR12 MR06,11,22,22,1.00000000
7638,MR13 MR02 MR04 MR08 MR11 MR06 MR09 MR10 MR14 MR07 MR12,11,27,27,1.00000000
7639,MR13 MR02 MR04 MR08 MR11 MR12 MR06 MR09 MR10 MR07 MR14,11,26,26,1.00000000
7640,MR13 MR02 MR04 MR08 MR11 MR06 MR07 MR09 MR10 MR12 MR14,11,26,26,1.00000000
7641,MR13 MR11 MR02 MR04 MR08 MR09 MR10 MR14 MR06 MR12 MR07,11,25,25,1.00000000
7642,MR13 MR11 MR02 MR04 MR08 MR14 MR07 MR09 MR10 MR06 MR12,11,26,26,1.00000000
7643,MR13 MR11 MR02 MR04 MR08 MR14 MR06 MR09 MR10 MR07,10,27,24,0.88888889
7644,MR12 MR10 MR02 MR08 MR11 MR14 MR06 MR04 MR09 MR07 MR13,11,26,26,1.00000000
7645,MR13 MR02 MR04 MR08 MR07 MR06 MR09 MR10 MR11 MR12 MR14,11,18,18,1.00000000
7646,MR13 MR11 MR02 MR04 MR08 MR07 MR09 MR10 MR06 MR12 MR14,11,25,25,1.00000000
7647,MR13 MR11 MR02 MR04 MR08 MR14 MR06 MR09 MR10 MR12 MR07,11,22,22,1.00000000
7648,MR12 MR10 MR02 MR08 MR11 MR06 MR04 MR07 MR09 MR13 MR14,11,22,22,1.00000000
7649,MR13 MR11 MR02 MR04 MR08 MR07 MR09 MR10 MR12 MR14 MR06,11,22,22,1.00000000
7650,MR13 MR11 MR02 MR04 MR08 MR14 MR07 MR09 MR10 MR12 MR06,11,21,21,1.00000000
7651,MR13 MR02 MR04 MR08 MR11 MR07 MR06 MR09 MR10 MR14 MR12,11,25,25,1.00000000
7652,MR13 MR02 MR04 MR08 MR11 MR14 MR06 MR07 MR09 MR10 MR12,11,21,21,1.00000000
7653,MR13 MR11 MR02 MR04 MR08 MR07 MR09 MR10 MR12 MR06 MR14,11,24,24,1.00000000
7654,MR13 MR02 MR04 MR08 MR11 MR06 MR07 MR09 MR10 MR14,10,24,21,0.87500000
7655,MR13 MR11 MR02 MR04 MR08 MR07 MR09 MR10 MR06 MR12 MR14,11,22,22,1.00000000
7656,MR13 MR11 MR02 MR04 MR08 MR06 MR09 MR10 MR14 MR12 MR07,11,24,24,1.00000000
7657,MR12 MR10 MR02 MR08 MR11 MR13 MR04 MR06 MR07 MR09 MR14,11,30,30,1.00000000
7658,MR13 MR11 MR02 MR04 MR08 MR09 MR10 MR12 MR07 MR14,10,24,21,0.87500000
7659,MR12 MR11 MR02 MR04 MR08 MR06 MR13 MR09 MR10 MR14,10,27,24,0.88888889
7660,MR13 MR11 MR02 MR04 MR08 MR06 MR09 MR10 MR12 MR07 MR14,11,24,24,1.00000000
7661,MR13 MR11 MR02 MR04 MR08 MR12 MR14 MR06 MR09 MR10 MR07,11,20,20,1.00000000
7662,MR13 MR11 MR02 MR04 MR08 MR14 MR07 MR09 MR10 MR12 MR06,11,24,24,1.00000000
7663,MR13 MR02 MR04 MR08 MR11 MR14 MR07 MR09 MR10 MR06 MR12,11,23,23,1.00000000
7664,MR13 MR02 MR04 MR08 MR11 MR06 MR12 MR07 MR09 MR10 MR14,11,24,24,1.00000000
7665,MR13 MR11 MR02 MR04 MR08 MR14 MR09 MR10 MR12 MR06 MR07,11,23,23,1.00000000
7666,MR13 MR02 MR04 MR08 MR07 MR11 MR06 MR09 MR10 MR12 MR14,11,22,22,1.00000000
7667,MR13 MR02 MR04 MR08 MR06 MR11 MR09 MR10 MR12 MR14 MR07,11,21,21,1.00000000
7668,MR13 MR02 MR04 MR06 MR08 MR07 MR09 MR10 MR11 MR14 MR12,11,27,27,1.00000000
7669,MR13 MR02 MR04 MR08 MR06 MR11 MR14 MR09 MR10 MR12 MR07,11,23,23,1.00000000
7670,MR12 MR10 MR02 MR08 MR11 MR07 MR14 MR04 MR09 MR06 MR13,11,16,16,1.00000000
7671,MR13 MR11 MR02 MR04 MR08 MR12 MR09 MR10 MR14 MR07 MR06,11,24,24,1.00000000
7672,MR13 MR02 MR04 MR08 MR11 MR06 MR12 MR09 MR10 MR14 MR07,11,21,21,1.00000000
7673,MR13 MR02 MR04 MR08 MR11 MR06 MR09 MR10 MR07 MR12 MR14,11,25,25,1.00000000
7674,MR12 MR10 MR11 MR02 MR08 MR04 MR07 MR09 MR06 MR13 MR14,11,21,21,1.00000000
7675,MR13 MR02 MR04 MR08 MR11 MR06 MR07 MR09 MR10 MR12,10,26,23,0.88461538
7676,MR13 MR11 MR02 MR04 MR08 MR07 MR09 MR10 MR06 MR12 MR14,11,23,23,1.00000000
7677,MR13 MR02 MR04 MR07 MR08 MR11 MR14 MR09 MR10 MR12 MR06,11,25,25,1.00000000
7678,MR13 MR02 MR04 MR08 MR11 MR06 MR07 MR09 MR10 MR12 MR14,11,19,19,1.00000000
7679,MR13 MR02 MR04 MR08 MR11 MR07 MR09 MR10 MR06 MR12 MR14,11,23,23,1.00000000
7680,MR13 MR11 MR02 MR04 MR08 MR06 MR09 MR10 MR14 MR07 MR12,11,23,23,1.00000000
7681,MR13 MR11 MR02 MR04 MR08 MR12 MR09 MR10 MR14 MR06 MR07,11,27,27,1.00000000
7682,MR13 MR11 MR02 MR04 MR08 MR07 MR09 MR10 MR14 MR06 MR12,11,21,21,1.00000000
7683,MR13 MR02 MR04 MR08 MR11 MR07 MR14 MR09 MR10 MR12 MR06,11,23,23,1.00000000
7684,MR13 MR02 MR04 MR08 MR11 MR06 MR07 MR09 MR10 MR12 MR14,11,22,22,1.00000000
7685,MR13 MR02 MR04 MR08 MR06 MR11 MR12 MR14 MR09 MR10 MR07,11,22,22,1.00000000
7686,MR13 MR11 MR02 MR04 MR08 MR14 MR07 MR09 MR10 MR12 MR06,11,26,26,1.00000000
7687,MR12 MR02 MR04 MR08 MR11 MR07 MR13 MR06 MR09 MR10 MR14,11,25,25,1.00000000
7688,MR07 MR10 MR02 MR08 MR12 MR04 MR06 MR09 MR11 MR13 MR14,11,24,24,1.00000000
7689,MR07 MR10 MR02 MR08 MR11 MR13 MR04 MR09 MR12 MR14 MR06,11,26,26,1.00000000
7690,MR08 MR10 MR02 MR11 MR14 MR06 MR04 MR07 MR09 MR13 MR12,11,28,28,1.00000000
7691,MR12 MR10 MR02 MR08 MR11 MR06 MR04 MR09 MR14 MR07 MR13,11,24,24,1.00000000
7692,MR12 MR10 MR11 MR02 MR08 MR04 MR06 MR09 MR07 MR13 MR14,11,22,22,1.00000000
7693,MR13 MR02 MR04 MR08 MR07 MR11 MR09 MR10 MR06 MR12 MR14,11,22,22,1.00000000
7694,MR13 MR11 MR02 MR04 MR08 MR12 MR07 MR09 MR10 MR14 MR06,11,25,25,1.00000000
7695,MR13 MR11 MR02 MR04 MR08 MR12 MR06 MR09 MR10 MR07,10,22,19,0.86363636
7696,MR13 MR11 MR02 MR04 MR08 MR14 MR07 MR12 MR09 MR10 MR06,11,26,26,1.00000000
7697,MR13 MR11 MR02 MR04 MR08 MR09 MR10 MR06 MR14 MR12,10,23,20,0.86956522
7698,MR12 MR11 MR10 MR02 MR08 MR14 MR04 MR09 MR06 MR07 MR13,11,26,26,1.00000000
7699,MR12 MR10 MR02 MR08 MR06 MR07 MR11 MR04 MR09 MR13 MR14,11,27,27,1.00000000
7700,MR13 MR02 MR04 MR08 MR06 MR07 MR09 MR10 MR11 MR12 MR14,11,26,26,1.00000000
7701,MR12 MR10 MR02 MR08 MR11 MR06 MR13 MR04 MR07 MR09 MR14,11,17,17,1.00000000
7702,MR12 MR11 MR10 MR02 MR08 MR04 MR06 MR09 MR13 MR14 MR07,11,28,28,1.00000000
7703,MR13 MR02 MR04 MR08 MR11 MR06 MR07 MR09 MR10 MR14 MR12,11,23,23,1.00000000
7704,MR13 MR11 MR02 MR04 MR08 MR09 MR10 MR12 MR14 MR06 MR07,11,24,24,1.00000000
7705,MR13 MR11 MR02 MR04 MR08 MR06 MR09 MR10 MR12 MR14 MR07,11,23,23,1.00000000
7706,MR13 MR02 MR04 MR08 MR11 MR06 MR07 MR09 MR10 MR12 MR14,11,27,27,1.00000000
7707,MR13 MR02 MR04 MR08 MR07 MR11 MR12 MR06 MR09 MR10 MR14,11,22,22,1.00000000
7708,MR13 MR11 MR02 MR04 MR08 MR07 MR09 MR10 MR14 MR06 MR12,11,21,21,1.00000000
7709,MR13 MR02 MR04 MR08 MR11 MR07 MR12 MR14 MR09 MR10 MR06,11,21,21,1.00000000
7710,MR12 MR10 MR02 MR08 MR11 MR07 MR04 MR09 MR13 MR14 MR06,11,24,24,1.00000000
7711,MR13 MR02 MR04 MR08 MR11 MR14 MR07 MR09 MR10 MR12 MR06,11,26,26,1.00000000
7712,MR13 MR11 MR02 MR04 MR08 MR09 MR10 MR12 MR14 MR06 MR07,11,24,24,1.00000000
7713,MR13 MR11 MR02 MR04 MR08 MR06 MR09 MR10 MR14,9,24,18,0.75000000
7714,MR12 MR11 MR10 MR02 MR08 MR04 MR07 MR09 MR14 MR13 MR06,11,21,21,1.00000000
7715,MR13 MR02 MR04 MR08 MR11 MR06 MR12 MR09 MR10 MR14 MR07,11,26,26,1.00000000
7716,MR13 MR11 MR02 MR04 MR08 MR07 MR09 MR10 MR12 MR14 MR06,11,26,26,1.00000000
7717,MR13 MR02 MR04 MR08 MR11 MR14 MR06 MR12 MR07 MR09 MR10,11,20,20,1.00000000
7718,MR13 MR11 MR02 MR04 MR08 MR09 MR10 MR07 MR12 MR14 MR06,11,20,20,1.00000000
7719,MR13 MR02 MR04 MR08 MR07 MR11 MR14 MR06 MR09 MR10 MR12,11,22,22,1.00000000
7720,MR13 MR02 MR04 MR08 MR11 MR07 MR06 MR09 MR10 MR12 MR14,11,20,20,1.00000000
7721,MR12 MR11 MR10 MR02 MR08 MR04 MR09 MR13 MR14 MR07 MR06,11,25,25,1.00000000
7722,MR13 MR02 MR04 MR08 MR14 MR06 MR11 MR07 MR09 MR10,10,26,23,0.88461538
7723,MR13 MR02 MR04 MR08 MR11 MR12 MR07 MR09 MR10 MR06 MR14,11,25,25,1.00000000
7724,MR13 MR11 MR02 MR04 MR08 MR06 MR14 MR09 MR10 MR12 MR07,11,28,28,1.00000000
7725,MR13 MR11 MR02 MR04 MR08 MR09 MR10 MR06 MR07 MR12 MR14,11,24,24,1.00000000
7726,MR13 MR02 MR04 MR08 MR07 MR11 MR06 MR09 MR10 MR12 MR14,11,21,21,1.00000000
7727,MR08 MR04 MR11 MR02 MR13 MR14 MR06 MR09 MR10 MR12 MR07,11,25,25,1.00000000
7728,MR13 MR02 MR04 MR08 MR11 MR07 MR06 MR09 MR10 MR14 MR12,11,20,20,1.00000000
7729,MR13 MR11 MR02 MR04 MR08 MR14 MR12 MR09 MR10 MR06 MR07,11,22,22,1.00000000
7730,MR13 MR02 MR04 MR06 MR08 MR11 MR09 MR10 MR12 MR14 MR07,11,25,25,1.00000000
7731,MR13 MR02 MR04 MR08 MR11 MR07 MR14 MR09 MR10 MR06 MR12,11,22,22,1.00000000
7732,MR12 MR11 MR02 MR04 MR08 MR13 MR06 MR09 MR10 MR07 MR14,11,24,24,1.00000000
7733,MR13 MR11 MR02 MR04 MR08 MR07 MR09 MR10 MR12 MR14 MR06,11,20,20,1.00000000
7734,MR08 MR10 MR02 MR11 MR07 MR04 MR06 MR09 MR13 MR14 MR12,11,21,21,1.00000000
7735,MR13 MR02 MR04 MR08 MR06 MR07 MR11 MR12 MR09 MR10,10,24,21,0.87500000
7736,MR13 MR02 MR04 MR08 MR11 MR06 MR12 MR09 MR10 MR07 MR14,11,22,22,1.00000000
7737,MR13 MR11 MR02 MR04 MR08 MR07 MR14 MR09 MR10 MR12,10,22,19,0.86363636
7738,MR13 MR11 MR02 MR04 MR08 MR07 MR09 MR10 MR14 MR12 MR06,11,26,26,1.00000000
7739,MR05 MR02 MR04 MR08 MR11 MR12 MR06 MR07 MR09 MR10 MR14,11,27,24,0.88888889
7740,MR13 MR11 MR02 MR04 MR08 MR06 MR09 MR10 MR14 MR07 MR12,11,26,26,1.00000000
7741,MR13 MR02 MR04 MR08 MR11 MR07 MR12 MR09 MR10 MR06 MR14,11,25,25,1.00000000
7742,MR13 MR02 MR04 MR08 MR11 MR06 MR07 MR09 MR10 MR14 MR12,11,24,24,1.00000000
7743,MR13 MR02 MR04 MR08 MR11 MR07 MR12 MR14 MR06 MR09 MR10,11,26,26,1.00000000
7744,MR12 MR11 MR02 MR04 MR08 MR13 MR14 MR07 MR09 MR10 MR06,11,25,25,1.00000000
7745,MR13 MR02 MR04 MR08 MR11 MR07 MR06 MR09 MR10 MR12 MR14,11,26,26,1.00000000
7746,MR12 MR02 MR04 MR08 MR06 MR11 MR13 MR09 MR10 MR14 MR07,11,21,21,1.00000000
7747,MR13 MR11 MR02 MR04 MR08 MR14 MR09 MR10 MR12 MR06 MR07,11,21,21,1.00000000
7748,MR13 MR11 MR02 MR04 MR08 MR14 MR09 MR10 MR06 MR07 MR12,11,23,23,1.00000000
7749,MR13 MR11 MR02 MR04 MR08 MR07 MR09 MR10 MR12 MR14 MR06,11,23,23,1.00000000
7750,MR12 MR02 MR04 MR08 MR06 MR11 MR07 MR09 MR10 MR14 MR13,11,25,25,1.00000000
7751,MR13 MR14 MR02 MR04 MR08 MR11 MR06 MR07 MR09 MR10 MR12,11,24,24,1.00000000
7752,MR13 MR11 MR02 MR04 MR08 MR06 MR09 MR10 MR12 MR14 MR07,11,21,21,1.00000000
7753,MR13 MR11 MR02 MR04 MR08 MR06 MR12 MR09 MR10,9,22,16,0.72727273
7754,MR13 MR02 MR04 MR06 MR08 MR14 MR11 MR09 MR10 MR07 MR12,11,27,27,1.00000000
7755,MR12 MR11 MR10 MR02 MR08 MR14 MR04 MR09 MR07 MR13,10,26,23,0.88461538
7756,MR13 MR02 MR04 MR07 MR08 MR12 MR06 MR09 MR10 MR11 MR14,11,26,26,1.00000000
7757,MR13 MR11 MR02 MR04 MR08 MR12 MR07 MR09 MR10 MR14 MR06,11,20,20,1.00000000
7758,MR13 MR11 MR02 MR04 MR08 MR14 MR06 MR09 MR10 MR12,10,28,25,0.89285714
7759,MR13 MR02 MR04 MR08 MR11 MR14 MR06 MR09 MR10 MR07 MR12,11,27,27,1.00000000
7760,MR13 MR02 MR04 MR08 MR11 MR07 MR14 MR06 MR09 MR10 MR12,11,18,18,1.00000000
7761,MR13 MR02 MR04 MR08 MR11 MR06 MR14 MR07 MR09 MR10 MR12,11,25,25,1.00000000
7762,MR13 MR02 MR04 MR08 MR07 MR14 MR06 MR09 MR10 MR11 MR12,11,22,22,1.00000000
7763,MR13 MR02 MR04 MR06 MR08 MR11 MR12 MR09 MR10 MR07 MR14,11,26,26,1.00000000
7764,MR12 MR10 MR11 MR02 MR08 MR07 MR04 MR09 MR14 MR13,10,29,26,0.89655172
7765,MR13 MR11 MR02 MR04 MR08 MR06 MR09 MR10 MR07 MR12 MR14,11,23,23,1.00000000
7766,MR13 MR11 MR02 MR04 MR08 MR09 MR10 MR12 MR06 MR07 MR14,11,23,23,1.00000000
7767,MR13 MR11 MR02 MR04 MR08 MR12 MR06 MR09 MR10 MR14 MR07,11,19,19,1.00000000
7768,MR13 MR11 MR02 MR04 MR08 MR06 MR09 MR10 MR07 MR12 MR14,11,23,23,1.00000000
7769,MR13 MR11 MR02 MR04 MR08 MR06 MR09 MR10 MR14 MR12,10,26,23,0.88461538
7770,MR13 MR11 MR02 MR04 MR08 MR07 MR09 MR10 MR12 MR14 MR06,11,25,25,1.00000000
7771,MR13 MR11 MR02 MR04 MR08 MR07 MR09 MR10 MR12 MR14,10,25,22,0.88000000
7772,MR13 MR11 MR02 MR04 MR08 MR14 MR06 MR09 MR10 MR12,10,30,27,0.90000000
7773,MR13 MR11 MR02 MR04 MR08 MR09 MR10 MR06 MR07 MR12 MR14,11,23,23,1.00000000
7774,MR08 MR10 MR11 MR02 MR12 MR06 MR13 MR04 MR09 MR14 MR07,11,26,26,1.00000000
7775,MR13 MR02 MR04 MR08 MR11 MR07 MR06 MR09 MR10 MR14 MR12,11,19,19,1.00000000
7776,MR08 MR10 MR11 MR02 MR12 MR04 MR07 MR09 MR13 MR14 MR06,11,22,22,1.00000000
7777,MR13 MR02 MR04 MR08 MR11 MR07 MR06 MR09 MR10 MR12 MR14,11,27,27,1.00000000
7778,MR13 MR02 MR04 MR08 MR07 MR11 MR09 MR10 MR12 MR06 MR14,11,27,27,1.00000000
7779,MR13 MR02 MR04 MR08 MR11 MR07 MR06 MR09 MR10 MR12,10,24,21,0.87500000
7780,MR06 MR10 MR02 MR08 MR11 MR12 MR04 MR09 MR14 MR13 MR07,11,25,25,1.00000000
7781,MR13 MR11 MR02 MR04 MR08 MR07 MR09 MR10 MR14 MR12,10,25,22,0.88000000
7782,MR13 MR02 MR04 MR08 MR07 MR11 MR09 MR10 MR12 MR06 MR14,11,23,23,1.00000000
7783,MR08 MR10 MR02 MR11 MR04 MR06 MR07 MR09 MR12 MR14 MR13,11,26,26,1.00000000
7784,MR13 MR02 MR04 MR06 MR08 MR11 MR09 MR10 MR12 MR14 MR07,11,20,20,1.00000000
7785,MR13 MR02 MR04 MR06 MR08 MR11 MR09 MR10 MR12 MR07 MR14,11,24,24,1.00000000
7786,MR08 MR10 MR02 MR11 MR14 MR07 MR04 MR09 MR12 MR06 MR13,11,22,22,1.00000000
7787,MR13 MR11 MR02 MR04 MR08 MR09 MR10 MR06 MR12 MR14,10,26,23,0.88461538
7788,MR13 MR11 MR02 MR04 MR08 MR07 MR14 MR09 MR10 MR12,10,28,25,0.89285714
7789,MR08 MR10 MR11 MR02 MR14 MR04 MR09 MR07 MR12 MR13 MR06,11,21,21,1.00000000
7790,MR13 MR11 MR02 MR04 MR08 MR07 MR09 MR10 MR14 MR12,10,22,19,0.86363636
7791,MR13 MR11 MR02 MR04 MR08 MR14 MR09 MR10 MR06 MR07 MR12,11,22,22,1.00000000
7792,MR13 MR02 MR04 MR06 MR08 MR07 MR09 MR10 MR12 MR11 MR14,11,23,23,1.00000000
7793,MR13 MR02 MR04 MR08 MR14 MR11 MR07 MR06 MR09 MR10 MR12,11,25,25,1.00000000
7794,MR05 MR11 MR02 MR04 MR08 MR14 MR06 MR09 MR10 MR12,10,25,19,0.76000000
7795,MR13 MR11 MR02 MR04 MR08 MR09 MR10 MR14 MR07,9,27,21,0.77777778
7796,MR13 MR02 MR04 MR06 MR08 MR11 MR12 MR09 MR10 MR07,10,17,14,0.82352941
7797,MR12 MR10 MR02 MR08 MR11 MR07 MR04 MR09 MR14 MR06 MR13,11,24,24,1.00000000
7798,MR12 MR10 MR11 MR02 MR08 MR14 MR07 MR04 MR09 MR13 MR06,11,26,26,1.00000000
7799,MR13 MR02 MR04 MR08 MR11 MR06 MR12 MR14 MR07 MR09 MR10,11,24,24,1.00000000
7800,MR13 MR02 MR04 MR08 MR11 MR06 MR12 MR14 MR07 MR09 MR10,11,19,19,1.00000000
7801,MR13 MR02 MR04 MR08 MR07 MR06 MR12 MR09 MR10 MR11 MR14,11,27,27,1.00000000
7802,MR12 MR11 MR10 MR02 MR08 MR04 MR06 MR09 MR07 MR13 MR14,11,26,26,1.00000000
7803,MR13 MR02 MR04 MR08 MR11 MR06 MR12 MR07 MR09 MR10,10,25,22,0.88000000
7804,MR13 MR11 MR02 MR04 MR08 MR09 MR10 MR14 MR06 MR07 MR12,11,19,19,1.00000000
7805,MR12 MR02 MR04 MR08 MR07 MR11 MR13 MR14 MR06 MR09 MR10,11,25,25,1.00000000
7806,MR13 MR02 MR04 MR08 MR11 MR14 MR06 MR07 MR09 MR10 MR12,11,29,29,1.00000000
7807,MR13 MR11 MR02 MR04 MR08 MR06 MR14 MR09 MR10 MR12,10,21,18,0.85714286
7808,MR13 MR02 MR04 MR08 MR11 MR06 MR09 MR10 MR07 MR14 MR12,11,25,25,1.00000000
7809,MR13 MR11 MR02 MR04 MR08 MR12 MR06 MR09 MR10 MR14,10,23,20,0.86956522
7810,MR13 MR11 MR02 MR04 MR08 MR12 MR09 MR10 MR14 MR07,10,21,18,0.85714286
7811,MR13 MR11 MR02 MR04 MR08 MR06 MR09 MR10 MR12 MR14 MR07,11,20,20,1.00000000
7812,MR13 MR11 MR02 MR04 MR08 MR14 MR09 MR10 MR06 MR07 MR12,11,24,24,1.00000000
7813,MR05 MR02 MR04 MR08 MR11 MR14 MR06 MR07 MR09 MR10 MR12,11,26,23,0.88461538
7814,MR13 MR02 MR04 MR08 MR06 MR11 MR14 MR07 MR09 MR10 MR12,11,25,25,1.00000000
7815,MR13 MR02 MR04 MR08 MR11 MR14 MR06 MR07 MR09 MR10 MR12,11,21,21,1.00000000
7816,MR13 MR02 MR04 MR08 MR14 MR07 MR11 MR06 MR09 MR10,10,24,21,0.87500000
7817,MR13 MR02 MR04 MR08 MR11 MR12 MR07 MR09 MR10 MR06 MR14,11,30,30,1.00000000
7818,MR13 MR11 MR02 MR04 MR08 MR14 MR09 MR10 MR12 MR06 MR07,11,23,23,1.00000000
7819,MR13 MR02 MR04 MR08 MR11 MR07 MR06 MR09 MR10 MR12 MR14,11,22,22,1.00000000
7820,MR13 MR11 MR02 MR04 MR08 MR09 MR10 MR06 MR07 MR12 MR14,11,24,24,1.00000000
7821,MR13 MR02 MR04 MR08 MR11 MR07 MR06 MR09 MR10 MR14,10,21,18,0.85714286
7822,MR12 MR10 MR02 MR08 MR11 MR14 MR04 MR06 MR07 MR09 MR13,11,27,27,1.00000000
7823,MR12 MR02 MR04 MR08 MR11 MR06 MR13 MR14 MR09 MR10 MR07,11,22,22,1.00000000
7824,MR12 MR11 MR10 MR02 MR08 MR04 MR05 MR09 MR06 MR07,10,28,22,0.78571429
7825,MR13 MR02 MR04 MR07 MR08 MR11 MR09 MR10 MR12 MR14,10,23,20,0.86956522
7826,MR05 MR11 MR02 MR04 MR08 MR14 MR06 MR09 MR10 MR12 MR07,11,26,23,0.88461538
7827,MR13 MR02 MR04 MR08 MR11 MR06 MR09 MR10 MR14 MR07 MR12,11,24,24,1.00000000
7828,MR13 MR11 MR02 MR04 MR08 MR07 MR09 MR10 MR06 MR12 MR14,11,25,25,1.00000000
7829,MR13 MR11 MR02 MR04 MR08 MR12 MR06 MR09 MR10 MR14 MR07,11,24,24,1.00000000
7830,MR13 MR11 MR02 MR04 MR08 MR07 MR09 MR10 MR06 MR12 MR14,11,22,22,1.00000000
7831,MR13 MR11 MR02 MR04 MR08 MR06 MR14 MR09 MR10 MR12 MR07,11,26,26,1.00000000
7832,MR13 MR02 MR04 MR07 MR08 MR11 MR12 MR09 MR10 MR06 MR14,11,21,21,1.00000000
7833,MR13 MR02 MR04 MR07 MR08 MR11 MR09 MR10 MR14 MR06 MR12,11,25,25,1.00000000
7834,MR13 MR02 MR04 MR08 MR11 MR07 MR06 MR09 MR10 MR12 MR14,11,26,26,1.00000000
7835,MR13 MR02 MR04 MR08 MR06 MR07 MR11 MR12 MR09 MR10 MR14,11,26,26,1.00000000
7836,MR05 MR11 MR02 MR04 MR08 MR14 MR07 MR09 MR10 MR06 MR12,11,24,21,0.87500000
7837,MR13 MR02 MR04 MR08 MR06 MR11 MR09 MR10 MR07 MR12 MR14,11,29,29,1.00000000
7838,MR13 MR02 MR04 MR06 MR08 MR07 MR09 MR10 MR11 MR14,10,25,22,0.88000000
7839,MR13 MR02 MR04 MR08 MR11 MR07 MR09 MR10 MR06 MR14 MR12,11,22,22,1.00000000
7840,MR12 MR11 MR02 MR04 MR08 MR13 MR06 MR09 MR10 MR07 MR14,11,23,23,1.00000000
7841,MR12 MR02 MR04 MR08 MR11 MR06 MR09 MR10 MR13 MR07 MR14,11,24,24,1.00000000
7842,MR13 MR02 MR04 MR08 MR11 MR14 MR06 MR09 MR10 MR07 MR12,11,24,24,1.00000000
7843,MR13 MR02 MR04 MR08 MR07 MR11 MR09 MR10 MR14 MR06 MR12,11,28,28,1.00000000
7844,MR13 MR02 MR04 MR08 MR07 MR11 MR14 MR09 MR10 MR12 MR06,11,21,21,1.00000000
7845,MR13 MR11 MR02 MR04 MR08 MR07 MR14 MR09 MR10 MR12,10,27,24,0.88888889
7846,MR13 MR11 MR02 MR04 MR08 MR07 MR09 MR10 MR12,9,27,21,0.77777778
7847,MR05 MR11 MR02 MR04 MR08 MR14 MR06 MR09 MR10 MR12 MR07,11,24,21,0.87500000
7848,MR13 MR02 MR04 MR08 MR14 MR11 MR06 MR07 MR09 MR10 MR12,11,26,26,1.00000000
7849,MR12 MR10 MR11 MR02 MR08 MR05 MR04 MR06 MR09 MR07 MR14,11,28,25,0.89285714
7850,MR12 MR11 MR02 MR04 MR08 MR13 MR06 MR09 MR10 MR07 MR14,11,27,27,1.00000000
7851,MR12 MR10 MR11 MR02 MR08 MR07 MR04 MR09 MR14 MR13 MR06,11,25,25,1.00000000
7852,MR08 MR10 MR02 MR14 MR06 MR11 MR04 MR09 MR07 MR13,10,34,31,0.91176471
7853,MR13 MR02 MR04 MR08 MR07 MR11 MR06 MR09 MR10 MR12 MR14,11,19,19,1.00000000
7854,MR12 MR10 MR02 MR08 MR07 MR06 MR14 MR04 MR09 MR11 MR13,11,26,26,1.00000000
7855,MR08 MR10 MR02 MR11 MR06 MR04 MR09 MR12 MR13 MR14 MR07,11,25,25,1.00000000
7856,MR13 MR02 MR04 MR08 MR11 MR06 MR09 MR10 MR14 MR12 MR07,11,26,26,1.00000000
7857,MR05 MR02 MR04 MR08 MR11 MR14 MR07 MR09 MR10 MR06 MR12,11,25,22,0.88000000
7858,MR08 MR10 MR11 MR02 MR14 MR06 MR04 MR09 MR12 MR07 MR13,11,23,23,1.00000000
7859,MR12 MR14 MR10 MR11 MR02 MR08 MR07 MR04 MR09 MR06 MR13,11,29,29,1.00000000
7860,MR13 MR02 MR04 MR08 MR11 MR06 MR07 MR09 MR10 MR12,10,26,23,0.88461538
7861,MR13 MR02 MR04 MR08 MR11 MR06 MR07 MR09 MR10 MR12 MR14,11,22,22,1.00000000
7862,MR13 MR11 MR02 MR04 MR08 MR06 MR14 MR09 MR10 MR12 MR07,11,27,27,1.00000000
7863,MR13 MR02 MR04 MR08 MR11 MR06 MR12 MR09 MR10 MR07 MR14,11,26,26,1.00000000
7864,MR13 MR02 MR04 MR08 MR07 MR11 MR12 MR06 MR09 MR10 MR14,11,25,25,1.00000000
7865,MR13 MR02 MR04 MR08 MR11 MR06 MR07 MR09 MR10 MR14 MR12,11,23,23,1.00000000
7866,MR13 MR02 MR04 MR08 MR11 MR07 MR06 MR09 MR10 MR12 MR14,11,25,25,1.00000000
7867,MR13 MR11 MR02 MR04 MR08 MR12 MR09 MR10 MR06 MR07 MR14,11,26,26,1.00000000
7868,MR13 MR02 MR04 MR08 MR11 MR06 MR12 MR14 MR07 MR09 MR10,11,26,26,1.00000000
7869,MR13 MR06 MR02 MR04 MR08 MR12 MR07 MR09 MR10 MR11 MR14,11,25,25,1.00000000
7870,MR13 MR11 MR02 MR04 MR08 MR09 MR10 MR12 MR06 MR07 MR14,11,26,26,1.00000000
7871,MR13 MR06 MR02 MR04 MR08 MR11 MR09 MR10 MR14 MR07 MR12,11,29,29,1.00000000
7872,MR13 MR02 MR04 MR08 MR06 MR07 MR11 MR12 MR09 MR10 MR14,11,23,23,1.00000000
7873,MR08 MR10 MR02 MR11 MR14 MR04 MR06 MR07 MR09 MR12 MR13,11,22,22,1.00000000
7874,MR13 MR02 MR04 MR08 MR06 MR07 MR11 MR09 MR10 MR14 MR12,11,28,28,1.00000000
7875,MR13 MR02 MR04 MR08 MR11 MR06 MR12 MR09 MR10 MR07 MR14,11,25,25,1.00000000
7876,MR14 MR10 MR11 MR02 MR08 MR04 MR07 MR09 MR13 MR06,10,24,21,0.87500000
7877,MR13 MR02 MR04 MR08 MR11 MR07 MR14 MR09 MR10 MR06 MR12,11,22,22,1.00000000
7878,MR07 MR10 MR02 MR08 MR13 MR04 MR09 MR11 MR12 MR14 MR06,11,21,21,1.00000000
7879,MR13 MR02 MR04 MR08 MR11 MR06 MR09 MR10 MR12 MR14 MR07,11,26,26,1.00000000
7880,MR12 MR10 MR02 MR08 MR11 MR07 MR04 MR06 MR09 MR13 MR14,11,22,22,1.00000000
7881,MR13 MR02 MR04 MR08 MR11 MR06 MR12 MR07 MR09 MR10 MR14,11,24,24,1.00000000
7882,MR13 MR02 MR04 MR08 MR11 MR06 MR09 MR10 MR14 MR07 MR12,11,22,22,1.00000000
7883,MR13 MR02 MR04 MR08 MR06 MR11 MR12 MR07 MR09 MR10 MR14,11,21,21,1.00000000
7884,MR08 MR04 MR11 MR02 MR14 MR06 MR09 MR10 MR12 MR13 MR07,11,26,26,1.00000000
7885,MR13 MR02 MR04 MR08 MR06 MR11 MR07 MR09 MR10 MR12 MR14,11,22,22,1.00000000
7886,MR13 MR02 MR04 MR08 MR11 MR12 MR06 MR09 MR10 MR07 MR14,11,26,26,1.00000000
7887,MR13 MR02 MR04 MR07 MR08 MR14 MR11 MR09 MR10 MR06 MR12,11,24,24,1.00000000
7888,MR13 MR02 MR04 MR08 MR11 MR07 MR09 MR10 MR12 MR06 MR14,11,24,24,1.00000000
7889,MR13 MR11 MR02 MR04 MR08 MR09 MR10 MR12 MR14 MR06 MR07,11,24,24,1.00000000
7890,MR13 MR11 MR02 MR04 MR08 MR14 MR06 MR09 MR10 MR07 MR12,11,22,22,1.00000000
7891,MR13 MR11 MR02 MR04 MR08 MR07 MR09 MR10 MR12 MR06 MR14,11,28,28,1.00000000
7892,MR13 MR02 MR04 MR08 MR11 MR06 MR09 MR10 MR12 MR07 MR14,11,26,26,1.00000000
7893,MR13 MR11 MR02 MR04 MR08 MR07 MR09 MR10 MR12 MR14,10,26,23,0.88461538
7894,MR13 MR02 MR04 MR08 MR11 MR07 MR06 MR09 MR10 MR14,10,25,22,0.88000000
7895,MR13 MR11 MR02 MR04 MR08 MR12 MR07 MR09 MR10 MR14 MR06,11,22,22,1.00000000
7896,MR13 MR02 MR04 MR08 MR07 MR06 MR09 MR10 MR11 MR12 MR14,11,25,25,1.00000000
7897,MR08 MR04 MR02 MR11 MR14 MR06 MR07 MR09 MR10 MR12 MR13,11,24,24,1.00000000
7898,MR13 MR02 MR04 MR08 MR11 MR06 MR09 MR10 MR12 MR07 MR14,11,23,23,1.00000000
7899,MR08 MR10 MR11 MR02 MR12 MR07 MR04 MR09 MR13 MR14 MR06,11,22,22,1.00000000
7900,MR13 MR02 MR04 MR08 MR11 MR14 MR06 MR07 MR09 MR10 MR12,11,28,28,1.00000000
7901,MR13 MR02 MR04 MR08 MR06 MR11 MR14 MR07 MR09 MR10 MR12,11,22,22,1.00000000
7902,MR13 MR02 MR04 MR08 MR11 MR06 MR07 MR09 MR10 MR12 MR14,11,22,22,1.00000000
7903,MR13 MR02 MR04 MR08 MR11 MR07 MR09 MR10 MR12 MR14 MR06,11,22,22,1.00000000
7904,MR13 MR02 MR04 MR08 MR11 MR06 MR09 MR10 MR12 MR14 MR07,11,19,19,1.00000000
7905,MR08 MR10 MR02 MR06 MR14 MR11 MR04 MR07 MR09 MR12 MR13,11,21,21,1.00000000
7906,MR13 MR11 MR02 MR04 MR08 MR12 MR09 MR10 MR14 MR06 MR07,11,22,22,1.00000000
7907,MR13 MR02 MR04 MR08 MR11 MR07 MR12 MR06 MR09 MR10,10,28,25,0.89285714
7908,MR13 MR11 MR02 MR04 MR08 MR07 MR09 MR10 MR06 MR14 MR12,11,22,22,1.00000000
7909,MR13 MR07 MR02 MR04 MR08 MR09 MR10 MR11 MR14 MR12 MR06,11,23,23,1.00000000
7910,MR13 MR11 MR02 MR04 MR08 MR09 MR10 MR12 MR06 MR07 MR14,11,25,25,1.00000000
7911,MR13 MR02 MR04 MR08 MR11 MR06 MR14 MR09 MR10 MR07 MR12,11,29,29,1.00000000
7912,MR13 MR11 MR02 MR04 MR08 MR07 MR09 MR10 MR12 MR14 MR06,11,27,27,1.00000000
7913,MR13 MR02 MR04 MR08 MR06 MR11 MR12 MR07 MR09 MR10 MR14,11,29,29,1.00000000
7914,MR13 MR02 MR04 MR08 MR06 MR11 MR14 MR09 MR10 MR12 MR07,11,19,19,1.00000000
7915,MR13 MR02 MR04 MR08 MR06 MR07 MR11 MR09 MR10 MR12 MR14,11,22,22,1.00000000
7916,MR13 MR02 MR04 MR08 MR07 MR11 MR12 MR06 MR09 MR10 MR14,11,18,18,1.00000000
7917,MR12 MR10 MR02 MR08 MR14 MR07 MR06 MR04 MR09 MR11 MR13,11,23,23,1.00000000
7918,MR13 MR02 MR04 MR08 MR11 MR07 MR14 MR09 MR10 MR06 MR12,11,24,24,1.00000000
7919,MR13 MR11 MR02 MR04 MR08 MR14 MR07 MR09 MR10 MR12 MR06,11,25,25,1.00000000
7920,MR13 MR11 MR02 MR04 MR08 MR12 MR06 MR09 MR10 MR07 MR14,11,16,16,1.00000000
7921,MR13 MR11 MR02 MR04 MR08 MR06 MR09 MR10 MR12 MR14 MR07,11,19,19,1.00000000
7922,MR13 MR11 MR02 MR04 MR08 MR12 MR14 MR09 MR10 MR06 MR07,11,25,25,1.00000000
7923,MR13 MR02 MR04 MR08 MR11 MR06 MR07 MR09 MR10 MR12 MR14,11,23,23,1.00000000
7924,MR13 MR02 MR04 MR08 MR11 MR06 MR12 MR07 MR09 MR10 MR14,11,19,19,1.00000000
7925,MR13 MR02 MR04 MR08 MR11 MR07 MR12 MR09 MR10 MR06 MR14,11,26,26,1.00000000
7926,MR12 MR10 MR02 MR08 MR11 MR07 MR04 MR06 MR09 MR13 MR14,11,28,28,1.00000000
7927,MR13 MR11 MR02 MR04 MR08 MR06 MR09 MR10 MR14 MR07 MR12,11,23,23,1.00000000
7928,MR13 MR02 MR04 MR08 MR11 MR06 MR07 MR09 MR10 MR12 MR14,11,23,23,1.00000000
7929,MR12 MR02 MR04 MR07 MR08 MR11 MR14 MR09 MR10 MR06 MR13,11,23,23,1.00000000
7930,MR13 MR11 MR02 MR04 MR08 MR12 MR14 MR06 MR09 MR10 MR07,11,26,26,1.00000000
7931,MR13 MR02 MR04 MR08 MR07 MR11 MR12 MR14 MR09 MR10 MR06,11,27,27,1.00000000
7932,MR13 MR02 MR04 MR08 MR11 MR07 MR06 MR09 MR10 MR14 MR12,11,25,25,1.00000000
7933,MR13 MR11 MR02 MR04 MR08 MR09 MR10 MR06 MR07 MR12 MR14,11,19,19,1.00000000
7934,MR13 MR02 MR04 MR06 MR08 MR11 MR14 MR09 MR10 MR12 MR07,11,25,25,1.00000000
7935,MR13 MR02 MR04 MR08 MR06 MR11 MR07 MR09 MR10 MR14 MR12,11,26,26,1.00000000
7936,MR13 MR02 MR04 MR08 MR07 MR11 MR06 MR09 MR10 MR12 MR14,11,22,22,1.00000000
7937,MR13 MR11 MR02 MR04 MR08 MR09 MR10 MR12 MR14 MR06 MR07,11,19,19,1.00000000
7938,MR13 MR02 MR04 MR08 MR11 MR07 MR12 MR14 MR09 MR10 MR06,11,21,21,1.00000000
7939,MR13 MR02 MR04 MR08 MR06 MR07 MR09 MR10 MR11 MR14,10,26,23,0.88461538
7940,MR13 MR11 MR02 MR04 MR08 MR06 MR09 MR10 MR12 MR14 MR07,11,26,26,1.00000000
7941,MR13 MR02 MR04 MR08 MR06 MR11 MR07 MR09 MR10 MR12 MR14,11,29,29,1.00000000
7942,MR13 MR02 MR04 MR08 MR07 MR12 MR06 MR09 MR10 MR11 MR14,11,24,24,1.00000000
7943,MR13 MR06 MR02 MR04 MR08 MR12 MR07 MR09 MR10 MR11 MR14,11,21,21,1.00000000
7944,MR13 MR02 MR04 MR08 MR06 MR11 MR14 MR07 MR09 MR10 MR12,11,21,21,1.00000000
7945,MR13 MR11 MR02 MR04 MR08 MR12 MR07 MR09 MR10 MR14 MR06,11,29,29,1.00000000
7946,MR13 MR02 MR04 MR08 MR11 MR06 MR12 MR07 MR09 MR10 MR14,11,22,22,1.00000000
7947,MR13 MR02 MR04 MR08 MR11 MR07 MR06 MR09 MR10 MR12 MR14,11,19,19,1.00000000
7948,MR13 MR02 MR04 MR08 MR11 MR07 MR14 MR09 MR10 MR06 MR12,11,25,25,1.00000000
7949,MR13 MR11 MR02 MR04 MR08 MR12 MR06 MR09 MR10 MR07 MR14,11,26,26,1.00000000
7950,MR13 MR02 MR04 MR08 MR11 MR06 MR09 MR10 MR07 MR12 MR14,11,26,26,1.00000000
7951,MR13 MR02 MR04 MR08 MR11 MR07 MR06 MR09 MR10 MR12 MR14,11,23,23,1.00000000
7952,MR13 MR02 MR04 MR08 MR11 MR06 MR09 MR10 MR14 MR07 MR12,11,27,27,1.00000000
7953,MR13 MR02 MR04 MR08 MR11 MR07 MR09 MR10 MR12 MR14 MR06,11,20,20,1.00000000
7954,MR08 MR10 MR11 MR02 MR14 MR04 MR07 MR09 MR06 MR12 MR13,11,29,29,1.00000000
7955,MR08 MR02 MR04 MR12 MR11 MR13 MR06 MR07 MR09 MR10 MR14,11,27,27,1.00000000
7956,MR13 MR02 MR04 MR08 MR07 MR11 MR14 MR06 MR09 MR10 MR12,11,20,20,1.00000000
7957,MR05 MR02 MR04 MR08 MR06 MR11 MR09 MR10 MR07 MR12 MR14,11,27,24,0.88888889
7958,MR13 MR02 MR04 MR08 MR11 MR12 MR07 MR14 MR09 MR10 MR06,11,24,24,1.00000000
7959,MR13 MR11 MR02 MR04 MR08 MR06 MR09 MR10 MR12 MR07 MR14,11,25,25,1.00000000
7960,MR13 MR11 MR02 MR04 MR08 MR14 MR06 MR09 MR10 MR07 MR12,11,21,21,1.00000000
7961,MR13 MR11 MR02 MR04 MR08 MR12 MR07 MR09 MR10 MR06 MR14,11,19,19,1.00000000
7962,MR13 MR11 MR02 MR04 MR08 MR09 MR10 MR07 MR06 MR12 MR14,11,27,27,1.00000000
7963,MR13 MR02 MR04 MR08 MR11 MR07 MR09 MR10 MR14 MR06 MR12,11,22,22,1.00000000
7964,MR13 MR11 MR02 MR04 MR08 MR12 MR06 MR09 MR10 MR14 MR07,11,28,28,1.00000000
7965,MR13 MR02 MR04 MR08 MR06 MR11 MR07 MR09 MR10 MR12 MR14,11,25,25,1.00000000
7966,MR12 MR02 MR04 MR08 MR14 MR06 MR07 MR11 MR09 MR10 MR13,11,21,21,1.00000000
7967,MR12 MR10 MR02 MR08 MR11 MR04 MR06 MR07 MR09 MR14 MR13,11,23,23,1.00000000
7968,MR13 MR02 MR04 MR08 MR11 MR06 MR14 MR07 MR09 MR10 MR12,11,22,22,1.00000000
7969,MR12 MR11 MR10 MR02 MR08 MR14 MR04 MR09 MR07 MR06 MR13,11,22,22,1.00000000
7970,MR13 MR02 MR04 MR06 MR08 MR14 MR11 MR09 MR10 MR07 MR12,11,24,24,1.00000000
7971,MR13 MR02 MR04 MR08 MR06 MR07 MR11 MR14 MR09 MR10,10,31,28,0.90322581
7972,MR14 MR10 MR02 MR08 MR11 MR04 MR06 MR07 MR09 MR13 MR12,11,25,25,1.00000000
7973,MR13 MR11 MR02 MR04 MR08 MR14 MR09 MR10 MR06 MR07 MR12,11,24,24,1.00000000
7974,MR12 MR10 MR11 MR02 MR08 MR04 MR09 MR06 MR07 MR14 MR13,11,23,23,1.00000000
7975,MR13 MR11 MR02 MR04 MR08 MR06 MR09 MR10 MR12 MR14 MR07,11,20,20,1.00000000
7976,MR12 MR02 MR04 MR08 MR11 MR13 MR07 MR06 MR09 MR10 MR14,11,27,27,1.00000000
7977,MR13 MR02 MR04 MR08 MR07 MR11 MR06 MR09 MR10 MR14 MR12,11,26,26,1.00000000
7978,MR13 MR02 MR04 MR08 MR11 MR07 MR09 MR10 MR14 MR12 MR06,11,18,18,1.00000000
7979,MR13 MR11 MR02 MR04 MR08 MR07 MR09 MR10 MR06 MR12 MR14,11,19,19,1.00000000
7980,MR13 MR02 MR04 MR08 MR11 MR06 MR09 MR10 MR12 MR14 MR07,11,27,27,1.00000000
7981,MR13 MR11 MR02 MR04 MR08 MR09 MR10 MR14 MR06 MR07 MR12,11,24,24,1.00000000
7982,MR08 MR10 MR02 MR11 MR14 MR07 MR12 MR04 MR06 MR09 MR13,11,26,26,1.00000000
7983,MR12 MR10 MR02 MR08 MR11 MR04 MR06 MR07 MR09 MR13 MR14,11,22,22,1.00000000
7984,MR12 MR10 MR02 MR07 MR08 MR11 MR04 MR09 MR14 MR13,10,22,19,0.86363636
7985,MR13 MR02 MR04 MR08 MR11 MR07 MR09 MR10 MR14 MR06 MR12,11,22,22,1.00000000
7986,MR12 MR10 MR02 MR08 MR06 MR07 MR14 MR04 MR09 MR11 MR13,11,25,25,1.00000000
7987,MR13 MR02 MR04 MR08 MR06 MR11 MR14 MR07 MR09 MR10,10,24,21,0.87500000
7988,MR12 MR10 MR02 MR08 MR11 MR06 MR04 MR09 MR07 MR13 MR14,11,27,27,1.00000000
7989,MR13 MR11 MR02 MR04 MR08 MR09 MR10 MR06 MR12 MR14,10,25,22,0.88000000
7990,MR13 MR02 MR04 MR08 MR11 MR07 MR09 MR10 MR14 MR06 MR12,11,24,24,1.00000000
7991,MR08 MR11 MR02 MR04 MR13 MR09 MR10 MR14 MR06 MR07 MR12,11,21,21,1.00000000
7992,MR12 MR02 MR04 MR08 MR11 MR06 MR09 MR10 MR13 MR14 MR07,11,27,27,1.00000000
7993,MR06 MR04 MR02 MR08 MR12 MR13 MR07 MR09 MR10 MR14 MR11,11,28,28,1.00000000
7994,MR08 MR10 MR02 MR06 MR07 MR11 MR12 MR04 MR09 MR13 MR14,11,23,23,1.00000000
7995,MR13 MR02 MR04 MR08 MR11 MR06 MR07 MR09 MR10 MR12 MR14,11,23,23,1.00000000
7996,MR13 MR11 MR02 MR04 MR08 MR09 MR10 MR12 MR06 MR14 MR07,11,25,25,1.00000000
7997,MR12 MR10 MR02 MR08 MR11 MR07 MR04 MR06 MR09 MR13 MR14,11,25,25,1.00000000
7998,MR12 MR02 MR04 MR08 MR11 MR07 MR13 MR14 MR09 MR10 MR06,11,24,24,1.00000000
7999,MR13 MR02 MR04 MR08 MR11 MR12 MR06 MR07 MR09 MR10 MR14,11,23,23,1.00000000
8000,MR13 MR11 MR02 MR04 MR08 MR07 MR09 MR10 MR14 MR06 MR12,11,25,25,1.00000000
8001,MR13 MR02 MR04 MR08 MR14 MR06 MR07 MR11 MR09 MR10 MR12,11,21,21,1.00000000
8002,MR13 MR02 MR04 MR08 MR11 MR06 MR07 MR09 MR10 MR12 MR14,11,23,23,1.00000000
8003,MR13 MR02 MR04 MR08 MR11 MR07 MR06 MR09 MR10 MR12 MR14,11,22,22,1.00000000
8004,MR13 MR11 MR02 MR04 MR08 MR09 MR10 MR12 MR06 MR07,10,26,23,0.88461538
8005,MR13 MR02 MR04 MR08 MR07 MR06 MR12 MR09 MR10 MR11 MR14,11,23,23,1.00000000
8006,MR13 MR02 MR04 MR08 MR11 MR06 MR07 MR09 MR10 MR14 MR12,11,23,23,1.00000000
8007,MR13 MR11 MR02 MR04 MR08 MR14 MR06 MR09 MR10 MR12 MR07,11,23,23,1.00000000
8008,MR13 MR02 MR04 MR08 MR11 MR06 MR07 MR09 MR10 MR12 MR14,11,22,22,1.00000000
8009,MR13 MR11 MR02 MR04 MR08 MR14 MR09 MR10 MR12 MR06,10,25,22,0.88000000
8010,MR13 MR02 MR04 MR08 MR11 MR06 MR14 MR09 MR10 MR12 MR07,11,24,24,1.00000000
8011,MR13 MR11 MR02 MR04 MR08 MR14 MR06 MR09 MR10 MR12 MR07,11,23,23,1.00000000
8012,MR13 MR02 MR04 MR08 MR11 MR07 MR06 MR09 MR10 MR12 MR14,11,26,26,1.00000000
8013,MR13 MR02 MR04 MR08 MR11 MR06 MR14 MR07 MR09 MR10 MR12,11,26,26,1.00000000
8014,MR13 MR02 MR04 MR07 MR08 MR11 MR14 MR09 MR10 MR06 MR12,11,25,25,1.00000000
8015,MR12 MR11 MR02 MR04 MR08 MR06 MR09 MR10 MR14 MR05,10,23,17,0.73913043
8016,MR13 MR02 MR04 MR08 MR06 MR11 MR07 MR09 MR10 MR12 MR14,11,23,23,1.00000000
8017,MR13 MR11 MR02 MR04 MR08 MR12 MR07 MR09 MR10 MR14 MR06,11,27,27,1.00000000
8018,MR13 MR02 MR04 MR08 MR11 MR12 MR06 MR07 MR09 MR10 MR14,11,19,19,1.00000000
8019,MR13 MR02 MR04 MR08 MR11 MR14 MR07 MR09 MR10 MR06 MR12,11,21,21,1.00000000
8020,MR13 MR02 MR04 MR06 MR08 MR11 MR09 MR10 MR14 MR07 MR12,11,26,26,1.00000000
8021,MR13 MR02 MR04 MR08 MR07 MR12 MR06 MR09 MR10 MR11 MR14,11,26,26,1.00000000
8022,MR13 MR02 MR04 MR08 MR06 MR11 MR07 MR09 MR10 MR12 MR14,11,20,20,1.00000000
8023,MR13 MR11 MR02 MR04 MR08 MR09 MR10 MR12 MR07 MR14 MR06,11,23,23,1.00000000
8024,MR13 MR11 MR02 MR04 MR08 MR06 MR09 MR10 MR12 MR14,10,26,23,0.88461538
8025,MR13 MR11 MR02 MR04 MR08 MR12 MR07 MR09 MR10 MR14 MR06,11,26,26,1.00000000
8026,MR13 MR02 MR04 MR06 MR08 MR11 MR09 MR10 MR12 MR07 MR14,11,28,28,1.00000000
8027,MR12 MR10 MR11 MR02 MR08 MR14 MR04 MR06 MR09 MR07 MR13,11,23,23,1.00000000
8028,MR13 MR11 MR02 MR04 MR08 MR06 MR09 MR10 MR12 MR14 MR07,11,22,22,1.00000000
8029,MR13 MR02 MR04 MR08 MR11 MR12 MR06 MR07 MR09 MR10,10,24,21,0.87500000
8030,MR13 MR02 MR04 MR08 MR11 MR06 MR09 MR10 MR07 MR12 MR14,11,29,29,1.00000000
8031,MR08 MR10 MR11 MR02 MR14 MR12 MR04 MR06 MR09 MR13 MR07,11,23,23,1.00000000
8032,MR13 MR02 MR04 MR08 MR11 MR06 MR07 MR09 MR10 MR14 MR12,11,17,17,1.00000000
8033,MR13 MR11 MR02 MR04 MR08 MR09 MR10 MR12 MR06 MR14 MR07,11,20,20,1.00000000
8034,MR08 MR10 MR02 MR11 MR12 MR04 MR06 MR07 MR09 MR13 MR14,11,23,23,1.00000000
8035,MR08 MR10 MR02 MR07 MR12 MR14 MR11 MR13 MR04 MR06 MR09,11,23,23,1.00000000
8036,MR12 MR10 MR02 MR08 MR11 MR07 MR04 MR09 MR13 MR06 MR14,11,23,23,1.00000000
8037,MR13 MR02 MR04 MR08 MR11 MR07 MR09 MR10 MR06 MR12 MR14,11,18,18,1.00000000
8038,MR13 MR02 MR04 MR08 MR11 MR06 MR09 MR10 MR07 MR12 MR14,11,26,26,1.00000000
8039,MR05 MR11 MR02 MR04 MR08 MR14 MR09 MR10 MR12 MR06 MR07,11,21,18,0.85714286
8040,MR08 MR10 MR02 MR11 MR12 MR14 MR04 MR06 MR07 MR09 MR13,11,23,23,1.00000000
8041,MR13 MR02 MR04 MR08 MR11 MR07 MR09 MR10 MR12 MR06 MR14,11,22,22,1.00000000
8042,MR13 MR02 MR04 MR08 MR14 MR06 MR11 MR09 MR10 MR07 MR12,11,23,23,1.00000000
8043,MR13 MR02 MR04 MR08 MR11 MR06 MR07 MR09 MR10 MR14 MR12,11,27,27,1.00000000
8044,MR14 MR04 MR02 MR08 MR06 MR07 MR11 MR09 MR10 MR13 MR12,11,27,27,1.00000000
8045,MR13 MR11 MR02 MR04 MR08 MR14 MR07 MR09 MR10 MR12 MR06,11,25,25,1.00000000
8046,MR13 MR02 MR04 MR07 MR08 MR11 MR12 MR14 MR09 MR10 MR06,11,25,25,1.00000000
8047,MR12 MR06 MR02 MR04 MR08 MR14 MR09 MR10 MR11 MR07 MR13,11,26,26,1.00000000
8048,MR13 MR11 MR02 MR04 MR08 MR07 MR09 MR10 MR14 MR06 MR12,11,27,27,1.00000000
8049,MR13 MR11 MR02 MR04 MR08 MR09 MR10 MR12 MR14 MR06 MR07,11,23,23,1.00000000
8050,MR13 MR02 MR04 MR08 MR06 MR07 MR11 MR12 MR09 MR10 MR14,11,25,25,1.00000000
8051,MR13 MR11 MR02 MR04 MR08 MR09 MR10 MR12 MR06 MR07 MR14,11,22,22,1.00000000
8052,MR13 MR11 MR02 MR04 MR08 MR14 MR07 MR09 MR10 MR06 MR12,11,28,28,1.00000000
8053,MR13 MR02 MR04 MR08 MR11 MR14 MR06 MR07 MR09 MR10 MR12,11,22,22,1.00000000
8054,MR13 MR06 MR02 MR04 MR08 MR11 MR09 MR10 MR12 MR14,10,26,23,0.88461538
8055,MR13 MR02 MR04 MR08 MR06 MR11 MR07 MR09 MR10 MR12 MR14,11,23,23,1.00000000
8056,MR14 MR11 MR02 MR04 MR08 MR12 MR09 MR10 MR13 MR06 MR07,11,29,29,1.00000000
8057,MR13 MR11 MR02 MR04 MR08 MR06 MR09 MR10 MR12 MR07 MR14,11,26,26,1.00000000
8058,MR13 MR11 MR02 MR04 MR08 MR14 MR07 MR09 MR10 MR12 MR06,11,25,25,1.00000000
8059,MR13 MR02 MR04 MR08 MR07 MR11 MR06 MR09 MR10 MR12 MR14,11,24,24,1.00000000
8060,MR13 MR11 MR02 MR04 MR08 MR06 MR09 MR10 MR12 MR14 MR07,11,21,21,1.00000000
8061,MR13 MR07 MR02 MR04 MR08 MR14 MR11 MR09 MR10 MR06 MR12,11,25,25,1.00000000
8062,MR13 MR02 MR04 MR08 MR11 MR14 MR06 MR07 MR09 MR10 MR12,11,25,25,1.00000000
8063,MR13 MR11 MR02 MR04 MR08 MR14 MR06 MR09 MR10 MR12,10,24,21,0.87500000
8064,MR13 MR02 MR04 MR08 MR11 MR14 MR07 MR09 MR10 MR06 MR12,11,24,24,1.00000000
8065,MR13 MR02 MR04 MR08 MR11 MR07 MR09 MR10 MR12 MR06 MR14,11,21,21,1.00000000
8066,MR12 MR10 MR02 MR08 MR11 MR06 MR04 MR07 MR09 MR14 MR13,11,24,24,1.00000000
8067,MR12 MR10 MR02 MR06 MR08 MR14 MR11 MR04 MR09 MR07 MR13,11,26,26,1.00000000
8068,MR12 MR11 MR10 MR02 MR08 MR13 MR04 MR06 MR09 MR14 MR07,11,22,22,1.00000000
8069,MR13 MR02 MR04 MR07 MR08 MR06 MR09 MR10 MR11 MR14 MR12,11,24,24,1.00000000
8070,MR13 MR02 MR04 MR08 MR06 MR11 MR14 MR09 MR10 MR12 MR07,11,19,19,1.00000000
8071,MR13 MR11 MR02 MR04 MR08 MR06 MR14 MR09 MR10 MR12 MR07,11,24,24,1.00000000
8072,MR13 MR02 MR04 MR08 MR11 MR06 MR12 MR07 MR09 MR10 MR14,11,24,24,1.00000000
8073,MR13 MR11 MR02 MR04 MR08 MR14 MR09 MR10 MR06 MR07 MR12,11,19,19,1.00000000
8074,MR12 MR11 MR02 MR04 MR08 MR13 MR07 MR09 MR10 MR14 MR06,11,25,25,1.00000000
8075,MR08 MR10 MR11 MR02 MR14 MR04 MR06 MR09 MR12 MR07 MR13,11,22,22,1.00000000
8076,MR13 MR02 MR04 MR08 MR07 MR11 MR12 MR06 MR09 MR10 MR14,11,26,26,1.00000000
8077,MR13 MR02 MR04 MR08 MR14 MR11 MR07 MR06 MR09 MR10 MR12,11,22,22,1.00000000
8078,MR13 MR11 MR02 MR04 MR08 MR06 MR09 MR10 MR07 MR12 MR14,11,27,27,1.00000000
8079,MR12 MR10 MR02 MR08 MR11 MR06 MR14 MR04 MR09 MR07 MR13,11,28,28,1.00000000
8080,MR13 MR02 MR04 MR08 MR07 MR06 MR09 MR10 MR11 MR12 MR14,11,20,20,1.00000000
8081,MR13 MR11 MR02 MR04 MR08 MR06 MR09 MR10 MR07 MR14 MR12,11,24,24,1.00000000
8082,MR13 MR02 MR04 MR08 MR11 MR06 MR09 MR10 MR12 MR14 MR07,11,27,27,1.00000000
8083,MR13 MR02 MR04 MR08 MR11 MR06 MR09 MR10 MR07 MR12 MR14,11,18,18,1.00000000
8084,MR13 MR11 MR02 MR04 MR08 MR12 MR09 MR10 MR14 MR06 MR07,11,24,24,1.00000000
8085,MR12 MR10 MR02 MR08 MR11 MR07 MR14 MR04 MR09 MR06 MR13,11,26,26,1.00000000
8086,MR13 MR02 MR04 MR08 MR06 MR07 MR11 MR12 MR09 MR10 MR14,11,24,24,1.00000000
8087,MR13 MR02 MR04 MR08 MR11 MR06 MR07 MR09 MR10 MR12 MR14,11,24,24,1.00000000
8088,MR05 MR11 MR02 MR04 MR08 MR14 MR06 MR09 MR10 MR12 MR07,11,25,22,0.88000000
8089,MR12 MR10 MR11 MR02 MR08 MR04 MR07 MR09 MR06 MR13 MR14,11,23,23,1.00000000
8090,MR13 MR02 MR04 MR06 MR08 MR11 MR14 MR09 MR10 MR07 MR12,11,27,27,1.00000000
8091,MR13 MR02 MR04 MR08 MR11 MR12 MR06 MR07 MR09 MR10 MR14,11,26,26,1.00000000
8092,MR13 MR11 MR02 MR04 MR08 MR09 MR10 MR12 MR14 MR07 MR06,11,23,23,1.00000000
8093,MR13 MR11 MR02 MR04 MR08 MR12 MR07 MR09 MR10 MR14 MR06,11,26,26,1.00000000
8094,MR13 MR02 MR04 MR08 MR07 MR11 MR06 MR09 MR10 MR12,10,25,22,0.88000000
8095,MR13 MR02 MR04 MR08 MR07 MR11 MR06 MR09 MR10 MR12 MR14,11,21,21,1.00000000
8096,MR13 MR11 MR02 MR04 MR08 MR06 MR14 MR09 MR10 MR07,10,23,20,0.86956522
8097,MR13 MR02 MR04 MR07 MR08 MR11 MR14 MR09 MR10 MR12 MR06,11,23,23,1.00000000
8098,MR13 MR02 MR04 MR08 MR11 MR06 MR07 MR09 MR10 MR12 MR14,11,18,18,1.00000000
8099,MR13 MR02 MR04 MR08 MR11 MR06 MR09 MR10 MR14 MR07,10,27,24,0.88888889
8100,MR13 MR02 MR04 MR08 MR07 MR11 MR14 MR09 MR10 MR06,10,24,21,0.87500000
8101,MR13 MR11 MR02 MR04 MR08 MR12 MR09 MR10 MR07 MR14 MR06,11,30,30,1.00000000
8102,MR13 MR02 MR04 MR08 MR06 MR07 MR11 MR12 MR09 MR10,10,25,22,0.88000000
8103,MR13 MR02 MR04 MR08 MR06 MR07 MR11 MR09 MR10 MR12 MR14,11,25,25,1.00000000
8104,MR13 MR02 MR04 MR08 MR14 MR06 MR07 MR11 MR09 MR10 MR12,11,26,26,1.00000000
8105,MR13 MR11 MR02 MR04 MR08 MR07 MR09 MR10 MR14 MR12,10,27,24,0.88888889
8106,MR12 MR02 MR04 MR07 MR08 MR14 MR06 MR09 MR10 MR11 MR13,11,27,27,1.00000000
8107,MR13 MR11 MR02 MR04 MR08 MR06 MR09 MR10 MR12 MR14 MR07,11,25,25,1.00000000
8108,MR05 MR02 MR04 MR08 MR07 MR11 MR12 MR06 MR09 MR10 MR14,11,23,20,0.86956522
8109,MR13 MR02 MR04 MR08 MR11 MR07 MR09 MR10 MR06 MR14 MR12,11,21,21,1.00000000
8110,MR13 MR11 MR02 MR04 MR08 MR14 MR09 MR10 MR06 MR07 MR12,11,21,21,1.00000000
8111,MR13 MR02 MR04 MR08 MR11 MR06 MR07 MR09 MR10 MR12 MR14,11,23,23,1.00000000
8112,MR13 MR11 MR02 MR04 MR08 MR14 MR09 MR10 MR06 MR07 MR12,11,21,21,1.00000000
8113,MR12 MR10 MR11 MR02 MR08 MR04 MR09 MR14 MR06 MR07,10,29,25,0.86206897
8114,MR13 MR02 MR04 MR08 MR07 MR11 MR06 MR09 MR10 MR12 MR14,11,23,23,1.00000000
8115,MR08 MR10 MR11 MR02 MR04 MR07 MR09 MR12 MR14 MR06 MR13,11,20,20,1.00000000
8116,MR13 MR11 MR02 MR04 MR08 MR06 MR09 MR10 MR12 MR14 MR07,11,23,23,1.00000000
8117,MR13 MR02 MR04 MR07 MR08 MR11 MR09 MR10 MR12 MR06 MR14,11,23,23,1.00000000
8118,MR12 MR10 MR02 MR06 MR08 MR11 MR04 MR09 MR07 MR13 MR14,11,21,21,1.00000000
8119,MR13 MR02 MR04 MR08 MR11 MR14 MR06 MR07 MR09 MR10 MR12,11,23,23,1.00000000
8120,MR13 MR02 MR04 MR08 MR11 MR07 MR12 MR14 MR09 MR10 MR06,11,23,23,1.00000000
8121,MR13 MR11 MR02 MR04 MR08 MR14 MR06 MR09 MR10 MR12 MR07,11,20,20,1.00000000
8122,MR13 MR02 MR04 MR06 MR08 MR12 MR14 MR07 MR09 MR10 MR11,11,26,26,1.00000000
8123,MR13 MR02 MR04 MR07 MR08 MR11 MR09 MR10 MR14 MR12 MR06,11,22,22,1.00000000
8124,MR12 MR02 MR04 MR06 MR08 MR11 MR13 MR09 MR10 MR07 MR14,11,24,24,1.00000000
8125,MR13 MR11 MR02 MR04 MR08 MR14 MR07 MR09 MR10 MR06 MR12,11,22,22,1.00000000
8126,MR13 MR02 MR04 MR08 MR11 MR06 MR14 MR09 MR10 MR07 MR12,11,21,21,1.00000000
8127,MR13 MR11 MR02 MR04 MR08 MR06 MR09 MR10 MR14 MR07 MR12,11,26,26,1.00000000
8128,MR13 MR02 MR04 MR08 MR11 MR07 MR12 MR09 MR10 MR14 MR06,11,28,28,1.00000000
8129,MR13 MR11 MR02 MR04 MR08 MR14 MR06 MR09 MR10 MR12 MR07,11,21,21,1.00000000
8130,MR13 MR02 MR04 MR08 MR06 MR07 MR11 MR14 MR09 MR10,10,28,25,0.89285714
8131,MR13 MR11 MR02 MR04 MR08 MR07 MR09 MR10 MR14 MR12 MR06,11,18,18,1.00000000
8132,MR08 MR04 MR02 MR06 MR11 MR14 MR12 MR09 MR10 MR13 MR07,11,25,25,1.00000000
8133,MR13 MR02 MR04 MR08 MR11 MR07 MR09 MR10 MR06 MR12 MR14,11,27,27,1.00000000
8134,MR05 MR11 MR02 MR04 MR08 MR14 MR06 MR09 MR10 MR12 MR07,11,22,19,0.86363636
8135,MR13 MR02 MR04 MR08 MR11 MR06 MR07 MR09 MR10 MR14 MR12,11,27,27,1.00000000
8136,MR13 MR11 MR02 MR04 MR08 MR14 MR09 MR10 MR12 MR07,10,26,23,0.88461538
8137,MR13 MR02 MR04 MR08 MR11 MR06 MR07 MR09 MR10 MR12 MR14,11,24,24,1.00000000
8138,MR12 MR10 MR02 MR06 MR08 MR14 MR04 MR07 MR09 MR11 MR05,11,21,18,0.85714286
8139,MR13 MR02 MR04 MR08 MR11 MR06 MR07 MR09 MR10 MR12 MR14,11,22,22,1.00000000
8140,MR13 MR02 MR04 MR08 MR06 MR11 MR09 MR10 MR07 MR12 MR14,11,28,28,1.00000000
8141,MR13 MR02 MR04 MR07 MR08 MR11 MR12 MR14 MR09 MR10 MR06,11,23,23,1.00000000
8142,MR13 MR02 MR04 MR08 MR11 MR07 MR06 MR09 MR10 MR12 MR14,11,25,25,1.00000000
8143,MR08 MR10 MR02 MR11 MR14 MR07 MR04 MR09 MR12 MR06 MR13,11,24,24,1.00000000
8144,MR13 MR11 MR02 MR04 MR08 MR07 MR09 MR10 MR14 MR06,10,29,26,0.89655172
8145,MR13 MR11 MR02 MR04 MR08 MR09 MR10 MR06 MR14 MR12,10,26,23,0.88461538
8146,MR13 MR11 MR02 MR04 MR08 MR14 MR07 MR09 MR10 MR06 MR12,11,22,22,1.00000000
8147,MR13 MR02 MR04 MR08 MR06 MR07 MR11 MR12 MR09 MR10,10,25,22,0.88000000
8148,MR13 MR11 MR02 MR04 MR08 MR12 MR14 MR06 MR09 MR10 MR07,11,26,26,1.00000000
8149,MR12 MR10 MR02 MR08 MR11 MR14 MR04 MR06 MR07 MR09,10,27,23,0.85185185
8150,MR13 MR11 MR02 MR04 MR08 MR14 MR07 MR12 MR09 MR10 MR06,11,20,20,1.00000000
8151,MR08 MR10 MR02 MR07 MR11 MR14 MR04 MR09 MR06 MR12 MR13,11,23,23,1.00000000
8152,MR13 MR11 MR02 MR04 MR08 MR07 MR09 MR10 MR12 MR06 MR14,11,24,24,1.00000000
8153,MR12 MR10 MR02 MR08 MR14 MR07 MR11 MR04 MR09 MR06 MR13,11,29,29,1.00000000
8154,MR13 MR02 MR04 MR08 MR11 MR07 MR14 MR09 MR10 MR12 MR06,11,25,25,1.00000000
8155,MR13 MR02 MR04 MR08 MR11 MR07 MR12 MR06 MR09 MR10 MR14,11,23,23,1.00000000
8156,MR13 MR02 MR04 MR08 MR07 MR11 MR09 MR10 MR12 MR06 MR14,11,20,20,1.00000000
8157,MR13 MR02 MR04 MR08 MR11 MR06 MR12 MR14 MR07 MR09 MR10,11,28,28,1.00000000
8158,MR13 MR02 MR04 MR08 MR11 MR07 MR09 MR10 MR12 MR14 MR06,11,23,23,1.00000000
8159,MR08 MR10 MR02 MR14 MR06 MR11 MR13 MR04 MR09 MR12 MR07,11,23,23,1.00000000
8160,MR12 MR02 MR04 MR08 MR06 MR11 MR13 MR14 MR09 MR10 MR07,11,21,21,1.00000000
8161,MR13 MR02 MR04 MR07 MR08 MR11 MR09 MR10 MR12 MR06 MR14,11,20,20,1.00000000
8162,MR13 MR02 MR04 MR08 MR11 MR06 MR07 MR09 MR10 MR12,10,27,24,0.88888889
8163,MR12 MR11 MR10 MR02 MR08 MR14 MR04 MR07 MR09 MR13,10,21,18,0.85714286
8164,MR14 MR04 MR11 MR02 MR08 MR06 MR09 MR10 MR13 MR07 MR12,11,25,25,1.00000000
8165,MR13 MR02 MR04 MR08 MR11 MR14 MR07 MR06 MR09 MR10 MR12,11,22,22,1.00000000
8166,MR05 MR11 MR02 MR04 MR08 MR06 MR09 MR10 MR07 MR12 MR14,11,25,22,0.88000000
8167,MR13 MR02 MR04 MR08 MR07 MR06 MR14 MR09 MR10 MR11 MR12,11,22,22,1.00000000
8168,MR05 MR11 MR02 MR04 MR08 MR14 MR07 MR09 MR10 MR12 MR06,11,27,24,0.88888889
8169,MR13 MR02 MR04 MR08 MR11 MR07 MR12 MR06 MR09 MR10 MR14,11,22,22,1.00000000
8170,MR13 MR11 MR02 MR04 MR08 MR07 MR09 MR10 MR12 MR14 MR06,11,27,27,1.00000000
8171,MR13 MR02 MR04 MR08 MR11 MR12 MR06 MR07 MR09 MR10 MR14,11,21,21,1.00000000
8172,MR13 MR11 MR02 MR04 MR08 MR09 MR10 MR06 MR14 MR12,10,27,24,0.88888889
8173,MR05 MR11 MR02 MR04 MR08 MR14 MR07 MR09 MR10 MR12 MR06,11,25,22,0.88000000
8174,MR13 MR06 MR02 MR04 MR08 MR11 MR14 MR09 MR10 MR12 MR07,11,24,24,1.00000000
8175,MR13 MR11 MR02 MR04 MR08 MR06 MR12 MR09 MR10 MR14 MR07,11,22,22,1.00000000
8176,MR13 MR02 MR04 MR08 MR11 MR07 MR06 MR09 MR10 MR12 MR14,11,21,21,1.00000000
8177,MR12 MR10 MR02 MR08 MR07 MR11 MR04 MR06 MR09 MR14 MR13,11,22,22,1.00000000
8178,MR13 MR02 MR04 MR08 MR11 MR07 MR06 MR09 MR10 MR12 MR14,11,22,22,1.00000000
8179,MR13 MR11 MR02 MR04 MR08 MR12 MR07 MR09 MR10 MR14 MR06,11,26,26,1.00000000
8180,MR13 MR11 MR02 MR04 MR08 MR14 MR06 MR09 MR10 MR07,10,19,16,0.84210526
8181,MR13 MR11 MR02 MR04 MR08 MR07 MR14 MR09 MR10 MR12 MR06,11,23,23,1.00000000
8182,MR13 MR02 MR04 MR08 MR11 MR06 MR07 MR09 MR10 MR12 MR14,11,27,27,1.00000000
8183,MR12 MR10 MR02 MR08 MR11 MR07 MR04 MR09 MR06 MR13 MR14,11,22,22,1.00000000
8184,MR13 MR02 MR04 MR08 MR11 MR14 MR06 MR07 MR09 MR10 MR12,11,25,25,1.00000000
8185,MR13 MR02 MR04 MR08 MR06 MR07 MR11 MR09 MR10 MR12 MR14,11,26,26,1.00000000
8186,MR08 MR04 MR11 MR02 MR14 MR09 MR10 MR12 MR13 MR06 MR07,11,23,23,1.00000000
8187,MR13 MR11 MR02 MR04 MR08 MR14 MR09 MR10 MR06 MR07 MR12,11,27,27,1.00000000
8188,MR13 MR02 MR04 MR08 MR11 MR14 MR06 MR09 MR10 MR07 MR12,11,24,24,1.00000000
8189,MR13 MR11 MR02 MR04 MR08 MR14 MR07 MR09 MR10 MR12 MR06,11,17,17,1.00000000
8190,MR13 MR11 MR02 MR04 MR08 MR07 MR09 MR10 MR06 MR12 MR14,11,21,21,1.00000000
8191,MR13 MR07 MR02 MR04 MR08 MR11 MR14 MR09 MR10 MR12 MR06,11,24,24,1.00000000
8192,MR13 MR06 MR02 MR04 MR08 MR11 MR09 MR10 MR12 MR14 MR07,11,24,24,1.00000000
8193,MR13 MR02 MR04 MR08 MR07 MR11 MR09 MR10 MR12 MR14 MR06,11,21,21,1.00000000
8194,MR13 MR11 MR02 MR04 MR08 MR06 MR09 MR10 MR07 MR12 MR14,11,25,25,1.00000000
8195,MR13 MR02 MR04 MR08 MR11 MR07 MR14 MR06 MR09 MR10 MR12,11,21,21,1.00000000
8196,MR13 MR11 MR02 MR04 MR08 MR12 MR09 MR10 MR14 MR06 MR07,11,22,22,1.00000000
8197,MR13 MR02 MR04 MR08 MR07 MR11 MR09 MR10 MR12 MR06 MR14,11,26,26,1.00000000
8198,MR13 MR11 MR02 MR04 MR08 MR06 MR14 MR09 MR10 MR12,10,23,20,0.86956522
8199,MR13 MR02 MR04 MR08 MR06 MR07 MR11 MR09 MR10 MR12 MR14,11,24,24,1.00000000
8200,MR13 MR02 MR04 MR08 MR11 MR06 MR07 MR09 MR10 MR12 MR14,11,22,22,1.00000000
8201,MR12 MR10 MR11 MR02 MR08 MR14 MR04 MR06 MR09 MR07 MR13,11,21,21,1.00000000
8202,MR13 MR02 MR04 MR08 MR07 MR11 MR12 MR06 MR09 MR10,10,22,19,0.86363636
8203,MR13 MR02 MR04 MR08 MR11 MR07 MR12 MR09 MR10 MR06 MR14,11,23,23,1.00000000
8204,MR13 MR02 MR04 MR08 MR11 MR06 MR12 MR07 MR09 MR10 MR14,11,21,21,1.00000000
8205,MR07 MR10 MR02 MR08 MR11 MR14 MR04 MR09 MR13 MR06,10,29,26,0.89655172
8206,MR12 MR10 MR11 MR02 MR08 MR13 MR04 MR06 MR09 MR07 MR14,11,27,27,1.00000000
8207,MR13 MR02 MR04 MR08 MR07 MR11 MR06 MR09 MR10 MR12 MR14,11,28,28,1.00000000
8208,MR13 MR02 MR04 MR08 MR11 MR12 MR07 MR06 MR09 MR10 MR14,11,24,24,1.00000000
8209,MR12 MR10 MR02 MR08 MR06 MR07 MR11 MR04 MR09 MR14 MR13,11,24,24,1.00000000
8210,MR13 MR11 MR02 MR04 MR08 MR06 MR09 MR10 MR12 MR07 MR14,11,22,22,1.00000000
8211,MR13 MR11 MR02 MR04 MR08 MR07 MR14 MR09 MR10,9,30,24,0.80000000
8212,MR08 MR10 MR11 MR02 MR14 MR12 MR04 MR07 MR09 MR13 MR06,11,25,25,1.00000000
8213,MR13 MR02 MR04 MR08 MR06 MR11 MR14 MR09 MR10 MR07 MR12,11,21,21,1.00000000
8214,MR12 MR10 MR02 MR08 MR11 MR14 MR07 MR04 MR09 MR06,10,25,21,0.84000000
8215,MR12 MR10 MR02 MR07 MR08 MR06 MR14 MR04 MR09 MR13 MR11,11,24,24,1.00000000
8216,MR13 MR02 MR04 MR08 MR11 MR07 MR12 MR14 MR06 MR09 MR10,11,24,24,1.00000000
8217,MR13 MR11 MR02 MR04 MR08 MR14 MR06 MR09 MR10 MR07 MR12,11,24,24,1.00000000
8218,MR13 MR11 MR02 MR04 MR08 MR14 MR09 MR10 MR06 MR07 MR12,11,26,26,1.00000000
8219,MR12 MR11 MR02 MR04 MR08 MR07 MR09 MR10 MR13 MR14 MR06,11,29,29,1.00000000
8220,MR13 MR02 MR04 MR08 MR11 MR06 MR07 MR09 MR10 MR12 MR14,11,24,24,1.00000000
8221,MR13 MR02 MR04 MR08 MR11 MR14 MR07 MR12 MR09 MR10 MR06,11,27,27,1.00000000
8222,MR13 MR11 MR02 MR04 MR08 MR14 MR09 MR10 MR12 MR06 MR07,11,25,25,1.00000000
8223,MR13 MR02 MR04 MR08 MR06 MR11 MR07 MR09 MR10 MR12 MR14,11,23,23,1.00000000
8224,MR13 MR02 MR04 MR08 MR11 MR07 MR09 MR10 MR12 MR06 MR14,11,27,27,1.00000000
8225,MR13 MR02 MR04 MR08 MR07 MR11 MR12 MR09 MR10 MR14 MR06,11,26,26,1.00000000
8226,MR13 MR11 MR02 MR04 MR08 MR14 MR09 MR10 MR07 MR12 MR06,11,23,23,1.00000000
8227,MR13 MR11 MR02 MR04 MR08 MR07 MR09 MR10 MR12 MR14 MR06,11,21,21,1.00000000
8228,MR13 MR02 MR04 MR08 MR07 MR11 MR14 MR12 MR09 MR10 MR06,11,26,26,1.00000000
8229,MR12 MR10 MR02 MR08 MR11 MR14 MR04 MR06 MR07 MR09 MR13,11,21,21,1.00000000
8230,MR12 MR10 MR11 MR02 MR08 MR06 MR04 MR09 MR14 MR13 MR07,11,25,25,1.00000000
8231,MR13 MR06 MR02 MR04 MR08 MR11 MR12 MR09 MR10 MR07 MR14,11,25,25,1.00000000
8232,MR14 MR10 MR02 MR06 MR08 MR11 MR04 MR09 MR12 MR13 MR07,11,22,22,1.00000000
8233,MR13 MR02 MR04 MR08 MR11 MR06 MR07 MR09 MR10 MR14 MR12,11,23,23,1.00000000
8234,MR13 MR11 MR02 MR04 MR08 MR06 MR09 MR10 MR12 MR14,10,24,21,0.87500000
8235,MR07 MR10 MR14 MR02 MR08 MR13 MR04 MR09 MR11 MR06 MR12,11,23,23,1.00000000
8236,MR13 MR02 MR04 MR08 MR11 MR06 MR07 MR09 MR10 MR14 MR12,11,25,25,1.00000000
8237,MR13 MR02 MR04 MR08 MR11 MR06 MR07 MR09 MR10 MR12 MR14,11,27,27,1.00000000
8238,MR13 MR02 MR04 MR06 MR08 MR07 MR09 MR10 MR11 MR14 MR12,11,22,22,1.00000000
8239,MR13 MR11 MR02 MR04 MR08 MR14 MR09 MR10 MR12 MR07 MR06,11,21,21,1.00000000
8240,MR13 MR02 MR04 MR08 MR11 MR14 MR07 MR12 MR06 MR09 MR10,11,26,26,1.00000000
8241,MR13 MR02 MR04 MR08 MR07 MR11 MR14 MR09 MR10 MR12 MR06,11,26,26,1.00000000
8242,MR13 MR11 MR02 MR04 MR08 MR09 MR10 MR14 MR06 MR07 MR12,11,24,24,1.00000000
8243,MR13 MR11 MR02 MR04 MR08 MR06 MR09 MR10 MR12 MR14 MR07,11,23,23,1.00000000
8244,MR13 MR11 MR02 MR04 MR08 MR06 MR09 MR10 MR12 MR14,10,23,20,0.86956522
8245,MR13 MR06 MR02 MR04 MR08 MR12 MR09 MR10 MR11 MR07 MR14,11,23,23,1.00000000
8246,MR13 MR11 MR02 MR04 MR08 MR12 MR09 MR10 MR14 MR07 MR06,11,26,26,1.00000000
8247,MR13 MR11 MR02 MR04 MR08 MR07 MR09 MR10 MR14 MR06 MR12,11,26,26,1.00000000
8248,MR13 MR02 MR04 MR08 MR06 MR07 MR11 MR12 MR09 MR10 MR14,11,23,23,1.00000000
8249,MR13 MR02 MR04 MR08 MR11 MR12 MR06 MR07 MR09 MR10 MR14,11,20,20,1.00000000
8250,MR13 MR02 MR04 MR08 MR06 MR07 MR11 MR09 MR10 MR12 MR14,11,24,24,1.00000000
8251,MR13 MR11 MR02 MR04 MR08 MR14 MR07 MR09 MR10 MR12 MR06,11,20,20,1.00000000
8252,MR13 MR02 MR04 MR08 MR07 MR11 MR09 MR10 MR14 MR06 MR12,11,26,26,1.00000000
8253,MR13 MR02 MR04 MR08 MR06 MR07 MR11 MR09 MR10 MR12 MR14,11,20,20,1.00000000
8254,MR08 MR10 MR11 MR02 MR12 MR04 MR07 MR09 MR13 MR14 MR06,11,27,27,1.00000000
8255,MR13 MR02 MR04 MR08 MR11 MR06 MR12 MR07 MR09 MR10 MR14,11,24,24,1.00000000
8256,MR13 MR02 MR04 MR06 MR08 MR11 MR12 MR09 MR10 MR14 MR07,11,21,21,1.00000000
8257,MR05 MR02 MR04 MR08 MR11 MR07 MR14 MR09 MR10 MR06 MR12,11,23,20,0.86956522
8258,MR13 MR02 MR04 MR08 MR11 MR06 MR09 MR10 MR07 MR12 MR14,11,20,20,1.00000000
8259,MR13 MR11 MR02 MR04 MR08 MR14 MR06 MR09 MR10 MR12 MR07,11,20,20,1.00000000
8260,MR13 MR11 MR02 MR04 MR08 MR14 MR09 MR10 MR12 MR06 MR07,11,25,25,1.00000000
8261,MR13 MR11 MR02 MR04 MR08 MR12 MR09 MR10 MR14 MR07 MR06,11,24,24,1.00000000
8262,MR12 MR10 MR02 MR06 MR08 MR11 MR04 MR09 MR13 MR14,10,31,28,0.90322581
8263,MR07 MR10 MR02 MR08 MR14 MR12 MR04 MR09 MR11 MR06 MR13,11,24,24,1.00000000
8264,MR08 MR10 MR11 MR02 MR14 MR04 MR07 MR09 MR12 MR06 MR13,11,16,16,1.00000000
8265,MR13 MR11 MR02 MR04 MR08 MR06 MR09 MR10 MR12 MR14 MR07,11,28,28,1.00000000
8266,MR13 MR11 MR02 MR04 MR08 MR09 MR10 MR06 MR07 MR14 MR12,11,24,24,1.00000000
8267,MR08 MR10 MR02 MR06 MR11 MR14 MR12 MR04 MR09 MR07,10,31,27,0.87096774
8268,MR13 MR11 MR02 MR04 MR08 MR06 MR14 MR09 MR10 MR12 MR07,11,21,21,1.00000000
8269,MR13 MR11 MR02 MR04 MR08 MR07 MR09 MR10 MR12 MR14,10,24,21,0.87500000
8270,MR13 MR02 MR04 MR08 MR11 MR06 MR07 MR09 MR10 MR14,10,30,27,0.90000000
8271,MR12 MR02 MR04 MR08 MR11 MR13 MR06 MR07 MR09 MR10 MR14,11,22,22,1.00000000
8272,MR13 MR11 MR02 MR04 MR08 MR06 MR09 MR10 MR12 MR07 MR14,11,18,18,1.00000000
8273,MR13 MR11 MR02 MR04 MR08 MR12 MR09 MR10 MR14 MR06,10,26,23,0.88461538
8274,MR08 MR04 MR02 MR11 MR14 MR07 MR09 MR10 MR12 MR13 MR06,11,29,29,1.00000000
8275,MR12 MR10 MR02 MR07 MR08 MR11 MR04 MR09 MR13 MR14 MR06,11,21,21,1.00000000
8276,MR13 MR11 MR02 MR04 MR08 MR06 MR14 MR09 MR10 MR12 MR07,11,21,21,1.00000000
8277,MR13 MR02 MR04 MR08 MR07 MR11 MR09 MR10 MR06 MR14 MR12,11,26,26,1.00000000
8278,MR13 MR02 MR04 MR08 MR07 MR11 MR09 MR10 MR12 MR06 MR14,11,25,25,1.00000000
8279,MR13 MR11 MR02 MR04 MR08 MR07 MR09 MR10 MR06 MR12,10,26,23,0.88461538
8280,MR13 MR06 MR02 MR04 MR08 MR11 MR09 MR10 MR14 MR12,10,24,21,0.87500000
8281,MR13 MR02 MR04 MR06 MR08 MR11 MR12 MR09 MR10 MR14 MR07,11,28,28,1.00000000
8282,MR13 MR02 MR04 MR08 MR06 MR07 MR14 MR09 MR10 MR11 MR12,11,26,26,1.00000000
8283,MR12 MR10 MR02 MR07 MR08 MR13 MR04 MR06 MR09 MR11 MR14,11,26,26,1.00000000
8284,MR06 MR10 MR02 MR08 MR12 MR13 MR04 MR07 MR09 MR14 MR11,11,26,26,1.00000000
8285,MR13 MR02 MR04 MR08 MR06 MR11 MR07 MR09 MR10 MR14 MR12,11,25,25,1.00000000
8286,MR13 MR11 MR02 MR04 MR08 MR07 MR14 MR09 MR10 MR12 MR06,11,20,20,1.00000000
8287,MR13 MR02 MR04 MR08 MR06 MR11 MR09 MR10 MR14 MR07 MR12,11,23,23,1.00000000
8288,MR13 MR11 MR02 MR04 MR08 MR06 MR09 MR10 MR14 MR12 MR07,11,24,24,1.00000000
8289,MR13 MR02 MR04 MR07 MR08 MR12 MR14 MR06 MR09 MR10 MR11,11,24,24,1.00000000
8290,MR12 MR02 MR04 MR06 MR08 MR11 MR13 MR09 MR10 MR14 MR07,11,22,22,1.00000000
8291,MR12 MR10 MR02 MR08 MR11 MR13 MR04 MR06 MR07 MR09 MR14,11,23,23,1.00000000
8292,MR12 MR02 MR04 MR08 MR06 MR11 MR07 MR09 MR10 MR13 MR14,11,22,22,1.00000000
8293,MR13 MR11 MR14 MR02 MR04 MR08 MR12 MR07 MR09 MR10 MR06,11,25,25,1.00000000
8294,MR08 MR04 MR02 MR11 MR06 MR12 MR13 MR14 MR07 MR09 MR10,11,27,27,1.00000000
8295,MR13 MR11 MR14 MR02 MR04 MR08 MR07 MR09 MR10,9,25,19,0.76000000
8296,MR12 MR10 MR02 MR08 MR11 MR06 MR04 MR07 MR09 MR13 MR14,11,23,23,1.00000000
8297,MR13 MR02 MR04 MR08 MR06 MR11 MR14 MR12 MR09 MR10 MR07,11,28,28,1.00000000
8298,MR13 MR11 MR02 MR04 MR08 MR09 MR10 MR12 MR14 MR06 MR07,11,21,21,1.00000000
8299,MR13 MR11 MR02 MR04 MR08 MR07 MR09 MR10 MR12 MR06 MR14,11,27,27,1.00000000
8300,MR13 MR02 MR04 MR08 MR07 MR06 MR09 MR10 MR11 MR12 MR14,11,25,25,1.00000000
8301,MR13 MR11 MR02 MR04 MR08 MR07 MR09 MR10 MR12 MR14 MR06,11,22,22,1.00000000
8302,MR13 MR11 MR02 MR04 MR08 MR09 MR10 MR07 MR06 MR12 MR14,11,28,28,1.00000000
8303,MR13 MR02 MR04 MR08 MR07 MR11 MR14 MR06 MR09 MR10 MR12,11,24,24,1.00000000
8304,MR13 MR02 MR04 MR08 MR06 MR14 MR11 MR07 MR09 MR10 MR12,11,26,26,1.00000000
8305,MR12 MR10 MR11 MR02 MR08 MR14 MR04 MR07 MR09 MR06 MR13,11,28,28,1.00000000
8306,MR13 MR02 MR04 MR08 MR11 MR06 MR12 MR07 MR09 MR10 MR14,11,21,21,1.00000000
8307,MR12 MR11 MR02 MR04 MR08 MR09 MR10 MR13 MR06 MR14 MR07,11,26,26,1.00000000
8308,MR06 MR10 MR02 MR08 MR14 MR04 MR07 MR09 MR11 MR13 MR12,11,23,23,1.00000000
8309,MR12 MR11 MR10 MR02 MR08 MR14 MR04 MR09 MR06 MR13 MR07,11,24,24,1.00000000
8310,MR12 MR10 MR02 MR08 MR11 MR07 MR04 MR09 MR13 MR14 MR06,11,23,23,1.00000000
8311,MR13 MR02 MR04 MR08 MR11 MR07 MR06 MR09 MR10 MR12 MR14,11,25,25,1.00000000
8312,MR13 MR11 MR02 MR04 MR08 MR12 MR09 MR10 MR06 MR07 MR14,11,21,21,1.00000000
8313,MR13 MR11 MR02 MR04 MR08 MR14 MR09 MR10 MR06 MR12 MR07,11,29,29,1.00000000
8314,MR13 MR11 MR02 MR04 MR08 MR07 MR09 MR10 MR14 MR06 MR12,11,23,23,1.00000000
8315,MR13 MR02 MR04 MR08 MR06 MR11 MR09 MR10 MR07 MR12,10,20,17,0.85000000
8316,MR08 MR10 MR11 MR02 MR14 MR12 MR04 MR09 MR07 MR13 MR06,11,26,26,1.00000000
8317,MR13 MR02 MR04 MR08 MR14 MR11 MR07 MR12 MR06 MR09 MR10,11,29,29,1.00000000
8318,MR13 MR02 MR04 MR08 MR11 MR07 MR12 MR06 MR09 MR10 MR14,11,27,27,1.00000000
8319,MR13 MR02 MR04 MR08 MR11 MR06 MR14 MR09 MR10 MR07 MR12,11,24,24,1.00000000
8320,MR13 MR02 MR04 MR08 MR11 MR14 MR07 MR06 MR09 MR10 MR12,11,22,22,1.00000000
8321,MR13 MR02 MR04 MR08 MR11 MR07 MR06 MR09 MR10 MR12 MR14,11,18,18,1.00000000
8322,MR12 MR10 MR02 MR08 MR06 MR07 MR04 MR09 MR11 MR14 MR13,11,28,28,1.00000000
8323,MR12 MR10 MR02 MR08 MR11 MR07 MR04 MR09 MR13 MR14 MR06,11,22,22,1.00000000
8324,MR08 MR10 MR11 MR02 MR14 MR07 MR13 MR04 MR09 MR12 MR06,11,24,24,1.00000000
8325,MR13 MR02 MR04 MR06 MR08 MR11 MR09 MR10 MR07,9,25,19,0.76000000
8326,MR13 MR11 MR02 MR04 MR08 MR14 MR07 MR09 MR10 MR06 MR12,11,24,24,1.00000000
8327,MR13 MR02 MR04 MR08 MR06 MR11 MR14 MR09 MR10 MR12 MR07,11,22,22,1.00000000
8328,MR13 MR07 MR02 MR04 MR08 MR14 MR09 MR10 MR11 MR12 MR06,11,28,28,1.00000000
8329,MR13 MR11 MR02 MR04 MR08 MR12 MR09 MR10 MR06 MR07 MR14,11,27,27,1.00000000
8330,MR13 MR02 MR04 MR07 MR08 MR06 MR09 MR10 MR11 MR12 MR14,11,24,24,1.00000000
8331,MR14 MR10 MR11 MR02 MR08 MR12 MR04 MR06 MR09 MR07,10,29,25,0.86206897
8332,MR13 MR02 MR04 MR08 MR11 MR07 MR12 MR09 MR10 MR14 MR06,11,27,27,1.00000000
8333,MR13 MR02 MR04 MR08 MR11 MR07 MR12 MR09 MR10 MR06 MR14,11,23,23,1.00000000
8334,MR12 MR10 MR02 MR08 MR11 MR14 MR04 MR06 MR07 MR09 MR13,11,24,24,1.00000000
8335,MR12 MR02 MR04 MR08 MR11 MR13 MR14 MR06 MR07 MR09 MR10,11,22,22,1.00000000
8336,MR07 MR04 MR02 MR08 MR11 MR12 MR09 MR10 MR13 MR06 MR14,11,27,27,1.00000000
8337,MR12 MR02 MR04 MR08 MR11 MR14 MR07 MR06 MR09 MR10 MR13,11,25,25,1.00000000
8338,MR13 MR07 MR02 MR04 MR08 MR12 MR06 MR09 MR10 MR11,10,25,22,0.88000000
8339,MR13 MR11 MR02 MR04 MR08 MR07 MR09 MR10 MR12 MR14,10,24,21,0.87500000
8340,MR08 MR10 MR11 MR02 MR06 MR04 MR09 MR12 MR14 MR13 MR07,11,22,22,1.00000000
8341,MR12 MR11 MR02 MR04 MR08 MR06 MR09 MR10 MR13 MR07 MR14,11,28,28,1.00000000
8342,MR08 MR10 MR11 MR02 MR12 MR13 MR14 MR04 MR06 MR09 MR07,11,21,21,1.00000000
8343,MR08 MR10 MR02 MR11 MR14 MR04 MR06 MR07 MR09 MR12 MR13,11,28,28,1.00000000
8344,MR13 MR02 MR04 MR08 MR11 MR07 MR14 MR09 MR10 MR12 MR06,11,24,24,1.00000000
8345,MR12 MR11 MR10 MR02 MR08 MR04 MR06 MR09 MR13 MR07 MR14,11,25,25,1.00000000
8346,MR13 MR02 MR04 MR06 MR08 MR11 MR12 MR09 MR10 MR14 MR07,11,24,24,1.00000000
8347,MR13 MR11 MR02 MR04 MR08 MR06 MR09 MR10 MR07 MR14 MR12,11,24,24,1.00000000
8348,MR13 MR02 MR04 MR08 MR06 MR11 MR12 MR09 MR10 MR07 MR14,11,21,21,1.00000000
8349,MR13 MR11 MR02 MR04 MR08 MR09 MR10 MR07 MR14 MR06 MR12,11,22,22,1.00000000
8350,MR13 MR11 MR02 MR04 MR08 MR12 MR09 MR10 MR14 MR07 MR06,11,28,28,1.00000000
8351,MR08 MR11 MR04 MR02 MR13 MR14 MR09 MR10 MR12 MR07,10,26,23,0.88461538
8352,MR12 MR10 MR02 MR08 MR11 MR07 MR13 MR04 MR06 MR09 MR14,11,21,21,1.00000000
8353,MR13 MR11 MR02 MR04 MR08 MR07 MR09 MR10 MR14 MR06 MR12,11,22,22,1.00000000
8354,MR13 MR11 MR02 MR04 MR08 MR06 MR09 MR10 MR12 MR14,10,24,21,0.87500000
8355,MR08 MR10 MR02 MR07 MR06 MR12 MR04 MR09 MR11 MR13 MR14,11,24,24,1.00000000
8356,MR13 MR02 MR04 MR08 MR06 MR11 MR14 MR09 MR10 MR07,10,23,20,0.86956522
8357,MR13 MR02 MR04 MR08 MR14 MR06 MR11 MR09 MR10 MR12 MR07,11,23,23,1.00000000
8358,MR13 MR12 MR02 MR04 MR08 MR11 MR06 MR07 MR09 MR10 MR14,11,27,27,1.00000000
8359,MR13 MR02 MR04 MR08 MR11 MR07 MR14 MR06 MR09 MR10 MR12,11,23,23,1.00000000
8360,MR13 MR11 MR02 MR04 MR08 MR09 MR10 MR14 MR06 MR07 MR12,11,27,27,1.00000000
8361,MR13 MR02 MR04 MR08 MR11 MR06 MR14 MR09 MR10 MR07 MR12,11,23,23,1.00000000
8362,MR13 MR02 MR04 MR08 MR11 MR07 MR14 MR09 MR10 MR12 MR06,11,27,27,1.00000000
8363,MR08 MR10 MR11 MR02 MR07 MR14 MR04 MR09 MR12 MR13 MR06,11,27,27,1.00000000
8364,MR13 MR11 MR02 MR04 MR08 MR07 MR12 MR09 MR10 MR14 MR06,11,24,24,1.00000000
8365,MR13 MR11 MR02 MR04 MR08 MR09 MR10 MR07 MR12 MR14 MR06,11,22,22,1.00000000
8366,MR13 MR02 MR04 MR08 MR11 MR07 MR06 MR09 MR10 MR12 MR14,11,27,27,1.00000000
8367,MR13 MR11 MR02 MR04 MR08 MR14 MR09 MR10 MR12 MR06 MR07,11,19,19,1.00000000
8368,MR13 MR11 MR02 MR04 MR08 MR07 MR09 MR10 MR12 MR14 MR06,11,24,24,1.00000000
8369,MR12 MR11 MR10 MR02 MR08 MR04 MR07 MR09 MR13 MR06,10,27,24,0.88888889
8370,MR13 MR11 MR02 MR04 MR08 MR14 MR06 MR09 MR10 MR12 MR07,11,27,27,1.00000000
8371,MR05 MR02 MR04 MR08 MR07 MR11 MR12 MR09 MR10 MR06 MR14,11,26,23,0.88461538
8372,MR14 MR10 MR11 MR02 MR08 MR07 MR04 MR09 MR12 MR13 MR06,11,26,26,1.00000000
8373,MR13 MR02 MR04 MR08 MR11 MR14 MR07 MR06 MR09 MR10 MR12,11,24,24,1.00000000
8374,MR13 MR02 MR04 MR08 MR06 MR11 MR09 MR10 MR07 MR14 MR12,11,21,21,1.00000000
8375,MR13 MR02 MR04 MR08 MR11 MR06 MR14 MR07 MR09 MR10 MR12,11,22,22,1.00000000
8376,MR13 MR02 MR04 MR08 MR06 MR11 MR12 MR07 MR09 MR10 MR14,11,22,22,1.00000000
8377,MR13 MR11 MR02 MR04 MR08 MR12 MR09 MR10 MR06 MR07 MR14,11,24,24,1.00000000
8378,MR13 MR11 MR02 MR04 MR08 MR06 MR09 MR10 MR12 MR07 MR14,11,19,19,1.00000000
8379,MR13 MR02 MR04 MR06 MR08 MR11 MR09 MR10 MR07 MR14,10,25,22,0.88000000
8380,MR12 MR10 MR02 MR08 MR11 MR07 MR14 MR04 MR09 MR13 MR06,11,26,26,1.00000000
8381,MR08 MR10 MR02 MR11 MR06 MR12 MR04 MR09 MR14 MR07 MR13,11,19,19,1.00000000
8382,MR13 MR11 MR02 MR04 MR08 MR14 MR06 MR09 MR10 MR07 MR12,11,25,25,1.00000000
8383,MR13 MR11 MR02 MR04 MR08 MR06 MR09 MR10 MR07 MR14,10,22,19,0.86363636
8384,MR12 MR11 MR10 MR02 MR08 MR14 MR04 MR07 MR09 MR13 MR06,11,23,23,1.00000000
8385,MR06 MR10 MR02 MR08 MR14 MR11 MR12 MR04 MR09 MR13,10,25,22,0.88000000
8386,MR13 MR11 MR02 MR04 MR08 MR07 MR09 MR10 MR12 MR14 MR06,11,25,25,1.00000000
8387,MR12 MR10 MR11 MR02 MR08 MR04 MR07 MR09 MR14 MR06 MR13,11,26,26,1.00000000
8388,MR13 MR02 MR04 MR08 MR06 MR07 MR12 MR09 MR10 MR11 MR14,11,20,20,1.00000000
8389,MR12 MR10 MR02 MR08 MR06 MR11 MR04 MR07 MR09 MR14 MR13,11,24,24,1.00000000
8390,MR14 MR10 MR11 MR02 MR08 MR07 MR04 MR09 MR13 MR12 MR06,11,25,25,1.00000000
8391,MR13 MR02 MR04 MR08 MR06 MR07 MR11 MR12 MR09 MR10 MR14,11,19,19,1.00000000
8392,MR13 MR11 MR02 MR04 MR08 MR12 MR06 MR09 MR10 MR14 MR07,11,25,25,1.00000000
8393,MR13 MR02 MR04 MR08 MR11 MR07 MR12 MR06 MR09 MR10 MR14,11,25,25,1.00000000
8394,MR12 MR10 MR11 MR02 MR08 MR04 MR07 MR09 MR13 MR14 MR06,11,23,23,1.00000000
8395,MR14 MR04 MR02 MR08 MR11 MR12 MR07 MR13 MR06 MR09 MR10,11,25,25,1.00000000
8396,MR08 MR10 MR02 MR11 MR12 MR06 MR14 MR04 MR07 MR09 MR13,11,21,21,1.00000000
8397,MR13 MR02 MR04 MR08 MR11 MR07 MR06 MR09 MR10 MR12 MR14,11,28,28,1.00000000
8398,MR13 MR02 MR04 MR08 MR07 MR11 MR06 MR09 MR10 MR12 MR14,11,24,24,1.00000000
8399,MR12 MR10 MR02 MR08 MR07 MR11 MR04 MR09 MR13 MR14 MR06,11,26,26,1.00000000
8400,MR13 MR11 MR02 MR04 MR08 MR06 MR09 MR10 MR14 MR07 MR12,11,23,23,1.00000000
8401,MR13 MR02 MR04 MR08 MR11 MR06 MR09 MR10 MR14 MR07 MR12,11,22,22,1.00000000
8402,MR13 MR02 MR04 MR08 MR14 MR06 MR07 MR11 MR09 MR10 MR12,11,24,24,1.00000000
8403,MR13 MR11 MR02 MR04 MR08 MR09 MR10 MR12 MR14 MR06 MR07,11,22,22,1.00000000
8404,MR13 MR11 MR02 MR04 MR08 MR06 MR12 MR09 MR10 MR14 MR07,11,25,25,1.00000000
8405,MR13 MR02 MR04 MR08 MR11 MR07 MR14 MR09 MR10 MR12 MR06,11,24,24,1.00000000
8406,MR13 MR02 MR04 MR08 MR11 MR07 MR09 MR10 MR12 MR06 MR14,11,22,22,1.00000000
8407,MR12 MR10 MR11 MR02 MR08 MR04 MR06 MR09 MR14 MR07 MR13,11,24,24,1.00000000
8408,MR13 MR11 MR02 MR04 MR08 MR07 MR09 MR10 MR14 MR06 MR12,11,26,26,1.00000000
8409,MR12 MR10 MR02 MR08 MR11 MR06 MR04 MR09 MR13 MR07 MR14,11,22,22,1.00000000
8410,MR12 MR10 MR02 MR08 MR06 MR07 MR11 MR04 MR09 MR13 MR14,11,27,27,1.00000000
8411,MR13 MR02 MR04 MR08 MR11 MR07 MR06 MR09 MR10 MR12 MR14,11,26,26,1.00000000
8412,MR13 MR02 MR04 MR07 MR08 MR14 MR11 MR09 MR10 MR12 MR06,11,26,26,1.00000000
8413,MR13 MR02 MR04 MR08 MR11 MR07 MR09 MR10 MR12 MR06 MR14,11,24,24,1.00000000
8414,MR13 MR02 MR04 MR08 MR11 MR07 MR09 MR10 MR14 MR06 MR12,11,20,20,1.00000000
8415,MR13 MR11 MR02 MR04 MR08 MR09 MR10 MR14 MR07 MR12,10,24,21,0.87500000
8416,MR12 MR10 MR11 MR02 MR08 MR07 MR04 MR09 MR13 MR14 MR06,11,22,22,1.00000000
8417,MR13 MR02 MR04 MR08 MR11 MR14 MR06 MR09 MR10 MR12 MR07,11,21,21,1.00000000
8418,MR08 MR10 MR02 MR14 MR11 MR12 MR07 MR04 MR06 MR09 MR13,11,26,26,1.00000000
8419,MR12 MR10 MR11 MR02 MR08 MR13 MR04 MR07 MR09 MR14 MR06,11,25,25,1.00000000
8420,MR13 MR02 MR04 MR08 MR06 MR11 MR12 MR09 MR10 MR14 MR07,11,22,22,1.00000000
8421,MR13 MR02 MR04 MR08 MR11 MR07 MR09 MR10 MR14 MR06 MR12,11,26,26,1.00000000
8422,MR13 MR02 MR04 MR08 MR06 MR11 MR07 MR09 MR10 MR12 MR14,11,20,20,1.00000000
8423,MR13 MR02 MR04 MR08 MR06 MR11 MR14 MR07 MR09 MR10 MR12,11,27,27,1.00000000
8424,MR13 MR02 MR04 MR08 MR06 MR07 MR11 MR09 MR10 MR12 MR14,11,26,26,1.00000000
8425,MR13 MR02 MR04 MR08 MR11 MR06 MR09 MR10 MR12 MR07 MR14,11,23,23,1.00000000
8426,MR13 MR02 MR04 MR08 MR11 MR06 MR12 MR09 MR10 MR14 MR07,11,28,28,1.00000000
8427,MR13 MR02 MR04 MR08 MR07 MR11 MR12 MR06 MR09 MR10 MR14,11,23,23,1.00000000
8428,MR13 MR11 MR02 MR04 MR08 MR06 MR09 MR10 MR12 MR07 MR14,11,24,24,1.00000000
8429,MR13 MR02 MR04 MR08 MR11 MR06 MR09 MR10 MR14 MR07 MR12,11,22,22,1.00000000
8430,MR13 MR11 MR02 MR04 MR08 MR12 MR06 MR09 MR10 MR07 MR14,11,23,23,1.00000000
8431,MR13 MR11 MR02 MR04 MR08 MR12 MR07 MR09 MR10 MR14,10,31,28,0.90322581
8432,MR13 MR02 MR04 MR08 MR11 MR06 MR09 MR10 MR07 MR12 MR14,11,27,27,1.00000000
8433,MR12 MR10 MR02 MR08 MR11 MR14 MR04 MR06 MR07 MR09 MR13,11,21,21,1.00000000
8434,MR13 MR11 MR02 MR04 MR08 MR07 MR09 MR10 MR12 MR06 MR14,11,20,20,1.00000000
8435,MR13 MR11 MR02 MR04 MR08 MR06 MR09 MR10 MR12 MR14 MR07,11,24,24,1.00000000
8436,MR13 MR11 MR02 MR04 MR08 MR06 MR09 MR10 MR14 MR07 MR12,11,21,21,1.00000000
8437,MR13 MR02 MR04 MR08 MR11 MR06 MR12 MR09 MR10 MR07 MR14,11,24,24,1.00000000
8438,MR13 MR02 MR04 MR08 MR11 MR07 MR12 MR09 MR10 MR06 MR14,11,23,23,1.00000000
8439,MR13 MR11 MR02 MR04 MR08 MR06 MR14 MR09 MR10 MR12 MR07,11,23,23,1.00000000
8440,MR13 MR02 MR04 MR08 MR11 MR07 MR12 MR06 MR09 MR10 MR14,11,25,25,1.00000000
8441,MR12 MR11 MR02 MR04 MR08 MR09 MR10 MR13 MR06 MR14,10,26,23,0.88461538
8442,MR13 MR06 MR02 MR04 MR08 MR09 MR10 MR14 MR07 MR11 MR12,11,24,24,1.00000000
8443,MR13 MR11 MR02 MR04 MR08 MR12 MR09 MR10 MR14 MR06 MR07,11,23,23,1.00000000
8444,MR08 MR10 MR02 MR11 MR14 MR04 MR06 MR07 MR09 MR12 MR13,11,21,21,1.00000000
8445,MR13 MR02 MR04 MR08 MR11 MR07 MR09 MR10 MR12 MR06,10,22,19,0.86363636
8446,MR13 MR11 MR02 MR04 MR08 MR14 MR07 MR09 MR10 MR12 MR06,11,28,28,1.00000000
8447,MR12 MR10 MR11 MR02 MR08 MR04 MR06 MR09 MR13 MR07 MR14,11,21,21,1.00000000
8448,MR13 MR11 MR14 MR02 MR04 MR08 MR07 MR09 MR10 MR12 MR06,11,24,24,1.00000000
8449,MR08 MR10 MR11 MR02 MR12 MR06 MR14 MR04 MR09 MR13 MR07,11,27,27,1.00000000
8450,MR13 MR02 MR04 MR08 MR06 MR11 MR07 MR09 MR10 MR12 MR14,11,25,25,1.00000000
8451,MR13 MR02 MR04 MR08 MR11 MR07 MR06 MR09 MR10 MR14 MR12,11,26,26,1.00000000
8452,MR13 MR11 MR02 MR04 MR08 MR09 MR10 MR14 MR06 MR07 MR12,11,22,22,1.00000000
8453,MR13 MR11 MR02 MR04 MR08 MR14 MR06 MR09 MR10 MR12 MR07,11,22,22,1.00000000
8454,MR13 MR02 MR04 MR08 MR11 MR06 MR14 MR09 MR10 MR12 MR07,11,24,24,1.00000000
8455,MR13 MR02 MR04 MR08 MR11 MR07 MR09 MR10 MR06 MR12 MR14,11,27,27,1.00000000
8456,MR13 MR02 MR04 MR08 MR11 MR06 MR14 MR09 MR10 MR07 MR12,11,20,20,1.00000000
8457,MR13 MR02 MR04 MR08 MR11 MR06 MR07 MR09 MR10 MR12 MR14,11,20,20,1.00000000
8458,MR13 MR02 MR04 MR08 MR07 MR11 MR06 MR09 MR10 MR14 MR12,11,25,25,1.00000000
8459,MR13 MR02 MR04 MR08 MR11 MR06 MR09 MR10 MR07 MR12 MR14,11,26,26,1.00000000
8460,MR13 MR11 MR02 MR04 MR08 MR14 MR06 MR09 MR10 MR12 MR07,11,24,24,1.00000000
8461,MR13 MR02 MR04 MR08 MR11 MR06 MR07 MR09 MR10 MR14,10,23,20,0.86956522
8462,MR12 MR10 MR02 MR08 MR06 MR11 MR13 MR04 MR07 MR09 MR14,11,24,24,1.00000000
8463,MR13 MR02 MR04 MR06 MR08 MR07 MR09 MR10 MR11 MR12 MR14,11,22,22,1.00000000
8464,MR13 MR11 MR02 MR04 MR08 MR14 MR06 MR09 MR10 MR12,10,26,23,0.88461538
8465,MR13 MR02 MR04 MR08 MR11 MR06 MR07 MR09 MR10 MR12 MR14,11,25,25,1.00000000
8466,MR13 MR02 MR04 MR08 MR11 MR14 MR12 MR06 MR07 MR09 MR10,11,30,30,1.00000000
8467,MR13 MR02 MR04 MR08 MR11 MR06 MR09 MR10 MR14 MR07 MR12,11,23,23,1.00000000
8468,MR13 MR02 MR04 MR08 MR07 MR11 MR09 MR10 MR06 MR12 MR14,11,29,29,1.00000000
8469,MR13 MR07 MR02 MR04 MR08 MR09 MR10 MR11 MR06 MR12,10,25,22,0.88000000
8470,MR13 MR02 MR04 MR08 MR07 MR12 MR11 MR06 MR09 MR10 MR14,11,23,23,1.00000000
8471,MR13 MR02 MR04 MR06 MR08 MR14 MR07 MR09 MR10 MR11,10,27,24,0.88888889
8472,MR13 MR02 MR04 MR08 MR11 MR06 MR14 MR07 MR09 MR10 MR12,11,22,22,1.00000000
8473,MR13 MR02 MR04 MR08 MR11 MR07 MR06 MR09 MR10 MR12 MR14,11,25,25,1.00000000
8474,MR13 MR02 MR04 MR08 MR14 MR06 MR11 MR09 MR10 MR07,10,22,19,0.86363636
8475,MR08 MR10 MR02 MR07 MR11 MR14 MR12 MR04 MR09 MR05 MR06,11,26,23,0.88461538
8476,MR13 MR02 MR04 MR08 MR06 MR11 MR14 MR09 MR10 MR12 MR07,11,29,29,1.00000000
8477,MR12 MR10 MR11 MR02 MR08 MR06 MR04 MR09 MR14 MR13,10,23,20,0.86956522
8478,MR13 MR11 MR02 MR04 MR08 MR06 MR12 MR09 MR10 MR07 MR14,11,23,23,1.00000000
8479,MR12 MR11 MR10 MR02 MR08 MR14 MR04 MR06 MR09 MR13 MR07,11,26,26,1.00000000
8480,MR13 MR11 MR02 MR04 MR08 MR09 MR10 MR12 MR06 MR14 MR07,11,19,19,1.00000000
8481,MR08 MR10 MR11 MR02 MR12 MR14 MR04 MR07 MR09 MR13 MR06,11,25,25,1.00000000
8482,MR08 MR10 MR11 MR02 MR14 MR12 MR04 MR09 MR13 MR06 MR07,11,21,21,1.00000000
8483,MR13 MR02 MR04 MR08 MR07 MR11 MR09 MR10 MR12 MR06 MR14,11,22,22,1.00000000
8484,MR14 MR11 MR02 MR04 MR08 MR13 MR07 MR09 MR10 MR06 MR12,11,27,27,1.00000000
8485,MR13 MR11 MR02 MR04 MR08 MR06 MR09 MR10 MR14 MR12 MR07,11,26,26,1.00000000
8486,MR08 MR10 MR11 MR02 MR12 MR07 MR14 MR04 MR09 MR13 MR06,11,21,21,1.00000000
8487,MR13 MR11 MR02 MR04 MR08 MR14 MR09 MR10 MR06 MR07 MR12,11,29,29,1.00000000
8488,MR13 MR02 MR04 MR07 MR08 MR14 MR11 MR09 MR10 MR12 MR06,11,26,26,1.00000000
8489,MR13 MR02 MR04 MR08 MR11 MR06 MR14 MR07 MR09 MR10,10,25,22,0.88000000
8490,MR12 MR10 MR11 MR02 MR08 MR04 MR07 MR09 MR13 MR14 MR06,11,22,22,1.00000000
8491,MR13 MR02 MR04 MR08 MR11 MR06 MR09 MR10 MR07 MR12 MR14,11,25,25,1.00000000
8492,MR13 MR02 MR04 MR08 MR11 MR06 MR14 MR07 MR09 MR10,10,24,21,0.87500000
8493,MR13 MR11 MR02 MR04 MR08 MR06 MR14 MR09 MR10 MR07 MR12,11,24,24,1.00000000
8494,MR13 MR11 MR02 MR04 MR08 MR14 MR09 MR10 MR12 MR06 MR07,11,24,24,1.00000000
8495,MR12 MR02 MR04 MR07 MR08 MR11 MR13 MR14 MR09 MR10,10,24,21,0.87500000
8496,MR13 MR02 MR04 MR08 MR06 MR11 MR14 MR09 MR10 MR12 MR07,11,25,25,1.00000000
8497,MR12 MR10 MR02 MR08 MR06 MR07 MR11 MR04 MR09 MR14 MR13,11,19,19,1.00000000
8498,MR13 MR02 MR04 MR08 MR11 MR12 MR06 MR07 MR09 MR10 MR14,11,22,22,1.00000000
8499,MR12 MR10 MR02 MR08 MR11 MR07 MR04 MR09 MR14 MR13 MR06,11,28,28,1.00000000
8500,MR13 MR02 MR04 MR08 MR11 MR07 MR14 MR06 MR09 MR10 MR12,11,25,25,1.00000000
8501,MR13 MR11 MR02 MR04 MR08 MR14 MR09 MR10 MR12 MR06 MR07,11,24,24,1.00000000
8502,MR13 MR11 MR02 MR04 MR08 MR06 MR14 MR09 MR10 MR12 MR07,11,26,26,1.00000000
8503,MR13 MR02 MR04 MR08 MR12 MR06 MR07 MR11 MR09 MR10 MR14,11,20,20,1.00000000
8504,MR13 MR11 MR02 MR04 MR08 MR12 MR09 MR10 MR06 MR07 MR14,11,28,28,1.00000000
8505,MR13 MR02 MR04 MR08 MR06 MR11 MR09 MR10 MR07 MR14 MR12,11,22,22,1.00000000
8506,MR13 MR11 MR02 MR04 MR08 MR06 MR09 MR10 MR14 MR07,10,26,23,0.88461538
8507,MR13 MR02 MR04 MR08 MR11 MR14 MR06 MR07 MR09 MR10 MR12,11,21,21,1.00000000
8508,MR13 MR02 MR04 MR08 MR11 MR06 MR12 MR07 MR09 MR10 MR14,11,20,20,1.00000000
8509,MR13 MR02 MR04 MR08 MR11 MR12 MR06 MR07 MR09 MR10 MR14,11,21,21,1.00000000
8510,MR13 MR11 MR02 MR04 MR08 MR07 MR09 MR10 MR12 MR14 MR06,11,22,22,1.00000000
8511,MR13 MR02 MR04 MR08 MR11 MR06 MR09 MR10 MR12 MR14 MR07,11,24,24,1.00000000
8512,MR13 MR11 MR02 MR04 MR08 MR07 MR12 MR14 MR09 MR10 MR06,11,25,25,1.00000000
8513,MR13 MR02 MR04 MR08 MR06 MR11 MR09 MR10 MR14 MR07 MR12,11,25,25,1.00000000
8514,MR13 MR11 MR02 MR04 MR08 MR09 MR10 MR06 MR12 MR14 MR07,11,22,22,1.00000000
8515,MR13 MR02 MR04 MR08 MR07 MR11 MR06 MR09 MR10 MR12 MR14,11,26,26,1.00000000
8516,MR13 MR11 MR02 MR04 MR08 MR06 MR09 MR10 MR14 MR07 MR12,11,20,20,1.00000000
8517,MR12 MR02 MR04 MR08 MR11 MR07 MR09 MR10 MR13 MR06 MR14,11,22,22,1.00000000
8518,MR12 MR10 MR11 MR02 MR08 MR07 MR04 MR09 MR13 MR14 MR06,11,25,25,1.00000000
8519,MR13 MR11 MR02 MR04 MR08 MR06 MR14 MR09 MR10 MR12 MR07,11,23,23,1.00000000
8520,MR13 MR02 MR04 MR08 MR06 MR11 MR09 MR10 MR14 MR07 MR12,11,23,23,1.00000000
8521,MR13 MR02 MR04 MR08 MR11 MR06 MR09 MR10 MR14 MR07 MR12,11,21,21,1.00000000
8522,MR13 MR02 MR04 MR08 MR11 MR06 MR07 MR09 MR10 MR12 MR14,11,20,20,1.00000000
8523,MR13 MR11 MR02 MR04 MR08 MR14 MR09 MR10 MR06 MR07 MR12,11,32,32,1.00000000
8524,MR13 MR02 MR04 MR07 MR08 MR06 MR09 MR10 MR11 MR14 MR12,11,24,24,1.00000000
8525,MR13 MR02 MR04 MR08 MR07 MR11 MR09 MR10 MR14 MR06 MR12,11,16,16,1.00000000
8526,MR12 MR10 MR02 MR06 MR08 MR11 MR04 MR09 MR13 MR07 MR14,11,22,22,1.00000000
8527,MR13 MR02 MR04 MR08 MR11 MR06 MR07 MR09 MR10 MR14 MR12,11,24,24,1.00000000
8528,MR12 MR11 MR10 MR02 MR08 MR13 MR04 MR09 MR14 MR06 MR07,11,29,29,1.00000000
8529,MR05 MR11 MR02 MR04 MR08 MR12 MR09 MR10 MR14 MR06 MR07,11,24,21,0.87500000
8530,MR13 MR11 MR02 MR04 MR08 MR12 MR07 MR09 MR10 MR14 MR06,11,18,18,1.00000000
8531,MR13 MR02 MR04 MR08 MR11 MR06 MR09 MR10 MR12 MR07 MR14,11,26,26,1.00000000
8532,MR13 MR11 MR02 MR04 MR08 MR14 MR06 MR09 MR10 MR12,10,24,21,0.87500000
8533,MR13 MR02 MR04 MR08 MR06 MR07 MR09 MR10 MR11 MR14 MR12,11,20,20,1.00000000
8534,MR13 MR02 MR04 MR08 MR06 MR11 MR07 MR09 MR10 MR12 MR14,11,22,22,1.00000000
8535,MR13 MR02 MR04 MR08 MR11 MR14 MR06 MR09 MR10 MR07 MR12,11,23,23,1.00000000
8536,MR13 MR06 MR02 MR04 MR08 MR09 MR10 MR11 MR07 MR12 MR14,11,26,26,1.00000000
8537,MR13 MR02 MR04 MR08 MR12 MR06 MR11 MR09 MR10 MR07 MR14,11,21,21,1.00000000
8538,MR13 MR02 MR04 MR08 MR11 MR07 MR12 MR09 MR10 MR06 MR14,11,22,22,1.00000000
8539,MR13 MR02 MR04 MR08 MR11 MR12 MR06 MR07 MR09 MR10,10,23,20,0.86956522
8540,MR05 MR02 MR04 MR08 MR06 MR07 MR11 MR09 MR10 MR12 MR14,11,23,20,0.86956522
8541,MR12 MR10 MR02 MR08 MR06 MR11 MR04 MR09 MR13 MR07 MR14,11,20,20,1.00000000
8542,MR12 MR10 MR02 MR08 MR11 MR07 MR04 MR09 MR13 MR14 MR06,11,22,22,1.00000000
8543,MR13 MR02 MR04 MR06 MR08 MR14 MR11 MR09 MR10 MR07,10,28,25,0.89285714
8544,MR13 MR11 MR02 MR04 MR08 MR07 MR09 MR10 MR12 MR06 MR14,11,25,25,1.00000000
8545,MR13 MR02 MR04 MR08 MR11 MR07 MR14 MR09 MR10 MR12 MR06,11,23,23,1.00000000
8546,MR13 MR02 MR04 MR08 MR11 MR06 MR12 MR07 MR09 MR10,10,24,21,0.87500000
8547,MR08 MR10 MR11 MR02 MR12 MR04 MR07 MR09 MR13 MR14 MR06,11,28,28,1.00000000
8548,MR12 MR11 MR10 MR02 MR08 MR04 MR09 MR13 MR14 MR06 MR07,11,27,27,1.00000000
8549,MR12 MR10 MR02 MR08 MR11 MR06 MR14 MR04 MR09 MR13 MR07,11,24,24,1.00000000
8550,MR12 MR02 MR04 MR06 MR08 MR11 MR14 MR09 MR10 MR13 MR07,11,25,25,1.00000000
8551,MR13 MR11 MR02 MR04 MR08 MR07 MR09 MR10 MR14 MR06 MR12,11,20,20,1.00000000
8552,MR13 MR02 MR04 MR08 MR11 MR06 MR12 MR07 MR09 MR10 MR14,11,27,27,1.00000000
8553,MR13 MR11 MR02 MR04 MR08 MR14 MR07 MR09 MR10 MR06 MR12,11,21,21,1.00000000
8554,MR13 MR02 MR04 MR06 MR08 MR11 MR09 MR10 MR07 MR12 MR14,11,24,24,1.00000000
8555,MR13 MR02 MR04 MR08 MR06 MR07 MR09 MR10 MR11 MR12 MR14,11,27,27,1.00000000
8556,MR12 MR02 MR04 MR06 MR08 MR11 MR13 MR14 MR09 MR10 MR07,11,33,33,1.00000000
8557,MR12 MR10 MR02 MR08 MR06 MR11 MR14 MR04 MR09 MR07 MR13,11,23,23,1.00000000
8558,MR13 MR11 MR02 MR04 MR08 MR14 MR07 MR09 MR10 MR06 MR12,11,27,27,1.00000000
8559,MR13 MR02 MR04 MR08 MR11 MR07 MR14 MR09 MR10 MR06 MR12,11,21,21,1.00000000
8560,MR12 MR02 MR04 MR06 MR08 MR13 MR07 MR09 MR10 MR11 MR14,11,24,24,1.00000000
8561,MR13 MR02 MR04 MR08 MR11 MR07 MR09 MR10 MR06 MR12 MR14,11,24,24,1.00000000
8562,MR12 MR10 MR02 MR08 MR06 MR11 MR14 MR04 MR09 MR07 MR13,11,25,25,1.00000000
8563,MR13 MR11 MR02 MR04 MR08 MR07 MR09 MR10 MR12,9,22,16,0.72727273
8564,MR13 MR11 MR02 MR04 MR08 MR14 MR06 MR09 MR10 MR12 MR07,11,26,26,1.00000000
8565,MR13 MR11 MR02 MR04 MR08 MR06 MR09 MR10 MR07,9,29,23,0.79310345
8566,MR13 MR02 MR04 MR08 MR11 MR14 MR07 MR09 MR10 MR06 MR12,11,20,20,1.00000000
8567,MR13 MR02 MR04 MR08 MR11 MR06 MR12 MR09 MR10 MR14 MR07,11,21,21,1.00000000
8568,MR13 MR11 MR02 MR04 MR08 MR14 MR06 MR09 MR10 MR07 MR12,11,27,27,1.00000000
8569,MR13 MR02 MR04 MR08 MR11 MR06 MR14 MR09 MR10 MR07 MR12,11,22,22,1.00000000
8570,MR13 MR02 MR04 MR08 MR06 MR07 MR12 MR09 MR10 MR11 MR14,11,22,22,1.00000000
8571,MR13 MR11 MR02 MR04 MR08 MR06 MR12 MR09 MR10 MR14,10,25,22,0.88000000
8572,MR13 MR11 MR02 MR04 MR08 MR14 MR09 MR10 MR06 MR07 MR12,11,26,26,1.00000000
8573,MR13 MR11 MR02 MR04 MR08 MR14 MR07 MR09 MR10 MR06 MR12,11,29,29,1.00000000
8574,MR05 MR11 MR02 MR04 MR08 MR06 MR09 MR10 MR12 MR14 MR07,11,22,19,0.86363636
8575,MR13 MR02 MR04 MR08 MR11 MR14 MR06 MR07 MR09 MR10 MR12,11,19,19,1.00000000
8576,MR13 MR02 MR04 MR08 MR11 MR06 MR09 MR10 MR14 MR07,10,26,23,0.88461538
8577,MR13 MR02 MR04 MR08 MR11 MR12 MR07 MR06 MR09 MR10 MR14,11,27,27,1.00000000
8578,MR13 MR02 MR04 MR08 MR07 MR11 MR06 MR09 MR10 MR12 MR14,11,25,25,1.00000000
8579,MR13 MR02 MR04 MR07 MR08 MR14 MR06 MR09 MR10 MR11,10,23,20,0.86956522
8580,MR13 MR11 MR02 MR04 MR08 MR14 MR09 MR10 MR12 MR06 MR07,11,22,22,1.00000000
8581,MR08 MR04 MR02 MR07 MR12 MR11 MR06 MR09 MR10 MR13 MR14,11,30,30,1.00000000
8582,MR08 MR10 MR02 MR11 MR14 MR07 MR04 MR09 MR12 MR06 MR05,11,24,21,0.87500000
8583,MR05 MR11 MR02 MR04 MR08 MR06 MR14 MR09 MR10 MR12,10,20,14,0.70000000
8584,MR13 MR11 MR02 MR04 MR08 MR09 MR10 MR12 MR07 MR14 MR06,11,23,23,1.00000000
8585,MR12 MR11 MR10 MR02 MR08 MR13 MR04 MR09 MR06 MR07 MR14,11,25,25,1.00000000
8586,MR12 MR10 MR11 MR02 MR08 MR06 MR13 MR04 MR09 MR14,10,22,19,0.86363636
8587,MR13 MR02 MR04 MR08 MR11 MR07 MR09 MR10 MR12 MR06 MR14,11,25,25,1.00000000
8588,MR13 MR02 MR04 MR06 MR08 MR11 MR12 MR14 MR09 MR10 MR07,11,26,26,1.00000000
8589,MR13 MR11 MR02 MR04 MR08 MR06 MR09 MR10 MR12 MR14 MR07,11,22,22,1.00000000
8590,MR13 MR02 MR04 MR08 MR14 MR07 MR11 MR06 MR09 MR10 MR12,11,24,24,1.00000000
8591,MR12 MR10 MR02 MR08 MR11 MR06 MR04 MR07 MR09 MR14 MR13,11,28,28,1.00000000
8592,MR13 MR02 MR04 MR08 MR11 MR07 MR06 MR09 MR10 MR12 MR14,11,23,23,1.00000000
8593,MR12 MR10 MR02 MR08 MR11 MR13 MR04 MR06 MR07 MR09 MR14,11,19,19,1.00000000
8594,MR08 MR10 MR02 MR11 MR06 MR12 MR13 MR04 MR09 MR14 MR07,11,30,30,1.00000000
8595,MR13 MR02 MR04 MR08 MR11 MR07 MR06 MR09 MR10 MR14,10,27,24,0.88888889
8596,MR13 MR11 MR02 MR04 MR08 MR06 MR09 MR10 MR12,9,23,17,0.73913043
8597,MR13 MR11 MR02 MR04 MR08 MR07 MR09 MR10 MR14 MR06 MR12,11,23,23,1.00000000
8598,MR13 MR11 MR02 MR04 MR08 MR07 MR09 MR10 MR06 MR12 MR14,11,24,24,1.00000000
8599,MR13 MR02 MR04 MR08 MR11 MR12 MR06 MR14 MR09 MR10 MR07,11,25,25,1.00000000
8600,MR13 MR02 MR04 MR08 MR06 MR07 MR14 MR09 MR10 MR11 MR12,11,21,21,1.00000000
8601,MR13 MR02 MR04 MR07 MR08 MR06 MR09 MR10 MR11 MR12 MR14,11,26,26,1.00000000
8602,MR08 MR10 MR11 MR02 MR14 MR12 MR04 MR07 MR09 MR13 MR06,11,20,20,1.00000000
8603,MR12 MR10 MR02 MR08 MR11 MR04 MR06 MR07 MR09 MR13 MR14,11,27,27,1.00000000
8604,MR08 MR10 MR02 MR06 MR07 MR11 MR12 MR13 MR14 MR04 MR09,11,25,25,1.00000000
8605,MR13 MR02 MR04 MR08 MR14 MR06 MR07 MR11 MR09 MR10 MR12,11,26,26,1.00000000
8606,MR13 MR02 MR04 MR08 MR06 MR11 MR09 MR10 MR12 MR07 MR14,11,23,23,1.00000000
8607,MR13 MR11 MR02 MR04 MR08 MR07 MR09 MR10 MR12 MR06 MR14,11,23,23,1.00000000
8608,MR08 MR10 MR02 MR06 MR11 MR14 MR04 MR09 MR07 MR12 MR13,11,29,29,1.00000000
8609,MR13 MR11 MR02 MR04 MR08 MR14 MR07 MR09 MR10 MR12 MR06,11,24,24,1.00000000
8610,MR13 MR02 MR04 MR08 MR06 MR07 MR11 MR12 MR09 MR10 MR14,11,21,21,1.00000000
8611,MR13 MR02 MR04 MR08 MR11 MR07 MR06 MR09 MR10 MR12 MR14,11,26,26,1.00000000
8612,MR13 MR06 MR02 MR04 MR08 MR09 MR10 MR11 MR14 MR07 MR12,11,27,27,1.00000000
8613,MR12 MR10 MR02 MR06 MR08 MR11 MR04 MR09 MR13 MR14,10,28,25,0.89285714
8614,MR12 MR10 MR02 MR08 MR11 MR06 MR04 MR09 MR13 MR07 MR14,11,23,23,1.00000000
8615,MR13 MR11 MR02 MR04 MR08 MR12 MR07 MR09 MR10 MR14 MR06,11,27,27,1.00000000
8616,MR13 MR11 MR02 MR04 MR08 MR07 MR12 MR14 MR09 MR10,10,24,21,0.87500000
8617,MR13 MR02 MR04 MR08 MR11 MR07 MR12 MR09 MR10 MR06 MR14,11,21,21,1.00000000
8618,MR13 MR02 MR04 MR08 MR11 MR06 MR07 MR09 MR10 MR12,10,22,19,0.86363636
8619,MR13 MR02 MR04 MR08 MR07 MR11 MR06 MR09 MR10 MR12 MR14,11,21,21,1.00000000
8620,MR13 MR02 MR04 MR08 MR06 MR11 MR14 MR09 MR10 MR07 MR12,11,27,27,1.00000000
8621,MR13 MR02 MR04 MR08 MR11 MR06 MR14 MR09 MR10 MR12 MR07,11,23,23,1.00000000
8622,MR13 MR02 MR04 MR06 MR08 MR11 MR09 MR10 MR07 MR12 MR14,11,25,25,1.00000000
8623,MR14 MR10 MR11 MR02 MR08 MR06 MR12 MR04 MR09 MR13 MR07,11,22,22,1.00000000
8624,MR12 MR10 MR02 MR08 MR06 MR11 MR04 MR09 MR14 MR07 MR13,11,33,33,1.00000000
8625,MR13 MR02 MR04 MR08 MR11 MR07 MR14 MR09 MR10 MR06 MR12,11,27,27,1.00000000
8626,MR13 MR11 MR02 MR04 MR08 MR14 MR06 MR09 MR10 MR12 MR07,11,22,22,1.00000000
8627,MR13 MR02 MR04 MR07 MR08 MR06 MR09 MR10 MR11 MR12 MR14,11,24,24,1.00000000
8628,MR12 MR02 MR04 MR06 MR08 MR11 MR13 MR14 MR09 MR10 MR07,11,26,26,1.00000000
8629,MR13 MR11 MR02 MR04 MR08 MR12 MR07 MR09 MR10 MR06,10,26,23,0.88461538
8630,MR12 MR10 MR11 MR02 MR08 MR04 MR09 MR14 MR07 MR13 MR06,11,23,23,1.00000000
8631,MR13 MR11 MR02 MR04 MR08 MR12 MR06 MR09 MR10 MR14,10,24,21,0.87500000
8632,MR13 MR07 MR02 MR04 MR08 MR11 MR09 MR10 MR14 MR06 MR12,11,30,30,1.00000000
8633,MR13 MR02 MR04 MR08 MR11 MR12 MR14 MR06 MR07 MR09 MR10,11,25,25,1.00000000
8634,MR08 MR10 MR11 MR02 MR12 MR14 MR04 MR09 MR07 MR13 MR06,11,20,20,1.00000000
8635,MR12 MR11 MR10 MR02 MR08 MR14 MR04 MR09 MR06 MR07,10,22,18,0.81818182
8636,MR13 MR02 MR04 MR08 MR11 MR06 MR07 MR09 MR10 MR14 MR12,11,21,21,1.00000000
8637,MR13 MR02 MR04 MR08 MR11 MR06 MR14 MR09 MR10 MR07,10,26,23,0.88461538
8638,MR13 MR02 MR04 MR08 MR07 MR12 MR11 MR06 MR09 MR10 MR14,11,23,23,1.00000000
8639,MR08 MR02 MR04 MR11 MR12 MR07 MR14 MR09 MR10 MR06 MR13,11,26,26,1.00000000
8640,MR05 MR02 MR04 MR08 MR11 MR06 MR07 MR09 MR10 MR14 MR12,11,23,20,0.86956522
8641,MR13 MR11 MR02 MR04 MR08 MR14 MR07 MR09 MR10 MR12 MR06,11,21,21,1.00000000
8642,MR12 MR10 MR11 MR02 MR08 MR04 MR06 MR09 MR07 MR14 MR05,11,24,21,0.87500000
8643,MR12 MR10 MR11 MR02 MR08 MR04 MR09 MR14 MR05 MR06 MR07,11,25,22,0.88000000
8644,MR12 MR10 MR02 MR08 MR07 MR14 MR11 MR04 MR06 MR09 MR13,11,23,23,1.00000000
8645,MR13 MR11 MR02 MR04 MR08 MR06 MR09 MR10 MR07 MR14,10,27,24,0.88888889
8646,MR13 MR02 MR04 MR08 MR11 MR06 MR07 MR09 MR10 MR14 MR12,11,25,25,1.00000000
8647,MR08 MR04 MR02 MR14 MR11 MR06 MR07 MR09 MR10 MR12 MR13,11,24,24,1.00000000
8648,MR13 MR11 MR02 MR04 MR08 MR07 MR09 MR10 MR12 MR14 MR06,11,26,26,1.00000000
8649,MR12 MR10 MR02 MR08 MR11 MR06 MR04 MR07 MR09 MR13 MR14,11,22,22,1.00000000
8650,MR13 MR02 MR04 MR06 MR08 MR11 MR09 MR10 MR12 MR07 MR14,11,27,27,1.00000000
8651,MR13 MR02 MR04 MR07 MR08 MR11 MR14 MR09 MR10 MR12 MR06,11,25,25,1.00000000
8652,MR13 MR11 MR02 MR04 MR08 MR14 MR06 MR09 MR10 MR12 MR07,11,29,29,1.00000000
8653,MR13 MR02 MR04 MR08 MR06 MR11 MR12 MR09 MR10 MR07 MR14,11,24,24,1.00000000
8654,MR12 MR11 MR10 MR02 MR08 MR06 MR04 MR09 MR14 MR13,10,26,23,0.88461538
8655,MR13 MR02 MR04 MR08 MR06 MR12 MR11 MR07 MR09 MR10 MR14,11,22,22,1.00000000
8656,MR13 MR11 MR02 MR04 MR08 MR14 MR06 MR09 MR10 MR12 MR07,11,27,27,1.00000000
8657,MR13 MR11 MR02 MR04 MR08 MR06 MR09 MR10 MR14 MR12,10,27,24,0.88888889
8658,MR13 MR02 MR04 MR08 MR11 MR06 MR09 MR10 MR07 MR12 MR14,11,23,23,1.00000000
8659,MR13 MR11 MR02 MR04 MR08 MR07 MR14 MR09 MR10 MR06 MR12,11,17,17,1.00000000
8660,MR13 MR11 MR02 MR04 MR08 MR14 MR06 MR09 MR10 MR07 MR12,11,24,24,1.00000000
8661,MR13 MR11 MR02 MR04 MR08 MR06 MR09 MR10 MR14 MR07 MR12,11,21,21,1.00000000
8662,MR12 MR11 MR10 MR02 MR08 MR04 MR09 MR13 MR06 MR14 MR07,11,27,27,1.00000000
8663,MR14 MR10 MR02 MR08 MR06 MR11 MR04 MR07 MR09 MR12 MR13,11,23,23,1.00000000
8664,MR13 MR11 MR02 MR04 MR08 MR12 MR06 MR09 MR10 MR14 MR07,11,25,25,1.00000000
8665,MR13 MR02 MR04 MR08 MR11 MR07 MR12 MR06 MR09 MR10 MR14,11,23,23,1.00000000
8666,MR13 MR02 MR04 MR08 MR11 MR06 MR09 MR10 MR14 MR07,10,24,21,0.87500000
8667,MR12 MR11 MR10 MR02 MR08 MR14 MR04 MR09 MR06 MR07,10,29,25,0.86206897
8668,MR13 MR02 MR04 MR08 MR14 MR11 MR06 MR07 MR09 MR10 MR12,11,24,24,1.00000000
8669,MR13 MR11 MR02 MR04 MR08 MR06 MR14 MR09 MR10 MR07 MR12,11,24,24,1.00000000
8670,MR13 MR02 MR04 MR07 MR08 MR11 MR09 MR10 MR06 MR14 MR12,11,26,26,1.00000000
8671,MR13 MR02 MR04 MR08 MR06 MR11 MR12 MR07 MR09 MR10 MR14,11,24,24,1.00000000
8672,MR13 MR07 MR02 MR04 MR08 MR09 MR10 MR11 MR12 MR14 MR06,11,26,26,1.00000000
8673,MR13 MR11 MR02 MR04 MR08 MR06 MR09 MR10 MR12 MR14 MR07,11,24,24,1.00000000
8674,MR13 MR02 MR04 MR08 MR11 MR06 MR07 MR09 MR10 MR12,10,25,22,0.88000000
8675,MR13 MR02 MR04 MR08 MR06 MR07 MR14 MR09 MR10 MR11 MR12,11,24,24,1.00000000
8676,MR13 MR02 MR04 MR08 MR11 MR07 MR09 MR10 MR12 MR06 MR14,11,23,23,1.00000000
8677,MR13 MR02 MR04 MR08 MR11 MR07 MR06 MR09 MR10 MR12 MR14,11,27,27,1.00000000
8678,MR08 MR10 MR02 MR11 MR14 MR06 MR04 MR09 MR07 MR12 MR13,11,30,30,1.00000000
8679,MR12 MR10 MR02 MR08 MR11 MR06 MR04 MR07 MR09 MR13 MR14,11,21,21,1.00000000
8680,MR14 MR04 MR02 MR08 MR11 MR07 MR06 MR09 MR10 MR13 MR12,11,22,22,1.00000000
8681,MR13 MR02 MR04 MR08 MR07 MR11 MR06 MR09 MR10 MR14 MR12,11,24,24,1.00000000
8682,MR13 MR02 MR04 MR08 MR14 MR11 MR07 MR06 MR09 MR10 MR12,11,20,20,1.00000000
8683,MR08 MR10 MR02 MR11 MR14 MR07 MR04 MR06 MR09 MR12 MR13,11,21,21,1.00000000
8684,MR12 MR11 MR10 MR02 MR08 MR04 MR09 MR13 MR07 MR06 MR14,11,25,25,1.00000000
8685,MR13 MR02 MR04 MR08 MR11 MR14 MR07 MR09 MR10 MR06 MR12,11,25,25,1.00000000
8686,MR12 MR10 MR11 MR02 MR08 MR14 MR06 MR04 MR09 MR13 MR07,11,27,27,1.00000000
8687,MR13 MR02 MR04 MR08 MR07 MR11 MR12 MR09 MR10 MR06 MR14,11,25,25,1.00000000
8688,MR13 MR11 MR02 MR04 MR08 MR07 MR12 MR09 MR10 MR14 MR06,11,20,20,1.00000000
8689,MR13 MR02 MR04 MR08 MR14 MR07 MR11 MR09 MR10 MR06,10,26,23,0.88461538
8690,MR13 MR11 MR02 MR04 MR08 MR14 MR09 MR10 MR12 MR06 MR07,11,28,28,1.00000000
8691,MR12 MR10 MR11 MR02 MR08 MR07 MR04 MR09 MR13 MR14,10,24,21,0.87500000
8692,MR12 MR10 MR02 MR08 MR11 MR04 MR06 MR07 MR09 MR13 MR14,11,21,21,1.00000000
8693,MR13 MR02 MR04 MR08 MR07 MR11 MR12 MR09 MR10 MR06 MR14,11,24,24,1.00000000
8694,MR12 MR10 MR02 MR08 MR06 MR07 MR11 MR14 MR04 MR09 MR13,11,23,23,1.00000000
8695,MR08 MR10 MR11 MR02 MR14 MR04 MR06 MR09 MR13 MR12 MR07,11,22,22,1.00000000
8696,MR13 MR11 MR02 MR04 MR08 MR06 MR09 MR10 MR14 MR07 MR12,11,25,25,1.00000000
8697,MR13 MR02 MR04 MR08 MR11 MR14 MR06 MR07 MR09 MR10 MR12,11,26,26,1.00000000
8698,MR13 MR02 MR04 MR08 MR11 MR06 MR07 MR09 MR10 MR12 MR14,11,25,25,1.00000000
8699,MR13 MR02 MR04 MR08 MR11 MR07 MR12 MR09 MR10 MR14 MR06,11,22,22,1.00000000
8700,MR13 MR02 MR04 MR08 MR11 MR06 MR09 MR10 MR07 MR14 MR12,11,29,29,1.00000000
8701,MR13 MR06 MR02 MR04 MR08 MR11 MR09 MR10 MR12 MR14 MR07,11,21,21,1.00000000
8702,MR08 MR10 MR02 MR06 MR11 MR12 MR13 MR04 MR09 MR14 MR07,11,24,24,1.00000000
8703,MR13 MR02 MR04 MR08 MR11 MR07 MR14 MR09 MR10 MR06 MR12,11,25,25,1.00000000
8704,MR13 MR11 MR02 MR04 MR08 MR07 MR09 MR10 MR06 MR12 MR14,11,20,20,1.00000000
8705,MR13 MR02 MR04 MR08 MR11 MR06 MR07 MR09 MR10 MR12 MR14,11,25,25,1.00000000
8706,MR13 MR11 MR14 MR02 MR04 MR08 MR09 MR10 MR06 MR07,10,26,23,0.88461538
8707,MR12 MR10 MR02 MR08 MR11 MR04 MR06 MR07 MR09 MR13 MR14,11,25,25,1.00000000
8708,MR13 MR02 MR04 MR08 MR06 MR11 MR12 MR09 MR10 MR07 MR14,11,22,22,1.00000000
8709,MR13 MR11 MR02 MR04 MR08 MR06 MR09 MR10 MR14 MR12 MR07,11,23,23,1.00000000
8710,MR13 MR02 MR04 MR08 MR06 MR11 MR12 MR07 MR09 MR10 MR14,11,23,23,1.00000000
8711,MR13 MR02 MR04 MR08 MR11 MR06 MR14 MR09 MR10 MR07 MR12,11,26,26,1.00000000
8712,MR13 MR02 MR04 MR08 MR06 MR11 MR12 MR07 MR09 MR10 MR14,11,21,21,1.00000000
8713,MR13 MR11 MR02 MR04 MR08 MR06 MR09 MR10 MR12 MR14,10,26,23,0.88461538
8714,MR13 MR02 MR04 MR08 MR11 MR07 MR09 MR10 MR06 MR14 MR12,11,21,21,1.00000000
8715,MR08 MR10 MR11 MR02 MR14 MR04 MR06 MR09 MR12 MR07 MR13,11,21,21,1.00000000
8716,MR13 MR02 MR04 MR08 MR11 MR06 MR14 MR07 MR09 MR10 MR12,11,19,19,1.00000000
8717,MR13 MR11 MR02 MR04 MR08 MR09 MR10 MR12 MR07 MR14,10,27,24,0.88888889
8718,MR13 MR11 MR02 MR04 MR08 MR12 MR07 MR09 MR10 MR06 MR14,11,25,25,1.00000000
8719,MR13 MR02 MR04 MR08 MR06 MR11 MR07 MR09 MR10 MR12 MR14,11,25,25,1.00000000
8720,MR13 MR02 MR04 MR08 MR11 MR06 MR07 MR09 MR10 MR14 MR12,11,24,24,1.00000000
8721,MR13 MR11 MR02 MR04 MR08 MR14 MR09 MR10 MR06 MR07 MR12,11,26,26,1.00000000
8722,MR13 MR02 MR04 MR08 MR07 MR11 MR14 MR06 MR09 MR10 MR12,11,25,25,1.00000000
8723,MR13 MR02 MR04 MR08 MR06 MR11 MR14 MR07 MR09 MR10 MR12,11,23,23,1.00000000
8724,MR12 MR10 MR02 MR08 MR11 MR04 MR06 MR07 MR09 MR14 MR13,11,26,26,1.00000000
8725,MR12 MR10 MR02 MR08 MR07 MR06 MR14 MR04 MR09 MR11 MR13,11,25,25,1.00000000
8726,MR13 MR02 MR04 MR08 MR06 MR07 MR11 MR09 MR10 MR12 MR14,11,18,18,1.00000000
8727,MR13 MR02 MR04 MR08 MR06 MR07 MR11 MR14 MR09 MR10 MR12,11,21,21,1.00000000
8728,MR12 MR11 MR10 MR14 MR02 MR08 MR04 MR06 MR09 MR07 MR13,11,26,26,1.00000000
8729,MR13 MR11 MR02 MR04 MR08 MR07 MR09 MR10 MR12 MR06 MR14,11,24,24,1.00000000
8730,MR13 MR11 MR02 MR04 MR08 MR07 MR09 MR10 MR12,9,26,20,0.76923077
8731,MR13 MR02 MR04 MR08 MR07 MR06 MR12 MR09 MR10 MR11 MR14,11,22,22,1.00000000
8732,MR13 MR02 MR04 MR08 MR06 MR07 MR09 MR10 MR11 MR12 MR14,11,20,20,1.00000000
8733,MR13 MR11 MR02 MR04 MR08 MR12 MR09 MR10 MR07 MR14 MR06,11,28,28,1.00000000
8734,MR13 MR02 MR04 MR08 MR12 MR06 MR07 MR11 MR09 MR10 MR14,11,25,25,1.00000000
8735,MR13 MR02 MR04 MR08 MR06 MR11 MR09 MR10 MR07 MR12,10,25,22,0.88000000
8736,MR13 MR02 MR04 MR08 MR11 MR07 MR09 MR10 MR14 MR06 MR12,11,22,22,1.00000000
8737,MR13 MR02 MR04 MR08 MR11 MR07 MR06 MR09 MR10 MR12 MR14,11,26,26,1.00000000
8738,MR13 MR02 MR04 MR08 MR11 MR06 MR14 MR09 MR10 MR07 MR12,11,26,26,1.00000000
8739,MR13 MR02 MR04 MR08 MR06 MR11 MR09 MR10 MR07 MR12 MR14,11,21,21,1.00000000
8740,MR13 MR11 MR02 MR04 MR08 MR09 MR10 MR12 MR14 MR06 MR07,11,22,22,1.00000000
8741,MR13 MR11 MR02 MR04 MR08 MR14 MR06 MR09 MR10 MR12 MR07,11,22,22,1.00000000
8742,MR08 MR10 MR11 MR02 MR14 MR13 MR04 MR09 MR12 MR06 MR07,11,24,24,1.00000000
8743,MR12 MR10 MR02 MR08 MR11 MR07 MR04 MR09 MR06 MR14,10,23,19,0.82608696
8744,MR13 MR02 MR04 MR08 MR11 MR07 MR06 MR09 MR10 MR12 MR14,11,25,25,1.00000000
8745,MR12 MR10 MR11 MR02 MR08 MR04 MR06 MR09 MR13 MR07 MR14,11,24,24,1.00000000
8746,MR12 MR10 MR02 MR08 MR06 MR11 MR04 MR09 MR14 MR07 MR13,11,22,22,1.00000000
8747,MR13 MR02 MR04 MR07 MR08 MR11 MR09 MR10 MR06 MR12 MR14,11,26,26,1.00000000
8748,MR13 MR02 MR04 MR08 MR11 MR07 MR06 MR09 MR10 MR14 MR12,11,24,24,1.00000000
8749,MR13 MR11 MR02 MR04 MR08 MR14 MR07 MR09 MR10 MR06 MR12,11,24,24,1.00000000
8750,MR13 MR11 MR02 MR04 MR08 MR07 MR09 MR10 MR06 MR14 MR12,11,22,22,1.00000000
8751,MR13 MR11 MR02 MR04 MR08 MR07 MR09 MR10 MR14 MR12 MR06,11,19,19,1.00000000
8752,MR13 MR02 MR04 MR08 MR11 MR06 MR09 MR10 MR14 MR07 MR12,11,30,30,1.00000000
8753,MR13 MR11 MR02 MR04 MR08 MR09 MR10 MR14 MR06 MR07,10,25,22,0.88000000
8754,MR08 MR10 MR02 MR14 MR11 MR07 MR04 MR06 MR09 MR12 MR13,11,20,20,1.00000000
8755,MR13 MR02 MR04 MR08 MR11 MR06 MR09 MR10 MR12 MR14 MR07,11,25,25,1.00000000
8756,MR12 MR11 MR02 MR04 MR08 MR06 MR09 MR10 MR13 MR14 MR07,11,23,23,1.00000000
8757,MR13 MR02 MR04 MR08 MR07 MR11 MR09 MR10 MR12 MR06 MR14,11,27,27,1.00000000
8758,MR13 MR02 MR04 MR08 MR06 MR11 MR12 MR07 MR09 MR10 MR14,11,25,25,1.00000000
8759,MR13 MR02 MR04 MR08 MR06 MR07 MR11 MR09 MR10 MR14,10,29,26,0.89655172
8760,MR13 MR02 MR04 MR08 MR11 MR07 MR14 MR06 MR09 MR10 MR12,11,25,25,1.00000000
8761,MR13 MR11 MR02 MR04 MR08 MR07 MR09 MR10 MR14 MR06,10,26,23,0.88461538
8762,MR12 MR10 MR11 MR02 MR08 MR07 MR04 MR09 MR14 MR13,10,27,24,0.88888889
8763,MR13 MR02 MR04 MR08 MR06 MR07 MR11 MR09 MR10 MR14 MR12,11,22,22,1.00000000
8764,MR13 MR11 MR02 MR04 MR08 MR14 MR06 MR09 MR10 MR07 MR12,11,24,24,1.00000000
8765,MR13 MR02 MR04 MR08 MR11 MR06 MR12 MR09 MR10 MR07 MR14,11,27,27,1.00000000
8766,MR13 MR11 MR02 MR04 MR08 MR06 MR09 MR10 MR14 MR07 MR12,11,30,30,1.00000000
8767,MR08 MR02 MR04 MR13 MR07 MR14 MR06 MR09 MR10 MR11 MR12,11,27,27,1.00000000
8768,MR12 MR11 MR10 MR02 MR08 MR14 MR04 MR09 MR06 MR07,10,27,23,0.85185185
8769,MR13 MR06 MR02 MR04 MR08 MR07 MR09 MR10 MR12 MR14 MR11,11,26,26,1.00000000
8770,MR13 MR11 MR02 MR04 MR08 MR14 MR07 MR09 MR10 MR06 MR12,11,25,25,1.00000000
8771,MR12 MR10 MR02 MR08 MR11 MR14 MR06 MR04 MR07 MR09 MR13,11,26,26,1.00000000
8772,MR13 MR02 MR04 MR08 MR11 MR07 MR06 MR09 MR10 MR12 MR14,11,20,20,1.00000000
8773,MR13 MR11 MR02 MR04 MR08 MR12 MR06 MR09 MR10 MR07 MR14,11,19,19,1.00000000
8774,MR13 MR02 MR04 MR08 MR11 MR14 MR06 MR07 MR09 MR10 MR12,11,25,25,1.00000000
8775,MR08 MR10 MR02 MR11 MR06 MR12 MR13 MR04 MR09 MR14 MR07,11,23,23,1.00000000
8776,MR13 MR02 MR04 MR06 MR08 MR11 MR09 MR10 MR14 MR07 MR12,11,23,23,1.00000000
8777,MR13 MR11 MR02 MR04 MR08 MR06 MR09 MR10 MR07 MR12 MR14,11,22,22,1.00000000
8778,MR13 MR02 MR04 MR08 MR11 MR06 MR07 MR09 MR10 MR14 MR12,11,26,26,1.00000000
8779,MR08 MR10 MR02 MR06 MR11 MR13 MR14 MR12 MR04 MR09 MR07,11,27,27,1.00000000
8780,MR13 MR11 MR02 MR04 MR08 MR07 MR09 MR10 MR06 MR12 MR14,11,19,19,1.00000000
8781,MR13 MR11 MR02 MR04 MR08 MR07 MR09 MR10 MR12 MR14,10,27,24,0.88888889
8782,MR12 MR14 MR02 MR04 MR08 MR07 MR11 MR06 MR09 MR10 MR13,11,28,28,1.00000000
8783,MR12 MR11 MR02 MR04 MR08 MR14 MR09 MR10 MR06 MR07 MR05,11,25,22,0.88000000
8784,MR13 MR02 MR04 MR08 MR11 MR14 MR06 MR07 MR09 MR10 MR12,11,21,21,1.00000000
8785,MR13 MR02 MR04 MR08 MR11 MR07 MR09 MR10 MR12 MR06,10,23,20,0.86956522
8786,MR13 MR02 MR04 MR08 MR07 MR11 MR09 MR10 MR06 MR12 MR14,11,21,21,1.00000000
8787,MR13 MR02 MR04 MR08 MR06 MR11 MR07 MR09 MR10 MR12 MR14,11,23,23,1.00000000
8788,MR13 MR02 MR04 MR08 MR07 MR11 MR14 MR09 MR10 MR06 MR12,11,25,25,1.00000000
8789,MR13 MR02 MR04 MR08 MR11 MR06 MR07 MR09 MR10 MR12 MR14,11,27,27,1.00000000
8790,MR13 MR02 MR04 MR06 MR08 MR11 MR09 MR10 MR12 MR07 MR14,11,23,23,1.00000000
8791,MR12 MR10 MR02 MR08 MR07 MR06 MR13 MR04 MR09 MR11 MR14,11,24,24,1.00000000
8792,MR13 MR11 MR02 MR04 MR08 MR07 MR12 MR09 MR10 MR14,10,23,20,0.86956522
8793,MR13 MR02 MR04 MR08 MR11 MR07 MR09 MR10 MR12 MR06,10,24,21,0.87500000
8794,MR13 MR11 MR02 MR04 MR08 MR14 MR09 MR10 MR06 MR12 MR07,11,23,23,1.00000000
8795,MR06 MR10 MR02 MR08 MR14 MR04 MR09 MR11 MR13 MR07 MR12,11,26,26,1.00000000
8796,MR13 MR11 MR02 MR04 MR08 MR06 MR09 MR10 MR12 MR14,10,29,26,0.89655172
8797,MR13 MR11 MR02 MR04 MR08 MR06 MR09 MR10 MR12 MR14,10,26,23,0.88461538
8798,MR13 MR11 MR02 MR04 MR08 MR14 MR06 MR09 MR10 MR12,10,29,26,0.89655172
8799,MR12 MR02 MR04 MR08 MR11 MR07 MR13 MR09 MR10 MR06 MR14,11,24,24,1.00000000
8800,MR13 MR11 MR02 MR04 MR08 MR14 MR07 MR09 MR10 MR12 MR06,11,22,22,1.00000000
8801,MR13 MR02 MR04 MR08 MR11 MR07 MR14 MR09 MR10 MR06 MR12,11,23,23,1.00000000
8802,MR06 MR10 MR02 MR08 MR13 MR11 MR12 MR14 MR04 MR09 MR07,11,24,24,1.00000000
8803,MR12 MR11 MR14 MR02 MR04 MR08 MR06 MR09 MR10 MR07 MR05,11,24,21,0.87500000
8804,MR13 MR02 MR04 MR08 MR11 MR06 MR07 MR09 MR10 MR12 MR14,11,25,25,1.00000000
8805,MR13 MR02 MR04 MR08 MR11 MR06 MR14 MR07 MR09 MR10 MR12,11,23,23,1.00000000
8806,MR08 MR10 MR11 MR02 MR14 MR04 MR07 MR09 MR12 MR06 MR13,11,25,25,1.00000000
8807,MR13 MR02 MR04 MR08 MR11 MR07 MR12 MR06 MR09 MR10 MR14,11,29,29,1.00000000
8808,MR13 MR11 MR02 MR04 MR08 MR14 MR09 MR10 MR06 MR12 MR07,11,27,27,1.00000000
8809,MR13 MR02 MR04 MR08 MR11 MR12 MR06 MR09 MR10 MR07 MR14,11,25,25,1.00000000
8810,MR13 MR02 MR04 MR08 MR11 MR07 MR14 MR09 MR10 MR06 MR12,11,28,28,1.00000000
8811,MR13 MR02 MR04 MR08 MR07 MR11 MR09 MR10 MR06 MR14,10,23,20,0.86956522
8812,MR13 MR11 MR02 MR04 MR08 MR09 MR10 MR06 MR12 MR14,10,26,23,0.88461538
8813,MR13 MR02 MR04 MR08 MR07 MR11 MR14 MR06 MR09 MR10 MR12,11,22,22,1.00000000
8814,MR13 MR02 MR04 MR07 MR08 MR11 MR09 MR10 MR12 MR14,10,18,15,0.83333333
8815,MR13 MR11 MR02 MR04 MR08 MR12 MR07 MR09 MR10 MR14 MR06,11,21,21,1.00000000
8816,MR13 MR02 MR04 MR08 MR06 MR07 MR11 MR09 MR10 MR12 MR14,11,26,26,1.00000000
8817,MR13 MR11 MR02 MR04 MR08 MR09 MR10 MR12 MR07 MR14,10,22,19,0.86363636
8818,MR13 MR02 MR04 MR08 MR11 MR07 MR09 MR10 MR06 MR12,10,25,22,0.88000000
8819,MR13 MR11 MR02 MR04 MR08 MR14 MR06 MR09 MR10 MR12 MR07,11,24,24,1.00000000
8820,MR13 MR02 MR04 MR08 MR06 MR11 MR12 MR09 MR10 MR07,10,29,26,0.89655172
8821,MR13 MR11 MR02 MR04 MR08 MR09 MR10 MR14 MR06 MR07 MR12,11,24,24,1.00000000
8822,MR13 MR11 MR02 MR04 MR08 MR14 MR07 MR09 MR10 MR06 MR12,11,28,28,1.00000000
8823,MR13 MR02 MR04 MR08 MR06 MR07 MR11 MR09 MR10 MR12 MR14,11,26,26,1.00000000
8824,MR13 MR11 MR02 MR04 MR08 MR14 MR07 MR09 MR10 MR12 MR06,11,32,32,1.00000000
8825,MR13 MR11 MR02 MR04 MR08 MR09 MR10 MR14 MR06 MR07 MR12,11,22,22,1.00000000
8826,MR12 MR10 MR02 MR08 MR11 MR06 MR04 MR09 MR13 MR07 MR14,11,25,25,1.00000000
8827,MR12 MR02 MR04 MR08 MR11 MR14 MR07 MR09 MR10 MR06 MR13,11,26,26,1.00000000
8828,MR13 MR02 MR04 MR08 MR11 MR07 MR12 MR06 MR09 MR10 MR14,11,23,23,1.00000000
8829,MR13 MR02 MR04 MR06 MR08 MR12 MR11 MR09 MR10 MR07 MR14,11,19,19,1.00000000
8830,MR13 MR02 MR04 MR08 MR11 MR07 MR09 MR10 MR12 MR06 MR14,11,25,25,1.00000000
8831,MR13 MR11 MR02 MR04 MR08 MR09 MR10 MR12 MR06 MR14 MR07,11,22,22,1.00000000
8832,MR12 MR11 MR10 MR02 MR08 MR04 MR09 MR14 MR06 MR07 MR13,11,18,18,1.00000000
8833,MR13 MR02 MR04 MR08 MR11 MR06 MR12 MR07 MR09 MR10 MR14,11,22,22,1.00000000
8834,MR13 MR02 MR04 MR08 MR11 MR07 MR09 MR10 MR12 MR06 MR14,11,23,23,1.00000000
8835,MR13 MR02 MR04 MR08 MR06 MR11 MR09 MR10 MR14 MR07 MR12,11,21,21,1.00000000
8836,MR13 MR02 MR04 MR08 MR07 MR11 MR06 MR09 MR10 MR12 MR14,11,29,29,1.00000000
8837,MR12 MR10 MR02 MR07 MR08 MR11 MR14 MR04 MR09 MR13 MR06,11,22,22,1.00000000
8838,MR13 MR11 MR02 MR04 MR08 MR09 MR10 MR14 MR07,9,26,20,0.76923077
8839,MR13 MR02 MR04 MR08 MR07 MR11 MR12 MR09 MR10 MR06 MR14,11,21,21,1.00000000
8840,MR13 MR02 MR04 MR08 MR06 MR07 MR09 MR10 MR11 MR14 MR12,11,23,23,1.00000000
8841,MR13 MR11 MR02 MR04 MR08 MR12 MR06 MR09 MR10 MR14 MR07,11,21,21,1.00000000
8842,MR13 MR02 MR04 MR07 MR08 MR14 MR06 MR09 MR10 MR11 MR12,11,18,18,1.00000000
8843,MR13 MR11 MR02 MR04 MR08 MR09 MR10 MR06 MR12 MR14,10,27,24,0.88888889
8844,MR12 MR11 MR02 MR04 MR08 MR07 MR13 MR09 MR10 MR14 MR06,11,28,28,1.00000000
8845,MR13 MR11 MR02 MR04 MR08 MR14 MR06 MR09 MR10 MR07,10,26,23,0.88461538
8846,MR13 MR02 MR04 MR08 MR11 MR06 MR07 MR09 MR10 MR12 MR14,11,23,23,1.00000000
8847,MR13 MR02 MR04 MR08 MR06 MR11 MR14 MR07 MR09 MR10 MR12,11,23,23,1.00000000
8848,MR13 MR02 MR04 MR08 MR11 MR06 MR09 MR10 MR07 MR14 MR12,11,21,21,1.00000000
8849,MR12 MR02 MR04 MR06 MR08 MR14 MR07 MR09 MR10 MR11 MR13,11,31,31,1.00000000
8850,MR13 MR11 MR02 MR04 MR08 MR12 MR09 MR10 MR06 MR07 MR14,11,25,25,1.00000000
8851,MR13 MR11 MR02 MR04 MR08 MR14 MR06 MR09 MR10 MR12,10,23,20,0.86956522
8852,MR13 MR02 MR04 MR08 MR07 MR11 MR12 MR09 MR10 MR14 MR06,11,22,22,1.00000000
8853,MR13 MR02 MR04 MR08 MR11 MR06 MR14 MR07 MR09 MR10 MR12,11,26,26,1.00000000
8854,MR13 MR11 MR02 MR04 MR08 MR14 MR06 MR09 MR10 MR07 MR12,11,27,27,1.00000000
8855,MR13 MR11 MR02 MR04 MR08 MR12 MR06 MR09 MR10 MR07 MR14,11,28,28,1.00000000
8856,MR13 MR02 MR04 MR08 MR11 MR07 MR14 MR06 MR09 MR10 MR12,11,18,18,1.00000000
8857,MR13 MR02 MR04 MR08 MR11 MR06 MR14 MR07 MR09 MR10 MR12,11,25,25,1.00000000
8858,MR13 MR02 MR04 MR08 MR06 MR11 MR14 MR09 MR10 MR07 MR12,11,23,23,1.00000000
8859,MR05 MR11 MR02 MR04 MR08 MR14 MR09 MR10 MR06 MR07 MR12,11,24,21,0.87500000
8860,MR14 MR10 MR11 MR02 MR08 MR07 MR04 MR09 MR12 MR05 MR06,11,25,22,0.88000000
8861,MR13 MR02 MR04 MR08 MR11 MR06 MR07 MR09 MR10 MR14 MR12,11,28,28,1.00000000
8862,MR12 MR11 MR10 MR02 MR08 MR14 MR04 MR09 MR13 MR06 MR07,11,23,23,1.00000000
8863,MR13 MR02 MR04 MR06 MR08 MR11 MR09 MR10 MR07 MR14 MR12,11,23,23,1.00000000
8864,MR12 MR10 MR02 MR08 MR07 MR11 MR04 MR09 MR13 MR14 MR06,11,22,22,1.00000000
8865,MR13 MR02 MR04 MR08 MR11 MR06 MR07 MR09 MR10 MR14 MR12,11,23,23,1.00000000
8866,MR12 MR10 MR02 MR08 MR11 MR04 MR06 MR07 MR09 MR13 MR14,11,23,23,1.00000000
8867,MR13 MR11 MR02 MR04 MR08 MR06 MR12 MR09 MR10 MR14 MR07,11,22,22,1.00000000
8868,MR13 MR02 MR04 MR08 MR11 MR07 MR06 MR09 MR10 MR14,10,27,24,0.88888889
8869,MR13 MR02 MR04 MR08 MR07 MR11 MR06 MR09 MR10 MR12 MR14,11,22,22,1.00000000
8870,MR08 MR04 MR11 MR02 MR14 MR12 MR13 MR07 MR09 MR10 MR06,11,25,25,1.00000000
8871,MR05 MR11 MR02 MR04 MR08 MR07 MR12 MR09 MR10 MR14 MR06,11,22,19,0.86363636
8872,MR13 MR02 MR04 MR08 MR11 MR06 MR07 MR09 MR10 MR12 MR14,11,23,23,1.00000000
8873,MR13 MR02 MR04 MR08 MR11 MR14 MR06 MR07 MR09 MR10 MR12,11,21,21,1.00000000
8874,MR13 MR02 MR04 MR08 MR11 MR07 MR09 MR10 MR12 MR06 MR14,11,19,19,1.00000000
8875,MR12 MR10 MR02 MR08 MR11 MR07 MR04 MR09 MR13 MR06,10,27,24,0.88888889
8876,MR13 MR02 MR04 MR08 MR06 MR07 MR12 MR09 MR10 MR11 MR14,11,25,25,1.00000000
8877,MR12 MR10 MR02 MR08 MR11 MR06 MR04 MR07 MR09 MR13 MR14,11,26,26,1.00000000
8878,MR13 MR02 MR04 MR08 MR11 MR07 MR09 MR10 MR12 MR06 MR14,11,28,28,1.00000000
8879,MR13 MR02 MR04 MR07 MR08 MR11 MR12 MR09 MR10 MR06 MR14,11,28,28,1.00000000
8880,MR08 MR04 MR11 MR02 MR14 MR07 MR09 MR10 MR13 MR06 MR12,11,17,17,1.00000000
8881,MR13 MR02 MR04 MR06 MR08 MR11 MR09 MR10 MR12 MR07 MR14,11,24,24,1.00000000
8882,MR13 MR11 MR02 MR04 MR08 MR06 MR09 MR10 MR12 MR14,10,24,21,0.87500000
8883,MR13 MR11 MR02 MR04 MR08 MR06 MR09 MR10 MR12 MR14,10,25,22,0.88000000
8884,MR13 MR06 MR02 MR04 MR08 MR14 MR09 MR10 MR11 MR07 MR12,11,24,24,1.00000000
8885,MR13 MR02 MR04 MR07 MR08 MR11 MR09 MR10 MR14 MR06 MR12,11,23,23,1.00000000
8886,MR13 MR02 MR04 MR08 MR11 MR14 MR06 MR07 MR09 MR10 MR12,11,25,25,1.00000000
8887,MR13 MR11 MR02 MR04 MR08 MR12 MR14 MR09 MR10 MR06 MR07,11,19,19,1.00000000
8888,MR13 MR02 MR04 MR08 MR11 MR07 MR14 MR09 MR10 MR12 MR06,11,18,18,1.00000000
8889,MR05 MR11 MR02 MR04 MR08 MR14 MR12 MR06 MR09 MR10 MR07,11,23,20,0.86956522
8890,MR13 MR11 MR02 MR04 MR08 MR09 MR10 MR14 MR06 MR12 MR07,11,24,24,1.00000000
8891,MR12 MR10 MR02 MR08 MR11 MR14 MR13 MR04 MR06 MR07 MR09,11,28,28,1.00000000
8892,MR13 MR11 MR02 MR04 MR08 MR12 MR14 MR09 MR10 MR06 MR07,11,26,26,1.00000000
8893,MR12 MR10 MR02 MR08 MR07 MR11 MR04 MR09 MR14 MR06 MR13,11,24,24,1.00000000
8894,MR13 MR11 MR02 MR04 MR08 MR07 MR09 MR10 MR12 MR06 MR14,11,22,22,1.00000000
8895,MR13 MR02 MR04 MR08 MR11 MR06 MR12 MR09 MR10 MR07 MR14,11,26,26,1.00000000
8896,MR13 MR11 MR02 MR04 MR08 MR09 MR10 MR06 MR12 MR07 MR14,11,26,26,1.00000000
8897,MR12 MR10 MR11 MR02 MR08 MR04 MR06 MR09 MR14 MR07,10,28,24,0.85714286
8898,MR13 MR11 MR02 MR04 MR08 MR09 MR10 MR14 MR06 MR07,10,30,27,0.90000000
8899,MR13 MR02 MR04 MR08 MR11 MR06 MR07 MR09 MR10 MR14 MR12,11,18,18,1.00000000
8900,MR13 MR11 MR02 MR04 MR08 MR14 MR07 MR09 MR10 MR06 MR12,11,21,21,1.00000000
8901,MR12 MR10 MR02 MR08 MR11 MR06 MR14 MR04 MR09 MR13 MR07,11,27,27,1.00000000
8902,MR13 MR02 MR04 MR08 MR11 MR06 MR14 MR09 MR10 MR12 MR07,11,27,27,1.00000000
8903,MR05 MR02 MR04 MR08 MR07 MR11 MR14 MR06 MR09 MR10,10,26,20,0.76923077
8904,MR13 MR11 MR02 MR04 MR08 MR14 MR07 MR09 MR10 MR12 MR06,11,27,27,1.00000000
8905,MR13 MR02 MR04 MR08 MR11 MR07 MR06 MR09 MR10 MR12 MR14,11,24,24,1.00000000
8906,MR13 MR11 MR02 MR04 MR08 MR14 MR07 MR09 MR10 MR06 MR12,11,26,26,1.00000000
8907,MR12 MR10 MR11 MR02 MR08 MR06 MR14 MR04 MR09 MR13 MR07,11,27,27,1.00000000
8908,MR13 MR02 MR04 MR08 MR11 MR07 MR09 MR10 MR06 MR12 MR14,11,23,23,1.00000000
8909,MR12 MR10 MR02 MR08 MR11 MR06 MR04 MR07 MR09 MR13 MR14,11,28,28,1.00000000
8910,MR13 MR02 MR04 MR08 MR11 MR07 MR12 MR09 MR10 MR06 MR14,11,25,25,1.00000000
8911,MR13 MR02 MR04 MR08 MR11 MR14 MR07 MR09 MR10 MR06 MR12,11,22,22,1.00000000
8912,MR13 MR02 MR04 MR08 MR11 MR07 MR06 MR09 MR10 MR14 MR12,11,23,23,1.00000000
8913,MR12 MR10 MR02 MR08 MR06 MR11 MR14 MR04 MR07 MR09 MR13,11,17,17,1.00000000
8914,MR13 MR11 MR02 MR04 MR08 MR14 MR09 MR10 MR06 MR12 MR07,11,24,24,1.00000000
8915,MR13 MR02 MR04 MR08 MR11 MR07 MR06 MR09 MR10 MR12 MR14,11,21,21,1.00000000
8916,MR13 MR02 MR04 MR07 MR08 MR11 MR09 MR10 MR12 MR06 MR14,11,25,25,1.00000000
8917,MR13 MR02 MR04 MR08 MR07 MR14 MR06 MR09 MR10 MR11 MR12,11,26,26,1.00000000
8918,MR12 MR10 MR02 MR08 MR11 MR14 MR06 MR04 MR09 MR13 MR07,11,22,22,1.00000000
8919,MR13 MR02 MR04 MR08 MR06 MR07 MR11 MR12 MR09 MR10 MR14,11,23,23,1.00000000
8920,MR12 MR10 MR02 MR08 MR07 MR14 MR11 MR04 MR06 MR09 MR13,11,22,22,1.00000000
8921,MR13 MR02 MR04 MR08 MR11 MR07 MR09 MR10 MR14 MR06 MR12,11,23,23,1.00000000
8922,MR13 MR11 MR02 MR04 MR08 MR07 MR09 MR10 MR14 MR12 MR06,11,23,23,1.00000000
8923,MR12 MR10 MR02 MR08 MR06 MR11 MR14 MR04 MR09 MR07 MR13,11,22,22,1.00000000
8924,MR13 MR11 MR02 MR04 MR08 MR09 MR10 MR12 MR06 MR07 MR14,11,25,25,1.00000000
8925,MR08 MR10 MR11 MR02 MR07 MR12 MR04 MR09 MR14 MR13 MR06,11,26,26,1.00000000
8926,MR06 MR04 MR14 MR02 MR08 MR11 MR09 MR10 MR05 MR07 MR12,11,25,22,0.88000000
8927,MR13 MR02 MR04 MR08 MR11 MR12 MR06 MR09 MR10 MR07,10,23,20,0.86956522
8928,MR13 MR11 MR02 MR04 MR08 MR12 MR07 MR09 MR10 MR14 MR06,11,23,23,1.00000000
8929,MR13 MR02 MR04 MR08 MR06 MR07 MR11 MR09 MR10 MR12 MR14,11,25,25,1.00000000
8930,MR13 MR02 MR04 MR08 MR11 MR07 MR12 MR09 MR10 MR14 MR06,11,27,27,1.00000000
8931,MR08 MR10 MR11 MR02 MR13 MR04 MR06 MR09 MR07 MR12 MR14,11,26,26,1.00000000
8932,MR13 MR02 MR04 MR08 MR11 MR06 MR07 MR09 MR10 MR14 MR12,11,23,23,1.00000000
8933,MR12 MR10 MR11 MR02 MR08 MR13 MR04 MR09 MR14 MR06 MR07,11,28,28,1.00000000
8934,MR12 MR10 MR02 MR08 MR11 MR06 MR04 MR09 MR07 MR13 MR14,11,23,23,1.00000000
8935,MR13 MR11 MR02 MR04 MR08 MR14 MR09 MR10 MR12 MR06 MR07,11,25,25,1.00000000
8936,MR13 MR02 MR04 MR08 MR11 MR06 MR12 MR09 MR10 MR14 MR07,11,26,26,1.00000000
8937,MR12 MR10 MR02 MR08 MR14 MR06 MR07 MR11 MR04 MR09 MR13,11,24,24,1.00000000
8938,MR13 MR02 MR04 MR08 MR11 MR06 MR09 MR10 MR14 MR07,10,24,21,0.87500000
8939,MR13 MR02 MR04 MR08 MR11 MR06 MR07 MR09 MR10 MR14 MR12,11,24,24,1.00000000
8940,MR13 MR11 MR02 MR04 MR08 MR12 MR06 MR09 MR10 MR07 MR14,11,24,24,1.00000000
8941,MR13 MR02 MR04 MR08 MR11 MR06 MR12 MR09 MR10 MR07 MR14,11,29,29,1.00000000
8942,MR13 MR02 MR04 MR08 MR11 MR06 MR09 MR10 MR14 MR07 MR12,11,23,23,1.00000000
8943,MR13 MR11 MR02 MR04 MR08 MR14 MR12 MR06 MR09 MR10 MR07,11,25,25,1.00000000
8944,MR13 MR02 MR04 MR08 MR11 MR07 MR06 MR09 MR10 MR12 MR14,11,23,23,1.00000000
8945,MR13 MR02 MR04 MR08 MR06 MR07 MR11 MR09 MR10 MR12 MR14,11,22,22,1.00000000
8946,MR13 MR02 MR04 MR08 MR11 MR06 MR07 MR09 MR10 MR14 MR12,11,26,26,1.00000000
8947,MR13 MR02 MR04 MR07 MR08 MR11 MR14 MR09 MR10 MR06 MR12,11,23,23,1.00000000
8948,MR13 MR02 MR04 MR08 MR11 MR06 MR12 MR07 MR09 MR10 MR14,11,20,20,1.00000000
8949,MR13 MR02 MR04 MR08 MR06 MR07 MR11 MR09 MR10 MR12,10,24,21,0.87500000
8950,MR08 MR11 MR04 MR02 MR14 MR09 MR10 MR13 MR07 MR12,10,27,24,0.88888889
8951,MR13 MR02 MR04 MR08 MR11 MR07 MR14 MR09 MR10 MR06 MR12,11,24,24,1.00000000
8952,MR12 MR02 MR04 MR08 MR07 MR11 MR09 MR10 MR06 MR13 MR14,11,26,26,1.00000000
8953,MR13 MR02 MR04 MR08 MR11 MR06 MR09 MR10 MR07 MR14 MR12,11,25,25,1.00000000
8954,MR08 MR10 MR02 MR11 MR14 MR07 MR13 MR04 MR06 MR09 MR12,11,20,20,1.00000000
8955,MR13 MR02 MR04 MR08 MR11 MR14 MR06 MR09 MR10 MR07 MR12,11,20,20,1.00000000
8956,MR13 MR02 MR04 MR08 MR06 MR11 MR14 MR07 MR09 MR10 MR12,11,23,23,1.00000000
8957,MR12 MR02 MR04 MR08 MR07 MR11 MR06 MR09 MR10 MR13 MR14,11,21,21,1.00000000
8958,MR13 MR11 MR02 MR04 MR08 MR14 MR07 MR09 MR10 MR06,10,20,17,0.85000000
8959,MR12 MR10 MR11 MR02 MR08 MR04 MR06 MR09 MR07 MR13 MR14,11,20,20,1.00000000
8960,MR13 MR11 MR02 MR04 MR08 MR12 MR06 MR09 MR10 MR07 MR14,11,22,22,1.00000000
8961,MR13 MR02 MR04 MR08 MR11 MR07 MR09 MR10 MR12 MR06 MR14,11,28,28,1.00000000
8962,MR13 MR02 MR04 MR08 MR11 MR12 MR06 MR07 MR09 MR10 MR14,11,20,20,1.00000000
8963,MR12 MR10 MR02 MR07 MR08 MR11 MR14 MR04 MR09 MR06 MR13,11,22,22,1.00000000
8964,MR13 MR02 MR04 MR08 MR11 MR06 MR07 MR09 MR10 MR12 MR14,11,31,31,1.00000000
8965,MR13 MR02 MR04 MR08 MR11 MR06 MR09 MR10 MR07 MR12,10,30,27,0.90000000
8966,MR13 MR14 MR02 MR04 MR08 MR11 MR06 MR09 MR10 MR07 MR12,11,24,24,1.00000000
8967,MR08 MR10 MR02 MR11 MR14 MR04 MR06 MR07 MR09 MR12 MR13,11,25,25,1.00000000
8968,MR13 MR02 MR04 MR07 MR08 MR11 MR09 MR10 MR14 MR06 MR12,11,26,26,1.00000000
8969,MR13 MR02 MR04 MR08 MR06 MR11 MR07 MR09 MR10 MR12 MR14,11,24,24,1.00000000
8970,MR13 MR02 MR04 MR08 MR11 MR07 MR14 MR06 MR09 MR10 MR12,11,26,26,1.00000000
8971,MR13 MR02 MR04 MR08 MR07 MR11 MR09 MR10 MR06 MR12 MR14,11,24,24,1.00000000
8972,MR13 MR11 MR02 MR04 MR08 MR07 MR09 MR10 MR12,9,28,22,0.78571429
8973,MR13 MR11 MR14 MR02 MR04 MR08 MR06 MR09 MR10 MR12,10,26,23,0.88461538
8974,MR13 MR11 MR02 MR04 MR08 MR06 MR09 MR10 MR07 MR12 MR14,11,23,23,1.00000000
8975,MR13 MR11 MR02 MR04 MR08 MR06 MR09 MR10 MR12 MR07 MR14,11,24,24,1.00000000
8976,MR13 MR11 MR02 MR04 MR08 MR07 MR09 MR10 MR12 MR14 MR06,11,25,25,1.00000000
8977,MR12 MR10 MR02 MR08 MR06 MR14 MR11 MR04 MR07 MR09 MR13,11,28,28,1.00000000
8978,MR13 MR02 MR04 MR07 MR08 MR14 MR11 MR09 MR10 MR12 MR06,11,32,32,1.00000000
8979,MR13 MR02 MR04 MR08 MR11 MR06 MR12 MR09 MR10 MR07 MR14,11,24,24,1.00000000
8980,MR08 MR10 MR11 MR02 MR14 MR04 MR06 MR09 MR12 MR07 MR13,11,23,23,1.00000000
8981,MR13 MR02 MR04 MR08 MR11 MR06 MR14 MR09 MR10 MR07 MR12,11,20,20,1.00000000
8982,MR13 MR02 MR04 MR08 MR06 MR11 MR12 MR14 MR09 MR10 MR07,11,19,19,1.00000000
8983,MR12 MR11 MR10 MR02 MR08 MR04 MR09 MR14 MR07 MR06 MR13,11,29,29,1.00000000
8984,MR13 MR02 MR04 MR08 MR11 MR06 MR12 MR07 MR09 MR10 MR14,11,22,22,1.00000000
8985,MR13 MR02 MR04 MR08 MR07 MR06 MR09 MR10 MR11 MR12,10,21,18,0.85714286
8986,MR13 MR11 MR02 MR04 MR08 MR06 MR09 MR10 MR07 MR12 MR14,11,24,24,1.00000000
8987,MR13 MR11 MR02 MR04 MR08 MR07 MR09 MR10 MR06 MR12,10,28,25,0.89285714
8988,MR13 MR11 MR02 MR04 MR08 MR12 MR09 MR10 MR06 MR14 MR07,11,22,22,1.00000000
8989,MR13 MR11 MR02 MR04 MR08 MR12 MR14 MR09 MR10 MR07 MR06,11,24,24,1.00000000
8990,MR13 MR02 MR04 MR08 MR11 MR12 MR06 MR07 MR09 MR10 MR14,11,26,26,1.00000000
8991,MR13 MR02 MR04 MR08 MR11 MR07 MR06 MR09 MR10 MR12 MR14,11,21,21,1.00000000
8992,MR13 MR02 MR04 MR08 MR07 MR11 MR06 MR09 MR10 MR14,10,24,21,0.87500000
8993,MR13 MR07 MR02 MR04 MR08 MR06 MR09 MR10 MR14 MR11 MR12,11,27,27,1.00000000
8994,MR13 MR02 MR04 MR08 MR11 MR06 MR09 MR10 MR14 MR07 MR12,11,25,25,1.00000000
8995,MR13 MR02 MR04 MR08 MR11 MR12 MR07 MR06 MR09 MR10,10,24,21,0.87500000
8996,MR12 MR02 MR04 MR08 MR11 MR13 MR07 MR09 MR10 MR06 MR14,11,22,22,1.00000000
8997,MR08 MR10 MR02 MR07 MR11 MR14 MR04 MR06 MR09 MR13 MR12,11,29,29,1.00000000
8998,MR13 MR02 MR04 MR08 MR06 MR11 MR14 MR09 MR10 MR07 MR12,11,19,19,1.00000000
8999,MR13 MR02 MR04 MR08 MR11 MR06 MR07 MR09 MR10 MR12 MR14,11,27,27,1.00000000
9000,MR13 MR02 MR04 MR08 MR07 MR11 MR14 MR06 MR09 MR10 MR12,11,19,19,1.00000000
9001,MR13 MR11 MR02 MR04 MR08 MR07 MR12 MR09 MR10 MR14 MR06,11,27,27,1.00000000
9002,MR12 MR10 MR02 MR08 MR11 MR06 MR14 MR04 MR07 MR09 MR13,11,23,23,1.00000000
9003,MR13 MR11 MR02 MR04 MR08 MR09 MR10 MR12 MR06 MR07 MR14,11,22,22,1.00000000
9004,MR13 MR02 MR04 MR08 MR11 MR07 MR09 MR10 MR14 MR12 MR06,11,21,21,1.00000000
9005,MR12 MR02 MR04 MR08 MR07 MR11 MR14 MR09 MR10 MR13 MR06,11,20,20,1.00000000
9006,MR13 MR11 MR02 MR04 MR08 MR07 MR12 MR09 MR10 MR14 MR06,11,21,21,1.00000000
9007,MR12 MR10 MR02 MR08 MR07 MR11 MR14 MR04 MR06 MR09 MR13,11,26,26,1.00000000
9008,MR13 MR02 MR04 MR08 MR11 MR12 MR06 MR07 MR09 MR10 MR14,11,28,28,1.00000000
9009,MR13 MR02 MR04 MR08 MR06 MR14 MR11 MR07 MR09 MR10 MR12,11,23,23,1.00000000
9010,MR13 MR02 MR04 MR08 MR11 MR07 MR06 MR09 MR10 MR12 MR14,11,20,20,1.00000000
9011,MR13 MR02 MR04 MR08 MR11 MR14 MR06 MR07 MR09 MR10 MR12,11,23,23,1.00000000
9012,MR13 MR02 MR04 MR08 MR07 MR11 MR09 MR10 MR12 MR14 MR06,11,26,26,1.00000000
9013,MR12 MR02 MR04 MR08 MR11 MR06 MR07 MR09 MR10 MR13 MR14,11,24,24,1.00000000
9014,MR13 MR11 MR02 MR04 MR08 MR14 MR06 MR09 MR10 MR12,10,24,21,0.87500000
9015,MR13 MR02 MR04 MR08 MR07 MR11 MR12 MR09 MR10 MR06 MR14,11,26,26,1.00000000
9016,MR05 MR02 MR04 MR08 MR06 MR11 MR12 MR09 MR10 MR07 MR14,11,26,23,0.88461538
9017,MR13 MR11 MR02 MR04 MR08 MR14 MR06 MR09 MR10 MR12 MR07,11,25,25,1.00000000
9018,MR13 MR11 MR02 MR04 MR08 MR07 MR09 MR10 MR14 MR06 MR12,11,26,26,1.00000000
9019,MR13 MR02 MR04 MR08 MR11 MR06 MR09 MR10 MR14 MR07 MR12,11,26,26,1.00000000
9020,MR12 MR11 MR02 MR04 MR08 MR07 MR09 MR10 MR14 MR13 MR06,11,21,21,1.00000000
9021,MR13 MR11 MR02 MR04 MR08 MR06 MR12 MR09 MR10 MR14 MR07,11,20,20,1.00000000
9022,MR13 MR11 MR02 MR04 MR08 MR14 MR07 MR09 MR10 MR06,10,27,24,0.88888889
9023,MR13 MR11 MR02 MR04 MR08 MR12 MR07 MR14 MR09 MR10 MR06,11,27,27,1.00000000
9024,MR13 MR02 MR04 MR08 MR07 MR11 MR06 MR09 MR10 MR14 MR12,11,24,24,1.00000000
9025,MR13 MR02 MR04 MR08 MR11 MR14 MR06 MR07 MR09 MR10 MR12,11,22,22,1.00000000
9026,MR13 MR02 MR04 MR08 MR06 MR07 MR11 MR12 MR09 MR10 MR14,11,24,24,1.00000000
9027,MR12 MR02 MR04 MR08 MR06 MR07 MR11 MR13 MR09 MR10 MR14,11,27,27,1.00000000
9028,MR13 MR02 MR04 MR08 MR06 MR11 MR14 MR09 MR10 MR12 MR07,11,27,27,1.00000000
9029,MR13 MR02 MR04 MR08 MR11 MR07 MR06 MR09 MR10 MR14 MR12,11,26,26,1.00000000
9030,MR13 MR11 MR02 MR04 MR08 MR06 MR09 MR10 MR12 MR07 MR14,11,27,27,1.00000000
9031,MR13 MR02 MR04 MR08 MR11 MR06 MR07 MR09 MR10 MR12 MR14,11,23,23,1.00000000
9032,MR13 MR02 MR04 MR08 MR11 MR06 MR07 MR09 MR10 MR14 MR12,11,25,25,1.00000000
9033,MR12 MR11 MR10 MR02 MR08 MR04 MR09 MR14 MR06,9,26,19,0.73076923
9034,MR13 MR02 MR04 MR08 MR11 MR07 MR09 MR10 MR06 MR14 MR12,11,27,27,1.00000000
9035,MR13 MR02 MR04 MR08 MR06 MR07 MR11 MR09 MR10 MR14 MR12,11,26,26,1.00000000
9036,MR12 MR10 MR11 MR02 MR08 MR07 MR13 MR04 MR09 MR14 MR06,11,21,21,1.00000000
9037,MR13 MR11 MR02 MR04 MR08 MR14 MR06 MR09 MR10 MR12 MR07,11,18,18,1.00000000
9038,MR12 MR10 MR02 MR08 MR11 MR07 MR13 MR04 MR06 MR09 MR14,11,23,23,1.00000000
9039,MR13 MR02 MR04 MR07 MR08 MR14 MR11 MR09 MR10 MR06 MR12,11,24,24,1.00000000
9040,MR13 MR02 MR04 MR08 MR11 MR07 MR09 MR10 MR14 MR06 MR12,11,25,25,1.00000000
9041,MR13 MR11 MR02 MR04 MR08 MR06 MR09 MR10 MR12 MR07,10,26,23,0.88461538
9042,MR13 MR11 MR02 MR04 MR08 MR06 MR09 MR10 MR12 MR14 MR07,11,23,23,1.00000000
9043,MR13 MR02 MR04 MR08 MR06 MR11 MR14 MR09 MR10 MR12 MR07,11,30,30,1.00000000
9044,MR13 MR02 MR04 MR08 MR11 MR06 MR07 MR09 MR10 MR14 MR12,11,25,25,1.00000000
9045,MR13 MR02 MR04 MR08 MR06 MR07 MR09 MR10 MR11 MR14 MR12,11,22,22,1.00000000
9046,MR13 MR02 MR04 MR07 MR08 MR11 MR14 MR09 MR10 MR12 MR06,11,24,24,1.00000000
9047,MR13 MR11 MR02 MR04 MR08 MR09 MR10 MR14 MR06 MR07 MR12,11,26,26,1.00000000
9048,MR12 MR10 MR11 MR02 MR08 MR07 MR14 MR04 MR09 MR13 MR06,11,26,26,1.00000000
9049,MR05 MR02 MR04 MR08 MR11 MR06 MR09 MR10 MR07 MR14 MR12,11,24,21,0.87500000
9050,MR08 MR10 MR02 MR11 MR12 MR06 MR04 MR07 MR09 MR13 MR14,11,24,24,1.00000000
9051,MR13 MR02 MR04 MR08 MR07 MR11 MR12 MR09 MR10 MR06 MR14,11,26,26,1.00000000
9052,MR13 MR02 MR04 MR08 MR07 MR11 MR06 MR09 MR10 MR12 MR14,11,22,22,1.00000000
9053,MR13 MR11 MR02 MR04 MR08 MR09 MR10 MR12 MR06 MR07 MR14,11,18,18,1.00000000
9054,MR13 MR02 MR04 MR08 MR11 MR06 MR07 MR09 MR10 MR14 MR12,11,25,25,1.00000000
9055,MR13 MR11 MR02 MR04 MR08 MR12 MR09 MR10 MR06 MR07 MR14,11,26,26,1.00000000
9056,MR13 MR11 MR02 MR04 MR08 MR14 MR09 MR10 MR12 MR06 MR07,11,26,26,1.00000000
9057,MR12 MR11 MR02 MR04 MR08 MR14 MR07 MR13 MR09 MR10 MR06,11,29,29,1.00000000
9058,MR13 MR02 MR04 MR06 MR08 MR07 MR12 MR09 MR10 MR11 MR14,11,25,25,1.00000000
9059,MR13 MR02 MR04 MR08 MR07 MR06 MR09 MR10 MR11 MR12 MR14,11,21,21,1.00000000
9060,MR13 MR11 MR02 MR04 MR08 MR12 MR06 MR09 MR10 MR14,10,23,20,0.86956522
9061,MR13 MR02 MR04 MR08 MR12 MR06 MR07 MR11 MR09 MR10 MR14,11,26,26,1.00000000
9062,MR13 MR02 MR04 MR08 MR11 MR06 MR12 MR09 MR10 MR07 MR14,11,25,25,1.00000000
9063,MR13 MR02 MR04 MR08 MR11 MR07 MR06 MR09 MR10 MR12 MR14,11,24,24,1.00000000
9064,MR13 MR11 MR02 MR04 MR08 MR06 MR09 MR10 MR12 MR14,10,18,15,0.83333333
9065,MR13 MR11 MR02 MR04 MR08 MR14 MR06 MR09 MR10 MR07 MR12,11,27,27,1.00000000
9066,MR13 MR11 MR02 MR04 MR08 MR14 MR06 MR09 MR10 MR07 MR12,11,23,23,1.00000000
9067,MR13 MR02 MR04 MR07 MR08 MR12 MR06 MR09 MR10 MR11 MR14,11,26,26,1.00000000
9068,MR13 MR07 MR02 MR04 MR08 MR14 MR09 MR10 MR11 MR12 MR06,11,21,21,1.00000000
9069,MR13 MR02 MR04 MR08 MR11 MR07 MR06 MR09 MR10 MR12 MR14,11,25,25,1.00000000
9070,MR13 MR02 MR04 MR08 MR11 MR07 MR12 MR09 MR10 MR14 MR06,11,20,20,1.00000000
9071,MR12 MR10 MR02 MR08 MR11 MR07 MR04 MR06 MR09 MR13 MR14,11,23,23,1.00000000
9072,MR13 MR02 MR04 MR08 MR07 MR14 MR11 MR06 MR09 MR10 MR12,11,24,24,1.00000000
9073,MR14 MR10 MR02 MR08 MR11 MR07 MR04 MR06 MR09 MR13,10,27,24,0.88888889
9074,MR13 MR02 MR04 MR08 MR06 MR07 MR09 MR10 MR11 MR14 MR12,11,25,25,1.00000000
9075,MR13 MR02 MR04 MR07 MR08 MR11 MR12 MR09 MR10 MR14 MR06,11,31,31,1.00000000
9076,MR13 MR11 MR02 MR04 MR08 MR14 MR07 MR09 MR10 MR06 MR12,11,22,22,1.00000000
9077,MR13 MR02 MR04 MR06 MR08 MR12 MR07 MR09 MR10 MR11 MR14,11,25,25,1.00000000
9078,MR13 MR02 MR04 MR08 MR07 MR11 MR12 MR06 MR09 MR10 MR14,11,22,22,1.00000000
9079,MR12 MR11 MR02 MR04 MR08 MR07 MR13 MR14 MR09 MR10 MR06,11,23,23,1.00000000
9080,MR13 MR11 MR02 MR04 MR08 MR14 MR06 MR09 MR10 MR12,10,25,22,0.88000000
9081,MR13 MR02 MR04 MR08 MR11 MR07 MR14 MR09 MR10 MR06 MR12,11,25,25,1.00000000
9082,MR12 MR10 MR02 MR08 MR11 MR13 MR04 MR06 MR07 MR09 MR14,11,24,24,1.00000000
9083,MR13 MR11 MR02 MR04 MR08 MR07 MR09 MR10 MR14 MR06 MR12,11,22,22,1.00000000
9084,MR13 MR11 MR02 MR04 MR08 MR14 MR09 MR10 MR06 MR12 MR07,11,22,22,1.00000000
9085,MR13 MR02 MR04 MR08 MR11 MR07 MR09 MR10 MR06 MR14 MR12,11,18,18,1.00000000
9086,MR12 MR02 MR04 MR08 MR06 MR07 MR11 MR09 MR10 MR13,10,24,21,0.87500000
9087,MR13 MR02 MR04 MR08 MR11 MR07 MR09 MR10 MR12 MR06 MR14,11,19,19,1.00000000
9088,MR13 MR11 MR02 MR04 MR08 MR06 MR09 MR10 MR07 MR14 MR12,11,28,28,1.00000000
9089,MR13 MR02 MR04 MR08 MR11 MR06 MR09 MR10 MR14 MR07,10,18,15,0.83333333
9090,MR13 MR02 MR04 MR08 MR11 MR06 MR09 MR10 MR07 MR14 MR12,11,29,29,1.00000000
9091,MR13 MR02 MR04 MR08 MR11 MR06 MR09 MR10 MR12 MR07 MR14,11,25,25,1.00000000
9092,MR13 MR02 MR04 MR08 MR06 MR11 MR07 MR09 MR10 MR12 MR14,11,24,24,1.00000000
9093,MR13 MR02 MR04 MR08 MR11 MR07 MR14 MR09 MR10 MR12 MR06,11,22,22,1.00000000
9094,MR13 MR11 MR02 MR04 MR08 MR09 MR10 MR14 MR12 MR06 MR07,11,25,25,1.00000000
9095,MR13 MR11 MR02 MR04 MR08 MR14 MR12 MR09 MR10 MR06 MR07,11,24,24,1.00000000
9096,MR12 MR10 MR02 MR08 MR06 MR07 MR14 MR04 MR09 MR11 MR13,11,21,21,1.00000000
9097,MR13 MR02 MR04 MR08 MR06 MR07 MR09 MR10 MR11 MR14 MR12,11,30,30,1.00000000
9098,MR13 MR02 MR04 MR08 MR11 MR07 MR14 MR09 MR10 MR12 MR06,11,24,24,1.00000000
9099,MR13 MR02 MR04 MR08 MR11 MR06 MR09 MR10 MR07 MR12 MR14,11,27,27,1.00000000
9100,MR13 MR11 MR02 MR04 MR08 MR06 MR09 MR10 MR12 MR07 MR14,11,21,21,1.00000000
9101,MR12 MR10 MR02 MR08 MR11 MR04 MR06 MR07 MR09 MR13,10,28,25,0.89285714
9102,MR08 MR10 MR11 MR02 MR07 MR12 MR04 MR09 MR13 MR14 MR06,11,22,22,1.00000000
9103,MR13 MR02 MR04 MR08 MR11 MR14 MR06 MR09 MR10 MR07 MR12,11,25,25,1.00000000
9104,MR13 MR02 MR04 MR08 MR11 MR14 MR07 MR06 MR09 MR10 MR12,11,24,24,1.00000000
9105,MR13 MR02 MR04 MR08 MR06 MR07 MR11 MR09 MR10 MR12 MR14,11,22,22,1.00000000
9106,MR13 MR11 MR02 MR04 MR08 MR12 MR07 MR09 MR10 MR14 MR06,11,25,25,1.00000000
9107,MR12 MR10 MR02 MR08 MR11 MR07 MR14 MR04 MR06 MR09 MR13,11,24,24,1.00000000
9108,MR08 MR10 MR11 MR02 MR14 MR04 MR09 MR12 MR07 MR13 MR06,11,22,22,1.00000000
9109,MR13 MR07 MR02 MR04 MR08 MR09 MR10 MR11 MR12 MR14 MR06,11,21,21,1.00000000
9110,MR13 MR02 MR04 MR08 MR11 MR12 MR06 MR09 MR10 MR07 MR14,11,25,25,1.00000000
9111,MR13 MR02 MR04 MR08 MR07 MR06 MR09 MR10 MR11 MR12 MR14,11,24,24,1.00000000
9112,MR13 MR02 MR04 MR08 MR06 MR12 MR14 MR11 MR07 MR09 MR10,11,23,23,1.00000000
9113,MR13 MR11 MR02 MR04 MR08 MR07 MR09 MR10 MR12 MR14 MR06,11,26,26,1.00000000
9114,MR13 MR11 MR02 MR04 MR08 MR09 MR10 MR06 MR07 MR12 MR14,11,26,26,1.00000000
9115,MR13 MR02 MR04 MR08 MR06 MR07 MR09 MR10 MR11 MR12 MR14,11,22,22,1.00000000
9116,MR13 MR02 MR04 MR08 MR11 MR06 MR12 MR09 MR10 MR07 MR14,11,21,21,1.00000000
9117,MR13 MR02 MR04 MR08 MR06 MR07 MR14 MR09 MR10 MR11 MR12,11,21,21,1.00000000
9118,MR13 MR11 MR02 MR04 MR08 MR12 MR09 MR10 MR07 MR14,10,22,19,0.86363636
9119,MR12 MR11 MR02 MR04 MR08 MR07 MR09 MR10 MR13 MR06 MR14,11,25,25,1.00000000
9120,MR13 MR02 MR04 MR08 MR07 MR11 MR06 MR09 MR10 MR12 MR14,11,26,26,1.00000000
9121,MR13 MR11 MR02 MR04 MR08 MR07 MR09 MR10 MR12 MR06 MR14,11,22,22,1.00000000
9122,MR13 MR02 MR04 MR08 MR11 MR06 MR09 MR10 MR07 MR12 MR14,11,22,22,1.00000000
9123,MR13 MR02 MR04 MR07 MR08 MR11 MR12 MR14 MR09 MR10 MR06,11,22,22,1.00000000
9124,MR13 MR11 MR02 MR04 MR08 MR07 MR09 MR10 MR06 MR14 MR12,11,22,22,1.00000000
9125,MR13 MR02 MR04 MR08 MR11 MR07 MR06 MR09 MR10 MR12 MR14,11,24,24,1.00000000
9126,MR13 MR02 MR04 MR08 MR11 MR06 MR12 MR07 MR09 MR10 MR14,11,24,24,1.00000000
9127,MR13 MR11 MR02 MR04 MR08 MR06 MR14 MR09 MR10 MR12,10,23,20,0.86956522
9128,MR13 MR11 MR02 MR04 MR08 MR14 MR07 MR09 MR10 MR06 MR12,11,28,28,1.00000000
9129,MR13 MR02 MR04 MR08 MR11 MR07 MR14 MR09 MR10 MR12 MR06,11,24,24,1.00000000
9130,MR13 MR11 MR02 MR04 MR08 MR07 MR09 MR10 MR14 MR06 MR12,11,25,25,1.00000000
9131,MR12 MR10 MR02 MR08 MR11 MR07 MR13 MR04 MR06 MR09 MR14,11,27,27,1.00000000
9132,MR13 MR02 MR04 MR08 MR11 MR07 MR12 MR09 MR10 MR06 MR14,11,25,25,1.00000000
9133,MR13 MR11 MR02 MR04 MR08 MR07 MR09 MR10 MR14 MR06 MR12,11,21,21,1.00000000
9134,MR12 MR10 MR02 MR06 MR08 MR13 MR04 MR07 MR09 MR11 MR14,11,21,21,1.00000000
9135,MR13 MR11 MR02 MR04 MR08 MR09 MR10 MR12 MR14 MR06 MR07,11,26,26,1.00000000
9136,MR13 MR02 MR04 MR06 MR08 MR11 MR09 MR10 MR14 MR07,10,24,21,0.87500000
9137,MR12 MR02 MR04 MR08 MR11 MR14 MR06 MR13 MR09 MR10 MR07,11,24,24,1.00000000
9138,MR13 MR02 MR04 MR08 MR11 MR07 MR09 MR10 MR06 MR14 MR12,11,29,29,1.00000000
9139,MR13 MR11 MR02 MR04 MR08 MR09 MR10 MR06 MR07 MR14,10,26,23,0.88461538
9140,MR13 MR11 MR02 MR04 MR08 MR09 MR10 MR14 MR06 MR12,10,23,20,0.86956522
9141,MR13 MR02 MR04 MR08 MR11 MR06 MR07 MR09 MR10 MR14 MR12,11,24,24,1.00000000
9142,MR12 MR10 MR11 MR02 MR08 MR07 MR04 MR09 MR14 MR13,10,23,20,0.86956522
9143,MR12 MR10 MR07 MR02 MR08 MR11 MR04 MR09 MR14 MR13 MR06,11,28,28,1.00000000
9144,MR08 MR10 MR02 MR12 MR11 MR07 MR04 MR06 MR09 MR14 MR13,11,27,27,1.00000000
9145,MR13 MR02 MR04 MR08 MR11 MR06 MR07 MR09 MR10 MR14 MR12,11,23,23,1.00000000
9146,MR13 MR02 MR04 MR07 MR08 MR11 MR12 MR09 MR10 MR14 MR06,11,25,25,1.00000000
9147,MR13 MR11 MR02 MR04 MR08 MR06 MR12 MR09 MR10 MR14,10,27,24,0.88888889
9148,MR13 MR02 MR04 MR08 MR11 MR07 MR09 MR10 MR06 MR12 MR14,11,21,21,1.00000000
9149,MR13 MR11 MR02 MR04 MR08 MR06 MR09 MR10 MR12 MR07 MR14,11,25,25,1.00000000
9150,MR08 MR10 MR11 MR02 MR12 MR14 MR04 MR06 MR09 MR13 MR07,11,28,28,1.00000000
9151,MR08 MR04 MR11 MR02 MR14 MR06 MR09 MR10 MR12 MR13 MR07,11,25,25,1.00000000
9152,MR13 MR11 MR02 MR04 MR08 MR07 MR09 MR10 MR12 MR06 MR14,11,23,23,1.00000000
9153,MR13 MR02 MR04 MR06 MR08 MR07 MR09 MR10 MR11 MR12 MR14,11,22,22,1.00000000
9154,MR12 MR10 MR11 MR02 MR08 MR04 MR07 MR09 MR14 MR06 MR13,11,22,22,1.00000000
9155,MR13 MR06 MR02 MR04 MR08 MR12 MR09 MR10 MR11 MR07 MR14,11,19,19,1.00000000
9156,MR13 MR11 MR02 MR04 MR08 MR12 MR06 MR09 MR10 MR14,10,26,23,0.88461538
9157,MR13 MR02 MR04 MR08 MR06 MR12 MR07 MR09 MR10 MR11,10,25,22,0.88000000
9158,MR13 MR11 MR02 MR04 MR08 MR12 MR09 MR10 MR14 MR06 MR07,11,26,26,1.00000000
9159,MR13 MR02 MR04 MR08 MR11 MR06 MR09 MR10 MR12 MR14 MR07,11,29,29,1.00000000
9160,MR13 MR02 MR04 MR07 MR08 MR11 MR12 MR09 MR10 MR14,10,25,22,0.88000000
9161,MR13 MR11 MR02 MR04 MR08 MR06 MR09 MR10 MR12 MR14,10,24,21,0.87500000
9162,MR08 MR10 MR11 MR02 MR12 MR14 MR04 MR06 MR09 MR13 MR07,11,23,23,1.00000000
9163,MR14 MR10 MR11 MR02 MR08 MR04 MR09 MR13 MR06 MR07 MR12,11,24,24,1.00000000
9164,MR13 MR02 MR04 MR08 MR11 MR06 MR07 MR09 MR10 MR14 MR12,11,23,23,1.00000000
9165,MR13 MR11 MR02 MR04 MR08 MR06 MR09 MR10 MR07 MR12 MR14,11,22,22,1.00000000
9166,MR08 MR10 MR02 MR11 MR07 MR12 MR14 MR04 MR09 MR05 MR06,11,23,20,0.86956522
9167,MR13 MR11 MR02 MR04 MR08 MR12 MR07 MR09 MR10 MR06,10,22,19,0.86363636
9168,MR13 MR11 MR02 MR04 MR08 MR07 MR09 MR10 MR14 MR12,10,20,17,0.85000000
9169,MR12 MR10 MR02 MR08 MR11 MR07 MR04 MR09 MR06 MR13 MR14,11,24,24,1.00000000
9170,MR12 MR11 MR10 MR02 MR08 MR04 MR09 MR13 MR14 MR06 MR07,11,22,22,1.00000000
9171,MR13 MR02 MR04 MR08 MR06 MR14 MR11 MR07 MR09 MR10 MR12,11,22,22,1.00000000
9172,MR13 MR11 MR02 MR04 MR08 MR12 MR06 MR09 MR10 MR07,10,21,18,0.85714286
9173,MR13 MR11 MR02 MR04 MR08 MR14 MR09 MR10 MR07 MR12 MR06,11,24,24,1.00000000
9174,MR13 MR11 MR02 MR04 MR08 MR07 MR09 MR10 MR06 MR12,10,23,20,0.86956522
9175,MR13 MR11 MR02 MR04 MR08 MR06 MR09 MR10 MR14 MR12 MR07,11,22,22,1.00000000
9176,MR12 MR10 MR02 MR08 MR14 MR06 MR07 MR04 MR09 MR11 MR13,11,21,21,1.00000000
9177,MR13 MR02 MR04 MR06 MR08 MR14 MR07 MR09 MR10 MR11 MR12,11,29,29,1.00000000
9178,MR12 MR10 MR11 MR02 MR08 MR04 MR06 MR09 MR13 MR14 MR07,11,19,19,1.00000000
9179,MR13 MR02 MR04 MR08 MR07 MR06 MR09 MR10 MR11 MR14 MR12,11,28,28,1.00000000
9180,MR13 MR11 MR02 MR04 MR08 MR06 MR09 MR10 MR07 MR14,10,29,26,0.89655172
9181,MR13 MR02 MR04 MR08 MR07 MR11 MR12 MR06 MR09 MR10,10,25,22,0.88000000
9182,MR13 MR11 MR02 MR04 MR08 MR06 MR09 MR10 MR07 MR12 MR14,11,25,25,1.00000000
9183,MR13 MR11 MR02 MR04 MR08 MR14 MR07 MR09 MR10 MR06 MR12,11,25,25,1.00000000
9184,MR13 MR11 MR02 MR04 MR08 MR06 MR09 MR10 MR12 MR14,10,24,21,0.87500000
9185,MR13 MR11 MR02 MR04 MR08 MR14 MR06 MR09 MR10 MR12,10,25,22,0.88000000
9186,MR13 MR11 MR02 MR04 MR08 MR07 MR09 MR10 MR14 MR12 MR06,11,22,22,1.00000000
9187,MR13 MR02 MR04 MR08 MR11 MR06 MR14 MR07 MR09 MR10 MR12,11,27,27,1.00000000
9188,MR13 MR02 MR04 MR07 MR08 MR11 MR09 MR10 MR12 MR14 MR06,11,24,24,1.00000000
9189,MR13 MR11 MR02 MR04 MR08 MR07 MR09 MR10 MR12 MR06 MR14,11,23,23,1.00000000
9190,MR13 MR02 MR04 MR06 MR08 MR11 MR12 MR09 MR10 MR07 MR14,11,25,25,1.00000000
9191,MR13 MR11 MR02 MR04 MR08 MR06 MR09 MR10 MR07 MR12 MR14,11,27,27,1.00000000
9192,MR13 MR02 MR04 MR07 MR08 MR12 MR11 MR09 MR10 MR14 MR06,11,24,24,1.00000000
9193,MR13 MR02 MR04 MR08 MR11 MR07 MR09 MR10 MR12 MR06 MR14,11,23,23,1.00000000
9194,MR13 MR02 MR04 MR08 MR06 MR11 MR09 MR10 MR07 MR14 MR12,11,25,25,1.00000000
9195,MR13 MR02 MR04 MR08 MR11 MR07 MR09 MR10 MR12 MR06 MR14,11,25,25,1.00000000
9196,MR13 MR02 MR04 MR08 MR06 MR11 MR14 MR09 MR10 MR07 MR12,11,23,23,1.00000000
9197,MR08 MR10 MR02 MR06 MR11 MR12 MR04 MR09 MR13 MR07,10,27,24,0.88888889
9198,MR13 MR02 MR04 MR08 MR11 MR06 MR14 MR09 MR10 MR07 MR12,11,29,29,1.00000000
9199,MR13 MR02 MR04 MR08 MR11 MR06 MR09 MR10 MR12 MR14 MR07,11,23,23,1.00000000
9200,MR13 MR02 MR04 MR08 MR11 MR06 MR07 MR09 MR10 MR14 MR12,11,26,26,1.00000000
9201,MR12 MR02 MR04 MR08 MR13 MR06 MR07 MR11 MR09 MR10 MR14,11,25,25,1.00000000
9202,MR12 MR02 MR04 MR08 MR11 MR14 MR06 MR09 MR10 MR07 MR13,11,25,25,1.00000000
9203,MR13 MR02 MR04 MR08 MR11 MR06 MR07 MR09 MR10 MR12 MR14,11,23,23,1.00000000
9204,MR12 MR10 MR02 MR08 MR11 MR04 MR06 MR07 MR09 MR13 MR14,11,22,22,1.00000000
9205,MR08 MR04 MR02 MR11 MR07 MR12 MR13 MR14 MR09 MR10 MR06,11,26,26,1.00000000
9206,MR13 MR02 MR04 MR08 MR11 MR07 MR06 MR09 MR10 MR14,10,26,23,0.88461538
9207,MR13 MR02 MR04 MR08 MR07 MR11 MR09 MR10 MR14 MR06 MR12,11,21,21,1.00000000
9208,MR13 MR11 MR02 MR04 MR08 MR06 MR09 MR10 MR12 MR14 MR07,11,23,23,1.00000000
9209,MR13 MR02 MR04 MR08 MR11 MR07 MR09 MR10 MR06 MR12 MR14,11,26,26,1.00000000
9210,MR13 MR02 MR04 MR08 MR11 MR14 MR06 MR07 MR09 MR10 MR12,11,25,25,1.00000000
9211,MR13 MR11 MR02 MR04 MR08 MR09 MR10 MR07 MR14 MR06 MR12,11,26,26,1.00000000
9212,MR12 MR10 MR02 MR08 MR11 MR06 MR04 MR09 MR14 MR07,10,24,20,0.83333333
9213,MR13 MR02 MR04 MR06 MR08 MR07 MR09 MR10 MR11 MR12 MR14,11,22,22,1.00000000
9214,MR13 MR02 MR04 MR08 MR07 MR11 MR06 MR09 MR10 MR12 MR14,11,26,26,1.00000000
9215,MR13 MR02 MR04 MR08 MR11 MR14 MR06 MR09 MR10 MR12 MR07,11,24,24,1.00000000
9216,MR13 MR02 MR04 MR08 MR06 MR11 MR14 MR07 MR09 MR10 MR12,11,21,21,1.00000000
9217,MR13 MR11 MR02 MR04 MR08 MR14 MR07 MR09 MR10 MR06 MR12,11,21,21,1.00000000
9218,MR12 MR02 MR04 MR08 MR06 MR07 MR09 MR10 MR11 MR14 MR13,11,27,27,1.00000000
9219,MR13 MR11 MR02 MR04 MR08 MR12 MR07 MR09 MR10 MR06 MR14,11,29,29,1.00000000
9220,MR13 MR02 MR04 MR08 MR06 MR11 MR07 MR09 MR10 MR14 MR12,11,21,21,1.00000000
9221,MR12 MR11 MR10 MR02 MR08 MR04 MR07 MR09 MR13 MR14,10,24,21,0.87500000
9222,MR13 MR11 MR02 MR04 MR08 MR06 MR09 MR10 MR12 MR07,10,24,21,0.87500000
9223,MR13 MR02 MR04 MR08 MR11 MR06 MR09 MR10 MR07 MR14 MR12,11,27,27,1.00000000
9224,MR05 MR11 MR02 MR04 MR08 MR12 MR06 MR09 MR10 MR14 MR07,11,27,24,0.88888889
9225,MR13 MR02 MR04 MR07 MR08 MR11 MR09 MR10 MR14 MR12 MR06,11,26,26,1.00000000
9226,MR13 MR02 MR04 MR08 MR06 MR07 MR11 MR12 MR09 MR10 MR14,11,25,25,1.00000000
9227,MR13 MR07 MR02 MR04 MR08 MR09 MR10 MR11 MR14 MR06 MR12,11,25,25,1.00000000
9228,MR13 MR11 MR02 MR04 MR08 MR06 MR09 MR10 MR12 MR14 MR07,11,24,24,1.00000000
9229,MR13 MR11 MR02 MR04 MR08 MR12 MR07 MR09 MR10 MR06 MR14,11,24,24,1.00000000
9230,MR13 MR02 MR04 MR06 MR08 MR11 MR09 MR10 MR07 MR12 MR14,11,23,23,1.00000000
9231,MR13 MR02 MR04 MR08 MR11 MR06 MR07 MR09 MR10 MR12,10,29,26,0.89655172
9232,MR13 MR11 MR02 MR04 MR08 MR06 MR09 MR10 MR12 MR07 MR14,11,27,27,1.00000000
9233,MR08 MR11 MR10 MR02 MR12 MR13 MR04 MR09 MR14 MR06 MR07,11,29,29,1.00000000
9234,MR12 MR10 MR11 MR02 MR08 MR14 MR04 MR07 MR09 MR06 MR13,11,24,24,1.00000000
9235,MR13 MR11 MR02 MR04 MR08 MR06 MR09 MR10 MR07 MR12,10,23,20,0.86956522
9236,MR13 MR02 MR04 MR08 MR11 MR06 MR12 MR09 MR10 MR14 MR07,11,19,19,1.00000000
9237,MR13 MR02 MR04 MR08 MR11 MR06 MR14 MR09 MR10 MR12 MR07,11,22,22,1.00000000
9238,MR13 MR02 MR04 MR08 MR11 MR06 MR07 MR09 MR10 MR12 MR14,11,24,24,1.00000000
9239,MR13 MR02 MR04 MR08 MR06 MR07 MR12 MR09 MR10 MR11 MR14,11,25,25,1.00000000
9240,MR12 MR02 MR04 MR08 MR07 MR06 MR13 MR09 MR10 MR11 MR14,11,21,21,1.00000000
9241,MR13 MR02 MR04 MR06 MR08 MR11 MR14 MR09 MR10 MR12 MR07,11,20,20,1.00000000
9242,MR13 MR02 MR04 MR08 MR11 MR07 MR14 MR09 MR10 MR06 MR12,11,26,26,1.00000000
9243,MR13 MR02 MR04 MR08 MR06 MR07 MR12 MR09 MR10 MR11 MR14,11,26,26,1.00000000
9244,MR13 MR02 MR04 MR08 MR11 MR07 MR12 MR06 MR09 MR10 MR14,11,20,20,1.00000000
9245,MR13 MR02 MR04 MR08 MR11 MR06 MR07 MR09 MR10 MR14 MR12,11,20,20,1.00000000
9246,MR13 MR02 MR04 MR08 MR07 MR11 MR06 MR09 MR10 MR12 MR14,11,20,20,1.00000000
9247,MR13 MR02 MR04 MR08 MR07 MR14 MR11 MR06 MR09 MR10,10,24,21,0.87500000
9248,MR13 MR11 MR02 MR04 MR08 MR07 MR09 MR10 MR12 MR06 MR14,11,24,24,1.00000000
9249,MR13 MR11 MR02 MR04 MR08 MR12 MR09 MR10 MR14 MR06 MR07,11,24,24,1.00000000
9250,MR13 MR11 MR02 MR04 MR08 MR07 MR09 MR10 MR12 MR06 MR14,11,26,26,1.00000000
9251,MR13 MR02 MR04 MR08 MR11 MR14 MR06 MR07 MR09 MR10 MR12,11,23,23,1.00000000
9252,MR13 MR02 MR04 MR08 MR11 MR07 MR09 MR10 MR14 MR06 MR12,11,23,23,1.00000000
9253,MR13 MR11 MR02 MR04 MR08 MR14 MR06 MR09 MR10 MR07 MR12,11,24,24,1.00000000
9254,MR12 MR10 MR02 MR06 MR08 MR11 MR04 MR09 MR14 MR13,10,22,19,0.86363636
9255,MR13 MR11 MR02 MR04 MR08 MR07 MR09 MR10 MR14 MR06 MR12,11,25,25,1.00000000
9256,MR12 MR11 MR10 MR02 MR08 MR04 MR07 MR09 MR13 MR14 MR06,11,24,24,1.00000000
9257,MR13 MR02 MR04 MR08 MR06 MR11 MR14 MR09 MR10 MR07 MR12,11,27,27,1.00000000
9258,MR13 MR02 MR04 MR08 MR06 MR11 MR07 MR09 MR10 MR14 MR12,11,25,25,1.00000000
9259,MR13 MR11 MR02 MR04 MR08 MR07 MR09 MR10 MR14 MR06 MR12,11,23,23,1.00000000
9260,MR13 MR02 MR04 MR08 MR11 MR14 MR07 MR06 MR09 MR10 MR12,11,28,28,1.00000000
9261,MR13 MR11 MR02 MR04 MR08 MR14 MR07 MR09 MR10 MR12 MR06,11,23,23,1.00000000
9262,MR13 MR02 MR04 MR08 MR11 MR06 MR09 MR10 MR07 MR12,10,25,22,0.88000000
9263,MR08 MR10 MR02 MR06 MR11 MR04 MR09 MR14 MR07 MR12 MR13,11,23,23,1.00000000
9264,MR12 MR10 MR02 MR07 MR08 MR11 MR04 MR09 MR14 MR06 MR13,11,30,30,1.00000000
9265,MR13 MR02 MR04 MR08 MR11 MR06 MR07 MR09 MR10 MR12 MR14,11,21,21,1.00000000
9266,MR13 MR11 MR02 MR04 MR08 MR06 MR09 MR10 MR12 MR07 MR14,11,21,21,1.00000000
9267,MR08 MR10 MR02 MR11 MR07 MR12 MR14 MR04 MR06 MR09 MR13,11,25,25,1.00000000
9268,MR13 MR11 MR02 MR04 MR08 MR09 MR10 MR06 MR07 MR12 MR14,11,23,23,1.00000000
9269,MR13 MR02 MR04 MR08 MR11 MR07 MR06 MR09 MR10 MR12 MR14,11,22,22,1.00000000
9270,MR13 MR02 MR04 MR08 MR07 MR11 MR09 MR10 MR12 MR14 MR06,11,25,25,1.00000000
9271,MR13 MR11 MR02 MR04 MR08 MR06 MR09 MR10 MR14 MR07 MR12,11,22,22,1.00000000
9272,MR13 MR02 MR04 MR08 MR06 MR11 MR14 MR09 MR10 MR07 MR12,11,29,29,1.00000000
9273,MR13 MR02 MR04 MR08 MR06 MR11 MR12 MR09 MR10 MR07 MR14,11,23,23,1.00000000
9274,MR13 MR02 MR04 MR08 MR11 MR06 MR07 MR09 MR10 MR14 MR12,11,24,24,1.00000000
9275,MR06 MR10 MR02 MR08 MR11 MR12 MR04 MR09 MR14 MR07 MR13,11,24,24,1.00000000
9276,MR13 MR02 MR04 MR08 MR11 MR07 MR09 MR10 MR12 MR06 MR14,11,20,20,1.00000000
9277,MR13 MR06 MR02 MR04 MR08 MR11 MR09 MR10 MR07 MR12 MR14,11,25,25,1.00000000
9278,MR13 MR11 MR02 MR04 MR08 MR14 MR07 MR09 MR10 MR12 MR06,11,23,23,1.00000000
9279,MR13 MR11 MR02 MR04 MR08 MR12 MR06 MR09 MR10 MR14 MR07,11,24,24,1.00000000
9280,MR13 MR02 MR04 MR08 MR11 MR06 MR12 MR09 MR10 MR14 MR07,11,26,26,1.00000000
9281,MR13 MR11 MR02 MR04 MR08 MR06 MR09 MR10 MR12 MR14 MR07,11,23,23,1.00000000
9282,MR13 MR02 MR04 MR08 MR11 MR14 MR06 MR07 MR09 MR10 MR12,11,25,25,1.00000000
9283,MR13 MR02 MR04 MR06 MR08 MR11 MR12 MR09 MR10 MR07 MR14,11,22,22,1.00000000
9284,MR13 MR02 MR04 MR08 MR11 MR07 MR14 MR09 MR10 MR06 MR12,11,24,24,1.00000000
9285,MR13 MR02 MR04 MR08 MR11 MR07 MR09 MR10 MR14 MR06 MR12,11,27,27,1.00000000
9286,MR13 MR11 MR02 MR04 MR08 MR14 MR09 MR10 MR06 MR07 MR12,11,31,31,1.00000000
9287,MR13 MR11 MR02 MR04 MR08 MR07 MR09 MR10 MR12 MR14 MR06,11,21,21,1.00000000
9288,MR13 MR02 MR04 MR08 MR11 MR07 MR06 MR09 MR10 MR14 MR12,11,25,25,1.00000000
9289,MR13 MR02 MR04 MR08 MR11 MR06 MR07 MR09 MR10 MR12 MR14,11,21,21,1.00000000
9290,MR13 MR11 MR14 MR02 MR04 MR08 MR07 MR09 MR10 MR06 MR12,11,22,22,1.00000000
9291,MR08 MR04 MR02 MR11 MR14 MR13 MR06 MR07 MR09 MR10 MR12,11,23,23,1.00000000
9292,MR13 MR11 MR02 MR04 MR08 MR07 MR14 MR09 MR10 MR12,10,30,27,0.90000000
9293,MR13 MR02 MR04 MR08 MR11 MR06 MR14 MR09 MR10 MR12 MR07,11,24,24,1.00000000
9294,MR13 MR02 MR04 MR08 MR07 MR11 MR12 MR09 MR10 MR06 MR14,11,22,22,1.00000000
9295,MR13 MR02 MR04 MR08 MR06 MR07 MR11 MR12 MR09 MR10 MR14,11,26,26,1.00000000
9296,MR13 MR02 MR04 MR08 MR11 MR06 MR09 MR10 MR14 MR07 MR12,11,26,26,1.00000000
9297,MR12 MR10 MR11 MR02 MR08 MR04 MR05 MR07 MR09 MR14 MR06,11,25,22,0.88000000
9298,MR13 MR02 MR04 MR08 MR07 MR11 MR06 MR09 MR10 MR12 MR14,11,25,25,1.00000000
9299,MR13 MR02 MR04 MR08 MR14 MR11 MR07 MR06 MR09 MR10 MR12,11,24,24,1.00000000
9300,MR13 MR11 MR02 MR04 MR08 MR07 MR09 MR10 MR12 MR06 MR14,11,23,23,1.00000000
9301,MR13 MR02 MR04 MR08 MR06 MR11 MR14 MR07 MR09 MR10 MR12,11,26,26,1.00000000
9302,MR13 MR02 MR04 MR08 MR11 MR14 MR07 MR09 MR10 MR06 MR12,11,26,26,1.00000000
9303,MR13 MR11 MR02 MR04 MR08 MR09 MR10 MR14 MR06 MR07 MR12,11,22,22,1.00000000
9304,MR13 MR02 MR04 MR06 MR08 MR11 MR09 MR10 MR07 MR14 MR12,11,22,22,1.00000000
9305,MR13 MR06 MR02 MR04 MR08 MR07 MR09 MR10 MR12 MR14 MR11,11,25,25,1.00000000
9306,MR14 MR04 MR02 MR08 MR11 MR06 MR09 MR10 MR13 MR07 MR12,11,24,24,1.00000000
9307,MR13 MR11 MR02 MR04 MR08 MR12 MR09 MR10 MR14 MR07 MR06,11,24,24,1.00000000
9308,MR13 MR11 MR02 MR04 MR08 MR14 MR06 MR09 MR10 MR07,10,26,23,0.88461538
9309,MR13 MR02 MR04 MR08 MR14 MR06 MR11 MR09 MR10 MR12 MR07,11,26,26,1.00000000
9310,MR13 MR11 MR02 MR04 MR08 MR14 MR09 MR10 MR06 MR07 MR12,11,21,21,1.00000000
9311,MR13 MR07 MR02 MR04 MR08 MR11 MR09 MR10 MR12 MR14,10,22,19,0.86363636
9312,MR13 MR02 MR04 MR06 MR08 MR07 MR09 MR10 MR11 MR14,10,23,20,0.86956522
9313,MR13 MR11 MR02 MR04 MR08 MR07 MR09 MR10 MR06 MR12 MR14,11,23,23,1.00000000
9314,MR05 MR11 MR02 MR04 MR08 MR07 MR12 MR09 MR10 MR14 MR06,11,28,25,0.89285714
9315,MR08 MR10 MR02 MR14 MR07 MR11 MR04 MR06 MR09 MR13 MR12,11,22,22,1.00000000
9316,MR13 MR11 MR02 MR04 MR08 MR09 MR10 MR12 MR06 MR07 MR14,11,26,26,1.00000000
9317,MR13 MR02 MR04 MR08 MR06 MR07 MR12 MR09 MR10 MR11 MR14,11,23,23,1.00000000
9318,MR08 MR10 MR02 MR11 MR12 MR14 MR07 MR04 MR06 MR09 MR13,11,18,18,1.00000000
9319,MR13 MR07 MR02 MR04 MR08 MR14 MR06 MR09 MR10 MR11 MR12,11,22,22,1.00000000
9320,MR12 MR11 MR10 MR02 MR08 MR04 MR09 MR13 MR06 MR07 MR14,11,19,19,1.00000000
9321,MR13 MR02 MR04 MR08 MR07 MR11 MR12 MR06 MR09 MR10 MR14,11,26,26,1.00000000
9322,MR07 MR10 MR02 MR08 MR13 MR04 MR06 MR09 MR11 MR12 MR14,11,26,26,1.00000000
9323,MR13 MR02 MR04 MR08 MR11 MR07 MR09 MR10 MR06 MR12 MR14,11,20,20,1.00000000
9324,MR13 MR11 MR02 MR04 MR08 MR14 MR07 MR12 MR09 MR10 MR06,11,26,26,1.00000000
9325,MR13 MR02 MR04 MR08 MR11 MR06 MR09 MR10 MR07 MR14 MR12,11,23,23,1.00000000
9326,MR13 MR11 MR02 MR04 MR08 MR12 MR09 MR10 MR14 MR06 MR07,11,19,19,1.00000000
9327,MR08 MR10 MR02 MR12 MR06 MR07 MR11 MR13 MR04 MR09 MR14,11,22,22,1.00000000
9328,MR13 MR02 MR04 MR08 MR11 MR06 MR14 MR09 MR10 MR12 MR07,11,18,18,1.00000000
9329,MR13 MR11 MR02 MR04 MR08 MR07 MR09 MR10 MR06 MR12 MR14,11,24,24,1.00000000
9330,MR08 MR10 MR11 MR02 MR14 MR04 MR06 MR09 MR07 MR12 MR13,11,26,26,1.00000000
9331,MR13 MR02 MR04 MR08 MR07 MR11 MR09 MR10 MR12 MR06,10,23,20,0.86956522
9332,MR13 MR11 MR02 MR04 MR08 MR07 MR09 MR10 MR06 MR12 MR14,11,24,24,1.00000000
9333,MR13 MR11 MR02 MR04 MR08 MR09 MR10 MR12 MR06 MR07,10,23,20,0.86956522
9334,MR12 MR11 MR10 MR02 MR08 MR13 MR04 MR09 MR14 MR07,10,27,24,0.88888889
9335,MR13 MR06 MR02 MR04 MR08 MR11 MR09 MR10 MR12 MR14 MR07,11,26,26,1.00000000
9336,MR12 MR10 MR02 MR07 MR08 MR11 MR13 MR14 MR04 MR09 MR06,11,25,25,1.00000000
9337,MR13 MR02 MR04 MR08 MR06 MR07 MR09 MR10 MR11 MR12 MR14,11,24,24,1.00000000
9338,MR13 MR02 MR04 MR08 MR11 MR07 MR06 MR09 MR10 MR14,10,24,21,0.87500000
9339,MR12 MR02 MR04 MR08 MR06 MR07 MR11 MR13 MR09 MR10 MR14,11,22,22,1.00000000
9340,MR12 MR11 MR02 MR04 MR08 MR14 MR13 MR06 MR09 MR10 MR07,11,27,27,1.00000000
9341,MR13 MR11 MR02 MR04 MR08 MR14 MR07 MR09 MR10 MR12 MR06,11,20,20,1.00000000
9342,MR13 MR11 MR02 MR04 MR08 MR14 MR06 MR09 MR10 MR12 MR07,11,26,26,1.00000000
9343,MR08 MR04 MR02 MR14 MR07 MR06 MR09 MR10 MR11 MR12 MR13,11,23,23,1.00000000
9344,MR13 MR11 MR02 MR04 MR08 MR12 MR09 MR10 MR06 MR14,10,22,19,0.86363636
9345,MR13 MR02 MR04 MR08 MR06 MR11 MR09 MR10 MR14 MR07 MR12,11,27,27,1.00000000
9346,MR13 MR11 MR02 MR04 MR08 MR07 MR09 MR10 MR14 MR12 MR06,11,25,25,1.00000000
9347,MR08 MR10 MR02 MR06 MR14 MR11 MR12 MR04 MR07 MR09 MR13,11,28,28,1.00000000
9348,MR13 MR02 MR04 MR08 MR11 MR14 MR06 MR09 MR10 MR07 MR12,11,20,20,1.00000000
9349,MR08 MR04 MR11 MR02 MR14 MR12 MR13 MR06 MR09 MR10 MR07,11,25,25,1.00000000
9350,MR13 MR11 MR02 MR04 MR08 MR09 MR10 MR14 MR06 MR07 MR12,11,27,27,1.00000000
9351,MR13 MR11 MR02 MR04 MR08 MR06 MR12 MR09 MR10 MR14,10,24,21,0.87500000
9352,MR13 MR02 MR04 MR08 MR11 MR07 MR09 MR10 MR12 MR14 MR06,11,24,24,1.00000000
9353,MR12 MR10 MR02 MR08 MR11 MR07 MR04 MR06 MR09 MR14 MR13,11,24,24,1.00000000
9354,MR13 MR02 MR04 MR08 MR11 MR07 MR12 MR14 MR09 MR10 MR06,11,22,22,1.00000000
9355,MR13 MR11 MR02 MR04 MR08 MR12 MR06 MR09 MR10 MR07 MR14,11,19,19,1.00000000
9356,MR12 MR10 MR02 MR08 MR11 MR07 MR04 MR06 MR09 MR14 MR13,11,24,24,1.00000000
9357,MR13 MR11 MR02 MR04 MR08 MR06 MR14 MR09 MR10 MR12,10,26,23,0.88461538
9358,MR13 MR11 MR02 MR04 MR08 MR12 MR07 MR09 MR10 MR14 MR06,11,22,22,1.00000000
9359,MR13 MR02 MR04 MR08 MR11 MR07 MR09 MR10 MR12 MR14 MR06,11,25,25,1.00000000
9360,MR13 MR02 MR04 MR08 MR11 MR06 MR07 MR09 MR10 MR14,10,24,21,0.87500000
9361,MR13 MR02 MR04 MR08 MR11 MR06 MR07 MR09 MR10 MR14 MR12,11,23,23,1.00000000
9362,MR13 MR02 MR04 MR06 MR08 MR11 MR14 MR09 MR10 MR12 MR07,11,26,26,1.00000000
9363,MR05 MR11 MR02 MR04 MR08 MR14 MR06 MR09 MR10 MR07 MR12,11,21,18,0.85714286
9364,MR12 MR10 MR02 MR08 MR07 MR11 MR04 MR09 MR05 MR06 MR14,11,23,20,0.86956522
9365,MR08 MR10 MR02 MR14 MR07 MR11 MR04 MR09 MR12 MR06 MR13,11,22,22,1.00000000
9366,MR13 MR02 MR04 MR08 MR11 MR07 MR09 MR10 MR06 MR14,10,25,22,0.88000000
9367,MR13 MR11 MR02 MR04 MR08 MR14 MR09 MR10 MR12 MR07 MR06,11,22,22,1.00000000
9368,MR12 MR10 MR02 MR08 MR11 MR06 MR04 MR09 MR14 MR05 MR07,11,28,25,0.89285714
9369,MR13 MR02 MR04 MR08 MR06 MR07 MR12 MR09 MR10 MR11 MR14,11,24,24,1.00000000
9370,MR13 MR02 MR04 MR08 MR07 MR11 MR06 MR09 MR10 MR14 MR12,11,26,26,1.00000000
9371,MR13 MR11 MR02 MR04 MR08 MR12 MR06 MR09 MR10 MR07 MR14,11,24,24,1.00000000
9372,MR13 MR07 MR02 MR04 MR08 MR14 MR06 MR09 MR10 MR12 MR11,11,23,23,1.00000000
9373,MR13 MR02 MR04 MR08 MR06 MR07 MR11 MR09 MR10 MR12 MR14,11,26,26,1.00000000
9374,MR13 MR11 MR02 MR04 MR08 MR07 MR09 MR10 MR14 MR06 MR12,11,26,26,1.00000000
9375,MR13 MR02 MR04 MR08 MR11 MR07 MR12 MR09 MR10 MR06 MR14,11,21,21,1.00000000
9376,MR13 MR02 MR04 MR08 MR06 MR07 MR12 MR09 MR10 MR11 MR14,11,27,27,1.00000000
9377,MR13 MR02 MR04 MR08 MR11 MR12 MR06 MR07 MR09 MR10 MR14,11,27,27,1.00000000
9378,MR13 MR11 MR02 MR04 MR08 MR14 MR09 MR10 MR12 MR06 MR07,11,23,23,1.00000000
9379,MR13 MR02 MR04 MR08 MR11 MR06 MR07 MR09 MR10 MR12 MR14,11,23,23,1.00000000
9380,MR13 MR02 MR04 MR08 MR06 MR07 MR11 MR09 MR10 MR14 MR12,11,22,22,1.00000000
9381,MR13 MR02 MR04 MR08 MR11 MR06 MR07 MR09 MR10 MR12 MR14,11,24,24,1.00000000
9382,MR08 MR10 MR02 MR11 MR12 MR06 MR04 MR09 MR14 MR07 MR13,11,24,24,1.00000000
9383,MR13 MR11 MR02 MR04 MR08 MR12 MR06 MR09 MR10 MR14 MR07,11,25,25,1.00000000
9384,MR13 MR02 MR04 MR08 MR11 MR07 MR09 MR10 MR12 MR14 MR06,11,23,23,1.00000000
9385,MR13 MR11 MR02 MR04 MR08 MR09 MR10 MR12 MR14 MR07 MR06,11,22,22,1.00000000
9386,MR13 MR02 MR04 MR08 MR06 MR07 MR11 MR09 MR10 MR12 MR14,11,23,23,1.00000000
9387,MR13 MR02 MR04 MR08 MR06 MR07 MR12 MR09 MR10 MR11 MR14,11,27,27,1.00000000
9388,MR13 MR11 MR02 MR04 MR08 MR14 MR06 MR09 MR10 MR07,10,28,25,0.89285714
9389,MR13 MR11 MR02 MR04 MR08 MR07 MR09 MR10 MR12 MR06 MR14,11,27,27,1.00000000
9390,MR13 MR11 MR02 MR04 MR08 MR07 MR09 MR10 MR06 MR14 MR12,11,23,23,1.00000000
9391,MR13 MR11 MR02 MR04 MR08 MR06 MR09 MR10 MR12 MR14 MR07,11,21,21,1.00000000
9392,MR13 MR11 MR02 MR04 MR08 MR14 MR09 MR10 MR06 MR07 MR12,11,22,22,1.00000000
9393,MR12 MR10 MR02 MR08 MR06 MR11 MR04 MR07 MR09 MR14 MR13,11,26,26,1.00000000
9394,MR13 MR11 MR02 MR04 MR08 MR12 MR07 MR09 MR10 MR14 MR06,11,24,24,1.00000000
9395,MR13 MR02 MR04 MR08 MR11 MR07 MR12 MR14 MR06 MR09 MR10,11,20,20,1.00000000
9396,MR13 MR02 MR04 MR08 MR07 MR11 MR09 MR10 MR06 MR14 MR12,11,24,24,1.00000000
9397,MR13 MR02 MR04 MR08 MR07 MR11 MR09 MR10 MR14 MR06,10,21,18,0.85714286
9398,MR13 MR02 MR04 MR06 MR08 MR11 MR09 MR10 MR14 MR07 MR12,11,20,20,1.00000000
9399,MR12 MR10 MR11 MR02 MR08 MR04 MR07 MR09 MR14 MR06 MR13,11,24,24,1.00000000
9400,MR13 MR11 MR02 MR04 MR08 MR09 MR10 MR06 MR14 MR07 MR12,11,23,23,1.00000000
9401,MR13 MR11 MR02 MR04 MR08 MR09 MR10 MR12 MR06 MR14 MR07,11,27,27,1.00000000
9402,MR13 MR02 MR04 MR08 MR06 MR07 MR11 MR14 MR09 MR10 MR12,11,24,24,1.00000000
9403,MR12 MR11 MR02 MR04 MR08 MR07 MR13 MR09 MR10 MR14,10,23,20,0.86956522
9404,MR13 MR07 MR02 MR04 MR08 MR09 MR10 MR11 MR14 MR06 MR12,11,23,23,1.00000000
9405,MR13 MR02 MR04 MR08 MR12 MR06 MR07 MR11 MR09 MR10 MR14,11,22,22,1.00000000
9406,MR13 MR02 MR04 MR08 MR11 MR07 MR06 MR09 MR10 MR12 MR14,11,26,26,1.00000000
9407,MR12 MR10 MR02 MR08 MR11 MR06 MR04 MR09 MR14 MR13 MR07,11,28,28,1.00000000
9408,MR13 MR02 MR04 MR08 MR14 MR07 MR06 MR09 MR10 MR11 MR12,11,25,25,1.00000000
9409,MR12 MR10 MR02 MR08 MR07 MR11 MR14 MR04 MR09 MR06,10,26,22,0.84615385
9410,MR13 MR02 MR04 MR08 MR11 MR06 MR12 MR14 MR07 MR09 MR10,11,24,24,1.00000000
9411,MR12 MR10 MR02 MR08 MR11 MR06 MR04 MR09 MR13 MR07 MR14,11,25,25,1.00000000
9412,MR13 MR11 MR02 MR04 MR08 MR12 MR09 MR10 MR14 MR06 MR07,11,25,25,1.00000000
9413,MR13 MR02 MR04 MR08 MR11 MR07 MR09 MR10 MR12 MR14 MR06,11,27,27,1.00000000
9414,MR13 MR02 MR04 MR08 MR06 MR11 MR14 MR09 MR10 MR07 MR12,11,19,19,1.00000000
9415,MR05 MR02 MR04 MR08 MR07 MR11 MR12 MR14 MR09 MR10 MR06,11,28,25,0.89285714
9416,MR13 MR11 MR02 MR04 MR08 MR07 MR09 MR10 MR12 MR06 MR14,11,24,24,1.00000000
9417,MR12 MR10 MR02 MR06 MR08 MR11 MR13 MR04 MR09 MR14 MR07,11,24,24,1.00000000
9418,MR12 MR10 MR02 MR08 MR06 MR07 MR11 MR04 MR09 MR14 MR13,11,21,21,1.00000000
9419,MR13 MR11 MR02 MR04 MR08 MR14 MR09 MR10 MR06 MR07 MR12,11,23,23,1.00000000
9420,MR13 MR02 MR04 MR08 MR11 MR06 MR07 MR09 MR10 MR14 MR12,11,22,22,1.00000000
9421,MR13 MR11 MR02 MR04 MR08 MR07 MR12 MR09 MR10 MR14 MR06,11,21,21,1.00000000
9422,MR13 MR11 MR02 MR04 MR08 MR14 MR06 MR09 MR10 MR07 MR12,11,26,26,1.00000000
9423,MR08 MR10 MR11 MR02 MR14 MR13 MR04 MR09 MR06 MR07 MR12,11,20,20,1.00000000
9424,MR12 MR10 MR02 MR08 MR11 MR07 MR13 MR04 MR09 MR14 MR06,11,24,24,1.00000000
9425,MR13 MR06 MR02 MR04 MR08 MR11 MR09 MR10 MR14 MR12 MR07,11,22,22,1.00000000
9426,MR13 MR02 MR04 MR08 MR11 MR07 MR06 MR09 MR10 MR12 MR14,11,29,29,1.00000000
9427,MR13 MR11 MR02 MR04 MR08 MR09 MR10 MR12 MR06 MR07 MR14,11,23,23,1.00000000
9428,MR13 MR11 MR02 MR04 MR08 MR06 MR09 MR10 MR07 MR12 MR14,11,24,24,1.00000000
9429,MR13 MR02 MR04 MR08 MR11 MR06 MR12 MR09 MR10 MR14 MR07,11,19,19,1.00000000
9430,MR12 MR10 MR02 MR08 MR11 MR07 MR04 MR06 MR09 MR13,10,23,20,0.86956522
9431,MR13 MR11 MR02 MR04 MR08 MR14 MR07 MR09 MR10 MR12 MR06,11,26,26,1.00000000
9432,MR13 MR11 MR02 MR04 MR08 MR14 MR12 MR06 MR09 MR10 MR07,11,26,26,1.00000000
9433,MR12 MR10 MR02 MR08 MR11 MR07 MR13 MR04 MR09 MR14 MR06,11,24,24,1.00000000
9434,MR13 MR02 MR04 MR08 MR06 MR11 MR12 MR09 MR10 MR14 MR07,11,27,27,1.00000000
9435,MR05 MR02 MR04 MR08 MR07 MR06 MR12 MR09 MR10 MR11 MR14,11,22,19,0.86363636
9436,MR13 MR02 MR04 MR08 MR11 MR14 MR06 MR07 MR09 MR10,10,24,21,0.87500000
9437,MR08 MR10 MR02 MR06 MR14 MR11 MR04 MR07 MR09 MR12 MR13,11,29,29,1.00000000
9438,MR13 MR11 MR02 MR04 MR08 MR09 MR10 MR06 MR07 MR14 MR12,11,24,24,1.00000000
9439,MR13 MR14 MR02 MR04 MR08 MR06 MR07 MR09 MR10 MR11 MR12,11,28,28,1.00000000
9440,MR12 MR10 MR02 MR08 MR11 MR04 MR06 MR07 MR09 MR13 MR14,11,26,26,1.00000000
9441,MR12 MR11 MR10 MR02 MR08 MR14 MR04 MR09 MR06 MR07 MR05,11,27,24,0.88888889
9442,MR08 MR10 MR02 MR11 MR14 MR07 MR13 MR04 MR09 MR12 MR06,11,23,23,1.00000000
9443,MR12 MR10 MR02 MR08 MR11 MR14 MR04 MR06 MR07 MR09,10,22,18,0.81818182
9444,MR13 MR11 MR02 MR04 MR08 MR12 MR06 MR09 MR10 MR07 MR14,11,20,20,1.00000000
9445,MR13 MR07 MR02 MR04 MR08 MR11 MR14 MR09 MR10 MR06 MR12,11,25,25,1.00000000
9446,MR13 MR02 MR04 MR06 MR08 MR07 MR14 MR09 MR10 MR11 MR12,11,26,26,1.00000000
9447,MR13 MR11 MR02 MR04 MR08 MR07 MR09 MR10 MR14 MR12 MR06,11,23,23,1.00000000
9448,MR13 MR11 MR02 MR04 MR08 MR14 MR07 MR09 MR10 MR12 MR06,11,22,22,1.00000000
9449,MR13 MR11 MR14 MR02 MR04 MR08 MR07 MR09 MR10 MR12 MR06,11,26,26,1.00000000
9450,MR13 MR11 MR02 MR04 MR08 MR14 MR07 MR09 MR10 MR06 MR12,11,27,27,1.00000000
9451,MR12 MR11 MR02 MR04 MR08 MR14 MR06 MR09 MR10 MR13 MR07,11,26,26,1.00000000
9452,MR13 MR14 MR02 MR04 MR08 MR07 MR11 MR06 MR09 MR10,10,30,27,0.90000000
9453,MR13 MR02 MR04 MR08 MR14 MR06 MR11 MR09 MR10 MR07 MR12,11,26,26,1.00000000
9454,MR13 MR02 MR04 MR07 MR08 MR11 MR09 MR10 MR12 MR14 MR06,11,24,24,1.00000000
9455,MR13 MR02 MR04 MR06 MR08 MR11 MR09 MR10 MR14 MR12 MR07,11,25,25,1.00000000
9456,MR12 MR02 MR04 MR08 MR11 MR13 MR07 MR06 MR09 MR10 MR14,11,21,21,1.00000000
9457,MR13 MR02 MR04 MR06 MR08 MR14 MR07 MR09 MR10 MR11 MR12,11,23,23,1.00000000
9458,MR13 MR14 MR11 MR02 MR04 MR08 MR07 MR09 MR10 MR06 MR12,11,28,28,1.00000000
9459,MR13 MR02 MR04 MR08 MR06 MR11 MR14 MR07 MR09 MR10 MR12,11,26,26,1.00000000
9460,MR13 MR02 MR04 MR06 MR08 MR11 MR09 MR10 MR12 MR07 MR14,11,24,24,1.00000000
9461,MR13 MR02 MR04 MR08 MR06 MR11 MR12 MR09 MR10 MR07 MR14,11,23,23,1.00000000
9462,MR05 MR07 MR02 MR04 MR08 MR09 MR10 MR11 MR14 MR06 MR12,11,29,26,0.89655172
9463,MR08 MR10 MR02 MR06 MR14 MR11 MR04 MR07 MR09 MR12 MR13,11,24,24,1.00000000
9464,MR13 MR11 MR02 MR04 MR08 MR07 MR09 MR10 MR12 MR06,10,25,22,0.88000000
9465,MR13 MR02 MR04 MR08 MR11 MR06 MR07 MR09 MR10 MR14 MR12,11,19,19,1.00000000
9466,MR13 MR02 MR04 MR08 MR11 MR06 MR09 MR10 MR14 MR07 MR12,11,26,26,1.00000000
9467,MR13 MR11 MR02 MR04 MR08 MR09 MR10 MR14 MR06 MR12 MR07,11,23,23,1.00000000
9468,MR13 MR11 MR02 MR04 MR08 MR12 MR06 MR09 MR10 MR07 MR14,11,27,27,1.00000000
9469,MR13 MR02 MR04 MR07 MR08 MR11 MR09 MR10 MR14 MR06 MR12,11,19,19,1.00000000
9470,MR13 MR02 MR04 MR07 MR08 MR11 MR14 MR09 MR10 MR06 MR12,11,27,27,1.00000000
9471,MR13 MR02 MR04 MR08 MR11 MR06 MR14 MR09 MR10 MR12 MR07,11,30,30,1.00000000
9472,MR13 MR02 MR04 MR08 MR11 MR07 MR12 MR09 MR10 MR14 MR06,11,23,23,1.00000000
9473,MR13 MR02 MR04 MR08 MR06 MR07 MR09 MR10 MR11 MR14 MR12,11,26,26,1.00000000
9474,MR12 MR11 MR02 MR04 MR08 MR09 MR10 MR14 MR07 MR13 MR06,11,27,27,1.00000000
9475,MR13 MR02 MR04 MR08 MR07 MR06 MR09 MR10 MR11 MR12 MR14,11,25,25,1.00000000
9476,MR13 MR11 MR02 MR04 MR08 MR12 MR07 MR09 MR10,9,25,19,0.76000000
9477,MR13 MR02 MR04 MR08 MR07 MR11 MR09 MR10 MR12 MR06 MR14,11,23,23,1.00000000
9478,MR13 MR11 MR02 MR04 MR08 MR14 MR06 MR09 MR10 MR07 MR12,11,21,21,1.00000000
9479,MR08 MR10 MR02 MR06 MR07 MR11 MR12 MR13 MR14 MR04 MR09,11,28,28,1.00000000
9480,MR13 MR02 MR04 MR08 MR06 MR11 MR12 MR09 MR10 MR07 MR14,11,20,20,1.00000000
9481,MR13 MR02 MR04 MR08 MR11 MR07 MR06 MR09 MR10 MR12 MR14,11,24,24,1.00000000
9482,MR12 MR10 MR11 MR02 MR08 MR06 MR04 MR09 MR13 MR14 MR07,11,18,18,1.00000000
9483,MR13 MR02 MR04 MR06 MR08 MR11 MR12 MR09 MR10 MR14 MR07,11,24,24,1.00000000
9484,MR13 MR11 MR02 MR04 MR08 MR12 MR07 MR09 MR10 MR06,10,25,22,0.88000000
9485,MR13 MR02 MR04 MR08 MR06 MR07 MR11 MR14 MR09 MR10 MR12,11,24,24,1.00000000
9486,MR13 MR11 MR02 MR04 MR08 MR06 MR09 MR10 MR14 MR07 MR12,11,26,26,1.00000000
9487,MR13 MR11 MR02 MR04 MR08 MR14 MR07 MR09 MR10 MR12 MR06,11,24,24,1.00000000
9488,MR13 MR02 MR04 MR06 MR08 MR07 MR09 MR10 MR11 MR14 MR12,11,22,22,1.00000000
9489,MR13 MR11 MR02 MR04 MR08 MR06 MR09 MR10 MR12 MR07 MR14,11,25,25,1.00000000
9490,MR13 MR11 MR02 MR04 MR08 MR07 MR09 MR10 MR14 MR12,10,23,20,0.86956522
9491,MR13 MR02 MR04 MR08 MR11 MR07 MR09 MR10 MR12 MR14 MR06,11,26,26,1.00000000
9492,MR13 MR02 MR04 MR08 MR11 MR07 MR12 MR06 MR09 MR10 MR14,11,26,26,1.00000000
9493,MR12 MR10 MR02 MR08 MR11 MR06 MR04 MR09 MR13 MR14 MR07,11,26,26,1.00000000
9494,MR13 MR11 MR02 MR04 MR08 MR09 MR10 MR14 MR06 MR07 MR12,11,26,26,1.00000000
9495,MR13 MR11 MR02 MR04 MR08 MR07 MR14 MR09 MR10 MR12 MR06,11,23,23,1.00000000
9496,MR13 MR11 MR02 MR04 MR08 MR07 MR09 MR10 MR12 MR06 MR14,11,29,29,1.00000000
9497,MR13 MR02 MR04 MR08 MR06 MR07 MR11 MR09 MR10 MR14 MR12,11,23,23,1.00000000
9498,MR13 MR11 MR02 MR04 MR08 MR06 MR09 MR10 MR12 MR14 MR07,11,26,26,1.00000000
9499,MR12 MR10 MR02 MR08 MR07 MR11 MR04 MR09 MR13 MR14 MR06,11,25,25,1.00000000
9500,MR13 MR02 MR04 MR07 MR08 MR11 MR09 MR10 MR14 MR12,10,21,18,0.85714286
9501,MR13 MR11 MR02 MR04 MR08 MR14 MR09 MR10 MR06 MR07 MR12,11,25,25,1.00000000
9502,MR14 MR10 MR02 MR08 MR06 MR11 MR12 MR13 MR04 MR09 MR07,11,18,18,1.00000000
9503,MR13 MR02 MR04 MR08 MR11 MR06 MR12 MR14 MR09 MR10 MR07,11,27,27,1.00000000
9504,MR13 MR07 MR02 MR04 MR08 MR12 MR06 MR09 MR10 MR14 MR11,11,25,25,1.00000000
9505,MR14 MR10 MR11 MR02 MR08 MR13 MR07 MR04 MR09 MR12 MR06,11,21,21,1.00000000
9506,MR13 MR02 MR04 MR08 MR11 MR06 MR14 MR09 MR10 MR07 MR12,11,19,19,1.00000000
9507,MR13 MR02 MR04 MR08 MR06 MR07 MR09 MR10 MR11 MR12,10,27,24,0.88888889
9508,MR13 MR11 MR02 MR04 MR08 MR14 MR07 MR09 MR10 MR12,10,19,16,0.84210526
9509,MR13 MR02 MR04 MR08 MR07 MR11 MR09 MR10 MR12 MR06,10,21,18,0.85714286
9510,MR12 MR10 MR02 MR08 MR06 MR11 MR13 MR04 MR09 MR14 MR07,11,21,21,1.00000000
9511,MR08 MR10 MR11 MR02 MR14 MR12 MR04 MR07 MR09 MR13 MR06,11,22,22,1.00000000
9512,MR13 MR11 MR02 MR04 MR08 MR14 MR07 MR09 MR10 MR12 MR06,11,20,20,1.00000000
9513,MR13 MR02 MR04 MR08 MR11 MR06 MR12 MR07 MR09 MR10 MR14,11,25,25,1.00000000
9514,MR13 MR02 MR04 MR08 MR11 MR07 MR06 MR09 MR10 MR12 MR14,11,22,22,1.00000000
9515,MR13 MR11 MR02 MR04 MR08 MR14 MR09 MR10 MR06 MR07 MR12,11,29,29,1.00000000
9516,MR13 MR11 MR02 MR04 MR08 MR07 MR09 MR10 MR14 MR06 MR12,11,23,23,1.00000000
9517,MR13 MR11 MR02 MR04 MR08 MR06 MR09 MR10 MR07 MR12 MR14,11,23,23,1.00000000
9518,MR12 MR10 MR02 MR08 MR11 MR06 MR04 MR09 MR13 MR07,10,23,20,0.86956522
9519,MR13 MR11 MR02 MR04 MR08 MR14 MR07 MR09 MR10 MR12 MR06,11,22,22,1.00000000
9520,MR13 MR02 MR04 MR08 MR11 MR07 MR06 MR09 MR10 MR12 MR14,11,19,19,1.00000000
9521,MR13 MR11 MR02 MR04 MR08 MR14 MR09 MR10 MR12 MR07 MR06,11,26,26,1.00000000
9522,MR12 MR11 MR02 MR04 MR08 MR14 MR06 MR09 MR10 MR13 MR07,11,25,25,1.00000000
9523,MR13 MR11 MR02 MR04 MR08 MR06 MR14 MR12 MR09 MR10,10,21,18,0.85714286
9524,MR13 MR02 MR04 MR08 MR06 MR12 MR07 MR09 MR10 MR11 MR14,11,22,22,1.00000000
9525,MR13 MR02 MR04 MR08 MR11 MR12 MR07 MR09 MR10 MR06 MR14,11,24,24,1.00000000
9526,MR13 MR02 MR04 MR08 MR11 MR07 MR14 MR06 MR09 MR10 MR12,11,27,27,1.00000000
9527,MR13 MR02 MR04 MR06 MR08 MR14 MR11 MR09 MR10 MR07,10,30,27,0.90000000
9528,MR13 MR02 MR04 MR08 MR11 MR12 MR06 MR07 MR09 MR10 MR14,11,19,19,1.00000000
9529,MR13 MR02 MR04 MR08 MR11 MR14 MR07 MR09 MR10 MR06,10,21,18,0.85714286
9530,MR13 MR02 MR04 MR08 MR11 MR06 MR12 MR07 MR09 MR10 MR14,11,18,18,1.00000000
9531,MR13 MR02 MR04 MR07 MR08 MR11 MR09 MR10 MR12 MR14 MR06,11,20,20,1.00000000
9532,MR13 MR11 MR02 MR04 MR08 MR06 MR09 MR10 MR07 MR14 MR12,11,22,22,1.00000000
9533,MR13 MR02 MR04 MR08 MR11 MR06 MR12 MR14 MR09 MR10 MR07,11,25,25,1.00000000
9534,MR12 MR10 MR02 MR08 MR11 MR06 MR04 MR09 MR13 MR07 MR14,11,26,26,1.00000000
9535,MR13 MR11 MR02 MR04 MR08 MR14 MR09 MR10 MR06 MR12 MR07,11,26,26,1.00000000
9536,MR13 MR02 MR04 MR08 MR11 MR14 MR06 MR07 MR09 MR10 MR12,11,29,29,1.00000000
9537,MR13 MR02 MR04 MR08 MR11 MR07 MR09 MR10 MR14 MR06 MR12,11,20,20,1.00000000
9538,MR13 MR11 MR02 MR04 MR08 MR14 MR07 MR09 MR10 MR12,10,25,22,0.88000000
9539,MR13 MR02 MR04 MR08 MR06 MR11 MR14 MR09 MR10 MR12 MR07,11,29,29,1.00000000
9540,MR13 MR02 MR04 MR08 MR11 MR07 MR09 MR10 MR06 MR12,10,25,22,0.88000000
9541,MR13 MR11 MR02 MR04 MR08 MR09 MR10 MR14 MR07 MR12,10,24,21,0.87500000
9542,MR12 MR02 MR04 MR08 MR06 MR11 MR09 MR10 MR07 MR14 MR13,11,23,23,1.00000000
9543,MR13 MR02 MR04 MR08 MR06 MR11 MR14 MR09 MR10 MR12 MR07,11,25,25,1.00000000
9544,MR13 MR11 MR02 MR04 MR08 MR07 MR09 MR10 MR14 MR06 MR12,11,25,25,1.00000000
9545,MR13 MR11 MR02 MR04 MR08 MR07 MR09 MR10 MR12 MR06 MR14,11,21,21,1.00000000
9546,MR13 MR02 MR04 MR06 MR08 MR11 MR09 MR10 MR12 MR14 MR07,11,25,25,1.00000000
9547,MR13 MR02 MR04 MR08 MR11 MR06 MR14 MR09 MR10 MR07 MR12,11,30,30,1.00000000
9548,MR12 MR02 MR04 MR08 MR11 MR06 MR07 MR09 MR10 MR14 MR13,11,26,26,1.00000000
9549,MR13 MR02 MR04 MR08 MR06 MR07 MR11 MR09 MR10 MR12 MR14,11,22,22,1.00000000
9550,MR13 MR11 MR02 MR04 MR08 MR12 MR06 MR09 MR10 MR14 MR07,11,23,23,1.00000000
9551,MR13 MR02 MR04 MR08 MR11 MR06 MR09 MR10 MR12 MR14 MR07,11,21,21,1.00000000
9552,MR13 MR11 MR02 MR04 MR08 MR12 MR09 MR10 MR06 MR07 MR14,11,19,19,1.00000000
9553,MR13 MR11 MR02 MR04 MR08 MR12 MR06 MR09 MR10 MR07 MR14,11,23,23,1.00000000
9554,MR12 MR10 MR02 MR07 MR08 MR11 MR04 MR09 MR13 MR14 MR06,11,21,21,1.00000000
9555,MR14 MR10 MR02 MR08 MR06 MR11 MR04 MR09 MR12 MR07 MR13,11,23,23,1.00000000
9556,MR12 MR10 MR11 MR02 MR08 MR04 MR07 MR09 MR13 MR14 MR06,11,19,19,1.00000000
9557,MR13 MR02 MR04 MR08 MR11 MR14 MR07 MR09 MR10 MR12 MR06,11,24,24,1.00000000
9558,MR13 MR11 MR02 MR04 MR08 MR06 MR14 MR09 MR10 MR12,10,26,23,0.88461538
9559,MR13 MR02 MR04 MR08 MR11 MR06 MR09 MR10 MR07 MR12 MR14,11,26,26,1.00000000
9560,MR13 MR02 MR04 MR08 MR11 MR14 MR07 MR06 MR09 MR10 MR12,11,25,25,1.00000000
9561,MR13 MR02 MR04 MR08 MR11 MR07 MR06 MR09 MR10 MR14 MR12,11,25,25,1.00000000
9562,MR13 MR11 MR02 MR04 MR08 MR07 MR09 MR10 MR12 MR14 MR06,11,28,28,1.00000000
9563,MR13 MR02 MR04 MR08 MR11 MR06 MR07 MR09 MR10 MR12 MR14,11,18,18,1.00000000
9564,MR13 MR11 MR02 MR04 MR08 MR07 MR12 MR09 MR10 MR14 MR06,11,23,23,1.00000000
9565,MR13 MR02 MR04 MR07 MR08 MR11 MR14 MR09 MR10 MR12 MR06,11,24,24,1.00000000
9566,MR12 MR10 MR11 MR02 MR08 MR13 MR07 MR14 MR04 MR09 MR06,11,19,19,1.00000000
9567,MR13 MR02 MR04 MR08 MR11 MR14 MR06 MR07 MR09 MR10 MR12,11,21,21,1.00000000
9568,MR13 MR02 MR04 MR08 MR07 MR06 MR14 MR09 MR10 MR11 MR12,11,24,24,1.00000000
9569,MR13 MR11 MR14 MR02 MR04 MR08 MR06 MR09 MR10 MR07 MR12,11,24,24,1.00000000
9570,MR13 MR11 MR02 MR04 MR08 MR07 MR09 MR10 MR06 MR12,10,25,22,0.88000000
9571,MR13 MR11 MR02 MR04 MR08 MR14 MR09 MR10 MR06 MR07 MR12,11,22,22,1.00000000
9572,MR12 MR10 MR02 MR08 MR11 MR04 MR06 MR07 MR09 MR13 MR14,11,22,22,1.00000000
9573,MR13 MR11 MR02 MR04 MR08 MR14 MR06 MR09 MR10 MR07 MR12,11,25,25,1.00000000
9574,MR13 MR02 MR04 MR08 MR11 MR14 MR07 MR09 MR10 MR06,10,26,23,0.88461538
9575,MR12 MR10 MR02 MR07 MR08 MR11 MR04 MR09 MR14 MR06 MR13,11,25,25,1.00000000
9576,MR12 MR11 MR10 MR02 MR08 MR04 MR09 MR13 MR06 MR07 MR14,11,22,22,1.00000000
9577,MR13 MR11 MR02 MR04 MR08 MR12 MR14 MR06 MR09 MR10 MR07,11,24,24,1.00000000
9578,MR13 MR02 MR04 MR08 MR06 MR11 MR07 MR09 MR10 MR14 MR12,11,22,22,1.00000000
9579,MR13 MR02 MR04 MR06 MR08 MR11 MR09 MR10 MR07 MR12 MR14,11,24,24,1.00000000
9580,MR12 MR10 MR02 MR08 MR11 MR14 MR07 MR04 MR09 MR06 MR13,11,24,24,1.00000000
9581,MR13 MR02 MR04 MR08 MR11 MR06 MR14 MR09 MR10 MR07 MR12,11,25,25,1.00000000
9582,MR13 MR11 MR02 MR04 MR08 MR09 MR10 MR07 MR12 MR14 MR06,11,21,21,1.00000000
9583,MR13 MR02 MR04 MR08 MR11 MR07 MR14 MR09 MR10 MR06 MR12,11,22,22,1.00000000
9584,MR13 MR11 MR02 MR04 MR08 MR07 MR09 MR10 MR06 MR14 MR12,11,27,27,1.00000000
9585,MR13 MR11 MR02 MR04 MR08 MR12 MR07 MR09 MR10 MR06 MR14,11,25,25,1.00000000
9586,MR13 MR11 MR02 MR04 MR08 MR14 MR06 MR09 MR10 MR12 MR07,11,25,25,1.00000000
9587,MR13 MR02 MR04 MR08 MR06 MR07 MR11 MR09 MR10 MR12 MR14,11,23,23,1.00000000
9588,MR12 MR10 MR11 MR02 MR08 MR14 MR04 MR09 MR06 MR07 MR05,11,26,23,0.88461538
9589,MR13 MR11 MR02 MR04 MR08 MR06 MR09 MR10 MR12 MR14 MR07,11,27,27,1.00000000
9590,MR13 MR02 MR04 MR08 MR06 MR11 MR07 MR09 MR10 MR12 MR14,11,24,24,1.00000000
9591,MR13 MR02 MR04 MR08 MR06 MR11 MR07 MR09 MR10 MR14,10,25,22,0.88000000
9592,MR13 MR02 MR04 MR08 MR06 MR07 MR09 MR10 MR11 MR14 MR12,11,26,26,1.00000000
9593,MR13 MR11 MR02 MR04 MR08 MR14 MR07 MR09 MR10 MR12 MR06,11,25,25,1.00000000
9594,MR13 MR11 MR02 MR04 MR08 MR07 MR09 MR10 MR12 MR14 MR06,11,23,23,1.00000000
9595,MR13 MR02 MR04 MR06 MR08 MR11 MR09 MR10 MR12 MR07 MR14,11,26,26,1.00000000
9596,MR13 MR02 MR04 MR08 MR11 MR06 MR09 MR10 MR14 MR07 MR12,11,25,25,1.00000000
9597,MR13 MR11 MR02 MR04 MR08 MR06 MR09 MR10 MR07 MR12 MR14,11,27,27,1.00000000
9598,MR13 MR02 MR04 MR08 MR06 MR11 MR12 MR14 MR09 MR10 MR07,11,22,22,1.00000000
9599,MR13 MR02 MR04 MR08 MR06 MR07 MR11 MR09 MR10 MR14 MR12,11,25,25,1.00000000
9600,MR13 MR02 MR04 MR08 MR11 MR06 MR07 MR09 MR10 MR12 MR14,11,24,24,1.00000000
9601,MR13 MR02 MR04 MR08 MR11 MR06 MR09 MR10 MR14 MR07 MR12,11,31,31,1.00000000
9602,MR13 MR02 MR04 MR08 MR11 MR06 MR09 MR10 MR12 MR14 MR07,11,26,26,1.00000000
9603,MR13 MR02 MR04 MR08 MR06 MR07 MR09 MR10 MR11 MR12 MR14,11,26,26,1.00000000
9604,MR12 MR10 MR02 MR07 MR08 MR11 MR04 MR09 MR14 MR06,10,23,19,0.82608696
9605,MR12 MR02 MR04 MR07 MR08 MR11 MR14 MR09 MR10 MR13,10,21,18,0.85714286
9606,MR12 MR11 MR02 MR04 MR08 MR13 MR06 MR09 MR10 MR14 MR07,11,25,25,1.00000000
9607,MR08 MR11 MR04 MR02 MR12 MR13 MR09 MR10 MR06 MR07 MR14,11,28,28,1.00000000
9608,MR12 MR02 MR04 MR08 MR07 MR11 MR09 MR10 MR06 MR13 MR14,11,26,26,1.00000000
9609,MR13 MR02 MR04 MR07 MR08 MR11 MR12 MR09 MR10 MR06,10,28,25,0.89285714
9610,MR13 MR11 MR02 MR04 MR08 MR12 MR07 MR09 MR10 MR06 MR14,11,23,23,1.00000000
9611,MR13 MR11 MR02 MR04 MR08 MR12 MR07 MR09 MR10 MR06 MR14,11,26,26,1.00000000
9612,MR13 MR07 MR02 MR04 MR08 MR09 MR10 MR11 MR14 MR06 MR12,11,24,24,1.00000000
9613,MR13 MR06 MR02 MR04 MR08 MR11 MR14 MR09 MR10 MR12 MR07,11,20,20,1.00000000
9614,MR13 MR02 MR04 MR06 MR08 MR11 MR14 MR09 MR10 MR12,10,23,20,0.86956522
9615,MR13 MR11 MR02 MR04 MR08 MR14 MR07 MR09 MR10 MR06 MR12,11,27,27,1.00000000
9616,MR13 MR11 MR02 MR04 MR08 MR06 MR14 MR09 MR10 MR12,10,23,20,0.86956522
9617,MR13 MR02 MR04 MR08 MR06 MR11 MR07 MR09 MR10 MR14 MR12,11,27,27,1.00000000
9618,MR13 MR11 MR02 MR04 MR08 MR07 MR09 MR10 MR12 MR06 MR14,11,29,29,1.00000000
9619,MR12 MR11 MR02 MR04 MR08 MR06 MR09 MR10 MR13 MR14 MR07,11,21,21,1.00000000
9620,MR13 MR11 MR02 MR04 MR08 MR09 MR10 MR12 MR07 MR14 MR06,11,23,23,1.00000000
9621,MR13 MR11 MR02 MR04 MR08 MR14 MR06 MR09 MR10 MR07 MR12,11,25,25,1.00000000
9622,MR13 MR02 MR04 MR08 MR11 MR07 MR06 MR09 MR10 MR12 MR14,11,23,23,1.00000000
9623,MR13 MR02 MR04 MR08 MR11 MR07 MR14 MR06 MR09 MR10 MR12,11,22,22,1.00000000
9624,MR13 MR02 MR04 MR08 MR07 MR11 MR06 MR09 MR10 MR12 MR14,11,20,20,1.00000000
9625,MR13 MR02 MR04 MR08 MR06 MR11 MR14 MR09 MR10 MR07 MR12,11,25,25,1.00000000
9626,MR13 MR11 MR02 MR04 MR08 MR07 MR09 MR10 MR12 MR14 MR06,11,25,25,1.00000000
9627,MR13 MR02 MR04 MR08 MR11 MR07 MR06 MR09 MR10 MR14 MR12,11,23,23,1.00000000
9628,MR13 MR11 MR02 MR04 MR08 MR14 MR06 MR09 MR10 MR07 MR12,11,20,20,1.00000000
9629,MR13 MR02 MR04 MR08 MR06 MR11 MR14 MR07 MR09 MR10 MR12,11,25,25,1.00000000
9630,MR12 MR11 MR10 MR02 MR08 MR04 MR09 MR13 MR06 MR07 MR14,11,26,26,1.00000000
9631,MR13 MR02 MR04 MR08 MR11 MR06 MR09 MR10 MR12 MR07 MR14,11,25,25,1.00000000
9632,MR13 MR11 MR02 MR04 MR08 MR14 MR12 MR06 MR09 MR10 MR07,11,22,22,1.00000000
9633,MR13 MR02 MR04 MR08 MR11 MR06 MR09 MR10 MR14 MR07 MR12,11,22,22,1.00000000
9634,MR13 MR02 MR04 MR08 MR11 MR06 MR14 MR07 MR09 MR10 MR12,11,24,24,1.00000000
9635,MR13 MR02 MR04 MR08 MR11 MR06 MR09 MR10 MR07 MR12 MR14,11,26,26,1.00000000
9636,MR13 MR11 MR02 MR04 MR08 MR12 MR07 MR09 MR10 MR06,10,22,19,0.86363636
9637,MR13 MR11 MR02 MR04 MR08 MR09 MR10 MR12 MR06 MR07,10,26,23,0.88461538
9638,MR13 MR11 MR02 MR04 MR08 MR09 MR10 MR14 MR06 MR07 MR12,11,19,19,1.00000000
9639,MR13 MR02 MR04 MR08 MR06 MR11 MR09 MR10 MR07 MR12 MR14,11,22,22,1.00000000
9640,MR13 MR11 MR02 MR04 MR08 MR07 MR09 MR10 MR12 MR14 MR06,11,22,22,1.00000000
9641,MR08 MR04 MR11 MR02 MR14 MR13 MR07 MR09 MR10 MR06 MR12,11,19,19,1.00000000
9642,MR13 MR02 MR04 MR08 MR07 MR06 MR14 MR09 MR10 MR11 MR12,11,29,29,1.00000000
9643,MR13 MR02 MR04 MR08 MR06 MR07 MR11 MR09 MR10 MR14 MR12,11,26,26,1.00000000
9644,MR13 MR02 MR04 MR08 MR11 MR07 MR06 MR09 MR10 MR14 MR12,11,23,23,1.00000000
9645,MR13 MR11 MR02 MR04 MR08 MR12 MR09 MR10 MR14 MR06 MR07,11,24,24,1.00000000
9646,MR13 MR02 MR04 MR08 MR11 MR06 MR09 MR10 MR12 MR07 MR14,11,24,24,1.00000000
9647,MR13 MR02 MR04 MR08 MR06 MR11 MR09 MR10 MR07 MR12 MR14,11,19,19,1.00000000
9648,MR13 MR02 MR04 MR08 MR11 MR06 MR09 MR10 MR12 MR14 MR07,11,26,26,1.00000000
9649,MR13 MR11 MR02 MR04 MR08 MR14 MR07 MR09 MR10 MR12 MR06,11,18,18,1.00000000
9650,MR12 MR02 MR04 MR07 MR08 MR11 MR13 MR09 MR10 MR14 MR06,11,22,22,1.00000000
9651,MR12 MR02 MR04 MR08 MR07 MR11 MR06 MR09 MR10 MR14 MR13,11,24,24,1.00000000
9652,MR13 MR02 MR04 MR08 MR11 MR07 MR14 MR06 MR09 MR10 MR12,11,23,23,1.00000000
9653,MR13 MR11 MR02 MR04 MR08 MR12 MR07 MR09 MR10 MR14 MR06,11,22,22,1.00000000
9654,MR13 MR11 MR02 MR04 MR08 MR09 MR10 MR06 MR07 MR12 MR14,11,22,22,1.00000000
9655,MR13 MR02 MR04 MR08 MR11 MR06 MR14 MR09 MR10 MR07 MR12,11,22,22,1.00000000
9656,MR08 MR10 MR02 MR11 MR06 MR13 MR14 MR04 MR09 MR07 MR12,11,26,26,1.00000000
9657,MR06 MR10 MR02 MR08 MR11 MR12 MR13 MR04 MR09 MR07 MR14,11,24,24,1.00000000
9658,MR13 MR02 MR04 MR08 MR11 MR06 MR07 MR09 MR10 MR12 MR14,11,24,24,1.00000000
9659,MR13 MR11 MR02 MR04 MR08 MR14 MR09 MR10 MR07 MR12 MR06,11,28,28,1.00000000
9660,MR13 MR02 MR04 MR08 MR11 MR06 MR12 MR07 MR09 MR10 MR14,11,22,22,1.00000000
9661,MR13 MR02 MR04 MR06 MR08 MR07 MR12 MR09 MR10 MR11 MR14,11,22,22,1.00000000
9662,MR13 MR02 MR04 MR08 MR06 MR07 MR12 MR09 MR10 MR11 MR14,11,25,25,1.00000000
9663,MR13 MR11 MR14 MR02 MR04 MR08 MR06 MR09 MR10 MR07 MR12,11,29,29,1.00000000
9664,MR13 MR11 MR02 MR04 MR08 MR07 MR12 MR09 MR10 MR14 MR06,11,23,23,1.00000000
9665,MR13 MR02 MR04 MR08 MR07 MR11 MR14 MR09 MR10 MR06 MR12,11,19,19,1.00000000
9666,MR08 MR10 MR02 MR07 MR06 MR14 MR04 MR09 MR11 MR12 MR13,11,25,25,1.00000000
9667,MR12 MR10 MR02 MR08 MR11 MR07 MR14 MR04 MR09 MR06 MR13,11,26,26,1.00000000
9668,MR13 MR11 MR02 MR04 MR08 MR09 MR10 MR14 MR12 MR06 MR07,11,22,22,1.00000000
9669,MR13 MR11 MR02 MR04 MR08 MR14 MR12 MR06 MR09 MR10 MR07,11,18,18,1.00000000
9670,MR13 MR11 MR02 MR04 MR08 MR06 MR09 MR10 MR14 MR07 MR12,11,25,25,1.00000000
9671,MR13 MR11 MR02 MR04 MR08 MR14 MR09 MR10 MR12 MR06 MR07,11,25,25,1.00000000
9672,MR13 MR02 MR04 MR08 MR11 MR06 MR07 MR09 MR10 MR14 MR12,11,25,25,1.00000000
9673,MR08 MR10 MR02 MR11 MR14 MR07 MR12 MR04 MR09 MR05 MR06,11,22,19,0.86363636
9674,MR12 MR10 MR11 MR02 MR08 MR14 MR04 MR06 MR09 MR07 MR13,11,23,23,1.00000000
9675,MR13 MR02 MR04 MR08 MR11 MR06 MR12 MR09 MR10 MR07,10,26,23,0.88461538
9676,MR13 MR11 MR02 MR04 MR08 MR12 MR06 MR09 MR10 MR14 MR07,11,23,23,1.00000000
9677,MR13 MR02 MR04 MR08 MR06 MR11 MR09 MR10 MR12 MR14 MR07,11,20,20,1.00000000
9678,MR13 MR02 MR04 MR08 MR11 MR14 MR07 MR06 MR09 MR10 MR12,11,26,26,1.00000000
9679,MR13 MR02 MR04 MR08 MR11 MR06 MR14 MR07 MR09 MR10 MR12,11,27,27,1.00000000
9680,MR13 MR02 MR04 MR08 MR07 MR11 MR06 MR09 MR10 MR12 MR14,11,22,22,1.00000000
9681,MR13 MR02 MR04 MR08 MR11 MR14 MR06 MR09 MR10 MR12 MR07,11,24,24,1.00000000
9682,MR13 MR02 MR04 MR08 MR11 MR06 MR07 MR09 MR10 MR14,10,21,18,0.85714286
9683,MR13 MR11 MR02 MR04 MR08 MR06 MR09 MR10 MR14 MR07 MR12,11,22,22,1.00000000
9684,MR12 MR10 MR11 MR02 MR08 MR04 MR06 MR09 MR14 MR07 MR13,11,27,27,1.00000000
9685,MR13 MR11 MR02 MR04 MR08 MR14 MR09 MR10 MR12 MR06 MR07,11,24,24,1.00000000
9686,MR13 MR11 MR02 MR04 MR08 MR07 MR09 MR10 MR12 MR14 MR06,11,23,23,1.00000000
9687,MR13 MR11 MR02 MR04 MR08 MR14 MR06 MR09 MR10 MR07 MR12,11,22,22,1.00000000
9688,MR13 MR11 MR02 MR04 MR08 MR09 MR10 MR14 MR06 MR07 MR12,11,22,22,1.00000000
9689,MR13 MR02 MR04 MR08 MR06 MR07 MR11 MR09 MR10 MR14 MR12,11,25,25,1.00000000
9690,MR13 MR11 MR02 MR04 MR08 MR14 MR09 MR10 MR07 MR12 MR06,11,25,25,1.00000000
9691,MR13 MR02 MR04 MR08 MR11 MR07 MR14 MR09 MR10 MR12 MR06,11,21,21,1.00000000
9692,MR12 MR10 MR02 MR08 MR11 MR13 MR06 MR04 MR09 MR07 MR14,11,27,27,1.00000000
9693,MR13 MR02 MR04 MR08 MR06 MR07 MR11 MR12 MR09 MR10 MR14,11,25,25,1.00000000
9694,MR13 MR11 MR02 MR04 MR08 MR06 MR09 MR10 MR14 MR12 MR07,11,25,25,1.00000000
9695,MR12 MR11 MR10 MR02 MR08 MR04 MR06 MR09 MR13 MR07 MR14,11,25,25,1.00000000
9696,MR13 MR02 MR04 MR08 MR11 MR07 MR06 MR09 MR10 MR14 MR12,11,27,27,1.00000000
9697,MR13 MR02 MR04 MR08 MR11 MR07 MR06 MR09 MR10 MR12 MR14,11,26,26,1.00000000
9698,MR12 MR10 MR02 MR08 MR06 MR07 MR14 MR04 MR09 MR11 MR13,11,18,18,1.00000000
9699,MR13 MR11 MR02 MR04 MR08 MR12 MR14 MR06 MR09 MR10 MR07,11,19,19,1.00000000
9700,MR13 MR11 MR02 MR04 MR08 MR14 MR06 MR09 MR10 MR07 MR12,11,26,26,1.00000000
9701,MR13 MR11 MR02 MR04 MR08 MR12 MR07 MR09 MR10 MR14 MR06,11,25,25,1.00000000
9702,MR13 MR11 MR02 MR04 MR08 MR12 MR07 MR09 MR10 MR06 MR14,11,27,27,1.00000000
9703,MR13 MR11 MR02 MR04 MR08 MR14 MR07 MR09 MR10 MR06 MR12,11,23,23,1.00000000
9704,MR13 MR11 MR02 MR04 MR08 MR06 MR09 MR10 MR12 MR07,10,21,18,0.85714286
9705,MR13 MR11 MR02 MR04 MR08 MR14 MR07 MR09 MR10 MR12 MR06,11,22,22,1.00000000
9706,MR13 MR02 MR04 MR08 MR11 MR07 MR14 MR09 MR10 MR06 MR12,11,24,24,1.00000000
9707,MR13 MR02 MR04 MR08 MR07 MR11 MR09 MR10 MR14 MR06 MR12,11,27,27,1.00000000
9708,MR07 MR10 MR02 MR08 MR06 MR14 MR04 MR09 MR13 MR11 MR12,11,26,26,1.00000000
9709,MR13 MR02 MR04 MR08 MR11 MR14 MR06 MR07 MR09 MR10 MR12,11,28,28,1.00000000
9710,MR13 MR02 MR04 MR08 MR06 MR11 MR12 MR09 MR10 MR07 MR14,11,22,22,1.00000000
9711,MR13 MR02 MR04 MR06 MR08 MR11 MR09 MR10 MR12 MR14,10,23,20,0.86956522
9712,MR13 MR02 MR04 MR08 MR06 MR11 MR07 MR09 MR10 MR12 MR14,11,23,23,1.00000000
9713,MR08 MR10 MR11 MR02 MR12 MR14 MR04 MR06 MR09 MR07 MR13,11,25,25,1.00000000
9714,MR13 MR11 MR02 MR04 MR08 MR14 MR06 MR09 MR10 MR07 MR12,11,24,24,1.00000000
9715,MR13 MR02 MR04 MR08 MR11 MR14 MR06 MR07 MR09 MR10 MR12,11,25,25,1.00000000
9716,MR13 MR02 MR04 MR08 MR11 MR14 MR06 MR07 MR09 MR10 MR12,11,27,27,1.00000000
9717,MR13 MR11 MR02 MR04 MR08 MR07 MR09 MR10 MR12 MR14 MR06,11,21,21,1.00000000
9718,MR13 MR02 MR04 MR08 MR07 MR11 MR06 MR09 MR10 MR12 MR14,11,28,28,1.00000000
9719,MR13 MR11 MR02 MR04 MR08 MR06 MR09 MR10 MR12 MR14 MR07,11,21,21,1.00000000
9720,MR08 MR04 MR11 MR02 MR06 MR09 MR10 MR13 MR14 MR12 MR07,11,23,23,1.00000000
9721,MR13 MR02 MR04 MR08 MR11 MR06 MR07 MR09 MR10 MR14 MR12,11,22,22,1.00000000
9722,MR13 MR02 MR04 MR06 MR08 MR11 MR09 MR10 MR14 MR07 MR12,11,25,25,1.00000000
9723,MR05 MR02 MR04 MR08 MR06 MR12 MR11 MR14 MR07 MR09 MR10,11,28,25,0.89285714
9724,MR12 MR10 MR02 MR08 MR11 MR04 MR06 MR07 MR09 MR13 MR14,11,23,23,1.00000000
9725,MR13 MR02 MR04 MR06 MR08 MR11 MR09 MR10 MR12 MR14 MR07,11,25,25,1.00000000
9726,MR12 MR02 MR04 MR08 MR06 MR07 MR11 MR09 MR10 MR13 MR14,11,26,26,1.00000000
9727,MR13 MR11 MR02 MR04 MR08 MR12 MR07 MR09 MR10 MR06 MR14,11,21,21,1.00000000
9728,MR13 MR02 MR04 MR08 MR11 MR06 MR07 MR09 MR10 MR14,10,24,21,0.87500000
9729,MR12 MR10 MR11 MR02 MR08 MR13 MR04 MR09 MR06 MR07 MR14,11,25,25,1.00000000
9730,MR12 MR10 MR02 MR08 MR11 MR06 MR04 MR07 MR09 MR14 MR13,11,22,22,1.00000000
9731,MR13 MR02 MR04 MR08 MR06 MR11 MR12 MR09 MR10 MR07 MR14,11,24,24,1.00000000
9732,MR13 MR11 MR02 MR04 MR08 MR07 MR09 MR10 MR12 MR06,10,23,20,0.86956522
9733,MR13 MR11 MR02 MR04 MR08 MR07 MR14 MR12 MR09 MR10,10,25,22,0.88000000
9734,MR08 MR10 MR02 MR11 MR12 MR06 MR14 MR04 MR07 MR09 MR13,11,17,17,1.00000000
9735,MR13 MR02 MR04 MR08 MR07 MR11 MR09 MR10 MR06 MR12 MR14,11,26,26,1.00000000
9736,MR13 MR02 MR04 MR08 MR11 MR06 MR12 MR09 MR10 MR14 MR07,11,25,25,1.00000000
9737,MR13 MR02 MR04 MR08 MR11 MR07 MR14 MR06 MR09 MR10 MR12,11,19,19,1.00000000
9738,MR13 MR11 MR02 MR04 MR08 MR07 MR09 MR10 MR14 MR06 MR12,11,23,23,1.00000000
9739,MR13 MR02 MR04 MR08 MR11 MR07 MR14 MR09 MR10 MR06,10,20,17,0.85000000
9740,MR12 MR11 MR10 MR02 MR08 MR13 MR14 MR04 MR09 MR06 MR07,11,23,23,1.00000000
9741,MR13 MR02 MR04 MR08 MR06 MR11 MR07 MR09 MR10 MR14 MR12,11,26,26,1.00000000
9742,MR13 MR02 MR04 MR08 MR11 MR07 MR09 MR10 MR14 MR12 MR06,11,20,20,1.00000000
9743,MR13 MR02 MR04 MR08 MR11 MR07 MR09 MR10 MR12 MR14 MR06,11,20,20,1.00000000
9744,MR05 MR02 MR04 MR08 MR11 MR06 MR09 MR10 MR07 MR12 MR14,11,23,20,0.86956522
9745,MR08 MR04 MR02 MR11 MR13 MR12 MR14 MR06 MR07 MR09 MR10,11,25,25,1.00000000
9746,MR13 MR02 MR04 MR08 MR07 MR11 MR06 MR09 MR10 MR14 MR12,11,24,24,1.00000000
9747,MR13 MR11 MR02 MR04 MR08 MR06 MR09 MR10 MR14 MR07 MR12,11,25,25,1.00000000
9748,MR13 MR11 MR02 MR04 MR08 MR14 MR07 MR09 MR10 MR06 MR12,11,23,23,1.00000000
9749,MR13 MR11 MR02 MR04 MR08 MR07 MR09 MR10 MR06 MR12 MR14,11,25,25,1.00000000
9750,MR12 MR10 MR02 MR08 MR11 MR04 MR06 MR07 MR09 MR13 MR14,11,22,22,1.00000000
9751,MR13 MR02 MR04 MR07 MR08 MR11 MR14 MR09 MR10 MR12 MR06,11,27,27,1.00000000
9752,MR13 MR11 MR02 MR04 MR08 MR12 MR06 MR09 MR10 MR07 MR14,11,21,21,1.00000000
9753,MR13 MR02 MR04 MR08 MR06 MR11 MR12 MR09 MR10 MR07 MR14,11,24,24,1.00000000
9754,MR13 MR02 MR04 MR06 MR08 MR11 MR09 MR10 MR07 MR14 MR12,11,26,26,1.00000000
9755,MR12 MR10 MR02 MR08 MR11 MR07 MR04 MR09 MR13 MR06 MR14,11,30,30,1.00000000
9756,MR13 MR02 MR04 MR08 MR06 MR11 MR12 MR09 MR10 MR07 MR14,11,22,22,1.00000000
9757,MR13 MR11 MR02 MR04 MR08 MR12 MR09 MR10 MR14 MR06 MR07,11,19,19,1.00000000
9758,MR07 MR10 MR02 MR08 MR14 MR12 MR04 MR06 MR09 MR13 MR11,11,27,27,1.00000000
9759,MR13 MR02 MR04 MR08 MR06 MR12 MR11 MR07 MR09 MR10 MR14,11,25,25,1.00000000
9760,MR08 MR10 MR02 MR11 MR14 MR06 MR13 MR04 MR09 MR12 MR07,11,24,24,1.00000000
9761,MR13 MR02 MR04 MR08 MR11 MR07 MR12 MR09 MR10 MR06 MR14,11,25,25,1.00000000
9762,MR13 MR02 MR04 MR08 MR07 MR11 MR12 MR09 MR10 MR06 MR14,11,27,27,1.00000000
9763,MR13 MR11 MR02 MR04 MR08 MR14 MR07 MR09 MR10 MR06 MR12,11,24,24,1.00000000
9764,MR12 MR11 MR02 MR04 MR08 MR13 MR07 MR09 MR10 MR14,10,25,22,0.88000000
9765,MR13 MR11 MR02 MR04 MR08 MR06 MR09 MR10 MR07 MR12 MR14,11,21,21,1.00000000
9766,MR13 MR11 MR02 MR04 MR08 MR06 MR09 MR10 MR12 MR14 MR07,11,20,20,1.00000000
9767,MR08 MR10 MR02 MR11 MR14 MR04 MR06 MR07 MR09 MR12 MR13,11,23,23,1.00000000
9768,MR08 MR10 MR11 MR02 MR12 MR04 MR07 MR09 MR13 MR14 MR06,11,26,26,1.00000000
9769,MR13 MR11 MR02 MR04 MR08 MR12 MR09 MR10 MR07,9,26,20,0.76923077
9770,MR13 MR02 MR04 MR08 MR06 MR07 MR11 MR09 MR10 MR12 MR14,11,20,20,1.00000000
9771,MR13 MR02 MR04 MR08 MR06 MR11 MR07 MR09 MR10 MR12 MR14,11,23,23,1.00000000
9772,MR13 MR02 MR04 MR08 MR11 MR07 MR09 MR10 MR12 MR14 MR06,11,25,25,1.00000000
9773,MR13 MR11 MR02 MR04 MR08 MR06 MR09 MR10 MR12 MR07 MR14,11,22,22,1.00000000
9774,MR13 MR02 MR04 MR08 MR11 MR06 MR12 MR09 MR10 MR14 MR07,11,26,26,1.00000000
9775,MR13 MR02 MR04 MR08 MR11 MR06 MR07 MR09 MR10 MR12 MR14,11,24,24,1.00000000
9776,MR13 MR02 MR04 MR08 MR06 MR07 MR09 MR10 MR14 MR11 MR12,11,29,29,1.00000000
9777,MR08 MR10 MR11 MR02 MR14 MR04 MR07 MR09 MR12 MR06 MR13,11,21,21,1.00000000
9778,MR13 MR11 MR02 MR04 MR08 MR09 MR10 MR12 MR07 MR14 MR06,11,24,24,1.00000000
9779,MR08 MR10 MR02 MR11 MR07 MR13 MR04 MR06 MR09 MR12 MR14,11,24,24,1.00000000
9780,MR13 MR11 MR02 MR04 MR08 MR07 MR09 MR10 MR06 MR14,10,26,23,0.88461538
9781,MR13 MR11 MR02 MR04 MR08 MR14 MR09 MR10 MR07 MR12 MR06,11,28,28,1.00000000
9782,MR12 MR10 MR02 MR08 MR11 MR07 MR04 MR09 MR14 MR05 MR06,11,26,23,0.88461538
9783,MR12 MR10 MR02 MR08 MR11 MR13 MR04 MR06 MR07 MR09 MR14,11,28,28,1.00000000
9784,MR12 MR11 MR10 MR02 MR08 MR14 MR04 MR09 MR13 MR06 MR07,11,26,26,1.00000000
9785,MR13 MR11 MR02 MR04 MR08 MR12 MR07 MR09 MR10 MR06 MR14,11,23,23,1.00000000
9786,MR13 MR02 MR04 MR08 MR07 MR11 MR09 MR10 MR12 MR06 MR14,11,24,24,1.00000000
9787,MR13 MR11 MR14 MR02 MR04 MR08 MR09 MR10 MR12,9,27,21,0.77777778
9788,MR14 MR10 MR11 MR02 MR08 MR12 MR04 MR06 MR09 MR07 MR05,11,23,20,0.86956522
9789,MR08 MR10 MR02 MR11 MR13 MR04 MR06 MR07 MR09 MR12 MR14,11,22,22,1.00000000
9790,MR06 MR10 MR02 MR08 MR11 MR12 MR04 MR09 MR14 MR07 MR13,11,27,27,1.00000000
9791,MR13 MR02 MR04 MR08 MR06 MR11 MR12 MR09 MR10 MR07 MR14,11,24,24,1.00000000
9792,MR13 MR02 MR04 MR08 MR06 MR11 MR14 MR09 MR10 MR07 MR12,11,25,25,1.00000000
9793,MR12 MR10 MR11 MR02 MR08 MR07 MR04 MR09 MR13 MR14,10,21,18,0.85714286
9794,MR14 MR10 MR02 MR08 MR11 MR07 MR04 MR06 MR09 MR13 MR12,11,23,23,1.00000000
9795,MR13 MR11 MR02 MR04 MR08 MR07 MR09 MR10 MR14 MR06 MR12,11,29,29,1.00000000
9796,MR12 MR10 MR11 MR02 MR08 MR06 MR04 MR09 MR13 MR07 MR14,11,24,24,1.00000000
9797,MR13 MR02 MR04 MR08 MR11 MR07 MR06 MR09 MR10 MR12 MR14,11,21,21,1.00000000
9798,MR12 MR10 MR02 MR08 MR11 MR06 MR04 MR07 MR09 MR13 MR14,11,18,18,1.00000000
9799,MR13 MR11 MR02 MR04 MR08 MR06 MR09 MR10 MR14 MR12 MR07,11,17,17,1.00000000
9800,MR13 MR02 MR04 MR08 MR11 MR06 MR07 MR09 MR10 MR12 MR14,11,23,23,1.00000000
9801,MR05 MR02 MR04 MR06 MR08 MR11 MR09 MR10 MR07 MR12 MR14,11,29,26,0.89655172
9802,MR08 MR04 MR02 MR13 MR06 MR07 MR11 MR14 MR09 MR10 MR12,11,25,25,1.00000000
9803,MR13 MR11 MR02 MR04 MR08 MR07 MR09 MR10 MR06 MR12 MR14,11,28,28,1.00000000
9804,MR13 MR02 MR04 MR08 MR11 MR07 MR09 MR10 MR14 MR06 MR12,11,26,26,1.00000000
9805,MR13 MR02 MR04 MR08 MR06 MR07 MR11 MR09 MR10 MR12 MR14,11,25,25,1.00000000
9806,MR12 MR10 MR02 MR07 MR08 MR11 MR13 MR14 MR04 MR09 MR06,11,26,26,1.00000000
9807,MR13 MR11 MR02 MR04 MR08 MR09 MR10 MR14 MR06 MR07 MR12,11,27,27,1.00000000
9808,MR13 MR11 MR02 MR04 MR08 MR14 MR09 MR10 MR12 MR06 MR07,11,21,21,1.00000000
9809,MR13 MR02 MR04 MR07 MR08 MR11 MR09 MR10 MR14 MR12 MR06,11,26,26,1.00000000
9810,MR12 MR11 MR02 MR04 MR08 MR13 MR06 MR09 MR10 MR07 MR14,11,22,22,1.00000000
9811,MR13 MR02 MR04 MR08 MR06 MR11 MR14 MR07 MR09 MR10 MR12,11,29,29,1.00000000
9812,MR12 MR10 MR02 MR08 MR11 MR07 MR04 MR06 MR09 MR05,10,27,21,0.77777778
9813,MR13 MR11 MR02 MR04 MR08 MR07 MR12 MR09 MR10 MR14,10,20,17,0.85000000
9814,MR13 MR11 MR02 MR04 MR08 MR06 MR09 MR10 MR07 MR12 MR14,11,25,25,1.00000000
9815,MR13 MR11 MR02 MR04 MR08 MR14 MR07 MR09 MR10 MR06 MR12,11,20,20,1.00000000
9816,MR13 MR02 MR04 MR08 MR11 MR14 MR06 MR07 MR09 MR10 MR12,11,24,24,1.00000000
9817,MR13 MR02 MR04 MR08 MR07 MR11 MR12 MR09 MR10 MR14 MR06,11,26,26,1.00000000
9818,MR14 MR10 MR11 MR02 MR08 MR06 MR04 MR09 MR12 MR07 MR13,11,23,23,1.00000000
9819,MR13 MR02 MR04 MR08 MR07 MR11 MR06 MR09 MR10 MR12 MR14,11,22,22,1.00000000
9820,MR13 MR02 MR04 MR08 MR06 MR14 MR07 MR09 MR10 MR11 MR12,11,21,21,1.00000000
9821,MR13 MR11 MR02 MR04 MR08 MR09 MR10 MR14 MR07 MR12 MR06,11,18,18,1.00000000
9822,MR12 MR10 MR02 MR08 MR07 MR11 MR04 MR06 MR09 MR13 MR14,11,22,22,1.00000000
9823,MR12 MR10 MR11 MR02 MR08 MR06 MR14 MR04 MR09 MR07 MR13,11,25,25,1.00000000
9824,MR13 MR11 MR02 MR04 MR08 MR07 MR12 MR14 MR09 MR10,10,23,20,0.86956522
9825,MR13 MR02 MR04 MR08 MR11 MR06 MR07 MR09 MR10 MR12 MR14,11,17,17,1.00000000
9826,MR13 MR11 MR02 MR04 MR08 MR07 MR09 MR10 MR06 MR12 MR14,11,22,22,1.00000000
9827,MR13 MR11 MR02 MR04 MR08 MR06 MR09 MR10 MR14 MR07 MR12,11,30,30,1.00000000
9828,MR13 MR11 MR02 MR04 MR08 MR07 MR09 MR10 MR14 MR06 MR12,11,25,25,1.00000000
9829,MR13 MR02 MR04 MR08 MR11 MR07 MR06 MR09 MR10 MR12 MR14,11,22,22,1.00000000
9830,MR13 MR02 MR04 MR07 MR08 MR11 MR09 MR10 MR12 MR06 MR14,11,27,27,1.00000000
9831,MR13 MR02 MR04 MR08 MR11 MR07 MR09 MR10 MR06 MR12 MR14,11,23,23,1.00000000
9832,MR12 MR10 MR11 MR02 MR08 MR14 MR04 MR09 MR06 MR07 MR05,11,23,20,0.86956522
9833,MR13 MR02 MR04 MR08 MR11 MR07 MR09 MR10 MR12 MR06 MR14,11,28,28,1.00000000
9834,MR13 MR11 MR02 MR04 MR08 MR12 MR06 MR09 MR10 MR07 MR14,11,23,23,1.00000000
9835,MR13 MR11 MR02 MR04 MR08 MR14 MR09 MR10 MR12 MR07,10,21,18,0.85714286
9836,MR13 MR02 MR04 MR08 MR06 MR07 MR11 MR09 MR10 MR14 MR12,11,19,19,1.00000000
9837,MR13 MR11 MR02 MR04 MR08 MR07 MR09 MR10 MR12 MR14 MR06,11,27,27,1.00000000
9838,MR13 MR02 MR04 MR06 MR08 MR14 MR07 MR09 MR10 MR11 MR12,11,24,24,1.00000000
9839,MR13 MR02 MR04 MR08 MR11 MR07 MR09 MR10 MR14 MR12 MR06,11,20,20,1.00000000
9840,MR13 MR02 MR04 MR08 MR11 MR14 MR06 MR07 MR09 MR10 MR12,11,22,22,1.00000000
9841,MR12 MR10 MR11 MR02 MR08 MR07 MR13 MR04 MR09,9,26,20,0.76923077
9842,MR13 MR02 MR04 MR08 MR11 MR14 MR06 MR09 MR10 MR07 MR12,11,25,25,1.00000000
9843,MR13 MR02 MR04 MR08 MR11 MR06 MR14 MR07 MR09 MR10 MR12,11,26,26,1.00000000
9844,MR13 MR11 MR02 MR04 MR08 MR07 MR09 MR10 MR14 MR06 MR12,11,25,25,1.00000000
9845,MR13 MR11 MR02 MR04 MR08 MR12 MR07 MR09 MR10 MR06 MR14,11,21,21,1.00000000
9846,MR13 MR11 MR02 MR04 MR08 MR07 MR09 MR10 MR12 MR06 MR14,11,24,24,1.00000000
9847,MR13 MR02 MR04 MR08 MR06 MR11 MR12 MR09 MR10 MR07 MR14,11,23,23,1.00000000
9848,MR13 MR02 MR04 MR08 MR11 MR07 MR09 MR10 MR06 MR12 MR14,11,24,24,1.00000000
9849,MR12 MR10 MR02 MR07 MR08 MR11 MR14 MR04 MR09 MR13,10,28,25,0.89285714
9850,MR05 MR02 MR04 MR08 MR06 MR07 MR11 MR09 MR10 MR14,10,26,20,0.76923077
9851,MR13 MR11 MR02 MR04 MR08 MR14 MR09 MR10 MR12 MR06,10,21,18,0.85714286
9852,MR12 MR06 MR02 MR04 MR08 MR09 MR10 MR11 MR13 MR14 MR07,11,25,25,1.00000000
9853,MR13 MR11 MR02 MR04 MR08 MR12 MR09 MR10 MR06 MR14,10,24,21,0.87500000
9854,MR13 MR02 MR04 MR08 MR11 MR06 MR14 MR07 MR09 MR10 MR12,11,21,21,1.00000000
9855,MR13 MR02 MR04 MR07 MR08 MR06 MR09 MR10 MR11 MR12 MR14,11,26,26,1.00000000
9856,MR13 MR02 MR04 MR08 MR11 MR06 MR12 MR14 MR09 MR10 MR07,11,27,27,1.00000000
9857,MR13 MR02 MR04 MR08 MR11 MR12 MR06 MR07 MR09 MR10 MR14,11,22,22,1.00000000
9858,MR13 MR02 MR04 MR08 MR11 MR06 MR07 MR09 MR10 MR12 MR14,11,24,24,1.00000000
9859,MR13 MR02 MR04 MR08 MR11 MR06 MR07 MR09 MR10 MR12 MR14,11,23,23,1.00000000
9860,MR13 MR02 MR04 MR08 MR06 MR07 MR11 MR09 MR10 MR14,10,27,24,0.88888889
9861,MR13 MR02 MR04 MR08 MR11 MR12 MR06 MR07 MR09 MR10 MR14,11,20,20,1.00000000
9862,MR13 MR02 MR04 MR08 MR11 MR06 MR07 MR09 MR10 MR14,10,28,25,0.89285714
9863,MR13 MR02 MR04 MR08 MR07 MR11 MR06 MR09 MR10 MR12 MR14,11,24,24,1.00000000
9864,MR12 MR10 MR11 MR02 MR08 MR14 MR04 MR09 MR06 MR07 MR13,11,25,25,1.00000000
9865,MR08 MR10 MR02 MR11 MR12 MR04 MR06 MR07 MR09 MR13 MR14,11,24,24,1.00000000
9866,MR13 MR14 MR02 MR04 MR08 MR06 MR11 MR07 MR09 MR10,10,28,25,0.89285714
9867,MR13 MR02 MR04 MR08 MR06 MR07 MR11 MR09 MR10 MR12 MR14,11,17,17,1.00000000
9868,MR13 MR02 MR04 MR06 MR08 MR07 MR09 MR10 MR11 MR12 MR14,11,20,20,1.00000000
9869,MR08 MR10 MR11 MR02 MR04 MR06 MR09 MR13 MR14 MR12 MR07,11,25,25,1.00000000
9870,MR12 MR13 MR02 MR04 MR08 MR06 MR07 MR11 MR09 MR10 MR14,11,28,28,1.00000000
9871,MR12 MR02 MR04 MR08 MR06 MR11 MR13 MR09 MR10 MR07 MR14,11,26,26,1.00000000
9872,MR13 MR02 MR04 MR07 MR08 MR06 MR09 MR10 MR11 MR14 MR12,11,21,21,1.00000000
9873,MR12 MR02 MR04 MR08 MR11 MR14 MR06 MR07 MR09 MR10 MR05,11,25,22,0.88000000
9874,MR07 MR04 MR02 MR08 MR11 MR13 MR14 MR09 MR10 MR12 MR06,11,22,22,1.00000000
9875,MR08 MR10 MR02 MR11 MR14 MR07 MR12 MR04 MR09 MR13 MR06,11,23,23,1.00000000
9876,MR13 MR02 MR04 MR08 MR11 MR06 MR07 MR09 MR10 MR12 MR14,11,25,25,1.00000000
9877,MR13 MR02 MR04 MR08 MR06 MR07 MR11 MR09 MR10 MR12 MR14,11,22,22,1.00000000
9878,MR13 MR02 MR04 MR08 MR11 MR14 MR06 MR09 MR10 MR12 MR07,11,19,19,1.00000000
9879,MR12 MR10 MR02 MR08 MR11 MR07 MR14 MR04 MR06 MR09,10,24,20,0.83333333
9880,MR13 MR02 MR04 MR08 MR06 MR11 MR12 MR09 MR10 MR07 MR14,11,23,23,1.00000000
9881,MR13 MR06 MR02 MR04 MR08 MR07 MR09 MR10 MR11 MR12,10,24,21,0.87500000
9882,MR07 MR10 MR02 MR08 MR11 MR14 MR04 MR09 MR12 MR13,10,21,18,0.85714286
9883,MR13 MR02 MR04 MR08 MR11 MR07 MR12 MR09 MR10 MR06 MR14,11,26,26,1.00000000
9884,MR13 MR02 MR04 MR07 MR08 MR11 MR09 MR10 MR14 MR12 MR06,11,22,22,1.00000000
9885,MR13 MR11 MR02 MR04 MR08 MR07 MR14 MR09 MR10 MR12 MR06,11,24,24,1.00000000
9886,MR13 MR11 MR02 MR04 MR08 MR12 MR07 MR09 MR10 MR06 MR14,11,18,18,1.00000000
9887,MR08 MR10 MR02 MR07 MR11 MR12 MR14 MR04 MR06 MR09 MR13,11,26,26,1.00000000
9888,MR12 MR02 MR04 MR08 MR11 MR06 MR14 MR09 MR10 MR07 MR13,11,26,26,1.00000000
9889,MR13 MR02 MR04 MR08 MR07 MR11 MR06 MR09 MR10 MR12 MR14,11,23,23,1.00000000
9890,MR13 MR11 MR02 MR04 MR08 MR06 MR12 MR09 MR10 MR14 MR07,11,28,28,1.00000000
9891,MR12 MR10 MR11 MR02 MR08 MR04 MR06 MR09 MR05 MR07 MR14,11,23,20,0.86956522
9892,MR13 MR11 MR02 MR04 MR08 MR07 MR09 MR10 MR12 MR14 MR06,11,23,23,1.00000000
9893,MR13 MR02 MR04 MR07 MR08 MR06 MR09 MR10 MR14 MR11 MR12,11,27,27,1.00000000
9894,MR13 MR11 MR02 MR04 MR08 MR06 MR12 MR09 MR10 MR07 MR14,11,18,18,1.00000000
9895,MR13 MR02 MR04 MR08 MR11 MR06 MR07 MR09 MR10 MR12 MR14,11,21,21,1.00000000
9896,MR08 MR10 MR02 MR14 MR07 MR06 MR04 MR09 MR11 MR12 MR13,11,21,21,1.00000000
9897,MR12 MR10 MR02 MR08 MR11 MR07 MR13 MR04 MR09 MR06 MR14,11,21,21,1.00000000
9898,MR13 MR11 MR02 MR04 MR08 MR09 MR10 MR12 MR14 MR06 MR07,11,29,29,1.00000000
9899,MR13 MR02 MR04 MR06 MR08 MR11 MR09 MR10 MR14 MR07 MR12,11,25,25,1.00000000
9900,MR13 MR02 MR04 MR08 MR11 MR06 MR07 MR09 MR10 MR12 MR14,11,24,24,1.00000000
9901,MR12 MR11 MR10 MR02 MR08 MR06 MR04 MR09 MR13 MR14,10,26,23,0.88461538
9902,MR13 MR11 MR02 MR04 MR08 MR12 MR07 MR09 MR10 MR06 MR14,11,26,26,1.00000000
9903,MR12 MR10 MR02 MR08 MR11 MR14 MR07 MR04 MR06 MR09 MR13,11,24,24,1.00000000
9904,MR12 MR10 MR02 MR08 MR11 MR07 MR04 MR09 MR13 MR14 MR06,11,23,23,1.00000000
9905,MR12 MR10 MR11 MR02 MR08 MR07 MR14 MR04 MR09 MR13 MR06,11,23,23,1.00000000
9906,MR13 MR02 MR04 MR08 MR11 MR07 MR14 MR06 MR09 MR10 MR12,11,20,20,1.00000000
9907,MR12 MR10 MR11 MR02 MR08 MR14 MR04 MR09 MR06 MR07 MR13,11,33,33,1.00000000
9908,MR13 MR02 MR04 MR08 MR11 MR14 MR12 MR06 MR07 MR09 MR10,11,26,26,1.00000000
9909,MR05 MR11 MR02 MR04 MR08 MR14 MR07 MR09 MR10 MR12 MR06,11,24,21,0.87500000
9910,MR05 MR11 MR02 MR04 MR08 MR14 MR06 MR09 MR10 MR12,10,23,17,0.73913043
9911,MR13 MR02 MR04 MR08 MR06 MR07 MR09 MR10 MR11 MR12 MR14,11,22,22,1.00000000
9912,MR13 MR02 MR04 MR08 MR11 MR06 MR07 MR09 MR10 MR12,10,26,23,0.88461538
9913,MR13 MR11 MR02 MR04 MR08 MR06 MR09 MR10 MR14 MR07 MR12,11,22,22,1.00000000
9914,MR08 MR10 MR02 MR11 MR07 MR12 MR04 MR09 MR13 MR14 MR06,11,25,25,1.00000000
9915,MR13 MR02 MR04 MR08 MR11 MR07 MR12 MR09 MR10 MR14 MR06,11,21,21,1.00000000
9916,MR13 MR02 MR04 MR08 MR06 MR11 MR07 MR09 MR10 MR12 MR14,11,27,27,1.00000000
9917,MR08 MR10 MR02 MR11 MR04 MR06 MR07 MR09 MR12 MR14 MR13,11,22,22,1.00000000
9918,MR13 MR11 MR02 MR04 MR08 MR07 MR12 MR09 MR10 MR14,10,25,22,0.88000000
9919,MR07 MR10 MR02 MR08 MR14 MR13 MR04 MR09 MR11 MR12 MR06,11,29,29,1.00000000
9920,MR13 MR02 MR04 MR08 MR11 MR14 MR07 MR09 MR10 MR12 MR06,11,21,21,1.00000000
9921,MR13 MR02 MR04 MR07 MR08 MR06 MR09 MR10 MR11 MR12 MR14,11,28,28,1.00000000
9922,MR13 MR02 MR04 MR08 MR11 MR07 MR09 MR10 MR14 MR06 MR12,11,22,22,1.00000000
9923,MR12 MR10 MR02 MR08 MR07 MR11 MR14 MR04 MR09 MR05 MR06,11,22,19,0.86363636
9924,MR13 MR02 MR04 MR08 MR11 MR07 MR12 MR09 MR10 MR14 MR06,11,17,17,1.00000000
9925,MR13 MR02 MR04 MR08 MR11 MR14 MR06 MR09 MR10 MR12 MR07,11,22,22,1.00000000
9926,MR13 MR02 MR04 MR06 MR08 MR07 MR12 MR09 MR10 MR11 MR14,11,23,23,1.00000000
9927,MR12 MR10 MR02 MR08 MR11 MR14 MR06 MR04 MR09 MR13 MR07,11,23,23,1.00000000
9928,MR05 MR11 MR02 MR04 MR08 MR12 MR09 MR10 MR14 MR06 MR07,11,27,24,0.88888889
9929,MR13 MR02 MR04 MR08 MR06 MR11 MR07 MR09 MR10 MR14 MR12,11,25,25,1.00000000
9930,MR12 MR10 MR11 MR02 MR08 MR04 MR09 MR13 MR06 MR07 MR14,11,21,21,1.00000000
9931,MR06 MR10 MR02 MR08 MR12 MR04 MR07 MR09 MR11 MR13 MR14,11,27,27,1.00000000
9932,MR13 MR02 MR04 MR06 MR08 MR07 MR09 MR10 MR12 MR14 MR11,11,26,26,1.00000000
9933,MR13 MR02 MR04 MR08 MR11 MR14 MR07 MR09 MR10 MR06 MR12,11,25,25,1.00000000
9934,MR08 MR04 MR11 MR02 MR07 MR13 MR14 MR09 MR10 MR06 MR12,11,23,23,1.00000000
9935,MR13 MR11 MR02 MR04 MR08 MR12 MR14 MR07 MR09 MR10 MR06,11,26,26,1.00000000
9936,MR08 MR10 MR02 MR07 MR11 MR12 MR14 MR04 MR09 MR06 MR13,11,20,20,1.00000000
9937,MR13 MR11 MR02 MR04 MR08 MR06 MR09 MR10 MR12 MR14,10,25,22,0.88000000
9938,MR13 MR11 MR02 MR04 MR08 MR14 MR06 MR09 MR10 MR07 MR12,11,20,20,1.00000000
9939,MR13 MR11 MR02 MR04 MR08 MR09 MR10 MR12 MR14 MR06 MR07,11,22,22,1.00000000
9940,MR13 MR02 MR04 MR06 MR08 MR11 MR12 MR14 MR09 MR10 MR07,11,26,26,1.00000000
9941,MR13 MR11 MR02 MR04 MR08 MR09 MR10 MR12 MR06 MR07 MR14,11,23,23,1.00000000
9942,MR13 MR02 MR04 MR06 MR08 MR12 MR14 MR07 MR09 MR10 MR11,11,29,29,1.00000000
9943,MR13 MR11 MR02 MR04 MR08 MR14 MR06 MR09 MR10 MR07,10,22,19,0.86363636
9944,MR13 MR02 MR04 MR08 MR11 MR12 MR06 MR07 MR09 MR10 MR14,11,26,26,1.00000000
9945,MR13 MR11 MR02 MR04 MR08 MR07 MR09 MR10 MR12 MR14 MR06,11,22,22,1.00000000
9946,MR08 MR10 MR02 MR06 MR11 MR04 MR07 MR09 MR14 MR12 MR13,11,24,24,1.00000000
9947,MR13 MR02 MR04 MR08 MR11 MR06 MR12 MR09 MR10 MR14 MR07,11,28,28,1.00000000
9948,MR13 MR02 MR04 MR08 MR11 MR06 MR07 MR09 MR10 MR12 MR14,11,23,23,1.00000000
9949,MR13 MR02 MR04 MR08 MR06 MR07 MR09 MR10 MR11 MR12 MR14,11,28,28,1.00000000
9950,MR13 MR02 MR04 MR08 MR06 MR11 MR09 MR10 MR12 MR07 MR14,11,27,27,1.00000000
9951,MR05 MR11 MR02 MR04 MR08 MR06 MR09 MR10 MR12 MR14 MR07,11,21,18,0.85714286
9952,MR13 MR02 MR04 MR08 MR11 MR06 MR09 MR10 MR07 MR12 MR14,11,26,26,1.00000000
9953,MR08 MR10 MR02 MR11 MR14 MR06 MR12 MR04 MR09 MR07 MR13,11,25,25,1.00000000
9954,MR13 MR02 MR04 MR08 MR07 MR11 MR06 MR09 MR10 MR14,10,22,19,0.86363636
9955,MR12 MR10 MR11 MR02 MR08 MR04 MR07 MR09 MR14 MR06 MR13,11,27,27,1.00000000
9956,MR13 MR11 MR02 MR04 MR08 MR07 MR09 MR10 MR14 MR06 MR12,11,25,25,1.00000000
9957,MR13 MR11 MR02 MR04 MR08 MR14 MR09 MR10 MR07 MR12 MR06,11,28,28,1.00000000
9958,MR13 MR11 MR02 MR04 MR08 MR14 MR06 MR09 MR10 MR12 MR07,11,27,27,1.00000000
9959,MR13 MR02 MR04 MR08 MR11 MR07 MR09 MR10 MR14 MR06 MR12,11,23,23,1.00000000
9960,MR13 MR11 MR02 MR04 MR08 MR14 MR06 MR09 MR10 MR07 MR12,11,24,24,1.00000000
9961,MR13 MR02 MR04 MR08 MR11 MR06 MR07 MR09 MR10 MR14 MR12,11,24,24,1.00000000
9962,MR12 MR10 MR02 MR08 MR13 MR06 MR07 MR11 MR04 MR09 MR14,11,26,26,1.00000000
9963,MR12 MR10 MR11 MR02 MR08 MR14 MR04 MR07 MR09 MR05 MR06,11,27,24,0.88888889
9964,MR13 MR11 MR02 MR04 MR08 MR14 MR09 MR10 MR12 MR06 MR07,11,23,23,1.00000000
9965,MR13 MR02 MR04 MR08 MR11 MR06 MR07 MR09 MR10 MR12 MR14,11,26,26,1.00000000
9966,MR13 MR11 MR02 MR04 MR08 MR14 MR12 MR06 MR09 MR10 MR07,11,24,24,1.00000000
9967,MR13 MR02 MR04 MR08 MR11 MR06 MR07 MR09 MR10 MR12 MR14,11,19,19,1.00000000
9968,MR14 MR10 MR11 MR02 MR08 MR04 MR07 MR09 MR13 MR06 MR12,11,20,20,1.00000000
9969,MR12 MR10 MR02 MR08 MR07 MR11 MR14 MR04 MR09 MR06 MR13,11,30,30,1.00000000
9970,MR13 MR02 MR04 MR08 MR11 MR14 MR06 MR07 MR09 MR10 MR12,11,25,25,1.00000000
9971,MR13 MR02 MR04 MR08 MR11 MR14 MR06 MR07 MR09 MR10 MR12,11,18,18,1.00000000
9972,MR13 MR11 MR02 MR04 MR08 MR12 MR07 MR09 MR10 MR06 MR14,11,22,22,1.00000000
9973,MR13 MR02 MR04 MR06 MR08 MR11 MR09 MR10 MR12 MR14,10,28,25,0.89285714
9974,MR12 MR11 MR10 MR14 MR02 MR08 MR04 MR09 MR05 MR06 MR07,11,23,20,0.86956522
9975,MR13 MR11 MR02 MR04 MR08 MR07 MR09 MR10 MR14 MR06 MR12,11,26,26,1.00000000
9976,MR13 MR02 MR04 MR08 MR11 MR07 MR14 MR06 MR09 MR10 MR12,11,24,24,1.00000000
9977,MR13 MR11 MR02 MR04 MR08 MR14 MR07 MR09 MR10 MR06 MR12,11,27,27,1.00000000
9978,MR13 MR02 MR04 MR08 MR06 MR11 MR14 MR09 MR10 MR07 MR12,11,21,21,1.00000000
9979,MR13 MR02 MR04 MR08 MR14 MR07 MR11 MR06 MR09 MR10 MR12,11,22,22,1.00000000
9980,MR13 MR11 MR02 MR04 MR08 MR12 MR07 MR09 MR10 MR06 MR14,11,20,20,1.00000000
9981,MR13 MR11 MR02 MR04 MR08 MR09 MR10 MR06 MR14 MR07,10,29,26,0.89655172
9982,MR13 MR02 MR04 MR08 MR11 MR07 MR12 MR09 MR10 MR14 MR06,11,27,27,1.00000000
9983,MR13 MR02 MR04 MR08 MR06 MR07 MR09 MR10 MR11 MR14 MR12,11,19,19,1.00000000
9984,MR13 MR11 MR02 MR04 MR08 MR07 MR09 MR10 MR12 MR14 MR06,11,23,23,1.00000000
9985,MR13 MR11 MR02 MR04 MR08 MR09 MR10 MR12 MR06 MR07 MR14,11,24,24,1.00000000
9986,MR13 MR02 MR04 MR08 MR11 MR06 MR12 MR09 MR10 MR07 MR14,11,26,26,1.00000000
9987,MR13 MR02 MR04 MR08 MR11 MR06 MR07 MR09 MR10 MR12,10,30,27,0.90000000
9988,MR12 MR02 MR04 MR08 MR11 MR07 MR09 MR10 MR14 MR06 MR13,11,24,24,1.00000000
9989,MR12 MR02 MR04 MR08 MR07 MR06 MR09 MR10 MR11 MR13 MR14,11,27,27,1.00000000
9990,MR13 MR02 MR04 MR08 MR11 MR06 MR14 MR09 MR10 MR12 MR07,11,26,26,1.00000000
9991,MR07 MR10 MR02 MR08 MR14 MR12 MR04 MR06 MR09 MR13 MR11,11,22,22,1.00000000
9992,MR13 MR02 MR04 MR07 MR08 MR11 MR14 MR09 MR10 MR12 MR06,11,25,25,1.00000000
9993,MR12 MR10 MR11 MR02 MR08 MR04 MR06 MR09 MR14 MR07 MR13,11,21,21,1.00000000
9994,MR05 MR02 MR04 MR07 MR08 MR12 MR11 MR09 MR10 MR06 MR14,11,25,22,0.88000000
9995,MR13 MR02 MR04 MR08 MR11 MR06 MR09 MR10 MR14 MR07 MR12,11,18,18,1.00000000
9996,MR13 MR06 MR02 MR04 MR08 MR11 MR09 MR10 MR12 MR07 MR14,11,27,27,1.00000000
9997,MR08 MR11 MR04 MR02 MR13 MR12 MR09 MR10 MR06 MR07 MR14,11,28,28,1.00000000
9998,MR13 MR02 MR04 MR08 MR11 MR06 MR07 MR09 MR10 MR12 MR14,11,28,28,1.00000000
9999,MR13 MR02 MR04 MR08 MR11 MR06 MR12 MR07 MR09 MR10 MR14,11,24,24,1.00000000
10000,MR13 MR02 MR04 MR08 MR07 MR11 MR09 MR10 MR06 MR12 MR14,11,24,24,1.00000000
