surface,host,host_sha256,carrier,defect_id,defect_operator,fault_class,relation_id,relation_name,polarity,pass,killed,detail,duration_seconds,exception_class,pilot,observations_json
clean_catalog,H01-gcd.c,bf207a4afdd7e623be4bd0751bdc1917c0ee550af0f38c0531b25bb726d1710c,string,CLEAN,clean,clean,MR01,Round-trip fidelity,preserve,True,False,extracted=b'Morph-01',0.049612,,False,"{""build"":{""actual_compiler"":""gcc"",""actual_optimization"":""O2"",""binary"":""WORKDIR/string/CLEAN/MR01/marked/build-01/artifact.bin"",""binary_sha256"":""b8e5790f338ae8db35cfffc794a440a51f513484ba40b60dbac7eb19948f430c"",""carrier"":""string"",""command"":[""gcc"",""-std=c11"",""-fno-ident"",""-no-pie"",""-O2"",""WORKDIR/string/CLEAN/MR01/marked/build-01/host.c"",""-o"",""WORKDIR/string/CLEAN/MR01/marked/build-01/artifact.bin""],""effective_payload_hex"":""4d6f7270682d3031"",""key"":""key-alpha"",""mutant_id"":""CLEAN"",""requested_compiler"":""gcc"",""requested_optimization"":""O2"",""requested_payload_hex"":""4d6f7270682d3031"",""return_code"":0,""source"":""WORKDIR/string/CLEAN/MR01/marked/build-01/host.c"",""source_sha256"":""de3dd3bc3add920f6b14f3cfa83262c596594edfaf1d5fcc70bb4bc78a38fa0e"",""stderr"":""""},""extracted_hex"":""4d6f7270682d3031""}"
clean_catalog,H01-gcd.c,bf207a4afdd7e623be4bd0751bdc1917c0ee550af0f38c0531b25bb726d1710c,string,CLEAN,clean,clean,MR02,Host-semantic preservation,preserve,True,False,mismatch_count=0,0.13383,,False,"{""mismatches"":[]}"
clean_catalog,H01-gcd.c,bf207a4afdd7e623be4bd0751bdc1917c0ee550af0f38c0531b25bb726d1710c,string,CLEAN,clean,clean,MR03,Unmarked rejection,reject,True,False,rejected:absent:logical record magic not found,0.052449,,False,"{""unmarked_binary_sha256"":""17288de5d8ffc83b2223ee650ec19f96fa9b779f3eb45b8e2433c730b7a1e3e2""}"
clean_catalog,H01-gcd.c,bf207a4afdd7e623be4bd0751bdc1917c0ee550af0f38c0531b25bb726d1710c,string,CLEAN,clean,clean,MR04,Wrong-key rejection,reject,True,False,rejected:wrong-key:key tag mismatch,0.051052,,False,"{""antecedent_guarded"":true,""antecedent_hex"":""4d6f7270682d3031""}"
clean_catalog,H01-gcd.c,bf207a4afdd7e623be4bd0751bdc1917c0ee550af0f38c0531b25bb726d1710c,string,CLEAN,clean,clean,MR05,Payload separation,separate,True,False,first=b'Morph-01';second=b'Second-2',0.100194,,False,"{""first_hex"":""4d6f7270682d3031"",""second_hex"":""5365636f6e642d32""}"
clean_catalog,H01-gcd.c,bf207a4afdd7e623be4bd0751bdc1917c0ee550af0f38c0531b25bb726d1710c,string,CLEAN,clean,clean,MR06,Cross-compiler invariance,preserve,True,False,"payloads=b'Morph-01',b'Morph-01';semantic_equal=True",0.132912,,False,"{""clang_actual"":""clang"",""gcc_actual"":""gcc""}"
clean_catalog,H01-gcd.c,bf207a4afdd7e623be4bd0751bdc1917c0ee550af0f38c0531b25bb726d1710c,string,CLEAN,clean,clean,MR07,Optimization invariance,preserve,True,False,"payloads=['Morph-01', 'Morph-01', 'Morph-01'];semantic_equal=True",0.185756,,False,{}
clean_catalog,H01-gcd.c,bf207a4afdd7e623be4bd0751bdc1917c0ee550af0f38c0531b25bb726d1710c,string,CLEAN,clean,clean,MR08,Clean-room relocation,preserve,True,False,relocated=b'Morph-01',0.050894,,False,"{""clean_room_entries"":[""renamed-artifact.bin""],""relocated_hex"":""4d6f7270682d3031""}"
clean_catalog,H01-gcd.c,bf207a4afdd7e623be4bd0751bdc1917c0ee550af0f38c0531b25bb726d1710c,string,CLEAN,clean,clean,MR09,Carrier-removal rejection,reject,True,False,rejected:absent:logical record magic not found,0.056956,,False,"{""antecedent_guarded"":true}"
clean_catalog,H01-gcd.c,bf207a4afdd7e623be4bd0751bdc1917c0ee550af0f38c0531b25bb726d1710c,string,CLEAN,clean,clean,MR10,Carrier-corruption rejection,reject,True,False,rejected:checksum:payload checksum mismatch,0.049106,,False,"{""antecedent_guarded"":true}"
clean_catalog,H01-gcd.c,bf207a4afdd7e623be4bd0751bdc1917c0ee550af0f38c0531b25bb726d1710c,string,CLEAN,clean,clean,MR11,Requested/actual trace agreement,trace,True,False,requested=clang/Os;actual=clang/Os,0.065383,,False,"{""build"":{""actual_compiler"":""clang"",""actual_optimization"":""Os"",""binary"":""WORKDIR/string/CLEAN/MR11/trace/build-01/artifact.bin"",""binary_sha256"":""bf1b3f8ba8daa55b6d499a4bbb63a61efb7b30a4d426a514b1ce3e529d1be05b"",""carrier"":""string"",""command"":[""clang"",""-std=c11"",""-fno-ident"",""-no-pie"",""-Os"",""WORKDIR/string/CLEAN/MR11/trace/build-01/host.c"",""-o"",""WORKDIR/string/CLEAN/MR11/trace/build-01/artifact.bin""],""effective_payload_hex"":""4d6f7270682d3031"",""key"":""key-alpha"",""mutant_id"":""CLEAN"",""requested_compiler"":""clang"",""requested_optimization"":""Os"",""requested_payload_hex"":""4d6f7270682d3031"",""return_code"":0,""source"":""WORKDIR/string/CLEAN/MR11/trace/build-01/host.c"",""source_sha256"":""de3dd3bc3add920f6b14f3cfa83262c596594edfaf1d5fcc70bb4bc78a38fa0e"",""stderr"":""""}}"
clean_catalog,H01-gcd.c,bf207a4afdd7e623be4bd0751bdc1917c0ee550af0f38c0531b25bb726d1710c,string,CLEAN,clean,clean,MR12,Interleaved artifact isolation,separate,True,False,first=b'Morph-01';second=b'Second-2',0.115207,,False,{}
clean_catalog,H01-gcd.c,bf207a4afdd7e623be4bd0751bdc1917c0ee550af0f38c0531b25bb726d1710c,string,CLEAN,clean,clean,MR13,Reordered extraction independence,preserve,True,False,before=b'Morph-01';after=b'Morph-01',0.140417,,False,{}
clean_catalog,H01-gcd.c,bf207a4afdd7e623be4bd0751bdc1917c0ee550af0f38c0531b25bb726d1710c,string,CLEAN,clean,clean,MR14,Rebuild stability,preserve,True,False,first=b'Morph-01';second=b'Morph-01',0.098966,,False,"{""binary_bytes_equal"":true}"
mutation,H01-gcd.c,bf207a4afdd7e623be4bd0751bdc1917c0ee550af0f38c0531b25bb726d1710c,string,M01,embed_noop,embedding,MR01,Round-trip fidelity,preserve,False,True,exception:ExtractionError:logical record magic not found,0.066954,ExtractionError,False,{}
mutation,H01-gcd.c,bf207a4afdd7e623be4bd0751bdc1917c0ee550af0f38c0531b25bb726d1710c,string,M01,embed_noop,embedding,MR02,Host-semantic preservation,preserve,True,False,mismatch_count=0,0.16015,,False,"{""mismatches"":[]}"
mutation,H01-gcd.c,bf207a4afdd7e623be4bd0751bdc1917c0ee550af0f38c0531b25bb726d1710c,string,M01,embed_noop,embedding,MR03,Unmarked rejection,reject,True,False,rejected:absent:logical record magic not found,0.060058,,False,"{""unmarked_binary_sha256"":""17288de5d8ffc83b2223ee650ec19f96fa9b779f3eb45b8e2433c730b7a1e3e2""}"
mutation,H01-gcd.c,bf207a4afdd7e623be4bd0751bdc1917c0ee550af0f38c0531b25bb726d1710c,string,M01,embed_noop,embedding,MR04,Wrong-key rejection,reject,True,False,rejected:wrong-key:key tag mismatch,0.065868,,False,"{""antecedent_guarded"":true,""antecedent_hex"":""4d6f7270682d3031""}"
mutation,H01-gcd.c,bf207a4afdd7e623be4bd0751bdc1917c0ee550af0f38c0531b25bb726d1710c,string,M01,embed_noop,embedding,MR05,Payload separation,separate,False,True,exception:ExtractionError:logical record magic not found,0.134169,ExtractionError,False,{}
mutation,H01-gcd.c,bf207a4afdd7e623be4bd0751bdc1917c0ee550af0f38c0531b25bb726d1710c,string,M01,embed_noop,embedding,MR06,Cross-compiler invariance,preserve,False,True,exception:ExtractionError:logical record magic not found,0.108634,ExtractionError,False,{}
mutation,H01-gcd.c,bf207a4afdd7e623be4bd0751bdc1917c0ee550af0f38c0531b25bb726d1710c,string,M01,embed_noop,embedding,MR07,Optimization invariance,preserve,False,True,exception:ExtractionError:logical record magic not found,0.181994,ExtractionError,False,{}
mutation,H01-gcd.c,bf207a4afdd7e623be4bd0751bdc1917c0ee550af0f38c0531b25bb726d1710c,string,M01,embed_noop,embedding,MR08,Clean-room relocation,preserve,False,True,exception:ExtractionError:logical record magic not found,0.049888,ExtractionError,False,{}
mutation,H01-gcd.c,bf207a4afdd7e623be4bd0751bdc1917c0ee550af0f38c0531b25bb726d1710c,string,M01,embed_noop,embedding,MR09,Carrier-removal rejection,reject,True,False,rejected:absent:logical record magic not found,0.074054,,False,"{""antecedent_guarded"":true}"
mutation,H01-gcd.c,bf207a4afdd7e623be4bd0751bdc1917c0ee550af0f38c0531b25bb726d1710c,string,M01,embed_noop,embedding,MR10,Carrier-corruption rejection,reject,True,False,rejected:checksum:payload checksum mismatch,0.078781,,False,"{""antecedent_guarded"":true}"
mutation,H01-gcd.c,bf207a4afdd7e623be4bd0751bdc1917c0ee550af0f38c0531b25bb726d1710c,string,M01,embed_noop,embedding,MR11,Requested/actual trace agreement,trace,True,False,requested=clang/Os;actual=clang/Os,0.067742,,False,"{""build"":{""actual_compiler"":""clang"",""actual_optimization"":""Os"",""binary"":""WORKDIR/string/M01/MR11/trace/build-01/artifact.bin"",""binary_sha256"":""8979583311288d6755db67bfb67a745238b66729f18570b075945ee29c1a551b"",""carrier"":""string"",""command"":[""clang"",""-std=c11"",""-fno-ident"",""-no-pie"",""-Os"",""WORKDIR/string/M01/MR11/trace/build-01/host.c"",""-o"",""WORKDIR/string/M01/MR11/trace/build-01/artifact.bin""],""effective_payload_hex"":""4d6f7270682d3031"",""key"":""key-alpha"",""mutant_id"":""M01"",""requested_compiler"":""clang"",""requested_optimization"":""Os"",""requested_payload_hex"":""4d6f7270682d3031"",""return_code"":0,""source"":""WORKDIR/string/M01/MR11/trace/build-01/host.c"",""source_sha256"":""bf207a4afdd7e623be4bd0751bdc1917c0ee550af0f38c0531b25bb726d1710c"",""stderr"":""""}}"
mutation,H01-gcd.c,bf207a4afdd7e623be4bd0751bdc1917c0ee550af0f38c0531b25bb726d1710c,string,M01,embed_noop,embedding,MR12,Interleaved artifact isolation,separate,False,True,exception:ExtractionError:logical record magic not found,0.147622,ExtractionError,False,{}
mutation,H01-gcd.c,bf207a4afdd7e623be4bd0751bdc1917c0ee550af0f38c0531b25bb726d1710c,string,M01,embed_noop,embedding,MR13,Reordered extraction independence,preserve,False,True,exception:ExtractionError:logical record magic not found,0.058673,ExtractionError,False,{}
mutation,H01-gcd.c,bf207a4afdd7e623be4bd0751bdc1917c0ee550af0f38c0531b25bb726d1710c,string,M01,embed_noop,embedding,MR14,Rebuild stability,preserve,False,True,exception:ExtractionError:logical record magic not found,0.138272,ExtractionError,False,{}
mutation,H01-gcd.c,bf207a4afdd7e623be4bd0751bdc1917c0ee550af0f38c0531b25bb726d1710c,string,M02,truncate_payload,embedding,MR01,Round-trip fidelity,preserve,False,True,extracted=b'Morph-0',0.045127,,False,"{""build"":{""actual_compiler"":""gcc"",""actual_optimization"":""O2"",""binary"":""WORKDIR/string/M02/MR01/marked/build-01/artifact.bin"",""binary_sha256"":""ee43d19a87f12565d075161a630931729c372e79739f022dbbb8cb3da7576bbf"",""carrier"":""string"",""command"":[""gcc"",""-std=c11"",""-fno-ident"",""-no-pie"",""-O2"",""WORKDIR/string/M02/MR01/marked/build-01/host.c"",""-o"",""WORKDIR/string/M02/MR01/marked/build-01/artifact.bin""],""effective_payload_hex"":""4d6f7270682d30"",""key"":""key-alpha"",""mutant_id"":""M02"",""requested_compiler"":""gcc"",""requested_optimization"":""O2"",""requested_payload_hex"":""4d6f7270682d3031"",""return_code"":0,""source"":""WORKDIR/string/M02/MR01/marked/build-01/host.c"",""source_sha256"":""e43dbf27b243f9638108af68015eb54481ff910ea3c7b83106e3e21d3a49df03"",""stderr"":""""},""extracted_hex"":""4d6f7270682d30""}"
mutation,H01-gcd.c,bf207a4afdd7e623be4bd0751bdc1917c0ee550af0f38c0531b25bb726d1710c,string,M02,truncate_payload,embedding,MR02,Host-semantic preservation,preserve,True,False,mismatch_count=0,0.139593,,False,"{""mismatches"":[]}"
mutation,H01-gcd.c,bf207a4afdd7e623be4bd0751bdc1917c0ee550af0f38c0531b25bb726d1710c,string,M02,truncate_payload,embedding,MR03,Unmarked rejection,reject,True,False,rejected:absent:logical record magic not found,0.060044,,False,"{""unmarked_binary_sha256"":""17288de5d8ffc83b2223ee650ec19f96fa9b779f3eb45b8e2433c730b7a1e3e2""}"
mutation,H01-gcd.c,bf207a4afdd7e623be4bd0751bdc1917c0ee550af0f38c0531b25bb726d1710c,string,M02,truncate_payload,embedding,MR04,Wrong-key rejection,reject,True,False,rejected:wrong-key:key tag mismatch,0.063847,,False,"{""antecedent_guarded"":true,""antecedent_hex"":""4d6f7270682d3031""}"
mutation,H01-gcd.c,bf207a4afdd7e623be4bd0751bdc1917c0ee550af0f38c0531b25bb726d1710c,string,M02,truncate_payload,embedding,MR05,Payload separation,separate,False,True,first=b'Morph-0';second=b'Second-',0.104386,,False,"{""first_hex"":""4d6f7270682d30"",""second_hex"":""5365636f6e642d""}"
mutation,H01-gcd.c,bf207a4afdd7e623be4bd0751bdc1917c0ee550af0f38c0531b25bb726d1710c,string,M02,truncate_payload,embedding,MR06,Cross-compiler invariance,preserve,False,True,"payloads=b'Morph-0',b'Morph-0';semantic_equal=True",0.166242,,False,"{""clang_actual"":""clang"",""gcc_actual"":""gcc""}"
mutation,H01-gcd.c,bf207a4afdd7e623be4bd0751bdc1917c0ee550af0f38c0531b25bb726d1710c,string,M02,truncate_payload,embedding,MR07,Optimization invariance,preserve,False,True,"payloads=['Morph-0', 'Morph-0', 'Morph-0'];semantic_equal=True",0.204309,,False,{}
mutation,H01-gcd.c,bf207a4afdd7e623be4bd0751bdc1917c0ee550af0f38c0531b25bb726d1710c,string,M02,truncate_payload,embedding,MR08,Clean-room relocation,preserve,False,True,source_mismatch=b'Morph-0',0.034465,,False,"{""source_hex"":""4d6f7270682d30""}"
mutation,H01-gcd.c,bf207a4afdd7e623be4bd0751bdc1917c0ee550af0f38c0531b25bb726d1710c,string,M02,truncate_payload,embedding,MR09,Carrier-removal rejection,reject,True,False,rejected:absent:logical record magic not found,0.058351,,False,"{""antecedent_guarded"":true}"
mutation,H01-gcd.c,bf207a4afdd7e623be4bd0751bdc1917c0ee550af0f38c0531b25bb726d1710c,string,M02,truncate_payload,embedding,MR10,Carrier-corruption rejection,reject,True,False,rejected:checksum:payload checksum mismatch,0.041445,,False,"{""antecedent_guarded"":true}"
mutation,H01-gcd.c,bf207a4afdd7e623be4bd0751bdc1917c0ee550af0f38c0531b25bb726d1710c,string,M02,truncate_payload,embedding,MR11,Requested/actual trace agreement,trace,True,False,requested=clang/Os;actual=clang/Os,0.078579,,False,"{""build"":{""actual_compiler"":""clang"",""actual_optimization"":""Os"",""binary"":""WORKDIR/string/M02/MR11/trace/build-01/artifact.bin"",""binary_sha256"":""3eec78fc76884d4848d6711a9993e844905f864aaba0d7b2d7cd2ffc51356342"",""carrier"":""string"",""command"":[""clang"",""-std=c11"",""-fno-ident"",""-no-pie"",""-Os"",""WORKDIR/string/M02/MR11/trace/build-01/host.c"",""-o"",""WORKDIR/string/M02/MR11/trace/build-01/artifact.bin""],""effective_payload_hex"":""4d6f7270682d30"",""key"":""key-alpha"",""mutant_id"":""M02"",""requested_compiler"":""clang"",""requested_optimization"":""Os"",""requested_payload_hex"":""4d6f7270682d3031"",""return_code"":0,""source"":""WORKDIR/string/M02/MR11/trace/build-01/host.c"",""source_sha256"":""e43dbf27b243f9638108af68015eb54481ff910ea3c7b83106e3e21d3a49df03"",""stderr"":""""}}"
mutation,H01-gcd.c,bf207a4afdd7e623be4bd0751bdc1917c0ee550af0f38c0531b25bb726d1710c,string,M02,truncate_payload,embedding,MR12,Interleaved artifact isolation,separate,False,True,first=b'Morph-0';second=b'Second-',0.121585,,False,{}
mutation,H01-gcd.c,bf207a4afdd7e623be4bd0751bdc1917c0ee550af0f38c0531b25bb726d1710c,string,M02,truncate_payload,embedding,MR13,Reordered extraction independence,preserve,False,True,before=b'Morph-0';after=b'Morph-0',0.150233,,False,{}
mutation,H01-gcd.c,bf207a4afdd7e623be4bd0751bdc1917c0ee550af0f38c0531b25bb726d1710c,string,M02,truncate_payload,embedding,MR14,Rebuild stability,preserve,False,True,first=b'Morph-0';second=b'Morph-0',0.107351,,False,"{""binary_bytes_equal"":true}"
mutation,H01-gcd.c,bf207a4afdd7e623be4bd0751bdc1917c0ee550af0f38c0531b25bb726d1710c,string,M03,flip_payload,embedding,MR01,Round-trip fidelity,preserve,False,True,extracted=b'Lorph-01',0.082682,,False,"{""build"":{""actual_compiler"":""gcc"",""actual_optimization"":""O2"",""binary"":""WORKDIR/string/M03/MR01/marked/build-01/artifact.bin"",""binary_sha256"":""363414fc62c63620859c1da0c4801ceb555efd7dcd755def33a03209c39a3058"",""carrier"":""string"",""command"":[""gcc"",""-std=c11"",""-fno-ident"",""-no-pie"",""-O2"",""WORKDIR/string/M03/MR01/marked/build-01/host.c"",""-o"",""WORKDIR/string/M03/MR01/marked/build-01/artifact.bin""],""effective_payload_hex"":""4c6f7270682d3031"",""key"":""key-alpha"",""mutant_id"":""M03"",""requested_compiler"":""gcc"",""requested_optimization"":""O2"",""requested_payload_hex"":""4d6f7270682d3031"",""return_code"":0,""source"":""WORKDIR/string/M03/MR01/marked/build-01/host.c"",""source_sha256"":""9dbb69d9b8bd7e75272ddc06848e4235e4d6bf8be837b0a13f3cdf0e0981c200"",""stderr"":""""},""extracted_hex"":""4c6f7270682d3031""}"
mutation,H01-gcd.c,bf207a4afdd7e623be4bd0751bdc1917c0ee550af0f38c0531b25bb726d1710c,string,M03,flip_payload,embedding,MR02,Host-semantic preservation,preserve,True,False,mismatch_count=0,0.153423,,False,"{""mismatches"":[]}"
mutation,H01-gcd.c,bf207a4afdd7e623be4bd0751bdc1917c0ee550af0f38c0531b25bb726d1710c,string,M03,flip_payload,embedding,MR03,Unmarked rejection,reject,True,False,rejected:absent:logical record magic not found,0.034773,,False,"{""unmarked_binary_sha256"":""17288de5d8ffc83b2223ee650ec19f96fa9b779f3eb45b8e2433c730b7a1e3e2""}"
mutation,H01-gcd.c,bf207a4afdd7e623be4bd0751bdc1917c0ee550af0f38c0531b25bb726d1710c,string,M03,flip_payload,embedding,MR04,Wrong-key rejection,reject,True,False,rejected:wrong-key:key tag mismatch,0.07141,,False,"{""antecedent_guarded"":true,""antecedent_hex"":""4d6f7270682d3031""}"
mutation,H01-gcd.c,bf207a4afdd7e623be4bd0751bdc1917c0ee550af0f38c0531b25bb726d1710c,string,M03,flip_payload,embedding,MR05,Payload separation,separate,False,True,first=b'Lorph-01';second=b'Recond-2',0.146849,,False,"{""first_hex"":""4c6f7270682d3031"",""second_hex"":""5265636f6e642d32""}"
mutation,H01-gcd.c,bf207a4afdd7e623be4bd0751bdc1917c0ee550af0f38c0531b25bb726d1710c,string,M03,flip_payload,embedding,MR06,Cross-compiler invariance,preserve,False,True,"payloads=b'Lorph-01',b'Lorph-01';semantic_equal=True",0.15363,,False,"{""clang_actual"":""clang"",""gcc_actual"":""gcc""}"
mutation,H01-gcd.c,bf207a4afdd7e623be4bd0751bdc1917c0ee550af0f38c0531b25bb726d1710c,string,M03,flip_payload,embedding,MR07,Optimization invariance,preserve,False,True,"payloads=['Lorph-01', 'Lorph-01', 'Lorph-01'];semantic_equal=True",0.25116,,False,{}
mutation,H01-gcd.c,bf207a4afdd7e623be4bd0751bdc1917c0ee550af0f38c0531b25bb726d1710c,string,M03,flip_payload,embedding,MR08,Clean-room relocation,preserve,False,True,source_mismatch=b'Lorph-01',0.082452,,False,"{""source_hex"":""4c6f7270682d3031""}"
mutation,H01-gcd.c,bf207a4afdd7e623be4bd0751bdc1917c0ee550af0f38c0531b25bb726d1710c,string,M03,flip_payload,embedding,MR09,Carrier-removal rejection,reject,True,False,rejected:absent:logical record magic not found,0.043246,,False,"{""antecedent_guarded"":true}"
mutation,H01-gcd.c,bf207a4afdd7e623be4bd0751bdc1917c0ee550af0f38c0531b25bb726d1710c,string,M03,flip_payload,embedding,MR10,Carrier-corruption rejection,reject,True,False,rejected:checksum:payload checksum mismatch,0.056801,,False,"{""antecedent_guarded"":true}"
mutation,H01-gcd.c,bf207a4afdd7e623be4bd0751bdc1917c0ee550af0f38c0531b25bb726d1710c,string,M03,flip_payload,embedding,MR11,Requested/actual trace agreement,trace,True,False,requested=clang/Os;actual=clang/Os,0.046911,,False,"{""build"":{""actual_compiler"":""clang"",""actual_optimization"":""Os"",""binary"":""WORKDIR/string/M03/MR11/trace/build-01/artifact.bin"",""binary_sha256"":""1f630f4432f3c7bfd3627ba9803a8723191a229606a403e59438fcb82a35b670"",""carrier"":""string"",""command"":[""clang"",""-std=c11"",""-fno-ident"",""-no-pie"",""-Os"",""WORKDIR/string/M03/MR11/trace/build-01/host.c"",""-o"",""WORKDIR/string/M03/MR11/trace/build-01/artifact.bin""],""effective_payload_hex"":""4c6f7270682d3031"",""key"":""key-alpha"",""mutant_id"":""M03"",""requested_compiler"":""clang"",""requested_optimization"":""Os"",""requested_payload_hex"":""4d6f7270682d3031"",""return_code"":0,""source"":""WORKDIR/string/M03/MR11/trace/build-01/host.c"",""source_sha256"":""9dbb69d9b8bd7e75272ddc06848e4235e4d6bf8be837b0a13f3cdf0e0981c200"",""stderr"":""""}}"
mutation,H01-gcd.c,bf207a4afdd7e623be4bd0751bdc1917c0ee550af0f38c0531b25bb726d1710c,string,M03,flip_payload,embedding,MR12,Interleaved artifact isolation,separate,False,True,first=b'Lorph-01';second=b'Recond-2',0.108729,,False,{}
mutation,H01-gcd.c,bf207a4afdd7e623be4bd0751bdc1917c0ee550af0f38c0531b25bb726d1710c,string,M03,flip_payload,embedding,MR13,Reordered extraction independence,preserve,False,True,before=b'Lorph-01';after=b'Lorph-01',0.119353,,False,{}
mutation,H01-gcd.c,bf207a4afdd7e623be4bd0751bdc1917c0ee550af0f38c0531b25bb726d1710c,string,M03,flip_payload,embedding,MR14,Rebuild stability,preserve,False,True,first=b'Lorph-01';second=b'Lorph-01',0.118269,,False,"{""binary_bytes_equal"":true}"
mutation,H01-gcd.c,bf207a4afdd7e623be4bd0751bdc1917c0ee550af0f38c0531b25bb726d1710c,string,M04,fixed_payload,state,MR01,Round-trip fidelity,preserve,False,True,extracted=b'fixed-payload',0.06175,,False,"{""build"":{""actual_compiler"":""gcc"",""actual_optimization"":""O2"",""binary"":""WORKDIR/string/M04/MR01/marked/build-01/artifact.bin"",""binary_sha256"":""30ee7978f638f005dbb2435de7eb355887e3dade7b97c0a107e85a0e62a683a3"",""carrier"":""string"",""command"":[""gcc"",""-std=c11"",""-fno-ident"",""-no-pie"",""-O2"",""WORKDIR/string/M04/MR01/marked/build-01/host.c"",""-o"",""WORKDIR/string/M04/MR01/marked/build-01/artifact.bin""],""effective_payload_hex"":""66697865642d7061796c6f6164"",""key"":""key-alpha"",""mutant_id"":""M04"",""requested_compiler"":""gcc"",""requested_optimization"":""O2"",""requested_payload_hex"":""4d6f7270682d3031"",""return_code"":0,""source"":""WORKDIR/string/M04/MR01/marked/build-01/host.c"",""source_sha256"":""a322e5d2e8ef4b095604b57c0daa9f3252bc5a8a7650464eb671df952a874557"",""stderr"":""""},""extracted_hex"":""66697865642d7061796c6f6164""}"
mutation,H01-gcd.c,bf207a4afdd7e623be4bd0751bdc1917c0ee550af0f38c0531b25bb726d1710c,string,M04,fixed_payload,state,MR02,Host-semantic preservation,preserve,True,False,mismatch_count=0,0.198353,,False,"{""mismatches"":[]}"
mutation,H01-gcd.c,bf207a4afdd7e623be4bd0751bdc1917c0ee550af0f38c0531b25bb726d1710c,string,M04,fixed_payload,state,MR03,Unmarked rejection,reject,True,False,rejected:absent:logical record magic not found,0.057986,,False,"{""unmarked_binary_sha256"":""17288de5d8ffc83b2223ee650ec19f96fa9b779f3eb45b8e2433c730b7a1e3e2""}"
mutation,H01-gcd.c,bf207a4afdd7e623be4bd0751bdc1917c0ee550af0f38c0531b25bb726d1710c,string,M04,fixed_payload,state,MR04,Wrong-key rejection,reject,True,False,rejected:wrong-key:key tag mismatch,0.042583,,False,"{""antecedent_guarded"":true,""antecedent_hex"":""4d6f7270682d3031""}"
mutation,H01-gcd.c,bf207a4afdd7e623be4bd0751bdc1917c0ee550af0f38c0531b25bb726d1710c,string,M04,fixed_payload,state,MR05,Payload separation,separate,False,True,first=b'fixed-payload';second=b'fixed-payload',0.117973,,False,"{""first_hex"":""66697865642d7061796c6f6164"",""second_hex"":""66697865642d7061796c6f6164""}"
mutation,H01-gcd.c,bf207a4afdd7e623be4bd0751bdc1917c0ee550af0f38c0531b25bb726d1710c,string,M04,fixed_payload,state,MR06,Cross-compiler invariance,preserve,False,True,"payloads=b'fixed-payload',b'fixed-payload';semantic_equal=True",0.17971,,False,"{""clang_actual"":""clang"",""gcc_actual"":""gcc""}"
mutation,H01-gcd.c,bf207a4afdd7e623be4bd0751bdc1917c0ee550af0f38c0531b25bb726d1710c,string,M04,fixed_payload,state,MR07,Optimization invariance,preserve,False,True,"payloads=['fixed-payload', 'fixed-payload', 'fixed-payload'];semantic_equal=True",0.188894,,False,{}
mutation,H01-gcd.c,bf207a4afdd7e623be4bd0751bdc1917c0ee550af0f38c0531b25bb726d1710c,string,M04,fixed_payload,state,MR08,Clean-room relocation,preserve,False,True,source_mismatch=b'fixed-payload',0.071313,,False,"{""source_hex"":""66697865642d7061796c6f6164""}"
mutation,H01-gcd.c,bf207a4afdd7e623be4bd0751bdc1917c0ee550af0f38c0531b25bb726d1710c,string,M04,fixed_payload,state,MR09,Carrier-removal rejection,reject,True,False,rejected:absent:logical record magic not found,0.04895,,False,"{""antecedent_guarded"":true}"
mutation,H01-gcd.c,bf207a4afdd7e623be4bd0751bdc1917c0ee550af0f38c0531b25bb726d1710c,string,M04,fixed_payload,state,MR10,Carrier-corruption rejection,reject,True,False,rejected:checksum:payload checksum mismatch,0.066571,,False,"{""antecedent_guarded"":true}"
mutation,H01-gcd.c,bf207a4afdd7e623be4bd0751bdc1917c0ee550af0f38c0531b25bb726d1710c,string,M04,fixed_payload,state,MR11,Requested/actual trace agreement,trace,True,False,requested=clang/Os;actual=clang/Os,0.08021,,False,"{""build"":{""actual_compiler"":""clang"",""actual_optimization"":""Os"",""binary"":""WORKDIR/string/M04/MR11/trace/build-01/artifact.bin"",""binary_sha256"":""5eb93921b3488a175d351ac632c8c9a237dc6cdf928f486b3dced84694534a8b"",""carrier"":""string"",""command"":[""clang"",""-std=c11"",""-fno-ident"",""-no-pie"",""-Os"",""WORKDIR/string/M04/MR11/trace/build-01/host.c"",""-o"",""WORKDIR/string/M04/MR11/trace/build-01/artifact.bin""],""effective_payload_hex"":""66697865642d7061796c6f6164"",""key"":""key-alpha"",""mutant_id"":""M04"",""requested_compiler"":""clang"",""requested_optimization"":""Os"",""requested_payload_hex"":""4d6f7270682d3031"",""return_code"":0,""source"":""WORKDIR/string/M04/MR11/trace/build-01/host.c"",""source_sha256"":""a322e5d2e8ef4b095604b57c0daa9f3252bc5a8a7650464eb671df952a874557"",""stderr"":""""}}"
mutation,H01-gcd.c,bf207a4afdd7e623be4bd0751bdc1917c0ee550af0f38c0531b25bb726d1710c,string,M04,fixed_payload,state,MR12,Interleaved artifact isolation,separate,False,True,first=b'fixed-payload';second=b'fixed-payload',0.113326,,False,{}
mutation,H01-gcd.c,bf207a4afdd7e623be4bd0751bdc1917c0ee550af0f38c0531b25bb726d1710c,string,M04,fixed_payload,state,MR13,Reordered extraction independence,preserve,False,True,before=b'fixed-payload';after=b'fixed-payload',0.115548,,False,{}
mutation,H01-gcd.c,bf207a4afdd7e623be4bd0751bdc1917c0ee550af0f38c0531b25bb726d1710c,string,M04,fixed_payload,state,MR14,Rebuild stability,preserve,False,True,first=b'fixed-payload';second=b'fixed-payload',0.131226,,False,"{""binary_bytes_equal"":true}"
mutation,H01-gcd.c,bf207a4afdd7e623be4bd0751bdc1917c0ee550af0f38c0531b25bb726d1710c,string,M05,lower_payload,normalization,MR01,Round-trip fidelity,preserve,False,True,extracted=b'morph-01',0.072342,,False,"{""build"":{""actual_compiler"":""gcc"",""actual_optimization"":""O2"",""binary"":""WORKDIR/string/M05/MR01/marked/build-01/artifact.bin"",""binary_sha256"":""8f287079d19b91c56597a082483b7d90d461da5a473dce1c505704c143d7ae79"",""carrier"":""string"",""command"":[""gcc"",""-std=c11"",""-fno-ident"",""-no-pie"",""-O2"",""WORKDIR/string/M05/MR01/marked/build-01/host.c"",""-o"",""WORKDIR/string/M05/MR01/marked/build-01/artifact.bin""],""effective_payload_hex"":""6d6f7270682d3031"",""key"":""key-alpha"",""mutant_id"":""M05"",""requested_compiler"":""gcc"",""requested_optimization"":""O2"",""requested_payload_hex"":""4d6f7270682d3031"",""return_code"":0,""source"":""WORKDIR/string/M05/MR01/marked/build-01/host.c"",""source_sha256"":""6f64cdaec37cdb73383ed55f99693c609b4620b5ef0fb6494ff313a80fa9460b"",""stderr"":""""},""extracted_hex"":""6d6f7270682d3031""}"
mutation,H01-gcd.c,bf207a4afdd7e623be4bd0751bdc1917c0ee550af0f38c0531b25bb726d1710c,string,M05,lower_payload,normalization,MR02,Host-semantic preservation,preserve,True,False,mismatch_count=0,0.175237,,False,"{""mismatches"":[]}"
mutation,H01-gcd.c,bf207a4afdd7e623be4bd0751bdc1917c0ee550af0f38c0531b25bb726d1710c,string,M05,lower_payload,normalization,MR03,Unmarked rejection,reject,True,False,rejected:absent:logical record magic not found,0.041252,,False,"{""unmarked_binary_sha256"":""17288de5d8ffc83b2223ee650ec19f96fa9b779f3eb45b8e2433c730b7a1e3e2""}"
mutation,H01-gcd.c,bf207a4afdd7e623be4bd0751bdc1917c0ee550af0f38c0531b25bb726d1710c,string,M05,lower_payload,normalization,MR04,Wrong-key rejection,reject,True,False,rejected:wrong-key:key tag mismatch,0.088295,,False,"{""antecedent_guarded"":true,""antecedent_hex"":""4d6f7270682d3031""}"
mutation,H01-gcd.c,bf207a4afdd7e623be4bd0751bdc1917c0ee550af0f38c0531b25bb726d1710c,string,M05,lower_payload,normalization,MR05,Payload separation,separate,False,True,first=b'morph-01';second=b'second-2',0.125462,,False,"{""first_hex"":""6d6f7270682d3031"",""second_hex"":""7365636f6e642d32""}"
mutation,H01-gcd.c,bf207a4afdd7e623be4bd0751bdc1917c0ee550af0f38c0531b25bb726d1710c,string,M05,lower_payload,normalization,MR06,Cross-compiler invariance,preserve,False,True,"payloads=b'morph-01',b'morph-01';semantic_equal=True",0.129006,,False,"{""clang_actual"":""clang"",""gcc_actual"":""gcc""}"
mutation,H01-gcd.c,bf207a4afdd7e623be4bd0751bdc1917c0ee550af0f38c0531b25bb726d1710c,string,M05,lower_payload,normalization,MR07,Optimization invariance,preserve,False,True,"payloads=['morph-01', 'morph-01', 'morph-01'];semantic_equal=True",0.220419,,False,{}
mutation,H01-gcd.c,bf207a4afdd7e623be4bd0751bdc1917c0ee550af0f38c0531b25bb726d1710c,string,M05,lower_payload,normalization,MR08,Clean-room relocation,preserve,False,True,source_mismatch=b'morph-01',0.066346,,False,"{""source_hex"":""6d6f7270682d3031""}"
mutation,H01-gcd.c,bf207a4afdd7e623be4bd0751bdc1917c0ee550af0f38c0531b25bb726d1710c,string,M05,lower_payload,normalization,MR09,Carrier-removal rejection,reject,True,False,rejected:absent:logical record magic not found,0.064218,,False,"{""antecedent_guarded"":true}"
mutation,H01-gcd.c,bf207a4afdd7e623be4bd0751bdc1917c0ee550af0f38c0531b25bb726d1710c,string,M05,lower_payload,normalization,MR10,Carrier-corruption rejection,reject,True,False,rejected:checksum:payload checksum mismatch,0.080512,,False,"{""antecedent_guarded"":true}"
mutation,H01-gcd.c,bf207a4afdd7e623be4bd0751bdc1917c0ee550af0f38c0531b25bb726d1710c,string,M05,lower_payload,normalization,MR11,Requested/actual trace agreement,trace,True,False,requested=clang/Os;actual=clang/Os,0.047861,,False,"{""build"":{""actual_compiler"":""clang"",""actual_optimization"":""Os"",""binary"":""WORKDIR/string/M05/MR11/trace/build-01/artifact.bin"",""binary_sha256"":""0d8782a20ee51b6e8dbbe5002eed217c9d9115006a20cfd8a59a1a5cc8eebaac"",""carrier"":""string"",""command"":[""clang"",""-std=c11"",""-fno-ident"",""-no-pie"",""-Os"",""WORKDIR/string/M05/MR11/trace/build-01/host.c"",""-o"",""WORKDIR/string/M05/MR11/trace/build-01/artifact.bin""],""effective_payload_hex"":""6d6f7270682d3031"",""key"":""key-alpha"",""mutant_id"":""M05"",""requested_compiler"":""clang"",""requested_optimization"":""Os"",""requested_payload_hex"":""4d6f7270682d3031"",""return_code"":0,""source"":""WORKDIR/string/M05/MR11/trace/build-01/host.c"",""source_sha256"":""6f64cdaec37cdb73383ed55f99693c609b4620b5ef0fb6494ff313a80fa9460b"",""stderr"":""""}}"
mutation,H01-gcd.c,bf207a4afdd7e623be4bd0751bdc1917c0ee550af0f38c0531b25bb726d1710c,string,M05,lower_payload,normalization,MR12,Interleaved artifact isolation,separate,False,True,first=b'morph-01';second=b'second-2',0.121666,,False,{}
mutation,H01-gcd.c,bf207a4afdd7e623be4bd0751bdc1917c0ee550af0f38c0531b25bb726d1710c,string,M05,lower_payload,normalization,MR13,Reordered extraction independence,preserve,False,True,before=b'morph-01';after=b'morph-01',0.115644,,False,{}
mutation,H01-gcd.c,bf207a4afdd7e623be4bd0751bdc1917c0ee550af0f38c0531b25bb726d1710c,string,M05,lower_payload,normalization,MR14,Rebuild stability,preserve,False,True,first=b'morph-01';second=b'morph-01',0.104484,,False,"{""binary_bytes_equal"":true}"
mutation,H01-gcd.c,bf207a4afdd7e623be4bd0751bdc1917c0ee550af0f38c0531b25bb726d1710c,string,M06,key_ignored,authentication,MR01,Round-trip fidelity,preserve,True,False,extracted=b'Morph-01',0.071106,,False,"{""build"":{""actual_compiler"":""gcc"",""actual_optimization"":""O2"",""binary"":""WORKDIR/string/M06/MR01/marked/build-01/artifact.bin"",""binary_sha256"":""a3178b0c05f812039e297cb9a66d62b6d068a087d2df38fc6e9e1dfceb19ad43"",""carrier"":""string"",""command"":[""gcc"",""-std=c11"",""-fno-ident"",""-no-pie"",""-O2"",""WORKDIR/string/M06/MR01/marked/build-01/host.c"",""-o"",""WORKDIR/string/M06/MR01/marked/build-01/artifact.bin""],""effective_payload_hex"":""4d6f7270682d3031"",""key"":""key-alpha"",""mutant_id"":""M06"",""requested_compiler"":""gcc"",""requested_optimization"":""O2"",""requested_payload_hex"":""4d6f7270682d3031"",""return_code"":0,""source"":""WORKDIR/string/M06/MR01/marked/build-01/host.c"",""source_sha256"":""57444e3828612a864230fb7afff527998356bf74053ae9046ae116964f86abee"",""stderr"":""""},""extracted_hex"":""4d6f7270682d3031""}"
mutation,H01-gcd.c,bf207a4afdd7e623be4bd0751bdc1917c0ee550af0f38c0531b25bb726d1710c,string,M06,key_ignored,authentication,MR02,Host-semantic preservation,preserve,True,False,mismatch_count=0,0.147723,,False,"{""mismatches"":[]}"
mutation,H01-gcd.c,bf207a4afdd7e623be4bd0751bdc1917c0ee550af0f38c0531b25bb726d1710c,string,M06,key_ignored,authentication,MR03,Unmarked rejection,reject,True,False,rejected:absent:logical record magic not found,0.055701,,False,"{""unmarked_binary_sha256"":""17288de5d8ffc83b2223ee650ec19f96fa9b779f3eb45b8e2433c730b7a1e3e2""}"
mutation,H01-gcd.c,bf207a4afdd7e623be4bd0751bdc1917c0ee550af0f38c0531b25bb726d1710c,string,M06,key_ignored,authentication,MR04,Wrong-key rejection,reject,False,True,accepted:b'Morph-01',0.059644,,False,"{""antecedent_guarded"":true,""antecedent_hex"":""4d6f7270682d3031""}"
mutation,H01-gcd.c,bf207a4afdd7e623be4bd0751bdc1917c0ee550af0f38c0531b25bb726d1710c,string,M06,key_ignored,authentication,MR05,Payload separation,separate,True,False,first=b'Morph-01';second=b'Second-2',0.123517,,False,"{""first_hex"":""4d6f7270682d3031"",""second_hex"":""5365636f6e642d32""}"
mutation,H01-gcd.c,bf207a4afdd7e623be4bd0751bdc1917c0ee550af0f38c0531b25bb726d1710c,string,M06,key_ignored,authentication,MR06,Cross-compiler invariance,preserve,True,False,"payloads=b'Morph-01',b'Morph-01';semantic_equal=True",0.193287,,False,"{""clang_actual"":""clang"",""gcc_actual"":""gcc""}"
mutation,H01-gcd.c,bf207a4afdd7e623be4bd0751bdc1917c0ee550af0f38c0531b25bb726d1710c,string,M06,key_ignored,authentication,MR07,Optimization invariance,preserve,True,False,"payloads=['Morph-01', 'Morph-01', 'Morph-01'];semantic_equal=True",0.199303,,False,{}
mutation,H01-gcd.c,bf207a4afdd7e623be4bd0751bdc1917c0ee550af0f38c0531b25bb726d1710c,string,M06,key_ignored,authentication,MR08,Clean-room relocation,preserve,True,False,relocated=b'Morph-01',0.042547,,False,"{""clean_room_entries"":[""renamed-artifact.bin""],""relocated_hex"":""4d6f7270682d3031""}"
mutation,H01-gcd.c,bf207a4afdd7e623be4bd0751bdc1917c0ee550af0f38c0531b25bb726d1710c,string,M06,key_ignored,authentication,MR09,Carrier-removal rejection,reject,True,False,rejected:absent:logical record magic not found,0.063552,,False,"{""antecedent_guarded"":true}"
mutation,H01-gcd.c,bf207a4afdd7e623be4bd0751bdc1917c0ee550af0f38c0531b25bb726d1710c,string,M06,key_ignored,authentication,MR10,Carrier-corruption rejection,reject,True,False,rejected:checksum:payload checksum mismatch,0.057426,,False,"{""antecedent_guarded"":true}"
mutation,H01-gcd.c,bf207a4afdd7e623be4bd0751bdc1917c0ee550af0f38c0531b25bb726d1710c,string,M06,key_ignored,authentication,MR11,Requested/actual trace agreement,trace,True,False,requested=clang/Os;actual=clang/Os,0.083198,,False,"{""build"":{""actual_compiler"":""clang"",""actual_optimization"":""Os"",""binary"":""WORKDIR/string/M06/MR11/trace/build-01/artifact.bin"",""binary_sha256"":""1fa44f2d4be372e9225e8e9cd544a4711a250b83553d67ab2d85818f22ca85b6"",""carrier"":""string"",""command"":[""clang"",""-std=c11"",""-fno-ident"",""-no-pie"",""-Os"",""WORKDIR/string/M06/MR11/trace/build-01/host.c"",""-o"",""WORKDIR/string/M06/MR11/trace/build-01/artifact.bin""],""effective_payload_hex"":""4d6f7270682d3031"",""key"":""key-alpha"",""mutant_id"":""M06"",""requested_compiler"":""clang"",""requested_optimization"":""Os"",""requested_payload_hex"":""4d6f7270682d3031"",""return_code"":0,""source"":""WORKDIR/string/M06/MR11/trace/build-01/host.c"",""source_sha256"":""57444e3828612a864230fb7afff527998356bf74053ae9046ae116964f86abee"",""stderr"":""""}}"
mutation,H01-gcd.c,bf207a4afdd7e623be4bd0751bdc1917c0ee550af0f38c0531b25bb726d1710c,string,M06,key_ignored,authentication,MR12,Interleaved artifact isolation,separate,True,False,first=b'Morph-01';second=b'Second-2',0.139182,,False,{}
mutation,H01-gcd.c,bf207a4afdd7e623be4bd0751bdc1917c0ee550af0f38c0531b25bb726d1710c,string,M06,key_ignored,authentication,MR13,Reordered extraction independence,preserve,True,False,before=b'Morph-01';after=b'Morph-01',0.104776,,False,{}
mutation,H01-gcd.c,bf207a4afdd7e623be4bd0751bdc1917c0ee550af0f38c0531b25bb726d1710c,string,M06,key_ignored,authentication,MR14,Rebuild stability,preserve,True,False,first=b'Morph-01';second=b'Morph-01',0.105987,,False,"{""binary_bytes_equal"":true}"
mutation,H01-gcd.c,bf207a4afdd7e623be4bd0751bdc1917c0ee550af0f38c0531b25bb726d1710c,string,M07,sidecar_oracle,artifact binding,MR01,Round-trip fidelity,preserve,True,False,extracted=b'Morph-01',0.043941,,False,"{""build"":{""actual_compiler"":""gcc"",""actual_optimization"":""O2"",""binary"":""WORKDIR/string/M07/MR01/marked/build-01/artifact.bin"",""binary_sha256"":""b8e5790f338ae8db35cfffc794a440a51f513484ba40b60dbac7eb19948f430c"",""carrier"":""string"",""command"":[""gcc"",""-std=c11"",""-fno-ident"",""-no-pie"",""-O2"",""WORKDIR/string/M07/MR01/marked/build-01/host.c"",""-o"",""WORKDIR/string/M07/MR01/marked/build-01/artifact.bin""],""effective_payload_hex"":""4d6f7270682d3031"",""key"":""key-alpha"",""mutant_id"":""M07"",""requested_compiler"":""gcc"",""requested_optimization"":""O2"",""requested_payload_hex"":""4d6f7270682d3031"",""return_code"":0,""source"":""WORKDIR/string/M07/MR01/marked/build-01/host.c"",""source_sha256"":""de3dd3bc3add920f6b14f3cfa83262c596594edfaf1d5fcc70bb4bc78a38fa0e"",""stderr"":""""},""extracted_hex"":""4d6f7270682d3031""}"
mutation,H01-gcd.c,bf207a4afdd7e623be4bd0751bdc1917c0ee550af0f38c0531b25bb726d1710c,string,M07,sidecar_oracle,artifact binding,MR02,Host-semantic preservation,preserve,True,False,mismatch_count=0,0.135152,,False,"{""mismatches"":[]}"
mutation,H01-gcd.c,bf207a4afdd7e623be4bd0751bdc1917c0ee550af0f38c0531b25bb726d1710c,string,M07,sidecar_oracle,artifact binding,MR03,Unmarked rejection,reject,True,False,rejected:sidecar:adjacent sidecar is missing,0.076156,,False,"{""unmarked_binary_sha256"":""17288de5d8ffc83b2223ee650ec19f96fa9b779f3eb45b8e2433c730b7a1e3e2""}"
mutation,H01-gcd.c,bf207a4afdd7e623be4bd0751bdc1917c0ee550af0f38c0531b25bb726d1710c,string,M07,sidecar_oracle,artifact binding,MR04,Wrong-key rejection,reject,True,False,rejected:wrong-key:sidecar key mismatch,0.067342,,False,"{""antecedent_guarded"":true,""antecedent_hex"":""4d6f7270682d3031""}"
mutation,H01-gcd.c,bf207a4afdd7e623be4bd0751bdc1917c0ee550af0f38c0531b25bb726d1710c,string,M07,sidecar_oracle,artifact binding,MR05,Payload separation,separate,True,False,first=b'Morph-01';second=b'Second-2',0.110582,,False,"{""first_hex"":""4d6f7270682d3031"",""second_hex"":""5365636f6e642d32""}"
mutation,H01-gcd.c,bf207a4afdd7e623be4bd0751bdc1917c0ee550af0f38c0531b25bb726d1710c,string,M07,sidecar_oracle,artifact binding,MR06,Cross-compiler invariance,preserve,True,False,"payloads=b'Morph-01',b'Morph-01';semantic_equal=True",0.182557,,False,"{""clang_actual"":""clang"",""gcc_actual"":""gcc""}"
mutation,H01-gcd.c,bf207a4afdd7e623be4bd0751bdc1917c0ee550af0f38c0531b25bb726d1710c,string,M07,sidecar_oracle,artifact binding,MR07,Optimization invariance,preserve,True,False,"payloads=['Morph-01', 'Morph-01', 'Morph-01'];semantic_equal=True",0.219354,,False,{}
mutation,H01-gcd.c,bf207a4afdd7e623be4bd0751bdc1917c0ee550af0f38c0531b25bb726d1710c,string,M07,sidecar_oracle,artifact binding,MR08,Clean-room relocation,preserve,False,True,exception:ExtractionError:adjacent sidecar is missing,0.042996,ExtractionError,False,{}
mutation,H01-gcd.c,bf207a4afdd7e623be4bd0751bdc1917c0ee550af0f38c0531b25bb726d1710c,string,M07,sidecar_oracle,artifact binding,MR09,Carrier-removal rejection,reject,True,False,rejected:sidecar:adjacent sidecar is missing,0.045548,,False,"{""antecedent_guarded"":true}"
mutation,H01-gcd.c,bf207a4afdd7e623be4bd0751bdc1917c0ee550af0f38c0531b25bb726d1710c,string,M07,sidecar_oracle,artifact binding,MR10,Carrier-corruption rejection,reject,True,False,rejected:sidecar:adjacent sidecar is missing,0.039399,,False,"{""antecedent_guarded"":true}"
mutation,H01-gcd.c,bf207a4afdd7e623be4bd0751bdc1917c0ee550af0f38c0531b25bb726d1710c,string,M07,sidecar_oracle,artifact binding,MR11,Requested/actual trace agreement,trace,True,False,requested=clang/Os;actual=clang/Os,0.097073,,False,"{""build"":{""actual_compiler"":""clang"",""actual_optimization"":""Os"",""binary"":""WORKDIR/string/M07/MR11/trace/build-01/artifact.bin"",""binary_sha256"":""bf1b3f8ba8daa55b6d499a4bbb63a61efb7b30a4d426a514b1ce3e529d1be05b"",""carrier"":""string"",""command"":[""clang"",""-std=c11"",""-fno-ident"",""-no-pie"",""-Os"",""WORKDIR/string/M07/MR11/trace/build-01/host.c"",""-o"",""WORKDIR/string/M07/MR11/trace/build-01/artifact.bin""],""effective_payload_hex"":""4d6f7270682d3031"",""key"":""key-alpha"",""mutant_id"":""M07"",""requested_compiler"":""clang"",""requested_optimization"":""Os"",""requested_payload_hex"":""4d6f7270682d3031"",""return_code"":0,""source"":""WORKDIR/string/M07/MR11/trace/build-01/host.c"",""source_sha256"":""de3dd3bc3add920f6b14f3cfa83262c596594edfaf1d5fcc70bb4bc78a38fa0e"",""stderr"":""""}}"
mutation,H01-gcd.c,bf207a4afdd7e623be4bd0751bdc1917c0ee550af0f38c0531b25bb726d1710c,string,M07,sidecar_oracle,artifact binding,MR12,Interleaved artifact isolation,separate,True,False,first=b'Morph-01';second=b'Second-2',0.148855,,False,{}
mutation,H01-gcd.c,bf207a4afdd7e623be4bd0751bdc1917c0ee550af0f38c0531b25bb726d1710c,string,M07,sidecar_oracle,artifact binding,MR13,Reordered extraction independence,preserve,True,False,before=b'Morph-01';after=b'Morph-01',0.137392,,False,{}
mutation,H01-gcd.c,bf207a4afdd7e623be4bd0751bdc1917c0ee550af0f38c0531b25bb726d1710c,string,M07,sidecar_oracle,artifact binding,MR14,Rebuild stability,preserve,True,False,first=b'Morph-01';second=b'Morph-01',0.15636,,False,"{""binary_bytes_equal"":true}"
mutation,H01-gcd.c,bf207a4afdd7e623be4bd0751bdc1917c0ee550af0f38c0531b25bb726d1710c,string,M08,global_cache_oracle,state,MR01,Round-trip fidelity,preserve,True,False,extracted=b'Morph-01',0.090002,,False,"{""build"":{""actual_compiler"":""gcc"",""actual_optimization"":""O2"",""binary"":""WORKDIR/string/M08/MR01/marked/build-01/artifact.bin"",""binary_sha256"":""b8e5790f338ae8db35cfffc794a440a51f513484ba40b60dbac7eb19948f430c"",""carrier"":""string"",""command"":[""gcc"",""-std=c11"",""-fno-ident"",""-no-pie"",""-O2"",""WORKDIR/string/M08/MR01/marked/build-01/host.c"",""-o"",""WORKDIR/string/M08/MR01/marked/build-01/artifact.bin""],""effective_payload_hex"":""4d6f7270682d3031"",""key"":""key-alpha"",""mutant_id"":""M08"",""requested_compiler"":""gcc"",""requested_optimization"":""O2"",""requested_payload_hex"":""4d6f7270682d3031"",""return_code"":0,""source"":""WORKDIR/string/M08/MR01/marked/build-01/host.c"",""source_sha256"":""de3dd3bc3add920f6b14f3cfa83262c596594edfaf1d5fcc70bb4bc78a38fa0e"",""stderr"":""""},""extracted_hex"":""4d6f7270682d3031""}"
mutation,H01-gcd.c,bf207a4afdd7e623be4bd0751bdc1917c0ee550af0f38c0531b25bb726d1710c,string,M08,global_cache_oracle,state,MR02,Host-semantic preservation,preserve,True,False,mismatch_count=0,0.138404,,False,"{""mismatches"":[]}"
mutation,H01-gcd.c,bf207a4afdd7e623be4bd0751bdc1917c0ee550af0f38c0531b25bb726d1710c,string,M08,global_cache_oracle,state,MR03,Unmarked rejection,reject,True,False,rejected:absent:logical record magic not found,0.03451,,False,"{""unmarked_binary_sha256"":""17288de5d8ffc83b2223ee650ec19f96fa9b779f3eb45b8e2433c730b7a1e3e2""}"
mutation,H01-gcd.c,bf207a4afdd7e623be4bd0751bdc1917c0ee550af0f38c0531b25bb726d1710c,string,M08,global_cache_oracle,state,MR04,Wrong-key rejection,reject,False,True,accepted:b'Morph-01',0.05266,,False,"{""antecedent_guarded"":true,""antecedent_hex"":""4d6f7270682d3031""}"
mutation,H01-gcd.c,bf207a4afdd7e623be4bd0751bdc1917c0ee550af0f38c0531b25bb726d1710c,string,M08,global_cache_oracle,state,MR05,Payload separation,separate,False,True,first=b'Second-2';second=b'Second-2',0.101001,,False,"{""first_hex"":""5365636f6e642d32"",""second_hex"":""5365636f6e642d32""}"
mutation,H01-gcd.c,bf207a4afdd7e623be4bd0751bdc1917c0ee550af0f38c0531b25bb726d1710c,string,M08,global_cache_oracle,state,MR06,Cross-compiler invariance,preserve,True,False,"payloads=b'Morph-01',b'Morph-01';semantic_equal=True",0.130262,,False,"{""clang_actual"":""clang"",""gcc_actual"":""gcc""}"
mutation,H01-gcd.c,bf207a4afdd7e623be4bd0751bdc1917c0ee550af0f38c0531b25bb726d1710c,string,M08,global_cache_oracle,state,MR07,Optimization invariance,preserve,True,False,"payloads=['Morph-01', 'Morph-01', 'Morph-01'];semantic_equal=True",0.232185,,False,{}
mutation,H01-gcd.c,bf207a4afdd7e623be4bd0751bdc1917c0ee550af0f38c0531b25bb726d1710c,string,M08,global_cache_oracle,state,MR08,Clean-room relocation,preserve,True,False,relocated=b'Morph-01',0.045026,,False,"{""clean_room_entries"":[""renamed-artifact.bin""],""relocated_hex"":""4d6f7270682d3031""}"
mutation,H01-gcd.c,bf207a4afdd7e623be4bd0751bdc1917c0ee550af0f38c0531b25bb726d1710c,string,M08,global_cache_oracle,state,MR09,Carrier-removal rejection,reject,False,True,spurious robustness:accepted:b'Morph-01',0.08053,,False,"{""antecedent_guarded"":true}"
mutation,H01-gcd.c,bf207a4afdd7e623be4bd0751bdc1917c0ee550af0f38c0531b25bb726d1710c,string,M08,global_cache_oracle,state,MR10,Carrier-corruption rejection,reject,False,True,corruption accepted:accepted:b'Morph-01',0.074548,,False,"{""antecedent_guarded"":true}"
mutation,H01-gcd.c,bf207a4afdd7e623be4bd0751bdc1917c0ee550af0f38c0531b25bb726d1710c,string,M08,global_cache_oracle,state,MR11,Requested/actual trace agreement,trace,True,False,requested=clang/Os;actual=clang/Os,0.082267,,False,"{""build"":{""actual_compiler"":""clang"",""actual_optimization"":""Os"",""binary"":""WORKDIR/string/M08/MR11/trace/build-01/artifact.bin"",""binary_sha256"":""bf1b3f8ba8daa55b6d499a4bbb63a61efb7b30a4d426a514b1ce3e529d1be05b"",""carrier"":""string"",""command"":[""clang"",""-std=c11"",""-fno-ident"",""-no-pie"",""-Os"",""WORKDIR/string/M08/MR11/trace/build-01/host.c"",""-o"",""WORKDIR/string/M08/MR11/trace/build-01/artifact.bin""],""effective_payload_hex"":""4d6f7270682d3031"",""key"":""key-alpha"",""mutant_id"":""M08"",""requested_compiler"":""clang"",""requested_optimization"":""Os"",""requested_payload_hex"":""4d6f7270682d3031"",""return_code"":0,""source"":""WORKDIR/string/M08/MR11/trace/build-01/host.c"",""source_sha256"":""de3dd3bc3add920f6b14f3cfa83262c596594edfaf1d5fcc70bb4bc78a38fa0e"",""stderr"":""""}}"
mutation,H01-gcd.c,bf207a4afdd7e623be4bd0751bdc1917c0ee550af0f38c0531b25bb726d1710c,string,M08,global_cache_oracle,state,MR12,Interleaved artifact isolation,separate,False,True,first=b'Second-2';second=b'Second-2',0.094723,,False,{}
mutation,H01-gcd.c,bf207a4afdd7e623be4bd0751bdc1917c0ee550af0f38c0531b25bb726d1710c,string,M08,global_cache_oracle,state,MR13,Reordered extraction independence,preserve,False,True,before=b'Morph-01';after=b'Second-2',0.110593,,False,{}
mutation,H01-gcd.c,bf207a4afdd7e623be4bd0751bdc1917c0ee550af0f38c0531b25bb726d1710c,string,M08,global_cache_oracle,state,MR14,Rebuild stability,preserve,True,False,first=b'Morph-01';second=b'Morph-01',0.146709,,False,"{""binary_bytes_equal"":true}"
mutation,H01-gcd.c,bf207a4afdd7e623be4bd0751bdc1917c0ee550af0f38c0531b25bb726d1710c,string,M09,unmarked_default,false positive,MR01,Round-trip fidelity,preserve,True,False,extracted=b'Morph-01',0.04475,,False,"{""build"":{""actual_compiler"":""gcc"",""actual_optimization"":""O2"",""binary"":""WORKDIR/string/M09/MR01/marked/build-01/artifact.bin"",""binary_sha256"":""b8e5790f338ae8db35cfffc794a440a51f513484ba40b60dbac7eb19948f430c"",""carrier"":""string"",""command"":[""gcc"",""-std=c11"",""-fno-ident"",""-no-pie"",""-O2"",""WORKDIR/string/M09/MR01/marked/build-01/host.c"",""-o"",""WORKDIR/string/M09/MR01/marked/build-01/artifact.bin""],""effective_payload_hex"":""4d6f7270682d3031"",""key"":""key-alpha"",""mutant_id"":""M09"",""requested_compiler"":""gcc"",""requested_optimization"":""O2"",""requested_payload_hex"":""4d6f7270682d3031"",""return_code"":0,""source"":""WORKDIR/string/M09/MR01/marked/build-01/host.c"",""source_sha256"":""de3dd3bc3add920f6b14f3cfa83262c596594edfaf1d5fcc70bb4bc78a38fa0e"",""stderr"":""""},""extracted_hex"":""4d6f7270682d3031""}"
mutation,H01-gcd.c,bf207a4afdd7e623be4bd0751bdc1917c0ee550af0f38c0531b25bb726d1710c,string,M09,unmarked_default,false positive,MR02,Host-semantic preservation,preserve,True,False,mismatch_count=0,0.128654,,False,"{""mismatches"":[]}"
mutation,H01-gcd.c,bf207a4afdd7e623be4bd0751bdc1917c0ee550af0f38c0531b25bb726d1710c,string,M09,unmarked_default,false positive,MR03,Unmarked rejection,reject,False,True,accepted:b'Morph-01',0.081876,,False,"{""unmarked_binary_sha256"":""17288de5d8ffc83b2223ee650ec19f96fa9b779f3eb45b8e2433c730b7a1e3e2""}"
mutation,H01-gcd.c,bf207a4afdd7e623be4bd0751bdc1917c0ee550af0f38c0531b25bb726d1710c,string,M09,unmarked_default,false positive,MR04,Wrong-key rejection,reject,False,True,accepted:b'Morph-01',0.083855,,False,"{""antecedent_guarded"":true,""antecedent_hex"":""4d6f7270682d3031""}"
mutation,H01-gcd.c,bf207a4afdd7e623be4bd0751bdc1917c0ee550af0f38c0531b25bb726d1710c,string,M09,unmarked_default,false positive,MR05,Payload separation,separate,True,False,first=b'Morph-01';second=b'Second-2',0.113672,,False,"{""first_hex"":""4d6f7270682d3031"",""second_hex"":""5365636f6e642d32""}"
mutation,H01-gcd.c,bf207a4afdd7e623be4bd0751bdc1917c0ee550af0f38c0531b25bb726d1710c,string,M09,unmarked_default,false positive,MR06,Cross-compiler invariance,preserve,True,False,"payloads=b'Morph-01',b'Morph-01';semantic_equal=True",0.158379,,False,"{""clang_actual"":""clang"",""gcc_actual"":""gcc""}"
mutation,H01-gcd.c,bf207a4afdd7e623be4bd0751bdc1917c0ee550af0f38c0531b25bb726d1710c,string,M09,unmarked_default,false positive,MR07,Optimization invariance,preserve,True,False,"payloads=['Morph-01', 'Morph-01', 'Morph-01'];semantic_equal=True",0.186329,,False,{}
mutation,H01-gcd.c,bf207a4afdd7e623be4bd0751bdc1917c0ee550af0f38c0531b25bb726d1710c,string,M09,unmarked_default,false positive,MR08,Clean-room relocation,preserve,True,False,relocated=b'Morph-01',0.039648,,False,"{""clean_room_entries"":[""renamed-artifact.bin""],""relocated_hex"":""4d6f7270682d3031""}"
mutation,H01-gcd.c,bf207a4afdd7e623be4bd0751bdc1917c0ee550af0f38c0531b25bb726d1710c,string,M09,unmarked_default,false positive,MR09,Carrier-removal rejection,reject,False,True,spurious robustness:accepted:b'Morph-01',0.056874,,False,"{""antecedent_guarded"":true}"
mutation,H01-gcd.c,bf207a4afdd7e623be4bd0751bdc1917c0ee550af0f38c0531b25bb726d1710c,string,M09,unmarked_default,false positive,MR10,Carrier-corruption rejection,reject,False,True,corruption accepted:accepted:b'Morph-01',0.077444,,False,"{""antecedent_guarded"":true}"
mutation,H01-gcd.c,bf207a4afdd7e623be4bd0751bdc1917c0ee550af0f38c0531b25bb726d1710c,string,M09,unmarked_default,false positive,MR11,Requested/actual trace agreement,trace,True,False,requested=clang/Os;actual=clang/Os,0.071068,,False,"{""build"":{""actual_compiler"":""clang"",""actual_optimization"":""Os"",""binary"":""WORKDIR/string/M09/MR11/trace/build-01/artifact.bin"",""binary_sha256"":""bf1b3f8ba8daa55b6d499a4bbb63a61efb7b30a4d426a514b1ce3e529d1be05b"",""carrier"":""string"",""command"":[""clang"",""-std=c11"",""-fno-ident"",""-no-pie"",""-Os"",""WORKDIR/string/M09/MR11/trace/build-01/host.c"",""-o"",""WORKDIR/string/M09/MR11/trace/build-01/artifact.bin""],""effective_payload_hex"":""4d6f7270682d3031"",""key"":""key-alpha"",""mutant_id"":""M09"",""requested_compiler"":""clang"",""requested_optimization"":""Os"",""requested_payload_hex"":""4d6f7270682d3031"",""return_code"":0,""source"":""WORKDIR/string/M09/MR11/trace/build-01/host.c"",""source_sha256"":""de3dd3bc3add920f6b14f3cfa83262c596594edfaf1d5fcc70bb4bc78a38fa0e"",""stderr"":""""}}"
mutation,H01-gcd.c,bf207a4afdd7e623be4bd0751bdc1917c0ee550af0f38c0531b25bb726d1710c,string,M09,unmarked_default,false positive,MR12,Interleaved artifact isolation,separate,True,False,first=b'Morph-01';second=b'Second-2',0.1093,,False,{}
mutation,H01-gcd.c,bf207a4afdd7e623be4bd0751bdc1917c0ee550af0f38c0531b25bb726d1710c,string,M09,unmarked_default,false positive,MR13,Reordered extraction independence,preserve,True,False,before=b'Morph-01';after=b'Morph-01',0.137938,,False,{}
mutation,H01-gcd.c,bf207a4afdd7e623be4bd0751bdc1917c0ee550af0f38c0531b25bb726d1710c,string,M09,unmarked_default,false positive,MR14,Rebuild stability,preserve,True,False,first=b'Morph-01';second=b'Morph-01',0.140504,,False,"{""binary_bytes_equal"":true}"
mutation,H01-gcd.c,bf207a4afdd7e623be4bd0751bdc1917c0ee550af0f38c0531b25bb726d1710c,string,M10,semantic_plus_one,semantic corruption,MR01,Round-trip fidelity,preserve,True,False,extracted=b'Morph-01',0.059625,,False,"{""build"":{""actual_compiler"":""gcc"",""actual_optimization"":""O2"",""binary"":""WORKDIR/string/M10/MR01/marked/build-01/artifact.bin"",""binary_sha256"":""218b8991b858e70cfe777d2c2c5b2c6201bbc24fb7f9ab1c259a216675500fbd"",""carrier"":""string"",""command"":[""gcc"",""-std=c11"",""-fno-ident"",""-no-pie"",""-O2"",""WORKDIR/string/M10/MR01/marked/build-01/host.c"",""-o"",""WORKDIR/string/M10/MR01/marked/build-01/artifact.bin""],""effective_payload_hex"":""4d6f7270682d3031"",""key"":""key-alpha"",""mutant_id"":""M10"",""requested_compiler"":""gcc"",""requested_optimization"":""O2"",""requested_payload_hex"":""4d6f7270682d3031"",""return_code"":0,""source"":""WORKDIR/string/M10/MR01/marked/build-01/host.c"",""source_sha256"":""ec199823c81befeafba1fc08aa2c705b0ad79f3f0cba2c765d22fd453ef5ad82"",""stderr"":""""},""extracted_hex"":""4d6f7270682d3031""}"
mutation,H01-gcd.c,bf207a4afdd7e623be4bd0751bdc1917c0ee550af0f38c0531b25bb726d1710c,string,M10,semantic_plus_one,semantic corruption,MR02,Host-semantic preservation,preserve,False,True,mismatch_count=6,0.147065,,False,"{""mismatches"":[{""base"":""13"",""input"":0,""marked"":""14""},{""base"":""4"",""input"":1,""marked"":""5""},{""base"":""16"",""input"":5,""marked"":""17""},{""base"":""104"",""input"":13,""marked"":""105""},{""base"":""1"",""input"":144,""marked"":""2""},{""base"":""2"",""input"":99991,""marked"":""3""}]}"
mutation,H01-gcd.c,bf207a4afdd7e623be4bd0751bdc1917c0ee550af0f38c0531b25bb726d1710c,string,M10,semantic_plus_one,semantic corruption,MR03,Unmarked rejection,reject,True,False,rejected:absent:logical record magic not found,0.036261,,False,"{""unmarked_binary_sha256"":""17288de5d8ffc83b2223ee650ec19f96fa9b779f3eb45b8e2433c730b7a1e3e2""}"
mutation,H01-gcd.c,bf207a4afdd7e623be4bd0751bdc1917c0ee550af0f38c0531b25bb726d1710c,string,M10,semantic_plus_one,semantic corruption,MR04,Wrong-key rejection,reject,True,False,rejected:wrong-key:key tag mismatch,0.049368,,False,"{""antecedent_guarded"":true,""antecedent_hex"":""4d6f7270682d3031""}"
mutation,H01-gcd.c,bf207a4afdd7e623be4bd0751bdc1917c0ee550af0f38c0531b25bb726d1710c,string,M10,semantic_plus_one,semantic corruption,MR05,Payload separation,separate,True,False,first=b'Morph-01';second=b'Second-2',0.102616,,False,"{""first_hex"":""4d6f7270682d3031"",""second_hex"":""5365636f6e642d32""}"
mutation,H01-gcd.c,bf207a4afdd7e623be4bd0751bdc1917c0ee550af0f38c0531b25bb726d1710c,string,M10,semantic_plus_one,semantic corruption,MR06,Cross-compiler invariance,preserve,True,False,"payloads=b'Morph-01',b'Morph-01';semantic_equal=True",0.170174,,False,"{""clang_actual"":""clang"",""gcc_actual"":""gcc""}"
mutation,H01-gcd.c,bf207a4afdd7e623be4bd0751bdc1917c0ee550af0f38c0531b25bb726d1710c,string,M10,semantic_plus_one,semantic corruption,MR07,Optimization invariance,preserve,True,False,"payloads=['Morph-01', 'Morph-01', 'Morph-01'];semantic_equal=True",0.250795,,False,{}
mutation,H01-gcd.c,bf207a4afdd7e623be4bd0751bdc1917c0ee550af0f38c0531b25bb726d1710c,string,M10,semantic_plus_one,semantic corruption,MR08,Clean-room relocation,preserve,True,False,relocated=b'Morph-01',0.082541,,False,"{""clean_room_entries"":[""renamed-artifact.bin""],""relocated_hex"":""4d6f7270682d3031""}"
mutation,H01-gcd.c,bf207a4afdd7e623be4bd0751bdc1917c0ee550af0f38c0531b25bb726d1710c,string,M10,semantic_plus_one,semantic corruption,MR09,Carrier-removal rejection,reject,True,False,rejected:absent:logical record magic not found,0.069083,,False,"{""antecedent_guarded"":true}"
mutation,H01-gcd.c,bf207a4afdd7e623be4bd0751bdc1917c0ee550af0f38c0531b25bb726d1710c,string,M10,semantic_plus_one,semantic corruption,MR10,Carrier-corruption rejection,reject,True,False,rejected:checksum:payload checksum mismatch,0.068423,,False,"{""antecedent_guarded"":true}"
mutation,H01-gcd.c,bf207a4afdd7e623be4bd0751bdc1917c0ee550af0f38c0531b25bb726d1710c,string,M10,semantic_plus_one,semantic corruption,MR11,Requested/actual trace agreement,trace,True,False,requested=clang/Os;actual=clang/Os,0.049903,,False,"{""build"":{""actual_compiler"":""clang"",""actual_optimization"":""Os"",""binary"":""WORKDIR/string/M10/MR11/trace/build-01/artifact.bin"",""binary_sha256"":""4473db5d9196aa4625926b91592cee8cbbaf1cf096147557c36234d8f09f8909"",""carrier"":""string"",""command"":[""clang"",""-std=c11"",""-fno-ident"",""-no-pie"",""-Os"",""WORKDIR/string/M10/MR11/trace/build-01/host.c"",""-o"",""WORKDIR/string/M10/MR11/trace/build-01/artifact.bin""],""effective_payload_hex"":""4d6f7270682d3031"",""key"":""key-alpha"",""mutant_id"":""M10"",""requested_compiler"":""clang"",""requested_optimization"":""Os"",""requested_payload_hex"":""4d6f7270682d3031"",""return_code"":0,""source"":""WORKDIR/string/M10/MR11/trace/build-01/host.c"",""source_sha256"":""ec199823c81befeafba1fc08aa2c705b0ad79f3f0cba2c765d22fd453ef5ad82"",""stderr"":""""}}"
mutation,H01-gcd.c,bf207a4afdd7e623be4bd0751bdc1917c0ee550af0f38c0531b25bb726d1710c,string,M10,semantic_plus_one,semantic corruption,MR12,Interleaved artifact isolation,separate,True,False,first=b'Morph-01';second=b'Second-2',0.127008,,False,{}
mutation,H01-gcd.c,bf207a4afdd7e623be4bd0751bdc1917c0ee550af0f38c0531b25bb726d1710c,string,M10,semantic_plus_one,semantic corruption,MR13,Reordered extraction independence,preserve,True,False,before=b'Morph-01';after=b'Morph-01',0.113001,,False,{}
mutation,H01-gcd.c,bf207a4afdd7e623be4bd0751bdc1917c0ee550af0f38c0531b25bb726d1710c,string,M10,semantic_plus_one,semantic corruption,MR14,Rebuild stability,preserve,True,False,first=b'Morph-01';second=b'Morph-01',0.132516,,False,"{""binary_bytes_equal"":true}"
mutation,H01-gcd.c,bf207a4afdd7e623be4bd0751bdc1917c0ee550af0f38c0531b25bb726d1710c,string,M11,semantic_input13,semantic corruption,MR01,Round-trip fidelity,preserve,True,False,extracted=b'Morph-01',0.076174,,False,"{""build"":{""actual_compiler"":""gcc"",""actual_optimization"":""O2"",""binary"":""WORKDIR/string/M11/MR01/marked/build-01/artifact.bin"",""binary_sha256"":""b7a184e654e99c2c9bea380de44a4a3ac6335db3e82f195303ad075d9b9bd8ac"",""carrier"":""string"",""command"":[""gcc"",""-std=c11"",""-fno-ident"",""-no-pie"",""-O2"",""WORKDIR/string/M11/MR01/marked/build-01/host.c"",""-o"",""WORKDIR/string/M11/MR01/marked/build-01/artifact.bin""],""effective_payload_hex"":""4d6f7270682d3031"",""key"":""key-alpha"",""mutant_id"":""M11"",""requested_compiler"":""gcc"",""requested_optimization"":""O2"",""requested_payload_hex"":""4d6f7270682d3031"",""return_code"":0,""source"":""WORKDIR/string/M11/MR01/marked/build-01/host.c"",""source_sha256"":""67af7ba75589de521e52461151c3d1ca7504340275536964b5eaeeaff0d7e778"",""stderr"":""""},""extracted_hex"":""4d6f7270682d3031""}"
mutation,H01-gcd.c,bf207a4afdd7e623be4bd0751bdc1917c0ee550af0f38c0531b25bb726d1710c,string,M11,semantic_input13,semantic corruption,MR02,Host-semantic preservation,preserve,False,True,mismatch_count=1,0.150344,,False,"{""mismatches"":[{""base"":""104"",""input"":13,""marked"":""105""}]}"
mutation,H01-gcd.c,bf207a4afdd7e623be4bd0751bdc1917c0ee550af0f38c0531b25bb726d1710c,string,M11,semantic_input13,semantic corruption,MR03,Unmarked rejection,reject,True,False,rejected:absent:logical record magic not found,0.057831,,False,"{""unmarked_binary_sha256"":""17288de5d8ffc83b2223ee650ec19f96fa9b779f3eb45b8e2433c730b7a1e3e2""}"
mutation,H01-gcd.c,bf207a4afdd7e623be4bd0751bdc1917c0ee550af0f38c0531b25bb726d1710c,string,M11,semantic_input13,semantic corruption,MR04,Wrong-key rejection,reject,True,False,rejected:wrong-key:key tag mismatch,0.047659,,False,"{""antecedent_guarded"":true,""antecedent_hex"":""4d6f7270682d3031""}"
mutation,H01-gcd.c,bf207a4afdd7e623be4bd0751bdc1917c0ee550af0f38c0531b25bb726d1710c,string,M11,semantic_input13,semantic corruption,MR05,Payload separation,separate,True,False,first=b'Morph-01';second=b'Second-2',0.118071,,False,"{""first_hex"":""4d6f7270682d3031"",""second_hex"":""5365636f6e642d32""}"
mutation,H01-gcd.c,bf207a4afdd7e623be4bd0751bdc1917c0ee550af0f38c0531b25bb726d1710c,string,M11,semantic_input13,semantic corruption,MR06,Cross-compiler invariance,preserve,True,False,"payloads=b'Morph-01',b'Morph-01';semantic_equal=True",0.146899,,False,"{""clang_actual"":""clang"",""gcc_actual"":""gcc""}"
mutation,H01-gcd.c,bf207a4afdd7e623be4bd0751bdc1917c0ee550af0f38c0531b25bb726d1710c,string,M11,semantic_input13,semantic corruption,MR07,Optimization invariance,preserve,True,False,"payloads=['Morph-01', 'Morph-01', 'Morph-01'];semantic_equal=True",0.258128,,False,{}
mutation,H01-gcd.c,bf207a4afdd7e623be4bd0751bdc1917c0ee550af0f38c0531b25bb726d1710c,string,M11,semantic_input13,semantic corruption,MR08,Clean-room relocation,preserve,True,False,relocated=b'Morph-01',0.060718,,False,"{""clean_room_entries"":[""renamed-artifact.bin""],""relocated_hex"":""4d6f7270682d3031""}"
mutation,H01-gcd.c,bf207a4afdd7e623be4bd0751bdc1917c0ee550af0f38c0531b25bb726d1710c,string,M11,semantic_input13,semantic corruption,MR09,Carrier-removal rejection,reject,True,False,rejected:absent:logical record magic not found,0.067336,,False,"{""antecedent_guarded"":true}"
mutation,H01-gcd.c,bf207a4afdd7e623be4bd0751bdc1917c0ee550af0f38c0531b25bb726d1710c,string,M11,semantic_input13,semantic corruption,MR10,Carrier-corruption rejection,reject,True,False,rejected:checksum:payload checksum mismatch,0.077839,,False,"{""antecedent_guarded"":true}"
mutation,H01-gcd.c,bf207a4afdd7e623be4bd0751bdc1917c0ee550af0f38c0531b25bb726d1710c,string,M11,semantic_input13,semantic corruption,MR11,Requested/actual trace agreement,trace,True,False,requested=clang/Os;actual=clang/Os,0.069759,,False,"{""build"":{""actual_compiler"":""clang"",""actual_optimization"":""Os"",""binary"":""WORKDIR/string/M11/MR11/trace/build-01/artifact.bin"",""binary_sha256"":""650cfe3c88df1f2d017ffb90cca03c12e7c5046a1082418abc653d865e9aee7c"",""carrier"":""string"",""command"":[""clang"",""-std=c11"",""-fno-ident"",""-no-pie"",""-Os"",""WORKDIR/string/M11/MR11/trace/build-01/host.c"",""-o"",""WORKDIR/string/M11/MR11/trace/build-01/artifact.bin""],""effective_payload_hex"":""4d6f7270682d3031"",""key"":""key-alpha"",""mutant_id"":""M11"",""requested_compiler"":""clang"",""requested_optimization"":""Os"",""requested_payload_hex"":""4d6f7270682d3031"",""return_code"":0,""source"":""WORKDIR/string/M11/MR11/trace/build-01/host.c"",""source_sha256"":""67af7ba75589de521e52461151c3d1ca7504340275536964b5eaeeaff0d7e778"",""stderr"":""""}}"
mutation,H01-gcd.c,bf207a4afdd7e623be4bd0751bdc1917c0ee550af0f38c0531b25bb726d1710c,string,M11,semantic_input13,semantic corruption,MR12,Interleaved artifact isolation,separate,True,False,first=b'Morph-01';second=b'Second-2',0.129241,,False,{}
mutation,H01-gcd.c,bf207a4afdd7e623be4bd0751bdc1917c0ee550af0f38c0531b25bb726d1710c,string,M11,semantic_input13,semantic corruption,MR13,Reordered extraction independence,preserve,True,False,before=b'Morph-01';after=b'Morph-01',0.100337,,False,{}
mutation,H01-gcd.c,bf207a4afdd7e623be4bd0751bdc1917c0ee550af0f38c0531b25bb726d1710c,string,M11,semantic_input13,semantic corruption,MR14,Rebuild stability,preserve,True,False,first=b'Morph-01';second=b'Morph-01',0.106578,,False,"{""binary_bytes_equal"":true}"
mutation,H01-gcd.c,bf207a4afdd7e623be4bd0751bdc1917c0ee550af0f38c0531b25bb726d1710c,string,M12,compile_original,stage routing,MR01,Round-trip fidelity,preserve,False,True,exception:ExtractionError:logical record magic not found,0.038895,ExtractionError,False,{}
mutation,H01-gcd.c,bf207a4afdd7e623be4bd0751bdc1917c0ee550af0f38c0531b25bb726d1710c,string,M12,compile_original,stage routing,MR02,Host-semantic preservation,preserve,True,False,mismatch_count=0,0.162783,,False,"{""mismatches"":[]}"
mutation,H01-gcd.c,bf207a4afdd7e623be4bd0751bdc1917c0ee550af0f38c0531b25bb726d1710c,string,M12,compile_original,stage routing,MR03,Unmarked rejection,reject,True,False,rejected:absent:logical record magic not found,0.056353,,False,"{""unmarked_binary_sha256"":""17288de5d8ffc83b2223ee650ec19f96fa9b779f3eb45b8e2433c730b7a1e3e2""}"
mutation,H01-gcd.c,bf207a4afdd7e623be4bd0751bdc1917c0ee550af0f38c0531b25bb726d1710c,string,M12,compile_original,stage routing,MR04,Wrong-key rejection,reject,True,False,rejected:wrong-key:key tag mismatch,0.060758,,False,"{""antecedent_guarded"":true,""antecedent_hex"":""4d6f7270682d3031""}"
mutation,H01-gcd.c,bf207a4afdd7e623be4bd0751bdc1917c0ee550af0f38c0531b25bb726d1710c,string,M12,compile_original,stage routing,MR05,Payload separation,separate,False,True,exception:ExtractionError:logical record magic not found,0.139742,ExtractionError,False,{}
mutation,H01-gcd.c,bf207a4afdd7e623be4bd0751bdc1917c0ee550af0f38c0531b25bb726d1710c,string,M12,compile_original,stage routing,MR06,Cross-compiler invariance,preserve,False,True,exception:ExtractionError:logical record magic not found,0.121008,ExtractionError,False,{}
mutation,H01-gcd.c,bf207a4afdd7e623be4bd0751bdc1917c0ee550af0f38c0531b25bb726d1710c,string,M12,compile_original,stage routing,MR07,Optimization invariance,preserve,False,True,exception:ExtractionError:logical record magic not found,0.20165,ExtractionError,False,{}
mutation,H01-gcd.c,bf207a4afdd7e623be4bd0751bdc1917c0ee550af0f38c0531b25bb726d1710c,string,M12,compile_original,stage routing,MR08,Clean-room relocation,preserve,False,True,exception:ExtractionError:logical record magic not found,0.039741,ExtractionError,False,{}
mutation,H01-gcd.c,bf207a4afdd7e623be4bd0751bdc1917c0ee550af0f38c0531b25bb726d1710c,string,M12,compile_original,stage routing,MR09,Carrier-removal rejection,reject,True,False,rejected:absent:logical record magic not found,0.072938,,False,"{""antecedent_guarded"":true}"
mutation,H01-gcd.c,bf207a4afdd7e623be4bd0751bdc1917c0ee550af0f38c0531b25bb726d1710c,string,M12,compile_original,stage routing,MR10,Carrier-corruption rejection,reject,True,False,rejected:checksum:payload checksum mismatch,0.03695,,False,"{""antecedent_guarded"":true}"
mutation,H01-gcd.c,bf207a4afdd7e623be4bd0751bdc1917c0ee550af0f38c0531b25bb726d1710c,string,M12,compile_original,stage routing,MR11,Requested/actual trace agreement,trace,True,False,requested=clang/Os;actual=clang/Os,0.073197,,False,"{""build"":{""actual_compiler"":""clang"",""actual_optimization"":""Os"",""binary"":""WORKDIR/string/M12/MR11/trace/build-01/artifact.bin"",""binary_sha256"":""8979583311288d6755db67bfb67a745238b66729f18570b075945ee29c1a551b"",""carrier"":""string"",""command"":[""clang"",""-std=c11"",""-fno-ident"",""-no-pie"",""-Os"",""WORKDIR/string/M12/MR11/trace/build-01/host.c"",""-o"",""WORKDIR/string/M12/MR11/trace/build-01/artifact.bin""],""effective_payload_hex"":""4d6f7270682d3031"",""key"":""key-alpha"",""mutant_id"":""M12"",""requested_compiler"":""clang"",""requested_optimization"":""Os"",""requested_payload_hex"":""4d6f7270682d3031"",""return_code"":0,""source"":""WORKDIR/string/M12/MR11/trace/build-01/host.c"",""source_sha256"":""bf207a4afdd7e623be4bd0751bdc1917c0ee550af0f38c0531b25bb726d1710c"",""stderr"":""""}}"
mutation,H01-gcd.c,bf207a4afdd7e623be4bd0751bdc1917c0ee550af0f38c0531b25bb726d1710c,string,M12,compile_original,stage routing,MR12,Interleaved artifact isolation,separate,False,True,exception:ExtractionError:logical record magic not found,0.072957,ExtractionError,False,{}
mutation,H01-gcd.c,bf207a4afdd7e623be4bd0751bdc1917c0ee550af0f38c0531b25bb726d1710c,string,M12,compile_original,stage routing,MR13,Reordered extraction independence,preserve,False,True,exception:ExtractionError:logical record magic not found,0.054368,ExtractionError,False,{}
mutation,H01-gcd.c,bf207a4afdd7e623be4bd0751bdc1917c0ee550af0f38c0531b25bb726d1710c,string,M12,compile_original,stage routing,MR14,Rebuild stability,preserve,False,True,exception:ExtractionError:logical record magic not found,0.12692,ExtractionError,False,{}
mutation,H01-gcd.c,bf207a4afdd7e623be4bd0751bdc1917c0ee550af0f38c0531b25bb726d1710c,string,M13,force_gcc,configuration,MR01,Round-trip fidelity,preserve,True,False,extracted=b'Morph-01',0.045397,,False,"{""build"":{""actual_compiler"":""gcc"",""actual_optimization"":""O2"",""binary"":""WORKDIR/string/M13/MR01/marked/build-01/artifact.bin"",""binary_sha256"":""b8e5790f338ae8db35cfffc794a440a51f513484ba40b60dbac7eb19948f430c"",""carrier"":""string"",""command"":[""gcc"",""-std=c11"",""-fno-ident"",""-no-pie"",""-O2"",""WORKDIR/string/M13/MR01/marked/build-01/host.c"",""-o"",""WORKDIR/string/M13/MR01/marked/build-01/artifact.bin""],""effective_payload_hex"":""4d6f7270682d3031"",""key"":""key-alpha"",""mutant_id"":""M13"",""requested_compiler"":""gcc"",""requested_optimization"":""O2"",""requested_payload_hex"":""4d6f7270682d3031"",""return_code"":0,""source"":""WORKDIR/string/M13/MR01/marked/build-01/host.c"",""source_sha256"":""de3dd3bc3add920f6b14f3cfa83262c596594edfaf1d5fcc70bb4bc78a38fa0e"",""stderr"":""""},""extracted_hex"":""4d6f7270682d3031""}"
mutation,H01-gcd.c,bf207a4afdd7e623be4bd0751bdc1917c0ee550af0f38c0531b25bb726d1710c,string,M13,force_gcc,configuration,MR02,Host-semantic preservation,preserve,True,False,mismatch_count=0,0.154578,,False,"{""mismatches"":[]}"
mutation,H01-gcd.c,bf207a4afdd7e623be4bd0751bdc1917c0ee550af0f38c0531b25bb726d1710c,string,M13,force_gcc,configuration,MR03,Unmarked rejection,reject,True,False,rejected:absent:logical record magic not found,0.079876,,False,"{""unmarked_binary_sha256"":""17288de5d8ffc83b2223ee650ec19f96fa9b779f3eb45b8e2433c730b7a1e3e2""}"
mutation,H01-gcd.c,bf207a4afdd7e623be4bd0751bdc1917c0ee550af0f38c0531b25bb726d1710c,string,M13,force_gcc,configuration,MR04,Wrong-key rejection,reject,True,False,rejected:wrong-key:key tag mismatch,0.058664,,False,"{""antecedent_guarded"":true,""antecedent_hex"":""4d6f7270682d3031""}"
mutation,H01-gcd.c,bf207a4afdd7e623be4bd0751bdc1917c0ee550af0f38c0531b25bb726d1710c,string,M13,force_gcc,configuration,MR05,Payload separation,separate,True,False,first=b'Morph-01';second=b'Second-2',0.144254,,False,"{""first_hex"":""4d6f7270682d3031"",""second_hex"":""5365636f6e642d32""}"
mutation,H01-gcd.c,bf207a4afdd7e623be4bd0751bdc1917c0ee550af0f38c0531b25bb726d1710c,string,M13,force_gcc,configuration,MR06,Cross-compiler invariance,preserve,True,False,"payloads=b'Morph-01',b'Morph-01';semantic_equal=True",0.110698,,False,"{""clang_actual"":""gcc"",""gcc_actual"":""gcc""}"
mutation,H01-gcd.c,bf207a4afdd7e623be4bd0751bdc1917c0ee550af0f38c0531b25bb726d1710c,string,M13,force_gcc,configuration,MR07,Optimization invariance,preserve,True,False,"payloads=['Morph-01', 'Morph-01', 'Morph-01'];semantic_equal=True",0.199888,,False,{}
mutation,H01-gcd.c,bf207a4afdd7e623be4bd0751bdc1917c0ee550af0f38c0531b25bb726d1710c,string,M13,force_gcc,configuration,MR08,Clean-room relocation,preserve,True,False,relocated=b'Morph-01',0.050616,,False,"{""clean_room_entries"":[""renamed-artifact.bin""],""relocated_hex"":""4d6f7270682d3031""}"
mutation,H01-gcd.c,bf207a4afdd7e623be4bd0751bdc1917c0ee550af0f38c0531b25bb726d1710c,string,M13,force_gcc,configuration,MR09,Carrier-removal rejection,reject,True,False,rejected:absent:logical record magic not found,0.044332,,False,"{""antecedent_guarded"":true}"
mutation,H01-gcd.c,bf207a4afdd7e623be4bd0751bdc1917c0ee550af0f38c0531b25bb726d1710c,string,M13,force_gcc,configuration,MR10,Carrier-corruption rejection,reject,True,False,rejected:checksum:payload checksum mismatch,0.08044,,False,"{""antecedent_guarded"":true}"
mutation,H01-gcd.c,bf207a4afdd7e623be4bd0751bdc1917c0ee550af0f38c0531b25bb726d1710c,string,M13,force_gcc,configuration,MR11,Requested/actual trace agreement,trace,False,True,requested=clang/Os;actual=gcc/Os,0.031665,,False,"{""build"":{""actual_compiler"":""gcc"",""actual_optimization"":""Os"",""binary"":""WORKDIR/string/M13/MR11/trace/build-01/artifact.bin"",""binary_sha256"":""6229fadbf21a1675f445b8e07af7967457eaccdfb826afce65dbb2413911252d"",""carrier"":""string"",""command"":[""gcc"",""-std=c11"",""-fno-ident"",""-no-pie"",""-Os"",""WORKDIR/string/M13/MR11/trace/build-01/host.c"",""-o"",""WORKDIR/string/M13/MR11/trace/build-01/artifact.bin""],""effective_payload_hex"":""4d6f7270682d3031"",""key"":""key-alpha"",""mutant_id"":""M13"",""requested_compiler"":""clang"",""requested_optimization"":""Os"",""requested_payload_hex"":""4d6f7270682d3031"",""return_code"":0,""source"":""WORKDIR/string/M13/MR11/trace/build-01/host.c"",""source_sha256"":""de3dd3bc3add920f6b14f3cfa83262c596594edfaf1d5fcc70bb4bc78a38fa0e"",""stderr"":""""}}"
mutation,H01-gcd.c,bf207a4afdd7e623be4bd0751bdc1917c0ee550af0f38c0531b25bb726d1710c,string,M13,force_gcc,configuration,MR12,Interleaved artifact isolation,separate,True,False,first=b'Morph-01';second=b'Second-2',0.122951,,False,{}
mutation,H01-gcd.c,bf207a4afdd7e623be4bd0751bdc1917c0ee550af0f38c0531b25bb726d1710c,string,M13,force_gcc,configuration,MR13,Reordered extraction independence,preserve,True,False,before=b'Morph-01';after=b'Morph-01',0.084697,,False,{}
mutation,H01-gcd.c,bf207a4afdd7e623be4bd0751bdc1917c0ee550af0f38c0531b25bb726d1710c,string,M13,force_gcc,configuration,MR14,Rebuild stability,preserve,True,False,first=b'Morph-01';second=b'Morph-01',0.145776,,False,"{""binary_bytes_equal"":true}"
mutation,H01-gcd.c,bf207a4afdd7e623be4bd0751bdc1917c0ee550af0f38c0531b25bb726d1710c,string,M14,force_O0,configuration,MR01,Round-trip fidelity,preserve,True,False,extracted=b'Morph-01',0.072546,,False,"{""build"":{""actual_compiler"":""gcc"",""actual_optimization"":""O0"",""binary"":""WORKDIR/string/M14/MR01/marked/build-01/artifact.bin"",""binary_sha256"":""aa4ee3211125033bc560f008603cdc043ea899be400e5a47d99debbac691ede0"",""carrier"":""string"",""command"":[""gcc"",""-std=c11"",""-fno-ident"",""-no-pie"",""-O0"",""WORKDIR/string/M14/MR01/marked/build-01/host.c"",""-o"",""WORKDIR/string/M14/MR01/marked/build-01/artifact.bin""],""effective_payload_hex"":""4d6f7270682d3031"",""key"":""key-alpha"",""mutant_id"":""M14"",""requested_compiler"":""gcc"",""requested_optimization"":""O2"",""requested_payload_hex"":""4d6f7270682d3031"",""return_code"":0,""source"":""WORKDIR/string/M14/MR01/marked/build-01/host.c"",""source_sha256"":""de3dd3bc3add920f6b14f3cfa83262c596594edfaf1d5fcc70bb4bc78a38fa0e"",""stderr"":""""},""extracted_hex"":""4d6f7270682d3031""}"
mutation,H01-gcd.c,bf207a4afdd7e623be4bd0751bdc1917c0ee550af0f38c0531b25bb726d1710c,string,M14,force_O0,configuration,MR02,Host-semantic preservation,preserve,True,False,mismatch_count=0,0.14356,,False,"{""mismatches"":[]}"
mutation,H01-gcd.c,bf207a4afdd7e623be4bd0751bdc1917c0ee550af0f38c0531b25bb726d1710c,string,M14,force_O0,configuration,MR03,Unmarked rejection,reject,True,False,rejected:absent:logical record magic not found,0.03841,,False,"{""unmarked_binary_sha256"":""9b4d3b3c14fed8daa1b0d67cbd603737a48b61b6fcbe1d6f6b318081d458be0b""}"
mutation,H01-gcd.c,bf207a4afdd7e623be4bd0751bdc1917c0ee550af0f38c0531b25bb726d1710c,string,M14,force_O0,configuration,MR04,Wrong-key rejection,reject,True,False,rejected:wrong-key:key tag mismatch,0.047799,,False,"{""antecedent_guarded"":true,""antecedent_hex"":""4d6f7270682d3031""}"
mutation,H01-gcd.c,bf207a4afdd7e623be4bd0751bdc1917c0ee550af0f38c0531b25bb726d1710c,string,M14,force_O0,configuration,MR05,Payload separation,separate,True,False,first=b'Morph-01';second=b'Second-2',0.094844,,False,"{""first_hex"":""4d6f7270682d3031"",""second_hex"":""5365636f6e642d32""}"
mutation,H01-gcd.c,bf207a4afdd7e623be4bd0751bdc1917c0ee550af0f38c0531b25bb726d1710c,string,M14,force_O0,configuration,MR06,Cross-compiler invariance,preserve,True,False,"payloads=b'Morph-01',b'Morph-01';semantic_equal=True",0.158785,,False,"{""clang_actual"":""clang"",""gcc_actual"":""gcc""}"
mutation,H01-gcd.c,bf207a4afdd7e623be4bd0751bdc1917c0ee550af0f38c0531b25bb726d1710c,string,M14,force_O0,configuration,MR07,Optimization invariance,preserve,True,False,"payloads=['Morph-01', 'Morph-01', 'Morph-01'];semantic_equal=True",0.208241,,False,{}
mutation,H01-gcd.c,bf207a4afdd7e623be4bd0751bdc1917c0ee550af0f38c0531b25bb726d1710c,string,M14,force_O0,configuration,MR08,Clean-room relocation,preserve,True,False,relocated=b'Morph-01',0.06499,,False,"{""clean_room_entries"":[""renamed-artifact.bin""],""relocated_hex"":""4d6f7270682d3031""}"
mutation,H01-gcd.c,bf207a4afdd7e623be4bd0751bdc1917c0ee550af0f38c0531b25bb726d1710c,string,M14,force_O0,configuration,MR09,Carrier-removal rejection,reject,True,False,rejected:absent:logical record magic not found,0.054501,,False,"{""antecedent_guarded"":true}"
mutation,H01-gcd.c,bf207a4afdd7e623be4bd0751bdc1917c0ee550af0f38c0531b25bb726d1710c,string,M14,force_O0,configuration,MR10,Carrier-corruption rejection,reject,True,False,rejected:checksum:payload checksum mismatch,0.06381,,False,"{""antecedent_guarded"":true}"
mutation,H01-gcd.c,bf207a4afdd7e623be4bd0751bdc1917c0ee550af0f38c0531b25bb726d1710c,string,M14,force_O0,configuration,MR11,Requested/actual trace agreement,trace,False,True,requested=clang/Os;actual=clang/O0,0.044726,,False,"{""build"":{""actual_compiler"":""clang"",""actual_optimization"":""O0"",""binary"":""WORKDIR/string/M14/MR11/trace/build-01/artifact.bin"",""binary_sha256"":""0448246b6dfc5ceef756ce44ee747b7e724419c6d1d329df08a57018d5da6ea2"",""carrier"":""string"",""command"":[""clang"",""-std=c11"",""-fno-ident"",""-no-pie"",""-O0"",""WORKDIR/string/M14/MR11/trace/build-01/host.c"",""-o"",""WORKDIR/string/M14/MR11/trace/build-01/artifact.bin""],""effective_payload_hex"":""4d6f7270682d3031"",""key"":""key-alpha"",""mutant_id"":""M14"",""requested_compiler"":""clang"",""requested_optimization"":""Os"",""requested_payload_hex"":""4d6f7270682d3031"",""return_code"":0,""source"":""WORKDIR/string/M14/MR11/trace/build-01/host.c"",""source_sha256"":""de3dd3bc3add920f6b14f3cfa83262c596594edfaf1d5fcc70bb4bc78a38fa0e"",""stderr"":""""}}"
mutation,H01-gcd.c,bf207a4afdd7e623be4bd0751bdc1917c0ee550af0f38c0531b25bb726d1710c,string,M14,force_O0,configuration,MR12,Interleaved artifact isolation,separate,True,False,first=b'Morph-01';second=b'Second-2',0.10349,,False,{}
mutation,H01-gcd.c,bf207a4afdd7e623be4bd0751bdc1917c0ee550af0f38c0531b25bb726d1710c,string,M14,force_O0,configuration,MR13,Reordered extraction independence,preserve,True,False,before=b'Morph-01';after=b'Morph-01',0.107632,,False,{}
mutation,H01-gcd.c,bf207a4afdd7e623be4bd0751bdc1917c0ee550af0f38c0531b25bb726d1710c,string,M14,force_O0,configuration,MR14,Rebuild stability,preserve,True,False,first=b'Morph-01';second=b'Morph-01',0.092308,,False,"{""binary_bytes_equal"":true}"
mutation,H01-gcd.c,bf207a4afdd7e623be4bd0751bdc1917c0ee550af0f38c0531b25bb726d1710c,string,M15,transform_noop,transformation,MR01,Round-trip fidelity,preserve,True,False,extracted=b'Morph-01',0.081039,,False,"{""build"":{""actual_compiler"":""gcc"",""actual_optimization"":""O2"",""binary"":""WORKDIR/string/M15/MR01/marked/build-01/artifact.bin"",""binary_sha256"":""b8e5790f338ae8db35cfffc794a440a51f513484ba40b60dbac7eb19948f430c"",""carrier"":""string"",""command"":[""gcc"",""-std=c11"",""-fno-ident"",""-no-pie"",""-O2"",""WORKDIR/string/M15/MR01/marked/build-01/host.c"",""-o"",""WORKDIR/string/M15/MR01/marked/build-01/artifact.bin""],""effective_payload_hex"":""4d6f7270682d3031"",""key"":""key-alpha"",""mutant_id"":""M15"",""requested_compiler"":""gcc"",""requested_optimization"":""O2"",""requested_payload_hex"":""4d6f7270682d3031"",""return_code"":0,""source"":""WORKDIR/string/M15/MR01/marked/build-01/host.c"",""source_sha256"":""de3dd3bc3add920f6b14f3cfa83262c596594edfaf1d5fcc70bb4bc78a38fa0e"",""stderr"":""""},""extracted_hex"":""4d6f7270682d3031""}"
mutation,H01-gcd.c,bf207a4afdd7e623be4bd0751bdc1917c0ee550af0f38c0531b25bb726d1710c,string,M15,transform_noop,transformation,MR02,Host-semantic preservation,preserve,True,False,mismatch_count=0,0.162297,,False,"{""mismatches"":[]}"
mutation,H01-gcd.c,bf207a4afdd7e623be4bd0751bdc1917c0ee550af0f38c0531b25bb726d1710c,string,M15,transform_noop,transformation,MR03,Unmarked rejection,reject,True,False,rejected:absent:logical record magic not found,0.071477,,False,"{""unmarked_binary_sha256"":""17288de5d8ffc83b2223ee650ec19f96fa9b779f3eb45b8e2433c730b7a1e3e2""}"
mutation,H01-gcd.c,bf207a4afdd7e623be4bd0751bdc1917c0ee550af0f38c0531b25bb726d1710c,string,M15,transform_noop,transformation,MR04,Wrong-key rejection,reject,True,False,rejected:wrong-key:key tag mismatch,0.042379,,False,"{""antecedent_guarded"":true,""antecedent_hex"":""4d6f7270682d3031""}"
mutation,H01-gcd.c,bf207a4afdd7e623be4bd0751bdc1917c0ee550af0f38c0531b25bb726d1710c,string,M15,transform_noop,transformation,MR05,Payload separation,separate,True,False,first=b'Morph-01';second=b'Second-2',0.141076,,False,"{""first_hex"":""4d6f7270682d3031"",""second_hex"":""5365636f6e642d32""}"
mutation,H01-gcd.c,bf207a4afdd7e623be4bd0751bdc1917c0ee550af0f38c0531b25bb726d1710c,string,M15,transform_noop,transformation,MR06,Cross-compiler invariance,preserve,True,False,"payloads=b'Morph-01',b'Morph-01';semantic_equal=True",0.180757,,False,"{""clang_actual"":""clang"",""gcc_actual"":""gcc""}"
mutation,H01-gcd.c,bf207a4afdd7e623be4bd0751bdc1917c0ee550af0f38c0531b25bb726d1710c,string,M15,transform_noop,transformation,MR07,Optimization invariance,preserve,True,False,"payloads=['Morph-01', 'Morph-01', 'Morph-01'];semantic_equal=True",0.205322,,False,{}
mutation,H01-gcd.c,bf207a4afdd7e623be4bd0751bdc1917c0ee550af0f38c0531b25bb726d1710c,string,M15,transform_noop,transformation,MR08,Clean-room relocation,preserve,True,False,relocated=b'Morph-01',0.06736,,False,"{""clean_room_entries"":[""renamed-artifact.bin""],""relocated_hex"":""4d6f7270682d3031""}"
mutation,H01-gcd.c,bf207a4afdd7e623be4bd0751bdc1917c0ee550af0f38c0531b25bb726d1710c,string,M15,transform_noop,transformation,MR09,Carrier-removal rejection,reject,False,True,spurious robustness:accepted:b'Morph-01',0.058882,,False,"{""antecedent_guarded"":true}"
mutation,H01-gcd.c,bf207a4afdd7e623be4bd0751bdc1917c0ee550af0f38c0531b25bb726d1710c,string,M15,transform_noop,transformation,MR10,Carrier-corruption rejection,reject,True,False,rejected:checksum:payload checksum mismatch,0.06305,,False,"{""antecedent_guarded"":true}"
mutation,H01-gcd.c,bf207a4afdd7e623be4bd0751bdc1917c0ee550af0f38c0531b25bb726d1710c,string,M15,transform_noop,transformation,MR11,Requested/actual trace agreement,trace,True,False,requested=clang/Os;actual=clang/Os,0.084018,,False,"{""build"":{""actual_compiler"":""clang"",""actual_optimization"":""Os"",""binary"":""WORKDIR/string/M15/MR11/trace/build-01/artifact.bin"",""binary_sha256"":""bf1b3f8ba8daa55b6d499a4bbb63a61efb7b30a4d426a514b1ce3e529d1be05b"",""carrier"":""string"",""command"":[""clang"",""-std=c11"",""-fno-ident"",""-no-pie"",""-Os"",""WORKDIR/string/M15/MR11/trace/build-01/host.c"",""-o"",""WORKDIR/string/M15/MR11/trace/build-01/artifact.bin""],""effective_payload_hex"":""4d6f7270682d3031"",""key"":""key-alpha"",""mutant_id"":""M15"",""requested_compiler"":""clang"",""requested_optimization"":""Os"",""requested_payload_hex"":""4d6f7270682d3031"",""return_code"":0,""source"":""WORKDIR/string/M15/MR11/trace/build-01/host.c"",""source_sha256"":""de3dd3bc3add920f6b14f3cfa83262c596594edfaf1d5fcc70bb4bc78a38fa0e"",""stderr"":""""}}"
mutation,H01-gcd.c,bf207a4afdd7e623be4bd0751bdc1917c0ee550af0f38c0531b25bb726d1710c,string,M15,transform_noop,transformation,MR12,Interleaved artifact isolation,separate,True,False,first=b'Morph-01';second=b'Second-2',0.141511,,False,{}
mutation,H01-gcd.c,bf207a4afdd7e623be4bd0751bdc1917c0ee550af0f38c0531b25bb726d1710c,string,M15,transform_noop,transformation,MR13,Reordered extraction independence,preserve,True,False,before=b'Morph-01';after=b'Morph-01',0.14144,,False,{}
mutation,H01-gcd.c,bf207a4afdd7e623be4bd0751bdc1917c0ee550af0f38c0531b25bb726d1710c,string,M15,transform_noop,transformation,MR14,Rebuild stability,preserve,True,False,first=b'Morph-01';second=b'Morph-01',0.141934,,False,"{""binary_bytes_equal"":true}"
mutation,H01-gcd.c,bf207a4afdd7e623be4bd0751bdc1917c0ee550af0f38c0531b25bb726d1710c,string,M16,checksum_bypass,integrity,MR01,Round-trip fidelity,preserve,True,False,extracted=b'Morph-01',0.086033,,False,"{""build"":{""actual_compiler"":""gcc"",""actual_optimization"":""O2"",""binary"":""WORKDIR/string/M16/MR01/marked/build-01/artifact.bin"",""binary_sha256"":""b8e5790f338ae8db35cfffc794a440a51f513484ba40b60dbac7eb19948f430c"",""carrier"":""string"",""command"":[""gcc"",""-std=c11"",""-fno-ident"",""-no-pie"",""-O2"",""WORKDIR/string/M16/MR01/marked/build-01/host.c"",""-o"",""WORKDIR/string/M16/MR01/marked/build-01/artifact.bin""],""effective_payload_hex"":""4d6f7270682d3031"",""key"":""key-alpha"",""mutant_id"":""M16"",""requested_compiler"":""gcc"",""requested_optimization"":""O2"",""requested_payload_hex"":""4d6f7270682d3031"",""return_code"":0,""source"":""WORKDIR/string/M16/MR01/marked/build-01/host.c"",""source_sha256"":""de3dd3bc3add920f6b14f3cfa83262c596594edfaf1d5fcc70bb4bc78a38fa0e"",""stderr"":""""},""extracted_hex"":""4d6f7270682d3031""}"
mutation,H01-gcd.c,bf207a4afdd7e623be4bd0751bdc1917c0ee550af0f38c0531b25bb726d1710c,string,M16,checksum_bypass,integrity,MR02,Host-semantic preservation,preserve,True,False,mismatch_count=0,0.177661,,False,"{""mismatches"":[]}"
mutation,H01-gcd.c,bf207a4afdd7e623be4bd0751bdc1917c0ee550af0f38c0531b25bb726d1710c,string,M16,checksum_bypass,integrity,MR03,Unmarked rejection,reject,True,False,rejected:absent:logical record magic not found,0.057707,,False,"{""unmarked_binary_sha256"":""17288de5d8ffc83b2223ee650ec19f96fa9b779f3eb45b8e2433c730b7a1e3e2""}"
mutation,H01-gcd.c,bf207a4afdd7e623be4bd0751bdc1917c0ee550af0f38c0531b25bb726d1710c,string,M16,checksum_bypass,integrity,MR04,Wrong-key rejection,reject,True,False,rejected:wrong-key:key tag mismatch,0.050458,,False,"{""antecedent_guarded"":true,""antecedent_hex"":""4d6f7270682d3031""}"
mutation,H01-gcd.c,bf207a4afdd7e623be4bd0751bdc1917c0ee550af0f38c0531b25bb726d1710c,string,M16,checksum_bypass,integrity,MR05,Payload separation,separate,True,False,first=b'Morph-01';second=b'Second-2',0.14891,,False,"{""first_hex"":""4d6f7270682d3031"",""second_hex"":""5365636f6e642d32""}"
mutation,H01-gcd.c,bf207a4afdd7e623be4bd0751bdc1917c0ee550af0f38c0531b25bb726d1710c,string,M16,checksum_bypass,integrity,MR06,Cross-compiler invariance,preserve,True,False,"payloads=b'Morph-01',b'Morph-01';semantic_equal=True",0.210604,,False,"{""clang_actual"":""clang"",""gcc_actual"":""gcc""}"
mutation,H01-gcd.c,bf207a4afdd7e623be4bd0751bdc1917c0ee550af0f38c0531b25bb726d1710c,string,M16,checksum_bypass,integrity,MR07,Optimization invariance,preserve,True,False,"payloads=['Morph-01', 'Morph-01', 'Morph-01'];semantic_equal=True",0.294644,,False,{}
mutation,H01-gcd.c,bf207a4afdd7e623be4bd0751bdc1917c0ee550af0f38c0531b25bb726d1710c,string,M16,checksum_bypass,integrity,MR08,Clean-room relocation,preserve,True,False,relocated=b'Morph-01',0.088313,,False,"{""clean_room_entries"":[""renamed-artifact.bin""],""relocated_hex"":""4d6f7270682d3031""}"
mutation,H01-gcd.c,bf207a4afdd7e623be4bd0751bdc1917c0ee550af0f38c0531b25bb726d1710c,string,M16,checksum_bypass,integrity,MR09,Carrier-removal rejection,reject,True,False,rejected:absent:logical record magic not found,0.072843,,False,"{""antecedent_guarded"":true}"
mutation,H01-gcd.c,bf207a4afdd7e623be4bd0751bdc1917c0ee550af0f38c0531b25bb726d1710c,string,M16,checksum_bypass,integrity,MR10,Carrier-corruption rejection,reject,False,True,corruption accepted:accepted:b'Morph-01',0.078473,,False,"{""antecedent_guarded"":true}"
mutation,H01-gcd.c,bf207a4afdd7e623be4bd0751bdc1917c0ee550af0f38c0531b25bb726d1710c,string,M16,checksum_bypass,integrity,MR11,Requested/actual trace agreement,trace,True,False,requested=clang/Os;actual=clang/Os,0.084749,,False,"{""build"":{""actual_compiler"":""clang"",""actual_optimization"":""Os"",""binary"":""WORKDIR/string/M16/MR11/trace/build-01/artifact.bin"",""binary_sha256"":""bf1b3f8ba8daa55b6d499a4bbb63a61efb7b30a4d426a514b1ce3e529d1be05b"",""carrier"":""string"",""command"":[""clang"",""-std=c11"",""-fno-ident"",""-no-pie"",""-Os"",""WORKDIR/string/M16/MR11/trace/build-01/host.c"",""-o"",""WORKDIR/string/M16/MR11/trace/build-01/artifact.bin""],""effective_payload_hex"":""4d6f7270682d3031"",""key"":""key-alpha"",""mutant_id"":""M16"",""requested_compiler"":""clang"",""requested_optimization"":""Os"",""requested_payload_hex"":""4d6f7270682d3031"",""return_code"":0,""source"":""WORKDIR/string/M16/MR11/trace/build-01/host.c"",""source_sha256"":""de3dd3bc3add920f6b14f3cfa83262c596594edfaf1d5fcc70bb4bc78a38fa0e"",""stderr"":""""}}"
mutation,H01-gcd.c,bf207a4afdd7e623be4bd0751bdc1917c0ee550af0f38c0531b25bb726d1710c,string,M16,checksum_bypass,integrity,MR12,Interleaved artifact isolation,separate,True,False,first=b'Morph-01';second=b'Second-2',0.125413,,False,{}
mutation,H01-gcd.c,bf207a4afdd7e623be4bd0751bdc1917c0ee550af0f38c0531b25bb726d1710c,string,M16,checksum_bypass,integrity,MR13,Reordered extraction independence,preserve,True,False,before=b'Morph-01';after=b'Morph-01',0.185771,,False,{}
mutation,H01-gcd.c,bf207a4afdd7e623be4bd0751bdc1917c0ee550af0f38c0531b25bb726d1710c,string,M16,checksum_bypass,integrity,MR14,Rebuild stability,preserve,True,False,first=b'Morph-01';second=b'Morph-01',0.087682,,False,"{""binary_bytes_equal"":true}"
mutation,H01-gcd.c,bf207a4afdd7e623be4bd0751bdc1917c0ee550af0f38c0531b25bb726d1710c,string,M17,filename_bound,artifact binding,MR01,Round-trip fidelity,preserve,True,False,extracted=b'Morph-01',0.074416,,False,"{""build"":{""actual_compiler"":""gcc"",""actual_optimization"":""O2"",""binary"":""WORKDIR/string/M17/MR01/marked/build-01/artifact.bin"",""binary_sha256"":""b8e5790f338ae8db35cfffc794a440a51f513484ba40b60dbac7eb19948f430c"",""carrier"":""string"",""command"":[""gcc"",""-std=c11"",""-fno-ident"",""-no-pie"",""-O2"",""WORKDIR/string/M17/MR01/marked/build-01/host.c"",""-o"",""WORKDIR/string/M17/MR01/marked/build-01/artifact.bin""],""effective_payload_hex"":""4d6f7270682d3031"",""key"":""key-alpha"",""mutant_id"":""M17"",""requested_compiler"":""gcc"",""requested_optimization"":""O2"",""requested_payload_hex"":""4d6f7270682d3031"",""return_code"":0,""source"":""WORKDIR/string/M17/MR01/marked/build-01/host.c"",""source_sha256"":""de3dd3bc3add920f6b14f3cfa83262c596594edfaf1d5fcc70bb4bc78a38fa0e"",""stderr"":""""},""extracted_hex"":""4d6f7270682d3031""}"
mutation,H01-gcd.c,bf207a4afdd7e623be4bd0751bdc1917c0ee550af0f38c0531b25bb726d1710c,string,M17,filename_bound,artifact binding,MR02,Host-semantic preservation,preserve,True,False,mismatch_count=0,0.187846,,False,"{""mismatches"":[]}"
mutation,H01-gcd.c,bf207a4afdd7e623be4bd0751bdc1917c0ee550af0f38c0531b25bb726d1710c,string,M17,filename_bound,artifact binding,MR03,Unmarked rejection,reject,True,False,rejected:absent:logical record magic not found,0.072155,,False,"{""unmarked_binary_sha256"":""17288de5d8ffc83b2223ee650ec19f96fa9b779f3eb45b8e2433c730b7a1e3e2""}"
mutation,H01-gcd.c,bf207a4afdd7e623be4bd0751bdc1917c0ee550af0f38c0531b25bb726d1710c,string,M17,filename_bound,artifact binding,MR04,Wrong-key rejection,reject,True,False,rejected:wrong-key:key tag mismatch,0.057737,,False,"{""antecedent_guarded"":true,""antecedent_hex"":""4d6f7270682d3031""}"
mutation,H01-gcd.c,bf207a4afdd7e623be4bd0751bdc1917c0ee550af0f38c0531b25bb726d1710c,string,M17,filename_bound,artifact binding,MR05,Payload separation,separate,True,False,first=b'Morph-01';second=b'Second-2',0.121532,,False,"{""first_hex"":""4d6f7270682d3031"",""second_hex"":""5365636f6e642d32""}"
mutation,H01-gcd.c,bf207a4afdd7e623be4bd0751bdc1917c0ee550af0f38c0531b25bb726d1710c,string,M17,filename_bound,artifact binding,MR06,Cross-compiler invariance,preserve,True,False,"payloads=b'Morph-01',b'Morph-01';semantic_equal=True",0.177587,,False,"{""clang_actual"":""clang"",""gcc_actual"":""gcc""}"
mutation,H01-gcd.c,bf207a4afdd7e623be4bd0751bdc1917c0ee550af0f38c0531b25bb726d1710c,string,M17,filename_bound,artifact binding,MR07,Optimization invariance,preserve,True,False,"payloads=['Morph-01', 'Morph-01', 'Morph-01'];semantic_equal=True",0.268158,,False,{}
mutation,H01-gcd.c,bf207a4afdd7e623be4bd0751bdc1917c0ee550af0f38c0531b25bb726d1710c,string,M17,filename_bound,artifact binding,MR08,Clean-room relocation,preserve,False,True,exception:ExtractionError:artifact path is not an original build path,0.08395,ExtractionError,False,{}
mutation,H01-gcd.c,bf207a4afdd7e623be4bd0751bdc1917c0ee550af0f38c0531b25bb726d1710c,string,M17,filename_bound,artifact binding,MR09,Carrier-removal rejection,reject,True,False,rejected:path:artifact path is not an original build path,0.084214,,False,"{""antecedent_guarded"":true}"
mutation,H01-gcd.c,bf207a4afdd7e623be4bd0751bdc1917c0ee550af0f38c0531b25bb726d1710c,string,M17,filename_bound,artifact binding,MR10,Carrier-corruption rejection,reject,True,False,rejected:path:artifact path is not an original build path,0.058742,,False,"{""antecedent_guarded"":true}"
mutation,H01-gcd.c,bf207a4afdd7e623be4bd0751bdc1917c0ee550af0f38c0531b25bb726d1710c,string,M17,filename_bound,artifact binding,MR11,Requested/actual trace agreement,trace,True,False,requested=clang/Os;actual=clang/Os,0.112484,,False,"{""build"":{""actual_compiler"":""clang"",""actual_optimization"":""Os"",""binary"":""WORKDIR/string/M17/MR11/trace/build-01/artifact.bin"",""binary_sha256"":""bf1b3f8ba8daa55b6d499a4bbb63a61efb7b30a4d426a514b1ce3e529d1be05b"",""carrier"":""string"",""command"":[""clang"",""-std=c11"",""-fno-ident"",""-no-pie"",""-Os"",""WORKDIR/string/M17/MR11/trace/build-01/host.c"",""-o"",""WORKDIR/string/M17/MR11/trace/build-01/artifact.bin""],""effective_payload_hex"":""4d6f7270682d3031"",""key"":""key-alpha"",""mutant_id"":""M17"",""requested_compiler"":""clang"",""requested_optimization"":""Os"",""requested_payload_hex"":""4d6f7270682d3031"",""return_code"":0,""source"":""WORKDIR/string/M17/MR11/trace/build-01/host.c"",""source_sha256"":""de3dd3bc3add920f6b14f3cfa83262c596594edfaf1d5fcc70bb4bc78a38fa0e"",""stderr"":""""}}"
mutation,H01-gcd.c,bf207a4afdd7e623be4bd0751bdc1917c0ee550af0f38c0531b25bb726d1710c,string,M17,filename_bound,artifact binding,MR12,Interleaved artifact isolation,separate,True,False,first=b'Morph-01';second=b'Second-2',0.173971,,False,{}
mutation,H01-gcd.c,bf207a4afdd7e623be4bd0751bdc1917c0ee550af0f38c0531b25bb726d1710c,string,M17,filename_bound,artifact binding,MR13,Reordered extraction independence,preserve,True,False,before=b'Morph-01';after=b'Morph-01',0.140807,,False,{}
mutation,H01-gcd.c,bf207a4afdd7e623be4bd0751bdc1917c0ee550af0f38c0531b25bb726d1710c,string,M17,filename_bound,artifact binding,MR14,Rebuild stability,preserve,True,False,first=b'Morph-01';second=b'Morph-01',0.11327,,False,"{""binary_bytes_equal"":true}"
mutation,H01-gcd.c,bf207a4afdd7e623be4bd0751bdc1917c0ee550af0f38c0531b25bb726d1710c,string,M18,stale_binary,state,MR01,Round-trip fidelity,preserve,True,False,extracted=b'Morph-01',0.068084,,False,"{""build"":{""actual_compiler"":""gcc"",""actual_optimization"":""O2"",""binary"":""WORKDIR/string/M18/MR01/marked/build-01/artifact.bin"",""binary_sha256"":""b8e5790f338ae8db35cfffc794a440a51f513484ba40b60dbac7eb19948f430c"",""carrier"":""string"",""command"":[""gcc"",""-std=c11"",""-fno-ident"",""-no-pie"",""-O2"",""WORKDIR/string/M18/MR01/marked/build-01/host.c"",""-o"",""WORKDIR/string/M18/MR01/marked/build-01/artifact.bin""],""effective_payload_hex"":""4d6f7270682d3031"",""key"":""key-alpha"",""mutant_id"":""M18"",""requested_compiler"":""gcc"",""requested_optimization"":""O2"",""requested_payload_hex"":""4d6f7270682d3031"",""return_code"":0,""source"":""WORKDIR/string/M18/MR01/marked/build-01/host.c"",""source_sha256"":""de3dd3bc3add920f6b14f3cfa83262c596594edfaf1d5fcc70bb4bc78a38fa0e"",""stderr"":""""},""extracted_hex"":""4d6f7270682d3031""}"
mutation,H01-gcd.c,bf207a4afdd7e623be4bd0751bdc1917c0ee550af0f38c0531b25bb726d1710c,string,M18,stale_binary,state,MR02,Host-semantic preservation,preserve,True,False,mismatch_count=0,0.182322,,False,"{""mismatches"":[]}"
mutation,H01-gcd.c,bf207a4afdd7e623be4bd0751bdc1917c0ee550af0f38c0531b25bb726d1710c,string,M18,stale_binary,state,MR03,Unmarked rejection,reject,True,False,rejected:absent:logical record magic not found,0.060563,,False,"{""unmarked_binary_sha256"":""17288de5d8ffc83b2223ee650ec19f96fa9b779f3eb45b8e2433c730b7a1e3e2""}"
mutation,H01-gcd.c,bf207a4afdd7e623be4bd0751bdc1917c0ee550af0f38c0531b25bb726d1710c,string,M18,stale_binary,state,MR04,Wrong-key rejection,reject,True,False,rejected:wrong-key:key tag mismatch,0.084244,,False,"{""antecedent_guarded"":true,""antecedent_hex"":""4d6f7270682d3031""}"
mutation,H01-gcd.c,bf207a4afdd7e623be4bd0751bdc1917c0ee550af0f38c0531b25bb726d1710c,string,M18,stale_binary,state,MR05,Payload separation,separate,False,True,first=b'Morph-01';second=b'Morph-01',0.081701,,False,"{""first_hex"":""4d6f7270682d3031"",""second_hex"":""4d6f7270682d3031""}"
mutation,H01-gcd.c,bf207a4afdd7e623be4bd0751bdc1917c0ee550af0f38c0531b25bb726d1710c,string,M18,stale_binary,state,MR06,Cross-compiler invariance,preserve,True,False,"payloads=b'Morph-01',b'Morph-01';semantic_equal=True",0.120857,,False,"{""clang_actual"":""gcc"",""gcc_actual"":""gcc""}"
mutation,H01-gcd.c,bf207a4afdd7e623be4bd0751bdc1917c0ee550af0f38c0531b25bb726d1710c,string,M18,stale_binary,state,MR07,Optimization invariance,preserve,True,False,"payloads=['Morph-01', 'Morph-01', 'Morph-01'];semantic_equal=True",0.142431,,False,{}
mutation,H01-gcd.c,bf207a4afdd7e623be4bd0751bdc1917c0ee550af0f38c0531b25bb726d1710c,string,M18,stale_binary,state,MR08,Clean-room relocation,preserve,True,False,relocated=b'Morph-01',0.063684,,False,"{""clean_room_entries"":[""renamed-artifact.bin""],""relocated_hex"":""4d6f7270682d3031""}"
mutation,H01-gcd.c,bf207a4afdd7e623be4bd0751bdc1917c0ee550af0f38c0531b25bb726d1710c,string,M18,stale_binary,state,MR09,Carrier-removal rejection,reject,True,False,rejected:absent:logical record magic not found,0.043191,,False,"{""antecedent_guarded"":true}"
mutation,H01-gcd.c,bf207a4afdd7e623be4bd0751bdc1917c0ee550af0f38c0531b25bb726d1710c,string,M18,stale_binary,state,MR10,Carrier-corruption rejection,reject,False,True,corruption accepted:accepted:b'Morph-01',0.060068,,False,"{""antecedent_guarded"":true}"
mutation,H01-gcd.c,bf207a4afdd7e623be4bd0751bdc1917c0ee550af0f38c0531b25bb726d1710c,string,M18,stale_binary,state,MR11,Requested/actual trace agreement,trace,True,False,requested=clang/Os;actual=clang/Os,0.089619,,False,"{""build"":{""actual_compiler"":""clang"",""actual_optimization"":""Os"",""binary"":""WORKDIR/string/M18/MR11/trace/build-01/artifact.bin"",""binary_sha256"":""bf1b3f8ba8daa55b6d499a4bbb63a61efb7b30a4d426a514b1ce3e529d1be05b"",""carrier"":""string"",""command"":[""clang"",""-std=c11"",""-fno-ident"",""-no-pie"",""-Os"",""WORKDIR/string/M18/MR11/trace/build-01/host.c"",""-o"",""WORKDIR/string/M18/MR11/trace/build-01/artifact.bin""],""effective_payload_hex"":""4d6f7270682d3031"",""key"":""key-alpha"",""mutant_id"":""M18"",""requested_compiler"":""clang"",""requested_optimization"":""Os"",""requested_payload_hex"":""4d6f7270682d3031"",""return_code"":0,""source"":""WORKDIR/string/M18/MR11/trace/build-01/host.c"",""source_sha256"":""de3dd3bc3add920f6b14f3cfa83262c596594edfaf1d5fcc70bb4bc78a38fa0e"",""stderr"":""""}}"
mutation,H01-gcd.c,bf207a4afdd7e623be4bd0751bdc1917c0ee550af0f38c0531b25bb726d1710c,string,M18,stale_binary,state,MR12,Interleaved artifact isolation,separate,False,True,first=b'Morph-01';second=b'Morph-01',0.042992,,False,{}
mutation,H01-gcd.c,bf207a4afdd7e623be4bd0751bdc1917c0ee550af0f38c0531b25bb726d1710c,string,M18,stale_binary,state,MR13,Reordered extraction independence,preserve,True,False,before=b'Morph-01';after=b'Morph-01',0.037006,,False,{}
mutation,H01-gcd.c,bf207a4afdd7e623be4bd0751bdc1917c0ee550af0f38c0531b25bb726d1710c,string,M18,stale_binary,state,MR14,Rebuild stability,preserve,True,False,first=b'Morph-01';second=b'Morph-01',0.071153,,False,"{""binary_bytes_equal"":true}"
mutation,H01-gcd.c,bf207a4afdd7e623be4bd0751bdc1917c0ee550af0f38c0531b25bb726d1710c,string,M19,extractor_prefix,extraction,MR01,Round-trip fidelity,preserve,False,True,extracted=b'Morph-0',0.08025,,False,"{""build"":{""actual_compiler"":""gcc"",""actual_optimization"":""O2"",""binary"":""WORKDIR/string/M19/MR01/marked/build-01/artifact.bin"",""binary_sha256"":""b8e5790f338ae8db35cfffc794a440a51f513484ba40b60dbac7eb19948f430c"",""carrier"":""string"",""command"":[""gcc"",""-std=c11"",""-fno-ident"",""-no-pie"",""-O2"",""WORKDIR/string/M19/MR01/marked/build-01/host.c"",""-o"",""WORKDIR/string/M19/MR01/marked/build-01/artifact.bin""],""effective_payload_hex"":""4d6f7270682d3031"",""key"":""key-alpha"",""mutant_id"":""M19"",""requested_compiler"":""gcc"",""requested_optimization"":""O2"",""requested_payload_hex"":""4d6f7270682d3031"",""return_code"":0,""source"":""WORKDIR/string/M19/MR01/marked/build-01/host.c"",""source_sha256"":""de3dd3bc3add920f6b14f3cfa83262c596594edfaf1d5fcc70bb4bc78a38fa0e"",""stderr"":""""},""extracted_hex"":""4d6f7270682d30""}"
mutation,H01-gcd.c,bf207a4afdd7e623be4bd0751bdc1917c0ee550af0f38c0531b25bb726d1710c,string,M19,extractor_prefix,extraction,MR02,Host-semantic preservation,preserve,True,False,mismatch_count=0,0.161558,,False,"{""mismatches"":[]}"
mutation,H01-gcd.c,bf207a4afdd7e623be4bd0751bdc1917c0ee550af0f38c0531b25bb726d1710c,string,M19,extractor_prefix,extraction,MR03,Unmarked rejection,reject,True,False,rejected:absent:logical record magic not found,0.095362,,False,"{""unmarked_binary_sha256"":""17288de5d8ffc83b2223ee650ec19f96fa9b779f3eb45b8e2433c730b7a1e3e2""}"
mutation,H01-gcd.c,bf207a4afdd7e623be4bd0751bdc1917c0ee550af0f38c0531b25bb726d1710c,string,M19,extractor_prefix,extraction,MR04,Wrong-key rejection,reject,True,False,rejected:wrong-key:key tag mismatch,0.073492,,False,"{""antecedent_guarded"":true,""antecedent_hex"":""4d6f7270682d3031""}"
mutation,H01-gcd.c,bf207a4afdd7e623be4bd0751bdc1917c0ee550af0f38c0531b25bb726d1710c,string,M19,extractor_prefix,extraction,MR05,Payload separation,separate,False,True,first=b'Morph-0';second=b'Second-',0.157436,,False,"{""first_hex"":""4d6f7270682d30"",""second_hex"":""5365636f6e642d""}"
mutation,H01-gcd.c,bf207a4afdd7e623be4bd0751bdc1917c0ee550af0f38c0531b25bb726d1710c,string,M19,extractor_prefix,extraction,MR06,Cross-compiler invariance,preserve,False,True,"payloads=b'Morph-0',b'Morph-0';semantic_equal=True",0.169605,,False,"{""clang_actual"":""clang"",""gcc_actual"":""gcc""}"
mutation,H01-gcd.c,bf207a4afdd7e623be4bd0751bdc1917c0ee550af0f38c0531b25bb726d1710c,string,M19,extractor_prefix,extraction,MR07,Optimization invariance,preserve,False,True,"payloads=['Morph-0', 'Morph-0', 'Morph-0'];semantic_equal=True",0.250656,,False,{}
mutation,H01-gcd.c,bf207a4afdd7e623be4bd0751bdc1917c0ee550af0f38c0531b25bb726d1710c,string,M19,extractor_prefix,extraction,MR08,Clean-room relocation,preserve,False,True,source_mismatch=b'Morph-0',0.058193,,False,"{""source_hex"":""4d6f7270682d30""}"
mutation,H01-gcd.c,bf207a4afdd7e623be4bd0751bdc1917c0ee550af0f38c0531b25bb726d1710c,string,M19,extractor_prefix,extraction,MR09,Carrier-removal rejection,reject,True,False,rejected:absent:logical record magic not found,0.071399,,False,"{""antecedent_guarded"":true}"
mutation,H01-gcd.c,bf207a4afdd7e623be4bd0751bdc1917c0ee550af0f38c0531b25bb726d1710c,string,M19,extractor_prefix,extraction,MR10,Carrier-corruption rejection,reject,True,False,rejected:checksum:payload checksum mismatch,0.080274,,False,"{""antecedent_guarded"":true}"
mutation,H01-gcd.c,bf207a4afdd7e623be4bd0751bdc1917c0ee550af0f38c0531b25bb726d1710c,string,M19,extractor_prefix,extraction,MR11,Requested/actual trace agreement,trace,True,False,requested=clang/Os;actual=clang/Os,0.074135,,False,"{""build"":{""actual_compiler"":""clang"",""actual_optimization"":""Os"",""binary"":""WORKDIR/string/M19/MR11/trace/build-01/artifact.bin"",""binary_sha256"":""bf1b3f8ba8daa55b6d499a4bbb63a61efb7b30a4d426a514b1ce3e529d1be05b"",""carrier"":""string"",""command"":[""clang"",""-std=c11"",""-fno-ident"",""-no-pie"",""-Os"",""WORKDIR/string/M19/MR11/trace/build-01/host.c"",""-o"",""WORKDIR/string/M19/MR11/trace/build-01/artifact.bin""],""effective_payload_hex"":""4d6f7270682d3031"",""key"":""key-alpha"",""mutant_id"":""M19"",""requested_compiler"":""clang"",""requested_optimization"":""Os"",""requested_payload_hex"":""4d6f7270682d3031"",""return_code"":0,""source"":""WORKDIR/string/M19/MR11/trace/build-01/host.c"",""source_sha256"":""de3dd3bc3add920f6b14f3cfa83262c596594edfaf1d5fcc70bb4bc78a38fa0e"",""stderr"":""""}}"
mutation,H01-gcd.c,bf207a4afdd7e623be4bd0751bdc1917c0ee550af0f38c0531b25bb726d1710c,string,M19,extractor_prefix,extraction,MR12,Interleaved artifact isolation,separate,False,True,first=b'Morph-0';second=b'Second-',0.143257,,False,{}
mutation,H01-gcd.c,bf207a4afdd7e623be4bd0751bdc1917c0ee550af0f38c0531b25bb726d1710c,string,M19,extractor_prefix,extraction,MR13,Reordered extraction independence,preserve,False,True,before=b'Morph-0';after=b'Morph-0',0.160928,,False,{}
mutation,H01-gcd.c,bf207a4afdd7e623be4bd0751bdc1917c0ee550af0f38c0531b25bb726d1710c,string,M19,extractor_prefix,extraction,MR14,Rebuild stability,preserve,False,True,first=b'Morph-0';second=b'Morph-0',0.143702,,False,"{""binary_bytes_equal"":true}"
mutation,H01-gcd.c,bf207a4afdd7e623be4bd0751bdc1917c0ee550af0f38c0531b25bb726d1710c,string,M20,interleaved_collision,isolation,MR01,Round-trip fidelity,preserve,True,False,extracted=b'Morph-01',0.044737,,False,"{""build"":{""actual_compiler"":""gcc"",""actual_optimization"":""O2"",""binary"":""WORKDIR/string/M20/MR01/marked/build-01/artifact.bin"",""binary_sha256"":""b8e5790f338ae8db35cfffc794a440a51f513484ba40b60dbac7eb19948f430c"",""carrier"":""string"",""command"":[""gcc"",""-std=c11"",""-fno-ident"",""-no-pie"",""-O2"",""WORKDIR/string/M20/MR01/marked/build-01/host.c"",""-o"",""WORKDIR/string/M20/MR01/marked/build-01/artifact.bin""],""effective_payload_hex"":""4d6f7270682d3031"",""key"":""key-alpha"",""mutant_id"":""M20"",""requested_compiler"":""gcc"",""requested_optimization"":""O2"",""requested_payload_hex"":""4d6f7270682d3031"",""return_code"":0,""source"":""WORKDIR/string/M20/MR01/marked/build-01/host.c"",""source_sha256"":""de3dd3bc3add920f6b14f3cfa83262c596594edfaf1d5fcc70bb4bc78a38fa0e"",""stderr"":""""},""extracted_hex"":""4d6f7270682d3031""}"
mutation,H01-gcd.c,bf207a4afdd7e623be4bd0751bdc1917c0ee550af0f38c0531b25bb726d1710c,string,M20,interleaved_collision,isolation,MR02,Host-semantic preservation,preserve,True,False,mismatch_count=0,0.197845,,False,"{""mismatches"":[]}"
mutation,H01-gcd.c,bf207a4afdd7e623be4bd0751bdc1917c0ee550af0f38c0531b25bb726d1710c,string,M20,interleaved_collision,isolation,MR03,Unmarked rejection,reject,True,False,rejected:absent:logical record magic not found,0.072779,,False,"{""unmarked_binary_sha256"":""17288de5d8ffc83b2223ee650ec19f96fa9b779f3eb45b8e2433c730b7a1e3e2""}"
mutation,H01-gcd.c,bf207a4afdd7e623be4bd0751bdc1917c0ee550af0f38c0531b25bb726d1710c,string,M20,interleaved_collision,isolation,MR04,Wrong-key rejection,reject,True,False,rejected:wrong-key:global payload slot key mismatch,0.073916,,False,"{""antecedent_guarded"":true,""antecedent_hex"":""4d6f7270682d3031""}"
mutation,H01-gcd.c,bf207a4afdd7e623be4bd0751bdc1917c0ee550af0f38c0531b25bb726d1710c,string,M20,interleaved_collision,isolation,MR05,Payload separation,separate,False,True,first=b'Second-2';second=b'Second-2',0.106508,,False,"{""first_hex"":""5365636f6e642d32"",""second_hex"":""5365636f6e642d32""}"
mutation,H01-gcd.c,bf207a4afdd7e623be4bd0751bdc1917c0ee550af0f38c0531b25bb726d1710c,string,M20,interleaved_collision,isolation,MR06,Cross-compiler invariance,preserve,True,False,"payloads=b'Morph-01',b'Morph-01';semantic_equal=True",0.156573,,False,"{""clang_actual"":""clang"",""gcc_actual"":""gcc""}"
mutation,H01-gcd.c,bf207a4afdd7e623be4bd0751bdc1917c0ee550af0f38c0531b25bb726d1710c,string,M20,interleaved_collision,isolation,MR07,Optimization invariance,preserve,True,False,"payloads=['Morph-01', 'Morph-01', 'Morph-01'];semantic_equal=True",0.25099,,False,{}
mutation,H01-gcd.c,bf207a4afdd7e623be4bd0751bdc1917c0ee550af0f38c0531b25bb726d1710c,string,M20,interleaved_collision,isolation,MR08,Clean-room relocation,preserve,True,False,relocated=b'Morph-01',0.073728,,False,"{""clean_room_entries"":[""renamed-artifact.bin""],""relocated_hex"":""4d6f7270682d3031""}"
mutation,H01-gcd.c,bf207a4afdd7e623be4bd0751bdc1917c0ee550af0f38c0531b25bb726d1710c,string,M20,interleaved_collision,isolation,MR09,Carrier-removal rejection,reject,False,True,spurious robustness:accepted:b'Morph-01',0.08503,,False,"{""antecedent_guarded"":true}"
mutation,H01-gcd.c,bf207a4afdd7e623be4bd0751bdc1917c0ee550af0f38c0531b25bb726d1710c,string,M20,interleaved_collision,isolation,MR10,Carrier-corruption rejection,reject,False,True,corruption accepted:accepted:b'Morph-01',0.052288,,False,"{""antecedent_guarded"":true}"
mutation,H01-gcd.c,bf207a4afdd7e623be4bd0751bdc1917c0ee550af0f38c0531b25bb726d1710c,string,M20,interleaved_collision,isolation,MR11,Requested/actual trace agreement,trace,True,False,requested=clang/Os;actual=clang/Os,0.086658,,False,"{""build"":{""actual_compiler"":""clang"",""actual_optimization"":""Os"",""binary"":""WORKDIR/string/M20/MR11/trace/build-01/artifact.bin"",""binary_sha256"":""bf1b3f8ba8daa55b6d499a4bbb63a61efb7b30a4d426a514b1ce3e529d1be05b"",""carrier"":""string"",""command"":[""clang"",""-std=c11"",""-fno-ident"",""-no-pie"",""-Os"",""WORKDIR/string/M20/MR11/trace/build-01/host.c"",""-o"",""WORKDIR/string/M20/MR11/trace/build-01/artifact.bin""],""effective_payload_hex"":""4d6f7270682d3031"",""key"":""key-alpha"",""mutant_id"":""M20"",""requested_compiler"":""clang"",""requested_optimization"":""Os"",""requested_payload_hex"":""4d6f7270682d3031"",""return_code"":0,""source"":""WORKDIR/string/M20/MR11/trace/build-01/host.c"",""source_sha256"":""de3dd3bc3add920f6b14f3cfa83262c596594edfaf1d5fcc70bb4bc78a38fa0e"",""stderr"":""""}}"
mutation,H01-gcd.c,bf207a4afdd7e623be4bd0751bdc1917c0ee550af0f38c0531b25bb726d1710c,string,M20,interleaved_collision,isolation,MR12,Interleaved artifact isolation,separate,False,True,first=b'Second-2';second=b'Second-2',0.144525,,False,{}
mutation,H01-gcd.c,bf207a4afdd7e623be4bd0751bdc1917c0ee550af0f38c0531b25bb726d1710c,string,M20,interleaved_collision,isolation,MR13,Reordered extraction independence,preserve,False,True,exception:ExtractionError:global payload slot key mismatch,0.149768,ExtractionError,False,{}
mutation,H01-gcd.c,bf207a4afdd7e623be4bd0751bdc1917c0ee550af0f38c0531b25bb726d1710c,string,M20,interleaved_collision,isolation,MR14,Rebuild stability,preserve,True,False,first=b'Morph-01';second=b'Morph-01',0.145936,,False,"{""binary_bytes_equal"":true}"
clean_catalog,H01-gcd.c,bf207a4afdd7e623be4bd0751bdc1917c0ee550af0f38c0531b25bb726d1710c,symbol,CLEAN,clean,clean,MR01,Round-trip fidelity,preserve,True,False,extracted=b'Morph-01',0.088238,,False,"{""build"":{""actual_compiler"":""gcc"",""actual_optimization"":""O2"",""binary"":""WORKDIR/symbol/CLEAN/MR01/marked/build-01/artifact.bin"",""binary_sha256"":""7b713450f899744a0e9c1995e1ea83c762e52b3b03c45f82418d86193b6be1a1"",""carrier"":""symbol"",""command"":[""gcc"",""-std=c11"",""-fno-ident"",""-no-pie"",""-O2"",""WORKDIR/symbol/CLEAN/MR01/marked/build-01/host.c"",""-o"",""WORKDIR/symbol/CLEAN/MR01/marked/build-01/artifact.bin""],""effective_payload_hex"":""4d6f7270682d3031"",""key"":""key-alpha"",""mutant_id"":""CLEAN"",""requested_compiler"":""gcc"",""requested_optimization"":""O2"",""requested_payload_hex"":""4d6f7270682d3031"",""return_code"":0,""source"":""WORKDIR/symbol/CLEAN/MR01/marked/build-01/host.c"",""source_sha256"":""45e69a3841e4e8368c9380bdbc2f287b38fe1665811764759930b7957a59ce6a"",""stderr"":""""},""extracted_hex"":""4d6f7270682d3031""}"
clean_catalog,H01-gcd.c,bf207a4afdd7e623be4bd0751bdc1917c0ee550af0f38c0531b25bb726d1710c,symbol,CLEAN,clean,clean,MR02,Host-semantic preservation,preserve,True,False,mismatch_count=0,0.180722,,False,"{""mismatches"":[]}"
clean_catalog,H01-gcd.c,bf207a4afdd7e623be4bd0751bdc1917c0ee550af0f38c0531b25bb726d1710c,symbol,CLEAN,clean,clean,MR03,Unmarked rejection,reject,True,False,rejected:absent:watermark symbols not found,0.07337,,False,"{""unmarked_binary_sha256"":""17288de5d8ffc83b2223ee650ec19f96fa9b779f3eb45b8e2433c730b7a1e3e2""}"
clean_catalog,H01-gcd.c,bf207a4afdd7e623be4bd0751bdc1917c0ee550af0f38c0531b25bb726d1710c,symbol,CLEAN,clean,clean,MR04,Wrong-key rejection,reject,True,False,rejected:wrong-key:symbol key tag mismatch,0.079669,,False,"{""antecedent_guarded"":true,""antecedent_hex"":""4d6f7270682d3031""}"
clean_catalog,H01-gcd.c,bf207a4afdd7e623be4bd0751bdc1917c0ee550af0f38c0531b25bb726d1710c,symbol,CLEAN,clean,clean,MR05,Payload separation,separate,True,False,first=b'Morph-01';second=b'Second-2',0.121786,,False,"{""first_hex"":""4d6f7270682d3031"",""second_hex"":""5365636f6e642d32""}"
clean_catalog,H01-gcd.c,bf207a4afdd7e623be4bd0751bdc1917c0ee550af0f38c0531b25bb726d1710c,symbol,CLEAN,clean,clean,MR06,Cross-compiler invariance,preserve,True,False,"payloads=b'Morph-01',b'Morph-01';semantic_equal=True",0.204787,,False,"{""clang_actual"":""clang"",""gcc_actual"":""gcc""}"
clean_catalog,H01-gcd.c,bf207a4afdd7e623be4bd0751bdc1917c0ee550af0f38c0531b25bb726d1710c,symbol,CLEAN,clean,clean,MR07,Optimization invariance,preserve,True,False,"payloads=['Morph-01', 'Morph-01', 'Morph-01'];semantic_equal=True",0.287127,,False,{}
clean_catalog,H01-gcd.c,bf207a4afdd7e623be4bd0751bdc1917c0ee550af0f38c0531b25bb726d1710c,symbol,CLEAN,clean,clean,MR08,Clean-room relocation,preserve,True,False,relocated=b'Morph-01',0.062987,,False,"{""clean_room_entries"":[""renamed-artifact.bin""],""relocated_hex"":""4d6f7270682d3031""}"
clean_catalog,H01-gcd.c,bf207a4afdd7e623be4bd0751bdc1917c0ee550af0f38c0531b25bb726d1710c,symbol,CLEAN,clean,clean,MR09,Carrier-removal rejection,reject,True,False,rejected:absent:watermark symbols not found,0.075917,,False,"{""antecedent_guarded"":true}"
clean_catalog,H01-gcd.c,bf207a4afdd7e623be4bd0751bdc1917c0ee550af0f38c0531b25bb726d1710c,symbol,CLEAN,clean,clean,MR10,Carrier-corruption rejection,reject,True,False,rejected:checksum:symbol payload checksum mismatch,0.091492,,False,"{""antecedent_guarded"":true}"
clean_catalog,H01-gcd.c,bf207a4afdd7e623be4bd0751bdc1917c0ee550af0f38c0531b25bb726d1710c,symbol,CLEAN,clean,clean,MR11,Requested/actual trace agreement,trace,True,False,requested=clang/Os;actual=clang/Os,0.072814,,False,"{""build"":{""actual_compiler"":""clang"",""actual_optimization"":""Os"",""binary"":""WORKDIR/symbol/CLEAN/MR11/trace/build-01/artifact.bin"",""binary_sha256"":""25e0d918cd8ff7cc194ede1eb56d7dc89089e033832c65ca5cceab6c9faa446b"",""carrier"":""symbol"",""command"":[""clang"",""-std=c11"",""-fno-ident"",""-no-pie"",""-Os"",""WORKDIR/symbol/CLEAN/MR11/trace/build-01/host.c"",""-o"",""WORKDIR/symbol/CLEAN/MR11/trace/build-01/artifact.bin""],""effective_payload_hex"":""4d6f7270682d3031"",""key"":""key-alpha"",""mutant_id"":""CLEAN"",""requested_compiler"":""clang"",""requested_optimization"":""Os"",""requested_payload_hex"":""4d6f7270682d3031"",""return_code"":0,""source"":""WORKDIR/symbol/CLEAN/MR11/trace/build-01/host.c"",""source_sha256"":""45e69a3841e4e8368c9380bdbc2f287b38fe1665811764759930b7957a59ce6a"",""stderr"":""""}}"
clean_catalog,H01-gcd.c,bf207a4afdd7e623be4bd0751bdc1917c0ee550af0f38c0531b25bb726d1710c,symbol,CLEAN,clean,clean,MR12,Interleaved artifact isolation,separate,True,False,first=b'Morph-01';second=b'Second-2',0.138527,,False,{}
clean_catalog,H01-gcd.c,bf207a4afdd7e623be4bd0751bdc1917c0ee550af0f38c0531b25bb726d1710c,symbol,CLEAN,clean,clean,MR13,Reordered extraction independence,preserve,True,False,before=b'Morph-01';after=b'Morph-01',0.165194,,False,{}
clean_catalog,H01-gcd.c,bf207a4afdd7e623be4bd0751bdc1917c0ee550af0f38c0531b25bb726d1710c,symbol,CLEAN,clean,clean,MR14,Rebuild stability,preserve,True,False,first=b'Morph-01';second=b'Morph-01',0.170394,,False,"{""binary_bytes_equal"":true}"
mutation,H01-gcd.c,bf207a4afdd7e623be4bd0751bdc1917c0ee550af0f38c0531b25bb726d1710c,symbol,M01,embed_noop,embedding,MR01,Round-trip fidelity,preserve,False,True,exception:ExtractionError:watermark symbols not found,0.088506,ExtractionError,False,{}
mutation,H01-gcd.c,bf207a4afdd7e623be4bd0751bdc1917c0ee550af0f38c0531b25bb726d1710c,symbol,M01,embed_noop,embedding,MR02,Host-semantic preservation,preserve,True,False,mismatch_count=0,0.155771,,False,"{""mismatches"":[]}"
mutation,H01-gcd.c,bf207a4afdd7e623be4bd0751bdc1917c0ee550af0f38c0531b25bb726d1710c,symbol,M01,embed_noop,embedding,MR03,Unmarked rejection,reject,True,False,rejected:absent:watermark symbols not found,0.077795,,False,"{""unmarked_binary_sha256"":""17288de5d8ffc83b2223ee650ec19f96fa9b779f3eb45b8e2433c730b7a1e3e2""}"
mutation,H01-gcd.c,bf207a4afdd7e623be4bd0751bdc1917c0ee550af0f38c0531b25bb726d1710c,symbol,M01,embed_noop,embedding,MR04,Wrong-key rejection,reject,True,False,rejected:wrong-key:symbol key tag mismatch,0.071908,,False,"{""antecedent_guarded"":true,""antecedent_hex"":""4d6f7270682d3031""}"
mutation,H01-gcd.c,bf207a4afdd7e623be4bd0751bdc1917c0ee550af0f38c0531b25bb726d1710c,symbol,M01,embed_noop,embedding,MR05,Payload separation,separate,False,True,exception:ExtractionError:watermark symbols not found,0.192072,ExtractionError,False,{}
mutation,H01-gcd.c,bf207a4afdd7e623be4bd0751bdc1917c0ee550af0f38c0531b25bb726d1710c,symbol,M01,embed_noop,embedding,MR06,Cross-compiler invariance,preserve,False,True,exception:ExtractionError:watermark symbols not found,0.18766,ExtractionError,False,{}
mutation,H01-gcd.c,bf207a4afdd7e623be4bd0751bdc1917c0ee550af0f38c0531b25bb726d1710c,symbol,M01,embed_noop,embedding,MR07,Optimization invariance,preserve,False,True,exception:ExtractionError:watermark symbols not found,0.168859,ExtractionError,False,{}
mutation,H01-gcd.c,bf207a4afdd7e623be4bd0751bdc1917c0ee550af0f38c0531b25bb726d1710c,symbol,M01,embed_noop,embedding,MR08,Clean-room relocation,preserve,False,True,exception:ExtractionError:watermark symbols not found,0.047311,ExtractionError,False,{}
mutation,H01-gcd.c,bf207a4afdd7e623be4bd0751bdc1917c0ee550af0f38c0531b25bb726d1710c,symbol,M01,embed_noop,embedding,MR09,Carrier-removal rejection,reject,True,False,rejected:absent:watermark symbols not found,0.096749,,False,"{""antecedent_guarded"":true}"
mutation,H01-gcd.c,bf207a4afdd7e623be4bd0751bdc1917c0ee550af0f38c0531b25bb726d1710c,symbol,M01,embed_noop,embedding,MR10,Carrier-corruption rejection,reject,True,False,rejected:checksum:symbol payload checksum mismatch,0.092867,,False,"{""antecedent_guarded"":true}"
mutation,H01-gcd.c,bf207a4afdd7e623be4bd0751bdc1917c0ee550af0f38c0531b25bb726d1710c,symbol,M01,embed_noop,embedding,MR11,Requested/actual trace agreement,trace,True,False,requested=clang/Os;actual=clang/Os,0.053956,,False,"{""build"":{""actual_compiler"":""clang"",""actual_optimization"":""Os"",""binary"":""WORKDIR/symbol/M01/MR11/trace/build-01/artifact.bin"",""binary_sha256"":""8979583311288d6755db67bfb67a745238b66729f18570b075945ee29c1a551b"",""carrier"":""symbol"",""command"":[""clang"",""-std=c11"",""-fno-ident"",""-no-pie"",""-Os"",""WORKDIR/symbol/M01/MR11/trace/build-01/host.c"",""-o"",""WORKDIR/symbol/M01/MR11/trace/build-01/artifact.bin""],""effective_payload_hex"":""4d6f7270682d3031"",""key"":""key-alpha"",""mutant_id"":""M01"",""requested_compiler"":""clang"",""requested_optimization"":""Os"",""requested_payload_hex"":""4d6f7270682d3031"",""return_code"":0,""source"":""WORKDIR/symbol/M01/MR11/trace/build-01/host.c"",""source_sha256"":""bf207a4afdd7e623be4bd0751bdc1917c0ee550af0f38c0531b25bb726d1710c"",""stderr"":""""}}"
mutation,H01-gcd.c,bf207a4afdd7e623be4bd0751bdc1917c0ee550af0f38c0531b25bb726d1710c,symbol,M01,embed_noop,embedding,MR12,Interleaved artifact isolation,separate,False,True,exception:ExtractionError:watermark symbols not found,0.136477,ExtractionError,False,{}
mutation,H01-gcd.c,bf207a4afdd7e623be4bd0751bdc1917c0ee550af0f38c0531b25bb726d1710c,symbol,M01,embed_noop,embedding,MR13,Reordered extraction independence,preserve,False,True,exception:ExtractionError:watermark symbols not found,0.079787,ExtractionError,False,{}
mutation,H01-gcd.c,bf207a4afdd7e623be4bd0751bdc1917c0ee550af0f38c0531b25bb726d1710c,symbol,M01,embed_noop,embedding,MR14,Rebuild stability,preserve,False,True,exception:ExtractionError:watermark symbols not found,0.164192,ExtractionError,False,{}
mutation,H01-gcd.c,bf207a4afdd7e623be4bd0751bdc1917c0ee550af0f38c0531b25bb726d1710c,symbol,M02,truncate_payload,embedding,MR01,Round-trip fidelity,preserve,False,True,extracted=b'Morph-0',0.047601,,False,"{""build"":{""actual_compiler"":""gcc"",""actual_optimization"":""O2"",""binary"":""WORKDIR/symbol/M02/MR01/marked/build-01/artifact.bin"",""binary_sha256"":""b13b1265020878bd8dfca52aeddf8e762a1bd076f439b6e5f598becc4aa90187"",""carrier"":""symbol"",""command"":[""gcc"",""-std=c11"",""-fno-ident"",""-no-pie"",""-O2"",""WORKDIR/symbol/M02/MR01/marked/build-01/host.c"",""-o"",""WORKDIR/symbol/M02/MR01/marked/build-01/artifact.bin""],""effective_payload_hex"":""4d6f7270682d30"",""key"":""key-alpha"",""mutant_id"":""M02"",""requested_compiler"":""gcc"",""requested_optimization"":""O2"",""requested_payload_hex"":""4d6f7270682d3031"",""return_code"":0,""source"":""WORKDIR/symbol/M02/MR01/marked/build-01/host.c"",""source_sha256"":""5163e8743659c9c1fca170bc0338dcef46e3668eaf0a3429fe3c498254acf8a2"",""stderr"":""""},""extracted_hex"":""4d6f7270682d30""}"
mutation,H01-gcd.c,bf207a4afdd7e623be4bd0751bdc1917c0ee550af0f38c0531b25bb726d1710c,symbol,M02,truncate_payload,embedding,MR02,Host-semantic preservation,preserve,True,False,mismatch_count=0,0.189312,,False,"{""mismatches"":[]}"
mutation,H01-gcd.c,bf207a4afdd7e623be4bd0751bdc1917c0ee550af0f38c0531b25bb726d1710c,symbol,M02,truncate_payload,embedding,MR03,Unmarked rejection,reject,True,False,rejected:absent:watermark symbols not found,0.076058,,False,"{""unmarked_binary_sha256"":""17288de5d8ffc83b2223ee650ec19f96fa9b779f3eb45b8e2433c730b7a1e3e2""}"
mutation,H01-gcd.c,bf207a4afdd7e623be4bd0751bdc1917c0ee550af0f38c0531b25bb726d1710c,symbol,M02,truncate_payload,embedding,MR04,Wrong-key rejection,reject,True,False,rejected:wrong-key:symbol key tag mismatch,0.086837,,False,"{""antecedent_guarded"":true,""antecedent_hex"":""4d6f7270682d3031""}"
mutation,H01-gcd.c,bf207a4afdd7e623be4bd0751bdc1917c0ee550af0f38c0531b25bb726d1710c,symbol,M02,truncate_payload,embedding,MR05,Payload separation,separate,False,True,first=b'Morph-0';second=b'Second-',0.170223,,False,"{""first_hex"":""4d6f7270682d30"",""second_hex"":""5365636f6e642d""}"
mutation,H01-gcd.c,bf207a4afdd7e623be4bd0751bdc1917c0ee550af0f38c0531b25bb726d1710c,symbol,M02,truncate_payload,embedding,MR06,Cross-compiler invariance,preserve,False,True,"payloads=b'Morph-0',b'Morph-0';semantic_equal=True",0.193288,,False,"{""clang_actual"":""clang"",""gcc_actual"":""gcc""}"
mutation,H01-gcd.c,bf207a4afdd7e623be4bd0751bdc1917c0ee550af0f38c0531b25bb726d1710c,symbol,M02,truncate_payload,embedding,MR07,Optimization invariance,preserve,False,True,"payloads=['Morph-0', 'Morph-0', 'Morph-0'];semantic_equal=True",0.279832,,False,{}
mutation,H01-gcd.c,bf207a4afdd7e623be4bd0751bdc1917c0ee550af0f38c0531b25bb726d1710c,symbol,M02,truncate_payload,embedding,MR08,Clean-room relocation,preserve,False,True,source_mismatch=b'Morph-0',0.075542,,False,"{""source_hex"":""4d6f7270682d30""}"
mutation,H01-gcd.c,bf207a4afdd7e623be4bd0751bdc1917c0ee550af0f38c0531b25bb726d1710c,symbol,M02,truncate_payload,embedding,MR09,Carrier-removal rejection,reject,True,False,rejected:absent:watermark symbols not found,0.068554,,False,"{""antecedent_guarded"":true}"
mutation,H01-gcd.c,bf207a4afdd7e623be4bd0751bdc1917c0ee550af0f38c0531b25bb726d1710c,symbol,M02,truncate_payload,embedding,MR10,Carrier-corruption rejection,reject,True,False,rejected:checksum:symbol payload checksum mismatch,0.054364,,False,"{""antecedent_guarded"":true}"
mutation,H01-gcd.c,bf207a4afdd7e623be4bd0751bdc1917c0ee550af0f38c0531b25bb726d1710c,symbol,M02,truncate_payload,embedding,MR11,Requested/actual trace agreement,trace,True,False,requested=clang/Os;actual=clang/Os,0.076723,,False,"{""build"":{""actual_compiler"":""clang"",""actual_optimization"":""Os"",""binary"":""WORKDIR/symbol/M02/MR11/trace/build-01/artifact.bin"",""binary_sha256"":""9776f1fdd6bb1ed4894d0e930eec9b56ade7d9b35af5b2020432f9ea461b697b"",""carrier"":""symbol"",""command"":[""clang"",""-std=c11"",""-fno-ident"",""-no-pie"",""-Os"",""WORKDIR/symbol/M02/MR11/trace/build-01/host.c"",""-o"",""WORKDIR/symbol/M02/MR11/trace/build-01/artifact.bin""],""effective_payload_hex"":""4d6f7270682d30"",""key"":""key-alpha"",""mutant_id"":""M02"",""requested_compiler"":""clang"",""requested_optimization"":""Os"",""requested_payload_hex"":""4d6f7270682d3031"",""return_code"":0,""source"":""WORKDIR/symbol/M02/MR11/trace/build-01/host.c"",""source_sha256"":""5163e8743659c9c1fca170bc0338dcef46e3668eaf0a3429fe3c498254acf8a2"",""stderr"":""""}}"
mutation,H01-gcd.c,bf207a4afdd7e623be4bd0751bdc1917c0ee550af0f38c0531b25bb726d1710c,symbol,M02,truncate_payload,embedding,MR12,Interleaved artifact isolation,separate,False,True,first=b'Morph-0';second=b'Second-',0.107619,,False,{}
mutation,H01-gcd.c,bf207a4afdd7e623be4bd0751bdc1917c0ee550af0f38c0531b25bb726d1710c,symbol,M02,truncate_payload,embedding,MR13,Reordered extraction independence,preserve,False,True,before=b'Morph-0';after=b'Morph-0',0.148838,,False,{}
mutation,H01-gcd.c,bf207a4afdd7e623be4bd0751bdc1917c0ee550af0f38c0531b25bb726d1710c,symbol,M02,truncate_payload,embedding,MR14,Rebuild stability,preserve,False,True,first=b'Morph-0';second=b'Morph-0',0.172881,,False,"{""binary_bytes_equal"":true}"
mutation,H01-gcd.c,bf207a4afdd7e623be4bd0751bdc1917c0ee550af0f38c0531b25bb726d1710c,symbol,M03,flip_payload,embedding,MR01,Round-trip fidelity,preserve,False,True,extracted=b'Lorph-01',0.03846,,False,"{""build"":{""actual_compiler"":""gcc"",""actual_optimization"":""O2"",""binary"":""WORKDIR/symbol/M03/MR01/marked/build-01/artifact.bin"",""binary_sha256"":""5a73880b63d2c6f10977a058b064d40a02767c6a6f80fb790fd2dfa7a79d6da9"",""carrier"":""symbol"",""command"":[""gcc"",""-std=c11"",""-fno-ident"",""-no-pie"",""-O2"",""WORKDIR/symbol/M03/MR01/marked/build-01/host.c"",""-o"",""WORKDIR/symbol/M03/MR01/marked/build-01/artifact.bin""],""effective_payload_hex"":""4c6f7270682d3031"",""key"":""key-alpha"",""mutant_id"":""M03"",""requested_compiler"":""gcc"",""requested_optimization"":""O2"",""requested_payload_hex"":""4d6f7270682d3031"",""return_code"":0,""source"":""WORKDIR/symbol/M03/MR01/marked/build-01/host.c"",""source_sha256"":""e5c4aab85d2d107c876f5440efa877ef9181f2c35916444fda9a4d1c3e330e05"",""stderr"":""""},""extracted_hex"":""4c6f7270682d3031""}"
mutation,H01-gcd.c,bf207a4afdd7e623be4bd0751bdc1917c0ee550af0f38c0531b25bb726d1710c,symbol,M03,flip_payload,embedding,MR02,Host-semantic preservation,preserve,True,False,mismatch_count=0,0.164184,,False,"{""mismatches"":[]}"
mutation,H01-gcd.c,bf207a4afdd7e623be4bd0751bdc1917c0ee550af0f38c0531b25bb726d1710c,symbol,M03,flip_payload,embedding,MR03,Unmarked rejection,reject,True,False,rejected:absent:watermark symbols not found,0.085891,,False,"{""unmarked_binary_sha256"":""17288de5d8ffc83b2223ee650ec19f96fa9b779f3eb45b8e2433c730b7a1e3e2""}"
mutation,H01-gcd.c,bf207a4afdd7e623be4bd0751bdc1917c0ee550af0f38c0531b25bb726d1710c,symbol,M03,flip_payload,embedding,MR04,Wrong-key rejection,reject,True,False,rejected:wrong-key:symbol key tag mismatch,0.090975,,False,"{""antecedent_guarded"":true,""antecedent_hex"":""4d6f7270682d3031""}"
mutation,H01-gcd.c,bf207a4afdd7e623be4bd0751bdc1917c0ee550af0f38c0531b25bb726d1710c,symbol,M03,flip_payload,embedding,MR05,Payload separation,separate,False,True,first=b'Lorph-01';second=b'Recond-2',0.16608,,False,"{""first_hex"":""4c6f7270682d3031"",""second_hex"":""5265636f6e642d32""}"
mutation,H01-gcd.c,bf207a4afdd7e623be4bd0751bdc1917c0ee550af0f38c0531b25bb726d1710c,symbol,M03,flip_payload,embedding,MR06,Cross-compiler invariance,preserve,False,True,"payloads=b'Lorph-01',b'Lorph-01';semantic_equal=True",0.182919,,False,"{""clang_actual"":""clang"",""gcc_actual"":""gcc""}"
mutation,H01-gcd.c,bf207a4afdd7e623be4bd0751bdc1917c0ee550af0f38c0531b25bb726d1710c,symbol,M03,flip_payload,embedding,MR07,Optimization invariance,preserve,False,True,"payloads=['Lorph-01', 'Lorph-01', 'Lorph-01'];semantic_equal=True",0.245751,,False,{}
mutation,H01-gcd.c,bf207a4afdd7e623be4bd0751bdc1917c0ee550af0f38c0531b25bb726d1710c,symbol,M03,flip_payload,embedding,MR08,Clean-room relocation,preserve,False,True,source_mismatch=b'Lorph-01',0.052827,,False,"{""source_hex"":""4c6f7270682d3031""}"
mutation,H01-gcd.c,bf207a4afdd7e623be4bd0751bdc1917c0ee550af0f38c0531b25bb726d1710c,symbol,M03,flip_payload,embedding,MR09,Carrier-removal rejection,reject,True,False,rejected:absent:watermark symbols not found,0.051981,,False,"{""antecedent_guarded"":true}"
mutation,H01-gcd.c,bf207a4afdd7e623be4bd0751bdc1917c0ee550af0f38c0531b25bb726d1710c,symbol,M03,flip_payload,embedding,MR10,Carrier-corruption rejection,reject,True,False,rejected:checksum:symbol payload checksum mismatch,0.099088,,False,"{""antecedent_guarded"":true}"
mutation,H01-gcd.c,bf207a4afdd7e623be4bd0751bdc1917c0ee550af0f38c0531b25bb726d1710c,symbol,M03,flip_payload,embedding,MR11,Requested/actual trace agreement,trace,True,False,requested=clang/Os;actual=clang/Os,0.079102,,False,"{""build"":{""actual_compiler"":""clang"",""actual_optimization"":""Os"",""binary"":""WORKDIR/symbol/M03/MR11/trace/build-01/artifact.bin"",""binary_sha256"":""660b873dd17c9254a19706c1457a4074f3feda7230fd407f9f67f505cd94b949"",""carrier"":""symbol"",""command"":[""clang"",""-std=c11"",""-fno-ident"",""-no-pie"",""-Os"",""WORKDIR/symbol/M03/MR11/trace/build-01/host.c"",""-o"",""WORKDIR/symbol/M03/MR11/trace/build-01/artifact.bin""],""effective_payload_hex"":""4c6f7270682d3031"",""key"":""key-alpha"",""mutant_id"":""M03"",""requested_compiler"":""clang"",""requested_optimization"":""Os"",""requested_payload_hex"":""4d6f7270682d3031"",""return_code"":0,""source"":""WORKDIR/symbol/M03/MR11/trace/build-01/host.c"",""source_sha256"":""e5c4aab85d2d107c876f5440efa877ef9181f2c35916444fda9a4d1c3e330e05"",""stderr"":""""}}"
mutation,H01-gcd.c,bf207a4afdd7e623be4bd0751bdc1917c0ee550af0f38c0531b25bb726d1710c,symbol,M03,flip_payload,embedding,MR12,Interleaved artifact isolation,separate,False,True,first=b'Lorph-01';second=b'Recond-2',0.147532,,False,{}
mutation,H01-gcd.c,bf207a4afdd7e623be4bd0751bdc1917c0ee550af0f38c0531b25bb726d1710c,symbol,M03,flip_payload,embedding,MR13,Reordered extraction independence,preserve,False,True,before=b'Lorph-01';after=b'Lorph-01',0.170124,,False,{}
mutation,H01-gcd.c,bf207a4afdd7e623be4bd0751bdc1917c0ee550af0f38c0531b25bb726d1710c,symbol,M03,flip_payload,embedding,MR14,Rebuild stability,preserve,False,True,first=b'Lorph-01';second=b'Lorph-01',0.133844,,False,"{""binary_bytes_equal"":true}"
mutation,H01-gcd.c,bf207a4afdd7e623be4bd0751bdc1917c0ee550af0f38c0531b25bb726d1710c,symbol,M04,fixed_payload,state,MR01,Round-trip fidelity,preserve,False,True,extracted=b'fixed-payload',0.056314,,False,"{""build"":{""actual_compiler"":""gcc"",""actual_optimization"":""O2"",""binary"":""WORKDIR/symbol/M04/MR01/marked/build-01/artifact.bin"",""binary_sha256"":""b7d7ed2bedc904902a580137f042aa44fef74336dd002530a22210cde5444b23"",""carrier"":""symbol"",""command"":[""gcc"",""-std=c11"",""-fno-ident"",""-no-pie"",""-O2"",""WORKDIR/symbol/M04/MR01/marked/build-01/host.c"",""-o"",""WORKDIR/symbol/M04/MR01/marked/build-01/artifact.bin""],""effective_payload_hex"":""66697865642d7061796c6f6164"",""key"":""key-alpha"",""mutant_id"":""M04"",""requested_compiler"":""gcc"",""requested_optimization"":""O2"",""requested_payload_hex"":""4d6f7270682d3031"",""return_code"":0,""source"":""WORKDIR/symbol/M04/MR01/marked/build-01/host.c"",""source_sha256"":""73ce8a470345e05c4006575c5231e74e4b5ec91e168c9301dd59a101b7cd6034"",""stderr"":""""},""extracted_hex"":""66697865642d7061796c6f6164""}"
mutation,H01-gcd.c,bf207a4afdd7e623be4bd0751bdc1917c0ee550af0f38c0531b25bb726d1710c,symbol,M04,fixed_payload,state,MR02,Host-semantic preservation,preserve,True,False,mismatch_count=0,0.195212,,False,"{""mismatches"":[]}"
mutation,H01-gcd.c,bf207a4afdd7e623be4bd0751bdc1917c0ee550af0f38c0531b25bb726d1710c,symbol,M04,fixed_payload,state,MR03,Unmarked rejection,reject,True,False,rejected:absent:watermark symbols not found,0.080352,,False,"{""unmarked_binary_sha256"":""17288de5d8ffc83b2223ee650ec19f96fa9b779f3eb45b8e2433c730b7a1e3e2""}"
mutation,H01-gcd.c,bf207a4afdd7e623be4bd0751bdc1917c0ee550af0f38c0531b25bb726d1710c,symbol,M04,fixed_payload,state,MR04,Wrong-key rejection,reject,True,False,rejected:wrong-key:symbol key tag mismatch,0.096445,,False,"{""antecedent_guarded"":true,""antecedent_hex"":""4d6f7270682d3031""}"
mutation,H01-gcd.c,bf207a4afdd7e623be4bd0751bdc1917c0ee550af0f38c0531b25bb726d1710c,symbol,M04,fixed_payload,state,MR05,Payload separation,separate,False,True,first=b'fixed-payload';second=b'fixed-payload',0.164508,,False,"{""first_hex"":""66697865642d7061796c6f6164"",""second_hex"":""66697865642d7061796c6f6164""}"
mutation,H01-gcd.c,bf207a4afdd7e623be4bd0751bdc1917c0ee550af0f38c0531b25bb726d1710c,symbol,M04,fixed_payload,state,MR06,Cross-compiler invariance,preserve,False,True,"payloads=b'fixed-payload',b'fixed-payload';semantic_equal=True",0.14343,,False,"{""clang_actual"":""clang"",""gcc_actual"":""gcc""}"
mutation,H01-gcd.c,bf207a4afdd7e623be4bd0751bdc1917c0ee550af0f38c0531b25bb726d1710c,symbol,M04,fixed_payload,state,MR07,Optimization invariance,preserve,False,True,"payloads=['fixed-payload', 'fixed-payload', 'fixed-payload'];semantic_equal=True",0.229747,,False,{}
mutation,H01-gcd.c,bf207a4afdd7e623be4bd0751bdc1917c0ee550af0f38c0531b25bb726d1710c,symbol,M04,fixed_payload,state,MR08,Clean-room relocation,preserve,False,True,source_mismatch=b'fixed-payload',0.087765,,False,"{""source_hex"":""66697865642d7061796c6f6164""}"
mutation,H01-gcd.c,bf207a4afdd7e623be4bd0751bdc1917c0ee550af0f38c0531b25bb726d1710c,symbol,M04,fixed_payload,state,MR09,Carrier-removal rejection,reject,True,False,rejected:absent:watermark symbols not found,0.083316,,False,"{""antecedent_guarded"":true}"
mutation,H01-gcd.c,bf207a4afdd7e623be4bd0751bdc1917c0ee550af0f38c0531b25bb726d1710c,symbol,M04,fixed_payload,state,MR10,Carrier-corruption rejection,reject,True,False,rejected:checksum:symbol payload checksum mismatch,0.099323,,False,"{""antecedent_guarded"":true}"
mutation,H01-gcd.c,bf207a4afdd7e623be4bd0751bdc1917c0ee550af0f38c0531b25bb726d1710c,symbol,M04,fixed_payload,state,MR11,Requested/actual trace agreement,trace,True,False,requested=clang/Os;actual=clang/Os,0.09164,,False,"{""build"":{""actual_compiler"":""clang"",""actual_optimization"":""Os"",""binary"":""WORKDIR/symbol/M04/MR11/trace/build-01/artifact.bin"",""binary_sha256"":""ebc4f477a926b6cb32185b8d2c9f790fda190bc20f320e1a45a6535aca240791"",""carrier"":""symbol"",""command"":[""clang"",""-std=c11"",""-fno-ident"",""-no-pie"",""-Os"",""WORKDIR/symbol/M04/MR11/trace/build-01/host.c"",""-o"",""WORKDIR/symbol/M04/MR11/trace/build-01/artifact.bin""],""effective_payload_hex"":""66697865642d7061796c6f6164"",""key"":""key-alpha"",""mutant_id"":""M04"",""requested_compiler"":""clang"",""requested_optimization"":""Os"",""requested_payload_hex"":""4d6f7270682d3031"",""return_code"":0,""source"":""WORKDIR/symbol/M04/MR11/trace/build-01/host.c"",""source_sha256"":""73ce8a470345e05c4006575c5231e74e4b5ec91e168c9301dd59a101b7cd6034"",""stderr"":""""}}"
mutation,H01-gcd.c,bf207a4afdd7e623be4bd0751bdc1917c0ee550af0f38c0531b25bb726d1710c,symbol,M04,fixed_payload,state,MR12,Interleaved artifact isolation,separate,False,True,first=b'fixed-payload';second=b'fixed-payload',0.098372,,False,{}
mutation,H01-gcd.c,bf207a4afdd7e623be4bd0751bdc1917c0ee550af0f38c0531b25bb726d1710c,symbol,M04,fixed_payload,state,MR13,Reordered extraction independence,preserve,False,True,before=b'fixed-payload';after=b'fixed-payload',0.138042,,False,{}
mutation,H01-gcd.c,bf207a4afdd7e623be4bd0751bdc1917c0ee550af0f38c0531b25bb726d1710c,symbol,M04,fixed_payload,state,MR14,Rebuild stability,preserve,False,True,first=b'fixed-payload';second=b'fixed-payload',0.131241,,False,"{""binary_bytes_equal"":true}"
mutation,H01-gcd.c,bf207a4afdd7e623be4bd0751bdc1917c0ee550af0f38c0531b25bb726d1710c,symbol,M05,lower_payload,normalization,MR01,Round-trip fidelity,preserve,False,True,extracted=b'morph-01',0.100973,,False,"{""build"":{""actual_compiler"":""gcc"",""actual_optimization"":""O2"",""binary"":""WORKDIR/symbol/M05/MR01/marked/build-01/artifact.bin"",""binary_sha256"":""df94aef40b49eb41cca06569e954a285c65b6fd025a1475446712f1f1b07be91"",""carrier"":""symbol"",""command"":[""gcc"",""-std=c11"",""-fno-ident"",""-no-pie"",""-O2"",""WORKDIR/symbol/M05/MR01/marked/build-01/host.c"",""-o"",""WORKDIR/symbol/M05/MR01/marked/build-01/artifact.bin""],""effective_payload_hex"":""6d6f7270682d3031"",""key"":""key-alpha"",""mutant_id"":""M05"",""requested_compiler"":""gcc"",""requested_optimization"":""O2"",""requested_payload_hex"":""4d6f7270682d3031"",""return_code"":0,""source"":""WORKDIR/symbol/M05/MR01/marked/build-01/host.c"",""source_sha256"":""b16668dd694ead251ef9b615978b9ac0e42cff2db592332b669df9c8b65d70de"",""stderr"":""""},""extracted_hex"":""6d6f7270682d3031""}"
mutation,H01-gcd.c,bf207a4afdd7e623be4bd0751bdc1917c0ee550af0f38c0531b25bb726d1710c,symbol,M05,lower_payload,normalization,MR02,Host-semantic preservation,preserve,True,False,mismatch_count=0,0.162039,,False,"{""mismatches"":[]}"
mutation,H01-gcd.c,bf207a4afdd7e623be4bd0751bdc1917c0ee550af0f38c0531b25bb726d1710c,symbol,M05,lower_payload,normalization,MR03,Unmarked rejection,reject,True,False,rejected:absent:watermark symbols not found,0.077407,,False,"{""unmarked_binary_sha256"":""17288de5d8ffc83b2223ee650ec19f96fa9b779f3eb45b8e2433c730b7a1e3e2""}"
mutation,H01-gcd.c,bf207a4afdd7e623be4bd0751bdc1917c0ee550af0f38c0531b25bb726d1710c,symbol,M05,lower_payload,normalization,MR04,Wrong-key rejection,reject,True,False,rejected:wrong-key:symbol key tag mismatch,0.098256,,False,"{""antecedent_guarded"":true,""antecedent_hex"":""4d6f7270682d3031""}"
mutation,H01-gcd.c,bf207a4afdd7e623be4bd0751bdc1917c0ee550af0f38c0531b25bb726d1710c,symbol,M05,lower_payload,normalization,MR05,Payload separation,separate,False,True,first=b'morph-01';second=b'second-2',0.13427,,False,"{""first_hex"":""6d6f7270682d3031"",""second_hex"":""7365636f6e642d32""}"
mutation,H01-gcd.c,bf207a4afdd7e623be4bd0751bdc1917c0ee550af0f38c0531b25bb726d1710c,symbol,M05,lower_payload,normalization,MR06,Cross-compiler invariance,preserve,False,True,"payloads=b'morph-01',b'morph-01';semantic_equal=True",0.182448,,False,"{""clang_actual"":""clang"",""gcc_actual"":""gcc""}"
mutation,H01-gcd.c,bf207a4afdd7e623be4bd0751bdc1917c0ee550af0f38c0531b25bb726d1710c,symbol,M05,lower_payload,normalization,MR07,Optimization invariance,preserve,False,True,"payloads=['morph-01', 'morph-01', 'morph-01'];semantic_equal=True",0.235991,,False,{}
mutation,H01-gcd.c,bf207a4afdd7e623be4bd0751bdc1917c0ee550af0f38c0531b25bb726d1710c,symbol,M05,lower_payload,normalization,MR08,Clean-room relocation,preserve,False,True,source_mismatch=b'morph-01',0.06966,,False,"{""source_hex"":""6d6f7270682d3031""}"
mutation,H01-gcd.c,bf207a4afdd7e623be4bd0751bdc1917c0ee550af0f38c0531b25bb726d1710c,symbol,M05,lower_payload,normalization,MR09,Carrier-removal rejection,reject,True,False,rejected:absent:watermark symbols not found,0.095474,,False,"{""antecedent_guarded"":true}"
mutation,H01-gcd.c,bf207a4afdd7e623be4bd0751bdc1917c0ee550af0f38c0531b25bb726d1710c,symbol,M05,lower_payload,normalization,MR10,Carrier-corruption rejection,reject,True,False,rejected:checksum:symbol payload checksum mismatch,0.096281,,False,"{""antecedent_guarded"":true}"
mutation,H01-gcd.c,bf207a4afdd7e623be4bd0751bdc1917c0ee550af0f38c0531b25bb726d1710c,symbol,M05,lower_payload,normalization,MR11,Requested/actual trace agreement,trace,True,False,requested=clang/Os;actual=clang/Os,0.094052,,False,"{""build"":{""actual_compiler"":""clang"",""actual_optimization"":""Os"",""binary"":""WORKDIR/symbol/M05/MR11/trace/build-01/artifact.bin"",""binary_sha256"":""18c51982a9f2b75890f7c7843c42bfa0f10e78e0a9e6f3131cc85343817a97d8"",""carrier"":""symbol"",""command"":[""clang"",""-std=c11"",""-fno-ident"",""-no-pie"",""-Os"",""WORKDIR/symbol/M05/MR11/trace/build-01/host.c"",""-o"",""WORKDIR/symbol/M05/MR11/trace/build-01/artifact.bin""],""effective_payload_hex"":""6d6f7270682d3031"",""key"":""key-alpha"",""mutant_id"":""M05"",""requested_compiler"":""clang"",""requested_optimization"":""Os"",""requested_payload_hex"":""4d6f7270682d3031"",""return_code"":0,""source"":""WORKDIR/symbol/M05/MR11/trace/build-01/host.c"",""source_sha256"":""b16668dd694ead251ef9b615978b9ac0e42cff2db592332b669df9c8b65d70de"",""stderr"":""""}}"
mutation,H01-gcd.c,bf207a4afdd7e623be4bd0751bdc1917c0ee550af0f38c0531b25bb726d1710c,symbol,M05,lower_payload,normalization,MR12,Interleaved artifact isolation,separate,False,True,first=b'morph-01';second=b'second-2',0.162172,,False,{}
mutation,H01-gcd.c,bf207a4afdd7e623be4bd0751bdc1917c0ee550af0f38c0531b25bb726d1710c,symbol,M05,lower_payload,normalization,MR13,Reordered extraction independence,preserve,False,True,before=b'morph-01';after=b'morph-01',0.138548,,False,{}
mutation,H01-gcd.c,bf207a4afdd7e623be4bd0751bdc1917c0ee550af0f38c0531b25bb726d1710c,symbol,M05,lower_payload,normalization,MR14,Rebuild stability,preserve,False,True,first=b'morph-01';second=b'morph-01',0.1765,,False,"{""binary_bytes_equal"":true}"
mutation,H01-gcd.c,bf207a4afdd7e623be4bd0751bdc1917c0ee550af0f38c0531b25bb726d1710c,symbol,M06,key_ignored,authentication,MR01,Round-trip fidelity,preserve,True,False,extracted=b'Morph-01',0.073588,,False,"{""build"":{""actual_compiler"":""gcc"",""actual_optimization"":""O2"",""binary"":""WORKDIR/symbol/M06/MR01/marked/build-01/artifact.bin"",""binary_sha256"":""caeb74cc6a626d8c23109980a1f8d4ecf5696600ef63994b6a5f7bfcf210eed1"",""carrier"":""symbol"",""command"":[""gcc"",""-std=c11"",""-fno-ident"",""-no-pie"",""-O2"",""WORKDIR/symbol/M06/MR01/marked/build-01/host.c"",""-o"",""WORKDIR/symbol/M06/MR01/marked/build-01/artifact.bin""],""effective_payload_hex"":""4d6f7270682d3031"",""key"":""key-alpha"",""mutant_id"":""M06"",""requested_compiler"":""gcc"",""requested_optimization"":""O2"",""requested_payload_hex"":""4d6f7270682d3031"",""return_code"":0,""source"":""WORKDIR/symbol/M06/MR01/marked/build-01/host.c"",""source_sha256"":""9d97f481224f56b667922903e1df9337dbc21b9eeb732be3b8d6cf8decc567cf"",""stderr"":""""},""extracted_hex"":""4d6f7270682d3031""}"
mutation,H01-gcd.c,bf207a4afdd7e623be4bd0751bdc1917c0ee550af0f38c0531b25bb726d1710c,symbol,M06,key_ignored,authentication,MR02,Host-semantic preservation,preserve,True,False,mismatch_count=0,0.157965,,False,"{""mismatches"":[]}"
mutation,H01-gcd.c,bf207a4afdd7e623be4bd0751bdc1917c0ee550af0f38c0531b25bb726d1710c,symbol,M06,key_ignored,authentication,MR03,Unmarked rejection,reject,True,False,rejected:absent:watermark symbols not found,0.076116,,False,"{""unmarked_binary_sha256"":""17288de5d8ffc83b2223ee650ec19f96fa9b779f3eb45b8e2433c730b7a1e3e2""}"
mutation,H01-gcd.c,bf207a4afdd7e623be4bd0751bdc1917c0ee550af0f38c0531b25bb726d1710c,symbol,M06,key_ignored,authentication,MR04,Wrong-key rejection,reject,False,True,accepted:b'Morph-01',0.054632,,False,"{""antecedent_guarded"":true,""antecedent_hex"":""4d6f7270682d3031""}"
mutation,H01-gcd.c,bf207a4afdd7e623be4bd0751bdc1917c0ee550af0f38c0531b25bb726d1710c,symbol,M06,key_ignored,authentication,MR05,Payload separation,separate,True,False,first=b'Morph-01';second=b'Second-2',0.129615,,False,"{""first_hex"":""4d6f7270682d3031"",""second_hex"":""5365636f6e642d32""}"
mutation,H01-gcd.c,bf207a4afdd7e623be4bd0751bdc1917c0ee550af0f38c0531b25bb726d1710c,symbol,M06,key_ignored,authentication,MR06,Cross-compiler invariance,preserve,True,False,"payloads=b'Morph-01',b'Morph-01';semantic_equal=True",0.194366,,False,"{""clang_actual"":""clang"",""gcc_actual"":""gcc""}"
mutation,H01-gcd.c,bf207a4afdd7e623be4bd0751bdc1917c0ee550af0f38c0531b25bb726d1710c,symbol,M06,key_ignored,authentication,MR07,Optimization invariance,preserve,True,False,"payloads=['Morph-01', 'Morph-01', 'Morph-01'];semantic_equal=True",0.242397,,False,{}
mutation,H01-gcd.c,bf207a4afdd7e623be4bd0751bdc1917c0ee550af0f38c0531b25bb726d1710c,symbol,M06,key_ignored,authentication,MR08,Clean-room relocation,preserve,True,False,relocated=b'Morph-01',0.080909,,False,"{""clean_room_entries"":[""renamed-artifact.bin""],""relocated_hex"":""4d6f7270682d3031""}"
mutation,H01-gcd.c,bf207a4afdd7e623be4bd0751bdc1917c0ee550af0f38c0531b25bb726d1710c,symbol,M06,key_ignored,authentication,MR09,Carrier-removal rejection,reject,True,False,rejected:absent:watermark symbols not found,0.066034,,False,"{""antecedent_guarded"":true}"
mutation,H01-gcd.c,bf207a4afdd7e623be4bd0751bdc1917c0ee550af0f38c0531b25bb726d1710c,symbol,M06,key_ignored,authentication,MR10,Carrier-corruption rejection,reject,True,False,rejected:checksum:symbol payload checksum mismatch,0.077365,,False,"{""antecedent_guarded"":true}"
mutation,H01-gcd.c,bf207a4afdd7e623be4bd0751bdc1917c0ee550af0f38c0531b25bb726d1710c,symbol,M06,key_ignored,authentication,MR11,Requested/actual trace agreement,trace,True,False,requested=clang/Os;actual=clang/Os,0.08873,,False,"{""build"":{""actual_compiler"":""clang"",""actual_optimization"":""Os"",""binary"":""WORKDIR/symbol/M06/MR11/trace/build-01/artifact.bin"",""binary_sha256"":""755b72694df8fb0d5c405c9f34bb01b2ee5fc724e811fcf92d0794f7ec335695"",""carrier"":""symbol"",""command"":[""clang"",""-std=c11"",""-fno-ident"",""-no-pie"",""-Os"",""WORKDIR/symbol/M06/MR11/trace/build-01/host.c"",""-o"",""WORKDIR/symbol/M06/MR11/trace/build-01/artifact.bin""],""effective_payload_hex"":""4d6f7270682d3031"",""key"":""key-alpha"",""mutant_id"":""M06"",""requested_compiler"":""clang"",""requested_optimization"":""Os"",""requested_payload_hex"":""4d6f7270682d3031"",""return_code"":0,""source"":""WORKDIR/symbol/M06/MR11/trace/build-01/host.c"",""source_sha256"":""9d97f481224f56b667922903e1df9337dbc21b9eeb732be3b8d6cf8decc567cf"",""stderr"":""""}}"
mutation,H01-gcd.c,bf207a4afdd7e623be4bd0751bdc1917c0ee550af0f38c0531b25bb726d1710c,symbol,M06,key_ignored,authentication,MR12,Interleaved artifact isolation,separate,True,False,first=b'Morph-01';second=b'Second-2',0.112595,,False,{}
mutation,H01-gcd.c,bf207a4afdd7e623be4bd0751bdc1917c0ee550af0f38c0531b25bb726d1710c,symbol,M06,key_ignored,authentication,MR13,Reordered extraction independence,preserve,True,False,before=b'Morph-01';after=b'Morph-01',0.124379,,False,{}
mutation,H01-gcd.c,bf207a4afdd7e623be4bd0751bdc1917c0ee550af0f38c0531b25bb726d1710c,symbol,M06,key_ignored,authentication,MR14,Rebuild stability,preserve,True,False,first=b'Morph-01';second=b'Morph-01',0.103706,,False,"{""binary_bytes_equal"":true}"
mutation,H01-gcd.c,bf207a4afdd7e623be4bd0751bdc1917c0ee550af0f38c0531b25bb726d1710c,symbol,M07,sidecar_oracle,artifact binding,MR01,Round-trip fidelity,preserve,True,False,extracted=b'Morph-01',0.079942,,False,"{""build"":{""actual_compiler"":""gcc"",""actual_optimization"":""O2"",""binary"":""WORKDIR/symbol/M07/MR01/marked/build-01/artifact.bin"",""binary_sha256"":""7b713450f899744a0e9c1995e1ea83c762e52b3b03c45f82418d86193b6be1a1"",""carrier"":""symbol"",""command"":[""gcc"",""-std=c11"",""-fno-ident"",""-no-pie"",""-O2"",""WORKDIR/symbol/M07/MR01/marked/build-01/host.c"",""-o"",""WORKDIR/symbol/M07/MR01/marked/build-01/artifact.bin""],""effective_payload_hex"":""4d6f7270682d3031"",""key"":""key-alpha"",""mutant_id"":""M07"",""requested_compiler"":""gcc"",""requested_optimization"":""O2"",""requested_payload_hex"":""4d6f7270682d3031"",""return_code"":0,""source"":""WORKDIR/symbol/M07/MR01/marked/build-01/host.c"",""source_sha256"":""45e69a3841e4e8368c9380bdbc2f287b38fe1665811764759930b7957a59ce6a"",""stderr"":""""},""extracted_hex"":""4d6f7270682d3031""}"
mutation,H01-gcd.c,bf207a4afdd7e623be4bd0751bdc1917c0ee550af0f38c0531b25bb726d1710c,symbol,M07,sidecar_oracle,artifact binding,MR02,Host-semantic preservation,preserve,True,False,mismatch_count=0,0.15709,,False,"{""mismatches"":[]}"
mutation,H01-gcd.c,bf207a4afdd7e623be4bd0751bdc1917c0ee550af0f38c0531b25bb726d1710c,symbol,M07,sidecar_oracle,artifact binding,MR03,Unmarked rejection,reject,True,False,rejected:sidecar:adjacent sidecar is missing,0.062403,,False,"{""unmarked_binary_sha256"":""17288de5d8ffc83b2223ee650ec19f96fa9b779f3eb45b8e2433c730b7a1e3e2""}"
mutation,H01-gcd.c,bf207a4afdd7e623be4bd0751bdc1917c0ee550af0f38c0531b25bb726d1710c,symbol,M07,sidecar_oracle,artifact binding,MR04,Wrong-key rejection,reject,True,False,rejected:wrong-key:sidecar key mismatch,0.037105,,False,"{""antecedent_guarded"":true,""antecedent_hex"":""4d6f7270682d3031""}"
mutation,H01-gcd.c,bf207a4afdd7e623be4bd0751bdc1917c0ee550af0f38c0531b25bb726d1710c,symbol,M07,sidecar_oracle,artifact binding,MR05,Payload separation,separate,True,False,first=b'Morph-01';second=b'Second-2',0.13614,,False,"{""first_hex"":""4d6f7270682d3031"",""second_hex"":""5365636f6e642d32""}"
mutation,H01-gcd.c,bf207a4afdd7e623be4bd0751bdc1917c0ee550af0f38c0531b25bb726d1710c,symbol,M07,sidecar_oracle,artifact binding,MR06,Cross-compiler invariance,preserve,True,False,"payloads=b'Morph-01',b'Morph-01';semantic_equal=True",0.17778,,False,"{""clang_actual"":""clang"",""gcc_actual"":""gcc""}"
mutation,H01-gcd.c,bf207a4afdd7e623be4bd0751bdc1917c0ee550af0f38c0531b25bb726d1710c,symbol,M07,sidecar_oracle,artifact binding,MR07,Optimization invariance,preserve,True,False,"payloads=['Morph-01', 'Morph-01', 'Morph-01'];semantic_equal=True",0.218797,,False,{}
mutation,H01-gcd.c,bf207a4afdd7e623be4bd0751bdc1917c0ee550af0f38c0531b25bb726d1710c,symbol,M07,sidecar_oracle,artifact binding,MR08,Clean-room relocation,preserve,False,True,exception:ExtractionError:adjacent sidecar is missing,0.062031,ExtractionError,False,{}
mutation,H01-gcd.c,bf207a4afdd7e623be4bd0751bdc1917c0ee550af0f38c0531b25bb726d1710c,symbol,M07,sidecar_oracle,artifact binding,MR09,Carrier-removal rejection,reject,True,False,rejected:sidecar:adjacent sidecar is missing,0.079892,,False,"{""antecedent_guarded"":true}"
mutation,H01-gcd.c,bf207a4afdd7e623be4bd0751bdc1917c0ee550af0f38c0531b25bb726d1710c,symbol,M07,sidecar_oracle,artifact binding,MR10,Carrier-corruption rejection,reject,True,False,rejected:sidecar:adjacent sidecar is missing,0.062467,,False,"{""antecedent_guarded"":true}"
mutation,H01-gcd.c,bf207a4afdd7e623be4bd0751bdc1917c0ee550af0f38c0531b25bb726d1710c,symbol,M07,sidecar_oracle,artifact binding,MR11,Requested/actual trace agreement,trace,True,False,requested=clang/Os;actual=clang/Os,0.056309,,False,"{""build"":{""actual_compiler"":""clang"",""actual_optimization"":""Os"",""binary"":""WORKDIR/symbol/M07/MR11/trace/build-01/artifact.bin"",""binary_sha256"":""25e0d918cd8ff7cc194ede1eb56d7dc89089e033832c65ca5cceab6c9faa446b"",""carrier"":""symbol"",""command"":[""clang"",""-std=c11"",""-fno-ident"",""-no-pie"",""-Os"",""WORKDIR/symbol/M07/MR11/trace/build-01/host.c"",""-o"",""WORKDIR/symbol/M07/MR11/trace/build-01/artifact.bin""],""effective_payload_hex"":""4d6f7270682d3031"",""key"":""key-alpha"",""mutant_id"":""M07"",""requested_compiler"":""clang"",""requested_optimization"":""Os"",""requested_payload_hex"":""4d6f7270682d3031"",""return_code"":0,""source"":""WORKDIR/symbol/M07/MR11/trace/build-01/host.c"",""source_sha256"":""45e69a3841e4e8368c9380bdbc2f287b38fe1665811764759930b7957a59ce6a"",""stderr"":""""}}"
mutation,H01-gcd.c,bf207a4afdd7e623be4bd0751bdc1917c0ee550af0f38c0531b25bb726d1710c,symbol,M07,sidecar_oracle,artifact binding,MR12,Interleaved artifact isolation,separate,True,False,first=b'Morph-01';second=b'Second-2',0.13642,,False,{}
mutation,H01-gcd.c,bf207a4afdd7e623be4bd0751bdc1917c0ee550af0f38c0531b25bb726d1710c,symbol,M07,sidecar_oracle,artifact binding,MR13,Reordered extraction independence,preserve,True,False,before=b'Morph-01';after=b'Morph-01',0.106265,,False,{}
mutation,H01-gcd.c,bf207a4afdd7e623be4bd0751bdc1917c0ee550af0f38c0531b25bb726d1710c,symbol,M07,sidecar_oracle,artifact binding,MR14,Rebuild stability,preserve,True,False,first=b'Morph-01';second=b'Morph-01',0.112692,,False,"{""binary_bytes_equal"":true}"
mutation,H01-gcd.c,bf207a4afdd7e623be4bd0751bdc1917c0ee550af0f38c0531b25bb726d1710c,symbol,M08,global_cache_oracle,state,MR01,Round-trip fidelity,preserve,True,False,extracted=b'Morph-01',0.080592,,False,"{""build"":{""actual_compiler"":""gcc"",""actual_optimization"":""O2"",""binary"":""WORKDIR/symbol/M08/MR01/marked/build-01/artifact.bin"",""binary_sha256"":""7b713450f899744a0e9c1995e1ea83c762e52b3b03c45f82418d86193b6be1a1"",""carrier"":""symbol"",""command"":[""gcc"",""-std=c11"",""-fno-ident"",""-no-pie"",""-O2"",""WORKDIR/symbol/M08/MR01/marked/build-01/host.c"",""-o"",""WORKDIR/symbol/M08/MR01/marked/build-01/artifact.bin""],""effective_payload_hex"":""4d6f7270682d3031"",""key"":""key-alpha"",""mutant_id"":""M08"",""requested_compiler"":""gcc"",""requested_optimization"":""O2"",""requested_payload_hex"":""4d6f7270682d3031"",""return_code"":0,""source"":""WORKDIR/symbol/M08/MR01/marked/build-01/host.c"",""source_sha256"":""45e69a3841e4e8368c9380bdbc2f287b38fe1665811764759930b7957a59ce6a"",""stderr"":""""},""extracted_hex"":""4d6f7270682d3031""}"
mutation,H01-gcd.c,bf207a4afdd7e623be4bd0751bdc1917c0ee550af0f38c0531b25bb726d1710c,symbol,M08,global_cache_oracle,state,MR02,Host-semantic preservation,preserve,True,False,mismatch_count=0,0.161926,,False,"{""mismatches"":[]}"
mutation,H01-gcd.c,bf207a4afdd7e623be4bd0751bdc1917c0ee550af0f38c0531b25bb726d1710c,symbol,M08,global_cache_oracle,state,MR03,Unmarked rejection,reject,True,False,rejected:absent:watermark symbols not found,0.073115,,False,"{""unmarked_binary_sha256"":""17288de5d8ffc83b2223ee650ec19f96fa9b779f3eb45b8e2433c730b7a1e3e2""}"
mutation,H01-gcd.c,bf207a4afdd7e623be4bd0751bdc1917c0ee550af0f38c0531b25bb726d1710c,symbol,M08,global_cache_oracle,state,MR04,Wrong-key rejection,reject,False,True,accepted:b'Morph-01',0.038998,,False,"{""antecedent_guarded"":true,""antecedent_hex"":""4d6f7270682d3031""}"
mutation,H01-gcd.c,bf207a4afdd7e623be4bd0751bdc1917c0ee550af0f38c0531b25bb726d1710c,symbol,M08,global_cache_oracle,state,MR05,Payload separation,separate,False,True,first=b'Second-2';second=b'Second-2',0.115164,,False,"{""first_hex"":""5365636f6e642d32"",""second_hex"":""5365636f6e642d32""}"
mutation,H01-gcd.c,bf207a4afdd7e623be4bd0751bdc1917c0ee550af0f38c0531b25bb726d1710c,symbol,M08,global_cache_oracle,state,MR06,Cross-compiler invariance,preserve,True,False,"payloads=b'Morph-01',b'Morph-01';semantic_equal=True",0.179619,,False,"{""clang_actual"":""clang"",""gcc_actual"":""gcc""}"
mutation,H01-gcd.c,bf207a4afdd7e623be4bd0751bdc1917c0ee550af0f38c0531b25bb726d1710c,symbol,M08,global_cache_oracle,state,MR07,Optimization invariance,preserve,True,False,"payloads=['Morph-01', 'Morph-01', 'Morph-01'];semantic_equal=True",0.210251,,False,{}
mutation,H01-gcd.c,bf207a4afdd7e623be4bd0751bdc1917c0ee550af0f38c0531b25bb726d1710c,symbol,M08,global_cache_oracle,state,MR08,Clean-room relocation,preserve,True,False,relocated=b'Morph-01',0.064896,,False,"{""clean_room_entries"":[""renamed-artifact.bin""],""relocated_hex"":""4d6f7270682d3031""}"
mutation,H01-gcd.c,bf207a4afdd7e623be4bd0751bdc1917c0ee550af0f38c0531b25bb726d1710c,symbol,M08,global_cache_oracle,state,MR09,Carrier-removal rejection,reject,False,True,spurious robustness:accepted:b'Morph-01',0.08197,,False,"{""antecedent_guarded"":true}"
mutation,H01-gcd.c,bf207a4afdd7e623be4bd0751bdc1917c0ee550af0f38c0531b25bb726d1710c,symbol,M08,global_cache_oracle,state,MR10,Carrier-corruption rejection,reject,False,True,corruption accepted:accepted:b'Morph-01',0.085115,,False,"{""antecedent_guarded"":true}"
mutation,H01-gcd.c,bf207a4afdd7e623be4bd0751bdc1917c0ee550af0f38c0531b25bb726d1710c,symbol,M08,global_cache_oracle,state,MR11,Requested/actual trace agreement,trace,True,False,requested=clang/Os;actual=clang/Os,0.084684,,False,"{""build"":{""actual_compiler"":""clang"",""actual_optimization"":""Os"",""binary"":""WORKDIR/symbol/M08/MR11/trace/build-01/artifact.bin"",""binary_sha256"":""25e0d918cd8ff7cc194ede1eb56d7dc89089e033832c65ca5cceab6c9faa446b"",""carrier"":""symbol"",""command"":[""clang"",""-std=c11"",""-fno-ident"",""-no-pie"",""-Os"",""WORKDIR/symbol/M08/MR11/trace/build-01/host.c"",""-o"",""WORKDIR/symbol/M08/MR11/trace/build-01/artifact.bin""],""effective_payload_hex"":""4d6f7270682d3031"",""key"":""key-alpha"",""mutant_id"":""M08"",""requested_compiler"":""clang"",""requested_optimization"":""Os"",""requested_payload_hex"":""4d6f7270682d3031"",""return_code"":0,""source"":""WORKDIR/symbol/M08/MR11/trace/build-01/host.c"",""source_sha256"":""45e69a3841e4e8368c9380bdbc2f287b38fe1665811764759930b7957a59ce6a"",""stderr"":""""}}"
mutation,H01-gcd.c,bf207a4afdd7e623be4bd0751bdc1917c0ee550af0f38c0531b25bb726d1710c,symbol,M08,global_cache_oracle,state,MR12,Interleaved artifact isolation,separate,False,True,first=b'Second-2';second=b'Second-2',0.13434,,False,{}
mutation,H01-gcd.c,bf207a4afdd7e623be4bd0751bdc1917c0ee550af0f38c0531b25bb726d1710c,symbol,M08,global_cache_oracle,state,MR13,Reordered extraction independence,preserve,False,True,before=b'Morph-01';after=b'Second-2',0.116597,,False,{}
mutation,H01-gcd.c,bf207a4afdd7e623be4bd0751bdc1917c0ee550af0f38c0531b25bb726d1710c,symbol,M08,global_cache_oracle,state,MR14,Rebuild stability,preserve,True,False,first=b'Morph-01';second=b'Morph-01',0.112383,,False,"{""binary_bytes_equal"":true}"
mutation,H01-gcd.c,bf207a4afdd7e623be4bd0751bdc1917c0ee550af0f38c0531b25bb726d1710c,symbol,M09,unmarked_default,false positive,MR01,Round-trip fidelity,preserve,True,False,extracted=b'Morph-01',0.068711,,False,"{""build"":{""actual_compiler"":""gcc"",""actual_optimization"":""O2"",""binary"":""WORKDIR/symbol/M09/MR01/marked/build-01/artifact.bin"",""binary_sha256"":""7b713450f899744a0e9c1995e1ea83c762e52b3b03c45f82418d86193b6be1a1"",""carrier"":""symbol"",""command"":[""gcc"",""-std=c11"",""-fno-ident"",""-no-pie"",""-O2"",""WORKDIR/symbol/M09/MR01/marked/build-01/host.c"",""-o"",""WORKDIR/symbol/M09/MR01/marked/build-01/artifact.bin""],""effective_payload_hex"":""4d6f7270682d3031"",""key"":""key-alpha"",""mutant_id"":""M09"",""requested_compiler"":""gcc"",""requested_optimization"":""O2"",""requested_payload_hex"":""4d6f7270682d3031"",""return_code"":0,""source"":""WORKDIR/symbol/M09/MR01/marked/build-01/host.c"",""source_sha256"":""45e69a3841e4e8368c9380bdbc2f287b38fe1665811764759930b7957a59ce6a"",""stderr"":""""},""extracted_hex"":""4d6f7270682d3031""}"
mutation,H01-gcd.c,bf207a4afdd7e623be4bd0751bdc1917c0ee550af0f38c0531b25bb726d1710c,symbol,M09,unmarked_default,false positive,MR02,Host-semantic preservation,preserve,True,False,mismatch_count=0,0.167231,,False,"{""mismatches"":[]}"
mutation,H01-gcd.c,bf207a4afdd7e623be4bd0751bdc1917c0ee550af0f38c0531b25bb726d1710c,symbol,M09,unmarked_default,false positive,MR03,Unmarked rejection,reject,False,True,accepted:b'Morph-01',0.070032,,False,"{""unmarked_binary_sha256"":""17288de5d8ffc83b2223ee650ec19f96fa9b779f3eb45b8e2433c730b7a1e3e2""}"
mutation,H01-gcd.c,bf207a4afdd7e623be4bd0751bdc1917c0ee550af0f38c0531b25bb726d1710c,symbol,M09,unmarked_default,false positive,MR04,Wrong-key rejection,reject,False,True,accepted:b'Morph-01',0.05655,,False,"{""antecedent_guarded"":true,""antecedent_hex"":""4d6f7270682d3031""}"
mutation,H01-gcd.c,bf207a4afdd7e623be4bd0751bdc1917c0ee550af0f38c0531b25bb726d1710c,symbol,M09,unmarked_default,false positive,MR05,Payload separation,separate,True,False,first=b'Morph-01';second=b'Second-2',0.09995,,False,"{""first_hex"":""4d6f7270682d3031"",""second_hex"":""5365636f6e642d32""}"
mutation,H01-gcd.c,bf207a4afdd7e623be4bd0751bdc1917c0ee550af0f38c0531b25bb726d1710c,symbol,M09,unmarked_default,false positive,MR06,Cross-compiler invariance,preserve,True,False,"payloads=b'Morph-01',b'Morph-01';semantic_equal=True",0.202906,,False,"{""clang_actual"":""clang"",""gcc_actual"":""gcc""}"
mutation,H01-gcd.c,bf207a4afdd7e623be4bd0751bdc1917c0ee550af0f38c0531b25bb726d1710c,symbol,M09,unmarked_default,false positive,MR07,Optimization invariance,preserve,True,False,"payloads=['Morph-01', 'Morph-01', 'Morph-01'];semantic_equal=True",0.237139,,False,{}
mutation,H01-gcd.c,bf207a4afdd7e623be4bd0751bdc1917c0ee550af0f38c0531b25bb726d1710c,symbol,M09,unmarked_default,false positive,MR08,Clean-room relocation,preserve,True,False,relocated=b'Morph-01',0.071547,,False,"{""clean_room_entries"":[""renamed-artifact.bin""],""relocated_hex"":""4d6f7270682d3031""}"
mutation,H01-gcd.c,bf207a4afdd7e623be4bd0751bdc1917c0ee550af0f38c0531b25bb726d1710c,symbol,M09,unmarked_default,false positive,MR09,Carrier-removal rejection,reject,False,True,spurious robustness:accepted:b'Morph-01',0.077293,,False,"{""antecedent_guarded"":true}"
mutation,H01-gcd.c,bf207a4afdd7e623be4bd0751bdc1917c0ee550af0f38c0531b25bb726d1710c,symbol,M09,unmarked_default,false positive,MR10,Carrier-corruption rejection,reject,False,True,corruption accepted:accepted:b'Morph-01',0.080512,,False,"{""antecedent_guarded"":true}"
mutation,H01-gcd.c,bf207a4afdd7e623be4bd0751bdc1917c0ee550af0f38c0531b25bb726d1710c,symbol,M09,unmarked_default,false positive,MR11,Requested/actual trace agreement,trace,True,False,requested=clang/Os;actual=clang/Os,0.081135,,False,"{""build"":{""actual_compiler"":""clang"",""actual_optimization"":""Os"",""binary"":""WORKDIR/symbol/M09/MR11/trace/build-01/artifact.bin"",""binary_sha256"":""25e0d918cd8ff7cc194ede1eb56d7dc89089e033832c65ca5cceab6c9faa446b"",""carrier"":""symbol"",""command"":[""clang"",""-std=c11"",""-fno-ident"",""-no-pie"",""-Os"",""WORKDIR/symbol/M09/MR11/trace/build-01/host.c"",""-o"",""WORKDIR/symbol/M09/MR11/trace/build-01/artifact.bin""],""effective_payload_hex"":""4d6f7270682d3031"",""key"":""key-alpha"",""mutant_id"":""M09"",""requested_compiler"":""clang"",""requested_optimization"":""Os"",""requested_payload_hex"":""4d6f7270682d3031"",""return_code"":0,""source"":""WORKDIR/symbol/M09/MR11/trace/build-01/host.c"",""source_sha256"":""45e69a3841e4e8368c9380bdbc2f287b38fe1665811764759930b7957a59ce6a"",""stderr"":""""}}"
mutation,H01-gcd.c,bf207a4afdd7e623be4bd0751bdc1917c0ee550af0f38c0531b25bb726d1710c,symbol,M09,unmarked_default,false positive,MR12,Interleaved artifact isolation,separate,True,False,first=b'Morph-01';second=b'Second-2',0.134927,,False,{}
mutation,H01-gcd.c,bf207a4afdd7e623be4bd0751bdc1917c0ee550af0f38c0531b25bb726d1710c,symbol,M09,unmarked_default,false positive,MR13,Reordered extraction independence,preserve,True,False,before=b'Morph-01';after=b'Morph-01',0.107232,,False,{}
mutation,H01-gcd.c,bf207a4afdd7e623be4bd0751bdc1917c0ee550af0f38c0531b25bb726d1710c,symbol,M09,unmarked_default,false positive,MR14,Rebuild stability,preserve,True,False,first=b'Morph-01';second=b'Morph-01',0.103798,,False,"{""binary_bytes_equal"":true}"
mutation,H01-gcd.c,bf207a4afdd7e623be4bd0751bdc1917c0ee550af0f38c0531b25bb726d1710c,symbol,M10,semantic_plus_one,semantic corruption,MR01,Round-trip fidelity,preserve,True,False,extracted=b'Morph-01',0.087522,,False,"{""build"":{""actual_compiler"":""gcc"",""actual_optimization"":""O2"",""binary"":""WORKDIR/symbol/M10/MR01/marked/build-01/artifact.bin"",""binary_sha256"":""1bc79235c76287d0b7446888abaa1ee4da150849082795c2c7cd41018eddf232"",""carrier"":""symbol"",""command"":[""gcc"",""-std=c11"",""-fno-ident"",""-no-pie"",""-O2"",""WORKDIR/symbol/M10/MR01/marked/build-01/host.c"",""-o"",""WORKDIR/symbol/M10/MR01/marked/build-01/artifact.bin""],""effective_payload_hex"":""4d6f7270682d3031"",""key"":""key-alpha"",""mutant_id"":""M10"",""requested_compiler"":""gcc"",""requested_optimization"":""O2"",""requested_payload_hex"":""4d6f7270682d3031"",""return_code"":0,""source"":""WORKDIR/symbol/M10/MR01/marked/build-01/host.c"",""source_sha256"":""6c2a7e9d6f37012f3ed983cf8df7478d089e8571c5dba530fcc11eb6cd1b880d"",""stderr"":""""},""extracted_hex"":""4d6f7270682d3031""}"
mutation,H01-gcd.c,bf207a4afdd7e623be4bd0751bdc1917c0ee550af0f38c0531b25bb726d1710c,symbol,M10,semantic_plus_one,semantic corruption,MR02,Host-semantic preservation,preserve,False,True,mismatch_count=6,0.174559,,False,"{""mismatches"":[{""base"":""13"",""input"":0,""marked"":""14""},{""base"":""4"",""input"":1,""marked"":""5""},{""base"":""16"",""input"":5,""marked"":""17""},{""base"":""104"",""input"":13,""marked"":""105""},{""base"":""1"",""input"":144,""marked"":""2""},{""base"":""2"",""input"":99991,""marked"":""3""}]}"
mutation,H01-gcd.c,bf207a4afdd7e623be4bd0751bdc1917c0ee550af0f38c0531b25bb726d1710c,symbol,M10,semantic_plus_one,semantic corruption,MR03,Unmarked rejection,reject,True,False,rejected:absent:watermark symbols not found,0.064132,,False,"{""unmarked_binary_sha256"":""17288de5d8ffc83b2223ee650ec19f96fa9b779f3eb45b8e2433c730b7a1e3e2""}"
mutation,H01-gcd.c,bf207a4afdd7e623be4bd0751bdc1917c0ee550af0f38c0531b25bb726d1710c,symbol,M10,semantic_plus_one,semantic corruption,MR04,Wrong-key rejection,reject,True,False,rejected:wrong-key:symbol key tag mismatch,0.050493,,False,"{""antecedent_guarded"":true,""antecedent_hex"":""4d6f7270682d3031""}"
mutation,H01-gcd.c,bf207a4afdd7e623be4bd0751bdc1917c0ee550af0f38c0531b25bb726d1710c,symbol,M10,semantic_plus_one,semantic corruption,MR05,Payload separation,separate,True,False,first=b'Morph-01';second=b'Second-2',0.125211,,False,"{""first_hex"":""4d6f7270682d3031"",""second_hex"":""5365636f6e642d32""}"
mutation,H01-gcd.c,bf207a4afdd7e623be4bd0751bdc1917c0ee550af0f38c0531b25bb726d1710c,symbol,M10,semantic_plus_one,semantic corruption,MR06,Cross-compiler invariance,preserve,True,False,"payloads=b'Morph-01',b'Morph-01';semantic_equal=True",0.173258,,False,"{""clang_actual"":""clang"",""gcc_actual"":""gcc""}"
mutation,H01-gcd.c,bf207a4afdd7e623be4bd0751bdc1917c0ee550af0f38c0531b25bb726d1710c,symbol,M10,semantic_plus_one,semantic corruption,MR07,Optimization invariance,preserve,True,False,"payloads=['Morph-01', 'Morph-01', 'Morph-01'];semantic_equal=True",0.19761,,False,{}
mutation,H01-gcd.c,bf207a4afdd7e623be4bd0751bdc1917c0ee550af0f38c0531b25bb726d1710c,symbol,M10,semantic_plus_one,semantic corruption,MR08,Clean-room relocation,preserve,True,False,relocated=b'Morph-01',0.071741,,False,"{""clean_room_entries"":[""renamed-artifact.bin""],""relocated_hex"":""4d6f7270682d3031""}"
mutation,H01-gcd.c,bf207a4afdd7e623be4bd0751bdc1917c0ee550af0f38c0531b25bb726d1710c,symbol,M10,semantic_plus_one,semantic corruption,MR09,Carrier-removal rejection,reject,True,False,rejected:absent:watermark symbols not found,0.084434,,False,"{""antecedent_guarded"":true}"
mutation,H01-gcd.c,bf207a4afdd7e623be4bd0751bdc1917c0ee550af0f38c0531b25bb726d1710c,symbol,M10,semantic_plus_one,semantic corruption,MR10,Carrier-corruption rejection,reject,True,False,rejected:checksum:symbol payload checksum mismatch,0.080207,,False,"{""antecedent_guarded"":true}"
mutation,H01-gcd.c,bf207a4afdd7e623be4bd0751bdc1917c0ee550af0f38c0531b25bb726d1710c,symbol,M10,semantic_plus_one,semantic corruption,MR11,Requested/actual trace agreement,trace,True,False,requested=clang/Os;actual=clang/Os,0.08378,,False,"{""build"":{""actual_compiler"":""clang"",""actual_optimization"":""Os"",""binary"":""WORKDIR/symbol/M10/MR11/trace/build-01/artifact.bin"",""binary_sha256"":""320c9f1496d9b78a434474779a35d9dcb206de723fbb3806fa884e178adcc65f"",""carrier"":""symbol"",""command"":[""clang"",""-std=c11"",""-fno-ident"",""-no-pie"",""-Os"",""WORKDIR/symbol/M10/MR11/trace/build-01/host.c"",""-o"",""WORKDIR/symbol/M10/MR11/trace/build-01/artifact.bin""],""effective_payload_hex"":""4d6f7270682d3031"",""key"":""key-alpha"",""mutant_id"":""M10"",""requested_compiler"":""clang"",""requested_optimization"":""Os"",""requested_payload_hex"":""4d6f7270682d3031"",""return_code"":0,""source"":""WORKDIR/symbol/M10/MR11/trace/build-01/host.c"",""source_sha256"":""6c2a7e9d6f37012f3ed983cf8df7478d089e8571c5dba530fcc11eb6cd1b880d"",""stderr"":""""}}"
mutation,H01-gcd.c,bf207a4afdd7e623be4bd0751bdc1917c0ee550af0f38c0531b25bb726d1710c,symbol,M10,semantic_plus_one,semantic corruption,MR12,Interleaved artifact isolation,separate,True,False,first=b'Morph-01';second=b'Second-2',0.123378,,False,{}
mutation,H01-gcd.c,bf207a4afdd7e623be4bd0751bdc1917c0ee550af0f38c0531b25bb726d1710c,symbol,M10,semantic_plus_one,semantic corruption,MR13,Reordered extraction independence,preserve,True,False,before=b'Morph-01';after=b'Morph-01',0.117131,,False,{}
mutation,H01-gcd.c,bf207a4afdd7e623be4bd0751bdc1917c0ee550af0f38c0531b25bb726d1710c,symbol,M10,semantic_plus_one,semantic corruption,MR14,Rebuild stability,preserve,True,False,first=b'Morph-01';second=b'Morph-01',0.112215,,False,"{""binary_bytes_equal"":true}"
mutation,H01-gcd.c,bf207a4afdd7e623be4bd0751bdc1917c0ee550af0f38c0531b25bb726d1710c,symbol,M11,semantic_input13,semantic corruption,MR01,Round-trip fidelity,preserve,True,False,extracted=b'Morph-01',0.05863,,False,"{""build"":{""actual_compiler"":""gcc"",""actual_optimization"":""O2"",""binary"":""WORKDIR/symbol/M11/MR01/marked/build-01/artifact.bin"",""binary_sha256"":""ed8419d5b48c2b95a4eb8293597dd4bd4f43bc45b77bf5542be5e578a4a119fd"",""carrier"":""symbol"",""command"":[""gcc"",""-std=c11"",""-fno-ident"",""-no-pie"",""-O2"",""WORKDIR/symbol/M11/MR01/marked/build-01/host.c"",""-o"",""WORKDIR/symbol/M11/MR01/marked/build-01/artifact.bin""],""effective_payload_hex"":""4d6f7270682d3031"",""key"":""key-alpha"",""mutant_id"":""M11"",""requested_compiler"":""gcc"",""requested_optimization"":""O2"",""requested_payload_hex"":""4d6f7270682d3031"",""return_code"":0,""source"":""WORKDIR/symbol/M11/MR01/marked/build-01/host.c"",""source_sha256"":""aff44abe4f5b4c6b8f4610ca78cc0f7c6896afa6d457f493d72dc6db789e335c"",""stderr"":""""},""extracted_hex"":""4d6f7270682d3031""}"
mutation,H01-gcd.c,bf207a4afdd7e623be4bd0751bdc1917c0ee550af0f38c0531b25bb726d1710c,symbol,M11,semantic_input13,semantic corruption,MR02,Host-semantic preservation,preserve,False,True,mismatch_count=1,0.168903,,False,"{""mismatches"":[{""base"":""104"",""input"":13,""marked"":""105""}]}"
mutation,H01-gcd.c,bf207a4afdd7e623be4bd0751bdc1917c0ee550af0f38c0531b25bb726d1710c,symbol,M11,semantic_input13,semantic corruption,MR03,Unmarked rejection,reject,True,False,rejected:absent:watermark symbols not found,0.074387,,False,"{""unmarked_binary_sha256"":""17288de5d8ffc83b2223ee650ec19f96fa9b779f3eb45b8e2433c730b7a1e3e2""}"
mutation,H01-gcd.c,bf207a4afdd7e623be4bd0751bdc1917c0ee550af0f38c0531b25bb726d1710c,symbol,M11,semantic_input13,semantic corruption,MR04,Wrong-key rejection,reject,True,False,rejected:wrong-key:symbol key tag mismatch,0.074835,,False,"{""antecedent_guarded"":true,""antecedent_hex"":""4d6f7270682d3031""}"
mutation,H01-gcd.c,bf207a4afdd7e623be4bd0751bdc1917c0ee550af0f38c0531b25bb726d1710c,symbol,M11,semantic_input13,semantic corruption,MR05,Payload separation,separate,True,False,first=b'Morph-01';second=b'Second-2',0.115973,,False,"{""first_hex"":""4d6f7270682d3031"",""second_hex"":""5365636f6e642d32""}"
mutation,H01-gcd.c,bf207a4afdd7e623be4bd0751bdc1917c0ee550af0f38c0531b25bb726d1710c,symbol,M11,semantic_input13,semantic corruption,MR06,Cross-compiler invariance,preserve,True,False,"payloads=b'Morph-01',b'Morph-01';semantic_equal=True",0.195795,,False,"{""clang_actual"":""clang"",""gcc_actual"":""gcc""}"
mutation,H01-gcd.c,bf207a4afdd7e623be4bd0751bdc1917c0ee550af0f38c0531b25bb726d1710c,symbol,M11,semantic_input13,semantic corruption,MR07,Optimization invariance,preserve,True,False,"payloads=['Morph-01', 'Morph-01', 'Morph-01'];semantic_equal=True",0.214696,,False,{}
mutation,H01-gcd.c,bf207a4afdd7e623be4bd0751bdc1917c0ee550af0f38c0531b25bb726d1710c,symbol,M11,semantic_input13,semantic corruption,MR08,Clean-room relocation,preserve,True,False,relocated=b'Morph-01',0.043085,,False,"{""clean_room_entries"":[""renamed-artifact.bin""],""relocated_hex"":""4d6f7270682d3031""}"
mutation,H01-gcd.c,bf207a4afdd7e623be4bd0751bdc1917c0ee550af0f38c0531b25bb726d1710c,symbol,M11,semantic_input13,semantic corruption,MR09,Carrier-removal rejection,reject,True,False,rejected:absent:watermark symbols not found,0.084122,,False,"{""antecedent_guarded"":true}"
mutation,H01-gcd.c,bf207a4afdd7e623be4bd0751bdc1917c0ee550af0f38c0531b25bb726d1710c,symbol,M11,semantic_input13,semantic corruption,MR10,Carrier-corruption rejection,reject,True,False,rejected:checksum:symbol payload checksum mismatch,0.084036,,False,"{""antecedent_guarded"":true}"
mutation,H01-gcd.c,bf207a4afdd7e623be4bd0751bdc1917c0ee550af0f38c0531b25bb726d1710c,symbol,M11,semantic_input13,semantic corruption,MR11,Requested/actual trace agreement,trace,True,False,requested=clang/Os;actual=clang/Os,0.095762,,False,"{""build"":{""actual_compiler"":""clang"",""actual_optimization"":""Os"",""binary"":""WORKDIR/symbol/M11/MR11/trace/build-01/artifact.bin"",""binary_sha256"":""8adbe111a5ee875175d340c71540ef129c000bdfb8d8a50ac74614216e3263cd"",""carrier"":""symbol"",""command"":[""clang"",""-std=c11"",""-fno-ident"",""-no-pie"",""-Os"",""WORKDIR/symbol/M11/MR11/trace/build-01/host.c"",""-o"",""WORKDIR/symbol/M11/MR11/trace/build-01/artifact.bin""],""effective_payload_hex"":""4d6f7270682d3031"",""key"":""key-alpha"",""mutant_id"":""M11"",""requested_compiler"":""clang"",""requested_optimization"":""Os"",""requested_payload_hex"":""4d6f7270682d3031"",""return_code"":0,""source"":""WORKDIR/symbol/M11/MR11/trace/build-01/host.c"",""source_sha256"":""aff44abe4f5b4c6b8f4610ca78cc0f7c6896afa6d457f493d72dc6db789e335c"",""stderr"":""""}}"
mutation,H01-gcd.c,bf207a4afdd7e623be4bd0751bdc1917c0ee550af0f38c0531b25bb726d1710c,symbol,M11,semantic_input13,semantic corruption,MR12,Interleaved artifact isolation,separate,True,False,first=b'Morph-01';second=b'Second-2',0.127539,,False,{}
mutation,H01-gcd.c,bf207a4afdd7e623be4bd0751bdc1917c0ee550af0f38c0531b25bb726d1710c,symbol,M11,semantic_input13,semantic corruption,MR13,Reordered extraction independence,preserve,True,False,before=b'Morph-01';after=b'Morph-01',0.128838,,False,{}
mutation,H01-gcd.c,bf207a4afdd7e623be4bd0751bdc1917c0ee550af0f38c0531b25bb726d1710c,symbol,M11,semantic_input13,semantic corruption,MR14,Rebuild stability,preserve,True,False,first=b'Morph-01';second=b'Morph-01',0.138682,,False,"{""binary_bytes_equal"":true}"
mutation,H01-gcd.c,bf207a4afdd7e623be4bd0751bdc1917c0ee550af0f38c0531b25bb726d1710c,symbol,M12,compile_original,stage routing,MR01,Round-trip fidelity,preserve,False,True,exception:ExtractionError:watermark symbols not found,0.078241,ExtractionError,False,{}
mutation,H01-gcd.c,bf207a4afdd7e623be4bd0751bdc1917c0ee550af0f38c0531b25bb726d1710c,symbol,M12,compile_original,stage routing,MR02,Host-semantic preservation,preserve,True,False,mismatch_count=0,0.182647,,False,"{""mismatches"":[]}"
mutation,H01-gcd.c,bf207a4afdd7e623be4bd0751bdc1917c0ee550af0f38c0531b25bb726d1710c,symbol,M12,compile_original,stage routing,MR03,Unmarked rejection,reject,True,False,rejected:absent:watermark symbols not found,0.061076,,False,"{""unmarked_binary_sha256"":""17288de5d8ffc83b2223ee650ec19f96fa9b779f3eb45b8e2433c730b7a1e3e2""}"
mutation,H01-gcd.c,bf207a4afdd7e623be4bd0751bdc1917c0ee550af0f38c0531b25bb726d1710c,symbol,M12,compile_original,stage routing,MR04,Wrong-key rejection,reject,True,False,rejected:wrong-key:symbol key tag mismatch,0.054061,,False,"{""antecedent_guarded"":true,""antecedent_hex"":""4d6f7270682d3031""}"
mutation,H01-gcd.c,bf207a4afdd7e623be4bd0751bdc1917c0ee550af0f38c0531b25bb726d1710c,symbol,M12,compile_original,stage routing,MR05,Payload separation,separate,False,True,exception:ExtractionError:watermark symbols not found,0.098834,ExtractionError,False,{}
mutation,H01-gcd.c,bf207a4afdd7e623be4bd0751bdc1917c0ee550af0f38c0531b25bb726d1710c,symbol,M12,compile_original,stage routing,MR06,Cross-compiler invariance,preserve,False,True,exception:ExtractionError:watermark symbols not found,0.119219,ExtractionError,False,{}
mutation,H01-gcd.c,bf207a4afdd7e623be4bd0751bdc1917c0ee550af0f38c0531b25bb726d1710c,symbol,M12,compile_original,stage routing,MR07,Optimization invariance,preserve,False,True,exception:ExtractionError:watermark symbols not found,0.214904,ExtractionError,False,{}
mutation,H01-gcd.c,bf207a4afdd7e623be4bd0751bdc1917c0ee550af0f38c0531b25bb726d1710c,symbol,M12,compile_original,stage routing,MR08,Clean-room relocation,preserve,False,True,exception:ExtractionError:watermark symbols not found,0.071893,ExtractionError,False,{}
mutation,H01-gcd.c,bf207a4afdd7e623be4bd0751bdc1917c0ee550af0f38c0531b25bb726d1710c,symbol,M12,compile_original,stage routing,MR09,Carrier-removal rejection,reject,True,False,rejected:absent:watermark symbols not found,0.0856,,False,"{""antecedent_guarded"":true}"
mutation,H01-gcd.c,bf207a4afdd7e623be4bd0751bdc1917c0ee550af0f38c0531b25bb726d1710c,symbol,M12,compile_original,stage routing,MR10,Carrier-corruption rejection,reject,True,False,rejected:checksum:symbol payload checksum mismatch,0.074878,,False,"{""antecedent_guarded"":true}"
mutation,H01-gcd.c,bf207a4afdd7e623be4bd0751bdc1917c0ee550af0f38c0531b25bb726d1710c,symbol,M12,compile_original,stage routing,MR11,Requested/actual trace agreement,trace,True,False,requested=clang/Os;actual=clang/Os,0.073976,,False,"{""build"":{""actual_compiler"":""clang"",""actual_optimization"":""Os"",""binary"":""WORKDIR/symbol/M12/MR11/trace/build-01/artifact.bin"",""binary_sha256"":""8979583311288d6755db67bfb67a745238b66729f18570b075945ee29c1a551b"",""carrier"":""symbol"",""command"":[""clang"",""-std=c11"",""-fno-ident"",""-no-pie"",""-Os"",""WORKDIR/symbol/M12/MR11/trace/build-01/host.c"",""-o"",""WORKDIR/symbol/M12/MR11/trace/build-01/artifact.bin""],""effective_payload_hex"":""4d6f7270682d3031"",""key"":""key-alpha"",""mutant_id"":""M12"",""requested_compiler"":""clang"",""requested_optimization"":""Os"",""requested_payload_hex"":""4d6f7270682d3031"",""return_code"":0,""source"":""WORKDIR/symbol/M12/MR11/trace/build-01/host.c"",""source_sha256"":""bf207a4afdd7e623be4bd0751bdc1917c0ee550af0f38c0531b25bb726d1710c"",""stderr"":""""}}"
mutation,H01-gcd.c,bf207a4afdd7e623be4bd0751bdc1917c0ee550af0f38c0531b25bb726d1710c,symbol,M12,compile_original,stage routing,MR12,Interleaved artifact isolation,separate,False,True,exception:ExtractionError:watermark symbols not found,0.117865,ExtractionError,False,{}
mutation,H01-gcd.c,bf207a4afdd7e623be4bd0751bdc1917c0ee550af0f38c0531b25bb726d1710c,symbol,M12,compile_original,stage routing,MR13,Reordered extraction independence,preserve,False,True,exception:ExtractionError:watermark symbols not found,0.038112,ExtractionError,False,{}
mutation,H01-gcd.c,bf207a4afdd7e623be4bd0751bdc1917c0ee550af0f38c0531b25bb726d1710c,symbol,M12,compile_original,stage routing,MR14,Rebuild stability,preserve,False,True,exception:ExtractionError:watermark symbols not found,0.122482,ExtractionError,False,{}
mutation,H01-gcd.c,bf207a4afdd7e623be4bd0751bdc1917c0ee550af0f38c0531b25bb726d1710c,symbol,M13,force_gcc,configuration,MR01,Round-trip fidelity,preserve,True,False,extracted=b'Morph-01',0.078054,,False,"{""build"":{""actual_compiler"":""gcc"",""actual_optimization"":""O2"",""binary"":""WORKDIR/symbol/M13/MR01/marked/build-01/artifact.bin"",""binary_sha256"":""7b713450f899744a0e9c1995e1ea83c762e52b3b03c45f82418d86193b6be1a1"",""carrier"":""symbol"",""command"":[""gcc"",""-std=c11"",""-fno-ident"",""-no-pie"",""-O2"",""WORKDIR/symbol/M13/MR01/marked/build-01/host.c"",""-o"",""WORKDIR/symbol/M13/MR01/marked/build-01/artifact.bin""],""effective_payload_hex"":""4d6f7270682d3031"",""key"":""key-alpha"",""mutant_id"":""M13"",""requested_compiler"":""gcc"",""requested_optimization"":""O2"",""requested_payload_hex"":""4d6f7270682d3031"",""return_code"":0,""source"":""WORKDIR/symbol/M13/MR01/marked/build-01/host.c"",""source_sha256"":""45e69a3841e4e8368c9380bdbc2f287b38fe1665811764759930b7957a59ce6a"",""stderr"":""""},""extracted_hex"":""4d6f7270682d3031""}"
mutation,H01-gcd.c,bf207a4afdd7e623be4bd0751bdc1917c0ee550af0f38c0531b25bb726d1710c,symbol,M13,force_gcc,configuration,MR02,Host-semantic preservation,preserve,True,False,mismatch_count=0,0.16974,,False,"{""mismatches"":[]}"
mutation,H01-gcd.c,bf207a4afdd7e623be4bd0751bdc1917c0ee550af0f38c0531b25bb726d1710c,symbol,M13,force_gcc,configuration,MR03,Unmarked rejection,reject,True,False,rejected:absent:watermark symbols not found,0.074904,,False,"{""unmarked_binary_sha256"":""17288de5d8ffc83b2223ee650ec19f96fa9b779f3eb45b8e2433c730b7a1e3e2""}"
mutation,H01-gcd.c,bf207a4afdd7e623be4bd0751bdc1917c0ee550af0f38c0531b25bb726d1710c,symbol,M13,force_gcc,configuration,MR04,Wrong-key rejection,reject,True,False,rejected:wrong-key:symbol key tag mismatch,0.076063,,False,"{""antecedent_guarded"":true,""antecedent_hex"":""4d6f7270682d3031""}"
mutation,H01-gcd.c,bf207a4afdd7e623be4bd0751bdc1917c0ee550af0f38c0531b25bb726d1710c,symbol,M13,force_gcc,configuration,MR05,Payload separation,separate,True,False,first=b'Morph-01';second=b'Second-2',0.152594,,False,"{""first_hex"":""4d6f7270682d3031"",""second_hex"":""5365636f6e642d32""}"
mutation,H01-gcd.c,bf207a4afdd7e623be4bd0751bdc1917c0ee550af0f38c0531b25bb726d1710c,symbol,M13,force_gcc,configuration,MR06,Cross-compiler invariance,preserve,True,False,"payloads=b'Morph-01',b'Morph-01';semantic_equal=True",0.156584,,False,"{""clang_actual"":""gcc"",""gcc_actual"":""gcc""}"
mutation,H01-gcd.c,bf207a4afdd7e623be4bd0751bdc1917c0ee550af0f38c0531b25bb726d1710c,symbol,M13,force_gcc,configuration,MR07,Optimization invariance,preserve,True,False,"payloads=['Morph-01', 'Morph-01', 'Morph-01'];semantic_equal=True",0.234093,,False,{}
mutation,H01-gcd.c,bf207a4afdd7e623be4bd0751bdc1917c0ee550af0f38c0531b25bb726d1710c,symbol,M13,force_gcc,configuration,MR08,Clean-room relocation,preserve,True,False,relocated=b'Morph-01',0.044752,,False,"{""clean_room_entries"":[""renamed-artifact.bin""],""relocated_hex"":""4d6f7270682d3031""}"
mutation,H01-gcd.c,bf207a4afdd7e623be4bd0751bdc1917c0ee550af0f38c0531b25bb726d1710c,symbol,M13,force_gcc,configuration,MR09,Carrier-removal rejection,reject,True,False,rejected:absent:watermark symbols not found,0.081727,,False,"{""antecedent_guarded"":true}"
mutation,H01-gcd.c,bf207a4afdd7e623be4bd0751bdc1917c0ee550af0f38c0531b25bb726d1710c,symbol,M13,force_gcc,configuration,MR10,Carrier-corruption rejection,reject,True,False,rejected:checksum:symbol payload checksum mismatch,0.06607,,False,"{""antecedent_guarded"":true}"
mutation,H01-gcd.c,bf207a4afdd7e623be4bd0751bdc1917c0ee550af0f38c0531b25bb726d1710c,symbol,M13,force_gcc,configuration,MR11,Requested/actual trace agreement,trace,False,True,requested=clang/Os;actual=gcc/Os,0.058728,,False,"{""build"":{""actual_compiler"":""gcc"",""actual_optimization"":""Os"",""binary"":""WORKDIR/symbol/M13/MR11/trace/build-01/artifact.bin"",""binary_sha256"":""c7b34d5c1936dce30fcc0e6c2322edf06717a743513260b74cffe28a3c2e70cd"",""carrier"":""symbol"",""command"":[""gcc"",""-std=c11"",""-fno-ident"",""-no-pie"",""-Os"",""WORKDIR/symbol/M13/MR11/trace/build-01/host.c"",""-o"",""WORKDIR/symbol/M13/MR11/trace/build-01/artifact.bin""],""effective_payload_hex"":""4d6f7270682d3031"",""key"":""key-alpha"",""mutant_id"":""M13"",""requested_compiler"":""clang"",""requested_optimization"":""Os"",""requested_payload_hex"":""4d6f7270682d3031"",""return_code"":0,""source"":""WORKDIR/symbol/M13/MR11/trace/build-01/host.c"",""source_sha256"":""45e69a3841e4e8368c9380bdbc2f287b38fe1665811764759930b7957a59ce6a"",""stderr"":""""}}"
mutation,H01-gcd.c,bf207a4afdd7e623be4bd0751bdc1917c0ee550af0f38c0531b25bb726d1710c,symbol,M13,force_gcc,configuration,MR12,Interleaved artifact isolation,separate,True,False,first=b'Morph-01';second=b'Second-2',0.100769,,False,{}
mutation,H01-gcd.c,bf207a4afdd7e623be4bd0751bdc1917c0ee550af0f38c0531b25bb726d1710c,symbol,M13,force_gcc,configuration,MR13,Reordered extraction independence,preserve,True,False,before=b'Morph-01';after=b'Morph-01',0.127621,,False,{}
mutation,H01-gcd.c,bf207a4afdd7e623be4bd0751bdc1917c0ee550af0f38c0531b25bb726d1710c,symbol,M13,force_gcc,configuration,MR14,Rebuild stability,preserve,True,False,first=b'Morph-01';second=b'Morph-01',0.113782,,False,"{""binary_bytes_equal"":true}"
mutation,H01-gcd.c,bf207a4afdd7e623be4bd0751bdc1917c0ee550af0f38c0531b25bb726d1710c,symbol,M14,force_O0,configuration,MR01,Round-trip fidelity,preserve,True,False,extracted=b'Morph-01',0.048385,,False,"{""build"":{""actual_compiler"":""gcc"",""actual_optimization"":""O0"",""binary"":""WORKDIR/symbol/M14/MR01/marked/build-01/artifact.bin"",""binary_sha256"":""b4e3a535dfea73de3b6e5043369185b32b13dee72254c9d3a64841e237d9e234"",""carrier"":""symbol"",""command"":[""gcc"",""-std=c11"",""-fno-ident"",""-no-pie"",""-O0"",""WORKDIR/symbol/M14/MR01/marked/build-01/host.c"",""-o"",""WORKDIR/symbol/M14/MR01/marked/build-01/artifact.bin""],""effective_payload_hex"":""4d6f7270682d3031"",""key"":""key-alpha"",""mutant_id"":""M14"",""requested_compiler"":""gcc"",""requested_optimization"":""O2"",""requested_payload_hex"":""4d6f7270682d3031"",""return_code"":0,""source"":""WORKDIR/symbol/M14/MR01/marked/build-01/host.c"",""source_sha256"":""45e69a3841e4e8368c9380bdbc2f287b38fe1665811764759930b7957a59ce6a"",""stderr"":""""},""extracted_hex"":""4d6f7270682d3031""}"
mutation,H01-gcd.c,bf207a4afdd7e623be4bd0751bdc1917c0ee550af0f38c0531b25bb726d1710c,symbol,M14,force_O0,configuration,MR02,Host-semantic preservation,preserve,True,False,mismatch_count=0,0.109688,,False,"{""mismatches"":[]}"
mutation,H01-gcd.c,bf207a4afdd7e623be4bd0751bdc1917c0ee550af0f38c0531b25bb726d1710c,symbol,M14,force_O0,configuration,MR03,Unmarked rejection,reject,True,False,rejected:absent:watermark symbols not found,0.05527,,False,"{""unmarked_binary_sha256"":""9b4d3b3c14fed8daa1b0d67cbd603737a48b61b6fcbe1d6f6b318081d458be0b""}"
mutation,H01-gcd.c,bf207a4afdd7e623be4bd0751bdc1917c0ee550af0f38c0531b25bb726d1710c,symbol,M14,force_O0,configuration,MR04,Wrong-key rejection,reject,True,False,rejected:wrong-key:symbol key tag mismatch,0.076638,,False,"{""antecedent_guarded"":true,""antecedent_hex"":""4d6f7270682d3031""}"
mutation,H01-gcd.c,bf207a4afdd7e623be4bd0751bdc1917c0ee550af0f38c0531b25bb726d1710c,symbol,M14,force_O0,configuration,MR05,Payload separation,separate,True,False,first=b'Morph-01';second=b'Second-2',0.084063,,False,"{""first_hex"":""4d6f7270682d3031"",""second_hex"":""5365636f6e642d32""}"
mutation,H01-gcd.c,bf207a4afdd7e623be4bd0751bdc1917c0ee550af0f38c0531b25bb726d1710c,symbol,M14,force_O0,configuration,MR06,Cross-compiler invariance,preserve,True,False,"payloads=b'Morph-01',b'Morph-01';semantic_equal=True",0.150575,,False,"{""clang_actual"":""clang"",""gcc_actual"":""gcc""}"
mutation,H01-gcd.c,bf207a4afdd7e623be4bd0751bdc1917c0ee550af0f38c0531b25bb726d1710c,symbol,M14,force_O0,configuration,MR07,Optimization invariance,preserve,True,False,"payloads=['Morph-01', 'Morph-01', 'Morph-01'];semantic_equal=True",0.18704,,False,{}
mutation,H01-gcd.c,bf207a4afdd7e623be4bd0751bdc1917c0ee550af0f38c0531b25bb726d1710c,symbol,M14,force_O0,configuration,MR08,Clean-room relocation,preserve,True,False,relocated=b'Morph-01',0.046161,,False,"{""clean_room_entries"":[""renamed-artifact.bin""],""relocated_hex"":""4d6f7270682d3031""}"
mutation,H01-gcd.c,bf207a4afdd7e623be4bd0751bdc1917c0ee550af0f38c0531b25bb726d1710c,symbol,M14,force_O0,configuration,MR09,Carrier-removal rejection,reject,True,False,rejected:absent:watermark symbols not found,0.05106,,False,"{""antecedent_guarded"":true}"
mutation,H01-gcd.c,bf207a4afdd7e623be4bd0751bdc1917c0ee550af0f38c0531b25bb726d1710c,symbol,M14,force_O0,configuration,MR10,Carrier-corruption rejection,reject,True,False,rejected:checksum:symbol payload checksum mismatch,0.087258,,False,"{""antecedent_guarded"":true}"
mutation,H01-gcd.c,bf207a4afdd7e623be4bd0751bdc1917c0ee550af0f38c0531b25bb726d1710c,symbol,M14,force_O0,configuration,MR11,Requested/actual trace agreement,trace,False,True,requested=clang/Os;actual=clang/O0,0.068828,,False,"{""build"":{""actual_compiler"":""clang"",""actual_optimization"":""O0"",""binary"":""WORKDIR/symbol/M14/MR11/trace/build-01/artifact.bin"",""binary_sha256"":""ef6f645de816c60a8d3d28bef9858947a8df486502ef8c29dccc883581f2441f"",""carrier"":""symbol"",""command"":[""clang"",""-std=c11"",""-fno-ident"",""-no-pie"",""-O0"",""WORKDIR/symbol/M14/MR11/trace/build-01/host.c"",""-o"",""WORKDIR/symbol/M14/MR11/trace/build-01/artifact.bin""],""effective_payload_hex"":""4d6f7270682d3031"",""key"":""key-alpha"",""mutant_id"":""M14"",""requested_compiler"":""clang"",""requested_optimization"":""Os"",""requested_payload_hex"":""4d6f7270682d3031"",""return_code"":0,""source"":""WORKDIR/symbol/M14/MR11/trace/build-01/host.c"",""source_sha256"":""45e69a3841e4e8368c9380bdbc2f287b38fe1665811764759930b7957a59ce6a"",""stderr"":""""}}"
mutation,H01-gcd.c,bf207a4afdd7e623be4bd0751bdc1917c0ee550af0f38c0531b25bb726d1710c,symbol,M14,force_O0,configuration,MR12,Interleaved artifact isolation,separate,True,False,first=b'Morph-01';second=b'Second-2',0.113245,,False,{}
mutation,H01-gcd.c,bf207a4afdd7e623be4bd0751bdc1917c0ee550af0f38c0531b25bb726d1710c,symbol,M14,force_O0,configuration,MR13,Reordered extraction independence,preserve,True,False,before=b'Morph-01';after=b'Morph-01',0.114971,,False,{}
mutation,H01-gcd.c,bf207a4afdd7e623be4bd0751bdc1917c0ee550af0f38c0531b25bb726d1710c,symbol,M14,force_O0,configuration,MR14,Rebuild stability,preserve,True,False,first=b'Morph-01';second=b'Morph-01',0.104511,,False,"{""binary_bytes_equal"":true}"
mutation,H01-gcd.c,bf207a4afdd7e623be4bd0751bdc1917c0ee550af0f38c0531b25bb726d1710c,symbol,M15,transform_noop,transformation,MR01,Round-trip fidelity,preserve,True,False,extracted=b'Morph-01',0.094861,,False,"{""build"":{""actual_compiler"":""gcc"",""actual_optimization"":""O2"",""binary"":""WORKDIR/symbol/M15/MR01/marked/build-01/artifact.bin"",""binary_sha256"":""7b713450f899744a0e9c1995e1ea83c762e52b3b03c45f82418d86193b6be1a1"",""carrier"":""symbol"",""command"":[""gcc"",""-std=c11"",""-fno-ident"",""-no-pie"",""-O2"",""WORKDIR/symbol/M15/MR01/marked/build-01/host.c"",""-o"",""WORKDIR/symbol/M15/MR01/marked/build-01/artifact.bin""],""effective_payload_hex"":""4d6f7270682d3031"",""key"":""key-alpha"",""mutant_id"":""M15"",""requested_compiler"":""gcc"",""requested_optimization"":""O2"",""requested_payload_hex"":""4d6f7270682d3031"",""return_code"":0,""source"":""WORKDIR/symbol/M15/MR01/marked/build-01/host.c"",""source_sha256"":""45e69a3841e4e8368c9380bdbc2f287b38fe1665811764759930b7957a59ce6a"",""stderr"":""""},""extracted_hex"":""4d6f7270682d3031""}"
mutation,H01-gcd.c,bf207a4afdd7e623be4bd0751bdc1917c0ee550af0f38c0531b25bb726d1710c,symbol,M15,transform_noop,transformation,MR02,Host-semantic preservation,preserve,True,False,mismatch_count=0,0.129667,,False,"{""mismatches"":[]}"
mutation,H01-gcd.c,bf207a4afdd7e623be4bd0751bdc1917c0ee550af0f38c0531b25bb726d1710c,symbol,M15,transform_noop,transformation,MR03,Unmarked rejection,reject,True,False,rejected:absent:watermark symbols not found,0.035517,,False,"{""unmarked_binary_sha256"":""17288de5d8ffc83b2223ee650ec19f96fa9b779f3eb45b8e2433c730b7a1e3e2""}"
mutation,H01-gcd.c,bf207a4afdd7e623be4bd0751bdc1917c0ee550af0f38c0531b25bb726d1710c,symbol,M15,transform_noop,transformation,MR04,Wrong-key rejection,reject,True,False,rejected:wrong-key:symbol key tag mismatch,0.044451,,False,"{""antecedent_guarded"":true,""antecedent_hex"":""4d6f7270682d3031""}"
mutation,H01-gcd.c,bf207a4afdd7e623be4bd0751bdc1917c0ee550af0f38c0531b25bb726d1710c,symbol,M15,transform_noop,transformation,MR05,Payload separation,separate,True,False,first=b'Morph-01';second=b'Second-2',0.11801,,False,"{""first_hex"":""4d6f7270682d3031"",""second_hex"":""5365636f6e642d32""}"
mutation,H01-gcd.c,bf207a4afdd7e623be4bd0751bdc1917c0ee550af0f38c0531b25bb726d1710c,symbol,M15,transform_noop,transformation,MR06,Cross-compiler invariance,preserve,True,False,"payloads=b'Morph-01',b'Morph-01';semantic_equal=True",0.174283,,False,"{""clang_actual"":""clang"",""gcc_actual"":""gcc""}"
mutation,H01-gcd.c,bf207a4afdd7e623be4bd0751bdc1917c0ee550af0f38c0531b25bb726d1710c,symbol,M15,transform_noop,transformation,MR07,Optimization invariance,preserve,True,False,"payloads=['Morph-01', 'Morph-01', 'Morph-01'];semantic_equal=True",0.186064,,False,{}
mutation,H01-gcd.c,bf207a4afdd7e623be4bd0751bdc1917c0ee550af0f38c0531b25bb726d1710c,symbol,M15,transform_noop,transformation,MR08,Clean-room relocation,preserve,True,False,relocated=b'Morph-01',0.086339,,False,"{""clean_room_entries"":[""renamed-artifact.bin""],""relocated_hex"":""4d6f7270682d3031""}"
mutation,H01-gcd.c,bf207a4afdd7e623be4bd0751bdc1917c0ee550af0f38c0531b25bb726d1710c,symbol,M15,transform_noop,transformation,MR09,Carrier-removal rejection,reject,False,True,spurious robustness:accepted:b'Morph-01',0.080848,,False,"{""antecedent_guarded"":true}"
mutation,H01-gcd.c,bf207a4afdd7e623be4bd0751bdc1917c0ee550af0f38c0531b25bb726d1710c,symbol,M15,transform_noop,transformation,MR10,Carrier-corruption rejection,reject,True,False,rejected:checksum:symbol payload checksum mismatch,0.063967,,False,"{""antecedent_guarded"":true}"
mutation,H01-gcd.c,bf207a4afdd7e623be4bd0751bdc1917c0ee550af0f38c0531b25bb726d1710c,symbol,M15,transform_noop,transformation,MR11,Requested/actual trace agreement,trace,True,False,requested=clang/Os;actual=clang/Os,0.065009,,False,"{""build"":{""actual_compiler"":""clang"",""actual_optimization"":""Os"",""binary"":""WORKDIR/symbol/M15/MR11/trace/build-01/artifact.bin"",""binary_sha256"":""25e0d918cd8ff7cc194ede1eb56d7dc89089e033832c65ca5cceab6c9faa446b"",""carrier"":""symbol"",""command"":[""clang"",""-std=c11"",""-fno-ident"",""-no-pie"",""-Os"",""WORKDIR/symbol/M15/MR11/trace/build-01/host.c"",""-o"",""WORKDIR/symbol/M15/MR11/trace/build-01/artifact.bin""],""effective_payload_hex"":""4d6f7270682d3031"",""key"":""key-alpha"",""mutant_id"":""M15"",""requested_compiler"":""clang"",""requested_optimization"":""Os"",""requested_payload_hex"":""4d6f7270682d3031"",""return_code"":0,""source"":""WORKDIR/symbol/M15/MR11/trace/build-01/host.c"",""source_sha256"":""45e69a3841e4e8368c9380bdbc2f287b38fe1665811764759930b7957a59ce6a"",""stderr"":""""}}"
mutation,H01-gcd.c,bf207a4afdd7e623be4bd0751bdc1917c0ee550af0f38c0531b25bb726d1710c,symbol,M15,transform_noop,transformation,MR12,Interleaved artifact isolation,separate,True,False,first=b'Morph-01';second=b'Second-2',0.142505,,False,{}
mutation,H01-gcd.c,bf207a4afdd7e623be4bd0751bdc1917c0ee550af0f38c0531b25bb726d1710c,symbol,M15,transform_noop,transformation,MR13,Reordered extraction independence,preserve,True,False,before=b'Morph-01';after=b'Morph-01',0.138016,,False,{}
mutation,H01-gcd.c,bf207a4afdd7e623be4bd0751bdc1917c0ee550af0f38c0531b25bb726d1710c,symbol,M15,transform_noop,transformation,MR14,Rebuild stability,preserve,True,False,first=b'Morph-01';second=b'Morph-01',0.114009,,False,"{""binary_bytes_equal"":true}"
mutation,H01-gcd.c,bf207a4afdd7e623be4bd0751bdc1917c0ee550af0f38c0531b25bb726d1710c,symbol,M16,checksum_bypass,integrity,MR01,Round-trip fidelity,preserve,True,False,extracted=b'Morph-01',0.070304,,False,"{""build"":{""actual_compiler"":""gcc"",""actual_optimization"":""O2"",""binary"":""WORKDIR/symbol/M16/MR01/marked/build-01/artifact.bin"",""binary_sha256"":""7b713450f899744a0e9c1995e1ea83c762e52b3b03c45f82418d86193b6be1a1"",""carrier"":""symbol"",""command"":[""gcc"",""-std=c11"",""-fno-ident"",""-no-pie"",""-O2"",""WORKDIR/symbol/M16/MR01/marked/build-01/host.c"",""-o"",""WORKDIR/symbol/M16/MR01/marked/build-01/artifact.bin""],""effective_payload_hex"":""4d6f7270682d3031"",""key"":""key-alpha"",""mutant_id"":""M16"",""requested_compiler"":""gcc"",""requested_optimization"":""O2"",""requested_payload_hex"":""4d6f7270682d3031"",""return_code"":0,""source"":""WORKDIR/symbol/M16/MR01/marked/build-01/host.c"",""source_sha256"":""45e69a3841e4e8368c9380bdbc2f287b38fe1665811764759930b7957a59ce6a"",""stderr"":""""},""extracted_hex"":""4d6f7270682d3031""}"
mutation,H01-gcd.c,bf207a4afdd7e623be4bd0751bdc1917c0ee550af0f38c0531b25bb726d1710c,symbol,M16,checksum_bypass,integrity,MR02,Host-semantic preservation,preserve,True,False,mismatch_count=0,0.167161,,False,"{""mismatches"":[]}"
mutation,H01-gcd.c,bf207a4afdd7e623be4bd0751bdc1917c0ee550af0f38c0531b25bb726d1710c,symbol,M16,checksum_bypass,integrity,MR03,Unmarked rejection,reject,True,False,rejected:absent:watermark symbols not found,0.070049,,False,"{""unmarked_binary_sha256"":""17288de5d8ffc83b2223ee650ec19f96fa9b779f3eb45b8e2433c730b7a1e3e2""}"
mutation,H01-gcd.c,bf207a4afdd7e623be4bd0751bdc1917c0ee550af0f38c0531b25bb726d1710c,symbol,M16,checksum_bypass,integrity,MR04,Wrong-key rejection,reject,True,False,rejected:wrong-key:symbol key tag mismatch,0.046103,,False,"{""antecedent_guarded"":true,""antecedent_hex"":""4d6f7270682d3031""}"
mutation,H01-gcd.c,bf207a4afdd7e623be4bd0751bdc1917c0ee550af0f38c0531b25bb726d1710c,symbol,M16,checksum_bypass,integrity,MR05,Payload separation,separate,True,False,first=b'Morph-01';second=b'Second-2',0.138133,,False,"{""first_hex"":""4d6f7270682d3031"",""second_hex"":""5365636f6e642d32""}"
mutation,H01-gcd.c,bf207a4afdd7e623be4bd0751bdc1917c0ee550af0f38c0531b25bb726d1710c,symbol,M16,checksum_bypass,integrity,MR06,Cross-compiler invariance,preserve,True,False,"payloads=b'Morph-01',b'Morph-01';semantic_equal=True",0.177286,,False,"{""clang_actual"":""clang"",""gcc_actual"":""gcc""}"
mutation,H01-gcd.c,bf207a4afdd7e623be4bd0751bdc1917c0ee550af0f38c0531b25bb726d1710c,symbol,M16,checksum_bypass,integrity,MR07,Optimization invariance,preserve,True,False,"payloads=['Morph-01', 'Morph-01', 'Morph-01'];semantic_equal=True",0.203607,,False,{}
mutation,H01-gcd.c,bf207a4afdd7e623be4bd0751bdc1917c0ee550af0f38c0531b25bb726d1710c,symbol,M16,checksum_bypass,integrity,MR08,Clean-room relocation,preserve,True,False,relocated=b'Morph-01',0.062205,,False,"{""clean_room_entries"":[""renamed-artifact.bin""],""relocated_hex"":""4d6f7270682d3031""}"
mutation,H01-gcd.c,bf207a4afdd7e623be4bd0751bdc1917c0ee550af0f38c0531b25bb726d1710c,symbol,M16,checksum_bypass,integrity,MR09,Carrier-removal rejection,reject,True,False,rejected:absent:watermark symbols not found,0.081586,,False,"{""antecedent_guarded"":true}"
mutation,H01-gcd.c,bf207a4afdd7e623be4bd0751bdc1917c0ee550af0f38c0531b25bb726d1710c,symbol,M16,checksum_bypass,integrity,MR10,Carrier-corruption rejection,reject,False,True,corruption accepted:accepted:b'Morph-01',0.127831,,False,"{""antecedent_guarded"":true}"
mutation,H01-gcd.c,bf207a4afdd7e623be4bd0751bdc1917c0ee550af0f38c0531b25bb726d1710c,symbol,M16,checksum_bypass,integrity,MR11,Requested/actual trace agreement,trace,True,False,requested=clang/Os;actual=clang/Os,0.057758,,False,"{""build"":{""actual_compiler"":""clang"",""actual_optimization"":""Os"",""binary"":""WORKDIR/symbol/M16/MR11/trace/build-01/artifact.bin"",""binary_sha256"":""25e0d918cd8ff7cc194ede1eb56d7dc89089e033832c65ca5cceab6c9faa446b"",""carrier"":""symbol"",""command"":[""clang"",""-std=c11"",""-fno-ident"",""-no-pie"",""-Os"",""WORKDIR/symbol/M16/MR11/trace/build-01/host.c"",""-o"",""WORKDIR/symbol/M16/MR11/trace/build-01/artifact.bin""],""effective_payload_hex"":""4d6f7270682d3031"",""key"":""key-alpha"",""mutant_id"":""M16"",""requested_compiler"":""clang"",""requested_optimization"":""Os"",""requested_payload_hex"":""4d6f7270682d3031"",""return_code"":0,""source"":""WORKDIR/symbol/M16/MR11/trace/build-01/host.c"",""source_sha256"":""45e69a3841e4e8368c9380bdbc2f287b38fe1665811764759930b7957a59ce6a"",""stderr"":""""}}"
mutation,H01-gcd.c,bf207a4afdd7e623be4bd0751bdc1917c0ee550af0f38c0531b25bb726d1710c,symbol,M16,checksum_bypass,integrity,MR12,Interleaved artifact isolation,separate,True,False,first=b'Morph-01';second=b'Second-2',0.111422,,False,{}
mutation,H01-gcd.c,bf207a4afdd7e623be4bd0751bdc1917c0ee550af0f38c0531b25bb726d1710c,symbol,M16,checksum_bypass,integrity,MR13,Reordered extraction independence,preserve,True,False,before=b'Morph-01';after=b'Morph-01',0.147323,,False,{}
mutation,H01-gcd.c,bf207a4afdd7e623be4bd0751bdc1917c0ee550af0f38c0531b25bb726d1710c,symbol,M16,checksum_bypass,integrity,MR14,Rebuild stability,preserve,True,False,first=b'Morph-01';second=b'Morph-01',0.112483,,False,"{""binary_bytes_equal"":true}"
mutation,H01-gcd.c,bf207a4afdd7e623be4bd0751bdc1917c0ee550af0f38c0531b25bb726d1710c,symbol,M17,filename_bound,artifact binding,MR01,Round-trip fidelity,preserve,True,False,extracted=b'Morph-01',0.07588,,False,"{""build"":{""actual_compiler"":""gcc"",""actual_optimization"":""O2"",""binary"":""WORKDIR/symbol/M17/MR01/marked/build-01/artifact.bin"",""binary_sha256"":""7b713450f899744a0e9c1995e1ea83c762e52b3b03c45f82418d86193b6be1a1"",""carrier"":""symbol"",""command"":[""gcc"",""-std=c11"",""-fno-ident"",""-no-pie"",""-O2"",""WORKDIR/symbol/M17/MR01/marked/build-01/host.c"",""-o"",""WORKDIR/symbol/M17/MR01/marked/build-01/artifact.bin""],""effective_payload_hex"":""4d6f7270682d3031"",""key"":""key-alpha"",""mutant_id"":""M17"",""requested_compiler"":""gcc"",""requested_optimization"":""O2"",""requested_payload_hex"":""4d6f7270682d3031"",""return_code"":0,""source"":""WORKDIR/symbol/M17/MR01/marked/build-01/host.c"",""source_sha256"":""45e69a3841e4e8368c9380bdbc2f287b38fe1665811764759930b7957a59ce6a"",""stderr"":""""},""extracted_hex"":""4d6f7270682d3031""}"
mutation,H01-gcd.c,bf207a4afdd7e623be4bd0751bdc1917c0ee550af0f38c0531b25bb726d1710c,symbol,M17,filename_bound,artifact binding,MR02,Host-semantic preservation,preserve,True,False,mismatch_count=0,0.136302,,False,"{""mismatches"":[]}"
mutation,H01-gcd.c,bf207a4afdd7e623be4bd0751bdc1917c0ee550af0f38c0531b25bb726d1710c,symbol,M17,filename_bound,artifact binding,MR03,Unmarked rejection,reject,True,False,rejected:absent:watermark symbols not found,0.067937,,False,"{""unmarked_binary_sha256"":""17288de5d8ffc83b2223ee650ec19f96fa9b779f3eb45b8e2433c730b7a1e3e2""}"
mutation,H01-gcd.c,bf207a4afdd7e623be4bd0751bdc1917c0ee550af0f38c0531b25bb726d1710c,symbol,M17,filename_bound,artifact binding,MR04,Wrong-key rejection,reject,True,False,rejected:wrong-key:symbol key tag mismatch,0.0794,,False,"{""antecedent_guarded"":true,""antecedent_hex"":""4d6f7270682d3031""}"
mutation,H01-gcd.c,bf207a4afdd7e623be4bd0751bdc1917c0ee550af0f38c0531b25bb726d1710c,symbol,M17,filename_bound,artifact binding,MR05,Payload separation,separate,True,False,first=b'Morph-01';second=b'Second-2',0.114186,,False,"{""first_hex"":""4d6f7270682d3031"",""second_hex"":""5365636f6e642d32""}"
mutation,H01-gcd.c,bf207a4afdd7e623be4bd0751bdc1917c0ee550af0f38c0531b25bb726d1710c,symbol,M17,filename_bound,artifact binding,MR06,Cross-compiler invariance,preserve,True,False,"payloads=b'Morph-01',b'Morph-01';semantic_equal=True",0.195671,,False,"{""clang_actual"":""clang"",""gcc_actual"":""gcc""}"
mutation,H01-gcd.c,bf207a4afdd7e623be4bd0751bdc1917c0ee550af0f38c0531b25bb726d1710c,symbol,M17,filename_bound,artifact binding,MR07,Optimization invariance,preserve,True,False,"payloads=['Morph-01', 'Morph-01', 'Morph-01'];semantic_equal=True",0.225213,,False,{}
mutation,H01-gcd.c,bf207a4afdd7e623be4bd0751bdc1917c0ee550af0f38c0531b25bb726d1710c,symbol,M17,filename_bound,artifact binding,MR08,Clean-room relocation,preserve,False,True,exception:ExtractionError:artifact path is not an original build path,0.064052,ExtractionError,False,{}
mutation,H01-gcd.c,bf207a4afdd7e623be4bd0751bdc1917c0ee550af0f38c0531b25bb726d1710c,symbol,M17,filename_bound,artifact binding,MR09,Carrier-removal rejection,reject,True,False,rejected:path:artifact path is not an original build path,0.073347,,False,"{""antecedent_guarded"":true}"
mutation,H01-gcd.c,bf207a4afdd7e623be4bd0751bdc1917c0ee550af0f38c0531b25bb726d1710c,symbol,M17,filename_bound,artifact binding,MR10,Carrier-corruption rejection,reject,True,False,rejected:path:artifact path is not an original build path,0.063465,,False,"{""antecedent_guarded"":true}"
mutation,H01-gcd.c,bf207a4afdd7e623be4bd0751bdc1917c0ee550af0f38c0531b25bb726d1710c,symbol,M17,filename_bound,artifact binding,MR11,Requested/actual trace agreement,trace,True,False,requested=clang/Os;actual=clang/Os,0.067091,,False,"{""build"":{""actual_compiler"":""clang"",""actual_optimization"":""Os"",""binary"":""WORKDIR/symbol/M17/MR11/trace/build-01/artifact.bin"",""binary_sha256"":""25e0d918cd8ff7cc194ede1eb56d7dc89089e033832c65ca5cceab6c9faa446b"",""carrier"":""symbol"",""command"":[""clang"",""-std=c11"",""-fno-ident"",""-no-pie"",""-Os"",""WORKDIR/symbol/M17/MR11/trace/build-01/host.c"",""-o"",""WORKDIR/symbol/M17/MR11/trace/build-01/artifact.bin""],""effective_payload_hex"":""4d6f7270682d3031"",""key"":""key-alpha"",""mutant_id"":""M17"",""requested_compiler"":""clang"",""requested_optimization"":""Os"",""requested_payload_hex"":""4d6f7270682d3031"",""return_code"":0,""source"":""WORKDIR/symbol/M17/MR11/trace/build-01/host.c"",""source_sha256"":""45e69a3841e4e8368c9380bdbc2f287b38fe1665811764759930b7957a59ce6a"",""stderr"":""""}}"
mutation,H01-gcd.c,bf207a4afdd7e623be4bd0751bdc1917c0ee550af0f38c0531b25bb726d1710c,symbol,M17,filename_bound,artifact binding,MR12,Interleaved artifact isolation,separate,True,False,first=b'Morph-01';second=b'Second-2',0.113902,,False,{}
mutation,H01-gcd.c,bf207a4afdd7e623be4bd0751bdc1917c0ee550af0f38c0531b25bb726d1710c,symbol,M17,filename_bound,artifact binding,MR13,Reordered extraction independence,preserve,True,False,before=b'Morph-01';after=b'Morph-01',0.126042,,False,{}
mutation,H01-gcd.c,bf207a4afdd7e623be4bd0751bdc1917c0ee550af0f38c0531b25bb726d1710c,symbol,M17,filename_bound,artifact binding,MR14,Rebuild stability,preserve,True,False,first=b'Morph-01';second=b'Morph-01',0.113293,,False,"{""binary_bytes_equal"":true}"
mutation,H01-gcd.c,bf207a4afdd7e623be4bd0751bdc1917c0ee550af0f38c0531b25bb726d1710c,symbol,M18,stale_binary,state,MR01,Round-trip fidelity,preserve,True,False,extracted=b'Morph-01',0.06677,,False,"{""build"":{""actual_compiler"":""gcc"",""actual_optimization"":""O2"",""binary"":""WORKDIR/symbol/M18/MR01/marked/build-01/artifact.bin"",""binary_sha256"":""7b713450f899744a0e9c1995e1ea83c762e52b3b03c45f82418d86193b6be1a1"",""carrier"":""symbol"",""command"":[""gcc"",""-std=c11"",""-fno-ident"",""-no-pie"",""-O2"",""WORKDIR/symbol/M18/MR01/marked/build-01/host.c"",""-o"",""WORKDIR/symbol/M18/MR01/marked/build-01/artifact.bin""],""effective_payload_hex"":""4d6f7270682d3031"",""key"":""key-alpha"",""mutant_id"":""M18"",""requested_compiler"":""gcc"",""requested_optimization"":""O2"",""requested_payload_hex"":""4d6f7270682d3031"",""return_code"":0,""source"":""WORKDIR/symbol/M18/MR01/marked/build-01/host.c"",""source_sha256"":""45e69a3841e4e8368c9380bdbc2f287b38fe1665811764759930b7957a59ce6a"",""stderr"":""""},""extracted_hex"":""4d6f7270682d3031""}"
mutation,H01-gcd.c,bf207a4afdd7e623be4bd0751bdc1917c0ee550af0f38c0531b25bb726d1710c,symbol,M18,stale_binary,state,MR02,Host-semantic preservation,preserve,True,False,mismatch_count=0,0.161609,,False,"{""mismatches"":[]}"
mutation,H01-gcd.c,bf207a4afdd7e623be4bd0751bdc1917c0ee550af0f38c0531b25bb726d1710c,symbol,M18,stale_binary,state,MR03,Unmarked rejection,reject,True,False,rejected:absent:watermark symbols not found,0.070684,,False,"{""unmarked_binary_sha256"":""17288de5d8ffc83b2223ee650ec19f96fa9b779f3eb45b8e2433c730b7a1e3e2""}"
mutation,H01-gcd.c,bf207a4afdd7e623be4bd0751bdc1917c0ee550af0f38c0531b25bb726d1710c,symbol,M18,stale_binary,state,MR04,Wrong-key rejection,reject,True,False,rejected:wrong-key:symbol key tag mismatch,0.051761,,False,"{""antecedent_guarded"":true,""antecedent_hex"":""4d6f7270682d3031""}"
mutation,H01-gcd.c,bf207a4afdd7e623be4bd0751bdc1917c0ee550af0f38c0531b25bb726d1710c,symbol,M18,stale_binary,state,MR05,Payload separation,separate,False,True,first=b'Morph-01';second=b'Morph-01',0.041008,,False,"{""first_hex"":""4d6f7270682d3031"",""second_hex"":""4d6f7270682d3031""}"
mutation,H01-gcd.c,bf207a4afdd7e623be4bd0751bdc1917c0ee550af0f38c0531b25bb726d1710c,symbol,M18,stale_binary,state,MR06,Cross-compiler invariance,preserve,True,False,"payloads=b'Morph-01',b'Morph-01';semantic_equal=True",0.087647,,False,"{""clang_actual"":""gcc"",""gcc_actual"":""gcc""}"
mutation,H01-gcd.c,bf207a4afdd7e623be4bd0751bdc1917c0ee550af0f38c0531b25bb726d1710c,symbol,M18,stale_binary,state,MR07,Optimization invariance,preserve,True,False,"payloads=['Morph-01', 'Morph-01', 'Morph-01'];semantic_equal=True",0.091345,,False,{}
mutation,H01-gcd.c,bf207a4afdd7e623be4bd0751bdc1917c0ee550af0f38c0531b25bb726d1710c,symbol,M18,stale_binary,state,MR08,Clean-room relocation,preserve,True,False,relocated=b'Morph-01',0.083672,,False,"{""clean_room_entries"":[""renamed-artifact.bin""],""relocated_hex"":""4d6f7270682d3031""}"
mutation,H01-gcd.c,bf207a4afdd7e623be4bd0751bdc1917c0ee550af0f38c0531b25bb726d1710c,symbol,M18,stale_binary,state,MR09,Carrier-removal rejection,reject,True,False,rejected:absent:watermark symbols not found,0.069364,,False,"{""antecedent_guarded"":true}"
mutation,H01-gcd.c,bf207a4afdd7e623be4bd0751bdc1917c0ee550af0f38c0531b25bb726d1710c,symbol,M18,stale_binary,state,MR10,Carrier-corruption rejection,reject,True,False,rejected:checksum:symbol payload checksum mismatch,0.079404,,False,"{""antecedent_guarded"":true}"
mutation,H01-gcd.c,bf207a4afdd7e623be4bd0751bdc1917c0ee550af0f38c0531b25bb726d1710c,symbol,M18,stale_binary,state,MR11,Requested/actual trace agreement,trace,True,False,requested=clang/Os;actual=clang/Os,0.075338,,False,"{""build"":{""actual_compiler"":""clang"",""actual_optimization"":""Os"",""binary"":""WORKDIR/symbol/M18/MR11/trace/build-01/artifact.bin"",""binary_sha256"":""25e0d918cd8ff7cc194ede1eb56d7dc89089e033832c65ca5cceab6c9faa446b"",""carrier"":""symbol"",""command"":[""clang"",""-std=c11"",""-fno-ident"",""-no-pie"",""-Os"",""WORKDIR/symbol/M18/MR11/trace/build-01/host.c"",""-o"",""WORKDIR/symbol/M18/MR11/trace/build-01/artifact.bin""],""effective_payload_hex"":""4d6f7270682d3031"",""key"":""key-alpha"",""mutant_id"":""M18"",""requested_compiler"":""clang"",""requested_optimization"":""Os"",""requested_payload_hex"":""4d6f7270682d3031"",""return_code"":0,""source"":""WORKDIR/symbol/M18/MR11/trace/build-01/host.c"",""source_sha256"":""45e69a3841e4e8368c9380bdbc2f287b38fe1665811764759930b7957a59ce6a"",""stderr"":""""}}"
mutation,H01-gcd.c,bf207a4afdd7e623be4bd0751bdc1917c0ee550af0f38c0531b25bb726d1710c,symbol,M18,stale_binary,state,MR12,Interleaved artifact isolation,separate,False,True,first=b'Morph-01';second=b'Morph-01',0.066641,,False,{}
mutation,H01-gcd.c,bf207a4afdd7e623be4bd0751bdc1917c0ee550af0f38c0531b25bb726d1710c,symbol,M18,stale_binary,state,MR13,Reordered extraction independence,preserve,True,False,before=b'Morph-01';after=b'Morph-01',0.055665,,False,{}
mutation,H01-gcd.c,bf207a4afdd7e623be4bd0751bdc1917c0ee550af0f38c0531b25bb726d1710c,symbol,M18,stale_binary,state,MR14,Rebuild stability,preserve,True,False,first=b'Morph-01';second=b'Morph-01',0.053339,,False,"{""binary_bytes_equal"":true}"
mutation,H01-gcd.c,bf207a4afdd7e623be4bd0751bdc1917c0ee550af0f38c0531b25bb726d1710c,symbol,M19,extractor_prefix,extraction,MR01,Round-trip fidelity,preserve,False,True,extracted=b'Morph-0',0.084826,,False,"{""build"":{""actual_compiler"":""gcc"",""actual_optimization"":""O2"",""binary"":""WORKDIR/symbol/M19/MR01/marked/build-01/artifact.bin"",""binary_sha256"":""7b713450f899744a0e9c1995e1ea83c762e52b3b03c45f82418d86193b6be1a1"",""carrier"":""symbol"",""command"":[""gcc"",""-std=c11"",""-fno-ident"",""-no-pie"",""-O2"",""WORKDIR/symbol/M19/MR01/marked/build-01/host.c"",""-o"",""WORKDIR/symbol/M19/MR01/marked/build-01/artifact.bin""],""effective_payload_hex"":""4d6f7270682d3031"",""key"":""key-alpha"",""mutant_id"":""M19"",""requested_compiler"":""gcc"",""requested_optimization"":""O2"",""requested_payload_hex"":""4d6f7270682d3031"",""return_code"":0,""source"":""WORKDIR/symbol/M19/MR01/marked/build-01/host.c"",""source_sha256"":""45e69a3841e4e8368c9380bdbc2f287b38fe1665811764759930b7957a59ce6a"",""stderr"":""""},""extracted_hex"":""4d6f7270682d30""}"
mutation,H01-gcd.c,bf207a4afdd7e623be4bd0751bdc1917c0ee550af0f38c0531b25bb726d1710c,symbol,M19,extractor_prefix,extraction,MR02,Host-semantic preservation,preserve,True,False,mismatch_count=0,0.140529,,False,"{""mismatches"":[]}"
mutation,H01-gcd.c,bf207a4afdd7e623be4bd0751bdc1917c0ee550af0f38c0531b25bb726d1710c,symbol,M19,extractor_prefix,extraction,MR03,Unmarked rejection,reject,True,False,rejected:absent:watermark symbols not found,0.033984,,False,"{""unmarked_binary_sha256"":""17288de5d8ffc83b2223ee650ec19f96fa9b779f3eb45b8e2433c730b7a1e3e2""}"
mutation,H01-gcd.c,bf207a4afdd7e623be4bd0751bdc1917c0ee550af0f38c0531b25bb726d1710c,symbol,M19,extractor_prefix,extraction,MR04,Wrong-key rejection,reject,True,False,rejected:wrong-key:symbol key tag mismatch,0.069736,,False,"{""antecedent_guarded"":true,""antecedent_hex"":""4d6f7270682d3031""}"
mutation,H01-gcd.c,bf207a4afdd7e623be4bd0751bdc1917c0ee550af0f38c0531b25bb726d1710c,symbol,M19,extractor_prefix,extraction,MR05,Payload separation,separate,False,True,first=b'Morph-0';second=b'Second-',0.13652,,False,"{""first_hex"":""4d6f7270682d30"",""second_hex"":""5365636f6e642d""}"
mutation,H01-gcd.c,bf207a4afdd7e623be4bd0751bdc1917c0ee550af0f38c0531b25bb726d1710c,symbol,M19,extractor_prefix,extraction,MR06,Cross-compiler invariance,preserve,False,True,"payloads=b'Morph-0',b'Morph-0';semantic_equal=True",0.180238,,False,"{""clang_actual"":""clang"",""gcc_actual"":""gcc""}"
mutation,H01-gcd.c,bf207a4afdd7e623be4bd0751bdc1917c0ee550af0f38c0531b25bb726d1710c,symbol,M19,extractor_prefix,extraction,MR07,Optimization invariance,preserve,False,True,"payloads=['Morph-0', 'Morph-0', 'Morph-0'];semantic_equal=True",0.200699,,False,{}
mutation,H01-gcd.c,bf207a4afdd7e623be4bd0751bdc1917c0ee550af0f38c0531b25bb726d1710c,symbol,M19,extractor_prefix,extraction,MR08,Clean-room relocation,preserve,False,True,source_mismatch=b'Morph-0',0.064187,,False,"{""source_hex"":""4d6f7270682d30""}"
mutation,H01-gcd.c,bf207a4afdd7e623be4bd0751bdc1917c0ee550af0f38c0531b25bb726d1710c,symbol,M19,extractor_prefix,extraction,MR09,Carrier-removal rejection,reject,True,False,rejected:absent:watermark symbols not found,0.069763,,False,"{""antecedent_guarded"":true}"
mutation,H01-gcd.c,bf207a4afdd7e623be4bd0751bdc1917c0ee550af0f38c0531b25bb726d1710c,symbol,M19,extractor_prefix,extraction,MR10,Carrier-corruption rejection,reject,True,False,rejected:checksum:symbol payload checksum mismatch,0.097098,,False,"{""antecedent_guarded"":true}"
mutation,H01-gcd.c,bf207a4afdd7e623be4bd0751bdc1917c0ee550af0f38c0531b25bb726d1710c,symbol,M19,extractor_prefix,extraction,MR11,Requested/actual trace agreement,trace,True,False,requested=clang/Os;actual=clang/Os,0.065561,,False,"{""build"":{""actual_compiler"":""clang"",""actual_optimization"":""Os"",""binary"":""WORKDIR/symbol/M19/MR11/trace/build-01/artifact.bin"",""binary_sha256"":""25e0d918cd8ff7cc194ede1eb56d7dc89089e033832c65ca5cceab6c9faa446b"",""carrier"":""symbol"",""command"":[""clang"",""-std=c11"",""-fno-ident"",""-no-pie"",""-Os"",""WORKDIR/symbol/M19/MR11/trace/build-01/host.c"",""-o"",""WORKDIR/symbol/M19/MR11/trace/build-01/artifact.bin""],""effective_payload_hex"":""4d6f7270682d3031"",""key"":""key-alpha"",""mutant_id"":""M19"",""requested_compiler"":""clang"",""requested_optimization"":""Os"",""requested_payload_hex"":""4d6f7270682d3031"",""return_code"":0,""source"":""WORKDIR/symbol/M19/MR11/trace/build-01/host.c"",""source_sha256"":""45e69a3841e4e8368c9380bdbc2f287b38fe1665811764759930b7957a59ce6a"",""stderr"":""""}}"
mutation,H01-gcd.c,bf207a4afdd7e623be4bd0751bdc1917c0ee550af0f38c0531b25bb726d1710c,symbol,M19,extractor_prefix,extraction,MR12,Interleaved artifact isolation,separate,False,True,first=b'Morph-0';second=b'Second-',0.093117,,False,{}
mutation,H01-gcd.c,bf207a4afdd7e623be4bd0751bdc1917c0ee550af0f38c0531b25bb726d1710c,symbol,M19,extractor_prefix,extraction,MR13,Reordered extraction independence,preserve,False,True,before=b'Morph-0';after=b'Morph-0',0.125931,,False,{}
mutation,H01-gcd.c,bf207a4afdd7e623be4bd0751bdc1917c0ee550af0f38c0531b25bb726d1710c,symbol,M19,extractor_prefix,extraction,MR14,Rebuild stability,preserve,False,True,first=b'Morph-0';second=b'Morph-0',0.139893,,False,"{""binary_bytes_equal"":true}"
mutation,H01-gcd.c,bf207a4afdd7e623be4bd0751bdc1917c0ee550af0f38c0531b25bb726d1710c,symbol,M20,interleaved_collision,isolation,MR01,Round-trip fidelity,preserve,True,False,extracted=b'Morph-01',0.099445,,False,"{""build"":{""actual_compiler"":""gcc"",""actual_optimization"":""O2"",""binary"":""WORKDIR/symbol/M20/MR01/marked/build-01/artifact.bin"",""binary_sha256"":""7b713450f899744a0e9c1995e1ea83c762e52b3b03c45f82418d86193b6be1a1"",""carrier"":""symbol"",""command"":[""gcc"",""-std=c11"",""-fno-ident"",""-no-pie"",""-O2"",""WORKDIR/symbol/M20/MR01/marked/build-01/host.c"",""-o"",""WORKDIR/symbol/M20/MR01/marked/build-01/artifact.bin""],""effective_payload_hex"":""4d6f7270682d3031"",""key"":""key-alpha"",""mutant_id"":""M20"",""requested_compiler"":""gcc"",""requested_optimization"":""O2"",""requested_payload_hex"":""4d6f7270682d3031"",""return_code"":0,""source"":""WORKDIR/symbol/M20/MR01/marked/build-01/host.c"",""source_sha256"":""45e69a3841e4e8368c9380bdbc2f287b38fe1665811764759930b7957a59ce6a"",""stderr"":""""},""extracted_hex"":""4d6f7270682d3031""}"
mutation,H01-gcd.c,bf207a4afdd7e623be4bd0751bdc1917c0ee550af0f38c0531b25bb726d1710c,symbol,M20,interleaved_collision,isolation,MR02,Host-semantic preservation,preserve,True,False,mismatch_count=0,0.134918,,False,"{""mismatches"":[]}"
mutation,H01-gcd.c,bf207a4afdd7e623be4bd0751bdc1917c0ee550af0f38c0531b25bb726d1710c,symbol,M20,interleaved_collision,isolation,MR03,Unmarked rejection,reject,True,False,rejected:absent:watermark symbols not found,0.044154,,False,"{""unmarked_binary_sha256"":""17288de5d8ffc83b2223ee650ec19f96fa9b779f3eb45b8e2433c730b7a1e3e2""}"
mutation,H01-gcd.c,bf207a4afdd7e623be4bd0751bdc1917c0ee550af0f38c0531b25bb726d1710c,symbol,M20,interleaved_collision,isolation,MR04,Wrong-key rejection,reject,True,False,rejected:wrong-key:global payload slot key mismatch,0.080039,,False,"{""antecedent_guarded"":true,""antecedent_hex"":""4d6f7270682d3031""}"
mutation,H01-gcd.c,bf207a4afdd7e623be4bd0751bdc1917c0ee550af0f38c0531b25bb726d1710c,symbol,M20,interleaved_collision,isolation,MR05,Payload separation,separate,False,True,first=b'Second-2';second=b'Second-2',0.095506,,False,"{""first_hex"":""5365636f6e642d32"",""second_hex"":""5365636f6e642d32""}"
mutation,H01-gcd.c,bf207a4afdd7e623be4bd0751bdc1917c0ee550af0f38c0531b25bb726d1710c,symbol,M20,interleaved_collision,isolation,MR06,Cross-compiler invariance,preserve,True,False,"payloads=b'Morph-01',b'Morph-01';semantic_equal=True",0.161885,,False,"{""clang_actual"":""clang"",""gcc_actual"":""gcc""}"
mutation,H01-gcd.c,bf207a4afdd7e623be4bd0751bdc1917c0ee550af0f38c0531b25bb726d1710c,symbol,M20,interleaved_collision,isolation,MR07,Optimization invariance,preserve,True,False,"payloads=['Morph-01', 'Morph-01', 'Morph-01'];semantic_equal=True",0.238104,,False,{}
mutation,H01-gcd.c,bf207a4afdd7e623be4bd0751bdc1917c0ee550af0f38c0531b25bb726d1710c,symbol,M20,interleaved_collision,isolation,MR08,Clean-room relocation,preserve,True,False,relocated=b'Morph-01',0.054898,,False,"{""clean_room_entries"":[""renamed-artifact.bin""],""relocated_hex"":""4d6f7270682d3031""}"
mutation,H01-gcd.c,bf207a4afdd7e623be4bd0751bdc1917c0ee550af0f38c0531b25bb726d1710c,symbol,M20,interleaved_collision,isolation,MR09,Carrier-removal rejection,reject,False,True,spurious robustness:accepted:b'Morph-01',0.126092,,False,"{""antecedent_guarded"":true}"
mutation,H01-gcd.c,bf207a4afdd7e623be4bd0751bdc1917c0ee550af0f38c0531b25bb726d1710c,symbol,M20,interleaved_collision,isolation,MR10,Carrier-corruption rejection,reject,False,True,corruption accepted:accepted:b'Morph-01',0.041067,,False,"{""antecedent_guarded"":true}"
mutation,H01-gcd.c,bf207a4afdd7e623be4bd0751bdc1917c0ee550af0f38c0531b25bb726d1710c,symbol,M20,interleaved_collision,isolation,MR11,Requested/actual trace agreement,trace,True,False,requested=clang/Os;actual=clang/Os,0.058959,,False,"{""build"":{""actual_compiler"":""clang"",""actual_optimization"":""Os"",""binary"":""WORKDIR/symbol/M20/MR11/trace/build-01/artifact.bin"",""binary_sha256"":""25e0d918cd8ff7cc194ede1eb56d7dc89089e033832c65ca5cceab6c9faa446b"",""carrier"":""symbol"",""command"":[""clang"",""-std=c11"",""-fno-ident"",""-no-pie"",""-Os"",""WORKDIR/symbol/M20/MR11/trace/build-01/host.c"",""-o"",""WORKDIR/symbol/M20/MR11/trace/build-01/artifact.bin""],""effective_payload_hex"":""4d6f7270682d3031"",""key"":""key-alpha"",""mutant_id"":""M20"",""requested_compiler"":""clang"",""requested_optimization"":""Os"",""requested_payload_hex"":""4d6f7270682d3031"",""return_code"":0,""source"":""WORKDIR/symbol/M20/MR11/trace/build-01/host.c"",""source_sha256"":""45e69a3841e4e8368c9380bdbc2f287b38fe1665811764759930b7957a59ce6a"",""stderr"":""""}}"
mutation,H01-gcd.c,bf207a4afdd7e623be4bd0751bdc1917c0ee550af0f38c0531b25bb726d1710c,symbol,M20,interleaved_collision,isolation,MR12,Interleaved artifact isolation,separate,False,True,first=b'Second-2';second=b'Second-2',0.126521,,False,{}
mutation,H01-gcd.c,bf207a4afdd7e623be4bd0751bdc1917c0ee550af0f38c0531b25bb726d1710c,symbol,M20,interleaved_collision,isolation,MR13,Reordered extraction independence,preserve,False,True,exception:ExtractionError:global payload slot key mismatch,0.13152,ExtractionError,False,{}
mutation,H01-gcd.c,bf207a4afdd7e623be4bd0751bdc1917c0ee550af0f38c0531b25bb726d1710c,symbol,M20,interleaved_collision,isolation,MR14,Rebuild stability,preserve,True,False,first=b'Morph-01';second=b'Morph-01',0.12142,,False,"{""binary_bytes_equal"":true}"
clean_catalog,H01-gcd.c,bf207a4afdd7e623be4bd0751bdc1917c0ee550af0f38c0531b25bb726d1710c,section,CLEAN,clean,clean,MR01,Round-trip fidelity,preserve,True,False,extracted=b'Morph-01',0.059502,,False,"{""build"":{""actual_compiler"":""gcc"",""actual_optimization"":""O2"",""binary"":""WORKDIR/section/CLEAN/MR01/marked/build-01/artifact.bin"",""binary_sha256"":""63cbeff2b0785d492761ce367639a8bbc8e94ddb2cfe720778f8bd6177d67b85"",""carrier"":""section"",""command"":[""gcc"",""-std=c11"",""-fno-ident"",""-no-pie"",""-O2"",""WORKDIR/section/CLEAN/MR01/marked/build-01/host.c"",""-o"",""WORKDIR/section/CLEAN/MR01/marked/build-01/artifact.bin""],""effective_payload_hex"":""4d6f7270682d3031"",""key"":""key-alpha"",""mutant_id"":""CLEAN"",""requested_compiler"":""gcc"",""requested_optimization"":""O2"",""requested_payload_hex"":""4d6f7270682d3031"",""return_code"":0,""source"":""WORKDIR/section/CLEAN/MR01/marked/build-01/host.c"",""source_sha256"":""bf207a4afdd7e623be4bd0751bdc1917c0ee550af0f38c0531b25bb726d1710c"",""stderr"":""""},""extracted_hex"":""4d6f7270682d3031""}"
clean_catalog,H01-gcd.c,bf207a4afdd7e623be4bd0751bdc1917c0ee550af0f38c0531b25bb726d1710c,section,CLEAN,clean,clean,MR02,Host-semantic preservation,preserve,True,False,mismatch_count=0,0.154209,,False,"{""mismatches"":[]}"
clean_catalog,H01-gcd.c,bf207a4afdd7e623be4bd0751bdc1917c0ee550af0f38c0531b25bb726d1710c,section,CLEAN,clean,clean,MR03,Unmarked rejection,reject,True,False,rejected:absent:custom section .wmrec not found,0.035651,,False,"{""unmarked_binary_sha256"":""17288de5d8ffc83b2223ee650ec19f96fa9b779f3eb45b8e2433c730b7a1e3e2""}"
clean_catalog,H01-gcd.c,bf207a4afdd7e623be4bd0751bdc1917c0ee550af0f38c0531b25bb726d1710c,section,CLEAN,clean,clean,MR04,Wrong-key rejection,reject,True,False,rejected:wrong-key:key tag mismatch,0.045147,,False,"{""antecedent_guarded"":true,""antecedent_hex"":""4d6f7270682d3031""}"
clean_catalog,H01-gcd.c,bf207a4afdd7e623be4bd0751bdc1917c0ee550af0f38c0531b25bb726d1710c,section,CLEAN,clean,clean,MR05,Payload separation,separate,True,False,first=b'Morph-01';second=b'Second-2',0.102405,,False,"{""first_hex"":""4d6f7270682d3031"",""second_hex"":""5365636f6e642d32""}"
clean_catalog,H01-gcd.c,bf207a4afdd7e623be4bd0751bdc1917c0ee550af0f38c0531b25bb726d1710c,section,CLEAN,clean,clean,MR06,Cross-compiler invariance,preserve,True,False,"payloads=b'Morph-01',b'Morph-01';semantic_equal=True",0.177741,,False,"{""clang_actual"":""clang"",""gcc_actual"":""gcc""}"
clean_catalog,H01-gcd.c,bf207a4afdd7e623be4bd0751bdc1917c0ee550af0f38c0531b25bb726d1710c,section,CLEAN,clean,clean,MR07,Optimization invariance,preserve,True,False,"payloads=['Morph-01', 'Morph-01', 'Morph-01'];semantic_equal=True",0.198776,,False,{}
clean_catalog,H01-gcd.c,bf207a4afdd7e623be4bd0751bdc1917c0ee550af0f38c0531b25bb726d1710c,section,CLEAN,clean,clean,MR08,Clean-room relocation,preserve,True,False,relocated=b'Morph-01',0.087656,,False,"{""clean_room_entries"":[""renamed-artifact.bin""],""relocated_hex"":""4d6f7270682d3031""}"
clean_catalog,H01-gcd.c,bf207a4afdd7e623be4bd0751bdc1917c0ee550af0f38c0531b25bb726d1710c,section,CLEAN,clean,clean,MR09,Carrier-removal rejection,reject,True,False,rejected:absent:custom section .wmrec not found,0.070369,,False,"{""antecedent_guarded"":true}"
clean_catalog,H01-gcd.c,bf207a4afdd7e623be4bd0751bdc1917c0ee550af0f38c0531b25bb726d1710c,section,CLEAN,clean,clean,MR10,Carrier-corruption rejection,reject,True,False,rejected:checksum:payload checksum mismatch,0.092664,,False,"{""antecedent_guarded"":true}"
clean_catalog,H01-gcd.c,bf207a4afdd7e623be4bd0751bdc1917c0ee550af0f38c0531b25bb726d1710c,section,CLEAN,clean,clean,MR11,Requested/actual trace agreement,trace,True,False,requested=clang/Os;actual=clang/Os,0.066327,,False,"{""build"":{""actual_compiler"":""clang"",""actual_optimization"":""Os"",""binary"":""WORKDIR/section/CLEAN/MR11/trace/build-01/artifact.bin"",""binary_sha256"":""d5d8525397dedc90fa4792ce87b67efca4a48048626cb76d2fe61da67d4f779a"",""carrier"":""section"",""command"":[""clang"",""-std=c11"",""-fno-ident"",""-no-pie"",""-Os"",""WORKDIR/section/CLEAN/MR11/trace/build-01/host.c"",""-o"",""WORKDIR/section/CLEAN/MR11/trace/build-01/artifact.bin""],""effective_payload_hex"":""4d6f7270682d3031"",""key"":""key-alpha"",""mutant_id"":""CLEAN"",""requested_compiler"":""clang"",""requested_optimization"":""Os"",""requested_payload_hex"":""4d6f7270682d3031"",""return_code"":0,""source"":""WORKDIR/section/CLEAN/MR11/trace/build-01/host.c"",""source_sha256"":""bf207a4afdd7e623be4bd0751bdc1917c0ee550af0f38c0531b25bb726d1710c"",""stderr"":""""}}"
clean_catalog,H01-gcd.c,bf207a4afdd7e623be4bd0751bdc1917c0ee550af0f38c0531b25bb726d1710c,section,CLEAN,clean,clean,MR12,Interleaved artifact isolation,separate,True,False,first=b'Morph-01';second=b'Second-2',0.132876,,False,{}
clean_catalog,H01-gcd.c,bf207a4afdd7e623be4bd0751bdc1917c0ee550af0f38c0531b25bb726d1710c,section,CLEAN,clean,clean,MR13,Reordered extraction independence,preserve,True,False,before=b'Morph-01';after=b'Morph-01',0.133973,,False,{}
clean_catalog,H01-gcd.c,bf207a4afdd7e623be4bd0751bdc1917c0ee550af0f38c0531b25bb726d1710c,section,CLEAN,clean,clean,MR14,Rebuild stability,preserve,True,False,first=b'Morph-01';second=b'Morph-01',0.127792,,False,"{""binary_bytes_equal"":true}"
mutation,H01-gcd.c,bf207a4afdd7e623be4bd0751bdc1917c0ee550af0f38c0531b25bb726d1710c,section,M01,embed_noop,embedding,MR01,Round-trip fidelity,preserve,False,True,exception:ExtractionError:custom section .wmrec not found,0.077601,ExtractionError,False,{}
mutation,H01-gcd.c,bf207a4afdd7e623be4bd0751bdc1917c0ee550af0f38c0531b25bb726d1710c,section,M01,embed_noop,embedding,MR02,Host-semantic preservation,preserve,True,False,mismatch_count=0,0.150869,,False,"{""mismatches"":[]}"
mutation,H01-gcd.c,bf207a4afdd7e623be4bd0751bdc1917c0ee550af0f38c0531b25bb726d1710c,section,M01,embed_noop,embedding,MR03,Unmarked rejection,reject,True,False,rejected:absent:custom section .wmrec not found,0.075231,,False,"{""unmarked_binary_sha256"":""17288de5d8ffc83b2223ee650ec19f96fa9b779f3eb45b8e2433c730b7a1e3e2""}"
mutation,H01-gcd.c,bf207a4afdd7e623be4bd0751bdc1917c0ee550af0f38c0531b25bb726d1710c,section,M01,embed_noop,embedding,MR04,Wrong-key rejection,reject,True,False,rejected:wrong-key:key tag mismatch,0.042925,,False,"{""antecedent_guarded"":true,""antecedent_hex"":""4d6f7270682d3031""}"
mutation,H01-gcd.c,bf207a4afdd7e623be4bd0751bdc1917c0ee550af0f38c0531b25bb726d1710c,section,M01,embed_noop,embedding,MR05,Payload separation,separate,False,True,exception:ExtractionError:custom section .wmrec not found,0.120039,ExtractionError,False,{}
mutation,H01-gcd.c,bf207a4afdd7e623be4bd0751bdc1917c0ee550af0f38c0531b25bb726d1710c,section,M01,embed_noop,embedding,MR06,Cross-compiler invariance,preserve,False,True,exception:ExtractionError:custom section .wmrec not found,0.120902,ExtractionError,False,{}
mutation,H01-gcd.c,bf207a4afdd7e623be4bd0751bdc1917c0ee550af0f38c0531b25bb726d1710c,section,M01,embed_noop,embedding,MR07,Optimization invariance,preserve,False,True,exception:ExtractionError:custom section .wmrec not found,0.175979,ExtractionError,False,{}
mutation,H01-gcd.c,bf207a4afdd7e623be4bd0751bdc1917c0ee550af0f38c0531b25bb726d1710c,section,M01,embed_noop,embedding,MR08,Clean-room relocation,preserve,False,True,exception:ExtractionError:custom section .wmrec not found,0.079905,ExtractionError,False,{}
mutation,H01-gcd.c,bf207a4afdd7e623be4bd0751bdc1917c0ee550af0f38c0531b25bb726d1710c,section,M01,embed_noop,embedding,MR09,Carrier-removal rejection,reject,True,False,rejected:absent:custom section .wmrec not found,0.068187,,False,"{""antecedent_guarded"":true}"
mutation,H01-gcd.c,bf207a4afdd7e623be4bd0751bdc1917c0ee550af0f38c0531b25bb726d1710c,section,M01,embed_noop,embedding,MR10,Carrier-corruption rejection,reject,True,False,rejected:checksum:payload checksum mismatch,0.080693,,False,"{""antecedent_guarded"":true}"
mutation,H01-gcd.c,bf207a4afdd7e623be4bd0751bdc1917c0ee550af0f38c0531b25bb726d1710c,section,M01,embed_noop,embedding,MR11,Requested/actual trace agreement,trace,True,False,requested=clang/Os;actual=clang/Os,0.089011,,False,"{""build"":{""actual_compiler"":""clang"",""actual_optimization"":""Os"",""binary"":""WORKDIR/section/M01/MR11/trace/build-01/artifact.bin"",""binary_sha256"":""8979583311288d6755db67bfb67a745238b66729f18570b075945ee29c1a551b"",""carrier"":""section"",""command"":[""clang"",""-std=c11"",""-fno-ident"",""-no-pie"",""-Os"",""WORKDIR/section/M01/MR11/trace/build-01/host.c"",""-o"",""WORKDIR/section/M01/MR11/trace/build-01/artifact.bin""],""effective_payload_hex"":""4d6f7270682d3031"",""key"":""key-alpha"",""mutant_id"":""M01"",""requested_compiler"":""clang"",""requested_optimization"":""Os"",""requested_payload_hex"":""4d6f7270682d3031"",""return_code"":0,""source"":""WORKDIR/section/M01/MR11/trace/build-01/host.c"",""source_sha256"":""bf207a4afdd7e623be4bd0751bdc1917c0ee550af0f38c0531b25bb726d1710c"",""stderr"":""""}}"
mutation,H01-gcd.c,bf207a4afdd7e623be4bd0751bdc1917c0ee550af0f38c0531b25bb726d1710c,section,M01,embed_noop,embedding,MR12,Interleaved artifact isolation,separate,False,True,exception:ExtractionError:custom section .wmrec not found,0.124725,ExtractionError,False,{}
mutation,H01-gcd.c,bf207a4afdd7e623be4bd0751bdc1917c0ee550af0f38c0531b25bb726d1710c,section,M01,embed_noop,embedding,MR13,Reordered extraction independence,preserve,False,True,exception:ExtractionError:custom section .wmrec not found,0.079417,ExtractionError,False,{}
mutation,H01-gcd.c,bf207a4afdd7e623be4bd0751bdc1917c0ee550af0f38c0531b25bb726d1710c,section,M01,embed_noop,embedding,MR14,Rebuild stability,preserve,False,True,exception:ExtractionError:custom section .wmrec not found,0.123341,ExtractionError,False,{}
mutation,H01-gcd.c,bf207a4afdd7e623be4bd0751bdc1917c0ee550af0f38c0531b25bb726d1710c,section,M02,truncate_payload,embedding,MR01,Round-trip fidelity,preserve,False,True,extracted=b'Morph-0',0.060899,,False,"{""build"":{""actual_compiler"":""gcc"",""actual_optimization"":""O2"",""binary"":""WORKDIR/section/M02/MR01/marked/build-01/artifact.bin"",""binary_sha256"":""3548a491cc4cac19a41dd4d9454f90761be23c939a08c351d38d7d6c49c0ec6a"",""carrier"":""section"",""command"":[""gcc"",""-std=c11"",""-fno-ident"",""-no-pie"",""-O2"",""WORKDIR/section/M02/MR01/marked/build-01/host.c"",""-o"",""WORKDIR/section/M02/MR01/marked/build-01/artifact.bin""],""effective_payload_hex"":""4d6f7270682d30"",""key"":""key-alpha"",""mutant_id"":""M02"",""requested_compiler"":""gcc"",""requested_optimization"":""O2"",""requested_payload_hex"":""4d6f7270682d3031"",""return_code"":0,""source"":""WORKDIR/section/M02/MR01/marked/build-01/host.c"",""source_sha256"":""bf207a4afdd7e623be4bd0751bdc1917c0ee550af0f38c0531b25bb726d1710c"",""stderr"":""""},""extracted_hex"":""4d6f7270682d30""}"
mutation,H01-gcd.c,bf207a4afdd7e623be4bd0751bdc1917c0ee550af0f38c0531b25bb726d1710c,section,M02,truncate_payload,embedding,MR02,Host-semantic preservation,preserve,True,False,mismatch_count=0,0.161296,,False,"{""mismatches"":[]}"
mutation,H01-gcd.c,bf207a4afdd7e623be4bd0751bdc1917c0ee550af0f38c0531b25bb726d1710c,section,M02,truncate_payload,embedding,MR03,Unmarked rejection,reject,True,False,rejected:absent:custom section .wmrec not found,0.064863,,False,"{""unmarked_binary_sha256"":""17288de5d8ffc83b2223ee650ec19f96fa9b779f3eb45b8e2433c730b7a1e3e2""}"
mutation,H01-gcd.c,bf207a4afdd7e623be4bd0751bdc1917c0ee550af0f38c0531b25bb726d1710c,section,M02,truncate_payload,embedding,MR04,Wrong-key rejection,reject,True,False,rejected:wrong-key:key tag mismatch,0.082943,,False,"{""antecedent_guarded"":true,""antecedent_hex"":""4d6f7270682d3031""}"
mutation,H01-gcd.c,bf207a4afdd7e623be4bd0751bdc1917c0ee550af0f38c0531b25bb726d1710c,section,M02,truncate_payload,embedding,MR05,Payload separation,separate,False,True,first=b'Morph-0';second=b'Second-',0.122953,,False,"{""first_hex"":""4d6f7270682d30"",""second_hex"":""5365636f6e642d""}"
mutation,H01-gcd.c,bf207a4afdd7e623be4bd0751bdc1917c0ee550af0f38c0531b25bb726d1710c,section,M02,truncate_payload,embedding,MR06,Cross-compiler invariance,preserve,False,True,"payloads=b'Morph-0',b'Morph-0';semantic_equal=True",0.153034,,False,"{""clang_actual"":""clang"",""gcc_actual"":""gcc""}"
mutation,H01-gcd.c,bf207a4afdd7e623be4bd0751bdc1917c0ee550af0f38c0531b25bb726d1710c,section,M02,truncate_payload,embedding,MR07,Optimization invariance,preserve,False,True,"payloads=['Morph-0', 'Morph-0', 'Morph-0'];semantic_equal=True",0.236976,,False,{}
mutation,H01-gcd.c,bf207a4afdd7e623be4bd0751bdc1917c0ee550af0f38c0531b25bb726d1710c,section,M02,truncate_payload,embedding,MR08,Clean-room relocation,preserve,False,True,source_mismatch=b'Morph-0',0.084607,,False,"{""source_hex"":""4d6f7270682d30""}"
mutation,H01-gcd.c,bf207a4afdd7e623be4bd0751bdc1917c0ee550af0f38c0531b25bb726d1710c,section,M02,truncate_payload,embedding,MR09,Carrier-removal rejection,reject,True,False,rejected:absent:custom section .wmrec not found,0.080198,,False,"{""antecedent_guarded"":true}"
mutation,H01-gcd.c,bf207a4afdd7e623be4bd0751bdc1917c0ee550af0f38c0531b25bb726d1710c,section,M02,truncate_payload,embedding,MR10,Carrier-corruption rejection,reject,True,False,rejected:checksum:payload checksum mismatch,0.080694,,False,"{""antecedent_guarded"":true}"
mutation,H01-gcd.c,bf207a4afdd7e623be4bd0751bdc1917c0ee550af0f38c0531b25bb726d1710c,section,M02,truncate_payload,embedding,MR11,Requested/actual trace agreement,trace,True,False,requested=clang/Os;actual=clang/Os,0.068959,,False,"{""build"":{""actual_compiler"":""clang"",""actual_optimization"":""Os"",""binary"":""WORKDIR/section/M02/MR11/trace/build-01/artifact.bin"",""binary_sha256"":""6ce46e6a6115ef6c17c4242cb2efa4ea8f8ebb9c7a2ea61021285e4892918c05"",""carrier"":""section"",""command"":[""clang"",""-std=c11"",""-fno-ident"",""-no-pie"",""-Os"",""WORKDIR/section/M02/MR11/trace/build-01/host.c"",""-o"",""WORKDIR/section/M02/MR11/trace/build-01/artifact.bin""],""effective_payload_hex"":""4d6f7270682d30"",""key"":""key-alpha"",""mutant_id"":""M02"",""requested_compiler"":""clang"",""requested_optimization"":""Os"",""requested_payload_hex"":""4d6f7270682d3031"",""return_code"":0,""source"":""WORKDIR/section/M02/MR11/trace/build-01/host.c"",""source_sha256"":""bf207a4afdd7e623be4bd0751bdc1917c0ee550af0f38c0531b25bb726d1710c"",""stderr"":""""}}"
mutation,H01-gcd.c,bf207a4afdd7e623be4bd0751bdc1917c0ee550af0f38c0531b25bb726d1710c,section,M02,truncate_payload,embedding,MR12,Interleaved artifact isolation,separate,False,True,first=b'Morph-0';second=b'Second-',0.116283,,False,{}
mutation,H01-gcd.c,bf207a4afdd7e623be4bd0751bdc1917c0ee550af0f38c0531b25bb726d1710c,section,M02,truncate_payload,embedding,MR13,Reordered extraction independence,preserve,False,True,before=b'Morph-0';after=b'Morph-0',0.120071,,False,{}
mutation,H01-gcd.c,bf207a4afdd7e623be4bd0751bdc1917c0ee550af0f38c0531b25bb726d1710c,section,M02,truncate_payload,embedding,MR14,Rebuild stability,preserve,False,True,first=b'Morph-0';second=b'Morph-0',0.137412,,False,"{""binary_bytes_equal"":true}"
mutation,H01-gcd.c,bf207a4afdd7e623be4bd0751bdc1917c0ee550af0f38c0531b25bb726d1710c,section,M03,flip_payload,embedding,MR01,Round-trip fidelity,preserve,False,True,extracted=b'Lorph-01',0.08553,,False,"{""build"":{""actual_compiler"":""gcc"",""actual_optimization"":""O2"",""binary"":""WORKDIR/section/M03/MR01/marked/build-01/artifact.bin"",""binary_sha256"":""e4e61bedefb2d8c2337e305bec14956cb48d734be0b3c77fbe504d3031c112b1"",""carrier"":""section"",""command"":[""gcc"",""-std=c11"",""-fno-ident"",""-no-pie"",""-O2"",""WORKDIR/section/M03/MR01/marked/build-01/host.c"",""-o"",""WORKDIR/section/M03/MR01/marked/build-01/artifact.bin""],""effective_payload_hex"":""4c6f7270682d3031"",""key"":""key-alpha"",""mutant_id"":""M03"",""requested_compiler"":""gcc"",""requested_optimization"":""O2"",""requested_payload_hex"":""4d6f7270682d3031"",""return_code"":0,""source"":""WORKDIR/section/M03/MR01/marked/build-01/host.c"",""source_sha256"":""bf207a4afdd7e623be4bd0751bdc1917c0ee550af0f38c0531b25bb726d1710c"",""stderr"":""""},""extracted_hex"":""4c6f7270682d3031""}"
mutation,H01-gcd.c,bf207a4afdd7e623be4bd0751bdc1917c0ee550af0f38c0531b25bb726d1710c,section,M03,flip_payload,embedding,MR02,Host-semantic preservation,preserve,True,False,mismatch_count=0,0.113173,,False,"{""mismatches"":[]}"
mutation,H01-gcd.c,bf207a4afdd7e623be4bd0751bdc1917c0ee550af0f38c0531b25bb726d1710c,section,M03,flip_payload,embedding,MR03,Unmarked rejection,reject,True,False,rejected:absent:custom section .wmrec not found,0.047508,,False,"{""unmarked_binary_sha256"":""17288de5d8ffc83b2223ee650ec19f96fa9b779f3eb45b8e2433c730b7a1e3e2""}"
mutation,H01-gcd.c,bf207a4afdd7e623be4bd0751bdc1917c0ee550af0f38c0531b25bb726d1710c,section,M03,flip_payload,embedding,MR04,Wrong-key rejection,reject,True,False,rejected:wrong-key:key tag mismatch,0.096608,,False,"{""antecedent_guarded"":true,""antecedent_hex"":""4d6f7270682d3031""}"
mutation,H01-gcd.c,bf207a4afdd7e623be4bd0751bdc1917c0ee550af0f38c0531b25bb726d1710c,section,M03,flip_payload,embedding,MR05,Payload separation,separate,False,True,first=b'Lorph-01';second=b'Recond-2',0.16637,,False,"{""first_hex"":""4c6f7270682d3031"",""second_hex"":""5265636f6e642d32""}"
mutation,H01-gcd.c,bf207a4afdd7e623be4bd0751bdc1917c0ee550af0f38c0531b25bb726d1710c,section,M03,flip_payload,embedding,MR06,Cross-compiler invariance,preserve,False,True,"payloads=b'Lorph-01',b'Lorph-01';semantic_equal=True",0.153192,,False,"{""clang_actual"":""clang"",""gcc_actual"":""gcc""}"
mutation,H01-gcd.c,bf207a4afdd7e623be4bd0751bdc1917c0ee550af0f38c0531b25bb726d1710c,section,M03,flip_payload,embedding,MR07,Optimization invariance,preserve,False,True,"payloads=['Lorph-01', 'Lorph-01', 'Lorph-01'];semantic_equal=True",0.224113,,False,{}
mutation,H01-gcd.c,bf207a4afdd7e623be4bd0751bdc1917c0ee550af0f38c0531b25bb726d1710c,section,M03,flip_payload,embedding,MR08,Clean-room relocation,preserve,False,True,source_mismatch=b'Lorph-01',0.081719,,False,"{""source_hex"":""4c6f7270682d3031""}"
mutation,H01-gcd.c,bf207a4afdd7e623be4bd0751bdc1917c0ee550af0f38c0531b25bb726d1710c,section,M03,flip_payload,embedding,MR09,Carrier-removal rejection,reject,True,False,rejected:absent:custom section .wmrec not found,0.070593,,False,"{""antecedent_guarded"":true}"
mutation,H01-gcd.c,bf207a4afdd7e623be4bd0751bdc1917c0ee550af0f38c0531b25bb726d1710c,section,M03,flip_payload,embedding,MR10,Carrier-corruption rejection,reject,True,False,rejected:checksum:payload checksum mismatch,0.065114,,False,"{""antecedent_guarded"":true}"
mutation,H01-gcd.c,bf207a4afdd7e623be4bd0751bdc1917c0ee550af0f38c0531b25bb726d1710c,section,M03,flip_payload,embedding,MR11,Requested/actual trace agreement,trace,True,False,requested=clang/Os;actual=clang/Os,0.094786,,False,"{""build"":{""actual_compiler"":""clang"",""actual_optimization"":""Os"",""binary"":""WORKDIR/section/M03/MR11/trace/build-01/artifact.bin"",""binary_sha256"":""2e75cbe00e865661a724a1618977bda2662fcdbb7de8b4b4ede68b59713f910c"",""carrier"":""section"",""command"":[""clang"",""-std=c11"",""-fno-ident"",""-no-pie"",""-Os"",""WORKDIR/section/M03/MR11/trace/build-01/host.c"",""-o"",""WORKDIR/section/M03/MR11/trace/build-01/artifact.bin""],""effective_payload_hex"":""4c6f7270682d3031"",""key"":""key-alpha"",""mutant_id"":""M03"",""requested_compiler"":""clang"",""requested_optimization"":""Os"",""requested_payload_hex"":""4d6f7270682d3031"",""return_code"":0,""source"":""WORKDIR/section/M03/MR11/trace/build-01/host.c"",""source_sha256"":""bf207a4afdd7e623be4bd0751bdc1917c0ee550af0f38c0531b25bb726d1710c"",""stderr"":""""}}"
mutation,H01-gcd.c,bf207a4afdd7e623be4bd0751bdc1917c0ee550af0f38c0531b25bb726d1710c,section,M03,flip_payload,embedding,MR12,Interleaved artifact isolation,separate,False,True,first=b'Lorph-01';second=b'Recond-2',0.141633,,False,{}
mutation,H01-gcd.c,bf207a4afdd7e623be4bd0751bdc1917c0ee550af0f38c0531b25bb726d1710c,section,M03,flip_payload,embedding,MR13,Reordered extraction independence,preserve,False,True,before=b'Lorph-01';after=b'Lorph-01',0.138981,,False,{}
mutation,H01-gcd.c,bf207a4afdd7e623be4bd0751bdc1917c0ee550af0f38c0531b25bb726d1710c,section,M03,flip_payload,embedding,MR14,Rebuild stability,preserve,False,True,first=b'Lorph-01';second=b'Lorph-01',0.114334,,False,"{""binary_bytes_equal"":true}"
mutation,H01-gcd.c,bf207a4afdd7e623be4bd0751bdc1917c0ee550af0f38c0531b25bb726d1710c,section,M04,fixed_payload,state,MR01,Round-trip fidelity,preserve,False,True,extracted=b'fixed-payload',0.038879,,False,"{""build"":{""actual_compiler"":""gcc"",""actual_optimization"":""O2"",""binary"":""WORKDIR/section/M04/MR01/marked/build-01/artifact.bin"",""binary_sha256"":""667c62b491353fb956245eb3c40e64e29fa7199e114af6408e67271eb6756ca2"",""carrier"":""section"",""command"":[""gcc"",""-std=c11"",""-fno-ident"",""-no-pie"",""-O2"",""WORKDIR/section/M04/MR01/marked/build-01/host.c"",""-o"",""WORKDIR/section/M04/MR01/marked/build-01/artifact.bin""],""effective_payload_hex"":""66697865642d7061796c6f6164"",""key"":""key-alpha"",""mutant_id"":""M04"",""requested_compiler"":""gcc"",""requested_optimization"":""O2"",""requested_payload_hex"":""4d6f7270682d3031"",""return_code"":0,""source"":""WORKDIR/section/M04/MR01/marked/build-01/host.c"",""source_sha256"":""bf207a4afdd7e623be4bd0751bdc1917c0ee550af0f38c0531b25bb726d1710c"",""stderr"":""""},""extracted_hex"":""66697865642d7061796c6f6164""}"
mutation,H01-gcd.c,bf207a4afdd7e623be4bd0751bdc1917c0ee550af0f38c0531b25bb726d1710c,section,M04,fixed_payload,state,MR02,Host-semantic preservation,preserve,True,False,mismatch_count=0,0.176977,,False,"{""mismatches"":[]}"
mutation,H01-gcd.c,bf207a4afdd7e623be4bd0751bdc1917c0ee550af0f38c0531b25bb726d1710c,section,M04,fixed_payload,state,MR03,Unmarked rejection,reject,True,False,rejected:absent:custom section .wmrec not found,0.065519,,False,"{""unmarked_binary_sha256"":""17288de5d8ffc83b2223ee650ec19f96fa9b779f3eb45b8e2433c730b7a1e3e2""}"
mutation,H01-gcd.c,bf207a4afdd7e623be4bd0751bdc1917c0ee550af0f38c0531b25bb726d1710c,section,M04,fixed_payload,state,MR04,Wrong-key rejection,reject,True,False,rejected:wrong-key:key tag mismatch,0.077105,,False,"{""antecedent_guarded"":true,""antecedent_hex"":""4d6f7270682d3031""}"
mutation,H01-gcd.c,bf207a4afdd7e623be4bd0751bdc1917c0ee550af0f38c0531b25bb726d1710c,section,M04,fixed_payload,state,MR05,Payload separation,separate,False,True,first=b'fixed-payload';second=b'fixed-payload',0.162365,,False,"{""first_hex"":""66697865642d7061796c6f6164"",""second_hex"":""66697865642d7061796c6f6164""}"
mutation,H01-gcd.c,bf207a4afdd7e623be4bd0751bdc1917c0ee550af0f38c0531b25bb726d1710c,section,M04,fixed_payload,state,MR06,Cross-compiler invariance,preserve,False,True,"payloads=b'fixed-payload',b'fixed-payload';semantic_equal=True",0.149347,,False,"{""clang_actual"":""clang"",""gcc_actual"":""gcc""}"
mutation,H01-gcd.c,bf207a4afdd7e623be4bd0751bdc1917c0ee550af0f38c0531b25bb726d1710c,section,M04,fixed_payload,state,MR07,Optimization invariance,preserve,False,True,"payloads=['fixed-payload', 'fixed-payload', 'fixed-payload'];semantic_equal=True",0.222931,,False,{}
mutation,H01-gcd.c,bf207a4afdd7e623be4bd0751bdc1917c0ee550af0f38c0531b25bb726d1710c,section,M04,fixed_payload,state,MR08,Clean-room relocation,preserve,False,True,source_mismatch=b'fixed-payload',0.046659,,False,"{""source_hex"":""66697865642d7061796c6f6164""}"
mutation,H01-gcd.c,bf207a4afdd7e623be4bd0751bdc1917c0ee550af0f38c0531b25bb726d1710c,section,M04,fixed_payload,state,MR09,Carrier-removal rejection,reject,True,False,rejected:absent:custom section .wmrec not found,0.071437,,False,"{""antecedent_guarded"":true}"
mutation,H01-gcd.c,bf207a4afdd7e623be4bd0751bdc1917c0ee550af0f38c0531b25bb726d1710c,section,M04,fixed_payload,state,MR10,Carrier-corruption rejection,reject,True,False,rejected:checksum:payload checksum mismatch,0.082325,,False,"{""antecedent_guarded"":true}"
mutation,H01-gcd.c,bf207a4afdd7e623be4bd0751bdc1917c0ee550af0f38c0531b25bb726d1710c,section,M04,fixed_payload,state,MR11,Requested/actual trace agreement,trace,True,False,requested=clang/Os;actual=clang/Os,0.080768,,False,"{""build"":{""actual_compiler"":""clang"",""actual_optimization"":""Os"",""binary"":""WORKDIR/section/M04/MR11/trace/build-01/artifact.bin"",""binary_sha256"":""60f0b8e0dbfa7018c69bb4c7c05add93eb25c462873f43f0e855c482de0bec54"",""carrier"":""section"",""command"":[""clang"",""-std=c11"",""-fno-ident"",""-no-pie"",""-Os"",""WORKDIR/section/M04/MR11/trace/build-01/host.c"",""-o"",""WORKDIR/section/M04/MR11/trace/build-01/artifact.bin""],""effective_payload_hex"":""66697865642d7061796c6f6164"",""key"":""key-alpha"",""mutant_id"":""M04"",""requested_compiler"":""clang"",""requested_optimization"":""Os"",""requested_payload_hex"":""4d6f7270682d3031"",""return_code"":0,""source"":""WORKDIR/section/M04/MR11/trace/build-01/host.c"",""source_sha256"":""bf207a4afdd7e623be4bd0751bdc1917c0ee550af0f38c0531b25bb726d1710c"",""stderr"":""""}}"
mutation,H01-gcd.c,bf207a4afdd7e623be4bd0751bdc1917c0ee550af0f38c0531b25bb726d1710c,section,M04,fixed_payload,state,MR12,Interleaved artifact isolation,separate,False,True,first=b'fixed-payload';second=b'fixed-payload',0.137258,,False,{}
mutation,H01-gcd.c,bf207a4afdd7e623be4bd0751bdc1917c0ee550af0f38c0531b25bb726d1710c,section,M04,fixed_payload,state,MR13,Reordered extraction independence,preserve,False,True,before=b'fixed-payload';after=b'fixed-payload',0.129051,,False,{}
mutation,H01-gcd.c,bf207a4afdd7e623be4bd0751bdc1917c0ee550af0f38c0531b25bb726d1710c,section,M04,fixed_payload,state,MR14,Rebuild stability,preserve,False,True,first=b'fixed-payload';second=b'fixed-payload',0.109542,,False,"{""binary_bytes_equal"":true}"
mutation,H01-gcd.c,bf207a4afdd7e623be4bd0751bdc1917c0ee550af0f38c0531b25bb726d1710c,section,M05,lower_payload,normalization,MR01,Round-trip fidelity,preserve,False,True,extracted=b'morph-01',0.075868,,False,"{""build"":{""actual_compiler"":""gcc"",""actual_optimization"":""O2"",""binary"":""WORKDIR/section/M05/MR01/marked/build-01/artifact.bin"",""binary_sha256"":""4ce98f13723de17658f78330379257ee738cce29e452cde37abeeb0449255443"",""carrier"":""section"",""command"":[""gcc"",""-std=c11"",""-fno-ident"",""-no-pie"",""-O2"",""WORKDIR/section/M05/MR01/marked/build-01/host.c"",""-o"",""WORKDIR/section/M05/MR01/marked/build-01/artifact.bin""],""effective_payload_hex"":""6d6f7270682d3031"",""key"":""key-alpha"",""mutant_id"":""M05"",""requested_compiler"":""gcc"",""requested_optimization"":""O2"",""requested_payload_hex"":""4d6f7270682d3031"",""return_code"":0,""source"":""WORKDIR/section/M05/MR01/marked/build-01/host.c"",""source_sha256"":""bf207a4afdd7e623be4bd0751bdc1917c0ee550af0f38c0531b25bb726d1710c"",""stderr"":""""},""extracted_hex"":""6d6f7270682d3031""}"
mutation,H01-gcd.c,bf207a4afdd7e623be4bd0751bdc1917c0ee550af0f38c0531b25bb726d1710c,section,M05,lower_payload,normalization,MR02,Host-semantic preservation,preserve,True,False,mismatch_count=0,0.147971,,False,"{""mismatches"":[]}"
mutation,H01-gcd.c,bf207a4afdd7e623be4bd0751bdc1917c0ee550af0f38c0531b25bb726d1710c,section,M05,lower_payload,normalization,MR03,Unmarked rejection,reject,True,False,rejected:absent:custom section .wmrec not found,0.069587,,False,"{""unmarked_binary_sha256"":""17288de5d8ffc83b2223ee650ec19f96fa9b779f3eb45b8e2433c730b7a1e3e2""}"
mutation,H01-gcd.c,bf207a4afdd7e623be4bd0751bdc1917c0ee550af0f38c0531b25bb726d1710c,section,M05,lower_payload,normalization,MR04,Wrong-key rejection,reject,True,False,rejected:wrong-key:key tag mismatch,0.078983,,False,"{""antecedent_guarded"":true,""antecedent_hex"":""4d6f7270682d3031""}"
mutation,H01-gcd.c,bf207a4afdd7e623be4bd0751bdc1917c0ee550af0f38c0531b25bb726d1710c,section,M05,lower_payload,normalization,MR05,Payload separation,separate,False,True,first=b'morph-01';second=b'second-2',0.112922,,False,"{""first_hex"":""6d6f7270682d3031"",""second_hex"":""7365636f6e642d32""}"
mutation,H01-gcd.c,bf207a4afdd7e623be4bd0751bdc1917c0ee550af0f38c0531b25bb726d1710c,section,M05,lower_payload,normalization,MR06,Cross-compiler invariance,preserve,False,True,"payloads=b'morph-01',b'morph-01';semantic_equal=True",0.194149,,False,"{""clang_actual"":""clang"",""gcc_actual"":""gcc""}"
mutation,H01-gcd.c,bf207a4afdd7e623be4bd0751bdc1917c0ee550af0f38c0531b25bb726d1710c,section,M05,lower_payload,normalization,MR07,Optimization invariance,preserve,False,True,"payloads=['morph-01', 'morph-01', 'morph-01'];semantic_equal=True",0.236228,,False,{}
mutation,H01-gcd.c,bf207a4afdd7e623be4bd0751bdc1917c0ee550af0f38c0531b25bb726d1710c,section,M05,lower_payload,normalization,MR08,Clean-room relocation,preserve,False,True,source_mismatch=b'morph-01',0.086773,,False,"{""source_hex"":""6d6f7270682d3031""}"
mutation,H01-gcd.c,bf207a4afdd7e623be4bd0751bdc1917c0ee550af0f38c0531b25bb726d1710c,section,M05,lower_payload,normalization,MR09,Carrier-removal rejection,reject,True,False,rejected:absent:custom section .wmrec not found,0.064746,,False,"{""antecedent_guarded"":true}"
mutation,H01-gcd.c,bf207a4afdd7e623be4bd0751bdc1917c0ee550af0f38c0531b25bb726d1710c,section,M05,lower_payload,normalization,MR10,Carrier-corruption rejection,reject,True,False,rejected:checksum:payload checksum mismatch,0.076168,,False,"{""antecedent_guarded"":true}"
mutation,H01-gcd.c,bf207a4afdd7e623be4bd0751bdc1917c0ee550af0f38c0531b25bb726d1710c,section,M05,lower_payload,normalization,MR11,Requested/actual trace agreement,trace,True,False,requested=clang/Os;actual=clang/Os,0.082919,,False,"{""build"":{""actual_compiler"":""clang"",""actual_optimization"":""Os"",""binary"":""WORKDIR/section/M05/MR11/trace/build-01/artifact.bin"",""binary_sha256"":""f07d3d70e345c2555f71eb4ca672ca1c8ce6a49b40776a0aa650d23b9133aad0"",""carrier"":""section"",""command"":[""clang"",""-std=c11"",""-fno-ident"",""-no-pie"",""-Os"",""WORKDIR/section/M05/MR11/trace/build-01/host.c"",""-o"",""WORKDIR/section/M05/MR11/trace/build-01/artifact.bin""],""effective_payload_hex"":""6d6f7270682d3031"",""key"":""key-alpha"",""mutant_id"":""M05"",""requested_compiler"":""clang"",""requested_optimization"":""Os"",""requested_payload_hex"":""4d6f7270682d3031"",""return_code"":0,""source"":""WORKDIR/section/M05/MR11/trace/build-01/host.c"",""source_sha256"":""bf207a4afdd7e623be4bd0751bdc1917c0ee550af0f38c0531b25bb726d1710c"",""stderr"":""""}}"
mutation,H01-gcd.c,bf207a4afdd7e623be4bd0751bdc1917c0ee550af0f38c0531b25bb726d1710c,section,M05,lower_payload,normalization,MR12,Interleaved artifact isolation,separate,False,True,first=b'morph-01';second=b'second-2',0.154081,,False,{}
mutation,H01-gcd.c,bf207a4afdd7e623be4bd0751bdc1917c0ee550af0f38c0531b25bb726d1710c,section,M05,lower_payload,normalization,MR13,Reordered extraction independence,preserve,False,True,before=b'morph-01';after=b'morph-01',0.13745,,False,{}
mutation,H01-gcd.c,bf207a4afdd7e623be4bd0751bdc1917c0ee550af0f38c0531b25bb726d1710c,section,M05,lower_payload,normalization,MR14,Rebuild stability,preserve,False,True,first=b'morph-01';second=b'morph-01',0.113859,,False,"{""binary_bytes_equal"":true}"
mutation,H01-gcd.c,bf207a4afdd7e623be4bd0751bdc1917c0ee550af0f38c0531b25bb726d1710c,section,M06,key_ignored,authentication,MR01,Round-trip fidelity,preserve,True,False,extracted=b'Morph-01',0.047847,,False,"{""build"":{""actual_compiler"":""gcc"",""actual_optimization"":""O2"",""binary"":""WORKDIR/section/M06/MR01/marked/build-01/artifact.bin"",""binary_sha256"":""395137e071b2d681fb879e77871180384e486b49eccbb5200569056cf5513943"",""carrier"":""section"",""command"":[""gcc"",""-std=c11"",""-fno-ident"",""-no-pie"",""-O2"",""WORKDIR/section/M06/MR01/marked/build-01/host.c"",""-o"",""WORKDIR/section/M06/MR01/marked/build-01/artifact.bin""],""effective_payload_hex"":""4d6f7270682d3031"",""key"":""key-alpha"",""mutant_id"":""M06"",""requested_compiler"":""gcc"",""requested_optimization"":""O2"",""requested_payload_hex"":""4d6f7270682d3031"",""return_code"":0,""source"":""WORKDIR/section/M06/MR01/marked/build-01/host.c"",""source_sha256"":""bf207a4afdd7e623be4bd0751bdc1917c0ee550af0f38c0531b25bb726d1710c"",""stderr"":""""},""extracted_hex"":""4d6f7270682d3031""}"
mutation,H01-gcd.c,bf207a4afdd7e623be4bd0751bdc1917c0ee550af0f38c0531b25bb726d1710c,section,M06,key_ignored,authentication,MR02,Host-semantic preservation,preserve,True,False,mismatch_count=0,0.122864,,False,"{""mismatches"":[]}"
mutation,H01-gcd.c,bf207a4afdd7e623be4bd0751bdc1917c0ee550af0f38c0531b25bb726d1710c,section,M06,key_ignored,authentication,MR03,Unmarked rejection,reject,True,False,rejected:absent:custom section .wmrec not found,0.045716,,False,"{""unmarked_binary_sha256"":""17288de5d8ffc83b2223ee650ec19f96fa9b779f3eb45b8e2433c730b7a1e3e2""}"
mutation,H01-gcd.c,bf207a4afdd7e623be4bd0751bdc1917c0ee550af0f38c0531b25bb726d1710c,section,M06,key_ignored,authentication,MR04,Wrong-key rejection,reject,False,True,accepted:b'Morph-01',0.079173,,False,"{""antecedent_guarded"":true,""antecedent_hex"":""4d6f7270682d3031""}"
mutation,H01-gcd.c,bf207a4afdd7e623be4bd0751bdc1917c0ee550af0f38c0531b25bb726d1710c,section,M06,key_ignored,authentication,MR05,Payload separation,separate,True,False,first=b'Morph-01';second=b'Second-2',0.139808,,False,"{""first_hex"":""4d6f7270682d3031"",""second_hex"":""5365636f6e642d32""}"
mutation,H01-gcd.c,bf207a4afdd7e623be4bd0751bdc1917c0ee550af0f38c0531b25bb726d1710c,section,M06,key_ignored,authentication,MR06,Cross-compiler invariance,preserve,True,False,"payloads=b'Morph-01',b'Morph-01';semantic_equal=True",0.172901,,False,"{""clang_actual"":""clang"",""gcc_actual"":""gcc""}"
mutation,H01-gcd.c,bf207a4afdd7e623be4bd0751bdc1917c0ee550af0f38c0531b25bb726d1710c,section,M06,key_ignored,authentication,MR07,Optimization invariance,preserve,True,False,"payloads=['Morph-01', 'Morph-01', 'Morph-01'];semantic_equal=True",0.235156,,False,{}
mutation,H01-gcd.c,bf207a4afdd7e623be4bd0751bdc1917c0ee550af0f38c0531b25bb726d1710c,section,M06,key_ignored,authentication,MR08,Clean-room relocation,preserve,True,False,relocated=b'Morph-01',0.074613,,False,"{""clean_room_entries"":[""renamed-artifact.bin""],""relocated_hex"":""4d6f7270682d3031""}"
mutation,H01-gcd.c,bf207a4afdd7e623be4bd0751bdc1917c0ee550af0f38c0531b25bb726d1710c,section,M06,key_ignored,authentication,MR09,Carrier-removal rejection,reject,True,False,rejected:absent:custom section .wmrec not found,0.075765,,False,"{""antecedent_guarded"":true}"
mutation,H01-gcd.c,bf207a4afdd7e623be4bd0751bdc1917c0ee550af0f38c0531b25bb726d1710c,section,M06,key_ignored,authentication,MR10,Carrier-corruption rejection,reject,True,False,rejected:checksum:payload checksum mismatch,0.077704,,False,"{""antecedent_guarded"":true}"
mutation,H01-gcd.c,bf207a4afdd7e623be4bd0751bdc1917c0ee550af0f38c0531b25bb726d1710c,section,M06,key_ignored,authentication,MR11,Requested/actual trace agreement,trace,True,False,requested=clang/Os;actual=clang/Os,0.078607,,False,"{""build"":{""actual_compiler"":""clang"",""actual_optimization"":""Os"",""binary"":""WORKDIR/section/M06/MR11/trace/build-01/artifact.bin"",""binary_sha256"":""b50e66615fe2e1ceff27f6f8bbd643483eab5cdfbc647de256f9bce69edaa1a8"",""carrier"":""section"",""command"":[""clang"",""-std=c11"",""-fno-ident"",""-no-pie"",""-Os"",""WORKDIR/section/M06/MR11/trace/build-01/host.c"",""-o"",""WORKDIR/section/M06/MR11/trace/build-01/artifact.bin""],""effective_payload_hex"":""4d6f7270682d3031"",""key"":""key-alpha"",""mutant_id"":""M06"",""requested_compiler"":""clang"",""requested_optimization"":""Os"",""requested_payload_hex"":""4d6f7270682d3031"",""return_code"":0,""source"":""WORKDIR/section/M06/MR11/trace/build-01/host.c"",""source_sha256"":""bf207a4afdd7e623be4bd0751bdc1917c0ee550af0f38c0531b25bb726d1710c"",""stderr"":""""}}"
mutation,H01-gcd.c,bf207a4afdd7e623be4bd0751bdc1917c0ee550af0f38c0531b25bb726d1710c,section,M06,key_ignored,authentication,MR12,Interleaved artifact isolation,separate,True,False,first=b'Morph-01';second=b'Second-2',0.115824,,False,{}
mutation,H01-gcd.c,bf207a4afdd7e623be4bd0751bdc1917c0ee550af0f38c0531b25bb726d1710c,section,M06,key_ignored,authentication,MR13,Reordered extraction independence,preserve,True,False,before=b'Morph-01';after=b'Morph-01',0.136587,,False,{}
mutation,H01-gcd.c,bf207a4afdd7e623be4bd0751bdc1917c0ee550af0f38c0531b25bb726d1710c,section,M06,key_ignored,authentication,MR14,Rebuild stability,preserve,True,False,first=b'Morph-01';second=b'Morph-01',0.107511,,False,"{""binary_bytes_equal"":true}"
mutation,H01-gcd.c,bf207a4afdd7e623be4bd0751bdc1917c0ee550af0f38c0531b25bb726d1710c,section,M07,sidecar_oracle,artifact binding,MR01,Round-trip fidelity,preserve,True,False,extracted=b'Morph-01',0.053743,,False,"{""build"":{""actual_compiler"":""gcc"",""actual_optimization"":""O2"",""binary"":""WORKDIR/section/M07/MR01/marked/build-01/artifact.bin"",""binary_sha256"":""63cbeff2b0785d492761ce367639a8bbc8e94ddb2cfe720778f8bd6177d67b85"",""carrier"":""section"",""command"":[""gcc"",""-std=c11"",""-fno-ident"",""-no-pie"",""-O2"",""WORKDIR/section/M07/MR01/marked/build-01/host.c"",""-o"",""WORKDIR/section/M07/MR01/marked/build-01/artifact.bin""],""effective_payload_hex"":""4d6f7270682d3031"",""key"":""key-alpha"",""mutant_id"":""M07"",""requested_compiler"":""gcc"",""requested_optimization"":""O2"",""requested_payload_hex"":""4d6f7270682d3031"",""return_code"":0,""source"":""WORKDIR/section/M07/MR01/marked/build-01/host.c"",""source_sha256"":""bf207a4afdd7e623be4bd0751bdc1917c0ee550af0f38c0531b25bb726d1710c"",""stderr"":""""},""extracted_hex"":""4d6f7270682d3031""}"
mutation,H01-gcd.c,bf207a4afdd7e623be4bd0751bdc1917c0ee550af0f38c0531b25bb726d1710c,section,M07,sidecar_oracle,artifact binding,MR02,Host-semantic preservation,preserve,True,False,mismatch_count=0,0.182374,,False,"{""mismatches"":[]}"
mutation,H01-gcd.c,bf207a4afdd7e623be4bd0751bdc1917c0ee550af0f38c0531b25bb726d1710c,section,M07,sidecar_oracle,artifact binding,MR03,Unmarked rejection,reject,True,False,rejected:sidecar:adjacent sidecar is missing,0.048851,,False,"{""unmarked_binary_sha256"":""17288de5d8ffc83b2223ee650ec19f96fa9b779f3eb45b8e2433c730b7a1e3e2""}"
mutation,H01-gcd.c,bf207a4afdd7e623be4bd0751bdc1917c0ee550af0f38c0531b25bb726d1710c,section,M07,sidecar_oracle,artifact binding,MR04,Wrong-key rejection,reject,True,False,rejected:wrong-key:sidecar key mismatch,0.077812,,False,"{""antecedent_guarded"":true,""antecedent_hex"":""4d6f7270682d3031""}"
mutation,H01-gcd.c,bf207a4afdd7e623be4bd0751bdc1917c0ee550af0f38c0531b25bb726d1710c,section,M07,sidecar_oracle,artifact binding,MR05,Payload separation,separate,True,False,first=b'Morph-01';second=b'Second-2',0.105803,,False,"{""first_hex"":""4d6f7270682d3031"",""second_hex"":""5365636f6e642d32""}"
mutation,H01-gcd.c,bf207a4afdd7e623be4bd0751bdc1917c0ee550af0f38c0531b25bb726d1710c,section,M07,sidecar_oracle,artifact binding,MR06,Cross-compiler invariance,preserve,True,False,"payloads=b'Morph-01',b'Morph-01';semantic_equal=True",0.176842,,False,"{""clang_actual"":""clang"",""gcc_actual"":""gcc""}"
mutation,H01-gcd.c,bf207a4afdd7e623be4bd0751bdc1917c0ee550af0f38c0531b25bb726d1710c,section,M07,sidecar_oracle,artifact binding,MR07,Optimization invariance,preserve,True,False,"payloads=['Morph-01', 'Morph-01', 'Morph-01'];semantic_equal=True",0.240107,,False,{}
mutation,H01-gcd.c,bf207a4afdd7e623be4bd0751bdc1917c0ee550af0f38c0531b25bb726d1710c,section,M07,sidecar_oracle,artifact binding,MR08,Clean-room relocation,preserve,False,True,exception:ExtractionError:adjacent sidecar is missing,0.040974,ExtractionError,False,{}
mutation,H01-gcd.c,bf207a4afdd7e623be4bd0751bdc1917c0ee550af0f38c0531b25bb726d1710c,section,M07,sidecar_oracle,artifact binding,MR09,Carrier-removal rejection,reject,True,False,rejected:sidecar:adjacent sidecar is missing,0.065694,,False,"{""antecedent_guarded"":true}"
mutation,H01-gcd.c,bf207a4afdd7e623be4bd0751bdc1917c0ee550af0f38c0531b25bb726d1710c,section,M07,sidecar_oracle,artifact binding,MR10,Carrier-corruption rejection,reject,True,False,rejected:sidecar:adjacent sidecar is missing,0.076978,,False,"{""antecedent_guarded"":true}"
mutation,H01-gcd.c,bf207a4afdd7e623be4bd0751bdc1917c0ee550af0f38c0531b25bb726d1710c,section,M07,sidecar_oracle,artifact binding,MR11,Requested/actual trace agreement,trace,True,False,requested=clang/Os;actual=clang/Os,0.078491,,False,"{""build"":{""actual_compiler"":""clang"",""actual_optimization"":""Os"",""binary"":""WORKDIR/section/M07/MR11/trace/build-01/artifact.bin"",""binary_sha256"":""d5d8525397dedc90fa4792ce87b67efca4a48048626cb76d2fe61da67d4f779a"",""carrier"":""section"",""command"":[""clang"",""-std=c11"",""-fno-ident"",""-no-pie"",""-Os"",""WORKDIR/section/M07/MR11/trace/build-01/host.c"",""-o"",""WORKDIR/section/M07/MR11/trace/build-01/artifact.bin""],""effective_payload_hex"":""4d6f7270682d3031"",""key"":""key-alpha"",""mutant_id"":""M07"",""requested_compiler"":""clang"",""requested_optimization"":""Os"",""requested_payload_hex"":""4d6f7270682d3031"",""return_code"":0,""source"":""WORKDIR/section/M07/MR11/trace/build-01/host.c"",""source_sha256"":""bf207a4afdd7e623be4bd0751bdc1917c0ee550af0f38c0531b25bb726d1710c"",""stderr"":""""}}"
mutation,H01-gcd.c,bf207a4afdd7e623be4bd0751bdc1917c0ee550af0f38c0531b25bb726d1710c,section,M07,sidecar_oracle,artifact binding,MR12,Interleaved artifact isolation,separate,True,False,first=b'Morph-01';second=b'Second-2',0.138843,,False,{}
mutation,H01-gcd.c,bf207a4afdd7e623be4bd0751bdc1917c0ee550af0f38c0531b25bb726d1710c,section,M07,sidecar_oracle,artifact binding,MR13,Reordered extraction independence,preserve,True,False,before=b'Morph-01';after=b'Morph-01',0.13464,,False,{}
mutation,H01-gcd.c,bf207a4afdd7e623be4bd0751bdc1917c0ee550af0f38c0531b25bb726d1710c,section,M07,sidecar_oracle,artifact binding,MR14,Rebuild stability,preserve,True,False,first=b'Morph-01';second=b'Morph-01',0.116244,,False,"{""binary_bytes_equal"":true}"
mutation,H01-gcd.c,bf207a4afdd7e623be4bd0751bdc1917c0ee550af0f38c0531b25bb726d1710c,section,M08,global_cache_oracle,state,MR01,Round-trip fidelity,preserve,True,False,extracted=b'Morph-01',0.046152,,False,"{""build"":{""actual_compiler"":""gcc"",""actual_optimization"":""O2"",""binary"":""WORKDIR/section/M08/MR01/marked/build-01/artifact.bin"",""binary_sha256"":""63cbeff2b0785d492761ce367639a8bbc8e94ddb2cfe720778f8bd6177d67b85"",""carrier"":""section"",""command"":[""gcc"",""-std=c11"",""-fno-ident"",""-no-pie"",""-O2"",""WORKDIR/section/M08/MR01/marked/build-01/host.c"",""-o"",""WORKDIR/section/M08/MR01/marked/build-01/artifact.bin""],""effective_payload_hex"":""4d6f7270682d3031"",""key"":""key-alpha"",""mutant_id"":""M08"",""requested_compiler"":""gcc"",""requested_optimization"":""O2"",""requested_payload_hex"":""4d6f7270682d3031"",""return_code"":0,""source"":""WORKDIR/section/M08/MR01/marked/build-01/host.c"",""source_sha256"":""bf207a4afdd7e623be4bd0751bdc1917c0ee550af0f38c0531b25bb726d1710c"",""stderr"":""""},""extracted_hex"":""4d6f7270682d3031""}"
mutation,H01-gcd.c,bf207a4afdd7e623be4bd0751bdc1917c0ee550af0f38c0531b25bb726d1710c,section,M08,global_cache_oracle,state,MR02,Host-semantic preservation,preserve,True,False,mismatch_count=0,0.130286,,False,"{""mismatches"":[]}"
mutation,H01-gcd.c,bf207a4afdd7e623be4bd0751bdc1917c0ee550af0f38c0531b25bb726d1710c,section,M08,global_cache_oracle,state,MR03,Unmarked rejection,reject,True,False,rejected:absent:custom section .wmrec not found,0.08264,,False,"{""unmarked_binary_sha256"":""17288de5d8ffc83b2223ee650ec19f96fa9b779f3eb45b8e2433c730b7a1e3e2""}"
mutation,H01-gcd.c,bf207a4afdd7e623be4bd0751bdc1917c0ee550af0f38c0531b25bb726d1710c,section,M08,global_cache_oracle,state,MR04,Wrong-key rejection,reject,False,True,accepted:b'Morph-01',0.068241,,False,"{""antecedent_guarded"":true,""antecedent_hex"":""4d6f7270682d3031""}"
mutation,H01-gcd.c,bf207a4afdd7e623be4bd0751bdc1917c0ee550af0f38c0531b25bb726d1710c,section,M08,global_cache_oracle,state,MR05,Payload separation,separate,False,True,first=b'Second-2';second=b'Second-2',0.16485,,False,"{""first_hex"":""5365636f6e642d32"",""second_hex"":""5365636f6e642d32""}"
mutation,H01-gcd.c,bf207a4afdd7e623be4bd0751bdc1917c0ee550af0f38c0531b25bb726d1710c,section,M08,global_cache_oracle,state,MR06,Cross-compiler invariance,preserve,True,False,"payloads=b'Morph-01',b'Morph-01';semantic_equal=True",0.131065,,False,"{""clang_actual"":""clang"",""gcc_actual"":""gcc""}"
mutation,H01-gcd.c,bf207a4afdd7e623be4bd0751bdc1917c0ee550af0f38c0531b25bb726d1710c,section,M08,global_cache_oracle,state,MR07,Optimization invariance,preserve,True,False,"payloads=['Morph-01', 'Morph-01', 'Morph-01'];semantic_equal=True",0.213406,,False,{}
mutation,H01-gcd.c,bf207a4afdd7e623be4bd0751bdc1917c0ee550af0f38c0531b25bb726d1710c,section,M08,global_cache_oracle,state,MR08,Clean-room relocation,preserve,True,False,relocated=b'Morph-01',0.081665,,False,"{""clean_room_entries"":[""renamed-artifact.bin""],""relocated_hex"":""4d6f7270682d3031""}"
mutation,H01-gcd.c,bf207a4afdd7e623be4bd0751bdc1917c0ee550af0f38c0531b25bb726d1710c,section,M08,global_cache_oracle,state,MR09,Carrier-removal rejection,reject,False,True,spurious robustness:accepted:b'Morph-01',0.086722,,False,"{""antecedent_guarded"":true}"
mutation,H01-gcd.c,bf207a4afdd7e623be4bd0751bdc1917c0ee550af0f38c0531b25bb726d1710c,section,M08,global_cache_oracle,state,MR10,Carrier-corruption rejection,reject,False,True,corruption accepted:accepted:b'Morph-01',0.082198,,False,"{""antecedent_guarded"":true}"
mutation,H01-gcd.c,bf207a4afdd7e623be4bd0751bdc1917c0ee550af0f38c0531b25bb726d1710c,section,M08,global_cache_oracle,state,MR11,Requested/actual trace agreement,trace,True,False,requested=clang/Os;actual=clang/Os,0.073078,,False,"{""build"":{""actual_compiler"":""clang"",""actual_optimization"":""Os"",""binary"":""WORKDIR/section/M08/MR11/trace/build-01/artifact.bin"",""binary_sha256"":""d5d8525397dedc90fa4792ce87b67efca4a48048626cb76d2fe61da67d4f779a"",""carrier"":""section"",""command"":[""clang"",""-std=c11"",""-fno-ident"",""-no-pie"",""-Os"",""WORKDIR/section/M08/MR11/trace/build-01/host.c"",""-o"",""WORKDIR/section/M08/MR11/trace/build-01/artifact.bin""],""effective_payload_hex"":""4d6f7270682d3031"",""key"":""key-alpha"",""mutant_id"":""M08"",""requested_compiler"":""clang"",""requested_optimization"":""Os"",""requested_payload_hex"":""4d6f7270682d3031"",""return_code"":0,""source"":""WORKDIR/section/M08/MR11/trace/build-01/host.c"",""source_sha256"":""bf207a4afdd7e623be4bd0751bdc1917c0ee550af0f38c0531b25bb726d1710c"",""stderr"":""""}}"
mutation,H01-gcd.c,bf207a4afdd7e623be4bd0751bdc1917c0ee550af0f38c0531b25bb726d1710c,section,M08,global_cache_oracle,state,MR12,Interleaved artifact isolation,separate,False,True,first=b'Second-2';second=b'Second-2',0.160287,,False,{}
mutation,H01-gcd.c,bf207a4afdd7e623be4bd0751bdc1917c0ee550af0f38c0531b25bb726d1710c,section,M08,global_cache_oracle,state,MR13,Reordered extraction independence,preserve,False,True,before=b'Morph-01';after=b'Second-2',0.129842,,False,{}
mutation,H01-gcd.c,bf207a4afdd7e623be4bd0751bdc1917c0ee550af0f38c0531b25bb726d1710c,section,M08,global_cache_oracle,state,MR14,Rebuild stability,preserve,True,False,first=b'Morph-01';second=b'Morph-01',0.108226,,False,"{""binary_bytes_equal"":true}"
mutation,H01-gcd.c,bf207a4afdd7e623be4bd0751bdc1917c0ee550af0f38c0531b25bb726d1710c,section,M09,unmarked_default,false positive,MR01,Round-trip fidelity,preserve,True,False,extracted=b'Morph-01',0.039658,,False,"{""build"":{""actual_compiler"":""gcc"",""actual_optimization"":""O2"",""binary"":""WORKDIR/section/M09/MR01/marked/build-01/artifact.bin"",""binary_sha256"":""63cbeff2b0785d492761ce367639a8bbc8e94ddb2cfe720778f8bd6177d67b85"",""carrier"":""section"",""command"":[""gcc"",""-std=c11"",""-fno-ident"",""-no-pie"",""-O2"",""WORKDIR/section/M09/MR01/marked/build-01/host.c"",""-o"",""WORKDIR/section/M09/MR01/marked/build-01/artifact.bin""],""effective_payload_hex"":""4d6f7270682d3031"",""key"":""key-alpha"",""mutant_id"":""M09"",""requested_compiler"":""gcc"",""requested_optimization"":""O2"",""requested_payload_hex"":""4d6f7270682d3031"",""return_code"":0,""source"":""WORKDIR/section/M09/MR01/marked/build-01/host.c"",""source_sha256"":""bf207a4afdd7e623be4bd0751bdc1917c0ee550af0f38c0531b25bb726d1710c"",""stderr"":""""},""extracted_hex"":""4d6f7270682d3031""}"
mutation,H01-gcd.c,bf207a4afdd7e623be4bd0751bdc1917c0ee550af0f38c0531b25bb726d1710c,section,M09,unmarked_default,false positive,MR02,Host-semantic preservation,preserve,True,False,mismatch_count=0,0.161813,,False,"{""mismatches"":[]}"
mutation,H01-gcd.c,bf207a4afdd7e623be4bd0751bdc1917c0ee550af0f38c0531b25bb726d1710c,section,M09,unmarked_default,false positive,MR03,Unmarked rejection,reject,False,True,accepted:b'Morph-01',0.082231,,False,"{""unmarked_binary_sha256"":""17288de5d8ffc83b2223ee650ec19f96fa9b779f3eb45b8e2433c730b7a1e3e2""}"
mutation,H01-gcd.c,bf207a4afdd7e623be4bd0751bdc1917c0ee550af0f38c0531b25bb726d1710c,section,M09,unmarked_default,false positive,MR04,Wrong-key rejection,reject,False,True,accepted:b'Morph-01',0.057864,,False,"{""antecedent_guarded"":true,""antecedent_hex"":""4d6f7270682d3031""}"
mutation,H01-gcd.c,bf207a4afdd7e623be4bd0751bdc1917c0ee550af0f38c0531b25bb726d1710c,section,M09,unmarked_default,false positive,MR05,Payload separation,separate,True,False,first=b'Morph-01';second=b'Second-2',0.125385,,False,"{""first_hex"":""4d6f7270682d3031"",""second_hex"":""5365636f6e642d32""}"
mutation,H01-gcd.c,bf207a4afdd7e623be4bd0751bdc1917c0ee550af0f38c0531b25bb726d1710c,section,M09,unmarked_default,false positive,MR06,Cross-compiler invariance,preserve,True,False,"payloads=b'Morph-01',b'Morph-01';semantic_equal=True",0.150327,,False,"{""clang_actual"":""clang"",""gcc_actual"":""gcc""}"
mutation,H01-gcd.c,bf207a4afdd7e623be4bd0751bdc1917c0ee550af0f38c0531b25bb726d1710c,section,M09,unmarked_default,false positive,MR07,Optimization invariance,preserve,True,False,"payloads=['Morph-01', 'Morph-01', 'Morph-01'];semantic_equal=True",0.224872,,False,{}
mutation,H01-gcd.c,bf207a4afdd7e623be4bd0751bdc1917c0ee550af0f38c0531b25bb726d1710c,section,M09,unmarked_default,false positive,MR08,Clean-room relocation,preserve,True,False,relocated=b'Morph-01',0.046105,,False,"{""clean_room_entries"":[""renamed-artifact.bin""],""relocated_hex"":""4d6f7270682d3031""}"
mutation,H01-gcd.c,bf207a4afdd7e623be4bd0751bdc1917c0ee550af0f38c0531b25bb726d1710c,section,M09,unmarked_default,false positive,MR09,Carrier-removal rejection,reject,False,True,spurious robustness:accepted:b'Morph-01',0.089056,,False,"{""antecedent_guarded"":true}"
mutation,H01-gcd.c,bf207a4afdd7e623be4bd0751bdc1917c0ee550af0f38c0531b25bb726d1710c,section,M09,unmarked_default,false positive,MR10,Carrier-corruption rejection,reject,False,True,corruption accepted:accepted:b'Morph-01',0.079591,,False,"{""antecedent_guarded"":true}"
mutation,H01-gcd.c,bf207a4afdd7e623be4bd0751bdc1917c0ee550af0f38c0531b25bb726d1710c,section,M09,unmarked_default,false positive,MR11,Requested/actual trace agreement,trace,True,False,requested=clang/Os;actual=clang/Os,0.101182,,False,"{""build"":{""actual_compiler"":""clang"",""actual_optimization"":""Os"",""binary"":""WORKDIR/section/M09/MR11/trace/build-01/artifact.bin"",""binary_sha256"":""d5d8525397dedc90fa4792ce87b67efca4a48048626cb76d2fe61da67d4f779a"",""carrier"":""section"",""command"":[""clang"",""-std=c11"",""-fno-ident"",""-no-pie"",""-Os"",""WORKDIR/section/M09/MR11/trace/build-01/host.c"",""-o"",""WORKDIR/section/M09/MR11/trace/build-01/artifact.bin""],""effective_payload_hex"":""4d6f7270682d3031"",""key"":""key-alpha"",""mutant_id"":""M09"",""requested_compiler"":""clang"",""requested_optimization"":""Os"",""requested_payload_hex"":""4d6f7270682d3031"",""return_code"":0,""source"":""WORKDIR/section/M09/MR11/trace/build-01/host.c"",""source_sha256"":""bf207a4afdd7e623be4bd0751bdc1917c0ee550af0f38c0531b25bb726d1710c"",""stderr"":""""}}"
mutation,H01-gcd.c,bf207a4afdd7e623be4bd0751bdc1917c0ee550af0f38c0531b25bb726d1710c,section,M09,unmarked_default,false positive,MR12,Interleaved artifact isolation,separate,True,False,first=b'Morph-01';second=b'Second-2',0.097693,,False,{}
mutation,H01-gcd.c,bf207a4afdd7e623be4bd0751bdc1917c0ee550af0f38c0531b25bb726d1710c,section,M09,unmarked_default,false positive,MR13,Reordered extraction independence,preserve,True,False,before=b'Morph-01';after=b'Morph-01',0.135245,,False,{}
mutation,H01-gcd.c,bf207a4afdd7e623be4bd0751bdc1917c0ee550af0f38c0531b25bb726d1710c,section,M09,unmarked_default,false positive,MR14,Rebuild stability,preserve,True,False,first=b'Morph-01';second=b'Morph-01',0.152071,,False,"{""binary_bytes_equal"":true}"
mutation,H01-gcd.c,bf207a4afdd7e623be4bd0751bdc1917c0ee550af0f38c0531b25bb726d1710c,section,M10,semantic_plus_one,semantic corruption,MR01,Round-trip fidelity,preserve,True,False,extracted=b'Morph-01',0.061667,,False,"{""build"":{""actual_compiler"":""gcc"",""actual_optimization"":""O2"",""binary"":""WORKDIR/section/M10/MR01/marked/build-01/artifact.bin"",""binary_sha256"":""e9fa346e13a18cb9f6e9ef04fd02a0e2c4e7ff5001ea1755df8123926832c01f"",""carrier"":""section"",""command"":[""gcc"",""-std=c11"",""-fno-ident"",""-no-pie"",""-O2"",""WORKDIR/section/M10/MR01/marked/build-01/host.c"",""-o"",""WORKDIR/section/M10/MR01/marked/build-01/artifact.bin""],""effective_payload_hex"":""4d6f7270682d3031"",""key"":""key-alpha"",""mutant_id"":""M10"",""requested_compiler"":""gcc"",""requested_optimization"":""O2"",""requested_payload_hex"":""4d6f7270682d3031"",""return_code"":0,""source"":""WORKDIR/section/M10/MR01/marked/build-01/host.c"",""source_sha256"":""30ed404ab403f719953dc8878828da3023121c78592627f82968e3b257407b34"",""stderr"":""""},""extracted_hex"":""4d6f7270682d3031""}"
mutation,H01-gcd.c,bf207a4afdd7e623be4bd0751bdc1917c0ee550af0f38c0531b25bb726d1710c,section,M10,semantic_plus_one,semantic corruption,MR02,Host-semantic preservation,preserve,False,True,mismatch_count=6,0.112974,,False,"{""mismatches"":[{""base"":""13"",""input"":0,""marked"":""14""},{""base"":""4"",""input"":1,""marked"":""5""},{""base"":""16"",""input"":5,""marked"":""17""},{""base"":""104"",""input"":13,""marked"":""105""},{""base"":""1"",""input"":144,""marked"":""2""},{""base"":""2"",""input"":99991,""marked"":""3""}]}"
mutation,H01-gcd.c,bf207a4afdd7e623be4bd0751bdc1917c0ee550af0f38c0531b25bb726d1710c,section,M10,semantic_plus_one,semantic corruption,MR03,Unmarked rejection,reject,True,False,rejected:absent:custom section .wmrec not found,0.074728,,False,"{""unmarked_binary_sha256"":""17288de5d8ffc83b2223ee650ec19f96fa9b779f3eb45b8e2433c730b7a1e3e2""}"
mutation,H01-gcd.c,bf207a4afdd7e623be4bd0751bdc1917c0ee550af0f38c0531b25bb726d1710c,section,M10,semantic_plus_one,semantic corruption,MR04,Wrong-key rejection,reject,True,False,rejected:wrong-key:key tag mismatch,0.082487,,False,"{""antecedent_guarded"":true,""antecedent_hex"":""4d6f7270682d3031""}"
mutation,H01-gcd.c,bf207a4afdd7e623be4bd0751bdc1917c0ee550af0f38c0531b25bb726d1710c,section,M10,semantic_plus_one,semantic corruption,MR05,Payload separation,separate,True,False,first=b'Morph-01';second=b'Second-2',0.147899,,False,"{""first_hex"":""4d6f7270682d3031"",""second_hex"":""5365636f6e642d32""}"
mutation,H01-gcd.c,bf207a4afdd7e623be4bd0751bdc1917c0ee550af0f38c0531b25bb726d1710c,section,M10,semantic_plus_one,semantic corruption,MR06,Cross-compiler invariance,preserve,True,False,"payloads=b'Morph-01',b'Morph-01';semantic_equal=True",0.189431,,False,"{""clang_actual"":""clang"",""gcc_actual"":""gcc""}"
mutation,H01-gcd.c,bf207a4afdd7e623be4bd0751bdc1917c0ee550af0f38c0531b25bb726d1710c,section,M10,semantic_plus_one,semantic corruption,MR07,Optimization invariance,preserve,True,False,"payloads=['Morph-01', 'Morph-01', 'Morph-01'];semantic_equal=True",0.209389,,False,{}
mutation,H01-gcd.c,bf207a4afdd7e623be4bd0751bdc1917c0ee550af0f38c0531b25bb726d1710c,section,M10,semantic_plus_one,semantic corruption,MR08,Clean-room relocation,preserve,True,False,relocated=b'Morph-01',0.046883,,False,"{""clean_room_entries"":[""renamed-artifact.bin""],""relocated_hex"":""4d6f7270682d3031""}"
mutation,H01-gcd.c,bf207a4afdd7e623be4bd0751bdc1917c0ee550af0f38c0531b25bb726d1710c,section,M10,semantic_plus_one,semantic corruption,MR09,Carrier-removal rejection,reject,True,False,rejected:absent:custom section .wmrec not found,0.086033,,False,"{""antecedent_guarded"":true}"
mutation,H01-gcd.c,bf207a4afdd7e623be4bd0751bdc1917c0ee550af0f38c0531b25bb726d1710c,section,M10,semantic_plus_one,semantic corruption,MR10,Carrier-corruption rejection,reject,True,False,rejected:checksum:payload checksum mismatch,0.069952,,False,"{""antecedent_guarded"":true}"
mutation,H01-gcd.c,bf207a4afdd7e623be4bd0751bdc1917c0ee550af0f38c0531b25bb726d1710c,section,M10,semantic_plus_one,semantic corruption,MR11,Requested/actual trace agreement,trace,True,False,requested=clang/Os;actual=clang/Os,0.068258,,False,"{""build"":{""actual_compiler"":""clang"",""actual_optimization"":""Os"",""binary"":""WORKDIR/section/M10/MR11/trace/build-01/artifact.bin"",""binary_sha256"":""d225d3d9c3abd40232935e987bfc4745d1ab5466b065392b2acf1160237dafb5"",""carrier"":""section"",""command"":[""clang"",""-std=c11"",""-fno-ident"",""-no-pie"",""-Os"",""WORKDIR/section/M10/MR11/trace/build-01/host.c"",""-o"",""WORKDIR/section/M10/MR11/trace/build-01/artifact.bin""],""effective_payload_hex"":""4d6f7270682d3031"",""key"":""key-alpha"",""mutant_id"":""M10"",""requested_compiler"":""clang"",""requested_optimization"":""Os"",""requested_payload_hex"":""4d6f7270682d3031"",""return_code"":0,""source"":""WORKDIR/section/M10/MR11/trace/build-01/host.c"",""source_sha256"":""30ed404ab403f719953dc8878828da3023121c78592627f82968e3b257407b34"",""stderr"":""""}}"
mutation,H01-gcd.c,bf207a4afdd7e623be4bd0751bdc1917c0ee550af0f38c0531b25bb726d1710c,section,M10,semantic_plus_one,semantic corruption,MR12,Interleaved artifact isolation,separate,True,False,first=b'Morph-01';second=b'Second-2',0.173372,,False,{}
mutation,H01-gcd.c,bf207a4afdd7e623be4bd0751bdc1917c0ee550af0f38c0531b25bb726d1710c,section,M10,semantic_plus_one,semantic corruption,MR13,Reordered extraction independence,preserve,True,False,before=b'Morph-01';after=b'Morph-01',0.143899,,False,{}
mutation,H01-gcd.c,bf207a4afdd7e623be4bd0751bdc1917c0ee550af0f38c0531b25bb726d1710c,section,M10,semantic_plus_one,semantic corruption,MR14,Rebuild stability,preserve,True,False,first=b'Morph-01';second=b'Morph-01',0.131855,,False,"{""binary_bytes_equal"":true}"
mutation,H01-gcd.c,bf207a4afdd7e623be4bd0751bdc1917c0ee550af0f38c0531b25bb726d1710c,section,M11,semantic_input13,semantic corruption,MR01,Round-trip fidelity,preserve,True,False,extracted=b'Morph-01',0.052371,,False,"{""build"":{""actual_compiler"":""gcc"",""actual_optimization"":""O2"",""binary"":""WORKDIR/section/M11/MR01/marked/build-01/artifact.bin"",""binary_sha256"":""9b2aff22474f55cc55758449ac3d64a85af880793e7bb9b7421de83ed73dd5fa"",""carrier"":""section"",""command"":[""gcc"",""-std=c11"",""-fno-ident"",""-no-pie"",""-O2"",""WORKDIR/section/M11/MR01/marked/build-01/host.c"",""-o"",""WORKDIR/section/M11/MR01/marked/build-01/artifact.bin""],""effective_payload_hex"":""4d6f7270682d3031"",""key"":""key-alpha"",""mutant_id"":""M11"",""requested_compiler"":""gcc"",""requested_optimization"":""O2"",""requested_payload_hex"":""4d6f7270682d3031"",""return_code"":0,""source"":""WORKDIR/section/M11/MR01/marked/build-01/host.c"",""source_sha256"":""ca86f8e08b4c154317c45483bc2f7087ebbc08fa00753ba65e010babc6fc4491"",""stderr"":""""},""extracted_hex"":""4d6f7270682d3031""}"
mutation,H01-gcd.c,bf207a4afdd7e623be4bd0751bdc1917c0ee550af0f38c0531b25bb726d1710c,section,M11,semantic_input13,semantic corruption,MR02,Host-semantic preservation,preserve,False,True,mismatch_count=1,0.124593,,False,"{""mismatches"":[{""base"":""104"",""input"":13,""marked"":""105""}]}"
mutation,H01-gcd.c,bf207a4afdd7e623be4bd0751bdc1917c0ee550af0f38c0531b25bb726d1710c,section,M11,semantic_input13,semantic corruption,MR03,Unmarked rejection,reject,True,False,rejected:absent:custom section .wmrec not found,0.056323,,False,"{""unmarked_binary_sha256"":""17288de5d8ffc83b2223ee650ec19f96fa9b779f3eb45b8e2433c730b7a1e3e2""}"
mutation,H01-gcd.c,bf207a4afdd7e623be4bd0751bdc1917c0ee550af0f38c0531b25bb726d1710c,section,M11,semantic_input13,semantic corruption,MR04,Wrong-key rejection,reject,True,False,rejected:wrong-key:key tag mismatch,0.065468,,False,"{""antecedent_guarded"":true,""antecedent_hex"":""4d6f7270682d3031""}"
mutation,H01-gcd.c,bf207a4afdd7e623be4bd0751bdc1917c0ee550af0f38c0531b25bb726d1710c,section,M11,semantic_input13,semantic corruption,MR05,Payload separation,separate,True,False,first=b'Morph-01';second=b'Second-2',0.178289,,False,"{""first_hex"":""4d6f7270682d3031"",""second_hex"":""5365636f6e642d32""}"
mutation,H01-gcd.c,bf207a4afdd7e623be4bd0751bdc1917c0ee550af0f38c0531b25bb726d1710c,section,M11,semantic_input13,semantic corruption,MR06,Cross-compiler invariance,preserve,True,False,"payloads=b'Morph-01',b'Morph-01';semantic_equal=True",0.194957,,False,"{""clang_actual"":""clang"",""gcc_actual"":""gcc""}"
mutation,H01-gcd.c,bf207a4afdd7e623be4bd0751bdc1917c0ee550af0f38c0531b25bb726d1710c,section,M11,semantic_input13,semantic corruption,MR07,Optimization invariance,preserve,True,False,"payloads=['Morph-01', 'Morph-01', 'Morph-01'];semantic_equal=True",0.225567,,False,{}
mutation,H01-gcd.c,bf207a4afdd7e623be4bd0751bdc1917c0ee550af0f38c0531b25bb726d1710c,section,M11,semantic_input13,semantic corruption,MR08,Clean-room relocation,preserve,True,False,relocated=b'Morph-01',0.041226,,False,"{""clean_room_entries"":[""renamed-artifact.bin""],""relocated_hex"":""4d6f7270682d3031""}"
mutation,H01-gcd.c,bf207a4afdd7e623be4bd0751bdc1917c0ee550af0f38c0531b25bb726d1710c,section,M11,semantic_input13,semantic corruption,MR09,Carrier-removal rejection,reject,True,False,rejected:absent:custom section .wmrec not found,0.094207,,False,"{""antecedent_guarded"":true}"
mutation,H01-gcd.c,bf207a4afdd7e623be4bd0751bdc1917c0ee550af0f38c0531b25bb726d1710c,section,M11,semantic_input13,semantic corruption,MR10,Carrier-corruption rejection,reject,True,False,rejected:checksum:payload checksum mismatch,0.078496,,False,"{""antecedent_guarded"":true}"
mutation,H01-gcd.c,bf207a4afdd7e623be4bd0751bdc1917c0ee550af0f38c0531b25bb726d1710c,section,M11,semantic_input13,semantic corruption,MR11,Requested/actual trace agreement,trace,True,False,requested=clang/Os;actual=clang/Os,0.084893,,False,"{""build"":{""actual_compiler"":""clang"",""actual_optimization"":""Os"",""binary"":""WORKDIR/section/M11/MR11/trace/build-01/artifact.bin"",""binary_sha256"":""1b1db4cde3143e65811570eeffbe35b57b4361d85be4626dcffc6578ccc061ff"",""carrier"":""section"",""command"":[""clang"",""-std=c11"",""-fno-ident"",""-no-pie"",""-Os"",""WORKDIR/section/M11/MR11/trace/build-01/host.c"",""-o"",""WORKDIR/section/M11/MR11/trace/build-01/artifact.bin""],""effective_payload_hex"":""4d6f7270682d3031"",""key"":""key-alpha"",""mutant_id"":""M11"",""requested_compiler"":""clang"",""requested_optimization"":""Os"",""requested_payload_hex"":""4d6f7270682d3031"",""return_code"":0,""source"":""WORKDIR/section/M11/MR11/trace/build-01/host.c"",""source_sha256"":""ca86f8e08b4c154317c45483bc2f7087ebbc08fa00753ba65e010babc6fc4491"",""stderr"":""""}}"
mutation,H01-gcd.c,bf207a4afdd7e623be4bd0751bdc1917c0ee550af0f38c0531b25bb726d1710c,section,M11,semantic_input13,semantic corruption,MR12,Interleaved artifact isolation,separate,True,False,first=b'Morph-01';second=b'Second-2',0.131799,,False,{}
mutation,H01-gcd.c,bf207a4afdd7e623be4bd0751bdc1917c0ee550af0f38c0531b25bb726d1710c,section,M11,semantic_input13,semantic corruption,MR13,Reordered extraction independence,preserve,True,False,before=b'Morph-01';after=b'Morph-01',0.14908,,False,{}
mutation,H01-gcd.c,bf207a4afdd7e623be4bd0751bdc1917c0ee550af0f38c0531b25bb726d1710c,section,M11,semantic_input13,semantic corruption,MR14,Rebuild stability,preserve,True,False,first=b'Morph-01';second=b'Morph-01',0.121302,,False,"{""binary_bytes_equal"":true}"
mutation,H01-gcd.c,bf207a4afdd7e623be4bd0751bdc1917c0ee550af0f38c0531b25bb726d1710c,section,M12,compile_original,stage routing,MR01,Round-trip fidelity,preserve,False,True,exception:ExtractionError:custom section .wmrec not found,0.06043,ExtractionError,False,{}
mutation,H01-gcd.c,bf207a4afdd7e623be4bd0751bdc1917c0ee550af0f38c0531b25bb726d1710c,section,M12,compile_original,stage routing,MR02,Host-semantic preservation,preserve,True,False,mismatch_count=0,0.146481,,False,"{""mismatches"":[]}"
mutation,H01-gcd.c,bf207a4afdd7e623be4bd0751bdc1917c0ee550af0f38c0531b25bb726d1710c,section,M12,compile_original,stage routing,MR03,Unmarked rejection,reject,True,False,rejected:absent:custom section .wmrec not found,0.065444,,False,"{""unmarked_binary_sha256"":""17288de5d8ffc83b2223ee650ec19f96fa9b779f3eb45b8e2433c730b7a1e3e2""}"
mutation,H01-gcd.c,bf207a4afdd7e623be4bd0751bdc1917c0ee550af0f38c0531b25bb726d1710c,section,M12,compile_original,stage routing,MR04,Wrong-key rejection,reject,True,False,rejected:wrong-key:key tag mismatch,0.053513,,False,"{""antecedent_guarded"":true,""antecedent_hex"":""4d6f7270682d3031""}"
mutation,H01-gcd.c,bf207a4afdd7e623be4bd0751bdc1917c0ee550af0f38c0531b25bb726d1710c,section,M12,compile_original,stage routing,MR05,Payload separation,separate,False,True,exception:ExtractionError:custom section .wmrec not found,0.126004,ExtractionError,False,{}
mutation,H01-gcd.c,bf207a4afdd7e623be4bd0751bdc1917c0ee550af0f38c0531b25bb726d1710c,section,M12,compile_original,stage routing,MR06,Cross-compiler invariance,preserve,False,True,exception:ExtractionError:custom section .wmrec not found,0.12664,ExtractionError,False,{}
mutation,H01-gcd.c,bf207a4afdd7e623be4bd0751bdc1917c0ee550af0f38c0531b25bb726d1710c,section,M12,compile_original,stage routing,MR07,Optimization invariance,preserve,False,True,exception:ExtractionError:custom section .wmrec not found,0.167064,ExtractionError,False,{}
mutation,H01-gcd.c,bf207a4afdd7e623be4bd0751bdc1917c0ee550af0f38c0531b25bb726d1710c,section,M12,compile_original,stage routing,MR08,Clean-room relocation,preserve,False,True,exception:ExtractionError:custom section .wmrec not found,0.056122,ExtractionError,False,{}
mutation,H01-gcd.c,bf207a4afdd7e623be4bd0751bdc1917c0ee550af0f38c0531b25bb726d1710c,section,M12,compile_original,stage routing,MR09,Carrier-removal rejection,reject,True,False,rejected:absent:custom section .wmrec not found,0.039903,,False,"{""antecedent_guarded"":true}"
mutation,H01-gcd.c,bf207a4afdd7e623be4bd0751bdc1917c0ee550af0f38c0531b25bb726d1710c,section,M12,compile_original,stage routing,MR10,Carrier-corruption rejection,reject,True,False,rejected:checksum:payload checksum mismatch,0.094238,,False,"{""antecedent_guarded"":true}"
mutation,H01-gcd.c,bf207a4afdd7e623be4bd0751bdc1917c0ee550af0f38c0531b25bb726d1710c,section,M12,compile_original,stage routing,MR11,Requested/actual trace agreement,trace,True,False,requested=clang/Os;actual=clang/Os,0.100523,,False,"{""build"":{""actual_compiler"":""clang"",""actual_optimization"":""Os"",""binary"":""WORKDIR/section/M12/MR11/trace/build-01/artifact.bin"",""binary_sha256"":""8979583311288d6755db67bfb67a745238b66729f18570b075945ee29c1a551b"",""carrier"":""section"",""command"":[""clang"",""-std=c11"",""-fno-ident"",""-no-pie"",""-Os"",""WORKDIR/section/M12/MR11/trace/build-01/host.c"",""-o"",""WORKDIR/section/M12/MR11/trace/build-01/artifact.bin""],""effective_payload_hex"":""4d6f7270682d3031"",""key"":""key-alpha"",""mutant_id"":""M12"",""requested_compiler"":""clang"",""requested_optimization"":""Os"",""requested_payload_hex"":""4d6f7270682d3031"",""return_code"":0,""source"":""WORKDIR/section/M12/MR11/trace/build-01/host.c"",""source_sha256"":""bf207a4afdd7e623be4bd0751bdc1917c0ee550af0f38c0531b25bb726d1710c"",""stderr"":""""}}"
mutation,H01-gcd.c,bf207a4afdd7e623be4bd0751bdc1917c0ee550af0f38c0531b25bb726d1710c,section,M12,compile_original,stage routing,MR12,Interleaved artifact isolation,separate,False,True,exception:ExtractionError:custom section .wmrec not found,0.113703,ExtractionError,False,{}
mutation,H01-gcd.c,bf207a4afdd7e623be4bd0751bdc1917c0ee550af0f38c0531b25bb726d1710c,section,M12,compile_original,stage routing,MR13,Reordered extraction independence,preserve,False,True,exception:ExtractionError:custom section .wmrec not found,0.058396,ExtractionError,False,{}
mutation,H01-gcd.c,bf207a4afdd7e623be4bd0751bdc1917c0ee550af0f38c0531b25bb726d1710c,section,M12,compile_original,stage routing,MR14,Rebuild stability,preserve,False,True,exception:ExtractionError:custom section .wmrec not found,0.156336,ExtractionError,False,{}
mutation,H01-gcd.c,bf207a4afdd7e623be4bd0751bdc1917c0ee550af0f38c0531b25bb726d1710c,section,M13,force_gcc,configuration,MR01,Round-trip fidelity,preserve,True,False,extracted=b'Morph-01',0.049031,,False,"{""build"":{""actual_compiler"":""gcc"",""actual_optimization"":""O2"",""binary"":""WORKDIR/section/M13/MR01/marked/build-01/artifact.bin"",""binary_sha256"":""63cbeff2b0785d492761ce367639a8bbc8e94ddb2cfe720778f8bd6177d67b85"",""carrier"":""section"",""command"":[""gcc"",""-std=c11"",""-fno-ident"",""-no-pie"",""-O2"",""WORKDIR/section/M13/MR01/marked/build-01/host.c"",""-o"",""WORKDIR/section/M13/MR01/marked/build-01/artifact.bin""],""effective_payload_hex"":""4d6f7270682d3031"",""key"":""key-alpha"",""mutant_id"":""M13"",""requested_compiler"":""gcc"",""requested_optimization"":""O2"",""requested_payload_hex"":""4d6f7270682d3031"",""return_code"":0,""source"":""WORKDIR/section/M13/MR01/marked/build-01/host.c"",""source_sha256"":""bf207a4afdd7e623be4bd0751bdc1917c0ee550af0f38c0531b25bb726d1710c"",""stderr"":""""},""extracted_hex"":""4d6f7270682d3031""}"
mutation,H01-gcd.c,bf207a4afdd7e623be4bd0751bdc1917c0ee550af0f38c0531b25bb726d1710c,section,M13,force_gcc,configuration,MR02,Host-semantic preservation,preserve,True,False,mismatch_count=0,0.147965,,False,"{""mismatches"":[]}"
mutation,H01-gcd.c,bf207a4afdd7e623be4bd0751bdc1917c0ee550af0f38c0531b25bb726d1710c,section,M13,force_gcc,configuration,MR03,Unmarked rejection,reject,True,False,rejected:absent:custom section .wmrec not found,0.043237,,False,"{""unmarked_binary_sha256"":""17288de5d8ffc83b2223ee650ec19f96fa9b779f3eb45b8e2433c730b7a1e3e2""}"
mutation,H01-gcd.c,bf207a4afdd7e623be4bd0751bdc1917c0ee550af0f38c0531b25bb726d1710c,section,M13,force_gcc,configuration,MR04,Wrong-key rejection,reject,True,False,rejected:wrong-key:key tag mismatch,0.077608,,False,"{""antecedent_guarded"":true,""antecedent_hex"":""4d6f7270682d3031""}"
mutation,H01-gcd.c,bf207a4afdd7e623be4bd0751bdc1917c0ee550af0f38c0531b25bb726d1710c,section,M13,force_gcc,configuration,MR05,Payload separation,separate,True,False,first=b'Morph-01';second=b'Second-2',0.123535,,False,"{""first_hex"":""4d6f7270682d3031"",""second_hex"":""5365636f6e642d32""}"
mutation,H01-gcd.c,bf207a4afdd7e623be4bd0751bdc1917c0ee550af0f38c0531b25bb726d1710c,section,M13,force_gcc,configuration,MR06,Cross-compiler invariance,preserve,True,False,"payloads=b'Morph-01',b'Morph-01';semantic_equal=True",0.181132,,False,"{""clang_actual"":""gcc"",""gcc_actual"":""gcc""}"
mutation,H01-gcd.c,bf207a4afdd7e623be4bd0751bdc1917c0ee550af0f38c0531b25bb726d1710c,section,M13,force_gcc,configuration,MR07,Optimization invariance,preserve,True,False,"payloads=['Morph-01', 'Morph-01', 'Morph-01'];semantic_equal=True",0.26339,,False,{}
mutation,H01-gcd.c,bf207a4afdd7e623be4bd0751bdc1917c0ee550af0f38c0531b25bb726d1710c,section,M13,force_gcc,configuration,MR08,Clean-room relocation,preserve,True,False,relocated=b'Morph-01',0.064431,,False,"{""clean_room_entries"":[""renamed-artifact.bin""],""relocated_hex"":""4d6f7270682d3031""}"
mutation,H01-gcd.c,bf207a4afdd7e623be4bd0751bdc1917c0ee550af0f38c0531b25bb726d1710c,section,M13,force_gcc,configuration,MR09,Carrier-removal rejection,reject,True,False,rejected:absent:custom section .wmrec not found,0.084371,,False,"{""antecedent_guarded"":true}"
mutation,H01-gcd.c,bf207a4afdd7e623be4bd0751bdc1917c0ee550af0f38c0531b25bb726d1710c,section,M13,force_gcc,configuration,MR10,Carrier-corruption rejection,reject,True,False,rejected:checksum:payload checksum mismatch,0.063354,,False,"{""antecedent_guarded"":true}"
mutation,H01-gcd.c,bf207a4afdd7e623be4bd0751bdc1917c0ee550af0f38c0531b25bb726d1710c,section,M13,force_gcc,configuration,MR11,Requested/actual trace agreement,trace,False,True,requested=clang/Os;actual=gcc/Os,0.071469,,False,"{""build"":{""actual_compiler"":""gcc"",""actual_optimization"":""Os"",""binary"":""WORKDIR/section/M13/MR11/trace/build-01/artifact.bin"",""binary_sha256"":""536203b03d275ac01867599e3754d1b40589473421d70f4477920cc4e53f2419"",""carrier"":""section"",""command"":[""gcc"",""-std=c11"",""-fno-ident"",""-no-pie"",""-Os"",""WORKDIR/section/M13/MR11/trace/build-01/host.c"",""-o"",""WORKDIR/section/M13/MR11/trace/build-01/artifact.bin""],""effective_payload_hex"":""4d6f7270682d3031"",""key"":""key-alpha"",""mutant_id"":""M13"",""requested_compiler"":""clang"",""requested_optimization"":""Os"",""requested_payload_hex"":""4d6f7270682d3031"",""return_code"":0,""source"":""WORKDIR/section/M13/MR11/trace/build-01/host.c"",""source_sha256"":""bf207a4afdd7e623be4bd0751bdc1917c0ee550af0f38c0531b25bb726d1710c"",""stderr"":""""}}"
mutation,H01-gcd.c,bf207a4afdd7e623be4bd0751bdc1917c0ee550af0f38c0531b25bb726d1710c,section,M13,force_gcc,configuration,MR12,Interleaved artifact isolation,separate,True,False,first=b'Morph-01';second=b'Second-2',0.122917,,False,{}
mutation,H01-gcd.c,bf207a4afdd7e623be4bd0751bdc1917c0ee550af0f38c0531b25bb726d1710c,section,M13,force_gcc,configuration,MR13,Reordered extraction independence,preserve,True,False,before=b'Morph-01';after=b'Morph-01',0.115269,,False,{}
mutation,H01-gcd.c,bf207a4afdd7e623be4bd0751bdc1917c0ee550af0f38c0531b25bb726d1710c,section,M13,force_gcc,configuration,MR14,Rebuild stability,preserve,True,False,first=b'Morph-01';second=b'Morph-01',0.16147,,False,"{""binary_bytes_equal"":true}"
mutation,H01-gcd.c,bf207a4afdd7e623be4bd0751bdc1917c0ee550af0f38c0531b25bb726d1710c,section,M14,force_O0,configuration,MR01,Round-trip fidelity,preserve,True,False,extracted=b'Morph-01',0.056624,,False,"{""build"":{""actual_compiler"":""gcc"",""actual_optimization"":""O0"",""binary"":""WORKDIR/section/M14/MR01/marked/build-01/artifact.bin"",""binary_sha256"":""05fb1320529a6af646b8ea2321c0e83ec10eaa89ee2a9bff9314e90d0c3bc4a1"",""carrier"":""section"",""command"":[""gcc"",""-std=c11"",""-fno-ident"",""-no-pie"",""-O0"",""WORKDIR/section/M14/MR01/marked/build-01/host.c"",""-o"",""WORKDIR/section/M14/MR01/marked/build-01/artifact.bin""],""effective_payload_hex"":""4d6f7270682d3031"",""key"":""key-alpha"",""mutant_id"":""M14"",""requested_compiler"":""gcc"",""requested_optimization"":""O2"",""requested_payload_hex"":""4d6f7270682d3031"",""return_code"":0,""source"":""WORKDIR/section/M14/MR01/marked/build-01/host.c"",""source_sha256"":""bf207a4afdd7e623be4bd0751bdc1917c0ee550af0f38c0531b25bb726d1710c"",""stderr"":""""},""extracted_hex"":""4d6f7270682d3031""}"
mutation,H01-gcd.c,bf207a4afdd7e623be4bd0751bdc1917c0ee550af0f38c0531b25bb726d1710c,section,M14,force_O0,configuration,MR02,Host-semantic preservation,preserve,True,False,mismatch_count=0,0.137061,,False,"{""mismatches"":[]}"
mutation,H01-gcd.c,bf207a4afdd7e623be4bd0751bdc1917c0ee550af0f38c0531b25bb726d1710c,section,M14,force_O0,configuration,MR03,Unmarked rejection,reject,True,False,rejected:absent:custom section .wmrec not found,0.049888,,False,"{""unmarked_binary_sha256"":""9b4d3b3c14fed8daa1b0d67cbd603737a48b61b6fcbe1d6f6b318081d458be0b""}"
mutation,H01-gcd.c,bf207a4afdd7e623be4bd0751bdc1917c0ee550af0f38c0531b25bb726d1710c,section,M14,force_O0,configuration,MR04,Wrong-key rejection,reject,True,False,rejected:wrong-key:key tag mismatch,0.048284,,False,"{""antecedent_guarded"":true,""antecedent_hex"":""4d6f7270682d3031""}"
mutation,H01-gcd.c,bf207a4afdd7e623be4bd0751bdc1917c0ee550af0f38c0531b25bb726d1710c,section,M14,force_O0,configuration,MR05,Payload separation,separate,True,False,first=b'Morph-01';second=b'Second-2',0.096119,,False,"{""first_hex"":""4d6f7270682d3031"",""second_hex"":""5365636f6e642d32""}"
mutation,H01-gcd.c,bf207a4afdd7e623be4bd0751bdc1917c0ee550af0f38c0531b25bb726d1710c,section,M14,force_O0,configuration,MR06,Cross-compiler invariance,preserve,True,False,"payloads=b'Morph-01',b'Morph-01';semantic_equal=True",0.203103,,False,"{""clang_actual"":""clang"",""gcc_actual"":""gcc""}"
mutation,H01-gcd.c,bf207a4afdd7e623be4bd0751bdc1917c0ee550af0f38c0531b25bb726d1710c,section,M14,force_O0,configuration,MR07,Optimization invariance,preserve,True,False,"payloads=['Morph-01', 'Morph-01', 'Morph-01'];semantic_equal=True",0.268112,,False,{}
mutation,H01-gcd.c,bf207a4afdd7e623be4bd0751bdc1917c0ee550af0f38c0531b25bb726d1710c,section,M14,force_O0,configuration,MR08,Clean-room relocation,preserve,True,False,relocated=b'Morph-01',0.064837,,False,"{""clean_room_entries"":[""renamed-artifact.bin""],""relocated_hex"":""4d6f7270682d3031""}"
mutation,H01-gcd.c,bf207a4afdd7e623be4bd0751bdc1917c0ee550af0f38c0531b25bb726d1710c,section,M14,force_O0,configuration,MR09,Carrier-removal rejection,reject,True,False,rejected:absent:custom section .wmrec not found,0.075155,,False,"{""antecedent_guarded"":true}"
mutation,H01-gcd.c,bf207a4afdd7e623be4bd0751bdc1917c0ee550af0f38c0531b25bb726d1710c,section,M14,force_O0,configuration,MR10,Carrier-corruption rejection,reject,True,False,rejected:checksum:payload checksum mismatch,0.074519,,False,"{""antecedent_guarded"":true}"
mutation,H01-gcd.c,bf207a4afdd7e623be4bd0751bdc1917c0ee550af0f38c0531b25bb726d1710c,section,M14,force_O0,configuration,MR11,Requested/actual trace agreement,trace,False,True,requested=clang/Os;actual=clang/O0,0.048774,,False,"{""build"":{""actual_compiler"":""clang"",""actual_optimization"":""O0"",""binary"":""WORKDIR/section/M14/MR11/trace/build-01/artifact.bin"",""binary_sha256"":""7f62562f066731224c4ff4220a4de8faf049f2a4ce2bda89adb67824c1cc049c"",""carrier"":""section"",""command"":[""clang"",""-std=c11"",""-fno-ident"",""-no-pie"",""-O0"",""WORKDIR/section/M14/MR11/trace/build-01/host.c"",""-o"",""WORKDIR/section/M14/MR11/trace/build-01/artifact.bin""],""effective_payload_hex"":""4d6f7270682d3031"",""key"":""key-alpha"",""mutant_id"":""M14"",""requested_compiler"":""clang"",""requested_optimization"":""Os"",""requested_payload_hex"":""4d6f7270682d3031"",""return_code"":0,""source"":""WORKDIR/section/M14/MR11/trace/build-01/host.c"",""source_sha256"":""bf207a4afdd7e623be4bd0751bdc1917c0ee550af0f38c0531b25bb726d1710c"",""stderr"":""""}}"
mutation,H01-gcd.c,bf207a4afdd7e623be4bd0751bdc1917c0ee550af0f38c0531b25bb726d1710c,section,M14,force_O0,configuration,MR12,Interleaved artifact isolation,separate,True,False,first=b'Morph-01';second=b'Second-2',0.110511,,False,{}
mutation,H01-gcd.c,bf207a4afdd7e623be4bd0751bdc1917c0ee550af0f38c0531b25bb726d1710c,section,M14,force_O0,configuration,MR13,Reordered extraction independence,preserve,True,False,before=b'Morph-01';after=b'Morph-01',0.129889,,False,{}
mutation,H01-gcd.c,bf207a4afdd7e623be4bd0751bdc1917c0ee550af0f38c0531b25bb726d1710c,section,M14,force_O0,configuration,MR14,Rebuild stability,preserve,True,False,first=b'Morph-01';second=b'Morph-01',0.107772,,False,"{""binary_bytes_equal"":true}"
mutation,H01-gcd.c,bf207a4afdd7e623be4bd0751bdc1917c0ee550af0f38c0531b25bb726d1710c,section,M15,transform_noop,transformation,MR01,Round-trip fidelity,preserve,True,False,extracted=b'Morph-01',0.082946,,False,"{""build"":{""actual_compiler"":""gcc"",""actual_optimization"":""O2"",""binary"":""WORKDIR/section/M15/MR01/marked/build-01/artifact.bin"",""binary_sha256"":""63cbeff2b0785d492761ce367639a8bbc8e94ddb2cfe720778f8bd6177d67b85"",""carrier"":""section"",""command"":[""gcc"",""-std=c11"",""-fno-ident"",""-no-pie"",""-O2"",""WORKDIR/section/M15/MR01/marked/build-01/host.c"",""-o"",""WORKDIR/section/M15/MR01/marked/build-01/artifact.bin""],""effective_payload_hex"":""4d6f7270682d3031"",""key"":""key-alpha"",""mutant_id"":""M15"",""requested_compiler"":""gcc"",""requested_optimization"":""O2"",""requested_payload_hex"":""4d6f7270682d3031"",""return_code"":0,""source"":""WORKDIR/section/M15/MR01/marked/build-01/host.c"",""source_sha256"":""bf207a4afdd7e623be4bd0751bdc1917c0ee550af0f38c0531b25bb726d1710c"",""stderr"":""""},""extracted_hex"":""4d6f7270682d3031""}"
mutation,H01-gcd.c,bf207a4afdd7e623be4bd0751bdc1917c0ee550af0f38c0531b25bb726d1710c,section,M15,transform_noop,transformation,MR02,Host-semantic preservation,preserve,True,False,mismatch_count=0,0.189696,,False,"{""mismatches"":[]}"
mutation,H01-gcd.c,bf207a4afdd7e623be4bd0751bdc1917c0ee550af0f38c0531b25bb726d1710c,section,M15,transform_noop,transformation,MR03,Unmarked rejection,reject,True,False,rejected:absent:custom section .wmrec not found,0.055325,,False,"{""unmarked_binary_sha256"":""17288de5d8ffc83b2223ee650ec19f96fa9b779f3eb45b8e2433c730b7a1e3e2""}"
mutation,H01-gcd.c,bf207a4afdd7e623be4bd0751bdc1917c0ee550af0f38c0531b25bb726d1710c,section,M15,transform_noop,transformation,MR04,Wrong-key rejection,reject,True,False,rejected:wrong-key:key tag mismatch,0.080931,,False,"{""antecedent_guarded"":true,""antecedent_hex"":""4d6f7270682d3031""}"
mutation,H01-gcd.c,bf207a4afdd7e623be4bd0751bdc1917c0ee550af0f38c0531b25bb726d1710c,section,M15,transform_noop,transformation,MR05,Payload separation,separate,True,False,first=b'Morph-01';second=b'Second-2',0.110514,,False,"{""first_hex"":""4d6f7270682d3031"",""second_hex"":""5365636f6e642d32""}"
mutation,H01-gcd.c,bf207a4afdd7e623be4bd0751bdc1917c0ee550af0f38c0531b25bb726d1710c,section,M15,transform_noop,transformation,MR06,Cross-compiler invariance,preserve,True,False,"payloads=b'Morph-01',b'Morph-01';semantic_equal=True",0.128189,,False,"{""clang_actual"":""clang"",""gcc_actual"":""gcc""}"
mutation,H01-gcd.c,bf207a4afdd7e623be4bd0751bdc1917c0ee550af0f38c0531b25bb726d1710c,section,M15,transform_noop,transformation,MR07,Optimization invariance,preserve,True,False,"payloads=['Morph-01', 'Morph-01', 'Morph-01'];semantic_equal=True",0.217443,,False,{}
mutation,H01-gcd.c,bf207a4afdd7e623be4bd0751bdc1917c0ee550af0f38c0531b25bb726d1710c,section,M15,transform_noop,transformation,MR08,Clean-room relocation,preserve,True,False,relocated=b'Morph-01',0.067625,,False,"{""clean_room_entries"":[""renamed-artifact.bin""],""relocated_hex"":""4d6f7270682d3031""}"
mutation,H01-gcd.c,bf207a4afdd7e623be4bd0751bdc1917c0ee550af0f38c0531b25bb726d1710c,section,M15,transform_noop,transformation,MR09,Carrier-removal rejection,reject,False,True,spurious robustness:accepted:b'Morph-01',0.09672,,False,"{""antecedent_guarded"":true}"
mutation,H01-gcd.c,bf207a4afdd7e623be4bd0751bdc1917c0ee550af0f38c0531b25bb726d1710c,section,M15,transform_noop,transformation,MR10,Carrier-corruption rejection,reject,True,False,rejected:checksum:payload checksum mismatch,0.102987,,False,"{""antecedent_guarded"":true}"
mutation,H01-gcd.c,bf207a4afdd7e623be4bd0751bdc1917c0ee550af0f38c0531b25bb726d1710c,section,M15,transform_noop,transformation,MR11,Requested/actual trace agreement,trace,True,False,requested=clang/Os;actual=clang/Os,0.048735,,False,"{""build"":{""actual_compiler"":""clang"",""actual_optimization"":""Os"",""binary"":""WORKDIR/section/M15/MR11/trace/build-01/artifact.bin"",""binary_sha256"":""d5d8525397dedc90fa4792ce87b67efca4a48048626cb76d2fe61da67d4f779a"",""carrier"":""section"",""command"":[""clang"",""-std=c11"",""-fno-ident"",""-no-pie"",""-Os"",""WORKDIR/section/M15/MR11/trace/build-01/host.c"",""-o"",""WORKDIR/section/M15/MR11/trace/build-01/artifact.bin""],""effective_payload_hex"":""4d6f7270682d3031"",""key"":""key-alpha"",""mutant_id"":""M15"",""requested_compiler"":""clang"",""requested_optimization"":""Os"",""requested_payload_hex"":""4d6f7270682d3031"",""return_code"":0,""source"":""WORKDIR/section/M15/MR11/trace/build-01/host.c"",""source_sha256"":""bf207a4afdd7e623be4bd0751bdc1917c0ee550af0f38c0531b25bb726d1710c"",""stderr"":""""}}"
mutation,H01-gcd.c,bf207a4afdd7e623be4bd0751bdc1917c0ee550af0f38c0531b25bb726d1710c,section,M15,transform_noop,transformation,MR12,Interleaved artifact isolation,separate,True,False,first=b'Morph-01';second=b'Second-2',0.100332,,False,{}
mutation,H01-gcd.c,bf207a4afdd7e623be4bd0751bdc1917c0ee550af0f38c0531b25bb726d1710c,section,M15,transform_noop,transformation,MR13,Reordered extraction independence,preserve,True,False,before=b'Morph-01';after=b'Morph-01',0.154627,,False,{}
mutation,H01-gcd.c,bf207a4afdd7e623be4bd0751bdc1917c0ee550af0f38c0531b25bb726d1710c,section,M15,transform_noop,transformation,MR14,Rebuild stability,preserve,True,False,first=b'Morph-01';second=b'Morph-01',0.172477,,False,"{""binary_bytes_equal"":true}"
mutation,H01-gcd.c,bf207a4afdd7e623be4bd0751bdc1917c0ee550af0f38c0531b25bb726d1710c,section,M16,checksum_bypass,integrity,MR01,Round-trip fidelity,preserve,True,False,extracted=b'Morph-01',0.063816,,False,"{""build"":{""actual_compiler"":""gcc"",""actual_optimization"":""O2"",""binary"":""WORKDIR/section/M16/MR01/marked/build-01/artifact.bin"",""binary_sha256"":""63cbeff2b0785d492761ce367639a8bbc8e94ddb2cfe720778f8bd6177d67b85"",""carrier"":""section"",""command"":[""gcc"",""-std=c11"",""-fno-ident"",""-no-pie"",""-O2"",""WORKDIR/section/M16/MR01/marked/build-01/host.c"",""-o"",""WORKDIR/section/M16/MR01/marked/build-01/artifact.bin""],""effective_payload_hex"":""4d6f7270682d3031"",""key"":""key-alpha"",""mutant_id"":""M16"",""requested_compiler"":""gcc"",""requested_optimization"":""O2"",""requested_payload_hex"":""4d6f7270682d3031"",""return_code"":0,""source"":""WORKDIR/section/M16/MR01/marked/build-01/host.c"",""source_sha256"":""bf207a4afdd7e623be4bd0751bdc1917c0ee550af0f38c0531b25bb726d1710c"",""stderr"":""""},""extracted_hex"":""4d6f7270682d3031""}"
mutation,H01-gcd.c,bf207a4afdd7e623be4bd0751bdc1917c0ee550af0f38c0531b25bb726d1710c,section,M16,checksum_bypass,integrity,MR02,Host-semantic preservation,preserve,True,False,mismatch_count=0,0.164904,,False,"{""mismatches"":[]}"
mutation,H01-gcd.c,bf207a4afdd7e623be4bd0751bdc1917c0ee550af0f38c0531b25bb726d1710c,section,M16,checksum_bypass,integrity,MR03,Unmarked rejection,reject,True,False,rejected:absent:custom section .wmrec not found,0.075334,,False,"{""unmarked_binary_sha256"":""17288de5d8ffc83b2223ee650ec19f96fa9b779f3eb45b8e2433c730b7a1e3e2""}"
mutation,H01-gcd.c,bf207a4afdd7e623be4bd0751bdc1917c0ee550af0f38c0531b25bb726d1710c,section,M16,checksum_bypass,integrity,MR04,Wrong-key rejection,reject,True,False,rejected:wrong-key:key tag mismatch,0.087436,,False,"{""antecedent_guarded"":true,""antecedent_hex"":""4d6f7270682d3031""}"
mutation,H01-gcd.c,bf207a4afdd7e623be4bd0751bdc1917c0ee550af0f38c0531b25bb726d1710c,section,M16,checksum_bypass,integrity,MR05,Payload separation,separate,True,False,first=b'Morph-01';second=b'Second-2',0.121609,,False,"{""first_hex"":""4d6f7270682d3031"",""second_hex"":""5365636f6e642d32""}"
mutation,H01-gcd.c,bf207a4afdd7e623be4bd0751bdc1917c0ee550af0f38c0531b25bb726d1710c,section,M16,checksum_bypass,integrity,MR06,Cross-compiler invariance,preserve,True,False,"payloads=b'Morph-01',b'Morph-01';semantic_equal=True",0.186202,,False,"{""clang_actual"":""clang"",""gcc_actual"":""gcc""}"
mutation,H01-gcd.c,bf207a4afdd7e623be4bd0751bdc1917c0ee550af0f38c0531b25bb726d1710c,section,M16,checksum_bypass,integrity,MR07,Optimization invariance,preserve,True,False,"payloads=['Morph-01', 'Morph-01', 'Morph-01'];semantic_equal=True",0.215006,,False,{}
mutation,H01-gcd.c,bf207a4afdd7e623be4bd0751bdc1917c0ee550af0f38c0531b25bb726d1710c,section,M16,checksum_bypass,integrity,MR08,Clean-room relocation,preserve,True,False,relocated=b'Morph-01',0.092038,,False,"{""clean_room_entries"":[""renamed-artifact.bin""],""relocated_hex"":""4d6f7270682d3031""}"
mutation,H01-gcd.c,bf207a4afdd7e623be4bd0751bdc1917c0ee550af0f38c0531b25bb726d1710c,section,M16,checksum_bypass,integrity,MR09,Carrier-removal rejection,reject,True,False,rejected:absent:custom section .wmrec not found,0.04948,,False,"{""antecedent_guarded"":true}"
mutation,H01-gcd.c,bf207a4afdd7e623be4bd0751bdc1917c0ee550af0f38c0531b25bb726d1710c,section,M16,checksum_bypass,integrity,MR10,Carrier-corruption rejection,reject,False,True,corruption accepted:accepted:b'Morph-01',0.062404,,False,"{""antecedent_guarded"":true}"
mutation,H01-gcd.c,bf207a4afdd7e623be4bd0751bdc1917c0ee550af0f38c0531b25bb726d1710c,section,M16,checksum_bypass,integrity,MR11,Requested/actual trace agreement,trace,True,False,requested=clang/Os;actual=clang/Os,0.081973,,False,"{""build"":{""actual_compiler"":""clang"",""actual_optimization"":""Os"",""binary"":""WORKDIR/section/M16/MR11/trace/build-01/artifact.bin"",""binary_sha256"":""d5d8525397dedc90fa4792ce87b67efca4a48048626cb76d2fe61da67d4f779a"",""carrier"":""section"",""command"":[""clang"",""-std=c11"",""-fno-ident"",""-no-pie"",""-Os"",""WORKDIR/section/M16/MR11/trace/build-01/host.c"",""-o"",""WORKDIR/section/M16/MR11/trace/build-01/artifact.bin""],""effective_payload_hex"":""4d6f7270682d3031"",""key"":""key-alpha"",""mutant_id"":""M16"",""requested_compiler"":""clang"",""requested_optimization"":""Os"",""requested_payload_hex"":""4d6f7270682d3031"",""return_code"":0,""source"":""WORKDIR/section/M16/MR11/trace/build-01/host.c"",""source_sha256"":""bf207a4afdd7e623be4bd0751bdc1917c0ee550af0f38c0531b25bb726d1710c"",""stderr"":""""}}"
mutation,H01-gcd.c,bf207a4afdd7e623be4bd0751bdc1917c0ee550af0f38c0531b25bb726d1710c,section,M16,checksum_bypass,integrity,MR12,Interleaved artifact isolation,separate,True,False,first=b'Morph-01';second=b'Second-2',0.10114,,False,{}
mutation,H01-gcd.c,bf207a4afdd7e623be4bd0751bdc1917c0ee550af0f38c0531b25bb726d1710c,section,M16,checksum_bypass,integrity,MR13,Reordered extraction independence,preserve,True,False,before=b'Morph-01';after=b'Morph-01',0.173626,,False,{}
mutation,H01-gcd.c,bf207a4afdd7e623be4bd0751bdc1917c0ee550af0f38c0531b25bb726d1710c,section,M16,checksum_bypass,integrity,MR14,Rebuild stability,preserve,True,False,first=b'Morph-01';second=b'Morph-01',0.163496,,False,"{""binary_bytes_equal"":true}"
mutation,H01-gcd.c,bf207a4afdd7e623be4bd0751bdc1917c0ee550af0f38c0531b25bb726d1710c,section,M17,filename_bound,artifact binding,MR01,Round-trip fidelity,preserve,True,False,extracted=b'Morph-01',0.06525,,False,"{""build"":{""actual_compiler"":""gcc"",""actual_optimization"":""O2"",""binary"":""WORKDIR/section/M17/MR01/marked/build-01/artifact.bin"",""binary_sha256"":""63cbeff2b0785d492761ce367639a8bbc8e94ddb2cfe720778f8bd6177d67b85"",""carrier"":""section"",""command"":[""gcc"",""-std=c11"",""-fno-ident"",""-no-pie"",""-O2"",""WORKDIR/section/M17/MR01/marked/build-01/host.c"",""-o"",""WORKDIR/section/M17/MR01/marked/build-01/artifact.bin""],""effective_payload_hex"":""4d6f7270682d3031"",""key"":""key-alpha"",""mutant_id"":""M17"",""requested_compiler"":""gcc"",""requested_optimization"":""O2"",""requested_payload_hex"":""4d6f7270682d3031"",""return_code"":0,""source"":""WORKDIR/section/M17/MR01/marked/build-01/host.c"",""source_sha256"":""bf207a4afdd7e623be4bd0751bdc1917c0ee550af0f38c0531b25bb726d1710c"",""stderr"":""""},""extracted_hex"":""4d6f7270682d3031""}"
mutation,H01-gcd.c,bf207a4afdd7e623be4bd0751bdc1917c0ee550af0f38c0531b25bb726d1710c,section,M17,filename_bound,artifact binding,MR02,Host-semantic preservation,preserve,True,False,mismatch_count=0,0.157526,,False,"{""mismatches"":[]}"
mutation,H01-gcd.c,bf207a4afdd7e623be4bd0751bdc1917c0ee550af0f38c0531b25bb726d1710c,section,M17,filename_bound,artifact binding,MR03,Unmarked rejection,reject,True,False,rejected:absent:custom section .wmrec not found,0.04928,,False,"{""unmarked_binary_sha256"":""17288de5d8ffc83b2223ee650ec19f96fa9b779f3eb45b8e2433c730b7a1e3e2""}"
mutation,H01-gcd.c,bf207a4afdd7e623be4bd0751bdc1917c0ee550af0f38c0531b25bb726d1710c,section,M17,filename_bound,artifact binding,MR04,Wrong-key rejection,reject,True,False,rejected:wrong-key:key tag mismatch,0.089164,,False,"{""antecedent_guarded"":true,""antecedent_hex"":""4d6f7270682d3031""}"
mutation,H01-gcd.c,bf207a4afdd7e623be4bd0751bdc1917c0ee550af0f38c0531b25bb726d1710c,section,M17,filename_bound,artifact binding,MR05,Payload separation,separate,True,False,first=b'Morph-01';second=b'Second-2',0.11006,,False,"{""first_hex"":""4d6f7270682d3031"",""second_hex"":""5365636f6e642d32""}"
mutation,H01-gcd.c,bf207a4afdd7e623be4bd0751bdc1917c0ee550af0f38c0531b25bb726d1710c,section,M17,filename_bound,artifact binding,MR06,Cross-compiler invariance,preserve,True,False,"payloads=b'Morph-01',b'Morph-01';semantic_equal=True",0.209392,,False,"{""clang_actual"":""clang"",""gcc_actual"":""gcc""}"
mutation,H01-gcd.c,bf207a4afdd7e623be4bd0751bdc1917c0ee550af0f38c0531b25bb726d1710c,section,M17,filename_bound,artifact binding,MR07,Optimization invariance,preserve,True,False,"payloads=['Morph-01', 'Morph-01', 'Morph-01'];semantic_equal=True",0.236318,,False,{}
mutation,H01-gcd.c,bf207a4afdd7e623be4bd0751bdc1917c0ee550af0f38c0531b25bb726d1710c,section,M17,filename_bound,artifact binding,MR08,Clean-room relocation,preserve,False,True,exception:ExtractionError:artifact path is not an original build path,0.06424,ExtractionError,False,{}
mutation,H01-gcd.c,bf207a4afdd7e623be4bd0751bdc1917c0ee550af0f38c0531b25bb726d1710c,section,M17,filename_bound,artifact binding,MR09,Carrier-removal rejection,reject,True,False,rejected:path:artifact path is not an original build path,0.049016,,False,"{""antecedent_guarded"":true}"
mutation,H01-gcd.c,bf207a4afdd7e623be4bd0751bdc1917c0ee550af0f38c0531b25bb726d1710c,section,M17,filename_bound,artifact binding,MR10,Carrier-corruption rejection,reject,True,False,rejected:path:artifact path is not an original build path,0.054125,,False,"{""antecedent_guarded"":true}"
mutation,H01-gcd.c,bf207a4afdd7e623be4bd0751bdc1917c0ee550af0f38c0531b25bb726d1710c,section,M17,filename_bound,artifact binding,MR11,Requested/actual trace agreement,trace,True,False,requested=clang/Os;actual=clang/Os,0.088164,,False,"{""build"":{""actual_compiler"":""clang"",""actual_optimization"":""Os"",""binary"":""WORKDIR/section/M17/MR11/trace/build-01/artifact.bin"",""binary_sha256"":""d5d8525397dedc90fa4792ce87b67efca4a48048626cb76d2fe61da67d4f779a"",""carrier"":""section"",""command"":[""clang"",""-std=c11"",""-fno-ident"",""-no-pie"",""-Os"",""WORKDIR/section/M17/MR11/trace/build-01/host.c"",""-o"",""WORKDIR/section/M17/MR11/trace/build-01/artifact.bin""],""effective_payload_hex"":""4d6f7270682d3031"",""key"":""key-alpha"",""mutant_id"":""M17"",""requested_compiler"":""clang"",""requested_optimization"":""Os"",""requested_payload_hex"":""4d6f7270682d3031"",""return_code"":0,""source"":""WORKDIR/section/M17/MR11/trace/build-01/host.c"",""source_sha256"":""bf207a4afdd7e623be4bd0751bdc1917c0ee550af0f38c0531b25bb726d1710c"",""stderr"":""""}}"
mutation,H01-gcd.c,bf207a4afdd7e623be4bd0751bdc1917c0ee550af0f38c0531b25bb726d1710c,section,M17,filename_bound,artifact binding,MR12,Interleaved artifact isolation,separate,True,False,first=b'Morph-01';second=b'Second-2',0.119211,,False,{}
mutation,H01-gcd.c,bf207a4afdd7e623be4bd0751bdc1917c0ee550af0f38c0531b25bb726d1710c,section,M17,filename_bound,artifact binding,MR13,Reordered extraction independence,preserve,True,False,before=b'Morph-01';after=b'Morph-01',0.168749,,False,{}
mutation,H01-gcd.c,bf207a4afdd7e623be4bd0751bdc1917c0ee550af0f38c0531b25bb726d1710c,section,M17,filename_bound,artifact binding,MR14,Rebuild stability,preserve,True,False,first=b'Morph-01';second=b'Morph-01',0.135345,,False,"{""binary_bytes_equal"":true}"
mutation,H01-gcd.c,bf207a4afdd7e623be4bd0751bdc1917c0ee550af0f38c0531b25bb726d1710c,section,M18,stale_binary,state,MR01,Round-trip fidelity,preserve,True,False,extracted=b'Morph-01',0.064419,,False,"{""build"":{""actual_compiler"":""gcc"",""actual_optimization"":""O2"",""binary"":""WORKDIR/section/M18/MR01/marked/build-01/artifact.bin"",""binary_sha256"":""63cbeff2b0785d492761ce367639a8bbc8e94ddb2cfe720778f8bd6177d67b85"",""carrier"":""section"",""command"":[""gcc"",""-std=c11"",""-fno-ident"",""-no-pie"",""-O2"",""WORKDIR/section/M18/MR01/marked/build-01/host.c"",""-o"",""WORKDIR/section/M18/MR01/marked/build-01/artifact.bin""],""effective_payload_hex"":""4d6f7270682d3031"",""key"":""key-alpha"",""mutant_id"":""M18"",""requested_compiler"":""gcc"",""requested_optimization"":""O2"",""requested_payload_hex"":""4d6f7270682d3031"",""return_code"":0,""source"":""WORKDIR/section/M18/MR01/marked/build-01/host.c"",""source_sha256"":""bf207a4afdd7e623be4bd0751bdc1917c0ee550af0f38c0531b25bb726d1710c"",""stderr"":""""},""extracted_hex"":""4d6f7270682d3031""}"
mutation,H01-gcd.c,bf207a4afdd7e623be4bd0751bdc1917c0ee550af0f38c0531b25bb726d1710c,section,M18,stale_binary,state,MR02,Host-semantic preservation,preserve,True,False,mismatch_count=0,0.158024,,False,"{""mismatches"":[]}"
mutation,H01-gcd.c,bf207a4afdd7e623be4bd0751bdc1917c0ee550af0f38c0531b25bb726d1710c,section,M18,stale_binary,state,MR03,Unmarked rejection,reject,True,False,rejected:absent:custom section .wmrec not found,0.047326,,False,"{""unmarked_binary_sha256"":""17288de5d8ffc83b2223ee650ec19f96fa9b779f3eb45b8e2433c730b7a1e3e2""}"
mutation,H01-gcd.c,bf207a4afdd7e623be4bd0751bdc1917c0ee550af0f38c0531b25bb726d1710c,section,M18,stale_binary,state,MR04,Wrong-key rejection,reject,True,False,rejected:wrong-key:key tag mismatch,0.046794,,False,"{""antecedent_guarded"":true,""antecedent_hex"":""4d6f7270682d3031""}"
mutation,H01-gcd.c,bf207a4afdd7e623be4bd0751bdc1917c0ee550af0f38c0531b25bb726d1710c,section,M18,stale_binary,state,MR05,Payload separation,separate,False,True,first=b'Morph-01';second=b'Morph-01',0.088349,,False,"{""first_hex"":""4d6f7270682d3031"",""second_hex"":""4d6f7270682d3031""}"
mutation,H01-gcd.c,bf207a4afdd7e623be4bd0751bdc1917c0ee550af0f38c0531b25bb726d1710c,section,M18,stale_binary,state,MR06,Cross-compiler invariance,preserve,True,False,"payloads=b'Morph-01',b'Morph-01';semantic_equal=True",0.105513,,False,"{""clang_actual"":""gcc"",""gcc_actual"":""gcc""}"
mutation,H01-gcd.c,bf207a4afdd7e623be4bd0751bdc1917c0ee550af0f38c0531b25bb726d1710c,section,M18,stale_binary,state,MR07,Optimization invariance,preserve,True,False,"payloads=['Morph-01', 'Morph-01', 'Morph-01'];semantic_equal=True",0.13738,,False,{}
mutation,H01-gcd.c,bf207a4afdd7e623be4bd0751bdc1917c0ee550af0f38c0531b25bb726d1710c,section,M18,stale_binary,state,MR08,Clean-room relocation,preserve,True,False,relocated=b'Morph-01',0.054522,,False,"{""clean_room_entries"":[""renamed-artifact.bin""],""relocated_hex"":""4d6f7270682d3031""}"
mutation,H01-gcd.c,bf207a4afdd7e623be4bd0751bdc1917c0ee550af0f38c0531b25bb726d1710c,section,M18,stale_binary,state,MR09,Carrier-removal rejection,reject,True,False,rejected:absent:custom section .wmrec not found,0.07188,,False,"{""antecedent_guarded"":true}"
mutation,H01-gcd.c,bf207a4afdd7e623be4bd0751bdc1917c0ee550af0f38c0531b25bb726d1710c,section,M18,stale_binary,state,MR10,Carrier-corruption rejection,reject,False,True,corruption accepted:accepted:b'Morph-01',0.054578,,False,"{""antecedent_guarded"":true}"
mutation,H01-gcd.c,bf207a4afdd7e623be4bd0751bdc1917c0ee550af0f38c0531b25bb726d1710c,section,M18,stale_binary,state,MR11,Requested/actual trace agreement,trace,True,False,requested=clang/Os;actual=clang/Os,0.062637,,False,"{""build"":{""actual_compiler"":""clang"",""actual_optimization"":""Os"",""binary"":""WORKDIR/section/M18/MR11/trace/build-01/artifact.bin"",""binary_sha256"":""d5d8525397dedc90fa4792ce87b67efca4a48048626cb76d2fe61da67d4f779a"",""carrier"":""section"",""command"":[""clang"",""-std=c11"",""-fno-ident"",""-no-pie"",""-Os"",""WORKDIR/section/M18/MR11/trace/build-01/host.c"",""-o"",""WORKDIR/section/M18/MR11/trace/build-01/artifact.bin""],""effective_payload_hex"":""4d6f7270682d3031"",""key"":""key-alpha"",""mutant_id"":""M18"",""requested_compiler"":""clang"",""requested_optimization"":""Os"",""requested_payload_hex"":""4d6f7270682d3031"",""return_code"":0,""source"":""WORKDIR/section/M18/MR11/trace/build-01/host.c"",""source_sha256"":""bf207a4afdd7e623be4bd0751bdc1917c0ee550af0f38c0531b25bb726d1710c"",""stderr"":""""}}"
mutation,H01-gcd.c,bf207a4afdd7e623be4bd0751bdc1917c0ee550af0f38c0531b25bb726d1710c,section,M18,stale_binary,state,MR12,Interleaved artifact isolation,separate,False,True,first=b'Morph-01';second=b'Morph-01',0.048107,,False,{}
mutation,H01-gcd.c,bf207a4afdd7e623be4bd0751bdc1917c0ee550af0f38c0531b25bb726d1710c,section,M18,stale_binary,state,MR13,Reordered extraction independence,preserve,True,False,before=b'Morph-01';after=b'Morph-01',0.076679,,False,{}
mutation,H01-gcd.c,bf207a4afdd7e623be4bd0751bdc1917c0ee550af0f38c0531b25bb726d1710c,section,M18,stale_binary,state,MR14,Rebuild stability,preserve,True,False,first=b'Morph-01';second=b'Morph-01',0.075663,,False,"{""binary_bytes_equal"":true}"
mutation,H01-gcd.c,bf207a4afdd7e623be4bd0751bdc1917c0ee550af0f38c0531b25bb726d1710c,section,M19,extractor_prefix,extraction,MR01,Round-trip fidelity,preserve,False,True,extracted=b'Morph-0',0.07831,,False,"{""build"":{""actual_compiler"":""gcc"",""actual_optimization"":""O2"",""binary"":""WORKDIR/section/M19/MR01/marked/build-01/artifact.bin"",""binary_sha256"":""63cbeff2b0785d492761ce367639a8bbc8e94ddb2cfe720778f8bd6177d67b85"",""carrier"":""section"",""command"":[""gcc"",""-std=c11"",""-fno-ident"",""-no-pie"",""-O2"",""WORKDIR/section/M19/MR01/marked/build-01/host.c"",""-o"",""WORKDIR/section/M19/MR01/marked/build-01/artifact.bin""],""effective_payload_hex"":""4d6f7270682d3031"",""key"":""key-alpha"",""mutant_id"":""M19"",""requested_compiler"":""gcc"",""requested_optimization"":""O2"",""requested_payload_hex"":""4d6f7270682d3031"",""return_code"":0,""source"":""WORKDIR/section/M19/MR01/marked/build-01/host.c"",""source_sha256"":""bf207a4afdd7e623be4bd0751bdc1917c0ee550af0f38c0531b25bb726d1710c"",""stderr"":""""},""extracted_hex"":""4d6f7270682d30""}"
mutation,H01-gcd.c,bf207a4afdd7e623be4bd0751bdc1917c0ee550af0f38c0531b25bb726d1710c,section,M19,extractor_prefix,extraction,MR02,Host-semantic preservation,preserve,True,False,mismatch_count=0,0.172356,,False,"{""mismatches"":[]}"
mutation,H01-gcd.c,bf207a4afdd7e623be4bd0751bdc1917c0ee550af0f38c0531b25bb726d1710c,section,M19,extractor_prefix,extraction,MR03,Unmarked rejection,reject,True,False,rejected:absent:custom section .wmrec not found,0.070088,,False,"{""unmarked_binary_sha256"":""17288de5d8ffc83b2223ee650ec19f96fa9b779f3eb45b8e2433c730b7a1e3e2""}"
mutation,H01-gcd.c,bf207a4afdd7e623be4bd0751bdc1917c0ee550af0f38c0531b25bb726d1710c,section,M19,extractor_prefix,extraction,MR04,Wrong-key rejection,reject,True,False,rejected:wrong-key:key tag mismatch,0.082147,,False,"{""antecedent_guarded"":true,""antecedent_hex"":""4d6f7270682d3031""}"
mutation,H01-gcd.c,bf207a4afdd7e623be4bd0751bdc1917c0ee550af0f38c0531b25bb726d1710c,section,M19,extractor_prefix,extraction,MR05,Payload separation,separate,False,True,first=b'Morph-0';second=b'Second-',0.148819,,False,"{""first_hex"":""4d6f7270682d30"",""second_hex"":""5365636f6e642d""}"
mutation,H01-gcd.c,bf207a4afdd7e623be4bd0751bdc1917c0ee550af0f38c0531b25bb726d1710c,section,M19,extractor_prefix,extraction,MR06,Cross-compiler invariance,preserve,False,True,"payloads=b'Morph-0',b'Morph-0';semantic_equal=True",0.144823,,False,"{""clang_actual"":""clang"",""gcc_actual"":""gcc""}"
mutation,H01-gcd.c,bf207a4afdd7e623be4bd0751bdc1917c0ee550af0f38c0531b25bb726d1710c,section,M19,extractor_prefix,extraction,MR07,Optimization invariance,preserve,False,True,"payloads=['Morph-0', 'Morph-0', 'Morph-0'];semantic_equal=True",0.266565,,False,{}
mutation,H01-gcd.c,bf207a4afdd7e623be4bd0751bdc1917c0ee550af0f38c0531b25bb726d1710c,section,M19,extractor_prefix,extraction,MR08,Clean-room relocation,preserve,False,True,source_mismatch=b'Morph-0',0.090377,,False,"{""source_hex"":""4d6f7270682d30""}"
mutation,H01-gcd.c,bf207a4afdd7e623be4bd0751bdc1917c0ee550af0f38c0531b25bb726d1710c,section,M19,extractor_prefix,extraction,MR09,Carrier-removal rejection,reject,True,False,rejected:absent:custom section .wmrec not found,0.080118,,False,"{""antecedent_guarded"":true}"
mutation,H01-gcd.c,bf207a4afdd7e623be4bd0751bdc1917c0ee550af0f38c0531b25bb726d1710c,section,M19,extractor_prefix,extraction,MR10,Carrier-corruption rejection,reject,True,False,rejected:checksum:payload checksum mismatch,0.083811,,False,"{""antecedent_guarded"":true}"
mutation,H01-gcd.c,bf207a4afdd7e623be4bd0751bdc1917c0ee550af0f38c0531b25bb726d1710c,section,M19,extractor_prefix,extraction,MR11,Requested/actual trace agreement,trace,True,False,requested=clang/Os;actual=clang/Os,0.091453,,False,"{""build"":{""actual_compiler"":""clang"",""actual_optimization"":""Os"",""binary"":""WORKDIR/section/M19/MR11/trace/build-01/artifact.bin"",""binary_sha256"":""d5d8525397dedc90fa4792ce87b67efca4a48048626cb76d2fe61da67d4f779a"",""carrier"":""section"",""command"":[""clang"",""-std=c11"",""-fno-ident"",""-no-pie"",""-Os"",""WORKDIR/section/M19/MR11/trace/build-01/host.c"",""-o"",""WORKDIR/section/M19/MR11/trace/build-01/artifact.bin""],""effective_payload_hex"":""4d6f7270682d3031"",""key"":""key-alpha"",""mutant_id"":""M19"",""requested_compiler"":""clang"",""requested_optimization"":""Os"",""requested_payload_hex"":""4d6f7270682d3031"",""return_code"":0,""source"":""WORKDIR/section/M19/MR11/trace/build-01/host.c"",""source_sha256"":""bf207a4afdd7e623be4bd0751bdc1917c0ee550af0f38c0531b25bb726d1710c"",""stderr"":""""}}"
mutation,H01-gcd.c,bf207a4afdd7e623be4bd0751bdc1917c0ee550af0f38c0531b25bb726d1710c,section,M19,extractor_prefix,extraction,MR12,Interleaved artifact isolation,separate,False,True,first=b'Morph-0';second=b'Second-',0.116359,,False,{}
mutation,H01-gcd.c,bf207a4afdd7e623be4bd0751bdc1917c0ee550af0f38c0531b25bb726d1710c,section,M19,extractor_prefix,extraction,MR13,Reordered extraction independence,preserve,False,True,before=b'Morph-0';after=b'Morph-0',0.132188,,False,{}
mutation,H01-gcd.c,bf207a4afdd7e623be4bd0751bdc1917c0ee550af0f38c0531b25bb726d1710c,section,M19,extractor_prefix,extraction,MR14,Rebuild stability,preserve,False,True,first=b'Morph-0';second=b'Morph-0',0.123868,,False,"{""binary_bytes_equal"":true}"
mutation,H01-gcd.c,bf207a4afdd7e623be4bd0751bdc1917c0ee550af0f38c0531b25bb726d1710c,section,M20,interleaved_collision,isolation,MR01,Round-trip fidelity,preserve,True,False,extracted=b'Morph-01',0.046635,,False,"{""build"":{""actual_compiler"":""gcc"",""actual_optimization"":""O2"",""binary"":""WORKDIR/section/M20/MR01/marked/build-01/artifact.bin"",""binary_sha256"":""63cbeff2b0785d492761ce367639a8bbc8e94ddb2cfe720778f8bd6177d67b85"",""carrier"":""section"",""command"":[""gcc"",""-std=c11"",""-fno-ident"",""-no-pie"",""-O2"",""WORKDIR/section/M20/MR01/marked/build-01/host.c"",""-o"",""WORKDIR/section/M20/MR01/marked/build-01/artifact.bin""],""effective_payload_hex"":""4d6f7270682d3031"",""key"":""key-alpha"",""mutant_id"":""M20"",""requested_compiler"":""gcc"",""requested_optimization"":""O2"",""requested_payload_hex"":""4d6f7270682d3031"",""return_code"":0,""source"":""WORKDIR/section/M20/MR01/marked/build-01/host.c"",""source_sha256"":""bf207a4afdd7e623be4bd0751bdc1917c0ee550af0f38c0531b25bb726d1710c"",""stderr"":""""},""extracted_hex"":""4d6f7270682d3031""}"
mutation,H01-gcd.c,bf207a4afdd7e623be4bd0751bdc1917c0ee550af0f38c0531b25bb726d1710c,section,M20,interleaved_collision,isolation,MR02,Host-semantic preservation,preserve,True,False,mismatch_count=0,0.115768,,False,"{""mismatches"":[]}"
mutation,H01-gcd.c,bf207a4afdd7e623be4bd0751bdc1917c0ee550af0f38c0531b25bb726d1710c,section,M20,interleaved_collision,isolation,MR03,Unmarked rejection,reject,True,False,rejected:absent:custom section .wmrec not found,0.071321,,False,"{""unmarked_binary_sha256"":""17288de5d8ffc83b2223ee650ec19f96fa9b779f3eb45b8e2433c730b7a1e3e2""}"
mutation,H01-gcd.c,bf207a4afdd7e623be4bd0751bdc1917c0ee550af0f38c0531b25bb726d1710c,section,M20,interleaved_collision,isolation,MR04,Wrong-key rejection,reject,True,False,rejected:wrong-key:global payload slot key mismatch,0.067068,,False,"{""antecedent_guarded"":true,""antecedent_hex"":""4d6f7270682d3031""}"
mutation,H01-gcd.c,bf207a4afdd7e623be4bd0751bdc1917c0ee550af0f38c0531b25bb726d1710c,section,M20,interleaved_collision,isolation,MR05,Payload separation,separate,False,True,first=b'Second-2';second=b'Second-2',0.147255,,False,"{""first_hex"":""5365636f6e642d32"",""second_hex"":""5365636f6e642d32""}"
mutation,H01-gcd.c,bf207a4afdd7e623be4bd0751bdc1917c0ee550af0f38c0531b25bb726d1710c,section,M20,interleaved_collision,isolation,MR06,Cross-compiler invariance,preserve,True,False,"payloads=b'Morph-01',b'Morph-01';semantic_equal=True",0.126465,,False,"{""clang_actual"":""clang"",""gcc_actual"":""gcc""}"
mutation,H01-gcd.c,bf207a4afdd7e623be4bd0751bdc1917c0ee550af0f38c0531b25bb726d1710c,section,M20,interleaved_collision,isolation,MR07,Optimization invariance,preserve,True,False,"payloads=['Morph-01', 'Morph-01', 'Morph-01'];semantic_equal=True",0.162845,,False,{}
mutation,H01-gcd.c,bf207a4afdd7e623be4bd0751bdc1917c0ee550af0f38c0531b25bb726d1710c,section,M20,interleaved_collision,isolation,MR08,Clean-room relocation,preserve,True,False,relocated=b'Morph-01',0.046088,,False,"{""clean_room_entries"":[""renamed-artifact.bin""],""relocated_hex"":""4d6f7270682d3031""}"
mutation,H01-gcd.c,bf207a4afdd7e623be4bd0751bdc1917c0ee550af0f38c0531b25bb726d1710c,section,M20,interleaved_collision,isolation,MR09,Carrier-removal rejection,reject,False,True,spurious robustness:accepted:b'Morph-01',0.070894,,False,"{""antecedent_guarded"":true}"
mutation,H01-gcd.c,bf207a4afdd7e623be4bd0751bdc1917c0ee550af0f38c0531b25bb726d1710c,section,M20,interleaved_collision,isolation,MR10,Carrier-corruption rejection,reject,False,True,corruption accepted:accepted:b'Morph-01',0.076651,,False,"{""antecedent_guarded"":true}"
mutation,H01-gcd.c,bf207a4afdd7e623be4bd0751bdc1917c0ee550af0f38c0531b25bb726d1710c,section,M20,interleaved_collision,isolation,MR11,Requested/actual trace agreement,trace,True,False,requested=clang/Os;actual=clang/Os,0.080491,,False,"{""build"":{""actual_compiler"":""clang"",""actual_optimization"":""Os"",""binary"":""WORKDIR/section/M20/MR11/trace/build-01/artifact.bin"",""binary_sha256"":""d5d8525397dedc90fa4792ce87b67efca4a48048626cb76d2fe61da67d4f779a"",""carrier"":""section"",""command"":[""clang"",""-std=c11"",""-fno-ident"",""-no-pie"",""-Os"",""WORKDIR/section/M20/MR11/trace/build-01/host.c"",""-o"",""WORKDIR/section/M20/MR11/trace/build-01/artifact.bin""],""effective_payload_hex"":""4d6f7270682d3031"",""key"":""key-alpha"",""mutant_id"":""M20"",""requested_compiler"":""clang"",""requested_optimization"":""Os"",""requested_payload_hex"":""4d6f7270682d3031"",""return_code"":0,""source"":""WORKDIR/section/M20/MR11/trace/build-01/host.c"",""source_sha256"":""bf207a4afdd7e623be4bd0751bdc1917c0ee550af0f38c0531b25bb726d1710c"",""stderr"":""""}}"
mutation,H01-gcd.c,bf207a4afdd7e623be4bd0751bdc1917c0ee550af0f38c0531b25bb726d1710c,section,M20,interleaved_collision,isolation,MR12,Interleaved artifact isolation,separate,False,True,first=b'Second-2';second=b'Second-2',0.093881,,False,{}
mutation,H01-gcd.c,bf207a4afdd7e623be4bd0751bdc1917c0ee550af0f38c0531b25bb726d1710c,section,M20,interleaved_collision,isolation,MR13,Reordered extraction independence,preserve,False,True,exception:ExtractionError:global payload slot key mismatch,0.106199,ExtractionError,False,{}
mutation,H01-gcd.c,bf207a4afdd7e623be4bd0751bdc1917c0ee550af0f38c0531b25bb726d1710c,section,M20,interleaved_collision,isolation,MR14,Rebuild stability,preserve,True,False,first=b'Morph-01';second=b'Morph-01',0.067572,,False,"{""binary_bytes_equal"":true}"
