surface,host,host_sha256,carrier,defect_id,defect_operator,fault_class,relation_id,relation_name,polarity,pass,killed,detail,duration_seconds,exception_class,pilot,observations_json
pilot_mutation,H01-gcd.c,bf207a4afdd7e623be4bd0751bdc1917c0ee550af0f38c0531b25bb726d1710c,string,M01,embed_noop,embedding,MR01,Round-trip fidelity,preserve,False,True,exception:ExtractionError:logical record magic not found,0.050027,ExtractionError,True,{}
pilot_mutation,H01-gcd.c,bf207a4afdd7e623be4bd0751bdc1917c0ee550af0f38c0531b25bb726d1710c,string,M01,embed_noop,embedding,MR02,Host-semantic preservation,preserve,True,False,mismatch_count=0,0.128377,,True,"{""mismatches"":[]}"
pilot_mutation,H01-gcd.c,bf207a4afdd7e623be4bd0751bdc1917c0ee550af0f38c0531b25bb726d1710c,string,M01,embed_noop,embedding,MR03,Unmarked rejection,reject,True,False,rejected:absent:logical record magic not found,0.040237,,True,"{""unmarked_binary_sha256"":""17288de5d8ffc83b2223ee650ec19f96fa9b779f3eb45b8e2433c730b7a1e3e2""}"
pilot_mutation,H01-gcd.c,bf207a4afdd7e623be4bd0751bdc1917c0ee550af0f38c0531b25bb726d1710c,string,M01,embed_noop,embedding,MR04,Wrong-key rejection,reject,True,False,rejected:wrong-key:key tag mismatch,0.050723,,True,"{""antecedent_guarded"":true,""antecedent_hex"":""4d6f7270682d3031""}"
pilot_mutation,H01-gcd.c,bf207a4afdd7e623be4bd0751bdc1917c0ee550af0f38c0531b25bb726d1710c,string,M01,embed_noop,embedding,MR05,Payload separation,separate,False,True,exception:ExtractionError:logical record magic not found,0.086141,ExtractionError,True,{}
pilot_mutation,H01-gcd.c,bf207a4afdd7e623be4bd0751bdc1917c0ee550af0f38c0531b25bb726d1710c,string,M01,embed_noop,embedding,MR06,Cross-compiler invariance,preserve,False,True,exception:ExtractionError:logical record magic not found,0.101169,ExtractionError,True,{}
pilot_mutation,H01-gcd.c,bf207a4afdd7e623be4bd0751bdc1917c0ee550af0f38c0531b25bb726d1710c,string,M01,embed_noop,embedding,MR07,Optimization invariance,preserve,False,True,exception:ExtractionError:logical record magic not found,0.166668,ExtractionError,True,{}
pilot_mutation,H01-gcd.c,bf207a4afdd7e623be4bd0751bdc1917c0ee550af0f38c0531b25bb726d1710c,string,M01,embed_noop,embedding,MR08,Clean-room relocation,preserve,False,True,exception:ExtractionError:logical record magic not found,0.046017,ExtractionError,True,{}
pilot_mutation,H01-gcd.c,bf207a4afdd7e623be4bd0751bdc1917c0ee550af0f38c0531b25bb726d1710c,string,M01,embed_noop,embedding,MR09,Carrier-removal rejection,reject,True,False,rejected:absent:logical record magic not found,0.054286,,True,"{""antecedent_guarded"":true}"
pilot_mutation,H01-gcd.c,bf207a4afdd7e623be4bd0751bdc1917c0ee550af0f38c0531b25bb726d1710c,string,M01,embed_noop,embedding,MR10,Carrier-corruption rejection,reject,True,False,rejected:checksum:payload checksum mismatch,0.06303,,True,"{""antecedent_guarded"":true}"
pilot_mutation,H01-gcd.c,bf207a4afdd7e623be4bd0751bdc1917c0ee550af0f38c0531b25bb726d1710c,string,M01,embed_noop,embedding,MR11,Requested/actual trace agreement,trace,True,False,requested=clang/Os;actual=clang/Os,0.06016,,True,"{""build"":{""actual_compiler"":""clang"",""actual_optimization"":""Os"",""binary"":""WORKDIR/string/M01/MR11/trace/build-01/artifact.bin"",""binary_sha256"":""8979583311288d6755db67bfb67a745238b66729f18570b075945ee29c1a551b"",""carrier"":""string"",""command"":[""clang"",""-std=c11"",""-fno-ident"",""-no-pie"",""-Os"",""WORKDIR/string/M01/MR11/trace/build-01/host.c"",""-o"",""WORKDIR/string/M01/MR11/trace/build-01/artifact.bin""],""effective_payload_hex"":""4d6f7270682d3031"",""key"":""key-alpha"",""mutant_id"":""M01"",""requested_compiler"":""clang"",""requested_optimization"":""Os"",""requested_payload_hex"":""4d6f7270682d3031"",""return_code"":0,""source"":""WORKDIR/string/M01/MR11/trace/build-01/host.c"",""source_sha256"":""bf207a4afdd7e623be4bd0751bdc1917c0ee550af0f38c0531b25bb726d1710c"",""stderr"":""""}}"
pilot_mutation,H01-gcd.c,bf207a4afdd7e623be4bd0751bdc1917c0ee550af0f38c0531b25bb726d1710c,string,M01,embed_noop,embedding,MR12,Interleaved artifact isolation,separate,False,True,exception:ExtractionError:logical record magic not found,0.116149,ExtractionError,True,{}
pilot_mutation,H01-gcd.c,bf207a4afdd7e623be4bd0751bdc1917c0ee550af0f38c0531b25bb726d1710c,string,M01,embed_noop,embedding,MR13,Reordered extraction independence,preserve,False,True,exception:ExtractionError:logical record magic not found,0.054819,ExtractionError,True,{}
pilot_mutation,H01-gcd.c,bf207a4afdd7e623be4bd0751bdc1917c0ee550af0f38c0531b25bb726d1710c,string,M01,embed_noop,embedding,MR14,Rebuild stability,preserve,False,True,exception:ExtractionError:logical record magic not found,0.116459,ExtractionError,True,{}
pilot_mutation,H01-gcd.c,bf207a4afdd7e623be4bd0751bdc1917c0ee550af0f38c0531b25bb726d1710c,string,M02,truncate_payload,embedding,MR01,Round-trip fidelity,preserve,False,True,extracted=b'Morph-0',0.034795,,True,"{""build"":{""actual_compiler"":""gcc"",""actual_optimization"":""O2"",""binary"":""WORKDIR/string/M02/MR01/marked/build-01/artifact.bin"",""binary_sha256"":""ee43d19a87f12565d075161a630931729c372e79739f022dbbb8cb3da7576bbf"",""carrier"":""string"",""command"":[""gcc"",""-std=c11"",""-fno-ident"",""-no-pie"",""-O2"",""WORKDIR/string/M02/MR01/marked/build-01/host.c"",""-o"",""WORKDIR/string/M02/MR01/marked/build-01/artifact.bin""],""effective_payload_hex"":""4d6f7270682d30"",""key"":""key-alpha"",""mutant_id"":""M02"",""requested_compiler"":""gcc"",""requested_optimization"":""O2"",""requested_payload_hex"":""4d6f7270682d3031"",""return_code"":0,""source"":""WORKDIR/string/M02/MR01/marked/build-01/host.c"",""source_sha256"":""e43dbf27b243f9638108af68015eb54481ff910ea3c7b83106e3e21d3a49df03"",""stderr"":""""},""extracted_hex"":""4d6f7270682d30""}"
pilot_mutation,H01-gcd.c,bf207a4afdd7e623be4bd0751bdc1917c0ee550af0f38c0531b25bb726d1710c,string,M02,truncate_payload,embedding,MR02,Host-semantic preservation,preserve,True,False,mismatch_count=0,0.127685,,True,"{""mismatches"":[]}"
pilot_mutation,H01-gcd.c,bf207a4afdd7e623be4bd0751bdc1917c0ee550af0f38c0531b25bb726d1710c,string,M02,truncate_payload,embedding,MR03,Unmarked rejection,reject,True,False,rejected:absent:logical record magic not found,0.065499,,True,"{""unmarked_binary_sha256"":""17288de5d8ffc83b2223ee650ec19f96fa9b779f3eb45b8e2433c730b7a1e3e2""}"
pilot_mutation,H01-gcd.c,bf207a4afdd7e623be4bd0751bdc1917c0ee550af0f38c0531b25bb726d1710c,string,M02,truncate_payload,embedding,MR04,Wrong-key rejection,reject,True,False,rejected:wrong-key:key tag mismatch,0.067368,,True,"{""antecedent_guarded"":true,""antecedent_hex"":""4d6f7270682d3031""}"
pilot_mutation,H01-gcd.c,bf207a4afdd7e623be4bd0751bdc1917c0ee550af0f38c0531b25bb726d1710c,string,M02,truncate_payload,embedding,MR05,Payload separation,separate,False,True,first=b'Morph-0';second=b'Second-',0.128273,,True,"{""first_hex"":""4d6f7270682d30"",""second_hex"":""5365636f6e642d""}"
pilot_mutation,H01-gcd.c,bf207a4afdd7e623be4bd0751bdc1917c0ee550af0f38c0531b25bb726d1710c,string,M02,truncate_payload,embedding,MR06,Cross-compiler invariance,preserve,False,True,"payloads=b'Morph-0',b'Morph-0';semantic_equal=True",0.171743,,True,"{""clang_actual"":""clang"",""gcc_actual"":""gcc""}"
pilot_mutation,H01-gcd.c,bf207a4afdd7e623be4bd0751bdc1917c0ee550af0f38c0531b25bb726d1710c,string,M02,truncate_payload,embedding,MR07,Optimization invariance,preserve,False,True,"payloads=['Morph-0', 'Morph-0', 'Morph-0'];semantic_equal=True",0.236635,,True,{}
pilot_mutation,H01-gcd.c,bf207a4afdd7e623be4bd0751bdc1917c0ee550af0f38c0531b25bb726d1710c,string,M02,truncate_payload,embedding,MR08,Clean-room relocation,preserve,False,True,source_mismatch=b'Morph-0',0.051911,,True,"{""source_hex"":""4d6f7270682d30""}"
pilot_mutation,H01-gcd.c,bf207a4afdd7e623be4bd0751bdc1917c0ee550af0f38c0531b25bb726d1710c,string,M02,truncate_payload,embedding,MR09,Carrier-removal rejection,reject,True,False,rejected:absent:logical record magic not found,0.058336,,True,"{""antecedent_guarded"":true}"
pilot_mutation,H01-gcd.c,bf207a4afdd7e623be4bd0751bdc1917c0ee550af0f38c0531b25bb726d1710c,string,M02,truncate_payload,embedding,MR10,Carrier-corruption rejection,reject,True,False,rejected:checksum:payload checksum mismatch,0.032333,,True,"{""antecedent_guarded"":true}"
pilot_mutation,H01-gcd.c,bf207a4afdd7e623be4bd0751bdc1917c0ee550af0f38c0531b25bb726d1710c,string,M02,truncate_payload,embedding,MR11,Requested/actual trace agreement,trace,True,False,requested=clang/Os;actual=clang/Os,0.064625,,True,"{""build"":{""actual_compiler"":""clang"",""actual_optimization"":""Os"",""binary"":""WORKDIR/string/M02/MR11/trace/build-01/artifact.bin"",""binary_sha256"":""3eec78fc76884d4848d6711a9993e844905f864aaba0d7b2d7cd2ffc51356342"",""carrier"":""string"",""command"":[""clang"",""-std=c11"",""-fno-ident"",""-no-pie"",""-Os"",""WORKDIR/string/M02/MR11/trace/build-01/host.c"",""-o"",""WORKDIR/string/M02/MR11/trace/build-01/artifact.bin""],""effective_payload_hex"":""4d6f7270682d30"",""key"":""key-alpha"",""mutant_id"":""M02"",""requested_compiler"":""clang"",""requested_optimization"":""Os"",""requested_payload_hex"":""4d6f7270682d3031"",""return_code"":0,""source"":""WORKDIR/string/M02/MR11/trace/build-01/host.c"",""source_sha256"":""e43dbf27b243f9638108af68015eb54481ff910ea3c7b83106e3e21d3a49df03"",""stderr"":""""}}"
pilot_mutation,H01-gcd.c,bf207a4afdd7e623be4bd0751bdc1917c0ee550af0f38c0531b25bb726d1710c,string,M02,truncate_payload,embedding,MR12,Interleaved artifact isolation,separate,False,True,first=b'Morph-0';second=b'Second-',0.120417,,True,{}
pilot_mutation,H01-gcd.c,bf207a4afdd7e623be4bd0751bdc1917c0ee550af0f38c0531b25bb726d1710c,string,M02,truncate_payload,embedding,MR13,Reordered extraction independence,preserve,False,True,before=b'Morph-0';after=b'Morph-0',0.114698,,True,{}
pilot_mutation,H01-gcd.c,bf207a4afdd7e623be4bd0751bdc1917c0ee550af0f38c0531b25bb726d1710c,string,M02,truncate_payload,embedding,MR14,Rebuild stability,preserve,False,True,first=b'Morph-0';second=b'Morph-0',0.110592,,True,"{""binary_bytes_equal"":true}"
pilot_mutation,H01-gcd.c,bf207a4afdd7e623be4bd0751bdc1917c0ee550af0f38c0531b25bb726d1710c,string,M03,flip_payload,embedding,MR01,Round-trip fidelity,preserve,False,True,extracted=b'Lorph-01',0.068052,,True,"{""build"":{""actual_compiler"":""gcc"",""actual_optimization"":""O2"",""binary"":""WORKDIR/string/M03/MR01/marked/build-01/artifact.bin"",""binary_sha256"":""363414fc62c63620859c1da0c4801ceb555efd7dcd755def33a03209c39a3058"",""carrier"":""string"",""command"":[""gcc"",""-std=c11"",""-fno-ident"",""-no-pie"",""-O2"",""WORKDIR/string/M03/MR01/marked/build-01/host.c"",""-o"",""WORKDIR/string/M03/MR01/marked/build-01/artifact.bin""],""effective_payload_hex"":""4c6f7270682d3031"",""key"":""key-alpha"",""mutant_id"":""M03"",""requested_compiler"":""gcc"",""requested_optimization"":""O2"",""requested_payload_hex"":""4d6f7270682d3031"",""return_code"":0,""source"":""WORKDIR/string/M03/MR01/marked/build-01/host.c"",""source_sha256"":""9dbb69d9b8bd7e75272ddc06848e4235e4d6bf8be837b0a13f3cdf0e0981c200"",""stderr"":""""},""extracted_hex"":""4c6f7270682d3031""}"
pilot_mutation,H01-gcd.c,bf207a4afdd7e623be4bd0751bdc1917c0ee550af0f38c0531b25bb726d1710c,string,M03,flip_payload,embedding,MR02,Host-semantic preservation,preserve,True,False,mismatch_count=0,0.123535,,True,"{""mismatches"":[]}"
pilot_mutation,H01-gcd.c,bf207a4afdd7e623be4bd0751bdc1917c0ee550af0f38c0531b25bb726d1710c,string,M03,flip_payload,embedding,MR03,Unmarked rejection,reject,True,False,rejected:absent:logical record magic not found,0.041634,,True,"{""unmarked_binary_sha256"":""17288de5d8ffc83b2223ee650ec19f96fa9b779f3eb45b8e2433c730b7a1e3e2""}"
pilot_mutation,H01-gcd.c,bf207a4afdd7e623be4bd0751bdc1917c0ee550af0f38c0531b25bb726d1710c,string,M03,flip_payload,embedding,MR04,Wrong-key rejection,reject,True,False,rejected:wrong-key:key tag mismatch,0.079036,,True,"{""antecedent_guarded"":true,""antecedent_hex"":""4d6f7270682d3031""}"
pilot_mutation,H01-gcd.c,bf207a4afdd7e623be4bd0751bdc1917c0ee550af0f38c0531b25bb726d1710c,string,M03,flip_payload,embedding,MR05,Payload separation,separate,False,True,first=b'Lorph-01';second=b'Recond-2',0.130035,,True,"{""first_hex"":""4c6f7270682d3031"",""second_hex"":""5265636f6e642d32""}"
pilot_mutation,H01-gcd.c,bf207a4afdd7e623be4bd0751bdc1917c0ee550af0f38c0531b25bb726d1710c,string,M03,flip_payload,embedding,MR06,Cross-compiler invariance,preserve,False,True,"payloads=b'Lorph-01',b'Lorph-01';semantic_equal=True",0.163754,,True,"{""clang_actual"":""clang"",""gcc_actual"":""gcc""}"
pilot_mutation,H01-gcd.c,bf207a4afdd7e623be4bd0751bdc1917c0ee550af0f38c0531b25bb726d1710c,string,M03,flip_payload,embedding,MR07,Optimization invariance,preserve,False,True,"payloads=['Lorph-01', 'Lorph-01', 'Lorph-01'];semantic_equal=True",0.249423,,True,{}
pilot_mutation,H01-gcd.c,bf207a4afdd7e623be4bd0751bdc1917c0ee550af0f38c0531b25bb726d1710c,string,M03,flip_payload,embedding,MR08,Clean-room relocation,preserve,False,True,source_mismatch=b'Lorph-01',0.070427,,True,"{""source_hex"":""4c6f7270682d3031""}"
pilot_mutation,H01-gcd.c,bf207a4afdd7e623be4bd0751bdc1917c0ee550af0f38c0531b25bb726d1710c,string,M03,flip_payload,embedding,MR09,Carrier-removal rejection,reject,True,False,rejected:absent:logical record magic not found,0.059228,,True,"{""antecedent_guarded"":true}"
pilot_mutation,H01-gcd.c,bf207a4afdd7e623be4bd0751bdc1917c0ee550af0f38c0531b25bb726d1710c,string,M03,flip_payload,embedding,MR10,Carrier-corruption rejection,reject,True,False,rejected:checksum:payload checksum mismatch,0.048816,,True,"{""antecedent_guarded"":true}"
pilot_mutation,H01-gcd.c,bf207a4afdd7e623be4bd0751bdc1917c0ee550af0f38c0531b25bb726d1710c,string,M03,flip_payload,embedding,MR11,Requested/actual trace agreement,trace,True,False,requested=clang/Os;actual=clang/Os,0.099121,,True,"{""build"":{""actual_compiler"":""clang"",""actual_optimization"":""Os"",""binary"":""WORKDIR/string/M03/MR11/trace/build-01/artifact.bin"",""binary_sha256"":""1f630f4432f3c7bfd3627ba9803a8723191a229606a403e59438fcb82a35b670"",""carrier"":""string"",""command"":[""clang"",""-std=c11"",""-fno-ident"",""-no-pie"",""-Os"",""WORKDIR/string/M03/MR11/trace/build-01/host.c"",""-o"",""WORKDIR/string/M03/MR11/trace/build-01/artifact.bin""],""effective_payload_hex"":""4c6f7270682d3031"",""key"":""key-alpha"",""mutant_id"":""M03"",""requested_compiler"":""clang"",""requested_optimization"":""Os"",""requested_payload_hex"":""4d6f7270682d3031"",""return_code"":0,""source"":""WORKDIR/string/M03/MR11/trace/build-01/host.c"",""source_sha256"":""9dbb69d9b8bd7e75272ddc06848e4235e4d6bf8be837b0a13f3cdf0e0981c200"",""stderr"":""""}}"
pilot_mutation,H01-gcd.c,bf207a4afdd7e623be4bd0751bdc1917c0ee550af0f38c0531b25bb726d1710c,string,M03,flip_payload,embedding,MR12,Interleaved artifact isolation,separate,False,True,first=b'Lorph-01';second=b'Recond-2',0.102215,,True,{}
pilot_mutation,H01-gcd.c,bf207a4afdd7e623be4bd0751bdc1917c0ee550af0f38c0531b25bb726d1710c,string,M03,flip_payload,embedding,MR13,Reordered extraction independence,preserve,False,True,before=b'Lorph-01';after=b'Lorph-01',0.099766,,True,{}
pilot_mutation,H01-gcd.c,bf207a4afdd7e623be4bd0751bdc1917c0ee550af0f38c0531b25bb726d1710c,string,M03,flip_payload,embedding,MR14,Rebuild stability,preserve,False,True,first=b'Lorph-01';second=b'Lorph-01',0.11466,,True,"{""binary_bytes_equal"":true}"
pilot_mutation,H01-gcd.c,bf207a4afdd7e623be4bd0751bdc1917c0ee550af0f38c0531b25bb726d1710c,string,M04,fixed_payload,state,MR01,Round-trip fidelity,preserve,False,True,extracted=b'fixed-payload',0.064221,,True,"{""build"":{""actual_compiler"":""gcc"",""actual_optimization"":""O2"",""binary"":""WORKDIR/string/M04/MR01/marked/build-01/artifact.bin"",""binary_sha256"":""30ee7978f638f005dbb2435de7eb355887e3dade7b97c0a107e85a0e62a683a3"",""carrier"":""string"",""command"":[""gcc"",""-std=c11"",""-fno-ident"",""-no-pie"",""-O2"",""WORKDIR/string/M04/MR01/marked/build-01/host.c"",""-o"",""WORKDIR/string/M04/MR01/marked/build-01/artifact.bin""],""effective_payload_hex"":""66697865642d7061796c6f6164"",""key"":""key-alpha"",""mutant_id"":""M04"",""requested_compiler"":""gcc"",""requested_optimization"":""O2"",""requested_payload_hex"":""4d6f7270682d3031"",""return_code"":0,""source"":""WORKDIR/string/M04/MR01/marked/build-01/host.c"",""source_sha256"":""a322e5d2e8ef4b095604b57c0daa9f3252bc5a8a7650464eb671df952a874557"",""stderr"":""""},""extracted_hex"":""66697865642d7061796c6f6164""}"
pilot_mutation,H01-gcd.c,bf207a4afdd7e623be4bd0751bdc1917c0ee550af0f38c0531b25bb726d1710c,string,M04,fixed_payload,state,MR02,Host-semantic preservation,preserve,True,False,mismatch_count=0,0.177495,,True,"{""mismatches"":[]}"
pilot_mutation,H01-gcd.c,bf207a4afdd7e623be4bd0751bdc1917c0ee550af0f38c0531b25bb726d1710c,string,M04,fixed_payload,state,MR03,Unmarked rejection,reject,True,False,rejected:absent:logical record magic not found,0.056467,,True,"{""unmarked_binary_sha256"":""17288de5d8ffc83b2223ee650ec19f96fa9b779f3eb45b8e2433c730b7a1e3e2""}"
pilot_mutation,H01-gcd.c,bf207a4afdd7e623be4bd0751bdc1917c0ee550af0f38c0531b25bb726d1710c,string,M04,fixed_payload,state,MR04,Wrong-key rejection,reject,True,False,rejected:wrong-key:key tag mismatch,0.048764,,True,"{""antecedent_guarded"":true,""antecedent_hex"":""4d6f7270682d3031""}"
pilot_mutation,H01-gcd.c,bf207a4afdd7e623be4bd0751bdc1917c0ee550af0f38c0531b25bb726d1710c,string,M04,fixed_payload,state,MR05,Payload separation,separate,False,True,first=b'fixed-payload';second=b'fixed-payload',0.118845,,True,"{""first_hex"":""66697865642d7061796c6f6164"",""second_hex"":""66697865642d7061796c6f6164""}"
pilot_mutation,H01-gcd.c,bf207a4afdd7e623be4bd0751bdc1917c0ee550af0f38c0531b25bb726d1710c,string,M04,fixed_payload,state,MR06,Cross-compiler invariance,preserve,False,True,"payloads=b'fixed-payload',b'fixed-payload';semantic_equal=True",0.122117,,True,"{""clang_actual"":""clang"",""gcc_actual"":""gcc""}"
pilot_mutation,H01-gcd.c,bf207a4afdd7e623be4bd0751bdc1917c0ee550af0f38c0531b25bb726d1710c,string,M04,fixed_payload,state,MR07,Optimization invariance,preserve,False,True,"payloads=['fixed-payload', 'fixed-payload', 'fixed-payload'];semantic_equal=True",0.23806,,True,{}
pilot_mutation,H01-gcd.c,bf207a4afdd7e623be4bd0751bdc1917c0ee550af0f38c0531b25bb726d1710c,string,M04,fixed_payload,state,MR08,Clean-room relocation,preserve,False,True,source_mismatch=b'fixed-payload',0.064876,,True,"{""source_hex"":""66697865642d7061796c6f6164""}"
pilot_mutation,H01-gcd.c,bf207a4afdd7e623be4bd0751bdc1917c0ee550af0f38c0531b25bb726d1710c,string,M04,fixed_payload,state,MR09,Carrier-removal rejection,reject,True,False,rejected:absent:logical record magic not found,0.065715,,True,"{""antecedent_guarded"":true}"
pilot_mutation,H01-gcd.c,bf207a4afdd7e623be4bd0751bdc1917c0ee550af0f38c0531b25bb726d1710c,string,M04,fixed_payload,state,MR10,Carrier-corruption rejection,reject,True,False,rejected:checksum:payload checksum mismatch,0.066774,,True,"{""antecedent_guarded"":true}"
pilot_mutation,H01-gcd.c,bf207a4afdd7e623be4bd0751bdc1917c0ee550af0f38c0531b25bb726d1710c,string,M04,fixed_payload,state,MR11,Requested/actual trace agreement,trace,True,False,requested=clang/Os;actual=clang/Os,0.081891,,True,"{""build"":{""actual_compiler"":""clang"",""actual_optimization"":""Os"",""binary"":""WORKDIR/string/M04/MR11/trace/build-01/artifact.bin"",""binary_sha256"":""5eb93921b3488a175d351ac632c8c9a237dc6cdf928f486b3dced84694534a8b"",""carrier"":""string"",""command"":[""clang"",""-std=c11"",""-fno-ident"",""-no-pie"",""-Os"",""WORKDIR/string/M04/MR11/trace/build-01/host.c"",""-o"",""WORKDIR/string/M04/MR11/trace/build-01/artifact.bin""],""effective_payload_hex"":""66697865642d7061796c6f6164"",""key"":""key-alpha"",""mutant_id"":""M04"",""requested_compiler"":""clang"",""requested_optimization"":""Os"",""requested_payload_hex"":""4d6f7270682d3031"",""return_code"":0,""source"":""WORKDIR/string/M04/MR11/trace/build-01/host.c"",""source_sha256"":""a322e5d2e8ef4b095604b57c0daa9f3252bc5a8a7650464eb671df952a874557"",""stderr"":""""}}"
pilot_mutation,H01-gcd.c,bf207a4afdd7e623be4bd0751bdc1917c0ee550af0f38c0531b25bb726d1710c,string,M04,fixed_payload,state,MR12,Interleaved artifact isolation,separate,False,True,first=b'fixed-payload';second=b'fixed-payload',0.116612,,True,{}
pilot_mutation,H01-gcd.c,bf207a4afdd7e623be4bd0751bdc1917c0ee550af0f38c0531b25bb726d1710c,string,M04,fixed_payload,state,MR13,Reordered extraction independence,preserve,False,True,before=b'fixed-payload';after=b'fixed-payload',0.111112,,True,{}
pilot_mutation,H01-gcd.c,bf207a4afdd7e623be4bd0751bdc1917c0ee550af0f38c0531b25bb726d1710c,string,M04,fixed_payload,state,MR14,Rebuild stability,preserve,False,True,first=b'fixed-payload';second=b'fixed-payload',0.103138,,True,"{""binary_bytes_equal"":true}"
pilot_mutation,H01-gcd.c,bf207a4afdd7e623be4bd0751bdc1917c0ee550af0f38c0531b25bb726d1710c,string,M05,lower_payload,normalization,MR01,Round-trip fidelity,preserve,False,True,extracted=b'morph-01',0.072499,,True,"{""build"":{""actual_compiler"":""gcc"",""actual_optimization"":""O2"",""binary"":""WORKDIR/string/M05/MR01/marked/build-01/artifact.bin"",""binary_sha256"":""8f287079d19b91c56597a082483b7d90d461da5a473dce1c505704c143d7ae79"",""carrier"":""string"",""command"":[""gcc"",""-std=c11"",""-fno-ident"",""-no-pie"",""-O2"",""WORKDIR/string/M05/MR01/marked/build-01/host.c"",""-o"",""WORKDIR/string/M05/MR01/marked/build-01/artifact.bin""],""effective_payload_hex"":""6d6f7270682d3031"",""key"":""key-alpha"",""mutant_id"":""M05"",""requested_compiler"":""gcc"",""requested_optimization"":""O2"",""requested_payload_hex"":""4d6f7270682d3031"",""return_code"":0,""source"":""WORKDIR/string/M05/MR01/marked/build-01/host.c"",""source_sha256"":""6f64cdaec37cdb73383ed55f99693c609b4620b5ef0fb6494ff313a80fa9460b"",""stderr"":""""},""extracted_hex"":""6d6f7270682d3031""}"
pilot_mutation,H01-gcd.c,bf207a4afdd7e623be4bd0751bdc1917c0ee550af0f38c0531b25bb726d1710c,string,M05,lower_payload,normalization,MR02,Host-semantic preservation,preserve,True,False,mismatch_count=0,0.174911,,True,"{""mismatches"":[]}"
pilot_mutation,H01-gcd.c,bf207a4afdd7e623be4bd0751bdc1917c0ee550af0f38c0531b25bb726d1710c,string,M05,lower_payload,normalization,MR03,Unmarked rejection,reject,True,False,rejected:absent:logical record magic not found,0.052185,,True,"{""unmarked_binary_sha256"":""17288de5d8ffc83b2223ee650ec19f96fa9b779f3eb45b8e2433c730b7a1e3e2""}"
pilot_mutation,H01-gcd.c,bf207a4afdd7e623be4bd0751bdc1917c0ee550af0f38c0531b25bb726d1710c,string,M05,lower_payload,normalization,MR04,Wrong-key rejection,reject,True,False,rejected:wrong-key:key tag mismatch,0.071631,,True,"{""antecedent_guarded"":true,""antecedent_hex"":""4d6f7270682d3031""}"
pilot_mutation,H01-gcd.c,bf207a4afdd7e623be4bd0751bdc1917c0ee550af0f38c0531b25bb726d1710c,string,M05,lower_payload,normalization,MR05,Payload separation,separate,False,True,first=b'morph-01';second=b'second-2',0.107992,,True,"{""first_hex"":""6d6f7270682d3031"",""second_hex"":""7365636f6e642d32""}"
pilot_mutation,H01-gcd.c,bf207a4afdd7e623be4bd0751bdc1917c0ee550af0f38c0531b25bb726d1710c,string,M05,lower_payload,normalization,MR06,Cross-compiler invariance,preserve,False,True,"payloads=b'morph-01',b'morph-01';semantic_equal=True",0.185734,,True,"{""clang_actual"":""clang"",""gcc_actual"":""gcc""}"
pilot_mutation,H01-gcd.c,bf207a4afdd7e623be4bd0751bdc1917c0ee550af0f38c0531b25bb726d1710c,string,M05,lower_payload,normalization,MR07,Optimization invariance,preserve,False,True,"payloads=['morph-01', 'morph-01', 'morph-01'];semantic_equal=True",0.221769,,True,{}
pilot_mutation,H01-gcd.c,bf207a4afdd7e623be4bd0751bdc1917c0ee550af0f38c0531b25bb726d1710c,string,M05,lower_payload,normalization,MR08,Clean-room relocation,preserve,False,True,source_mismatch=b'morph-01',0.070125,,True,"{""source_hex"":""6d6f7270682d3031""}"
pilot_mutation,H01-gcd.c,bf207a4afdd7e623be4bd0751bdc1917c0ee550af0f38c0531b25bb726d1710c,string,M05,lower_payload,normalization,MR09,Carrier-removal rejection,reject,True,False,rejected:absent:logical record magic not found,0.050098,,True,"{""antecedent_guarded"":true}"
pilot_mutation,H01-gcd.c,bf207a4afdd7e623be4bd0751bdc1917c0ee550af0f38c0531b25bb726d1710c,string,M05,lower_payload,normalization,MR10,Carrier-corruption rejection,reject,True,False,rejected:checksum:payload checksum mismatch,0.072737,,True,"{""antecedent_guarded"":true}"
pilot_mutation,H01-gcd.c,bf207a4afdd7e623be4bd0751bdc1917c0ee550af0f38c0531b25bb726d1710c,string,M05,lower_payload,normalization,MR11,Requested/actual trace agreement,trace,True,False,requested=clang/Os;actual=clang/Os,0.078971,,True,"{""build"":{""actual_compiler"":""clang"",""actual_optimization"":""Os"",""binary"":""WORKDIR/string/M05/MR11/trace/build-01/artifact.bin"",""binary_sha256"":""0d8782a20ee51b6e8dbbe5002eed217c9d9115006a20cfd8a59a1a5cc8eebaac"",""carrier"":""string"",""command"":[""clang"",""-std=c11"",""-fno-ident"",""-no-pie"",""-Os"",""WORKDIR/string/M05/MR11/trace/build-01/host.c"",""-o"",""WORKDIR/string/M05/MR11/trace/build-01/artifact.bin""],""effective_payload_hex"":""6d6f7270682d3031"",""key"":""key-alpha"",""mutant_id"":""M05"",""requested_compiler"":""clang"",""requested_optimization"":""Os"",""requested_payload_hex"":""4d6f7270682d3031"",""return_code"":0,""source"":""WORKDIR/string/M05/MR11/trace/build-01/host.c"",""source_sha256"":""6f64cdaec37cdb73383ed55f99693c609b4620b5ef0fb6494ff313a80fa9460b"",""stderr"":""""}}"
pilot_mutation,H01-gcd.c,bf207a4afdd7e623be4bd0751bdc1917c0ee550af0f38c0531b25bb726d1710c,string,M05,lower_payload,normalization,MR12,Interleaved artifact isolation,separate,False,True,first=b'morph-01';second=b'second-2',0.116697,,True,{}
pilot_mutation,H01-gcd.c,bf207a4afdd7e623be4bd0751bdc1917c0ee550af0f38c0531b25bb726d1710c,string,M05,lower_payload,normalization,MR13,Reordered extraction independence,preserve,False,True,before=b'morph-01';after=b'morph-01',0.138403,,True,{}
pilot_mutation,H01-gcd.c,bf207a4afdd7e623be4bd0751bdc1917c0ee550af0f38c0531b25bb726d1710c,string,M05,lower_payload,normalization,MR14,Rebuild stability,preserve,False,True,first=b'morph-01';second=b'morph-01',0.111539,,True,"{""binary_bytes_equal"":true}"
pilot_mutation,H01-gcd.c,bf207a4afdd7e623be4bd0751bdc1917c0ee550af0f38c0531b25bb726d1710c,string,M06,key_ignored,authentication,MR01,Round-trip fidelity,preserve,True,False,extracted=b'Morph-01',0.037235,,True,"{""build"":{""actual_compiler"":""gcc"",""actual_optimization"":""O2"",""binary"":""WORKDIR/string/M06/MR01/marked/build-01/artifact.bin"",""binary_sha256"":""a3178b0c05f812039e297cb9a66d62b6d068a087d2df38fc6e9e1dfceb19ad43"",""carrier"":""string"",""command"":[""gcc"",""-std=c11"",""-fno-ident"",""-no-pie"",""-O2"",""WORKDIR/string/M06/MR01/marked/build-01/host.c"",""-o"",""WORKDIR/string/M06/MR01/marked/build-01/artifact.bin""],""effective_payload_hex"":""4d6f7270682d3031"",""key"":""key-alpha"",""mutant_id"":""M06"",""requested_compiler"":""gcc"",""requested_optimization"":""O2"",""requested_payload_hex"":""4d6f7270682d3031"",""return_code"":0,""source"":""WORKDIR/string/M06/MR01/marked/build-01/host.c"",""source_sha256"":""57444e3828612a864230fb7afff527998356bf74053ae9046ae116964f86abee"",""stderr"":""""},""extracted_hex"":""4d6f7270682d3031""}"
pilot_mutation,H01-gcd.c,bf207a4afdd7e623be4bd0751bdc1917c0ee550af0f38c0531b25bb726d1710c,string,M06,key_ignored,authentication,MR02,Host-semantic preservation,preserve,True,False,mismatch_count=0,0.153798,,True,"{""mismatches"":[]}"
pilot_mutation,H01-gcd.c,bf207a4afdd7e623be4bd0751bdc1917c0ee550af0f38c0531b25bb726d1710c,string,M06,key_ignored,authentication,MR03,Unmarked rejection,reject,True,False,rejected:absent:logical record magic not found,0.057703,,True,"{""unmarked_binary_sha256"":""17288de5d8ffc83b2223ee650ec19f96fa9b779f3eb45b8e2433c730b7a1e3e2""}"
pilot_mutation,H01-gcd.c,bf207a4afdd7e623be4bd0751bdc1917c0ee550af0f38c0531b25bb726d1710c,string,M06,key_ignored,authentication,MR04,Wrong-key rejection,reject,False,True,accepted:b'Morph-01',0.048284,,True,"{""antecedent_guarded"":true,""antecedent_hex"":""4d6f7270682d3031""}"
pilot_mutation,H01-gcd.c,bf207a4afdd7e623be4bd0751bdc1917c0ee550af0f38c0531b25bb726d1710c,string,M06,key_ignored,authentication,MR05,Payload separation,separate,True,False,first=b'Morph-01';second=b'Second-2',0.105055,,True,"{""first_hex"":""4d6f7270682d3031"",""second_hex"":""5365636f6e642d32""}"
pilot_mutation,H01-gcd.c,bf207a4afdd7e623be4bd0751bdc1917c0ee550af0f38c0531b25bb726d1710c,string,M06,key_ignored,authentication,MR06,Cross-compiler invariance,preserve,True,False,"payloads=b'Morph-01',b'Morph-01';semantic_equal=True",0.191261,,True,"{""clang_actual"":""clang"",""gcc_actual"":""gcc""}"
pilot_mutation,H01-gcd.c,bf207a4afdd7e623be4bd0751bdc1917c0ee550af0f38c0531b25bb726d1710c,string,M06,key_ignored,authentication,MR07,Optimization invariance,preserve,True,False,"payloads=['Morph-01', 'Morph-01', 'Morph-01'];semantic_equal=True",0.217965,,True,{}
pilot_mutation,H01-gcd.c,bf207a4afdd7e623be4bd0751bdc1917c0ee550af0f38c0531b25bb726d1710c,string,M06,key_ignored,authentication,MR08,Clean-room relocation,preserve,True,False,relocated=b'Morph-01',0.042621,,True,"{""clean_room_entries"":[""renamed-artifact.bin""],""relocated_hex"":""4d6f7270682d3031""}"
pilot_mutation,H01-gcd.c,bf207a4afdd7e623be4bd0751bdc1917c0ee550af0f38c0531b25bb726d1710c,string,M06,key_ignored,authentication,MR09,Carrier-removal rejection,reject,True,False,rejected:absent:logical record magic not found,0.067495,,True,"{""antecedent_guarded"":true}"
pilot_mutation,H01-gcd.c,bf207a4afdd7e623be4bd0751bdc1917c0ee550af0f38c0531b25bb726d1710c,string,M06,key_ignored,authentication,MR10,Carrier-corruption rejection,reject,True,False,rejected:checksum:payload checksum mismatch,0.077701,,True,"{""antecedent_guarded"":true}"
pilot_mutation,H01-gcd.c,bf207a4afdd7e623be4bd0751bdc1917c0ee550af0f38c0531b25bb726d1710c,string,M06,key_ignored,authentication,MR11,Requested/actual trace agreement,trace,True,False,requested=clang/Os;actual=clang/Os,0.089791,,True,"{""build"":{""actual_compiler"":""clang"",""actual_optimization"":""Os"",""binary"":""WORKDIR/string/M06/MR11/trace/build-01/artifact.bin"",""binary_sha256"":""1fa44f2d4be372e9225e8e9cd544a4711a250b83553d67ab2d85818f22ca85b6"",""carrier"":""string"",""command"":[""clang"",""-std=c11"",""-fno-ident"",""-no-pie"",""-Os"",""WORKDIR/string/M06/MR11/trace/build-01/host.c"",""-o"",""WORKDIR/string/M06/MR11/trace/build-01/artifact.bin""],""effective_payload_hex"":""4d6f7270682d3031"",""key"":""key-alpha"",""mutant_id"":""M06"",""requested_compiler"":""clang"",""requested_optimization"":""Os"",""requested_payload_hex"":""4d6f7270682d3031"",""return_code"":0,""source"":""WORKDIR/string/M06/MR11/trace/build-01/host.c"",""source_sha256"":""57444e3828612a864230fb7afff527998356bf74053ae9046ae116964f86abee"",""stderr"":""""}}"
pilot_mutation,H01-gcd.c,bf207a4afdd7e623be4bd0751bdc1917c0ee550af0f38c0531b25bb726d1710c,string,M06,key_ignored,authentication,MR12,Interleaved artifact isolation,separate,True,False,first=b'Morph-01';second=b'Second-2',0.134041,,True,{}
pilot_mutation,H01-gcd.c,bf207a4afdd7e623be4bd0751bdc1917c0ee550af0f38c0531b25bb726d1710c,string,M06,key_ignored,authentication,MR13,Reordered extraction independence,preserve,True,False,before=b'Morph-01';after=b'Morph-01',0.112482,,True,{}
pilot_mutation,H01-gcd.c,bf207a4afdd7e623be4bd0751bdc1917c0ee550af0f38c0531b25bb726d1710c,string,M06,key_ignored,authentication,MR14,Rebuild stability,preserve,True,False,first=b'Morph-01';second=b'Morph-01',0.105253,,True,"{""binary_bytes_equal"":true}"
pilot_mutation,H01-gcd.c,bf207a4afdd7e623be4bd0751bdc1917c0ee550af0f38c0531b25bb726d1710c,string,M07,sidecar_oracle,artifact binding,MR01,Round-trip fidelity,preserve,True,False,extracted=b'Morph-01',0.046506,,True,"{""build"":{""actual_compiler"":""gcc"",""actual_optimization"":""O2"",""binary"":""WORKDIR/string/M07/MR01/marked/build-01/artifact.bin"",""binary_sha256"":""b8e5790f338ae8db35cfffc794a440a51f513484ba40b60dbac7eb19948f430c"",""carrier"":""string"",""command"":[""gcc"",""-std=c11"",""-fno-ident"",""-no-pie"",""-O2"",""WORKDIR/string/M07/MR01/marked/build-01/host.c"",""-o"",""WORKDIR/string/M07/MR01/marked/build-01/artifact.bin""],""effective_payload_hex"":""4d6f7270682d3031"",""key"":""key-alpha"",""mutant_id"":""M07"",""requested_compiler"":""gcc"",""requested_optimization"":""O2"",""requested_payload_hex"":""4d6f7270682d3031"",""return_code"":0,""source"":""WORKDIR/string/M07/MR01/marked/build-01/host.c"",""source_sha256"":""de3dd3bc3add920f6b14f3cfa83262c596594edfaf1d5fcc70bb4bc78a38fa0e"",""stderr"":""""},""extracted_hex"":""4d6f7270682d3031""}"
pilot_mutation,H01-gcd.c,bf207a4afdd7e623be4bd0751bdc1917c0ee550af0f38c0531b25bb726d1710c,string,M07,sidecar_oracle,artifact binding,MR02,Host-semantic preservation,preserve,True,False,mismatch_count=0,0.176545,,True,"{""mismatches"":[]}"
pilot_mutation,H01-gcd.c,bf207a4afdd7e623be4bd0751bdc1917c0ee550af0f38c0531b25bb726d1710c,string,M07,sidecar_oracle,artifact binding,MR03,Unmarked rejection,reject,True,False,rejected:sidecar:adjacent sidecar is missing,0.068631,,True,"{""unmarked_binary_sha256"":""17288de5d8ffc83b2223ee650ec19f96fa9b779f3eb45b8e2433c730b7a1e3e2""}"
pilot_mutation,H01-gcd.c,bf207a4afdd7e623be4bd0751bdc1917c0ee550af0f38c0531b25bb726d1710c,string,M07,sidecar_oracle,artifact binding,MR04,Wrong-key rejection,reject,True,False,rejected:wrong-key:sidecar key mismatch,0.051763,,True,"{""antecedent_guarded"":true,""antecedent_hex"":""4d6f7270682d3031""}"
pilot_mutation,H01-gcd.c,bf207a4afdd7e623be4bd0751bdc1917c0ee550af0f38c0531b25bb726d1710c,string,M07,sidecar_oracle,artifact binding,MR05,Payload separation,separate,True,False,first=b'Morph-01';second=b'Second-2',0.134673,,True,"{""first_hex"":""4d6f7270682d3031"",""second_hex"":""5365636f6e642d32""}"
pilot_mutation,H01-gcd.c,bf207a4afdd7e623be4bd0751bdc1917c0ee550af0f38c0531b25bb726d1710c,string,M07,sidecar_oracle,artifact binding,MR06,Cross-compiler invariance,preserve,True,False,"payloads=b'Morph-01',b'Morph-01';semantic_equal=True",0.158154,,True,"{""clang_actual"":""clang"",""gcc_actual"":""gcc""}"
pilot_mutation,H01-gcd.c,bf207a4afdd7e623be4bd0751bdc1917c0ee550af0f38c0531b25bb726d1710c,string,M07,sidecar_oracle,artifact binding,MR07,Optimization invariance,preserve,True,False,"payloads=['Morph-01', 'Morph-01', 'Morph-01'];semantic_equal=True",0.209326,,True,{}
pilot_mutation,H01-gcd.c,bf207a4afdd7e623be4bd0751bdc1917c0ee550af0f38c0531b25bb726d1710c,string,M07,sidecar_oracle,artifact binding,MR08,Clean-room relocation,preserve,False,True,exception:ExtractionError:adjacent sidecar is missing,0.086171,ExtractionError,True,{}
pilot_mutation,H01-gcd.c,bf207a4afdd7e623be4bd0751bdc1917c0ee550af0f38c0531b25bb726d1710c,string,M07,sidecar_oracle,artifact binding,MR09,Carrier-removal rejection,reject,True,False,rejected:sidecar:adjacent sidecar is missing,0.050638,,True,"{""antecedent_guarded"":true}"
pilot_mutation,H01-gcd.c,bf207a4afdd7e623be4bd0751bdc1917c0ee550af0f38c0531b25bb726d1710c,string,M07,sidecar_oracle,artifact binding,MR10,Carrier-corruption rejection,reject,True,False,rejected:sidecar:adjacent sidecar is missing,0.072912,,True,"{""antecedent_guarded"":true}"
pilot_mutation,H01-gcd.c,bf207a4afdd7e623be4bd0751bdc1917c0ee550af0f38c0531b25bb726d1710c,string,M07,sidecar_oracle,artifact binding,MR11,Requested/actual trace agreement,trace,True,False,requested=clang/Os;actual=clang/Os,0.079405,,True,"{""build"":{""actual_compiler"":""clang"",""actual_optimization"":""Os"",""binary"":""WORKDIR/string/M07/MR11/trace/build-01/artifact.bin"",""binary_sha256"":""bf1b3f8ba8daa55b6d499a4bbb63a61efb7b30a4d426a514b1ce3e529d1be05b"",""carrier"":""string"",""command"":[""clang"",""-std=c11"",""-fno-ident"",""-no-pie"",""-Os"",""WORKDIR/string/M07/MR11/trace/build-01/host.c"",""-o"",""WORKDIR/string/M07/MR11/trace/build-01/artifact.bin""],""effective_payload_hex"":""4d6f7270682d3031"",""key"":""key-alpha"",""mutant_id"":""M07"",""requested_compiler"":""clang"",""requested_optimization"":""Os"",""requested_payload_hex"":""4d6f7270682d3031"",""return_code"":0,""source"":""WORKDIR/string/M07/MR11/trace/build-01/host.c"",""source_sha256"":""de3dd3bc3add920f6b14f3cfa83262c596594edfaf1d5fcc70bb4bc78a38fa0e"",""stderr"":""""}}"
pilot_mutation,H01-gcd.c,bf207a4afdd7e623be4bd0751bdc1917c0ee550af0f38c0531b25bb726d1710c,string,M07,sidecar_oracle,artifact binding,MR12,Interleaved artifact isolation,separate,True,False,first=b'Morph-01';second=b'Second-2',0.161554,,True,{}
pilot_mutation,H01-gcd.c,bf207a4afdd7e623be4bd0751bdc1917c0ee550af0f38c0531b25bb726d1710c,string,M07,sidecar_oracle,artifact binding,MR13,Reordered extraction independence,preserve,True,False,before=b'Morph-01';after=b'Morph-01',0.110943,,True,{}
pilot_mutation,H01-gcd.c,bf207a4afdd7e623be4bd0751bdc1917c0ee550af0f38c0531b25bb726d1710c,string,M07,sidecar_oracle,artifact binding,MR14,Rebuild stability,preserve,True,False,first=b'Morph-01';second=b'Morph-01',0.127473,,True,"{""binary_bytes_equal"":true}"
pilot_mutation,H01-gcd.c,bf207a4afdd7e623be4bd0751bdc1917c0ee550af0f38c0531b25bb726d1710c,string,M08,global_cache_oracle,state,MR01,Round-trip fidelity,preserve,True,False,extracted=b'Morph-01',0.093072,,True,"{""build"":{""actual_compiler"":""gcc"",""actual_optimization"":""O2"",""binary"":""WORKDIR/string/M08/MR01/marked/build-01/artifact.bin"",""binary_sha256"":""b8e5790f338ae8db35cfffc794a440a51f513484ba40b60dbac7eb19948f430c"",""carrier"":""string"",""command"":[""gcc"",""-std=c11"",""-fno-ident"",""-no-pie"",""-O2"",""WORKDIR/string/M08/MR01/marked/build-01/host.c"",""-o"",""WORKDIR/string/M08/MR01/marked/build-01/artifact.bin""],""effective_payload_hex"":""4d6f7270682d3031"",""key"":""key-alpha"",""mutant_id"":""M08"",""requested_compiler"":""gcc"",""requested_optimization"":""O2"",""requested_payload_hex"":""4d6f7270682d3031"",""return_code"":0,""source"":""WORKDIR/string/M08/MR01/marked/build-01/host.c"",""source_sha256"":""de3dd3bc3add920f6b14f3cfa83262c596594edfaf1d5fcc70bb4bc78a38fa0e"",""stderr"":""""},""extracted_hex"":""4d6f7270682d3031""}"
pilot_mutation,H01-gcd.c,bf207a4afdd7e623be4bd0751bdc1917c0ee550af0f38c0531b25bb726d1710c,string,M08,global_cache_oracle,state,MR02,Host-semantic preservation,preserve,True,False,mismatch_count=0,0.139429,,True,"{""mismatches"":[]}"
pilot_mutation,H01-gcd.c,bf207a4afdd7e623be4bd0751bdc1917c0ee550af0f38c0531b25bb726d1710c,string,M08,global_cache_oracle,state,MR03,Unmarked rejection,reject,True,False,rejected:absent:logical record magic not found,0.035615,,True,"{""unmarked_binary_sha256"":""17288de5d8ffc83b2223ee650ec19f96fa9b779f3eb45b8e2433c730b7a1e3e2""}"
pilot_mutation,H01-gcd.c,bf207a4afdd7e623be4bd0751bdc1917c0ee550af0f38c0531b25bb726d1710c,string,M08,global_cache_oracle,state,MR04,Wrong-key rejection,reject,False,True,accepted:b'Morph-01',0.06874,,True,"{""antecedent_guarded"":true,""antecedent_hex"":""4d6f7270682d3031""}"
pilot_mutation,H01-gcd.c,bf207a4afdd7e623be4bd0751bdc1917c0ee550af0f38c0531b25bb726d1710c,string,M08,global_cache_oracle,state,MR05,Payload separation,separate,False,True,first=b'Second-2';second=b'Second-2',0.161418,,True,"{""first_hex"":""5365636f6e642d32"",""second_hex"":""5365636f6e642d32""}"
pilot_mutation,H01-gcd.c,bf207a4afdd7e623be4bd0751bdc1917c0ee550af0f38c0531b25bb726d1710c,string,M08,global_cache_oracle,state,MR06,Cross-compiler invariance,preserve,True,False,"payloads=b'Morph-01',b'Morph-01';semantic_equal=True",0.16097,,True,"{""clang_actual"":""clang"",""gcc_actual"":""gcc""}"
pilot_mutation,H01-gcd.c,bf207a4afdd7e623be4bd0751bdc1917c0ee550af0f38c0531b25bb726d1710c,string,M08,global_cache_oracle,state,MR07,Optimization invariance,preserve,True,False,"payloads=['Morph-01', 'Morph-01', 'Morph-01'];semantic_equal=True",0.249347,,True,{}
pilot_mutation,H01-gcd.c,bf207a4afdd7e623be4bd0751bdc1917c0ee550af0f38c0531b25bb726d1710c,string,M08,global_cache_oracle,state,MR08,Clean-room relocation,preserve,True,False,relocated=b'Morph-01',0.079178,,True,"{""clean_room_entries"":[""renamed-artifact.bin""],""relocated_hex"":""4d6f7270682d3031""}"
pilot_mutation,H01-gcd.c,bf207a4afdd7e623be4bd0751bdc1917c0ee550af0f38c0531b25bb726d1710c,string,M08,global_cache_oracle,state,MR09,Carrier-removal rejection,reject,False,True,spurious robustness:accepted:b'Morph-01',0.080711,,True,"{""antecedent_guarded"":true}"
pilot_mutation,H01-gcd.c,bf207a4afdd7e623be4bd0751bdc1917c0ee550af0f38c0531b25bb726d1710c,string,M08,global_cache_oracle,state,MR10,Carrier-corruption rejection,reject,False,True,corruption accepted:accepted:b'Morph-01',0.087899,,True,"{""antecedent_guarded"":true}"
pilot_mutation,H01-gcd.c,bf207a4afdd7e623be4bd0751bdc1917c0ee550af0f38c0531b25bb726d1710c,string,M08,global_cache_oracle,state,MR11,Requested/actual trace agreement,trace,True,False,requested=clang/Os;actual=clang/Os,0.078036,,True,"{""build"":{""actual_compiler"":""clang"",""actual_optimization"":""Os"",""binary"":""WORKDIR/string/M08/MR11/trace/build-01/artifact.bin"",""binary_sha256"":""bf1b3f8ba8daa55b6d499a4bbb63a61efb7b30a4d426a514b1ce3e529d1be05b"",""carrier"":""string"",""command"":[""clang"",""-std=c11"",""-fno-ident"",""-no-pie"",""-Os"",""WORKDIR/string/M08/MR11/trace/build-01/host.c"",""-o"",""WORKDIR/string/M08/MR11/trace/build-01/artifact.bin""],""effective_payload_hex"":""4d6f7270682d3031"",""key"":""key-alpha"",""mutant_id"":""M08"",""requested_compiler"":""clang"",""requested_optimization"":""Os"",""requested_payload_hex"":""4d6f7270682d3031"",""return_code"":0,""source"":""WORKDIR/string/M08/MR11/trace/build-01/host.c"",""source_sha256"":""de3dd3bc3add920f6b14f3cfa83262c596594edfaf1d5fcc70bb4bc78a38fa0e"",""stderr"":""""}}"
pilot_mutation,H01-gcd.c,bf207a4afdd7e623be4bd0751bdc1917c0ee550af0f38c0531b25bb726d1710c,string,M08,global_cache_oracle,state,MR12,Interleaved artifact isolation,separate,False,True,first=b'Second-2';second=b'Second-2',0.111352,,True,{}
pilot_mutation,H01-gcd.c,bf207a4afdd7e623be4bd0751bdc1917c0ee550af0f38c0531b25bb726d1710c,string,M08,global_cache_oracle,state,MR13,Reordered extraction independence,preserve,False,True,before=b'Morph-01';after=b'Second-2',0.10591,,True,{}
pilot_mutation,H01-gcd.c,bf207a4afdd7e623be4bd0751bdc1917c0ee550af0f38c0531b25bb726d1710c,string,M08,global_cache_oracle,state,MR14,Rebuild stability,preserve,True,False,first=b'Morph-01';second=b'Morph-01',0.118422,,True,"{""binary_bytes_equal"":true}"
pilot_mutation,H01-gcd.c,bf207a4afdd7e623be4bd0751bdc1917c0ee550af0f38c0531b25bb726d1710c,string,M09,unmarked_default,false positive,MR01,Round-trip fidelity,preserve,True,False,extracted=b'Morph-01',0.04275,,True,"{""build"":{""actual_compiler"":""gcc"",""actual_optimization"":""O2"",""binary"":""WORKDIR/string/M09/MR01/marked/build-01/artifact.bin"",""binary_sha256"":""b8e5790f338ae8db35cfffc794a440a51f513484ba40b60dbac7eb19948f430c"",""carrier"":""string"",""command"":[""gcc"",""-std=c11"",""-fno-ident"",""-no-pie"",""-O2"",""WORKDIR/string/M09/MR01/marked/build-01/host.c"",""-o"",""WORKDIR/string/M09/MR01/marked/build-01/artifact.bin""],""effective_payload_hex"":""4d6f7270682d3031"",""key"":""key-alpha"",""mutant_id"":""M09"",""requested_compiler"":""gcc"",""requested_optimization"":""O2"",""requested_payload_hex"":""4d6f7270682d3031"",""return_code"":0,""source"":""WORKDIR/string/M09/MR01/marked/build-01/host.c"",""source_sha256"":""de3dd3bc3add920f6b14f3cfa83262c596594edfaf1d5fcc70bb4bc78a38fa0e"",""stderr"":""""},""extracted_hex"":""4d6f7270682d3031""}"
pilot_mutation,H01-gcd.c,bf207a4afdd7e623be4bd0751bdc1917c0ee550af0f38c0531b25bb726d1710c,string,M09,unmarked_default,false positive,MR02,Host-semantic preservation,preserve,True,False,mismatch_count=0,0.147454,,True,"{""mismatches"":[]}"
pilot_mutation,H01-gcd.c,bf207a4afdd7e623be4bd0751bdc1917c0ee550af0f38c0531b25bb726d1710c,string,M09,unmarked_default,false positive,MR03,Unmarked rejection,reject,False,True,accepted:b'Morph-01',0.038963,,True,"{""unmarked_binary_sha256"":""17288de5d8ffc83b2223ee650ec19f96fa9b779f3eb45b8e2433c730b7a1e3e2""}"
pilot_mutation,H01-gcd.c,bf207a4afdd7e623be4bd0751bdc1917c0ee550af0f38c0531b25bb726d1710c,string,M09,unmarked_default,false positive,MR04,Wrong-key rejection,reject,False,True,accepted:b'Morph-01',0.075447,,True,"{""antecedent_guarded"":true,""antecedent_hex"":""4d6f7270682d3031""}"
pilot_mutation,H01-gcd.c,bf207a4afdd7e623be4bd0751bdc1917c0ee550af0f38c0531b25bb726d1710c,string,M09,unmarked_default,false positive,MR05,Payload separation,separate,True,False,first=b'Morph-01';second=b'Second-2',0.154093,,True,"{""first_hex"":""4d6f7270682d3031"",""second_hex"":""5365636f6e642d32""}"
pilot_mutation,H01-gcd.c,bf207a4afdd7e623be4bd0751bdc1917c0ee550af0f38c0531b25bb726d1710c,string,M09,unmarked_default,false positive,MR06,Cross-compiler invariance,preserve,True,False,"payloads=b'Morph-01',b'Morph-01';semantic_equal=True",0.174951,,True,"{""clang_actual"":""clang"",""gcc_actual"":""gcc""}"
pilot_mutation,H01-gcd.c,bf207a4afdd7e623be4bd0751bdc1917c0ee550af0f38c0531b25bb726d1710c,string,M09,unmarked_default,false positive,MR07,Optimization invariance,preserve,True,False,"payloads=['Morph-01', 'Morph-01', 'Morph-01'];semantic_equal=True",0.232037,,True,{}
pilot_mutation,H01-gcd.c,bf207a4afdd7e623be4bd0751bdc1917c0ee550af0f38c0531b25bb726d1710c,string,M09,unmarked_default,false positive,MR08,Clean-room relocation,preserve,True,False,relocated=b'Morph-01',0.039947,,True,"{""clean_room_entries"":[""renamed-artifact.bin""],""relocated_hex"":""4d6f7270682d3031""}"
pilot_mutation,H01-gcd.c,bf207a4afdd7e623be4bd0751bdc1917c0ee550af0f38c0531b25bb726d1710c,string,M09,unmarked_default,false positive,MR09,Carrier-removal rejection,reject,False,True,spurious robustness:accepted:b'Morph-01',0.076767,,True,"{""antecedent_guarded"":true}"
pilot_mutation,H01-gcd.c,bf207a4afdd7e623be4bd0751bdc1917c0ee550af0f38c0531b25bb726d1710c,string,M09,unmarked_default,false positive,MR10,Carrier-corruption rejection,reject,False,True,corruption accepted:accepted:b'Morph-01',0.083925,,True,"{""antecedent_guarded"":true}"
pilot_mutation,H01-gcd.c,bf207a4afdd7e623be4bd0751bdc1917c0ee550af0f38c0531b25bb726d1710c,string,M09,unmarked_default,false positive,MR11,Requested/actual trace agreement,trace,True,False,requested=clang/Os;actual=clang/Os,0.071707,,True,"{""build"":{""actual_compiler"":""clang"",""actual_optimization"":""Os"",""binary"":""WORKDIR/string/M09/MR11/trace/build-01/artifact.bin"",""binary_sha256"":""bf1b3f8ba8daa55b6d499a4bbb63a61efb7b30a4d426a514b1ce3e529d1be05b"",""carrier"":""string"",""command"":[""clang"",""-std=c11"",""-fno-ident"",""-no-pie"",""-Os"",""WORKDIR/string/M09/MR11/trace/build-01/host.c"",""-o"",""WORKDIR/string/M09/MR11/trace/build-01/artifact.bin""],""effective_payload_hex"":""4d6f7270682d3031"",""key"":""key-alpha"",""mutant_id"":""M09"",""requested_compiler"":""clang"",""requested_optimization"":""Os"",""requested_payload_hex"":""4d6f7270682d3031"",""return_code"":0,""source"":""WORKDIR/string/M09/MR11/trace/build-01/host.c"",""source_sha256"":""de3dd3bc3add920f6b14f3cfa83262c596594edfaf1d5fcc70bb4bc78a38fa0e"",""stderr"":""""}}"
pilot_mutation,H01-gcd.c,bf207a4afdd7e623be4bd0751bdc1917c0ee550af0f38c0531b25bb726d1710c,string,M09,unmarked_default,false positive,MR12,Interleaved artifact isolation,separate,True,False,first=b'Morph-01';second=b'Second-2',0.135618,,True,{}
pilot_mutation,H01-gcd.c,bf207a4afdd7e623be4bd0751bdc1917c0ee550af0f38c0531b25bb726d1710c,string,M09,unmarked_default,false positive,MR13,Reordered extraction independence,preserve,True,False,before=b'Morph-01';after=b'Morph-01',0.134716,,True,{}
pilot_mutation,H01-gcd.c,bf207a4afdd7e623be4bd0751bdc1917c0ee550af0f38c0531b25bb726d1710c,string,M09,unmarked_default,false positive,MR14,Rebuild stability,preserve,True,False,first=b'Morph-01';second=b'Morph-01',0.110812,,True,"{""binary_bytes_equal"":true}"
pilot_mutation,H01-gcd.c,bf207a4afdd7e623be4bd0751bdc1917c0ee550af0f38c0531b25bb726d1710c,string,M10,semantic_plus_one,semantic corruption,MR01,Round-trip fidelity,preserve,True,False,extracted=b'Morph-01',0.050318,,True,"{""build"":{""actual_compiler"":""gcc"",""actual_optimization"":""O2"",""binary"":""WORKDIR/string/M10/MR01/marked/build-01/artifact.bin"",""binary_sha256"":""218b8991b858e70cfe777d2c2c5b2c6201bbc24fb7f9ab1c259a216675500fbd"",""carrier"":""string"",""command"":[""gcc"",""-std=c11"",""-fno-ident"",""-no-pie"",""-O2"",""WORKDIR/string/M10/MR01/marked/build-01/host.c"",""-o"",""WORKDIR/string/M10/MR01/marked/build-01/artifact.bin""],""effective_payload_hex"":""4d6f7270682d3031"",""key"":""key-alpha"",""mutant_id"":""M10"",""requested_compiler"":""gcc"",""requested_optimization"":""O2"",""requested_payload_hex"":""4d6f7270682d3031"",""return_code"":0,""source"":""WORKDIR/string/M10/MR01/marked/build-01/host.c"",""source_sha256"":""ec199823c81befeafba1fc08aa2c705b0ad79f3f0cba2c765d22fd453ef5ad82"",""stderr"":""""},""extracted_hex"":""4d6f7270682d3031""}"
pilot_mutation,H01-gcd.c,bf207a4afdd7e623be4bd0751bdc1917c0ee550af0f38c0531b25bb726d1710c,string,M10,semantic_plus_one,semantic corruption,MR02,Host-semantic preservation,preserve,True,False,mismatch_count=0,0.139956,,True,"{""mismatches"":[]}"
pilot_mutation,H01-gcd.c,bf207a4afdd7e623be4bd0751bdc1917c0ee550af0f38c0531b25bb726d1710c,string,M10,semantic_plus_one,semantic corruption,MR03,Unmarked rejection,reject,True,False,rejected:absent:logical record magic not found,0.049648,,True,"{""unmarked_binary_sha256"":""a7ba1b1fde2b472014cbc25860cebcca1a3737929b7a88d46c8ef8cd002b8b50""}"
pilot_mutation,H01-gcd.c,bf207a4afdd7e623be4bd0751bdc1917c0ee550af0f38c0531b25bb726d1710c,string,M10,semantic_plus_one,semantic corruption,MR04,Wrong-key rejection,reject,True,False,rejected:wrong-key:key tag mismatch,0.06662,,True,"{""antecedent_guarded"":true,""antecedent_hex"":""4d6f7270682d3031""}"
pilot_mutation,H01-gcd.c,bf207a4afdd7e623be4bd0751bdc1917c0ee550af0f38c0531b25bb726d1710c,string,M10,semantic_plus_one,semantic corruption,MR05,Payload separation,separate,True,False,first=b'Morph-01';second=b'Second-2',0.126427,,True,"{""first_hex"":""4d6f7270682d3031"",""second_hex"":""5365636f6e642d32""}"
pilot_mutation,H01-gcd.c,bf207a4afdd7e623be4bd0751bdc1917c0ee550af0f38c0531b25bb726d1710c,string,M10,semantic_plus_one,semantic corruption,MR06,Cross-compiler invariance,preserve,True,False,"payloads=b'Morph-01',b'Morph-01';semantic_equal=True",0.173131,,True,"{""clang_actual"":""clang"",""gcc_actual"":""gcc""}"
pilot_mutation,H01-gcd.c,bf207a4afdd7e623be4bd0751bdc1917c0ee550af0f38c0531b25bb726d1710c,string,M10,semantic_plus_one,semantic corruption,MR07,Optimization invariance,preserve,True,False,"payloads=['Morph-01', 'Morph-01', 'Morph-01'];semantic_equal=True",0.239014,,True,{}
pilot_mutation,H01-gcd.c,bf207a4afdd7e623be4bd0751bdc1917c0ee550af0f38c0531b25bb726d1710c,string,M10,semantic_plus_one,semantic corruption,MR08,Clean-room relocation,preserve,True,False,relocated=b'Morph-01',0.040131,,True,"{""clean_room_entries"":[""renamed-artifact.bin""],""relocated_hex"":""4d6f7270682d3031""}"
pilot_mutation,H01-gcd.c,bf207a4afdd7e623be4bd0751bdc1917c0ee550af0f38c0531b25bb726d1710c,string,M10,semantic_plus_one,semantic corruption,MR09,Carrier-removal rejection,reject,True,False,rejected:absent:logical record magic not found,0.043376,,True,"{""antecedent_guarded"":true}"
pilot_mutation,H01-gcd.c,bf207a4afdd7e623be4bd0751bdc1917c0ee550af0f38c0531b25bb726d1710c,string,M10,semantic_plus_one,semantic corruption,MR10,Carrier-corruption rejection,reject,True,False,rejected:checksum:payload checksum mismatch,0.07526,,True,"{""antecedent_guarded"":true}"
pilot_mutation,H01-gcd.c,bf207a4afdd7e623be4bd0751bdc1917c0ee550af0f38c0531b25bb726d1710c,string,M10,semantic_plus_one,semantic corruption,MR11,Requested/actual trace agreement,trace,True,False,requested=clang/Os;actual=clang/Os,0.086774,,True,"{""build"":{""actual_compiler"":""clang"",""actual_optimization"":""Os"",""binary"":""WORKDIR/string/M10/MR11/trace/build-01/artifact.bin"",""binary_sha256"":""4473db5d9196aa4625926b91592cee8cbbaf1cf096147557c36234d8f09f8909"",""carrier"":""string"",""command"":[""clang"",""-std=c11"",""-fno-ident"",""-no-pie"",""-Os"",""WORKDIR/string/M10/MR11/trace/build-01/host.c"",""-o"",""WORKDIR/string/M10/MR11/trace/build-01/artifact.bin""],""effective_payload_hex"":""4d6f7270682d3031"",""key"":""key-alpha"",""mutant_id"":""M10"",""requested_compiler"":""clang"",""requested_optimization"":""Os"",""requested_payload_hex"":""4d6f7270682d3031"",""return_code"":0,""source"":""WORKDIR/string/M10/MR11/trace/build-01/host.c"",""source_sha256"":""ec199823c81befeafba1fc08aa2c705b0ad79f3f0cba2c765d22fd453ef5ad82"",""stderr"":""""}}"
pilot_mutation,H01-gcd.c,bf207a4afdd7e623be4bd0751bdc1917c0ee550af0f38c0531b25bb726d1710c,string,M10,semantic_plus_one,semantic corruption,MR12,Interleaved artifact isolation,separate,True,False,first=b'Morph-01';second=b'Second-2',0.10503,,True,{}
pilot_mutation,H01-gcd.c,bf207a4afdd7e623be4bd0751bdc1917c0ee550af0f38c0531b25bb726d1710c,string,M10,semantic_plus_one,semantic corruption,MR13,Reordered extraction independence,preserve,True,False,before=b'Morph-01';after=b'Morph-01',0.158315,,True,{}
pilot_mutation,H01-gcd.c,bf207a4afdd7e623be4bd0751bdc1917c0ee550af0f38c0531b25bb726d1710c,string,M10,semantic_plus_one,semantic corruption,MR14,Rebuild stability,preserve,True,False,first=b'Morph-01';second=b'Morph-01',0.088191,,True,"{""binary_bytes_equal"":true}"
pilot_mutation,H01-gcd.c,bf207a4afdd7e623be4bd0751bdc1917c0ee550af0f38c0531b25bb726d1710c,string,M11,semantic_input13,semantic corruption,MR01,Round-trip fidelity,preserve,True,False,extracted=b'Morph-01',0.051109,,True,"{""build"":{""actual_compiler"":""gcc"",""actual_optimization"":""O2"",""binary"":""WORKDIR/string/M11/MR01/marked/build-01/artifact.bin"",""binary_sha256"":""b7a184e654e99c2c9bea380de44a4a3ac6335db3e82f195303ad075d9b9bd8ac"",""carrier"":""string"",""command"":[""gcc"",""-std=c11"",""-fno-ident"",""-no-pie"",""-O2"",""WORKDIR/string/M11/MR01/marked/build-01/host.c"",""-o"",""WORKDIR/string/M11/MR01/marked/build-01/artifact.bin""],""effective_payload_hex"":""4d6f7270682d3031"",""key"":""key-alpha"",""mutant_id"":""M11"",""requested_compiler"":""gcc"",""requested_optimization"":""O2"",""requested_payload_hex"":""4d6f7270682d3031"",""return_code"":0,""source"":""WORKDIR/string/M11/MR01/marked/build-01/host.c"",""source_sha256"":""67af7ba75589de521e52461151c3d1ca7504340275536964b5eaeeaff0d7e778"",""stderr"":""""},""extracted_hex"":""4d6f7270682d3031""}"
pilot_mutation,H01-gcd.c,bf207a4afdd7e623be4bd0751bdc1917c0ee550af0f38c0531b25bb726d1710c,string,M11,semantic_input13,semantic corruption,MR02,Host-semantic preservation,preserve,True,False,mismatch_count=0,0.110747,,True,"{""mismatches"":[]}"
pilot_mutation,H01-gcd.c,bf207a4afdd7e623be4bd0751bdc1917c0ee550af0f38c0531b25bb726d1710c,string,M11,semantic_input13,semantic corruption,MR03,Unmarked rejection,reject,True,False,rejected:absent:logical record magic not found,0.050911,,True,"{""unmarked_binary_sha256"":""ede3bc23896c80d708e4ea6b72b2826c6ad3e832db12ee3e3340f736947cb2b8""}"
pilot_mutation,H01-gcd.c,bf207a4afdd7e623be4bd0751bdc1917c0ee550af0f38c0531b25bb726d1710c,string,M11,semantic_input13,semantic corruption,MR04,Wrong-key rejection,reject,True,False,rejected:wrong-key:key tag mismatch,0.070369,,True,"{""antecedent_guarded"":true,""antecedent_hex"":""4d6f7270682d3031""}"
pilot_mutation,H01-gcd.c,bf207a4afdd7e623be4bd0751bdc1917c0ee550af0f38c0531b25bb726d1710c,string,M11,semantic_input13,semantic corruption,MR05,Payload separation,separate,True,False,first=b'Morph-01';second=b'Second-2',0.091683,,True,"{""first_hex"":""4d6f7270682d3031"",""second_hex"":""5365636f6e642d32""}"
pilot_mutation,H01-gcd.c,bf207a4afdd7e623be4bd0751bdc1917c0ee550af0f38c0531b25bb726d1710c,string,M11,semantic_input13,semantic corruption,MR06,Cross-compiler invariance,preserve,True,False,"payloads=b'Morph-01',b'Morph-01';semantic_equal=True",0.169728,,True,"{""clang_actual"":""clang"",""gcc_actual"":""gcc""}"
pilot_mutation,H01-gcd.c,bf207a4afdd7e623be4bd0751bdc1917c0ee550af0f38c0531b25bb726d1710c,string,M11,semantic_input13,semantic corruption,MR07,Optimization invariance,preserve,True,False,"payloads=['Morph-01', 'Morph-01', 'Morph-01'];semantic_equal=True",0.271981,,True,{}
pilot_mutation,H01-gcd.c,bf207a4afdd7e623be4bd0751bdc1917c0ee550af0f38c0531b25bb726d1710c,string,M11,semantic_input13,semantic corruption,MR08,Clean-room relocation,preserve,True,False,relocated=b'Morph-01',0.083829,,True,"{""clean_room_entries"":[""renamed-artifact.bin""],""relocated_hex"":""4d6f7270682d3031""}"
pilot_mutation,H01-gcd.c,bf207a4afdd7e623be4bd0751bdc1917c0ee550af0f38c0531b25bb726d1710c,string,M11,semantic_input13,semantic corruption,MR09,Carrier-removal rejection,reject,True,False,rejected:absent:logical record magic not found,0.047447,,True,"{""antecedent_guarded"":true}"
pilot_mutation,H01-gcd.c,bf207a4afdd7e623be4bd0751bdc1917c0ee550af0f38c0531b25bb726d1710c,string,M11,semantic_input13,semantic corruption,MR10,Carrier-corruption rejection,reject,True,False,rejected:checksum:payload checksum mismatch,0.039968,,True,"{""antecedent_guarded"":true}"
pilot_mutation,H01-gcd.c,bf207a4afdd7e623be4bd0751bdc1917c0ee550af0f38c0531b25bb726d1710c,string,M11,semantic_input13,semantic corruption,MR11,Requested/actual trace agreement,trace,True,False,requested=clang/Os;actual=clang/Os,0.043322,,True,"{""build"":{""actual_compiler"":""clang"",""actual_optimization"":""Os"",""binary"":""WORKDIR/string/M11/MR11/trace/build-01/artifact.bin"",""binary_sha256"":""650cfe3c88df1f2d017ffb90cca03c12e7c5046a1082418abc653d865e9aee7c"",""carrier"":""string"",""command"":[""clang"",""-std=c11"",""-fno-ident"",""-no-pie"",""-Os"",""WORKDIR/string/M11/MR11/trace/build-01/host.c"",""-o"",""WORKDIR/string/M11/MR11/trace/build-01/artifact.bin""],""effective_payload_hex"":""4d6f7270682d3031"",""key"":""key-alpha"",""mutant_id"":""M11"",""requested_compiler"":""clang"",""requested_optimization"":""Os"",""requested_payload_hex"":""4d6f7270682d3031"",""return_code"":0,""source"":""WORKDIR/string/M11/MR11/trace/build-01/host.c"",""source_sha256"":""67af7ba75589de521e52461151c3d1ca7504340275536964b5eaeeaff0d7e778"",""stderr"":""""}}"
pilot_mutation,H01-gcd.c,bf207a4afdd7e623be4bd0751bdc1917c0ee550af0f38c0531b25bb726d1710c,string,M11,semantic_input13,semantic corruption,MR12,Interleaved artifact isolation,separate,True,False,first=b'Morph-01';second=b'Second-2',0.120181,,True,{}
pilot_mutation,H01-gcd.c,bf207a4afdd7e623be4bd0751bdc1917c0ee550af0f38c0531b25bb726d1710c,string,M11,semantic_input13,semantic corruption,MR13,Reordered extraction independence,preserve,True,False,before=b'Morph-01';after=b'Morph-01',0.15513,,True,{}
pilot_mutation,H01-gcd.c,bf207a4afdd7e623be4bd0751bdc1917c0ee550af0f38c0531b25bb726d1710c,string,M11,semantic_input13,semantic corruption,MR14,Rebuild stability,preserve,True,False,first=b'Morph-01';second=b'Morph-01',0.108018,,True,"{""binary_bytes_equal"":true}"
pilot_mutation,H01-gcd.c,bf207a4afdd7e623be4bd0751bdc1917c0ee550af0f38c0531b25bb726d1710c,string,M12,compile_original,stage routing,MR01,Round-trip fidelity,preserve,False,True,exception:ExtractionError:logical record magic not found,0.073346,ExtractionError,True,{}
pilot_mutation,H01-gcd.c,bf207a4afdd7e623be4bd0751bdc1917c0ee550af0f38c0531b25bb726d1710c,string,M12,compile_original,stage routing,MR02,Host-semantic preservation,preserve,True,False,mismatch_count=0,0.167189,,True,"{""mismatches"":[]}"
pilot_mutation,H01-gcd.c,bf207a4afdd7e623be4bd0751bdc1917c0ee550af0f38c0531b25bb726d1710c,string,M12,compile_original,stage routing,MR03,Unmarked rejection,reject,True,False,rejected:absent:logical record magic not found,0.052439,,True,"{""unmarked_binary_sha256"":""17288de5d8ffc83b2223ee650ec19f96fa9b779f3eb45b8e2433c730b7a1e3e2""}"
pilot_mutation,H01-gcd.c,bf207a4afdd7e623be4bd0751bdc1917c0ee550af0f38c0531b25bb726d1710c,string,M12,compile_original,stage routing,MR04,Wrong-key rejection,reject,True,False,rejected:wrong-key:key tag mismatch,0.0877,,True,"{""antecedent_guarded"":true,""antecedent_hex"":""4d6f7270682d3031""}"
pilot_mutation,H01-gcd.c,bf207a4afdd7e623be4bd0751bdc1917c0ee550af0f38c0531b25bb726d1710c,string,M12,compile_original,stage routing,MR05,Payload separation,separate,False,True,exception:ExtractionError:logical record magic not found,0.104435,ExtractionError,True,{}
pilot_mutation,H01-gcd.c,bf207a4afdd7e623be4bd0751bdc1917c0ee550af0f38c0531b25bb726d1710c,string,M12,compile_original,stage routing,MR06,Cross-compiler invariance,preserve,False,True,exception:ExtractionError:logical record magic not found,0.136473,ExtractionError,True,{}
pilot_mutation,H01-gcd.c,bf207a4afdd7e623be4bd0751bdc1917c0ee550af0f38c0531b25bb726d1710c,string,M12,compile_original,stage routing,MR07,Optimization invariance,preserve,False,True,exception:ExtractionError:logical record magic not found,0.175456,ExtractionError,True,{}
pilot_mutation,H01-gcd.c,bf207a4afdd7e623be4bd0751bdc1917c0ee550af0f38c0531b25bb726d1710c,string,M12,compile_original,stage routing,MR08,Clean-room relocation,preserve,False,True,exception:ExtractionError:logical record magic not found,0.070029,ExtractionError,True,{}
pilot_mutation,H01-gcd.c,bf207a4afdd7e623be4bd0751bdc1917c0ee550af0f38c0531b25bb726d1710c,string,M12,compile_original,stage routing,MR09,Carrier-removal rejection,reject,True,False,rejected:absent:logical record magic not found,0.042764,,True,"{""antecedent_guarded"":true}"
pilot_mutation,H01-gcd.c,bf207a4afdd7e623be4bd0751bdc1917c0ee550af0f38c0531b25bb726d1710c,string,M12,compile_original,stage routing,MR10,Carrier-corruption rejection,reject,True,False,rejected:checksum:payload checksum mismatch,0.061162,,True,"{""antecedent_guarded"":true}"
pilot_mutation,H01-gcd.c,bf207a4afdd7e623be4bd0751bdc1917c0ee550af0f38c0531b25bb726d1710c,string,M12,compile_original,stage routing,MR11,Requested/actual trace agreement,trace,True,False,requested=clang/Os;actual=clang/Os,0.045473,,True,"{""build"":{""actual_compiler"":""clang"",""actual_optimization"":""Os"",""binary"":""WORKDIR/string/M12/MR11/trace/build-01/artifact.bin"",""binary_sha256"":""8979583311288d6755db67bfb67a745238b66729f18570b075945ee29c1a551b"",""carrier"":""string"",""command"":[""clang"",""-std=c11"",""-fno-ident"",""-no-pie"",""-Os"",""WORKDIR/string/M12/MR11/trace/build-01/host.c"",""-o"",""WORKDIR/string/M12/MR11/trace/build-01/artifact.bin""],""effective_payload_hex"":""4d6f7270682d3031"",""key"":""key-alpha"",""mutant_id"":""M12"",""requested_compiler"":""clang"",""requested_optimization"":""Os"",""requested_payload_hex"":""4d6f7270682d3031"",""return_code"":0,""source"":""WORKDIR/string/M12/MR11/trace/build-01/host.c"",""source_sha256"":""bf207a4afdd7e623be4bd0751bdc1917c0ee550af0f38c0531b25bb726d1710c"",""stderr"":""""}}"
pilot_mutation,H01-gcd.c,bf207a4afdd7e623be4bd0751bdc1917c0ee550af0f38c0531b25bb726d1710c,string,M12,compile_original,stage routing,MR12,Interleaved artifact isolation,separate,False,True,exception:ExtractionError:logical record magic not found,0.161825,ExtractionError,True,{}
pilot_mutation,H01-gcd.c,bf207a4afdd7e623be4bd0751bdc1917c0ee550af0f38c0531b25bb726d1710c,string,M12,compile_original,stage routing,MR13,Reordered extraction independence,preserve,False,True,exception:ExtractionError:logical record magic not found,0.060722,ExtractionError,True,{}
pilot_mutation,H01-gcd.c,bf207a4afdd7e623be4bd0751bdc1917c0ee550af0f38c0531b25bb726d1710c,string,M12,compile_original,stage routing,MR14,Rebuild stability,preserve,False,True,exception:ExtractionError:logical record magic not found,0.083633,ExtractionError,True,{}
pilot_mutation,H01-gcd.c,bf207a4afdd7e623be4bd0751bdc1917c0ee550af0f38c0531b25bb726d1710c,string,M13,force_gcc,configuration,MR01,Round-trip fidelity,preserve,True,False,extracted=b'Morph-01',0.08724,,True,"{""build"":{""actual_compiler"":""gcc"",""actual_optimization"":""O2"",""binary"":""WORKDIR/string/M13/MR01/marked/build-01/artifact.bin"",""binary_sha256"":""b8e5790f338ae8db35cfffc794a440a51f513484ba40b60dbac7eb19948f430c"",""carrier"":""string"",""command"":[""gcc"",""-std=c11"",""-fno-ident"",""-no-pie"",""-O2"",""WORKDIR/string/M13/MR01/marked/build-01/host.c"",""-o"",""WORKDIR/string/M13/MR01/marked/build-01/artifact.bin""],""effective_payload_hex"":""4d6f7270682d3031"",""key"":""key-alpha"",""mutant_id"":""M13"",""requested_compiler"":""gcc"",""requested_optimization"":""O2"",""requested_payload_hex"":""4d6f7270682d3031"",""return_code"":0,""source"":""WORKDIR/string/M13/MR01/marked/build-01/host.c"",""source_sha256"":""de3dd3bc3add920f6b14f3cfa83262c596594edfaf1d5fcc70bb4bc78a38fa0e"",""stderr"":""""},""extracted_hex"":""4d6f7270682d3031""}"
pilot_mutation,H01-gcd.c,bf207a4afdd7e623be4bd0751bdc1917c0ee550af0f38c0531b25bb726d1710c,string,M13,force_gcc,configuration,MR02,Host-semantic preservation,preserve,True,False,mismatch_count=0,0.180991,,True,"{""mismatches"":[]}"
pilot_mutation,H01-gcd.c,bf207a4afdd7e623be4bd0751bdc1917c0ee550af0f38c0531b25bb726d1710c,string,M13,force_gcc,configuration,MR03,Unmarked rejection,reject,True,False,rejected:absent:logical record magic not found,0.061677,,True,"{""unmarked_binary_sha256"":""17288de5d8ffc83b2223ee650ec19f96fa9b779f3eb45b8e2433c730b7a1e3e2""}"
pilot_mutation,H01-gcd.c,bf207a4afdd7e623be4bd0751bdc1917c0ee550af0f38c0531b25bb726d1710c,string,M13,force_gcc,configuration,MR04,Wrong-key rejection,reject,True,False,rejected:wrong-key:key tag mismatch,0.052218,,True,"{""antecedent_guarded"":true,""antecedent_hex"":""4d6f7270682d3031""}"
pilot_mutation,H01-gcd.c,bf207a4afdd7e623be4bd0751bdc1917c0ee550af0f38c0531b25bb726d1710c,string,M13,force_gcc,configuration,MR05,Payload separation,separate,True,False,first=b'Morph-01';second=b'Second-2',0.111288,,True,"{""first_hex"":""4d6f7270682d3031"",""second_hex"":""5365636f6e642d32""}"
pilot_mutation,H01-gcd.c,bf207a4afdd7e623be4bd0751bdc1917c0ee550af0f38c0531b25bb726d1710c,string,M13,force_gcc,configuration,MR06,Cross-compiler invariance,preserve,True,False,"payloads=b'Morph-01',b'Morph-01';semantic_equal=True",0.126683,,True,"{""clang_actual"":""gcc"",""gcc_actual"":""gcc""}"
pilot_mutation,H01-gcd.c,bf207a4afdd7e623be4bd0751bdc1917c0ee550af0f38c0531b25bb726d1710c,string,M13,force_gcc,configuration,MR07,Optimization invariance,preserve,True,False,"payloads=['Morph-01', 'Morph-01', 'Morph-01'];semantic_equal=True",0.217739,,True,{}
pilot_mutation,H01-gcd.c,bf207a4afdd7e623be4bd0751bdc1917c0ee550af0f38c0531b25bb726d1710c,string,M13,force_gcc,configuration,MR08,Clean-room relocation,preserve,True,False,relocated=b'Morph-01',0.074519,,True,"{""clean_room_entries"":[""renamed-artifact.bin""],""relocated_hex"":""4d6f7270682d3031""}"
pilot_mutation,H01-gcd.c,bf207a4afdd7e623be4bd0751bdc1917c0ee550af0f38c0531b25bb726d1710c,string,M13,force_gcc,configuration,MR09,Carrier-removal rejection,reject,True,False,rejected:absent:logical record magic not found,0.062091,,True,"{""antecedent_guarded"":true}"
pilot_mutation,H01-gcd.c,bf207a4afdd7e623be4bd0751bdc1917c0ee550af0f38c0531b25bb726d1710c,string,M13,force_gcc,configuration,MR10,Carrier-corruption rejection,reject,True,False,rejected:checksum:payload checksum mismatch,0.055396,,True,"{""antecedent_guarded"":true}"
pilot_mutation,H01-gcd.c,bf207a4afdd7e623be4bd0751bdc1917c0ee550af0f38c0531b25bb726d1710c,string,M13,force_gcc,configuration,MR11,Requested/actual trace agreement,trace,False,True,requested=clang/Os;actual=gcc/Os,0.052399,,True,"{""build"":{""actual_compiler"":""gcc"",""actual_optimization"":""Os"",""binary"":""WORKDIR/string/M13/MR11/trace/build-01/artifact.bin"",""binary_sha256"":""6229fadbf21a1675f445b8e07af7967457eaccdfb826afce65dbb2413911252d"",""carrier"":""string"",""command"":[""gcc"",""-std=c11"",""-fno-ident"",""-no-pie"",""-Os"",""WORKDIR/string/M13/MR11/trace/build-01/host.c"",""-o"",""WORKDIR/string/M13/MR11/trace/build-01/artifact.bin""],""effective_payload_hex"":""4d6f7270682d3031"",""key"":""key-alpha"",""mutant_id"":""M13"",""requested_compiler"":""clang"",""requested_optimization"":""Os"",""requested_payload_hex"":""4d6f7270682d3031"",""return_code"":0,""source"":""WORKDIR/string/M13/MR11/trace/build-01/host.c"",""source_sha256"":""de3dd3bc3add920f6b14f3cfa83262c596594edfaf1d5fcc70bb4bc78a38fa0e"",""stderr"":""""}}"
pilot_mutation,H01-gcd.c,bf207a4afdd7e623be4bd0751bdc1917c0ee550af0f38c0531b25bb726d1710c,string,M13,force_gcc,configuration,MR12,Interleaved artifact isolation,separate,True,False,first=b'Morph-01';second=b'Second-2',0.101665,,True,{}
pilot_mutation,H01-gcd.c,bf207a4afdd7e623be4bd0751bdc1917c0ee550af0f38c0531b25bb726d1710c,string,M13,force_gcc,configuration,MR13,Reordered extraction independence,preserve,True,False,before=b'Morph-01';after=b'Morph-01',0.129442,,True,{}
pilot_mutation,H01-gcd.c,bf207a4afdd7e623be4bd0751bdc1917c0ee550af0f38c0531b25bb726d1710c,string,M13,force_gcc,configuration,MR14,Rebuild stability,preserve,True,False,first=b'Morph-01';second=b'Morph-01',0.128678,,True,"{""binary_bytes_equal"":true}"
pilot_mutation,H01-gcd.c,bf207a4afdd7e623be4bd0751bdc1917c0ee550af0f38c0531b25bb726d1710c,string,M14,force_O0,configuration,MR01,Round-trip fidelity,preserve,True,False,extracted=b'Morph-01',0.041036,,True,"{""build"":{""actual_compiler"":""gcc"",""actual_optimization"":""O0"",""binary"":""WORKDIR/string/M14/MR01/marked/build-01/artifact.bin"",""binary_sha256"":""aa4ee3211125033bc560f008603cdc043ea899be400e5a47d99debbac691ede0"",""carrier"":""string"",""command"":[""gcc"",""-std=c11"",""-fno-ident"",""-no-pie"",""-O0"",""WORKDIR/string/M14/MR01/marked/build-01/host.c"",""-o"",""WORKDIR/string/M14/MR01/marked/build-01/artifact.bin""],""effective_payload_hex"":""4d6f7270682d3031"",""key"":""key-alpha"",""mutant_id"":""M14"",""requested_compiler"":""gcc"",""requested_optimization"":""O2"",""requested_payload_hex"":""4d6f7270682d3031"",""return_code"":0,""source"":""WORKDIR/string/M14/MR01/marked/build-01/host.c"",""source_sha256"":""de3dd3bc3add920f6b14f3cfa83262c596594edfaf1d5fcc70bb4bc78a38fa0e"",""stderr"":""""},""extracted_hex"":""4d6f7270682d3031""}"
pilot_mutation,H01-gcd.c,bf207a4afdd7e623be4bd0751bdc1917c0ee550af0f38c0531b25bb726d1710c,string,M14,force_O0,configuration,MR02,Host-semantic preservation,preserve,True,False,mismatch_count=0,0.113126,,True,"{""mismatches"":[]}"
pilot_mutation,H01-gcd.c,bf207a4afdd7e623be4bd0751bdc1917c0ee550af0f38c0531b25bb726d1710c,string,M14,force_O0,configuration,MR03,Unmarked rejection,reject,True,False,rejected:absent:logical record magic not found,0.066183,,True,"{""unmarked_binary_sha256"":""9b4d3b3c14fed8daa1b0d67cbd603737a48b61b6fcbe1d6f6b318081d458be0b""}"
pilot_mutation,H01-gcd.c,bf207a4afdd7e623be4bd0751bdc1917c0ee550af0f38c0531b25bb726d1710c,string,M14,force_O0,configuration,MR04,Wrong-key rejection,reject,True,False,rejected:wrong-key:key tag mismatch,0.056478,,True,"{""antecedent_guarded"":true,""antecedent_hex"":""4d6f7270682d3031""}"
pilot_mutation,H01-gcd.c,bf207a4afdd7e623be4bd0751bdc1917c0ee550af0f38c0531b25bb726d1710c,string,M14,force_O0,configuration,MR05,Payload separation,separate,True,False,first=b'Morph-01';second=b'Second-2',0.103048,,True,"{""first_hex"":""4d6f7270682d3031"",""second_hex"":""5365636f6e642d32""}"
pilot_mutation,H01-gcd.c,bf207a4afdd7e623be4bd0751bdc1917c0ee550af0f38c0531b25bb726d1710c,string,M14,force_O0,configuration,MR06,Cross-compiler invariance,preserve,True,False,"payloads=b'Morph-01',b'Morph-01';semantic_equal=True",0.13176,,True,"{""clang_actual"":""clang"",""gcc_actual"":""gcc""}"
pilot_mutation,H01-gcd.c,bf207a4afdd7e623be4bd0751bdc1917c0ee550af0f38c0531b25bb726d1710c,string,M14,force_O0,configuration,MR07,Optimization invariance,preserve,True,False,"payloads=['Morph-01', 'Morph-01', 'Morph-01'];semantic_equal=True",0.232854,,True,{}
pilot_mutation,H01-gcd.c,bf207a4afdd7e623be4bd0751bdc1917c0ee550af0f38c0531b25bb726d1710c,string,M14,force_O0,configuration,MR08,Clean-room relocation,preserve,True,False,relocated=b'Morph-01',0.028967,,True,"{""clean_room_entries"":[""renamed-artifact.bin""],""relocated_hex"":""4d6f7270682d3031""}"
pilot_mutation,H01-gcd.c,bf207a4afdd7e623be4bd0751bdc1917c0ee550af0f38c0531b25bb726d1710c,string,M14,force_O0,configuration,MR09,Carrier-removal rejection,reject,True,False,rejected:absent:logical record magic not found,0.071975,,True,"{""antecedent_guarded"":true}"
pilot_mutation,H01-gcd.c,bf207a4afdd7e623be4bd0751bdc1917c0ee550af0f38c0531b25bb726d1710c,string,M14,force_O0,configuration,MR10,Carrier-corruption rejection,reject,True,False,rejected:checksum:payload checksum mismatch,0.073384,,True,"{""antecedent_guarded"":true}"
pilot_mutation,H01-gcd.c,bf207a4afdd7e623be4bd0751bdc1917c0ee550af0f38c0531b25bb726d1710c,string,M14,force_O0,configuration,MR11,Requested/actual trace agreement,trace,False,True,requested=clang/Os;actual=clang/O0,0.057055,,True,"{""build"":{""actual_compiler"":""clang"",""actual_optimization"":""O0"",""binary"":""WORKDIR/string/M14/MR11/trace/build-01/artifact.bin"",""binary_sha256"":""0448246b6dfc5ceef756ce44ee747b7e724419c6d1d329df08a57018d5da6ea2"",""carrier"":""string"",""command"":[""clang"",""-std=c11"",""-fno-ident"",""-no-pie"",""-O0"",""WORKDIR/string/M14/MR11/trace/build-01/host.c"",""-o"",""WORKDIR/string/M14/MR11/trace/build-01/artifact.bin""],""effective_payload_hex"":""4d6f7270682d3031"",""key"":""key-alpha"",""mutant_id"":""M14"",""requested_compiler"":""clang"",""requested_optimization"":""Os"",""requested_payload_hex"":""4d6f7270682d3031"",""return_code"":0,""source"":""WORKDIR/string/M14/MR11/trace/build-01/host.c"",""source_sha256"":""de3dd3bc3add920f6b14f3cfa83262c596594edfaf1d5fcc70bb4bc78a38fa0e"",""stderr"":""""}}"
pilot_mutation,H01-gcd.c,bf207a4afdd7e623be4bd0751bdc1917c0ee550af0f38c0531b25bb726d1710c,string,M14,force_O0,configuration,MR12,Interleaved artifact isolation,separate,True,False,first=b'Morph-01';second=b'Second-2',0.077895,,True,{}
pilot_mutation,H01-gcd.c,bf207a4afdd7e623be4bd0751bdc1917c0ee550af0f38c0531b25bb726d1710c,string,M14,force_O0,configuration,MR13,Reordered extraction independence,preserve,True,False,before=b'Morph-01';after=b'Morph-01',0.113148,,True,{}
pilot_mutation,H01-gcd.c,bf207a4afdd7e623be4bd0751bdc1917c0ee550af0f38c0531b25bb726d1710c,string,M14,force_O0,configuration,MR14,Rebuild stability,preserve,True,False,first=b'Morph-01';second=b'Morph-01',0.105347,,True,"{""binary_bytes_equal"":true}"
pilot_mutation,H01-gcd.c,bf207a4afdd7e623be4bd0751bdc1917c0ee550af0f38c0531b25bb726d1710c,string,M15,transform_noop,transformation,MR01,Round-trip fidelity,preserve,True,False,extracted=b'Morph-01',0.034112,,True,"{""build"":{""actual_compiler"":""gcc"",""actual_optimization"":""O2"",""binary"":""WORKDIR/string/M15/MR01/marked/build-01/artifact.bin"",""binary_sha256"":""b8e5790f338ae8db35cfffc794a440a51f513484ba40b60dbac7eb19948f430c"",""carrier"":""string"",""command"":[""gcc"",""-std=c11"",""-fno-ident"",""-no-pie"",""-O2"",""WORKDIR/string/M15/MR01/marked/build-01/host.c"",""-o"",""WORKDIR/string/M15/MR01/marked/build-01/artifact.bin""],""effective_payload_hex"":""4d6f7270682d3031"",""key"":""key-alpha"",""mutant_id"":""M15"",""requested_compiler"":""gcc"",""requested_optimization"":""O2"",""requested_payload_hex"":""4d6f7270682d3031"",""return_code"":0,""source"":""WORKDIR/string/M15/MR01/marked/build-01/host.c"",""source_sha256"":""de3dd3bc3add920f6b14f3cfa83262c596594edfaf1d5fcc70bb4bc78a38fa0e"",""stderr"":""""},""extracted_hex"":""4d6f7270682d3031""}"
pilot_mutation,H01-gcd.c,bf207a4afdd7e623be4bd0751bdc1917c0ee550af0f38c0531b25bb726d1710c,string,M15,transform_noop,transformation,MR02,Host-semantic preservation,preserve,True,False,mismatch_count=0,0.183884,,True,"{""mismatches"":[]}"
pilot_mutation,H01-gcd.c,bf207a4afdd7e623be4bd0751bdc1917c0ee550af0f38c0531b25bb726d1710c,string,M15,transform_noop,transformation,MR03,Unmarked rejection,reject,True,False,rejected:absent:logical record magic not found,0.07178,,True,"{""unmarked_binary_sha256"":""17288de5d8ffc83b2223ee650ec19f96fa9b779f3eb45b8e2433c730b7a1e3e2""}"
pilot_mutation,H01-gcd.c,bf207a4afdd7e623be4bd0751bdc1917c0ee550af0f38c0531b25bb726d1710c,string,M15,transform_noop,transformation,MR04,Wrong-key rejection,reject,True,False,rejected:wrong-key:key tag mismatch,0.066871,,True,"{""antecedent_guarded"":true,""antecedent_hex"":""4d6f7270682d3031""}"
pilot_mutation,H01-gcd.c,bf207a4afdd7e623be4bd0751bdc1917c0ee550af0f38c0531b25bb726d1710c,string,M15,transform_noop,transformation,MR05,Payload separation,separate,True,False,first=b'Morph-01';second=b'Second-2',0.106144,,True,"{""first_hex"":""4d6f7270682d3031"",""second_hex"":""5365636f6e642d32""}"
pilot_mutation,H01-gcd.c,bf207a4afdd7e623be4bd0751bdc1917c0ee550af0f38c0531b25bb726d1710c,string,M15,transform_noop,transformation,MR06,Cross-compiler invariance,preserve,True,False,"payloads=b'Morph-01',b'Morph-01';semantic_equal=True",0.126331,,True,"{""clang_actual"":""clang"",""gcc_actual"":""gcc""}"
pilot_mutation,H01-gcd.c,bf207a4afdd7e623be4bd0751bdc1917c0ee550af0f38c0531b25bb726d1710c,string,M15,transform_noop,transformation,MR07,Optimization invariance,preserve,True,False,"payloads=['Morph-01', 'Morph-01', 'Morph-01'];semantic_equal=True",0.192947,,True,{}
pilot_mutation,H01-gcd.c,bf207a4afdd7e623be4bd0751bdc1917c0ee550af0f38c0531b25bb726d1710c,string,M15,transform_noop,transformation,MR08,Clean-room relocation,preserve,True,False,relocated=b'Morph-01',0.03091,,True,"{""clean_room_entries"":[""renamed-artifact.bin""],""relocated_hex"":""4d6f7270682d3031""}"
pilot_mutation,H01-gcd.c,bf207a4afdd7e623be4bd0751bdc1917c0ee550af0f38c0531b25bb726d1710c,string,M15,transform_noop,transformation,MR09,Carrier-removal rejection,reject,False,True,spurious robustness:accepted:b'Morph-01',0.058829,,True,"{""antecedent_guarded"":true}"
pilot_mutation,H01-gcd.c,bf207a4afdd7e623be4bd0751bdc1917c0ee550af0f38c0531b25bb726d1710c,string,M15,transform_noop,transformation,MR10,Carrier-corruption rejection,reject,True,False,rejected:checksum:payload checksum mismatch,0.068517,,True,"{""antecedent_guarded"":true}"
pilot_mutation,H01-gcd.c,bf207a4afdd7e623be4bd0751bdc1917c0ee550af0f38c0531b25bb726d1710c,string,M15,transform_noop,transformation,MR11,Requested/actual trace agreement,trace,True,False,requested=clang/Os;actual=clang/Os,0.042441,,True,"{""build"":{""actual_compiler"":""clang"",""actual_optimization"":""Os"",""binary"":""WORKDIR/string/M15/MR11/trace/build-01/artifact.bin"",""binary_sha256"":""bf1b3f8ba8daa55b6d499a4bbb63a61efb7b30a4d426a514b1ce3e529d1be05b"",""carrier"":""string"",""command"":[""clang"",""-std=c11"",""-fno-ident"",""-no-pie"",""-Os"",""WORKDIR/string/M15/MR11/trace/build-01/host.c"",""-o"",""WORKDIR/string/M15/MR11/trace/build-01/artifact.bin""],""effective_payload_hex"":""4d6f7270682d3031"",""key"":""key-alpha"",""mutant_id"":""M15"",""requested_compiler"":""clang"",""requested_optimization"":""Os"",""requested_payload_hex"":""4d6f7270682d3031"",""return_code"":0,""source"":""WORKDIR/string/M15/MR11/trace/build-01/host.c"",""source_sha256"":""de3dd3bc3add920f6b14f3cfa83262c596594edfaf1d5fcc70bb4bc78a38fa0e"",""stderr"":""""}}"
pilot_mutation,H01-gcd.c,bf207a4afdd7e623be4bd0751bdc1917c0ee550af0f38c0531b25bb726d1710c,string,M15,transform_noop,transformation,MR12,Interleaved artifact isolation,separate,True,False,first=b'Morph-01';second=b'Second-2',0.109454,,True,{}
pilot_mutation,H01-gcd.c,bf207a4afdd7e623be4bd0751bdc1917c0ee550af0f38c0531b25bb726d1710c,string,M15,transform_noop,transformation,MR13,Reordered extraction independence,preserve,True,False,before=b'Morph-01';after=b'Morph-01',0.126647,,True,{}
pilot_mutation,H01-gcd.c,bf207a4afdd7e623be4bd0751bdc1917c0ee550af0f38c0531b25bb726d1710c,string,M15,transform_noop,transformation,MR14,Rebuild stability,preserve,True,False,first=b'Morph-01';second=b'Morph-01',0.162789,,True,"{""binary_bytes_equal"":true}"
pilot_mutation,H01-gcd.c,bf207a4afdd7e623be4bd0751bdc1917c0ee550af0f38c0531b25bb726d1710c,string,M16,checksum_bypass,integrity,MR01,Round-trip fidelity,preserve,True,False,extracted=b'Morph-01',0.058843,,True,"{""build"":{""actual_compiler"":""gcc"",""actual_optimization"":""O2"",""binary"":""WORKDIR/string/M16/MR01/marked/build-01/artifact.bin"",""binary_sha256"":""b8e5790f338ae8db35cfffc794a440a51f513484ba40b60dbac7eb19948f430c"",""carrier"":""string"",""command"":[""gcc"",""-std=c11"",""-fno-ident"",""-no-pie"",""-O2"",""WORKDIR/string/M16/MR01/marked/build-01/host.c"",""-o"",""WORKDIR/string/M16/MR01/marked/build-01/artifact.bin""],""effective_payload_hex"":""4d6f7270682d3031"",""key"":""key-alpha"",""mutant_id"":""M16"",""requested_compiler"":""gcc"",""requested_optimization"":""O2"",""requested_payload_hex"":""4d6f7270682d3031"",""return_code"":0,""source"":""WORKDIR/string/M16/MR01/marked/build-01/host.c"",""source_sha256"":""de3dd3bc3add920f6b14f3cfa83262c596594edfaf1d5fcc70bb4bc78a38fa0e"",""stderr"":""""},""extracted_hex"":""4d6f7270682d3031""}"
pilot_mutation,H01-gcd.c,bf207a4afdd7e623be4bd0751bdc1917c0ee550af0f38c0531b25bb726d1710c,string,M16,checksum_bypass,integrity,MR02,Host-semantic preservation,preserve,True,False,mismatch_count=0,0.166967,,True,"{""mismatches"":[]}"
pilot_mutation,H01-gcd.c,bf207a4afdd7e623be4bd0751bdc1917c0ee550af0f38c0531b25bb726d1710c,string,M16,checksum_bypass,integrity,MR03,Unmarked rejection,reject,True,False,rejected:absent:logical record magic not found,0.05182,,True,"{""unmarked_binary_sha256"":""17288de5d8ffc83b2223ee650ec19f96fa9b779f3eb45b8e2433c730b7a1e3e2""}"
pilot_mutation,H01-gcd.c,bf207a4afdd7e623be4bd0751bdc1917c0ee550af0f38c0531b25bb726d1710c,string,M16,checksum_bypass,integrity,MR04,Wrong-key rejection,reject,True,False,rejected:wrong-key:key tag mismatch,0.052571,,True,"{""antecedent_guarded"":true,""antecedent_hex"":""4d6f7270682d3031""}"
pilot_mutation,H01-gcd.c,bf207a4afdd7e623be4bd0751bdc1917c0ee550af0f38c0531b25bb726d1710c,string,M16,checksum_bypass,integrity,MR05,Payload separation,separate,True,False,first=b'Morph-01';second=b'Second-2',0.105482,,True,"{""first_hex"":""4d6f7270682d3031"",""second_hex"":""5365636f6e642d32""}"
pilot_mutation,H01-gcd.c,bf207a4afdd7e623be4bd0751bdc1917c0ee550af0f38c0531b25bb726d1710c,string,M16,checksum_bypass,integrity,MR06,Cross-compiler invariance,preserve,True,False,"payloads=b'Morph-01',b'Morph-01';semantic_equal=True",0.171694,,True,"{""clang_actual"":""clang"",""gcc_actual"":""gcc""}"
pilot_mutation,H01-gcd.c,bf207a4afdd7e623be4bd0751bdc1917c0ee550af0f38c0531b25bb726d1710c,string,M16,checksum_bypass,integrity,MR07,Optimization invariance,preserve,True,False,"payloads=['Morph-01', 'Morph-01', 'Morph-01'];semantic_equal=True",0.255562,,True,{}
pilot_mutation,H01-gcd.c,bf207a4afdd7e623be4bd0751bdc1917c0ee550af0f38c0531b25bb726d1710c,string,M16,checksum_bypass,integrity,MR08,Clean-room relocation,preserve,True,False,relocated=b'Morph-01',0.080909,,True,"{""clean_room_entries"":[""renamed-artifact.bin""],""relocated_hex"":""4d6f7270682d3031""}"
pilot_mutation,H01-gcd.c,bf207a4afdd7e623be4bd0751bdc1917c0ee550af0f38c0531b25bb726d1710c,string,M16,checksum_bypass,integrity,MR09,Carrier-removal rejection,reject,True,False,rejected:absent:logical record magic not found,0.0537,,True,"{""antecedent_guarded"":true}"
pilot_mutation,H01-gcd.c,bf207a4afdd7e623be4bd0751bdc1917c0ee550af0f38c0531b25bb726d1710c,string,M16,checksum_bypass,integrity,MR10,Carrier-corruption rejection,reject,False,True,corruption accepted:accepted:b'Morph-01',0.061467,,True,"{""antecedent_guarded"":true}"
pilot_mutation,H01-gcd.c,bf207a4afdd7e623be4bd0751bdc1917c0ee550af0f38c0531b25bb726d1710c,string,M16,checksum_bypass,integrity,MR11,Requested/actual trace agreement,trace,True,False,requested=clang/Os;actual=clang/Os,0.045133,,True,"{""build"":{""actual_compiler"":""clang"",""actual_optimization"":""Os"",""binary"":""WORKDIR/string/M16/MR11/trace/build-01/artifact.bin"",""binary_sha256"":""bf1b3f8ba8daa55b6d499a4bbb63a61efb7b30a4d426a514b1ce3e529d1be05b"",""carrier"":""string"",""command"":[""clang"",""-std=c11"",""-fno-ident"",""-no-pie"",""-Os"",""WORKDIR/string/M16/MR11/trace/build-01/host.c"",""-o"",""WORKDIR/string/M16/MR11/trace/build-01/artifact.bin""],""effective_payload_hex"":""4d6f7270682d3031"",""key"":""key-alpha"",""mutant_id"":""M16"",""requested_compiler"":""clang"",""requested_optimization"":""Os"",""requested_payload_hex"":""4d6f7270682d3031"",""return_code"":0,""source"":""WORKDIR/string/M16/MR11/trace/build-01/host.c"",""source_sha256"":""de3dd3bc3add920f6b14f3cfa83262c596594edfaf1d5fcc70bb4bc78a38fa0e"",""stderr"":""""}}"
pilot_mutation,H01-gcd.c,bf207a4afdd7e623be4bd0751bdc1917c0ee550af0f38c0531b25bb726d1710c,string,M16,checksum_bypass,integrity,MR12,Interleaved artifact isolation,separate,True,False,first=b'Morph-01';second=b'Second-2',0.128808,,True,{}
pilot_mutation,H01-gcd.c,bf207a4afdd7e623be4bd0751bdc1917c0ee550af0f38c0531b25bb726d1710c,string,M16,checksum_bypass,integrity,MR13,Reordered extraction independence,preserve,True,False,before=b'Morph-01';after=b'Morph-01',0.133848,,True,{}
pilot_mutation,H01-gcd.c,bf207a4afdd7e623be4bd0751bdc1917c0ee550af0f38c0531b25bb726d1710c,string,M16,checksum_bypass,integrity,MR14,Rebuild stability,preserve,True,False,first=b'Morph-01';second=b'Morph-01',0.116586,,True,"{""binary_bytes_equal"":true}"
pilot_mutation,H01-gcd.c,bf207a4afdd7e623be4bd0751bdc1917c0ee550af0f38c0531b25bb726d1710c,string,M17,filename_bound,artifact binding,MR01,Round-trip fidelity,preserve,True,False,extracted=b'Morph-01',0.058776,,True,"{""build"":{""actual_compiler"":""gcc"",""actual_optimization"":""O2"",""binary"":""WORKDIR/string/M17/MR01/marked/build-01/artifact.bin"",""binary_sha256"":""b8e5790f338ae8db35cfffc794a440a51f513484ba40b60dbac7eb19948f430c"",""carrier"":""string"",""command"":[""gcc"",""-std=c11"",""-fno-ident"",""-no-pie"",""-O2"",""WORKDIR/string/M17/MR01/marked/build-01/host.c"",""-o"",""WORKDIR/string/M17/MR01/marked/build-01/artifact.bin""],""effective_payload_hex"":""4d6f7270682d3031"",""key"":""key-alpha"",""mutant_id"":""M17"",""requested_compiler"":""gcc"",""requested_optimization"":""O2"",""requested_payload_hex"":""4d6f7270682d3031"",""return_code"":0,""source"":""WORKDIR/string/M17/MR01/marked/build-01/host.c"",""source_sha256"":""de3dd3bc3add920f6b14f3cfa83262c596594edfaf1d5fcc70bb4bc78a38fa0e"",""stderr"":""""},""extracted_hex"":""4d6f7270682d3031""}"
pilot_mutation,H01-gcd.c,bf207a4afdd7e623be4bd0751bdc1917c0ee550af0f38c0531b25bb726d1710c,string,M17,filename_bound,artifact binding,MR02,Host-semantic preservation,preserve,True,False,mismatch_count=0,0.132181,,True,"{""mismatches"":[]}"
pilot_mutation,H01-gcd.c,bf207a4afdd7e623be4bd0751bdc1917c0ee550af0f38c0531b25bb726d1710c,string,M17,filename_bound,artifact binding,MR03,Unmarked rejection,reject,True,False,rejected:absent:logical record magic not found,0.084875,,True,"{""unmarked_binary_sha256"":""17288de5d8ffc83b2223ee650ec19f96fa9b779f3eb45b8e2433c730b7a1e3e2""}"
pilot_mutation,H01-gcd.c,bf207a4afdd7e623be4bd0751bdc1917c0ee550af0f38c0531b25bb726d1710c,string,M17,filename_bound,artifact binding,MR04,Wrong-key rejection,reject,True,False,rejected:wrong-key:key tag mismatch,0.043655,,True,"{""antecedent_guarded"":true,""antecedent_hex"":""4d6f7270682d3031""}"
pilot_mutation,H01-gcd.c,bf207a4afdd7e623be4bd0751bdc1917c0ee550af0f38c0531b25bb726d1710c,string,M17,filename_bound,artifact binding,MR05,Payload separation,separate,True,False,first=b'Morph-01';second=b'Second-2',0.098552,,True,"{""first_hex"":""4d6f7270682d3031"",""second_hex"":""5365636f6e642d32""}"
pilot_mutation,H01-gcd.c,bf207a4afdd7e623be4bd0751bdc1917c0ee550af0f38c0531b25bb726d1710c,string,M17,filename_bound,artifact binding,MR06,Cross-compiler invariance,preserve,True,False,"payloads=b'Morph-01',b'Morph-01';semantic_equal=True",0.188724,,True,"{""clang_actual"":""clang"",""gcc_actual"":""gcc""}"
pilot_mutation,H01-gcd.c,bf207a4afdd7e623be4bd0751bdc1917c0ee550af0f38c0531b25bb726d1710c,string,M17,filename_bound,artifact binding,MR07,Optimization invariance,preserve,True,False,"payloads=['Morph-01', 'Morph-01', 'Morph-01'];semantic_equal=True",0.218825,,True,{}
pilot_mutation,H01-gcd.c,bf207a4afdd7e623be4bd0751bdc1917c0ee550af0f38c0531b25bb726d1710c,string,M17,filename_bound,artifact binding,MR08,Clean-room relocation,preserve,False,True,exception:ExtractionError:artifact path is not an original build path,0.051715,ExtractionError,True,{}
pilot_mutation,H01-gcd.c,bf207a4afdd7e623be4bd0751bdc1917c0ee550af0f38c0531b25bb726d1710c,string,M17,filename_bound,artifact binding,MR09,Carrier-removal rejection,reject,True,False,rejected:path:artifact path is not an original build path,0.060351,,True,"{""antecedent_guarded"":true}"
pilot_mutation,H01-gcd.c,bf207a4afdd7e623be4bd0751bdc1917c0ee550af0f38c0531b25bb726d1710c,string,M17,filename_bound,artifact binding,MR10,Carrier-corruption rejection,reject,True,False,rejected:path:artifact path is not an original build path,0.057183,,True,"{""antecedent_guarded"":true}"
pilot_mutation,H01-gcd.c,bf207a4afdd7e623be4bd0751bdc1917c0ee550af0f38c0531b25bb726d1710c,string,M17,filename_bound,artifact binding,MR11,Requested/actual trace agreement,trace,True,False,requested=clang/Os;actual=clang/Os,0.086503,,True,"{""build"":{""actual_compiler"":""clang"",""actual_optimization"":""Os"",""binary"":""WORKDIR/string/M17/MR11/trace/build-01/artifact.bin"",""binary_sha256"":""bf1b3f8ba8daa55b6d499a4bbb63a61efb7b30a4d426a514b1ce3e529d1be05b"",""carrier"":""string"",""command"":[""clang"",""-std=c11"",""-fno-ident"",""-no-pie"",""-Os"",""WORKDIR/string/M17/MR11/trace/build-01/host.c"",""-o"",""WORKDIR/string/M17/MR11/trace/build-01/artifact.bin""],""effective_payload_hex"":""4d6f7270682d3031"",""key"":""key-alpha"",""mutant_id"":""M17"",""requested_compiler"":""clang"",""requested_optimization"":""Os"",""requested_payload_hex"":""4d6f7270682d3031"",""return_code"":0,""source"":""WORKDIR/string/M17/MR11/trace/build-01/host.c"",""source_sha256"":""de3dd3bc3add920f6b14f3cfa83262c596594edfaf1d5fcc70bb4bc78a38fa0e"",""stderr"":""""}}"
pilot_mutation,H01-gcd.c,bf207a4afdd7e623be4bd0751bdc1917c0ee550af0f38c0531b25bb726d1710c,string,M17,filename_bound,artifact binding,MR12,Interleaved artifact isolation,separate,True,False,first=b'Morph-01';second=b'Second-2',0.131832,,True,{}
pilot_mutation,H01-gcd.c,bf207a4afdd7e623be4bd0751bdc1917c0ee550af0f38c0531b25bb726d1710c,string,M17,filename_bound,artifact binding,MR13,Reordered extraction independence,preserve,True,False,before=b'Morph-01';after=b'Morph-01',0.13285,,True,{}
pilot_mutation,H01-gcd.c,bf207a4afdd7e623be4bd0751bdc1917c0ee550af0f38c0531b25bb726d1710c,string,M17,filename_bound,artifact binding,MR14,Rebuild stability,preserve,True,False,first=b'Morph-01';second=b'Morph-01',0.108913,,True,"{""binary_bytes_equal"":true}"
pilot_mutation,H01-gcd.c,bf207a4afdd7e623be4bd0751bdc1917c0ee550af0f38c0531b25bb726d1710c,string,M18,stale_binary,state,MR01,Round-trip fidelity,preserve,True,False,extracted=b'Morph-01',0.081787,,True,"{""build"":{""actual_compiler"":""gcc"",""actual_optimization"":""O2"",""binary"":""WORKDIR/string/M18/MR01/marked/build-01/artifact.bin"",""binary_sha256"":""b8e5790f338ae8db35cfffc794a440a51f513484ba40b60dbac7eb19948f430c"",""carrier"":""string"",""command"":[""gcc"",""-std=c11"",""-fno-ident"",""-no-pie"",""-O2"",""WORKDIR/string/M18/MR01/marked/build-01/host.c"",""-o"",""WORKDIR/string/M18/MR01/marked/build-01/artifact.bin""],""effective_payload_hex"":""4d6f7270682d3031"",""key"":""key-alpha"",""mutant_id"":""M18"",""requested_compiler"":""gcc"",""requested_optimization"":""O2"",""requested_payload_hex"":""4d6f7270682d3031"",""return_code"":0,""source"":""WORKDIR/string/M18/MR01/marked/build-01/host.c"",""source_sha256"":""de3dd3bc3add920f6b14f3cfa83262c596594edfaf1d5fcc70bb4bc78a38fa0e"",""stderr"":""""},""extracted_hex"":""4d6f7270682d3031""}"
pilot_mutation,H01-gcd.c,bf207a4afdd7e623be4bd0751bdc1917c0ee550af0f38c0531b25bb726d1710c,string,M18,stale_binary,state,MR02,Host-semantic preservation,preserve,True,False,mismatch_count=0,0.122946,,True,"{""mismatches"":[]}"
pilot_mutation,H01-gcd.c,bf207a4afdd7e623be4bd0751bdc1917c0ee550af0f38c0531b25bb726d1710c,string,M18,stale_binary,state,MR03,Unmarked rejection,reject,True,False,rejected:absent:logical record magic not found,0.055223,,True,"{""unmarked_binary_sha256"":""17288de5d8ffc83b2223ee650ec19f96fa9b779f3eb45b8e2433c730b7a1e3e2""}"
pilot_mutation,H01-gcd.c,bf207a4afdd7e623be4bd0751bdc1917c0ee550af0f38c0531b25bb726d1710c,string,M18,stale_binary,state,MR04,Wrong-key rejection,reject,True,False,rejected:wrong-key:key tag mismatch,0.033715,,True,"{""antecedent_guarded"":true,""antecedent_hex"":""4d6f7270682d3031""}"
pilot_mutation,H01-gcd.c,bf207a4afdd7e623be4bd0751bdc1917c0ee550af0f38c0531b25bb726d1710c,string,M18,stale_binary,state,MR05,Payload separation,separate,False,True,first=b'Morph-01';second=b'Morph-01',0.046991,,True,"{""first_hex"":""4d6f7270682d3031"",""second_hex"":""4d6f7270682d3031""}"
pilot_mutation,H01-gcd.c,bf207a4afdd7e623be4bd0751bdc1917c0ee550af0f38c0531b25bb726d1710c,string,M18,stale_binary,state,MR06,Cross-compiler invariance,preserve,True,False,"payloads=b'Morph-01',b'Morph-01';semantic_equal=True",0.077451,,True,"{""clang_actual"":""gcc"",""gcc_actual"":""gcc""}"
pilot_mutation,H01-gcd.c,bf207a4afdd7e623be4bd0751bdc1917c0ee550af0f38c0531b25bb726d1710c,string,M18,stale_binary,state,MR07,Optimization invariance,preserve,True,False,"payloads=['Morph-01', 'Morph-01', 'Morph-01'];semantic_equal=True",0.103668,,True,{}
pilot_mutation,H01-gcd.c,bf207a4afdd7e623be4bd0751bdc1917c0ee550af0f38c0531b25bb726d1710c,string,M18,stale_binary,state,MR08,Clean-room relocation,preserve,True,False,relocated=b'Morph-01',0.040779,,True,"{""clean_room_entries"":[""renamed-artifact.bin""],""relocated_hex"":""4d6f7270682d3031""}"
pilot_mutation,H01-gcd.c,bf207a4afdd7e623be4bd0751bdc1917c0ee550af0f38c0531b25bb726d1710c,string,M18,stale_binary,state,MR09,Carrier-removal rejection,reject,True,False,rejected:absent:logical record magic not found,0.060223,,True,"{""antecedent_guarded"":true}"
pilot_mutation,H01-gcd.c,bf207a4afdd7e623be4bd0751bdc1917c0ee550af0f38c0531b25bb726d1710c,string,M18,stale_binary,state,MR10,Carrier-corruption rejection,reject,False,True,corruption accepted:accepted:b'Morph-01',0.072992,,True,"{""antecedent_guarded"":true}"
pilot_mutation,H01-gcd.c,bf207a4afdd7e623be4bd0751bdc1917c0ee550af0f38c0531b25bb726d1710c,string,M18,stale_binary,state,MR11,Requested/actual trace agreement,trace,True,False,requested=clang/Os;actual=clang/Os,0.086515,,True,"{""build"":{""actual_compiler"":""clang"",""actual_optimization"":""Os"",""binary"":""WORKDIR/string/M18/MR11/trace/build-01/artifact.bin"",""binary_sha256"":""bf1b3f8ba8daa55b6d499a4bbb63a61efb7b30a4d426a514b1ce3e529d1be05b"",""carrier"":""string"",""command"":[""clang"",""-std=c11"",""-fno-ident"",""-no-pie"",""-Os"",""WORKDIR/string/M18/MR11/trace/build-01/host.c"",""-o"",""WORKDIR/string/M18/MR11/trace/build-01/artifact.bin""],""effective_payload_hex"":""4d6f7270682d3031"",""key"":""key-alpha"",""mutant_id"":""M18"",""requested_compiler"":""clang"",""requested_optimization"":""Os"",""requested_payload_hex"":""4d6f7270682d3031"",""return_code"":0,""source"":""WORKDIR/string/M18/MR11/trace/build-01/host.c"",""source_sha256"":""de3dd3bc3add920f6b14f3cfa83262c596594edfaf1d5fcc70bb4bc78a38fa0e"",""stderr"":""""}}"
pilot_mutation,H01-gcd.c,bf207a4afdd7e623be4bd0751bdc1917c0ee550af0f38c0531b25bb726d1710c,string,M18,stale_binary,state,MR12,Interleaved artifact isolation,separate,False,True,first=b'Morph-01';second=b'Morph-01',0.08353,,True,{}
pilot_mutation,H01-gcd.c,bf207a4afdd7e623be4bd0751bdc1917c0ee550af0f38c0531b25bb726d1710c,string,M18,stale_binary,state,MR13,Reordered extraction independence,preserve,True,False,before=b'Morph-01';after=b'Morph-01',0.079794,,True,{}
pilot_mutation,H01-gcd.c,bf207a4afdd7e623be4bd0751bdc1917c0ee550af0f38c0531b25bb726d1710c,string,M18,stale_binary,state,MR14,Rebuild stability,preserve,True,False,first=b'Morph-01';second=b'Morph-01',0.065282,,True,"{""binary_bytes_equal"":true}"
pilot_mutation,H01-gcd.c,bf207a4afdd7e623be4bd0751bdc1917c0ee550af0f38c0531b25bb726d1710c,string,M19,extractor_prefix,extraction,MR01,Round-trip fidelity,preserve,False,True,extracted=b'Morph-0',0.038618,,True,"{""build"":{""actual_compiler"":""gcc"",""actual_optimization"":""O2"",""binary"":""WORKDIR/string/M19/MR01/marked/build-01/artifact.bin"",""binary_sha256"":""b8e5790f338ae8db35cfffc794a440a51f513484ba40b60dbac7eb19948f430c"",""carrier"":""string"",""command"":[""gcc"",""-std=c11"",""-fno-ident"",""-no-pie"",""-O2"",""WORKDIR/string/M19/MR01/marked/build-01/host.c"",""-o"",""WORKDIR/string/M19/MR01/marked/build-01/artifact.bin""],""effective_payload_hex"":""4d6f7270682d3031"",""key"":""key-alpha"",""mutant_id"":""M19"",""requested_compiler"":""gcc"",""requested_optimization"":""O2"",""requested_payload_hex"":""4d6f7270682d3031"",""return_code"":0,""source"":""WORKDIR/string/M19/MR01/marked/build-01/host.c"",""source_sha256"":""de3dd3bc3add920f6b14f3cfa83262c596594edfaf1d5fcc70bb4bc78a38fa0e"",""stderr"":""""},""extracted_hex"":""4d6f7270682d30""}"
pilot_mutation,H01-gcd.c,bf207a4afdd7e623be4bd0751bdc1917c0ee550af0f38c0531b25bb726d1710c,string,M19,extractor_prefix,extraction,MR02,Host-semantic preservation,preserve,True,False,mismatch_count=0,0.113428,,True,"{""mismatches"":[]}"
pilot_mutation,H01-gcd.c,bf207a4afdd7e623be4bd0751bdc1917c0ee550af0f38c0531b25bb726d1710c,string,M19,extractor_prefix,extraction,MR03,Unmarked rejection,reject,True,False,rejected:absent:logical record magic not found,0.051093,,True,"{""unmarked_binary_sha256"":""17288de5d8ffc83b2223ee650ec19f96fa9b779f3eb45b8e2433c730b7a1e3e2""}"
pilot_mutation,H01-gcd.c,bf207a4afdd7e623be4bd0751bdc1917c0ee550af0f38c0531b25bb726d1710c,string,M19,extractor_prefix,extraction,MR04,Wrong-key rejection,reject,True,False,rejected:wrong-key:key tag mismatch,0.066233,,True,"{""antecedent_guarded"":true,""antecedent_hex"":""4d6f7270682d3031""}"
pilot_mutation,H01-gcd.c,bf207a4afdd7e623be4bd0751bdc1917c0ee550af0f38c0531b25bb726d1710c,string,M19,extractor_prefix,extraction,MR05,Payload separation,separate,False,True,first=b'Morph-0';second=b'Second-',0.119374,,True,"{""first_hex"":""4d6f7270682d30"",""second_hex"":""5365636f6e642d""}"
pilot_mutation,H01-gcd.c,bf207a4afdd7e623be4bd0751bdc1917c0ee550af0f38c0531b25bb726d1710c,string,M19,extractor_prefix,extraction,MR06,Cross-compiler invariance,preserve,False,True,"payloads=b'Morph-0',b'Morph-0';semantic_equal=True",0.162791,,True,"{""clang_actual"":""clang"",""gcc_actual"":""gcc""}"
pilot_mutation,H01-gcd.c,bf207a4afdd7e623be4bd0751bdc1917c0ee550af0f38c0531b25bb726d1710c,string,M19,extractor_prefix,extraction,MR07,Optimization invariance,preserve,False,True,"payloads=['Morph-0', 'Morph-0', 'Morph-0'];semantic_equal=True",0.224234,,True,{}
pilot_mutation,H01-gcd.c,bf207a4afdd7e623be4bd0751bdc1917c0ee550af0f38c0531b25bb726d1710c,string,M19,extractor_prefix,extraction,MR08,Clean-room relocation,preserve,False,True,source_mismatch=b'Morph-0',0.074443,,True,"{""source_hex"":""4d6f7270682d30""}"
pilot_mutation,H01-gcd.c,bf207a4afdd7e623be4bd0751bdc1917c0ee550af0f38c0531b25bb726d1710c,string,M19,extractor_prefix,extraction,MR09,Carrier-removal rejection,reject,True,False,rejected:absent:logical record magic not found,0.081103,,True,"{""antecedent_guarded"":true}"
pilot_mutation,H01-gcd.c,bf207a4afdd7e623be4bd0751bdc1917c0ee550af0f38c0531b25bb726d1710c,string,M19,extractor_prefix,extraction,MR10,Carrier-corruption rejection,reject,True,False,rejected:checksum:payload checksum mismatch,0.063999,,True,"{""antecedent_guarded"":true}"
pilot_mutation,H01-gcd.c,bf207a4afdd7e623be4bd0751bdc1917c0ee550af0f38c0531b25bb726d1710c,string,M19,extractor_prefix,extraction,MR11,Requested/actual trace agreement,trace,True,False,requested=clang/Os;actual=clang/Os,0.044289,,True,"{""build"":{""actual_compiler"":""clang"",""actual_optimization"":""Os"",""binary"":""WORKDIR/string/M19/MR11/trace/build-01/artifact.bin"",""binary_sha256"":""bf1b3f8ba8daa55b6d499a4bbb63a61efb7b30a4d426a514b1ce3e529d1be05b"",""carrier"":""string"",""command"":[""clang"",""-std=c11"",""-fno-ident"",""-no-pie"",""-Os"",""WORKDIR/string/M19/MR11/trace/build-01/host.c"",""-o"",""WORKDIR/string/M19/MR11/trace/build-01/artifact.bin""],""effective_payload_hex"":""4d6f7270682d3031"",""key"":""key-alpha"",""mutant_id"":""M19"",""requested_compiler"":""clang"",""requested_optimization"":""Os"",""requested_payload_hex"":""4d6f7270682d3031"",""return_code"":0,""source"":""WORKDIR/string/M19/MR11/trace/build-01/host.c"",""source_sha256"":""de3dd3bc3add920f6b14f3cfa83262c596594edfaf1d5fcc70bb4bc78a38fa0e"",""stderr"":""""}}"
pilot_mutation,H01-gcd.c,bf207a4afdd7e623be4bd0751bdc1917c0ee550af0f38c0531b25bb726d1710c,string,M19,extractor_prefix,extraction,MR12,Interleaved artifact isolation,separate,False,True,first=b'Morph-0';second=b'Second-',0.114736,,True,{}
pilot_mutation,H01-gcd.c,bf207a4afdd7e623be4bd0751bdc1917c0ee550af0f38c0531b25bb726d1710c,string,M19,extractor_prefix,extraction,MR13,Reordered extraction independence,preserve,False,True,before=b'Morph-0';after=b'Morph-0',0.131343,,True,{}
pilot_mutation,H01-gcd.c,bf207a4afdd7e623be4bd0751bdc1917c0ee550af0f38c0531b25bb726d1710c,string,M19,extractor_prefix,extraction,MR14,Rebuild stability,preserve,False,True,first=b'Morph-0';second=b'Morph-0',0.131604,,True,"{""binary_bytes_equal"":true}"
pilot_mutation,H01-gcd.c,bf207a4afdd7e623be4bd0751bdc1917c0ee550af0f38c0531b25bb726d1710c,string,M20,interleaved_collision,isolation,MR01,Round-trip fidelity,preserve,True,False,extracted=b'Morph-01',0.074987,,True,"{""build"":{""actual_compiler"":""gcc"",""actual_optimization"":""O2"",""binary"":""WORKDIR/string/M20/MR01/marked/build-01/artifact.bin"",""binary_sha256"":""b8e5790f338ae8db35cfffc794a440a51f513484ba40b60dbac7eb19948f430c"",""carrier"":""string"",""command"":[""gcc"",""-std=c11"",""-fno-ident"",""-no-pie"",""-O2"",""WORKDIR/string/M20/MR01/marked/build-01/host.c"",""-o"",""WORKDIR/string/M20/MR01/marked/build-01/artifact.bin""],""effective_payload_hex"":""4d6f7270682d3031"",""key"":""key-alpha"",""mutant_id"":""M20"",""requested_compiler"":""gcc"",""requested_optimization"":""O2"",""requested_payload_hex"":""4d6f7270682d3031"",""return_code"":0,""source"":""WORKDIR/string/M20/MR01/marked/build-01/host.c"",""source_sha256"":""de3dd3bc3add920f6b14f3cfa83262c596594edfaf1d5fcc70bb4bc78a38fa0e"",""stderr"":""""},""extracted_hex"":""4d6f7270682d3031""}"
pilot_mutation,H01-gcd.c,bf207a4afdd7e623be4bd0751bdc1917c0ee550af0f38c0531b25bb726d1710c,string,M20,interleaved_collision,isolation,MR02,Host-semantic preservation,preserve,True,False,mismatch_count=0,0.153705,,True,"{""mismatches"":[]}"
pilot_mutation,H01-gcd.c,bf207a4afdd7e623be4bd0751bdc1917c0ee550af0f38c0531b25bb726d1710c,string,M20,interleaved_collision,isolation,MR03,Unmarked rejection,reject,True,False,rejected:absent:logical record magic not found,0.057447,,True,"{""unmarked_binary_sha256"":""17288de5d8ffc83b2223ee650ec19f96fa9b779f3eb45b8e2433c730b7a1e3e2""}"
pilot_mutation,H01-gcd.c,bf207a4afdd7e623be4bd0751bdc1917c0ee550af0f38c0531b25bb726d1710c,string,M20,interleaved_collision,isolation,MR04,Wrong-key rejection,reject,True,False,rejected:wrong-key:global payload slot key mismatch,0.041111,,True,"{""antecedent_guarded"":true,""antecedent_hex"":""4d6f7270682d3031""}"
pilot_mutation,H01-gcd.c,bf207a4afdd7e623be4bd0751bdc1917c0ee550af0f38c0531b25bb726d1710c,string,M20,interleaved_collision,isolation,MR05,Payload separation,separate,False,True,first=b'Second-2';second=b'Second-2',0.090634,,True,"{""first_hex"":""5365636f6e642d32"",""second_hex"":""5365636f6e642d32""}"
pilot_mutation,H01-gcd.c,bf207a4afdd7e623be4bd0751bdc1917c0ee550af0f38c0531b25bb726d1710c,string,M20,interleaved_collision,isolation,MR06,Cross-compiler invariance,preserve,True,False,"payloads=b'Morph-01',b'Morph-01';semantic_equal=True",0.196288,,True,"{""clang_actual"":""clang"",""gcc_actual"":""gcc""}"
pilot_mutation,H01-gcd.c,bf207a4afdd7e623be4bd0751bdc1917c0ee550af0f38c0531b25bb726d1710c,string,M20,interleaved_collision,isolation,MR07,Optimization invariance,preserve,True,False,"payloads=['Morph-01', 'Morph-01', 'Morph-01'];semantic_equal=True",0.275278,,True,{}
pilot_mutation,H01-gcd.c,bf207a4afdd7e623be4bd0751bdc1917c0ee550af0f38c0531b25bb726d1710c,string,M20,interleaved_collision,isolation,MR08,Clean-room relocation,preserve,True,False,relocated=b'Morph-01',0.055301,,True,"{""clean_room_entries"":[""renamed-artifact.bin""],""relocated_hex"":""4d6f7270682d3031""}"
pilot_mutation,H01-gcd.c,bf207a4afdd7e623be4bd0751bdc1917c0ee550af0f38c0531b25bb726d1710c,string,M20,interleaved_collision,isolation,MR09,Carrier-removal rejection,reject,False,True,spurious robustness:accepted:b'Morph-01',0.069988,,True,"{""antecedent_guarded"":true}"
pilot_mutation,H01-gcd.c,bf207a4afdd7e623be4bd0751bdc1917c0ee550af0f38c0531b25bb726d1710c,string,M20,interleaved_collision,isolation,MR10,Carrier-corruption rejection,reject,False,True,corruption accepted:accepted:b'Morph-01',0.072305,,True,"{""antecedent_guarded"":true}"
pilot_mutation,H01-gcd.c,bf207a4afdd7e623be4bd0751bdc1917c0ee550af0f38c0531b25bb726d1710c,string,M20,interleaved_collision,isolation,MR11,Requested/actual trace agreement,trace,True,False,requested=clang/Os;actual=clang/Os,0.082665,,True,"{""build"":{""actual_compiler"":""clang"",""actual_optimization"":""Os"",""binary"":""WORKDIR/string/M20/MR11/trace/build-01/artifact.bin"",""binary_sha256"":""bf1b3f8ba8daa55b6d499a4bbb63a61efb7b30a4d426a514b1ce3e529d1be05b"",""carrier"":""string"",""command"":[""clang"",""-std=c11"",""-fno-ident"",""-no-pie"",""-Os"",""WORKDIR/string/M20/MR11/trace/build-01/host.c"",""-o"",""WORKDIR/string/M20/MR11/trace/build-01/artifact.bin""],""effective_payload_hex"":""4d6f7270682d3031"",""key"":""key-alpha"",""mutant_id"":""M20"",""requested_compiler"":""clang"",""requested_optimization"":""Os"",""requested_payload_hex"":""4d6f7270682d3031"",""return_code"":0,""source"":""WORKDIR/string/M20/MR11/trace/build-01/host.c"",""source_sha256"":""de3dd3bc3add920f6b14f3cfa83262c596594edfaf1d5fcc70bb4bc78a38fa0e"",""stderr"":""""}}"
pilot_mutation,H01-gcd.c,bf207a4afdd7e623be4bd0751bdc1917c0ee550af0f38c0531b25bb726d1710c,string,M20,interleaved_collision,isolation,MR12,Interleaved artifact isolation,separate,False,True,first=b'Second-2';second=b'Second-2',0.098899,,True,{}
pilot_mutation,H01-gcd.c,bf207a4afdd7e623be4bd0751bdc1917c0ee550af0f38c0531b25bb726d1710c,string,M20,interleaved_collision,isolation,MR13,Reordered extraction independence,preserve,False,True,exception:ExtractionError:global payload slot key mismatch,0.112931,ExtractionError,True,{}
pilot_mutation,H01-gcd.c,bf207a4afdd7e623be4bd0751bdc1917c0ee550af0f38c0531b25bb726d1710c,string,M20,interleaved_collision,isolation,MR14,Rebuild stability,preserve,True,False,first=b'Morph-01';second=b'Morph-01',0.11149,,True,"{""binary_bytes_equal"":true}"
pilot_mutation,H01-gcd.c,bf207a4afdd7e623be4bd0751bdc1917c0ee550af0f38c0531b25bb726d1710c,symbol,M01,embed_noop,embedding,MR01,Round-trip fidelity,preserve,False,True,exception:ExtractionError:watermark symbols not found,0.049389,ExtractionError,True,{}
pilot_mutation,H01-gcd.c,bf207a4afdd7e623be4bd0751bdc1917c0ee550af0f38c0531b25bb726d1710c,symbol,M01,embed_noop,embedding,MR02,Host-semantic preservation,preserve,True,False,mismatch_count=0,0.179941,,True,"{""mismatches"":[]}"
pilot_mutation,H01-gcd.c,bf207a4afdd7e623be4bd0751bdc1917c0ee550af0f38c0531b25bb726d1710c,symbol,M01,embed_noop,embedding,MR03,Unmarked rejection,reject,True,False,rejected:absent:watermark symbols not found,0.073332,,True,"{""unmarked_binary_sha256"":""17288de5d8ffc83b2223ee650ec19f96fa9b779f3eb45b8e2433c730b7a1e3e2""}"
pilot_mutation,H01-gcd.c,bf207a4afdd7e623be4bd0751bdc1917c0ee550af0f38c0531b25bb726d1710c,symbol,M01,embed_noop,embedding,MR04,Wrong-key rejection,reject,True,False,rejected:wrong-key:symbol key tag mismatch,0.057785,,True,"{""antecedent_guarded"":true,""antecedent_hex"":""4d6f7270682d3031""}"
pilot_mutation,H01-gcd.c,bf207a4afdd7e623be4bd0751bdc1917c0ee550af0f38c0531b25bb726d1710c,symbol,M01,embed_noop,embedding,MR05,Payload separation,separate,False,True,exception:ExtractionError:watermark symbols not found,0.122875,ExtractionError,True,{}
pilot_mutation,H01-gcd.c,bf207a4afdd7e623be4bd0751bdc1917c0ee550af0f38c0531b25bb726d1710c,symbol,M01,embed_noop,embedding,MR06,Cross-compiler invariance,preserve,False,True,exception:ExtractionError:watermark symbols not found,0.135906,ExtractionError,True,{}
pilot_mutation,H01-gcd.c,bf207a4afdd7e623be4bd0751bdc1917c0ee550af0f38c0531b25bb726d1710c,symbol,M01,embed_noop,embedding,MR07,Optimization invariance,preserve,False,True,exception:ExtractionError:watermark symbols not found,0.154987,ExtractionError,True,{}
pilot_mutation,H01-gcd.c,bf207a4afdd7e623be4bd0751bdc1917c0ee550af0f38c0531b25bb726d1710c,symbol,M01,embed_noop,embedding,MR08,Clean-room relocation,preserve,False,True,exception:ExtractionError:watermark symbols not found,0.040377,ExtractionError,True,{}
pilot_mutation,H01-gcd.c,bf207a4afdd7e623be4bd0751bdc1917c0ee550af0f38c0531b25bb726d1710c,symbol,M01,embed_noop,embedding,MR09,Carrier-removal rejection,reject,True,False,rejected:absent:watermark symbols not found,0.055254,,True,"{""antecedent_guarded"":true}"
pilot_mutation,H01-gcd.c,bf207a4afdd7e623be4bd0751bdc1917c0ee550af0f38c0531b25bb726d1710c,symbol,M01,embed_noop,embedding,MR10,Carrier-corruption rejection,reject,True,False,rejected:malformed:inconsistent watermark symbol set,0.072339,,True,"{""antecedent_guarded"":true}"
pilot_mutation,H01-gcd.c,bf207a4afdd7e623be4bd0751bdc1917c0ee550af0f38c0531b25bb726d1710c,symbol,M01,embed_noop,embedding,MR11,Requested/actual trace agreement,trace,True,False,requested=clang/Os;actual=clang/Os,0.072777,,True,"{""build"":{""actual_compiler"":""clang"",""actual_optimization"":""Os"",""binary"":""WORKDIR/symbol/M01/MR11/trace/build-01/artifact.bin"",""binary_sha256"":""8979583311288d6755db67bfb67a745238b66729f18570b075945ee29c1a551b"",""carrier"":""symbol"",""command"":[""clang"",""-std=c11"",""-fno-ident"",""-no-pie"",""-Os"",""WORKDIR/symbol/M01/MR11/trace/build-01/host.c"",""-o"",""WORKDIR/symbol/M01/MR11/trace/build-01/artifact.bin""],""effective_payload_hex"":""4d6f7270682d3031"",""key"":""key-alpha"",""mutant_id"":""M01"",""requested_compiler"":""clang"",""requested_optimization"":""Os"",""requested_payload_hex"":""4d6f7270682d3031"",""return_code"":0,""source"":""WORKDIR/symbol/M01/MR11/trace/build-01/host.c"",""source_sha256"":""bf207a4afdd7e623be4bd0751bdc1917c0ee550af0f38c0531b25bb726d1710c"",""stderr"":""""}}"
pilot_mutation,H01-gcd.c,bf207a4afdd7e623be4bd0751bdc1917c0ee550af0f38c0531b25bb726d1710c,symbol,M01,embed_noop,embedding,MR12,Interleaved artifact isolation,separate,False,True,exception:ExtractionError:watermark symbols not found,0.138723,ExtractionError,True,{}
pilot_mutation,H01-gcd.c,bf207a4afdd7e623be4bd0751bdc1917c0ee550af0f38c0531b25bb726d1710c,symbol,M01,embed_noop,embedding,MR13,Reordered extraction independence,preserve,False,True,exception:ExtractionError:watermark symbols not found,0.054588,ExtractionError,True,{}
pilot_mutation,H01-gcd.c,bf207a4afdd7e623be4bd0751bdc1917c0ee550af0f38c0531b25bb726d1710c,symbol,M01,embed_noop,embedding,MR14,Rebuild stability,preserve,False,True,exception:ExtractionError:watermark symbols not found,0.091917,ExtractionError,True,{}
pilot_mutation,H01-gcd.c,bf207a4afdd7e623be4bd0751bdc1917c0ee550af0f38c0531b25bb726d1710c,symbol,M02,truncate_payload,embedding,MR01,Round-trip fidelity,preserve,False,True,extracted=b'Morph-0',0.050685,,True,"{""build"":{""actual_compiler"":""gcc"",""actual_optimization"":""O2"",""binary"":""WORKDIR/symbol/M02/MR01/marked/build-01/artifact.bin"",""binary_sha256"":""b13b1265020878bd8dfca52aeddf8e762a1bd076f439b6e5f598becc4aa90187"",""carrier"":""symbol"",""command"":[""gcc"",""-std=c11"",""-fno-ident"",""-no-pie"",""-O2"",""WORKDIR/symbol/M02/MR01/marked/build-01/host.c"",""-o"",""WORKDIR/symbol/M02/MR01/marked/build-01/artifact.bin""],""effective_payload_hex"":""4d6f7270682d30"",""key"":""key-alpha"",""mutant_id"":""M02"",""requested_compiler"":""gcc"",""requested_optimization"":""O2"",""requested_payload_hex"":""4d6f7270682d3031"",""return_code"":0,""source"":""WORKDIR/symbol/M02/MR01/marked/build-01/host.c"",""source_sha256"":""5163e8743659c9c1fca170bc0338dcef46e3668eaf0a3429fe3c498254acf8a2"",""stderr"":""""},""extracted_hex"":""4d6f7270682d30""}"
pilot_mutation,H01-gcd.c,bf207a4afdd7e623be4bd0751bdc1917c0ee550af0f38c0531b25bb726d1710c,symbol,M02,truncate_payload,embedding,MR02,Host-semantic preservation,preserve,True,False,mismatch_count=0,0.172237,,True,"{""mismatches"":[]}"
pilot_mutation,H01-gcd.c,bf207a4afdd7e623be4bd0751bdc1917c0ee550af0f38c0531b25bb726d1710c,symbol,M02,truncate_payload,embedding,MR03,Unmarked rejection,reject,True,False,rejected:absent:watermark symbols not found,0.06695,,True,"{""unmarked_binary_sha256"":""17288de5d8ffc83b2223ee650ec19f96fa9b779f3eb45b8e2433c730b7a1e3e2""}"
pilot_mutation,H01-gcd.c,bf207a4afdd7e623be4bd0751bdc1917c0ee550af0f38c0531b25bb726d1710c,symbol,M02,truncate_payload,embedding,MR04,Wrong-key rejection,reject,True,False,rejected:wrong-key:symbol key tag mismatch,0.082475,,True,"{""antecedent_guarded"":true,""antecedent_hex"":""4d6f7270682d3031""}"
pilot_mutation,H01-gcd.c,bf207a4afdd7e623be4bd0751bdc1917c0ee550af0f38c0531b25bb726d1710c,symbol,M02,truncate_payload,embedding,MR05,Payload separation,separate,False,True,first=b'Morph-0';second=b'Second-',0.101666,,True,"{""first_hex"":""4d6f7270682d30"",""second_hex"":""5365636f6e642d""}"
pilot_mutation,H01-gcd.c,bf207a4afdd7e623be4bd0751bdc1917c0ee550af0f38c0531b25bb726d1710c,symbol,M02,truncate_payload,embedding,MR06,Cross-compiler invariance,preserve,False,True,"payloads=b'Morph-0',b'Morph-0';semantic_equal=True",0.186122,,True,"{""clang_actual"":""clang"",""gcc_actual"":""gcc""}"
pilot_mutation,H01-gcd.c,bf207a4afdd7e623be4bd0751bdc1917c0ee550af0f38c0531b25bb726d1710c,symbol,M02,truncate_payload,embedding,MR07,Optimization invariance,preserve,False,True,"payloads=['Morph-0', 'Morph-0', 'Morph-0'];semantic_equal=True",0.246645,,True,{}
pilot_mutation,H01-gcd.c,bf207a4afdd7e623be4bd0751bdc1917c0ee550af0f38c0531b25bb726d1710c,symbol,M02,truncate_payload,embedding,MR08,Clean-room relocation,preserve,False,True,source_mismatch=b'Morph-0',0.067161,,True,"{""source_hex"":""4d6f7270682d30""}"
pilot_mutation,H01-gcd.c,bf207a4afdd7e623be4bd0751bdc1917c0ee550af0f38c0531b25bb726d1710c,symbol,M02,truncate_payload,embedding,MR09,Carrier-removal rejection,reject,True,False,rejected:absent:watermark symbols not found,0.089928,,True,"{""antecedent_guarded"":true}"
pilot_mutation,H01-gcd.c,bf207a4afdd7e623be4bd0751bdc1917c0ee550af0f38c0531b25bb726d1710c,symbol,M02,truncate_payload,embedding,MR10,Carrier-corruption rejection,reject,True,False,rejected:malformed:inconsistent watermark symbol set,0.077938,,True,"{""antecedent_guarded"":true}"
pilot_mutation,H01-gcd.c,bf207a4afdd7e623be4bd0751bdc1917c0ee550af0f38c0531b25bb726d1710c,symbol,M02,truncate_payload,embedding,MR11,Requested/actual trace agreement,trace,True,False,requested=clang/Os;actual=clang/Os,0.037661,,True,"{""build"":{""actual_compiler"":""clang"",""actual_optimization"":""Os"",""binary"":""WORKDIR/symbol/M02/MR11/trace/build-01/artifact.bin"",""binary_sha256"":""9776f1fdd6bb1ed4894d0e930eec9b56ade7d9b35af5b2020432f9ea461b697b"",""carrier"":""symbol"",""command"":[""clang"",""-std=c11"",""-fno-ident"",""-no-pie"",""-Os"",""WORKDIR/symbol/M02/MR11/trace/build-01/host.c"",""-o"",""WORKDIR/symbol/M02/MR11/trace/build-01/artifact.bin""],""effective_payload_hex"":""4d6f7270682d30"",""key"":""key-alpha"",""mutant_id"":""M02"",""requested_compiler"":""clang"",""requested_optimization"":""Os"",""requested_payload_hex"":""4d6f7270682d3031"",""return_code"":0,""source"":""WORKDIR/symbol/M02/MR11/trace/build-01/host.c"",""source_sha256"":""5163e8743659c9c1fca170bc0338dcef46e3668eaf0a3429fe3c498254acf8a2"",""stderr"":""""}}"
pilot_mutation,H01-gcd.c,bf207a4afdd7e623be4bd0751bdc1917c0ee550af0f38c0531b25bb726d1710c,symbol,M02,truncate_payload,embedding,MR12,Interleaved artifact isolation,separate,False,True,first=b'Morph-0';second=b'Second-',0.092345,,True,{}
pilot_mutation,H01-gcd.c,bf207a4afdd7e623be4bd0751bdc1917c0ee550af0f38c0531b25bb726d1710c,symbol,M02,truncate_payload,embedding,MR13,Reordered extraction independence,preserve,False,True,before=b'Morph-0';after=b'Morph-0',0.165866,,True,{}
pilot_mutation,H01-gcd.c,bf207a4afdd7e623be4bd0751bdc1917c0ee550af0f38c0531b25bb726d1710c,symbol,M02,truncate_payload,embedding,MR14,Rebuild stability,preserve,False,True,first=b'Morph-0';second=b'Morph-0',0.105721,,True,"{""binary_bytes_equal"":true}"
pilot_mutation,H01-gcd.c,bf207a4afdd7e623be4bd0751bdc1917c0ee550af0f38c0531b25bb726d1710c,symbol,M03,flip_payload,embedding,MR01,Round-trip fidelity,preserve,False,True,extracted=b'Lorph-01',0.061844,,True,"{""build"":{""actual_compiler"":""gcc"",""actual_optimization"":""O2"",""binary"":""WORKDIR/symbol/M03/MR01/marked/build-01/artifact.bin"",""binary_sha256"":""5a73880b63d2c6f10977a058b064d40a02767c6a6f80fb790fd2dfa7a79d6da9"",""carrier"":""symbol"",""command"":[""gcc"",""-std=c11"",""-fno-ident"",""-no-pie"",""-O2"",""WORKDIR/symbol/M03/MR01/marked/build-01/host.c"",""-o"",""WORKDIR/symbol/M03/MR01/marked/build-01/artifact.bin""],""effective_payload_hex"":""4c6f7270682d3031"",""key"":""key-alpha"",""mutant_id"":""M03"",""requested_compiler"":""gcc"",""requested_optimization"":""O2"",""requested_payload_hex"":""4d6f7270682d3031"",""return_code"":0,""source"":""WORKDIR/symbol/M03/MR01/marked/build-01/host.c"",""source_sha256"":""e5c4aab85d2d107c876f5440efa877ef9181f2c35916444fda9a4d1c3e330e05"",""stderr"":""""},""extracted_hex"":""4c6f7270682d3031""}"
pilot_mutation,H01-gcd.c,bf207a4afdd7e623be4bd0751bdc1917c0ee550af0f38c0531b25bb726d1710c,symbol,M03,flip_payload,embedding,MR02,Host-semantic preservation,preserve,True,False,mismatch_count=0,0.136929,,True,"{""mismatches"":[]}"
pilot_mutation,H01-gcd.c,bf207a4afdd7e623be4bd0751bdc1917c0ee550af0f38c0531b25bb726d1710c,symbol,M03,flip_payload,embedding,MR03,Unmarked rejection,reject,True,False,rejected:absent:watermark symbols not found,0.053443,,True,"{""unmarked_binary_sha256"":""17288de5d8ffc83b2223ee650ec19f96fa9b779f3eb45b8e2433c730b7a1e3e2""}"
pilot_mutation,H01-gcd.c,bf207a4afdd7e623be4bd0751bdc1917c0ee550af0f38c0531b25bb726d1710c,symbol,M03,flip_payload,embedding,MR04,Wrong-key rejection,reject,True,False,rejected:wrong-key:symbol key tag mismatch,0.066458,,True,"{""antecedent_guarded"":true,""antecedent_hex"":""4d6f7270682d3031""}"
pilot_mutation,H01-gcd.c,bf207a4afdd7e623be4bd0751bdc1917c0ee550af0f38c0531b25bb726d1710c,symbol,M03,flip_payload,embedding,MR05,Payload separation,separate,False,True,first=b'Lorph-01';second=b'Recond-2',0.114472,,True,"{""first_hex"":""4c6f7270682d3031"",""second_hex"":""5265636f6e642d32""}"
pilot_mutation,H01-gcd.c,bf207a4afdd7e623be4bd0751bdc1917c0ee550af0f38c0531b25bb726d1710c,symbol,M03,flip_payload,embedding,MR06,Cross-compiler invariance,preserve,False,True,"payloads=b'Lorph-01',b'Lorph-01';semantic_equal=True",0.168779,,True,"{""clang_actual"":""clang"",""gcc_actual"":""gcc""}"
pilot_mutation,H01-gcd.c,bf207a4afdd7e623be4bd0751bdc1917c0ee550af0f38c0531b25bb726d1710c,symbol,M03,flip_payload,embedding,MR07,Optimization invariance,preserve,False,True,"payloads=['Lorph-01', 'Lorph-01', 'Lorph-01'];semantic_equal=True",0.253112,,True,{}
pilot_mutation,H01-gcd.c,bf207a4afdd7e623be4bd0751bdc1917c0ee550af0f38c0531b25bb726d1710c,symbol,M03,flip_payload,embedding,MR08,Clean-room relocation,preserve,False,True,source_mismatch=b'Lorph-01',0.066927,,True,"{""source_hex"":""4c6f7270682d3031""}"
pilot_mutation,H01-gcd.c,bf207a4afdd7e623be4bd0751bdc1917c0ee550af0f38c0531b25bb726d1710c,symbol,M03,flip_payload,embedding,MR09,Carrier-removal rejection,reject,True,False,rejected:absent:watermark symbols not found,0.042395,,True,"{""antecedent_guarded"":true}"
pilot_mutation,H01-gcd.c,bf207a4afdd7e623be4bd0751bdc1917c0ee550af0f38c0531b25bb726d1710c,symbol,M03,flip_payload,embedding,MR10,Carrier-corruption rejection,reject,True,False,rejected:malformed:inconsistent watermark symbol set,0.07685,,True,"{""antecedent_guarded"":true}"
pilot_mutation,H01-gcd.c,bf207a4afdd7e623be4bd0751bdc1917c0ee550af0f38c0531b25bb726d1710c,symbol,M03,flip_payload,embedding,MR11,Requested/actual trace agreement,trace,True,False,requested=clang/Os;actual=clang/Os,0.087592,,True,"{""build"":{""actual_compiler"":""clang"",""actual_optimization"":""Os"",""binary"":""WORKDIR/symbol/M03/MR11/trace/build-01/artifact.bin"",""binary_sha256"":""660b873dd17c9254a19706c1457a4074f3feda7230fd407f9f67f505cd94b949"",""carrier"":""symbol"",""command"":[""clang"",""-std=c11"",""-fno-ident"",""-no-pie"",""-Os"",""WORKDIR/symbol/M03/MR11/trace/build-01/host.c"",""-o"",""WORKDIR/symbol/M03/MR11/trace/build-01/artifact.bin""],""effective_payload_hex"":""4c6f7270682d3031"",""key"":""key-alpha"",""mutant_id"":""M03"",""requested_compiler"":""clang"",""requested_optimization"":""Os"",""requested_payload_hex"":""4d6f7270682d3031"",""return_code"":0,""source"":""WORKDIR/symbol/M03/MR11/trace/build-01/host.c"",""source_sha256"":""e5c4aab85d2d107c876f5440efa877ef9181f2c35916444fda9a4d1c3e330e05"",""stderr"":""""}}"
pilot_mutation,H01-gcd.c,bf207a4afdd7e623be4bd0751bdc1917c0ee550af0f38c0531b25bb726d1710c,symbol,M03,flip_payload,embedding,MR12,Interleaved artifact isolation,separate,False,True,first=b'Lorph-01';second=b'Recond-2',0.100147,,True,{}
pilot_mutation,H01-gcd.c,bf207a4afdd7e623be4bd0751bdc1917c0ee550af0f38c0531b25bb726d1710c,symbol,M03,flip_payload,embedding,MR13,Reordered extraction independence,preserve,False,True,before=b'Lorph-01';after=b'Lorph-01',0.160527,,True,{}
pilot_mutation,H01-gcd.c,bf207a4afdd7e623be4bd0751bdc1917c0ee550af0f38c0531b25bb726d1710c,symbol,M03,flip_payload,embedding,MR14,Rebuild stability,preserve,False,True,first=b'Lorph-01';second=b'Lorph-01',0.138444,,True,"{""binary_bytes_equal"":true}"
pilot_mutation,H01-gcd.c,bf207a4afdd7e623be4bd0751bdc1917c0ee550af0f38c0531b25bb726d1710c,symbol,M04,fixed_payload,state,MR01,Round-trip fidelity,preserve,False,True,extracted=b'fixed-payload',0.05879,,True,"{""build"":{""actual_compiler"":""gcc"",""actual_optimization"":""O2"",""binary"":""WORKDIR/symbol/M04/MR01/marked/build-01/artifact.bin"",""binary_sha256"":""b7d7ed2bedc904902a580137f042aa44fef74336dd002530a22210cde5444b23"",""carrier"":""symbol"",""command"":[""gcc"",""-std=c11"",""-fno-ident"",""-no-pie"",""-O2"",""WORKDIR/symbol/M04/MR01/marked/build-01/host.c"",""-o"",""WORKDIR/symbol/M04/MR01/marked/build-01/artifact.bin""],""effective_payload_hex"":""66697865642d7061796c6f6164"",""key"":""key-alpha"",""mutant_id"":""M04"",""requested_compiler"":""gcc"",""requested_optimization"":""O2"",""requested_payload_hex"":""4d6f7270682d3031"",""return_code"":0,""source"":""WORKDIR/symbol/M04/MR01/marked/build-01/host.c"",""source_sha256"":""73ce8a470345e05c4006575c5231e74e4b5ec91e168c9301dd59a101b7cd6034"",""stderr"":""""},""extracted_hex"":""66697865642d7061796c6f6164""}"
pilot_mutation,H01-gcd.c,bf207a4afdd7e623be4bd0751bdc1917c0ee550af0f38c0531b25bb726d1710c,symbol,M04,fixed_payload,state,MR02,Host-semantic preservation,preserve,True,False,mismatch_count=0,0.138432,,True,"{""mismatches"":[]}"
pilot_mutation,H01-gcd.c,bf207a4afdd7e623be4bd0751bdc1917c0ee550af0f38c0531b25bb726d1710c,symbol,M04,fixed_payload,state,MR03,Unmarked rejection,reject,True,False,rejected:absent:watermark symbols not found,0.046786,,True,"{""unmarked_binary_sha256"":""17288de5d8ffc83b2223ee650ec19f96fa9b779f3eb45b8e2433c730b7a1e3e2""}"
pilot_mutation,H01-gcd.c,bf207a4afdd7e623be4bd0751bdc1917c0ee550af0f38c0531b25bb726d1710c,symbol,M04,fixed_payload,state,MR04,Wrong-key rejection,reject,True,False,rejected:wrong-key:symbol key tag mismatch,0.074763,,True,"{""antecedent_guarded"":true,""antecedent_hex"":""4d6f7270682d3031""}"
pilot_mutation,H01-gcd.c,bf207a4afdd7e623be4bd0751bdc1917c0ee550af0f38c0531b25bb726d1710c,symbol,M04,fixed_payload,state,MR05,Payload separation,separate,False,True,first=b'fixed-payload';second=b'fixed-payload',0.102099,,True,"{""first_hex"":""66697865642d7061796c6f6164"",""second_hex"":""66697865642d7061796c6f6164""}"
pilot_mutation,H01-gcd.c,bf207a4afdd7e623be4bd0751bdc1917c0ee550af0f38c0531b25bb726d1710c,symbol,M04,fixed_payload,state,MR06,Cross-compiler invariance,preserve,False,True,"payloads=b'fixed-payload',b'fixed-payload';semantic_equal=True",0.198158,,True,"{""clang_actual"":""clang"",""gcc_actual"":""gcc""}"
pilot_mutation,H01-gcd.c,bf207a4afdd7e623be4bd0751bdc1917c0ee550af0f38c0531b25bb726d1710c,symbol,M04,fixed_payload,state,MR07,Optimization invariance,preserve,False,True,"payloads=['fixed-payload', 'fixed-payload', 'fixed-payload'];semantic_equal=True",0.251322,,True,{}
pilot_mutation,H01-gcd.c,bf207a4afdd7e623be4bd0751bdc1917c0ee550af0f38c0531b25bb726d1710c,symbol,M04,fixed_payload,state,MR08,Clean-room relocation,preserve,False,True,source_mismatch=b'fixed-payload',0.046357,,True,"{""source_hex"":""66697865642d7061796c6f6164""}"
pilot_mutation,H01-gcd.c,bf207a4afdd7e623be4bd0751bdc1917c0ee550af0f38c0531b25bb726d1710c,symbol,M04,fixed_payload,state,MR09,Carrier-removal rejection,reject,True,False,rejected:absent:watermark symbols not found,0.042991,,True,"{""antecedent_guarded"":true}"
pilot_mutation,H01-gcd.c,bf207a4afdd7e623be4bd0751bdc1917c0ee550af0f38c0531b25bb726d1710c,symbol,M04,fixed_payload,state,MR10,Carrier-corruption rejection,reject,True,False,rejected:malformed:inconsistent watermark symbol set,0.082855,,True,"{""antecedent_guarded"":true}"
pilot_mutation,H01-gcd.c,bf207a4afdd7e623be4bd0751bdc1917c0ee550af0f38c0531b25bb726d1710c,symbol,M04,fixed_payload,state,MR11,Requested/actual trace agreement,trace,True,False,requested=clang/Os;actual=clang/Os,0.080555,,True,"{""build"":{""actual_compiler"":""clang"",""actual_optimization"":""Os"",""binary"":""WORKDIR/symbol/M04/MR11/trace/build-01/artifact.bin"",""binary_sha256"":""ebc4f477a926b6cb32185b8d2c9f790fda190bc20f320e1a45a6535aca240791"",""carrier"":""symbol"",""command"":[""clang"",""-std=c11"",""-fno-ident"",""-no-pie"",""-Os"",""WORKDIR/symbol/M04/MR11/trace/build-01/host.c"",""-o"",""WORKDIR/symbol/M04/MR11/trace/build-01/artifact.bin""],""effective_payload_hex"":""66697865642d7061796c6f6164"",""key"":""key-alpha"",""mutant_id"":""M04"",""requested_compiler"":""clang"",""requested_optimization"":""Os"",""requested_payload_hex"":""4d6f7270682d3031"",""return_code"":0,""source"":""WORKDIR/symbol/M04/MR11/trace/build-01/host.c"",""source_sha256"":""73ce8a470345e05c4006575c5231e74e4b5ec91e168c9301dd59a101b7cd6034"",""stderr"":""""}}"
pilot_mutation,H01-gcd.c,bf207a4afdd7e623be4bd0751bdc1917c0ee550af0f38c0531b25bb726d1710c,symbol,M04,fixed_payload,state,MR12,Interleaved artifact isolation,separate,False,True,first=b'fixed-payload';second=b'fixed-payload',0.136616,,True,{}
pilot_mutation,H01-gcd.c,bf207a4afdd7e623be4bd0751bdc1917c0ee550af0f38c0531b25bb726d1710c,symbol,M04,fixed_payload,state,MR13,Reordered extraction independence,preserve,False,True,before=b'fixed-payload';after=b'fixed-payload',0.130253,,True,{}
pilot_mutation,H01-gcd.c,bf207a4afdd7e623be4bd0751bdc1917c0ee550af0f38c0531b25bb726d1710c,symbol,M04,fixed_payload,state,MR14,Rebuild stability,preserve,False,True,first=b'fixed-payload';second=b'fixed-payload',0.101134,,True,"{""binary_bytes_equal"":true}"
pilot_mutation,H01-gcd.c,bf207a4afdd7e623be4bd0751bdc1917c0ee550af0f38c0531b25bb726d1710c,symbol,M05,lower_payload,normalization,MR01,Round-trip fidelity,preserve,False,True,extracted=b'morph-01',0.088938,,True,"{""build"":{""actual_compiler"":""gcc"",""actual_optimization"":""O2"",""binary"":""WORKDIR/symbol/M05/MR01/marked/build-01/artifact.bin"",""binary_sha256"":""df94aef40b49eb41cca06569e954a285c65b6fd025a1475446712f1f1b07be91"",""carrier"":""symbol"",""command"":[""gcc"",""-std=c11"",""-fno-ident"",""-no-pie"",""-O2"",""WORKDIR/symbol/M05/MR01/marked/build-01/host.c"",""-o"",""WORKDIR/symbol/M05/MR01/marked/build-01/artifact.bin""],""effective_payload_hex"":""6d6f7270682d3031"",""key"":""key-alpha"",""mutant_id"":""M05"",""requested_compiler"":""gcc"",""requested_optimization"":""O2"",""requested_payload_hex"":""4d6f7270682d3031"",""return_code"":0,""source"":""WORKDIR/symbol/M05/MR01/marked/build-01/host.c"",""source_sha256"":""b16668dd694ead251ef9b615978b9ac0e42cff2db592332b669df9c8b65d70de"",""stderr"":""""},""extracted_hex"":""6d6f7270682d3031""}"
pilot_mutation,H01-gcd.c,bf207a4afdd7e623be4bd0751bdc1917c0ee550af0f38c0531b25bb726d1710c,symbol,M05,lower_payload,normalization,MR02,Host-semantic preservation,preserve,True,False,mismatch_count=0,0.129484,,True,"{""mismatches"":[]}"
pilot_mutation,H01-gcd.c,bf207a4afdd7e623be4bd0751bdc1917c0ee550af0f38c0531b25bb726d1710c,symbol,M05,lower_payload,normalization,MR03,Unmarked rejection,reject,True,False,rejected:absent:watermark symbols not found,0.059873,,True,"{""unmarked_binary_sha256"":""17288de5d8ffc83b2223ee650ec19f96fa9b779f3eb45b8e2433c730b7a1e3e2""}"
pilot_mutation,H01-gcd.c,bf207a4afdd7e623be4bd0751bdc1917c0ee550af0f38c0531b25bb726d1710c,symbol,M05,lower_payload,normalization,MR04,Wrong-key rejection,reject,True,False,rejected:wrong-key:symbol key tag mismatch,0.069245,,True,"{""antecedent_guarded"":true,""antecedent_hex"":""4d6f7270682d3031""}"
pilot_mutation,H01-gcd.c,bf207a4afdd7e623be4bd0751bdc1917c0ee550af0f38c0531b25bb726d1710c,symbol,M05,lower_payload,normalization,MR05,Payload separation,separate,False,True,first=b'morph-01';second=b'second-2',0.10801,,True,"{""first_hex"":""6d6f7270682d3031"",""second_hex"":""7365636f6e642d32""}"
pilot_mutation,H01-gcd.c,bf207a4afdd7e623be4bd0751bdc1917c0ee550af0f38c0531b25bb726d1710c,symbol,M05,lower_payload,normalization,MR06,Cross-compiler invariance,preserve,False,True,"payloads=b'morph-01',b'morph-01';semantic_equal=True",0.202087,,True,"{""clang_actual"":""clang"",""gcc_actual"":""gcc""}"
pilot_mutation,H01-gcd.c,bf207a4afdd7e623be4bd0751bdc1917c0ee550af0f38c0531b25bb726d1710c,symbol,M05,lower_payload,normalization,MR07,Optimization invariance,preserve,False,True,"payloads=['morph-01', 'morph-01', 'morph-01'];semantic_equal=True",0.197489,,True,{}
pilot_mutation,H01-gcd.c,bf207a4afdd7e623be4bd0751bdc1917c0ee550af0f38c0531b25bb726d1710c,symbol,M05,lower_payload,normalization,MR08,Clean-room relocation,preserve,False,True,source_mismatch=b'morph-01',0.056629,,True,"{""source_hex"":""6d6f7270682d3031""}"
pilot_mutation,H01-gcd.c,bf207a4afdd7e623be4bd0751bdc1917c0ee550af0f38c0531b25bb726d1710c,symbol,M05,lower_payload,normalization,MR09,Carrier-removal rejection,reject,True,False,rejected:absent:watermark symbols not found,0.059633,,True,"{""antecedent_guarded"":true}"
pilot_mutation,H01-gcd.c,bf207a4afdd7e623be4bd0751bdc1917c0ee550af0f38c0531b25bb726d1710c,symbol,M05,lower_payload,normalization,MR10,Carrier-corruption rejection,reject,True,False,rejected:malformed:inconsistent watermark symbol set,0.097089,,True,"{""antecedent_guarded"":true}"
pilot_mutation,H01-gcd.c,bf207a4afdd7e623be4bd0751bdc1917c0ee550af0f38c0531b25bb726d1710c,symbol,M05,lower_payload,normalization,MR11,Requested/actual trace agreement,trace,True,False,requested=clang/Os;actual=clang/Os,0.049893,,True,"{""build"":{""actual_compiler"":""clang"",""actual_optimization"":""Os"",""binary"":""WORKDIR/symbol/M05/MR11/trace/build-01/artifact.bin"",""binary_sha256"":""18c51982a9f2b75890f7c7843c42bfa0f10e78e0a9e6f3131cc85343817a97d8"",""carrier"":""symbol"",""command"":[""clang"",""-std=c11"",""-fno-ident"",""-no-pie"",""-Os"",""WORKDIR/symbol/M05/MR11/trace/build-01/host.c"",""-o"",""WORKDIR/symbol/M05/MR11/trace/build-01/artifact.bin""],""effective_payload_hex"":""6d6f7270682d3031"",""key"":""key-alpha"",""mutant_id"":""M05"",""requested_compiler"":""clang"",""requested_optimization"":""Os"",""requested_payload_hex"":""4d6f7270682d3031"",""return_code"":0,""source"":""WORKDIR/symbol/M05/MR11/trace/build-01/host.c"",""source_sha256"":""b16668dd694ead251ef9b615978b9ac0e42cff2db592332b669df9c8b65d70de"",""stderr"":""""}}"
pilot_mutation,H01-gcd.c,bf207a4afdd7e623be4bd0751bdc1917c0ee550af0f38c0531b25bb726d1710c,symbol,M05,lower_payload,normalization,MR12,Interleaved artifact isolation,separate,False,True,first=b'morph-01';second=b'second-2',0.144329,,True,{}
pilot_mutation,H01-gcd.c,bf207a4afdd7e623be4bd0751bdc1917c0ee550af0f38c0531b25bb726d1710c,symbol,M05,lower_payload,normalization,MR13,Reordered extraction independence,preserve,False,True,before=b'morph-01';after=b'morph-01',0.120806,,True,{}
pilot_mutation,H01-gcd.c,bf207a4afdd7e623be4bd0751bdc1917c0ee550af0f38c0531b25bb726d1710c,symbol,M05,lower_payload,normalization,MR14,Rebuild stability,preserve,False,True,first=b'morph-01';second=b'morph-01',0.113353,,True,"{""binary_bytes_equal"":true}"
pilot_mutation,H01-gcd.c,bf207a4afdd7e623be4bd0751bdc1917c0ee550af0f38c0531b25bb726d1710c,symbol,M06,key_ignored,authentication,MR01,Round-trip fidelity,preserve,True,False,extracted=b'Morph-01',0.089683,,True,"{""build"":{""actual_compiler"":""gcc"",""actual_optimization"":""O2"",""binary"":""WORKDIR/symbol/M06/MR01/marked/build-01/artifact.bin"",""binary_sha256"":""caeb74cc6a626d8c23109980a1f8d4ecf5696600ef63994b6a5f7bfcf210eed1"",""carrier"":""symbol"",""command"":[""gcc"",""-std=c11"",""-fno-ident"",""-no-pie"",""-O2"",""WORKDIR/symbol/M06/MR01/marked/build-01/host.c"",""-o"",""WORKDIR/symbol/M06/MR01/marked/build-01/artifact.bin""],""effective_payload_hex"":""4d6f7270682d3031"",""key"":""key-alpha"",""mutant_id"":""M06"",""requested_compiler"":""gcc"",""requested_optimization"":""O2"",""requested_payload_hex"":""4d6f7270682d3031"",""return_code"":0,""source"":""WORKDIR/symbol/M06/MR01/marked/build-01/host.c"",""source_sha256"":""9d97f481224f56b667922903e1df9337dbc21b9eeb732be3b8d6cf8decc567cf"",""stderr"":""""},""extracted_hex"":""4d6f7270682d3031""}"
pilot_mutation,H01-gcd.c,bf207a4afdd7e623be4bd0751bdc1917c0ee550af0f38c0531b25bb726d1710c,symbol,M06,key_ignored,authentication,MR02,Host-semantic preservation,preserve,True,False,mismatch_count=0,0.100371,,True,"{""mismatches"":[]}"
pilot_mutation,H01-gcd.c,bf207a4afdd7e623be4bd0751bdc1917c0ee550af0f38c0531b25bb726d1710c,symbol,M06,key_ignored,authentication,MR03,Unmarked rejection,reject,True,False,rejected:absent:watermark symbols not found,0.035069,,True,"{""unmarked_binary_sha256"":""17288de5d8ffc83b2223ee650ec19f96fa9b779f3eb45b8e2433c730b7a1e3e2""}"
pilot_mutation,H01-gcd.c,bf207a4afdd7e623be4bd0751bdc1917c0ee550af0f38c0531b25bb726d1710c,symbol,M06,key_ignored,authentication,MR04,Wrong-key rejection,reject,False,True,accepted:b'Morph-01',0.061927,,True,"{""antecedent_guarded"":true,""antecedent_hex"":""4d6f7270682d3031""}"
pilot_mutation,H01-gcd.c,bf207a4afdd7e623be4bd0751bdc1917c0ee550af0f38c0531b25bb726d1710c,symbol,M06,key_ignored,authentication,MR05,Payload separation,separate,True,False,first=b'Morph-01';second=b'Second-2',0.126549,,True,"{""first_hex"":""4d6f7270682d3031"",""second_hex"":""5365636f6e642d32""}"
pilot_mutation,H01-gcd.c,bf207a4afdd7e623be4bd0751bdc1917c0ee550af0f38c0531b25bb726d1710c,symbol,M06,key_ignored,authentication,MR06,Cross-compiler invariance,preserve,True,False,"payloads=b'Morph-01',b'Morph-01';semantic_equal=True",0.189215,,True,"{""clang_actual"":""clang"",""gcc_actual"":""gcc""}"
pilot_mutation,H01-gcd.c,bf207a4afdd7e623be4bd0751bdc1917c0ee550af0f38c0531b25bb726d1710c,symbol,M06,key_ignored,authentication,MR07,Optimization invariance,preserve,True,False,"payloads=['Morph-01', 'Morph-01', 'Morph-01'];semantic_equal=True",0.200599,,True,{}
pilot_mutation,H01-gcd.c,bf207a4afdd7e623be4bd0751bdc1917c0ee550af0f38c0531b25bb726d1710c,symbol,M06,key_ignored,authentication,MR08,Clean-room relocation,preserve,True,False,relocated=b'Morph-01',0.068779,,True,"{""clean_room_entries"":[""renamed-artifact.bin""],""relocated_hex"":""4d6f7270682d3031""}"
pilot_mutation,H01-gcd.c,bf207a4afdd7e623be4bd0751bdc1917c0ee550af0f38c0531b25bb726d1710c,symbol,M06,key_ignored,authentication,MR09,Carrier-removal rejection,reject,True,False,rejected:absent:watermark symbols not found,0.084827,,True,"{""antecedent_guarded"":true}"
pilot_mutation,H01-gcd.c,bf207a4afdd7e623be4bd0751bdc1917c0ee550af0f38c0531b25bb726d1710c,symbol,M06,key_ignored,authentication,MR10,Carrier-corruption rejection,reject,True,False,rejected:malformed:inconsistent watermark symbol set,0.081426,,True,"{""antecedent_guarded"":true}"
pilot_mutation,H01-gcd.c,bf207a4afdd7e623be4bd0751bdc1917c0ee550af0f38c0531b25bb726d1710c,symbol,M06,key_ignored,authentication,MR11,Requested/actual trace agreement,trace,True,False,requested=clang/Os;actual=clang/Os,0.08294,,True,"{""build"":{""actual_compiler"":""clang"",""actual_optimization"":""Os"",""binary"":""WORKDIR/symbol/M06/MR11/trace/build-01/artifact.bin"",""binary_sha256"":""755b72694df8fb0d5c405c9f34bb01b2ee5fc724e811fcf92d0794f7ec335695"",""carrier"":""symbol"",""command"":[""clang"",""-std=c11"",""-fno-ident"",""-no-pie"",""-Os"",""WORKDIR/symbol/M06/MR11/trace/build-01/host.c"",""-o"",""WORKDIR/symbol/M06/MR11/trace/build-01/artifact.bin""],""effective_payload_hex"":""4d6f7270682d3031"",""key"":""key-alpha"",""mutant_id"":""M06"",""requested_compiler"":""clang"",""requested_optimization"":""Os"",""requested_payload_hex"":""4d6f7270682d3031"",""return_code"":0,""source"":""WORKDIR/symbol/M06/MR11/trace/build-01/host.c"",""source_sha256"":""9d97f481224f56b667922903e1df9337dbc21b9eeb732be3b8d6cf8decc567cf"",""stderr"":""""}}"
pilot_mutation,H01-gcd.c,bf207a4afdd7e623be4bd0751bdc1917c0ee550af0f38c0531b25bb726d1710c,symbol,M06,key_ignored,authentication,MR12,Interleaved artifact isolation,separate,True,False,first=b'Morph-01';second=b'Second-2',0.117034,,True,{}
pilot_mutation,H01-gcd.c,bf207a4afdd7e623be4bd0751bdc1917c0ee550af0f38c0531b25bb726d1710c,symbol,M06,key_ignored,authentication,MR13,Reordered extraction independence,preserve,True,False,before=b'Morph-01';after=b'Morph-01',0.14341,,True,{}
pilot_mutation,H01-gcd.c,bf207a4afdd7e623be4bd0751bdc1917c0ee550af0f38c0531b25bb726d1710c,symbol,M06,key_ignored,authentication,MR14,Rebuild stability,preserve,True,False,first=b'Morph-01';second=b'Morph-01',0.107974,,True,"{""binary_bytes_equal"":true}"
pilot_mutation,H01-gcd.c,bf207a4afdd7e623be4bd0751bdc1917c0ee550af0f38c0531b25bb726d1710c,symbol,M07,sidecar_oracle,artifact binding,MR01,Round-trip fidelity,preserve,True,False,extracted=b'Morph-01',0.071374,,True,"{""build"":{""actual_compiler"":""gcc"",""actual_optimization"":""O2"",""binary"":""WORKDIR/symbol/M07/MR01/marked/build-01/artifact.bin"",""binary_sha256"":""7b713450f899744a0e9c1995e1ea83c762e52b3b03c45f82418d86193b6be1a1"",""carrier"":""symbol"",""command"":[""gcc"",""-std=c11"",""-fno-ident"",""-no-pie"",""-O2"",""WORKDIR/symbol/M07/MR01/marked/build-01/host.c"",""-o"",""WORKDIR/symbol/M07/MR01/marked/build-01/artifact.bin""],""effective_payload_hex"":""4d6f7270682d3031"",""key"":""key-alpha"",""mutant_id"":""M07"",""requested_compiler"":""gcc"",""requested_optimization"":""O2"",""requested_payload_hex"":""4d6f7270682d3031"",""return_code"":0,""source"":""WORKDIR/symbol/M07/MR01/marked/build-01/host.c"",""source_sha256"":""45e69a3841e4e8368c9380bdbc2f287b38fe1665811764759930b7957a59ce6a"",""stderr"":""""},""extracted_hex"":""4d6f7270682d3031""}"
pilot_mutation,H01-gcd.c,bf207a4afdd7e623be4bd0751bdc1917c0ee550af0f38c0531b25bb726d1710c,symbol,M07,sidecar_oracle,artifact binding,MR02,Host-semantic preservation,preserve,True,False,mismatch_count=0,0.15788,,True,"{""mismatches"":[]}"
pilot_mutation,H01-gcd.c,bf207a4afdd7e623be4bd0751bdc1917c0ee550af0f38c0531b25bb726d1710c,symbol,M07,sidecar_oracle,artifact binding,MR03,Unmarked rejection,reject,True,False,rejected:sidecar:adjacent sidecar is missing,0.056915,,True,"{""unmarked_binary_sha256"":""17288de5d8ffc83b2223ee650ec19f96fa9b779f3eb45b8e2433c730b7a1e3e2""}"
pilot_mutation,H01-gcd.c,bf207a4afdd7e623be4bd0751bdc1917c0ee550af0f38c0531b25bb726d1710c,symbol,M07,sidecar_oracle,artifact binding,MR04,Wrong-key rejection,reject,True,False,rejected:wrong-key:sidecar key mismatch,0.049529,,True,"{""antecedent_guarded"":true,""antecedent_hex"":""4d6f7270682d3031""}"
pilot_mutation,H01-gcd.c,bf207a4afdd7e623be4bd0751bdc1917c0ee550af0f38c0531b25bb726d1710c,symbol,M07,sidecar_oracle,artifact binding,MR05,Payload separation,separate,True,False,first=b'Morph-01';second=b'Second-2',0.140444,,True,"{""first_hex"":""4d6f7270682d3031"",""second_hex"":""5365636f6e642d32""}"
pilot_mutation,H01-gcd.c,bf207a4afdd7e623be4bd0751bdc1917c0ee550af0f38c0531b25bb726d1710c,symbol,M07,sidecar_oracle,artifact binding,MR06,Cross-compiler invariance,preserve,True,False,"payloads=b'Morph-01',b'Morph-01';semantic_equal=True",0.150119,,True,"{""clang_actual"":""clang"",""gcc_actual"":""gcc""}"
pilot_mutation,H01-gcd.c,bf207a4afdd7e623be4bd0751bdc1917c0ee550af0f38c0531b25bb726d1710c,symbol,M07,sidecar_oracle,artifact binding,MR07,Optimization invariance,preserve,True,False,"payloads=['Morph-01', 'Morph-01', 'Morph-01'];semantic_equal=True",0.179818,,True,{}
pilot_mutation,H01-gcd.c,bf207a4afdd7e623be4bd0751bdc1917c0ee550af0f38c0531b25bb726d1710c,symbol,M07,sidecar_oracle,artifact binding,MR08,Clean-room relocation,preserve,False,True,exception:ExtractionError:adjacent sidecar is missing,0.080151,ExtractionError,True,{}
pilot_mutation,H01-gcd.c,bf207a4afdd7e623be4bd0751bdc1917c0ee550af0f38c0531b25bb726d1710c,symbol,M07,sidecar_oracle,artifact binding,MR09,Carrier-removal rejection,reject,True,False,rejected:sidecar:adjacent sidecar is missing,0.073019,,True,"{""antecedent_guarded"":true}"
pilot_mutation,H01-gcd.c,bf207a4afdd7e623be4bd0751bdc1917c0ee550af0f38c0531b25bb726d1710c,symbol,M07,sidecar_oracle,artifact binding,MR10,Carrier-corruption rejection,reject,True,False,rejected:sidecar:adjacent sidecar is missing,0.070411,,True,"{""antecedent_guarded"":true}"
pilot_mutation,H01-gcd.c,bf207a4afdd7e623be4bd0751bdc1917c0ee550af0f38c0531b25bb726d1710c,symbol,M07,sidecar_oracle,artifact binding,MR11,Requested/actual trace agreement,trace,True,False,requested=clang/Os;actual=clang/Os,0.087574,,True,"{""build"":{""actual_compiler"":""clang"",""actual_optimization"":""Os"",""binary"":""WORKDIR/symbol/M07/MR11/trace/build-01/artifact.bin"",""binary_sha256"":""25e0d918cd8ff7cc194ede1eb56d7dc89089e033832c65ca5cceab6c9faa446b"",""carrier"":""symbol"",""command"":[""clang"",""-std=c11"",""-fno-ident"",""-no-pie"",""-Os"",""WORKDIR/symbol/M07/MR11/trace/build-01/host.c"",""-o"",""WORKDIR/symbol/M07/MR11/trace/build-01/artifact.bin""],""effective_payload_hex"":""4d6f7270682d3031"",""key"":""key-alpha"",""mutant_id"":""M07"",""requested_compiler"":""clang"",""requested_optimization"":""Os"",""requested_payload_hex"":""4d6f7270682d3031"",""return_code"":0,""source"":""WORKDIR/symbol/M07/MR11/trace/build-01/host.c"",""source_sha256"":""45e69a3841e4e8368c9380bdbc2f287b38fe1665811764759930b7957a59ce6a"",""stderr"":""""}}"
pilot_mutation,H01-gcd.c,bf207a4afdd7e623be4bd0751bdc1917c0ee550af0f38c0531b25bb726d1710c,symbol,M07,sidecar_oracle,artifact binding,MR12,Interleaved artifact isolation,separate,True,False,first=b'Morph-01';second=b'Second-2',0.111506,,True,{}
pilot_mutation,H01-gcd.c,bf207a4afdd7e623be4bd0751bdc1917c0ee550af0f38c0531b25bb726d1710c,symbol,M07,sidecar_oracle,artifact binding,MR13,Reordered extraction independence,preserve,True,False,before=b'Morph-01';after=b'Morph-01',0.107909,,True,{}
pilot_mutation,H01-gcd.c,bf207a4afdd7e623be4bd0751bdc1917c0ee550af0f38c0531b25bb726d1710c,symbol,M07,sidecar_oracle,artifact binding,MR14,Rebuild stability,preserve,True,False,first=b'Morph-01';second=b'Morph-01',0.103745,,True,"{""binary_bytes_equal"":true}"
pilot_mutation,H01-gcd.c,bf207a4afdd7e623be4bd0751bdc1917c0ee550af0f38c0531b25bb726d1710c,symbol,M08,global_cache_oracle,state,MR01,Round-trip fidelity,preserve,True,False,extracted=b'Morph-01',0.073025,,True,"{""build"":{""actual_compiler"":""gcc"",""actual_optimization"":""O2"",""binary"":""WORKDIR/symbol/M08/MR01/marked/build-01/artifact.bin"",""binary_sha256"":""7b713450f899744a0e9c1995e1ea83c762e52b3b03c45f82418d86193b6be1a1"",""carrier"":""symbol"",""command"":[""gcc"",""-std=c11"",""-fno-ident"",""-no-pie"",""-O2"",""WORKDIR/symbol/M08/MR01/marked/build-01/host.c"",""-o"",""WORKDIR/symbol/M08/MR01/marked/build-01/artifact.bin""],""effective_payload_hex"":""4d6f7270682d3031"",""key"":""key-alpha"",""mutant_id"":""M08"",""requested_compiler"":""gcc"",""requested_optimization"":""O2"",""requested_payload_hex"":""4d6f7270682d3031"",""return_code"":0,""source"":""WORKDIR/symbol/M08/MR01/marked/build-01/host.c"",""source_sha256"":""45e69a3841e4e8368c9380bdbc2f287b38fe1665811764759930b7957a59ce6a"",""stderr"":""""},""extracted_hex"":""4d6f7270682d3031""}"
pilot_mutation,H01-gcd.c,bf207a4afdd7e623be4bd0751bdc1917c0ee550af0f38c0531b25bb726d1710c,symbol,M08,global_cache_oracle,state,MR02,Host-semantic preservation,preserve,True,False,mismatch_count=0,0.155068,,True,"{""mismatches"":[]}"
pilot_mutation,H01-gcd.c,bf207a4afdd7e623be4bd0751bdc1917c0ee550af0f38c0531b25bb726d1710c,symbol,M08,global_cache_oracle,state,MR03,Unmarked rejection,reject,True,False,rejected:absent:watermark symbols not found,0.06179,,True,"{""unmarked_binary_sha256"":""17288de5d8ffc83b2223ee650ec19f96fa9b779f3eb45b8e2433c730b7a1e3e2""}"
pilot_mutation,H01-gcd.c,bf207a4afdd7e623be4bd0751bdc1917c0ee550af0f38c0531b25bb726d1710c,symbol,M08,global_cache_oracle,state,MR04,Wrong-key rejection,reject,False,True,accepted:b'Morph-01',0.068383,,True,"{""antecedent_guarded"":true,""antecedent_hex"":""4d6f7270682d3031""}"
pilot_mutation,H01-gcd.c,bf207a4afdd7e623be4bd0751bdc1917c0ee550af0f38c0531b25bb726d1710c,symbol,M08,global_cache_oracle,state,MR05,Payload separation,separate,False,True,first=b'Second-2';second=b'Second-2',0.140764,,True,"{""first_hex"":""5365636f6e642d32"",""second_hex"":""5365636f6e642d32""}"
pilot_mutation,H01-gcd.c,bf207a4afdd7e623be4bd0751bdc1917c0ee550af0f38c0531b25bb726d1710c,symbol,M08,global_cache_oracle,state,MR06,Cross-compiler invariance,preserve,True,False,"payloads=b'Morph-01',b'Morph-01';semantic_equal=True",0.151895,,True,"{""clang_actual"":""clang"",""gcc_actual"":""gcc""}"
pilot_mutation,H01-gcd.c,bf207a4afdd7e623be4bd0751bdc1917c0ee550af0f38c0531b25bb726d1710c,symbol,M08,global_cache_oracle,state,MR07,Optimization invariance,preserve,True,False,"payloads=['Morph-01', 'Morph-01', 'Morph-01'];semantic_equal=True",0.218677,,True,{}
pilot_mutation,H01-gcd.c,bf207a4afdd7e623be4bd0751bdc1917c0ee550af0f38c0531b25bb726d1710c,symbol,M08,global_cache_oracle,state,MR08,Clean-room relocation,preserve,True,False,relocated=b'Morph-01',0.045,,True,"{""clean_room_entries"":[""renamed-artifact.bin""],""relocated_hex"":""4d6f7270682d3031""}"
pilot_mutation,H01-gcd.c,bf207a4afdd7e623be4bd0751bdc1917c0ee550af0f38c0531b25bb726d1710c,symbol,M08,global_cache_oracle,state,MR09,Carrier-removal rejection,reject,False,True,spurious robustness:accepted:b'Morph-01',0.071022,,True,"{""antecedent_guarded"":true}"
pilot_mutation,H01-gcd.c,bf207a4afdd7e623be4bd0751bdc1917c0ee550af0f38c0531b25bb726d1710c,symbol,M08,global_cache_oracle,state,MR10,Carrier-corruption rejection,reject,False,True,corruption accepted:accepted:b'Morph-01',0.081388,,True,"{""antecedent_guarded"":true}"
pilot_mutation,H01-gcd.c,bf207a4afdd7e623be4bd0751bdc1917c0ee550af0f38c0531b25bb726d1710c,symbol,M08,global_cache_oracle,state,MR11,Requested/actual trace agreement,trace,True,False,requested=clang/Os;actual=clang/Os,0.071486,,True,"{""build"":{""actual_compiler"":""clang"",""actual_optimization"":""Os"",""binary"":""WORKDIR/symbol/M08/MR11/trace/build-01/artifact.bin"",""binary_sha256"":""25e0d918cd8ff7cc194ede1eb56d7dc89089e033832c65ca5cceab6c9faa446b"",""carrier"":""symbol"",""command"":[""clang"",""-std=c11"",""-fno-ident"",""-no-pie"",""-Os"",""WORKDIR/symbol/M08/MR11/trace/build-01/host.c"",""-o"",""WORKDIR/symbol/M08/MR11/trace/build-01/artifact.bin""],""effective_payload_hex"":""4d6f7270682d3031"",""key"":""key-alpha"",""mutant_id"":""M08"",""requested_compiler"":""clang"",""requested_optimization"":""Os"",""requested_payload_hex"":""4d6f7270682d3031"",""return_code"":0,""source"":""WORKDIR/symbol/M08/MR11/trace/build-01/host.c"",""source_sha256"":""45e69a3841e4e8368c9380bdbc2f287b38fe1665811764759930b7957a59ce6a"",""stderr"":""""}}"
pilot_mutation,H01-gcd.c,bf207a4afdd7e623be4bd0751bdc1917c0ee550af0f38c0531b25bb726d1710c,symbol,M08,global_cache_oracle,state,MR12,Interleaved artifact isolation,separate,False,True,first=b'Second-2';second=b'Second-2',0.139522,,True,{}
pilot_mutation,H01-gcd.c,bf207a4afdd7e623be4bd0751bdc1917c0ee550af0f38c0531b25bb726d1710c,symbol,M08,global_cache_oracle,state,MR13,Reordered extraction independence,preserve,False,True,before=b'Morph-01';after=b'Second-2',0.156592,,True,{}
pilot_mutation,H01-gcd.c,bf207a4afdd7e623be4bd0751bdc1917c0ee550af0f38c0531b25bb726d1710c,symbol,M08,global_cache_oracle,state,MR14,Rebuild stability,preserve,True,False,first=b'Morph-01';second=b'Morph-01',0.116906,,True,"{""binary_bytes_equal"":true}"
pilot_mutation,H01-gcd.c,bf207a4afdd7e623be4bd0751bdc1917c0ee550af0f38c0531b25bb726d1710c,symbol,M09,unmarked_default,false positive,MR01,Round-trip fidelity,preserve,True,False,extracted=b'Morph-01',0.052671,,True,"{""build"":{""actual_compiler"":""gcc"",""actual_optimization"":""O2"",""binary"":""WORKDIR/symbol/M09/MR01/marked/build-01/artifact.bin"",""binary_sha256"":""7b713450f899744a0e9c1995e1ea83c762e52b3b03c45f82418d86193b6be1a1"",""carrier"":""symbol"",""command"":[""gcc"",""-std=c11"",""-fno-ident"",""-no-pie"",""-O2"",""WORKDIR/symbol/M09/MR01/marked/build-01/host.c"",""-o"",""WORKDIR/symbol/M09/MR01/marked/build-01/artifact.bin""],""effective_payload_hex"":""4d6f7270682d3031"",""key"":""key-alpha"",""mutant_id"":""M09"",""requested_compiler"":""gcc"",""requested_optimization"":""O2"",""requested_payload_hex"":""4d6f7270682d3031"",""return_code"":0,""source"":""WORKDIR/symbol/M09/MR01/marked/build-01/host.c"",""source_sha256"":""45e69a3841e4e8368c9380bdbc2f287b38fe1665811764759930b7957a59ce6a"",""stderr"":""""},""extracted_hex"":""4d6f7270682d3031""}"
pilot_mutation,H01-gcd.c,bf207a4afdd7e623be4bd0751bdc1917c0ee550af0f38c0531b25bb726d1710c,symbol,M09,unmarked_default,false positive,MR02,Host-semantic preservation,preserve,True,False,mismatch_count=0,0.114301,,True,"{""mismatches"":[]}"
pilot_mutation,H01-gcd.c,bf207a4afdd7e623be4bd0751bdc1917c0ee550af0f38c0531b25bb726d1710c,symbol,M09,unmarked_default,false positive,MR03,Unmarked rejection,reject,False,True,accepted:b'Morph-01',0.066988,,True,"{""unmarked_binary_sha256"":""17288de5d8ffc83b2223ee650ec19f96fa9b779f3eb45b8e2433c730b7a1e3e2""}"
pilot_mutation,H01-gcd.c,bf207a4afdd7e623be4bd0751bdc1917c0ee550af0f38c0531b25bb726d1710c,symbol,M09,unmarked_default,false positive,MR04,Wrong-key rejection,reject,False,True,accepted:b'Morph-01',0.09173,,True,"{""antecedent_guarded"":true,""antecedent_hex"":""4d6f7270682d3031""}"
pilot_mutation,H01-gcd.c,bf207a4afdd7e623be4bd0751bdc1917c0ee550af0f38c0531b25bb726d1710c,symbol,M09,unmarked_default,false positive,MR05,Payload separation,separate,True,False,first=b'Morph-01';second=b'Second-2',0.132358,,True,"{""first_hex"":""4d6f7270682d3031"",""second_hex"":""5365636f6e642d32""}"
pilot_mutation,H01-gcd.c,bf207a4afdd7e623be4bd0751bdc1917c0ee550af0f38c0531b25bb726d1710c,symbol,M09,unmarked_default,false positive,MR06,Cross-compiler invariance,preserve,True,False,"payloads=b'Morph-01',b'Morph-01';semantic_equal=True",0.186096,,True,"{""clang_actual"":""clang"",""gcc_actual"":""gcc""}"
pilot_mutation,H01-gcd.c,bf207a4afdd7e623be4bd0751bdc1917c0ee550af0f38c0531b25bb726d1710c,symbol,M09,unmarked_default,false positive,MR07,Optimization invariance,preserve,True,False,"payloads=['Morph-01', 'Morph-01', 'Morph-01'];semantic_equal=True",0.222762,,True,{}
pilot_mutation,H01-gcd.c,bf207a4afdd7e623be4bd0751bdc1917c0ee550af0f38c0531b25bb726d1710c,symbol,M09,unmarked_default,false positive,MR08,Clean-room relocation,preserve,True,False,relocated=b'Morph-01',0.064661,,True,"{""clean_room_entries"":[""renamed-artifact.bin""],""relocated_hex"":""4d6f7270682d3031""}"
pilot_mutation,H01-gcd.c,bf207a4afdd7e623be4bd0751bdc1917c0ee550af0f38c0531b25bb726d1710c,symbol,M09,unmarked_default,false positive,MR09,Carrier-removal rejection,reject,False,True,spurious robustness:accepted:b'Morph-01',0.069996,,True,"{""antecedent_guarded"":true}"
pilot_mutation,H01-gcd.c,bf207a4afdd7e623be4bd0751bdc1917c0ee550af0f38c0531b25bb726d1710c,symbol,M09,unmarked_default,false positive,MR10,Carrier-corruption rejection,reject,False,True,corruption accepted:accepted:b'Morph-01',0.062882,,True,"{""antecedent_guarded"":true}"
pilot_mutation,H01-gcd.c,bf207a4afdd7e623be4bd0751bdc1917c0ee550af0f38c0531b25bb726d1710c,symbol,M09,unmarked_default,false positive,MR11,Requested/actual trace agreement,trace,True,False,requested=clang/Os;actual=clang/Os,0.082122,,True,"{""build"":{""actual_compiler"":""clang"",""actual_optimization"":""Os"",""binary"":""WORKDIR/symbol/M09/MR11/trace/build-01/artifact.bin"",""binary_sha256"":""25e0d918cd8ff7cc194ede1eb56d7dc89089e033832c65ca5cceab6c9faa446b"",""carrier"":""symbol"",""command"":[""clang"",""-std=c11"",""-fno-ident"",""-no-pie"",""-Os"",""WORKDIR/symbol/M09/MR11/trace/build-01/host.c"",""-o"",""WORKDIR/symbol/M09/MR11/trace/build-01/artifact.bin""],""effective_payload_hex"":""4d6f7270682d3031"",""key"":""key-alpha"",""mutant_id"":""M09"",""requested_compiler"":""clang"",""requested_optimization"":""Os"",""requested_payload_hex"":""4d6f7270682d3031"",""return_code"":0,""source"":""WORKDIR/symbol/M09/MR11/trace/build-01/host.c"",""source_sha256"":""45e69a3841e4e8368c9380bdbc2f287b38fe1665811764759930b7957a59ce6a"",""stderr"":""""}}"
pilot_mutation,H01-gcd.c,bf207a4afdd7e623be4bd0751bdc1917c0ee550af0f38c0531b25bb726d1710c,symbol,M09,unmarked_default,false positive,MR12,Interleaved artifact isolation,separate,True,False,first=b'Morph-01';second=b'Second-2',0.1499,,True,{}
pilot_mutation,H01-gcd.c,bf207a4afdd7e623be4bd0751bdc1917c0ee550af0f38c0531b25bb726d1710c,symbol,M09,unmarked_default,false positive,MR13,Reordered extraction independence,preserve,True,False,before=b'Morph-01';after=b'Morph-01',0.118959,,True,{}
pilot_mutation,H01-gcd.c,bf207a4afdd7e623be4bd0751bdc1917c0ee550af0f38c0531b25bb726d1710c,symbol,M09,unmarked_default,false positive,MR14,Rebuild stability,preserve,True,False,first=b'Morph-01';second=b'Morph-01',0.140378,,True,"{""binary_bytes_equal"":true}"
pilot_mutation,H01-gcd.c,bf207a4afdd7e623be4bd0751bdc1917c0ee550af0f38c0531b25bb726d1710c,symbol,M10,semantic_plus_one,semantic corruption,MR01,Round-trip fidelity,preserve,True,False,extracted=b'Morph-01',0.055518,,True,"{""build"":{""actual_compiler"":""gcc"",""actual_optimization"":""O2"",""binary"":""WORKDIR/symbol/M10/MR01/marked/build-01/artifact.bin"",""binary_sha256"":""1bc79235c76287d0b7446888abaa1ee4da150849082795c2c7cd41018eddf232"",""carrier"":""symbol"",""command"":[""gcc"",""-std=c11"",""-fno-ident"",""-no-pie"",""-O2"",""WORKDIR/symbol/M10/MR01/marked/build-01/host.c"",""-o"",""WORKDIR/symbol/M10/MR01/marked/build-01/artifact.bin""],""effective_payload_hex"":""4d6f7270682d3031"",""key"":""key-alpha"",""mutant_id"":""M10"",""requested_compiler"":""gcc"",""requested_optimization"":""O2"",""requested_payload_hex"":""4d6f7270682d3031"",""return_code"":0,""source"":""WORKDIR/symbol/M10/MR01/marked/build-01/host.c"",""source_sha256"":""6c2a7e9d6f37012f3ed983cf8df7478d089e8571c5dba530fcc11eb6cd1b880d"",""stderr"":""""},""extracted_hex"":""4d6f7270682d3031""}"
pilot_mutation,H01-gcd.c,bf207a4afdd7e623be4bd0751bdc1917c0ee550af0f38c0531b25bb726d1710c,symbol,M10,semantic_plus_one,semantic corruption,MR02,Host-semantic preservation,preserve,True,False,mismatch_count=0,0.10885,,True,"{""mismatches"":[]}"
pilot_mutation,H01-gcd.c,bf207a4afdd7e623be4bd0751bdc1917c0ee550af0f38c0531b25bb726d1710c,symbol,M10,semantic_plus_one,semantic corruption,MR03,Unmarked rejection,reject,True,False,rejected:absent:watermark symbols not found,0.072179,,True,"{""unmarked_binary_sha256"":""a7ba1b1fde2b472014cbc25860cebcca1a3737929b7a88d46c8ef8cd002b8b50""}"
pilot_mutation,H01-gcd.c,bf207a4afdd7e623be4bd0751bdc1917c0ee550af0f38c0531b25bb726d1710c,symbol,M10,semantic_plus_one,semantic corruption,MR04,Wrong-key rejection,reject,True,False,rejected:wrong-key:symbol key tag mismatch,0.064347,,True,"{""antecedent_guarded"":true,""antecedent_hex"":""4d6f7270682d3031""}"
pilot_mutation,H01-gcd.c,bf207a4afdd7e623be4bd0751bdc1917c0ee550af0f38c0531b25bb726d1710c,symbol,M10,semantic_plus_one,semantic corruption,MR05,Payload separation,separate,True,False,first=b'Morph-01';second=b'Second-2',0.116309,,True,"{""first_hex"":""4d6f7270682d3031"",""second_hex"":""5365636f6e642d32""}"
pilot_mutation,H01-gcd.c,bf207a4afdd7e623be4bd0751bdc1917c0ee550af0f38c0531b25bb726d1710c,symbol,M10,semantic_plus_one,semantic corruption,MR06,Cross-compiler invariance,preserve,True,False,"payloads=b'Morph-01',b'Morph-01';semantic_equal=True",0.139656,,True,"{""clang_actual"":""clang"",""gcc_actual"":""gcc""}"
pilot_mutation,H01-gcd.c,bf207a4afdd7e623be4bd0751bdc1917c0ee550af0f38c0531b25bb726d1710c,symbol,M10,semantic_plus_one,semantic corruption,MR07,Optimization invariance,preserve,True,False,"payloads=['Morph-01', 'Morph-01', 'Morph-01'];semantic_equal=True",0.210861,,True,{}
pilot_mutation,H01-gcd.c,bf207a4afdd7e623be4bd0751bdc1917c0ee550af0f38c0531b25bb726d1710c,symbol,M10,semantic_plus_one,semantic corruption,MR08,Clean-room relocation,preserve,True,False,relocated=b'Morph-01',0.055341,,True,"{""clean_room_entries"":[""renamed-artifact.bin""],""relocated_hex"":""4d6f7270682d3031""}"
pilot_mutation,H01-gcd.c,bf207a4afdd7e623be4bd0751bdc1917c0ee550af0f38c0531b25bb726d1710c,symbol,M10,semantic_plus_one,semantic corruption,MR09,Carrier-removal rejection,reject,True,False,rejected:absent:watermark symbols not found,0.042611,,True,"{""antecedent_guarded"":true}"
pilot_mutation,H01-gcd.c,bf207a4afdd7e623be4bd0751bdc1917c0ee550af0f38c0531b25bb726d1710c,symbol,M10,semantic_plus_one,semantic corruption,MR10,Carrier-corruption rejection,reject,True,False,rejected:malformed:inconsistent watermark symbol set,0.072636,,True,"{""antecedent_guarded"":true}"
pilot_mutation,H01-gcd.c,bf207a4afdd7e623be4bd0751bdc1917c0ee550af0f38c0531b25bb726d1710c,symbol,M10,semantic_plus_one,semantic corruption,MR11,Requested/actual trace agreement,trace,True,False,requested=clang/Os;actual=clang/Os,0.07671,,True,"{""build"":{""actual_compiler"":""clang"",""actual_optimization"":""Os"",""binary"":""WORKDIR/symbol/M10/MR11/trace/build-01/artifact.bin"",""binary_sha256"":""320c9f1496d9b78a434474779a35d9dcb206de723fbb3806fa884e178adcc65f"",""carrier"":""symbol"",""command"":[""clang"",""-std=c11"",""-fno-ident"",""-no-pie"",""-Os"",""WORKDIR/symbol/M10/MR11/trace/build-01/host.c"",""-o"",""WORKDIR/symbol/M10/MR11/trace/build-01/artifact.bin""],""effective_payload_hex"":""4d6f7270682d3031"",""key"":""key-alpha"",""mutant_id"":""M10"",""requested_compiler"":""clang"",""requested_optimization"":""Os"",""requested_payload_hex"":""4d6f7270682d3031"",""return_code"":0,""source"":""WORKDIR/symbol/M10/MR11/trace/build-01/host.c"",""source_sha256"":""6c2a7e9d6f37012f3ed983cf8df7478d089e8571c5dba530fcc11eb6cd1b880d"",""stderr"":""""}}"
pilot_mutation,H01-gcd.c,bf207a4afdd7e623be4bd0751bdc1917c0ee550af0f38c0531b25bb726d1710c,symbol,M10,semantic_plus_one,semantic corruption,MR12,Interleaved artifact isolation,separate,True,False,first=b'Morph-01';second=b'Second-2',0.120561,,True,{}
pilot_mutation,H01-gcd.c,bf207a4afdd7e623be4bd0751bdc1917c0ee550af0f38c0531b25bb726d1710c,symbol,M10,semantic_plus_one,semantic corruption,MR13,Reordered extraction independence,preserve,True,False,before=b'Morph-01';after=b'Morph-01',0.146557,,True,{}
pilot_mutation,H01-gcd.c,bf207a4afdd7e623be4bd0751bdc1917c0ee550af0f38c0531b25bb726d1710c,symbol,M10,semantic_plus_one,semantic corruption,MR14,Rebuild stability,preserve,True,False,first=b'Morph-01';second=b'Morph-01',0.139443,,True,"{""binary_bytes_equal"":true}"
pilot_mutation,H01-gcd.c,bf207a4afdd7e623be4bd0751bdc1917c0ee550af0f38c0531b25bb726d1710c,symbol,M11,semantic_input13,semantic corruption,MR01,Round-trip fidelity,preserve,True,False,extracted=b'Morph-01',0.063615,,True,"{""build"":{""actual_compiler"":""gcc"",""actual_optimization"":""O2"",""binary"":""WORKDIR/symbol/M11/MR01/marked/build-01/artifact.bin"",""binary_sha256"":""ed8419d5b48c2b95a4eb8293597dd4bd4f43bc45b77bf5542be5e578a4a119fd"",""carrier"":""symbol"",""command"":[""gcc"",""-std=c11"",""-fno-ident"",""-no-pie"",""-O2"",""WORKDIR/symbol/M11/MR01/marked/build-01/host.c"",""-o"",""WORKDIR/symbol/M11/MR01/marked/build-01/artifact.bin""],""effective_payload_hex"":""4d6f7270682d3031"",""key"":""key-alpha"",""mutant_id"":""M11"",""requested_compiler"":""gcc"",""requested_optimization"":""O2"",""requested_payload_hex"":""4d6f7270682d3031"",""return_code"":0,""source"":""WORKDIR/symbol/M11/MR01/marked/build-01/host.c"",""source_sha256"":""aff44abe4f5b4c6b8f4610ca78cc0f7c6896afa6d457f493d72dc6db789e335c"",""stderr"":""""},""extracted_hex"":""4d6f7270682d3031""}"
pilot_mutation,H01-gcd.c,bf207a4afdd7e623be4bd0751bdc1917c0ee550af0f38c0531b25bb726d1710c,symbol,M11,semantic_input13,semantic corruption,MR02,Host-semantic preservation,preserve,True,False,mismatch_count=0,0.136969,,True,"{""mismatches"":[]}"
pilot_mutation,H01-gcd.c,bf207a4afdd7e623be4bd0751bdc1917c0ee550af0f38c0531b25bb726d1710c,symbol,M11,semantic_input13,semantic corruption,MR03,Unmarked rejection,reject,True,False,rejected:absent:watermark symbols not found,0.054923,,True,"{""unmarked_binary_sha256"":""ede3bc23896c80d708e4ea6b72b2826c6ad3e832db12ee3e3340f736947cb2b8""}"
pilot_mutation,H01-gcd.c,bf207a4afdd7e623be4bd0751bdc1917c0ee550af0f38c0531b25bb726d1710c,symbol,M11,semantic_input13,semantic corruption,MR04,Wrong-key rejection,reject,True,False,rejected:wrong-key:symbol key tag mismatch,0.075716,,True,"{""antecedent_guarded"":true,""antecedent_hex"":""4d6f7270682d3031""}"
pilot_mutation,H01-gcd.c,bf207a4afdd7e623be4bd0751bdc1917c0ee550af0f38c0531b25bb726d1710c,symbol,M11,semantic_input13,semantic corruption,MR05,Payload separation,separate,True,False,first=b'Morph-01';second=b'Second-2',0.134114,,True,"{""first_hex"":""4d6f7270682d3031"",""second_hex"":""5365636f6e642d32""}"
pilot_mutation,H01-gcd.c,bf207a4afdd7e623be4bd0751bdc1917c0ee550af0f38c0531b25bb726d1710c,symbol,M11,semantic_input13,semantic corruption,MR06,Cross-compiler invariance,preserve,True,False,"payloads=b'Morph-01',b'Morph-01';semantic_equal=True",0.182497,,True,"{""clang_actual"":""clang"",""gcc_actual"":""gcc""}"
pilot_mutation,H01-gcd.c,bf207a4afdd7e623be4bd0751bdc1917c0ee550af0f38c0531b25bb726d1710c,symbol,M11,semantic_input13,semantic corruption,MR07,Optimization invariance,preserve,True,False,"payloads=['Morph-01', 'Morph-01', 'Morph-01'];semantic_equal=True",0.249008,,True,{}
pilot_mutation,H01-gcd.c,bf207a4afdd7e623be4bd0751bdc1917c0ee550af0f38c0531b25bb726d1710c,symbol,M11,semantic_input13,semantic corruption,MR08,Clean-room relocation,preserve,True,False,relocated=b'Morph-01',0.082542,,True,"{""clean_room_entries"":[""renamed-artifact.bin""],""relocated_hex"":""4d6f7270682d3031""}"
pilot_mutation,H01-gcd.c,bf207a4afdd7e623be4bd0751bdc1917c0ee550af0f38c0531b25bb726d1710c,symbol,M11,semantic_input13,semantic corruption,MR09,Carrier-removal rejection,reject,True,False,rejected:absent:watermark symbols not found,0.039304,,True,"{""antecedent_guarded"":true}"
pilot_mutation,H01-gcd.c,bf207a4afdd7e623be4bd0751bdc1917c0ee550af0f38c0531b25bb726d1710c,symbol,M11,semantic_input13,semantic corruption,MR10,Carrier-corruption rejection,reject,True,False,rejected:malformed:inconsistent watermark symbol set,0.100131,,True,"{""antecedent_guarded"":true}"
pilot_mutation,H01-gcd.c,bf207a4afdd7e623be4bd0751bdc1917c0ee550af0f38c0531b25bb726d1710c,symbol,M11,semantic_input13,semantic corruption,MR11,Requested/actual trace agreement,trace,True,False,requested=clang/Os;actual=clang/Os,0.08855,,True,"{""build"":{""actual_compiler"":""clang"",""actual_optimization"":""Os"",""binary"":""WORKDIR/symbol/M11/MR11/trace/build-01/artifact.bin"",""binary_sha256"":""8adbe111a5ee875175d340c71540ef129c000bdfb8d8a50ac74614216e3263cd"",""carrier"":""symbol"",""command"":[""clang"",""-std=c11"",""-fno-ident"",""-no-pie"",""-Os"",""WORKDIR/symbol/M11/MR11/trace/build-01/host.c"",""-o"",""WORKDIR/symbol/M11/MR11/trace/build-01/artifact.bin""],""effective_payload_hex"":""4d6f7270682d3031"",""key"":""key-alpha"",""mutant_id"":""M11"",""requested_compiler"":""clang"",""requested_optimization"":""Os"",""requested_payload_hex"":""4d6f7270682d3031"",""return_code"":0,""source"":""WORKDIR/symbol/M11/MR11/trace/build-01/host.c"",""source_sha256"":""aff44abe4f5b4c6b8f4610ca78cc0f7c6896afa6d457f493d72dc6db789e335c"",""stderr"":""""}}"
pilot_mutation,H01-gcd.c,bf207a4afdd7e623be4bd0751bdc1917c0ee550af0f38c0531b25bb726d1710c,symbol,M11,semantic_input13,semantic corruption,MR12,Interleaved artifact isolation,separate,True,False,first=b'Morph-01';second=b'Second-2',0.143167,,True,{}
pilot_mutation,H01-gcd.c,bf207a4afdd7e623be4bd0751bdc1917c0ee550af0f38c0531b25bb726d1710c,symbol,M11,semantic_input13,semantic corruption,MR13,Reordered extraction independence,preserve,True,False,before=b'Morph-01';after=b'Morph-01',0.161127,,True,{}
pilot_mutation,H01-gcd.c,bf207a4afdd7e623be4bd0751bdc1917c0ee550af0f38c0531b25bb726d1710c,symbol,M11,semantic_input13,semantic corruption,MR14,Rebuild stability,preserve,True,False,first=b'Morph-01';second=b'Morph-01',0.116987,,True,"{""binary_bytes_equal"":true}"
pilot_mutation,H01-gcd.c,bf207a4afdd7e623be4bd0751bdc1917c0ee550af0f38c0531b25bb726d1710c,symbol,M12,compile_original,stage routing,MR01,Round-trip fidelity,preserve,False,True,exception:ExtractionError:watermark symbols not found,0.043244,ExtractionError,True,{}
pilot_mutation,H01-gcd.c,bf207a4afdd7e623be4bd0751bdc1917c0ee550af0f38c0531b25bb726d1710c,symbol,M12,compile_original,stage routing,MR02,Host-semantic preservation,preserve,True,False,mismatch_count=0,0.126464,,True,"{""mismatches"":[]}"
pilot_mutation,H01-gcd.c,bf207a4afdd7e623be4bd0751bdc1917c0ee550af0f38c0531b25bb726d1710c,symbol,M12,compile_original,stage routing,MR03,Unmarked rejection,reject,True,False,rejected:absent:watermark symbols not found,0.03808,,True,"{""unmarked_binary_sha256"":""17288de5d8ffc83b2223ee650ec19f96fa9b779f3eb45b8e2433c730b7a1e3e2""}"
pilot_mutation,H01-gcd.c,bf207a4afdd7e623be4bd0751bdc1917c0ee550af0f38c0531b25bb726d1710c,symbol,M12,compile_original,stage routing,MR04,Wrong-key rejection,reject,True,False,rejected:wrong-key:symbol key tag mismatch,0.075556,,True,"{""antecedent_guarded"":true,""antecedent_hex"":""4d6f7270682d3031""}"
pilot_mutation,H01-gcd.c,bf207a4afdd7e623be4bd0751bdc1917c0ee550af0f38c0531b25bb726d1710c,symbol,M12,compile_original,stage routing,MR05,Payload separation,separate,False,True,exception:ExtractionError:watermark symbols not found,0.104737,ExtractionError,True,{}
pilot_mutation,H01-gcd.c,bf207a4afdd7e623be4bd0751bdc1917c0ee550af0f38c0531b25bb726d1710c,symbol,M12,compile_original,stage routing,MR06,Cross-compiler invariance,preserve,False,True,exception:ExtractionError:watermark symbols not found,0.151149,ExtractionError,True,{}
pilot_mutation,H01-gcd.c,bf207a4afdd7e623be4bd0751bdc1917c0ee550af0f38c0531b25bb726d1710c,symbol,M12,compile_original,stage routing,MR07,Optimization invariance,preserve,False,True,exception:ExtractionError:watermark symbols not found,0.154149,ExtractionError,True,{}
pilot_mutation,H01-gcd.c,bf207a4afdd7e623be4bd0751bdc1917c0ee550af0f38c0531b25bb726d1710c,symbol,M12,compile_original,stage routing,MR08,Clean-room relocation,preserve,False,True,exception:ExtractionError:watermark symbols not found,0.088429,ExtractionError,True,{}
pilot_mutation,H01-gcd.c,bf207a4afdd7e623be4bd0751bdc1917c0ee550af0f38c0531b25bb726d1710c,symbol,M12,compile_original,stage routing,MR09,Carrier-removal rejection,reject,True,False,rejected:absent:watermark symbols not found,0.085933,,True,"{""antecedent_guarded"":true}"
pilot_mutation,H01-gcd.c,bf207a4afdd7e623be4bd0751bdc1917c0ee550af0f38c0531b25bb726d1710c,symbol,M12,compile_original,stage routing,MR10,Carrier-corruption rejection,reject,True,False,rejected:malformed:inconsistent watermark symbol set,0.082233,,True,"{""antecedent_guarded"":true}"
pilot_mutation,H01-gcd.c,bf207a4afdd7e623be4bd0751bdc1917c0ee550af0f38c0531b25bb726d1710c,symbol,M12,compile_original,stage routing,MR11,Requested/actual trace agreement,trace,True,False,requested=clang/Os;actual=clang/Os,0.074957,,True,"{""build"":{""actual_compiler"":""clang"",""actual_optimization"":""Os"",""binary"":""WORKDIR/symbol/M12/MR11/trace/build-01/artifact.bin"",""binary_sha256"":""8979583311288d6755db67bfb67a745238b66729f18570b075945ee29c1a551b"",""carrier"":""symbol"",""command"":[""clang"",""-std=c11"",""-fno-ident"",""-no-pie"",""-Os"",""WORKDIR/symbol/M12/MR11/trace/build-01/host.c"",""-o"",""WORKDIR/symbol/M12/MR11/trace/build-01/artifact.bin""],""effective_payload_hex"":""4d6f7270682d3031"",""key"":""key-alpha"",""mutant_id"":""M12"",""requested_compiler"":""clang"",""requested_optimization"":""Os"",""requested_payload_hex"":""4d6f7270682d3031"",""return_code"":0,""source"":""WORKDIR/symbol/M12/MR11/trace/build-01/host.c"",""source_sha256"":""bf207a4afdd7e623be4bd0751bdc1917c0ee550af0f38c0531b25bb726d1710c"",""stderr"":""""}}"
pilot_mutation,H01-gcd.c,bf207a4afdd7e623be4bd0751bdc1917c0ee550af0f38c0531b25bb726d1710c,symbol,M12,compile_original,stage routing,MR12,Interleaved artifact isolation,separate,False,True,exception:ExtractionError:watermark symbols not found,0.115573,ExtractionError,True,{}
pilot_mutation,H01-gcd.c,bf207a4afdd7e623be4bd0751bdc1917c0ee550af0f38c0531b25bb726d1710c,symbol,M12,compile_original,stage routing,MR13,Reordered extraction independence,preserve,False,True,exception:ExtractionError:watermark symbols not found,0.055395,ExtractionError,True,{}
pilot_mutation,H01-gcd.c,bf207a4afdd7e623be4bd0751bdc1917c0ee550af0f38c0531b25bb726d1710c,symbol,M12,compile_original,stage routing,MR14,Rebuild stability,preserve,False,True,exception:ExtractionError:watermark symbols not found,0.127198,ExtractionError,True,{}
pilot_mutation,H01-gcd.c,bf207a4afdd7e623be4bd0751bdc1917c0ee550af0f38c0531b25bb726d1710c,symbol,M13,force_gcc,configuration,MR01,Round-trip fidelity,preserve,True,False,extracted=b'Morph-01',0.053667,,True,"{""build"":{""actual_compiler"":""gcc"",""actual_optimization"":""O2"",""binary"":""WORKDIR/symbol/M13/MR01/marked/build-01/artifact.bin"",""binary_sha256"":""7b713450f899744a0e9c1995e1ea83c762e52b3b03c45f82418d86193b6be1a1"",""carrier"":""symbol"",""command"":[""gcc"",""-std=c11"",""-fno-ident"",""-no-pie"",""-O2"",""WORKDIR/symbol/M13/MR01/marked/build-01/host.c"",""-o"",""WORKDIR/symbol/M13/MR01/marked/build-01/artifact.bin""],""effective_payload_hex"":""4d6f7270682d3031"",""key"":""key-alpha"",""mutant_id"":""M13"",""requested_compiler"":""gcc"",""requested_optimization"":""O2"",""requested_payload_hex"":""4d6f7270682d3031"",""return_code"":0,""source"":""WORKDIR/symbol/M13/MR01/marked/build-01/host.c"",""source_sha256"":""45e69a3841e4e8368c9380bdbc2f287b38fe1665811764759930b7957a59ce6a"",""stderr"":""""},""extracted_hex"":""4d6f7270682d3031""}"
pilot_mutation,H01-gcd.c,bf207a4afdd7e623be4bd0751bdc1917c0ee550af0f38c0531b25bb726d1710c,symbol,M13,force_gcc,configuration,MR02,Host-semantic preservation,preserve,True,False,mismatch_count=0,0.131473,,True,"{""mismatches"":[]}"
pilot_mutation,H01-gcd.c,bf207a4afdd7e623be4bd0751bdc1917c0ee550af0f38c0531b25bb726d1710c,symbol,M13,force_gcc,configuration,MR03,Unmarked rejection,reject,True,False,rejected:absent:watermark symbols not found,0.053908,,True,"{""unmarked_binary_sha256"":""17288de5d8ffc83b2223ee650ec19f96fa9b779f3eb45b8e2433c730b7a1e3e2""}"
pilot_mutation,H01-gcd.c,bf207a4afdd7e623be4bd0751bdc1917c0ee550af0f38c0531b25bb726d1710c,symbol,M13,force_gcc,configuration,MR04,Wrong-key rejection,reject,True,False,rejected:wrong-key:symbol key tag mismatch,0.043524,,True,"{""antecedent_guarded"":true,""antecedent_hex"":""4d6f7270682d3031""}"
pilot_mutation,H01-gcd.c,bf207a4afdd7e623be4bd0751bdc1917c0ee550af0f38c0531b25bb726d1710c,symbol,M13,force_gcc,configuration,MR05,Payload separation,separate,True,False,first=b'Morph-01';second=b'Second-2',0.116712,,True,"{""first_hex"":""4d6f7270682d3031"",""second_hex"":""5365636f6e642d32""}"
pilot_mutation,H01-gcd.c,bf207a4afdd7e623be4bd0751bdc1917c0ee550af0f38c0531b25bb726d1710c,symbol,M13,force_gcc,configuration,MR06,Cross-compiler invariance,preserve,True,False,"payloads=b'Morph-01',b'Morph-01';semantic_equal=True",0.153747,,True,"{""clang_actual"":""gcc"",""gcc_actual"":""gcc""}"
pilot_mutation,H01-gcd.c,bf207a4afdd7e623be4bd0751bdc1917c0ee550af0f38c0531b25bb726d1710c,symbol,M13,force_gcc,configuration,MR07,Optimization invariance,preserve,True,False,"payloads=['Morph-01', 'Morph-01', 'Morph-01'];semantic_equal=True",0.203727,,True,{}
pilot_mutation,H01-gcd.c,bf207a4afdd7e623be4bd0751bdc1917c0ee550af0f38c0531b25bb726d1710c,symbol,M13,force_gcc,configuration,MR08,Clean-room relocation,preserve,True,False,relocated=b'Morph-01',0.088874,,True,"{""clean_room_entries"":[""renamed-artifact.bin""],""relocated_hex"":""4d6f7270682d3031""}"
pilot_mutation,H01-gcd.c,bf207a4afdd7e623be4bd0751bdc1917c0ee550af0f38c0531b25bb726d1710c,symbol,M13,force_gcc,configuration,MR09,Carrier-removal rejection,reject,True,False,rejected:absent:watermark symbols not found,0.083325,,True,"{""antecedent_guarded"":true}"
pilot_mutation,H01-gcd.c,bf207a4afdd7e623be4bd0751bdc1917c0ee550af0f38c0531b25bb726d1710c,symbol,M13,force_gcc,configuration,MR10,Carrier-corruption rejection,reject,True,False,rejected:malformed:inconsistent watermark symbol set,0.082702,,True,"{""antecedent_guarded"":true}"
pilot_mutation,H01-gcd.c,bf207a4afdd7e623be4bd0751bdc1917c0ee550af0f38c0531b25bb726d1710c,symbol,M13,force_gcc,configuration,MR11,Requested/actual trace agreement,trace,False,True,requested=clang/Os;actual=gcc/Os,0.068552,,True,"{""build"":{""actual_compiler"":""gcc"",""actual_optimization"":""Os"",""binary"":""WORKDIR/symbol/M13/MR11/trace/build-01/artifact.bin"",""binary_sha256"":""c7b34d5c1936dce30fcc0e6c2322edf06717a743513260b74cffe28a3c2e70cd"",""carrier"":""symbol"",""command"":[""gcc"",""-std=c11"",""-fno-ident"",""-no-pie"",""-Os"",""WORKDIR/symbol/M13/MR11/trace/build-01/host.c"",""-o"",""WORKDIR/symbol/M13/MR11/trace/build-01/artifact.bin""],""effective_payload_hex"":""4d6f7270682d3031"",""key"":""key-alpha"",""mutant_id"":""M13"",""requested_compiler"":""clang"",""requested_optimization"":""Os"",""requested_payload_hex"":""4d6f7270682d3031"",""return_code"":0,""source"":""WORKDIR/symbol/M13/MR11/trace/build-01/host.c"",""source_sha256"":""45e69a3841e4e8368c9380bdbc2f287b38fe1665811764759930b7957a59ce6a"",""stderr"":""""}}"
pilot_mutation,H01-gcd.c,bf207a4afdd7e623be4bd0751bdc1917c0ee550af0f38c0531b25bb726d1710c,symbol,M13,force_gcc,configuration,MR12,Interleaved artifact isolation,separate,True,False,first=b'Morph-01';second=b'Second-2',0.11134,,True,{}
pilot_mutation,H01-gcd.c,bf207a4afdd7e623be4bd0751bdc1917c0ee550af0f38c0531b25bb726d1710c,symbol,M13,force_gcc,configuration,MR13,Reordered extraction independence,preserve,True,False,before=b'Morph-01';after=b'Morph-01',0.125007,,True,{}
pilot_mutation,H01-gcd.c,bf207a4afdd7e623be4bd0751bdc1917c0ee550af0f38c0531b25bb726d1710c,symbol,M13,force_gcc,configuration,MR14,Rebuild stability,preserve,True,False,first=b'Morph-01';second=b'Morph-01',0.151115,,True,"{""binary_bytes_equal"":true}"
pilot_mutation,H01-gcd.c,bf207a4afdd7e623be4bd0751bdc1917c0ee550af0f38c0531b25bb726d1710c,symbol,M14,force_O0,configuration,MR01,Round-trip fidelity,preserve,True,False,extracted=b'Morph-01',0.059413,,True,"{""build"":{""actual_compiler"":""gcc"",""actual_optimization"":""O0"",""binary"":""WORKDIR/symbol/M14/MR01/marked/build-01/artifact.bin"",""binary_sha256"":""b4e3a535dfea73de3b6e5043369185b32b13dee72254c9d3a64841e237d9e234"",""carrier"":""symbol"",""command"":[""gcc"",""-std=c11"",""-fno-ident"",""-no-pie"",""-O0"",""WORKDIR/symbol/M14/MR01/marked/build-01/host.c"",""-o"",""WORKDIR/symbol/M14/MR01/marked/build-01/artifact.bin""],""effective_payload_hex"":""4d6f7270682d3031"",""key"":""key-alpha"",""mutant_id"":""M14"",""requested_compiler"":""gcc"",""requested_optimization"":""O2"",""requested_payload_hex"":""4d6f7270682d3031"",""return_code"":0,""source"":""WORKDIR/symbol/M14/MR01/marked/build-01/host.c"",""source_sha256"":""45e69a3841e4e8368c9380bdbc2f287b38fe1665811764759930b7957a59ce6a"",""stderr"":""""},""extracted_hex"":""4d6f7270682d3031""}"
pilot_mutation,H01-gcd.c,bf207a4afdd7e623be4bd0751bdc1917c0ee550af0f38c0531b25bb726d1710c,symbol,M14,force_O0,configuration,MR02,Host-semantic preservation,preserve,True,False,mismatch_count=0,0.142285,,True,"{""mismatches"":[]}"
pilot_mutation,H01-gcd.c,bf207a4afdd7e623be4bd0751bdc1917c0ee550af0f38c0531b25bb726d1710c,symbol,M14,force_O0,configuration,MR03,Unmarked rejection,reject,True,False,rejected:absent:watermark symbols not found,0.043485,,True,"{""unmarked_binary_sha256"":""9b4d3b3c14fed8daa1b0d67cbd603737a48b61b6fcbe1d6f6b318081d458be0b""}"
pilot_mutation,H01-gcd.c,bf207a4afdd7e623be4bd0751bdc1917c0ee550af0f38c0531b25bb726d1710c,symbol,M14,force_O0,configuration,MR04,Wrong-key rejection,reject,True,False,rejected:wrong-key:symbol key tag mismatch,0.048138,,True,"{""antecedent_guarded"":true,""antecedent_hex"":""4d6f7270682d3031""}"
pilot_mutation,H01-gcd.c,bf207a4afdd7e623be4bd0751bdc1917c0ee550af0f38c0531b25bb726d1710c,symbol,M14,force_O0,configuration,MR05,Payload separation,separate,True,False,first=b'Morph-01';second=b'Second-2',0.088607,,True,"{""first_hex"":""4d6f7270682d3031"",""second_hex"":""5365636f6e642d32""}"
pilot_mutation,H01-gcd.c,bf207a4afdd7e623be4bd0751bdc1917c0ee550af0f38c0531b25bb726d1710c,symbol,M14,force_O0,configuration,MR06,Cross-compiler invariance,preserve,True,False,"payloads=b'Morph-01',b'Morph-01';semantic_equal=True",0.161507,,True,"{""clang_actual"":""clang"",""gcc_actual"":""gcc""}"
pilot_mutation,H01-gcd.c,bf207a4afdd7e623be4bd0751bdc1917c0ee550af0f38c0531b25bb726d1710c,symbol,M14,force_O0,configuration,MR07,Optimization invariance,preserve,True,False,"payloads=['Morph-01', 'Morph-01', 'Morph-01'];semantic_equal=True",0.253663,,True,{}
pilot_mutation,H01-gcd.c,bf207a4afdd7e623be4bd0751bdc1917c0ee550af0f38c0531b25bb726d1710c,symbol,M14,force_O0,configuration,MR08,Clean-room relocation,preserve,True,False,relocated=b'Morph-01',0.073248,,True,"{""clean_room_entries"":[""renamed-artifact.bin""],""relocated_hex"":""4d6f7270682d3031""}"
pilot_mutation,H01-gcd.c,bf207a4afdd7e623be4bd0751bdc1917c0ee550af0f38c0531b25bb726d1710c,symbol,M14,force_O0,configuration,MR09,Carrier-removal rejection,reject,True,False,rejected:absent:watermark symbols not found,0.062099,,True,"{""antecedent_guarded"":true}"
pilot_mutation,H01-gcd.c,bf207a4afdd7e623be4bd0751bdc1917c0ee550af0f38c0531b25bb726d1710c,symbol,M14,force_O0,configuration,MR10,Carrier-corruption rejection,reject,True,False,rejected:malformed:inconsistent watermark symbol set,0.083246,,True,"{""antecedent_guarded"":true}"
pilot_mutation,H01-gcd.c,bf207a4afdd7e623be4bd0751bdc1917c0ee550af0f38c0531b25bb726d1710c,symbol,M14,force_O0,configuration,MR11,Requested/actual trace agreement,trace,False,True,requested=clang/Os;actual=clang/O0,0.052954,,True,"{""build"":{""actual_compiler"":""clang"",""actual_optimization"":""O0"",""binary"":""WORKDIR/symbol/M14/MR11/trace/build-01/artifact.bin"",""binary_sha256"":""ef6f645de816c60a8d3d28bef9858947a8df486502ef8c29dccc883581f2441f"",""carrier"":""symbol"",""command"":[""clang"",""-std=c11"",""-fno-ident"",""-no-pie"",""-O0"",""WORKDIR/symbol/M14/MR11/trace/build-01/host.c"",""-o"",""WORKDIR/symbol/M14/MR11/trace/build-01/artifact.bin""],""effective_payload_hex"":""4d6f7270682d3031"",""key"":""key-alpha"",""mutant_id"":""M14"",""requested_compiler"":""clang"",""requested_optimization"":""Os"",""requested_payload_hex"":""4d6f7270682d3031"",""return_code"":0,""source"":""WORKDIR/symbol/M14/MR11/trace/build-01/host.c"",""source_sha256"":""45e69a3841e4e8368c9380bdbc2f287b38fe1665811764759930b7957a59ce6a"",""stderr"":""""}}"
pilot_mutation,H01-gcd.c,bf207a4afdd7e623be4bd0751bdc1917c0ee550af0f38c0531b25bb726d1710c,symbol,M14,force_O0,configuration,MR12,Interleaved artifact isolation,separate,True,False,first=b'Morph-01';second=b'Second-2',0.122167,,True,{}
pilot_mutation,H01-gcd.c,bf207a4afdd7e623be4bd0751bdc1917c0ee550af0f38c0531b25bb726d1710c,symbol,M14,force_O0,configuration,MR13,Reordered extraction independence,preserve,True,False,before=b'Morph-01';after=b'Morph-01',0.125424,,True,{}
pilot_mutation,H01-gcd.c,bf207a4afdd7e623be4bd0751bdc1917c0ee550af0f38c0531b25bb726d1710c,symbol,M14,force_O0,configuration,MR14,Rebuild stability,preserve,True,False,first=b'Morph-01';second=b'Morph-01',0.12595,,True,"{""binary_bytes_equal"":true}"
pilot_mutation,H01-gcd.c,bf207a4afdd7e623be4bd0751bdc1917c0ee550af0f38c0531b25bb726d1710c,symbol,M15,transform_noop,transformation,MR01,Round-trip fidelity,preserve,True,False,extracted=b'Morph-01',0.069204,,True,"{""build"":{""actual_compiler"":""gcc"",""actual_optimization"":""O2"",""binary"":""WORKDIR/symbol/M15/MR01/marked/build-01/artifact.bin"",""binary_sha256"":""7b713450f899744a0e9c1995e1ea83c762e52b3b03c45f82418d86193b6be1a1"",""carrier"":""symbol"",""command"":[""gcc"",""-std=c11"",""-fno-ident"",""-no-pie"",""-O2"",""WORKDIR/symbol/M15/MR01/marked/build-01/host.c"",""-o"",""WORKDIR/symbol/M15/MR01/marked/build-01/artifact.bin""],""effective_payload_hex"":""4d6f7270682d3031"",""key"":""key-alpha"",""mutant_id"":""M15"",""requested_compiler"":""gcc"",""requested_optimization"":""O2"",""requested_payload_hex"":""4d6f7270682d3031"",""return_code"":0,""source"":""WORKDIR/symbol/M15/MR01/marked/build-01/host.c"",""source_sha256"":""45e69a3841e4e8368c9380bdbc2f287b38fe1665811764759930b7957a59ce6a"",""stderr"":""""},""extracted_hex"":""4d6f7270682d3031""}"
pilot_mutation,H01-gcd.c,bf207a4afdd7e623be4bd0751bdc1917c0ee550af0f38c0531b25bb726d1710c,symbol,M15,transform_noop,transformation,MR02,Host-semantic preservation,preserve,True,False,mismatch_count=0,0.146306,,True,"{""mismatches"":[]}"
pilot_mutation,H01-gcd.c,bf207a4afdd7e623be4bd0751bdc1917c0ee550af0f38c0531b25bb726d1710c,symbol,M15,transform_noop,transformation,MR03,Unmarked rejection,reject,True,False,rejected:absent:watermark symbols not found,0.067218,,True,"{""unmarked_binary_sha256"":""17288de5d8ffc83b2223ee650ec19f96fa9b779f3eb45b8e2433c730b7a1e3e2""}"
pilot_mutation,H01-gcd.c,bf207a4afdd7e623be4bd0751bdc1917c0ee550af0f38c0531b25bb726d1710c,symbol,M15,transform_noop,transformation,MR04,Wrong-key rejection,reject,True,False,rejected:wrong-key:symbol key tag mismatch,0.068164,,True,"{""antecedent_guarded"":true,""antecedent_hex"":""4d6f7270682d3031""}"
pilot_mutation,H01-gcd.c,bf207a4afdd7e623be4bd0751bdc1917c0ee550af0f38c0531b25bb726d1710c,symbol,M15,transform_noop,transformation,MR05,Payload separation,separate,True,False,first=b'Morph-01';second=b'Second-2',0.121878,,True,"{""first_hex"":""4d6f7270682d3031"",""second_hex"":""5365636f6e642d32""}"
pilot_mutation,H01-gcd.c,bf207a4afdd7e623be4bd0751bdc1917c0ee550af0f38c0531b25bb726d1710c,symbol,M15,transform_noop,transformation,MR06,Cross-compiler invariance,preserve,True,False,"payloads=b'Morph-01',b'Morph-01';semantic_equal=True",0.190156,,True,"{""clang_actual"":""clang"",""gcc_actual"":""gcc""}"
pilot_mutation,H01-gcd.c,bf207a4afdd7e623be4bd0751bdc1917c0ee550af0f38c0531b25bb726d1710c,symbol,M15,transform_noop,transformation,MR07,Optimization invariance,preserve,True,False,"payloads=['Morph-01', 'Morph-01', 'Morph-01'];semantic_equal=True",0.220716,,True,{}
pilot_mutation,H01-gcd.c,bf207a4afdd7e623be4bd0751bdc1917c0ee550af0f38c0531b25bb726d1710c,symbol,M15,transform_noop,transformation,MR08,Clean-room relocation,preserve,True,False,relocated=b'Morph-01',0.066721,,True,"{""clean_room_entries"":[""renamed-artifact.bin""],""relocated_hex"":""4d6f7270682d3031""}"
pilot_mutation,H01-gcd.c,bf207a4afdd7e623be4bd0751bdc1917c0ee550af0f38c0531b25bb726d1710c,symbol,M15,transform_noop,transformation,MR09,Carrier-removal rejection,reject,False,True,spurious robustness:accepted:b'Morph-01',0.077328,,True,"{""antecedent_guarded"":true}"
pilot_mutation,H01-gcd.c,bf207a4afdd7e623be4bd0751bdc1917c0ee550af0f38c0531b25bb726d1710c,symbol,M15,transform_noop,transformation,MR10,Carrier-corruption rejection,reject,True,False,rejected:malformed:inconsistent watermark symbol set,0.093084,,True,"{""antecedent_guarded"":true}"
pilot_mutation,H01-gcd.c,bf207a4afdd7e623be4bd0751bdc1917c0ee550af0f38c0531b25bb726d1710c,symbol,M15,transform_noop,transformation,MR11,Requested/actual trace agreement,trace,True,False,requested=clang/Os;actual=clang/Os,0.067131,,True,"{""build"":{""actual_compiler"":""clang"",""actual_optimization"":""Os"",""binary"":""WORKDIR/symbol/M15/MR11/trace/build-01/artifact.bin"",""binary_sha256"":""25e0d918cd8ff7cc194ede1eb56d7dc89089e033832c65ca5cceab6c9faa446b"",""carrier"":""symbol"",""command"":[""clang"",""-std=c11"",""-fno-ident"",""-no-pie"",""-Os"",""WORKDIR/symbol/M15/MR11/trace/build-01/host.c"",""-o"",""WORKDIR/symbol/M15/MR11/trace/build-01/artifact.bin""],""effective_payload_hex"":""4d6f7270682d3031"",""key"":""key-alpha"",""mutant_id"":""M15"",""requested_compiler"":""clang"",""requested_optimization"":""Os"",""requested_payload_hex"":""4d6f7270682d3031"",""return_code"":0,""source"":""WORKDIR/symbol/M15/MR11/trace/build-01/host.c"",""source_sha256"":""45e69a3841e4e8368c9380bdbc2f287b38fe1665811764759930b7957a59ce6a"",""stderr"":""""}}"
pilot_mutation,H01-gcd.c,bf207a4afdd7e623be4bd0751bdc1917c0ee550af0f38c0531b25bb726d1710c,symbol,M15,transform_noop,transformation,MR12,Interleaved artifact isolation,separate,True,False,first=b'Morph-01';second=b'Second-2',0.118749,,True,{}
pilot_mutation,H01-gcd.c,bf207a4afdd7e623be4bd0751bdc1917c0ee550af0f38c0531b25bb726d1710c,symbol,M15,transform_noop,transformation,MR13,Reordered extraction independence,preserve,True,False,before=b'Morph-01';after=b'Morph-01',0.121394,,True,{}
pilot_mutation,H01-gcd.c,bf207a4afdd7e623be4bd0751bdc1917c0ee550af0f38c0531b25bb726d1710c,symbol,M15,transform_noop,transformation,MR14,Rebuild stability,preserve,True,False,first=b'Morph-01';second=b'Morph-01',0.126647,,True,"{""binary_bytes_equal"":true}"
pilot_mutation,H01-gcd.c,bf207a4afdd7e623be4bd0751bdc1917c0ee550af0f38c0531b25bb726d1710c,symbol,M16,checksum_bypass,integrity,MR01,Round-trip fidelity,preserve,True,False,extracted=b'Morph-01',0.073885,,True,"{""build"":{""actual_compiler"":""gcc"",""actual_optimization"":""O2"",""binary"":""WORKDIR/symbol/M16/MR01/marked/build-01/artifact.bin"",""binary_sha256"":""7b713450f899744a0e9c1995e1ea83c762e52b3b03c45f82418d86193b6be1a1"",""carrier"":""symbol"",""command"":[""gcc"",""-std=c11"",""-fno-ident"",""-no-pie"",""-O2"",""WORKDIR/symbol/M16/MR01/marked/build-01/host.c"",""-o"",""WORKDIR/symbol/M16/MR01/marked/build-01/artifact.bin""],""effective_payload_hex"":""4d6f7270682d3031"",""key"":""key-alpha"",""mutant_id"":""M16"",""requested_compiler"":""gcc"",""requested_optimization"":""O2"",""requested_payload_hex"":""4d6f7270682d3031"",""return_code"":0,""source"":""WORKDIR/symbol/M16/MR01/marked/build-01/host.c"",""source_sha256"":""45e69a3841e4e8368c9380bdbc2f287b38fe1665811764759930b7957a59ce6a"",""stderr"":""""},""extracted_hex"":""4d6f7270682d3031""}"
pilot_mutation,H01-gcd.c,bf207a4afdd7e623be4bd0751bdc1917c0ee550af0f38c0531b25bb726d1710c,symbol,M16,checksum_bypass,integrity,MR02,Host-semantic preservation,preserve,True,False,mismatch_count=0,0.174633,,True,"{""mismatches"":[]}"
pilot_mutation,H01-gcd.c,bf207a4afdd7e623be4bd0751bdc1917c0ee550af0f38c0531b25bb726d1710c,symbol,M16,checksum_bypass,integrity,MR03,Unmarked rejection,reject,True,False,rejected:absent:watermark symbols not found,0.086161,,True,"{""unmarked_binary_sha256"":""17288de5d8ffc83b2223ee650ec19f96fa9b779f3eb45b8e2433c730b7a1e3e2""}"
pilot_mutation,H01-gcd.c,bf207a4afdd7e623be4bd0751bdc1917c0ee550af0f38c0531b25bb726d1710c,symbol,M16,checksum_bypass,integrity,MR04,Wrong-key rejection,reject,True,False,rejected:wrong-key:symbol key tag mismatch,0.057005,,True,"{""antecedent_guarded"":true,""antecedent_hex"":""4d6f7270682d3031""}"
pilot_mutation,H01-gcd.c,bf207a4afdd7e623be4bd0751bdc1917c0ee550af0f38c0531b25bb726d1710c,symbol,M16,checksum_bypass,integrity,MR05,Payload separation,separate,True,False,first=b'Morph-01';second=b'Second-2',0.122703,,True,"{""first_hex"":""4d6f7270682d3031"",""second_hex"":""5365636f6e642d32""}"
pilot_mutation,H01-gcd.c,bf207a4afdd7e623be4bd0751bdc1917c0ee550af0f38c0531b25bb726d1710c,symbol,M16,checksum_bypass,integrity,MR06,Cross-compiler invariance,preserve,True,False,"payloads=b'Morph-01',b'Morph-01';semantic_equal=True",0.143217,,True,"{""clang_actual"":""clang"",""gcc_actual"":""gcc""}"
pilot_mutation,H01-gcd.c,bf207a4afdd7e623be4bd0751bdc1917c0ee550af0f38c0531b25bb726d1710c,symbol,M16,checksum_bypass,integrity,MR07,Optimization invariance,preserve,True,False,"payloads=['Morph-01', 'Morph-01', 'Morph-01'];semantic_equal=True",0.212875,,True,{}
pilot_mutation,H01-gcd.c,bf207a4afdd7e623be4bd0751bdc1917c0ee550af0f38c0531b25bb726d1710c,symbol,M16,checksum_bypass,integrity,MR08,Clean-room relocation,preserve,True,False,relocated=b'Morph-01',0.087627,,True,"{""clean_room_entries"":[""renamed-artifact.bin""],""relocated_hex"":""4d6f7270682d3031""}"
pilot_mutation,H01-gcd.c,bf207a4afdd7e623be4bd0751bdc1917c0ee550af0f38c0531b25bb726d1710c,symbol,M16,checksum_bypass,integrity,MR09,Carrier-removal rejection,reject,True,False,rejected:absent:watermark symbols not found,0.084233,,True,"{""antecedent_guarded"":true}"
pilot_mutation,H01-gcd.c,bf207a4afdd7e623be4bd0751bdc1917c0ee550af0f38c0531b25bb726d1710c,symbol,M16,checksum_bypass,integrity,MR10,Carrier-corruption rejection,reject,True,False,rejected:malformed:inconsistent watermark symbol set,0.082391,,True,"{""antecedent_guarded"":true}"
pilot_mutation,H01-gcd.c,bf207a4afdd7e623be4bd0751bdc1917c0ee550af0f38c0531b25bb726d1710c,symbol,M16,checksum_bypass,integrity,MR11,Requested/actual trace agreement,trace,True,False,requested=clang/Os;actual=clang/Os,0.075696,,True,"{""build"":{""actual_compiler"":""clang"",""actual_optimization"":""Os"",""binary"":""WORKDIR/symbol/M16/MR11/trace/build-01/artifact.bin"",""binary_sha256"":""25e0d918cd8ff7cc194ede1eb56d7dc89089e033832c65ca5cceab6c9faa446b"",""carrier"":""symbol"",""command"":[""clang"",""-std=c11"",""-fno-ident"",""-no-pie"",""-Os"",""WORKDIR/symbol/M16/MR11/trace/build-01/host.c"",""-o"",""WORKDIR/symbol/M16/MR11/trace/build-01/artifact.bin""],""effective_payload_hex"":""4d6f7270682d3031"",""key"":""key-alpha"",""mutant_id"":""M16"",""requested_compiler"":""clang"",""requested_optimization"":""Os"",""requested_payload_hex"":""4d6f7270682d3031"",""return_code"":0,""source"":""WORKDIR/symbol/M16/MR11/trace/build-01/host.c"",""source_sha256"":""45e69a3841e4e8368c9380bdbc2f287b38fe1665811764759930b7957a59ce6a"",""stderr"":""""}}"
pilot_mutation,H01-gcd.c,bf207a4afdd7e623be4bd0751bdc1917c0ee550af0f38c0531b25bb726d1710c,symbol,M16,checksum_bypass,integrity,MR12,Interleaved artifact isolation,separate,True,False,first=b'Morph-01';second=b'Second-2',0.111057,,True,{}
pilot_mutation,H01-gcd.c,bf207a4afdd7e623be4bd0751bdc1917c0ee550af0f38c0531b25bb726d1710c,symbol,M16,checksum_bypass,integrity,MR13,Reordered extraction independence,preserve,True,False,before=b'Morph-01';after=b'Morph-01',0.171217,,True,{}
pilot_mutation,H01-gcd.c,bf207a4afdd7e623be4bd0751bdc1917c0ee550af0f38c0531b25bb726d1710c,symbol,M16,checksum_bypass,integrity,MR14,Rebuild stability,preserve,True,False,first=b'Morph-01';second=b'Morph-01',0.12232,,True,"{""binary_bytes_equal"":true}"
pilot_mutation,H01-gcd.c,bf207a4afdd7e623be4bd0751bdc1917c0ee550af0f38c0531b25bb726d1710c,symbol,M17,filename_bound,artifact binding,MR01,Round-trip fidelity,preserve,True,False,extracted=b'Morph-01',0.072638,,True,"{""build"":{""actual_compiler"":""gcc"",""actual_optimization"":""O2"",""binary"":""WORKDIR/symbol/M17/MR01/marked/build-01/artifact.bin"",""binary_sha256"":""7b713450f899744a0e9c1995e1ea83c762e52b3b03c45f82418d86193b6be1a1"",""carrier"":""symbol"",""command"":[""gcc"",""-std=c11"",""-fno-ident"",""-no-pie"",""-O2"",""WORKDIR/symbol/M17/MR01/marked/build-01/host.c"",""-o"",""WORKDIR/symbol/M17/MR01/marked/build-01/artifact.bin""],""effective_payload_hex"":""4d6f7270682d3031"",""key"":""key-alpha"",""mutant_id"":""M17"",""requested_compiler"":""gcc"",""requested_optimization"":""O2"",""requested_payload_hex"":""4d6f7270682d3031"",""return_code"":0,""source"":""WORKDIR/symbol/M17/MR01/marked/build-01/host.c"",""source_sha256"":""45e69a3841e4e8368c9380bdbc2f287b38fe1665811764759930b7957a59ce6a"",""stderr"":""""},""extracted_hex"":""4d6f7270682d3031""}"
pilot_mutation,H01-gcd.c,bf207a4afdd7e623be4bd0751bdc1917c0ee550af0f38c0531b25bb726d1710c,symbol,M17,filename_bound,artifact binding,MR02,Host-semantic preservation,preserve,True,False,mismatch_count=0,0.171745,,True,"{""mismatches"":[]}"
pilot_mutation,H01-gcd.c,bf207a4afdd7e623be4bd0751bdc1917c0ee550af0f38c0531b25bb726d1710c,symbol,M17,filename_bound,artifact binding,MR03,Unmarked rejection,reject,True,False,rejected:absent:watermark symbols not found,0.086038,,True,"{""unmarked_binary_sha256"":""17288de5d8ffc83b2223ee650ec19f96fa9b779f3eb45b8e2433c730b7a1e3e2""}"
pilot_mutation,H01-gcd.c,bf207a4afdd7e623be4bd0751bdc1917c0ee550af0f38c0531b25bb726d1710c,symbol,M17,filename_bound,artifact binding,MR04,Wrong-key rejection,reject,True,False,rejected:wrong-key:symbol key tag mismatch,0.081898,,True,"{""antecedent_guarded"":true,""antecedent_hex"":""4d6f7270682d3031""}"
pilot_mutation,H01-gcd.c,bf207a4afdd7e623be4bd0751bdc1917c0ee550af0f38c0531b25bb726d1710c,symbol,M17,filename_bound,artifact binding,MR05,Payload separation,separate,True,False,first=b'Morph-01';second=b'Second-2',0.093482,,True,"{""first_hex"":""4d6f7270682d3031"",""second_hex"":""5365636f6e642d32""}"
pilot_mutation,H01-gcd.c,bf207a4afdd7e623be4bd0751bdc1917c0ee550af0f38c0531b25bb726d1710c,symbol,M17,filename_bound,artifact binding,MR06,Cross-compiler invariance,preserve,True,False,"payloads=b'Morph-01',b'Morph-01';semantic_equal=True",0.183569,,True,"{""clang_actual"":""clang"",""gcc_actual"":""gcc""}"
pilot_mutation,H01-gcd.c,bf207a4afdd7e623be4bd0751bdc1917c0ee550af0f38c0531b25bb726d1710c,symbol,M17,filename_bound,artifact binding,MR07,Optimization invariance,preserve,True,False,"payloads=['Morph-01', 'Morph-01', 'Morph-01'];semantic_equal=True",0.270432,,True,{}
pilot_mutation,H01-gcd.c,bf207a4afdd7e623be4bd0751bdc1917c0ee550af0f38c0531b25bb726d1710c,symbol,M17,filename_bound,artifact binding,MR08,Clean-room relocation,preserve,False,True,exception:ExtractionError:artifact path is not an original build path,0.085962,ExtractionError,True,{}
pilot_mutation,H01-gcd.c,bf207a4afdd7e623be4bd0751bdc1917c0ee550af0f38c0531b25bb726d1710c,symbol,M17,filename_bound,artifact binding,MR09,Carrier-removal rejection,reject,True,False,rejected:path:artifact path is not an original build path,0.070973,,True,"{""antecedent_guarded"":true}"
pilot_mutation,H01-gcd.c,bf207a4afdd7e623be4bd0751bdc1917c0ee550af0f38c0531b25bb726d1710c,symbol,M17,filename_bound,artifact binding,MR10,Carrier-corruption rejection,reject,True,False,rejected:path:artifact path is not an original build path,0.064318,,True,"{""antecedent_guarded"":true}"
pilot_mutation,H01-gcd.c,bf207a4afdd7e623be4bd0751bdc1917c0ee550af0f38c0531b25bb726d1710c,symbol,M17,filename_bound,artifact binding,MR11,Requested/actual trace agreement,trace,True,False,requested=clang/Os;actual=clang/Os,0.050791,,True,"{""build"":{""actual_compiler"":""clang"",""actual_optimization"":""Os"",""binary"":""WORKDIR/symbol/M17/MR11/trace/build-01/artifact.bin"",""binary_sha256"":""25e0d918cd8ff7cc194ede1eb56d7dc89089e033832c65ca5cceab6c9faa446b"",""carrier"":""symbol"",""command"":[""clang"",""-std=c11"",""-fno-ident"",""-no-pie"",""-Os"",""WORKDIR/symbol/M17/MR11/trace/build-01/host.c"",""-o"",""WORKDIR/symbol/M17/MR11/trace/build-01/artifact.bin""],""effective_payload_hex"":""4d6f7270682d3031"",""key"":""key-alpha"",""mutant_id"":""M17"",""requested_compiler"":""clang"",""requested_optimization"":""Os"",""requested_payload_hex"":""4d6f7270682d3031"",""return_code"":0,""source"":""WORKDIR/symbol/M17/MR11/trace/build-01/host.c"",""source_sha256"":""45e69a3841e4e8368c9380bdbc2f287b38fe1665811764759930b7957a59ce6a"",""stderr"":""""}}"
pilot_mutation,H01-gcd.c,bf207a4afdd7e623be4bd0751bdc1917c0ee550af0f38c0531b25bb726d1710c,symbol,M17,filename_bound,artifact binding,MR12,Interleaved artifact isolation,separate,True,False,first=b'Morph-01';second=b'Second-2',0.109216,,True,{}
pilot_mutation,H01-gcd.c,bf207a4afdd7e623be4bd0751bdc1917c0ee550af0f38c0531b25bb726d1710c,symbol,M17,filename_bound,artifact binding,MR13,Reordered extraction independence,preserve,True,False,before=b'Morph-01';after=b'Morph-01',0.135731,,True,{}
pilot_mutation,H01-gcd.c,bf207a4afdd7e623be4bd0751bdc1917c0ee550af0f38c0531b25bb726d1710c,symbol,M17,filename_bound,artifact binding,MR14,Rebuild stability,preserve,True,False,first=b'Morph-01';second=b'Morph-01',0.130104,,True,"{""binary_bytes_equal"":true}"
pilot_mutation,H01-gcd.c,bf207a4afdd7e623be4bd0751bdc1917c0ee550af0f38c0531b25bb726d1710c,symbol,M18,stale_binary,state,MR01,Round-trip fidelity,preserve,True,False,extracted=b'Morph-01',0.041805,,True,"{""build"":{""actual_compiler"":""gcc"",""actual_optimization"":""O2"",""binary"":""WORKDIR/symbol/M18/MR01/marked/build-01/artifact.bin"",""binary_sha256"":""7b713450f899744a0e9c1995e1ea83c762e52b3b03c45f82418d86193b6be1a1"",""carrier"":""symbol"",""command"":[""gcc"",""-std=c11"",""-fno-ident"",""-no-pie"",""-O2"",""WORKDIR/symbol/M18/MR01/marked/build-01/host.c"",""-o"",""WORKDIR/symbol/M18/MR01/marked/build-01/artifact.bin""],""effective_payload_hex"":""4d6f7270682d3031"",""key"":""key-alpha"",""mutant_id"":""M18"",""requested_compiler"":""gcc"",""requested_optimization"":""O2"",""requested_payload_hex"":""4d6f7270682d3031"",""return_code"":0,""source"":""WORKDIR/symbol/M18/MR01/marked/build-01/host.c"",""source_sha256"":""45e69a3841e4e8368c9380bdbc2f287b38fe1665811764759930b7957a59ce6a"",""stderr"":""""},""extracted_hex"":""4d6f7270682d3031""}"
pilot_mutation,H01-gcd.c,bf207a4afdd7e623be4bd0751bdc1917c0ee550af0f38c0531b25bb726d1710c,symbol,M18,stale_binary,state,MR02,Host-semantic preservation,preserve,True,False,mismatch_count=0,0.122546,,True,"{""mismatches"":[]}"
pilot_mutation,H01-gcd.c,bf207a4afdd7e623be4bd0751bdc1917c0ee550af0f38c0531b25bb726d1710c,symbol,M18,stale_binary,state,MR03,Unmarked rejection,reject,True,False,rejected:absent:watermark symbols not found,0.072695,,True,"{""unmarked_binary_sha256"":""17288de5d8ffc83b2223ee650ec19f96fa9b779f3eb45b8e2433c730b7a1e3e2""}"
pilot_mutation,H01-gcd.c,bf207a4afdd7e623be4bd0751bdc1917c0ee550af0f38c0531b25bb726d1710c,symbol,M18,stale_binary,state,MR04,Wrong-key rejection,reject,True,False,rejected:wrong-key:symbol key tag mismatch,0.063856,,True,"{""antecedent_guarded"":true,""antecedent_hex"":""4d6f7270682d3031""}"
pilot_mutation,H01-gcd.c,bf207a4afdd7e623be4bd0751bdc1917c0ee550af0f38c0531b25bb726d1710c,symbol,M18,stale_binary,state,MR05,Payload separation,separate,False,True,first=b'Morph-01';second=b'Morph-01',0.051189,,True,"{""first_hex"":""4d6f7270682d3031"",""second_hex"":""4d6f7270682d3031""}"
pilot_mutation,H01-gcd.c,bf207a4afdd7e623be4bd0751bdc1917c0ee550af0f38c0531b25bb726d1710c,symbol,M18,stale_binary,state,MR06,Cross-compiler invariance,preserve,True,False,"payloads=b'Morph-01',b'Morph-01';semantic_equal=True",0.091897,,True,"{""clang_actual"":""gcc"",""gcc_actual"":""gcc""}"
pilot_mutation,H01-gcd.c,bf207a4afdd7e623be4bd0751bdc1917c0ee550af0f38c0531b25bb726d1710c,symbol,M18,stale_binary,state,MR07,Optimization invariance,preserve,True,False,"payloads=['Morph-01', 'Morph-01', 'Morph-01'];semantic_equal=True",0.108922,,True,{}
pilot_mutation,H01-gcd.c,bf207a4afdd7e623be4bd0751bdc1917c0ee550af0f38c0531b25bb726d1710c,symbol,M18,stale_binary,state,MR08,Clean-room relocation,preserve,True,False,relocated=b'Morph-01',0.041898,,True,"{""clean_room_entries"":[""renamed-artifact.bin""],""relocated_hex"":""4d6f7270682d3031""}"
pilot_mutation,H01-gcd.c,bf207a4afdd7e623be4bd0751bdc1917c0ee550af0f38c0531b25bb726d1710c,symbol,M18,stale_binary,state,MR09,Carrier-removal rejection,reject,True,False,rejected:absent:watermark symbols not found,0.084668,,True,"{""antecedent_guarded"":true}"
pilot_mutation,H01-gcd.c,bf207a4afdd7e623be4bd0751bdc1917c0ee550af0f38c0531b25bb726d1710c,symbol,M18,stale_binary,state,MR10,Carrier-corruption rejection,reject,True,False,rejected:malformed:inconsistent watermark symbol set,0.071594,,True,"{""antecedent_guarded"":true}"
pilot_mutation,H01-gcd.c,bf207a4afdd7e623be4bd0751bdc1917c0ee550af0f38c0531b25bb726d1710c,symbol,M18,stale_binary,state,MR11,Requested/actual trace agreement,trace,True,False,requested=clang/Os;actual=clang/Os,0.073125,,True,"{""build"":{""actual_compiler"":""clang"",""actual_optimization"":""Os"",""binary"":""WORKDIR/symbol/M18/MR11/trace/build-01/artifact.bin"",""binary_sha256"":""25e0d918cd8ff7cc194ede1eb56d7dc89089e033832c65ca5cceab6c9faa446b"",""carrier"":""symbol"",""command"":[""clang"",""-std=c11"",""-fno-ident"",""-no-pie"",""-Os"",""WORKDIR/symbol/M18/MR11/trace/build-01/host.c"",""-o"",""WORKDIR/symbol/M18/MR11/trace/build-01/artifact.bin""],""effective_payload_hex"":""4d6f7270682d3031"",""key"":""key-alpha"",""mutant_id"":""M18"",""requested_compiler"":""clang"",""requested_optimization"":""Os"",""requested_payload_hex"":""4d6f7270682d3031"",""return_code"":0,""source"":""WORKDIR/symbol/M18/MR11/trace/build-01/host.c"",""source_sha256"":""45e69a3841e4e8368c9380bdbc2f287b38fe1665811764759930b7957a59ce6a"",""stderr"":""""}}"
pilot_mutation,H01-gcd.c,bf207a4afdd7e623be4bd0751bdc1917c0ee550af0f38c0531b25bb726d1710c,symbol,M18,stale_binary,state,MR12,Interleaved artifact isolation,separate,False,True,first=b'Morph-01';second=b'Morph-01',0.049187,,True,{}
pilot_mutation,H01-gcd.c,bf207a4afdd7e623be4bd0751bdc1917c0ee550af0f38c0531b25bb726d1710c,symbol,M18,stale_binary,state,MR13,Reordered extraction independence,preserve,True,False,before=b'Morph-01';after=b'Morph-01',0.052506,,True,{}
pilot_mutation,H01-gcd.c,bf207a4afdd7e623be4bd0751bdc1917c0ee550af0f38c0531b25bb726d1710c,symbol,M18,stale_binary,state,MR14,Rebuild stability,preserve,True,False,first=b'Morph-01';second=b'Morph-01',0.038674,,True,"{""binary_bytes_equal"":true}"
pilot_mutation,H01-gcd.c,bf207a4afdd7e623be4bd0751bdc1917c0ee550af0f38c0531b25bb726d1710c,symbol,M19,extractor_prefix,extraction,MR01,Round-trip fidelity,preserve,False,True,extracted=b'Morph-0',0.042591,,True,"{""build"":{""actual_compiler"":""gcc"",""actual_optimization"":""O2"",""binary"":""WORKDIR/symbol/M19/MR01/marked/build-01/artifact.bin"",""binary_sha256"":""7b713450f899744a0e9c1995e1ea83c762e52b3b03c45f82418d86193b6be1a1"",""carrier"":""symbol"",""command"":[""gcc"",""-std=c11"",""-fno-ident"",""-no-pie"",""-O2"",""WORKDIR/symbol/M19/MR01/marked/build-01/host.c"",""-o"",""WORKDIR/symbol/M19/MR01/marked/build-01/artifact.bin""],""effective_payload_hex"":""4d6f7270682d3031"",""key"":""key-alpha"",""mutant_id"":""M19"",""requested_compiler"":""gcc"",""requested_optimization"":""O2"",""requested_payload_hex"":""4d6f7270682d3031"",""return_code"":0,""source"":""WORKDIR/symbol/M19/MR01/marked/build-01/host.c"",""source_sha256"":""45e69a3841e4e8368c9380bdbc2f287b38fe1665811764759930b7957a59ce6a"",""stderr"":""""},""extracted_hex"":""4d6f7270682d30""}"
pilot_mutation,H01-gcd.c,bf207a4afdd7e623be4bd0751bdc1917c0ee550af0f38c0531b25bb726d1710c,symbol,M19,extractor_prefix,extraction,MR02,Host-semantic preservation,preserve,True,False,mismatch_count=0,0.131442,,True,"{""mismatches"":[]}"
pilot_mutation,H01-gcd.c,bf207a4afdd7e623be4bd0751bdc1917c0ee550af0f38c0531b25bb726d1710c,symbol,M19,extractor_prefix,extraction,MR03,Unmarked rejection,reject,True,False,rejected:absent:watermark symbols not found,0.046471,,True,"{""unmarked_binary_sha256"":""17288de5d8ffc83b2223ee650ec19f96fa9b779f3eb45b8e2433c730b7a1e3e2""}"
pilot_mutation,H01-gcd.c,bf207a4afdd7e623be4bd0751bdc1917c0ee550af0f38c0531b25bb726d1710c,symbol,M19,extractor_prefix,extraction,MR04,Wrong-key rejection,reject,True,False,rejected:wrong-key:symbol key tag mismatch,0.072924,,True,"{""antecedent_guarded"":true,""antecedent_hex"":""4d6f7270682d3031""}"
pilot_mutation,H01-gcd.c,bf207a4afdd7e623be4bd0751bdc1917c0ee550af0f38c0531b25bb726d1710c,symbol,M19,extractor_prefix,extraction,MR05,Payload separation,separate,False,True,first=b'Morph-0';second=b'Second-',0.122582,,True,"{""first_hex"":""4d6f7270682d30"",""second_hex"":""5365636f6e642d""}"
pilot_mutation,H01-gcd.c,bf207a4afdd7e623be4bd0751bdc1917c0ee550af0f38c0531b25bb726d1710c,symbol,M19,extractor_prefix,extraction,MR06,Cross-compiler invariance,preserve,False,True,"payloads=b'Morph-0',b'Morph-0';semantic_equal=True",0.171027,,True,"{""clang_actual"":""clang"",""gcc_actual"":""gcc""}"
pilot_mutation,H01-gcd.c,bf207a4afdd7e623be4bd0751bdc1917c0ee550af0f38c0531b25bb726d1710c,symbol,M19,extractor_prefix,extraction,MR07,Optimization invariance,preserve,False,True,"payloads=['Morph-0', 'Morph-0', 'Morph-0'];semantic_equal=True",0.248792,,True,{}
pilot_mutation,H01-gcd.c,bf207a4afdd7e623be4bd0751bdc1917c0ee550af0f38c0531b25bb726d1710c,symbol,M19,extractor_prefix,extraction,MR08,Clean-room relocation,preserve,False,True,source_mismatch=b'Morph-0',0.065601,,True,"{""source_hex"":""4d6f7270682d30""}"
pilot_mutation,H01-gcd.c,bf207a4afdd7e623be4bd0751bdc1917c0ee550af0f38c0531b25bb726d1710c,symbol,M19,extractor_prefix,extraction,MR09,Carrier-removal rejection,reject,True,False,rejected:absent:watermark symbols not found,0.06193,,True,"{""antecedent_guarded"":true}"
pilot_mutation,H01-gcd.c,bf207a4afdd7e623be4bd0751bdc1917c0ee550af0f38c0531b25bb726d1710c,symbol,M19,extractor_prefix,extraction,MR10,Carrier-corruption rejection,reject,True,False,rejected:malformed:inconsistent watermark symbol set,0.093142,,True,"{""antecedent_guarded"":true}"
pilot_mutation,H01-gcd.c,bf207a4afdd7e623be4bd0751bdc1917c0ee550af0f38c0531b25bb726d1710c,symbol,M19,extractor_prefix,extraction,MR11,Requested/actual trace agreement,trace,True,False,requested=clang/Os;actual=clang/Os,0.069371,,True,"{""build"":{""actual_compiler"":""clang"",""actual_optimization"":""Os"",""binary"":""WORKDIR/symbol/M19/MR11/trace/build-01/artifact.bin"",""binary_sha256"":""25e0d918cd8ff7cc194ede1eb56d7dc89089e033832c65ca5cceab6c9faa446b"",""carrier"":""symbol"",""command"":[""clang"",""-std=c11"",""-fno-ident"",""-no-pie"",""-Os"",""WORKDIR/symbol/M19/MR11/trace/build-01/host.c"",""-o"",""WORKDIR/symbol/M19/MR11/trace/build-01/artifact.bin""],""effective_payload_hex"":""4d6f7270682d3031"",""key"":""key-alpha"",""mutant_id"":""M19"",""requested_compiler"":""clang"",""requested_optimization"":""Os"",""requested_payload_hex"":""4d6f7270682d3031"",""return_code"":0,""source"":""WORKDIR/symbol/M19/MR11/trace/build-01/host.c"",""source_sha256"":""45e69a3841e4e8368c9380bdbc2f287b38fe1665811764759930b7957a59ce6a"",""stderr"":""""}}"
pilot_mutation,H01-gcd.c,bf207a4afdd7e623be4bd0751bdc1917c0ee550af0f38c0531b25bb726d1710c,symbol,M19,extractor_prefix,extraction,MR12,Interleaved artifact isolation,separate,False,True,first=b'Morph-0';second=b'Second-',0.132573,,True,{}
pilot_mutation,H01-gcd.c,bf207a4afdd7e623be4bd0751bdc1917c0ee550af0f38c0531b25bb726d1710c,symbol,M19,extractor_prefix,extraction,MR13,Reordered extraction independence,preserve,False,True,before=b'Morph-0';after=b'Morph-0',0.135756,,True,{}
pilot_mutation,H01-gcd.c,bf207a4afdd7e623be4bd0751bdc1917c0ee550af0f38c0531b25bb726d1710c,symbol,M19,extractor_prefix,extraction,MR14,Rebuild stability,preserve,False,True,first=b'Morph-0';second=b'Morph-0',0.118717,,True,"{""binary_bytes_equal"":true}"
pilot_mutation,H01-gcd.c,bf207a4afdd7e623be4bd0751bdc1917c0ee550af0f38c0531b25bb726d1710c,symbol,M20,interleaved_collision,isolation,MR01,Round-trip fidelity,preserve,True,False,extracted=b'Morph-01',0.067501,,True,"{""build"":{""actual_compiler"":""gcc"",""actual_optimization"":""O2"",""binary"":""WORKDIR/symbol/M20/MR01/marked/build-01/artifact.bin"",""binary_sha256"":""7b713450f899744a0e9c1995e1ea83c762e52b3b03c45f82418d86193b6be1a1"",""carrier"":""symbol"",""command"":[""gcc"",""-std=c11"",""-fno-ident"",""-no-pie"",""-O2"",""WORKDIR/symbol/M20/MR01/marked/build-01/host.c"",""-o"",""WORKDIR/symbol/M20/MR01/marked/build-01/artifact.bin""],""effective_payload_hex"":""4d6f7270682d3031"",""key"":""key-alpha"",""mutant_id"":""M20"",""requested_compiler"":""gcc"",""requested_optimization"":""O2"",""requested_payload_hex"":""4d6f7270682d3031"",""return_code"":0,""source"":""WORKDIR/symbol/M20/MR01/marked/build-01/host.c"",""source_sha256"":""45e69a3841e4e8368c9380bdbc2f287b38fe1665811764759930b7957a59ce6a"",""stderr"":""""},""extracted_hex"":""4d6f7270682d3031""}"
pilot_mutation,H01-gcd.c,bf207a4afdd7e623be4bd0751bdc1917c0ee550af0f38c0531b25bb726d1710c,symbol,M20,interleaved_collision,isolation,MR02,Host-semantic preservation,preserve,True,False,mismatch_count=0,0.144614,,True,"{""mismatches"":[]}"
pilot_mutation,H01-gcd.c,bf207a4afdd7e623be4bd0751bdc1917c0ee550af0f38c0531b25bb726d1710c,symbol,M20,interleaved_collision,isolation,MR03,Unmarked rejection,reject,True,False,rejected:absent:watermark symbols not found,0.078106,,True,"{""unmarked_binary_sha256"":""17288de5d8ffc83b2223ee650ec19f96fa9b779f3eb45b8e2433c730b7a1e3e2""}"
pilot_mutation,H01-gcd.c,bf207a4afdd7e623be4bd0751bdc1917c0ee550af0f38c0531b25bb726d1710c,symbol,M20,interleaved_collision,isolation,MR04,Wrong-key rejection,reject,True,False,rejected:wrong-key:global payload slot key mismatch,0.047816,,True,"{""antecedent_guarded"":true,""antecedent_hex"":""4d6f7270682d3031""}"
pilot_mutation,H01-gcd.c,bf207a4afdd7e623be4bd0751bdc1917c0ee550af0f38c0531b25bb726d1710c,symbol,M20,interleaved_collision,isolation,MR05,Payload separation,separate,False,True,first=b'Second-2';second=b'Second-2',0.123306,,True,"{""first_hex"":""5365636f6e642d32"",""second_hex"":""5365636f6e642d32""}"
pilot_mutation,H01-gcd.c,bf207a4afdd7e623be4bd0751bdc1917c0ee550af0f38c0531b25bb726d1710c,symbol,M20,interleaved_collision,isolation,MR06,Cross-compiler invariance,preserve,True,False,"payloads=b'Morph-01',b'Morph-01';semantic_equal=True",0.166698,,True,"{""clang_actual"":""clang"",""gcc_actual"":""gcc""}"
pilot_mutation,H01-gcd.c,bf207a4afdd7e623be4bd0751bdc1917c0ee550af0f38c0531b25bb726d1710c,symbol,M20,interleaved_collision,isolation,MR07,Optimization invariance,preserve,True,False,"payloads=['Morph-01', 'Morph-01', 'Morph-01'];semantic_equal=True",0.1993,,True,{}
pilot_mutation,H01-gcd.c,bf207a4afdd7e623be4bd0751bdc1917c0ee550af0f38c0531b25bb726d1710c,symbol,M20,interleaved_collision,isolation,MR08,Clean-room relocation,preserve,True,False,relocated=b'Morph-01',0.07493,,True,"{""clean_room_entries"":[""renamed-artifact.bin""],""relocated_hex"":""4d6f7270682d3031""}"
pilot_mutation,H01-gcd.c,bf207a4afdd7e623be4bd0751bdc1917c0ee550af0f38c0531b25bb726d1710c,symbol,M20,interleaved_collision,isolation,MR09,Carrier-removal rejection,reject,False,True,spurious robustness:accepted:b'Morph-01',0.059713,,True,"{""antecedent_guarded"":true}"
pilot_mutation,H01-gcd.c,bf207a4afdd7e623be4bd0751bdc1917c0ee550af0f38c0531b25bb726d1710c,symbol,M20,interleaved_collision,isolation,MR10,Carrier-corruption rejection,reject,False,True,corruption accepted:accepted:b'Morph-01',0.079833,,True,"{""antecedent_guarded"":true}"
pilot_mutation,H01-gcd.c,bf207a4afdd7e623be4bd0751bdc1917c0ee550af0f38c0531b25bb726d1710c,symbol,M20,interleaved_collision,isolation,MR11,Requested/actual trace agreement,trace,True,False,requested=clang/Os;actual=clang/Os,0.043271,,True,"{""build"":{""actual_compiler"":""clang"",""actual_optimization"":""Os"",""binary"":""WORKDIR/symbol/M20/MR11/trace/build-01/artifact.bin"",""binary_sha256"":""25e0d918cd8ff7cc194ede1eb56d7dc89089e033832c65ca5cceab6c9faa446b"",""carrier"":""symbol"",""command"":[""clang"",""-std=c11"",""-fno-ident"",""-no-pie"",""-Os"",""WORKDIR/symbol/M20/MR11/trace/build-01/host.c"",""-o"",""WORKDIR/symbol/M20/MR11/trace/build-01/artifact.bin""],""effective_payload_hex"":""4d6f7270682d3031"",""key"":""key-alpha"",""mutant_id"":""M20"",""requested_compiler"":""clang"",""requested_optimization"":""Os"",""requested_payload_hex"":""4d6f7270682d3031"",""return_code"":0,""source"":""WORKDIR/symbol/M20/MR11/trace/build-01/host.c"",""source_sha256"":""45e69a3841e4e8368c9380bdbc2f287b38fe1665811764759930b7957a59ce6a"",""stderr"":""""}}"
pilot_mutation,H01-gcd.c,bf207a4afdd7e623be4bd0751bdc1917c0ee550af0f38c0531b25bb726d1710c,symbol,M20,interleaved_collision,isolation,MR12,Interleaved artifact isolation,separate,False,True,first=b'Second-2';second=b'Second-2',0.108158,,True,{}
pilot_mutation,H01-gcd.c,bf207a4afdd7e623be4bd0751bdc1917c0ee550af0f38c0531b25bb726d1710c,symbol,M20,interleaved_collision,isolation,MR13,Reordered extraction independence,preserve,False,True,exception:ExtractionError:global payload slot key mismatch,0.139841,ExtractionError,True,{}
pilot_mutation,H01-gcd.c,bf207a4afdd7e623be4bd0751bdc1917c0ee550af0f38c0531b25bb726d1710c,symbol,M20,interleaved_collision,isolation,MR14,Rebuild stability,preserve,True,False,first=b'Morph-01';second=b'Morph-01',0.112623,,True,"{""binary_bytes_equal"":true}"
pilot_mutation,H01-gcd.c,bf207a4afdd7e623be4bd0751bdc1917c0ee550af0f38c0531b25bb726d1710c,section,M01,embed_noop,embedding,MR01,Round-trip fidelity,preserve,False,True,exception:ExtractionError:custom section .wmrec not found,0.078274,ExtractionError,True,{}
pilot_mutation,H01-gcd.c,bf207a4afdd7e623be4bd0751bdc1917c0ee550af0f38c0531b25bb726d1710c,section,M01,embed_noop,embedding,MR02,Host-semantic preservation,preserve,True,False,mismatch_count=0,0.118977,,True,"{""mismatches"":[]}"
pilot_mutation,H01-gcd.c,bf207a4afdd7e623be4bd0751bdc1917c0ee550af0f38c0531b25bb726d1710c,section,M01,embed_noop,embedding,MR03,Unmarked rejection,reject,True,False,rejected:absent:custom section .wmrec not found,0.079163,,True,"{""unmarked_binary_sha256"":""17288de5d8ffc83b2223ee650ec19f96fa9b779f3eb45b8e2433c730b7a1e3e2""}"
pilot_mutation,H01-gcd.c,bf207a4afdd7e623be4bd0751bdc1917c0ee550af0f38c0531b25bb726d1710c,section,M01,embed_noop,embedding,MR04,Wrong-key rejection,reject,True,False,rejected:wrong-key:key tag mismatch,0.05017,,True,"{""antecedent_guarded"":true,""antecedent_hex"":""4d6f7270682d3031""}"
pilot_mutation,H01-gcd.c,bf207a4afdd7e623be4bd0751bdc1917c0ee550af0f38c0531b25bb726d1710c,section,M01,embed_noop,embedding,MR05,Payload separation,separate,False,True,exception:ExtractionError:custom section .wmrec not found,0.103271,ExtractionError,True,{}
pilot_mutation,H01-gcd.c,bf207a4afdd7e623be4bd0751bdc1917c0ee550af0f38c0531b25bb726d1710c,section,M01,embed_noop,embedding,MR06,Cross-compiler invariance,preserve,False,True,exception:ExtractionError:custom section .wmrec not found,0.134776,ExtractionError,True,{}
pilot_mutation,H01-gcd.c,bf207a4afdd7e623be4bd0751bdc1917c0ee550af0f38c0531b25bb726d1710c,section,M01,embed_noop,embedding,MR07,Optimization invariance,preserve,False,True,exception:ExtractionError:custom section .wmrec not found,0.191102,ExtractionError,True,{}
pilot_mutation,H01-gcd.c,bf207a4afdd7e623be4bd0751bdc1917c0ee550af0f38c0531b25bb726d1710c,section,M01,embed_noop,embedding,MR08,Clean-room relocation,preserve,False,True,exception:ExtractionError:custom section .wmrec not found,0.058383,ExtractionError,True,{}
pilot_mutation,H01-gcd.c,bf207a4afdd7e623be4bd0751bdc1917c0ee550af0f38c0531b25bb726d1710c,section,M01,embed_noop,embedding,MR09,Carrier-removal rejection,reject,True,False,rejected:absent:custom section .wmrec not found,0.095001,,True,"{""antecedent_guarded"":true}"
pilot_mutation,H01-gcd.c,bf207a4afdd7e623be4bd0751bdc1917c0ee550af0f38c0531b25bb726d1710c,section,M01,embed_noop,embedding,MR10,Carrier-corruption rejection,reject,True,False,rejected:checksum:payload checksum mismatch,0.08927,,True,"{""antecedent_guarded"":true}"
pilot_mutation,H01-gcd.c,bf207a4afdd7e623be4bd0751bdc1917c0ee550af0f38c0531b25bb726d1710c,section,M01,embed_noop,embedding,MR11,Requested/actual trace agreement,trace,True,False,requested=clang/Os;actual=clang/Os,0.099684,,True,"{""build"":{""actual_compiler"":""clang"",""actual_optimization"":""Os"",""binary"":""WORKDIR/section/M01/MR11/trace/build-01/artifact.bin"",""binary_sha256"":""8979583311288d6755db67bfb67a745238b66729f18570b075945ee29c1a551b"",""carrier"":""section"",""command"":[""clang"",""-std=c11"",""-fno-ident"",""-no-pie"",""-Os"",""WORKDIR/section/M01/MR11/trace/build-01/host.c"",""-o"",""WORKDIR/section/M01/MR11/trace/build-01/artifact.bin""],""effective_payload_hex"":""4d6f7270682d3031"",""key"":""key-alpha"",""mutant_id"":""M01"",""requested_compiler"":""clang"",""requested_optimization"":""Os"",""requested_payload_hex"":""4d6f7270682d3031"",""return_code"":0,""source"":""WORKDIR/section/M01/MR11/trace/build-01/host.c"",""source_sha256"":""bf207a4afdd7e623be4bd0751bdc1917c0ee550af0f38c0531b25bb726d1710c"",""stderr"":""""}}"
pilot_mutation,H01-gcd.c,bf207a4afdd7e623be4bd0751bdc1917c0ee550af0f38c0531b25bb726d1710c,section,M01,embed_noop,embedding,MR12,Interleaved artifact isolation,separate,False,True,exception:ExtractionError:custom section .wmrec not found,0.169632,ExtractionError,True,{}
pilot_mutation,H01-gcd.c,bf207a4afdd7e623be4bd0751bdc1917c0ee550af0f38c0531b25bb726d1710c,section,M01,embed_noop,embedding,MR13,Reordered extraction independence,preserve,False,True,exception:ExtractionError:custom section .wmrec not found,0.044741,ExtractionError,True,{}
pilot_mutation,H01-gcd.c,bf207a4afdd7e623be4bd0751bdc1917c0ee550af0f38c0531b25bb726d1710c,section,M01,embed_noop,embedding,MR14,Rebuild stability,preserve,False,True,exception:ExtractionError:custom section .wmrec not found,0.117638,ExtractionError,True,{}
pilot_mutation,H01-gcd.c,bf207a4afdd7e623be4bd0751bdc1917c0ee550af0f38c0531b25bb726d1710c,section,M02,truncate_payload,embedding,MR01,Round-trip fidelity,preserve,False,True,extracted=b'Morph-0',0.082702,,True,"{""build"":{""actual_compiler"":""gcc"",""actual_optimization"":""O2"",""binary"":""WORKDIR/section/M02/MR01/marked/build-01/artifact.bin"",""binary_sha256"":""3548a491cc4cac19a41dd4d9454f90761be23c939a08c351d38d7d6c49c0ec6a"",""carrier"":""section"",""command"":[""gcc"",""-std=c11"",""-fno-ident"",""-no-pie"",""-O2"",""WORKDIR/section/M02/MR01/marked/build-01/host.c"",""-o"",""WORKDIR/section/M02/MR01/marked/build-01/artifact.bin""],""effective_payload_hex"":""4d6f7270682d30"",""key"":""key-alpha"",""mutant_id"":""M02"",""requested_compiler"":""gcc"",""requested_optimization"":""O2"",""requested_payload_hex"":""4d6f7270682d3031"",""return_code"":0,""source"":""WORKDIR/section/M02/MR01/marked/build-01/host.c"",""source_sha256"":""bf207a4afdd7e623be4bd0751bdc1917c0ee550af0f38c0531b25bb726d1710c"",""stderr"":""""},""extracted_hex"":""4d6f7270682d30""}"
pilot_mutation,H01-gcd.c,bf207a4afdd7e623be4bd0751bdc1917c0ee550af0f38c0531b25bb726d1710c,section,M02,truncate_payload,embedding,MR02,Host-semantic preservation,preserve,True,False,mismatch_count=0,0.163991,,True,"{""mismatches"":[]}"
pilot_mutation,H01-gcd.c,bf207a4afdd7e623be4bd0751bdc1917c0ee550af0f38c0531b25bb726d1710c,section,M02,truncate_payload,embedding,MR03,Unmarked rejection,reject,True,False,rejected:absent:custom section .wmrec not found,0.067795,,True,"{""unmarked_binary_sha256"":""17288de5d8ffc83b2223ee650ec19f96fa9b779f3eb45b8e2433c730b7a1e3e2""}"
pilot_mutation,H01-gcd.c,bf207a4afdd7e623be4bd0751bdc1917c0ee550af0f38c0531b25bb726d1710c,section,M02,truncate_payload,embedding,MR04,Wrong-key rejection,reject,True,False,rejected:wrong-key:key tag mismatch,0.076285,,True,"{""antecedent_guarded"":true,""antecedent_hex"":""4d6f7270682d3031""}"
pilot_mutation,H01-gcd.c,bf207a4afdd7e623be4bd0751bdc1917c0ee550af0f38c0531b25bb726d1710c,section,M02,truncate_payload,embedding,MR05,Payload separation,separate,False,True,first=b'Morph-0';second=b'Second-',0.143013,,True,"{""first_hex"":""4d6f7270682d30"",""second_hex"":""5365636f6e642d""}"
pilot_mutation,H01-gcd.c,bf207a4afdd7e623be4bd0751bdc1917c0ee550af0f38c0531b25bb726d1710c,section,M02,truncate_payload,embedding,MR06,Cross-compiler invariance,preserve,False,True,"payloads=b'Morph-0',b'Morph-0';semantic_equal=True",0.195878,,True,"{""clang_actual"":""clang"",""gcc_actual"":""gcc""}"
pilot_mutation,H01-gcd.c,bf207a4afdd7e623be4bd0751bdc1917c0ee550af0f38c0531b25bb726d1710c,section,M02,truncate_payload,embedding,MR07,Optimization invariance,preserve,False,True,"payloads=['Morph-0', 'Morph-0', 'Morph-0'];semantic_equal=True",0.233029,,True,{}
pilot_mutation,H01-gcd.c,bf207a4afdd7e623be4bd0751bdc1917c0ee550af0f38c0531b25bb726d1710c,section,M02,truncate_payload,embedding,MR08,Clean-room relocation,preserve,False,True,source_mismatch=b'Morph-0',0.074212,,True,"{""source_hex"":""4d6f7270682d30""}"
pilot_mutation,H01-gcd.c,bf207a4afdd7e623be4bd0751bdc1917c0ee550af0f38c0531b25bb726d1710c,section,M02,truncate_payload,embedding,MR09,Carrier-removal rejection,reject,True,False,rejected:absent:custom section .wmrec not found,0.072177,,True,"{""antecedent_guarded"":true}"
pilot_mutation,H01-gcd.c,bf207a4afdd7e623be4bd0751bdc1917c0ee550af0f38c0531b25bb726d1710c,section,M02,truncate_payload,embedding,MR10,Carrier-corruption rejection,reject,True,False,rejected:checksum:payload checksum mismatch,0.072041,,True,"{""antecedent_guarded"":true}"
pilot_mutation,H01-gcd.c,bf207a4afdd7e623be4bd0751bdc1917c0ee550af0f38c0531b25bb726d1710c,section,M02,truncate_payload,embedding,MR11,Requested/actual trace agreement,trace,True,False,requested=clang/Os;actual=clang/Os,0.078697,,True,"{""build"":{""actual_compiler"":""clang"",""actual_optimization"":""Os"",""binary"":""WORKDIR/section/M02/MR11/trace/build-01/artifact.bin"",""binary_sha256"":""6ce46e6a6115ef6c17c4242cb2efa4ea8f8ebb9c7a2ea61021285e4892918c05"",""carrier"":""section"",""command"":[""clang"",""-std=c11"",""-fno-ident"",""-no-pie"",""-Os"",""WORKDIR/section/M02/MR11/trace/build-01/host.c"",""-o"",""WORKDIR/section/M02/MR11/trace/build-01/artifact.bin""],""effective_payload_hex"":""4d6f7270682d30"",""key"":""key-alpha"",""mutant_id"":""M02"",""requested_compiler"":""clang"",""requested_optimization"":""Os"",""requested_payload_hex"":""4d6f7270682d3031"",""return_code"":0,""source"":""WORKDIR/section/M02/MR11/trace/build-01/host.c"",""source_sha256"":""bf207a4afdd7e623be4bd0751bdc1917c0ee550af0f38c0531b25bb726d1710c"",""stderr"":""""}}"
pilot_mutation,H01-gcd.c,bf207a4afdd7e623be4bd0751bdc1917c0ee550af0f38c0531b25bb726d1710c,section,M02,truncate_payload,embedding,MR12,Interleaved artifact isolation,separate,False,True,first=b'Morph-0';second=b'Second-',0.111947,,True,{}
pilot_mutation,H01-gcd.c,bf207a4afdd7e623be4bd0751bdc1917c0ee550af0f38c0531b25bb726d1710c,section,M02,truncate_payload,embedding,MR13,Reordered extraction independence,preserve,False,True,before=b'Morph-0';after=b'Morph-0',0.156546,,True,{}
pilot_mutation,H01-gcd.c,bf207a4afdd7e623be4bd0751bdc1917c0ee550af0f38c0531b25bb726d1710c,section,M02,truncate_payload,embedding,MR14,Rebuild stability,preserve,False,True,first=b'Morph-0';second=b'Morph-0',0.121582,,True,"{""binary_bytes_equal"":true}"
pilot_mutation,H01-gcd.c,bf207a4afdd7e623be4bd0751bdc1917c0ee550af0f38c0531b25bb726d1710c,section,M03,flip_payload,embedding,MR01,Round-trip fidelity,preserve,False,True,extracted=b'Lorph-01',0.04058,,True,"{""build"":{""actual_compiler"":""gcc"",""actual_optimization"":""O2"",""binary"":""WORKDIR/section/M03/MR01/marked/build-01/artifact.bin"",""binary_sha256"":""e4e61bedefb2d8c2337e305bec14956cb48d734be0b3c77fbe504d3031c112b1"",""carrier"":""section"",""command"":[""gcc"",""-std=c11"",""-fno-ident"",""-no-pie"",""-O2"",""WORKDIR/section/M03/MR01/marked/build-01/host.c"",""-o"",""WORKDIR/section/M03/MR01/marked/build-01/artifact.bin""],""effective_payload_hex"":""4c6f7270682d3031"",""key"":""key-alpha"",""mutant_id"":""M03"",""requested_compiler"":""gcc"",""requested_optimization"":""O2"",""requested_payload_hex"":""4d6f7270682d3031"",""return_code"":0,""source"":""WORKDIR/section/M03/MR01/marked/build-01/host.c"",""source_sha256"":""bf207a4afdd7e623be4bd0751bdc1917c0ee550af0f38c0531b25bb726d1710c"",""stderr"":""""},""extracted_hex"":""4c6f7270682d3031""}"
pilot_mutation,H01-gcd.c,bf207a4afdd7e623be4bd0751bdc1917c0ee550af0f38c0531b25bb726d1710c,section,M03,flip_payload,embedding,MR02,Host-semantic preservation,preserve,True,False,mismatch_count=0,0.183409,,True,"{""mismatches"":[]}"
pilot_mutation,H01-gcd.c,bf207a4afdd7e623be4bd0751bdc1917c0ee550af0f38c0531b25bb726d1710c,section,M03,flip_payload,embedding,MR03,Unmarked rejection,reject,True,False,rejected:absent:custom section .wmrec not found,0.072752,,True,"{""unmarked_binary_sha256"":""17288de5d8ffc83b2223ee650ec19f96fa9b779f3eb45b8e2433c730b7a1e3e2""}"
pilot_mutation,H01-gcd.c,bf207a4afdd7e623be4bd0751bdc1917c0ee550af0f38c0531b25bb726d1710c,section,M03,flip_payload,embedding,MR04,Wrong-key rejection,reject,True,False,rejected:wrong-key:key tag mismatch,0.068483,,True,"{""antecedent_guarded"":true,""antecedent_hex"":""4d6f7270682d3031""}"
pilot_mutation,H01-gcd.c,bf207a4afdd7e623be4bd0751bdc1917c0ee550af0f38c0531b25bb726d1710c,section,M03,flip_payload,embedding,MR05,Payload separation,separate,False,True,first=b'Lorph-01';second=b'Recond-2',0.131592,,True,"{""first_hex"":""4c6f7270682d3031"",""second_hex"":""5265636f6e642d32""}"
pilot_mutation,H01-gcd.c,bf207a4afdd7e623be4bd0751bdc1917c0ee550af0f38c0531b25bb726d1710c,section,M03,flip_payload,embedding,MR06,Cross-compiler invariance,preserve,False,True,"payloads=b'Lorph-01',b'Lorph-01';semantic_equal=True",0.149721,,True,"{""clang_actual"":""clang"",""gcc_actual"":""gcc""}"
pilot_mutation,H01-gcd.c,bf207a4afdd7e623be4bd0751bdc1917c0ee550af0f38c0531b25bb726d1710c,section,M03,flip_payload,embedding,MR07,Optimization invariance,preserve,False,True,"payloads=['Lorph-01', 'Lorph-01', 'Lorph-01'];semantic_equal=True",0.225862,,True,{}
pilot_mutation,H01-gcd.c,bf207a4afdd7e623be4bd0751bdc1917c0ee550af0f38c0531b25bb726d1710c,section,M03,flip_payload,embedding,MR08,Clean-room relocation,preserve,False,True,source_mismatch=b'Lorph-01',0.072509,,True,"{""source_hex"":""4c6f7270682d3031""}"
pilot_mutation,H01-gcd.c,bf207a4afdd7e623be4bd0751bdc1917c0ee550af0f38c0531b25bb726d1710c,section,M03,flip_payload,embedding,MR09,Carrier-removal rejection,reject,True,False,rejected:absent:custom section .wmrec not found,0.07047,,True,"{""antecedent_guarded"":true}"
pilot_mutation,H01-gcd.c,bf207a4afdd7e623be4bd0751bdc1917c0ee550af0f38c0531b25bb726d1710c,section,M03,flip_payload,embedding,MR10,Carrier-corruption rejection,reject,True,False,rejected:checksum:payload checksum mismatch,0.077472,,True,"{""antecedent_guarded"":true}"
pilot_mutation,H01-gcd.c,bf207a4afdd7e623be4bd0751bdc1917c0ee550af0f38c0531b25bb726d1710c,section,M03,flip_payload,embedding,MR11,Requested/actual trace agreement,trace,True,False,requested=clang/Os;actual=clang/Os,0.0871,,True,"{""build"":{""actual_compiler"":""clang"",""actual_optimization"":""Os"",""binary"":""WORKDIR/section/M03/MR11/trace/build-01/artifact.bin"",""binary_sha256"":""2e75cbe00e865661a724a1618977bda2662fcdbb7de8b4b4ede68b59713f910c"",""carrier"":""section"",""command"":[""clang"",""-std=c11"",""-fno-ident"",""-no-pie"",""-Os"",""WORKDIR/section/M03/MR11/trace/build-01/host.c"",""-o"",""WORKDIR/section/M03/MR11/trace/build-01/artifact.bin""],""effective_payload_hex"":""4c6f7270682d3031"",""key"":""key-alpha"",""mutant_id"":""M03"",""requested_compiler"":""clang"",""requested_optimization"":""Os"",""requested_payload_hex"":""4d6f7270682d3031"",""return_code"":0,""source"":""WORKDIR/section/M03/MR11/trace/build-01/host.c"",""source_sha256"":""bf207a4afdd7e623be4bd0751bdc1917c0ee550af0f38c0531b25bb726d1710c"",""stderr"":""""}}"
pilot_mutation,H01-gcd.c,bf207a4afdd7e623be4bd0751bdc1917c0ee550af0f38c0531b25bb726d1710c,section,M03,flip_payload,embedding,MR12,Interleaved artifact isolation,separate,False,True,first=b'Lorph-01';second=b'Recond-2',0.110569,,True,{}
pilot_mutation,H01-gcd.c,bf207a4afdd7e623be4bd0751bdc1917c0ee550af0f38c0531b25bb726d1710c,section,M03,flip_payload,embedding,MR13,Reordered extraction independence,preserve,False,True,before=b'Lorph-01';after=b'Lorph-01',0.159388,,True,{}
pilot_mutation,H01-gcd.c,bf207a4afdd7e623be4bd0751bdc1917c0ee550af0f38c0531b25bb726d1710c,section,M03,flip_payload,embedding,MR14,Rebuild stability,preserve,False,True,first=b'Lorph-01';second=b'Lorph-01',0.116915,,True,"{""binary_bytes_equal"":true}"
pilot_mutation,H01-gcd.c,bf207a4afdd7e623be4bd0751bdc1917c0ee550af0f38c0531b25bb726d1710c,section,M04,fixed_payload,state,MR01,Round-trip fidelity,preserve,False,True,extracted=b'fixed-payload',0.078879,,True,"{""build"":{""actual_compiler"":""gcc"",""actual_optimization"":""O2"",""binary"":""WORKDIR/section/M04/MR01/marked/build-01/artifact.bin"",""binary_sha256"":""667c62b491353fb956245eb3c40e64e29fa7199e114af6408e67271eb6756ca2"",""carrier"":""section"",""command"":[""gcc"",""-std=c11"",""-fno-ident"",""-no-pie"",""-O2"",""WORKDIR/section/M04/MR01/marked/build-01/host.c"",""-o"",""WORKDIR/section/M04/MR01/marked/build-01/artifact.bin""],""effective_payload_hex"":""66697865642d7061796c6f6164"",""key"":""key-alpha"",""mutant_id"":""M04"",""requested_compiler"":""gcc"",""requested_optimization"":""O2"",""requested_payload_hex"":""4d6f7270682d3031"",""return_code"":0,""source"":""WORKDIR/section/M04/MR01/marked/build-01/host.c"",""source_sha256"":""bf207a4afdd7e623be4bd0751bdc1917c0ee550af0f38c0531b25bb726d1710c"",""stderr"":""""},""extracted_hex"":""66697865642d7061796c6f6164""}"
pilot_mutation,H01-gcd.c,bf207a4afdd7e623be4bd0751bdc1917c0ee550af0f38c0531b25bb726d1710c,section,M04,fixed_payload,state,MR02,Host-semantic preservation,preserve,True,False,mismatch_count=0,0.171181,,True,"{""mismatches"":[]}"
pilot_mutation,H01-gcd.c,bf207a4afdd7e623be4bd0751bdc1917c0ee550af0f38c0531b25bb726d1710c,section,M04,fixed_payload,state,MR03,Unmarked rejection,reject,True,False,rejected:absent:custom section .wmrec not found,0.078075,,True,"{""unmarked_binary_sha256"":""17288de5d8ffc83b2223ee650ec19f96fa9b779f3eb45b8e2433c730b7a1e3e2""}"
pilot_mutation,H01-gcd.c,bf207a4afdd7e623be4bd0751bdc1917c0ee550af0f38c0531b25bb726d1710c,section,M04,fixed_payload,state,MR04,Wrong-key rejection,reject,True,False,rejected:wrong-key:key tag mismatch,0.077444,,True,"{""antecedent_guarded"":true,""antecedent_hex"":""4d6f7270682d3031""}"
pilot_mutation,H01-gcd.c,bf207a4afdd7e623be4bd0751bdc1917c0ee550af0f38c0531b25bb726d1710c,section,M04,fixed_payload,state,MR05,Payload separation,separate,False,True,first=b'fixed-payload';second=b'fixed-payload',0.121904,,True,"{""first_hex"":""66697865642d7061796c6f6164"",""second_hex"":""66697865642d7061796c6f6164""}"
pilot_mutation,H01-gcd.c,bf207a4afdd7e623be4bd0751bdc1917c0ee550af0f38c0531b25bb726d1710c,section,M04,fixed_payload,state,MR06,Cross-compiler invariance,preserve,False,True,"payloads=b'fixed-payload',b'fixed-payload';semantic_equal=True",0.198844,,True,"{""clang_actual"":""clang"",""gcc_actual"":""gcc""}"
pilot_mutation,H01-gcd.c,bf207a4afdd7e623be4bd0751bdc1917c0ee550af0f38c0531b25bb726d1710c,section,M04,fixed_payload,state,MR07,Optimization invariance,preserve,False,True,"payloads=['fixed-payload', 'fixed-payload', 'fixed-payload'];semantic_equal=True",0.305012,,True,{}
pilot_mutation,H01-gcd.c,bf207a4afdd7e623be4bd0751bdc1917c0ee550af0f38c0531b25bb726d1710c,section,M04,fixed_payload,state,MR08,Clean-room relocation,preserve,False,True,source_mismatch=b'fixed-payload',0.065172,,True,"{""source_hex"":""66697865642d7061796c6f6164""}"
pilot_mutation,H01-gcd.c,bf207a4afdd7e623be4bd0751bdc1917c0ee550af0f38c0531b25bb726d1710c,section,M04,fixed_payload,state,MR09,Carrier-removal rejection,reject,True,False,rejected:absent:custom section .wmrec not found,0.086567,,True,"{""antecedent_guarded"":true}"
pilot_mutation,H01-gcd.c,bf207a4afdd7e623be4bd0751bdc1917c0ee550af0f38c0531b25bb726d1710c,section,M04,fixed_payload,state,MR10,Carrier-corruption rejection,reject,True,False,rejected:checksum:payload checksum mismatch,0.096923,,True,"{""antecedent_guarded"":true}"
pilot_mutation,H01-gcd.c,bf207a4afdd7e623be4bd0751bdc1917c0ee550af0f38c0531b25bb726d1710c,section,M04,fixed_payload,state,MR11,Requested/actual trace agreement,trace,True,False,requested=clang/Os;actual=clang/Os,0.073774,,True,"{""build"":{""actual_compiler"":""clang"",""actual_optimization"":""Os"",""binary"":""WORKDIR/section/M04/MR11/trace/build-01/artifact.bin"",""binary_sha256"":""60f0b8e0dbfa7018c69bb4c7c05add93eb25c462873f43f0e855c482de0bec54"",""carrier"":""section"",""command"":[""clang"",""-std=c11"",""-fno-ident"",""-no-pie"",""-Os"",""WORKDIR/section/M04/MR11/trace/build-01/host.c"",""-o"",""WORKDIR/section/M04/MR11/trace/build-01/artifact.bin""],""effective_payload_hex"":""66697865642d7061796c6f6164"",""key"":""key-alpha"",""mutant_id"":""M04"",""requested_compiler"":""clang"",""requested_optimization"":""Os"",""requested_payload_hex"":""4d6f7270682d3031"",""return_code"":0,""source"":""WORKDIR/section/M04/MR11/trace/build-01/host.c"",""source_sha256"":""bf207a4afdd7e623be4bd0751bdc1917c0ee550af0f38c0531b25bb726d1710c"",""stderr"":""""}}"
pilot_mutation,H01-gcd.c,bf207a4afdd7e623be4bd0751bdc1917c0ee550af0f38c0531b25bb726d1710c,section,M04,fixed_payload,state,MR12,Interleaved artifact isolation,separate,False,True,first=b'fixed-payload';second=b'fixed-payload',0.109935,,True,{}
pilot_mutation,H01-gcd.c,bf207a4afdd7e623be4bd0751bdc1917c0ee550af0f38c0531b25bb726d1710c,section,M04,fixed_payload,state,MR13,Reordered extraction independence,preserve,False,True,before=b'fixed-payload';after=b'fixed-payload',0.122859,,True,{}
pilot_mutation,H01-gcd.c,bf207a4afdd7e623be4bd0751bdc1917c0ee550af0f38c0531b25bb726d1710c,section,M04,fixed_payload,state,MR14,Rebuild stability,preserve,False,True,first=b'fixed-payload';second=b'fixed-payload',0.107424,,True,"{""binary_bytes_equal"":true}"
pilot_mutation,H01-gcd.c,bf207a4afdd7e623be4bd0751bdc1917c0ee550af0f38c0531b25bb726d1710c,section,M05,lower_payload,normalization,MR01,Round-trip fidelity,preserve,False,True,extracted=b'morph-01',0.072807,,True,"{""build"":{""actual_compiler"":""gcc"",""actual_optimization"":""O2"",""binary"":""WORKDIR/section/M05/MR01/marked/build-01/artifact.bin"",""binary_sha256"":""4ce98f13723de17658f78330379257ee738cce29e452cde37abeeb0449255443"",""carrier"":""section"",""command"":[""gcc"",""-std=c11"",""-fno-ident"",""-no-pie"",""-O2"",""WORKDIR/section/M05/MR01/marked/build-01/host.c"",""-o"",""WORKDIR/section/M05/MR01/marked/build-01/artifact.bin""],""effective_payload_hex"":""6d6f7270682d3031"",""key"":""key-alpha"",""mutant_id"":""M05"",""requested_compiler"":""gcc"",""requested_optimization"":""O2"",""requested_payload_hex"":""4d6f7270682d3031"",""return_code"":0,""source"":""WORKDIR/section/M05/MR01/marked/build-01/host.c"",""source_sha256"":""bf207a4afdd7e623be4bd0751bdc1917c0ee550af0f38c0531b25bb726d1710c"",""stderr"":""""},""extracted_hex"":""6d6f7270682d3031""}"
pilot_mutation,H01-gcd.c,bf207a4afdd7e623be4bd0751bdc1917c0ee550af0f38c0531b25bb726d1710c,section,M05,lower_payload,normalization,MR02,Host-semantic preservation,preserve,True,False,mismatch_count=0,0.170095,,True,"{""mismatches"":[]}"
pilot_mutation,H01-gcd.c,bf207a4afdd7e623be4bd0751bdc1917c0ee550af0f38c0531b25bb726d1710c,section,M05,lower_payload,normalization,MR03,Unmarked rejection,reject,True,False,rejected:absent:custom section .wmrec not found,0.077373,,True,"{""unmarked_binary_sha256"":""17288de5d8ffc83b2223ee650ec19f96fa9b779f3eb45b8e2433c730b7a1e3e2""}"
pilot_mutation,H01-gcd.c,bf207a4afdd7e623be4bd0751bdc1917c0ee550af0f38c0531b25bb726d1710c,section,M05,lower_payload,normalization,MR04,Wrong-key rejection,reject,True,False,rejected:wrong-key:key tag mismatch,0.039098,,True,"{""antecedent_guarded"":true,""antecedent_hex"":""4d6f7270682d3031""}"
pilot_mutation,H01-gcd.c,bf207a4afdd7e623be4bd0751bdc1917c0ee550af0f38c0531b25bb726d1710c,section,M05,lower_payload,normalization,MR05,Payload separation,separate,False,True,first=b'morph-01';second=b'second-2',0.134323,,True,"{""first_hex"":""6d6f7270682d3031"",""second_hex"":""7365636f6e642d32""}"
pilot_mutation,H01-gcd.c,bf207a4afdd7e623be4bd0751bdc1917c0ee550af0f38c0531b25bb726d1710c,section,M05,lower_payload,normalization,MR06,Cross-compiler invariance,preserve,False,True,"payloads=b'morph-01',b'morph-01';semantic_equal=True",0.188733,,True,"{""clang_actual"":""clang"",""gcc_actual"":""gcc""}"
pilot_mutation,H01-gcd.c,bf207a4afdd7e623be4bd0751bdc1917c0ee550af0f38c0531b25bb726d1710c,section,M05,lower_payload,normalization,MR07,Optimization invariance,preserve,False,True,"payloads=['morph-01', 'morph-01', 'morph-01'];semantic_equal=True",0.230523,,True,{}
pilot_mutation,H01-gcd.c,bf207a4afdd7e623be4bd0751bdc1917c0ee550af0f38c0531b25bb726d1710c,section,M05,lower_payload,normalization,MR08,Clean-room relocation,preserve,False,True,source_mismatch=b'morph-01',0.046018,,True,"{""source_hex"":""6d6f7270682d3031""}"
pilot_mutation,H01-gcd.c,bf207a4afdd7e623be4bd0751bdc1917c0ee550af0f38c0531b25bb726d1710c,section,M05,lower_payload,normalization,MR09,Carrier-removal rejection,reject,True,False,rejected:absent:custom section .wmrec not found,0.083702,,True,"{""antecedent_guarded"":true}"
pilot_mutation,H01-gcd.c,bf207a4afdd7e623be4bd0751bdc1917c0ee550af0f38c0531b25bb726d1710c,section,M05,lower_payload,normalization,MR10,Carrier-corruption rejection,reject,True,False,rejected:checksum:payload checksum mismatch,0.066129,,True,"{""antecedent_guarded"":true}"
pilot_mutation,H01-gcd.c,bf207a4afdd7e623be4bd0751bdc1917c0ee550af0f38c0531b25bb726d1710c,section,M05,lower_payload,normalization,MR11,Requested/actual trace agreement,trace,True,False,requested=clang/Os;actual=clang/Os,0.080409,,True,"{""build"":{""actual_compiler"":""clang"",""actual_optimization"":""Os"",""binary"":""WORKDIR/section/M05/MR11/trace/build-01/artifact.bin"",""binary_sha256"":""f07d3d70e345c2555f71eb4ca672ca1c8ce6a49b40776a0aa650d23b9133aad0"",""carrier"":""section"",""command"":[""clang"",""-std=c11"",""-fno-ident"",""-no-pie"",""-Os"",""WORKDIR/section/M05/MR11/trace/build-01/host.c"",""-o"",""WORKDIR/section/M05/MR11/trace/build-01/artifact.bin""],""effective_payload_hex"":""6d6f7270682d3031"",""key"":""key-alpha"",""mutant_id"":""M05"",""requested_compiler"":""clang"",""requested_optimization"":""Os"",""requested_payload_hex"":""4d6f7270682d3031"",""return_code"":0,""source"":""WORKDIR/section/M05/MR11/trace/build-01/host.c"",""source_sha256"":""bf207a4afdd7e623be4bd0751bdc1917c0ee550af0f38c0531b25bb726d1710c"",""stderr"":""""}}"
pilot_mutation,H01-gcd.c,bf207a4afdd7e623be4bd0751bdc1917c0ee550af0f38c0531b25bb726d1710c,section,M05,lower_payload,normalization,MR12,Interleaved artifact isolation,separate,False,True,first=b'morph-01';second=b'second-2',0.114161,,True,{}
pilot_mutation,H01-gcd.c,bf207a4afdd7e623be4bd0751bdc1917c0ee550af0f38c0531b25bb726d1710c,section,M05,lower_payload,normalization,MR13,Reordered extraction independence,preserve,False,True,before=b'morph-01';after=b'morph-01',0.121471,,True,{}
pilot_mutation,H01-gcd.c,bf207a4afdd7e623be4bd0751bdc1917c0ee550af0f38c0531b25bb726d1710c,section,M05,lower_payload,normalization,MR14,Rebuild stability,preserve,False,True,first=b'morph-01';second=b'morph-01',0.13427,,True,"{""binary_bytes_equal"":true}"
pilot_mutation,H01-gcd.c,bf207a4afdd7e623be4bd0751bdc1917c0ee550af0f38c0531b25bb726d1710c,section,M06,key_ignored,authentication,MR01,Round-trip fidelity,preserve,True,False,extracted=b'Morph-01',0.044135,,True,"{""build"":{""actual_compiler"":""gcc"",""actual_optimization"":""O2"",""binary"":""WORKDIR/section/M06/MR01/marked/build-01/artifact.bin"",""binary_sha256"":""395137e071b2d681fb879e77871180384e486b49eccbb5200569056cf5513943"",""carrier"":""section"",""command"":[""gcc"",""-std=c11"",""-fno-ident"",""-no-pie"",""-O2"",""WORKDIR/section/M06/MR01/marked/build-01/host.c"",""-o"",""WORKDIR/section/M06/MR01/marked/build-01/artifact.bin""],""effective_payload_hex"":""4d6f7270682d3031"",""key"":""key-alpha"",""mutant_id"":""M06"",""requested_compiler"":""gcc"",""requested_optimization"":""O2"",""requested_payload_hex"":""4d6f7270682d3031"",""return_code"":0,""source"":""WORKDIR/section/M06/MR01/marked/build-01/host.c"",""source_sha256"":""bf207a4afdd7e623be4bd0751bdc1917c0ee550af0f38c0531b25bb726d1710c"",""stderr"":""""},""extracted_hex"":""4d6f7270682d3031""}"
pilot_mutation,H01-gcd.c,bf207a4afdd7e623be4bd0751bdc1917c0ee550af0f38c0531b25bb726d1710c,section,M06,key_ignored,authentication,MR02,Host-semantic preservation,preserve,True,False,mismatch_count=0,0.15613,,True,"{""mismatches"":[]}"
pilot_mutation,H01-gcd.c,bf207a4afdd7e623be4bd0751bdc1917c0ee550af0f38c0531b25bb726d1710c,section,M06,key_ignored,authentication,MR03,Unmarked rejection,reject,True,False,rejected:absent:custom section .wmrec not found,0.088938,,True,"{""unmarked_binary_sha256"":""17288de5d8ffc83b2223ee650ec19f96fa9b779f3eb45b8e2433c730b7a1e3e2""}"
pilot_mutation,H01-gcd.c,bf207a4afdd7e623be4bd0751bdc1917c0ee550af0f38c0531b25bb726d1710c,section,M06,key_ignored,authentication,MR04,Wrong-key rejection,reject,False,True,accepted:b'Morph-01',0.065793,,True,"{""antecedent_guarded"":true,""antecedent_hex"":""4d6f7270682d3031""}"
pilot_mutation,H01-gcd.c,bf207a4afdd7e623be4bd0751bdc1917c0ee550af0f38c0531b25bb726d1710c,section,M06,key_ignored,authentication,MR05,Payload separation,separate,True,False,first=b'Morph-01';second=b'Second-2',0.132427,,True,"{""first_hex"":""4d6f7270682d3031"",""second_hex"":""5365636f6e642d32""}"
pilot_mutation,H01-gcd.c,bf207a4afdd7e623be4bd0751bdc1917c0ee550af0f38c0531b25bb726d1710c,section,M06,key_ignored,authentication,MR06,Cross-compiler invariance,preserve,True,False,"payloads=b'Morph-01',b'Morph-01';semantic_equal=True",0.206012,,True,"{""clang_actual"":""clang"",""gcc_actual"":""gcc""}"
pilot_mutation,H01-gcd.c,bf207a4afdd7e623be4bd0751bdc1917c0ee550af0f38c0531b25bb726d1710c,section,M06,key_ignored,authentication,MR07,Optimization invariance,preserve,True,False,"payloads=['Morph-01', 'Morph-01', 'Morph-01'];semantic_equal=True",0.216561,,True,{}
pilot_mutation,H01-gcd.c,bf207a4afdd7e623be4bd0751bdc1917c0ee550af0f38c0531b25bb726d1710c,section,M06,key_ignored,authentication,MR08,Clean-room relocation,preserve,True,False,relocated=b'Morph-01',0.067537,,True,"{""clean_room_entries"":[""renamed-artifact.bin""],""relocated_hex"":""4d6f7270682d3031""}"
pilot_mutation,H01-gcd.c,bf207a4afdd7e623be4bd0751bdc1917c0ee550af0f38c0531b25bb726d1710c,section,M06,key_ignored,authentication,MR09,Carrier-removal rejection,reject,True,False,rejected:absent:custom section .wmrec not found,0.068629,,True,"{""antecedent_guarded"":true}"
pilot_mutation,H01-gcd.c,bf207a4afdd7e623be4bd0751bdc1917c0ee550af0f38c0531b25bb726d1710c,section,M06,key_ignored,authentication,MR10,Carrier-corruption rejection,reject,True,False,rejected:checksum:payload checksum mismatch,0.080356,,True,"{""antecedent_guarded"":true}"
pilot_mutation,H01-gcd.c,bf207a4afdd7e623be4bd0751bdc1917c0ee550af0f38c0531b25bb726d1710c,section,M06,key_ignored,authentication,MR11,Requested/actual trace agreement,trace,True,False,requested=clang/Os;actual=clang/Os,0.079982,,True,"{""build"":{""actual_compiler"":""clang"",""actual_optimization"":""Os"",""binary"":""WORKDIR/section/M06/MR11/trace/build-01/artifact.bin"",""binary_sha256"":""b50e66615fe2e1ceff27f6f8bbd643483eab5cdfbc647de256f9bce69edaa1a8"",""carrier"":""section"",""command"":[""clang"",""-std=c11"",""-fno-ident"",""-no-pie"",""-Os"",""WORKDIR/section/M06/MR11/trace/build-01/host.c"",""-o"",""WORKDIR/section/M06/MR11/trace/build-01/artifact.bin""],""effective_payload_hex"":""4d6f7270682d3031"",""key"":""key-alpha"",""mutant_id"":""M06"",""requested_compiler"":""clang"",""requested_optimization"":""Os"",""requested_payload_hex"":""4d6f7270682d3031"",""return_code"":0,""source"":""WORKDIR/section/M06/MR11/trace/build-01/host.c"",""source_sha256"":""bf207a4afdd7e623be4bd0751bdc1917c0ee550af0f38c0531b25bb726d1710c"",""stderr"":""""}}"
pilot_mutation,H01-gcd.c,bf207a4afdd7e623be4bd0751bdc1917c0ee550af0f38c0531b25bb726d1710c,section,M06,key_ignored,authentication,MR12,Interleaved artifact isolation,separate,True,False,first=b'Morph-01';second=b'Second-2',0.115122,,True,{}
pilot_mutation,H01-gcd.c,bf207a4afdd7e623be4bd0751bdc1917c0ee550af0f38c0531b25bb726d1710c,section,M06,key_ignored,authentication,MR13,Reordered extraction independence,preserve,True,False,before=b'Morph-01';after=b'Morph-01',0.152117,,True,{}
pilot_mutation,H01-gcd.c,bf207a4afdd7e623be4bd0751bdc1917c0ee550af0f38c0531b25bb726d1710c,section,M06,key_ignored,authentication,MR14,Rebuild stability,preserve,True,False,first=b'Morph-01';second=b'Morph-01',0.137869,,True,"{""binary_bytes_equal"":true}"
pilot_mutation,H01-gcd.c,bf207a4afdd7e623be4bd0751bdc1917c0ee550af0f38c0531b25bb726d1710c,section,M07,sidecar_oracle,artifact binding,MR01,Round-trip fidelity,preserve,True,False,extracted=b'Morph-01',0.067737,,True,"{""build"":{""actual_compiler"":""gcc"",""actual_optimization"":""O2"",""binary"":""WORKDIR/section/M07/MR01/marked/build-01/artifact.bin"",""binary_sha256"":""63cbeff2b0785d492761ce367639a8bbc8e94ddb2cfe720778f8bd6177d67b85"",""carrier"":""section"",""command"":[""gcc"",""-std=c11"",""-fno-ident"",""-no-pie"",""-O2"",""WORKDIR/section/M07/MR01/marked/build-01/host.c"",""-o"",""WORKDIR/section/M07/MR01/marked/build-01/artifact.bin""],""effective_payload_hex"":""4d6f7270682d3031"",""key"":""key-alpha"",""mutant_id"":""M07"",""requested_compiler"":""gcc"",""requested_optimization"":""O2"",""requested_payload_hex"":""4d6f7270682d3031"",""return_code"":0,""source"":""WORKDIR/section/M07/MR01/marked/build-01/host.c"",""source_sha256"":""bf207a4afdd7e623be4bd0751bdc1917c0ee550af0f38c0531b25bb726d1710c"",""stderr"":""""},""extracted_hex"":""4d6f7270682d3031""}"
pilot_mutation,H01-gcd.c,bf207a4afdd7e623be4bd0751bdc1917c0ee550af0f38c0531b25bb726d1710c,section,M07,sidecar_oracle,artifact binding,MR02,Host-semantic preservation,preserve,True,False,mismatch_count=0,0.137667,,True,"{""mismatches"":[]}"
pilot_mutation,H01-gcd.c,bf207a4afdd7e623be4bd0751bdc1917c0ee550af0f38c0531b25bb726d1710c,section,M07,sidecar_oracle,artifact binding,MR03,Unmarked rejection,reject,True,False,rejected:sidecar:adjacent sidecar is missing,0.069091,,True,"{""unmarked_binary_sha256"":""17288de5d8ffc83b2223ee650ec19f96fa9b779f3eb45b8e2433c730b7a1e3e2""}"
pilot_mutation,H01-gcd.c,bf207a4afdd7e623be4bd0751bdc1917c0ee550af0f38c0531b25bb726d1710c,section,M07,sidecar_oracle,artifact binding,MR04,Wrong-key rejection,reject,True,False,rejected:wrong-key:sidecar key mismatch,0.048972,,True,"{""antecedent_guarded"":true,""antecedent_hex"":""4d6f7270682d3031""}"
pilot_mutation,H01-gcd.c,bf207a4afdd7e623be4bd0751bdc1917c0ee550af0f38c0531b25bb726d1710c,section,M07,sidecar_oracle,artifact binding,MR05,Payload separation,separate,True,False,first=b'Morph-01';second=b'Second-2',0.120107,,True,"{""first_hex"":""4d6f7270682d3031"",""second_hex"":""5365636f6e642d32""}"
pilot_mutation,H01-gcd.c,bf207a4afdd7e623be4bd0751bdc1917c0ee550af0f38c0531b25bb726d1710c,section,M07,sidecar_oracle,artifact binding,MR06,Cross-compiler invariance,preserve,True,False,"payloads=b'Morph-01',b'Morph-01';semantic_equal=True",0.177119,,True,"{""clang_actual"":""clang"",""gcc_actual"":""gcc""}"
pilot_mutation,H01-gcd.c,bf207a4afdd7e623be4bd0751bdc1917c0ee550af0f38c0531b25bb726d1710c,section,M07,sidecar_oracle,artifact binding,MR07,Optimization invariance,preserve,True,False,"payloads=['Morph-01', 'Morph-01', 'Morph-01'];semantic_equal=True",0.218923,,True,{}
pilot_mutation,H01-gcd.c,bf207a4afdd7e623be4bd0751bdc1917c0ee550af0f38c0531b25bb726d1710c,section,M07,sidecar_oracle,artifact binding,MR08,Clean-room relocation,preserve,False,True,exception:ExtractionError:adjacent sidecar is missing,0.079714,ExtractionError,True,{}
pilot_mutation,H01-gcd.c,bf207a4afdd7e623be4bd0751bdc1917c0ee550af0f38c0531b25bb726d1710c,section,M07,sidecar_oracle,artifact binding,MR09,Carrier-removal rejection,reject,True,False,rejected:sidecar:adjacent sidecar is missing,0.075613,,True,"{""antecedent_guarded"":true}"
pilot_mutation,H01-gcd.c,bf207a4afdd7e623be4bd0751bdc1917c0ee550af0f38c0531b25bb726d1710c,section,M07,sidecar_oracle,artifact binding,MR10,Carrier-corruption rejection,reject,True,False,rejected:sidecar:adjacent sidecar is missing,0.074611,,True,"{""antecedent_guarded"":true}"
pilot_mutation,H01-gcd.c,bf207a4afdd7e623be4bd0751bdc1917c0ee550af0f38c0531b25bb726d1710c,section,M07,sidecar_oracle,artifact binding,MR11,Requested/actual trace agreement,trace,True,False,requested=clang/Os;actual=clang/Os,0.077634,,True,"{""build"":{""actual_compiler"":""clang"",""actual_optimization"":""Os"",""binary"":""WORKDIR/section/M07/MR11/trace/build-01/artifact.bin"",""binary_sha256"":""d5d8525397dedc90fa4792ce87b67efca4a48048626cb76d2fe61da67d4f779a"",""carrier"":""section"",""command"":[""clang"",""-std=c11"",""-fno-ident"",""-no-pie"",""-Os"",""WORKDIR/section/M07/MR11/trace/build-01/host.c"",""-o"",""WORKDIR/section/M07/MR11/trace/build-01/artifact.bin""],""effective_payload_hex"":""4d6f7270682d3031"",""key"":""key-alpha"",""mutant_id"":""M07"",""requested_compiler"":""clang"",""requested_optimization"":""Os"",""requested_payload_hex"":""4d6f7270682d3031"",""return_code"":0,""source"":""WORKDIR/section/M07/MR11/trace/build-01/host.c"",""source_sha256"":""bf207a4afdd7e623be4bd0751bdc1917c0ee550af0f38c0531b25bb726d1710c"",""stderr"":""""}}"
pilot_mutation,H01-gcd.c,bf207a4afdd7e623be4bd0751bdc1917c0ee550af0f38c0531b25bb726d1710c,section,M07,sidecar_oracle,artifact binding,MR12,Interleaved artifact isolation,separate,True,False,first=b'Morph-01';second=b'Second-2',0.148182,,True,{}
pilot_mutation,H01-gcd.c,bf207a4afdd7e623be4bd0751bdc1917c0ee550af0f38c0531b25bb726d1710c,section,M07,sidecar_oracle,artifact binding,MR13,Reordered extraction independence,preserve,True,False,before=b'Morph-01';after=b'Morph-01',0.115516,,True,{}
pilot_mutation,H01-gcd.c,bf207a4afdd7e623be4bd0751bdc1917c0ee550af0f38c0531b25bb726d1710c,section,M07,sidecar_oracle,artifact binding,MR14,Rebuild stability,preserve,True,False,first=b'Morph-01';second=b'Morph-01',0.110395,,True,"{""binary_bytes_equal"":true}"
pilot_mutation,H01-gcd.c,bf207a4afdd7e623be4bd0751bdc1917c0ee550af0f38c0531b25bb726d1710c,section,M08,global_cache_oracle,state,MR01,Round-trip fidelity,preserve,True,False,extracted=b'Morph-01',0.071561,,True,"{""build"":{""actual_compiler"":""gcc"",""actual_optimization"":""O2"",""binary"":""WORKDIR/section/M08/MR01/marked/build-01/artifact.bin"",""binary_sha256"":""63cbeff2b0785d492761ce367639a8bbc8e94ddb2cfe720778f8bd6177d67b85"",""carrier"":""section"",""command"":[""gcc"",""-std=c11"",""-fno-ident"",""-no-pie"",""-O2"",""WORKDIR/section/M08/MR01/marked/build-01/host.c"",""-o"",""WORKDIR/section/M08/MR01/marked/build-01/artifact.bin""],""effective_payload_hex"":""4d6f7270682d3031"",""key"":""key-alpha"",""mutant_id"":""M08"",""requested_compiler"":""gcc"",""requested_optimization"":""O2"",""requested_payload_hex"":""4d6f7270682d3031"",""return_code"":0,""source"":""WORKDIR/section/M08/MR01/marked/build-01/host.c"",""source_sha256"":""bf207a4afdd7e623be4bd0751bdc1917c0ee550af0f38c0531b25bb726d1710c"",""stderr"":""""},""extracted_hex"":""4d6f7270682d3031""}"
pilot_mutation,H01-gcd.c,bf207a4afdd7e623be4bd0751bdc1917c0ee550af0f38c0531b25bb726d1710c,section,M08,global_cache_oracle,state,MR02,Host-semantic preservation,preserve,True,False,mismatch_count=0,0.191998,,True,"{""mismatches"":[]}"
pilot_mutation,H01-gcd.c,bf207a4afdd7e623be4bd0751bdc1917c0ee550af0f38c0531b25bb726d1710c,section,M08,global_cache_oracle,state,MR03,Unmarked rejection,reject,True,False,rejected:absent:custom section .wmrec not found,0.062491,,True,"{""unmarked_binary_sha256"":""17288de5d8ffc83b2223ee650ec19f96fa9b779f3eb45b8e2433c730b7a1e3e2""}"
pilot_mutation,H01-gcd.c,bf207a4afdd7e623be4bd0751bdc1917c0ee550af0f38c0531b25bb726d1710c,section,M08,global_cache_oracle,state,MR04,Wrong-key rejection,reject,False,True,accepted:b'Morph-01',0.044196,,True,"{""antecedent_guarded"":true,""antecedent_hex"":""4d6f7270682d3031""}"
pilot_mutation,H01-gcd.c,bf207a4afdd7e623be4bd0751bdc1917c0ee550af0f38c0531b25bb726d1710c,section,M08,global_cache_oracle,state,MR05,Payload separation,separate,False,True,first=b'Second-2';second=b'Second-2',0.130948,,True,"{""first_hex"":""5365636f6e642d32"",""second_hex"":""5365636f6e642d32""}"
pilot_mutation,H01-gcd.c,bf207a4afdd7e623be4bd0751bdc1917c0ee550af0f38c0531b25bb726d1710c,section,M08,global_cache_oracle,state,MR06,Cross-compiler invariance,preserve,True,False,"payloads=b'Morph-01',b'Morph-01';semantic_equal=True",0.159999,,True,"{""clang_actual"":""clang"",""gcc_actual"":""gcc""}"
pilot_mutation,H01-gcd.c,bf207a4afdd7e623be4bd0751bdc1917c0ee550af0f38c0531b25bb726d1710c,section,M08,global_cache_oracle,state,MR07,Optimization invariance,preserve,True,False,"payloads=['Morph-01', 'Morph-01', 'Morph-01'];semantic_equal=True",0.209132,,True,{}
pilot_mutation,H01-gcd.c,bf207a4afdd7e623be4bd0751bdc1917c0ee550af0f38c0531b25bb726d1710c,section,M08,global_cache_oracle,state,MR08,Clean-room relocation,preserve,True,False,relocated=b'Morph-01',0.073578,,True,"{""clean_room_entries"":[""renamed-artifact.bin""],""relocated_hex"":""4d6f7270682d3031""}"
pilot_mutation,H01-gcd.c,bf207a4afdd7e623be4bd0751bdc1917c0ee550af0f38c0531b25bb726d1710c,section,M08,global_cache_oracle,state,MR09,Carrier-removal rejection,reject,False,True,spurious robustness:accepted:b'Morph-01',0.066719,,True,"{""antecedent_guarded"":true}"
pilot_mutation,H01-gcd.c,bf207a4afdd7e623be4bd0751bdc1917c0ee550af0f38c0531b25bb726d1710c,section,M08,global_cache_oracle,state,MR10,Carrier-corruption rejection,reject,False,True,corruption accepted:accepted:b'Morph-01',0.072755,,True,"{""antecedent_guarded"":true}"
pilot_mutation,H01-gcd.c,bf207a4afdd7e623be4bd0751bdc1917c0ee550af0f38c0531b25bb726d1710c,section,M08,global_cache_oracle,state,MR11,Requested/actual trace agreement,trace,True,False,requested=clang/Os;actual=clang/Os,0.101133,,True,"{""build"":{""actual_compiler"":""clang"",""actual_optimization"":""Os"",""binary"":""WORKDIR/section/M08/MR11/trace/build-01/artifact.bin"",""binary_sha256"":""d5d8525397dedc90fa4792ce87b67efca4a48048626cb76d2fe61da67d4f779a"",""carrier"":""section"",""command"":[""clang"",""-std=c11"",""-fno-ident"",""-no-pie"",""-Os"",""WORKDIR/section/M08/MR11/trace/build-01/host.c"",""-o"",""WORKDIR/section/M08/MR11/trace/build-01/artifact.bin""],""effective_payload_hex"":""4d6f7270682d3031"",""key"":""key-alpha"",""mutant_id"":""M08"",""requested_compiler"":""clang"",""requested_optimization"":""Os"",""requested_payload_hex"":""4d6f7270682d3031"",""return_code"":0,""source"":""WORKDIR/section/M08/MR11/trace/build-01/host.c"",""source_sha256"":""bf207a4afdd7e623be4bd0751bdc1917c0ee550af0f38c0531b25bb726d1710c"",""stderr"":""""}}"
pilot_mutation,H01-gcd.c,bf207a4afdd7e623be4bd0751bdc1917c0ee550af0f38c0531b25bb726d1710c,section,M08,global_cache_oracle,state,MR12,Interleaved artifact isolation,separate,False,True,first=b'Second-2';second=b'Second-2',0.121612,,True,{}
pilot_mutation,H01-gcd.c,bf207a4afdd7e623be4bd0751bdc1917c0ee550af0f38c0531b25bb726d1710c,section,M08,global_cache_oracle,state,MR13,Reordered extraction independence,preserve,False,True,before=b'Morph-01';after=b'Second-2',0.12646,,True,{}
pilot_mutation,H01-gcd.c,bf207a4afdd7e623be4bd0751bdc1917c0ee550af0f38c0531b25bb726d1710c,section,M08,global_cache_oracle,state,MR14,Rebuild stability,preserve,True,False,first=b'Morph-01';second=b'Morph-01',0.118245,,True,"{""binary_bytes_equal"":true}"
pilot_mutation,H01-gcd.c,bf207a4afdd7e623be4bd0751bdc1917c0ee550af0f38c0531b25bb726d1710c,section,M09,unmarked_default,false positive,MR01,Round-trip fidelity,preserve,True,False,extracted=b'Morph-01',0.090895,,True,"{""build"":{""actual_compiler"":""gcc"",""actual_optimization"":""O2"",""binary"":""WORKDIR/section/M09/MR01/marked/build-01/artifact.bin"",""binary_sha256"":""63cbeff2b0785d492761ce367639a8bbc8e94ddb2cfe720778f8bd6177d67b85"",""carrier"":""section"",""command"":[""gcc"",""-std=c11"",""-fno-ident"",""-no-pie"",""-O2"",""WORKDIR/section/M09/MR01/marked/build-01/host.c"",""-o"",""WORKDIR/section/M09/MR01/marked/build-01/artifact.bin""],""effective_payload_hex"":""4d6f7270682d3031"",""key"":""key-alpha"",""mutant_id"":""M09"",""requested_compiler"":""gcc"",""requested_optimization"":""O2"",""requested_payload_hex"":""4d6f7270682d3031"",""return_code"":0,""source"":""WORKDIR/section/M09/MR01/marked/build-01/host.c"",""source_sha256"":""bf207a4afdd7e623be4bd0751bdc1917c0ee550af0f38c0531b25bb726d1710c"",""stderr"":""""},""extracted_hex"":""4d6f7270682d3031""}"
pilot_mutation,H01-gcd.c,bf207a4afdd7e623be4bd0751bdc1917c0ee550af0f38c0531b25bb726d1710c,section,M09,unmarked_default,false positive,MR02,Host-semantic preservation,preserve,True,False,mismatch_count=0,0.10314,,True,"{""mismatches"":[]}"
pilot_mutation,H01-gcd.c,bf207a4afdd7e623be4bd0751bdc1917c0ee550af0f38c0531b25bb726d1710c,section,M09,unmarked_default,false positive,MR03,Unmarked rejection,reject,False,True,accepted:b'Morph-01',0.070725,,True,"{""unmarked_binary_sha256"":""17288de5d8ffc83b2223ee650ec19f96fa9b779f3eb45b8e2433c730b7a1e3e2""}"
pilot_mutation,H01-gcd.c,bf207a4afdd7e623be4bd0751bdc1917c0ee550af0f38c0531b25bb726d1710c,section,M09,unmarked_default,false positive,MR04,Wrong-key rejection,reject,False,True,accepted:b'Morph-01',0.08745,,True,"{""antecedent_guarded"":true,""antecedent_hex"":""4d6f7270682d3031""}"
pilot_mutation,H01-gcd.c,bf207a4afdd7e623be4bd0751bdc1917c0ee550af0f38c0531b25bb726d1710c,section,M09,unmarked_default,false positive,MR05,Payload separation,separate,True,False,first=b'Morph-01';second=b'Second-2',0.17914,,True,"{""first_hex"":""4d6f7270682d3031"",""second_hex"":""5365636f6e642d32""}"
pilot_mutation,H01-gcd.c,bf207a4afdd7e623be4bd0751bdc1917c0ee550af0f38c0531b25bb726d1710c,section,M09,unmarked_default,false positive,MR06,Cross-compiler invariance,preserve,True,False,"payloads=b'Morph-01',b'Morph-01';semantic_equal=True",0.208288,,True,"{""clang_actual"":""clang"",""gcc_actual"":""gcc""}"
pilot_mutation,H01-gcd.c,bf207a4afdd7e623be4bd0751bdc1917c0ee550af0f38c0531b25bb726d1710c,section,M09,unmarked_default,false positive,MR07,Optimization invariance,preserve,True,False,"payloads=['Morph-01', 'Morph-01', 'Morph-01'];semantic_equal=True",0.266475,,True,{}
pilot_mutation,H01-gcd.c,bf207a4afdd7e623be4bd0751bdc1917c0ee550af0f38c0531b25bb726d1710c,section,M09,unmarked_default,false positive,MR08,Clean-room relocation,preserve,True,False,relocated=b'Morph-01',0.070116,,True,"{""clean_room_entries"":[""renamed-artifact.bin""],""relocated_hex"":""4d6f7270682d3031""}"
pilot_mutation,H01-gcd.c,bf207a4afdd7e623be4bd0751bdc1917c0ee550af0f38c0531b25bb726d1710c,section,M09,unmarked_default,false positive,MR09,Carrier-removal rejection,reject,False,True,spurious robustness:accepted:b'Morph-01',0.075045,,True,"{""antecedent_guarded"":true}"
pilot_mutation,H01-gcd.c,bf207a4afdd7e623be4bd0751bdc1917c0ee550af0f38c0531b25bb726d1710c,section,M09,unmarked_default,false positive,MR10,Carrier-corruption rejection,reject,False,True,corruption accepted:accepted:b'Morph-01',0.103024,,True,"{""antecedent_guarded"":true}"
pilot_mutation,H01-gcd.c,bf207a4afdd7e623be4bd0751bdc1917c0ee550af0f38c0531b25bb726d1710c,section,M09,unmarked_default,false positive,MR11,Requested/actual trace agreement,trace,True,False,requested=clang/Os;actual=clang/Os,0.09437,,True,"{""build"":{""actual_compiler"":""clang"",""actual_optimization"":""Os"",""binary"":""WORKDIR/section/M09/MR11/trace/build-01/artifact.bin"",""binary_sha256"":""d5d8525397dedc90fa4792ce87b67efca4a48048626cb76d2fe61da67d4f779a"",""carrier"":""section"",""command"":[""clang"",""-std=c11"",""-fno-ident"",""-no-pie"",""-Os"",""WORKDIR/section/M09/MR11/trace/build-01/host.c"",""-o"",""WORKDIR/section/M09/MR11/trace/build-01/artifact.bin""],""effective_payload_hex"":""4d6f7270682d3031"",""key"":""key-alpha"",""mutant_id"":""M09"",""requested_compiler"":""clang"",""requested_optimization"":""Os"",""requested_payload_hex"":""4d6f7270682d3031"",""return_code"":0,""source"":""WORKDIR/section/M09/MR11/trace/build-01/host.c"",""source_sha256"":""bf207a4afdd7e623be4bd0751bdc1917c0ee550af0f38c0531b25bb726d1710c"",""stderr"":""""}}"
pilot_mutation,H01-gcd.c,bf207a4afdd7e623be4bd0751bdc1917c0ee550af0f38c0531b25bb726d1710c,section,M09,unmarked_default,false positive,MR12,Interleaved artifact isolation,separate,True,False,first=b'Morph-01';second=b'Second-2',0.153878,,True,{}
pilot_mutation,H01-gcd.c,bf207a4afdd7e623be4bd0751bdc1917c0ee550af0f38c0531b25bb726d1710c,section,M09,unmarked_default,false positive,MR13,Reordered extraction independence,preserve,True,False,before=b'Morph-01';after=b'Morph-01',0.122375,,True,{}
pilot_mutation,H01-gcd.c,bf207a4afdd7e623be4bd0751bdc1917c0ee550af0f38c0531b25bb726d1710c,section,M09,unmarked_default,false positive,MR14,Rebuild stability,preserve,True,False,first=b'Morph-01';second=b'Morph-01',0.123769,,True,"{""binary_bytes_equal"":true}"
pilot_mutation,H01-gcd.c,bf207a4afdd7e623be4bd0751bdc1917c0ee550af0f38c0531b25bb726d1710c,section,M10,semantic_plus_one,semantic corruption,MR01,Round-trip fidelity,preserve,True,False,extracted=b'Morph-01',0.065182,,True,"{""build"":{""actual_compiler"":""gcc"",""actual_optimization"":""O2"",""binary"":""WORKDIR/section/M10/MR01/marked/build-01/artifact.bin"",""binary_sha256"":""e9fa346e13a18cb9f6e9ef04fd02a0e2c4e7ff5001ea1755df8123926832c01f"",""carrier"":""section"",""command"":[""gcc"",""-std=c11"",""-fno-ident"",""-no-pie"",""-O2"",""WORKDIR/section/M10/MR01/marked/build-01/host.c"",""-o"",""WORKDIR/section/M10/MR01/marked/build-01/artifact.bin""],""effective_payload_hex"":""4d6f7270682d3031"",""key"":""key-alpha"",""mutant_id"":""M10"",""requested_compiler"":""gcc"",""requested_optimization"":""O2"",""requested_payload_hex"":""4d6f7270682d3031"",""return_code"":0,""source"":""WORKDIR/section/M10/MR01/marked/build-01/host.c"",""source_sha256"":""30ed404ab403f719953dc8878828da3023121c78592627f82968e3b257407b34"",""stderr"":""""},""extracted_hex"":""4d6f7270682d3031""}"
pilot_mutation,H01-gcd.c,bf207a4afdd7e623be4bd0751bdc1917c0ee550af0f38c0531b25bb726d1710c,section,M10,semantic_plus_one,semantic corruption,MR02,Host-semantic preservation,preserve,True,False,mismatch_count=0,0.121019,,True,"{""mismatches"":[]}"
pilot_mutation,H01-gcd.c,bf207a4afdd7e623be4bd0751bdc1917c0ee550af0f38c0531b25bb726d1710c,section,M10,semantic_plus_one,semantic corruption,MR03,Unmarked rejection,reject,True,False,rejected:absent:custom section .wmrec not found,0.033073,,True,"{""unmarked_binary_sha256"":""a7ba1b1fde2b472014cbc25860cebcca1a3737929b7a88d46c8ef8cd002b8b50""}"
pilot_mutation,H01-gcd.c,bf207a4afdd7e623be4bd0751bdc1917c0ee550af0f38c0531b25bb726d1710c,section,M10,semantic_plus_one,semantic corruption,MR04,Wrong-key rejection,reject,True,False,rejected:wrong-key:key tag mismatch,0.048887,,True,"{""antecedent_guarded"":true,""antecedent_hex"":""4d6f7270682d3031""}"
pilot_mutation,H01-gcd.c,bf207a4afdd7e623be4bd0751bdc1917c0ee550af0f38c0531b25bb726d1710c,section,M10,semantic_plus_one,semantic corruption,MR05,Payload separation,separate,True,False,first=b'Morph-01';second=b'Second-2',0.136463,,True,"{""first_hex"":""4d6f7270682d3031"",""second_hex"":""5365636f6e642d32""}"
pilot_mutation,H01-gcd.c,bf207a4afdd7e623be4bd0751bdc1917c0ee550af0f38c0531b25bb726d1710c,section,M10,semantic_plus_one,semantic corruption,MR06,Cross-compiler invariance,preserve,True,False,"payloads=b'Morph-01',b'Morph-01';semantic_equal=True",0.203374,,True,"{""clang_actual"":""clang"",""gcc_actual"":""gcc""}"
pilot_mutation,H01-gcd.c,bf207a4afdd7e623be4bd0751bdc1917c0ee550af0f38c0531b25bb726d1710c,section,M10,semantic_plus_one,semantic corruption,MR07,Optimization invariance,preserve,True,False,"payloads=['Morph-01', 'Morph-01', 'Morph-01'];semantic_equal=True",0.205799,,True,{}
pilot_mutation,H01-gcd.c,bf207a4afdd7e623be4bd0751bdc1917c0ee550af0f38c0531b25bb726d1710c,section,M10,semantic_plus_one,semantic corruption,MR08,Clean-room relocation,preserve,True,False,relocated=b'Morph-01',0.074952,,True,"{""clean_room_entries"":[""renamed-artifact.bin""],""relocated_hex"":""4d6f7270682d3031""}"
pilot_mutation,H01-gcd.c,bf207a4afdd7e623be4bd0751bdc1917c0ee550af0f38c0531b25bb726d1710c,section,M10,semantic_plus_one,semantic corruption,MR09,Carrier-removal rejection,reject,True,False,rejected:absent:custom section .wmrec not found,0.06466,,True,"{""antecedent_guarded"":true}"
pilot_mutation,H01-gcd.c,bf207a4afdd7e623be4bd0751bdc1917c0ee550af0f38c0531b25bb726d1710c,section,M10,semantic_plus_one,semantic corruption,MR10,Carrier-corruption rejection,reject,True,False,rejected:checksum:payload checksum mismatch,0.077744,,True,"{""antecedent_guarded"":true}"
pilot_mutation,H01-gcd.c,bf207a4afdd7e623be4bd0751bdc1917c0ee550af0f38c0531b25bb726d1710c,section,M10,semantic_plus_one,semantic corruption,MR11,Requested/actual trace agreement,trace,True,False,requested=clang/Os;actual=clang/Os,0.075328,,True,"{""build"":{""actual_compiler"":""clang"",""actual_optimization"":""Os"",""binary"":""WORKDIR/section/M10/MR11/trace/build-01/artifact.bin"",""binary_sha256"":""d225d3d9c3abd40232935e987bfc4745d1ab5466b065392b2acf1160237dafb5"",""carrier"":""section"",""command"":[""clang"",""-std=c11"",""-fno-ident"",""-no-pie"",""-Os"",""WORKDIR/section/M10/MR11/trace/build-01/host.c"",""-o"",""WORKDIR/section/M10/MR11/trace/build-01/artifact.bin""],""effective_payload_hex"":""4d6f7270682d3031"",""key"":""key-alpha"",""mutant_id"":""M10"",""requested_compiler"":""clang"",""requested_optimization"":""Os"",""requested_payload_hex"":""4d6f7270682d3031"",""return_code"":0,""source"":""WORKDIR/section/M10/MR11/trace/build-01/host.c"",""source_sha256"":""30ed404ab403f719953dc8878828da3023121c78592627f82968e3b257407b34"",""stderr"":""""}}"
pilot_mutation,H01-gcd.c,bf207a4afdd7e623be4bd0751bdc1917c0ee550af0f38c0531b25bb726d1710c,section,M10,semantic_plus_one,semantic corruption,MR12,Interleaved artifact isolation,separate,True,False,first=b'Morph-01';second=b'Second-2',0.160665,,True,{}
pilot_mutation,H01-gcd.c,bf207a4afdd7e623be4bd0751bdc1917c0ee550af0f38c0531b25bb726d1710c,section,M10,semantic_plus_one,semantic corruption,MR13,Reordered extraction independence,preserve,True,False,before=b'Morph-01';after=b'Morph-01',0.163867,,True,{}
pilot_mutation,H01-gcd.c,bf207a4afdd7e623be4bd0751bdc1917c0ee550af0f38c0531b25bb726d1710c,section,M10,semantic_plus_one,semantic corruption,MR14,Rebuild stability,preserve,True,False,first=b'Morph-01';second=b'Morph-01',0.135535,,True,"{""binary_bytes_equal"":true}"
pilot_mutation,H01-gcd.c,bf207a4afdd7e623be4bd0751bdc1917c0ee550af0f38c0531b25bb726d1710c,section,M11,semantic_input13,semantic corruption,MR01,Round-trip fidelity,preserve,True,False,extracted=b'Morph-01',0.074117,,True,"{""build"":{""actual_compiler"":""gcc"",""actual_optimization"":""O2"",""binary"":""WORKDIR/section/M11/MR01/marked/build-01/artifact.bin"",""binary_sha256"":""9b2aff22474f55cc55758449ac3d64a85af880793e7bb9b7421de83ed73dd5fa"",""carrier"":""section"",""command"":[""gcc"",""-std=c11"",""-fno-ident"",""-no-pie"",""-O2"",""WORKDIR/section/M11/MR01/marked/build-01/host.c"",""-o"",""WORKDIR/section/M11/MR01/marked/build-01/artifact.bin""],""effective_payload_hex"":""4d6f7270682d3031"",""key"":""key-alpha"",""mutant_id"":""M11"",""requested_compiler"":""gcc"",""requested_optimization"":""O2"",""requested_payload_hex"":""4d6f7270682d3031"",""return_code"":0,""source"":""WORKDIR/section/M11/MR01/marked/build-01/host.c"",""source_sha256"":""ca86f8e08b4c154317c45483bc2f7087ebbc08fa00753ba65e010babc6fc4491"",""stderr"":""""},""extracted_hex"":""4d6f7270682d3031""}"
pilot_mutation,H01-gcd.c,bf207a4afdd7e623be4bd0751bdc1917c0ee550af0f38c0531b25bb726d1710c,section,M11,semantic_input13,semantic corruption,MR02,Host-semantic preservation,preserve,True,False,mismatch_count=0,0.160279,,True,"{""mismatches"":[]}"
pilot_mutation,H01-gcd.c,bf207a4afdd7e623be4bd0751bdc1917c0ee550af0f38c0531b25bb726d1710c,section,M11,semantic_input13,semantic corruption,MR03,Unmarked rejection,reject,True,False,rejected:absent:custom section .wmrec not found,0.070285,,True,"{""unmarked_binary_sha256"":""ede3bc23896c80d708e4ea6b72b2826c6ad3e832db12ee3e3340f736947cb2b8""}"
pilot_mutation,H01-gcd.c,bf207a4afdd7e623be4bd0751bdc1917c0ee550af0f38c0531b25bb726d1710c,section,M11,semantic_input13,semantic corruption,MR04,Wrong-key rejection,reject,True,False,rejected:wrong-key:key tag mismatch,0.046102,,True,"{""antecedent_guarded"":true,""antecedent_hex"":""4d6f7270682d3031""}"
pilot_mutation,H01-gcd.c,bf207a4afdd7e623be4bd0751bdc1917c0ee550af0f38c0531b25bb726d1710c,section,M11,semantic_input13,semantic corruption,MR05,Payload separation,separate,True,False,first=b'Morph-01';second=b'Second-2',0.103429,,True,"{""first_hex"":""4d6f7270682d3031"",""second_hex"":""5365636f6e642d32""}"
pilot_mutation,H01-gcd.c,bf207a4afdd7e623be4bd0751bdc1917c0ee550af0f38c0531b25bb726d1710c,section,M11,semantic_input13,semantic corruption,MR06,Cross-compiler invariance,preserve,True,False,"payloads=b'Morph-01',b'Morph-01';semantic_equal=True",0.126331,,True,"{""clang_actual"":""clang"",""gcc_actual"":""gcc""}"
pilot_mutation,H01-gcd.c,bf207a4afdd7e623be4bd0751bdc1917c0ee550af0f38c0531b25bb726d1710c,section,M11,semantic_input13,semantic corruption,MR07,Optimization invariance,preserve,True,False,"payloads=['Morph-01', 'Morph-01', 'Morph-01'];semantic_equal=True",0.225876,,True,{}
pilot_mutation,H01-gcd.c,bf207a4afdd7e623be4bd0751bdc1917c0ee550af0f38c0531b25bb726d1710c,section,M11,semantic_input13,semantic corruption,MR08,Clean-room relocation,preserve,True,False,relocated=b'Morph-01',0.079048,,True,"{""clean_room_entries"":[""renamed-artifact.bin""],""relocated_hex"":""4d6f7270682d3031""}"
pilot_mutation,H01-gcd.c,bf207a4afdd7e623be4bd0751bdc1917c0ee550af0f38c0531b25bb726d1710c,section,M11,semantic_input13,semantic corruption,MR09,Carrier-removal rejection,reject,True,False,rejected:absent:custom section .wmrec not found,0.088213,,True,"{""antecedent_guarded"":true}"
pilot_mutation,H01-gcd.c,bf207a4afdd7e623be4bd0751bdc1917c0ee550af0f38c0531b25bb726d1710c,section,M11,semantic_input13,semantic corruption,MR10,Carrier-corruption rejection,reject,True,False,rejected:checksum:payload checksum mismatch,0.098666,,True,"{""antecedent_guarded"":true}"
pilot_mutation,H01-gcd.c,bf207a4afdd7e623be4bd0751bdc1917c0ee550af0f38c0531b25bb726d1710c,section,M11,semantic_input13,semantic corruption,MR11,Requested/actual trace agreement,trace,True,False,requested=clang/Os;actual=clang/Os,0.077594,,True,"{""build"":{""actual_compiler"":""clang"",""actual_optimization"":""Os"",""binary"":""WORKDIR/section/M11/MR11/trace/build-01/artifact.bin"",""binary_sha256"":""1b1db4cde3143e65811570eeffbe35b57b4361d85be4626dcffc6578ccc061ff"",""carrier"":""section"",""command"":[""clang"",""-std=c11"",""-fno-ident"",""-no-pie"",""-Os"",""WORKDIR/section/M11/MR11/trace/build-01/host.c"",""-o"",""WORKDIR/section/M11/MR11/trace/build-01/artifact.bin""],""effective_payload_hex"":""4d6f7270682d3031"",""key"":""key-alpha"",""mutant_id"":""M11"",""requested_compiler"":""clang"",""requested_optimization"":""Os"",""requested_payload_hex"":""4d6f7270682d3031"",""return_code"":0,""source"":""WORKDIR/section/M11/MR11/trace/build-01/host.c"",""source_sha256"":""ca86f8e08b4c154317c45483bc2f7087ebbc08fa00753ba65e010babc6fc4491"",""stderr"":""""}}"
pilot_mutation,H01-gcd.c,bf207a4afdd7e623be4bd0751bdc1917c0ee550af0f38c0531b25bb726d1710c,section,M11,semantic_input13,semantic corruption,MR12,Interleaved artifact isolation,separate,True,False,first=b'Morph-01';second=b'Second-2',0.12162,,True,{}
pilot_mutation,H01-gcd.c,bf207a4afdd7e623be4bd0751bdc1917c0ee550af0f38c0531b25bb726d1710c,section,M11,semantic_input13,semantic corruption,MR13,Reordered extraction independence,preserve,True,False,before=b'Morph-01';after=b'Morph-01',0.131824,,True,{}
pilot_mutation,H01-gcd.c,bf207a4afdd7e623be4bd0751bdc1917c0ee550af0f38c0531b25bb726d1710c,section,M11,semantic_input13,semantic corruption,MR14,Rebuild stability,preserve,True,False,first=b'Morph-01';second=b'Morph-01',0.141947,,True,"{""binary_bytes_equal"":true}"
pilot_mutation,H01-gcd.c,bf207a4afdd7e623be4bd0751bdc1917c0ee550af0f38c0531b25bb726d1710c,section,M12,compile_original,stage routing,MR01,Round-trip fidelity,preserve,False,True,exception:ExtractionError:custom section .wmrec not found,0.07819,ExtractionError,True,{}
pilot_mutation,H01-gcd.c,bf207a4afdd7e623be4bd0751bdc1917c0ee550af0f38c0531b25bb726d1710c,section,M12,compile_original,stage routing,MR02,Host-semantic preservation,preserve,True,False,mismatch_count=0,0.161803,,True,"{""mismatches"":[]}"
pilot_mutation,H01-gcd.c,bf207a4afdd7e623be4bd0751bdc1917c0ee550af0f38c0531b25bb726d1710c,section,M12,compile_original,stage routing,MR03,Unmarked rejection,reject,True,False,rejected:absent:custom section .wmrec not found,0.061321,,True,"{""unmarked_binary_sha256"":""17288de5d8ffc83b2223ee650ec19f96fa9b779f3eb45b8e2433c730b7a1e3e2""}"
pilot_mutation,H01-gcd.c,bf207a4afdd7e623be4bd0751bdc1917c0ee550af0f38c0531b25bb726d1710c,section,M12,compile_original,stage routing,MR04,Wrong-key rejection,reject,True,False,rejected:wrong-key:key tag mismatch,0.08295,,True,"{""antecedent_guarded"":true,""antecedent_hex"":""4d6f7270682d3031""}"
pilot_mutation,H01-gcd.c,bf207a4afdd7e623be4bd0751bdc1917c0ee550af0f38c0531b25bb726d1710c,section,M12,compile_original,stage routing,MR05,Payload separation,separate,False,True,exception:ExtractionError:custom section .wmrec not found,0.105058,ExtractionError,True,{}
pilot_mutation,H01-gcd.c,bf207a4afdd7e623be4bd0751bdc1917c0ee550af0f38c0531b25bb726d1710c,section,M12,compile_original,stage routing,MR06,Cross-compiler invariance,preserve,False,True,exception:ExtractionError:custom section .wmrec not found,0.139365,ExtractionError,True,{}
pilot_mutation,H01-gcd.c,bf207a4afdd7e623be4bd0751bdc1917c0ee550af0f38c0531b25bb726d1710c,section,M12,compile_original,stage routing,MR07,Optimization invariance,preserve,False,True,exception:ExtractionError:custom section .wmrec not found,0.191513,ExtractionError,True,{}
pilot_mutation,H01-gcd.c,bf207a4afdd7e623be4bd0751bdc1917c0ee550af0f38c0531b25bb726d1710c,section,M12,compile_original,stage routing,MR08,Clean-room relocation,preserve,False,True,exception:ExtractionError:custom section .wmrec not found,0.083549,ExtractionError,True,{}
pilot_mutation,H01-gcd.c,bf207a4afdd7e623be4bd0751bdc1917c0ee550af0f38c0531b25bb726d1710c,section,M12,compile_original,stage routing,MR09,Carrier-removal rejection,reject,True,False,rejected:absent:custom section .wmrec not found,0.08518,,True,"{""antecedent_guarded"":true}"
pilot_mutation,H01-gcd.c,bf207a4afdd7e623be4bd0751bdc1917c0ee550af0f38c0531b25bb726d1710c,section,M12,compile_original,stage routing,MR10,Carrier-corruption rejection,reject,True,False,rejected:checksum:payload checksum mismatch,0.084455,,True,"{""antecedent_guarded"":true}"
pilot_mutation,H01-gcd.c,bf207a4afdd7e623be4bd0751bdc1917c0ee550af0f38c0531b25bb726d1710c,section,M12,compile_original,stage routing,MR11,Requested/actual trace agreement,trace,True,False,requested=clang/Os;actual=clang/Os,0.077208,,True,"{""build"":{""actual_compiler"":""clang"",""actual_optimization"":""Os"",""binary"":""WORKDIR/section/M12/MR11/trace/build-01/artifact.bin"",""binary_sha256"":""8979583311288d6755db67bfb67a745238b66729f18570b075945ee29c1a551b"",""carrier"":""section"",""command"":[""clang"",""-std=c11"",""-fno-ident"",""-no-pie"",""-Os"",""WORKDIR/section/M12/MR11/trace/build-01/host.c"",""-o"",""WORKDIR/section/M12/MR11/trace/build-01/artifact.bin""],""effective_payload_hex"":""4d6f7270682d3031"",""key"":""key-alpha"",""mutant_id"":""M12"",""requested_compiler"":""clang"",""requested_optimization"":""Os"",""requested_payload_hex"":""4d6f7270682d3031"",""return_code"":0,""source"":""WORKDIR/section/M12/MR11/trace/build-01/host.c"",""source_sha256"":""bf207a4afdd7e623be4bd0751bdc1917c0ee550af0f38c0531b25bb726d1710c"",""stderr"":""""}}"
pilot_mutation,H01-gcd.c,bf207a4afdd7e623be4bd0751bdc1917c0ee550af0f38c0531b25bb726d1710c,section,M12,compile_original,stage routing,MR12,Interleaved artifact isolation,separate,False,True,exception:ExtractionError:custom section .wmrec not found,0.10758,ExtractionError,True,{}
pilot_mutation,H01-gcd.c,bf207a4afdd7e623be4bd0751bdc1917c0ee550af0f38c0531b25bb726d1710c,section,M12,compile_original,stage routing,MR13,Reordered extraction independence,preserve,False,True,exception:ExtractionError:custom section .wmrec not found,0.074333,ExtractionError,True,{}
pilot_mutation,H01-gcd.c,bf207a4afdd7e623be4bd0751bdc1917c0ee550af0f38c0531b25bb726d1710c,section,M12,compile_original,stage routing,MR14,Rebuild stability,preserve,False,True,exception:ExtractionError:custom section .wmrec not found,0.114049,ExtractionError,True,{}
pilot_mutation,H01-gcd.c,bf207a4afdd7e623be4bd0751bdc1917c0ee550af0f38c0531b25bb726d1710c,section,M13,force_gcc,configuration,MR01,Round-trip fidelity,preserve,True,False,extracted=b'Morph-01',0.077445,,True,"{""build"":{""actual_compiler"":""gcc"",""actual_optimization"":""O2"",""binary"":""WORKDIR/section/M13/MR01/marked/build-01/artifact.bin"",""binary_sha256"":""63cbeff2b0785d492761ce367639a8bbc8e94ddb2cfe720778f8bd6177d67b85"",""carrier"":""section"",""command"":[""gcc"",""-std=c11"",""-fno-ident"",""-no-pie"",""-O2"",""WORKDIR/section/M13/MR01/marked/build-01/host.c"",""-o"",""WORKDIR/section/M13/MR01/marked/build-01/artifact.bin""],""effective_payload_hex"":""4d6f7270682d3031"",""key"":""key-alpha"",""mutant_id"":""M13"",""requested_compiler"":""gcc"",""requested_optimization"":""O2"",""requested_payload_hex"":""4d6f7270682d3031"",""return_code"":0,""source"":""WORKDIR/section/M13/MR01/marked/build-01/host.c"",""source_sha256"":""bf207a4afdd7e623be4bd0751bdc1917c0ee550af0f38c0531b25bb726d1710c"",""stderr"":""""},""extracted_hex"":""4d6f7270682d3031""}"
pilot_mutation,H01-gcd.c,bf207a4afdd7e623be4bd0751bdc1917c0ee550af0f38c0531b25bb726d1710c,section,M13,force_gcc,configuration,MR02,Host-semantic preservation,preserve,True,False,mismatch_count=0,0.171239,,True,"{""mismatches"":[]}"
pilot_mutation,H01-gcd.c,bf207a4afdd7e623be4bd0751bdc1917c0ee550af0f38c0531b25bb726d1710c,section,M13,force_gcc,configuration,MR03,Unmarked rejection,reject,True,False,rejected:absent:custom section .wmrec not found,0.071556,,True,"{""unmarked_binary_sha256"":""17288de5d8ffc83b2223ee650ec19f96fa9b779f3eb45b8e2433c730b7a1e3e2""}"
pilot_mutation,H01-gcd.c,bf207a4afdd7e623be4bd0751bdc1917c0ee550af0f38c0531b25bb726d1710c,section,M13,force_gcc,configuration,MR04,Wrong-key rejection,reject,True,False,rejected:wrong-key:key tag mismatch,0.083328,,True,"{""antecedent_guarded"":true,""antecedent_hex"":""4d6f7270682d3031""}"
pilot_mutation,H01-gcd.c,bf207a4afdd7e623be4bd0751bdc1917c0ee550af0f38c0531b25bb726d1710c,section,M13,force_gcc,configuration,MR05,Payload separation,separate,True,False,first=b'Morph-01';second=b'Second-2',0.154553,,True,"{""first_hex"":""4d6f7270682d3031"",""second_hex"":""5365636f6e642d32""}"
pilot_mutation,H01-gcd.c,bf207a4afdd7e623be4bd0751bdc1917c0ee550af0f38c0531b25bb726d1710c,section,M13,force_gcc,configuration,MR06,Cross-compiler invariance,preserve,True,False,"payloads=b'Morph-01',b'Morph-01';semantic_equal=True",0.142314,,True,"{""clang_actual"":""gcc"",""gcc_actual"":""gcc""}"
pilot_mutation,H01-gcd.c,bf207a4afdd7e623be4bd0751bdc1917c0ee550af0f38c0531b25bb726d1710c,section,M13,force_gcc,configuration,MR07,Optimization invariance,preserve,True,False,"payloads=['Morph-01', 'Morph-01', 'Morph-01'];semantic_equal=True",0.208697,,True,{}
pilot_mutation,H01-gcd.c,bf207a4afdd7e623be4bd0751bdc1917c0ee550af0f38c0531b25bb726d1710c,section,M13,force_gcc,configuration,MR08,Clean-room relocation,preserve,True,False,relocated=b'Morph-01',0.087309,,True,"{""clean_room_entries"":[""renamed-artifact.bin""],""relocated_hex"":""4d6f7270682d3031""}"
pilot_mutation,H01-gcd.c,bf207a4afdd7e623be4bd0751bdc1917c0ee550af0f38c0531b25bb726d1710c,section,M13,force_gcc,configuration,MR09,Carrier-removal rejection,reject,True,False,rejected:absent:custom section .wmrec not found,0.048761,,True,"{""antecedent_guarded"":true}"
pilot_mutation,H01-gcd.c,bf207a4afdd7e623be4bd0751bdc1917c0ee550af0f38c0531b25bb726d1710c,section,M13,force_gcc,configuration,MR10,Carrier-corruption rejection,reject,True,False,rejected:checksum:payload checksum mismatch,0.083471,,True,"{""antecedent_guarded"":true}"
pilot_mutation,H01-gcd.c,bf207a4afdd7e623be4bd0751bdc1917c0ee550af0f38c0531b25bb726d1710c,section,M13,force_gcc,configuration,MR11,Requested/actual trace agreement,trace,False,True,requested=clang/Os;actual=gcc/Os,0.05954,,True,"{""build"":{""actual_compiler"":""gcc"",""actual_optimization"":""Os"",""binary"":""WORKDIR/section/M13/MR11/trace/build-01/artifact.bin"",""binary_sha256"":""536203b03d275ac01867599e3754d1b40589473421d70f4477920cc4e53f2419"",""carrier"":""section"",""command"":[""gcc"",""-std=c11"",""-fno-ident"",""-no-pie"",""-Os"",""WORKDIR/section/M13/MR11/trace/build-01/host.c"",""-o"",""WORKDIR/section/M13/MR11/trace/build-01/artifact.bin""],""effective_payload_hex"":""4d6f7270682d3031"",""key"":""key-alpha"",""mutant_id"":""M13"",""requested_compiler"":""clang"",""requested_optimization"":""Os"",""requested_payload_hex"":""4d6f7270682d3031"",""return_code"":0,""source"":""WORKDIR/section/M13/MR11/trace/build-01/host.c"",""source_sha256"":""bf207a4afdd7e623be4bd0751bdc1917c0ee550af0f38c0531b25bb726d1710c"",""stderr"":""""}}"
pilot_mutation,H01-gcd.c,bf207a4afdd7e623be4bd0751bdc1917c0ee550af0f38c0531b25bb726d1710c,section,M13,force_gcc,configuration,MR12,Interleaved artifact isolation,separate,True,False,first=b'Morph-01';second=b'Second-2',0.164531,,True,{}
pilot_mutation,H01-gcd.c,bf207a4afdd7e623be4bd0751bdc1917c0ee550af0f38c0531b25bb726d1710c,section,M13,force_gcc,configuration,MR13,Reordered extraction independence,preserve,True,False,before=b'Morph-01';after=b'Morph-01',0.116375,,True,{}
pilot_mutation,H01-gcd.c,bf207a4afdd7e623be4bd0751bdc1917c0ee550af0f38c0531b25bb726d1710c,section,M13,force_gcc,configuration,MR14,Rebuild stability,preserve,True,False,first=b'Morph-01';second=b'Morph-01',0.124335,,True,"{""binary_bytes_equal"":true}"
pilot_mutation,H01-gcd.c,bf207a4afdd7e623be4bd0751bdc1917c0ee550af0f38c0531b25bb726d1710c,section,M14,force_O0,configuration,MR01,Round-trip fidelity,preserve,True,False,extracted=b'Morph-01',0.038942,,True,"{""build"":{""actual_compiler"":""gcc"",""actual_optimization"":""O0"",""binary"":""WORKDIR/section/M14/MR01/marked/build-01/artifact.bin"",""binary_sha256"":""05fb1320529a6af646b8ea2321c0e83ec10eaa89ee2a9bff9314e90d0c3bc4a1"",""carrier"":""section"",""command"":[""gcc"",""-std=c11"",""-fno-ident"",""-no-pie"",""-O0"",""WORKDIR/section/M14/MR01/marked/build-01/host.c"",""-o"",""WORKDIR/section/M14/MR01/marked/build-01/artifact.bin""],""effective_payload_hex"":""4d6f7270682d3031"",""key"":""key-alpha"",""mutant_id"":""M14"",""requested_compiler"":""gcc"",""requested_optimization"":""O2"",""requested_payload_hex"":""4d6f7270682d3031"",""return_code"":0,""source"":""WORKDIR/section/M14/MR01/marked/build-01/host.c"",""source_sha256"":""bf207a4afdd7e623be4bd0751bdc1917c0ee550af0f38c0531b25bb726d1710c"",""stderr"":""""},""extracted_hex"":""4d6f7270682d3031""}"
pilot_mutation,H01-gcd.c,bf207a4afdd7e623be4bd0751bdc1917c0ee550af0f38c0531b25bb726d1710c,section,M14,force_O0,configuration,MR02,Host-semantic preservation,preserve,True,False,mismatch_count=0,0.118445,,True,"{""mismatches"":[]}"
pilot_mutation,H01-gcd.c,bf207a4afdd7e623be4bd0751bdc1917c0ee550af0f38c0531b25bb726d1710c,section,M14,force_O0,configuration,MR03,Unmarked rejection,reject,True,False,rejected:absent:custom section .wmrec not found,0.046669,,True,"{""unmarked_binary_sha256"":""9b4d3b3c14fed8daa1b0d67cbd603737a48b61b6fcbe1d6f6b318081d458be0b""}"
pilot_mutation,H01-gcd.c,bf207a4afdd7e623be4bd0751bdc1917c0ee550af0f38c0531b25bb726d1710c,section,M14,force_O0,configuration,MR04,Wrong-key rejection,reject,True,False,rejected:wrong-key:key tag mismatch,0.077977,,True,"{""antecedent_guarded"":true,""antecedent_hex"":""4d6f7270682d3031""}"
pilot_mutation,H01-gcd.c,bf207a4afdd7e623be4bd0751bdc1917c0ee550af0f38c0531b25bb726d1710c,section,M14,force_O0,configuration,MR05,Payload separation,separate,True,False,first=b'Morph-01';second=b'Second-2',0.144759,,True,"{""first_hex"":""4d6f7270682d3031"",""second_hex"":""5365636f6e642d32""}"
pilot_mutation,H01-gcd.c,bf207a4afdd7e623be4bd0751bdc1917c0ee550af0f38c0531b25bb726d1710c,section,M14,force_O0,configuration,MR06,Cross-compiler invariance,preserve,True,False,"payloads=b'Morph-01',b'Morph-01';semantic_equal=True",0.137111,,True,"{""clang_actual"":""clang"",""gcc_actual"":""gcc""}"
pilot_mutation,H01-gcd.c,bf207a4afdd7e623be4bd0751bdc1917c0ee550af0f38c0531b25bb726d1710c,section,M14,force_O0,configuration,MR07,Optimization invariance,preserve,True,False,"payloads=['Morph-01', 'Morph-01', 'Morph-01'];semantic_equal=True",0.195142,,True,{}
pilot_mutation,H01-gcd.c,bf207a4afdd7e623be4bd0751bdc1917c0ee550af0f38c0531b25bb726d1710c,section,M14,force_O0,configuration,MR08,Clean-room relocation,preserve,True,False,relocated=b'Morph-01',0.079034,,True,"{""clean_room_entries"":[""renamed-artifact.bin""],""relocated_hex"":""4d6f7270682d3031""}"
pilot_mutation,H01-gcd.c,bf207a4afdd7e623be4bd0751bdc1917c0ee550af0f38c0531b25bb726d1710c,section,M14,force_O0,configuration,MR09,Carrier-removal rejection,reject,True,False,rejected:absent:custom section .wmrec not found,0.062654,,True,"{""antecedent_guarded"":true}"
pilot_mutation,H01-gcd.c,bf207a4afdd7e623be4bd0751bdc1917c0ee550af0f38c0531b25bb726d1710c,section,M14,force_O0,configuration,MR10,Carrier-corruption rejection,reject,True,False,rejected:checksum:payload checksum mismatch,0.073918,,True,"{""antecedent_guarded"":true}"
pilot_mutation,H01-gcd.c,bf207a4afdd7e623be4bd0751bdc1917c0ee550af0f38c0531b25bb726d1710c,section,M14,force_O0,configuration,MR11,Requested/actual trace agreement,trace,False,True,requested=clang/Os;actual=clang/O0,0.079553,,True,"{""build"":{""actual_compiler"":""clang"",""actual_optimization"":""O0"",""binary"":""WORKDIR/section/M14/MR11/trace/build-01/artifact.bin"",""binary_sha256"":""7f62562f066731224c4ff4220a4de8faf049f2a4ce2bda89adb67824c1cc049c"",""carrier"":""section"",""command"":[""clang"",""-std=c11"",""-fno-ident"",""-no-pie"",""-O0"",""WORKDIR/section/M14/MR11/trace/build-01/host.c"",""-o"",""WORKDIR/section/M14/MR11/trace/build-01/artifact.bin""],""effective_payload_hex"":""4d6f7270682d3031"",""key"":""key-alpha"",""mutant_id"":""M14"",""requested_compiler"":""clang"",""requested_optimization"":""Os"",""requested_payload_hex"":""4d6f7270682d3031"",""return_code"":0,""source"":""WORKDIR/section/M14/MR11/trace/build-01/host.c"",""source_sha256"":""bf207a4afdd7e623be4bd0751bdc1917c0ee550af0f38c0531b25bb726d1710c"",""stderr"":""""}}"
pilot_mutation,H01-gcd.c,bf207a4afdd7e623be4bd0751bdc1917c0ee550af0f38c0531b25bb726d1710c,section,M14,force_O0,configuration,MR12,Interleaved artifact isolation,separate,True,False,first=b'Morph-01';second=b'Second-2',0.128195,,True,{}
pilot_mutation,H01-gcd.c,bf207a4afdd7e623be4bd0751bdc1917c0ee550af0f38c0531b25bb726d1710c,section,M14,force_O0,configuration,MR13,Reordered extraction independence,preserve,True,False,before=b'Morph-01';after=b'Morph-01',0.12597,,True,{}
pilot_mutation,H01-gcd.c,bf207a4afdd7e623be4bd0751bdc1917c0ee550af0f38c0531b25bb726d1710c,section,M14,force_O0,configuration,MR14,Rebuild stability,preserve,True,False,first=b'Morph-01';second=b'Morph-01',0.113144,,True,"{""binary_bytes_equal"":true}"
pilot_mutation,H01-gcd.c,bf207a4afdd7e623be4bd0751bdc1917c0ee550af0f38c0531b25bb726d1710c,section,M15,transform_noop,transformation,MR01,Round-trip fidelity,preserve,True,False,extracted=b'Morph-01',0.057653,,True,"{""build"":{""actual_compiler"":""gcc"",""actual_optimization"":""O2"",""binary"":""WORKDIR/section/M15/MR01/marked/build-01/artifact.bin"",""binary_sha256"":""63cbeff2b0785d492761ce367639a8bbc8e94ddb2cfe720778f8bd6177d67b85"",""carrier"":""section"",""command"":[""gcc"",""-std=c11"",""-fno-ident"",""-no-pie"",""-O2"",""WORKDIR/section/M15/MR01/marked/build-01/host.c"",""-o"",""WORKDIR/section/M15/MR01/marked/build-01/artifact.bin""],""effective_payload_hex"":""4d6f7270682d3031"",""key"":""key-alpha"",""mutant_id"":""M15"",""requested_compiler"":""gcc"",""requested_optimization"":""O2"",""requested_payload_hex"":""4d6f7270682d3031"",""return_code"":0,""source"":""WORKDIR/section/M15/MR01/marked/build-01/host.c"",""source_sha256"":""bf207a4afdd7e623be4bd0751bdc1917c0ee550af0f38c0531b25bb726d1710c"",""stderr"":""""},""extracted_hex"":""4d6f7270682d3031""}"
pilot_mutation,H01-gcd.c,bf207a4afdd7e623be4bd0751bdc1917c0ee550af0f38c0531b25bb726d1710c,section,M15,transform_noop,transformation,MR02,Host-semantic preservation,preserve,True,False,mismatch_count=0,0.138953,,True,"{""mismatches"":[]}"
pilot_mutation,H01-gcd.c,bf207a4afdd7e623be4bd0751bdc1917c0ee550af0f38c0531b25bb726d1710c,section,M15,transform_noop,transformation,MR03,Unmarked rejection,reject,True,False,rejected:absent:custom section .wmrec not found,0.040689,,True,"{""unmarked_binary_sha256"":""17288de5d8ffc83b2223ee650ec19f96fa9b779f3eb45b8e2433c730b7a1e3e2""}"
pilot_mutation,H01-gcd.c,bf207a4afdd7e623be4bd0751bdc1917c0ee550af0f38c0531b25bb726d1710c,section,M15,transform_noop,transformation,MR04,Wrong-key rejection,reject,True,False,rejected:wrong-key:key tag mismatch,0.086687,,True,"{""antecedent_guarded"":true,""antecedent_hex"":""4d6f7270682d3031""}"
pilot_mutation,H01-gcd.c,bf207a4afdd7e623be4bd0751bdc1917c0ee550af0f38c0531b25bb726d1710c,section,M15,transform_noop,transformation,MR05,Payload separation,separate,True,False,first=b'Morph-01';second=b'Second-2',0.145471,,True,"{""first_hex"":""4d6f7270682d3031"",""second_hex"":""5365636f6e642d32""}"
pilot_mutation,H01-gcd.c,bf207a4afdd7e623be4bd0751bdc1917c0ee550af0f38c0531b25bb726d1710c,section,M15,transform_noop,transformation,MR06,Cross-compiler invariance,preserve,True,False,"payloads=b'Morph-01',b'Morph-01';semantic_equal=True",0.182681,,True,"{""clang_actual"":""clang"",""gcc_actual"":""gcc""}"
pilot_mutation,H01-gcd.c,bf207a4afdd7e623be4bd0751bdc1917c0ee550af0f38c0531b25bb726d1710c,section,M15,transform_noop,transformation,MR07,Optimization invariance,preserve,True,False,"payloads=['Morph-01', 'Morph-01', 'Morph-01'];semantic_equal=True",0.266045,,True,{}
pilot_mutation,H01-gcd.c,bf207a4afdd7e623be4bd0751bdc1917c0ee550af0f38c0531b25bb726d1710c,section,M15,transform_noop,transformation,MR08,Clean-room relocation,preserve,True,False,relocated=b'Morph-01',0.045087,,True,"{""clean_room_entries"":[""renamed-artifact.bin""],""relocated_hex"":""4d6f7270682d3031""}"
pilot_mutation,H01-gcd.c,bf207a4afdd7e623be4bd0751bdc1917c0ee550af0f38c0531b25bb726d1710c,section,M15,transform_noop,transformation,MR09,Carrier-removal rejection,reject,False,True,spurious robustness:accepted:b'Morph-01',0.08804,,True,"{""antecedent_guarded"":true}"
pilot_mutation,H01-gcd.c,bf207a4afdd7e623be4bd0751bdc1917c0ee550af0f38c0531b25bb726d1710c,section,M15,transform_noop,transformation,MR10,Carrier-corruption rejection,reject,True,False,rejected:checksum:payload checksum mismatch,0.0779,,True,"{""antecedent_guarded"":true}"
pilot_mutation,H01-gcd.c,bf207a4afdd7e623be4bd0751bdc1917c0ee550af0f38c0531b25bb726d1710c,section,M15,transform_noop,transformation,MR11,Requested/actual trace agreement,trace,True,False,requested=clang/Os;actual=clang/Os,0.068973,,True,"{""build"":{""actual_compiler"":""clang"",""actual_optimization"":""Os"",""binary"":""WORKDIR/section/M15/MR11/trace/build-01/artifact.bin"",""binary_sha256"":""d5d8525397dedc90fa4792ce87b67efca4a48048626cb76d2fe61da67d4f779a"",""carrier"":""section"",""command"":[""clang"",""-std=c11"",""-fno-ident"",""-no-pie"",""-Os"",""WORKDIR/section/M15/MR11/trace/build-01/host.c"",""-o"",""WORKDIR/section/M15/MR11/trace/build-01/artifact.bin""],""effective_payload_hex"":""4d6f7270682d3031"",""key"":""key-alpha"",""mutant_id"":""M15"",""requested_compiler"":""clang"",""requested_optimization"":""Os"",""requested_payload_hex"":""4d6f7270682d3031"",""return_code"":0,""source"":""WORKDIR/section/M15/MR11/trace/build-01/host.c"",""source_sha256"":""bf207a4afdd7e623be4bd0751bdc1917c0ee550af0f38c0531b25bb726d1710c"",""stderr"":""""}}"
pilot_mutation,H01-gcd.c,bf207a4afdd7e623be4bd0751bdc1917c0ee550af0f38c0531b25bb726d1710c,section,M15,transform_noop,transformation,MR12,Interleaved artifact isolation,separate,True,False,first=b'Morph-01';second=b'Second-2',0.122857,,True,{}
pilot_mutation,H01-gcd.c,bf207a4afdd7e623be4bd0751bdc1917c0ee550af0f38c0531b25bb726d1710c,section,M15,transform_noop,transformation,MR13,Reordered extraction independence,preserve,True,False,before=b'Morph-01';after=b'Morph-01',0.165122,,True,{}
pilot_mutation,H01-gcd.c,bf207a4afdd7e623be4bd0751bdc1917c0ee550af0f38c0531b25bb726d1710c,section,M15,transform_noop,transformation,MR14,Rebuild stability,preserve,True,False,first=b'Morph-01';second=b'Morph-01',0.121778,,True,"{""binary_bytes_equal"":true}"
pilot_mutation,H01-gcd.c,bf207a4afdd7e623be4bd0751bdc1917c0ee550af0f38c0531b25bb726d1710c,section,M16,checksum_bypass,integrity,MR01,Round-trip fidelity,preserve,True,False,extracted=b'Morph-01',0.038247,,True,"{""build"":{""actual_compiler"":""gcc"",""actual_optimization"":""O2"",""binary"":""WORKDIR/section/M16/MR01/marked/build-01/artifact.bin"",""binary_sha256"":""63cbeff2b0785d492761ce367639a8bbc8e94ddb2cfe720778f8bd6177d67b85"",""carrier"":""section"",""command"":[""gcc"",""-std=c11"",""-fno-ident"",""-no-pie"",""-O2"",""WORKDIR/section/M16/MR01/marked/build-01/host.c"",""-o"",""WORKDIR/section/M16/MR01/marked/build-01/artifact.bin""],""effective_payload_hex"":""4d6f7270682d3031"",""key"":""key-alpha"",""mutant_id"":""M16"",""requested_compiler"":""gcc"",""requested_optimization"":""O2"",""requested_payload_hex"":""4d6f7270682d3031"",""return_code"":0,""source"":""WORKDIR/section/M16/MR01/marked/build-01/host.c"",""source_sha256"":""bf207a4afdd7e623be4bd0751bdc1917c0ee550af0f38c0531b25bb726d1710c"",""stderr"":""""},""extracted_hex"":""4d6f7270682d3031""}"
pilot_mutation,H01-gcd.c,bf207a4afdd7e623be4bd0751bdc1917c0ee550af0f38c0531b25bb726d1710c,section,M16,checksum_bypass,integrity,MR02,Host-semantic preservation,preserve,True,False,mismatch_count=0,0.158585,,True,"{""mismatches"":[]}"
pilot_mutation,H01-gcd.c,bf207a4afdd7e623be4bd0751bdc1917c0ee550af0f38c0531b25bb726d1710c,section,M16,checksum_bypass,integrity,MR03,Unmarked rejection,reject,True,False,rejected:absent:custom section .wmrec not found,0.053235,,True,"{""unmarked_binary_sha256"":""17288de5d8ffc83b2223ee650ec19f96fa9b779f3eb45b8e2433c730b7a1e3e2""}"
pilot_mutation,H01-gcd.c,bf207a4afdd7e623be4bd0751bdc1917c0ee550af0f38c0531b25bb726d1710c,section,M16,checksum_bypass,integrity,MR04,Wrong-key rejection,reject,True,False,rejected:wrong-key:key tag mismatch,0.088935,,True,"{""antecedent_guarded"":true,""antecedent_hex"":""4d6f7270682d3031""}"
pilot_mutation,H01-gcd.c,bf207a4afdd7e623be4bd0751bdc1917c0ee550af0f38c0531b25bb726d1710c,section,M16,checksum_bypass,integrity,MR05,Payload separation,separate,True,False,first=b'Morph-01';second=b'Second-2',0.12799,,True,"{""first_hex"":""4d6f7270682d3031"",""second_hex"":""5365636f6e642d32""}"
pilot_mutation,H01-gcd.c,bf207a4afdd7e623be4bd0751bdc1917c0ee550af0f38c0531b25bb726d1710c,section,M16,checksum_bypass,integrity,MR06,Cross-compiler invariance,preserve,True,False,"payloads=b'Morph-01',b'Morph-01';semantic_equal=True",0.171413,,True,"{""clang_actual"":""clang"",""gcc_actual"":""gcc""}"
pilot_mutation,H01-gcd.c,bf207a4afdd7e623be4bd0751bdc1917c0ee550af0f38c0531b25bb726d1710c,section,M16,checksum_bypass,integrity,MR07,Optimization invariance,preserve,True,False,"payloads=['Morph-01', 'Morph-01', 'Morph-01'];semantic_equal=True",0.278899,,True,{}
pilot_mutation,H01-gcd.c,bf207a4afdd7e623be4bd0751bdc1917c0ee550af0f38c0531b25bb726d1710c,section,M16,checksum_bypass,integrity,MR08,Clean-room relocation,preserve,True,False,relocated=b'Morph-01',0.089552,,True,"{""clean_room_entries"":[""renamed-artifact.bin""],""relocated_hex"":""4d6f7270682d3031""}"
pilot_mutation,H01-gcd.c,bf207a4afdd7e623be4bd0751bdc1917c0ee550af0f38c0531b25bb726d1710c,section,M16,checksum_bypass,integrity,MR09,Carrier-removal rejection,reject,True,False,rejected:absent:custom section .wmrec not found,0.08955,,True,"{""antecedent_guarded"":true}"
pilot_mutation,H01-gcd.c,bf207a4afdd7e623be4bd0751bdc1917c0ee550af0f38c0531b25bb726d1710c,section,M16,checksum_bypass,integrity,MR10,Carrier-corruption rejection,reject,False,True,corruption accepted:accepted:b'Morph-01',0.084547,,True,"{""antecedent_guarded"":true}"
pilot_mutation,H01-gcd.c,bf207a4afdd7e623be4bd0751bdc1917c0ee550af0f38c0531b25bb726d1710c,section,M16,checksum_bypass,integrity,MR11,Requested/actual trace agreement,trace,True,False,requested=clang/Os;actual=clang/Os,0.076538,,True,"{""build"":{""actual_compiler"":""clang"",""actual_optimization"":""Os"",""binary"":""WORKDIR/section/M16/MR11/trace/build-01/artifact.bin"",""binary_sha256"":""d5d8525397dedc90fa4792ce87b67efca4a48048626cb76d2fe61da67d4f779a"",""carrier"":""section"",""command"":[""clang"",""-std=c11"",""-fno-ident"",""-no-pie"",""-Os"",""WORKDIR/section/M16/MR11/trace/build-01/host.c"",""-o"",""WORKDIR/section/M16/MR11/trace/build-01/artifact.bin""],""effective_payload_hex"":""4d6f7270682d3031"",""key"":""key-alpha"",""mutant_id"":""M16"",""requested_compiler"":""clang"",""requested_optimization"":""Os"",""requested_payload_hex"":""4d6f7270682d3031"",""return_code"":0,""source"":""WORKDIR/section/M16/MR11/trace/build-01/host.c"",""source_sha256"":""bf207a4afdd7e623be4bd0751bdc1917c0ee550af0f38c0531b25bb726d1710c"",""stderr"":""""}}"
pilot_mutation,H01-gcd.c,bf207a4afdd7e623be4bd0751bdc1917c0ee550af0f38c0531b25bb726d1710c,section,M16,checksum_bypass,integrity,MR12,Interleaved artifact isolation,separate,True,False,first=b'Morph-01';second=b'Second-2',0.143214,,True,{}
pilot_mutation,H01-gcd.c,bf207a4afdd7e623be4bd0751bdc1917c0ee550af0f38c0531b25bb726d1710c,section,M16,checksum_bypass,integrity,MR13,Reordered extraction independence,preserve,True,False,before=b'Morph-01';after=b'Morph-01',0.144365,,True,{}
pilot_mutation,H01-gcd.c,bf207a4afdd7e623be4bd0751bdc1917c0ee550af0f38c0531b25bb726d1710c,section,M16,checksum_bypass,integrity,MR14,Rebuild stability,preserve,True,False,first=b'Morph-01';second=b'Morph-01',0.128711,,True,"{""binary_bytes_equal"":true}"
pilot_mutation,H01-gcd.c,bf207a4afdd7e623be4bd0751bdc1917c0ee550af0f38c0531b25bb726d1710c,section,M17,filename_bound,artifact binding,MR01,Round-trip fidelity,preserve,True,False,extracted=b'Morph-01',0.041137,,True,"{""build"":{""actual_compiler"":""gcc"",""actual_optimization"":""O2"",""binary"":""WORKDIR/section/M17/MR01/marked/build-01/artifact.bin"",""binary_sha256"":""63cbeff2b0785d492761ce367639a8bbc8e94ddb2cfe720778f8bd6177d67b85"",""carrier"":""section"",""command"":[""gcc"",""-std=c11"",""-fno-ident"",""-no-pie"",""-O2"",""WORKDIR/section/M17/MR01/marked/build-01/host.c"",""-o"",""WORKDIR/section/M17/MR01/marked/build-01/artifact.bin""],""effective_payload_hex"":""4d6f7270682d3031"",""key"":""key-alpha"",""mutant_id"":""M17"",""requested_compiler"":""gcc"",""requested_optimization"":""O2"",""requested_payload_hex"":""4d6f7270682d3031"",""return_code"":0,""source"":""WORKDIR/section/M17/MR01/marked/build-01/host.c"",""source_sha256"":""bf207a4afdd7e623be4bd0751bdc1917c0ee550af0f38c0531b25bb726d1710c"",""stderr"":""""},""extracted_hex"":""4d6f7270682d3031""}"
pilot_mutation,H01-gcd.c,bf207a4afdd7e623be4bd0751bdc1917c0ee550af0f38c0531b25bb726d1710c,section,M17,filename_bound,artifact binding,MR02,Host-semantic preservation,preserve,True,False,mismatch_count=0,0.147483,,True,"{""mismatches"":[]}"
pilot_mutation,H01-gcd.c,bf207a4afdd7e623be4bd0751bdc1917c0ee550af0f38c0531b25bb726d1710c,section,M17,filename_bound,artifact binding,MR03,Unmarked rejection,reject,True,False,rejected:absent:custom section .wmrec not found,0.049337,,True,"{""unmarked_binary_sha256"":""17288de5d8ffc83b2223ee650ec19f96fa9b779f3eb45b8e2433c730b7a1e3e2""}"
pilot_mutation,H01-gcd.c,bf207a4afdd7e623be4bd0751bdc1917c0ee550af0f38c0531b25bb726d1710c,section,M17,filename_bound,artifact binding,MR04,Wrong-key rejection,reject,True,False,rejected:wrong-key:key tag mismatch,0.078815,,True,"{""antecedent_guarded"":true,""antecedent_hex"":""4d6f7270682d3031""}"
pilot_mutation,H01-gcd.c,bf207a4afdd7e623be4bd0751bdc1917c0ee550af0f38c0531b25bb726d1710c,section,M17,filename_bound,artifact binding,MR05,Payload separation,separate,True,False,first=b'Morph-01';second=b'Second-2',0.161753,,True,"{""first_hex"":""4d6f7270682d3031"",""second_hex"":""5365636f6e642d32""}"
pilot_mutation,H01-gcd.c,bf207a4afdd7e623be4bd0751bdc1917c0ee550af0f38c0531b25bb726d1710c,section,M17,filename_bound,artifact binding,MR06,Cross-compiler invariance,preserve,True,False,"payloads=b'Morph-01',b'Morph-01';semantic_equal=True",0.18258,,True,"{""clang_actual"":""clang"",""gcc_actual"":""gcc""}"
pilot_mutation,H01-gcd.c,bf207a4afdd7e623be4bd0751bdc1917c0ee550af0f38c0531b25bb726d1710c,section,M17,filename_bound,artifact binding,MR07,Optimization invariance,preserve,True,False,"payloads=['Morph-01', 'Morph-01', 'Morph-01'];semantic_equal=True",0.221829,,True,{}
pilot_mutation,H01-gcd.c,bf207a4afdd7e623be4bd0751bdc1917c0ee550af0f38c0531b25bb726d1710c,section,M17,filename_bound,artifact binding,MR08,Clean-room relocation,preserve,False,True,exception:ExtractionError:artifact path is not an original build path,0.048726,ExtractionError,True,{}
pilot_mutation,H01-gcd.c,bf207a4afdd7e623be4bd0751bdc1917c0ee550af0f38c0531b25bb726d1710c,section,M17,filename_bound,artifact binding,MR09,Carrier-removal rejection,reject,True,False,rejected:path:artifact path is not an original build path,0.034913,,True,"{""antecedent_guarded"":true}"
pilot_mutation,H01-gcd.c,bf207a4afdd7e623be4bd0751bdc1917c0ee550af0f38c0531b25bb726d1710c,section,M17,filename_bound,artifact binding,MR10,Carrier-corruption rejection,reject,True,False,rejected:path:artifact path is not an original build path,0.08553,,True,"{""antecedent_guarded"":true}"
pilot_mutation,H01-gcd.c,bf207a4afdd7e623be4bd0751bdc1917c0ee550af0f38c0531b25bb726d1710c,section,M17,filename_bound,artifact binding,MR11,Requested/actual trace agreement,trace,True,False,requested=clang/Os;actual=clang/Os,0.083472,,True,"{""build"":{""actual_compiler"":""clang"",""actual_optimization"":""Os"",""binary"":""WORKDIR/section/M17/MR11/trace/build-01/artifact.bin"",""binary_sha256"":""d5d8525397dedc90fa4792ce87b67efca4a48048626cb76d2fe61da67d4f779a"",""carrier"":""section"",""command"":[""clang"",""-std=c11"",""-fno-ident"",""-no-pie"",""-Os"",""WORKDIR/section/M17/MR11/trace/build-01/host.c"",""-o"",""WORKDIR/section/M17/MR11/trace/build-01/artifact.bin""],""effective_payload_hex"":""4d6f7270682d3031"",""key"":""key-alpha"",""mutant_id"":""M17"",""requested_compiler"":""clang"",""requested_optimization"":""Os"",""requested_payload_hex"":""4d6f7270682d3031"",""return_code"":0,""source"":""WORKDIR/section/M17/MR11/trace/build-01/host.c"",""source_sha256"":""bf207a4afdd7e623be4bd0751bdc1917c0ee550af0f38c0531b25bb726d1710c"",""stderr"":""""}}"
pilot_mutation,H01-gcd.c,bf207a4afdd7e623be4bd0751bdc1917c0ee550af0f38c0531b25bb726d1710c,section,M17,filename_bound,artifact binding,MR12,Interleaved artifact isolation,separate,True,False,first=b'Morph-01';second=b'Second-2',0.156708,,True,{}
pilot_mutation,H01-gcd.c,bf207a4afdd7e623be4bd0751bdc1917c0ee550af0f38c0531b25bb726d1710c,section,M17,filename_bound,artifact binding,MR13,Reordered extraction independence,preserve,True,False,before=b'Morph-01';after=b'Morph-01',0.161841,,True,{}
pilot_mutation,H01-gcd.c,bf207a4afdd7e623be4bd0751bdc1917c0ee550af0f38c0531b25bb726d1710c,section,M17,filename_bound,artifact binding,MR14,Rebuild stability,preserve,True,False,first=b'Morph-01';second=b'Morph-01',0.143376,,True,"{""binary_bytes_equal"":true}"
pilot_mutation,H01-gcd.c,bf207a4afdd7e623be4bd0751bdc1917c0ee550af0f38c0531b25bb726d1710c,section,M18,stale_binary,state,MR01,Round-trip fidelity,preserve,True,False,extracted=b'Morph-01',0.091509,,True,"{""build"":{""actual_compiler"":""gcc"",""actual_optimization"":""O2"",""binary"":""WORKDIR/section/M18/MR01/marked/build-01/artifact.bin"",""binary_sha256"":""63cbeff2b0785d492761ce367639a8bbc8e94ddb2cfe720778f8bd6177d67b85"",""carrier"":""section"",""command"":[""gcc"",""-std=c11"",""-fno-ident"",""-no-pie"",""-O2"",""WORKDIR/section/M18/MR01/marked/build-01/host.c"",""-o"",""WORKDIR/section/M18/MR01/marked/build-01/artifact.bin""],""effective_payload_hex"":""4d6f7270682d3031"",""key"":""key-alpha"",""mutant_id"":""M18"",""requested_compiler"":""gcc"",""requested_optimization"":""O2"",""requested_payload_hex"":""4d6f7270682d3031"",""return_code"":0,""source"":""WORKDIR/section/M18/MR01/marked/build-01/host.c"",""source_sha256"":""bf207a4afdd7e623be4bd0751bdc1917c0ee550af0f38c0531b25bb726d1710c"",""stderr"":""""},""extracted_hex"":""4d6f7270682d3031""}"
pilot_mutation,H01-gcd.c,bf207a4afdd7e623be4bd0751bdc1917c0ee550af0f38c0531b25bb726d1710c,section,M18,stale_binary,state,MR02,Host-semantic preservation,preserve,True,False,mismatch_count=0,0.1118,,True,"{""mismatches"":[]}"
pilot_mutation,H01-gcd.c,bf207a4afdd7e623be4bd0751bdc1917c0ee550af0f38c0531b25bb726d1710c,section,M18,stale_binary,state,MR03,Unmarked rejection,reject,True,False,rejected:absent:custom section .wmrec not found,0.060401,,True,"{""unmarked_binary_sha256"":""17288de5d8ffc83b2223ee650ec19f96fa9b779f3eb45b8e2433c730b7a1e3e2""}"
pilot_mutation,H01-gcd.c,bf207a4afdd7e623be4bd0751bdc1917c0ee550af0f38c0531b25bb726d1710c,section,M18,stale_binary,state,MR04,Wrong-key rejection,reject,True,False,rejected:wrong-key:key tag mismatch,0.071275,,True,"{""antecedent_guarded"":true,""antecedent_hex"":""4d6f7270682d3031""}"
pilot_mutation,H01-gcd.c,bf207a4afdd7e623be4bd0751bdc1917c0ee550af0f38c0531b25bb726d1710c,section,M18,stale_binary,state,MR05,Payload separation,separate,False,True,first=b'Morph-01';second=b'Morph-01',0.059812,,True,"{""first_hex"":""4d6f7270682d3031"",""second_hex"":""4d6f7270682d3031""}"
pilot_mutation,H01-gcd.c,bf207a4afdd7e623be4bd0751bdc1917c0ee550af0f38c0531b25bb726d1710c,section,M18,stale_binary,state,MR06,Cross-compiler invariance,preserve,True,False,"payloads=b'Morph-01',b'Morph-01';semantic_equal=True",0.10965,,True,"{""clang_actual"":""gcc"",""gcc_actual"":""gcc""}"
pilot_mutation,H01-gcd.c,bf207a4afdd7e623be4bd0751bdc1917c0ee550af0f38c0531b25bb726d1710c,section,M18,stale_binary,state,MR07,Optimization invariance,preserve,True,False,"payloads=['Morph-01', 'Morph-01', 'Morph-01'];semantic_equal=True",0.108293,,True,{}
pilot_mutation,H01-gcd.c,bf207a4afdd7e623be4bd0751bdc1917c0ee550af0f38c0531b25bb726d1710c,section,M18,stale_binary,state,MR08,Clean-room relocation,preserve,True,False,relocated=b'Morph-01',0.052775,,True,"{""clean_room_entries"":[""renamed-artifact.bin""],""relocated_hex"":""4d6f7270682d3031""}"
pilot_mutation,H01-gcd.c,bf207a4afdd7e623be4bd0751bdc1917c0ee550af0f38c0531b25bb726d1710c,section,M18,stale_binary,state,MR09,Carrier-removal rejection,reject,True,False,rejected:absent:custom section .wmrec not found,0.07748,,True,"{""antecedent_guarded"":true}"
pilot_mutation,H01-gcd.c,bf207a4afdd7e623be4bd0751bdc1917c0ee550af0f38c0531b25bb726d1710c,section,M18,stale_binary,state,MR10,Carrier-corruption rejection,reject,False,True,corruption accepted:accepted:b'Morph-01',0.074864,,True,"{""antecedent_guarded"":true}"
pilot_mutation,H01-gcd.c,bf207a4afdd7e623be4bd0751bdc1917c0ee550af0f38c0531b25bb726d1710c,section,M18,stale_binary,state,MR11,Requested/actual trace agreement,trace,True,False,requested=clang/Os;actual=clang/Os,0.07616,,True,"{""build"":{""actual_compiler"":""clang"",""actual_optimization"":""Os"",""binary"":""WORKDIR/section/M18/MR11/trace/build-01/artifact.bin"",""binary_sha256"":""d5d8525397dedc90fa4792ce87b67efca4a48048626cb76d2fe61da67d4f779a"",""carrier"":""section"",""command"":[""clang"",""-std=c11"",""-fno-ident"",""-no-pie"",""-Os"",""WORKDIR/section/M18/MR11/trace/build-01/host.c"",""-o"",""WORKDIR/section/M18/MR11/trace/build-01/artifact.bin""],""effective_payload_hex"":""4d6f7270682d3031"",""key"":""key-alpha"",""mutant_id"":""M18"",""requested_compiler"":""clang"",""requested_optimization"":""Os"",""requested_payload_hex"":""4d6f7270682d3031"",""return_code"":0,""source"":""WORKDIR/section/M18/MR11/trace/build-01/host.c"",""source_sha256"":""bf207a4afdd7e623be4bd0751bdc1917c0ee550af0f38c0531b25bb726d1710c"",""stderr"":""""}}"
pilot_mutation,H01-gcd.c,bf207a4afdd7e623be4bd0751bdc1917c0ee550af0f38c0531b25bb726d1710c,section,M18,stale_binary,state,MR12,Interleaved artifact isolation,separate,False,True,first=b'Morph-01';second=b'Morph-01',0.080673,,True,{}
pilot_mutation,H01-gcd.c,bf207a4afdd7e623be4bd0751bdc1917c0ee550af0f38c0531b25bb726d1710c,section,M18,stale_binary,state,MR13,Reordered extraction independence,preserve,True,False,before=b'Morph-01';after=b'Morph-01',0.061884,,True,{}
pilot_mutation,H01-gcd.c,bf207a4afdd7e623be4bd0751bdc1917c0ee550af0f38c0531b25bb726d1710c,section,M18,stale_binary,state,MR14,Rebuild stability,preserve,True,False,first=b'Morph-01';second=b'Morph-01',0.052819,,True,"{""binary_bytes_equal"":true}"
pilot_mutation,H01-gcd.c,bf207a4afdd7e623be4bd0751bdc1917c0ee550af0f38c0531b25bb726d1710c,section,M19,extractor_prefix,extraction,MR01,Round-trip fidelity,preserve,False,True,extracted=b'Morph-0',0.061954,,True,"{""build"":{""actual_compiler"":""gcc"",""actual_optimization"":""O2"",""binary"":""WORKDIR/section/M19/MR01/marked/build-01/artifact.bin"",""binary_sha256"":""63cbeff2b0785d492761ce367639a8bbc8e94ddb2cfe720778f8bd6177d67b85"",""carrier"":""section"",""command"":[""gcc"",""-std=c11"",""-fno-ident"",""-no-pie"",""-O2"",""WORKDIR/section/M19/MR01/marked/build-01/host.c"",""-o"",""WORKDIR/section/M19/MR01/marked/build-01/artifact.bin""],""effective_payload_hex"":""4d6f7270682d3031"",""key"":""key-alpha"",""mutant_id"":""M19"",""requested_compiler"":""gcc"",""requested_optimization"":""O2"",""requested_payload_hex"":""4d6f7270682d3031"",""return_code"":0,""source"":""WORKDIR/section/M19/MR01/marked/build-01/host.c"",""source_sha256"":""bf207a4afdd7e623be4bd0751bdc1917c0ee550af0f38c0531b25bb726d1710c"",""stderr"":""""},""extracted_hex"":""4d6f7270682d30""}"
pilot_mutation,H01-gcd.c,bf207a4afdd7e623be4bd0751bdc1917c0ee550af0f38c0531b25bb726d1710c,section,M19,extractor_prefix,extraction,MR02,Host-semantic preservation,preserve,True,False,mismatch_count=0,0.134559,,True,"{""mismatches"":[]}"
pilot_mutation,H01-gcd.c,bf207a4afdd7e623be4bd0751bdc1917c0ee550af0f38c0531b25bb726d1710c,section,M19,extractor_prefix,extraction,MR03,Unmarked rejection,reject,True,False,rejected:absent:custom section .wmrec not found,0.046223,,True,"{""unmarked_binary_sha256"":""17288de5d8ffc83b2223ee650ec19f96fa9b779f3eb45b8e2433c730b7a1e3e2""}"
pilot_mutation,H01-gcd.c,bf207a4afdd7e623be4bd0751bdc1917c0ee550af0f38c0531b25bb726d1710c,section,M19,extractor_prefix,extraction,MR04,Wrong-key rejection,reject,True,False,rejected:wrong-key:key tag mismatch,0.077864,,True,"{""antecedent_guarded"":true,""antecedent_hex"":""4d6f7270682d3031""}"
pilot_mutation,H01-gcd.c,bf207a4afdd7e623be4bd0751bdc1917c0ee550af0f38c0531b25bb726d1710c,section,M19,extractor_prefix,extraction,MR05,Payload separation,separate,False,True,first=b'Morph-0';second=b'Second-',0.173147,,True,"{""first_hex"":""4d6f7270682d30"",""second_hex"":""5365636f6e642d""}"
pilot_mutation,H01-gcd.c,bf207a4afdd7e623be4bd0751bdc1917c0ee550af0f38c0531b25bb726d1710c,section,M19,extractor_prefix,extraction,MR06,Cross-compiler invariance,preserve,False,True,"payloads=b'Morph-0',b'Morph-0';semantic_equal=True",0.179113,,True,"{""clang_actual"":""clang"",""gcc_actual"":""gcc""}"
pilot_mutation,H01-gcd.c,bf207a4afdd7e623be4bd0751bdc1917c0ee550af0f38c0531b25bb726d1710c,section,M19,extractor_prefix,extraction,MR07,Optimization invariance,preserve,False,True,"payloads=['Morph-0', 'Morph-0', 'Morph-0'];semantic_equal=True",0.246343,,True,{}
pilot_mutation,H01-gcd.c,bf207a4afdd7e623be4bd0751bdc1917c0ee550af0f38c0531b25bb726d1710c,section,M19,extractor_prefix,extraction,MR08,Clean-room relocation,preserve,False,True,source_mismatch=b'Morph-0',0.089756,,True,"{""source_hex"":""4d6f7270682d30""}"
pilot_mutation,H01-gcd.c,bf207a4afdd7e623be4bd0751bdc1917c0ee550af0f38c0531b25bb726d1710c,section,M19,extractor_prefix,extraction,MR09,Carrier-removal rejection,reject,True,False,rejected:absent:custom section .wmrec not found,0.071442,,True,"{""antecedent_guarded"":true}"
pilot_mutation,H01-gcd.c,bf207a4afdd7e623be4bd0751bdc1917c0ee550af0f38c0531b25bb726d1710c,section,M19,extractor_prefix,extraction,MR10,Carrier-corruption rejection,reject,True,False,rejected:checksum:payload checksum mismatch,0.076594,,True,"{""antecedent_guarded"":true}"
pilot_mutation,H01-gcd.c,bf207a4afdd7e623be4bd0751bdc1917c0ee550af0f38c0531b25bb726d1710c,section,M19,extractor_prefix,extraction,MR11,Requested/actual trace agreement,trace,True,False,requested=clang/Os;actual=clang/Os,0.069189,,True,"{""build"":{""actual_compiler"":""clang"",""actual_optimization"":""Os"",""binary"":""WORKDIR/section/M19/MR11/trace/build-01/artifact.bin"",""binary_sha256"":""d5d8525397dedc90fa4792ce87b67efca4a48048626cb76d2fe61da67d4f779a"",""carrier"":""section"",""command"":[""clang"",""-std=c11"",""-fno-ident"",""-no-pie"",""-Os"",""WORKDIR/section/M19/MR11/trace/build-01/host.c"",""-o"",""WORKDIR/section/M19/MR11/trace/build-01/artifact.bin""],""effective_payload_hex"":""4d6f7270682d3031"",""key"":""key-alpha"",""mutant_id"":""M19"",""requested_compiler"":""clang"",""requested_optimization"":""Os"",""requested_payload_hex"":""4d6f7270682d3031"",""return_code"":0,""source"":""WORKDIR/section/M19/MR11/trace/build-01/host.c"",""source_sha256"":""bf207a4afdd7e623be4bd0751bdc1917c0ee550af0f38c0531b25bb726d1710c"",""stderr"":""""}}"
pilot_mutation,H01-gcd.c,bf207a4afdd7e623be4bd0751bdc1917c0ee550af0f38c0531b25bb726d1710c,section,M19,extractor_prefix,extraction,MR12,Interleaved artifact isolation,separate,False,True,first=b'Morph-0';second=b'Second-',0.119485,,True,{}
pilot_mutation,H01-gcd.c,bf207a4afdd7e623be4bd0751bdc1917c0ee550af0f38c0531b25bb726d1710c,section,M19,extractor_prefix,extraction,MR13,Reordered extraction independence,preserve,False,True,before=b'Morph-0';after=b'Morph-0',0.112298,,True,{}
pilot_mutation,H01-gcd.c,bf207a4afdd7e623be4bd0751bdc1917c0ee550af0f38c0531b25bb726d1710c,section,M19,extractor_prefix,extraction,MR14,Rebuild stability,preserve,False,True,first=b'Morph-0';second=b'Morph-0',0.12377,,True,"{""binary_bytes_equal"":true}"
pilot_mutation,H01-gcd.c,bf207a4afdd7e623be4bd0751bdc1917c0ee550af0f38c0531b25bb726d1710c,section,M20,interleaved_collision,isolation,MR01,Round-trip fidelity,preserve,True,False,extracted=b'Morph-01',0.071197,,True,"{""build"":{""actual_compiler"":""gcc"",""actual_optimization"":""O2"",""binary"":""WORKDIR/section/M20/MR01/marked/build-01/artifact.bin"",""binary_sha256"":""63cbeff2b0785d492761ce367639a8bbc8e94ddb2cfe720778f8bd6177d67b85"",""carrier"":""section"",""command"":[""gcc"",""-std=c11"",""-fno-ident"",""-no-pie"",""-O2"",""WORKDIR/section/M20/MR01/marked/build-01/host.c"",""-o"",""WORKDIR/section/M20/MR01/marked/build-01/artifact.bin""],""effective_payload_hex"":""4d6f7270682d3031"",""key"":""key-alpha"",""mutant_id"":""M20"",""requested_compiler"":""gcc"",""requested_optimization"":""O2"",""requested_payload_hex"":""4d6f7270682d3031"",""return_code"":0,""source"":""WORKDIR/section/M20/MR01/marked/build-01/host.c"",""source_sha256"":""bf207a4afdd7e623be4bd0751bdc1917c0ee550af0f38c0531b25bb726d1710c"",""stderr"":""""},""extracted_hex"":""4d6f7270682d3031""}"
pilot_mutation,H01-gcd.c,bf207a4afdd7e623be4bd0751bdc1917c0ee550af0f38c0531b25bb726d1710c,section,M20,interleaved_collision,isolation,MR02,Host-semantic preservation,preserve,True,False,mismatch_count=0,0.167464,,True,"{""mismatches"":[]}"
pilot_mutation,H01-gcd.c,bf207a4afdd7e623be4bd0751bdc1917c0ee550af0f38c0531b25bb726d1710c,section,M20,interleaved_collision,isolation,MR03,Unmarked rejection,reject,True,False,rejected:absent:custom section .wmrec not found,0.037491,,True,"{""unmarked_binary_sha256"":""17288de5d8ffc83b2223ee650ec19f96fa9b779f3eb45b8e2433c730b7a1e3e2""}"
pilot_mutation,H01-gcd.c,bf207a4afdd7e623be4bd0751bdc1917c0ee550af0f38c0531b25bb726d1710c,section,M20,interleaved_collision,isolation,MR04,Wrong-key rejection,reject,True,False,rejected:wrong-key:global payload slot key mismatch,0.051226,,True,"{""antecedent_guarded"":true,""antecedent_hex"":""4d6f7270682d3031""}"
pilot_mutation,H01-gcd.c,bf207a4afdd7e623be4bd0751bdc1917c0ee550af0f38c0531b25bb726d1710c,section,M20,interleaved_collision,isolation,MR05,Payload separation,separate,False,True,first=b'Second-2';second=b'Second-2',0.128712,,True,"{""first_hex"":""5365636f6e642d32"",""second_hex"":""5365636f6e642d32""}"
pilot_mutation,H01-gcd.c,bf207a4afdd7e623be4bd0751bdc1917c0ee550af0f38c0531b25bb726d1710c,section,M20,interleaved_collision,isolation,MR06,Cross-compiler invariance,preserve,True,False,"payloads=b'Morph-01',b'Morph-01';semantic_equal=True",0.127713,,True,"{""clang_actual"":""clang"",""gcc_actual"":""gcc""}"
pilot_mutation,H01-gcd.c,bf207a4afdd7e623be4bd0751bdc1917c0ee550af0f38c0531b25bb726d1710c,section,M20,interleaved_collision,isolation,MR07,Optimization invariance,preserve,True,False,"payloads=['Morph-01', 'Morph-01', 'Morph-01'];semantic_equal=True",0.175257,,True,{}
pilot_mutation,H01-gcd.c,bf207a4afdd7e623be4bd0751bdc1917c0ee550af0f38c0531b25bb726d1710c,section,M20,interleaved_collision,isolation,MR08,Clean-room relocation,preserve,True,False,relocated=b'Morph-01',0.071662,,True,"{""clean_room_entries"":[""renamed-artifact.bin""],""relocated_hex"":""4d6f7270682d3031""}"
pilot_mutation,H01-gcd.c,bf207a4afdd7e623be4bd0751bdc1917c0ee550af0f38c0531b25bb726d1710c,section,M20,interleaved_collision,isolation,MR09,Carrier-removal rejection,reject,False,True,spurious robustness:accepted:b'Morph-01',0.095315,,True,"{""antecedent_guarded"":true}"
pilot_mutation,H01-gcd.c,bf207a4afdd7e623be4bd0751bdc1917c0ee550af0f38c0531b25bb726d1710c,section,M20,interleaved_collision,isolation,MR10,Carrier-corruption rejection,reject,False,True,corruption accepted:accepted:b'Morph-01',0.066529,,True,"{""antecedent_guarded"":true}"
pilot_mutation,H01-gcd.c,bf207a4afdd7e623be4bd0751bdc1917c0ee550af0f38c0531b25bb726d1710c,section,M20,interleaved_collision,isolation,MR11,Requested/actual trace agreement,trace,True,False,requested=clang/Os;actual=clang/Os,0.080778,,True,"{""build"":{""actual_compiler"":""clang"",""actual_optimization"":""Os"",""binary"":""WORKDIR/section/M20/MR11/trace/build-01/artifact.bin"",""binary_sha256"":""d5d8525397dedc90fa4792ce87b67efca4a48048626cb76d2fe61da67d4f779a"",""carrier"":""section"",""command"":[""clang"",""-std=c11"",""-fno-ident"",""-no-pie"",""-Os"",""WORKDIR/section/M20/MR11/trace/build-01/host.c"",""-o"",""WORKDIR/section/M20/MR11/trace/build-01/artifact.bin""],""effective_payload_hex"":""4d6f7270682d3031"",""key"":""key-alpha"",""mutant_id"":""M20"",""requested_compiler"":""clang"",""requested_optimization"":""Os"",""requested_payload_hex"":""4d6f7270682d3031"",""return_code"":0,""source"":""WORKDIR/section/M20/MR11/trace/build-01/host.c"",""source_sha256"":""bf207a4afdd7e623be4bd0751bdc1917c0ee550af0f38c0531b25bb726d1710c"",""stderr"":""""}}"
pilot_mutation,H01-gcd.c,bf207a4afdd7e623be4bd0751bdc1917c0ee550af0f38c0531b25bb726d1710c,section,M20,interleaved_collision,isolation,MR12,Interleaved artifact isolation,separate,False,True,first=b'Second-2';second=b'Second-2',0.092259,,True,{}
pilot_mutation,H01-gcd.c,bf207a4afdd7e623be4bd0751bdc1917c0ee550af0f38c0531b25bb726d1710c,section,M20,interleaved_collision,isolation,MR13,Reordered extraction independence,preserve,False,True,exception:ExtractionError:global payload slot key mismatch,0.095163,ExtractionError,True,{}
pilot_mutation,H01-gcd.c,bf207a4afdd7e623be4bd0751bdc1917c0ee550af0f38c0531b25bb726d1710c,section,M20,interleaved_collision,isolation,MR14,Rebuild stability,preserve,True,False,first=b'Morph-01';second=b'Morph-01',0.08054,,True,"{""binary_bytes_equal"":true}"
