replicate,suite_size,out_of_bag_units,exposed,sensitivity,selected_relations
0,9,20,20,1.0,MR13 MR10 MR02 MR11 MR12 MR06 MR04 MR07 MR14
1,9,24,23,0.9583333333333334,MR13 MR10 MR11 MR02 MR14 MR04 MR07 MR06 MR12
2,8,26,22,0.8461538461538461,MR13 MR10 MR02 MR12 MR06 MR11 MR04 MR07
3,9,24,23,0.9583333333333334,MR13 MR10 MR02 MR11 MR06 MR04 MR12 MR14 MR07
4,9,23,22,0.9565217391304348,MR13 MR10 MR11 MR02 MR04 MR06 MR12 MR14 MR07
5,9,23,19,0.8260869565217391,MR05 MR10 MR11 MR02 MR12 MR04 MR14 MR06 MR07
6,9,25,24,0.96,MR12 MR10 MR02 MR06 MR11 MR04 MR13 MR14 MR07
7,9,24,23,0.9583333333333334,MR13 MR10 MR02 MR07 MR11 MR14 MR04 MR12 MR06
8,9,20,19,0.95,MR13 MR10 MR11 MR02 MR04 MR07 MR12 MR06 MR14
9,8,24,20,0.8333333333333334,MR13 MR10 MR11 MR02 MR06 MR14 MR04 MR12
10,8,26,23,0.8846153846153846,MR13 MR10 MR02 MR07 MR14 MR06 MR04 MR11
11,9,24,22,0.9166666666666666,MR12 MR10 MR02 MR06 MR11 MR04 MR13 MR07 MR14
12,9,20,20,1.0,MR13 MR10 MR02 MR11 MR14 MR06 MR04 MR07 MR12
13,9,23,20,0.8695652173913043,MR05 MR10 MR02 MR11 MR07 MR04 MR06 MR12 MR14
14,9,27,26,0.9629629629629629,MR12 MR10 MR02 MR11 MR06 MR13 MR14 MR04 MR07
15,8,26,22,0.8461538461538461,MR13 MR10 MR11 MR02 MR12 MR04 MR06 MR07
16,9,28,26,0.9285714285714286,MR13 MR10 MR11 MR02 MR12 MR04 MR06 MR07 MR14
17,9,26,25,0.9615384615384616,MR13 MR10 MR02 MR11 MR06 MR04 MR07 MR12 MR14
18,9,21,20,0.9523809523809523,MR13 MR10 MR02 MR11 MR06 MR14 MR04 MR12 MR07
19,9,23,22,0.9565217391304348,MR13 MR10 MR11 MR02 MR04 MR07 MR14 MR06 MR12
20,9,22,21,0.9545454545454546,MR13 MR10 MR11 MR02 MR04 MR14 MR06 MR07 MR12
21,9,25,23,0.92,MR13 MR10 MR02 MR06 MR07 MR11 MR04 MR12 MR14
22,7,28,21,0.75,MR13 MR10 MR11 MR02 MR04 MR07 MR06
23,9,21,20,0.9523809523809523,MR13 MR10 MR11 MR02 MR14 MR04 MR06 MR07 MR12
24,9,24,22,0.9166666666666666,MR13 MR10 MR11 MR02 MR14 MR04 MR12 MR06 MR07
25,9,28,27,0.9642857142857143,MR13 MR10 MR02 MR11 MR07 MR12 MR14 MR04 MR06
26,9,25,24,0.96,MR13 MR10 MR02 MR06 MR07 MR11 MR04 MR12 MR14
27,9,28,27,0.9642857142857143,MR12 MR10 MR11 MR02 MR13 MR04 MR06 MR14 MR07
28,9,23,22,0.9565217391304348,MR13 MR10 MR11 MR02 MR06 MR14 MR04 MR07 MR12
29,8,22,19,0.8636363636363636,MR13 MR10 MR11 MR02 MR04 MR07 MR14 MR12
30,9,26,26,1.0,MR13 MR10 MR02 MR12 MR06 MR07 MR04 MR11 MR14
31,8,22,18,0.8181818181818182,MR12 MR10 MR11 MR02 MR06 MR04 MR13 MR14
32,9,24,23,0.9583333333333334,MR12 MR10 MR11 MR02 MR13 MR04 MR14 MR06 MR07
33,9,23,23,1.0,MR13 MR10 MR02 MR11 MR06 MR12 MR04 MR14 MR07
34,9,25,24,0.96,MR12 MR10 MR11 MR02 MR07 MR04 MR13 MR14 MR06
35,8,27,23,0.8518518518518519,MR13 MR10 MR11 MR02 MR04 MR07 MR12 MR14
36,9,22,21,0.9545454545454546,MR13 MR10 MR11 MR02 MR07 MR04 MR06 MR12 MR14
37,9,27,26,0.9629629629629629,MR13 MR10 MR02 MR11 MR06 MR04 MR07 MR12 MR14
38,9,28,24,0.8571428571428571,MR12 MR10 MR02 MR11 MR14 MR04 MR05 MR06 MR07
39,9,24,20,0.8333333333333334,MR12 MR10 MR02 MR06 MR14 MR04 MR05 MR07 MR11
40,9,27,26,0.9629629629629629,MR12 MR10 MR11 MR02 MR13 MR04 MR14 MR07 MR06
41,9,25,24,0.96,MR13 MR10 MR02 MR11 MR07 MR14 MR04 MR06 MR12
42,9,29,28,0.9655172413793104,MR13 MR10 MR02 MR11 MR06 MR12 MR04 MR07 MR14
43,9,24,23,0.9583333333333334,MR13 MR10 MR02 MR11 MR07 MR04 MR12 MR06 MR14
44,8,27,24,0.8888888888888888,MR13 MR10 MR02 MR11 MR04 MR06 MR07 MR12
45,9,23,23,1.0,MR13 MR10 MR02 MR11 MR06 MR14 MR04 MR12 MR07
46,9,20,19,0.95,MR13 MR10 MR02 MR11 MR06 MR04 MR07 MR12 MR14
47,9,24,24,1.0,MR13 MR10 MR02 MR06 MR11 MR04 MR12 MR14 MR07
48,9,23,21,0.9130434782608695,MR13 MR10 MR02 MR06 MR11 MR04 MR12 MR07 MR14
49,8,25,20,0.8,MR13 MR10 MR02 MR06 MR11 MR14 MR04 MR07
50,8,24,20,0.8333333333333334,MR13 MR10 MR02 MR11 MR14 MR06 MR04 MR07
51,9,20,20,1.0,MR13 MR10 MR02 MR07 MR11 MR04 MR06 MR12 MR14
52,9,19,18,0.9473684210526315,MR13 MR10 MR02 MR07 MR11 MR12 MR04 MR06 MR14
53,9,26,24,0.9230769230769231,MR12 MR10 MR02 MR11 MR06 MR13 MR04 MR07 MR14
54,9,27,26,0.9629629629629629,MR13 MR10 MR11 MR02 MR04 MR07 MR12 MR06 MR14
55,9,20,20,1.0,MR13 MR10 MR02 MR06 MR11 MR04 MR07 MR14 MR12
56,9,27,26,0.9629629629629629,MR13 MR10 MR11 MR02 MR12 MR04 MR14 MR06 MR07
57,9,28,27,0.9642857142857143,MR13 MR10 MR02 MR11 MR07 MR04 MR12 MR06 MR14
58,9,19,18,0.9473684210526315,MR13 MR10 MR02 MR06 MR04 MR07 MR11 MR12 MR14
59,9,25,24,0.96,MR12 MR10 MR02 MR06 MR11 MR13 MR04 MR07 MR14
60,9,21,21,1.0,MR13 MR10 MR02 MR06 MR11 MR04 MR07 MR12 MR14
61,9,24,22,0.9166666666666666,MR13 MR10 MR02 MR06 MR07 MR04 MR14 MR11 MR12
62,9,23,22,0.9565217391304348,MR13 MR10 MR11 MR02 MR14 MR04 MR07 MR06 MR12
63,9,32,31,0.96875,MR13 MR10 MR02 MR11 MR07 MR14 MR04 MR06 MR12
64,9,23,22,0.9565217391304348,MR13 MR10 MR02 MR06 MR11 MR04 MR07 MR14 MR12
65,9,24,24,1.0,MR12 MR10 MR02 MR07 MR04 MR06 MR11 MR13 MR14
66,8,25,21,0.84,MR13 MR10 MR02 MR07 MR14 MR06 MR04 MR11
67,8,25,21,0.84,MR13 MR10 MR11 MR02 MR06 MR14 MR04 MR12
68,9,27,26,0.9629629629629629,MR13 MR10 MR02 MR06 MR11 MR14 MR04 MR12 MR07
69,9,26,25,0.9615384615384616,MR13 MR10 MR11 MR02 MR04 MR07 MR12 MR14 MR06
70,8,23,19,0.8260869565217391,MR13 MR10 MR02 MR11 MR12 MR04 MR06 MR07
71,9,25,25,1.0,MR13 MR10 MR02 MR06 MR14 MR04 MR07 MR11 MR12
72,8,28,24,0.8571428571428571,MR13 MR10 MR07 MR02 MR11 MR04 MR12 MR14
73,9,24,23,0.9583333333333334,MR12 MR10 MR02 MR06 MR11 MR04 MR13 MR07 MR14
74,9,24,24,1.0,MR13 MR10 MR11 MR02 MR04 MR14 MR12 MR06 MR07
75,9,24,23,0.9583333333333334,MR13 MR10 MR02 MR07 MR11 MR04 MR12 MR14 MR06
76,9,25,23,0.92,MR13 MR10 MR02 MR11 MR04 MR06 MR07 MR12 MR14
77,9,28,27,0.9642857142857143,MR13 MR10 MR11 MR02 MR04 MR07 MR06 MR14 MR12
78,9,25,24,0.96,MR13 MR10 MR02 MR06 MR11 MR12 MR14 MR04 MR07
79,9,23,22,0.9565217391304348,MR13 MR10 MR02 MR11 MR07 MR04 MR06 MR12 MR14
80,9,25,24,0.96,MR13 MR10 MR11 MR02 MR04 MR07 MR12 MR14 MR06
81,9,24,22,0.9166666666666666,MR13 MR10 MR11 MR02 MR04 MR07 MR12 MR14 MR06
82,9,20,20,1.0,MR13 MR10 MR02 MR11 MR07 MR14 MR04 MR06 MR12
83,9,23,22,0.9565217391304348,MR13 MR10 MR02 MR06 MR11 MR12 MR04 MR07 MR14
84,8,25,21,0.84,MR12 MR10 MR11 MR02 MR06 MR04 MR14 MR13
85,9,25,24,0.96,MR13 MR10 MR02 MR07 MR11 MR04 MR06 MR12 MR14
86,9,24,23,0.9583333333333334,MR12 MR10 MR02 MR11 MR06 MR13 MR14 MR04 MR07
87,9,25,24,0.96,MR12 MR10 MR02 MR06 MR11 MR13 MR14 MR04 MR07
88,9,22,21,0.9545454545454546,MR13 MR10 MR02 MR11 MR14 MR04 MR06 MR07 MR12
89,9,21,20,0.9523809523809523,MR13 MR10 MR02 MR11 MR06 MR12 MR04 MR14 MR07
90,9,21,20,0.9523809523809523,MR12 MR10 MR11 MR02 MR14 MR04 MR07 MR13 MR06
91,9,22,21,0.9545454545454546,MR13 MR10 MR11 MR02 MR14 MR04 MR06 MR12 MR07
92,9,28,27,0.9642857142857143,MR12 MR10 MR11 MR02 MR13 MR04 MR07 MR06 MR14
93,9,22,21,0.9545454545454546,MR13 MR10 MR02 MR11 MR07 MR04 MR12 MR14 MR06
94,9,24,23,0.9583333333333334,MR13 MR10 MR11 MR02 MR14 MR06 MR04 MR12 MR07
95,9,22,22,1.0,MR13 MR10 MR02 MR07 MR14 MR06 MR04 MR11 MR12
96,9,23,23,1.0,MR13 MR10 MR11 MR02 MR14 MR04 MR12 MR06 MR07
97,9,28,26,0.9285714285714286,MR13 MR10 MR11 MR02 MR06 MR12 MR04 MR07 MR14
98,9,26,26,1.0,MR12 MR10 MR02 MR11 MR06 MR14 MR04 MR13 MR07
99,9,23,22,0.9565217391304348,MR12 MR10 MR02 MR07 MR11 MR13 MR14 MR04 MR06
100,9,20,20,1.0,MR13 MR10 MR11 MR02 MR14 MR04 MR07 MR12 MR06
101,9,21,21,1.0,MR13 MR10 MR02 MR11 MR07 MR04 MR14 MR06 MR12
102,9,22,21,0.9545454545454546,MR13 MR10 MR14 MR02 MR11 MR07 MR04 MR06 MR12
103,9,24,23,0.9583333333333334,MR12 MR10 MR11 MR02 MR04 MR07 MR14 MR06 MR13
104,9,26,25,0.9615384615384616,MR13 MR10 MR02 MR07 MR06 MR04 MR11 MR12 MR14
105,9,24,23,0.9583333333333334,MR13 MR10 MR02 MR07 MR11 MR04 MR14 MR06 MR12
106,9,26,24,0.9230769230769231,MR13 MR10 MR11 MR02 MR14 MR04 MR06 MR12 MR07
107,9,26,25,0.9615384615384616,MR12 MR10 MR11 MR02 MR07 MR04 MR13 MR06 MR14
108,8,26,23,0.8846153846153846,MR06 MR10 MR14 MR02 MR13 MR04 MR11 MR12
109,9,25,24,0.96,MR13 MR10 MR06 MR02 MR11 MR04 MR12 MR14 MR07
110,9,21,20,0.9523809523809523,MR13 MR10 MR11 MR02 MR04 MR07 MR14 MR06 MR12
111,9,24,24,1.0,MR12 MR10 MR02 MR07 MR14 MR04 MR06 MR11 MR13
112,9,23,22,0.9565217391304348,MR13 MR10 MR11 MR02 MR12 MR04 MR06 MR14 MR07
113,9,20,19,0.95,MR13 MR10 MR11 MR02 MR04 MR14 MR07 MR12 MR06
114,9,22,22,1.0,MR13 MR10 MR02 MR11 MR04 MR06 MR07 MR12 MR14
115,9,24,24,1.0,MR13 MR10 MR11 MR02 MR14 MR06 MR04 MR07 MR12
116,9,25,24,0.96,MR13 MR10 MR02 MR06 MR11 MR04 MR07 MR14 MR12
117,9,23,22,0.9565217391304348,MR13 MR10 MR02 MR11 MR06 MR04 MR12 MR07 MR14
118,9,29,24,0.8275862068965517,MR05 MR10 MR02 MR11 MR07 MR14 MR04 MR06 MR12
119,9,26,25,0.9615384615384616,MR13 MR10 MR11 MR02 MR14 MR06 MR04 MR12 MR07
120,9,30,29,0.9666666666666667,MR14 MR10 MR02 MR11 MR13 MR06 MR04 MR07 MR12
121,9,28,27,0.9642857142857143,MR13 MR10 MR02 MR11 MR06 MR12 MR04 MR14 MR07
122,9,20,19,0.95,MR13 MR10 MR02 MR06 MR07 MR11 MR04 MR12 MR14
123,9,22,21,0.9545454545454546,MR13 MR10 MR06 MR02 MR11 MR04 MR12 MR14 MR07
124,9,21,20,0.9523809523809523,MR13 MR10 MR02 MR07 MR11 MR12 MR14 MR04 MR06
125,9,26,25,0.9615384615384616,MR13 MR10 MR02 MR11 MR14 MR04 MR06 MR07 MR12
126,9,20,19,0.95,MR13 MR10 MR11 MR02 MR14 MR04 MR06 MR07 MR12
127,9,20,19,0.95,MR13 MR10 MR02 MR11 MR07 MR04 MR14 MR06 MR12
128,9,25,24,0.96,MR13 MR10 MR11 MR02 MR07 MR04 MR12 MR06 MR14
129,8,24,20,0.8333333333333334,MR14 MR10 MR11 MR02 MR13 MR04 MR06 MR07
130,9,27,25,0.9259259259259259,MR12 MR10 MR11 MR02 MR13 MR14 MR04 MR06 MR07
131,9,25,24,0.96,MR13 MR10 MR11 MR02 MR04 MR07 MR14 MR06 MR12
132,9,22,20,0.9090909090909091,MR13 MR10 MR02 MR11 MR14 MR06 MR04 MR12 MR07
133,8,24,20,0.8333333333333334,MR13 MR10 MR11 MR02 MR14 MR04 MR12 MR06
134,9,22,22,1.0,MR12 MR10 MR02 MR11 MR07 MR13 MR04 MR14 MR06
135,9,28,27,0.9642857142857143,MR12 MR10 MR11 MR02 MR13 MR14 MR04 MR07 MR06
136,9,20,19,0.95,MR13 MR10 MR02 MR11 MR07 MR04 MR14 MR06 MR12
137,9,24,23,0.9583333333333334,MR13 MR10 MR06 MR02 MR14 MR04 MR11 MR07 MR12
138,8,28,25,0.8928571428571429,MR13 MR10 MR02 MR06 MR07 MR04 MR11 MR14
139,8,25,21,0.84,MR13 MR10 MR11 MR02 MR07 MR04 MR12 MR14
140,9,20,19,0.95,MR13 MR10 MR02 MR11 MR06 MR12 MR04 MR07 MR14
141,9,26,25,0.9615384615384616,MR13 MR10 MR02 MR07 MR06 MR04 MR11 MR12 MR14
142,9,23,23,1.0,MR13 MR10 MR11 MR02 MR04 MR07 MR12 MR14 MR06
143,9,22,21,0.9545454545454546,MR12 MR10 MR02 MR11 MR07 MR14 MR13 MR04 MR06
144,9,20,19,0.95,MR13 MR10 MR11 MR02 MR12 MR04 MR07 MR06 MR14
145,9,26,25,0.9615384615384616,MR13 MR10 MR02 MR11 MR06 MR04 MR12 MR07 MR14
146,9,21,21,1.0,MR13 MR10 MR02 MR11 MR06 MR12 MR04 MR14 MR07
147,9,19,18,0.9473684210526315,MR13 MR10 MR11 MR02 MR07 MR14 MR04 MR12 MR06
148,9,23,22,0.9565217391304348,MR12 MR10 MR02 MR11 MR14 MR04 MR06 MR07 MR13
149,9,27,26,0.9629629629629629,MR13 MR10 MR02 MR11 MR14 MR06 MR04 MR07 MR12
150,9,23,21,0.9130434782608695,MR13 MR10 MR11 MR02 MR12 MR04 MR07 MR06 MR14
151,9,17,16,0.9411764705882353,MR12 MR10 MR11 MR02 MR14 MR04 MR07 MR13 MR06
152,8,20,16,0.8,MR13 MR10 MR02 MR14 MR07 MR11 MR04 MR06
153,9,26,25,0.9615384615384616,MR13 MR10 MR02 MR06 MR11 MR04 MR12 MR14 MR07
154,8,24,20,0.8333333333333334,MR13 MR10 MR02 MR11 MR04 MR06 MR07 MR14
155,9,26,25,0.9615384615384616,MR13 MR10 MR02 MR11 MR06 MR04 MR07 MR12 MR14
156,9,25,23,0.92,MR12 MR10 MR02 MR06 MR11 MR04 MR13 MR07 MR14
157,9,28,27,0.9642857142857143,MR12 MR10 MR02 MR06 MR11 MR14 MR04 MR13 MR07
158,8,21,17,0.8095238095238095,MR13 MR10 MR11 MR02 MR12 MR04 MR06 MR14
159,9,23,23,1.0,MR13 MR10 MR02 MR07 MR11 MR04 MR12 MR06 MR14
160,9,24,22,0.9166666666666666,MR12 MR10 MR02 MR11 MR14 MR07 MR13 MR04 MR06
161,9,26,25,0.9615384615384616,MR13 MR10 MR02 MR11 MR06 MR14 MR04 MR07 MR12
162,9,27,26,0.9629629629629629,MR13 MR10 MR02 MR11 MR07 MR04 MR06 MR12 MR14
163,9,27,26,0.9629629629629629,MR13 MR10 MR06 MR02 MR11 MR04 MR12 MR14 MR07
164,8,24,17,0.7083333333333334,MR12 MR10 MR02 MR06 MR07 MR11 MR04 MR05
165,8,29,24,0.8275862068965517,MR12 MR10 MR11 MR02 MR13 MR14 MR04 MR06
166,8,31,25,0.8064516129032258,MR12 MR10 MR02 MR06 MR11 MR04 MR05 MR07
167,9,23,23,1.0,MR13 MR10 MR11 MR02 MR04 MR06 MR14 MR07 MR12
168,9,28,27,0.9642857142857143,MR13 MR10 MR07 MR02 MR04 MR11 MR06 MR12 MR14
169,9,21,21,1.0,MR13 MR10 MR02 MR06 MR11 MR14 MR04 MR07 MR12
170,9,25,24,0.96,MR13 MR10 MR02 MR11 MR14 MR04 MR06 MR07 MR12
171,9,26,24,0.9230769230769231,MR13 MR10 MR02 MR06 MR11 MR14 MR04 MR07 MR12
172,9,28,26,0.9285714285714286,MR13 MR10 MR02 MR11 MR14 MR12 MR04 MR06 MR07
173,9,20,20,1.0,MR13 MR10 MR11 MR02 MR06 MR04 MR14 MR12 MR07
174,9,24,23,0.9583333333333334,MR12 MR10 MR02 MR06 MR11 MR04 MR13 MR14 MR07
175,9,26,25,0.9615384615384616,MR12 MR10 MR11 MR02 MR14 MR04 MR06 MR07 MR13
176,9,24,23,0.9583333333333334,MR13 MR10 MR02 MR11 MR06 MR04 MR07 MR14 MR12
177,9,24,23,0.9583333333333334,MR13 MR10 MR02 MR11 MR07 MR04 MR06 MR12 MR14
178,9,25,25,1.0,MR12 MR10 MR02 MR06 MR07 MR11 MR13 MR04 MR14
179,8,24,19,0.7916666666666666,MR13 MR10 MR02 MR11 MR07 MR04 MR06 MR14
180,9,25,24,0.96,MR13 MR10 MR02 MR07 MR11 MR14 MR04 MR06 MR12
181,9,22,21,0.9545454545454546,MR13 MR10 MR02 MR06 MR11 MR14 MR04 MR07 MR12
182,8,26,22,0.8461538461538461,MR13 MR10 MR02 MR11 MR12 MR07 MR04 MR06
183,9,25,24,0.96,MR12 MR10 MR02 MR07 MR06 MR04 MR11 MR13 MR14
184,9,20,20,1.0,MR13 MR10 MR02 MR11 MR14 MR04 MR06 MR07 MR12
185,9,22,22,1.0,MR13 MR10 MR02 MR11 MR06 MR14 MR04 MR07 MR12
186,9,27,25,0.9259259259259259,MR13 MR10 MR11 MR02 MR06 MR04 MR07 MR12 MR14
187,9,27,26,0.9629629629629629,MR13 MR10 MR02 MR11 MR06 MR14 MR04 MR07 MR12
188,9,24,22,0.9166666666666666,MR12 MR10 MR11 MR02 MR14 MR13 MR04 MR07 MR06
189,9,28,26,0.9285714285714286,MR13 MR10 MR06 MR02 MR14 MR04 MR11 MR07 MR12
190,9,25,24,0.96,MR13 MR10 MR02 MR14 MR07 MR06 MR04 MR11 MR12
191,9,23,22,0.9565217391304348,MR13 MR10 MR11 MR02 MR06 MR04 MR14 MR07 MR12
192,9,23,22,0.9565217391304348,MR13 MR10 MR02 MR11 MR04 MR06 MR07 MR12 MR14
193,9,22,21,0.9545454545454546,MR12 MR10 MR02 MR11 MR07 MR04 MR06 MR13 MR14
194,9,23,22,0.9565217391304348,MR13 MR10 MR02 MR11 MR06 MR04 MR12 MR14 MR07
195,9,24,22,0.9166666666666666,MR13 MR10 MR11 MR02 MR06 MR04 MR12 MR14 MR07
196,9,22,21,0.9545454545454546,MR13 MR10 MR02 MR06 MR07 MR11 MR12 MR04 MR14
197,9,21,20,0.9523809523809523,MR13 MR10 MR02 MR07 MR11 MR12 MR14 MR04 MR06
198,8,28,24,0.8571428571428571,MR13 MR10 MR11 MR02 MR12 MR06 MR04 MR14
199,9,21,20,0.9523809523809523,MR13 MR10 MR02 MR07 MR11 MR04 MR12 MR14 MR06
200,8,24,20,0.8333333333333334,MR13 MR10 MR02 MR07 MR11 MR04 MR06 MR14
201,9,26,25,0.9615384615384616,MR13 MR10 MR02 MR11 MR06 MR04 MR07 MR14 MR12
202,9,26,26,1.0,MR12 MR10 MR11 MR02 MR13 MR04 MR06 MR14 MR07
203,9,17,17,1.0,MR13 MR10 MR02 MR11 MR07 MR04 MR12 MR06 MR14
204,9,25,24,0.96,MR06 MR10 MR02 MR11 MR12 MR13 MR04 MR14 MR07
205,9,23,21,0.9130434782608695,MR12 MR10 MR11 MR02 MR13 MR04 MR06 MR07 MR14
206,9,24,24,1.0,MR12 MR10 MR02 MR11 MR06 MR13 MR04 MR14 MR07
207,9,22,22,1.0,MR13 MR10 MR02 MR11 MR07 MR04 MR14 MR12 MR06
208,9,22,22,1.0,MR13 MR10 MR11 MR02 MR12 MR14 MR04 MR06 MR07
209,9,23,23,1.0,MR13 MR10 MR11 MR02 MR06 MR04 MR12 MR14 MR07
210,9,21,18,0.8571428571428571,MR12 MR10 MR02 MR06 MR11 MR04 MR07 MR14 MR05
211,9,23,22,0.9565217391304348,MR13 MR10 MR02 MR11 MR06 MR04 MR07 MR12 MR14
212,8,25,22,0.88,MR13 MR10 MR11 MR02 MR04 MR07 MR14 MR06
213,8,22,19,0.8636363636363636,MR12 MR10 MR07 MR02 MR11 MR04 MR13 MR14
214,9,24,22,0.9166666666666666,MR13 MR10 MR11 MR02 MR12 MR04 MR07 MR06 MR14
215,9,24,23,0.9583333333333334,MR13 MR10 MR11 MR02 MR12 MR04 MR07 MR06 MR14
216,9,20,19,0.95,MR13 MR10 MR11 MR02 MR14 MR04 MR07 MR06 MR12
217,9,22,22,1.0,MR12 MR10 MR02 MR14 MR07 MR11 MR04 MR06 MR13
218,9,23,23,1.0,MR13 MR10 MR02 MR06 MR11 MR04 MR07 MR12 MR14
219,9,27,25,0.9259259259259259,MR13 MR10 MR02 MR06 MR11 MR12 MR04 MR07 MR14
220,9,24,22,0.9166666666666666,MR13 MR10 MR02 MR11 MR04 MR06 MR07 MR14 MR12
221,9,19,19,1.0,MR13 MR10 MR11 MR02 MR12 MR04 MR14 MR07 MR06
222,9,27,27,1.0,MR13 MR10 MR02 MR06 MR11 MR14 MR04 MR07 MR12
223,9,27,25,0.9259259259259259,MR13 MR10 MR02 MR11 MR07 MR04 MR06 MR12 MR14
224,9,24,24,1.0,MR12 MR10 MR02 MR11 MR07 MR04 MR13 MR06 MR14
225,9,23,22,0.9565217391304348,MR12 MR10 MR02 MR13 MR11 MR06 MR04 MR07 MR14
226,9,21,20,0.9523809523809523,MR13 MR10 MR11 MR02 MR04 MR07 MR12 MR06 MR14
227,9,25,23,0.92,MR13 MR10 MR11 MR02 MR04 MR07 MR12 MR14 MR06
228,9,28,27,0.9642857142857143,MR12 MR10 MR02 MR11 MR06 MR13 MR04 MR07 MR14
229,8,24,20,0.8333333333333334,MR13 MR10 MR11 MR02 MR07 MR04 MR14 MR12
230,9,22,22,1.0,MR12 MR10 MR11 MR02 MR13 MR04 MR06 MR14 MR07
231,8,27,23,0.8518518518518519,MR13 MR10 MR11 MR02 MR14 MR04 MR06 MR12
232,9,23,18,0.782608695652174,MR05 MR10 MR02 MR06 MR11 MR04 MR12 MR14 MR07
233,9,28,27,0.9642857142857143,MR12 MR10 MR02 MR11 MR13 MR07 MR04 MR06 MR14
234,8,29,25,0.8620689655172413,MR12 MR10 MR11 MR02 MR14 MR13 MR04 MR07
235,9,21,20,0.9523809523809523,MR13 MR10 MR02 MR11 MR14 MR06 MR04 MR07 MR12
236,9,20,20,1.0,MR07 MR10 MR02 MR11 MR12 MR13 MR14 MR04 MR06
237,9,21,21,1.0,MR12 MR10 MR02 MR11 MR13 MR04 MR06 MR07 MR14
238,8,23,19,0.8260869565217391,MR13 MR10 MR02 MR11 MR07 MR14 MR04 MR06
239,9,16,15,0.9375,MR13 MR10 MR11 MR02 MR04 MR06 MR14 MR07 MR12
240,9,27,26,0.9629629629629629,MR13 MR10 MR02 MR06 MR11 MR04 MR12 MR07 MR14
241,9,23,22,0.9565217391304348,MR13 MR10 MR11 MR02 MR14 MR04 MR06 MR12 MR07
242,9,23,22,0.9565217391304348,MR12 MR10 MR02 MR06 MR14 MR04 MR07 MR11 MR13
243,9,24,23,0.9583333333333334,MR13 MR10 MR02 MR11 MR14 MR07 MR04 MR06 MR12
244,9,20,19,0.95,MR13 MR10 MR02 MR11 MR12 MR07 MR14 MR04 MR06
245,9,23,23,1.0,MR13 MR10 MR02 MR11 MR06 MR04 MR07 MR14 MR12
246,9,31,30,0.967741935483871,MR12 MR10 MR02 MR11 MR06 MR14 MR04 MR13 MR07
247,9,26,24,0.9230769230769231,MR13 MR10 MR02 MR06 MR07 MR04 MR12 MR11 MR14
248,8,22,18,0.8181818181818182,MR13 MR10 MR11 MR02 MR06 MR04 MR12 MR07
249,9,24,23,0.9583333333333334,MR13 MR10 MR02 MR11 MR07 MR04 MR06 MR12 MR14
250,8,23,18,0.782608695652174,MR13 MR10 MR02 MR06 MR11 MR14 MR04 MR07
251,9,25,25,1.0,MR12 MR10 MR02 MR11 MR13 MR06 MR04 MR07 MR14
252,9,26,25,0.9615384615384616,MR12 MR10 MR11 MR02 MR13 MR04 MR07 MR14 MR06
253,9,20,19,0.95,MR13 MR10 MR02 MR11 MR07 MR14 MR04 MR12 MR06
254,9,27,23,0.8518518518518519,MR05 MR10 MR02 MR14 MR07 MR11 MR04 MR12 MR06
255,8,22,19,0.8636363636363636,MR13 MR10 MR02 MR11 MR14 MR07 MR04 MR06
256,8,27,23,0.8518518518518519,MR13 MR10 MR11 MR02 MR12 MR04 MR06 MR07
257,9,24,20,0.8333333333333334,MR12 MR10 MR11 MR02 MR14 MR07 MR04 MR05 MR06
258,9,24,24,1.0,MR13 MR10 MR02 MR07 MR11 MR12 MR04 MR06 MR14
259,9,23,21,0.9130434782608695,MR13 MR10 MR02 MR06 MR11 MR04 MR07 MR12 MR14
260,9,27,26,0.9629629629629629,MR13 MR10 MR11 MR02 MR14 MR04 MR07 MR12 MR06
261,9,22,20,0.9090909090909091,MR13 MR10 MR11 MR02 MR04 MR07 MR06 MR12 MR14
262,9,20,19,0.95,MR12 MR10 MR11 MR02 MR13 MR04 MR06 MR07 MR14
263,9,24,24,1.0,MR13 MR10 MR02 MR11 MR04 MR06 MR07 MR12 MR14
264,9,27,23,0.8518518518518519,MR12 MR10 MR11 MR02 MR14 MR04 MR05 MR07 MR06
265,9,26,25,0.9615384615384616,MR13 MR10 MR11 MR02 MR04 MR07 MR12 MR06 MR14
266,9,27,26,0.9629629629629629,MR13 MR10 MR11 MR02 MR12 MR06 MR04 MR07 MR14
267,9,23,22,0.9565217391304348,MR13 MR10 MR02 MR07 MR11 MR12 MR04 MR06 MR14
268,9,22,22,1.0,MR13 MR10 MR11 MR02 MR14 MR04 MR06 MR07 MR12
269,9,24,23,0.9583333333333334,MR13 MR10 MR11 MR02 MR07 MR04 MR14 MR06 MR12
270,9,22,21,0.9545454545454546,MR13 MR10 MR11 MR02 MR14 MR04 MR12 MR06 MR07
271,9,21,21,1.0,MR13 MR10 MR02 MR11 MR06 MR12 MR14 MR04 MR07
272,9,27,23,0.8518518518518519,MR05 MR10 MR11 MR02 MR04 MR07 MR14 MR06 MR12
273,8,27,24,0.8888888888888888,MR13 MR10 MR11 MR02 MR04 MR06 MR12 MR14
274,9,24,23,0.9583333333333334,MR13 MR10 MR02 MR11 MR07 MR14 MR04 MR06 MR12
275,9,24,23,0.9583333333333334,MR13 MR10 MR11 MR02 MR12 MR04 MR14 MR06 MR07
276,9,22,22,1.0,MR13 MR10 MR11 MR14 MR02 MR06 MR04 MR12 MR07
277,8,21,17,0.8095238095238095,MR12 MR10 MR02 MR07 MR11 MR13 MR04 MR06
278,9,26,26,1.0,MR13 MR10 MR11 MR02 MR04 MR14 MR07 MR12 MR06
279,9,21,21,1.0,MR13 MR10 MR11 MR02 MR04 MR07 MR06 MR12 MR14
280,9,28,27,0.9642857142857143,MR13 MR10 MR11 MR02 MR14 MR12 MR04 MR07 MR06
281,9,26,24,0.9230769230769231,MR12 MR10 MR02 MR07 MR11 MR14 MR04 MR06 MR13
282,9,23,22,0.9565217391304348,MR13 MR10 MR02 MR11 MR07 MR04 MR06 MR12 MR14
283,9,25,23,0.92,MR12 MR10 MR02 MR11 MR13 MR04 MR06 MR07 MR14
284,9,23,22,0.9565217391304348,MR12 MR10 MR02 MR11 MR07 MR04 MR13 MR14 MR06
285,9,21,20,0.9523809523809523,MR13 MR10 MR11 MR02 MR04 MR07 MR12 MR06 MR14
286,9,22,21,0.9545454545454546,MR13 MR10 MR02 MR07 MR04 MR06 MR11 MR12 MR14
287,9,26,26,1.0,MR13 MR10 MR02 MR06 MR11 MR04 MR14 MR07 MR12
288,8,24,20,0.8333333333333334,MR13 MR10 MR11 MR02 MR12 MR04 MR14 MR07
289,9,29,28,0.9655172413793104,MR12 MR10 MR11 MR02 MR14 MR04 MR06 MR07 MR13
290,8,20,17,0.85,MR13 MR10 MR02 MR11 MR06 MR04 MR14 MR07
291,9,28,27,0.9642857142857143,MR13 MR10 MR02 MR11 MR06 MR14 MR04 MR12 MR07
292,9,21,20,0.9523809523809523,MR12 MR10 MR11 MR02 MR13 MR14 MR04 MR06 MR07
293,9,20,19,0.95,MR12 MR10 MR11 MR02 MR07 MR13 MR04 MR14 MR06
294,9,28,26,0.9285714285714286,MR13 MR10 MR11 MR02 MR14 MR04 MR07 MR06 MR12
295,9,21,20,0.9523809523809523,MR13 MR10 MR02 MR11 MR04 MR06 MR07 MR14 MR12
296,9,18,17,0.9444444444444444,MR13 MR10 MR11 MR02 MR14 MR04 MR06 MR07 MR12
297,9,20,20,1.0,MR13 MR10 MR02 MR11 MR06 MR12 MR14 MR04 MR07
298,9,24,24,1.0,MR13 MR10 MR02 MR11 MR07 MR14 MR04 MR06 MR12
299,9,23,22,0.9565217391304348,MR13 MR10 MR02 MR06 MR11 MR04 MR12 MR07 MR14
300,9,27,26,0.9629629629629629,MR13 MR10 MR02 MR07 MR06 MR04 MR14 MR11 MR12
301,9,21,21,1.0,MR13 MR10 MR02 MR11 MR07 MR04 MR06 MR12 MR14
302,9,24,24,1.0,MR13 MR10 MR11 MR02 MR04 MR06 MR07 MR12 MR14
303,8,25,20,0.8,MR13 MR10 MR11 MR02 MR04 MR07 MR12 MR14
304,9,24,22,0.9166666666666666,MR13 MR10 MR02 MR11 MR06 MR04 MR07 MR12 MR14
305,9,20,20,1.0,MR13 MR10 MR02 MR11 MR06 MR12 MR04 MR14 MR07
306,9,23,23,1.0,MR12 MR10 MR11 MR02 MR04 MR07 MR13 MR06 MR14
307,9,25,23,0.92,MR13 MR10 MR02 MR07 MR06 MR04 MR11 MR12 MR14
308,9,26,26,1.0,MR13 MR10 MR11 MR02 MR14 MR04 MR06 MR07 MR12
309,9,23,22,0.9565217391304348,MR13 MR10 MR02 MR11 MR06 MR12 MR04 MR07 MR14
310,9,23,23,1.0,MR13 MR10 MR11 MR02 MR04 MR06 MR07 MR12 MR14
311,9,25,24,0.96,MR13 MR10 MR02 MR06 MR07 MR04 MR11 MR12 MR14
312,8,27,23,0.8518518518518519,MR13 MR10 MR02 MR11 MR14 MR07 MR04 MR06
313,9,27,26,0.9629629629629629,MR13 MR10 MR02 MR11 MR06 MR12 MR14 MR04 MR07
314,9,23,22,0.9565217391304348,MR13 MR10 MR11 MR02 MR12 MR04 MR06 MR07 MR14
315,9,23,21,0.9130434782608695,MR13 MR10 MR02 MR07 MR12 MR04 MR06 MR11 MR14
316,9,22,21,0.9545454545454546,MR13 MR10 MR11 MR02 MR04 MR06 MR14 MR07 MR12
317,9,24,24,1.0,MR13 MR10 MR02 MR06 MR07 MR12 MR04 MR11 MR14
318,9,24,23,0.9583333333333334,MR06 MR10 MR02 MR12 MR13 MR14 MR11 MR04 MR07
319,9,21,20,0.9523809523809523,MR13 MR10 MR02 MR11 MR07 MR04 MR06 MR12 MR14
320,9,24,23,0.9583333333333334,MR12 MR10 MR11 MR02 MR13 MR06 MR04 MR14 MR07
321,9,23,22,0.9565217391304348,MR13 MR10 MR11 MR02 MR12 MR04 MR07 MR06 MR14
322,9,23,22,0.9565217391304348,MR13 MR10 MR02 MR11 MR07 MR04 MR12 MR14 MR06
323,9,21,19,0.9047619047619048,MR13 MR10 MR11 MR02 MR14 MR04 MR12 MR06 MR07
324,9,21,21,1.0,MR13 MR10 MR11 MR02 MR14 MR04 MR07 MR06 MR12
325,9,26,25,0.9615384615384616,MR13 MR10 MR02 MR11 MR07 MR12 MR14 MR04 MR06
326,9,24,23,0.9583333333333334,MR13 MR10 MR02 MR11 MR06 MR04 MR07 MR12 MR14
327,9,22,18,0.8181818181818182,MR12 MR10 MR02 MR11 MR04 MR05 MR06 MR07 MR14
328,9,24,23,0.9583333333333334,MR13 MR10 MR11 MR02 MR12 MR14 MR04 MR06 MR07
329,9,23,22,0.9565217391304348,MR13 MR10 MR02 MR11 MR06 MR04 MR07 MR12 MR14
330,9,30,29,0.9666666666666667,MR12 MR10 MR02 MR11 MR13 MR07 MR04 MR14 MR06
331,9,28,27,0.9642857142857143,MR13 MR10 MR02 MR06 MR11 MR14 MR04 MR07 MR12
332,9,26,25,0.9615384615384616,MR13 MR10 MR02 MR11 MR07 MR04 MR06 MR12 MR14
333,9,25,24,0.96,MR13 MR10 MR11 MR02 MR04 MR07 MR14 MR06 MR12
334,9,21,20,0.9523809523809523,MR13 MR10 MR11 MR02 MR12 MR04 MR06 MR07 MR14
335,9,27,26,0.9629629629629629,MR13 MR10 MR11 MR02 MR12 MR04 MR07 MR06 MR14
336,9,23,22,0.9565217391304348,MR13 MR10 MR02 MR06 MR07 MR11 MR04 MR12 MR14
337,9,27,26,0.9629629629629629,MR14 MR10 MR11 MR02 MR13 MR12 MR04 MR06 MR07
338,9,29,28,0.9655172413793104,MR13 MR10 MR02 MR07 MR11 MR12 MR04 MR14 MR06
339,9,26,25,0.9615384615384616,MR13 MR10 MR02 MR07 MR11 MR14 MR12 MR04 MR06
340,9,21,20,0.9523809523809523,MR13 MR10 MR11 MR02 MR12 MR04 MR14 MR06 MR07
341,9,26,24,0.9230769230769231,MR13 MR10 MR02 MR11 MR07 MR14 MR04 MR12 MR06
342,9,26,24,0.9230769230769231,MR13 MR10 MR11 MR02 MR04 MR07 MR14 MR06 MR12
343,9,22,20,0.9090909090909091,MR13 MR10 MR02 MR11 MR06 MR12 MR14 MR04 MR07
344,9,26,24,0.9230769230769231,MR13 MR10 MR02 MR11 MR12 MR06 MR04 MR07 MR14
345,9,22,21,0.9545454545454546,MR12 MR10 MR02 MR11 MR13 MR07 MR04 MR06 MR14
346,9,25,24,0.96,MR13 MR10 MR02 MR11 MR07 MR04 MR06 MR12 MR14
347,9,27,26,0.9629629629629629,MR13 MR10 MR02 MR11 MR14 MR04 MR06 MR07 MR12
348,8,24,20,0.8333333333333334,MR13 MR10 MR02 MR11 MR07 MR04 MR06 MR14
349,8,24,20,0.8333333333333334,MR13 MR10 MR02 MR07 MR14 MR11 MR04 MR06
350,9,23,21,0.9130434782608695,MR13 MR10 MR02 MR11 MR07 MR14 MR04 MR06 MR12
351,9,24,24,1.0,MR13 MR10 MR11 MR02 MR04 MR06 MR14 MR07 MR12
352,9,26,25,0.9615384615384616,MR13 MR10 MR11 MR02 MR14 MR04 MR07 MR12 MR06
353,8,18,14,0.7777777777777778,MR12 MR10 MR02 MR11 MR06 MR04 MR13 MR07
354,9,23,21,0.9130434782608695,MR13 MR10 MR11 MR02 MR04 MR07 MR12 MR06 MR14
355,9,22,18,0.8181818181818182,MR05 MR10 MR11 MR02 MR14 MR04 MR06 MR07 MR12
356,9,25,23,0.92,MR12 MR10 MR11 MR02 MR04 MR13 MR14 MR06 MR07
357,8,21,17,0.8095238095238095,MR13 MR10 MR11 MR02 MR04 MR06 MR14 MR12
358,8,27,23,0.8518518518518519,MR13 MR10 MR06 MR02 MR04 MR07 MR11 MR12
359,9,30,29,0.9666666666666667,MR13 MR10 MR02 MR07 MR11 MR04 MR06 MR12 MR14
360,9,21,21,1.0,MR13 MR10 MR02 MR06 MR11 MR14 MR04 MR12 MR07
361,9,23,22,0.9565217391304348,MR13 MR10 MR02 MR07 MR11 MR14 MR04 MR06 MR12
362,9,21,20,0.9523809523809523,MR13 MR10 MR02 MR11 MR06 MR12 MR04 MR07 MR14
363,9,24,23,0.9583333333333334,MR13 MR10 MR02 MR07 MR11 MR12 MR04 MR06 MR14
364,9,23,22,0.9565217391304348,MR13 MR10 MR02 MR11 MR04 MR06 MR07 MR12 MR14
365,8,21,17,0.8095238095238095,MR12 MR10 MR11 MR02 MR13 MR04 MR07 MR14
366,9,20,19,0.95,MR13 MR10 MR11 MR02 MR12 MR14 MR04 MR07 MR06
367,9,24,23,0.9583333333333334,MR13 MR10 MR11 MR02 MR06 MR12 MR04 MR14 MR07
368,9,19,19,1.0,MR13 MR10 MR02 MR11 MR12 MR06 MR04 MR14 MR07
369,9,24,23,0.9583333333333334,MR13 MR10 MR02 MR11 MR04 MR06 MR07 MR12 MR14
370,9,27,27,1.0,MR13 MR10 MR11 MR02 MR12 MR04 MR06 MR07 MR14
371,9,25,24,0.96,MR13 MR10 MR02 MR06 MR07 MR04 MR11 MR12 MR14
372,9,22,22,1.0,MR13 MR10 MR02 MR11 MR06 MR04 MR07 MR12 MR14
373,8,22,18,0.8181818181818182,MR13 MR10 MR11 MR02 MR14 MR04 MR06 MR07
374,9,26,24,0.9230769230769231,MR13 MR10 MR02 MR06 MR04 MR07 MR11 MR12 MR14
375,9,25,24,0.96,MR13 MR10 MR02 MR06 MR11 MR04 MR07 MR14 MR12
376,9,27,26,0.9629629629629629,MR07 MR10 MR02 MR13 MR11 MR14 MR04 MR06 MR12
377,9,25,24,0.96,MR13 MR10 MR02 MR07 MR11 MR04 MR06 MR12 MR14
378,9,22,22,1.0,MR13 MR10 MR02 MR11 MR14 MR06 MR04 MR07 MR12
379,9,26,25,0.9615384615384616,MR13 MR10 MR07 MR02 MR04 MR11 MR06 MR12 MR14
380,9,27,25,0.9259259259259259,MR13 MR10 MR02 MR11 MR07 MR12 MR04 MR14 MR06
381,9,25,24,0.96,MR13 MR10 MR02 MR11 MR06 MR12 MR04 MR14 MR07
382,9,27,26,0.9629629629629629,MR13 MR10 MR02 MR11 MR07 MR04 MR12 MR14 MR06
383,8,23,19,0.8260869565217391,MR13 MR10 MR11 MR02 MR06 MR04 MR12 MR14
384,7,26,19,0.7307692307692307,MR13 MR10 MR11 MR02 MR06 MR04 MR07
385,9,20,19,0.95,MR13 MR10 MR02 MR11 MR06 MR04 MR07 MR12 MR14
386,9,24,23,0.9583333333333334,MR12 MR10 MR02 MR11 MR14 MR07 MR04 MR06 MR13
387,9,27,26,0.9629629629629629,MR13 MR10 MR02 MR11 MR06 MR14 MR04 MR07 MR12
388,9,24,23,0.9583333333333334,MR13 MR10 MR14 MR02 MR11 MR04 MR06 MR07 MR12
389,8,27,23,0.8518518518518519,MR13 MR10 MR02 MR06 MR11 MR04 MR07 MR12
390,9,26,25,0.9615384615384616,MR13 MR10 MR02 MR11 MR06 MR04 MR14 MR07 MR12
391,9,24,23,0.9583333333333334,MR13 MR10 MR11 MR02 MR07 MR04 MR14 MR12 MR06
392,9,27,26,0.9629629629629629,MR13 MR10 MR02 MR11 MR06 MR04 MR12 MR14 MR07
393,9,21,20,0.9523809523809523,MR13 MR10 MR02 MR11 MR07 MR04 MR06 MR12 MR14
394,9,20,19,0.95,MR13 MR10 MR02 MR07 MR11 MR12 MR04 MR06 MR14
395,9,24,23,0.9583333333333334,MR12 MR10 MR11 MR02 MR13 MR14 MR04 MR06 MR07
396,9,29,28,0.9655172413793104,MR12 MR10 MR11 MR02 MR14 MR04 MR13 MR06 MR07
397,9,25,23,0.92,MR13 MR10 MR02 MR07 MR06 MR04 MR11 MR12 MR14
398,9,26,26,1.0,MR13 MR10 MR02 MR11 MR14 MR07 MR04 MR06 MR12
399,9,22,20,0.9090909090909091,MR13 MR10 MR02 MR11 MR07 MR12 MR14 MR04 MR06
400,9,28,27,0.9642857142857143,MR12 MR10 MR02 MR11 MR13 MR07 MR04 MR06 MR14
401,9,24,23,0.9583333333333334,MR12 MR10 MR02 MR14 MR06 MR07 MR11 MR13 MR04
402,9,23,22,0.9565217391304348,MR13 MR10 MR11 MR02 MR07 MR04 MR14 MR12 MR06
403,9,27,26,0.9629629629629629,MR13 MR10 MR11 MR02 MR14 MR04 MR06 MR12 MR07
404,9,22,21,0.9545454545454546,MR12 MR10 MR02 MR11 MR07 MR04 MR06 MR13 MR14
405,9,25,24,0.96,MR13 MR10 MR11 MR02 MR04 MR07 MR12 MR06 MR14
406,9,24,23,0.9583333333333334,MR13 MR10 MR11 MR02 MR04 MR07 MR12 MR06 MR14
407,9,23,23,1.0,MR12 MR10 MR11 MR02 MR04 MR06 MR13 MR14 MR07
408,9,22,22,1.0,MR13 MR10 MR02 MR11 MR14 MR04 MR06 MR07 MR12
409,9,22,21,0.9545454545454546,MR13 MR10 MR07 MR02 MR14 MR04 MR06 MR11 MR12
410,9,25,24,0.96,MR12 MR10 MR02 MR07 MR13 MR11 MR04 MR06 MR14
411,9,26,25,0.9615384615384616,MR13 MR10 MR06 MR02 MR04 MR11 MR14 MR07 MR12
412,9,26,25,0.9615384615384616,MR13 MR10 MR02 MR11 MR07 MR14 MR04 MR06 MR12
413,8,26,22,0.8461538461538461,MR13 MR10 MR11 MR02 MR07 MR04 MR14 MR12
414,9,27,26,0.9629629629629629,MR13 MR10 MR02 MR11 MR07 MR14 MR04 MR12 MR06
415,9,23,22,0.9565217391304348,MR13 MR10 MR11 MR02 MR06 MR14 MR04 MR12 MR07
416,8,24,21,0.875,MR13 MR10 MR11 MR02 MR04 MR06 MR07 MR14
417,9,21,21,1.0,MR13 MR10 MR02 MR06 MR07 MR04 MR12 MR11 MR14
418,9,26,24,0.9230769230769231,MR12 MR10 MR02 MR11 MR14 MR07 MR04 MR13 MR06
419,9,23,23,1.0,MR13 MR10 MR11 MR02 MR04 MR12 MR14 MR06 MR07
420,9,23,22,0.9565217391304348,MR13 MR10 MR11 MR02 MR12 MR04 MR07 MR14 MR06
421,9,24,22,0.9166666666666666,MR13 MR10 MR11 MR02 MR14 MR04 MR06 MR12 MR07
422,9,21,21,1.0,MR13 MR10 MR02 MR11 MR14 MR04 MR06 MR07 MR12
423,9,23,22,0.9565217391304348,MR13 MR10 MR02 MR07 MR11 MR04 MR12 MR14 MR06
424,9,22,22,1.0,MR12 MR10 MR11 MR02 MR13 MR04 MR07 MR06 MR14
425,8,23,18,0.782608695652174,MR13 MR10 MR11 MR02 MR14 MR04 MR06 MR07
426,9,21,20,0.9523809523809523,MR13 MR10 MR11 MR02 MR04 MR14 MR06 MR07 MR12
427,9,28,27,0.9642857142857143,MR13 MR10 MR11 MR02 MR04 MR07 MR12 MR06 MR14
428,8,29,21,0.7241379310344828,MR12 MR10 MR11 MR02 MR14 MR04 MR06 MR07
429,8,23,19,0.8260869565217391,MR13 MR10 MR11 MR02 MR07 MR12 MR04 MR14
430,9,24,24,1.0,MR13 MR10 MR02 MR06 MR07 MR04 MR11 MR12 MR14
431,9,22,22,1.0,MR13 MR10 MR11 MR02 MR14 MR04 MR06 MR12 MR07
432,9,22,21,0.9545454545454546,MR13 MR10 MR02 MR07 MR11 MR04 MR06 MR12 MR14
433,9,27,22,0.8148148148148148,MR12 MR10 MR02 MR11 MR05 MR04 MR06 MR07 MR14
434,9,18,18,1.0,MR13 MR10 MR02 MR11 MR04 MR06 MR07 MR12 MR14
435,9,23,22,0.9565217391304348,MR13 MR10 MR02 MR07 MR11 MR04 MR06 MR12 MR14
436,8,25,22,0.88,MR12 MR10 MR11 MR02 MR13 MR04 MR14 MR06
437,9,26,26,1.0,MR13 MR10 MR02 MR11 MR06 MR04 MR07 MR14 MR12
438,9,22,22,1.0,MR12 MR10 MR02 MR11 MR13 MR07 MR04 MR06 MR14
439,9,29,28,0.9655172413793104,MR13 MR10 MR02 MR07 MR12 MR04 MR06 MR11 MR14
440,9,25,23,0.92,MR12 MR10 MR02 MR06 MR13 MR11 MR04 MR07 MR14
441,9,26,24,0.9230769230769231,MR13 MR10 MR02 MR11 MR07 MR04 MR12 MR14 MR06
442,8,23,18,0.782608695652174,MR13 MR10 MR11 MR02 MR14 MR04 MR06 MR12
443,9,22,21,0.9545454545454546,MR13 MR10 MR02 MR11 MR06 MR04 MR07 MR12 MR14
444,9,26,26,1.0,MR13 MR10 MR11 MR02 MR12 MR04 MR06 MR07 MR14
445,9,20,19,0.95,MR12 MR10 MR02 MR11 MR13 MR04 MR06 MR07 MR14
446,9,28,27,0.9642857142857143,MR13 MR10 MR11 MR02 MR06 MR04 MR14 MR07 MR12
447,9,23,23,1.0,MR13 MR10 MR11 MR02 MR04 MR07 MR06 MR12 MR14
448,9,24,20,0.8333333333333334,MR12 MR10 MR02 MR11 MR14 MR04 MR06 MR07 MR05
449,9,20,20,1.0,MR13 MR10 MR11 MR02 MR04 MR07 MR12 MR14 MR06
450,9,29,28,0.9655172413793104,MR12 MR10 MR02 MR11 MR06 MR13 MR14 MR04 MR07
451,9,23,23,1.0,MR12 MR10 MR11 MR02 MR14 MR04 MR06 MR13 MR07
452,8,27,23,0.8518518518518519,MR12 MR10 MR11 MR02 MR06 MR04 MR13 MR07
453,9,23,22,0.9565217391304348,MR13 MR10 MR11 MR02 MR12 MR04 MR06 MR07 MR14
454,9,21,21,1.0,MR13 MR10 MR02 MR11 MR07 MR04 MR06 MR12 MR14
455,9,27,26,0.9629629629629629,MR13 MR10 MR02 MR11 MR07 MR12 MR14 MR04 MR06
456,9,26,25,0.9615384615384616,MR13 MR10 MR02 MR07 MR11 MR12 MR04 MR06 MR14
457,9,27,26,0.9629629629629629,MR12 MR10 MR02 MR06 MR11 MR04 MR07 MR13 MR14
458,9,28,27,0.9642857142857143,MR13 MR10 MR11 MR02 MR07 MR04 MR12 MR14 MR06
459,9,25,24,0.96,MR13 MR10 MR11 MR02 MR12 MR04 MR06 MR14 MR07
460,9,25,24,0.96,MR12 MR10 MR11 MR02 MR07 MR13 MR04 MR14 MR06
461,9,23,23,1.0,MR13 MR10 MR02 MR07 MR11 MR04 MR14 MR06 MR12
462,9,18,17,0.9444444444444444,MR13 MR10 MR11 MR02 MR14 MR04 MR07 MR06 MR12
463,9,26,25,0.9615384615384616,MR12 MR10 MR02 MR07 MR11 MR04 MR13 MR06 MR14
464,9,28,27,0.9642857142857143,MR12 MR10 MR11 MR02 MR06 MR13 MR04 MR14 MR07
465,9,23,22,0.9565217391304348,MR13 MR10 MR02 MR07 MR11 MR04 MR12 MR06 MR14
466,9,25,25,1.0,MR13 MR10 MR02 MR06 MR11 MR12 MR04 MR14 MR07
467,8,23,19,0.8260869565217391,MR13 MR10 MR11 MR02 MR14 MR04 MR07 MR06
468,9,21,21,1.0,MR13 MR10 MR02 MR06 MR11 MR14 MR04 MR07 MR12
469,9,25,25,1.0,MR13 MR10 MR11 MR02 MR04 MR12 MR14 MR06 MR07
470,9,27,26,0.9629629629629629,MR13 MR10 MR02 MR07 MR12 MR04 MR06 MR11 MR14
471,9,23,22,0.9565217391304348,MR13 MR10 MR02 MR11 MR06 MR04 MR07 MR12 MR14
472,9,26,25,0.9615384615384616,MR13 MR10 MR02 MR11 MR06 MR14 MR04 MR07 MR12
473,9,21,21,1.0,MR12 MR10 MR11 MR02 MR14 MR04 MR13 MR06 MR07
474,9,21,20,0.9523809523809523,MR13 MR10 MR11 MR02 MR04 MR06 MR07 MR12 MR14
475,9,26,24,0.9230769230769231,MR13 MR10 MR02 MR11 MR06 MR12 MR14 MR04 MR07
476,9,26,25,0.9615384615384616,MR12 MR10 MR02 MR11 MR06 MR13 MR04 MR14 MR07
477,9,26,26,1.0,MR13 MR10 MR02 MR07 MR11 MR04 MR14 MR06 MR12
478,9,28,26,0.9285714285714286,MR13 MR10 MR02 MR11 MR12 MR06 MR04 MR14 MR07
479,9,21,20,0.9523809523809523,MR13 MR10 MR02 MR11 MR06 MR12 MR04 MR07 MR14
480,9,26,25,0.9615384615384616,MR12 MR10 MR02 MR11 MR14 MR07 MR13 MR04 MR06
481,9,24,23,0.9583333333333334,MR13 MR10 MR02 MR07 MR06 MR14 MR04 MR11 MR12
482,9,30,28,0.9333333333333333,MR13 MR10 MR11 MR02 MR14 MR04 MR06 MR07 MR12
483,9,20,19,0.95,MR13 MR10 MR02 MR14 MR06 MR07 MR11 MR04 MR12
484,9,22,21,0.9545454545454546,MR13 MR10 MR11 MR02 MR04 MR12 MR14 MR06 MR07
485,9,19,18,0.9473684210526315,MR13 MR10 MR02 MR11 MR14 MR04 MR06 MR07 MR12
486,9,29,28,0.9655172413793104,MR13 MR10 MR02 MR14 MR11 MR07 MR12 MR04 MR06
487,9,23,21,0.9130434782608695,MR14 MR10 MR02 MR11 MR06 MR13 MR04 MR07 MR12
488,9,26,25,0.9615384615384616,MR13 MR10 MR11 MR02 MR04 MR07 MR14 MR12 MR06
489,9,24,23,0.9583333333333334,MR12 MR10 MR02 MR13 MR06 MR07 MR11 MR04 MR14
490,9,25,24,0.96,MR13 MR10 MR02 MR07 MR11 MR14 MR04 MR12 MR06
491,9,24,23,0.9583333333333334,MR13 MR10 MR11 MR02 MR12 MR07 MR04 MR06 MR14
492,9,22,21,0.9545454545454546,MR13 MR10 MR02 MR11 MR06 MR12 MR14 MR04 MR07
493,8,19,15,0.7894736842105263,MR13 MR10 MR02 MR07 MR11 MR04 MR06 MR14
494,9,23,22,0.9565217391304348,MR13 MR10 MR11 MR02 MR04 MR06 MR07 MR12 MR14
495,9,23,22,0.9565217391304348,MR13 MR10 MR02 MR11 MR06 MR12 MR04 MR14 MR07
496,8,27,23,0.8518518518518519,MR12 MR10 MR11 MR02 MR07 MR04 MR13 MR14
497,9,28,27,0.9642857142857143,MR12 MR10 MR02 MR07 MR13 MR06 MR04 MR11 MR14
498,9,23,22,0.9565217391304348,MR13 MR10 MR11 MR02 MR12 MR14 MR04 MR06 MR07
499,7,25,18,0.72,MR13 MR10 MR14 MR02 MR06 MR11 MR04
500,8,22,18,0.8181818181818182,MR13 MR10 MR02 MR11 MR07 MR14 MR04 MR06
501,9,21,20,0.9523809523809523,MR13 MR10 MR11 MR02 MR04 MR06 MR14 MR07 MR12
502,8,23,19,0.8260869565217391,MR13 MR10 MR02 MR06 MR12 MR11 MR04 MR07
503,8,24,21,0.875,MR13 MR10 MR11 MR02 MR04 MR07 MR06 MR14
504,8,25,21,0.84,MR13 MR10 MR02 MR11 MR07 MR04 MR14 MR06
505,9,25,24,0.96,MR13 MR10 MR11 MR02 MR04 MR06 MR07 MR12 MR14
506,9,22,21,0.9545454545454546,MR12 MR10 MR02 MR06 MR11 MR04 MR07 MR14 MR13
507,9,20,19,0.95,MR13 MR10 MR11 MR02 MR04 MR06 MR14 MR12 MR07
508,8,27,23,0.8518518518518519,MR12 MR10 MR11 MR02 MR06 MR13 MR04 MR14
509,9,26,25,0.9615384615384616,MR12 MR10 MR11 MR02 MR13 MR07 MR04 MR06 MR14
510,9,25,25,1.0,MR13 MR10 MR11 MR02 MR04 MR06 MR12 MR14 MR07
511,9,27,25,0.9259259259259259,MR12 MR10 MR11 MR02 MR14 MR04 MR06 MR07 MR13
512,9,24,23,0.9583333333333334,MR13 MR10 MR11 MR02 MR04 MR14 MR07 MR06 MR12
513,9,26,25,0.9615384615384616,MR12 MR10 MR11 MR02 MR14 MR04 MR07 MR13 MR06
514,9,18,18,1.0,MR13 MR10 MR11 MR02 MR04 MR06 MR12 MR07 MR14
515,9,25,24,0.96,MR13 MR10 MR02 MR11 MR04 MR06 MR07 MR14 MR12
516,9,22,21,0.9545454545454546,MR13 MR10 MR11 MR02 MR04 MR12 MR06 MR07 MR14
517,9,26,25,0.9615384615384616,MR13 MR10 MR02 MR11 MR06 MR12 MR04 MR14 MR07
518,9,22,21,0.9545454545454546,MR13 MR10 MR02 MR06 MR07 MR11 MR12 MR04 MR14
519,9,22,21,0.9545454545454546,MR13 MR10 MR02 MR11 MR07 MR12 MR04 MR06 MR14
520,8,22,18,0.8181818181818182,MR13 MR10 MR11 MR02 MR04 MR07 MR12 MR14
521,8,26,22,0.8461538461538461,MR13 MR10 MR02 MR06 MR11 MR04 MR12 MR07
522,9,24,23,0.9583333333333334,MR13 MR10 MR02 MR11 MR07 MR14 MR04 MR06 MR12
523,9,21,20,0.9523809523809523,MR13 MR10 MR02 MR07 MR11 MR04 MR06 MR14 MR12
524,9,22,22,1.0,MR13 MR10 MR02 MR07 MR11 MR12 MR04 MR06 MR14
525,9,23,23,1.0,MR13 MR10 MR02 MR11 MR14 MR06 MR04 MR07 MR12
526,9,25,24,0.96,MR13 MR10 MR02 MR11 MR04 MR06 MR07 MR12 MR14
527,9,21,19,0.9047619047619048,MR12 MR10 MR13 MR02 MR11 MR06 MR04 MR07 MR14
528,9,23,22,0.9565217391304348,MR13 MR10 MR11 MR02 MR04 MR12 MR06 MR07 MR14
529,9,23,23,1.0,MR13 MR10 MR11 MR02 MR12 MR04 MR06 MR14 MR07
530,9,25,23,0.92,MR13 MR10 MR02 MR06 MR12 MR04 MR07 MR11 MR14
531,9,22,21,0.9545454545454546,MR13 MR10 MR02 MR11 MR14 MR07 MR04 MR06 MR12
532,8,25,22,0.88,MR13 MR10 MR06 MR02 MR11 MR12 MR04 MR14
533,9,20,19,0.95,MR13 MR10 MR02 MR11 MR07 MR04 MR12 MR14 MR06
534,9,25,22,0.88,MR05 MR10 MR02 MR11 MR06 MR04 MR07 MR14 MR12
535,9,21,20,0.9523809523809523,MR13 MR10 MR02 MR14 MR07 MR06 MR04 MR11 MR12
536,9,24,23,0.9583333333333334,MR13 MR10 MR11 MR02 MR12 MR04 MR07 MR06 MR14
537,8,22,18,0.8181818181818182,MR13 MR10 MR02 MR11 MR14 MR04 MR06 MR07
538,9,26,25,0.9615384615384616,MR12 MR10 MR02 MR07 MR11 MR13 MR04 MR06 MR14
539,8,26,22,0.8461538461538461,MR13 MR10 MR02 MR07 MR11 MR04 MR06 MR14
540,9,26,22,0.8461538461538461,MR05 MR10 MR02 MR07 MR11 MR14 MR04 MR12 MR06
541,9,27,27,1.0,MR13 MR10 MR02 MR07 MR06 MR04 MR11 MR12 MR14
542,9,22,21,0.9545454545454546,MR13 MR10 MR02 MR07 MR11 MR04 MR12 MR14 MR06
543,9,26,25,0.9615384615384616,MR13 MR10 MR11 MR02 MR04 MR07 MR12 MR14 MR06
544,9,29,29,1.0,MR13 MR10 MR02 MR11 MR07 MR04 MR14 MR12 MR06
545,9,26,25,0.9615384615384616,MR13 MR10 MR11 MR02 MR04 MR07 MR14 MR06 MR12
546,9,23,23,1.0,MR13 MR10 MR11 MR02 MR04 MR06 MR12 MR07 MR14
547,9,24,23,0.9583333333333334,MR13 MR10 MR11 MR02 MR12 MR04 MR06 MR07 MR14
548,9,21,20,0.9523809523809523,MR13 MR10 MR02 MR07 MR11 MR04 MR06 MR14 MR12
549,9,25,23,0.92,MR13 MR10 MR11 MR02 MR12 MR14 MR04 MR06 MR07
550,9,26,25,0.9615384615384616,MR13 MR10 MR11 MR02 MR04 MR07 MR12 MR14 MR06
551,8,24,21,0.875,MR13 MR10 MR02 MR11 MR04 MR06 MR07 MR14
552,9,21,20,0.9523809523809523,MR13 MR10 MR11 MR02 MR04 MR07 MR12 MR06 MR14
553,8,25,21,0.84,MR13 MR10 MR11 MR02 MR12 MR06 MR04 MR14
554,9,31,29,0.9354838709677419,MR13 MR10 MR11 MR02 MR07 MR04 MR12 MR14 MR06
555,9,24,23,0.9583333333333334,MR13 MR10 MR02 MR11 MR04 MR06 MR07 MR12 MR14
556,9,21,20,0.9523809523809523,MR13 MR10 MR11 MR02 MR04 MR06 MR14 MR07 MR12
557,9,29,28,0.9655172413793104,MR12 MR10 MR02 MR07 MR14 MR06 MR04 MR11 MR13
558,9,21,20,0.9523809523809523,MR13 MR10 MR11 MR02 MR06 MR04 MR14 MR07 MR12
559,9,24,19,0.7916666666666666,MR12 MR10 MR11 MR02 MR04 MR05 MR06 MR07 MR14
560,8,25,21,0.84,MR12 MR10 MR02 MR11 MR13 MR07 MR04 MR06
561,9,21,20,0.9523809523809523,MR13 MR10 MR02 MR06 MR11 MR12 MR04 MR07 MR14
562,9,27,26,0.9629629629629629,MR13 MR10 MR11 MR02 MR04 MR06 MR07 MR12 MR14
563,9,28,27,0.9642857142857143,MR13 MR10 MR02 MR11 MR06 MR12 MR04 MR14 MR07
564,9,22,21,0.9545454545454546,MR12 MR10 MR11 MR02 MR04 MR07 MR13 MR14 MR06
565,9,19,19,1.0,MR13 MR10 MR02 MR06 MR11 MR04 MR12 MR14 MR07
566,9,24,22,0.9166666666666666,MR12 MR10 MR11 MR02 MR06 MR14 MR04 MR13 MR07
567,9,25,24,0.96,MR12 MR10 MR02 MR06 MR07 MR04 MR14 MR11 MR13
568,9,23,22,0.9565217391304348,MR13 MR10 MR02 MR06 MR11 MR14 MR04 MR12 MR07
569,8,29,25,0.8620689655172413,MR13 MR10 MR02 MR11 MR14 MR04 MR06 MR07
570,9,29,28,0.9655172413793104,MR13 MR10 MR02 MR14 MR07 MR11 MR04 MR06 MR12
571,9,23,23,1.0,MR13 MR10 MR02 MR11 MR04 MR06 MR07 MR12 MR14
572,9,22,21,0.9545454545454546,MR13 MR10 MR11 MR02 MR04 MR06 MR12 MR07 MR14
573,8,26,22,0.8461538461538461,MR06 MR10 MR02 MR11 MR12 MR04 MR13 MR14
574,8,22,18,0.8181818181818182,MR13 MR10 MR02 MR11 MR06 MR14 MR04 MR07
575,8,22,19,0.8636363636363636,MR13 MR10 MR02 MR11 MR06 MR12 MR04 MR07
576,9,24,23,0.9583333333333334,MR13 MR10 MR11 MR02 MR12 MR04 MR06 MR07 MR14
577,9,16,15,0.9375,MR13 MR10 MR02 MR06 MR07 MR04 MR11 MR14 MR12
578,9,24,23,0.9583333333333334,MR13 MR10 MR02 MR11 MR12 MR06 MR04 MR14 MR07
579,9,22,21,0.9545454545454546,MR13 MR10 MR11 MR02 MR04 MR06 MR12 MR14 MR07
580,9,24,23,0.9583333333333334,MR13 MR10 MR02 MR06 MR14 MR07 MR04 MR11 MR12
581,9,22,21,0.9545454545454546,MR14 MR10 MR02 MR07 MR11 MR13 MR04 MR06 MR12
582,9,22,20,0.9090909090909091,MR13 MR10 MR02 MR11 MR07 MR14 MR12 MR04 MR06
583,9,22,21,0.9545454545454546,MR13 MR10 MR02 MR07 MR11 MR04 MR06 MR12 MR14
584,8,30,26,0.8666666666666667,MR13 MR10 MR02 MR11 MR14 MR06 MR04 MR07
585,9,25,24,0.96,MR13 MR10 MR02 MR07 MR11 MR14 MR04 MR06 MR12
586,9,22,20,0.9090909090909091,MR13 MR10 MR11 MR02 MR12 MR04 MR06 MR07 MR14
587,9,24,23,0.9583333333333334,MR13 MR10 MR11 MR02 MR04 MR06 MR07 MR12 MR14
588,9,22,22,1.0,MR13 MR10 MR02 MR11 MR07 MR12 MR04 MR06 MR14
589,9,25,24,0.96,MR12 MR10 MR11 MR02 MR13 MR04 MR07 MR14 MR06
590,9,24,23,0.9583333333333334,MR13 MR10 MR11 MR02 MR07 MR04 MR14 MR06 MR12
591,9,23,22,0.9565217391304348,MR13 MR10 MR02 MR07 MR12 MR14 MR04 MR06 MR11
592,9,19,19,1.0,MR12 MR10 MR11 MR02 MR06 MR14 MR04 MR13 MR07
593,9,22,22,1.0,MR13 MR10 MR11 MR02 MR14 MR04 MR06 MR12 MR07
594,9,26,25,0.9615384615384616,MR12 MR10 MR11 MR02 MR13 MR04 MR07 MR14 MR06
595,9,24,23,0.9583333333333334,MR13 MR10 MR11 MR02 MR12 MR04 MR07 MR14 MR06
596,9,24,24,1.0,MR13 MR10 MR02 MR07 MR11 MR04 MR12 MR06 MR14
597,9,19,18,0.9473684210526315,MR13 MR10 MR02 MR11 MR07 MR04 MR06 MR12 MR14
598,9,24,23,0.9583333333333334,MR13 MR10 MR02 MR11 MR06 MR14 MR04 MR07 MR12
599,9,23,22,0.9565217391304348,MR13 MR10 MR11 MR02 MR14 MR04 MR07 MR06 MR12
600,9,22,21,0.9545454545454546,MR13 MR10 MR02 MR11 MR06 MR14 MR04 MR07 MR12
601,9,22,21,0.9545454545454546,MR13 MR10 MR02 MR11 MR06 MR14 MR04 MR07 MR12
602,8,27,22,0.8148148148148148,MR12 MR10 MR11 MR02 MR13 MR04 MR07 MR14
603,9,26,25,0.9615384615384616,MR13 MR10 MR02 MR11 MR07 MR12 MR04 MR14 MR06
604,8,21,17,0.8095238095238095,MR13 MR10 MR02 MR11 MR07 MR12 MR04 MR06
605,9,26,25,0.9615384615384616,MR13 MR10 MR02 MR11 MR12 MR07 MR04 MR06 MR14
606,9,25,24,0.96,MR13 MR10 MR02 MR06 MR11 MR04 MR14 MR07 MR12
607,9,22,22,1.0,MR13 MR10 MR11 MR02 MR14 MR04 MR07 MR06 MR12
608,9,29,28,0.9655172413793104,MR13 MR10 MR07 MR02 MR11 MR14 MR04 MR06 MR12
609,9,22,21,0.9545454545454546,MR13 MR10 MR02 MR06 MR11 MR14 MR04 MR12 MR07
610,9,26,24,0.9230769230769231,MR13 MR10 MR11 MR02 MR14 MR04 MR07 MR06 MR12
611,9,22,21,0.9545454545454546,MR13 MR10 MR11 MR02 MR07 MR12 MR04 MR14 MR06
612,8,23,20,0.8695652173913043,MR13 MR10 MR11 MR02 MR06 MR04 MR12 MR14
613,9,24,23,0.9583333333333334,MR12 MR10 MR02 MR14 MR06 MR11 MR13 MR04 MR07
614,8,25,20,0.8,MR13 MR10 MR02 MR11 MR07 MR04 MR06 MR12
615,9,24,23,0.9583333333333334,MR13 MR10 MR02 MR07 MR11 MR04 MR14 MR06 MR12
616,8,27,23,0.8518518518518519,MR13 MR10 MR11 MR02 MR14 MR07 MR04 MR06
617,9,28,24,0.8571428571428571,MR05 MR10 MR02 MR06 MR11 MR04 MR07 MR12 MR14
618,9,25,23,0.92,MR13 MR10 MR02 MR07 MR14 MR06 MR04 MR11 MR12
619,9,17,16,0.9411764705882353,MR13 MR10 MR11 MR02 MR04 MR06 MR07 MR14 MR12
620,9,28,27,0.9642857142857143,MR13 MR10 MR02 MR11 MR07 MR04 MR12 MR14 MR06
621,9,22,21,0.9545454545454546,MR13 MR10 MR02 MR11 MR07 MR04 MR14 MR06 MR12
622,9,25,24,0.96,MR12 MR10 MR02 MR06 MR11 MR13 MR04 MR07 MR14
623,9,30,28,0.9333333333333333,MR12 MR10 MR02 MR11 MR06 MR13 MR04 MR07 MR14
624,9,23,22,0.9565217391304348,MR13 MR10 MR02 MR11 MR07 MR04 MR06 MR12 MR14
625,9,27,25,0.9259259259259259,MR13 MR10 MR02 MR11 MR12 MR07 MR04 MR06 MR14
626,9,25,25,1.0,MR12 MR10 MR02 MR06 MR07 MR13 MR04 MR11 MR14
627,9,24,23,0.9583333333333334,MR13 MR10 MR02 MR06 MR11 MR04 MR07 MR12 MR14
628,9,25,25,1.0,MR13 MR10 MR11 MR02 MR04 MR06 MR07 MR12 MR14
629,9,22,21,0.9545454545454546,MR13 MR10 MR11 MR02 MR04 MR06 MR14 MR07 MR12
630,9,24,23,0.9583333333333334,MR13 MR10 MR02 MR07 MR11 MR14 MR04 MR12 MR06
631,9,20,19,0.95,MR12 MR10 MR02 MR11 MR07 MR13 MR04 MR14 MR06
632,9,22,21,0.9545454545454546,MR13 MR10 MR02 MR11 MR06 MR04 MR14 MR07 MR12
633,9,26,25,0.9615384615384616,MR13 MR10 MR02 MR06 MR11 MR14 MR04 MR07 MR12
634,8,24,20,0.8333333333333334,MR12 MR10 MR02 MR07 MR11 MR13 MR14 MR04
635,9,22,20,0.9090909090909091,MR13 MR10 MR11 MR02 MR04 MR06 MR07 MR12 MR14
636,9,25,23,0.92,MR13 MR10 MR02 MR07 MR11 MR04 MR14 MR06 MR12
637,9,26,25,0.9615384615384616,MR13 MR10 MR11 MR02 MR12 MR04 MR07 MR14 MR06
638,9,22,21,0.9545454545454546,MR13 MR10 MR11 MR02 MR04 MR07 MR14 MR06 MR12
639,9,27,25,0.9259259259259259,MR14 MR10 MR02 MR07 MR11 MR13 MR04 MR06 MR12
640,9,23,23,1.0,MR13 MR10 MR02 MR11 MR06 MR12 MR04 MR07 MR14
641,9,22,21,0.9545454545454546,MR13 MR10 MR11 MR02 MR04 MR07 MR14 MR12 MR06
642,9,20,19,0.95,MR13 MR10 MR11 MR02 MR14 MR04 MR12 MR06 MR07
643,8,28,24,0.8571428571428571,MR13 MR10 MR11 MR02 MR04 MR06 MR07 MR12
644,9,27,26,0.9629629629629629,MR13 MR10 MR02 MR11 MR04 MR06 MR07 MR12 MR14
645,9,27,26,0.9629629629629629,MR13 MR10 MR02 MR11 MR07 MR12 MR04 MR06 MR14
646,9,20,20,1.0,MR12 MR10 MR02 MR06 MR07 MR11 MR04 MR13 MR14
647,9,26,25,0.9615384615384616,MR13 MR10 MR11 MR02 MR04 MR07 MR12 MR14 MR06
648,9,27,26,0.9629629629629629,MR13 MR10 MR02 MR11 MR12 MR04 MR06 MR07 MR14
649,9,28,27,0.9642857142857143,MR13 MR10 MR02 MR07 MR11 MR04 MR06 MR12 MR14
650,9,26,25,0.9615384615384616,MR13 MR10 MR02 MR11 MR07 MR14 MR04 MR06 MR12
651,9,25,24,0.96,MR12 MR10 MR02 MR06 MR11 MR13 MR14 MR04 MR07
652,9,25,24,0.96,MR13 MR10 MR11 MR02 MR06 MR12 MR04 MR14 MR07
653,9,29,28,0.9655172413793104,MR12 MR10 MR11 MR02 MR14 MR13 MR04 MR07 MR06
654,8,24,18,0.75,MR12 MR10 MR11 MR02 MR14 MR05 MR04 MR06
655,9,23,23,1.0,MR13 MR10 MR02 MR11 MR07 MR04 MR14 MR12 MR06
656,9,23,22,0.9565217391304348,MR13 MR10 MR02 MR07 MR06 MR04 MR11 MR12 MR14
657,9,27,26,0.9629629629629629,MR12 MR10 MR11 MR02 MR14 MR04 MR13 MR06 MR07
658,9,27,26,0.9629629629629629,MR13 MR10 MR02 MR07 MR11 MR12 MR14 MR04 MR06
659,9,23,22,0.9565217391304348,MR13 MR10 MR11 MR02 MR06 MR04 MR14 MR07 MR12
660,9,23,22,0.9565217391304348,MR12 MR10 MR02 MR11 MR14 MR13 MR04 MR06 MR07
661,9,25,25,1.0,MR13 MR10 MR02 MR12 MR11 MR07 MR04 MR06 MR14
662,9,29,28,0.9655172413793104,MR13 MR10 MR11 MR02 MR14 MR06 MR04 MR07 MR12
663,9,25,24,0.96,MR12 MR10 MR02 MR06 MR11 MR13 MR14 MR04 MR07
664,9,21,20,0.9523809523809523,MR13 MR10 MR11 MR02 MR04 MR07 MR12 MR06 MR14
665,9,21,20,0.9523809523809523,MR12 MR10 MR02 MR07 MR13 MR11 MR04 MR06 MR14
666,9,25,23,0.92,MR13 MR10 MR02 MR07 MR11 MR04 MR06 MR14 MR12
667,9,24,23,0.9583333333333334,MR13 MR10 MR02 MR11 MR06 MR14 MR04 MR07 MR12
668,9,24,23,0.9583333333333334,MR12 MR10 MR02 MR06 MR11 MR13 MR04 MR07 MR14
669,9,23,23,1.0,MR13 MR10 MR02 MR11 MR12 MR07 MR04 MR06 MR14
670,8,25,21,0.84,MR13 MR10 MR11 MR02 MR04 MR06 MR07 MR12
671,9,22,21,0.9545454545454546,MR13 MR10 MR11 MR02 MR06 MR14 MR04 MR12 MR07
672,9,23,23,1.0,MR12 MR10 MR02 MR11 MR07 MR14 MR04 MR06 MR13
673,9,29,28,0.9655172413793104,MR13 MR10 MR02 MR11 MR06 MR14 MR04 MR07 MR12
674,9,22,22,1.0,MR13 MR10 MR11 MR02 MR14 MR04 MR06 MR07 MR12
675,9,25,24,0.96,MR13 MR10 MR02 MR07 MR11 MR04 MR14 MR06 MR12
676,9,21,21,1.0,MR13 MR10 MR02 MR11 MR07 MR12 MR04 MR06 MR14
677,9,28,26,0.9285714285714286,MR13 MR10 MR11 MR02 MR04 MR06 MR12 MR07 MR14
678,9,21,20,0.9523809523809523,MR13 MR10 MR02 MR11 MR07 MR04 MR12 MR06 MR14
679,8,27,23,0.8518518518518519,MR13 MR10 MR02 MR11 MR14 MR06 MR04 MR07
680,9,23,23,1.0,MR13 MR10 MR11 MR02 MR06 MR04 MR14 MR07 MR12
681,9,25,23,0.92,MR13 MR10 MR02 MR07 MR06 MR12 MR04 MR11 MR14
682,9,25,24,0.96,MR13 MR10 MR02 MR11 MR14 MR04 MR06 MR07 MR12
683,9,22,21,0.9545454545454546,MR13 MR10 MR02 MR11 MR07 MR04 MR12 MR14 MR06
684,9,24,23,0.9583333333333334,MR12 MR10 MR11 MR02 MR04 MR07 MR06 MR13 MR14
685,9,26,25,0.9615384615384616,MR13 MR10 MR07 MR02 MR04 MR14 MR06 MR11 MR12
686,9,29,28,0.9655172413793104,MR13 MR10 MR02 MR11 MR07 MR14 MR04 MR06 MR12
687,8,23,19,0.8260869565217391,MR13 MR10 MR11 MR02 MR12 MR04 MR07 MR14
688,9,23,22,0.9565217391304348,MR14 MR10 MR02 MR06 MR11 MR12 MR13 MR04 MR07
689,9,21,20,0.9523809523809523,MR13 MR10 MR02 MR11 MR07 MR14 MR04 MR06 MR12
690,9,22,21,0.9545454545454546,MR12 MR10 MR11 MR02 MR14 MR13 MR04 MR06 MR07
691,9,25,25,1.0,MR13 MR10 MR11 MR02 MR04 MR14 MR06 MR07 MR12
692,9,29,28,0.9655172413793104,MR13 MR10 MR11 MR02 MR12 MR04 MR07 MR14 MR06
693,9,24,23,0.9583333333333334,MR13 MR10 MR02 MR11 MR07 MR04 MR06 MR12 MR14
694,9,26,22,0.8461538461538461,MR12 MR10 MR02 MR07 MR11 MR14 MR05 MR04 MR06
695,9,18,18,1.0,MR13 MR10 MR02 MR06 MR11 MR14 MR04 MR07 MR12
696,9,18,18,1.0,MR13 MR10 MR02 MR11 MR07 MR12 MR04 MR06 MR14
697,9,27,25,0.9259259259259259,MR13 MR10 MR11 MR02 MR04 MR07 MR12 MR14 MR06
698,8,22,18,0.8181818181818182,MR13 MR10 MR11 MR02 MR04 MR06 MR07 MR14
699,9,23,22,0.9565217391304348,MR13 MR10 MR11 MR02 MR06 MR04 MR12 MR14 MR07
700,9,25,24,0.96,MR12 MR10 MR11 MR02 MR13 MR04 MR06 MR07 MR14
701,8,23,19,0.8260869565217391,MR13 MR10 MR06 MR02 MR11 MR12 MR04 MR14
702,9,24,23,0.9583333333333334,MR13 MR10 MR07 MR02 MR11 MR04 MR14 MR06 MR12
703,9,25,24,0.96,MR13 MR10 MR11 MR14 MR02 MR04 MR06 MR07 MR12
704,8,22,19,0.8636363636363636,MR13 MR10 MR07 MR02 MR14 MR04 MR11 MR06
705,9,28,27,0.9642857142857143,MR13 MR10 MR02 MR07 MR11 MR04 MR14 MR06 MR12
706,9,28,26,0.9285714285714286,MR13 MR10 MR02 MR11 MR06 MR14 MR04 MR07 MR12
707,8,25,21,0.84,MR13 MR10 MR11 MR02 MR04 MR06 MR14 MR07
708,9,23,22,0.9565217391304348,MR12 MR10 MR02 MR11 MR06 MR04 MR13 MR07 MR14
709,9,26,25,0.9615384615384616,MR12 MR10 MR02 MR11 MR14 MR07 MR13 MR04 MR06
710,9,20,19,0.95,MR13 MR10 MR11 MR02 MR04 MR07 MR12 MR06 MR14
711,9,25,25,1.0,MR13 MR10 MR11 MR02 MR14 MR04 MR06 MR07 MR12
712,9,26,25,0.9615384615384616,MR12 MR10 MR02 MR11 MR06 MR04 MR07 MR13 MR14
713,9,27,26,0.9629629629629629,MR13 MR10 MR02 MR06 MR11 MR12 MR04 MR07 MR14
714,9,24,23,0.9583333333333334,MR13 MR10 MR02 MR11 MR12 MR14 MR06 MR04 MR07
715,9,30,29,0.9666666666666667,MR12 MR10 MR11 MR02 MR04 MR06 MR07 MR13 MR14
716,9,17,16,0.9411764705882353,MR13 MR10 MR02 MR07 MR06 MR14 MR04 MR11 MR12
717,9,26,22,0.8461538461538461,MR12 MR10 MR11 MR02 MR04 MR06 MR05 MR07 MR14
718,7,23,17,0.7391304347826086,MR12 MR10 MR11 MR02 MR06 MR04 MR13
719,9,21,20,0.9523809523809523,MR14 MR10 MR02 MR11 MR06 MR13 MR04 MR07 MR12
720,9,25,25,1.0,MR12 MR10 MR11 MR02 MR13 MR04 MR07 MR14 MR06
721,9,26,25,0.9615384615384616,MR12 MR10 MR11 MR02 MR13 MR04 MR07 MR14 MR06
722,9,24,24,1.0,MR12 MR10 MR02 MR11 MR04 MR06 MR07 MR13 MR14
723,9,25,24,0.96,MR13 MR10 MR02 MR11 MR07 MR04 MR12 MR06 MR14
724,9,18,18,1.0,MR13 MR10 MR02 MR06 MR11 MR04 MR07 MR12 MR14
725,9,24,23,0.9583333333333334,MR13 MR10 MR11 MR02 MR04 MR06 MR07 MR14 MR12
726,9,22,21,0.9545454545454546,MR14 MR10 MR02 MR07 MR11 MR04 MR06 MR12 MR13
727,9,27,26,0.9629629629629629,MR13 MR10 MR07 MR02 MR14 MR04 MR06 MR11 MR12
728,9,22,22,1.0,MR12 MR10 MR02 MR06 MR11 MR04 MR14 MR07 MR13
729,9,25,24,0.96,MR13 MR10 MR02 MR06 MR14 MR07 MR04 MR11 MR12
730,9,23,23,1.0,MR12 MR10 MR11 MR02 MR13 MR04 MR07 MR06 MR14
731,9,25,21,0.84,MR12 MR10 MR11 MR02 MR14 MR04 MR06 MR05 MR07
732,9,20,19,0.95,MR13 MR10 MR02 MR06 MR11 MR04 MR07 MR12 MR14
733,9,26,24,0.9230769230769231,MR12 MR10 MR11 MR02 MR13 MR04 MR14 MR06 MR07
734,9,24,22,0.9166666666666666,MR13 MR10 MR11 MR02 MR14 MR04 MR07 MR12 MR06
735,8,26,22,0.8461538461538461,MR12 MR10 MR11 MR02 MR13 MR06 MR04 MR14
736,9,26,24,0.9230769230769231,MR13 MR10 MR11 MR02 MR14 MR07 MR04 MR12 MR06
737,9,23,21,0.9130434782608695,MR13 MR10 MR11 MR02 MR04 MR07 MR12 MR06 MR14
738,8,23,19,0.8260869565217391,MR13 MR10 MR02 MR11 MR07 MR14 MR04 MR06
739,9,23,22,0.9565217391304348,MR13 MR10 MR11 MR02 MR14 MR04 MR07 MR12 MR06
740,9,21,20,0.9523809523809523,MR13 MR10 MR02 MR11 MR06 MR12 MR14 MR04 MR07
741,9,25,24,0.96,MR13 MR10 MR02 MR11 MR12 MR14 MR04 MR06 MR07
742,9,21,19,0.9047619047619048,MR13 MR10 MR02 MR11 MR07 MR14 MR04 MR06 MR12
743,8,21,18,0.8571428571428571,MR13 MR10 MR11 MR02 MR14 MR04 MR06 MR12
744,9,21,20,0.9523809523809523,MR13 MR10 MR02 MR11 MR04 MR06 MR07 MR14 MR12
745,9,25,23,0.92,MR12 MR10 MR02 MR06 MR11 MR13 MR04 MR14 MR07
746,9,21,20,0.9523809523809523,MR13 MR10 MR11 MR02 MR07 MR04 MR14 MR12 MR06
747,9,24,23,0.9583333333333334,MR13 MR10 MR02 MR11 MR07 MR04 MR12 MR06 MR14
748,9,26,26,1.0,MR13 MR10 MR11 MR14 MR02 MR04 MR07 MR06 MR12
749,9,26,26,1.0,MR13 MR10 MR14 MR02 MR11 MR06 MR04 MR07 MR12
750,9,30,29,0.9666666666666667,MR13 MR10 MR11 MR02 MR07 MR04 MR14 MR06 MR12
751,9,22,22,1.0,MR13 MR10 MR02 MR11 MR14 MR07 MR04 MR06 MR12
752,9,28,27,0.9642857142857143,MR12 MR10 MR02 MR11 MR14 MR06 MR04 MR07 MR13
753,9,26,25,0.9615384615384616,MR13 MR10 MR07 MR02 MR11 MR04 MR14 MR06 MR12
754,8,31,27,0.8709677419354839,MR13 MR10 MR11 MR02 MR12 MR04 MR07 MR14
755,9,22,22,1.0,MR13 MR10 MR02 MR11 MR07 MR12 MR14 MR04 MR06
756,9,26,25,0.9615384615384616,MR13 MR10 MR11 MR02 MR04 MR12 MR06 MR14 MR07
757,9,26,25,0.9615384615384616,MR13 MR10 MR11 MR02 MR04 MR06 MR07 MR12 MR14
758,9,22,22,1.0,MR13 MR10 MR11 MR02 MR04 MR14 MR06 MR07 MR12
759,9,25,24,0.96,MR07 MR10 MR02 MR11 MR13 MR12 MR04 MR14 MR06
760,9,25,25,1.0,MR13 MR10 MR02 MR11 MR04 MR06 MR07 MR12 MR14
761,8,21,17,0.8095238095238095,MR13 MR10 MR02 MR11 MR06 MR04 MR07 MR14
762,9,29,29,1.0,MR13 MR10 MR02 MR11 MR07 MR04 MR12 MR06 MR14
763,9,22,21,0.9545454545454546,MR13 MR10 MR11 MR02 MR14 MR04 MR07 MR12 MR06
764,9,20,19,0.95,MR13 MR10 MR02 MR06 MR11 MR04 MR14 MR07 MR12
765,9,21,21,1.0,MR13 MR10 MR11 MR02 MR14 MR04 MR06 MR07 MR12
766,9,23,22,0.9565217391304348,MR13 MR10 MR02 MR11 MR07 MR04 MR06 MR12 MR14
767,9,25,23,0.92,MR13 MR10 MR11 MR02 MR04 MR07 MR12 MR14 MR06
768,9,23,22,0.9565217391304348,MR12 MR10 MR11 MR02 MR13 MR04 MR07 MR06 MR14
769,9,28,27,0.9642857142857143,MR13 MR10 MR02 MR11 MR06 MR14 MR04 MR12 MR07
770,9,24,23,0.9583333333333334,MR13 MR10 MR02 MR11 MR07 MR04 MR06 MR12 MR14
771,9,19,17,0.8947368421052632,MR13 MR10 MR11 MR02 MR14 MR04 MR12 MR06 MR07
772,9,21,20,0.9523809523809523,MR13 MR10 MR11 MR02 MR04 MR07 MR12 MR06 MR14
773,8,27,23,0.8518518518518519,MR13 MR10 MR02 MR07 MR11 MR04 MR06 MR12
774,9,24,24,1.0,MR12 MR10 MR11 MR02 MR13 MR04 MR07 MR06 MR14
775,9,20,19,0.95,MR13 MR10 MR02 MR11 MR06 MR04 MR07 MR12 MR14
776,8,24,20,0.8333333333333334,MR13 MR10 MR11 MR02 MR07 MR04 MR12 MR14
777,9,28,28,1.0,MR12 MR10 MR02 MR11 MR13 MR07 MR14 MR04 MR06
778,9,18,18,1.0,MR12 MR10 MR02 MR11 MR07 MR14 MR04 MR06 MR13
779,9,25,23,0.92,MR13 MR10 MR02 MR11 MR07 MR04 MR12 MR14 MR06
780,9,17,16,0.9411764705882353,MR13 MR10 MR02 MR11 MR07 MR04 MR14 MR12 MR06
781,9,24,23,0.9583333333333334,MR13 MR10 MR02 MR06 MR07 MR12 MR04 MR11 MR14
782,9,24,24,1.0,MR13 MR10 MR02 MR11 MR07 MR04 MR12 MR06 MR14
783,9,21,20,0.9523809523809523,MR12 MR10 MR11 MR02 MR13 MR14 MR04 MR07 MR06
784,9,21,18,0.8571428571428571,MR05 MR10 MR11 MR02 MR07 MR04 MR14 MR12 MR06
785,9,27,26,0.9629629629629629,MR13 MR10 MR02 MR06 MR11 MR12 MR04 MR07 MR14
786,9,23,23,1.0,MR13 MR10 MR02 MR11 MR07 MR04 MR12 MR06 MR14
787,8,27,21,0.7777777777777778,MR12 MR10 MR02 MR07 MR11 MR14 MR04 MR06
788,9,21,20,0.9523809523809523,MR13 MR10 MR02 MR11 MR07 MR12 MR04 MR14 MR06
789,9,21,20,0.9523809523809523,MR13 MR10 MR02 MR11 MR06 MR14 MR04 MR07 MR12
790,9,22,21,0.9545454545454546,MR13 MR10 MR02 MR06 MR07 MR04 MR14 MR11 MR12
791,9,27,27,1.0,MR13 MR10 MR02 MR06 MR07 MR11 MR04 MR12 MR14
792,9,21,21,1.0,MR13 MR10 MR11 MR02 MR04 MR12 MR06 MR07 MR14
793,9,26,25,0.9615384615384616,MR13 MR10 MR02 MR11 MR04 MR06 MR07 MR12 MR14
794,9,27,26,0.9629629629629629,MR13 MR10 MR02 MR06 MR12 MR11 MR04 MR07 MR14
795,9,28,28,1.0,MR06 MR10 MR02 MR14 MR13 MR11 MR04 MR12 MR07
796,9,20,19,0.95,MR13 MR10 MR11 MR02 MR04 MR07 MR14 MR12 MR06
797,8,25,21,0.84,MR13 MR10 MR11 MR02 MR06 MR12 MR04 MR07
798,9,24,24,1.0,MR13 MR10 MR11 MR02 MR04 MR06 MR07 MR12 MR14
799,9,23,22,0.9565217391304348,MR13 MR10 MR06 MR02 MR04 MR11 MR14 MR12 MR07
800,9,23,22,0.9565217391304348,MR13 MR10 MR02 MR11 MR07 MR04 MR06 MR12 MR14
801,9,27,26,0.9629629629629629,MR12 MR10 MR11 MR02 MR13 MR07 MR14 MR04 MR06
802,9,24,24,1.0,MR13 MR10 MR11 MR02 MR12 MR14 MR04 MR07 MR06
803,9,25,24,0.96,MR13 MR10 MR11 MR02 MR14 MR04 MR07 MR06 MR12
804,8,25,21,0.84,MR13 MR10 MR11 MR02 MR06 MR04 MR12 MR14
805,9,26,25,0.9615384615384616,MR13 MR10 MR02 MR11 MR07 MR04 MR14 MR06 MR12
806,9,23,23,1.0,MR13 MR10 MR11 MR02 MR14 MR04 MR07 MR12 MR06
807,9,16,15,0.9375,MR13 MR10 MR02 MR11 MR04 MR06 MR07 MR14 MR12
808,9,27,26,0.9629629629629629,MR13 MR10 MR11 MR02 MR14 MR04 MR07 MR06 MR12
809,9,21,20,0.9523809523809523,MR13 MR10 MR11 MR02 MR14 MR04 MR06 MR12 MR07
810,9,26,26,1.0,MR13 MR10 MR02 MR11 MR07 MR04 MR06 MR14 MR12
811,9,22,22,1.0,MR06 MR10 MR02 MR12 MR13 MR04 MR07 MR14 MR11
812,9,22,22,1.0,MR12 MR10 MR02 MR06 MR07 MR13 MR04 MR11 MR14
813,9,27,26,0.9629629629629629,MR13 MR10 MR02 MR11 MR07 MR04 MR06 MR12 MR14
814,9,20,19,0.95,MR13 MR10 MR11 MR02 MR04 MR07 MR06 MR12 MR14
815,9,25,24,0.96,MR13 MR10 MR11 MR02 MR14 MR04 MR12 MR07 MR06
816,9,19,19,1.0,MR13 MR10 MR02 MR07 MR11 MR14 MR04 MR12 MR06
817,9,26,25,0.9615384615384616,MR13 MR10 MR02 MR11 MR07 MR14 MR04 MR06 MR12
818,9,26,25,0.9615384615384616,MR13 MR10 MR11 MR02 MR04 MR06 MR07 MR12 MR14
819,9,21,21,1.0,MR13 MR10 MR02 MR11 MR14 MR06 MR04 MR07 MR12
820,8,26,23,0.8846153846153846,MR13 MR10 MR11 MR02 MR07 MR14 MR04 MR06
821,9,25,24,0.96,MR13 MR10 MR02 MR07 MR11 MR04 MR06 MR12 MR14
822,9,25,20,0.8,MR12 MR10 MR11 MR02 MR04 MR14 MR06 MR07 MR05
823,8,28,24,0.8571428571428571,MR13 MR10 MR11 MR02 MR06 MR04 MR12 MR14
824,9,24,23,0.9583333333333334,MR13 MR10 MR02 MR11 MR06 MR04 MR12 MR07 MR14
825,9,22,20,0.9090909090909091,MR13 MR10 MR11 MR02 MR04 MR12 MR06 MR07 MR14
826,9,25,24,0.96,MR13 MR10 MR11 MR02 MR14 MR04 MR06 MR12 MR07
827,9,21,20,0.9523809523809523,MR13 MR10 MR11 MR02 MR04 MR06 MR12 MR14 MR07
828,9,24,22,0.9166666666666666,MR12 MR10 MR02 MR07 MR06 MR13 MR14 MR04 MR11
829,9,21,20,0.9523809523809523,MR12 MR10 MR11 MR02 MR13 MR04 MR06 MR07 MR14
830,9,24,23,0.9583333333333334,MR13 MR10 MR11 MR02 MR04 MR06 MR12 MR07 MR14
831,9,23,19,0.8260869565217391,MR12 MR10 MR11 MR02 MR07 MR14 MR04 MR05 MR06
832,9,27,26,0.9629629629629629,MR07 MR10 MR02 MR11 MR04 MR13 MR12 MR14 MR06
833,9,21,20,0.9523809523809523,MR13 MR10 MR02 MR06 MR07 MR04 MR11 MR14 MR12
834,9,28,28,1.0,MR13 MR10 MR02 MR07 MR11 MR04 MR12 MR06 MR14
835,9,21,20,0.9523809523809523,MR13 MR10 MR02 MR06 MR07 MR04 MR11 MR12 MR14
836,9,22,21,0.9545454545454546,MR13 MR10 MR02 MR07 MR11 MR12 MR14 MR04 MR06
837,9,26,25,0.9615384615384616,MR13 MR10 MR02 MR06 MR11 MR04 MR12 MR07 MR14
838,9,21,19,0.9047619047619048,MR13 MR10 MR11 MR02 MR14 MR04 MR07 MR12 MR06
839,9,28,27,0.9642857142857143,MR13 MR10 MR11 MR02 MR14 MR04 MR07 MR06 MR12
840,9,25,24,0.96,MR12 MR10 MR11 MR02 MR14 MR04 MR07 MR13 MR06
841,9,24,23,0.9583333333333334,MR13 MR10 MR11 MR02 MR04 MR07 MR06 MR12 MR14
842,9,27,26,0.9629629629629629,MR13 MR10 MR12 MR02 MR11 MR06 MR04 MR07 MR14
843,9,26,22,0.8461538461538461,MR12 MR10 MR02 MR06 MR07 MR11 MR04 MR05 MR14
844,9,26,25,0.9615384615384616,MR13 MR10 MR11 MR02 MR06 MR12 MR04 MR14 MR07
845,7,22,16,0.7272727272727273,MR13 MR10 MR11 MR02 MR07 MR12 MR04
846,8,25,20,0.8,MR13 MR10 MR11 MR02 MR06 MR04 MR14 MR12
847,9,23,23,1.0,MR13 MR10 MR11 MR02 MR04 MR06 MR12 MR14 MR07
848,9,22,21,0.9545454545454546,MR13 MR10 MR11 MR02 MR04 MR14 MR07 MR06 MR12
849,9,21,20,0.9523809523809523,MR13 MR10 MR11 MR02 MR04 MR14 MR06 MR07 MR12
850,9,26,25,0.9615384615384616,MR13 MR10 MR02 MR11 MR06 MR04 MR07 MR12 MR14
851,8,27,23,0.8518518518518519,MR13 MR10 MR11 MR02 MR14 MR04 MR06 MR12
852,9,23,22,0.9565217391304348,MR13 MR10 MR06 MR02 MR14 MR04 MR07 MR11 MR12
853,9,22,21,0.9545454545454546,MR12 MR10 MR11 MR02 MR04 MR07 MR13 MR14 MR06
854,8,23,19,0.8260869565217391,MR13 MR10 MR06 MR02 MR11 MR14 MR04 MR12
855,8,23,19,0.8260869565217391,MR13 MR10 MR11 MR02 MR04 MR07 MR06 MR14
856,9,26,24,0.9230769230769231,MR13 MR10 MR11 MR02 MR04 MR07 MR06 MR12 MR14
857,9,26,25,0.9615384615384616,MR13 MR10 MR02 MR07 MR11 MR12 MR04 MR06 MR14
858,9,26,25,0.9615384615384616,MR12 MR10 MR11 MR02 MR13 MR06 MR04 MR14 MR07
859,8,24,21,0.875,MR13 MR10 MR11 MR02 MR12 MR04 MR14 MR06
860,9,27,25,0.9259259259259259,MR13 MR10 MR11 MR02 MR04 MR07 MR12 MR14 MR06
861,8,23,20,0.8695652173913043,MR13 MR10 MR02 MR11 MR07 MR04 MR12 MR06
862,9,21,20,0.9523809523809523,MR13 MR10 MR11 MR02 MR14 MR04 MR12 MR06 MR07
863,9,24,24,1.0,MR13 MR10 MR06 MR02 MR04 MR11 MR14 MR07 MR12
864,9,30,30,1.0,MR13 MR10 MR11 MR02 MR04 MR07 MR14 MR06 MR12
865,9,21,20,0.9523809523809523,MR13 MR10 MR02 MR11 MR06 MR04 MR07 MR14 MR12
866,8,27,23,0.8518518518518519,MR12 MR10 MR02 MR07 MR11 MR13 MR04 MR14
867,9,24,20,0.8333333333333334,MR14 MR10 MR11 MR02 MR04 MR12 MR05 MR06 MR07
868,9,24,24,1.0,MR12 MR10 MR02 MR11 MR07 MR14 MR04 MR13 MR06
869,8,23,19,0.8260869565217391,MR13 MR10 MR11 MR02 MR12 MR04 MR06 MR14
870,9,20,19,0.95,MR07 MR10 MR02 MR14 MR06 MR12 MR13 MR04 MR11
871,9,25,24,0.96,MR13 MR10 MR02 MR07 MR11 MR04 MR12 MR06 MR14
872,9,25,24,0.96,MR13 MR10 MR02 MR11 MR04 MR06 MR07 MR12 MR14
873,9,24,23,0.9583333333333334,MR06 MR10 MR02 MR14 MR13 MR04 MR11 MR12 MR07
874,9,23,22,0.9565217391304348,MR13 MR10 MR02 MR11 MR07 MR14 MR04 MR12 MR06
875,9,21,20,0.9523809523809523,MR13 MR10 MR11 MR02 MR04 MR07 MR12 MR14 MR06
876,8,25,21,0.84,MR13 MR10 MR02 MR06 MR07 MR11 MR12 MR04
877,9,25,24,0.96,MR13 MR10 MR11 MR02 MR12 MR14 MR04 MR06 MR07
878,8,25,22,0.88,MR12 MR10 MR11 MR02 MR04 MR13 MR06 MR07
879,9,23,22,0.9565217391304348,MR13 MR10 MR02 MR11 MR04 MR06 MR07 MR14 MR12
880,9,26,25,0.9615384615384616,MR12 MR10 MR11 MR02 MR13 MR14 MR04 MR07 MR06
881,9,21,20,0.9523809523809523,MR13 MR10 MR02 MR11 MR07 MR04 MR12 MR06 MR14
882,9,23,22,0.9565217391304348,MR13 MR10 MR02 MR07 MR11 MR14 MR04 MR06 MR12
883,9,24,23,0.9583333333333334,MR12 MR10 MR02 MR11 MR04 MR06 MR07 MR13 MR14
884,9,19,18,0.9473684210526315,MR13 MR10 MR11 MR02 MR12 MR14 MR04 MR06 MR07
885,9,24,23,0.9583333333333334,MR13 MR10 MR11 MR02 MR12 MR04 MR06 MR07 MR14
886,9,30,29,0.9666666666666667,MR14 MR10 MR02 MR06 MR11 MR04 MR13 MR07 MR12
887,9,24,23,0.9583333333333334,MR12 MR10 MR11 MR02 MR04 MR06 MR13 MR14 MR07
888,9,26,25,0.9615384615384616,MR12 MR10 MR11 MR02 MR04 MR07 MR13 MR14 MR06
889,9,27,25,0.9259259259259259,MR13 MR10 MR02 MR06 MR07 MR11 MR12 MR04 MR14
890,9,28,28,1.0,MR13 MR10 MR11 MR02 MR12 MR04 MR07 MR14 MR06
891,8,25,21,0.84,MR13 MR10 MR11 MR02 MR04 MR07 MR12 MR14
892,9,25,24,0.96,MR12 MR10 MR02 MR14 MR06 MR11 MR04 MR07 MR13
893,9,21,21,1.0,MR13 MR10 MR02 MR06 MR07 MR11 MR14 MR04 MR12
894,9,24,23,0.9583333333333334,MR13 MR10 MR02 MR11 MR12 MR14 MR04 MR06 MR07
895,9,23,22,0.9565217391304348,MR13 MR10 MR11 MR02 MR14 MR04 MR06 MR12 MR07
896,9,26,25,0.9615384615384616,MR13 MR10 MR02 MR11 MR06 MR14 MR04 MR07 MR12
897,9,24,21,0.875,MR14 MR10 MR11 MR02 MR04 MR05 MR06 MR07 MR12
898,9,24,23,0.9583333333333334,MR13 MR10 MR11 MR02 MR14 MR04 MR07 MR12 MR06
899,9,23,22,0.9565217391304348,MR13 MR10 MR02 MR11 MR06 MR14 MR04 MR07 MR12
900,9,24,24,1.0,MR13 MR10 MR02 MR11 MR06 MR04 MR07 MR12 MR14
901,8,26,19,0.7307692307692307,MR12 MR10 MR02 MR11 MR07 MR04 MR05 MR06
902,9,24,24,1.0,MR13 MR10 MR02 MR11 MR12 MR04 MR06 MR07 MR14
903,9,20,19,0.95,MR13 MR10 MR02 MR11 MR07 MR12 MR04 MR06 MR14
904,9,26,26,1.0,MR13 MR10 MR11 MR02 MR04 MR06 MR12 MR07 MR14
905,9,16,15,0.9375,MR13 MR10 MR11 MR02 MR07 MR04 MR12 MR14 MR06
906,8,29,26,0.896551724137931,MR13 MR10 MR11 MR02 MR14 MR06 MR04 MR12
907,9,22,21,0.9545454545454546,MR12 MR10 MR11 MR02 MR14 MR04 MR06 MR07 MR13
908,9,23,22,0.9565217391304348,MR13 MR10 MR02 MR11 MR06 MR12 MR04 MR07 MR14
909,9,20,19,0.95,MR13 MR10 MR02 MR11 MR14 MR04 MR06 MR07 MR12
910,9,21,21,1.0,MR13 MR10 MR02 MR07 MR12 MR04 MR06 MR11 MR14
911,9,25,24,0.96,MR12 MR10 MR11 MR02 MR04 MR06 MR13 MR14 MR07
912,8,27,22,0.8148148148148148,MR13 MR10 MR11 MR02 MR04 MR07 MR12 MR14
913,9,25,23,0.92,MR13 MR10 MR02 MR07 MR11 MR04 MR06 MR12 MR14
914,9,21,20,0.9523809523809523,MR13 MR10 MR11 MR02 MR12 MR04 MR07 MR14 MR06
915,8,27,23,0.8518518518518519,MR13 MR10 MR02 MR07 MR12 MR04 MR06 MR11
916,9,30,29,0.9666666666666667,MR12 MR10 MR11 MR02 MR13 MR04 MR06 MR14 MR07
917,9,23,21,0.9130434782608695,MR13 MR10 MR11 MR02 MR07 MR04 MR14 MR12 MR06
918,8,26,23,0.8846153846153846,MR13 MR10 MR02 MR06 MR11 MR04 MR07 MR14
919,9,22,22,1.0,MR13 MR10 MR02 MR11 MR06 MR04 MR07 MR14 MR12
920,9,25,24,0.96,MR13 MR10 MR11 MR02 MR04 MR14 MR07 MR12 MR06
921,9,22,22,1.0,MR13 MR10 MR02 MR07 MR11 MR12 MR04 MR06 MR14
922,9,24,24,1.0,MR13 MR10 MR02 MR11 MR14 MR04 MR06 MR07 MR12
923,7,27,19,0.7037037037037037,MR13 MR10 MR11 MR02 MR04 MR14 MR06
924,9,23,22,0.9565217391304348,MR13 MR10 MR02 MR11 MR06 MR04 MR07 MR12 MR14
925,9,27,27,1.0,MR13 MR10 MR02 MR11 MR07 MR04 MR06 MR12 MR14
926,9,25,25,1.0,MR13 MR10 MR11 MR02 MR06 MR14 MR04 MR12 MR07
927,9,24,22,0.9166666666666666,MR12 MR10 MR11 MR02 MR13 MR14 MR04 MR07 MR06
928,9,25,24,0.96,MR13 MR10 MR02 MR14 MR07 MR11 MR04 MR06 MR12
929,8,22,18,0.8181818181818182,MR13 MR10 MR02 MR06 MR11 MR14 MR04 MR07
930,9,21,20,0.9523809523809523,MR13 MR10 MR02 MR11 MR07 MR04 MR06 MR12 MR14
931,9,25,24,0.96,MR13 MR10 MR11 MR02 MR04 MR07 MR06 MR14 MR12
932,9,25,24,0.96,MR13 MR10 MR11 MR02 MR14 MR04 MR12 MR06 MR07
933,9,24,23,0.9583333333333334,MR13 MR10 MR02 MR11 MR06 MR04 MR12 MR14 MR07
934,8,21,18,0.8571428571428571,MR13 MR10 MR02 MR07 MR11 MR04 MR06 MR14
935,9,18,17,0.9444444444444444,MR13 MR10 MR11 MR02 MR12 MR04 MR07 MR14 MR06
936,9,25,24,0.96,MR13 MR10 MR11 MR02 MR07 MR12 MR04 MR14 MR06
937,9,24,23,0.9583333333333334,MR13 MR10 MR02 MR06 MR07 MR11 MR14 MR04 MR12
938,9,22,22,1.0,MR12 MR10 MR11 MR02 MR04 MR07 MR13 MR14 MR06
939,9,22,21,0.9545454545454546,MR13 MR10 MR02 MR07 MR12 MR11 MR04 MR06 MR14
940,9,27,26,0.9629629629629629,MR13 MR10 MR02 MR11 MR04 MR06 MR07 MR14 MR12
941,9,25,24,0.96,MR13 MR10 MR02 MR11 MR06 MR04 MR07 MR12 MR14
942,9,26,25,0.9615384615384616,MR13 MR10 MR02 MR06 MR11 MR04 MR14 MR07 MR12
943,9,25,25,1.0,MR13 MR10 MR11 MR02 MR04 MR07 MR12 MR06 MR14
944,9,26,26,1.0,MR12 MR10 MR02 MR11 MR04 MR06 MR07 MR13 MR14
945,8,20,16,0.8,MR12 MR10 MR02 MR07 MR11 MR13 MR04 MR06
946,9,22,21,0.9545454545454546,MR13 MR10 MR02 MR06 MR11 MR04 MR14 MR07 MR12
947,9,26,25,0.9615384615384616,MR12 MR10 MR02 MR11 MR07 MR13 MR04 MR06 MR14
948,9,26,26,1.0,MR13 MR10 MR14 MR02 MR06 MR07 MR12 MR04 MR11
949,9,25,24,0.96,MR12 MR10 MR02 MR11 MR13 MR06 MR04 MR07 MR14
950,9,27,26,0.9629629629629629,MR13 MR10 MR02 MR11 MR07 MR12 MR04 MR06 MR14
951,9,28,27,0.9642857142857143,MR13 MR10 MR11 MR02 MR14 MR04 MR06 MR12 MR07
952,9,25,25,1.0,MR13 MR10 MR02 MR07 MR11 MR14 MR04 MR06 MR12
953,9,26,21,0.8076923076923077,MR05 MR10 MR11 MR02 MR04 MR07 MR12 MR14 MR06
954,9,23,22,0.9565217391304348,MR13 MR10 MR11 MR02 MR14 MR04 MR12 MR06 MR07
955,9,24,23,0.9583333333333334,MR13 MR10 MR11 MR02 MR12 MR04 MR07 MR06 MR14
956,9,22,22,1.0,MR13 MR10 MR02 MR11 MR07 MR14 MR04 MR06 MR12
957,9,21,21,1.0,MR13 MR10 MR02 MR11 MR14 MR07 MR04 MR06 MR12
958,9,24,24,1.0,MR13 MR10 MR02 MR07 MR11 MR12 MR04 MR06 MR14
959,8,26,22,0.8461538461538461,MR13 MR10 MR11 MR02 MR07 MR12 MR14 MR04
960,9,24,23,0.9583333333333334,MR12 MR10 MR02 MR11 MR13 MR04 MR06 MR07 MR14
961,9,23,23,1.0,MR13 MR10 MR02 MR06 MR07 MR11 MR12 MR04 MR14
962,9,28,26,0.9285714285714286,MR12 MR10 MR02 MR13 MR06 MR07 MR11 MR14 MR04
963,9,21,21,1.0,MR13 MR10 MR02 MR11 MR12 MR06 MR04 MR07 MR14
964,9,23,23,1.0,MR13 MR10 MR02 MR07 MR11 MR14 MR04 MR06 MR12
965,9,20,19,0.95,MR13 MR10 MR02 MR11 MR07 MR14 MR04 MR06 MR12
966,9,23,23,1.0,MR13 MR10 MR11 MR02 MR14 MR12 MR04 MR06 MR07
967,9,22,21,0.9545454545454546,MR13 MR10 MR11 MR02 MR04 MR07 MR14 MR06 MR12
968,9,25,24,0.96,MR13 MR10 MR02 MR11 MR14 MR04 MR06 MR07 MR12
969,9,26,24,0.9230769230769231,MR13 MR10 MR11 MR02 MR14 MR04 MR07 MR12 MR06
970,9,21,21,1.0,MR12 MR10 MR02 MR07 MR06 MR14 MR04 MR11 MR13
971,9,26,25,0.9615384615384616,MR12 MR10 MR11 MR02 MR13 MR04 MR07 MR06 MR14
972,8,29,25,0.8620689655172413,MR13 MR10 MR11 MR02 MR12 MR14 MR04 MR07
973,9,23,23,1.0,MR12 MR10 MR02 MR11 MR13 MR14 MR04 MR06 MR07
974,9,27,27,1.0,MR13 MR10 MR02 MR11 MR07 MR04 MR06 MR14 MR12
975,9,24,23,0.9583333333333334,MR12 MR10 MR02 MR11 MR13 MR06 MR04 MR07 MR14
976,9,18,18,1.0,MR13 MR10 MR02 MR11 MR07 MR04 MR06 MR14 MR12
977,9,26,25,0.9615384615384616,MR12 MR10 MR02 MR06 MR13 MR14 MR11 MR04 MR07
978,9,22,21,0.9545454545454546,MR13 MR10 MR02 MR14 MR06 MR11 MR04 MR07 MR12
979,9,25,25,1.0,MR12 MR10 MR11 MR02 MR13 MR04 MR07 MR06 MR14
980,9,22,18,0.8181818181818182,MR12 MR10 MR11 MR02 MR05 MR14 MR04 MR07 MR06
981,9,22,21,0.9545454545454546,MR07 MR10 MR02 MR12 MR11 MR13 MR14 MR04 MR06
982,9,22,22,1.0,MR13 MR10 MR11 MR02 MR04 MR06 MR14 MR07 MR12
983,9,21,20,0.9523809523809523,MR13 MR10 MR11 MR02 MR14 MR04 MR06 MR12 MR07
984,9,22,21,0.9545454545454546,MR13 MR10 MR11 MR02 MR04 MR07 MR12 MR14 MR06
985,9,25,25,1.0,MR13 MR10 MR02 MR07 MR12 MR11 MR04 MR06 MR14
986,9,26,25,0.9615384615384616,MR13 MR10 MR11 MR02 MR04 MR06 MR12 MR07 MR14
987,9,23,22,0.9565217391304348,MR13 MR10 MR11 MR02 MR12 MR06 MR04 MR14 MR07
988,8,22,18,0.8181818181818182,MR13 MR10 MR11 MR02 MR07 MR04 MR12 MR14
989,9,28,27,0.9642857142857143,MR13 MR10 MR02 MR06 MR11 MR04 MR12 MR14 MR07
990,9,24,22,0.9166666666666666,MR12 MR10 MR02 MR11 MR13 MR04 MR06 MR07 MR14
991,9,27,23,0.8518518518518519,MR05 MR10 MR02 MR06 MR11 MR12 MR04 MR14 MR07
992,9,24,23,0.9583333333333334,MR12 MR10 MR02 MR06 MR11 MR04 MR07 MR14 MR13
993,8,25,22,0.88,MR13 MR10 MR02 MR07 MR14 MR06 MR04 MR11
994,9,28,27,0.9642857142857143,MR13 MR10 MR02 MR07 MR11 MR04 MR14 MR06 MR12
995,9,28,27,0.9642857142857143,MR14 MR10 MR02 MR11 MR06 MR04 MR13 MR07 MR12
996,9,21,20,0.9523809523809523,MR12 MR10 MR11 MR02 MR13 MR04 MR06 MR14 MR07
997,9,27,25,0.9259259259259259,MR13 MR10 MR11 MR02 MR04 MR06 MR12 MR14 MR07
998,9,20,19,0.95,MR13 MR10 MR02 MR11 MR14 MR12 MR04 MR06 MR07
999,9,21,21,1.0,MR12 MR10 MR02 MR07 MR11 MR13 MR04 MR06 MR14
1000,9,18,17,0.9444444444444444,MR13 MR10 MR11 MR02 MR04 MR07 MR12 MR14 MR06
1001,9,26,25,0.9615384615384616,MR14 MR10 MR11 MR02 MR13 MR04 MR06 MR07 MR12
1002,9,22,21,0.9545454545454546,MR13 MR10 MR02 MR06 MR11 MR04 MR14 MR07 MR12
1003,9,22,21,0.9545454545454546,MR13 MR10 MR02 MR11 MR07 MR04 MR12 MR06 MR14
1004,9,23,22,0.9565217391304348,MR13 MR10 MR02 MR07 MR11 MR14 MR04 MR12 MR06
1005,9,22,21,0.9545454545454546,MR13 MR10 MR11 MR02 MR14 MR04 MR06 MR07 MR12
1006,9,24,23,0.9583333333333334,MR13 MR10 MR02 MR11 MR07 MR04 MR06 MR12 MR14
1007,9,26,25,0.9615384615384616,MR13 MR10 MR02 MR14 MR06 MR07 MR04 MR11 MR12
1008,9,27,25,0.9259259259259259,MR13 MR10 MR02 MR06 MR07 MR11 MR12 MR04 MR14
1009,8,28,25,0.8928571428571429,MR13 MR10 MR02 MR11 MR12 MR07 MR04 MR06
1010,9,27,25,0.9259259259259259,MR13 MR10 MR11 MR02 MR14 MR04 MR06 MR07 MR12
1011,8,22,19,0.8636363636363636,MR13 MR10 MR11 MR02 MR07 MR04 MR12 MR14
1012,9,22,21,0.9545454545454546,MR13 MR10 MR02 MR11 MR14 MR04 MR06 MR07 MR12
1013,9,25,25,1.0,MR14 MR10 MR02 MR11 MR06 MR13 MR04 MR07 MR12
1014,9,23,22,0.9565217391304348,MR13 MR10 MR02 MR11 MR07 MR04 MR14 MR06 MR12
1015,9,25,24,0.96,MR13 MR10 MR02 MR11 MR07 MR12 MR04 MR06 MR14
1016,9,26,25,0.9615384615384616,MR13 MR10 MR11 MR02 MR14 MR04 MR12 MR06 MR07
1017,9,26,24,0.9230769230769231,MR13 MR10 MR11 MR02 MR12 MR04 MR06 MR07 MR14
1018,9,26,25,0.9615384615384616,MR13 MR10 MR11 MR02 MR14 MR04 MR07 MR12 MR06
1019,9,22,20,0.9090909090909091,MR12 MR10 MR11 MR02 MR13 MR04 MR06 MR07 MR14
1020,9,25,25,1.0,MR13 MR10 MR02 MR11 MR14 MR07 MR04 MR12 MR06
1021,9,19,19,1.0,MR12 MR10 MR02 MR11 MR13 MR06 MR04 MR07 MR14
1022,9,22,22,1.0,MR14 MR10 MR11 MR02 MR13 MR04 MR07 MR12 MR06
1023,9,19,18,0.9473684210526315,MR13 MR10 MR02 MR06 MR07 MR11 MR04 MR14 MR12
1024,9,23,22,0.9565217391304348,MR06 MR10 MR02 MR12 MR13 MR04 MR11 MR14 MR07
1025,9,25,24,0.96,MR12 MR10 MR02 MR11 MR07 MR04 MR13 MR06 MR14
1026,9,19,19,1.0,MR13 MR10 MR02 MR06 MR11 MR04 MR14 MR07 MR12
1027,9,24,23,0.9583333333333334,MR13 MR10 MR11 MR02 MR12 MR04 MR07 MR14 MR06
1028,8,24,21,0.875,MR13 MR10 MR02 MR11 MR07 MR14 MR04 MR06
1029,9,25,24,0.96,MR13 MR10 MR02 MR11 MR06 MR14 MR12 MR04 MR07
1030,9,21,20,0.9523809523809523,MR13 MR10 MR02 MR11 MR07 MR12 MR04 MR14 MR06
1031,9,23,22,0.9565217391304348,MR13 MR10 MR02 MR07 MR11 MR04 MR14 MR06 MR12
1032,9,24,24,1.0,MR12 MR10 MR11 MR02 MR13 MR14 MR04 MR07 MR06
1033,9,26,25,0.9615384615384616,MR13 MR10 MR02 MR11 MR06 MR12 MR04 MR07 MR14
1034,9,23,22,0.9565217391304348,MR13 MR10 MR02 MR11 MR04 MR06 MR07 MR14 MR12
1035,8,21,17,0.8095238095238095,MR12 MR10 MR11 MR02 MR07 MR14 MR04 MR13
1036,9,23,22,0.9565217391304348,MR13 MR10 MR02 MR11 MR04 MR06 MR07 MR12 MR14
1037,9,23,21,0.9130434782608695,MR13 MR10 MR02 MR11 MR07 MR04 MR14 MR06 MR12
1038,9,24,23,0.9583333333333334,MR13 MR10 MR02 MR11 MR06 MR04 MR12 MR07 MR14
1039,9,23,22,0.9565217391304348,MR13 MR10 MR02 MR11 MR06 MR14 MR04 MR07 MR12
1040,9,25,24,0.96,MR13 MR10 MR11 MR02 MR14 MR07 MR04 MR06 MR12
1041,9,22,21,0.9545454545454546,MR12 MR10 MR02 MR07 MR06 MR14 MR04 MR11 MR13
1042,9,23,23,1.0,MR13 MR10 MR11 MR02 MR04 MR06 MR12 MR14 MR07
1043,9,26,25,0.9615384615384616,MR14 MR10 MR11 MR02 MR13 MR04 MR06 MR07 MR12
1044,8,31,27,0.8709677419354839,MR12 MR10 MR02 MR07 MR11 MR13 MR14 MR04
1045,8,23,19,0.8260869565217391,MR13 MR10 MR02 MR11 MR06 MR04 MR07 MR12
1046,9,21,19,0.9047619047619048,MR13 MR10 MR02 MR06 MR11 MR04 MR07 MR12 MR14
1047,8,27,22,0.8148148148148148,MR13 MR10 MR02 MR06 MR11 MR04 MR14 MR12
1048,9,24,22,0.9166666666666666,MR13 MR10 MR02 MR11 MR04 MR06 MR07 MR12 MR14
1049,9,27,26,0.9629629629629629,MR13 MR10 MR11 MR02 MR12 MR04 MR07 MR14 MR06
1050,9,24,24,1.0,MR13 MR10 MR02 MR06 MR07 MR11 MR04 MR12 MR14
1051,9,21,21,1.0,MR13 MR10 MR11 MR02 MR04 MR06 MR12 MR14 MR07
1052,9,24,23,0.9583333333333334,MR13 MR10 MR02 MR11 MR06 MR04 MR12 MR14 MR07
1053,9,24,24,1.0,MR13 MR10 MR02 MR06 MR11 MR12 MR04 MR07 MR14
1054,8,22,18,0.8181818181818182,MR13 MR10 MR11 MR02 MR06 MR12 MR14 MR04
1055,9,21,20,0.9523809523809523,MR13 MR10 MR02 MR07 MR11 MR04 MR12 MR06 MR14
1056,9,26,25,0.9615384615384616,MR13 MR10 MR02 MR11 MR04 MR06 MR07 MR12 MR14
1057,9,22,21,0.9545454545454546,MR13 MR10 MR02 MR11 MR07 MR04 MR14 MR06 MR12
1058,9,25,24,0.96,MR13 MR10 MR02 MR11 MR07 MR04 MR06 MR12 MR14
1059,9,22,22,1.0,MR13 MR10 MR02 MR07 MR14 MR11 MR04 MR12 MR06
1060,9,23,22,0.9565217391304348,MR13 MR10 MR02 MR06 MR11 MR04 MR12 MR07 MR14
1061,9,26,25,0.9615384615384616,MR13 MR10 MR11 MR02 MR12 MR04 MR06 MR07 MR14
1062,9,24,24,1.0,MR12 MR10 MR02 MR07 MR11 MR13 MR04 MR14 MR06
1063,8,22,19,0.8636363636363636,MR13 MR10 MR11 MR02 MR06 MR14 MR04 MR12
1064,9,24,23,0.9583333333333334,MR12 MR10 MR11 MR02 MR13 MR06 MR04 MR07 MR14
1065,9,25,24,0.96,MR13 MR10 MR11 MR02 MR12 MR04 MR06 MR07 MR14
1066,9,22,21,0.9545454545454546,MR12 MR10 MR11 MR02 MR13 MR14 MR04 MR06 MR07
1067,9,22,22,1.0,MR12 MR10 MR02 MR06 MR14 MR11 MR04 MR07 MR13
1068,9,25,25,1.0,MR13 MR10 MR02 MR11 MR07 MR12 MR04 MR06 MR14
1069,9,24,23,0.9583333333333334,MR13 MR10 MR02 MR11 MR14 MR06 MR12 MR04 MR07
1070,9,24,23,0.9583333333333334,MR13 MR10 MR02 MR11 MR07 MR14 MR04 MR06 MR12
1071,8,28,24,0.8571428571428571,MR13 MR10 MR11 MR02 MR07 MR12 MR04 MR14
1072,9,25,25,1.0,MR13 MR10 MR02 MR11 MR06 MR04 MR14 MR07 MR12
1073,8,30,26,0.8666666666666667,MR13 MR10 MR11 MR02 MR06 MR04 MR07 MR12
1074,9,24,23,0.9583333333333334,MR13 MR10 MR02 MR11 MR06 MR04 MR14 MR07 MR12
1075,8,26,22,0.8461538461538461,MR13 MR10 MR11 MR02 MR04 MR06 MR12 MR14
1076,9,25,24,0.96,MR13 MR10 MR11 MR14 MR02 MR04 MR06 MR12 MR07
1077,9,19,18,0.9473684210526315,MR13 MR10 MR11 MR02 MR07 MR12 MR04 MR14 MR06
1078,9,27,27,1.0,MR13 MR10 MR02 MR11 MR12 MR06 MR04 MR07 MR14
1079,9,22,21,0.9545454545454546,MR13 MR10 MR02 MR11 MR06 MR04 MR07 MR14 MR12
1080,9,20,20,1.0,MR13 MR10 MR02 MR11 MR06 MR04 MR07 MR14 MR12
1081,9,25,24,0.96,MR13 MR10 MR02 MR06 MR04 MR07 MR11 MR12 MR14
1082,9,29,28,0.9655172413793104,MR13 MR10 MR11 MR02 MR14 MR04 MR06 MR12 MR07
1083,9,25,23,0.92,MR13 MR10 MR02 MR11 MR14 MR12 MR04 MR06 MR07
1084,9,21,20,0.9523809523809523,MR12 MR10 MR02 MR07 MR13 MR11 MR04 MR06 MR14
1085,9,22,21,0.9545454545454546,MR13 MR10 MR11 MR02 MR04 MR07 MR12 MR06 MR14
1086,9,28,27,0.9642857142857143,MR13 MR10 MR11 MR02 MR04 MR06 MR12 MR14 MR07
1087,9,18,18,1.0,MR13 MR10 MR11 MR02 MR04 MR12 MR06 MR14 MR07
1088,9,25,24,0.96,MR13 MR10 MR11 MR02 MR04 MR06 MR07 MR12 MR14
1089,9,22,21,0.9545454545454546,MR13 MR10 MR02 MR11 MR06 MR04 MR07 MR12 MR14
1090,9,21,21,1.0,MR13 MR10 MR11 MR02 MR14 MR04 MR07 MR12 MR06
1091,9,24,23,0.9583333333333334,MR13 MR10 MR11 MR02 MR04 MR06 MR14 MR12 MR07
1092,9,22,21,0.9545454545454546,MR13 MR10 MR02 MR11 MR14 MR06 MR04 MR07 MR12
1093,9,21,20,0.9523809523809523,MR13 MR10 MR02 MR11 MR12 MR14 MR07 MR04 MR06
1094,9,21,19,0.9047619047619048,MR12 MR10 MR02 MR11 MR07 MR04 MR06 MR14 MR13
1095,9,22,21,0.9545454545454546,MR13 MR10 MR02 MR06 MR07 MR11 MR04 MR14 MR12
1096,9,24,20,0.8333333333333334,MR05 MR10 MR02 MR11 MR06 MR12 MR14 MR04 MR07
1097,9,27,26,0.9629629629629629,MR13 MR10 MR02 MR11 MR12 MR04 MR06 MR07 MR14
1098,9,24,24,1.0,MR13 MR10 MR02 MR06 MR07 MR11 MR04 MR12 MR14
1099,9,22,20,0.9090909090909091,MR13 MR10 MR02 MR14 MR07 MR11 MR04 MR12 MR06
1100,8,26,23,0.8846153846153846,MR13 MR10 MR11 MR02 MR06 MR14 MR04 MR12
1101,9,23,23,1.0,MR12 MR10 MR11 MR02 MR13 MR14 MR04 MR07 MR06
1102,9,31,30,0.967741935483871,MR12 MR10 MR11 MR02 MR13 MR14 MR04 MR06 MR07
1103,9,26,25,0.9615384615384616,MR13 MR10 MR11 MR02 MR04 MR06 MR07 MR14 MR12
1104,9,24,23,0.9583333333333334,MR13 MR10 MR02 MR11 MR07 MR04 MR06 MR12 MR14
1105,8,24,20,0.8333333333333334,MR06 MR10 MR02 MR13 MR04 MR11 MR12 MR14
1106,9,23,23,1.0,MR13 MR10 MR02 MR11 MR07 MR14 MR04 MR06 MR12
1107,9,21,20,0.9523809523809523,MR13 MR10 MR02 MR07 MR04 MR06 MR11 MR14 MR12
1108,9,22,21,0.9545454545454546,MR12 MR10 MR02 MR06 MR11 MR13 MR14 MR04 MR07
1109,9,23,23,1.0,MR13 MR10 MR11 MR02 MR06 MR04 MR14 MR07 MR12
1110,9,27,26,0.9629629629629629,MR13 MR10 MR02 MR11 MR07 MR12 MR14 MR04 MR06
1111,9,24,23,0.9583333333333334,MR13 MR10 MR11 MR02 MR07 MR04 MR12 MR14 MR06
1112,9,27,23,0.8518518518518519,MR05 MR10 MR11 MR02 MR14 MR04 MR07 MR06 MR12
1113,9,24,24,1.0,MR13 MR10 MR02 MR07 MR11 MR14 MR04 MR06 MR12
1114,9,23,22,0.9565217391304348,MR13 MR10 MR02 MR06 MR12 MR11 MR04 MR14 MR07
1115,9,23,22,0.9565217391304348,MR13 MR10 MR02 MR06 MR11 MR12 MR04 MR07 MR14
1116,9,21,21,1.0,MR13 MR10 MR02 MR11 MR14 MR07 MR04 MR12 MR06
1117,9,27,26,0.9629629629629629,MR13 MR10 MR02 MR07 MR04 MR06 MR11 MR12 MR14
1118,9,20,19,0.95,MR13 MR10 MR11 MR02 MR14 MR04 MR07 MR06 MR12
1119,9,28,27,0.9642857142857143,MR12 MR10 MR02 MR11 MR13 MR04 MR06 MR07 MR14
1120,9,28,27,0.9642857142857143,MR13 MR10 MR02 MR07 MR11 MR04 MR06 MR12 MR14
1121,9,23,23,1.0,MR13 MR10 MR11 MR02 MR14 MR04 MR07 MR06 MR12
1122,8,21,17,0.8095238095238095,MR13 MR10 MR11 MR02 MR04 MR06 MR12 MR14
1123,9,16,16,1.0,MR13 MR10 MR11 MR02 MR14 MR04 MR07 MR12 MR06
1124,9,24,22,0.9166666666666666,MR13 MR10 MR02 MR11 MR12 MR06 MR04 MR07 MR14
1125,9,27,26,0.9629629629629629,MR12 MR10 MR11 MR02 MR13 MR04 MR06 MR14 MR07
1126,9,28,27,0.9642857142857143,MR12 MR10 MR02 MR13 MR11 MR07 MR04 MR06 MR14
1127,9,23,22,0.9565217391304348,MR13 MR10 MR02 MR11 MR14 MR07 MR04 MR06 MR12
1128,9,22,21,0.9545454545454546,MR12 MR10 MR11 MR02 MR13 MR14 MR04 MR06 MR07
1129,9,20,19,0.95,MR13 MR10 MR02 MR07 MR11 MR04 MR12 MR06 MR14
1130,9,24,23,0.9583333333333334,MR13 MR10 MR11 MR02 MR04 MR06 MR12 MR07 MR14
1131,9,24,23,0.9583333333333334,MR13 MR10 MR11 MR14 MR02 MR04 MR06 MR07 MR12
1132,9,25,24,0.96,MR13 MR10 MR11 MR02 MR04 MR07 MR12 MR06 MR14
1133,9,20,19,0.95,MR13 MR10 MR02 MR06 MR11 MR12 MR04 MR07 MR14
1134,9,29,28,0.9655172413793104,MR13 MR10 MR02 MR07 MR11 MR04 MR06 MR12 MR14
1135,9,24,23,0.9583333333333334,MR13 MR10 MR02 MR11 MR06 MR04 MR07 MR12 MR14
1136,9,25,24,0.96,MR13 MR10 MR02 MR06 MR11 MR04 MR07 MR12 MR14
1137,9,23,22,0.9565217391304348,MR13 MR10 MR02 MR11 MR06 MR14 MR04 MR07 MR12
1138,9,24,24,1.0,MR13 MR10 MR02 MR06 MR11 MR12 MR04 MR07 MR14
1139,9,23,23,1.0,MR13 MR10 MR02 MR11 MR07 MR04 MR06 MR14 MR12
1140,9,24,23,0.9583333333333334,MR12 MR10 MR02 MR11 MR13 MR07 MR04 MR06 MR14
1141,9,27,26,0.9629629629629629,MR13 MR10 MR11 MR02 MR14 MR04 MR06 MR12 MR07
1142,9,27,24,0.8888888888888888,MR12 MR10 MR02 MR11 MR07 MR04 MR06 MR14 MR05
1143,9,19,18,0.9473684210526315,MR13 MR10 MR02 MR06 MR07 MR11 MR14 MR04 MR12
1144,9,22,21,0.9545454545454546,MR13 MR10 MR11 MR02 MR04 MR14 MR06 MR07 MR12
1145,9,26,25,0.9615384615384616,MR13 MR10 MR02 MR11 MR06 MR04 MR07 MR14 MR12
1146,9,25,25,1.0,MR13 MR10 MR02 MR11 MR06 MR04 MR07 MR14 MR12
1147,9,26,26,1.0,MR12 MR10 MR02 MR11 MR07 MR13 MR04 MR06 MR14
1148,8,21,18,0.8571428571428571,MR13 MR10 MR02 MR11 MR06 MR04 MR07 MR14
1149,9,22,21,0.9545454545454546,MR13 MR10 MR02 MR07 MR11 MR04 MR06 MR14 MR12
1150,9,23,22,0.9565217391304348,MR13 MR10 MR11 MR02 MR14 MR04 MR06 MR12 MR07
1151,9,21,20,0.9523809523809523,MR13 MR10 MR02 MR11 MR07 MR12 MR04 MR06 MR14
1152,9,25,25,1.0,MR13 MR10 MR02 MR07 MR12 MR06 MR04 MR11 MR14
1153,9,24,24,1.0,MR13 MR10 MR11 MR02 MR04 MR12 MR07 MR14 MR06
1154,9,25,25,1.0,MR13 MR10 MR02 MR06 MR07 MR11 MR04 MR14 MR12
1155,9,26,25,0.9615384615384616,MR13 MR10 MR02 MR07 MR11 MR04 MR14 MR06 MR12
1156,9,25,24,0.96,MR13 MR10 MR02 MR11 MR14 MR04 MR06 MR07 MR12
1157,8,24,20,0.8333333333333334,MR13 MR10 MR11 MR02 MR12 MR04 MR07 MR14
1158,9,26,25,0.9615384615384616,MR07 MR10 MR02 MR11 MR12 MR13 MR14 MR04 MR06
1159,9,23,22,0.9565217391304348,MR13 MR10 MR02 MR11 MR12 MR04 MR06 MR07 MR14
1160,9,24,23,0.9583333333333334,MR13 MR10 MR02 MR11 MR14 MR06 MR04 MR07 MR12
1161,9,22,21,0.9545454545454546,MR13 MR10 MR02 MR11 MR06 MR04 MR07 MR12 MR14
1162,9,22,21,0.9545454545454546,MR13 MR10 MR02 MR14 MR06 MR11 MR04 MR07 MR12
1163,9,22,22,1.0,MR13 MR10 MR02 MR06 MR12 MR11 MR04 MR07 MR14
1164,9,24,23,0.9583333333333334,MR13 MR10 MR11 MR02 MR06 MR04 MR14 MR07 MR12
1165,9,24,22,0.9166666666666666,MR13 MR10 MR02 MR07 MR11 MR14 MR04 MR06 MR12
1166,9,31,27,0.8709677419354839,MR12 MR10 MR11 MR02 MR14 MR04 MR06 MR05 MR07
1167,9,18,17,0.9444444444444444,MR12 MR10 MR11 MR02 MR13 MR04 MR06 MR14 MR07
1168,8,26,23,0.8846153846153846,MR13 MR10 MR02 MR06 MR11 MR14 MR04 MR12
1169,9,26,25,0.9615384615384616,MR12 MR10 MR02 MR11 MR06 MR13 MR04 MR07 MR14
1170,9,26,26,1.0,MR12 MR10 MR02 MR13 MR07 MR11 MR04 MR06 MR14
1171,9,26,22,0.8461538461538461,MR12 MR10 MR11 MR02 MR14 MR04 MR06 MR05 MR07
1172,9,23,22,0.9565217391304348,MR13 MR10 MR11 MR02 MR14 MR04 MR06 MR07 MR12
1173,9,20,18,0.9,MR13 MR10 MR02 MR07 MR14 MR04 MR06 MR11 MR12
1174,9,22,22,1.0,MR12 MR10 MR02 MR11 MR14 MR04 MR06 MR07 MR13
1175,9,17,17,1.0,MR13 MR10 MR02 MR06 MR07 MR12 MR04 MR11 MR14
1176,8,26,22,0.8461538461538461,MR13 MR10 MR02 MR06 MR14 MR11 MR04 MR07
1177,9,23,22,0.9565217391304348,MR13 MR10 MR02 MR11 MR12 MR06 MR04 MR07 MR14
1178,9,23,22,0.9565217391304348,MR13 MR10 MR02 MR11 MR07 MR12 MR04 MR06 MR14
1179,9,21,20,0.9523809523809523,MR13 MR10 MR11 MR02 MR04 MR06 MR12 MR07 MR14
1180,9,26,25,0.9615384615384616,MR13 MR10 MR11 MR02 MR04 MR12 MR14 MR06 MR07
1181,9,25,24,0.96,MR13 MR10 MR14 MR02 MR11 MR06 MR04 MR07 MR12
1182,9,22,21,0.9545454545454546,MR13 MR10 MR02 MR06 MR11 MR04 MR12 MR14 MR07
1183,9,24,23,0.9583333333333334,MR13 MR10 MR02 MR06 MR11 MR14 MR04 MR07 MR12
1184,9,22,21,0.9545454545454546,MR13 MR10 MR11 MR02 MR07 MR04 MR12 MR06 MR14
1185,8,30,25,0.8333333333333334,MR13 MR10 MR02 MR11 MR14 MR04 MR06 MR07
1186,8,27,22,0.8148148148148148,MR13 MR10 MR11 MR02 MR06 MR12 MR04 MR14
1187,9,25,24,0.96,MR13 MR10 MR02 MR06 MR04 MR07 MR11 MR12 MR14
1188,9,27,26,0.9629629629629629,MR13 MR10 MR02 MR11 MR06 MR04 MR14 MR07 MR12
1189,9,25,21,0.84,MR05 MR10 MR11 MR02 MR14 MR04 MR06 MR07 MR12
1190,9,20,19,0.95,MR13 MR10 MR02 MR11 MR14 MR07 MR04 MR12 MR06
1191,9,21,21,1.0,MR13 MR10 MR11 MR02 MR04 MR14 MR06 MR07 MR12
1192,8,25,21,0.84,MR13 MR10 MR11 MR02 MR14 MR06 MR04 MR07
1193,9,22,18,0.8181818181818182,MR05 MR10 MR02 MR11 MR07 MR04 MR06 MR12 MR14
1194,9,21,20,0.9523809523809523,MR12 MR10 MR11 MR02 MR04 MR07 MR13 MR14 MR06
1195,9,26,25,0.9615384615384616,MR12 MR10 MR02 MR11 MR07 MR13 MR14 MR04 MR06
1196,9,23,22,0.9565217391304348,MR13 MR10 MR02 MR11 MR06 MR04 MR07 MR12 MR14
1197,9,20,20,1.0,MR13 MR10 MR11 MR02 MR14 MR04 MR07 MR12 MR06
1198,9,22,21,0.9545454545454546,MR13 MR10 MR11 MR02 MR14 MR04 MR12 MR06 MR07
1199,9,28,24,0.8571428571428571,MR05 MR10 MR02 MR11 MR14 MR04 MR06 MR07 MR12
1200,9,23,23,1.0,MR13 MR10 MR02 MR06 MR11 MR04 MR07 MR12 MR14
1201,9,23,22,0.9565217391304348,MR13 MR10 MR11 MR02 MR04 MR06 MR12 MR14 MR07
1202,9,22,21,0.9545454545454546,MR13 MR10 MR02 MR11 MR07 MR04 MR12 MR14 MR06
1203,8,28,24,0.8571428571428571,MR14 MR10 MR11 MR02 MR13 MR04 MR06 MR07
1204,9,25,23,0.92,MR13 MR10 MR02 MR06 MR07 MR14 MR04 MR11 MR12
1205,8,25,21,0.84,MR13 MR10 MR02 MR07 MR11 MR04 MR14 MR06
1206,9,26,26,1.0,MR13 MR10 MR02 MR14 MR07 MR11 MR04 MR06 MR12
1207,9,25,24,0.96,MR13 MR10 MR02 MR11 MR07 MR04 MR06 MR14 MR12
1208,9,23,22,0.9565217391304348,MR13 MR10 MR11 MR02 MR12 MR04 MR14 MR06 MR07
1209,9,20,19,0.95,MR13 MR10 MR02 MR06 MR11 MR14 MR04 MR07 MR12
1210,9,26,26,1.0,MR13 MR10 MR02 MR14 MR06 MR11 MR04 MR12 MR07
1211,9,24,23,0.9583333333333334,MR13 MR10 MR02 MR07 MR06 MR14 MR04 MR11 MR12
1212,9,20,18,0.9,MR13 MR10 MR11 MR02 MR07 MR04 MR14 MR06 MR12
1213,9,22,21,0.9545454545454546,MR13 MR10 MR02 MR11 MR14 MR04 MR06 MR07 MR12
1214,9,25,24,0.96,MR13 MR10 MR02 MR12 MR06 MR07 MR11 MR04 MR14
1215,8,25,21,0.84,MR12 MR10 MR02 MR07 MR11 MR13 MR04 MR14
1216,9,23,23,1.0,MR13 MR10 MR02 MR06 MR07 MR11 MR04 MR12 MR14
1217,9,24,24,1.0,MR14 MR10 MR11 MR02 MR12 MR13 MR04 MR07 MR06
1218,9,22,21,0.9545454545454546,MR13 MR10 MR02 MR11 MR04 MR06 MR07 MR12 MR14
1219,9,21,21,1.0,MR12 MR10 MR11 MR02 MR13 MR14 MR04 MR07 MR06
1220,9,21,21,1.0,MR13 MR10 MR11 MR02 MR12 MR04 MR06 MR07 MR14
1221,9,24,23,0.9583333333333334,MR13 MR10 MR02 MR06 MR07 MR11 MR04 MR14 MR12
1222,9,24,23,0.9583333333333334,MR13 MR10 MR02 MR07 MR11 MR12 MR04 MR06 MR14
1223,9,24,23,0.9583333333333334,MR13 MR10 MR02 MR11 MR06 MR04 MR07 MR14 MR12
1224,9,22,22,1.0,MR13 MR10 MR02 MR11 MR07 MR04 MR06 MR12 MR14
1225,9,18,17,0.9444444444444444,MR13 MR10 MR02 MR06 MR11 MR14 MR04 MR07 MR12
1226,9,25,24,0.96,MR13 MR10 MR02 MR07 MR11 MR04 MR12 MR14 MR06
1227,9,24,23,0.9583333333333334,MR13 MR10 MR11 MR02 MR04 MR06 MR07 MR12 MR14
1228,9,25,24,0.96,MR13 MR10 MR11 MR02 MR04 MR06 MR07 MR14 MR12
1229,8,29,24,0.8275862068965517,MR12 MR10 MR11 MR02 MR07 MR04 MR13 MR14
1230,9,23,22,0.9565217391304348,MR13 MR10 MR02 MR06 MR07 MR11 MR04 MR12 MR14
1231,9,22,21,0.9545454545454546,MR13 MR10 MR02 MR07 MR11 MR12 MR04 MR14 MR06
1232,9,24,23,0.9583333333333334,MR12 MR10 MR11 MR02 MR13 MR04 MR06 MR07 MR14
1233,8,20,16,0.8,MR13 MR10 MR11 MR02 MR12 MR04 MR07 MR14
1234,9,22,21,0.9545454545454546,MR12 MR10 MR11 MR02 MR13 MR04 MR14 MR06 MR07
1235,9,21,20,0.9523809523809523,MR13 MR10 MR02 MR06 MR11 MR04 MR14 MR07 MR12
1236,8,27,24,0.8888888888888888,MR13 MR10 MR02 MR11 MR06 MR04 MR07 MR12
1237,9,22,22,1.0,MR12 MR10 MR11 MR02 MR13 MR04 MR07 MR14 MR06
1238,9,21,20,0.9523809523809523,MR13 MR10 MR02 MR11 MR06 MR04 MR14 MR12 MR07
1239,8,24,21,0.875,MR13 MR10 MR14 MR02 MR11 MR07 MR04 MR06
1240,9,24,24,1.0,MR13 MR10 MR11 MR02 MR04 MR12 MR14 MR06 MR07
1241,9,24,22,0.9166666666666666,MR13 MR10 MR07 MR02 MR04 MR11 MR12 MR06 MR14
1242,9,28,28,1.0,MR13 MR10 MR11 MR02 MR07 MR14 MR04 MR12 MR06
1243,9,29,29,1.0,MR13 MR10 MR02 MR06 MR07 MR11 MR12 MR04 MR14
1244,9,24,20,0.8333333333333334,MR14 MR10 MR02 MR06 MR07 MR04 MR05 MR11 MR12
1245,9,28,27,0.9642857142857143,MR12 MR10 MR02 MR06 MR11 MR04 MR13 MR14 MR07
1246,9,23,22,0.9565217391304348,MR13 MR10 MR11 MR02 MR07 MR04 MR12 MR14 MR06
1247,9,20,20,1.0,MR13 MR10 MR02 MR11 MR06 MR04 MR14 MR07 MR12
1248,9,25,24,0.96,MR12 MR10 MR02 MR07 MR11 MR13 MR04 MR06 MR14
1249,9,26,25,0.9615384615384616,MR13 MR10 MR11 MR02 MR14 MR07 MR04 MR12 MR06
1250,9,28,26,0.9285714285714286,MR12 MR10 MR11 MR02 MR04 MR06 MR13 MR07 MR14
1251,9,26,25,0.9615384615384616,MR13 MR10 MR11 MR02 MR12 MR04 MR07 MR14 MR06
1252,9,25,24,0.96,MR12 MR10 MR11 MR02 MR04 MR07 MR13 MR14 MR06
1253,9,25,23,0.92,MR13 MR10 MR11 MR02 MR14 MR04 MR06 MR07 MR12
1254,9,20,20,1.0,MR12 MR10 MR02 MR11 MR14 MR06 MR13 MR04 MR07
1255,9,21,21,1.0,MR13 MR10 MR02 MR11 MR06 MR12 MR04 MR07 MR14
1256,9,25,23,0.92,MR13 MR10 MR02 MR07 MR11 MR14 MR04 MR06 MR12
1257,9,26,26,1.0,MR13 MR10 MR02 MR11 MR12 MR07 MR04 MR06 MR14
1258,9,28,27,0.9642857142857143,MR13 MR10 MR11 MR02 MR12 MR04 MR07 MR06 MR14
1259,9,23,23,1.0,MR13 MR10 MR06 MR02 MR11 MR04 MR12 MR14 MR07
1260,9,23,22,0.9565217391304348,MR13 MR10 MR11 MR02 MR14 MR04 MR06 MR07 MR12
1261,9,24,23,0.9583333333333334,MR13 MR10 MR11 MR02 MR12 MR04 MR06 MR07 MR14
1262,9,26,26,1.0,MR13 MR10 MR02 MR11 MR04 MR06 MR07 MR12 MR14
1263,9,22,21,0.9545454545454546,MR13 MR10 MR02 MR07 MR11 MR12 MR04 MR06 MR14
1264,9,22,21,0.9545454545454546,MR13 MR10 MR11 MR02 MR07 MR04 MR12 MR14 MR06
1265,9,25,24,0.96,MR13 MR10 MR11 MR02 MR04 MR06 MR12 MR14 MR07
1266,9,24,23,0.9583333333333334,MR13 MR10 MR02 MR11 MR07 MR12 MR04 MR06 MR14
1267,9,24,23,0.9583333333333334,MR12 MR10 MR02 MR11 MR13 MR04 MR06 MR07 MR14
1268,8,22,18,0.8181818181818182,MR13 MR10 MR02 MR07 MR11 MR04 MR14 MR12
1269,9,27,26,0.9629629629629629,MR13 MR10 MR02 MR11 MR06 MR04 MR12 MR14 MR07
1270,8,30,26,0.8666666666666667,MR13 MR10 MR11 MR02 MR06 MR04 MR14 MR12
1271,9,29,28,0.9655172413793104,MR12 MR10 MR02 MR11 MR07 MR14 MR04 MR13 MR06
1272,8,24,20,0.8333333333333334,MR12 MR10 MR11 MR02 MR07 MR13 MR04 MR14
1273,9,28,27,0.9642857142857143,MR12 MR10 MR07 MR02 MR13 MR11 MR04 MR14 MR06
1274,8,29,25,0.8620689655172413,MR13 MR10 MR11 MR02 MR14 MR07 MR04 MR12
1275,8,22,18,0.8181818181818182,MR13 MR10 MR11 MR02 MR06 MR04 MR14 MR12
1276,9,17,16,0.9411764705882353,MR13 MR10 MR02 MR11 MR14 MR07 MR04 MR06 MR12
1277,9,26,26,1.0,MR12 MR10 MR14 MR02 MR07 MR04 MR06 MR11 MR13
1278,9,25,25,1.0,MR13 MR10 MR11 MR02 MR07 MR04 MR14 MR12 MR06
1279,9,21,20,0.9523809523809523,MR12 MR10 MR02 MR11 MR14 MR04 MR06 MR07 MR13
1280,9,25,24,0.96,MR13 MR10 MR02 MR11 MR06 MR14 MR04 MR07 MR12
1281,8,27,20,0.7407407407407407,MR12 MR10 MR11 MR02 MR05 MR04 MR06 MR14
1282,9,27,26,0.9629629629629629,MR13 MR10 MR11 MR02 MR14 MR04 MR06 MR07 MR12
1283,9,23,21,0.9130434782608695,MR13 MR10 MR14 MR02 MR07 MR11 MR04 MR12 MR06
1284,9,25,24,0.96,MR13 MR10 MR02 MR07 MR11 MR12 MR04 MR06 MR14
1285,8,23,18,0.782608695652174,MR13 MR10 MR02 MR11 MR06 MR14 MR04 MR07
1286,9,25,24,0.96,MR13 MR10 MR11 MR02 MR14 MR04 MR06 MR07 MR12
1287,8,30,26,0.8666666666666667,MR13 MR10 MR11 MR02 MR14 MR04 MR12 MR06
1288,9,20,19,0.95,MR13 MR10 MR02 MR11 MR14 MR04 MR06 MR07 MR12
1289,9,24,23,0.9583333333333334,MR13 MR10 MR02 MR11 MR07 MR14 MR04 MR06 MR12
1290,9,18,18,1.0,MR13 MR10 MR02 MR11 MR06 MR04 MR07 MR14 MR12
1291,9,24,23,0.9583333333333334,MR12 MR10 MR02 MR14 MR11 MR07 MR13 MR04 MR06
1292,9,27,26,0.9629629629629629,MR13 MR10 MR11 MR02 MR12 MR04 MR07 MR06 MR14
1293,9,30,28,0.9333333333333333,MR13 MR10 MR02 MR07 MR06 MR04 MR11 MR12 MR14
1294,9,27,26,0.9629629629629629,MR13 MR10 MR02 MR11 MR07 MR04 MR06 MR12 MR14
1295,8,20,16,0.8,MR13 MR10 MR02 MR11 MR07 MR04 MR14 MR06
1296,9,23,22,0.9565217391304348,MR14 MR10 MR02 MR07 MR11 MR04 MR12 MR13 MR06
1297,8,26,23,0.8846153846153846,MR13 MR10 MR07 MR02 MR11 MR12 MR04 MR14
1298,9,23,21,0.9130434782608695,MR13 MR10 MR11 MR02 MR07 MR04 MR14 MR06 MR12
1299,9,26,26,1.0,MR12 MR10 MR11 MR02 MR13 MR04 MR07 MR06 MR14
1300,9,18,18,1.0,MR12 MR10 MR02 MR11 MR13 MR04 MR06 MR07 MR14
1301,9,22,21,0.9545454545454546,MR13 MR10 MR02 MR07 MR11 MR04 MR14 MR06 MR12
1302,9,22,21,0.9545454545454546,MR13 MR10 MR02 MR06 MR07 MR11 MR14 MR04 MR12
1303,9,24,23,0.9583333333333334,MR13 MR10 MR02 MR11 MR06 MR04 MR07 MR12 MR14
1304,9,24,24,1.0,MR13 MR10 MR11 MR02 MR14 MR06 MR12 MR04 MR07
1305,8,25,21,0.84,MR13 MR10 MR02 MR07 MR11 MR04 MR12 MR06
1306,8,27,23,0.8518518518518519,MR13 MR10 MR11 MR02 MR06 MR04 MR12 MR14
1307,9,27,27,1.0,MR13 MR10 MR02 MR07 MR04 MR06 MR11 MR12 MR14
1308,9,26,25,0.9615384615384616,MR13 MR10 MR02 MR11 MR07 MR14 MR04 MR12 MR06
1309,9,22,22,1.0,MR13 MR10 MR02 MR06 MR11 MR14 MR04 MR07 MR12
1310,9,27,27,1.0,MR12 MR10 MR11 MR02 MR13 MR04 MR14 MR06 MR07
1311,8,25,22,0.88,MR13 MR10 MR11 MR02 MR04 MR07 MR12 MR06
1312,9,28,27,0.9642857142857143,MR12 MR10 MR11 MR02 MR13 MR04 MR14 MR06 MR07
1313,9,25,24,0.96,MR13 MR10 MR11 MR02 MR12 MR04 MR06 MR07 MR14
1314,9,28,27,0.9642857142857143,MR13 MR10 MR02 MR06 MR07 MR11 MR04 MR14 MR12
1315,9,24,24,1.0,MR12 MR10 MR02 MR07 MR11 MR13 MR04 MR06 MR14
1316,9,25,24,0.96,MR12 MR10 MR02 MR11 MR07 MR13 MR04 MR14 MR06
1317,8,23,19,0.8260869565217391,MR12 MR10 MR11 MR02 MR04 MR07 MR13 MR14
1318,9,20,20,1.0,MR12 MR10 MR02 MR06 MR11 MR13 MR04 MR07 MR14
1319,9,26,25,0.9615384615384616,MR13 MR10 MR11 MR02 MR12 MR04 MR06 MR07 MR14
1320,9,24,23,0.9583333333333334,MR13 MR10 MR11 MR02 MR14 MR06 MR04 MR12 MR07
1321,9,23,23,1.0,MR13 MR10 MR02 MR11 MR07 MR04 MR06 MR12 MR14
1322,9,24,23,0.9583333333333334,MR12 MR10 MR02 MR06 MR07 MR11 MR04 MR13 MR14
1323,9,26,25,0.9615384615384616,MR13 MR10 MR11 MR02 MR14 MR04 MR12 MR06 MR07
1324,9,21,21,1.0,MR13 MR10 MR02 MR07 MR14 MR04 MR06 MR11 MR12
1325,9,25,24,0.96,MR13 MR10 MR02 MR11 MR07 MR04 MR14 MR06 MR12
1326,9,22,21,0.9545454545454546,MR13 MR10 MR02 MR06 MR14 MR11 MR04 MR12 MR07
1327,9,25,24,0.96,MR13 MR10 MR11 MR02 MR06 MR04 MR14 MR07 MR12
1328,9,25,23,0.92,MR14 MR10 MR11 MR02 MR04 MR12 MR13 MR06 MR07
1329,9,25,23,0.92,MR13 MR10 MR11 MR02 MR06 MR12 MR04 MR07 MR14
1330,9,20,20,1.0,MR13 MR10 MR11 MR02 MR04 MR07 MR12 MR06 MR14
1331,9,23,22,0.9565217391304348,MR13 MR10 MR11 MR02 MR14 MR04 MR06 MR12 MR07
1332,9,25,24,0.96,MR13 MR10 MR11 MR02 MR04 MR06 MR07 MR12 MR14
1333,9,27,26,0.9629629629629629,MR12 MR10 MR02 MR11 MR13 MR14 MR06 MR04 MR07
1334,9,24,23,0.9583333333333334,MR13 MR10 MR02 MR14 MR06 MR11 MR04 MR07 MR12
1335,9,25,24,0.96,MR12 MR10 MR02 MR07 MR11 MR13 MR04 MR14 MR06
1336,9,24,24,1.0,MR12 MR10 MR02 MR07 MR14 MR11 MR13 MR04 MR06
1337,9,28,27,0.9642857142857143,MR13 MR10 MR02 MR06 MR07 MR11 MR04 MR14 MR12
1338,9,21,21,1.0,MR13 MR10 MR11 MR02 MR04 MR07 MR12 MR06 MR14
1339,9,21,21,1.0,MR13 MR10 MR11 MR02 MR14 MR04 MR06 MR07 MR12
1340,8,28,23,0.8214285714285714,MR13 MR10 MR11 MR02 MR07 MR04 MR12 MR14
1341,9,19,18,0.9473684210526315,MR13 MR10 MR06 MR02 MR11 MR12 MR04 MR14 MR07
1342,8,23,19,0.8260869565217391,MR13 MR10 MR02 MR11 MR06 MR04 MR12 MR07
1343,9,20,19,0.95,MR13 MR10 MR02 MR11 MR07 MR04 MR12 MR06 MR14
1344,9,25,24,0.96,MR13 MR10 MR02 MR11 MR06 MR04 MR12 MR07 MR14
1345,9,22,21,0.9545454545454546,MR13 MR10 MR11 MR02 MR04 MR06 MR14 MR07 MR12
1346,9,28,27,0.9642857142857143,MR13 MR10 MR02 MR14 MR11 MR07 MR04 MR06 MR12
1347,9,26,25,0.9615384615384616,MR12 MR10 MR02 MR11 MR07 MR13 MR04 MR14 MR06
1348,8,27,23,0.8518518518518519,MR13 MR10 MR11 MR02 MR06 MR04 MR12 MR14
1349,9,27,26,0.9629629629629629,MR12 MR10 MR11 MR02 MR04 MR07 MR13 MR14 MR06
1350,8,23,20,0.8695652173913043,MR12 MR10 MR11 MR02 MR13 MR04 MR14 MR06
1351,8,21,17,0.8095238095238095,MR13 MR10 MR02 MR11 MR14 MR04 MR06 MR07
1352,8,26,21,0.8076923076923077,MR13 MR10 MR11 MR02 MR12 MR14 MR04 MR06
1353,9,24,23,0.9583333333333334,MR13 MR10 MR02 MR06 MR11 MR14 MR04 MR07 MR12
1354,9,24,23,0.9583333333333334,MR13 MR10 MR11 MR02 MR14 MR04 MR06 MR07 MR12
1355,8,26,21,0.8076923076923077,MR13 MR10 MR02 MR11 MR06 MR04 MR07 MR14
1356,9,27,26,0.9629629629629629,MR13 MR10 MR11 MR02 MR14 MR04 MR06 MR07 MR12
1357,9,27,26,0.9629629629629629,MR12 MR10 MR13 MR02 MR07 MR11 MR04 MR06 MR14
1358,9,27,26,0.9629629629629629,MR13 MR10 MR11 MR02 MR12 MR04 MR14 MR06 MR07
1359,9,26,25,0.9615384615384616,MR13 MR10 MR02 MR06 MR12 MR04 MR07 MR11 MR14
1360,9,30,25,0.8333333333333334,MR05 MR10 MR11 MR02 MR14 MR04 MR07 MR12 MR06
1361,9,22,20,0.9090909090909091,MR13 MR10 MR11 MR02 MR14 MR04 MR12 MR06 MR07
1362,9,19,18,0.9473684210526315,MR12 MR10 MR02 MR11 MR06 MR13 MR04 MR14 MR07
1363,9,29,28,0.9655172413793104,MR12 MR10 MR02 MR07 MR11 MR14 MR04 MR06 MR13
1364,9,24,24,1.0,MR14 MR10 MR02 MR06 MR11 MR13 MR04 MR07 MR12
1365,8,28,24,0.8571428571428571,MR13 MR10 MR11 MR02 MR14 MR07 MR12 MR04
1366,8,24,21,0.875,MR13 MR10 MR11 MR02 MR06 MR14 MR04 MR12
1367,9,19,18,0.9473684210526315,MR13 MR10 MR02 MR06 MR07 MR04 MR11 MR12 MR14
1368,9,23,22,0.9565217391304348,MR13 MR10 MR11 MR02 MR14 MR04 MR07 MR12 MR06
1369,9,25,24,0.96,MR13 MR10 MR02 MR11 MR06 MR04 MR07 MR12 MR14
1370,9,28,27,0.9642857142857143,MR13 MR10 MR02 MR06 MR11 MR04 MR14 MR12 MR07
1371,9,24,23,0.9583333333333334,MR13 MR10 MR11 MR02 MR14 MR04 MR06 MR07 MR12
1372,9,23,22,0.9565217391304348,MR13 MR10 MR11 MR02 MR04 MR06 MR07 MR14 MR12
1373,9,19,18,0.9473684210526315,MR13 MR10 MR02 MR07 MR11 MR04 MR12 MR14 MR06
1374,9,20,20,1.0,MR13 MR10 MR11 MR02 MR04 MR07 MR12 MR06 MR14
1375,9,25,24,0.96,MR13 MR10 MR11 MR14 MR02 MR04 MR06 MR12 MR07
1376,9,23,22,0.9565217391304348,MR12 MR10 MR02 MR11 MR13 MR04 MR06 MR07 MR14
1377,9,22,20,0.9090909090909091,MR13 MR10 MR11 MR02 MR12 MR04 MR07 MR06 MR14
1378,9,27,25,0.9259259259259259,MR13 MR10 MR02 MR11 MR14 MR07 MR04 MR06 MR12
1379,9,24,23,0.9583333333333334,MR13 MR10 MR02 MR11 MR04 MR06 MR07 MR14 MR12
1380,9,24,23,0.9583333333333334,MR13 MR10 MR02 MR11 MR06 MR12 MR14 MR04 MR07
1381,9,23,22,0.9565217391304348,MR13 MR10 MR02 MR11 MR07 MR04 MR06 MR12 MR14
1382,9,26,26,1.0,MR13 MR10 MR11 MR02 MR12 MR14 MR04 MR06 MR07
1383,9,20,20,1.0,MR13 MR10 MR02 MR07 MR11 MR12 MR04 MR06 MR14
1384,8,27,23,0.8518518518518519,MR13 MR10 MR11 MR02 MR07 MR14 MR04 MR12
1385,8,29,24,0.8275862068965517,MR14 MR10 MR11 MR02 MR07 MR12 MR04 MR13
1386,9,22,22,1.0,MR13 MR10 MR11 MR02 MR04 MR07 MR06 MR12 MR14
1387,9,21,19,0.9047619047619048,MR13 MR10 MR11 MR02 MR04 MR14 MR06 MR07 MR12
1388,9,22,21,0.9545454545454546,MR13 MR10 MR11 MR02 MR14 MR06 MR04 MR12 MR07
1389,9,19,18,0.9473684210526315,MR13 MR10 MR02 MR11 MR04 MR06 MR07 MR14 MR12
1390,9,26,25,0.9615384615384616,MR13 MR10 MR11 MR02 MR07 MR12 MR14 MR04 MR06
1391,9,23,22,0.9565217391304348,MR13 MR10 MR11 MR02 MR14 MR04 MR07 MR12 MR06
1392,9,19,18,0.9473684210526315,MR13 MR10 MR11 MR02 MR04 MR07 MR06 MR14 MR12
1393,8,29,26,0.896551724137931,MR12 MR10 MR02 MR06 MR11 MR13 MR04 MR14
1394,8,26,22,0.8461538461538461,MR13 MR10 MR11 MR02 MR04 MR06 MR12 MR14
1395,9,27,26,0.9629629629629629,MR12 MR10 MR02 MR06 MR13 MR11 MR04 MR14 MR07
1396,9,20,19,0.95,MR13 MR10 MR02 MR06 MR11 MR04 MR12 MR14 MR07
1397,9,24,23,0.9583333333333334,MR13 MR10 MR02 MR07 MR11 MR04 MR12 MR14 MR06
1398,9,27,26,0.9629629629629629,MR13 MR10 MR02 MR11 MR06 MR04 MR12 MR07 MR14
1399,9,23,23,1.0,MR13 MR10 MR11 MR02 MR14 MR04 MR07 MR12 MR06
1400,9,27,26,0.9629629629629629,MR12 MR10 MR11 MR02 MR14 MR04 MR07 MR13 MR06
1401,9,23,23,1.0,MR12 MR10 MR02 MR07 MR11 MR13 MR14 MR04 MR06
1402,9,23,22,0.9565217391304348,MR13 MR10 MR11 MR02 MR12 MR04 MR07 MR14 MR06
1403,9,25,24,0.96,MR13 MR10 MR11 MR02 MR04 MR12 MR07 MR06 MR14
1404,9,23,22,0.9565217391304348,MR13 MR10 MR02 MR07 MR12 MR06 MR04 MR11 MR14
1405,9,28,27,0.9642857142857143,MR14 MR10 MR11 MR02 MR13 MR04 MR07 MR12 MR06
1406,9,22,22,1.0,MR13 MR10 MR02 MR11 MR06 MR04 MR12 MR14 MR07
1407,8,23,19,0.8260869565217391,MR13 MR10 MR02 MR11 MR07 MR04 MR12 MR06
1408,9,27,25,0.9259259259259259,MR13 MR10 MR11 MR02 MR06 MR04 MR12 MR14 MR07
1409,8,23,19,0.8260869565217391,MR12 MR10 MR06 MR02 MR11 MR04 MR13 MR14
1410,9,27,27,1.0,MR13 MR10 MR02 MR11 MR07 MR04 MR12 MR06 MR14
1411,9,23,22,0.9565217391304348,MR13 MR10 MR11 MR02 MR04 MR06 MR12 MR07 MR14
1412,8,23,19,0.8260869565217391,MR13 MR10 MR02 MR11 MR06 MR04 MR07 MR14
1413,9,26,25,0.9615384615384616,MR13 MR10 MR11 MR02 MR04 MR07 MR14 MR12 MR06
1414,9,24,22,0.9166666666666666,MR13 MR10 MR11 MR02 MR14 MR04 MR12 MR07 MR06
1415,9,23,22,0.9565217391304348,MR13 MR10 MR02 MR07 MR11 MR14 MR04 MR06 MR12
1416,9,25,24,0.96,MR13 MR10 MR11 MR02 MR04 MR14 MR06 MR07 MR12
1417,9,25,24,0.96,MR12 MR10 MR02 MR07 MR11 MR13 MR04 MR06 MR14
1418,9,25,25,1.0,MR12 MR10 MR02 MR06 MR11 MR04 MR07 MR13 MR14
1419,9,21,20,0.9523809523809523,MR13 MR10 MR02 MR11 MR06 MR04 MR07 MR12 MR14
1420,9,26,25,0.9615384615384616,MR13 MR10 MR02 MR06 MR11 MR04 MR07 MR12 MR14
1421,9,25,24,0.96,MR13 MR10 MR11 MR02 MR14 MR04 MR07 MR06 MR12
1422,9,28,26,0.9285714285714286,MR13 MR10 MR11 MR02 MR04 MR12 MR14 MR07 MR06
1423,8,25,21,0.84,MR13 MR10 MR14 MR02 MR11 MR07 MR04 MR06
1424,9,20,19,0.95,MR13 MR10 MR11 MR02 MR06 MR12 MR04 MR14 MR07
1425,9,25,24,0.96,MR13 MR10 MR02 MR07 MR12 MR11 MR04 MR06 MR14
1426,9,25,24,0.96,MR14 MR10 MR02 MR07 MR11 MR04 MR12 MR13 MR06
1427,9,24,24,1.0,MR13 MR10 MR11 MR02 MR06 MR04 MR12 MR14 MR07
1428,9,24,23,0.9583333333333334,MR13 MR10 MR11 MR02 MR14 MR04 MR12 MR06 MR07
1429,8,23,20,0.8695652173913043,MR12 MR10 MR02 MR07 MR11 MR13 MR04 MR14
1430,9,25,24,0.96,MR13 MR10 MR02 MR11 MR06 MR12 MR04 MR14 MR07
1431,9,26,25,0.9615384615384616,MR12 MR10 MR02 MR11 MR07 MR13 MR04 MR06 MR14
1432,9,22,21,0.9545454545454546,MR13 MR10 MR02 MR11 MR14 MR07 MR04 MR06 MR12
1433,9,25,22,0.88,MR12 MR10 MR02 MR11 MR07 MR04 MR05 MR06 MR14
1434,9,24,20,0.8333333333333334,MR12 MR10 MR11 MR02 MR14 MR04 MR05 MR06 MR07
1435,9,20,20,1.0,MR13 MR10 MR02 MR11 MR07 MR12 MR04 MR06 MR14
1436,9,26,25,0.9615384615384616,MR13 MR10 MR14 MR02 MR07 MR06 MR04 MR11 MR12
1437,9,21,21,1.0,MR13 MR10 MR11 MR02 MR04 MR14 MR07 MR06 MR12
1438,9,26,24,0.9230769230769231,MR13 MR10 MR11 MR02 MR12 MR14 MR07 MR04 MR06
1439,9,23,22,0.9565217391304348,MR13 MR10 MR02 MR11 MR06 MR04 MR12 MR14 MR07
1440,8,21,17,0.8095238095238095,MR13 MR10 MR11 MR02 MR12 MR04 MR07 MR14
1441,9,21,20,0.9523809523809523,MR13 MR10 MR11 MR02 MR07 MR14 MR04 MR06 MR12
1442,9,27,25,0.9259259259259259,MR13 MR10 MR02 MR06 MR07 MR11 MR04 MR12 MR14
1443,9,23,23,1.0,MR07 MR10 MR02 MR13 MR11 MR14 MR04 MR12 MR06
1444,9,19,18,0.9473684210526315,MR12 MR10 MR02 MR06 MR11 MR13 MR04 MR14 MR07
1445,8,23,19,0.8260869565217391,MR13 MR10 MR11 MR02 MR07 MR14 MR04 MR12
1446,9,21,21,1.0,MR13 MR10 MR02 MR06 MR11 MR04 MR07 MR12 MR14
1447,8,25,21,0.84,MR13 MR10 MR11 MR02 MR12 MR04 MR07 MR06
1448,9,24,21,0.875,MR05 MR10 MR11 MR02 MR14 MR04 MR06 MR07 MR12
1449,9,20,19,0.95,MR06 MR10 MR02 MR13 MR04 MR11 MR12 MR14 MR07
1450,9,22,21,0.9545454545454546,MR13 MR10 MR11 MR02 MR04 MR14 MR06 MR07 MR12
1451,9,25,24,0.96,MR13 MR10 MR02 MR11 MR06 MR04 MR07 MR12 MR14
1452,8,21,18,0.8571428571428571,MR13 MR10 MR02 MR06 MR11 MR04 MR07 MR14
1453,9,20,20,1.0,MR13 MR10 MR11 MR02 MR04 MR06 MR12 MR14 MR07
1454,9,22,21,0.9545454545454546,MR13 MR10 MR02 MR06 MR11 MR04 MR14 MR07 MR12
1455,9,25,23,0.92,MR13 MR10 MR02 MR11 MR12 MR07 MR04 MR06 MR14
1456,9,19,17,0.8947368421052632,MR13 MR10 MR02 MR11 MR06 MR14 MR04 MR12 MR07
1457,9,25,25,1.0,MR13 MR10 MR02 MR11 MR14 MR07 MR04 MR06 MR12
1458,9,24,22,0.9166666666666666,MR12 MR10 MR02 MR11 MR13 MR06 MR14 MR04 MR07
1459,9,24,23,0.9583333333333334,MR13 MR10 MR02 MR11 MR12 MR06 MR04 MR14 MR07
1460,9,20,20,1.0,MR13 MR10 MR02 MR11 MR07 MR14 MR04 MR06 MR12
1461,9,23,22,0.9565217391304348,MR13 MR10 MR02 MR11 MR07 MR12 MR04 MR06 MR14
1462,9,24,24,1.0,MR13 MR10 MR11 MR02 MR04 MR07 MR12 MR14 MR06
1463,9,26,25,0.9615384615384616,MR13 MR10 MR02 MR11 MR07 MR04 MR06 MR12 MR14
1464,9,26,24,0.9230769230769231,MR12 MR10 MR02 MR11 MR06 MR14 MR04 MR13 MR07
1465,7,24,17,0.7083333333333334,MR13 MR10 MR11 MR02 MR12 MR04 MR06
1466,9,28,27,0.9642857142857143,MR13 MR10 MR02 MR11 MR14 MR06 MR12 MR04 MR07
1467,8,27,22,0.8148148148148148,MR13 MR10 MR11 MR02 MR14 MR04 MR07 MR06
1468,8,30,25,0.8333333333333334,MR13 MR10 MR02 MR14 MR07 MR11 MR04 MR06
1469,8,21,17,0.8095238095238095,MR13 MR10 MR11 MR02 MR07 MR04 MR12 MR06
1470,9,21,20,0.9523809523809523,MR13 MR10 MR11 MR02 MR14 MR04 MR07 MR12 MR06
1471,9,29,27,0.9310344827586207,MR12 MR10 MR02 MR06 MR11 MR14 MR04 MR07 MR13
1472,9,27,26,0.9629629629629629,MR13 MR10 MR11 MR02 MR04 MR06 MR14 MR07 MR12
1473,9,24,24,1.0,MR12 MR10 MR11 MR02 MR13 MR04 MR06 MR07 MR14
1474,9,26,26,1.0,MR13 MR10 MR02 MR11 MR07 MR14 MR04 MR12 MR06
1475,9,26,25,0.9615384615384616,MR13 MR10 MR02 MR11 MR14 MR06 MR04 MR07 MR12
1476,9,27,26,0.9629629629629629,MR13 MR10 MR11 MR02 MR04 MR12 MR07 MR14 MR06
1477,9,21,20,0.9523809523809523,MR13 MR10 MR02 MR11 MR14 MR04 MR06 MR07 MR12
1478,9,26,25,0.9615384615384616,MR13 MR10 MR02 MR11 MR06 MR14 MR04 MR12 MR07
1479,9,26,25,0.9615384615384616,MR13 MR10 MR06 MR02 MR04 MR11 MR12 MR07 MR14
1480,9,23,22,0.9565217391304348,MR12 MR10 MR02 MR06 MR07 MR13 MR04 MR11 MR14
1481,9,25,23,0.92,MR12 MR10 MR02 MR07 MR11 MR14 MR04 MR13 MR06
1482,9,24,24,1.0,MR13 MR10 MR02 MR06 MR07 MR11 MR04 MR12 MR14
1483,9,21,20,0.9523809523809523,MR13 MR10 MR02 MR11 MR14 MR04 MR06 MR07 MR12
1484,8,22,18,0.8181818181818182,MR13 MR10 MR11 MR02 MR12 MR04 MR07 MR06
1485,9,29,24,0.8275862068965517,MR05 MR10 MR02 MR11 MR07 MR04 MR06 MR14 MR12
1486,9,20,19,0.95,MR12 MR10 MR02 MR11 MR13 MR07 MR14 MR04 MR06
1487,9,30,29,0.9666666666666667,MR13 MR10 MR02 MR07 MR14 MR06 MR04 MR11 MR12
1488,9,28,27,0.9642857142857143,MR13 MR10 MR02 MR06 MR11 MR12 MR04 MR14 MR07
1489,9,22,21,0.9545454545454546,MR13 MR10 MR02 MR11 MR07 MR04 MR06 MR12 MR14
1490,9,28,27,0.9642857142857143,MR13 MR10 MR02 MR11 MR07 MR04 MR06 MR12 MR14
1491,9,27,26,0.9629629629629629,MR13 MR10 MR02 MR14 MR06 MR07 MR11 MR04 MR12
1492,9,24,22,0.9166666666666666,MR13 MR10 MR11 MR02 MR07 MR04 MR06 MR12 MR14
1493,9,24,24,1.0,MR13 MR10 MR02 MR14 MR11 MR07 MR04 MR06 MR12
1494,9,25,24,0.96,MR13 MR10 MR06 MR02 MR04 MR11 MR14 MR07 MR12
1495,9,30,28,0.9333333333333333,MR13 MR10 MR11 MR02 MR12 MR04 MR07 MR06 MR14
1496,9,23,22,0.9565217391304348,MR13 MR10 MR11 MR02 MR12 MR04 MR07 MR14 MR06
1497,9,25,21,0.84,MR14 MR10 MR11 MR02 MR04 MR06 MR07 MR12 MR05
1498,9,26,26,1.0,MR13 MR10 MR02 MR11 MR07 MR14 MR04 MR06 MR12
1499,8,24,17,0.7083333333333334,MR12 MR10 MR11 MR02 MR14 MR04 MR07 MR05
1500,9,24,23,0.9583333333333334,MR13 MR10 MR02 MR11 MR04 MR06 MR07 MR14 MR12
1501,9,21,21,1.0,MR12 MR10 MR02 MR11 MR13 MR14 MR04 MR06 MR07
1502,9,22,22,1.0,MR13 MR10 MR11 MR02 MR14 MR04 MR07 MR12 MR06
1503,9,25,24,0.96,MR13 MR10 MR02 MR11 MR07 MR04 MR06 MR12 MR14
1504,9,23,22,0.9565217391304348,MR13 MR10 MR11 MR02 MR14 MR04 MR06 MR12 MR07
1505,9,22,21,0.9545454545454546,MR12 MR10 MR13 MR02 MR06 MR07 MR11 MR04 MR14
1506,9,22,21,0.9545454545454546,MR13 MR10 MR11 MR02 MR04 MR07 MR14 MR06 MR12
1507,9,26,25,0.9615384615384616,MR13 MR10 MR02 MR11 MR06 MR04 MR07 MR12 MR14
1508,9,24,23,0.9583333333333334,MR13 MR10 MR02 MR11 MR12 MR04 MR06 MR07 MR14
1509,9,23,22,0.9565217391304348,MR13 MR10 MR11 MR02 MR12 MR04 MR14 MR06 MR07
1510,9,29,29,1.0,MR12 MR10 MR02 MR11 MR13 MR07 MR04 MR14 MR06
1511,9,22,21,0.9545454545454546,MR13 MR10 MR11 MR02 MR04 MR14 MR07 MR12 MR06
1512,9,20,20,1.0,MR13 MR10 MR11 MR02 MR04 MR07 MR12 MR06 MR14
1513,9,19,18,0.9473684210526315,MR13 MR10 MR02 MR11 MR12 MR06 MR04 MR07 MR14
1514,9,21,20,0.9523809523809523,MR13 MR10 MR02 MR06 MR11 MR04 MR07 MR14 MR12
1515,9,19,19,1.0,MR12 MR10 MR02 MR07 MR06 MR13 MR04 MR11 MR14
1516,9,23,22,0.9565217391304348,MR12 MR10 MR02 MR11 MR07 MR13 MR04 MR06 MR14
1517,9,20,19,0.95,MR13 MR10 MR02 MR06 MR11 MR04 MR07 MR12 MR14
1518,9,25,21,0.84,MR05 MR10 MR11 MR02 MR14 MR04 MR07 MR12 MR06
1519,9,23,22,0.9565217391304348,MR13 MR10 MR11 MR02 MR07 MR12 MR04 MR14 MR06
1520,9,30,27,0.9,MR12 MR10 MR11 MR02 MR14 MR04 MR07 MR05 MR06
1521,9,26,25,0.9615384615384616,MR13 MR10 MR02 MR11 MR07 MR14 MR04 MR12 MR06
1522,9,25,23,0.92,MR12 MR10 MR11 MR02 MR14 MR04 MR07 MR13 MR06
1523,9,25,24,0.96,MR13 MR10 MR02 MR07 MR04 MR06 MR11 MR14 MR12
1524,9,21,21,1.0,MR13 MR10 MR02 MR11 MR07 MR14 MR04 MR06 MR12
1525,9,24,23,0.9583333333333334,MR12 MR10 MR02 MR06 MR11 MR04 MR14 MR07 MR13
1526,9,20,18,0.9,MR13 MR10 MR11 MR02 MR06 MR14 MR04 MR12 MR07
1527,9,20,20,1.0,MR13 MR10 MR02 MR11 MR04 MR06 MR07 MR12 MR14
1528,9,23,22,0.9565217391304348,MR13 MR10 MR02 MR06 MR11 MR04 MR07 MR12 MR14
1529,9,22,22,1.0,MR13 MR10 MR02 MR14 MR07 MR11 MR04 MR12 MR06
1530,9,24,23,0.9583333333333334,MR13 MR10 MR02 MR06 MR11 MR12 MR04 MR14 MR07
1531,9,30,29,0.9666666666666667,MR12 MR10 MR02 MR11 MR13 MR06 MR04 MR07 MR14
1532,9,25,23,0.92,MR12 MR10 MR02 MR11 MR06 MR13 MR04 MR07 MR14
1533,9,22,21,0.9545454545454546,MR12 MR10 MR02 MR11 MR13 MR07 MR04 MR06 MR14
1534,9,26,25,0.9615384615384616,MR13 MR10 MR11 MR02 MR04 MR07 MR12 MR14 MR06
1535,9,23,21,0.9130434782608695,MR13 MR10 MR14 MR02 MR07 MR11 MR04 MR12 MR06
1536,8,23,18,0.782608695652174,MR13 MR10 MR11 MR14 MR02 MR06 MR04 MR12
1537,8,20,17,0.85,MR13 MR10 MR02 MR07 MR11 MR04 MR06 MR14
1538,9,22,22,1.0,MR13 MR10 MR02 MR11 MR06 MR04 MR07 MR12 MR14
1539,9,26,25,0.9615384615384616,MR13 MR10 MR02 MR06 MR11 MR14 MR12 MR04 MR07
1540,9,28,27,0.9642857142857143,MR12 MR10 MR02 MR06 MR13 MR11 MR04 MR07 MR14
1541,9,25,25,1.0,MR13 MR10 MR02 MR11 MR04 MR06 MR07 MR14 MR12
1542,9,24,21,0.875,MR05 MR10 MR02 MR07 MR06 MR14 MR04 MR12 MR11
1543,9,24,24,1.0,MR13 MR10 MR02 MR06 MR11 MR14 MR04 MR07 MR12
1544,9,24,20,0.8333333333333334,MR05 MR10 MR07 MR02 MR12 MR14 MR04 MR11 MR06
1545,9,19,19,1.0,MR13 MR10 MR11 MR14 MR02 MR07 MR04 MR12 MR06
1546,9,28,27,0.9642857142857143,MR12 MR10 MR02 MR07 MR11 MR04 MR13 MR14 MR06
1547,9,30,28,0.9333333333333333,MR13 MR10 MR02 MR11 MR06 MR04 MR12 MR14 MR07
1548,9,22,21,0.9545454545454546,MR13 MR10 MR11 MR02 MR14 MR04 MR06 MR07 MR12
1549,9,22,21,0.9545454545454546,MR12 MR10 MR11 MR02 MR13 MR07 MR04 MR14 MR06
1550,9,23,22,0.9565217391304348,MR13 MR10 MR02 MR07 MR11 MR04 MR12 MR06 MR14
1551,9,25,24,0.96,MR13 MR10 MR11 MR02 MR14 MR12 MR04 MR06 MR07
1552,9,20,19,0.95,MR13 MR10 MR02 MR06 MR11 MR04 MR12 MR14 MR07
1553,9,24,23,0.9583333333333334,MR12 MR10 MR11 MR02 MR13 MR14 MR04 MR07 MR06
1554,8,23,19,0.8260869565217391,MR13 MR10 MR11 MR02 MR04 MR07 MR14 MR12
1555,9,27,26,0.9629629629629629,MR13 MR10 MR11 MR02 MR07 MR04 MR06 MR12 MR14
1556,9,26,25,0.9615384615384616,MR13 MR10 MR11 MR02 MR04 MR06 MR14 MR07 MR12
1557,9,24,23,0.9583333333333334,MR13 MR10 MR11 MR02 MR06 MR04 MR14 MR07 MR12
1558,9,24,23,0.9583333333333334,MR13 MR10 MR02 MR06 MR07 MR11 MR14 MR04 MR12
1559,7,28,21,0.75,MR13 MR10 MR11 MR02 MR14 MR04 MR12
1560,9,24,23,0.9583333333333334,MR12 MR10 MR02 MR11 MR13 MR04 MR06 MR07 MR14
1561,9,23,23,1.0,MR13 MR10 MR02 MR06 MR11 MR04 MR07 MR12 MR14
1562,9,19,18,0.9473684210526315,MR13 MR10 MR02 MR11 MR14 MR04 MR06 MR07 MR12
1563,9,22,21,0.9545454545454546,MR13 MR10 MR11 MR02 MR04 MR06 MR12 MR14 MR07
1564,9,29,27,0.9310344827586207,MR13 MR10 MR11 MR02 MR12 MR04 MR07 MR06 MR14
1565,9,23,22,0.9565217391304348,MR13 MR10 MR11 MR02 MR12 MR04 MR07 MR14 MR06
1566,9,21,20,0.9523809523809523,MR13 MR10 MR11 MR02 MR04 MR06 MR07 MR12 MR14
1567,9,26,25,0.9615384615384616,MR13 MR10 MR11 MR02 MR07 MR04 MR14 MR06 MR12
1568,9,22,22,1.0,MR13 MR10 MR02 MR07 MR11 MR04 MR06 MR12 MR14
1569,9,20,19,0.95,MR12 MR10 MR02 MR11 MR13 MR06 MR04 MR07 MR14
1570,9,24,23,0.9583333333333334,MR12 MR10 MR11 MR02 MR13 MR14 MR04 MR07 MR06
1571,9,23,22,0.9565217391304348,MR13 MR10 MR02 MR11 MR14 MR12 MR04 MR06 MR07
1572,9,22,20,0.9090909090909091,MR13 MR10 MR02 MR11 MR14 MR04 MR06 MR07 MR12
1573,8,28,24,0.8571428571428571,MR13 MR10 MR07 MR02 MR11 MR12 MR04 MR14
1574,9,22,22,1.0,MR13 MR10 MR11 MR02 MR12 MR04 MR06 MR07 MR14
1575,9,20,19,0.95,MR13 MR10 MR11 MR02 MR04 MR14 MR07 MR12 MR06
1576,9,23,21,0.9130434782608695,MR13 MR10 MR02 MR11 MR06 MR04 MR14 MR07 MR12
1577,8,22,19,0.8636363636363636,MR13 MR10 MR02 MR07 MR11 MR04 MR06 MR14
1578,9,22,21,0.9545454545454546,MR13 MR10 MR02 MR11 MR12 MR04 MR06 MR07 MR14
1579,9,26,26,1.0,MR13 MR10 MR11 MR02 MR06 MR04 MR12 MR14 MR07
1580,9,24,23,0.9583333333333334,MR12 MR10 MR02 MR06 MR11 MR04 MR13 MR14 MR07
1581,9,26,24,0.9230769230769231,MR12 MR10 MR02 MR11 MR13 MR14 MR04 MR06 MR07
1582,9,20,20,1.0,MR13 MR10 MR02 MR07 MR11 MR14 MR12 MR04 MR06
1583,8,23,19,0.8260869565217391,MR13 MR10 MR02 MR11 MR12 MR06 MR04 MR07
1584,9,26,24,0.9230769230769231,MR12 MR10 MR11 MR02 MR13 MR04 MR07 MR06 MR14
1585,9,23,23,1.0,MR13 MR10 MR02 MR07 MR14 MR11 MR04 MR12 MR06
1586,9,28,27,0.9642857142857143,MR14 MR10 MR11 MR02 MR13 MR04 MR07 MR06 MR12
1587,9,21,19,0.9047619047619048,MR13 MR10 MR02 MR06 MR07 MR11 MR04 MR12 MR14
1588,8,25,21,0.84,MR13 MR10 MR06 MR02 MR11 MR04 MR14 MR12
1589,9,21,20,0.9523809523809523,MR13 MR10 MR02 MR06 MR11 MR14 MR04 MR12 MR07
1590,9,20,19,0.95,MR13 MR10 MR11 MR14 MR02 MR07 MR04 MR12 MR06
1591,8,24,20,0.8333333333333334,MR12 MR10 MR02 MR06 MR11 MR13 MR04 MR14
1592,9,27,26,0.9629629629629629,MR13 MR10 MR02 MR06 MR11 MR04 MR14 MR07 MR12
1593,9,21,20,0.9523809523809523,MR13 MR10 MR11 MR02 MR07 MR04 MR12 MR06 MR14
1594,8,27,23,0.8518518518518519,MR13 MR10 MR02 MR11 MR06 MR04 MR07 MR12
1595,9,23,22,0.9565217391304348,MR13 MR10 MR02 MR07 MR11 MR04 MR12 MR06 MR14
1596,9,23,22,0.9565217391304348,MR13 MR10 MR11 MR02 MR12 MR04 MR06 MR07 MR14
1597,9,25,24,0.96,MR12 MR10 MR02 MR07 MR14 MR06 MR13 MR04 MR11
1598,8,23,19,0.8260869565217391,MR13 MR10 MR11 MR02 MR07 MR12 MR04 MR14
1599,9,22,21,0.9545454545454546,MR13 MR10 MR11 MR02 MR04 MR12 MR14 MR06 MR07
1600,9,22,20,0.9090909090909091,MR13 MR10 MR02 MR11 MR04 MR06 MR07 MR14 MR12
1601,9,27,26,0.9629629629629629,MR12 MR10 MR11 MR02 MR04 MR07 MR13 MR06 MR14
1602,9,26,26,1.0,MR13 MR10 MR02 MR06 MR07 MR14 MR04 MR11 MR12
1603,9,25,24,0.96,MR13 MR10 MR11 MR02 MR04 MR14 MR06 MR07 MR12
1604,9,23,21,0.9130434782608695,MR13 MR10 MR11 MR02 MR04 MR06 MR14 MR07 MR12
1605,9,21,20,0.9523809523809523,MR13 MR10 MR02 MR11 MR06 MR14 MR04 MR12 MR07
1606,9,28,24,0.8571428571428571,MR05 MR10 MR02 MR06 MR11 MR04 MR12 MR07 MR14
1607,9,25,25,1.0,MR13 MR10 MR02 MR11 MR12 MR04 MR06 MR07 MR14
1608,9,28,26,0.9285714285714286,MR13 MR10 MR11 MR02 MR04 MR12 MR14 MR06 MR07
1609,9,26,25,0.9615384615384616,MR13 MR10 MR11 MR02 MR12 MR04 MR06 MR07 MR14
1610,9,23,22,0.9565217391304348,MR13 MR10 MR02 MR11 MR04 MR06 MR07 MR12 MR14
1611,9,25,25,1.0,MR13 MR10 MR11 MR02 MR12 MR04 MR06 MR14 MR07
1612,9,28,27,0.9642857142857143,MR13 MR10 MR02 MR07 MR11 MR04 MR06 MR12 MR14
1613,8,24,20,0.8333333333333334,MR13 MR10 MR11 MR02 MR04 MR06 MR12 MR07
1614,8,25,21,0.84,MR13 MR10 MR02 MR07 MR11 MR12 MR04 MR06
1615,9,23,22,0.9565217391304348,MR13 MR10 MR02 MR11 MR06 MR04 MR07 MR12 MR14
1616,9,23,22,0.9565217391304348,MR13 MR10 MR11 MR02 MR06 MR04 MR12 MR14 MR07
1617,9,24,24,1.0,MR13 MR10 MR02 MR06 MR11 MR14 MR04 MR12 MR07
1618,9,26,24,0.9230769230769231,MR13 MR10 MR02 MR11 MR06 MR14 MR04 MR12 MR07
1619,9,29,28,0.9655172413793104,MR13 MR10 MR02 MR11 MR04 MR06 MR07 MR14 MR12
1620,9,25,21,0.84,MR12 MR10 MR02 MR06 MR11 MR05 MR04 MR07 MR14
1621,9,20,19,0.95,MR13 MR10 MR11 MR02 MR06 MR14 MR04 MR12 MR07
1622,9,23,23,1.0,MR13 MR10 MR02 MR11 MR14 MR04 MR06 MR07 MR12
1623,9,27,26,0.9629629629629629,MR13 MR10 MR02 MR07 MR11 MR04 MR06 MR14 MR12
1624,9,23,23,1.0,MR13 MR10 MR14 MR02 MR06 MR04 MR07 MR11 MR12
1625,8,26,22,0.8461538461538461,MR13 MR10 MR11 MR02 MR04 MR06 MR12 MR07
1626,9,29,28,0.9655172413793104,MR13 MR10 MR02 MR11 MR07 MR04 MR06 MR12 MR14
1627,9,20,20,1.0,MR12 MR10 MR02 MR11 MR13 MR04 MR06 MR07 MR14
1628,9,18,17,0.9444444444444444,MR13 MR10 MR11 MR14 MR02 MR04 MR12 MR06 MR07
1629,9,17,16,0.9411764705882353,MR13 MR10 MR11 MR02 MR06 MR04 MR12 MR14 MR07
1630,9,22,21,0.9545454545454546,MR13 MR10 MR11 MR02 MR14 MR04 MR06 MR12 MR07
1631,9,26,24,0.9230769230769231,MR13 MR10 MR02 MR06 MR07 MR12 MR04 MR14 MR11
1632,9,24,22,0.9166666666666666,MR13 MR10 MR02 MR11 MR06 MR12 MR04 MR07 MR14
1633,9,24,23,0.9583333333333334,MR12 MR10 MR02 MR06 MR11 MR13 MR04 MR14 MR07
1634,9,22,21,0.9545454545454546,MR13 MR10 MR02 MR07 MR11 MR04 MR12 MR06 MR14
1635,9,26,26,1.0,MR13 MR10 MR02 MR11 MR06 MR14 MR04 MR12 MR07
1636,9,29,28,0.9655172413793104,MR13 MR10 MR02 MR11 MR06 MR04 MR14 MR12 MR07
1637,9,27,26,0.9629629629629629,MR13 MR10 MR02 MR11 MR04 MR06 MR07 MR12 MR14
1638,8,22,19,0.8636363636363636,MR13 MR10 MR02 MR11 MR07 MR04 MR06 MR12
1639,9,23,23,1.0,MR13 MR10 MR02 MR11 MR07 MR04 MR06 MR12 MR14
1640,9,23,22,0.9565217391304348,MR13 MR10 MR02 MR06 MR11 MR04 MR12 MR07 MR14
1641,9,23,22,0.9565217391304348,MR12 MR10 MR02 MR07 MR11 MR04 MR13 MR06 MR14
1642,9,22,21,0.9545454545454546,MR13 MR10 MR02 MR06 MR11 MR04 MR07 MR12 MR14
1643,9,26,25,0.9615384615384616,MR13 MR10 MR02 MR11 MR06 MR04 MR12 MR14 MR07
1644,9,26,26,1.0,MR13 MR10 MR02 MR07 MR06 MR04 MR11 MR12 MR14
1645,9,26,25,0.9615384615384616,MR12 MR10 MR11 MR02 MR13 MR14 MR04 MR06 MR07
1646,9,25,24,0.96,MR13 MR10 MR02 MR07 MR11 MR04 MR06 MR12 MR14
1647,9,28,27,0.9642857142857143,MR12 MR10 MR11 MR02 MR14 MR04 MR06 MR13 MR07
1648,9,21,21,1.0,MR13 MR10 MR02 MR11 MR06 MR14 MR04 MR12 MR07
1649,8,26,22,0.8461538461538461,MR13 MR10 MR11 MR02 MR12 MR04 MR06 MR14
1650,8,24,21,0.875,MR12 MR10 MR11 MR02 MR14 MR07 MR13 MR04
1651,9,24,23,0.9583333333333334,MR13 MR10 MR11 MR02 MR04 MR07 MR12 MR14 MR06
1652,9,23,22,0.9565217391304348,MR13 MR10 MR11 MR02 MR14 MR04 MR07 MR12 MR06
1653,9,25,24,0.96,MR12 MR10 MR02 MR06 MR11 MR13 MR04 MR07 MR14
1654,9,29,25,0.8620689655172413,MR12 MR10 MR02 MR11 MR07 MR14 MR04 MR05 MR06
1655,9,24,22,0.9166666666666666,MR13 MR10 MR11 MR02 MR04 MR06 MR07 MR12 MR14
1656,9,25,24,0.96,MR13 MR10 MR02 MR07 MR11 MR04 MR06 MR14 MR12
1657,8,22,18,0.8181818181818182,MR13 MR10 MR11 MR02 MR07 MR12 MR04 MR14
1658,9,26,26,1.0,MR13 MR10 MR06 MR02 MR14 MR11 MR04 MR12 MR07
1659,9,29,28,0.9655172413793104,MR13 MR10 MR11 MR02 MR14 MR04 MR07 MR06 MR12
1660,9,26,25,0.9615384615384616,MR12 MR10 MR11 MR02 MR04 MR06 MR13 MR07 MR14
1661,9,25,24,0.96,MR13 MR10 MR02 MR06 MR11 MR04 MR07 MR12 MR14
1662,9,23,23,1.0,MR13 MR10 MR02 MR11 MR06 MR12 MR04 MR07 MR14
1663,9,21,21,1.0,MR13 MR10 MR02 MR06 MR11 MR04 MR07 MR12 MR14
1664,9,21,20,0.9523809523809523,MR13 MR10 MR11 MR02 MR14 MR12 MR04 MR06 MR07
1665,9,25,24,0.96,MR13 MR10 MR02 MR07 MR04 MR06 MR11 MR14 MR12
1666,9,26,22,0.8461538461538461,MR05 MR10 MR02 MR06 MR07 MR14 MR04 MR11 MR12
1667,9,24,23,0.9583333333333334,MR13 MR10 MR11 MR02 MR14 MR04 MR12 MR06 MR07
1668,9,25,24,0.96,MR13 MR10 MR02 MR07 MR14 MR11 MR04 MR06 MR12
1669,9,23,19,0.8260869565217391,MR12 MR10 MR11 MR02 MR14 MR04 MR06 MR07 MR05
1670,9,26,25,0.9615384615384616,MR13 MR10 MR02 MR07 MR04 MR06 MR11 MR14 MR12
1671,9,20,20,1.0,MR12 MR10 MR02 MR13 MR11 MR07 MR04 MR06 MR14
1672,9,26,26,1.0,MR12 MR10 MR11 MR02 MR07 MR04 MR14 MR13 MR06
1673,8,25,21,0.84,MR13 MR10 MR11 MR02 MR04 MR06 MR07 MR12
1674,8,26,23,0.8846153846153846,MR13 MR10 MR11 MR02 MR14 MR04 MR06 MR07
1675,9,27,26,0.9629629629629629,MR13 MR10 MR02 MR11 MR07 MR14 MR04 MR12 MR06
1676,9,23,22,0.9565217391304348,MR13 MR10 MR02 MR11 MR06 MR04 MR07 MR12 MR14
1677,8,24,20,0.8333333333333334,MR13 MR10 MR02 MR06 MR07 MR11 MR04 MR14
1678,9,23,22,0.9565217391304348,MR12 MR10 MR02 MR07 MR06 MR04 MR11 MR13 MR14
1679,8,24,20,0.8333333333333334,MR13 MR10 MR02 MR06 MR11 MR14 MR04 MR07
1680,9,20,17,0.85,MR05 MR10 MR02 MR11 MR06 MR14 MR04 MR07 MR12
1681,9,26,25,0.9615384615384616,MR14 MR10 MR11 MR02 MR13 MR04 MR07 MR06 MR12
1682,9,29,28,0.9655172413793104,MR13 MR10 MR07 MR02 MR04 MR11 MR12 MR06 MR14
1683,9,23,22,0.9565217391304348,MR13 MR10 MR02 MR11 MR14 MR04 MR06 MR07 MR12
1684,9,28,27,0.9642857142857143,MR13 MR10 MR02 MR06 MR11 MR04 MR07 MR14 MR12
1685,8,28,24,0.8571428571428571,MR13 MR10 MR11 MR02 MR14 MR06 MR04 MR12
1686,9,20,20,1.0,MR13 MR10 MR02 MR11 MR06 MR14 MR04 MR12 MR07
1687,9,22,21,0.9545454545454546,MR13 MR10 MR14 MR02 MR11 MR07 MR04 MR06 MR12
1688,9,24,22,0.9166666666666666,MR13 MR10 MR11 MR02 MR04 MR06 MR07 MR14 MR12
1689,9,23,22,0.9565217391304348,MR13 MR10 MR02 MR11 MR14 MR06 MR04 MR12 MR07
1690,9,24,23,0.9583333333333334,MR13 MR10 MR11 MR02 MR04 MR06 MR07 MR14 MR12
1691,9,23,22,0.9565217391304348,MR12 MR10 MR11 MR02 MR13 MR04 MR06 MR07 MR14
1692,9,23,21,0.9130434782608695,MR13 MR10 MR02 MR06 MR07 MR11 MR04 MR12 MR14
1693,9,28,28,1.0,MR13 MR10 MR02 MR07 MR12 MR11 MR14 MR04 MR06
1694,8,21,17,0.8095238095238095,MR13 MR10 MR11 MR02 MR12 MR04 MR07 MR14
1695,9,25,24,0.96,MR13 MR10 MR11 MR02 MR04 MR14 MR06 MR07 MR12
1696,9,27,25,0.9259259259259259,MR13 MR10 MR02 MR11 MR14 MR04 MR06 MR07 MR12
1697,9,20,20,1.0,MR13 MR10 MR11 MR02 MR12 MR06 MR04 MR14 MR07
1698,8,26,22,0.8461538461538461,MR13 MR10 MR02 MR07 MR11 MR04 MR12 MR06
1699,9,23,22,0.9565217391304348,MR13 MR10 MR11 MR02 MR06 MR14 MR04 MR07 MR12
1700,8,24,21,0.875,MR13 MR10 MR11 MR02 MR04 MR06 MR12 MR14
1701,9,27,26,0.9629629629629629,MR13 MR10 MR02 MR11 MR07 MR04 MR06 MR12 MR14
1702,9,19,19,1.0,MR13 MR10 MR02 MR11 MR14 MR04 MR06 MR07 MR12
1703,9,27,26,0.9629629629629629,MR13 MR10 MR02 MR06 MR11 MR14 MR04 MR07 MR12
1704,9,21,21,1.0,MR13 MR10 MR02 MR11 MR06 MR14 MR04 MR07 MR12
1705,9,29,28,0.9655172413793104,MR13 MR10 MR02 MR06 MR11 MR04 MR12 MR07 MR14
1706,9,22,21,0.9545454545454546,MR12 MR10 MR11 MR02 MR14 MR04 MR06 MR13 MR07
1707,9,21,21,1.0,MR13 MR10 MR11 MR02 MR04 MR07 MR14 MR12 MR06
1708,9,22,21,0.9545454545454546,MR13 MR10 MR02 MR06 MR11 MR12 MR14 MR04 MR07
1709,9,27,25,0.9259259259259259,MR12 MR10 MR02 MR11 MR07 MR14 MR13 MR04 MR06
1710,9,24,24,1.0,MR13 MR10 MR02 MR11 MR12 MR04 MR06 MR07 MR14
1711,9,22,21,0.9545454545454546,MR12 MR10 MR11 MR02 MR13 MR04 MR07 MR06 MR14
1712,9,20,19,0.95,MR13 MR10 MR11 MR02 MR12 MR04 MR06 MR14 MR07
1713,9,22,21,0.9545454545454546,MR13 MR10 MR11 MR02 MR14 MR04 MR07 MR12 MR06
1714,9,24,23,0.9583333333333334,MR13 MR10 MR11 MR02 MR04 MR07 MR14 MR06 MR12
1715,9,23,22,0.9565217391304348,MR13 MR10 MR11 MR02 MR07 MR12 MR04 MR06 MR14
1716,9,24,23,0.9583333333333334,MR13 MR10 MR11 MR02 MR07 MR04 MR12 MR06 MR14
1717,9,20,19,0.95,MR13 MR10 MR02 MR11 MR06 MR12 MR04 MR07 MR14
1718,9,27,26,0.9629629629629629,MR13 MR10 MR02 MR06 MR07 MR11 MR04 MR14 MR12
1719,9,28,24,0.8571428571428571,MR05 MR10 MR02 MR06 MR11 MR04 MR12 MR07 MR14
1720,9,27,26,0.9629629629629629,MR12 MR10 MR02 MR11 MR07 MR13 MR04 MR14 MR06
1721,9,25,24,0.96,MR13 MR10 MR02 MR06 MR11 MR14 MR04 MR12 MR07
1722,9,24,23,0.9583333333333334,MR13 MR10 MR02 MR06 MR07 MR04 MR14 MR11 MR12
1723,9,26,25,0.9615384615384616,MR13 MR10 MR11 MR02 MR12 MR04 MR06 MR14 MR07
1724,9,22,22,1.0,MR13 MR10 MR11 MR02 MR14 MR04 MR06 MR07 MR12
1725,9,25,24,0.96,MR13 MR10 MR02 MR06 MR11 MR12 MR04 MR14 MR07
1726,9,21,20,0.9523809523809523,MR13 MR10 MR02 MR11 MR06 MR12 MR04 MR07 MR14
1727,8,20,16,0.8,MR12 MR10 MR02 MR11 MR13 MR07 MR04 MR06
1728,9,26,24,0.9230769230769231,MR13 MR10 MR11 MR02 MR04 MR06 MR12 MR14 MR07
1729,9,25,24,0.96,MR13 MR10 MR02 MR11 MR06 MR14 MR04 MR12 MR07
1730,9,22,21,0.9545454545454546,MR13 MR10 MR11 MR14 MR02 MR04 MR06 MR07 MR12
1731,9,24,23,0.9583333333333334,MR13 MR10 MR11 MR02 MR14 MR04 MR06 MR07 MR12
1732,9,23,22,0.9565217391304348,MR13 MR10 MR11 MR02 MR04 MR12 MR06 MR07 MR14
1733,9,18,18,1.0,MR13 MR10 MR02 MR06 MR12 MR11 MR04 MR07 MR14
1734,9,24,24,1.0,MR13 MR10 MR02 MR06 MR07 MR04 MR14 MR11 MR12
1735,9,19,19,1.0,MR13 MR10 MR11 MR02 MR04 MR06 MR12 MR14 MR07
1736,9,23,22,0.9565217391304348,MR12 MR10 MR11 MR02 MR14 MR13 MR04 MR06 MR07
1737,9,25,24,0.96,MR13 MR10 MR11 MR02 MR07 MR12 MR04 MR14 MR06
1738,9,23,22,0.9565217391304348,MR13 MR10 MR02 MR11 MR06 MR04 MR12 MR07 MR14
1739,9,27,27,1.0,MR12 MR10 MR02 MR11 MR07 MR13 MR14 MR04 MR06
1740,9,24,23,0.9583333333333334,MR13 MR10 MR11 MR02 MR14 MR04 MR06 MR07 MR12
1741,9,26,25,0.9615384615384616,MR12 MR10 MR02 MR06 MR11 MR14 MR04 MR13 MR07
1742,9,26,24,0.9230769230769231,MR13 MR10 MR02 MR11 MR07 MR04 MR06 MR12 MR14
1743,9,25,25,1.0,MR12 MR10 MR02 MR06 MR11 MR14 MR04 MR13 MR07
1744,9,26,25,0.9615384615384616,MR12 MR10 MR11 MR02 MR07 MR04 MR13 MR06 MR14
1745,9,22,21,0.9545454545454546,MR13 MR10 MR02 MR11 MR06 MR14 MR04 MR12 MR07
1746,8,23,19,0.8260869565217391,MR12 MR10 MR11 MR02 MR13 MR06 MR14 MR04
1747,9,25,23,0.92,MR13 MR10 MR02 MR06 MR14 MR04 MR07 MR11 MR12
1748,9,25,24,0.96,MR13 MR10 MR02 MR11 MR07 MR04 MR12 MR06 MR14
1749,9,23,22,0.9565217391304348,MR13 MR10 MR11 MR02 MR04 MR14 MR06 MR07 MR12
1750,9,25,24,0.96,MR13 MR10 MR11 MR02 MR07 MR04 MR06 MR12 MR14
1751,9,25,24,0.96,MR12 MR10 MR02 MR11 MR07 MR13 MR04 MR14 MR06
1752,8,23,19,0.8260869565217391,MR13 MR10 MR11 MR02 MR12 MR04 MR07 MR14
1753,9,26,25,0.9615384615384616,MR12 MR10 MR02 MR11 MR07 MR13 MR04 MR14 MR06
1754,9,32,31,0.96875,MR13 MR10 MR11 MR02 MR04 MR06 MR12 MR14 MR07
1755,8,24,20,0.8333333333333334,MR13 MR10 MR02 MR11 MR06 MR14 MR04 MR07
1756,9,21,17,0.8095238095238095,MR05 MR10 MR11 MR02 MR14 MR04 MR07 MR12 MR06
1757,9,21,17,0.8095238095238095,MR12 MR10 MR02 MR06 MR11 MR04 MR07 MR05 MR14
1758,9,23,21,0.9130434782608695,MR12 MR10 MR11 MR02 MR04 MR07 MR14 MR06 MR13
1759,9,24,23,0.9583333333333334,MR13 MR10 MR11 MR02 MR12 MR04 MR07 MR06 MR14
1760,8,23,19,0.8260869565217391,MR13 MR10 MR11 MR02 MR06 MR14 MR04 MR12
1761,9,27,26,0.9629629629629629,MR12 MR10 MR02 MR06 MR11 MR13 MR04 MR07 MR14
1762,8,23,19,0.8260869565217391,MR13 MR10 MR11 MR02 MR04 MR07 MR12 MR14
1763,9,24,23,0.9583333333333334,MR13 MR10 MR11 MR02 MR04 MR07 MR12 MR06 MR14
1764,9,26,25,0.9615384615384616,MR13 MR10 MR02 MR11 MR06 MR04 MR07 MR14 MR12
1765,9,26,25,0.9615384615384616,MR06 MR10 MR02 MR13 MR12 MR14 MR04 MR07 MR11
1766,9,23,22,0.9565217391304348,MR13 MR10 MR11 MR02 MR04 MR06 MR12 MR07 MR14
1767,9,22,22,1.0,MR13 MR10 MR11 MR02 MR04 MR07 MR14 MR12 MR06
1768,8,22,19,0.8636363636363636,MR13 MR10 MR11 MR02 MR04 MR06 MR07 MR14
1769,9,26,25,0.9615384615384616,MR13 MR10 MR11 MR02 MR04 MR07 MR06 MR12 MR14
1770,9,24,23,0.9583333333333334,MR13 MR10 MR02 MR11 MR14 MR04 MR06 MR07 MR12
1771,9,25,25,1.0,MR13 MR10 MR02 MR06 MR14 MR04 MR07 MR11 MR12
1772,9,24,24,1.0,MR13 MR10 MR07 MR02 MR04 MR14 MR06 MR11 MR12
1773,9,23,21,0.9130434782608695,MR12 MR10 MR02 MR06 MR11 MR13 MR04 MR07 MR14
1774,9,25,24,0.96,MR13 MR10 MR11 MR02 MR04 MR07 MR12 MR14 MR06
1775,9,22,21,0.9545454545454546,MR12 MR10 MR02 MR11 MR13 MR04 MR06 MR07 MR14
1776,9,24,23,0.9583333333333334,MR13 MR10 MR02 MR06 MR07 MR04 MR11 MR12 MR14
1777,9,23,22,0.9565217391304348,MR12 MR10 MR11 MR02 MR13 MR04 MR06 MR07 MR14
1778,9,20,19,0.95,MR13 MR10 MR11 MR02 MR04 MR12 MR06 MR07 MR14
1779,9,28,27,0.9642857142857143,MR13 MR10 MR02 MR11 MR12 MR07 MR04 MR06 MR14
1780,9,25,24,0.96,MR13 MR10 MR14 MR02 MR11 MR04 MR06 MR07 MR12
1781,8,22,15,0.6818181818181818,MR12 MR10 MR11 MR02 MR14 MR04 MR06 MR07
1782,9,23,21,0.9130434782608695,MR13 MR10 MR11 MR02 MR14 MR04 MR06 MR12 MR07
1783,9,22,21,0.9545454545454546,MR13 MR10 MR02 MR06 MR12 MR07 MR04 MR11 MR14
1784,9,26,25,0.9615384615384616,MR13 MR10 MR02 MR11 MR06 MR04 MR07 MR12 MR14
1785,9,25,24,0.96,MR13 MR10 MR11 MR02 MR12 MR04 MR14 MR06 MR07
1786,9,22,22,1.0,MR13 MR10 MR02 MR06 MR11 MR04 MR12 MR14 MR07
1787,9,24,23,0.9583333333333334,MR13 MR10 MR02 MR11 MR04 MR06 MR07 MR12 MR14
1788,9,22,22,1.0,MR12 MR10 MR02 MR11 MR07 MR13 MR04 MR06 MR14
1789,9,20,19,0.95,MR13 MR10 MR11 MR02 MR12 MR14 MR04 MR06 MR07
1790,9,24,23,0.9583333333333334,MR13 MR10 MR02 MR11 MR07 MR04 MR06 MR12 MR14
1791,9,26,25,0.9615384615384616,MR12 MR10 MR11 MR02 MR04 MR06 MR13 MR14 MR07
1792,9,27,25,0.9259259259259259,MR13 MR10 MR02 MR11 MR07 MR04 MR12 MR06 MR14
1793,8,23,19,0.8260869565217391,MR13 MR10 MR11 MR02 MR04 MR06 MR12 MR07
1794,9,26,24,0.9230769230769231,MR13 MR10 MR02 MR11 MR12 MR04 MR06 MR07 MR14
1795,9,22,21,0.9545454545454546,MR13 MR10 MR11 MR02 MR07 MR04 MR14 MR06 MR12
1796,8,21,17,0.8095238095238095,MR13 MR10 MR02 MR06 MR11 MR04 MR12 MR14
1797,9,26,26,1.0,MR13 MR10 MR11 MR02 MR12 MR04 MR06 MR07 MR14
1798,9,27,26,0.9629629629629629,MR13 MR10 MR11 MR02 MR04 MR12 MR14 MR06 MR07
1799,9,24,23,0.9583333333333334,MR13 MR10 MR02 MR11 MR12 MR04 MR06 MR07 MR14
1800,8,25,21,0.84,MR13 MR10 MR11 MR02 MR14 MR04 MR06 MR07
1801,9,24,23,0.9583333333333334,MR12 MR10 MR11 MR02 MR13 MR04 MR06 MR14 MR07
1802,9,26,25,0.9615384615384616,MR13 MR10 MR02 MR11 MR14 MR04 MR06 MR07 MR12
1803,9,26,24,0.9230769230769231,MR12 MR10 MR02 MR07 MR13 MR06 MR04 MR11 MR14
1804,9,26,25,0.9615384615384616,MR13 MR10 MR02 MR11 MR04 MR06 MR07 MR14 MR12
1805,9,25,25,1.0,MR06 MR10 MR02 MR07 MR14 MR04 MR11 MR12 MR13
1806,9,24,23,0.9583333333333334,MR12 MR10 MR11 MR02 MR13 MR04 MR06 MR14 MR07
1807,9,17,16,0.9411764705882353,MR13 MR10 MR02 MR06 MR14 MR11 MR04 MR07 MR12
1808,9,25,24,0.96,MR13 MR10 MR02 MR11 MR07 MR14 MR04 MR12 MR06
1809,9,28,27,0.9642857142857143,MR12 MR10 MR02 MR11 MR07 MR04 MR13 MR14 MR06
1810,9,23,22,0.9565217391304348,MR13 MR10 MR11 MR02 MR07 MR14 MR04 MR12 MR06
1811,9,21,20,0.9523809523809523,MR13 MR10 MR02 MR11 MR04 MR06 MR07 MR14 MR12
1812,9,23,22,0.9565217391304348,MR13 MR10 MR11 MR02 MR14 MR04 MR06 MR07 MR12
1813,8,28,24,0.8571428571428571,MR13 MR10 MR02 MR11 MR07 MR04 MR14 MR06
1814,9,25,25,1.0,MR13 MR10 MR11 MR02 MR04 MR07 MR12 MR14 MR06
1815,8,26,22,0.8461538461538461,MR14 MR10 MR11 MR02 MR12 MR06 MR04 MR13
1816,9,23,22,0.9565217391304348,MR13 MR10 MR02 MR11 MR07 MR04 MR12 MR14 MR06
1817,9,23,22,0.9565217391304348,MR12 MR10 MR02 MR11 MR07 MR04 MR06 MR13 MR14
1818,9,21,20,0.9523809523809523,MR13 MR10 MR02 MR11 MR07 MR04 MR06 MR12 MR14
1819,9,28,28,1.0,MR12 MR10 MR02 MR11 MR06 MR04 MR13 MR14 MR07
1820,9,22,19,0.8636363636363636,MR12 MR10 MR11 MR02 MR04 MR07 MR06 MR14 MR05
1821,8,28,24,0.8571428571428571,MR13 MR10 MR07 MR02 MR11 MR14 MR04 MR12
1822,9,23,22,0.9565217391304348,MR12 MR10 MR11 MR02 MR13 MR04 MR07 MR06 MR14
1823,9,25,22,0.88,MR05 MR10 MR02 MR11 MR07 MR14 MR04 MR06 MR12
1824,9,20,20,1.0,MR13 MR10 MR11 MR02 MR12 MR14 MR04 MR07 MR06
1825,9,24,23,0.9583333333333334,MR13 MR10 MR02 MR11 MR14 MR04 MR06 MR07 MR12
1826,9,19,19,1.0,MR13 MR10 MR02 MR11 MR14 MR06 MR04 MR07 MR12
1827,9,24,20,0.8333333333333334,MR05 MR10 MR06 MR02 MR07 MR04 MR12 MR14 MR11
1828,9,20,19,0.95,MR13 MR10 MR02 MR07 MR11 MR04 MR06 MR12 MR14
1829,9,21,20,0.9523809523809523,MR13 MR10 MR02 MR07 MR06 MR12 MR04 MR11 MR14
1830,9,24,24,1.0,MR13 MR10 MR02 MR11 MR12 MR04 MR06 MR07 MR14
1831,9,23,23,1.0,MR14 MR10 MR11 MR02 MR13 MR04 MR06 MR12 MR07
1832,9,25,21,0.84,MR12 MR10 MR02 MR06 MR14 MR11 MR04 MR07 MR05
1833,9,22,22,1.0,MR13 MR10 MR11 MR02 MR12 MR04 MR06 MR14 MR07
1834,9,23,22,0.9565217391304348,MR12 MR10 MR02 MR11 MR06 MR04 MR07 MR13 MR14
1835,9,25,24,0.96,MR12 MR10 MR11 MR02 MR13 MR04 MR07 MR06 MR14
1836,9,24,24,1.0,MR13 MR10 MR02 MR11 MR07 MR04 MR06 MR12 MR14
1837,9,28,27,0.9642857142857143,MR13 MR10 MR02 MR06 MR11 MR04 MR07 MR12 MR14
1838,9,25,24,0.96,MR13 MR10 MR02 MR11 MR07 MR12 MR04 MR14 MR06
1839,9,27,25,0.9259259259259259,MR13 MR10 MR02 MR11 MR06 MR04 MR14 MR07 MR12
1840,9,25,24,0.96,MR13 MR10 MR11 MR02 MR14 MR12 MR04 MR06 MR07
1841,9,28,27,0.9642857142857143,MR12 MR10 MR02 MR11 MR07 MR13 MR14 MR04 MR06
1842,9,26,25,0.9615384615384616,MR13 MR10 MR11 MR02 MR04 MR06 MR07 MR12 MR14
1843,8,28,24,0.8571428571428571,MR12 MR10 MR02 MR07 MR11 MR13 MR04 MR06
1844,9,24,23,0.9583333333333334,MR13 MR10 MR02 MR06 MR07 MR04 MR11 MR14 MR12
1845,8,23,19,0.8260869565217391,MR13 MR10 MR02 MR11 MR06 MR14 MR04 MR07
1846,9,22,21,0.9545454545454546,MR13 MR10 MR02 MR07 MR11 MR12 MR04 MR06 MR14
1847,9,23,22,0.9565217391304348,MR13 MR10 MR11 MR02 MR14 MR04 MR06 MR07 MR12
1848,9,22,21,0.9545454545454546,MR13 MR10 MR02 MR11 MR12 MR07 MR04 MR06 MR14
1849,9,24,23,0.9583333333333334,MR13 MR10 MR02 MR07 MR11 MR14 MR04 MR06 MR12
1850,9,27,23,0.8518518518518519,MR05 MR10 MR14 MR02 MR11 MR07 MR04 MR06 MR12
1851,8,25,21,0.84,MR12 MR10 MR11 MR02 MR13 MR04 MR14 MR07
1852,9,23,22,0.9565217391304348,MR13 MR10 MR02 MR11 MR06 MR04 MR14 MR07 MR12
1853,9,18,17,0.9444444444444444,MR13 MR10 MR02 MR06 MR14 MR11 MR04 MR07 MR12
1854,9,23,22,0.9565217391304348,MR13 MR10 MR02 MR06 MR14 MR04 MR07 MR11 MR12
1855,9,19,19,1.0,MR13 MR10 MR02 MR06 MR04 MR07 MR11 MR14 MR12
1856,9,25,24,0.96,MR12 MR10 MR11 MR02 MR13 MR04 MR07 MR06 MR14
1857,9,30,29,0.9666666666666667,MR13 MR10 MR02 MR11 MR07 MR12 MR04 MR06 MR14
1858,9,26,25,0.9615384615384616,MR12 MR10 MR02 MR11 MR07 MR04 MR06 MR13 MR14
1859,9,24,24,1.0,MR12 MR10 MR02 MR11 MR14 MR07 MR13 MR04 MR06
1860,9,22,21,0.9545454545454546,MR13 MR10 MR02 MR07 MR11 MR04 MR06 MR12 MR14
1861,9,22,21,0.9545454545454546,MR13 MR10 MR11 MR02 MR12 MR04 MR06 MR14 MR07
1862,9,26,24,0.9230769230769231,MR13 MR10 MR11 MR02 MR04 MR06 MR07 MR12 MR14
1863,9,28,28,1.0,MR13 MR10 MR02 MR07 MR11 MR04 MR06 MR12 MR14
1864,8,25,22,0.88,MR13 MR10 MR02 MR11 MR06 MR14 MR04 MR07
1865,9,26,25,0.9615384615384616,MR13 MR10 MR02 MR14 MR06 MR07 MR11 MR04 MR12
1866,9,22,22,1.0,MR13 MR10 MR02 MR06 MR07 MR11 MR14 MR04 MR12
1867,9,27,26,0.9629629629629629,MR13 MR10 MR02 MR07 MR06 MR14 MR04 MR11 MR12
1868,9,26,25,0.9615384615384616,MR12 MR10 MR02 MR06 MR14 MR11 MR13 MR04 MR07
1869,9,22,21,0.9545454545454546,MR13 MR10 MR02 MR11 MR06 MR04 MR07 MR12 MR14
1870,9,21,20,0.9523809523809523,MR13 MR10 MR02 MR11 MR07 MR04 MR06 MR12 MR14
1871,9,27,26,0.9629629629629629,MR13 MR10 MR02 MR07 MR06 MR14 MR04 MR11 MR12
1872,9,18,17,0.9444444444444444,MR13 MR10 MR11 MR02 MR14 MR04 MR06 MR12 MR07
1873,9,24,23,0.9583333333333334,MR13 MR10 MR11 MR02 MR14 MR04 MR07 MR12 MR06
1874,9,26,25,0.9615384615384616,MR13 MR10 MR11 MR02 MR06 MR12 MR04 MR14 MR07
1875,9,25,25,1.0,MR12 MR10 MR02 MR06 MR11 MR04 MR13 MR07 MR14
1876,9,24,23,0.9583333333333334,MR13 MR10 MR11 MR02 MR14 MR04 MR07 MR06 MR12
1877,9,23,23,1.0,MR13 MR10 MR02 MR06 MR07 MR11 MR12 MR04 MR14
1878,8,24,18,0.75,MR05 MR10 MR11 MR02 MR04 MR07 MR12 MR14
1879,9,24,22,0.9166666666666666,MR13 MR10 MR11 MR02 MR04 MR07 MR06 MR12 MR14
1880,9,21,20,0.9523809523809523,MR13 MR10 MR07 MR02 MR11 MR04 MR12 MR14 MR06
1881,9,22,21,0.9545454545454546,MR12 MR10 MR11 MR02 MR13 MR04 MR06 MR07 MR14
1882,8,29,25,0.8620689655172413,MR12 MR10 MR11 MR02 MR13 MR04 MR07 MR14
1883,9,25,24,0.96,MR12 MR10 MR02 MR14 MR06 MR07 MR11 MR04 MR13
1884,9,25,23,0.92,MR13 MR10 MR11 MR14 MR02 MR04 MR06 MR07 MR12
1885,9,19,18,0.9473684210526315,MR13 MR10 MR02 MR06 MR14 MR04 MR07 MR11 MR12
1886,9,28,27,0.9642857142857143,MR13 MR10 MR02 MR06 MR14 MR04 MR07 MR11 MR12
1887,9,25,25,1.0,MR13 MR10 MR11 MR02 MR14 MR04 MR07 MR12 MR06
1888,9,22,21,0.9545454545454546,MR13 MR10 MR02 MR06 MR11 MR04 MR07 MR12 MR14
1889,8,25,21,0.84,MR13 MR10 MR02 MR07 MR11 MR04 MR06 MR12
1890,8,27,22,0.8148148148148148,MR13 MR10 MR02 MR11 MR06 MR14 MR04 MR07
1891,8,28,23,0.8214285714285714,MR13 MR10 MR11 MR02 MR07 MR14 MR04 MR06
1892,9,23,23,1.0,MR13 MR10 MR02 MR07 MR06 MR04 MR11 MR12 MR14
1893,9,24,22,0.9166666666666666,MR13 MR10 MR02 MR11 MR07 MR14 MR12 MR04 MR06
1894,9,22,21,0.9545454545454546,MR13 MR10 MR02 MR11 MR07 MR04 MR14 MR06 MR12
1895,9,29,28,0.9655172413793104,MR13 MR10 MR11 MR02 MR07 MR12 MR04 MR14 MR06
1896,9,28,27,0.9642857142857143,MR12 MR10 MR02 MR07 MR11 MR04 MR13 MR14 MR06
1897,9,24,22,0.9166666666666666,MR12 MR10 MR11 MR02 MR13 MR07 MR04 MR14 MR06
1898,9,23,22,0.9565217391304348,MR13 MR10 MR02 MR14 MR06 MR07 MR11 MR12 MR04
1899,9,23,22,0.9565217391304348,MR12 MR10 MR02 MR11 MR14 MR04 MR06 MR07 MR13
1900,9,23,22,0.9565217391304348,MR13 MR10 MR02 MR14 MR07 MR11 MR04 MR06 MR12
1901,9,29,28,0.9655172413793104,MR13 MR10 MR07 MR02 MR14 MR04 MR06 MR12 MR11
1902,8,24,20,0.8333333333333334,MR13 MR10 MR02 MR11 MR07 MR04 MR14 MR06
1903,9,24,24,1.0,MR13 MR10 MR02 MR07 MR11 MR04 MR14 MR06 MR12
1904,8,21,17,0.8095238095238095,MR13 MR10 MR11 MR02 MR06 MR12 MR14 MR04
1905,9,23,21,0.9130434782608695,MR13 MR10 MR02 MR06 MR11 MR04 MR07 MR12 MR14
1906,9,26,24,0.9230769230769231,MR13 MR10 MR11 MR02 MR12 MR04 MR06 MR07 MR14
1907,9,25,24,0.96,MR13 MR10 MR02 MR11 MR06 MR14 MR04 MR12 MR07
1908,9,23,23,1.0,MR13 MR10 MR02 MR11 MR06 MR04 MR07 MR12 MR14
1909,9,25,24,0.96,MR13 MR10 MR02 MR11 MR14 MR04 MR06 MR07 MR12
1910,9,24,23,0.9583333333333334,MR13 MR10 MR11 MR02 MR14 MR07 MR04 MR12 MR06
1911,9,21,21,1.0,MR13 MR10 MR02 MR11 MR14 MR07 MR04 MR06 MR12
1912,9,25,23,0.92,MR13 MR10 MR02 MR07 MR11 MR04 MR06 MR12 MR14
1913,9,29,29,1.0,MR12 MR10 MR11 MR02 MR13 MR14 MR04 MR06 MR07
1914,8,22,18,0.8181818181818182,MR12 MR10 MR11 MR02 MR13 MR14 MR04 MR06
1915,9,24,23,0.9583333333333334,MR12 MR10 MR02 MR06 MR14 MR04 MR07 MR11 MR13
1916,9,22,21,0.9545454545454546,MR13 MR10 MR02 MR07 MR11 MR14 MR04 MR12 MR06
1917,9,23,21,0.9130434782608695,MR13 MR10 MR11 MR02 MR12 MR04 MR07 MR06 MR14
1918,9,20,19,0.95,MR13 MR10 MR02 MR07 MR11 MR04 MR14 MR06 MR12
1919,9,24,24,1.0,MR13 MR10 MR11 MR02 MR14 MR04 MR06 MR07 MR12
1920,9,27,26,0.9629629629629629,MR13 MR10 MR11 MR02 MR04 MR06 MR07 MR14 MR12
1921,9,27,26,0.9629629629629629,MR13 MR10 MR11 MR02 MR04 MR14 MR06 MR12 MR07
1922,8,24,20,0.8333333333333334,MR13 MR10 MR02 MR06 MR07 MR11 MR12 MR04
1923,9,24,23,0.9583333333333334,MR13 MR10 MR11 MR02 MR12 MR14 MR04 MR06 MR07
1924,9,29,29,1.0,MR13 MR10 MR11 MR02 MR07 MR04 MR12 MR14 MR06
1925,9,30,29,0.9666666666666667,MR13 MR10 MR11 MR02 MR12 MR04 MR06 MR07 MR14
1926,8,28,25,0.8928571428571429,MR13 MR10 MR11 MR02 MR12 MR04 MR06 MR14
1927,9,25,24,0.96,MR13 MR10 MR02 MR14 MR06 MR11 MR04 MR07 MR12
1928,9,27,25,0.9259259259259259,MR13 MR10 MR11 MR02 MR12 MR14 MR04 MR06 MR07
1929,9,27,26,0.9629629629629629,MR12 MR10 MR02 MR11 MR06 MR04 MR07 MR13 MR14
1930,9,24,23,0.9583333333333334,MR07 MR10 MR14 MR02 MR11 MR13 MR04 MR12 MR06
1931,9,19,19,1.0,MR13 MR10 MR02 MR07 MR11 MR04 MR06 MR12 MR14
1932,9,21,21,1.0,MR13 MR10 MR02 MR11 MR06 MR14 MR04 MR07 MR12
1933,9,24,24,1.0,MR13 MR10 MR02 MR11 MR14 MR04 MR06 MR07 MR12
1934,8,21,14,0.6666666666666666,MR12 MR10 MR02 MR07 MR11 MR14 MR04 MR06
1935,9,25,25,1.0,MR13 MR10 MR02 MR11 MR07 MR04 MR12 MR06 MR14
1936,9,24,23,0.9583333333333334,MR13 MR10 MR02 MR07 MR11 MR04 MR06 MR14 MR12
1937,9,23,22,0.9565217391304348,MR12 MR10 MR02 MR11 MR13 MR04 MR06 MR07 MR14
1938,9,25,23,0.92,MR12 MR10 MR02 MR11 MR14 MR13 MR04 MR06 MR07
1939,9,27,26,0.9629629629629629,MR13 MR10 MR11 MR02 MR12 MR04 MR06 MR07 MR14
1940,9,20,19,0.95,MR13 MR10 MR11 MR02 MR12 MR14 MR04 MR06 MR07
1941,9,22,21,0.9545454545454546,MR13 MR10 MR11 MR02 MR14 MR04 MR06 MR12 MR07
1942,9,28,26,0.9285714285714286,MR13 MR10 MR02 MR11 MR07 MR14 MR04 MR06 MR12
1943,9,23,22,0.9565217391304348,MR13 MR10 MR02 MR06 MR11 MR04 MR12 MR14 MR07
1944,9,20,19,0.95,MR13 MR10 MR11 MR02 MR14 MR04 MR07 MR06 MR12
1945,9,23,23,1.0,MR13 MR10 MR02 MR06 MR07 MR14 MR04 MR11 MR12
1946,9,26,25,0.9615384615384616,MR13 MR10 MR02 MR11 MR07 MR04 MR14 MR06 MR12
1947,9,21,19,0.9047619047619048,MR13 MR10 MR02 MR11 MR06 MR04 MR12 MR14 MR07
1948,9,24,23,0.9583333333333334,MR13 MR10 MR11 MR02 MR12 MR04 MR07 MR14 MR06
1949,8,25,22,0.88,MR13 MR10 MR02 MR11 MR12 MR04 MR06 MR07
1950,9,23,22,0.9565217391304348,MR13 MR10 MR02 MR11 MR07 MR04 MR12 MR06 MR14
1951,9,22,21,0.9545454545454546,MR13 MR10 MR11 MR02 MR12 MR04 MR07 MR06 MR14
1952,8,24,19,0.7916666666666666,MR13 MR10 MR11 MR02 MR04 MR06 MR14 MR07
1953,9,26,25,0.9615384615384616,MR13 MR10 MR02 MR11 MR06 MR14 MR04 MR07 MR12
1954,8,24,20,0.8333333333333334,MR13 MR10 MR11 MR02 MR07 MR04 MR12 MR14
1955,8,19,15,0.7894736842105263,MR13 MR10 MR02 MR11 MR06 MR12 MR04 MR07
1956,9,27,27,1.0,MR14 MR10 MR02 MR11 MR06 MR04 MR12 MR07 MR13
1957,9,26,25,0.9615384615384616,MR13 MR10 MR02 MR14 MR07 MR11 MR04 MR12 MR06
1958,9,24,24,1.0,MR13 MR10 MR11 MR02 MR04 MR06 MR14 MR07 MR12
1959,8,22,18,0.8181818181818182,MR12 MR10 MR11 MR02 MR13 MR04 MR07 MR14
1960,8,21,18,0.8571428571428571,MR13 MR10 MR11 MR02 MR12 MR04 MR06 MR07
1961,9,25,23,0.92,MR13 MR10 MR02 MR06 MR11 MR04 MR07 MR12 MR14
1962,9,19,19,1.0,MR13 MR10 MR02 MR11 MR06 MR04 MR07 MR12 MR14
1963,9,21,19,0.9047619047619048,MR13 MR10 MR02 MR11 MR14 MR04 MR06 MR07 MR12
1964,9,29,27,0.9310344827586207,MR12 MR10 MR02 MR07 MR11 MR14 MR04 MR13 MR06
1965,9,19,17,0.8947368421052632,MR12 MR10 MR11 MR02 MR14 MR04 MR07 MR13 MR06
1966,9,27,26,0.9629629629629629,MR13 MR10 MR02 MR11 MR04 MR06 MR07 MR14 MR12
1967,9,24,24,1.0,MR13 MR10 MR02 MR11 MR06 MR04 MR07 MR14 MR12
1968,9,26,24,0.9230769230769231,MR13 MR10 MR11 MR02 MR04 MR14 MR06 MR07 MR12
1969,9,25,23,0.92,MR13 MR10 MR02 MR06 MR11 MR04 MR07 MR12 MR14
1970,9,25,25,1.0,MR13 MR10 MR11 MR02 MR04 MR06 MR12 MR07 MR14
1971,9,22,21,0.9545454545454546,MR13 MR10 MR02 MR11 MR12 MR06 MR04 MR07 MR14
1972,9,27,26,0.9629629629629629,MR13 MR10 MR02 MR11 MR06 MR04 MR07 MR12 MR14
1973,9,26,25,0.9615384615384616,MR13 MR10 MR02 MR11 MR07 MR04 MR06 MR14 MR12
1974,9,27,26,0.9629629629629629,MR13 MR10 MR02 MR06 MR07 MR14 MR04 MR12 MR11
1975,8,25,22,0.88,MR07 MR10 MR02 MR14 MR11 MR13 MR04 MR12
1976,8,25,21,0.84,MR13 MR10 MR06 MR02 MR11 MR04 MR14 MR12
1977,9,22,21,0.9545454545454546,MR13 MR10 MR02 MR11 MR07 MR04 MR12 MR14 MR06
1978,9,27,26,0.9629629629629629,MR13 MR10 MR11 MR02 MR12 MR14 MR04 MR06 MR07
1979,9,23,23,1.0,MR13 MR10 MR02 MR11 MR06 MR04 MR14 MR07 MR12
1980,9,27,26,0.9629629629629629,MR13 MR10 MR11 MR02 MR12 MR04 MR06 MR14 MR07
1981,9,22,21,0.9545454545454546,MR13 MR10 MR11 MR02 MR14 MR04 MR06 MR07 MR12
1982,9,26,24,0.9230769230769231,MR12 MR10 MR02 MR11 MR06 MR13 MR04 MR14 MR07
1983,9,24,24,1.0,MR13 MR10 MR11 MR02 MR14 MR04 MR07 MR06 MR12
1984,9,19,18,0.9473684210526315,MR12 MR10 MR02 MR11 MR07 MR13 MR04 MR06 MR14
1985,8,25,21,0.84,MR13 MR10 MR11 MR02 MR14 MR04 MR07 MR06
1986,8,26,22,0.8461538461538461,MR13 MR10 MR11 MR02 MR06 MR04 MR14 MR12
1987,9,21,21,1.0,MR12 MR10 MR02 MR13 MR07 MR11 MR04 MR14 MR06
1988,9,25,22,0.88,MR05 MR10 MR02 MR06 MR07 MR12 MR04 MR11 MR14
1989,9,27,26,0.9629629629629629,MR13 MR10 MR11 MR02 MR04 MR14 MR06 MR07 MR12
1990,9,26,25,0.9615384615384616,MR13 MR10 MR11 MR02 MR04 MR06 MR12 MR07 MR14
1991,9,22,21,0.9545454545454546,MR13 MR10 MR02 MR14 MR11 MR06 MR04 MR07 MR12
1992,8,24,20,0.8333333333333334,MR12 MR10 MR11 MR02 MR14 MR07 MR04 MR13
1993,8,17,13,0.7647058823529411,MR13 MR10 MR11 MR02 MR12 MR06 MR04 MR07
1994,9,29,25,0.8620689655172413,MR12 MR10 MR02 MR05 MR11 MR06 MR04 MR07 MR14
1995,9,21,20,0.9523809523809523,MR13 MR10 MR11 MR02 MR07 MR04 MR12 MR06 MR14
1996,9,28,27,0.9642857142857143,MR13 MR10 MR02 MR07 MR11 MR12 MR04 MR06 MR14
1997,9,25,24,0.96,MR13 MR10 MR02 MR06 MR11 MR04 MR14 MR12 MR07
1998,8,18,15,0.8333333333333334,MR13 MR10 MR11 MR02 MR14 MR04 MR12 MR06
1999,9,19,19,1.0,MR13 MR10 MR02 MR07 MR11 MR04 MR06 MR12 MR14
2000,9,24,23,0.9583333333333334,MR13 MR10 MR11 MR02 MR06 MR14 MR04 MR12 MR07
2001,9,26,25,0.9615384615384616,MR13 MR10 MR11 MR02 MR14 MR06 MR04 MR12 MR07
2002,9,24,23,0.9583333333333334,MR13 MR10 MR02 MR11 MR06 MR12 MR14 MR04 MR07
2003,9,25,24,0.96,MR13 MR10 MR11 MR02 MR06 MR12 MR04 MR14 MR07
2004,8,28,24,0.8571428571428571,MR13 MR10 MR11 MR02 MR12 MR14 MR04 MR07
2005,9,19,18,0.9473684210526315,MR13 MR10 MR11 MR02 MR04 MR06 MR07 MR12 MR14
2006,9,23,23,1.0,MR12 MR10 MR11 MR02 MR04 MR07 MR13 MR14 MR06
2007,9,29,28,0.9655172413793104,MR13 MR10 MR14 MR02 MR11 MR06 MR04 MR07 MR12
2008,9,23,22,0.9565217391304348,MR13 MR10 MR11 MR02 MR04 MR07 MR14 MR06 MR12
2009,9,27,26,0.9629629629629629,MR13 MR10 MR11 MR02 MR06 MR04 MR14 MR07 MR12
2010,9,27,26,0.9629629629629629,MR13 MR10 MR11 MR02 MR04 MR06 MR14 MR07 MR12
2011,9,27,26,0.9629629629629629,MR13 MR10 MR11 MR02 MR14 MR04 MR06 MR07 MR12
2012,9,23,23,1.0,MR12 MR10 MR02 MR11 MR13 MR07 MR04 MR06 MR14
2013,9,25,22,0.88,MR05 MR10 MR02 MR06 MR07 MR12 MR04 MR11 MR14
2014,9,18,18,1.0,MR13 MR10 MR02 MR11 MR07 MR12 MR04 MR06 MR14
2015,9,26,26,1.0,MR13 MR10 MR02 MR06 MR07 MR04 MR11 MR14 MR12
2016,9,20,19,0.95,MR13 MR10 MR11 MR02 MR04 MR06 MR12 MR14 MR07
2017,9,21,20,0.9523809523809523,MR12 MR10 MR02 MR06 MR11 MR04 MR13 MR14 MR07
2018,9,26,25,0.9615384615384616,MR12 MR10 MR02 MR07 MR11 MR13 MR04 MR14 MR06
2019,8,24,21,0.875,MR13 MR10 MR02 MR06 MR11 MR12 MR04 MR14
2020,9,26,25,0.9615384615384616,MR13 MR10 MR02 MR11 MR04 MR06 MR07 MR14 MR12
2021,9,22,22,1.0,MR12 MR10 MR02 MR11 MR14 MR04 MR06 MR07 MR13
2022,9,20,19,0.95,MR13 MR10 MR02 MR07 MR06 MR12 MR04 MR11 MR14
2023,9,26,25,0.9615384615384616,MR13 MR10 MR11 MR02 MR14 MR04 MR06 MR07 MR12
2024,9,26,26,1.0,MR12 MR10 MR11 MR02 MR13 MR04 MR07 MR14 MR06
2025,9,21,20,0.9523809523809523,MR13 MR10 MR02 MR11 MR14 MR04 MR06 MR07 MR12
2026,9,22,21,0.9545454545454546,MR12 MR10 MR02 MR06 MR13 MR04 MR07 MR11 MR14
2027,9,24,23,0.9583333333333334,MR13 MR10 MR02 MR06 MR11 MR04 MR14 MR07 MR12
2028,9,20,19,0.95,MR13 MR10 MR11 MR02 MR12 MR14 MR04 MR06 MR07
2029,9,25,24,0.96,MR13 MR10 MR02 MR11 MR06 MR04 MR07 MR12 MR14
2030,9,27,26,0.9629629629629629,MR13 MR10 MR11 MR02 MR04 MR07 MR12 MR06 MR14
2031,9,20,20,1.0,MR13 MR10 MR11 MR02 MR04 MR07 MR12 MR14 MR06
2032,9,25,25,1.0,MR12 MR10 MR11 MR02 MR14 MR04 MR07 MR13 MR06
2033,8,26,23,0.8846153846153846,MR13 MR10 MR11 MR02 MR06 MR14 MR04 MR12
2034,9,17,16,0.9411764705882353,MR13 MR10 MR11 MR02 MR14 MR04 MR06 MR12 MR07
2035,8,23,18,0.782608695652174,MR13 MR10 MR02 MR06 MR07 MR11 MR04 MR14
2036,8,25,21,0.84,MR13 MR10 MR02 MR11 MR07 MR04 MR14 MR06
2037,9,28,28,1.0,MR13 MR10 MR02 MR11 MR06 MR04 MR12 MR14 MR07
2038,9,25,24,0.96,MR13 MR10 MR11 MR02 MR12 MR06 MR04 MR07 MR14
2039,9,24,23,0.9583333333333334,MR13 MR10 MR11 MR12 MR02 MR04 MR07 MR06 MR14
2040,9,23,23,1.0,MR13 MR10 MR11 MR02 MR04 MR14 MR06 MR07 MR12
2041,8,24,20,0.8333333333333334,MR12 MR10 MR11 MR02 MR13 MR04 MR06 MR14
2042,9,23,22,0.9565217391304348,MR12 MR10 MR11 MR02 MR14 MR07 MR13 MR04 MR06
2043,8,23,18,0.782608695652174,MR13 MR10 MR11 MR02 MR14 MR04 MR07 MR06
2044,8,27,23,0.8518518518518519,MR12 MR10 MR11 MR02 MR04 MR07 MR13 MR06
2045,9,28,28,1.0,MR13 MR10 MR11 MR02 MR12 MR06 MR04 MR07 MR14
2046,9,25,24,0.96,MR12 MR10 MR02 MR11 MR07 MR04 MR14 MR13 MR06
2047,9,25,24,0.96,MR13 MR10 MR02 MR06 MR14 MR11 MR04 MR07 MR12
2048,9,26,25,0.9615384615384616,MR13 MR10 MR11 MR02 MR04 MR06 MR07 MR12 MR14
2049,7,28,20,0.7142857142857143,MR12 MR10 MR02 MR06 MR11 MR04 MR13
2050,8,28,20,0.7142857142857143,MR05 MR10 MR11 MR02 MR04 MR06 MR07 MR12
2051,9,27,26,0.9629629629629629,MR13 MR10 MR06 MR02 MR11 MR04 MR14 MR12 MR07
2052,9,20,19,0.95,MR12 MR10 MR11 MR02 MR14 MR04 MR06 MR13 MR07
2053,9,25,24,0.96,MR13 MR10 MR02 MR11 MR07 MR04 MR06 MR12 MR14
2054,9,20,19,0.95,MR13 MR10 MR02 MR06 MR07 MR11 MR04 MR14 MR12
2055,9,22,21,0.9545454545454546,MR13 MR10 MR11 MR02 MR04 MR06 MR14 MR07 MR12
2056,9,23,22,0.9565217391304348,MR13 MR10 MR02 MR11 MR06 MR04 MR07 MR14 MR12
2057,9,27,26,0.9629629629629629,MR13 MR10 MR02 MR11 MR04 MR06 MR07 MR12 MR14
2058,9,27,26,0.9629629629629629,MR13 MR10 MR02 MR07 MR11 MR04 MR06 MR14 MR12
2059,9,22,21,0.9545454545454546,MR14 MR10 MR02 MR06 MR11 MR04 MR13 MR07 MR12
2060,9,22,21,0.9545454545454546,MR13 MR10 MR02 MR11 MR14 MR04 MR06 MR07 MR12
2061,9,19,18,0.9473684210526315,MR13 MR10 MR02 MR11 MR07 MR04 MR06 MR14 MR12
2062,9,23,22,0.9565217391304348,MR13 MR10 MR11 MR02 MR04 MR07 MR12 MR14 MR06
2063,9,21,21,1.0,MR12 MR10 MR11 MR02 MR14 MR04 MR07 MR13 MR06
2064,9,22,21,0.9545454545454546,MR12 MR10 MR02 MR11 MR14 MR07 MR13 MR04 MR06
2065,9,24,23,0.9583333333333334,MR13 MR10 MR02 MR11 MR07 MR14 MR04 MR06 MR12
2066,9,26,25,0.9615384615384616,MR13 MR10 MR02 MR11 MR06 MR04 MR14 MR07 MR12
2067,9,20,20,1.0,MR13 MR10 MR11 MR02 MR04 MR07 MR14 MR06 MR12
2068,9,19,18,0.9473684210526315,MR13 MR10 MR02 MR14 MR11 MR06 MR04 MR07 MR12
2069,9,23,22,0.9565217391304348,MR13 MR10 MR02 MR11 MR07 MR14 MR04 MR06 MR12
2070,9,24,23,0.9583333333333334,MR12 MR10 MR02 MR06 MR13 MR04 MR07 MR11 MR14
2071,9,23,21,0.9130434782608695,MR13 MR10 MR02 MR11 MR04 MR06 MR07 MR12 MR14
2072,9,27,25,0.9259259259259259,MR13 MR10 MR02 MR14 MR06 MR11 MR04 MR07 MR12
2073,9,27,25,0.9259259259259259,MR07 MR10 MR02 MR11 MR14 MR13 MR04 MR12 MR06
2074,9,27,26,0.9629629629629629,MR13 MR10 MR02 MR11 MR07 MR14 MR04 MR12 MR06
2075,9,21,20,0.9523809523809523,MR13 MR10 MR02 MR06 MR07 MR04 MR11 MR12 MR14
2076,9,22,22,1.0,MR12 MR10 MR11 MR02 MR13 MR04 MR06 MR07 MR14
2077,9,20,19,0.95,MR13 MR10 MR02 MR06 MR11 MR12 MR04 MR14 MR07
2078,9,24,23,0.9583333333333334,MR13 MR10 MR11 MR02 MR14 MR06 MR04 MR12 MR07
2079,9,24,23,0.9583333333333334,MR13 MR10 MR11 MR02 MR04 MR06 MR12 MR14 MR07
2080,9,24,22,0.9166666666666666,MR13 MR10 MR02 MR06 MR11 MR04 MR12 MR14 MR07
2081,9,25,24,0.96,MR13 MR10 MR02 MR06 MR07 MR11 MR04 MR12 MR14
2082,9,26,25,0.9615384615384616,MR13 MR10 MR11 MR02 MR12 MR04 MR06 MR14 MR07
2083,9,21,21,1.0,MR13 MR10 MR11 MR02 MR04 MR07 MR14 MR06 MR12
2084,9,23,22,0.9565217391304348,MR12 MR10 MR02 MR07 MR11 MR04 MR06 MR13 MR14
2085,9,26,23,0.8846153846153846,MR05 MR10 MR02 MR07 MR11 MR14 MR04 MR12 MR06
2086,9,21,21,1.0,MR13 MR10 MR02 MR11 MR04 MR06 MR07 MR14 MR12
2087,9,24,24,1.0,MR13 MR10 MR07 MR02 MR11 MR14 MR04 MR12 MR06
2088,9,24,23,0.9583333333333334,MR13 MR10 MR02 MR07 MR11 MR04 MR06 MR12 MR14
2089,9,23,23,1.0,MR13 MR10 MR11 MR02 MR12 MR04 MR14 MR07 MR06
2090,9,27,27,1.0,MR13 MR10 MR02 MR06 MR07 MR11 MR12 MR04 MR14
2091,9,22,22,1.0,MR13 MR10 MR02 MR11 MR07 MR04 MR12 MR14 MR06
2092,9,26,26,1.0,MR12 MR10 MR11 MR02 MR06 MR13 MR04 MR14 MR07
2093,9,22,22,1.0,MR13 MR10 MR11 MR02 MR04 MR07 MR06 MR12 MR14
2094,8,27,23,0.8518518518518519,MR13 MR10 MR11 MR02 MR04 MR14 MR06 MR07
2095,9,20,19,0.95,MR12 MR10 MR02 MR06 MR13 MR11 MR04 MR07 MR14
2096,9,27,26,0.9629629629629629,MR12 MR10 MR11 MR02 MR13 MR04 MR06 MR07 MR14
2097,9,23,23,1.0,MR13 MR10 MR02 MR11 MR06 MR04 MR07 MR12 MR14
2098,9,23,22,0.9565217391304348,MR13 MR10 MR02 MR11 MR07 MR12 MR04 MR14 MR06
2099,9,17,16,0.9411764705882353,MR13 MR10 MR02 MR11 MR06 MR04 MR14 MR07 MR12
2100,8,27,23,0.8518518518518519,MR13 MR10 MR11 MR02 MR04 MR07 MR12 MR14
2101,9,23,22,0.9565217391304348,MR13 MR10 MR02 MR11 MR06 MR04 MR12 MR14 MR07
2102,9,25,24,0.96,MR13 MR10 MR02 MR07 MR06 MR04 MR11 MR12 MR14
2103,8,24,20,0.8333333333333334,MR12 MR10 MR02 MR13 MR11 MR07 MR04 MR06
2104,9,24,23,0.9583333333333334,MR13 MR10 MR11 MR02 MR04 MR12 MR14 MR06 MR07
2105,9,30,29,0.9666666666666667,MR13 MR10 MR02 MR07 MR11 MR04 MR14 MR06 MR12
2106,9,19,19,1.0,MR13 MR10 MR02 MR07 MR11 MR04 MR06 MR12 MR14
2107,9,25,24,0.96,MR13 MR10 MR11 MR02 MR04 MR07 MR12 MR06 MR14
2108,9,23,22,0.9565217391304348,MR12 MR10 MR02 MR07 MR11 MR13 MR04 MR06 MR14
2109,9,26,23,0.8846153846153846,MR12 MR10 MR02 MR11 MR07 MR04 MR14 MR06 MR05
2110,9,24,23,0.9583333333333334,MR13 MR10 MR02 MR06 MR07 MR04 MR11 MR12 MR14
2111,9,28,27,0.9642857142857143,MR13 MR10 MR02 MR11 MR07 MR04 MR12 MR06 MR14
2112,9,20,19,0.95,MR13 MR10 MR02 MR11 MR06 MR04 MR07 MR12 MR14
2113,9,25,25,1.0,MR13 MR10 MR11 MR02 MR04 MR07 MR06 MR14 MR12
2114,9,28,28,1.0,MR13 MR10 MR11 MR02 MR04 MR06 MR07 MR14 MR12
2115,8,28,24,0.8571428571428571,MR12 MR10 MR02 MR13 MR06 MR07 MR11 MR04
2116,9,25,24,0.96,MR13 MR10 MR11 MR02 MR06 MR04 MR14 MR07 MR12
2117,9,33,32,0.9696969696969697,MR13 MR10 MR02 MR11 MR07 MR04 MR12 MR06 MR14
2118,9,23,22,0.9565217391304348,MR13 MR10 MR02 MR07 MR11 MR14 MR04 MR06 MR12
2119,9,21,20,0.9523809523809523,MR13 MR10 MR11 MR02 MR07 MR04 MR12 MR14 MR06
2120,9,24,22,0.9166666666666666,MR13 MR10 MR11 MR02 MR04 MR07 MR14 MR06 MR12
2121,9,22,21,0.9545454545454546,MR13 MR10 MR02 MR06 MR11 MR14 MR04 MR12 MR07
2122,9,25,21,0.84,MR12 MR10 MR11 MR02 MR04 MR07 MR14 MR06 MR05
2123,9,20,20,1.0,MR13 MR10 MR02 MR11 MR07 MR14 MR04 MR06 MR12
2124,8,26,21,0.8076923076923077,MR13 MR10 MR11 MR02 MR04 MR07 MR14 MR12
2125,9,18,17,0.9444444444444444,MR13 MR10 MR02 MR11 MR14 MR04 MR06 MR07 MR12
2126,9,23,22,0.9565217391304348,MR13 MR10 MR14 MR02 MR11 MR06 MR04 MR12 MR07
2127,9,22,21,0.9545454545454546,MR12 MR10 MR02 MR11 MR07 MR13 MR04 MR14 MR06
2128,9,22,21,0.9545454545454546,MR13 MR10 MR02 MR07 MR11 MR04 MR12 MR06 MR14
2129,9,23,21,0.9130434782608695,MR13 MR10 MR02 MR11 MR06 MR04 MR07 MR12 MR14
2130,8,20,15,0.75,MR12 MR10 MR11 MR02 MR04 MR06 MR13 MR14
2131,9,25,24,0.96,MR13 MR10 MR11 MR02 MR04 MR06 MR07 MR12 MR14
2132,9,25,23,0.92,MR13 MR10 MR02 MR11 MR14 MR04 MR06 MR07 MR12
2133,9,23,22,0.9565217391304348,MR13 MR10 MR02 MR11 MR04 MR06 MR07 MR12 MR14
2134,9,24,23,0.9583333333333334,MR13 MR10 MR11 MR02 MR07 MR04 MR12 MR14 MR06
2135,9,23,22,0.9565217391304348,MR13 MR10 MR14 MR02 MR11 MR06 MR04 MR07 MR12
2136,9,25,24,0.96,MR12 MR10 MR11 MR02 MR04 MR06 MR13 MR14 MR07
2137,9,26,25,0.9615384615384616,MR12 MR10 MR02 MR11 MR07 MR13 MR04 MR06 MR14
2138,9,21,21,1.0,MR13 MR10 MR02 MR07 MR06 MR04 MR11 MR12 MR14
2139,9,24,24,1.0,MR13 MR10 MR02 MR06 MR14 MR07 MR04 MR11 MR12
2140,9,20,19,0.95,MR12 MR10 MR02 MR11 MR07 MR04 MR13 MR06 MR14
2141,9,23,22,0.9565217391304348,MR13 MR10 MR02 MR11 MR07 MR04 MR12 MR14 MR06
2142,9,25,22,0.88,MR14 MR10 MR02 MR06 MR07 MR12 MR04 MR11 MR05
2143,7,26,20,0.7692307692307693,MR13 MR10 MR11 MR02 MR14 MR04 MR07
2144,9,21,20,0.9523809523809523,MR13 MR10 MR11 MR02 MR12 MR14 MR04 MR07 MR06
2145,9,24,22,0.9166666666666666,MR12 MR10 MR02 MR14 MR06 MR07 MR04 MR11 MR13
2146,9,26,26,1.0,MR12 MR10 MR02 MR07 MR06 MR13 MR04 MR11 MR14
2147,9,23,22,0.9565217391304348,MR13 MR10 MR11 MR02 MR07 MR04 MR12 MR06 MR14
2148,9,26,25,0.9615384615384616,MR13 MR10 MR02 MR11 MR06 MR04 MR07 MR12 MR14
2149,9,22,21,0.9545454545454546,MR13 MR10 MR02 MR11 MR06 MR14 MR04 MR07 MR12
2150,9,25,25,1.0,MR13 MR10 MR02 MR07 MR11 MR04 MR14 MR06 MR12
2151,8,27,22,0.8148148148148148,MR13 MR10 MR11 MR02 MR14 MR04 MR06 MR07
2152,9,27,26,0.9629629629629629,MR13 MR10 MR02 MR06 MR12 MR11 MR14 MR04 MR07
2153,9,24,24,1.0,MR13 MR10 MR11 MR02 MR12 MR04 MR07 MR06 MR14
2154,9,19,18,0.9473684210526315,MR13 MR10 MR02 MR11 MR07 MR14 MR04 MR12 MR06
2155,9,24,23,0.9583333333333334,MR13 MR10 MR02 MR11 MR06 MR12 MR14 MR04 MR07
2156,9,25,24,0.96,MR13 MR10 MR11 MR02 MR04 MR06 MR12 MR07 MR14
2157,9,23,22,0.9565217391304348,MR13 MR10 MR11 MR02 MR14 MR04 MR06 MR07 MR12
2158,8,23,20,0.8695652173913043,MR13 MR10 MR11 MR02 MR12 MR04 MR07 MR06
2159,9,26,25,0.9615384615384616,MR12 MR10 MR02 MR07 MR14 MR04 MR06 MR11 MR13
2160,9,27,26,0.9629629629629629,MR13 MR10 MR02 MR06 MR11 MR14 MR04 MR07 MR12
2161,9,22,22,1.0,MR13 MR10 MR02 MR11 MR06 MR14 MR04 MR12 MR07
2162,8,24,21,0.875,MR13 MR10 MR11 MR02 MR07 MR12 MR04 MR14
2163,8,25,21,0.84,MR13 MR10 MR02 MR11 MR07 MR04 MR12 MR06
2164,9,18,18,1.0,MR13 MR10 MR02 MR11 MR07 MR12 MR04 MR06 MR14
2165,8,26,22,0.8461538461538461,MR13 MR10 MR11 MR02 MR07 MR04 MR14 MR12
2166,9,21,21,1.0,MR12 MR10 MR02 MR11 MR13 MR06 MR04 MR07 MR14
2167,9,22,18,0.8181818181818182,MR12 MR10 MR11 MR02 MR05 MR04 MR07 MR06 MR14
2168,9,21,19,0.9047619047619048,MR13 MR10 MR02 MR11 MR07 MR04 MR06 MR12 MR14
2169,9,29,28,0.9655172413793104,MR13 MR10 MR11 MR02 MR14 MR04 MR07 MR12 MR06
2170,9,24,24,1.0,MR13 MR10 MR11 MR02 MR12 MR04 MR07 MR06 MR14
2171,9,25,25,1.0,MR12 MR10 MR02 MR11 MR06 MR04 MR07 MR13 MR14
2172,9,25,24,0.96,MR13 MR10 MR02 MR11 MR12 MR04 MR06 MR07 MR14
2173,9,28,27,0.9642857142857143,MR14 MR10 MR11 MR02 MR04 MR07 MR12 MR13 MR06
2174,9,26,24,0.9230769230769231,MR13 MR10 MR02 MR11 MR07 MR04 MR12 MR06 MR14
2175,9,27,26,0.9629629629629629,MR12 MR10 MR02 MR11 MR06 MR04 MR14 MR07 MR13
2176,8,25,21,0.84,MR13 MR10 MR11 MR02 MR14 MR07 MR04 MR12
2177,8,30,26,0.8666666666666667,MR13 MR10 MR02 MR06 MR11 MR04 MR07 MR14
2178,9,24,23,0.9583333333333334,MR13 MR10 MR02 MR11 MR06 MR04 MR07 MR12 MR14
2179,9,21,20,0.9523809523809523,MR13 MR10 MR02 MR11 MR06 MR12 MR14 MR04 MR07
2180,9,17,16,0.9411764705882353,MR13 MR10 MR11 MR02 MR12 MR04 MR06 MR14 MR07
2181,9,19,19,1.0,MR13 MR10 MR02 MR11 MR14 MR07 MR04 MR06 MR12
2182,9,29,28,0.9655172413793104,MR13 MR10 MR02 MR07 MR06 MR12 MR04 MR11 MR14
2183,9,21,20,0.9523809523809523,MR13 MR10 MR02 MR11 MR06 MR04 MR07 MR14 MR12
2184,9,24,24,1.0,MR13 MR10 MR02 MR11 MR14 MR07 MR04 MR06 MR12
2185,9,22,21,0.9545454545454546,MR13 MR10 MR11 MR02 MR04 MR06 MR07 MR12 MR14
2186,9,22,22,1.0,MR13 MR10 MR11 MR02 MR14 MR04 MR07 MR12 MR06
2187,9,27,26,0.9629629629629629,MR13 MR10 MR02 MR07 MR11 MR04 MR06 MR12 MR14
2188,9,25,24,0.96,MR13 MR10 MR02 MR11 MR07 MR04 MR14 MR06 MR12
2189,9,27,27,1.0,MR13 MR10 MR11 MR02 MR04 MR14 MR06 MR12 MR07
2190,9,25,25,1.0,MR13 MR10 MR11 MR02 MR04 MR06 MR12 MR14 MR07
2191,9,29,29,1.0,MR13 MR10 MR11 MR02 MR14 MR04 MR07 MR06 MR12
2192,9,24,23,0.9583333333333334,MR12 MR10 MR11 MR02 MR07 MR04 MR14 MR13 MR06
2193,9,22,21,0.9545454545454546,MR13 MR10 MR11 MR02 MR04 MR07 MR14 MR06 MR12
2194,9,21,20,0.9523809523809523,MR13 MR10 MR07 MR02 MR11 MR12 MR04 MR14 MR06
2195,9,22,22,1.0,MR12 MR10 MR02 MR14 MR11 MR07 MR04 MR06 MR13
2196,9,24,20,0.8333333333333334,MR05 MR10 MR02 MR11 MR07 MR12 MR04 MR06 MR14
2197,9,21,20,0.9523809523809523,MR13 MR10 MR02 MR14 MR07 MR11 MR04 MR06 MR12
2198,9,21,20,0.9523809523809523,MR13 MR10 MR02 MR07 MR11 MR04 MR06 MR12 MR14
2199,9,21,21,1.0,MR12 MR10 MR02 MR06 MR13 MR14 MR04 MR07 MR11
2200,9,27,26,0.9629629629629629,MR13 MR10 MR11 MR02 MR04 MR06 MR07 MR12 MR14
2201,9,24,23,0.9583333333333334,MR13 MR10 MR02 MR11 MR06 MR14 MR04 MR07 MR12
2202,9,25,24,0.96,MR12 MR10 MR11 MR02 MR04 MR06 MR13 MR14 MR07
2203,9,23,22,0.9565217391304348,MR13 MR10 MR11 MR02 MR14 MR12 MR04 MR06 MR07
2204,9,23,22,0.9565217391304348,MR13 MR10 MR11 MR02 MR04 MR07 MR12 MR14 MR06
2205,9,25,24,0.96,MR13 MR10 MR02 MR06 MR12 MR07 MR04 MR11 MR14
2206,9,24,24,1.0,MR13 MR10 MR02 MR06 MR11 MR12 MR04 MR07 MR14
2207,9,24,22,0.9166666666666666,MR13 MR10 MR02 MR06 MR07 MR11 MR04 MR12 MR14
2208,9,26,25,0.9615384615384616,MR13 MR10 MR06 MR02 MR11 MR04 MR12 MR14 MR07
2209,9,22,22,1.0,MR13 MR10 MR02 MR11 MR07 MR04 MR12 MR14 MR06
2210,9,25,25,1.0,MR13 MR10 MR02 MR06 MR07 MR11 MR04 MR12 MR14
2211,9,24,23,0.9583333333333334,MR12 MR10 MR02 MR11 MR06 MR04 MR07 MR13 MR14
2212,9,25,24,0.96,MR13 MR10 MR02 MR14 MR06 MR07 MR11 MR04 MR12
2213,9,23,22,0.9565217391304348,MR13 MR10 MR02 MR11 MR06 MR04 MR07 MR12 MR14
2214,9,24,23,0.9583333333333334,MR13 MR10 MR02 MR11 MR14 MR06 MR04 MR12 MR07
2215,9,30,28,0.9333333333333333,MR13 MR10 MR02 MR07 MR04 MR06 MR11 MR12 MR14
2216,8,25,21,0.84,MR13 MR10 MR02 MR11 MR04 MR06 MR07 MR12
2217,9,24,23,0.9583333333333334,MR12 MR10 MR02 MR11 MR06 MR04 MR14 MR13 MR07
2218,9,27,26,0.9629629629629629,MR13 MR10 MR11 MR02 MR06 MR04 MR12 MR14 MR07
2219,9,23,22,0.9565217391304348,MR13 MR10 MR02 MR11 MR04 MR06 MR07 MR14 MR12
2220,9,24,23,0.9583333333333334,MR12 MR10 MR02 MR11 MR07 MR14 MR04 MR13 MR06
2221,9,28,28,1.0,MR12 MR10 MR07 MR02 MR13 MR11 MR04 MR06 MR14
2222,9,25,24,0.96,MR13 MR10 MR02 MR11 MR06 MR04 MR12 MR14 MR07
2223,9,25,24,0.96,MR12 MR10 MR02 MR11 MR13 MR06 MR04 MR07 MR14
2224,9,21,17,0.8095238095238095,MR05 MR10 MR11 MR02 MR14 MR04 MR07 MR12 MR06
2225,9,27,23,0.8518518518518519,MR12 MR10 MR11 MR02 MR04 MR05 MR07 MR14 MR06
2226,8,27,23,0.8518518518518519,MR13 MR10 MR02 MR11 MR12 MR07 MR04 MR06
2227,8,28,18,0.6428571428571429,MR05 MR10 MR07 MR02 MR14 MR06 MR04 MR12
2228,9,24,23,0.9583333333333334,MR13 MR10 MR11 MR02 MR06 MR04 MR12 MR14 MR07
2229,9,28,26,0.9285714285714286,MR13 MR10 MR11 MR02 MR14 MR04 MR12 MR06 MR07
2230,9,28,27,0.9642857142857143,MR13 MR10 MR11 MR02 MR04 MR07 MR12 MR14 MR06
2231,9,24,23,0.9583333333333334,MR13 MR10 MR02 MR14 MR11 MR06 MR04 MR07 MR12
2232,9,26,25,0.9615384615384616,MR13 MR10 MR02 MR07 MR11 MR04 MR06 MR14 MR12
2233,9,19,18,0.9473684210526315,MR13 MR10 MR11 MR02 MR04 MR06 MR12 MR14 MR07
2234,8,23,19,0.8260869565217391,MR13 MR10 MR02 MR11 MR07 MR04 MR06 MR12
2235,8,25,21,0.84,MR13 MR10 MR11 MR02 MR14 MR04 MR06 MR12
2236,9,30,29,0.9666666666666667,MR13 MR10 MR02 MR06 MR11 MR14 MR04 MR07 MR12
2237,9,23,23,1.0,MR13 MR10 MR02 MR11 MR07 MR04 MR06 MR12 MR14
2238,9,27,26,0.9629629629629629,MR13 MR10 MR11 MR02 MR12 MR04 MR07 MR14 MR06
2239,9,23,23,1.0,MR13 MR10 MR11 MR02 MR06 MR04 MR12 MR07 MR14
2240,9,24,24,1.0,MR13 MR10 MR02 MR07 MR14 MR04 MR06 MR11 MR12
2241,9,24,23,0.9583333333333334,MR13 MR10 MR02 MR06 MR11 MR12 MR04 MR14 MR07
2242,9,23,22,0.9565217391304348,MR13 MR10 MR02 MR11 MR07 MR14 MR04 MR06 MR12
2243,9,23,20,0.8695652173913043,MR05 MR10 MR02 MR11 MR07 MR04 MR12 MR06 MR14
2244,9,29,28,0.9655172413793104,MR13 MR10 MR02 MR07 MR11 MR04 MR06 MR12 MR14
2245,9,24,23,0.9583333333333334,MR13 MR10 MR02 MR11 MR12 MR04 MR06 MR07 MR14
2246,9,19,18,0.9473684210526315,MR13 MR10 MR02 MR11 MR14 MR04 MR06 MR07 MR12
2247,9,25,24,0.96,MR13 MR10 MR02 MR06 MR07 MR11 MR14 MR04 MR12
2248,9,24,23,0.9583333333333334,MR13 MR10 MR11 MR02 MR14 MR12 MR04 MR06 MR07
2249,9,24,23,0.9583333333333334,MR13 MR10 MR11 MR02 MR14 MR04 MR06 MR07 MR12
2250,9,23,22,0.9565217391304348,MR13 MR10 MR02 MR06 MR11 MR04 MR07 MR12 MR14
2251,9,18,18,1.0,MR13 MR10 MR11 MR02 MR04 MR07 MR06 MR14 MR12
2252,9,20,19,0.95,MR13 MR10 MR11 MR02 MR04 MR07 MR14 MR06 MR12
2253,9,23,22,0.9565217391304348,MR12 MR10 MR02 MR11 MR06 MR14 MR04 MR07 MR13
2254,9,23,22,0.9565217391304348,MR12 MR10 MR11 MR02 MR04 MR07 MR13 MR14 MR06
2255,9,26,25,0.9615384615384616,MR12 MR10 MR02 MR07 MR11 MR13 MR04 MR06 MR14
2256,9,24,23,0.9583333333333334,MR13 MR10 MR02 MR07 MR12 MR14 MR04 MR06 MR11
2257,8,23,19,0.8260869565217391,MR13 MR10 MR02 MR07 MR04 MR06 MR11 MR14
2258,9,24,23,0.9583333333333334,MR13 MR10 MR02 MR11 MR07 MR04 MR06 MR12 MR14
2259,8,24,20,0.8333333333333334,MR13 MR10 MR02 MR11 MR06 MR04 MR07 MR12
2260,8,26,22,0.8461538461538461,MR13 MR10 MR11 MR02 MR04 MR07 MR12 MR06
2261,9,27,26,0.9629629629629629,MR13 MR10 MR02 MR11 MR07 MR04 MR06 MR14 MR12
2262,9,25,21,0.84,MR12 MR10 MR02 MR07 MR14 MR11 MR04 MR06 MR05
2263,9,23,22,0.9565217391304348,MR13 MR10 MR02 MR06 MR07 MR04 MR12 MR11 MR14
2264,9,27,25,0.9259259259259259,MR12 MR10 MR11 MR02 MR14 MR06 MR13 MR04 MR07
2265,9,20,19,0.95,MR13 MR10 MR11 MR02 MR12 MR04 MR07 MR06 MR14
2266,8,23,19,0.8260869565217391,MR13 MR10 MR02 MR06 MR07 MR11 MR14 MR04
2267,9,22,21,0.9545454545454546,MR13 MR10 MR02 MR11 MR14 MR07 MR04 MR06 MR12
2268,9,24,23,0.9583333333333334,MR13 MR10 MR11 MR02 MR12 MR04 MR07 MR06 MR14
2269,9,23,22,0.9565217391304348,MR13 MR10 MR11 MR02 MR14 MR04 MR12 MR06 MR07
2270,9,25,25,1.0,MR13 MR10 MR02 MR07 MR11 MR14 MR04 MR06 MR12
2271,8,28,25,0.8928571428571429,MR13 MR10 MR02 MR11 MR07 MR04 MR06 MR14
2272,9,26,25,0.9615384615384616,MR13 MR10 MR02 MR11 MR06 MR14 MR04 MR07 MR12
2273,9,27,26,0.9629629629629629,MR13 MR10 MR02 MR07 MR11 MR14 MR04 MR06 MR12
2274,8,27,23,0.8518518518518519,MR13 MR10 MR11 MR02 MR12 MR04 MR06 MR07
2275,9,23,23,1.0,MR13 MR10 MR11 MR02 MR14 MR04 MR07 MR12 MR06
2276,9,24,23,0.9583333333333334,MR12 MR10 MR02 MR06 MR13 MR07 MR04 MR11 MR14
2277,9,23,22,0.9565217391304348,MR13 MR10 MR06 MR02 MR04 MR07 MR12 MR11 MR14
2278,9,27,27,1.0,MR14 MR10 MR02 MR11 MR07 MR04 MR06 MR13 MR12
2279,9,22,22,1.0,MR13 MR10 MR02 MR06 MR11 MR04 MR07 MR12 MR14
2280,9,24,23,0.9583333333333334,MR13 MR10 MR02 MR14 MR06 MR07 MR11 MR04 MR12
2281,9,26,26,1.0,MR12 MR10 MR02 MR11 MR06 MR04 MR07 MR13 MR14
2282,9,22,22,1.0,MR13 MR10 MR02 MR11 MR14 MR07 MR04 MR06 MR12
2283,9,22,22,1.0,MR13 MR10 MR02 MR11 MR07 MR04 MR06 MR12 MR14
2284,9,23,22,0.9565217391304348,MR13 MR10 MR11 MR02 MR12 MR04 MR14 MR06 MR07
2285,9,22,21,0.9545454545454546,MR13 MR10 MR02 MR11 MR06 MR12 MR04 MR07 MR14
2286,9,22,22,1.0,MR14 MR10 MR02 MR07 MR11 MR04 MR13 MR06 MR12
2287,8,28,24,0.8571428571428571,MR13 MR10 MR02 MR11 MR04 MR06 MR07 MR14
2288,9,25,21,0.84,MR12 MR10 MR11 MR02 MR14 MR04 MR05 MR06 MR07
2289,9,23,23,1.0,MR13 MR10 MR02 MR11 MR06 MR04 MR14 MR07 MR12
2290,9,26,25,0.9615384615384616,MR13 MR10 MR02 MR07 MR11 MR04 MR12 MR06 MR14
2291,9,24,24,1.0,MR12 MR10 MR02 MR06 MR11 MR14 MR04 MR07 MR13
2292,9,29,27,0.9310344827586207,MR12 MR10 MR11 MR02 MR04 MR07 MR06 MR13 MR14
2293,9,23,23,1.0,MR13 MR10 MR02 MR14 MR11 MR06 MR04 MR07 MR12
2294,9,27,26,0.9629629629629629,MR13 MR10 MR02 MR06 MR11 MR14 MR04 MR07 MR12
2295,9,22,20,0.9090909090909091,MR13 MR10 MR02 MR06 MR11 MR04 MR07 MR12 MR14
2296,8,32,26,0.8125,MR05 MR10 MR11 MR02 MR04 MR12 MR06 MR14
2297,9,21,20,0.9523809523809523,MR13 MR10 MR02 MR11 MR14 MR04 MR06 MR07 MR12
2298,9,24,23,0.9583333333333334,MR13 MR10 MR11 MR02 MR12 MR04 MR06 MR07 MR14
2299,8,28,24,0.8571428571428571,MR13 MR10 MR11 MR02 MR12 MR04 MR14 MR06
2300,9,25,24,0.96,MR12 MR10 MR02 MR06 MR11 MR04 MR07 MR13 MR14
2301,9,21,20,0.9523809523809523,MR12 MR10 MR11 MR02 MR13 MR04 MR07 MR14 MR06
2302,9,27,26,0.9629629629629629,MR13 MR10 MR02 MR11 MR07 MR04 MR06 MR12 MR14
2303,9,26,26,1.0,MR13 MR10 MR11 MR02 MR12 MR04 MR06 MR07 MR14
2304,9,24,24,1.0,MR12 MR10 MR11 MR02 MR14 MR13 MR04 MR07 MR06
2305,9,26,25,0.9615384615384616,MR12 MR10 MR11 MR02 MR13 MR06 MR04 MR14 MR07
2306,9,29,29,1.0,MR13 MR10 MR02 MR11 MR14 MR07 MR04 MR12 MR06
2307,9,24,23,0.9583333333333334,MR12 MR10 MR02 MR11 MR06 MR13 MR04 MR07 MR14
2308,9,23,23,1.0,MR12 MR10 MR02 MR11 MR13 MR14 MR07 MR04 MR06
2309,8,28,24,0.8571428571428571,MR13 MR10 MR11 MR02 MR06 MR04 MR07 MR12
2310,8,23,18,0.782608695652174,MR13 MR10 MR02 MR07 MR11 MR14 MR04 MR12
2311,9,29,28,0.9655172413793104,MR12 MR10 MR02 MR07 MR11 MR13 MR14 MR04 MR06
2312,9,26,26,1.0,MR13 MR10 MR02 MR06 MR04 MR07 MR11 MR14 MR12
2313,9,24,24,1.0,MR13 MR10 MR02 MR11 MR06 MR14 MR04 MR07 MR12
2314,9,25,24,0.96,MR12 MR10 MR11 MR02 MR13 MR04 MR14 MR06 MR07
2315,9,24,22,0.9166666666666666,MR12 MR10 MR02 MR11 MR06 MR13 MR14 MR04 MR07
2316,9,25,24,0.96,MR13 MR10 MR02 MR11 MR06 MR12 MR04 MR14 MR07
2317,9,26,25,0.9615384615384616,MR13 MR10 MR11 MR02 MR04 MR06 MR07 MR12 MR14
2318,9,27,26,0.9629629629629629,MR12 MR10 MR11 MR02 MR14 MR04 MR06 MR13 MR07
2319,9,28,27,0.9642857142857143,MR13 MR10 MR02 MR11 MR07 MR04 MR12 MR14 MR06
2320,9,26,25,0.9615384615384616,MR13 MR10 MR11 MR02 MR14 MR04 MR06 MR12 MR07
2321,9,20,20,1.0,MR13 MR10 MR11 MR02 MR12 MR04 MR07 MR06 MR14
2322,9,22,21,0.9545454545454546,MR13 MR10 MR02 MR11 MR07 MR14 MR04 MR06 MR12
2323,9,26,25,0.9615384615384616,MR13 MR10 MR02 MR07 MR06 MR04 MR11 MR12 MR14
2324,9,20,19,0.95,MR13 MR10 MR02 MR06 MR11 MR12 MR04 MR07 MR14
2325,9,25,24,0.96,MR12 MR10 MR02 MR07 MR13 MR04 MR06 MR11 MR14
2326,8,23,18,0.782608695652174,MR13 MR10 MR02 MR11 MR06 MR04 MR12 MR07
2327,9,25,25,1.0,MR13 MR10 MR02 MR11 MR04 MR06 MR07 MR12 MR14
2328,8,26,22,0.8461538461538461,MR13 MR10 MR06 MR02 MR11 MR14 MR04 MR12
2329,9,26,25,0.9615384615384616,MR12 MR10 MR02 MR11 MR04 MR06 MR07 MR13 MR14
2330,9,28,27,0.9642857142857143,MR13 MR10 MR02 MR07 MR11 MR04 MR12 MR14 MR06
2331,9,27,26,0.9629629629629629,MR07 MR10 MR02 MR13 MR04 MR12 MR14 MR06 MR11
2332,8,23,18,0.782608695652174,MR13 MR10 MR11 MR02 MR07 MR14 MR04 MR12
2333,9,29,28,0.9655172413793104,MR13 MR10 MR02 MR11 MR06 MR04 MR12 MR14 MR07
2334,9,22,21,0.9545454545454546,MR13 MR10 MR02 MR06 MR11 MR14 MR04 MR07 MR12
2335,9,28,28,1.0,MR13 MR10 MR02 MR11 MR12 MR04 MR06 MR07 MR14
2336,8,30,26,0.8666666666666667,MR13 MR10 MR11 MR02 MR07 MR04 MR14 MR06
2337,9,23,21,0.9130434782608695,MR13 MR10 MR02 MR06 MR11 MR14 MR04 MR07 MR12
2338,9,21,20,0.9523809523809523,MR13 MR10 MR11 MR02 MR04 MR06 MR07 MR12 MR14
2339,9,22,22,1.0,MR13 MR10 MR11 MR02 MR12 MR04 MR14 MR06 MR07
2340,9,26,24,0.9230769230769231,MR13 MR10 MR02 MR06 MR07 MR04 MR11 MR14 MR12
2341,8,23,19,0.8260869565217391,MR13 MR10 MR02 MR11 MR06 MR04 MR14 MR07
2342,9,21,21,1.0,MR13 MR10 MR02 MR07 MR06 MR04 MR11 MR12 MR14
2343,9,22,21,0.9545454545454546,MR13 MR10 MR02 MR06 MR11 MR04 MR12 MR14 MR07
2344,9,23,23,1.0,MR12 MR10 MR11 MR02 MR13 MR14 MR04 MR06 MR07
2345,8,25,21,0.84,MR13 MR10 MR11 MR02 MR12 MR04 MR06 MR14
2346,9,26,25,0.9615384615384616,MR13 MR10 MR02 MR06 MR11 MR04 MR12 MR07 MR14
2347,9,22,21,0.9545454545454546,MR13 MR10 MR02 MR11 MR04 MR06 MR07 MR14 MR12
2348,9,25,23,0.92,MR13 MR10 MR02 MR11 MR14 MR07 MR12 MR04 MR06
2349,9,27,26,0.9629629629629629,MR13 MR10 MR02 MR11 MR06 MR04 MR14 MR07 MR12
2350,8,22,18,0.8181818181818182,MR13 MR10 MR02 MR07 MR12 MR04 MR06 MR11
2351,9,22,21,0.9545454545454546,MR13 MR10 MR02 MR06 MR11 MR14 MR04 MR07 MR12
2352,9,23,22,0.9565217391304348,MR13 MR10 MR11 MR02 MR04 MR07 MR12 MR14 MR06
2353,9,24,24,1.0,MR13 MR10 MR02 MR11 MR07 MR14 MR04 MR06 MR12
2354,8,28,25,0.8928571428571429,MR13 MR10 MR07 MR02 MR11 MR04 MR12 MR14
2355,9,24,24,1.0,MR13 MR10 MR02 MR11 MR06 MR04 MR07 MR14 MR12
2356,9,23,23,1.0,MR13 MR10 MR02 MR06 MR07 MR11 MR14 MR04 MR12
2357,9,25,25,1.0,MR13 MR10 MR02 MR11 MR14 MR04 MR06 MR07 MR12
2358,9,25,24,0.96,MR13 MR10 MR11 MR02 MR12 MR04 MR14 MR06 MR07
2359,9,24,22,0.9166666666666666,MR13 MR10 MR11 MR02 MR04 MR07 MR12 MR06 MR14
2360,9,26,26,1.0,MR13 MR10 MR11 MR02 MR12 MR07 MR04 MR14 MR06
2361,9,27,27,1.0,MR13 MR10 MR02 MR11 MR04 MR06 MR07 MR14 MR12
2362,8,23,19,0.8260869565217391,MR13 MR10 MR02 MR11 MR06 MR14 MR04 MR07
2363,9,22,22,1.0,MR13 MR10 MR11 MR02 MR14 MR04 MR06 MR07 MR12
2364,9,32,31,0.96875,MR06 MR10 MR02 MR12 MR13 MR14 MR11 MR04 MR07
2365,9,25,25,1.0,MR13 MR10 MR02 MR07 MR12 MR06 MR04 MR11 MR14
2366,8,28,23,0.8214285714285714,MR13 MR10 MR11 MR02 MR04 MR14 MR06 MR07
2367,9,23,19,0.8260869565217391,MR14 MR10 MR11 MR02 MR04 MR05 MR07 MR06 MR12
2368,9,25,24,0.96,MR13 MR10 MR02 MR11 MR07 MR04 MR12 MR14 MR06
2369,9,26,25,0.9615384615384616,MR13 MR10 MR11 MR02 MR04 MR12 MR07 MR14 MR06
2370,9,20,19,0.95,MR13 MR10 MR02 MR11 MR06 MR04 MR07 MR12 MR14
2371,9,25,24,0.96,MR13 MR10 MR02 MR14 MR06 MR07 MR04 MR11 MR12
2372,9,29,28,0.9655172413793104,MR13 MR10 MR11 MR02 MR06 MR04 MR07 MR12 MR14
2373,9,22,21,0.9545454545454546,MR13 MR10 MR11 MR02 MR04 MR06 MR12 MR14 MR07
2374,9,25,24,0.96,MR13 MR10 MR02 MR11 MR06 MR04 MR07 MR12 MR14
2375,9,21,20,0.9523809523809523,MR13 MR10 MR02 MR11 MR06 MR12 MR04 MR07 MR14
2376,8,27,23,0.8518518518518519,MR13 MR10 MR02 MR11 MR04 MR06 MR07 MR14
2377,8,27,22,0.8148148148148148,MR13 MR10 MR11 MR02 MR04 MR07 MR06 MR14
2378,9,27,26,0.9629629629629629,MR13 MR10 MR11 MR02 MR14 MR04 MR12 MR06 MR07
2379,9,24,23,0.9583333333333334,MR13 MR10 MR02 MR11 MR06 MR04 MR07 MR12 MR14
2380,8,23,19,0.8260869565217391,MR13 MR10 MR11 MR02 MR07 MR04 MR14 MR06
2381,9,28,28,1.0,MR13 MR10 MR02 MR11 MR07 MR04 MR06 MR14 MR12
2382,9,24,23,0.9583333333333334,MR13 MR10 MR02 MR07 MR11 MR04 MR06 MR14 MR12
2383,9,20,20,1.0,MR13 MR10 MR11 MR02 MR04 MR06 MR07 MR14 MR12
2384,9,27,26,0.9629629629629629,MR13 MR10 MR11 MR02 MR12 MR04 MR07 MR06 MR14
2385,9,24,24,1.0,MR13 MR10 MR02 MR11 MR14 MR07 MR12 MR04 MR06
2386,9,23,22,0.9565217391304348,MR13 MR10 MR02 MR06 MR11 MR04 MR12 MR14 MR07
2387,9,24,24,1.0,MR13 MR10 MR02 MR11 MR06 MR04 MR07 MR12 MR14
2388,9,26,25,0.9615384615384616,MR06 MR10 MR02 MR13 MR14 MR12 MR04 MR07 MR11
2389,9,26,25,0.9615384615384616,MR13 MR10 MR02 MR07 MR11 MR12 MR14 MR04 MR06
2390,9,22,21,0.9545454545454546,MR13 MR10 MR11 MR02 MR04 MR06 MR14 MR07 MR12
2391,9,23,23,1.0,MR13 MR10 MR02 MR06 MR07 MR14 MR04 MR11 MR12
2392,9,21,20,0.9523809523809523,MR13 MR10 MR02 MR06 MR11 MR14 MR04 MR12 MR07
2393,9,26,25,0.9615384615384616,MR13 MR10 MR02 MR11 MR12 MR14 MR04 MR06 MR07
2394,9,27,25,0.9259259259259259,MR12 MR10 MR02 MR11 MR06 MR13 MR04 MR14 MR07
2395,9,21,20,0.9523809523809523,MR13 MR10 MR11 MR02 MR04 MR07 MR06 MR12 MR14
2396,9,29,28,0.9655172413793104,MR07 MR10 MR02 MR14 MR13 MR04 MR06 MR11 MR12
2397,9,26,25,0.9615384615384616,MR12 MR10 MR02 MR11 MR06 MR13 MR04 MR14 MR07
2398,9,27,25,0.9259259259259259,MR13 MR10 MR07 MR02 MR04 MR11 MR14 MR06 MR12
2399,9,25,24,0.96,MR13 MR10 MR02 MR11 MR14 MR04 MR06 MR07 MR12
2400,9,27,26,0.9629629629629629,MR13 MR10 MR02 MR06 MR11 MR12 MR04 MR07 MR14
2401,9,25,24,0.96,MR12 MR10 MR11 MR02 MR14 MR04 MR07 MR13 MR06
2402,9,23,22,0.9565217391304348,MR12 MR10 MR02 MR11 MR06 MR04 MR13 MR14 MR07
2403,9,19,19,1.0,MR13 MR10 MR02 MR11 MR06 MR14 MR04 MR12 MR07
2404,9,22,21,0.9545454545454546,MR12 MR10 MR11 MR02 MR13 MR04 MR14 MR06 MR07
2405,9,24,23,0.9583333333333334,MR13 MR10 MR02 MR11 MR07 MR04 MR06 MR12 MR14
2406,8,20,16,0.8,MR13 MR10 MR07 MR02 MR11 MR04 MR12 MR14
2407,9,25,24,0.96,MR13 MR10 MR02 MR11 MR12 MR04 MR06 MR07 MR14
2408,9,24,19,0.7916666666666666,MR05 MR10 MR02 MR11 MR07 MR14 MR04 MR06 MR12
2409,9,25,22,0.88,MR05 MR10 MR02 MR11 MR06 MR04 MR07 MR12 MR14
2410,9,23,22,0.9565217391304348,MR13 MR10 MR02 MR11 MR06 MR04 MR14 MR07 MR12
2411,9,26,25,0.9615384615384616,MR13 MR10 MR02 MR11 MR06 MR04 MR07 MR12 MR14
2412,9,25,24,0.96,MR13 MR10 MR11 MR02 MR04 MR06 MR14 MR07 MR12
2413,8,28,24,0.8571428571428571,MR13 MR10 MR02 MR11 MR12 MR04 MR06 MR07
2414,9,26,25,0.9615384615384616,MR13 MR10 MR11 MR02 MR14 MR04 MR06 MR07 MR12
2415,9,27,26,0.9629629629629629,MR12 MR10 MR11 MR02 MR13 MR04 MR07 MR14 MR06
2416,9,25,23,0.92,MR13 MR10 MR11 MR02 MR06 MR04 MR12 MR14 MR07
2417,8,21,17,0.8095238095238095,MR13 MR10 MR02 MR11 MR07 MR04 MR06 MR12
2418,9,27,25,0.9259259259259259,MR13 MR10 MR11 MR02 MR07 MR14 MR04 MR12 MR06
2419,9,22,22,1.0,MR13 MR10 MR02 MR11 MR04 MR06 MR07 MR14 MR12
2420,9,23,22,0.9565217391304348,MR06 MR10 MR02 MR11 MR12 MR14 MR04 MR13 MR07
2421,9,26,26,1.0,MR13 MR10 MR02 MR11 MR07 MR04 MR12 MR14 MR06
2422,9,25,24,0.96,MR13 MR10 MR02 MR11 MR07 MR04 MR06 MR12 MR14
2423,9,22,21,0.9545454545454546,MR12 MR10 MR02 MR11 MR14 MR07 MR04 MR13 MR06
2424,8,28,25,0.8928571428571429,MR13 MR10 MR02 MR07 MR11 MR12 MR04 MR06
2425,9,25,25,1.0,MR13 MR10 MR02 MR07 MR11 MR04 MR06 MR12 MR14
2426,9,24,20,0.8333333333333334,MR05 MR10 MR02 MR11 MR07 MR12 MR04 MR06 MR14
2427,9,25,24,0.96,MR07 MR10 MR02 MR11 MR14 MR04 MR13 MR06 MR12
2428,9,25,24,0.96,MR13 MR10 MR02 MR11 MR07 MR04 MR12 MR06 MR14
2429,9,25,23,0.92,MR13 MR10 MR02 MR06 MR11 MR04 MR14 MR07 MR12
2430,9,26,24,0.9230769230769231,MR13 MR10 MR11 MR02 MR12 MR04 MR06 MR07 MR14
2431,8,25,21,0.84,MR13 MR10 MR11 MR02 MR12 MR04 MR07 MR14
2432,9,28,27,0.9642857142857143,MR13 MR10 MR02 MR11 MR06 MR04 MR14 MR12 MR07
2433,9,27,25,0.9259259259259259,MR13 MR10 MR02 MR07 MR11 MR04 MR06 MR12 MR14
2434,9,20,19,0.95,MR13 MR10 MR11 MR02 MR14 MR04 MR06 MR12 MR07
2435,9,21,20,0.9523809523809523,MR13 MR10 MR02 MR11 MR07 MR04 MR06 MR12 MR14
2436,9,26,24,0.9230769230769231,MR07 MR10 MR02 MR13 MR04 MR06 MR11 MR12 MR14
2437,9,27,25,0.9259259259259259,MR13 MR10 MR02 MR07 MR06 MR14 MR04 MR11 MR12
2438,9,24,22,0.9166666666666666,MR13 MR10 MR11 MR02 MR04 MR06 MR07 MR12 MR14
2439,9,20,18,0.9,MR13 MR10 MR02 MR11 MR06 MR04 MR14 MR07 MR12
2440,9,24,24,1.0,MR13 MR10 MR11 MR02 MR12 MR04 MR14 MR06 MR07
2441,9,21,21,1.0,MR13 MR10 MR02 MR06 MR11 MR14 MR04 MR07 MR12
2442,9,24,23,0.9583333333333334,MR13 MR10 MR02 MR11 MR07 MR04 MR12 MR06 MR14
2443,9,27,26,0.9629629629629629,MR13 MR10 MR02 MR11 MR06 MR14 MR04 MR07 MR12
2444,9,23,22,0.9565217391304348,MR13 MR10 MR06 MR02 MR12 MR11 MR04 MR07 MR14
2445,9,24,20,0.8333333333333334,MR12 MR10 MR02 MR11 MR06 MR04 MR14 MR05 MR07
2446,9,25,24,0.96,MR13 MR10 MR11 MR02 MR12 MR04 MR06 MR07 MR14
2447,9,24,23,0.9583333333333334,MR13 MR10 MR02 MR11 MR07 MR04 MR06 MR12 MR14
2448,9,19,19,1.0,MR12 MR10 MR11 MR02 MR14 MR04 MR06 MR13 MR07
2449,9,22,22,1.0,MR12 MR10 MR11 MR02 MR14 MR04 MR07 MR06 MR13
2450,9,18,18,1.0,MR13 MR10 MR02 MR11 MR07 MR14 MR04 MR06 MR12
2451,8,27,23,0.8518518518518519,MR13 MR10 MR02 MR11 MR06 MR04 MR07 MR12
2452,9,23,22,0.9565217391304348,MR13 MR10 MR07 MR02 MR12 MR04 MR11 MR14 MR06
2453,9,25,24,0.96,MR13 MR10 MR02 MR11 MR14 MR04 MR06 MR07 MR12
2454,9,22,22,1.0,MR13 MR10 MR02 MR07 MR11 MR14 MR04 MR06 MR12
2455,8,24,21,0.875,MR13 MR10 MR11 MR02 MR07 MR12 MR04 MR14
2456,8,20,17,0.85,MR13 MR10 MR11 MR02 MR04 MR06 MR07 MR14
2457,9,26,25,0.9615384615384616,MR12 MR10 MR11 MR02 MR04 MR13 MR14 MR06 MR07
2458,9,23,22,0.9565217391304348,MR13 MR10 MR11 MR02 MR04 MR07 MR06 MR12 MR14
2459,9,23,22,0.9565217391304348,MR13 MR10 MR11 MR02 MR14 MR04 MR12 MR06 MR07
2460,9,25,24,0.96,MR12 MR10 MR02 MR11 MR13 MR06 MR04 MR14 MR07
2461,9,21,20,0.9523809523809523,MR13 MR10 MR11 MR02 MR04 MR06 MR14 MR07 MR12
2462,9,25,24,0.96,MR13 MR10 MR02 MR07 MR14 MR11 MR04 MR06 MR12
2463,8,25,21,0.84,MR13 MR10 MR02 MR07 MR11 MR04 MR12 MR14
2464,9,22,21,0.9545454545454546,MR13 MR10 MR02 MR11 MR07 MR14 MR04 MR06 MR12
2465,9,24,20,0.8333333333333334,MR12 MR10 MR02 MR05 MR11 MR06 MR04 MR07 MR14
2466,9,23,22,0.9565217391304348,MR13 MR10 MR11 MR02 MR04 MR06 MR12 MR07 MR14
2467,9,20,20,1.0,MR12 MR10 MR02 MR06 MR11 MR13 MR14 MR04 MR07
2468,9,20,19,0.95,MR13 MR10 MR02 MR11 MR07 MR04 MR06 MR14 MR12
2469,9,22,21,0.9545454545454546,MR13 MR10 MR02 MR07 MR11 MR04 MR06 MR14 MR12
2470,8,21,18,0.8571428571428571,MR13 MR10 MR02 MR07 MR14 MR04 MR06 MR11
2471,9,25,24,0.96,MR13 MR10 MR11 MR02 MR07 MR04 MR12 MR14 MR06
2472,9,26,26,1.0,MR13 MR10 MR02 MR06 MR11 MR12 MR04 MR07 MR14
2473,9,26,25,0.9615384615384616,MR13 MR10 MR02 MR11 MR12 MR07 MR04 MR06 MR14
2474,9,27,22,0.8148148148148148,MR05 MR10 MR02 MR06 MR14 MR11 MR04 MR07 MR12
2475,9,16,15,0.9375,MR13 MR10 MR02 MR11 MR06 MR04 MR07 MR12 MR14
2476,9,21,21,1.0,MR13 MR10 MR11 MR02 MR04 MR12 MR06 MR14 MR07
2477,9,24,24,1.0,MR13 MR10 MR11 MR02 MR12 MR04 MR06 MR07 MR14
2478,9,26,25,0.9615384615384616,MR13 MR10 MR11 MR02 MR07 MR12 MR04 MR14 MR06
2479,9,26,24,0.9230769230769231,MR13 MR10 MR11 MR02 MR07 MR04 MR12 MR14 MR06
2480,9,24,20,0.8333333333333334,MR05 MR10 MR02 MR11 MR07 MR04 MR06 MR12 MR14
2481,9,29,27,0.9310344827586207,MR13 MR10 MR02 MR11 MR07 MR04 MR06 MR14 MR12
2482,9,29,27,0.9310344827586207,MR13 MR10 MR11 MR02 MR06 MR12 MR04 MR07 MR14
2483,9,23,22,0.9565217391304348,MR13 MR10 MR02 MR06 MR11 MR04 MR07 MR12 MR14
2484,8,21,17,0.8095238095238095,MR13 MR10 MR02 MR06 MR07 MR11 MR04 MR12
2485,9,29,27,0.9310344827586207,MR12 MR10 MR02 MR06 MR11 MR13 MR04 MR07 MR14
2486,9,16,16,1.0,MR13 MR10 MR02 MR11 MR07 MR14 MR04 MR06 MR12
2487,9,30,29,0.9666666666666667,MR13 MR10 MR02 MR06 MR12 MR04 MR07 MR11 MR14
2488,8,25,21,0.84,MR13 MR10 MR11 MR02 MR06 MR04 MR14 MR12
2489,9,25,24,0.96,MR13 MR10 MR02 MR11 MR07 MR12 MR04 MR06 MR14
2490,9,25,23,0.92,MR13 MR10 MR02 MR11 MR07 MR04 MR14 MR06 MR12
2491,9,25,24,0.96,MR13 MR10 MR11 MR02 MR04 MR06 MR12 MR14 MR07
2492,9,24,23,0.9583333333333334,MR13 MR10 MR02 MR11 MR07 MR14 MR04 MR06 MR12
2493,9,23,22,0.9565217391304348,MR13 MR10 MR11 MR02 MR04 MR07 MR14 MR06 MR12
2494,9,23,22,0.9565217391304348,MR13 MR10 MR02 MR11 MR07 MR14 MR04 MR06 MR12
2495,9,28,27,0.9642857142857143,MR13 MR10 MR02 MR11 MR06 MR14 MR04 MR07 MR12
2496,9,25,24,0.96,MR13 MR10 MR11 MR02 MR14 MR07 MR12 MR04 MR06
2497,9,25,24,0.96,MR13 MR10 MR02 MR06 MR07 MR11 MR04 MR14 MR12
2498,9,23,23,1.0,MR13 MR10 MR11 MR02 MR04 MR07 MR06 MR12 MR14
2499,9,26,25,0.9615384615384616,MR13 MR10 MR11 MR02 MR07 MR04 MR12 MR06 MR14
2500,9,25,23,0.92,MR13 MR10 MR11 MR02 MR14 MR04 MR06 MR07 MR12
2501,9,25,24,0.96,MR14 MR10 MR11 MR02 MR04 MR06 MR13 MR07 MR12
2502,9,21,21,1.0,MR12 MR10 MR02 MR11 MR06 MR13 MR04 MR07 MR14
2503,9,25,24,0.96,MR13 MR10 MR02 MR11 MR06 MR04 MR07 MR12 MR14
2504,9,20,20,1.0,MR13 MR10 MR02 MR11 MR12 MR06 MR04 MR07 MR14
2505,9,22,22,1.0,MR13 MR10 MR11 MR02 MR14 MR04 MR06 MR12 MR07
2506,9,25,24,0.96,MR13 MR10 MR07 MR02 MR04 MR06 MR12 MR14 MR11
2507,9,26,25,0.9615384615384616,MR13 MR10 MR02 MR11 MR14 MR07 MR12 MR04 MR06
2508,8,19,16,0.8421052631578947,MR13 MR10 MR02 MR06 MR11 MR04 MR12 MR14
2509,9,26,25,0.9615384615384616,MR13 MR10 MR02 MR11 MR06 MR04 MR07 MR12 MR14
2510,9,25,24,0.96,MR13 MR10 MR02 MR07 MR11 MR04 MR06 MR14 MR12
2511,9,28,28,1.0,MR12 MR10 MR02 MR06 MR13 MR11 MR04 MR07 MR14
2512,8,27,23,0.8518518518518519,MR13 MR10 MR11 MR02 MR14 MR04 MR12 MR06
2513,9,22,21,0.9545454545454546,MR13 MR10 MR06 MR02 MR14 MR04 MR07 MR12 MR11
2514,9,25,24,0.96,MR13 MR10 MR11 MR02 MR14 MR07 MR04 MR12 MR06
2515,9,25,25,1.0,MR13 MR10 MR06 MR02 MR04 MR12 MR07 MR11 MR14
2516,9,25,24,0.96,MR13 MR10 MR02 MR06 MR11 MR04 MR07 MR14 MR12
2517,9,26,25,0.9615384615384616,MR13 MR10 MR02 MR11 MR14 MR06 MR04 MR07 MR12
2518,9,26,24,0.9230769230769231,MR13 MR10 MR11 MR02 MR04 MR07 MR14 MR12 MR06
2519,9,18,17,0.9444444444444444,MR13 MR10 MR02 MR11 MR07 MR14 MR04 MR12 MR06
2520,9,26,25,0.9615384615384616,MR13 MR10 MR02 MR11 MR14 MR04 MR06 MR07 MR12
2521,9,22,22,1.0,MR12 MR10 MR02 MR11 MR04 MR06 MR07 MR13 MR14
2522,9,26,25,0.9615384615384616,MR12 MR10 MR11 MR02 MR07 MR13 MR04 MR14 MR06
2523,9,28,27,0.9642857142857143,MR13 MR10 MR02 MR07 MR11 MR04 MR06 MR12 MR14
2524,8,29,26,0.896551724137931,MR13 MR10 MR02 MR12 MR06 MR11 MR04 MR07
2525,9,26,24,0.9230769230769231,MR13 MR10 MR02 MR11 MR07 MR12 MR04 MR06 MR14
2526,9,22,21,0.9545454545454546,MR12 MR10 MR11 MR02 MR06 MR13 MR04 MR14 MR07
2527,9,20,19,0.95,MR13 MR10 MR02 MR11 MR14 MR04 MR06 MR07 MR12
2528,9,27,27,1.0,MR13 MR10 MR11 MR02 MR12 MR04 MR06 MR14 MR07
2529,9,28,28,1.0,MR13 MR10 MR02 MR11 MR06 MR14 MR04 MR07 MR12
2530,9,27,26,0.9629629629629629,MR13 MR10 MR02 MR06 MR07 MR04 MR11 MR12 MR14
2531,9,27,26,0.9629629629629629,MR13 MR10 MR02 MR06 MR07 MR11 MR04 MR12 MR14
2532,9,19,19,1.0,MR13 MR10 MR11 MR02 MR14 MR04 MR07 MR06 MR12
2533,9,25,24,0.96,MR12 MR10 MR02 MR06 MR07 MR11 MR13 MR04 MR14
2534,9,26,22,0.8461538461538461,MR05 MR10 MR11 MR02 MR06 MR12 MR14 MR04 MR07
2535,9,26,25,0.9615384615384616,MR13 MR10 MR02 MR07 MR06 MR04 MR11 MR12 MR14
2536,9,24,23,0.9583333333333334,MR13 MR10 MR02 MR07 MR11 MR14 MR04 MR12 MR06
2537,8,25,21,0.84,MR13 MR10 MR11 MR02 MR14 MR04 MR07 MR06
2538,9,24,23,0.9583333333333334,MR12 MR10 MR02 MR11 MR07 MR14 MR04 MR13 MR06
2539,9,26,25,0.9615384615384616,MR13 MR10 MR02 MR11 MR14 MR07 MR04 MR06 MR12
2540,9,20,19,0.95,MR13 MR10 MR11 MR02 MR04 MR07 MR14 MR06 MR12
2541,9,27,26,0.9629629629629629,MR13 MR10 MR02 MR07 MR06 MR04 MR11 MR12 MR14
2542,9,18,17,0.9444444444444444,MR13 MR10 MR02 MR06 MR11 MR12 MR04 MR07 MR14
2543,9,19,18,0.9473684210526315,MR13 MR10 MR11 MR02 MR04 MR07 MR14 MR06 MR12
2544,9,27,26,0.9629629629629629,MR13 MR10 MR11 MR02 MR14 MR07 MR04 MR12 MR06
2545,9,25,24,0.96,MR13 MR10 MR02 MR11 MR06 MR04 MR07 MR12 MR14
2546,9,20,16,0.8,MR05 MR10 MR02 MR06 MR07 MR11 MR04 MR12 MR14
2547,7,26,19,0.7307692307692307,MR12 MR10 MR11 MR02 MR13 MR06 MR04
2548,9,25,23,0.92,MR13 MR10 MR02 MR11 MR14 MR04 MR06 MR07 MR12
2549,8,27,23,0.8518518518518519,MR12 MR10 MR02 MR11 MR04 MR06 MR07 MR13
2550,9,20,19,0.95,MR13 MR10 MR02 MR06 MR07 MR11 MR14 MR04 MR12
2551,9,24,23,0.9583333333333334,MR13 MR10 MR02 MR06 MR11 MR14 MR04 MR07 MR12
2552,9,26,25,0.9615384615384616,MR13 MR10 MR02 MR11 MR07 MR04 MR06 MR12 MR14
2553,9,21,17,0.8095238095238095,MR05 MR10 MR02 MR11 MR06 MR14 MR04 MR07 MR12
2554,9,23,22,0.9565217391304348,MR12 MR10 MR02 MR11 MR07 MR04 MR13 MR14 MR06
2555,9,20,18,0.9,MR13 MR10 MR11 MR02 MR04 MR06 MR12 MR07 MR14
2556,8,30,27,0.9,MR13 MR10 MR07 MR02 MR11 MR04 MR14 MR12
2557,8,25,21,0.84,MR13 MR10 MR11 MR02 MR04 MR07 MR12 MR06
2558,9,23,22,0.9565217391304348,MR13 MR10 MR11 MR02 MR12 MR04 MR06 MR14 MR07
2559,8,22,18,0.8181818181818182,MR13 MR10 MR11 MR02 MR14 MR04 MR06 MR12
2560,9,25,24,0.96,MR13 MR10 MR11 MR02 MR12 MR04 MR14 MR06 MR07
2561,9,28,27,0.9642857142857143,MR13 MR10 MR02 MR11 MR07 MR14 MR04 MR06 MR12
2562,9,25,25,1.0,MR13 MR10 MR02 MR07 MR11 MR04 MR06 MR12 MR14
2563,9,26,25,0.9615384615384616,MR13 MR10 MR02 MR06 MR07 MR14 MR04 MR12 MR11
2564,9,24,23,0.9583333333333334,MR13 MR10 MR02 MR11 MR04 MR06 MR07 MR14 MR12
2565,9,27,26,0.9629629629629629,MR13 MR10 MR02 MR11 MR06 MR04 MR12 MR07 MR14
2566,9,29,28,0.9655172413793104,MR13 MR10 MR02 MR06 MR11 MR04 MR07 MR14 MR12
2567,8,20,16,0.8,MR12 MR10 MR11 MR02 MR07 MR14 MR04 MR13
2568,9,23,22,0.9565217391304348,MR13 MR10 MR02 MR11 MR07 MR04 MR12 MR14 MR06
2569,9,24,24,1.0,MR12 MR10 MR11 MR02 MR13 MR06 MR04 MR07 MR14
2570,9,23,22,0.9565217391304348,MR13 MR10 MR02 MR14 MR06 MR07 MR11 MR04 MR12
2571,9,27,23,0.8518518518518519,MR12 MR10 MR02 MR11 MR14 MR07 MR04 MR05 MR06
2572,9,27,26,0.9629629629629629,MR13 MR10 MR02 MR11 MR07 MR04 MR14 MR12 MR06
2573,9,19,18,0.9473684210526315,MR13 MR10 MR02 MR11 MR04 MR06 MR07 MR12 MR14
2574,9,24,23,0.9583333333333334,MR12 MR10 MR11 MR02 MR14 MR04 MR13 MR07 MR06
2575,9,26,25,0.9615384615384616,MR13 MR10 MR02 MR11 MR07 MR14 MR12 MR04 MR06
2576,9,23,23,1.0,MR13 MR10 MR02 MR11 MR14 MR04 MR06 MR07 MR12
2577,9,25,23,0.92,MR13 MR10 MR02 MR06 MR07 MR14 MR04 MR11 MR12
2578,9,20,19,0.95,MR13 MR10 MR02 MR06 MR11 MR12 MR04 MR14 MR07
2579,9,24,23,0.9583333333333334,MR13 MR10 MR11 MR02 MR07 MR12 MR14 MR04 MR06
2580,9,23,22,0.9565217391304348,MR13 MR10 MR02 MR11 MR06 MR12 MR04 MR14 MR07
2581,9,24,23,0.9583333333333334,MR13 MR10 MR02 MR11 MR06 MR14 MR04 MR12 MR07
2582,9,24,23,0.9583333333333334,MR13 MR10 MR11 MR02 MR12 MR04 MR07 MR06 MR14
2583,9,21,20,0.9523809523809523,MR12 MR10 MR11 MR02 MR13 MR04 MR06 MR07 MR14
2584,9,26,25,0.9615384615384616,MR13 MR10 MR02 MR11 MR07 MR04 MR12 MR14 MR06
2585,9,23,22,0.9565217391304348,MR13 MR10 MR02 MR07 MR11 MR12 MR04 MR06 MR14
2586,9,22,21,0.9545454545454546,MR12 MR10 MR11 MR02 MR04 MR13 MR14 MR06 MR07
2587,9,24,23,0.9583333333333334,MR13 MR10 MR02 MR06 MR11 MR04 MR12 MR14 MR07
2588,9,26,24,0.9230769230769231,MR13 MR10 MR02 MR11 MR04 MR06 MR07 MR12 MR14
2589,9,27,26,0.9629629629629629,MR13 MR10 MR02 MR07 MR11 MR04 MR06 MR12 MR14
2590,9,19,18,0.9473684210526315,MR13 MR10 MR14 MR02 MR06 MR11 MR04 MR07 MR12
2591,9,21,21,1.0,MR13 MR10 MR02 MR11 MR07 MR14 MR04 MR12 MR06
2592,9,22,21,0.9545454545454546,MR13 MR10 MR02 MR14 MR06 MR07 MR11 MR04 MR12
2593,9,28,26,0.9285714285714286,MR13 MR10 MR11 MR02 MR14 MR07 MR04 MR12 MR06
2594,9,26,25,0.9615384615384616,MR13 MR10 MR02 MR11 MR12 MR04 MR06 MR07 MR14
2595,8,21,17,0.8095238095238095,MR13 MR10 MR11 MR02 MR04 MR07 MR12 MR06
2596,7,27,21,0.7777777777777778,MR13 MR10 MR02 MR11 MR06 MR04 MR07
2597,9,22,21,0.9545454545454546,MR13 MR10 MR02 MR11 MR07 MR14 MR04 MR06 MR12
2598,9,22,21,0.9545454545454546,MR12 MR10 MR02 MR06 MR13 MR14 MR11 MR04 MR07
2599,8,26,22,0.8461538461538461,MR12 MR10 MR11 MR02 MR14 MR06 MR13 MR04
2600,9,22,21,0.9545454545454546,MR13 MR10 MR11 MR02 MR04 MR07 MR12 MR14 MR06
2601,9,22,21,0.9545454545454546,MR13 MR10 MR11 MR02 MR07 MR04 MR12 MR14 MR06
2602,8,23,19,0.8260869565217391,MR13 MR10 MR11 MR02 MR14 MR04 MR07 MR12
2603,8,24,20,0.8333333333333334,MR13 MR10 MR11 MR02 MR04 MR06 MR14 MR07
2604,8,25,21,0.84,MR14 MR10 MR02 MR07 MR11 MR13 MR04 MR06
2605,9,26,24,0.9230769230769231,MR13 MR10 MR02 MR07 MR06 MR04 MR11 MR12 MR14
2606,9,23,22,0.9565217391304348,MR13 MR10 MR02 MR06 MR11 MR04 MR12 MR14 MR07
2607,9,27,26,0.9629629629629629,MR13 MR10 MR02 MR06 MR11 MR04 MR07 MR14 MR12
2608,9,24,23,0.9583333333333334,MR13 MR10 MR11 MR02 MR04 MR06 MR12 MR14 MR07
2609,9,23,21,0.9130434782608695,MR13 MR10 MR11 MR02 MR14 MR04 MR06 MR12 MR07
2610,9,23,21,0.9130434782608695,MR12 MR10 MR11 MR02 MR13 MR04 MR06 MR07 MR14
2611,9,22,21,0.9545454545454546,MR12 MR10 MR11 MR02 MR04 MR13 MR14 MR06 MR07
2612,8,24,20,0.8333333333333334,MR13 MR10 MR11 MR02 MR07 MR04 MR12 MR14
2613,9,25,22,0.88,MR12 MR10 MR11 MR02 MR05 MR07 MR14 MR04 MR06
2614,9,27,26,0.9629629629629629,MR13 MR10 MR02 MR11 MR07 MR14 MR04 MR06 MR12
2615,8,25,20,0.8,MR13 MR10 MR02 MR11 MR06 MR04 MR07 MR12
2616,9,24,23,0.9583333333333334,MR13 MR10 MR02 MR07 MR11 MR04 MR14 MR06 MR12
2617,9,23,22,0.9565217391304348,MR13 MR10 MR02 MR07 MR14 MR11 MR04 MR06 MR12
2618,9,27,26,0.9629629629629629,MR13 MR10 MR11 MR02 MR04 MR07 MR12 MR14 MR06
2619,9,22,22,1.0,MR13 MR10 MR11 MR02 MR14 MR04 MR06 MR07 MR12
2620,9,24,23,0.9583333333333334,MR12 MR10 MR11 MR02 MR14 MR04 MR07 MR06 MR13
2621,9,19,19,1.0,MR13 MR10 MR11 MR02 MR14 MR04 MR06 MR12 MR07
2622,9,30,28,0.9333333333333333,MR13 MR10 MR02 MR11 MR07 MR04 MR06 MR14 MR12
2623,9,22,20,0.9090909090909091,MR12 MR10 MR02 MR11 MR07 MR13 MR04 MR14 MR06
2624,9,25,24,0.96,MR06 MR10 MR02 MR12 MR13 MR04 MR07 MR11 MR14
2625,9,23,22,0.9565217391304348,MR13 MR10 MR02 MR07 MR11 MR04 MR06 MR14 MR12
2626,9,26,25,0.9615384615384616,MR13 MR10 MR11 MR02 MR07 MR14 MR04 MR12 MR06
2627,9,24,23,0.9583333333333334,MR13 MR10 MR02 MR07 MR11 MR12 MR04 MR06 MR14
2628,9,23,22,0.9565217391304348,MR13 MR10 MR02 MR07 MR11 MR12 MR04 MR06 MR14
2629,8,29,26,0.896551724137931,MR12 MR10 MR11 MR02 MR06 MR04 MR13 MR14
2630,9,26,25,0.9615384615384616,MR13 MR10 MR02 MR11 MR06 MR04 MR14 MR07 MR12
2631,9,24,23,0.9583333333333334,MR13 MR10 MR11 MR02 MR14 MR04 MR07 MR12 MR06
2632,9,26,25,0.9615384615384616,MR13 MR10 MR11 MR02 MR04 MR14 MR06 MR07 MR12
2633,9,24,23,0.9583333333333334,MR12 MR10 MR02 MR11 MR04 MR06 MR07 MR13 MR14
2634,9,23,21,0.9130434782608695,MR13 MR10 MR02 MR07 MR14 MR11 MR04 MR06 MR12
2635,9,23,22,0.9565217391304348,MR13 MR10 MR02 MR11 MR14 MR07 MR04 MR06 MR12
2636,9,25,24,0.96,MR13 MR10 MR02 MR11 MR06 MR04 MR14 MR07 MR12
2637,9,30,28,0.9333333333333333,MR13 MR10 MR11 MR02 MR07 MR04 MR14 MR12 MR06
2638,9,22,22,1.0,MR13 MR10 MR02 MR11 MR06 MR04 MR12 MR07 MR14
2639,9,24,24,1.0,MR13 MR10 MR02 MR07 MR11 MR04 MR12 MR06 MR14
2640,9,23,22,0.9565217391304348,MR13 MR10 MR02 MR07 MR11 MR12 MR04 MR06 MR14
2641,9,18,18,1.0,MR13 MR10 MR02 MR11 MR07 MR04 MR12 MR14 MR06
2642,9,23,23,1.0,MR12 MR10 MR06 MR02 MR04 MR11 MR13 MR14 MR07
2643,9,22,21,0.9545454545454546,MR13 MR10 MR02 MR07 MR11 MR04 MR06 MR12 MR14
2644,8,25,21,0.84,MR13 MR10 MR11 MR02 MR14 MR04 MR06 MR12
2645,9,20,19,0.95,MR13 MR10 MR02 MR06 MR12 MR11 MR04 MR07 MR14
2646,8,25,21,0.84,MR13 MR10 MR11 MR02 MR04 MR07 MR14 MR06
2647,9,24,23,0.9583333333333334,MR13 MR10 MR02 MR11 MR06 MR14 MR04 MR07 MR12
2648,9,25,24,0.96,MR13 MR10 MR11 MR02 MR04 MR06 MR12 MR07 MR14
2649,9,23,22,0.9565217391304348,MR13 MR10 MR02 MR11 MR06 MR12 MR04 MR07 MR14
2650,9,23,22,0.9565217391304348,MR13 MR10 MR02 MR07 MR14 MR06 MR04 MR11 MR12
2651,9,24,24,1.0,MR12 MR10 MR02 MR06 MR07 MR11 MR14 MR04 MR13
2652,9,28,27,0.9642857142857143,MR13 MR10 MR11 MR02 MR07 MR04 MR12 MR14 MR06
2653,9,30,29,0.9666666666666667,MR13 MR10 MR11 MR14 MR02 MR04 MR07 MR12 MR06
2654,8,29,25,0.8620689655172413,MR13 MR10 MR11 MR02 MR14 MR04 MR06 MR07
2655,9,25,24,0.96,MR13 MR10 MR02 MR07 MR11 MR04 MR06 MR12 MR14
2656,9,23,23,1.0,MR13 MR10 MR11 MR02 MR12 MR14 MR04 MR07 MR06
2657,8,27,23,0.8518518518518519,MR13 MR10 MR11 MR02 MR06 MR12 MR14 MR04
2658,9,30,30,1.0,MR13 MR10 MR02 MR07 MR04 MR06 MR11 MR14 MR12
2659,9,27,26,0.9629629629629629,MR13 MR10 MR02 MR14 MR06 MR11 MR04 MR07 MR12
2660,9,26,22,0.8461538461538461,MR12 MR10 MR02 MR07 MR11 MR04 MR05 MR14 MR06
2661,9,28,26,0.9285714285714286,MR13 MR10 MR02 MR11 MR06 MR14 MR04 MR12 MR07
2662,9,22,21,0.9545454545454546,MR13 MR10 MR02 MR11 MR14 MR07 MR04 MR06 MR12
2663,9,23,22,0.9565217391304348,MR12 MR10 MR02 MR06 MR07 MR11 MR04 MR13 MR14
2664,9,27,26,0.9629629629629629,MR07 MR10 MR02 MR13 MR04 MR11 MR14 MR12 MR06
2665,9,23,22,0.9565217391304348,MR13 MR10 MR02 MR11 MR06 MR12 MR04 MR14 MR07
2666,9,22,22,1.0,MR12 MR10 MR02 MR11 MR13 MR06 MR04 MR07 MR14
2667,9,22,21,0.9545454545454546,MR13 MR10 MR02 MR11 MR14 MR07 MR04 MR06 MR12
2668,9,24,23,0.9583333333333334,MR13 MR10 MR02 MR11 MR14 MR04 MR06 MR07 MR12
2669,8,22,17,0.7727272727272727,MR13 MR10 MR11 MR02 MR12 MR04 MR06 MR14
2670,9,20,19,0.95,MR13 MR10 MR11 MR02 MR12 MR04 MR07 MR14 MR06
2671,9,22,21,0.9545454545454546,MR13 MR10 MR11 MR02 MR04 MR06 MR07 MR12 MR14
2672,9,23,23,1.0,MR12 MR10 MR11 MR02 MR14 MR04 MR07 MR13 MR06
2673,9,23,23,1.0,MR13 MR10 MR02 MR11 MR12 MR07 MR04 MR06 MR14
2674,9,21,19,0.9047619047619048,MR13 MR10 MR11 MR02 MR04 MR07 MR06 MR12 MR14
2675,9,23,23,1.0,MR13 MR10 MR02 MR07 MR11 MR04 MR06 MR12 MR14
2676,9,25,24,0.96,MR13 MR10 MR02 MR11 MR06 MR04 MR07 MR14 MR12
2677,9,21,20,0.9523809523809523,MR13 MR10 MR02 MR07 MR11 MR04 MR06 MR14 MR12
2678,9,20,19,0.95,MR13 MR10 MR11 MR02 MR04 MR12 MR14 MR06 MR07
2679,9,26,25,0.9615384615384616,MR13 MR10 MR11 MR02 MR07 MR04 MR12 MR06 MR14
2680,9,20,19,0.95,MR13 MR10 MR11 MR02 MR12 MR04 MR14 MR06 MR07
2681,9,24,24,1.0,MR14 MR10 MR02 MR11 MR07 MR13 MR04 MR06 MR12
2682,9,26,25,0.9615384615384616,MR13 MR10 MR11 MR02 MR12 MR04 MR07 MR14 MR06
2683,9,28,23,0.8214285714285714,MR05 MR10 MR11 MR14 MR02 MR04 MR07 MR12 MR06
2684,9,25,25,1.0,MR13 MR10 MR11 MR02 MR12 MR07 MR04 MR06 MR14
2685,9,24,23,0.9583333333333334,MR13 MR10 MR11 MR02 MR04 MR12 MR06 MR14 MR07
2686,9,25,25,1.0,MR13 MR10 MR02 MR07 MR11 MR04 MR06 MR12 MR14
2687,8,23,20,0.8695652173913043,MR13 MR10 MR11 MR02 MR12 MR04 MR07 MR14
2688,9,23,19,0.8260869565217391,MR05 MR10 MR02 MR11 MR12 MR04 MR06 MR07 MR14
2689,9,21,20,0.9523809523809523,MR12 MR10 MR11 MR02 MR14 MR13 MR04 MR06 MR07
2690,9,25,24,0.96,MR13 MR10 MR02 MR11 MR04 MR06 MR07 MR12 MR14
2691,9,20,20,1.0,MR13 MR10 MR02 MR11 MR14 MR06 MR04 MR07 MR12
2692,9,25,21,0.84,MR05 MR10 MR02 MR11 MR14 MR04 MR06 MR07 MR12
2693,9,23,22,0.9565217391304348,MR13 MR10 MR11 MR02 MR04 MR07 MR14 MR06 MR12
2694,9,23,23,1.0,MR13 MR10 MR02 MR11 MR04 MR06 MR07 MR12 MR14
2695,9,21,20,0.9523809523809523,MR13 MR10 MR11 MR02 MR06 MR12 MR04 MR14 MR07
2696,8,23,20,0.8695652173913043,MR13 MR10 MR02 MR07 MR11 MR12 MR14 MR04
2697,9,25,24,0.96,MR13 MR10 MR02 MR11 MR07 MR12 MR04 MR06 MR14
2698,9,24,20,0.8333333333333334,MR05 MR10 MR11 MR02 MR04 MR07 MR12 MR06 MR14
2699,9,21,21,1.0,MR13 MR10 MR02 MR11 MR06 MR04 MR12 MR14 MR07
2700,9,21,19,0.9047619047619048,MR13 MR10 MR02 MR11 MR07 MR04 MR12 MR06 MR14
2701,9,22,21,0.9545454545454546,MR13 MR10 MR02 MR06 MR14 MR11 MR04 MR12 MR07
2702,9,26,25,0.9615384615384616,MR13 MR10 MR02 MR14 MR07 MR11 MR04 MR06 MR12
2703,9,23,21,0.9130434782608695,MR13 MR10 MR11 MR02 MR14 MR04 MR06 MR07 MR12
2704,9,28,27,0.9642857142857143,MR12 MR10 MR02 MR13 MR06 MR07 MR04 MR11 MR14
2705,9,24,23,0.9583333333333334,MR13 MR10 MR11 MR02 MR14 MR04 MR07 MR06 MR12
2706,9,21,21,1.0,MR13 MR10 MR02 MR11 MR07 MR12 MR04 MR14 MR06
2707,9,26,24,0.9230769230769231,MR13 MR10 MR02 MR11 MR14 MR06 MR04 MR07 MR12
2708,9,25,24,0.96,MR13 MR10 MR11 MR02 MR07 MR04 MR12 MR14 MR06
2709,9,23,22,0.9565217391304348,MR12 MR10 MR02 MR11 MR06 MR04 MR13 MR14 MR07
2710,9,23,22,0.9565217391304348,MR13 MR10 MR02 MR06 MR11 MR04 MR12 MR14 MR07
2711,9,19,19,1.0,MR13 MR10 MR02 MR11 MR07 MR04 MR12 MR06 MR14
2712,9,20,20,1.0,MR13 MR10 MR02 MR06 MR12 MR07 MR04 MR11 MR14
2713,9,29,28,0.9655172413793104,MR13 MR10 MR02 MR11 MR07 MR04 MR14 MR06 MR12
2714,8,27,23,0.8518518518518519,MR13 MR10 MR02 MR07 MR11 MR14 MR04 MR12
2715,9,25,25,1.0,MR13 MR10 MR02 MR11 MR14 MR06 MR04 MR07 MR12
2716,9,21,20,0.9523809523809523,MR13 MR10 MR02 MR11 MR06 MR14 MR04 MR07 MR12
2717,9,30,28,0.9333333333333333,MR12 MR10 MR02 MR07 MR11 MR04 MR06 MR13 MR14
2718,9,18,17,0.9444444444444444,MR13 MR10 MR11 MR02 MR04 MR06 MR07 MR12 MR14
2719,9,23,22,0.9565217391304348,MR12 MR10 MR02 MR11 MR14 MR04 MR06 MR07 MR13
2720,9,27,25,0.9259259259259259,MR13 MR10 MR11 MR02 MR14 MR04 MR06 MR12 MR07
2721,9,25,24,0.96,MR12 MR10 MR02 MR06 MR07 MR11 MR14 MR04 MR13
2722,9,25,24,0.96,MR12 MR10 MR02 MR06 MR11 MR13 MR04 MR14 MR07
2723,9,26,24,0.9230769230769231,MR12 MR10 MR02 MR14 MR06 MR11 MR04 MR13 MR07
2724,8,29,25,0.8620689655172413,MR13 MR10 MR11 MR02 MR14 MR04 MR06 MR07
2725,9,24,22,0.9166666666666666,MR13 MR10 MR11 MR02 MR12 MR04 MR07 MR14 MR06
2726,8,25,21,0.84,MR13 MR10 MR02 MR11 MR14 MR06 MR04 MR07
2727,9,22,22,1.0,MR13 MR10 MR11 MR02 MR12 MR04 MR07 MR14 MR06
2728,9,22,22,1.0,MR13 MR10 MR11 MR02 MR04 MR07 MR06 MR14 MR12
2729,9,24,23,0.9583333333333334,MR13 MR10 MR11 MR14 MR02 MR04 MR07 MR12 MR06
2730,9,27,25,0.9259259259259259,MR13 MR10 MR11 MR02 MR04 MR07 MR12 MR06 MR14
2731,9,24,23,0.9583333333333334,MR13 MR10 MR02 MR11 MR14 MR04 MR06 MR07 MR12
2732,8,25,21,0.84,MR13 MR10 MR02 MR06 MR07 MR14 MR04 MR11
2733,8,25,21,0.84,MR13 MR10 MR11 MR02 MR12 MR14 MR04 MR06
2734,9,25,23,0.92,MR13 MR10 MR02 MR11 MR06 MR04 MR12 MR07 MR14
2735,9,25,23,0.92,MR12 MR10 MR11 MR02 MR13 MR04 MR07 MR14 MR06
2736,9,29,28,0.9655172413793104,MR13 MR10 MR02 MR14 MR06 MR07 MR11 MR04 MR12
2737,9,23,22,0.9565217391304348,MR13 MR10 MR02 MR06 MR14 MR04 MR07 MR11 MR12
2738,9,25,24,0.96,MR13 MR10 MR02 MR11 MR12 MR06 MR04 MR07 MR14
2739,9,27,25,0.9259259259259259,MR14 MR10 MR11 MR02 MR13 MR04 MR06 MR07 MR12
2740,9,23,22,0.9565217391304348,MR13 MR10 MR11 MR02 MR14 MR04 MR07 MR12 MR06
2741,9,22,21,0.9545454545454546,MR13 MR10 MR11 MR02 MR06 MR04 MR14 MR07 MR12
2742,9,20,20,1.0,MR13 MR10 MR02 MR07 MR11 MR12 MR04 MR06 MR14
2743,9,25,24,0.96,MR13 MR10 MR11 MR02 MR04 MR06 MR14 MR07 MR12
2744,9,24,23,0.9583333333333334,MR13 MR10 MR02 MR11 MR14 MR04 MR06 MR07 MR12
2745,9,25,24,0.96,MR13 MR10 MR02 MR06 MR14 MR11 MR12 MR04 MR07
2746,9,27,26,0.9629629629629629,MR13 MR10 MR02 MR11 MR07 MR12 MR04 MR06 MR14
2747,9,24,22,0.9166666666666666,MR13 MR10 MR02 MR11 MR06 MR04 MR07 MR12 MR14
2748,9,21,20,0.9523809523809523,MR12 MR10 MR02 MR11 MR13 MR04 MR06 MR07 MR14
2749,9,28,27,0.9642857142857143,MR13 MR10 MR11 MR02 MR14 MR04 MR06 MR12 MR07
2750,9,23,22,0.9565217391304348,MR13 MR10 MR02 MR14 MR11 MR07 MR04 MR06 MR12
2751,9,21,20,0.9523809523809523,MR13 MR10 MR02 MR11 MR06 MR14 MR04 MR12 MR07
2752,9,22,21,0.9545454545454546,MR12 MR10 MR11 MR02 MR14 MR04 MR06 MR07 MR13
2753,9,24,23,0.9583333333333334,MR12 MR10 MR02 MR11 MR13 MR07 MR04 MR06 MR14
2754,9,24,23,0.9583333333333334,MR13 MR10 MR02 MR11 MR07 MR04 MR06 MR12 MR14
2755,9,20,20,1.0,MR13 MR10 MR02 MR11 MR14 MR07 MR04 MR12 MR06
2756,9,22,22,1.0,MR06 MR10 MR02 MR11 MR13 MR14 MR04 MR07 MR12
2757,9,23,23,1.0,MR13 MR10 MR11 MR02 MR04 MR14 MR06 MR07 MR12
2758,9,27,26,0.9629629629629629,MR13 MR10 MR11 MR02 MR04 MR12 MR06 MR07 MR14
2759,9,20,20,1.0,MR13 MR10 MR02 MR11 MR07 MR12 MR04 MR06 MR14
2760,9,25,24,0.96,MR13 MR10 MR11 MR02 MR07 MR12 MR04 MR14 MR06
2761,8,26,22,0.8461538461538461,MR13 MR10 MR02 MR11 MR04 MR06 MR07 MR12
2762,9,22,21,0.9545454545454546,MR13 MR10 MR02 MR11 MR07 MR04 MR12 MR06 MR14
2763,9,23,22,0.9565217391304348,MR13 MR10 MR02 MR11 MR04 MR06 MR07 MR12 MR14
2764,9,23,22,0.9565217391304348,MR13 MR10 MR02 MR11 MR07 MR04 MR12 MR06 MR14
2765,9,23,22,0.9565217391304348,MR13 MR10 MR02 MR06 MR07 MR04 MR12 MR11 MR14
2766,9,25,24,0.96,MR12 MR10 MR11 MR02 MR04 MR13 MR14 MR06 MR07
2767,8,23,15,0.6521739130434783,MR12 MR10 MR11 MR02 MR14 MR04 MR07 MR05
2768,9,27,26,0.9629629629629629,MR13 MR10 MR02 MR06 MR11 MR04 MR12 MR07 MR14
2769,9,29,28,0.9655172413793104,MR13 MR10 MR02 MR11 MR06 MR14 MR04 MR12 MR07
2770,9,23,22,0.9565217391304348,MR13 MR10 MR11 MR02 MR04 MR06 MR14 MR07 MR12
2771,9,25,24,0.96,MR12 MR10 MR11 MR02 MR04 MR07 MR13 MR14 MR06
2772,9,21,21,1.0,MR13 MR10 MR02 MR11 MR14 MR07 MR12 MR04 MR06
2773,9,25,24,0.96,MR13 MR10 MR02 MR11 MR12 MR04 MR06 MR07 MR14
2774,9,25,25,1.0,MR13 MR10 MR02 MR14 MR11 MR07 MR04 MR06 MR12
2775,9,23,22,0.9565217391304348,MR13 MR10 MR02 MR11 MR06 MR04 MR07 MR12 MR14
2776,8,24,20,0.8333333333333334,MR13 MR10 MR11 MR02 MR07 MR04 MR12 MR14
2777,9,21,20,0.9523809523809523,MR13 MR10 MR11 MR02 MR12 MR04 MR07 MR06 MR14
2778,9,20,19,0.95,MR13 MR10 MR11 MR02 MR04 MR07 MR12 MR14 MR06
2779,9,26,25,0.9615384615384616,MR13 MR10 MR02 MR11 MR07 MR04 MR12 MR06 MR14
2780,9,23,22,0.9565217391304348,MR13 MR10 MR02 MR11 MR12 MR04 MR06 MR07 MR14
2781,9,19,18,0.9473684210526315,MR13 MR10 MR02 MR11 MR06 MR04 MR07 MR14 MR12
2782,9,20,19,0.95,MR13 MR10 MR02 MR11 MR14 MR07 MR04 MR12 MR06
2783,9,21,20,0.9523809523809523,MR14 MR10 MR02 MR11 MR06 MR12 MR13 MR04 MR07
2784,9,25,23,0.92,MR12 MR10 MR02 MR11 MR06 MR13 MR04 MR07 MR14
2785,8,24,21,0.875,MR13 MR10 MR11 MR02 MR14 MR07 MR04 MR12
2786,9,25,24,0.96,MR07 MR10 MR02 MR11 MR12 MR13 MR14 MR04 MR06
2787,9,27,26,0.9629629629629629,MR13 MR10 MR11 MR02 MR04 MR06 MR12 MR07 MR14
2788,9,32,31,0.96875,MR13 MR10 MR11 MR02 MR04 MR14 MR06 MR07 MR12
2789,9,26,25,0.9615384615384616,MR13 MR10 MR02 MR11 MR06 MR04 MR07 MR12 MR14
2790,9,24,23,0.9583333333333334,MR13 MR10 MR07 MR02 MR12 MR04 MR11 MR06 MR14
2791,9,24,23,0.9583333333333334,MR13 MR10 MR02 MR11 MR04 MR06 MR07 MR12 MR14
2792,9,26,26,1.0,MR13 MR10 MR02 MR06 MR12 MR04 MR07 MR11 MR14
2793,9,22,21,0.9545454545454546,MR13 MR10 MR07 MR02 MR11 MR04 MR12 MR14 MR06
2794,9,19,18,0.9473684210526315,MR13 MR10 MR02 MR11 MR07 MR04 MR14 MR06 MR12
2795,9,28,27,0.9642857142857143,MR13 MR10 MR02 MR07 MR11 MR04 MR06 MR12 MR14
2796,9,20,19,0.95,MR13 MR10 MR02 MR11 MR07 MR12 MR04 MR06 MR14
2797,9,26,25,0.9615384615384616,MR13 MR10 MR02 MR14 MR06 MR07 MR04 MR11 MR12
2798,9,17,16,0.9411764705882353,MR13 MR10 MR02 MR11 MR06 MR04 MR14 MR07 MR12
2799,9,19,15,0.7894736842105263,MR12 MR10 MR02 MR11 MR06 MR14 MR04 MR05 MR07
2800,9,23,23,1.0,MR13 MR10 MR11 MR02 MR14 MR04 MR06 MR12 MR07
2801,9,24,23,0.9583333333333334,MR13 MR10 MR02 MR11 MR06 MR04 MR12 MR07 MR14
2802,9,24,23,0.9583333333333334,MR13 MR10 MR02 MR07 MR11 MR14 MR04 MR06 MR12
2803,9,24,24,1.0,MR13 MR10 MR02 MR11 MR06 MR14 MR04 MR07 MR12
2804,8,21,17,0.8095238095238095,MR13 MR10 MR02 MR11 MR14 MR04 MR06 MR07
2805,9,23,22,0.9565217391304348,MR07 MR10 MR02 MR11 MR13 MR12 MR04 MR14 MR06
2806,9,29,27,0.9310344827586207,MR13 MR10 MR02 MR11 MR04 MR06 MR07 MR12 MR14
2807,9,24,24,1.0,MR13 MR10 MR02 MR11 MR06 MR04 MR07 MR12 MR14
2808,9,21,21,1.0,MR13 MR10 MR11 MR02 MR14 MR04 MR06 MR12 MR07
2809,9,26,26,1.0,MR13 MR10 MR02 MR11 MR04 MR06 MR07 MR14 MR12
2810,9,24,23,0.9583333333333334,MR12 MR10 MR02 MR11 MR06 MR13 MR04 MR07 MR14
2811,9,24,23,0.9583333333333334,MR12 MR10 MR02 MR11 MR13 MR14 MR04 MR06 MR07
2812,8,24,21,0.875,MR13 MR10 MR02 MR11 MR06 MR14 MR04 MR07
2813,9,24,23,0.9583333333333334,MR13 MR10 MR02 MR11 MR12 MR04 MR06 MR07 MR14
2814,9,25,23,0.92,MR13 MR10 MR02 MR11 MR14 MR06 MR04 MR07 MR12
2815,8,25,21,0.84,MR13 MR10 MR02 MR07 MR12 MR06 MR04 MR11
2816,9,21,20,0.9523809523809523,MR12 MR10 MR02 MR11 MR06 MR13 MR04 MR07 MR14
2817,8,28,24,0.8571428571428571,MR13 MR10 MR02 MR06 MR07 MR04 MR12 MR11
2818,8,21,17,0.8095238095238095,MR12 MR10 MR11 MR02 MR13 MR04 MR14 MR06
2819,8,23,19,0.8260869565217391,MR13 MR10 MR06 MR02 MR11 MR12 MR04 MR14
2820,9,27,26,0.9629629629629629,MR13 MR10 MR02 MR07 MR11 MR14 MR04 MR06 MR12
2821,9,24,20,0.8333333333333334,MR05 MR10 MR02 MR11 MR04 MR06 MR07 MR12 MR14
2822,9,25,25,1.0,MR13 MR10 MR11 MR02 MR14 MR04 MR06 MR07 MR12
2823,8,24,20,0.8333333333333334,MR12 MR10 MR11 MR02 MR06 MR04 MR13 MR14
2824,9,27,25,0.9259259259259259,MR13 MR10 MR02 MR06 MR11 MR04 MR14 MR07 MR12
2825,9,27,25,0.9259259259259259,MR13 MR10 MR02 MR07 MR11 MR14 MR04 MR12 MR06
2826,9,25,24,0.96,MR12 MR10 MR02 MR11 MR07 MR14 MR04 MR06 MR13
2827,9,22,21,0.9545454545454546,MR13 MR10 MR02 MR06 MR04 MR07 MR11 MR12 MR14
2828,9,27,26,0.9629629629629629,MR13 MR10 MR11 MR02 MR12 MR04 MR07 MR14 MR06
2829,9,21,19,0.9047619047619048,MR13 MR10 MR02 MR14 MR06 MR07 MR11 MR04 MR12
2830,9,26,25,0.9615384615384616,MR13 MR10 MR11 MR02 MR12 MR04 MR07 MR06 MR14
2831,9,22,22,1.0,MR13 MR10 MR11 MR02 MR12 MR04 MR07 MR14 MR06
2832,9,27,26,0.9629629629629629,MR12 MR10 MR02 MR11 MR13 MR06 MR14 MR04 MR07
2833,9,22,21,0.9545454545454546,MR12 MR10 MR02 MR13 MR06 MR11 MR04 MR07 MR14
2834,9,20,20,1.0,MR13 MR10 MR11 MR02 MR07 MR12 MR04 MR14 MR06
2835,9,22,21,0.9545454545454546,MR13 MR10 MR07 MR02 MR04 MR11 MR12 MR06 MR14
2836,9,25,25,1.0,MR13 MR10 MR02 MR11 MR07 MR04 MR06 MR14 MR12
2837,9,23,23,1.0,MR13 MR10 MR11 MR02 MR12 MR14 MR04 MR07 MR06
2838,9,25,24,0.96,MR13 MR10 MR11 MR02 MR14 MR07 MR04 MR12 MR06
2839,9,27,26,0.9629629629629629,MR13 MR10 MR11 MR02 MR06 MR12 MR04 MR14 MR07
2840,9,24,23,0.9583333333333334,MR12 MR10 MR11 MR02 MR13 MR04 MR07 MR14 MR06
2841,9,25,24,0.96,MR13 MR10 MR02 MR07 MR12 MR14 MR04 MR06 MR11
2842,9,25,24,0.96,MR13 MR10 MR02 MR11 MR06 MR14 MR04 MR07 MR12
2843,9,21,20,0.9523809523809523,MR13 MR10 MR11 MR02 MR04 MR06 MR12 MR14 MR07
2844,9,28,27,0.9642857142857143,MR13 MR10 MR11 MR02 MR04 MR07 MR12 MR06 MR14
2845,9,20,19,0.95,MR13 MR10 MR02 MR11 MR12 MR06 MR14 MR04 MR07
2846,9,20,19,0.95,MR13 MR10 MR11 MR02 MR12 MR04 MR14 MR06 MR07
2847,8,26,21,0.8076923076923077,MR13 MR10 MR11 MR02 MR04 MR14 MR06 MR07
2848,9,26,24,0.9230769230769231,MR13 MR10 MR11 MR02 MR12 MR04 MR06 MR14 MR07
2849,9,29,28,0.9655172413793104,MR13 MR10 MR02 MR07 MR11 MR12 MR04 MR14 MR06
2850,9,23,22,0.9565217391304348,MR14 MR10 MR02 MR11 MR06 MR13 MR04 MR07 MR12
2851,9,24,23,0.9583333333333334,MR13 MR10 MR11 MR02 MR07 MR04 MR12 MR14 MR06
2852,9,24,23,0.9583333333333334,MR07 MR10 MR02 MR14 MR04 MR11 MR13 MR06 MR12
2853,9,22,21,0.9545454545454546,MR13 MR10 MR02 MR07 MR11 MR04 MR12 MR06 MR14
2854,9,22,21,0.9545454545454546,MR13 MR10 MR02 MR07 MR11 MR14 MR04 MR06 MR12
2855,9,27,26,0.9629629629629629,MR12 MR10 MR11 MR02 MR14 MR13 MR07 MR04 MR06
2856,9,22,20,0.9090909090909091,MR13 MR10 MR11 MR02 MR12 MR04 MR07 MR14 MR06
2857,9,26,26,1.0,MR13 MR10 MR11 MR02 MR04 MR06 MR12 MR07 MR14
2858,8,24,20,0.8333333333333334,MR13 MR10 MR02 MR11 MR07 MR12 MR04 MR06
2859,9,29,28,0.9655172413793104,MR13 MR10 MR02 MR11 MR07 MR04 MR06 MR14 MR12
2860,9,26,25,0.9615384615384616,MR13 MR10 MR02 MR06 MR07 MR11 MR12 MR04 MR14
2861,9,23,21,0.9130434782608695,MR13 MR10 MR02 MR11 MR07 MR12 MR04 MR06 MR14
2862,8,29,26,0.896551724137931,MR13 MR10 MR11 MR02 MR12 MR04 MR07 MR14
2863,9,24,23,0.9583333333333334,MR13 MR10 MR02 MR11 MR14 MR07 MR04 MR06 MR12
2864,9,23,22,0.9565217391304348,MR13 MR10 MR02 MR11 MR06 MR12 MR04 MR14 MR07
2865,8,21,17,0.8095238095238095,MR13 MR10 MR11 MR02 MR04 MR07 MR14 MR12
2866,9,23,22,0.9565217391304348,MR13 MR10 MR02 MR11 MR07 MR04 MR12 MR14 MR06
2867,9,26,26,1.0,MR12 MR10 MR11 MR02 MR13 MR14 MR04 MR07 MR06
2868,9,25,24,0.96,MR13 MR10 MR02 MR06 MR14 MR11 MR04 MR12 MR07
2869,9,21,20,0.9523809523809523,MR13 MR10 MR02 MR11 MR07 MR14 MR04 MR06 MR12
2870,9,27,27,1.0,MR13 MR10 MR02 MR06 MR07 MR04 MR11 MR14 MR12
2871,9,22,21,0.9545454545454546,MR12 MR10 MR02 MR11 MR07 MR14 MR04 MR06 MR13
2872,9,25,25,1.0,MR13 MR10 MR02 MR11 MR12 MR04 MR06 MR07 MR14
2873,9,23,23,1.0,MR13 MR10 MR02 MR11 MR07 MR12 MR14 MR04 MR06
2874,8,25,21,0.84,MR13 MR10 MR02 MR11 MR06 MR12 MR04 MR07
2875,9,23,22,0.9565217391304348,MR12 MR10 MR02 MR13 MR06 MR07 MR11 MR04 MR14
2876,9,23,23,1.0,MR13 MR10 MR02 MR11 MR04 MR06 MR07 MR12 MR14
2877,9,26,25,0.9615384615384616,MR13 MR10 MR11 MR02 MR14 MR04 MR06 MR07 MR12
2878,9,23,23,1.0,MR13 MR10 MR02 MR11 MR06 MR14 MR04 MR07 MR12
2879,9,24,23,0.9583333333333334,MR13 MR10 MR02 MR11 MR06 MR14 MR04 MR12 MR07
2880,9,23,22,0.9565217391304348,MR13 MR10 MR11 MR02 MR04 MR06 MR12 MR14 MR07
2881,9,21,21,1.0,MR13 MR10 MR11 MR02 MR14 MR04 MR07 MR06 MR12
2882,9,25,24,0.96,MR13 MR10 MR11 MR02 MR14 MR04 MR06 MR07 MR12
2883,9,26,26,1.0,MR13 MR10 MR11 MR02 MR04 MR12 MR14 MR06 MR07
2884,9,27,26,0.9629629629629629,MR13 MR10 MR11 MR02 MR04 MR06 MR14 MR07 MR12
2885,9,24,24,1.0,MR13 MR10 MR11 MR02 MR06 MR14 MR04 MR12 MR07
2886,9,23,23,1.0,MR13 MR10 MR02 MR11 MR12 MR06 MR04 MR07 MR14
2887,9,23,23,1.0,MR13 MR10 MR11 MR02 MR14 MR04 MR07 MR12 MR06
2888,9,24,24,1.0,MR12 MR10 MR11 MR02 MR14 MR13 MR04 MR07 MR06
2889,8,25,21,0.84,MR13 MR10 MR11 MR02 MR07 MR04 MR14 MR06
2890,9,24,23,0.9583333333333334,MR12 MR10 MR02 MR06 MR11 MR13 MR04 MR14 MR07
2891,8,19,15,0.7894736842105263,MR13 MR10 MR11 MR02 MR14 MR04 MR12 MR07
2892,9,24,23,0.9583333333333334,MR13 MR10 MR11 MR02 MR14 MR04 MR07 MR06 MR12
2893,9,19,19,1.0,MR13 MR10 MR02 MR12 MR11 MR06 MR04 MR07 MR14
2894,9,27,27,1.0,MR13 MR10 MR11 MR02 MR04 MR06 MR14 MR07 MR12
2895,9,24,23,0.9583333333333334,MR13 MR10 MR11 MR02 MR07 MR04 MR12 MR06 MR14
2896,9,25,24,0.96,MR12 MR10 MR02 MR11 MR07 MR13 MR04 MR14 MR06
2897,9,23,22,0.9565217391304348,MR13 MR10 MR11 MR02 MR12 MR04 MR06 MR14 MR07
2898,9,26,25,0.9615384615384616,MR13 MR10 MR02 MR11 MR07 MR12 MR04 MR14 MR06
2899,9,20,20,1.0,MR13 MR10 MR02 MR06 MR12 MR04 MR07 MR11 MR14
2900,9,20,19,0.95,MR13 MR10 MR11 MR02 MR04 MR14 MR06 MR07 MR12
2901,8,21,18,0.8571428571428571,MR13 MR10 MR11 MR02 MR14 MR04 MR07 MR06
2902,9,24,22,0.9166666666666666,MR13 MR10 MR02 MR07 MR06 MR04 MR11 MR12 MR14
2903,9,22,21,0.9545454545454546,MR13 MR10 MR02 MR11 MR07 MR04 MR14 MR12 MR06
2904,9,24,24,1.0,MR12 MR10 MR02 MR11 MR04 MR06 MR07 MR13 MR14
2905,9,26,24,0.9230769230769231,MR12 MR10 MR02 MR07 MR11 MR13 MR14 MR04 MR06
2906,9,28,27,0.9642857142857143,MR13 MR10 MR02 MR06 MR11 MR04 MR07 MR12 MR14
2907,9,24,24,1.0,MR13 MR10 MR02 MR11 MR07 MR12 MR04 MR06 MR14
2908,9,24,24,1.0,MR13 MR10 MR02 MR11 MR07 MR04 MR06 MR12 MR14
2909,9,25,24,0.96,MR13 MR10 MR02 MR11 MR12 MR04 MR06 MR07 MR14
2910,9,25,24,0.96,MR13 MR10 MR11 MR02 MR04 MR07 MR06 MR12 MR14
2911,9,24,23,0.9583333333333334,MR13 MR10 MR02 MR06 MR12 MR11 MR04 MR07 MR14
2912,9,28,27,0.9642857142857143,MR12 MR10 MR11 MR02 MR13 MR04 MR07 MR06 MR14
2913,9,22,22,1.0,MR13 MR10 MR02 MR11 MR04 MR06 MR07 MR14 MR12
2914,9,29,28,0.9655172413793104,MR13 MR10 MR11 MR02 MR04 MR06 MR07 MR12 MR14
2915,9,22,21,0.9545454545454546,MR13 MR10 MR11 MR02 MR12 MR04 MR06 MR07 MR14
2916,8,24,20,0.8333333333333334,MR13 MR10 MR11 MR02 MR14 MR04 MR07 MR06
2917,9,22,21,0.9545454545454546,MR12 MR10 MR02 MR11 MR13 MR04 MR06 MR07 MR14
2918,9,24,23,0.9583333333333334,MR13 MR10 MR02 MR07 MR11 MR14 MR04 MR06 MR12
2919,9,27,25,0.9259259259259259,MR13 MR10 MR02 MR14 MR06 MR07 MR11 MR04 MR12
2920,9,23,22,0.9565217391304348,MR13 MR10 MR02 MR11 MR06 MR14 MR04 MR07 MR12
2921,9,20,20,1.0,MR13 MR10 MR11 MR02 MR14 MR04 MR06 MR07 MR12
2922,9,25,25,1.0,MR13 MR10 MR11 MR02 MR04 MR06 MR07 MR12 MR14
2923,9,24,24,1.0,MR13 MR10 MR02 MR11 MR06 MR04 MR07 MR12 MR14
2924,9,29,28,0.9655172413793104,MR13 MR10 MR06 MR02 MR14 MR04 MR07 MR12 MR11
2925,9,21,19,0.9047619047619048,MR13 MR10 MR02 MR07 MR12 MR04 MR06 MR11 MR14
2926,9,27,26,0.9629629629629629,MR13 MR10 MR11 MR02 MR12 MR04 MR07 MR14 MR06
2927,9,23,22,0.9565217391304348,MR13 MR10 MR02 MR11 MR06 MR04 MR12 MR14 MR07
2928,9,29,25,0.8620689655172413,MR05 MR10 MR02 MR06 MR07 MR12 MR04 MR11 MR14
2929,9,23,22,0.9565217391304348,MR13 MR10 MR02 MR07 MR14 MR11 MR04 MR06 MR12
2930,9,23,22,0.9565217391304348,MR13 MR10 MR02 MR06 MR11 MR12 MR04 MR07 MR14
2931,9,24,23,0.9583333333333334,MR13 MR10 MR11 MR02 MR12 MR04 MR07 MR06 MR14
2932,9,28,24,0.8571428571428571,MR12 MR10 MR02 MR11 MR06 MR04 MR07 MR14 MR05
2933,9,25,23,0.92,MR13 MR10 MR11 MR02 MR04 MR06 MR12 MR07 MR14
2934,9,26,26,1.0,MR13 MR10 MR02 MR11 MR14 MR07 MR12 MR04 MR06
2935,9,28,27,0.9642857142857143,MR13 MR10 MR02 MR06 MR11 MR04 MR07 MR14 MR12
2936,9,24,22,0.9166666666666666,MR13 MR10 MR11 MR02 MR12 MR04 MR06 MR07 MR14
2937,9,23,23,1.0,MR13 MR10 MR02 MR07 MR11 MR12 MR14 MR04 MR06
2938,9,25,25,1.0,MR13 MR10 MR11 MR02 MR14 MR04 MR12 MR06 MR07
2939,9,23,22,0.9565217391304348,MR13 MR10 MR02 MR06 MR11 MR12 MR04 MR07 MR14
2940,9,27,26,0.9629629629629629,MR12 MR10 MR11 MR02 MR13 MR04 MR06 MR07 MR14
2941,9,21,20,0.9523809523809523,MR13 MR10 MR02 MR07 MR11 MR04 MR06 MR12 MR14
2942,9,24,20,0.8333333333333334,MR05 MR10 MR11 MR02 MR07 MR14 MR04 MR06 MR12
2943,9,28,27,0.9642857142857143,MR13 MR10 MR11 MR02 MR04 MR06 MR14 MR07 MR12
2944,9,22,21,0.9545454545454546,MR13 MR10 MR11 MR02 MR14 MR04 MR06 MR12 MR07
2945,9,28,26,0.9285714285714286,MR13 MR10 MR02 MR07 MR11 MR14 MR04 MR06 MR12
2946,9,24,23,0.9583333333333334,MR12 MR10 MR11 MR02 MR04 MR07 MR14 MR13 MR06
2947,9,22,21,0.9545454545454546,MR13 MR10 MR02 MR11 MR06 MR14 MR04 MR12 MR07
2948,9,25,25,1.0,MR13 MR10 MR02 MR11 MR06 MR04 MR07 MR14 MR12
2949,9,24,23,0.9583333333333334,MR13 MR10 MR02 MR07 MR06 MR14 MR04 MR12 MR11
2950,9,20,20,1.0,MR13 MR10 MR02 MR07 MR11 MR12 MR04 MR14 MR06
2951,9,28,27,0.9642857142857143,MR13 MR10 MR02 MR07 MR04 MR06 MR11 MR14 MR12
2952,9,19,19,1.0,MR12 MR10 MR02 MR11 MR07 MR13 MR04 MR06 MR14
2953,9,24,22,0.9166666666666666,MR13 MR10 MR11 MR02 MR04 MR14 MR06 MR07 MR12
2954,9,25,24,0.96,MR13 MR10 MR02 MR11 MR06 MR04 MR14 MR07 MR12
2955,9,23,23,1.0,MR13 MR10 MR02 MR07 MR11 MR14 MR04 MR06 MR12
2956,9,23,22,0.9565217391304348,MR13 MR10 MR11 MR02 MR07 MR14 MR04 MR12 MR06
2957,8,27,23,0.8518518518518519,MR13 MR10 MR02 MR11 MR04 MR06 MR07 MR12
2958,9,21,20,0.9523809523809523,MR13 MR10 MR02 MR11 MR07 MR14 MR04 MR06 MR12
2959,9,26,25,0.9615384615384616,MR13 MR10 MR11 MR02 MR04 MR07 MR12 MR14 MR06
2960,9,26,26,1.0,MR13 MR10 MR02 MR11 MR06 MR04 MR12 MR14 MR07
2961,9,26,25,0.9615384615384616,MR13 MR10 MR02 MR06 MR11 MR04 MR12 MR14 MR07
2962,9,24,24,1.0,MR13 MR10 MR02 MR06 MR11 MR14 MR04 MR12 MR07
2963,9,30,29,0.9666666666666667,MR13 MR10 MR02 MR06 MR14 MR11 MR04 MR07 MR12
2964,9,28,27,0.9642857142857143,MR13 MR10 MR02 MR07 MR11 MR04 MR12 MR06 MR14
2965,8,21,18,0.8571428571428571,MR13 MR10 MR11 MR02 MR04 MR07 MR06 MR14
2966,9,22,21,0.9545454545454546,MR12 MR10 MR02 MR07 MR11 MR14 MR13 MR04 MR06
2967,9,26,24,0.9230769230769231,MR13 MR10 MR02 MR11 MR07 MR12 MR04 MR06 MR14
2968,9,26,24,0.9230769230769231,MR13 MR10 MR02 MR11 MR06 MR04 MR12 MR14 MR07
2969,9,26,25,0.9615384615384616,MR13 MR10 MR11 MR02 MR12 MR04 MR06 MR14 MR07
2970,8,22,19,0.8636363636363636,MR13 MR10 MR02 MR11 MR07 MR04 MR06 MR14
2971,9,21,19,0.9047619047619048,MR12 MR10 MR02 MR06 MR11 MR13 MR04 MR07 MR14
2972,9,25,25,1.0,MR12 MR10 MR11 MR02 MR07 MR04 MR14 MR13 MR06
2973,9,20,19,0.95,MR13 MR10 MR02 MR07 MR11 MR04 MR06 MR12 MR14
2974,9,24,23,0.9583333333333334,MR12 MR10 MR02 MR11 MR07 MR13 MR04 MR14 MR06
2975,9,25,24,0.96,MR13 MR10 MR02 MR11 MR14 MR06 MR04 MR07 MR12
2976,9,25,25,1.0,MR13 MR10 MR11 MR02 MR04 MR06 MR12 MR07 MR14
2977,9,24,23,0.9583333333333334,MR13 MR10 MR11 MR02 MR14 MR04 MR07 MR12 MR06
2978,9,18,17,0.9444444444444444,MR13 MR10 MR02 MR11 MR06 MR14 MR04 MR12 MR07
2979,9,25,25,1.0,MR13 MR10 MR11 MR02 MR04 MR06 MR12 MR14 MR07
2980,9,22,21,0.9545454545454546,MR13 MR10 MR02 MR06 MR12 MR14 MR04 MR07 MR11
2981,9,20,19,0.95,MR13 MR10 MR02 MR06 MR07 MR11 MR12 MR04 MR14
2982,9,26,25,0.9615384615384616,MR13 MR10 MR02 MR07 MR11 MR04 MR06 MR12 MR14
2983,9,23,22,0.9565217391304348,MR12 MR10 MR02 MR11 MR13 MR04 MR06 MR07 MR14
2984,9,25,23,0.92,MR13 MR10 MR11 MR02 MR06 MR04 MR14 MR07 MR12
2985,9,25,24,0.96,MR13 MR10 MR02 MR06 MR07 MR04 MR11 MR14 MR12
2986,9,25,24,0.96,MR13 MR10 MR02 MR11 MR04 MR06 MR07 MR12 MR14
2987,9,26,24,0.9230769230769231,MR13 MR10 MR11 MR02 MR12 MR04 MR06 MR07 MR14
2988,9,25,24,0.96,MR12 MR10 MR02 MR06 MR14 MR07 MR13 MR04 MR11
2989,9,23,22,0.9565217391304348,MR13 MR10 MR02 MR07 MR04 MR06 MR11 MR12 MR14
2990,9,24,23,0.9583333333333334,MR12 MR10 MR02 MR07 MR11 MR13 MR04 MR14 MR06
2991,9,24,24,1.0,MR13 MR10 MR11 MR02 MR04 MR06 MR14 MR07 MR12
2992,9,23,22,0.9565217391304348,MR07 MR10 MR02 MR12 MR14 MR06 MR13 MR04 MR11
2993,9,24,23,0.9583333333333334,MR13 MR10 MR11 MR02 MR04 MR14 MR06 MR07 MR12
2994,9,27,26,0.9629629629629629,MR13 MR10 MR11 MR02 MR14 MR04 MR06 MR07 MR12
2995,8,26,22,0.8461538461538461,MR13 MR10 MR11 MR02 MR06 MR04 MR12 MR14
2996,9,24,24,1.0,MR13 MR10 MR02 MR11 MR06 MR04 MR12 MR14 MR07
2997,9,22,22,1.0,MR13 MR10 MR02 MR06 MR07 MR11 MR12 MR04 MR14
2998,9,27,25,0.9259259259259259,MR13 MR10 MR02 MR11 MR07 MR12 MR14 MR04 MR06
2999,9,24,23,0.9583333333333334,MR13 MR10 MR11 MR02 MR04 MR12 MR06 MR07 MR14
3000,9,23,21,0.9130434782608695,MR13 MR10 MR11 MR02 MR14 MR04 MR06 MR07 MR12
3001,9,23,22,0.9565217391304348,MR13 MR10 MR02 MR06 MR12 MR11 MR04 MR07 MR14
3002,9,21,21,1.0,MR13 MR10 MR02 MR11 MR06 MR04 MR07 MR12 MR14
3003,9,21,20,0.9523809523809523,MR13 MR10 MR11 MR02 MR07 MR04 MR14 MR06 MR12
3004,9,28,27,0.9642857142857143,MR13 MR10 MR02 MR07 MR11 MR04 MR06 MR12 MR14
3005,9,19,18,0.9473684210526315,MR13 MR10 MR02 MR11 MR06 MR14 MR04 MR12 MR07
3006,9,28,28,1.0,MR12 MR10 MR02 MR11 MR14 MR13 MR04 MR06 MR07
3007,9,25,24,0.96,MR13 MR10 MR02 MR11 MR06 MR12 MR04 MR07 MR14
3008,8,24,19,0.7916666666666666,MR13 MR10 MR11 MR02 MR04 MR06 MR14 MR12
3009,8,23,18,0.782608695652174,MR13 MR10 MR02 MR07 MR12 MR06 MR04 MR11
3010,9,23,23,1.0,MR13 MR10 MR11 MR02 MR14 MR04 MR07 MR06 MR12
3011,8,24,21,0.875,MR13 MR10 MR02 MR07 MR11 MR04 MR06 MR12
3012,9,27,25,0.9259259259259259,MR13 MR10 MR02 MR06 MR14 MR11 MR04 MR12 MR07
3013,9,20,20,1.0,MR13 MR10 MR02 MR11 MR12 MR04 MR06 MR07 MR14
3014,9,27,26,0.9629629629629629,MR13 MR10 MR02 MR11 MR07 MR14 MR04 MR06 MR12
3015,9,28,24,0.8571428571428571,MR12 MR10 MR11 MR02 MR14 MR04 MR05 MR07 MR06
3016,9,24,23,0.9583333333333334,MR13 MR10 MR11 MR02 MR12 MR14 MR04 MR06 MR07
3017,9,22,21,0.9545454545454546,MR13 MR10 MR02 MR06 MR11 MR04 MR07 MR12 MR14
3018,9,26,25,0.9615384615384616,MR13 MR10 MR11 MR02 MR14 MR04 MR06 MR07 MR12
3019,9,25,24,0.96,MR12 MR10 MR11 MR02 MR04 MR06 MR13 MR07 MR14
3020,9,21,20,0.9523809523809523,MR12 MR10 MR02 MR07 MR11 MR13 MR04 MR06 MR14
3021,9,18,18,1.0,MR13 MR10 MR02 MR11 MR04 MR06 MR07 MR12 MR14
3022,9,20,19,0.95,MR13 MR10 MR11 MR02 MR07 MR04 MR14 MR12 MR06
3023,9,22,22,1.0,MR13 MR10 MR11 MR02 MR07 MR14 MR04 MR12 MR06
3024,9,28,26,0.9285714285714286,MR13 MR10 MR11 MR02 MR14 MR04 MR07 MR12 MR06
3025,9,27,27,1.0,MR12 MR10 MR11 MR02 MR13 MR04 MR06 MR07 MR14
3026,9,24,23,0.9583333333333334,MR13 MR10 MR02 MR07 MR11 MR04 MR12 MR06 MR14
3027,9,20,20,1.0,MR12 MR10 MR02 MR11 MR13 MR07 MR04 MR06 MR14
3028,8,28,24,0.8571428571428571,MR12 MR10 MR02 MR11 MR13 MR06 MR04 MR07
3029,9,28,26,0.9285714285714286,MR13 MR10 MR11 MR02 MR06 MR04 MR12 MR07 MR14
3030,9,25,25,1.0,MR13 MR10 MR11 MR02 MR04 MR12 MR06 MR14 MR07
3031,8,22,19,0.8636363636363636,MR13 MR10 MR02 MR06 MR11 MR04 MR12 MR07
3032,9,18,18,1.0,MR13 MR10 MR11 MR02 MR04 MR07 MR14 MR06 MR12
3033,9,22,21,0.9545454545454546,MR13 MR10 MR11 MR02 MR12 MR04 MR06 MR14 MR07
3034,9,24,23,0.9583333333333334,MR13 MR10 MR02 MR14 MR06 MR07 MR11 MR04 MR12
3035,8,28,23,0.8214285714285714,MR13 MR10 MR11 MR02 MR04 MR07 MR14 MR06
3036,9,21,20,0.9523809523809523,MR13 MR10 MR02 MR06 MR11 MR14 MR04 MR12 MR07
3037,9,23,22,0.9565217391304348,MR13 MR10 MR11 MR02 MR04 MR07 MR06 MR12 MR14
3038,8,26,23,0.8846153846153846,MR14 MR10 MR11 MR02 MR13 MR06 MR04 MR12
3039,8,23,19,0.8260869565217391,MR13 MR10 MR02 MR14 MR11 MR06 MR04 MR07
3040,9,22,21,0.9545454545454546,MR13 MR10 MR02 MR11 MR07 MR12 MR04 MR06 MR14
3041,9,24,24,1.0,MR12 MR10 MR02 MR07 MR11 MR13 MR14 MR04 MR06
3042,9,22,21,0.9545454545454546,MR13 MR10 MR02 MR11 MR06 MR12 MR04 MR07 MR14
3043,9,26,26,1.0,MR14 MR10 MR02 MR11 MR07 MR13 MR04 MR12 MR06
3044,9,26,24,0.9230769230769231,MR13 MR10 MR02 MR11 MR07 MR14 MR04 MR12 MR06
3045,9,25,23,0.92,MR12 MR10 MR02 MR11 MR07 MR13 MR04 MR14 MR06
3046,9,25,25,1.0,MR13 MR10 MR11 MR02 MR14 MR04 MR07 MR12 MR06
3047,9,26,25,0.9615384615384616,MR12 MR10 MR02 MR11 MR07 MR14 MR04 MR06 MR13
3048,8,23,18,0.782608695652174,MR13 MR10 MR02 MR06 MR04 MR07 MR11 MR12
3049,9,25,24,0.96,MR13 MR10 MR11 MR02 MR06 MR14 MR04 MR12 MR07
3050,9,26,25,0.9615384615384616,MR13 MR10 MR02 MR11 MR14 MR06 MR04 MR12 MR07
3051,9,28,27,0.9642857142857143,MR14 MR10 MR02 MR11 MR12 MR13 MR04 MR06 MR07
3052,9,33,32,0.9696969696969697,MR13 MR10 MR02 MR07 MR11 MR14 MR04 MR06 MR12
3053,9,23,22,0.9565217391304348,MR13 MR10 MR11 MR02 MR04 MR14 MR06 MR07 MR12
3054,9,21,21,1.0,MR13 MR10 MR02 MR11 MR04 MR06 MR07 MR12 MR14
3055,9,24,23,0.9583333333333334,MR13 MR10 MR02 MR07 MR14 MR11 MR04 MR06 MR12
3056,9,28,26,0.9285714285714286,MR13 MR10 MR02 MR06 MR11 MR04 MR14 MR12 MR07
3057,9,24,23,0.9583333333333334,MR13 MR10 MR02 MR11 MR07 MR04 MR06 MR12 MR14
3058,9,28,27,0.9642857142857143,MR13 MR10 MR11 MR02 MR04 MR07 MR12 MR06 MR14
3059,9,25,24,0.96,MR13 MR10 MR06 MR02 MR14 MR04 MR07 MR11 MR12
3060,9,23,22,0.9565217391304348,MR13 MR10 MR11 MR02 MR12 MR04 MR06 MR07 MR14
3061,9,23,22,0.9565217391304348,MR13 MR10 MR11 MR02 MR14 MR04 MR07 MR12 MR06
3062,9,23,22,0.9565217391304348,MR12 MR10 MR02 MR07 MR13 MR06 MR04 MR11 MR14
3063,9,29,27,0.9310344827586207,MR13 MR10 MR02 MR12 MR06 MR07 MR11 MR04 MR14
3064,9,26,26,1.0,MR13 MR10 MR11 MR02 MR04 MR12 MR06 MR07 MR14
3065,9,26,25,0.9615384615384616,MR13 MR10 MR11 MR02 MR07 MR12 MR04 MR14 MR06
3066,8,25,20,0.8,MR12 MR10 MR11 MR02 MR06 MR13 MR14 MR04
3067,9,22,21,0.9545454545454546,MR13 MR10 MR11 MR02 MR12 MR04 MR07 MR06 MR14
3068,9,22,21,0.9545454545454546,MR13 MR10 MR02 MR06 MR11 MR12 MR04 MR07 MR14
3069,9,25,24,0.96,MR13 MR10 MR02 MR11 MR12 MR07 MR04 MR06 MR14
3070,9,20,18,0.9,MR13 MR10 MR11 MR02 MR04 MR06 MR12 MR07 MR14
3071,9,25,24,0.96,MR13 MR10 MR02 MR06 MR07 MR11 MR12 MR04 MR14
3072,8,27,23,0.8518518518518519,MR13 MR10 MR11 MR02 MR04 MR07 MR12 MR14
3073,8,20,17,0.85,MR13 MR10 MR02 MR11 MR14 MR04 MR06 MR07
3074,9,27,26,0.9629629629629629,MR13 MR10 MR11 MR02 MR06 MR12 MR04 MR14 MR07
3075,9,23,23,1.0,MR13 MR10 MR02 MR07 MR06 MR12 MR04 MR11 MR14
3076,9,26,25,0.9615384615384616,MR13 MR10 MR11 MR02 MR12 MR14 MR04 MR07 MR06
3077,9,18,17,0.9444444444444444,MR13 MR10 MR02 MR11 MR06 MR04 MR07 MR12 MR14
3078,9,23,22,0.9565217391304348,MR13 MR10 MR02 MR06 MR14 MR04 MR07 MR11 MR12
3079,8,25,19,0.76,MR05 MR10 MR06 MR02 MR11 MR14 MR04 MR12
3080,9,24,23,0.9583333333333334,MR13 MR10 MR11 MR02 MR14 MR04 MR07 MR06 MR12
3081,9,24,24,1.0,MR13 MR10 MR02 MR11 MR04 MR06 MR07 MR12 MR14
3082,9,22,22,1.0,MR13 MR10 MR11 MR02 MR04 MR12 MR06 MR07 MR14
3083,9,27,27,1.0,MR13 MR10 MR11 MR02 MR06 MR04 MR12 MR14 MR07
3084,9,22,22,1.0,MR13 MR10 MR02 MR11 MR06 MR04 MR07 MR14 MR12
3085,9,25,23,0.92,MR13 MR10 MR07 MR02 MR14 MR11 MR04 MR12 MR06
3086,9,23,22,0.9565217391304348,MR12 MR10 MR02 MR11 MR06 MR13 MR04 MR07 MR14
3087,8,22,18,0.8181818181818182,MR13 MR10 MR11 MR02 MR07 MR04 MR14 MR12
3088,9,25,24,0.96,MR13 MR10 MR02 MR11 MR07 MR12 MR04 MR06 MR14
3089,9,21,20,0.9523809523809523,MR13 MR10 MR14 MR02 MR11 MR04 MR06 MR07 MR12
3090,9,24,23,0.9583333333333334,MR13 MR10 MR02 MR06 MR11 MR12 MR04 MR07 MR14
3091,9,25,25,1.0,MR12 MR10 MR02 MR06 MR04 MR07 MR11 MR13 MR14
3092,9,26,25,0.9615384615384616,MR13 MR10 MR11 MR02 MR04 MR12 MR14 MR07 MR06
3093,9,18,18,1.0,MR13 MR10 MR02 MR11 MR07 MR12 MR04 MR06 MR14
3094,9,22,21,0.9545454545454546,MR13 MR10 MR02 MR11 MR06 MR04 MR12 MR14 MR07
3095,8,23,19,0.8260869565217391,MR13 MR10 MR11 MR02 MR04 MR12 MR06 MR07
3096,8,28,24,0.8571428571428571,MR13 MR10 MR11 MR02 MR04 MR14 MR07 MR12
3097,9,24,23,0.9583333333333334,MR13 MR10 MR02 MR07 MR06 MR12 MR14 MR04 MR11
3098,9,22,22,1.0,MR12 MR10 MR02 MR11 MR13 MR06 MR04 MR14 MR07
3099,9,17,16,0.9411764705882353,MR12 MR10 MR02 MR11 MR13 MR04 MR06 MR07 MR14
3100,9,28,27,0.9642857142857143,MR13 MR10 MR11 MR02 MR14 MR04 MR07 MR06 MR12
3101,9,32,30,0.9375,MR13 MR10 MR02 MR06 MR07 MR11 MR04 MR12 MR14
3102,9,23,22,0.9565217391304348,MR13 MR10 MR07 MR02 MR14 MR04 MR11 MR06 MR12
3103,9,25,25,1.0,MR12 MR10 MR11 MR02 MR14 MR04 MR06 MR13 MR07
3104,9,26,24,0.9230769230769231,MR13 MR10 MR02 MR06 MR07 MR11 MR04 MR12 MR14
3105,8,25,21,0.84,MR12 MR10 MR11 MR02 MR07 MR13 MR04 MR14
3106,9,20,20,1.0,MR13 MR10 MR02 MR11 MR06 MR04 MR07 MR12 MR14
3107,9,18,17,0.9444444444444444,MR13 MR10 MR02 MR11 MR06 MR04 MR14 MR07 MR12
3108,8,26,23,0.8846153846153846,MR13 MR10 MR11 MR02 MR04 MR14 MR06 MR07
3109,8,26,19,0.7307692307692307,MR05 MR10 MR02 MR11 MR07 MR04 MR14 MR06
3110,9,18,17,0.9444444444444444,MR13 MR10 MR02 MR11 MR04 MR06 MR07 MR14 MR12
3111,9,25,22,0.88,MR05 MR10 MR02 MR11 MR14 MR07 MR04 MR06 MR12
3112,9,25,24,0.96,MR13 MR10 MR11 MR02 MR12 MR04 MR06 MR14 MR07
3113,9,22,21,0.9545454545454546,MR13 MR10 MR02 MR11 MR14 MR04 MR06 MR07 MR12
3114,9,24,23,0.9583333333333334,MR13 MR10 MR11 MR02 MR14 MR04 MR06 MR07 MR12
3115,9,27,26,0.9629629629629629,MR06 MR10 MR02 MR11 MR13 MR04 MR14 MR12 MR07
3116,9,28,27,0.9642857142857143,MR13 MR10 MR02 MR14 MR06 MR07 MR11 MR12 MR04
3117,9,23,22,0.9565217391304348,MR13 MR10 MR02 MR06 MR11 MR14 MR04 MR12 MR07
3118,9,23,22,0.9565217391304348,MR13 MR10 MR02 MR06 MR11 MR04 MR14 MR07 MR12
3119,9,25,25,1.0,MR13 MR10 MR02 MR06 MR11 MR04 MR12 MR14 MR07
3120,8,25,20,0.8,MR13 MR10 MR02 MR06 MR11 MR04 MR07 MR12
3121,8,26,22,0.8461538461538461,MR13 MR10 MR11 MR02 MR04 MR07 MR12 MR14
3122,9,18,17,0.9444444444444444,MR12 MR10 MR02 MR14 MR06 MR11 MR13 MR04 MR07
3123,9,24,23,0.9583333333333334,MR13 MR10 MR02 MR11 MR06 MR04 MR07 MR14 MR12
3124,8,21,18,0.8571428571428571,MR13 MR10 MR11 MR02 MR06 MR04 MR14 MR12
3125,9,26,25,0.9615384615384616,MR13 MR10 MR02 MR11 MR06 MR04 MR14 MR07 MR12
3126,9,24,22,0.9166666666666666,MR13 MR10 MR02 MR07 MR11 MR04 MR14 MR06 MR12
3127,8,23,19,0.8260869565217391,MR13 MR10 MR11 MR02 MR12 MR04 MR14 MR07
3128,9,24,23,0.9583333333333334,MR13 MR10 MR02 MR07 MR11 MR04 MR14 MR06 MR12
3129,9,23,23,1.0,MR13 MR10 MR02 MR11 MR07 MR04 MR06 MR14 MR12
3130,9,26,26,1.0,MR13 MR10 MR02 MR11 MR14 MR06 MR04 MR07 MR12
3131,9,22,21,0.9545454545454546,MR14 MR10 MR02 MR11 MR13 MR12 MR04 MR06 MR07
3132,9,22,21,0.9545454545454546,MR13 MR10 MR02 MR07 MR11 MR04 MR06 MR12 MR14
3133,9,21,21,1.0,MR13 MR10 MR11 MR02 MR14 MR04 MR06 MR07 MR12
3134,9,25,24,0.96,MR13 MR10 MR02 MR11 MR06 MR04 MR12 MR14 MR07
3135,9,24,23,0.9583333333333334,MR12 MR10 MR02 MR11 MR13 MR06 MR04 MR14 MR07
3136,9,22,21,0.9545454545454546,MR13 MR10 MR02 MR07 MR06 MR04 MR11 MR12 MR14
3137,9,27,26,0.9629629629629629,MR12 MR10 MR02 MR11 MR07 MR04 MR06 MR13 MR14
3138,9,21,20,0.9523809523809523,MR13 MR10 MR02 MR11 MR06 MR04 MR07 MR14 MR12
3139,9,23,22,0.9565217391304348,MR13 MR10 MR02 MR07 MR06 MR14 MR04 MR11 MR12
3140,9,25,25,1.0,MR12 MR10 MR11 MR02 MR06 MR13 MR14 MR04 MR07
3141,9,27,25,0.9259259259259259,MR13 MR10 MR02 MR06 MR11 MR04 MR07 MR12 MR14
3142,9,27,27,1.0,MR13 MR10 MR02 MR11 MR04 MR06 MR07 MR12 MR14
3143,9,26,25,0.9615384615384616,MR13 MR10 MR11 MR02 MR04 MR06 MR07 MR12 MR14
3144,9,24,23,0.9583333333333334,MR13 MR10 MR11 MR02 MR14 MR04 MR06 MR07 MR12
3145,9,29,28,0.9655172413793104,MR13 MR10 MR11 MR02 MR04 MR07 MR12 MR06 MR14
3146,9,23,22,0.9565217391304348,MR13 MR10 MR11 MR02 MR07 MR04 MR14 MR06 MR12
3147,9,24,22,0.9166666666666666,MR13 MR10 MR11 MR02 MR12 MR04 MR07 MR14 MR06
3148,9,22,21,0.9545454545454546,MR13 MR10 MR11 MR02 MR06 MR12 MR14 MR04 MR07
3149,8,27,23,0.8518518518518519,MR13 MR10 MR11 MR02 MR07 MR12 MR04 MR06
3150,9,23,22,0.9565217391304348,MR13 MR10 MR11 MR02 MR04 MR07 MR06 MR12 MR14
3151,9,17,16,0.9411764705882353,MR13 MR10 MR11 MR02 MR14 MR04 MR12 MR06 MR07
3152,9,27,26,0.9629629629629629,MR13 MR10 MR11 MR02 MR14 MR04 MR07 MR12 MR06
3153,9,28,26,0.9285714285714286,MR13 MR10 MR02 MR06 MR11 MR04 MR12 MR07 MR14
3154,8,24,20,0.8333333333333334,MR13 MR10 MR02 MR11 MR07 MR04 MR14 MR06
3155,9,25,25,1.0,MR13 MR10 MR02 MR11 MR07 MR04 MR06 MR12 MR14
3156,9,21,20,0.9523809523809523,MR13 MR10 MR11 MR02 MR04 MR07 MR06 MR12 MR14
3157,9,27,26,0.9629629629629629,MR13 MR10 MR02 MR06 MR11 MR12 MR04 MR07 MR14
3158,8,21,18,0.8571428571428571,MR13 MR10 MR02 MR11 MR04 MR06 MR07 MR12
3159,9,28,27,0.9642857142857143,MR13 MR10 MR11 MR02 MR04 MR14 MR06 MR12 MR07
3160,9,23,22,0.9565217391304348,MR13 MR10 MR11 MR02 MR04 MR06 MR12 MR14 MR07
3161,9,25,24,0.96,MR13 MR10 MR02 MR11 MR06 MR12 MR04 MR07 MR14
3162,9,25,23,0.92,MR13 MR10 MR02 MR06 MR07 MR04 MR11 MR12 MR14
3163,9,26,24,0.9230769230769231,MR13 MR10 MR02 MR11 MR06 MR04 MR07 MR14 MR12
3164,9,25,25,1.0,MR13 MR10 MR02 MR07 MR11 MR12 MR04 MR14 MR06
3165,9,24,23,0.9583333333333334,MR14 MR10 MR11 MR02 MR13 MR04 MR06 MR07 MR12
3166,9,27,27,1.0,MR13 MR10 MR11 MR02 MR04 MR14 MR07 MR12 MR06
3167,9,20,20,1.0,MR13 MR10 MR11 MR02 MR06 MR14 MR04 MR12 MR07
3168,9,27,27,1.0,MR13 MR10 MR02 MR07 MR14 MR06 MR04 MR11 MR12
3169,9,26,25,0.9615384615384616,MR13 MR10 MR11 MR02 MR14 MR04 MR07 MR12 MR06
3170,8,26,22,0.8461538461538461,MR13 MR10 MR02 MR11 MR06 MR12 MR04 MR07
3171,9,21,20,0.9523809523809523,MR13 MR10 MR11 MR02 MR14 MR04 MR07 MR06 MR12
3172,9,20,18,0.9,MR13 MR10 MR02 MR11 MR14 MR07 MR04 MR06 MR12
3173,9,25,24,0.96,MR13 MR10 MR11 MR02 MR06 MR04 MR14 MR12 MR07
3174,9,21,20,0.9523809523809523,MR13 MR10 MR02 MR11 MR04 MR06 MR07 MR12 MR14
3175,8,29,25,0.8620689655172413,MR13 MR10 MR11 MR02 MR12 MR04 MR06 MR07
3176,9,28,27,0.9642857142857143,MR13 MR10 MR02 MR07 MR11 MR12 MR04 MR06 MR14
3177,9,26,24,0.9230769230769231,MR13 MR10 MR02 MR11 MR06 MR04 MR12 MR07 MR14
3178,9,25,24,0.96,MR13 MR10 MR11 MR02 MR07 MR04 MR12 MR14 MR06
3179,9,22,22,1.0,MR13 MR10 MR11 MR02 MR14 MR04 MR06 MR07 MR12
3180,9,29,27,0.9310344827586207,MR13 MR10 MR11 MR02 MR04 MR07 MR12 MR06 MR14
3181,9,25,24,0.96,MR12 MR10 MR11 MR13 MR02 MR14 MR04 MR06 MR07
3182,9,21,21,1.0,MR13 MR10 MR02 MR06 MR11 MR04 MR14 MR07 MR12
3183,8,26,22,0.8461538461538461,MR13 MR10 MR02 MR11 MR06 MR04 MR07 MR14
3184,9,25,24,0.96,MR13 MR10 MR11 MR02 MR14 MR04 MR07 MR06 MR12
3185,9,21,20,0.9523809523809523,MR13 MR10 MR02 MR11 MR06 MR04 MR12 MR07 MR14
3186,9,26,25,0.9615384615384616,MR13 MR10 MR11 MR02 MR04 MR12 MR14 MR06 MR07
3187,9,24,23,0.9583333333333334,MR07 MR10 MR02 MR12 MR13 MR11 MR04 MR14 MR06
3188,9,26,25,0.9615384615384616,MR12 MR10 MR14 MR02 MR11 MR06 MR04 MR07 MR13
3189,9,26,25,0.9615384615384616,MR13 MR10 MR11 MR02 MR04 MR07 MR06 MR14 MR12
3190,9,23,22,0.9565217391304348,MR13 MR10 MR11 MR02 MR04 MR07 MR06 MR14 MR12
3191,9,27,25,0.9259259259259259,MR13 MR10 MR11 MR02 MR06 MR12 MR04 MR07 MR14
3192,9,22,21,0.9545454545454546,MR13 MR10 MR02 MR06 MR11 MR04 MR07 MR14 MR12
3193,9,25,24,0.96,MR13 MR10 MR11 MR02 MR12 MR04 MR07 MR06 MR14
3194,9,27,26,0.9629629629629629,MR13 MR10 MR02 MR07 MR04 MR06 MR11 MR14 MR12
3195,8,23,19,0.8260869565217391,MR13 MR10 MR11 MR02 MR04 MR12 MR06 MR07
3196,9,21,20,0.9523809523809523,MR13 MR10 MR11 MR02 MR04 MR12 MR14 MR06 MR07
3197,8,24,17,0.7083333333333334,MR05 MR10 MR02 MR11 MR14 MR04 MR06 MR07
3198,9,23,22,0.9565217391304348,MR13 MR10 MR02 MR07 MR11 MR12 MR04 MR06 MR14
3199,9,25,24,0.96,MR13 MR10 MR02 MR11 MR04 MR06 MR07 MR12 MR14
3200,9,24,23,0.9583333333333334,MR13 MR10 MR11 MR02 MR04 MR12 MR14 MR06 MR07
3201,8,27,23,0.8518518518518519,MR13 MR10 MR11 MR02 MR04 MR07 MR12 MR14
3202,9,21,20,0.9523809523809523,MR13 MR10 MR02 MR07 MR11 MR14 MR04 MR12 MR06
3203,9,25,24,0.96,MR13 MR10 MR11 MR02 MR04 MR14 MR06 MR07 MR12
3204,9,27,25,0.9259259259259259,MR12 MR10 MR11 MR02 MR04 MR06 MR13 MR14 MR07
3205,9,28,26,0.9285714285714286,MR12 MR10 MR02 MR11 MR06 MR13 MR04 MR07 MR14
3206,9,21,20,0.9523809523809523,MR13 MR10 MR02 MR11 MR04 MR06 MR07 MR12 MR14
3207,9,26,25,0.9615384615384616,MR13 MR10 MR02 MR06 MR07 MR11 MR12 MR04 MR14
3208,9,20,19,0.95,MR13 MR10 MR02 MR11 MR06 MR04 MR07 MR12 MR14
3209,9,26,24,0.9230769230769231,MR13 MR10 MR11 MR02 MR04 MR12 MR14 MR06 MR07
3210,9,24,23,0.9583333333333334,MR13 MR10 MR02 MR11 MR14 MR06 MR04 MR12 MR07
3211,9,23,22,0.9565217391304348,MR13 MR10 MR02 MR11 MR07 MR04 MR14 MR06 MR12
3212,9,29,28,0.9655172413793104,MR12 MR10 MR11 MR02 MR14 MR07 MR04 MR13 MR06
3213,9,18,16,0.8888888888888888,MR13 MR10 MR02 MR11 MR06 MR04 MR07 MR12 MR14
3214,9,26,25,0.9615384615384616,MR12 MR10 MR02 MR06 MR11 MR13 MR14 MR04 MR07
3215,9,22,21,0.9545454545454546,MR13 MR10 MR02 MR11 MR07 MR04 MR12 MR14 MR06
3216,9,18,17,0.9444444444444444,MR12 MR10 MR02 MR07 MR11 MR13 MR04 MR06 MR14
3217,9,21,20,0.9523809523809523,MR13 MR10 MR02 MR11 MR07 MR04 MR14 MR06 MR12
3218,9,25,25,1.0,MR14 MR10 MR11 MR02 MR13 MR04 MR07 MR12 MR06
3219,9,21,19,0.9047619047619048,MR13 MR10 MR02 MR07 MR06 MR04 MR11 MR12 MR14
3220,9,27,26,0.9629629629629629,MR12 MR10 MR11 MR02 MR13 MR04 MR07 MR14 MR06
3221,9,18,17,0.9444444444444444,MR13 MR10 MR02 MR06 MR11 MR04 MR12 MR14 MR07
3222,8,25,21,0.84,MR12 MR10 MR11 MR02 MR14 MR06 MR13 MR04
3223,9,29,28,0.9655172413793104,MR12 MR10 MR02 MR11 MR07 MR14 MR04 MR06 MR13
3224,8,24,21,0.875,MR13 MR10 MR11 MR02 MR04 MR12 MR06 MR07
3225,9,25,24,0.96,MR13 MR10 MR02 MR11 MR07 MR14 MR04 MR06 MR12
3226,9,27,26,0.9629629629629629,MR12 MR10 MR11 MR02 MR07 MR04 MR13 MR14 MR06
3227,9,23,22,0.9565217391304348,MR13 MR10 MR02 MR07 MR11 MR12 MR04 MR06 MR14
3228,9,24,23,0.9583333333333334,MR13 MR10 MR11 MR02 MR04 MR07 MR12 MR14 MR06
3229,9,26,24,0.9230769230769231,MR13 MR10 MR11 MR02 MR14 MR04 MR07 MR06 MR12
3230,9,25,24,0.96,MR12 MR10 MR11 MR02 MR04 MR13 MR07 MR06 MR14
3231,9,29,28,0.9655172413793104,MR06 MR10 MR02 MR14 MR11 MR04 MR12 MR07 MR13
3232,9,21,21,1.0,MR13 MR10 MR02 MR11 MR12 MR04 MR06 MR07 MR14
3233,8,30,26,0.8666666666666667,MR13 MR10 MR11 MR02 MR12 MR04 MR06 MR14
3234,9,24,22,0.9166666666666666,MR13 MR10 MR02 MR11 MR07 MR04 MR06 MR14 MR12
3235,9,24,23,0.9583333333333334,MR13 MR10 MR11 MR02 MR06 MR12 MR04 MR07 MR14
3236,9,25,24,0.96,MR12 MR10 MR11 MR02 MR06 MR13 MR04 MR14 MR07
3237,9,22,21,0.9545454545454546,MR12 MR10 MR11 MR02 MR04 MR14 MR06 MR07 MR13
3238,9,26,24,0.9230769230769231,MR13 MR10 MR02 MR11 MR07 MR04 MR06 MR12 MR14
3239,9,24,23,0.9583333333333334,MR13 MR10 MR11 MR02 MR14 MR04 MR06 MR12 MR07
3240,9,29,27,0.9310344827586207,MR12 MR10 MR02 MR11 MR07 MR13 MR14 MR04 MR06
3241,9,23,22,0.9565217391304348,MR12 MR10 MR02 MR06 MR11 MR14 MR13 MR04 MR07
3242,9,27,26,0.9629629629629629,MR13 MR10 MR11 MR02 MR07 MR12 MR04 MR14 MR06
3243,9,27,26,0.9629629629629629,MR13 MR10 MR02 MR11 MR14 MR06 MR04 MR07 MR12
3244,9,25,24,0.96,MR13 MR10 MR02 MR07 MR11 MR04 MR06 MR14 MR12
3245,9,26,25,0.9615384615384616,MR13 MR10 MR02 MR07 MR11 MR12 MR14 MR04 MR06
3246,9,26,25,0.9615384615384616,MR13 MR10 MR02 MR06 MR07 MR11 MR04 MR12 MR14
3247,9,17,16,0.9411764705882353,MR13 MR10 MR11 MR02 MR12 MR04 MR07 MR14 MR06
3248,8,24,21,0.875,MR12 MR10 MR11 MR02 MR13 MR04 MR07 MR14
3249,9,22,22,1.0,MR12 MR10 MR14 MR02 MR11 MR13 MR04 MR06 MR07
3250,8,28,24,0.8571428571428571,MR13 MR10 MR11 MR02 MR12 MR04 MR07 MR06
3251,9,26,25,0.9615384615384616,MR12 MR10 MR11 MR02 MR13 MR04 MR06 MR07 MR14
3252,9,30,29,0.9666666666666667,MR12 MR10 MR06 MR02 MR11 MR13 MR04 MR14 MR07
3253,9,25,24,0.96,MR13 MR10 MR02 MR07 MR14 MR11 MR04 MR06 MR12
3254,9,23,22,0.9565217391304348,MR13 MR10 MR02 MR11 MR06 MR04 MR12 MR07 MR14
3255,9,25,25,1.0,MR12 MR10 MR11 MR02 MR13 MR04 MR14 MR06 MR07
3256,9,21,20,0.9523809523809523,MR13 MR10 MR02 MR11 MR12 MR14 MR04 MR06 MR07
3257,9,19,18,0.9473684210526315,MR13 MR10 MR02 MR11 MR06 MR04 MR12 MR07 MR14
3258,9,22,21,0.9545454545454546,MR13 MR10 MR02 MR11 MR12 MR06 MR04 MR07 MR14
3259,9,24,22,0.9166666666666666,MR13 MR10 MR11 MR02 MR12 MR04 MR06 MR07 MR14
3260,9,26,25,0.9615384615384616,MR12 MR10 MR02 MR06 MR13 MR11 MR04 MR14 MR07
3261,9,25,24,0.96,MR13 MR10 MR11 MR02 MR14 MR04 MR06 MR12 MR07
3262,9,25,24,0.96,MR13 MR10 MR11 MR02 MR14 MR04 MR07 MR06 MR12
3263,9,23,22,0.9565217391304348,MR13 MR10 MR02 MR11 MR12 MR04 MR06 MR07 MR14
3264,9,21,20,0.9523809523809523,MR13 MR10 MR11 MR02 MR14 MR04 MR06 MR07 MR12
3265,9,28,27,0.9642857142857143,MR12 MR10 MR02 MR11 MR06 MR04 MR13 MR07 MR14
3266,9,20,19,0.95,MR13 MR10 MR02 MR07 MR11 MR12 MR04 MR06 MR14
3267,9,27,26,0.9629629629629629,MR13 MR10 MR11 MR02 MR04 MR07 MR14 MR06 MR12
3268,9,24,23,0.9583333333333334,MR12 MR10 MR02 MR07 MR14 MR11 MR04 MR13 MR06
3269,9,23,22,0.9565217391304348,MR13 MR10 MR02 MR11 MR04 MR06 MR07 MR12 MR14
3270,9,21,20,0.9523809523809523,MR12 MR10 MR02 MR11 MR13 MR04 MR06 MR07 MR14
3271,9,21,20,0.9523809523809523,MR13 MR10 MR02 MR11 MR04 MR06 MR07 MR14 MR12
3272,9,24,24,1.0,MR07 MR10 MR02 MR14 MR13 MR04 MR11 MR06 MR12
3273,9,27,26,0.9629629629629629,MR13 MR10 MR11 MR02 MR14 MR04 MR07 MR12 MR06
3274,9,29,29,1.0,MR13 MR10 MR11 MR02 MR12 MR04 MR07 MR14 MR06
3275,9,22,21,0.9545454545454546,MR13 MR10 MR11 MR02 MR04 MR07 MR12 MR14 MR06
3276,8,30,26,0.8666666666666667,MR13 MR10 MR11 MR02 MR04 MR07 MR14 MR12
3277,9,23,23,1.0,MR13 MR10 MR02 MR11 MR12 MR06 MR04 MR07 MR14
3278,9,25,25,1.0,MR13 MR10 MR02 MR14 MR06 MR07 MR11 MR04 MR12
3279,9,24,23,0.9583333333333334,MR12 MR10 MR06 MR02 MR14 MR11 MR04 MR13 MR07
3280,9,18,17,0.9444444444444444,MR13 MR10 MR02 MR07 MR11 MR14 MR12 MR04 MR06
3281,8,17,14,0.8235294117647058,MR13 MR10 MR02 MR06 MR12 MR11 MR04 MR07
3282,9,24,22,0.9166666666666666,MR13 MR10 MR02 MR11 MR14 MR04 MR06 MR07 MR12
3283,9,26,25,0.9615384615384616,MR13 MR10 MR02 MR11 MR07 MR04 MR06 MR14 MR12
3284,9,27,27,1.0,MR13 MR10 MR11 MR02 MR04 MR06 MR07 MR12 MR14
3285,9,20,20,1.0,MR13 MR10 MR11 MR02 MR04 MR07 MR12 MR06 MR14
3286,9,23,23,1.0,MR12 MR10 MR02 MR13 MR06 MR07 MR11 MR04 MR14
3287,8,23,20,0.8695652173913043,MR13 MR10 MR11 MR02 MR14 MR04 MR07 MR06
3288,8,25,21,0.84,MR13 MR10 MR02 MR11 MR06 MR04 MR14 MR07
3289,9,23,22,0.9565217391304348,MR13 MR10 MR11 MR02 MR04 MR07 MR14 MR06 MR12
3290,9,24,23,0.9583333333333334,MR13 MR10 MR11 MR02 MR04 MR06 MR14 MR07 MR12
3291,9,23,22,0.9565217391304348,MR13 MR10 MR02 MR11 MR14 MR04 MR06 MR07 MR12
3292,9,26,22,0.8461538461538461,MR05 MR10 MR02 MR11 MR07 MR04 MR12 MR14 MR06
3293,9,23,22,0.9565217391304348,MR13 MR10 MR11 MR02 MR14 MR12 MR04 MR07 MR06
3294,9,25,24,0.96,MR13 MR10 MR02 MR06 MR11 MR14 MR12 MR04 MR07
3295,9,22,21,0.9545454545454546,MR13 MR10 MR11 MR02 MR04 MR07 MR12 MR06 MR14
3296,9,27,26,0.9629629629629629,MR13 MR10 MR02 MR11 MR14 MR04 MR06 MR07 MR12
3297,9,21,20,0.9523809523809523,MR12 MR10 MR02 MR11 MR07 MR13 MR14 MR04 MR06
3298,9,22,21,0.9545454545454546,MR13 MR10 MR02 MR11 MR14 MR06 MR04 MR12 MR07
3299,9,27,25,0.9259259259259259,MR13 MR10 MR11 MR02 MR12 MR04 MR07 MR06 MR14
3300,9,24,22,0.9166666666666666,MR13 MR10 MR11 MR02 MR07 MR12 MR04 MR14 MR06
3301,9,21,20,0.9523809523809523,MR13 MR10 MR02 MR11 MR07 MR04 MR12 MR14 MR06
3302,9,25,24,0.96,MR13 MR10 MR02 MR11 MR14 MR04 MR06 MR07 MR12
3303,9,26,25,0.9615384615384616,MR13 MR10 MR02 MR14 MR07 MR11 MR04 MR06 MR12
3304,9,25,24,0.96,MR13 MR10 MR02 MR11 MR04 MR06 MR07 MR12 MR14
3305,9,26,26,1.0,MR13 MR10 MR02 MR07 MR11 MR12 MR04 MR06 MR14
3306,9,24,23,0.9583333333333334,MR13 MR10 MR11 MR02 MR12 MR04 MR06 MR14 MR07
3307,9,27,26,0.9629629629629629,MR13 MR10 MR02 MR11 MR06 MR04 MR07 MR12 MR14
3308,9,21,20,0.9523809523809523,MR13 MR10 MR02 MR07 MR11 MR04 MR06 MR12 MR14
3309,9,26,25,0.9615384615384616,MR13 MR10 MR02 MR11 MR04 MR06 MR07 MR12 MR14
3310,9,24,24,1.0,MR13 MR10 MR11 MR02 MR04 MR12 MR06 MR07 MR14
3311,9,23,22,0.9565217391304348,MR13 MR10 MR02 MR11 MR06 MR04 MR14 MR07 MR12
3312,9,24,24,1.0,MR13 MR10 MR02 MR11 MR12 MR06 MR04 MR07 MR14
3313,8,24,20,0.8333333333333334,MR13 MR10 MR11 MR02 MR04 MR06 MR12 MR14
3314,9,25,24,0.96,MR12 MR10 MR02 MR11 MR13 MR07 MR04 MR06 MR14
3315,9,29,28,0.9655172413793104,MR13 MR10 MR11 MR02 MR04 MR06 MR12 MR07 MR14
3316,9,22,21,0.9545454545454546,MR13 MR10 MR02 MR06 MR07 MR11 MR12 MR04 MR14
3317,9,21,20,0.9523809523809523,MR13 MR10 MR02 MR11 MR07 MR14 MR04 MR06 MR12
3318,9,27,27,1.0,MR13 MR10 MR02 MR07 MR11 MR04 MR14 MR12 MR06
3319,9,25,23,0.92,MR13 MR10 MR02 MR11 MR07 MR04 MR06 MR12 MR14
3320,8,24,20,0.8333333333333334,MR13 MR10 MR06 MR02 MR11 MR04 MR14 MR12
3321,9,26,25,0.9615384615384616,MR13 MR10 MR11 MR02 MR04 MR06 MR07 MR12 MR14
3322,9,26,25,0.9615384615384616,MR12 MR10 MR11 MR02 MR14 MR07 MR04 MR13 MR06
3323,9,24,23,0.9583333333333334,MR13 MR10 MR02 MR11 MR06 MR04 MR07 MR12 MR14
3324,9,26,26,1.0,MR12 MR10 MR02 MR11 MR13 MR06 MR04 MR07 MR14
3325,9,24,23,0.9583333333333334,MR13 MR10 MR02 MR11 MR07 MR04 MR12 MR14 MR06
3326,9,22,22,1.0,MR13 MR10 MR02 MR14 MR06 MR07 MR11 MR04 MR12
3327,8,27,23,0.8518518518518519,MR13 MR10 MR02 MR07 MR11 MR14 MR04 MR06
3328,9,23,22,0.9565217391304348,MR12 MR10 MR02 MR11 MR06 MR13 MR14 MR04 MR07
3329,9,22,22,1.0,MR13 MR10 MR02 MR06 MR11 MR04 MR14 MR12 MR07
3330,8,27,23,0.8518518518518519,MR13 MR10 MR11 MR02 MR07 MR14 MR04 MR12
3331,9,23,23,1.0,MR13 MR10 MR11 MR02 MR14 MR04 MR06 MR07 MR12
3332,9,25,21,0.84,MR05 MR10 MR02 MR11 MR12 MR04 MR06 MR07 MR14
3333,9,22,21,0.9545454545454546,MR13 MR10 MR11 MR02 MR04 MR07 MR12 MR06 MR14
3334,9,24,22,0.9166666666666666,MR13 MR10 MR11 MR02 MR14 MR04 MR06 MR07 MR12
3335,9,21,20,0.9523809523809523,MR13 MR10 MR11 MR02 MR14 MR04 MR06 MR07 MR12
3336,9,26,26,1.0,MR13 MR10 MR02 MR06 MR07 MR11 MR04 MR12 MR14
3337,9,23,22,0.9565217391304348,MR13 MR10 MR11 MR02 MR14 MR04 MR07 MR12 MR06
3338,9,24,23,0.9583333333333334,MR13 MR10 MR02 MR11 MR07 MR14 MR04 MR12 MR06
3339,9,24,23,0.9583333333333334,MR13 MR10 MR11 MR02 MR04 MR06 MR12 MR14 MR07
3340,9,28,27,0.9642857142857143,MR13 MR10 MR02 MR07 MR06 MR04 MR12 MR11 MR14
3341,9,24,24,1.0,MR14 MR10 MR11 MR02 MR04 MR06 MR13 MR12 MR07
3342,9,24,23,0.9583333333333334,MR13 MR10 MR02 MR11 MR07 MR04 MR12 MR14 MR06
3343,9,25,23,0.92,MR13 MR10 MR02 MR06 MR07 MR11 MR12 MR04 MR14
3344,9,23,23,1.0,MR13 MR10 MR02 MR12 MR06 MR11 MR04 MR07 MR14
3345,9,23,23,1.0,MR12 MR10 MR11 MR02 MR13 MR04 MR06 MR14 MR07
3346,9,23,22,0.9565217391304348,MR13 MR10 MR02 MR11 MR06 MR14 MR04 MR07 MR12
3347,8,25,21,0.84,MR13 MR10 MR02 MR07 MR11 MR14 MR04 MR06
3348,9,25,23,0.92,MR13 MR10 MR02 MR11 MR04 MR06 MR07 MR14 MR12
3349,9,25,24,0.96,MR13 MR10 MR02 MR06 MR11 MR14 MR04 MR07 MR12
3350,9,24,23,0.9583333333333334,MR13 MR10 MR02 MR11 MR06 MR12 MR04 MR07 MR14
3351,9,25,24,0.96,MR13 MR10 MR11 MR02 MR04 MR07 MR12 MR06 MR14
3352,8,29,25,0.8620689655172413,MR13 MR10 MR11 MR02 MR06 MR14 MR04 MR12
3353,9,29,28,0.9655172413793104,MR13 MR10 MR02 MR07 MR11 MR04 MR12 MR14 MR06
3354,9,27,26,0.9629629629629629,MR13 MR10 MR11 MR02 MR14 MR12 MR04 MR07 MR06
3355,9,23,22,0.9565217391304348,MR13 MR10 MR11 MR02 MR12 MR04 MR06 MR07 MR14
3356,9,22,21,0.9545454545454546,MR13 MR10 MR11 MR02 MR14 MR04 MR06 MR12 MR07
3357,9,23,22,0.9565217391304348,MR13 MR10 MR02 MR07 MR11 MR04 MR06 MR12 MR14
3358,7,23,16,0.6956521739130435,MR13 MR10 MR11 MR02 MR07 MR04 MR12
3359,9,21,21,1.0,MR13 MR10 MR11 MR02 MR04 MR07 MR14 MR06 MR12
3360,8,22,18,0.8181818181818182,MR13 MR10 MR02 MR06 MR11 MR04 MR07 MR12
3361,9,22,21,0.9545454545454546,MR13 MR10 MR11 MR02 MR12 MR04 MR07 MR06 MR14
3362,8,25,20,0.8,MR13 MR10 MR02 MR11 MR06 MR04 MR07 MR14
3363,9,23,22,0.9565217391304348,MR13 MR10 MR11 MR02 MR07 MR14 MR04 MR12 MR06
3364,9,26,25,0.9615384615384616,MR12 MR10 MR11 MR02 MR14 MR06 MR13 MR04 MR07
3365,9,22,21,0.9545454545454546,MR13 MR10 MR02 MR11 MR06 MR04 MR14 MR07 MR12
3366,9,21,20,0.9523809523809523,MR12 MR10 MR11 MR02 MR13 MR04 MR06 MR14 MR07
3367,9,23,22,0.9565217391304348,MR13 MR10 MR02 MR11 MR04 MR06 MR07 MR14 MR12
3368,9,19,18,0.9473684210526315,MR13 MR10 MR02 MR06 MR07 MR04 MR11 MR12 MR14
3369,9,20,19,0.95,MR12 MR10 MR11 MR02 MR13 MR04 MR06 MR14 MR07
3370,8,28,24,0.8571428571428571,MR13 MR10 MR11 MR02 MR07 MR12 MR14 MR04
3371,9,25,24,0.96,MR13 MR10 MR02 MR11 MR04 MR06 MR07 MR12 MR14
3372,9,21,20,0.9523809523809523,MR12 MR10 MR11 MR02 MR13 MR07 MR14 MR04 MR06
3373,9,28,27,0.9642857142857143,MR13 MR10 MR02 MR07 MR06 MR04 MR11 MR12 MR14
3374,8,24,20,0.8333333333333334,MR13 MR10 MR11 MR02 MR04 MR12 MR14 MR06
3375,9,24,23,0.9583333333333334,MR13 MR10 MR11 MR02 MR04 MR06 MR14 MR07 MR12
3376,9,24,23,0.9583333333333334,MR13 MR10 MR02 MR07 MR11 MR04 MR12 MR06 MR14
3377,9,27,26,0.9629629629629629,MR13 MR10 MR11 MR02 MR14 MR04 MR07 MR06 MR12
3378,9,22,22,1.0,MR13 MR10 MR11 MR02 MR04 MR12 MR06 MR07 MR14
3379,9,19,18,0.9473684210526315,MR12 MR10 MR11 MR02 MR13 MR04 MR06 MR14 MR07
3380,9,25,22,0.88,MR05 MR10 MR02 MR07 MR11 MR12 MR04 MR06 MR14
3381,9,20,20,1.0,MR12 MR10 MR02 MR06 MR11 MR13 MR14 MR04 MR07
3382,9,27,27,1.0,MR13 MR10 MR02 MR06 MR11 MR12 MR04 MR14 MR07
3383,9,19,19,1.0,MR12 MR10 MR11 MR02 MR13 MR04 MR06 MR07 MR14
3384,9,21,20,0.9523809523809523,MR13 MR10 MR11 MR02 MR04 MR06 MR14 MR12 MR07
3385,8,21,17,0.8095238095238095,MR13 MR10 MR11 MR02 MR14 MR04 MR06 MR07
3386,9,24,19,0.7916666666666666,MR12 MR10 MR02 MR11 MR14 MR05 MR06 MR04 MR07
3387,8,22,19,0.8636363636363636,MR13 MR10 MR11 MR02 MR06 MR14 MR04 MR12
3388,8,23,19,0.8260869565217391,MR13 MR10 MR02 MR07 MR11 MR14 MR04 MR06
3389,9,22,22,1.0,MR12 MR10 MR02 MR07 MR06 MR04 MR11 MR13 MR14
3390,9,26,24,0.9230769230769231,MR13 MR10 MR02 MR11 MR06 MR12 MR14 MR04 MR07
3391,9,23,22,0.9565217391304348,MR12 MR10 MR11 MR02 MR06 MR13 MR04 MR14 MR07
3392,9,26,24,0.9230769230769231,MR12 MR10 MR02 MR11 MR06 MR13 MR04 MR07 MR14
3393,8,24,20,0.8333333333333334,MR13 MR10 MR11 MR02 MR04 MR12 MR14 MR06
3394,9,27,26,0.9629629629629629,MR13 MR10 MR11 MR02 MR12 MR04 MR14 MR06 MR07
3395,9,25,24,0.96,MR12 MR10 MR11 MR02 MR04 MR07 MR06 MR13 MR14
3396,9,28,27,0.9642857142857143,MR13 MR10 MR02 MR07 MR06 MR14 MR04 MR11 MR12
3397,9,27,26,0.9629629629629629,MR13 MR10 MR11 MR02 MR14 MR12 MR04 MR06 MR07
3398,8,21,18,0.8571428571428571,MR13 MR10 MR11 MR02 MR14 MR07 MR04 MR12
3399,9,24,23,0.9583333333333334,MR13 MR10 MR11 MR02 MR14 MR04 MR07 MR06 MR12
3400,9,22,21,0.9545454545454546,MR12 MR10 MR02 MR11 MR06 MR04 MR07 MR13 MR14
3401,9,17,16,0.9411764705882353,MR13 MR10 MR02 MR06 MR07 MR11 MR04 MR14 MR12
3402,9,25,24,0.96,MR13 MR10 MR02 MR11 MR12 MR04 MR06 MR07 MR14
3403,9,27,23,0.8518518518518519,MR12 MR10 MR02 MR06 MR04 MR07 MR11 MR14 MR05
3404,9,23,22,0.9565217391304348,MR13 MR10 MR02 MR11 MR07 MR04 MR06 MR12 MR14
3405,9,26,24,0.9230769230769231,MR13 MR10 MR02 MR11 MR07 MR04 MR12 MR14 MR06
3406,9,26,25,0.9615384615384616,MR13 MR10 MR07 MR02 MR11 MR14 MR04 MR12 MR06
3407,9,27,27,1.0,MR13 MR10 MR11 MR02 MR12 MR06 MR04 MR14 MR07
3408,9,25,24,0.96,MR13 MR10 MR02 MR07 MR11 MR04 MR14 MR06 MR12
3409,9,28,27,0.9642857142857143,MR13 MR10 MR02 MR06 MR11 MR04 MR12 MR14 MR07
3410,9,22,21,0.9545454545454546,MR13 MR10 MR02 MR11 MR07 MR04 MR06 MR12 MR14
3411,9,23,23,1.0,MR13 MR10 MR02 MR11 MR14 MR07 MR04 MR06 MR12
3412,9,23,23,1.0,MR13 MR10 MR11 MR02 MR06 MR12 MR04 MR14 MR07
3413,9,27,25,0.9259259259259259,MR13 MR10 MR11 MR02 MR04 MR06 MR12 MR07 MR14
3414,9,30,28,0.9333333333333333,MR13 MR10 MR02 MR06 MR11 MR12 MR04 MR07 MR14
3415,9,22,22,1.0,MR13 MR10 MR02 MR07 MR11 MR04 MR06 MR14 MR12
3416,9,24,23,0.9583333333333334,MR13 MR10 MR11 MR02 MR04 MR12 MR14 MR06 MR07
3417,9,22,22,1.0,MR13 MR10 MR02 MR07 MR06 MR04 MR12 MR11 MR14
3418,9,20,19,0.95,MR13 MR10 MR11 MR02 MR12 MR14 MR04 MR06 MR07
3419,9,23,23,1.0,MR13 MR10 MR02 MR11 MR12 MR07 MR04 MR14 MR06
3420,9,28,27,0.9642857142857143,MR12 MR10 MR02 MR11 MR14 MR06 MR13 MR04 MR07
3421,9,25,25,1.0,MR13 MR10 MR02 MR06 MR11 MR04 MR12 MR07 MR14
3422,9,23,22,0.9565217391304348,MR13 MR10 MR02 MR11 MR06 MR04 MR07 MR14 MR12
3423,9,25,24,0.96,MR12 MR10 MR11 MR02 MR13 MR04 MR06 MR07 MR14
3424,9,27,26,0.9629629629629629,MR13 MR10 MR02 MR07 MR11 MR04 MR12 MR06 MR14
3425,9,24,23,0.9583333333333334,MR12 MR10 MR02 MR06 MR13 MR07 MR04 MR11 MR14
3426,9,26,25,0.9615384615384616,MR13 MR10 MR02 MR11 MR07 MR04 MR06 MR12 MR14
3427,9,20,20,1.0,MR13 MR10 MR02 MR06 MR11 MR04 MR12 MR07 MR14
3428,9,24,23,0.9583333333333334,MR12 MR10 MR02 MR11 MR13 MR14 MR04 MR06 MR07
3429,8,24,21,0.875,MR13 MR10 MR02 MR06 MR11 MR04 MR14 MR12
3430,9,26,26,1.0,MR13 MR10 MR02 MR07 MR11 MR04 MR06 MR14 MR12
3431,9,24,23,0.9583333333333334,MR12 MR10 MR02 MR11 MR07 MR04 MR06 MR13 MR14
3432,9,25,25,1.0,MR13 MR10 MR11 MR02 MR04 MR06 MR07 MR12 MR14
3433,9,26,25,0.9615384615384616,MR13 MR10 MR02 MR11 MR04 MR06 MR07 MR12 MR14
3434,9,28,27,0.9642857142857143,MR14 MR10 MR02 MR06 MR07 MR11 MR12 MR13 MR04
3435,8,23,19,0.8260869565217391,MR13 MR10 MR02 MR06 MR11 MR04 MR12 MR07
3436,9,24,23,0.9583333333333334,MR13 MR10 MR02 MR11 MR04 MR06 MR07 MR12 MR14
3437,8,23,19,0.8260869565217391,MR13 MR10 MR11 MR02 MR14 MR04 MR06 MR07
3438,9,27,26,0.9629629629629629,MR13 MR10 MR02 MR11 MR06 MR12 MR04 MR07 MR14
3439,9,24,23,0.9583333333333334,MR13 MR10 MR02 MR11 MR06 MR14 MR04 MR07 MR12
3440,9,23,22,0.9565217391304348,MR13 MR10 MR02 MR11 MR07 MR12 MR04 MR06 MR14
3441,9,23,22,0.9565217391304348,MR13 MR10 MR11 MR02 MR04 MR07 MR14 MR06 MR12
3442,9,24,23,0.9583333333333334,MR13 MR10 MR02 MR07 MR06 MR04 MR11 MR14 MR12
3443,9,21,20,0.9523809523809523,MR13 MR10 MR11 MR02 MR04 MR07 MR06 MR12 MR14
3444,9,28,28,1.0,MR13 MR10 MR02 MR11 MR06 MR12 MR04 MR14 MR07
3445,9,18,17,0.9444444444444444,MR13 MR10 MR02 MR11 MR07 MR04 MR06 MR12 MR14
3446,9,25,24,0.96,MR13 MR10 MR02 MR14 MR07 MR11 MR04 MR06 MR12
3447,9,24,23,0.9583333333333334,MR12 MR10 MR02 MR11 MR07 MR04 MR06 MR13 MR14
3448,9,24,24,1.0,MR12 MR10 MR02 MR06 MR11 MR13 MR04 MR14 MR07
3449,9,23,20,0.8695652173913043,MR05 MR10 MR11 MR02 MR04 MR06 MR14 MR07 MR12
3450,9,27,25,0.9259259259259259,MR13 MR10 MR07 MR02 MR12 MR04 MR11 MR06 MR14
3451,8,28,24,0.8571428571428571,MR13 MR10 MR11 MR14 MR02 MR07 MR04 MR12
3452,9,18,18,1.0,MR12 MR10 MR02 MR11 MR06 MR14 MR04 MR07 MR13
3453,9,23,22,0.9565217391304348,MR13 MR10 MR02 MR06 MR07 MR11 MR12 MR04 MR14
3454,9,26,25,0.9615384615384616,MR13 MR10 MR02 MR11 MR06 MR12 MR04 MR07 MR14
3455,9,23,22,0.9565217391304348,MR12 MR10 MR11 MR02 MR06 MR13 MR04 MR14 MR07
3456,9,22,20,0.9090909090909091,MR13 MR10 MR11 MR02 MR04 MR12 MR06 MR07 MR14
3457,9,23,22,0.9565217391304348,MR13 MR10 MR02 MR11 MR06 MR04 MR14 MR07 MR12
3458,9,22,22,1.0,MR13 MR10 MR02 MR06 MR11 MR04 MR12 MR14 MR07
3459,9,26,26,1.0,MR13 MR10 MR11 MR02 MR14 MR04 MR06 MR07 MR12
3460,9,26,24,0.9230769230769231,MR13 MR10 MR11 MR02 MR14 MR04 MR06 MR12 MR07
3461,9,25,25,1.0,MR12 MR10 MR02 MR06 MR07 MR04 MR11 MR13 MR14
3462,9,26,25,0.9615384615384616,MR13 MR10 MR02 MR11 MR12 MR06 MR04 MR07 MR14
3463,9,25,24,0.96,MR13 MR10 MR11 MR02 MR04 MR06 MR07 MR12 MR14
3464,9,21,19,0.9047619047619048,MR12 MR10 MR02 MR11 MR13 MR06 MR04 MR07 MR14
3465,9,25,24,0.96,MR12 MR10 MR11 MR02 MR13 MR04 MR06 MR07 MR14
3466,9,20,19,0.95,MR13 MR10 MR02 MR11 MR06 MR04 MR07 MR12 MR14
3467,8,24,20,0.8333333333333334,MR13 MR10 MR02 MR06 MR11 MR04 MR14 MR12
3468,8,22,17,0.7727272727272727,MR13 MR10 MR11 MR02 MR07 MR04 MR14 MR12
3469,9,25,24,0.96,MR13 MR10 MR02 MR07 MR06 MR12 MR04 MR11 MR14
3470,9,21,20,0.9523809523809523,MR13 MR10 MR02 MR11 MR07 MR12 MR04 MR14 MR06
3471,9,26,25,0.9615384615384616,MR13 MR10 MR02 MR06 MR04 MR07 MR11 MR14 MR12
3472,9,19,19,1.0,MR13 MR10 MR02 MR11 MR07 MR04 MR06 MR14 MR12
3473,9,26,25,0.9615384615384616,MR12 MR10 MR02 MR07 MR13 MR06 MR04 MR11 MR14
3474,9,24,23,0.9583333333333334,MR13 MR10 MR02 MR14 MR06 MR11 MR04 MR07 MR12
3475,9,20,19,0.95,MR13 MR10 MR11 MR02 MR12 MR04 MR07 MR06 MR14
3476,9,25,23,0.92,MR13 MR10 MR11 MR02 MR04 MR12 MR06 MR07 MR14
3477,9,22,20,0.9090909090909091,MR13 MR10 MR02 MR06 MR07 MR14 MR04 MR11 MR12
3478,9,22,21,0.9545454545454546,MR13 MR10 MR02 MR07 MR11 MR04 MR14 MR12 MR06
3479,9,18,17,0.9444444444444444,MR13 MR10 MR02 MR11 MR12 MR04 MR06 MR07 MR14
3480,9,23,22,0.9565217391304348,MR13 MR10 MR02 MR06 MR11 MR04 MR07 MR14 MR12
3481,9,20,19,0.95,MR06 MR10 MR02 MR14 MR11 MR13 MR04 MR12 MR07
3482,9,23,22,0.9565217391304348,MR13 MR10 MR11 MR02 MR14 MR07 MR04 MR12 MR06
3483,9,16,15,0.9375,MR13 MR10 MR02 MR11 MR06 MR12 MR14 MR04 MR07
3484,9,29,28,0.9655172413793104,MR13 MR10 MR02 MR11 MR04 MR06 MR07 MR12 MR14
3485,9,18,18,1.0,MR13 MR10 MR11 MR02 MR04 MR06 MR14 MR07 MR12
3486,9,23,19,0.8260869565217391,MR05 MR10 MR11 MR02 MR04 MR06 MR12 MR14 MR07
3487,9,21,20,0.9523809523809523,MR13 MR10 MR02 MR07 MR12 MR14 MR04 MR06 MR11
3488,9,25,24,0.96,MR13 MR10 MR11 MR02 MR04 MR06 MR12 MR07 MR14
3489,9,22,21,0.9545454545454546,MR13 MR10 MR11 MR02 MR04 MR06 MR14 MR12 MR07
3490,9,27,26,0.9629629629629629,MR13 MR10 MR11 MR02 MR14 MR04 MR06 MR07 MR12
3491,9,19,18,0.9473684210526315,MR13 MR10 MR02 MR11 MR06 MR12 MR04 MR14 MR07
3492,9,29,28,0.9655172413793104,MR13 MR10 MR02 MR11 MR14 MR04 MR06 MR07 MR12
3493,9,22,21,0.9545454545454546,MR13 MR10 MR02 MR07 MR11 MR04 MR06 MR14 MR12
3494,9,25,24,0.96,MR13 MR10 MR11 MR02 MR14 MR04 MR12 MR06 MR07
3495,9,24,22,0.9166666666666666,MR13 MR10 MR02 MR11 MR14 MR04 MR06 MR07 MR12
3496,9,26,26,1.0,MR12 MR10 MR02 MR11 MR07 MR14 MR04 MR13 MR06
3497,9,26,24,0.9230769230769231,MR13 MR10 MR02 MR11 MR06 MR14 MR04 MR07 MR12
3498,9,22,20,0.9090909090909091,MR12 MR10 MR02 MR11 MR14 MR07 MR04 MR06 MR13
3499,9,23,22,0.9565217391304348,MR13 MR10 MR11 MR02 MR12 MR04 MR06 MR07 MR14
3500,8,28,24,0.8571428571428571,MR13 MR10 MR11 MR02 MR12 MR14 MR04 MR07
3501,9,21,21,1.0,MR13 MR10 MR02 MR11 MR07 MR12 MR04 MR06 MR14
3502,9,24,20,0.8333333333333334,MR05 MR10 MR11 MR02 MR14 MR04 MR06 MR07 MR12
3503,9,26,25,0.9615384615384616,MR13 MR10 MR11 MR02 MR14 MR04 MR12 MR06 MR07
3504,9,26,25,0.9615384615384616,MR13 MR10 MR11 MR02 MR14 MR04 MR06 MR07 MR12
3505,9,27,27,1.0,MR13 MR10 MR06 MR02 MR04 MR11 MR07 MR12 MR14
3506,9,26,25,0.9615384615384616,MR12 MR10 MR02 MR11 MR13 MR04 MR06 MR07 MR14
3507,8,27,23,0.8518518518518519,MR13 MR10 MR11 MR02 MR07 MR04 MR12 MR14
3508,9,29,28,0.9655172413793104,MR13 MR10 MR02 MR06 MR14 MR11 MR04 MR12 MR07
3509,9,25,23,0.92,MR07 MR10 MR02 MR13 MR11 MR12 MR14 MR04 MR06
3510,8,25,21,0.84,MR13 MR10 MR11 MR02 MR06 MR04 MR12 MR14
3511,9,25,24,0.96,MR13 MR10 MR02 MR06 MR11 MR12 MR04 MR07 MR14
3512,9,20,19,0.95,MR13 MR10 MR02 MR06 MR07 MR11 MR14 MR04 MR12
3513,9,18,18,1.0,MR13 MR10 MR02 MR11 MR07 MR04 MR06 MR14 MR12
3514,9,20,19,0.95,MR13 MR10 MR02 MR11 MR04 MR06 MR07 MR14 MR12
3515,9,27,26,0.9629629629629629,MR13 MR10 MR11 MR02 MR04 MR06 MR12 MR07 MR14
3516,9,29,29,1.0,MR13 MR10 MR11 MR02 MR04 MR06 MR14 MR07 MR12
3517,9,21,20,0.9523809523809523,MR13 MR10 MR02 MR06 MR07 MR11 MR12 MR04 MR14
3518,9,23,21,0.9130434782608695,MR12 MR10 MR11 MR02 MR13 MR14 MR04 MR06 MR07
3519,9,30,29,0.9666666666666667,MR13 MR10 MR11 MR02 MR07 MR04 MR12 MR14 MR06
3520,9,23,22,0.9565217391304348,MR13 MR10 MR02 MR06 MR07 MR11 MR12 MR04 MR14
3521,9,22,21,0.9545454545454546,MR12 MR10 MR11 MR02 MR13 MR04 MR07 MR06 MR14
3522,8,27,24,0.8888888888888888,MR13 MR10 MR02 MR11 MR14 MR06 MR04 MR07
3523,8,27,23,0.8518518518518519,MR12 MR10 MR07 MR02 MR11 MR04 MR13 MR14
3524,9,24,24,1.0,MR13 MR10 MR11 MR02 MR04 MR07 MR06 MR12 MR14
3525,9,28,28,1.0,MR12 MR10 MR11 MR02 MR14 MR04 MR06 MR07 MR13
3526,9,19,18,0.9473684210526315,MR13 MR10 MR02 MR11 MR12 MR04 MR06 MR07 MR14
3527,9,24,23,0.9583333333333334,MR13 MR10 MR11 MR02 MR04 MR07 MR12 MR14 MR06
3528,9,26,24,0.9230769230769231,MR13 MR10 MR02 MR11 MR14 MR07 MR04 MR06 MR12
3529,9,23,22,0.9565217391304348,MR13 MR10 MR02 MR06 MR11 MR14 MR04 MR12 MR07
3530,9,22,22,1.0,MR13 MR10 MR02 MR11 MR06 MR12 MR14 MR04 MR07
3531,9,25,24,0.96,MR13 MR10 MR11 MR02 MR04 MR14 MR06 MR12 MR07
3532,9,28,27,0.9642857142857143,MR06 MR10 MR02 MR13 MR12 MR14 MR04 MR11 MR07
3533,9,25,24,0.96,MR12 MR10 MR02 MR13 MR06 MR11 MR04 MR07 MR14
3534,9,20,19,0.95,MR13 MR10 MR02 MR11 MR04 MR06 MR07 MR14 MR12
3535,9,25,24,0.96,MR13 MR10 MR11 MR02 MR14 MR04 MR07 MR06 MR12
3536,9,23,21,0.9130434782608695,MR12 MR10 MR11 MR02 MR14 MR04 MR07 MR13 MR06
3537,9,19,19,1.0,MR13 MR10 MR02 MR06 MR07 MR11 MR14 MR04 MR12
3538,9,23,22,0.9565217391304348,MR13 MR10 MR02 MR11 MR07 MR04 MR06 MR14 MR12
3539,9,20,18,0.9,MR12 MR10 MR02 MR11 MR14 MR04 MR06 MR07 MR13
3540,8,21,16,0.7619047619047619,MR13 MR10 MR02 MR11 MR06 MR04 MR07 MR12
3541,9,23,22,0.9565217391304348,MR13 MR10 MR02 MR06 MR07 MR11 MR12 MR04 MR14
3542,9,23,22,0.9565217391304348,MR13 MR10 MR11 MR02 MR12 MR04 MR14 MR07 MR06
3543,9,24,23,0.9583333333333334,MR13 MR10 MR02 MR07 MR11 MR12 MR04 MR14 MR06
3544,8,24,20,0.8333333333333334,MR12 MR10 MR11 MR02 MR13 MR04 MR06 MR07
3545,9,25,23,0.92,MR13 MR10 MR11 MR02 MR04 MR07 MR06 MR12 MR14
3546,9,27,27,1.0,MR13 MR10 MR02 MR06 MR04 MR07 MR11 MR12 MR14
3547,9,22,21,0.9545454545454546,MR12 MR10 MR11 MR02 MR07 MR04 MR13 MR14 MR06
3548,9,24,23,0.9583333333333334,MR13 MR10 MR02 MR11 MR07 MR04 MR06 MR12 MR14
3549,9,25,24,0.96,MR13 MR10 MR11 MR02 MR04 MR06 MR12 MR14 MR07
3550,9,23,22,0.9565217391304348,MR13 MR10 MR14 MR02 MR06 MR11 MR04 MR07 MR12
3551,8,21,17,0.8095238095238095,MR13 MR10 MR11 MR02 MR06 MR12 MR04 MR07
3552,9,26,25,0.9615384615384616,MR13 MR10 MR02 MR07 MR11 MR04 MR06 MR14 MR12
3553,9,22,21,0.9545454545454546,MR12 MR10 MR02 MR07 MR13 MR11 MR04 MR14 MR06
3554,9,30,29,0.9666666666666667,MR13 MR10 MR02 MR06 MR04 MR07 MR11 MR12 MR14
3555,9,21,20,0.9523809523809523,MR13 MR10 MR06 MR02 MR04 MR07 MR12 MR14 MR11
3556,8,25,21,0.84,MR13 MR10 MR11 MR02 MR14 MR06 MR12 MR04
3557,9,24,23,0.9583333333333334,MR13 MR10 MR14 MR02 MR11 MR06 MR04 MR07 MR12
3558,9,26,25,0.9615384615384616,MR13 MR10 MR02 MR11 MR04 MR06 MR07 MR12 MR14
3559,9,25,24,0.96,MR12 MR10 MR11 MR02 MR13 MR04 MR06 MR14 MR07
3560,9,25,24,0.96,MR13 MR10 MR02 MR11 MR06 MR04 MR07 MR12 MR14
3561,9,20,19,0.95,MR13 MR10 MR11 MR02 MR14 MR04 MR07 MR12 MR06
3562,8,22,18,0.8181818181818182,MR12 MR10 MR02 MR11 MR06 MR13 MR04 MR07
3563,9,23,22,0.9565217391304348,MR13 MR10 MR11 MR02 MR12 MR07 MR04 MR14 MR06
3564,8,22,18,0.8181818181818182,MR13 MR10 MR11 MR02 MR14 MR04 MR07 MR06
3565,9,21,21,1.0,MR13 MR10 MR11 MR02 MR04 MR07 MR12 MR14 MR06
3566,9,23,20,0.8695652173913043,MR12 MR10 MR11 MR14 MR02 MR06 MR04 MR05 MR07
3567,9,21,20,0.9523809523809523,MR13 MR10 MR02 MR06 MR07 MR12 MR14 MR04 MR11
3568,9,23,22,0.9565217391304348,MR12 MR10 MR02 MR06 MR07 MR11 MR14 MR04 MR13
3569,9,26,24,0.9230769230769231,MR13 MR10 MR02 MR06 MR07 MR11 MR04 MR12 MR14
3570,9,19,19,1.0,MR13 MR10 MR11 MR02 MR12 MR04 MR14 MR06 MR07
3571,9,21,20,0.9523809523809523,MR13 MR10 MR11 MR02 MR12 MR04 MR07 MR14 MR06
3572,8,27,24,0.8888888888888888,MR13 MR10 MR11 MR02 MR14 MR04 MR12 MR07
3573,9,24,24,1.0,MR13 MR10 MR02 MR06 MR11 MR04 MR14 MR07 MR12
3574,9,21,20,0.9523809523809523,MR13 MR10 MR02 MR11 MR06 MR14 MR04 MR07 MR12
3575,9,22,21,0.9545454545454546,MR13 MR10 MR11 MR02 MR04 MR06 MR12 MR14 MR07
3576,9,30,29,0.9666666666666667,MR13 MR10 MR02 MR07 MR06 MR12 MR04 MR11 MR14
3577,9,21,20,0.9523809523809523,MR13 MR10 MR11 MR02 MR12 MR04 MR14 MR07 MR06
3578,8,27,23,0.8518518518518519,MR12 MR10 MR11 MR02 MR13 MR04 MR07 MR14
3579,9,22,21,0.9545454545454546,MR13 MR10 MR02 MR11 MR14 MR04 MR06 MR07 MR12
3580,8,21,17,0.8095238095238095,MR13 MR10 MR11 MR02 MR07 MR14 MR04 MR12
3581,8,22,19,0.8636363636363636,MR13 MR10 MR11 MR02 MR14 MR04 MR06 MR07
3582,9,21,21,1.0,MR13 MR10 MR11 MR02 MR04 MR07 MR06 MR12 MR14
3583,9,27,27,1.0,MR13 MR10 MR11 MR02 MR12 MR04 MR06 MR14 MR07
3584,9,27,26,0.9629629629629629,MR12 MR10 MR11 MR02 MR04 MR14 MR07 MR13 MR06
3585,9,24,23,0.9583333333333334,MR13 MR10 MR02 MR11 MR12 MR06 MR04 MR07 MR14
3586,9,26,24,0.9230769230769231,MR12 MR10 MR02 MR11 MR06 MR13 MR04 MR07 MR14
3587,9,23,23,1.0,MR13 MR10 MR11 MR02 MR04 MR06 MR14 MR07 MR12
3588,9,21,20,0.9523809523809523,MR13 MR10 MR02 MR11 MR06 MR14 MR04 MR07 MR12
3589,9,25,25,1.0,MR12 MR10 MR11 MR02 MR13 MR04 MR14 MR06 MR07
3590,8,26,22,0.8461538461538461,MR13 MR10 MR11 MR02 MR06 MR12 MR04 MR14
3591,9,25,25,1.0,MR12 MR10 MR11 MR02 MR14 MR07 MR13 MR04 MR06
3592,9,23,23,1.0,MR13 MR10 MR02 MR11 MR07 MR04 MR06 MR12 MR14
3593,8,25,21,0.84,MR13 MR10 MR11 MR02 MR14 MR07 MR04 MR12
3594,9,25,24,0.96,MR13 MR10 MR02 MR11 MR07 MR04 MR06 MR14 MR12
3595,9,19,18,0.9473684210526315,MR13 MR10 MR02 MR12 MR11 MR06 MR04 MR07 MR14
3596,9,26,25,0.9615384615384616,MR12 MR10 MR02 MR06 MR11 MR13 MR14 MR04 MR07
3597,9,24,22,0.9166666666666666,MR13 MR10 MR02 MR11 MR12 MR04 MR06 MR07 MR14
3598,9,26,25,0.9615384615384616,MR13 MR10 MR02 MR11 MR06 MR04 MR07 MR12 MR14
3599,9,24,24,1.0,MR13 MR10 MR02 MR11 MR07 MR04 MR12 MR06 MR14
3600,9,27,27,1.0,MR14 MR10 MR02 MR06 MR07 MR13 MR04 MR12 MR11
3601,9,23,22,0.9565217391304348,MR13 MR10 MR11 MR02 MR04 MR14 MR07 MR06 MR12
3602,8,25,22,0.88,MR13 MR10 MR02 MR06 MR11 MR14 MR04 MR07
3603,9,26,25,0.9615384615384616,MR13 MR10 MR02 MR06 MR11 MR12 MR04 MR07 MR14
3604,9,27,26,0.9629629629629629,MR13 MR10 MR02 MR11 MR07 MR04 MR06 MR12 MR14
3605,9,21,21,1.0,MR13 MR10 MR02 MR11 MR04 MR06 MR07 MR12 MR14
3606,9,27,26,0.9629629629629629,MR13 MR10 MR02 MR06 MR11 MR14 MR04 MR07 MR12
3607,9,21,20,0.9523809523809523,MR13 MR10 MR02 MR11 MR06 MR04 MR07 MR12 MR14
3608,9,29,25,0.8620689655172413,MR14 MR10 MR11 MR02 MR07 MR04 MR12 MR05 MR06
3609,9,24,23,0.9583333333333334,MR13 MR10 MR11 MR02 MR12 MR04 MR14 MR06 MR07
3610,8,24,20,0.8333333333333334,MR13 MR10 MR11 MR02 MR06 MR04 MR12 MR14
3611,9,23,22,0.9565217391304348,MR13 MR10 MR11 MR02 MR14 MR04 MR12 MR06 MR07
3612,9,18,17,0.9444444444444444,MR13 MR10 MR11 MR02 MR04 MR06 MR12 MR14 MR07
3613,9,23,23,1.0,MR13 MR10 MR11 MR02 MR14 MR04 MR12 MR07 MR06
3614,9,23,23,1.0,MR13 MR10 MR02 MR11 MR14 MR04 MR06 MR07 MR12
3615,9,22,21,0.9545454545454546,MR13 MR10 MR02 MR07 MR14 MR11 MR04 MR06 MR12
3616,9,27,27,1.0,MR06 MR10 MR02 MR12 MR13 MR14 MR04 MR11 MR07
3617,9,25,25,1.0,MR13 MR10 MR11 MR02 MR04 MR14 MR06 MR07 MR12
3618,9,27,24,0.8888888888888888,MR12 MR10 MR02 MR11 MR07 MR04 MR05 MR06 MR14
3619,9,24,22,0.9166666666666666,MR13 MR10 MR11 MR02 MR04 MR06 MR12 MR07 MR14
3620,9,22,21,0.9545454545454546,MR13 MR10 MR02 MR11 MR04 MR06 MR07 MR12 MR14
3621,9,26,25,0.9615384615384616,MR13 MR10 MR02 MR11 MR06 MR04 MR12 MR07 MR14
3622,9,25,24,0.96,MR13 MR10 MR11 MR02 MR12 MR04 MR06 MR14 MR07
3623,9,27,26,0.9629629629629629,MR14 MR10 MR11 MR02 MR13 MR04 MR12 MR06 MR07
3624,9,26,25,0.9615384615384616,MR13 MR10 MR02 MR11 MR14 MR04 MR06 MR07 MR12
3625,9,29,28,0.9655172413793104,MR12 MR10 MR11 MR02 MR14 MR04 MR07 MR13 MR06
3626,9,21,21,1.0,MR13 MR10 MR11 MR02 MR04 MR06 MR07 MR12 MR14
3627,9,26,25,0.9615384615384616,MR13 MR10 MR11 MR02 MR06 MR04 MR12 MR14 MR07
3628,9,22,21,0.9545454545454546,MR13 MR10 MR02 MR06 MR11 MR14 MR04 MR12 MR07
3629,9,26,23,0.8846153846153846,MR05 MR10 MR02 MR06 MR11 MR12 MR04 MR07 MR14
3630,9,18,17,0.9444444444444444,MR13 MR10 MR02 MR06 MR11 MR04 MR07 MR14 MR12
3631,9,21,20,0.9523809523809523,MR13 MR10 MR11 MR02 MR04 MR07 MR06 MR12 MR14
3632,9,20,19,0.95,MR13 MR10 MR11 MR02 MR14 MR07 MR04 MR06 MR12
3633,8,32,28,0.875,MR13 MR10 MR02 MR14 MR11 MR06 MR04 MR07
3634,9,27,26,0.9629629629629629,MR13 MR10 MR02 MR11 MR06 MR14 MR04 MR07 MR12
3635,9,27,27,1.0,MR13 MR10 MR02 MR07 MR11 MR12 MR04 MR06 MR14
3636,9,20,19,0.95,MR12 MR10 MR02 MR13 MR06 MR07 MR11 MR04 MR14
3637,9,24,22,0.9166666666666666,MR12 MR10 MR02 MR11 MR07 MR13 MR04 MR06 MR14
3638,9,23,22,0.9565217391304348,MR13 MR10 MR14 MR02 MR11 MR06 MR04 MR07 MR12
3639,9,25,24,0.96,MR13 MR10 MR11 MR02 MR14 MR04 MR06 MR12 MR07
3640,9,22,22,1.0,MR13 MR10 MR02 MR11 MR06 MR04 MR12 MR14 MR07
3641,9,25,20,0.8,MR12 MR10 MR02 MR11 MR04 MR06 MR07 MR14 MR05
3642,9,29,28,0.9655172413793104,MR13 MR10 MR07 MR02 MR11 MR12 MR04 MR06 MR14
3643,9,21,20,0.9523809523809523,MR12 MR10 MR02 MR11 MR13 MR06 MR04 MR07 MR14
3644,9,21,19,0.9047619047619048,MR13 MR10 MR02 MR11 MR04 MR06 MR07 MR12 MR14
3645,9,20,19,0.95,MR13 MR10 MR02 MR11 MR07 MR14 MR04 MR06 MR12
3646,9,26,22,0.8461538461538461,MR05 MR10 MR11 MR02 MR14 MR04 MR07 MR06 MR12
3647,9,24,23,0.9583333333333334,MR13 MR10 MR02 MR11 MR06 MR14 MR04 MR12 MR07
3648,9,22,21,0.9545454545454546,MR13 MR10 MR02 MR07 MR11 MR12 MR04 MR06 MR14
3649,9,26,22,0.8461538461538461,MR05 MR10 MR11 MR02 MR14 MR06 MR04 MR12 MR07
3650,9,22,21,0.9545454545454546,MR13 MR10 MR02 MR11 MR14 MR04 MR06 MR07 MR12
3651,9,24,23,0.9583333333333334,MR13 MR10 MR02 MR07 MR14 MR04 MR06 MR11 MR12
3652,9,24,23,0.9583333333333334,MR12 MR10 MR02 MR11 MR06 MR04 MR07 MR13 MR14
3653,9,23,22,0.9565217391304348,MR13 MR10 MR02 MR11 MR07 MR04 MR06 MR12 MR14
3654,9,23,22,0.9565217391304348,MR07 MR10 MR02 MR11 MR14 MR04 MR12 MR13 MR06
3655,9,26,25,0.9615384615384616,MR13 MR10 MR02 MR06 MR11 MR14 MR04 MR07 MR12
3656,9,21,20,0.9523809523809523,MR13 MR10 MR02 MR11 MR06 MR04 MR12 MR07 MR14
3657,9,27,27,1.0,MR12 MR10 MR02 MR07 MR11 MR14 MR04 MR13 MR06
3658,9,22,21,0.9545454545454546,MR13 MR10 MR02 MR11 MR07 MR04 MR14 MR06 MR12
3659,9,22,21,0.9545454545454546,MR13 MR10 MR02 MR11 MR07 MR12 MR04 MR06 MR14
3660,9,23,22,0.9565217391304348,MR13 MR10 MR02 MR07 MR11 MR12 MR04 MR06 MR14
3661,9,23,22,0.9565217391304348,MR13 MR10 MR11 MR02 MR04 MR12 MR14 MR06 MR07
3662,8,27,24,0.8888888888888888,MR06 MR10 MR02 MR11 MR13 MR14 MR04 MR12
3663,9,22,21,0.9545454545454546,MR12 MR10 MR11 MR02 MR14 MR07 MR04 MR13 MR06
3664,9,19,18,0.9473684210526315,MR07 MR10 MR02 MR13 MR12 MR04 MR14 MR11 MR06
3665,8,21,17,0.8095238095238095,MR13 MR10 MR11 MR02 MR04 MR06 MR07 MR14
3666,8,24,21,0.875,MR13 MR10 MR02 MR06 MR11 MR12 MR04 MR14
3667,9,24,23,0.9583333333333334,MR12 MR10 MR02 MR11 MR07 MR04 MR06 MR14 MR13
3668,9,19,19,1.0,MR13 MR10 MR11 MR02 MR12 MR04 MR07 MR14 MR06
3669,9,26,22,0.8461538461538461,MR07 MR10 MR02 MR14 MR12 MR04 MR06 MR11 MR05
3670,9,29,29,1.0,MR13 MR10 MR02 MR11 MR06 MR04 MR07 MR14 MR12
3671,9,20,18,0.9,MR13 MR10 MR11 MR02 MR07 MR04 MR14 MR12 MR06
3672,9,27,26,0.9629629629629629,MR13 MR10 MR11 MR02 MR04 MR07 MR06 MR12 MR14
3673,9,27,26,0.9629629629629629,MR13 MR10 MR11 MR14 MR02 MR04 MR06 MR12 MR07
3674,9,28,27,0.9642857142857143,MR13 MR10 MR02 MR11 MR07 MR12 MR04 MR06 MR14
3675,8,24,21,0.875,MR13 MR10 MR06 MR02 MR12 MR11 MR04 MR07
3676,9,19,19,1.0,MR13 MR10 MR11 MR02 MR04 MR12 MR14 MR06 MR07
3677,9,24,23,0.9583333333333334,MR13 MR10 MR02 MR06 MR11 MR14 MR04 MR07 MR12
3678,9,24,24,1.0,MR13 MR10 MR11 MR02 MR04 MR07 MR12 MR06 MR14
3679,9,25,25,1.0,MR13 MR10 MR11 MR02 MR04 MR06 MR07 MR12 MR14
3680,9,25,24,0.96,MR13 MR10 MR11 MR02 MR14 MR04 MR06 MR07 MR12
3681,9,23,22,0.9565217391304348,MR13 MR10 MR11 MR02 MR14 MR04 MR06 MR07 MR12
3682,8,23,19,0.8260869565217391,MR13 MR10 MR02 MR06 MR11 MR04 MR07 MR14
3683,9,31,30,0.967741935483871,MR13 MR10 MR02 MR11 MR14 MR06 MR04 MR07 MR12
3684,9,25,23,0.92,MR13 MR10 MR11 MR02 MR12 MR04 MR06 MR14 MR07
3685,9,25,25,1.0,MR13 MR10 MR02 MR07 MR11 MR04 MR12 MR06 MR14
3686,9,26,24,0.9230769230769231,MR13 MR10 MR02 MR14 MR11 MR07 MR04 MR06 MR12
3687,9,26,22,0.8461538461538461,MR05 MR10 MR02 MR11 MR06 MR12 MR04 MR07 MR14
3688,8,26,22,0.8461538461538461,MR12 MR10 MR02 MR06 MR13 MR07 MR04 MR11
3689,9,24,23,0.9583333333333334,MR13 MR10 MR02 MR11 MR12 MR04 MR06 MR07 MR14
3690,9,23,23,1.0,MR13 MR10 MR11 MR02 MR06 MR04 MR14 MR07 MR12
3691,9,23,23,1.0,MR13 MR10 MR02 MR11 MR07 MR04 MR06 MR12 MR14
3692,9,23,19,0.8260869565217391,MR05 MR10 MR02 MR06 MR07 MR14 MR04 MR12 MR11
3693,9,22,22,1.0,MR12 MR10 MR11 MR02 MR14 MR13 MR04 MR07 MR06
3694,9,23,22,0.9565217391304348,MR13 MR10 MR02 MR06 MR11 MR12 MR04 MR07 MR14
3695,9,25,23,0.92,MR13 MR10 MR14 MR02 MR11 MR07 MR04 MR06 MR12
3696,9,24,20,0.8333333333333334,MR12 MR10 MR11 MR02 MR05 MR04 MR06 MR14 MR07
3697,9,23,21,0.9130434782608695,MR13 MR10 MR02 MR11 MR07 MR04 MR06 MR12 MR14
3698,9,26,25,0.9615384615384616,MR13 MR10 MR11 MR02 MR04 MR07 MR12 MR14 MR06
3699,9,22,21,0.9545454545454546,MR12 MR10 MR11 MR02 MR13 MR14 MR04 MR07 MR06
3700,9,26,25,0.9615384615384616,MR13 MR10 MR11 MR02 MR14 MR04 MR06 MR07 MR12
3701,8,24,20,0.8333333333333334,MR12 MR10 MR02 MR06 MR07 MR11 MR04 MR13
3702,9,22,20,0.9090909090909091,MR13 MR10 MR02 MR11 MR04 MR06 MR07 MR14 MR12
3703,9,24,23,0.9583333333333334,MR13 MR10 MR02 MR11 MR06 MR04 MR14 MR07 MR12
3704,9,28,27,0.9642857142857143,MR13 MR10 MR02 MR07 MR12 MR14 MR04 MR06 MR11
3705,9,23,22,0.9565217391304348,MR13 MR10 MR02 MR11 MR06 MR14 MR04 MR07 MR12
3706,9,29,28,0.9655172413793104,MR12 MR10 MR02 MR06 MR11 MR04 MR07 MR13 MR14
3707,8,21,17,0.8095238095238095,MR13 MR10 MR02 MR11 MR12 MR07 MR04 MR06
3708,9,21,21,1.0,MR13 MR10 MR11 MR02 MR04 MR07 MR14 MR06 MR12
3709,9,25,24,0.96,MR13 MR10 MR02 MR07 MR11 MR04 MR06 MR14 MR12
3710,9,23,23,1.0,MR13 MR10 MR02 MR07 MR11 MR12 MR04 MR06 MR14
3711,9,20,19,0.95,MR13 MR10 MR02 MR06 MR07 MR11 MR04 MR12 MR14
3712,9,25,25,1.0,MR12 MR10 MR02 MR11 MR06 MR04 MR07 MR13 MR14
3713,8,23,19,0.8260869565217391,MR13 MR10 MR11 MR02 MR07 MR14 MR04 MR12
3714,9,22,21,0.9545454545454546,MR13 MR10 MR02 MR06 MR07 MR11 MR04 MR12 MR14
3715,9,20,19,0.95,MR13 MR10 MR11 MR02 MR07 MR04 MR12 MR14 MR06
3716,9,22,22,1.0,MR13 MR10 MR02 MR06 MR07 MR14 MR04 MR11 MR12
3717,9,21,20,0.9523809523809523,MR13 MR10 MR11 MR02 MR04 MR07 MR14 MR06 MR12
3718,9,22,17,0.7727272727272727,MR12 MR10 MR02 MR06 MR11 MR04 MR07 MR14 MR05
3719,9,22,21,0.9545454545454546,MR13 MR10 MR11 MR02 MR12 MR04 MR06 MR07 MR14
3720,9,20,19,0.95,MR13 MR10 MR02 MR06 MR14 MR04 MR07 MR11 MR12
3721,8,24,20,0.8333333333333334,MR13 MR10 MR02 MR06 MR07 MR11 MR04 MR12
3722,9,26,25,0.9615384615384616,MR13 MR10 MR02 MR11 MR06 MR14 MR04 MR07 MR12
3723,9,21,21,1.0,MR13 MR10 MR02 MR06 MR11 MR14 MR04 MR07 MR12
3724,9,24,23,0.9583333333333334,MR13 MR10 MR02 MR06 MR14 MR11 MR04 MR07 MR12
3725,9,24,23,0.9583333333333334,MR13 MR10 MR11 MR02 MR04 MR06 MR12 MR14 MR07
3726,9,26,26,1.0,MR13 MR10 MR02 MR11 MR07 MR04 MR14 MR06 MR12
3727,9,21,19,0.9047619047619048,MR12 MR10 MR02 MR11 MR13 MR06 MR04 MR07 MR14
3728,9,22,21,0.9545454545454546,MR14 MR10 MR02 MR07 MR11 MR04 MR13 MR06 MR12
3729,9,22,21,0.9545454545454546,MR13 MR10 MR11 MR02 MR04 MR07 MR12 MR06 MR14
3730,9,18,18,1.0,MR13 MR10 MR02 MR11 MR06 MR14 MR04 MR12 MR07
3731,9,23,22,0.9565217391304348,MR12 MR10 MR11 MR02 MR13 MR14 MR04 MR07 MR06
3732,9,22,21,0.9545454545454546,MR13 MR10 MR02 MR06 MR07 MR11 MR12 MR04 MR14
3733,8,25,22,0.88,MR13 MR10 MR11 MR02 MR14 MR04 MR06 MR07
3734,9,22,21,0.9545454545454546,MR13 MR10 MR11 MR02 MR12 MR04 MR07 MR06 MR14
3735,8,22,18,0.8181818181818182,MR13 MR10 MR02 MR06 MR11 MR04 MR14 MR07
3736,9,24,23,0.9583333333333334,MR12 MR10 MR02 MR07 MR11 MR04 MR13 MR06 MR14
3737,9,21,20,0.9523809523809523,MR13 MR10 MR02 MR11 MR07 MR04 MR06 MR14 MR12
3738,9,26,26,1.0,MR13 MR10 MR11 MR02 MR12 MR04 MR07 MR14 MR06
3739,9,20,19,0.95,MR13 MR10 MR02 MR11 MR07 MR04 MR14 MR12 MR06
3740,9,18,17,0.9444444444444444,MR13 MR10 MR02 MR14 MR11 MR06 MR04 MR07 MR12
3741,9,27,26,0.9629629629629629,MR13 MR10 MR06 MR02 MR11 MR04 MR12 MR14 MR07
3742,9,23,22,0.9565217391304348,MR13 MR10 MR11 MR02 MR12 MR04 MR06 MR07 MR14
3743,9,20,19,0.95,MR12 MR10 MR02 MR11 MR13 MR14 MR04 MR06 MR07
3744,9,29,27,0.9310344827586207,MR13 MR10 MR02 MR07 MR11 MR12 MR04 MR14 MR06
3745,9,25,24,0.96,MR13 MR10 MR02 MR11 MR14 MR06 MR04 MR12 MR07
3746,9,26,25,0.9615384615384616,MR12 MR10 MR02 MR11 MR13 MR06 MR14 MR04 MR07
3747,9,21,20,0.9523809523809523,MR13 MR10 MR02 MR06 MR07 MR11 MR04 MR14 MR12
3748,9,22,21,0.9545454545454546,MR13 MR10 MR02 MR07 MR06 MR04 MR11 MR12 MR14
3749,9,25,24,0.96,MR13 MR10 MR02 MR07 MR11 MR14 MR04 MR12 MR06
3750,9,23,22,0.9565217391304348,MR13 MR10 MR11 MR02 MR14 MR04 MR06 MR12 MR07
3751,9,20,19,0.95,MR13 MR10 MR06 MR02 MR14 MR04 MR11 MR12 MR07
3752,9,27,26,0.9629629629629629,MR12 MR10 MR11 MR02 MR13 MR04 MR07 MR06 MR14
3753,9,21,20,0.9523809523809523,MR13 MR10 MR02 MR11 MR06 MR14 MR04 MR12 MR07
3754,9,21,21,1.0,MR13 MR10 MR02 MR11 MR06 MR14 MR04 MR12 MR07
3755,9,26,24,0.9230769230769231,MR13 MR10 MR11 MR02 MR14 MR04 MR06 MR07 MR12
3756,9,22,22,1.0,MR12 MR10 MR02 MR06 MR11 MR13 MR04 MR07 MR14
3757,9,26,25,0.9615384615384616,MR13 MR10 MR11 MR02 MR06 MR04 MR12 MR14 MR07
3758,9,25,24,0.96,MR13 MR10 MR02 MR07 MR11 MR04 MR06 MR12 MR14
3759,9,19,18,0.9473684210526315,MR13 MR10 MR02 MR11 MR06 MR14 MR04 MR07 MR12
3760,9,26,24,0.9230769230769231,MR13 MR10 MR02 MR11 MR06 MR04 MR07 MR12 MR14
3761,9,22,21,0.9545454545454546,MR13 MR10 MR02 MR06 MR14 MR04 MR07 MR11 MR12
3762,8,22,18,0.8181818181818182,MR14 MR10 MR02 MR11 MR13 MR04 MR06 MR07
3763,9,26,24,0.9230769230769231,MR13 MR10 MR02 MR11 MR07 MR12 MR04 MR14 MR06
3764,8,24,21,0.875,MR13 MR10 MR11 MR02 MR07 MR04 MR06 MR12
3765,8,22,19,0.8636363636363636,MR13 MR10 MR02 MR11 MR07 MR04 MR06 MR12
3766,9,29,27,0.9310344827586207,MR12 MR10 MR11 MR02 MR13 MR14 MR04 MR06 MR07
3767,9,23,20,0.8695652173913043,MR05 MR10 MR11 MR02 MR14 MR04 MR06 MR07 MR12
3768,9,24,23,0.9583333333333334,MR13 MR10 MR11 MR02 MR12 MR04 MR14 MR06 MR07
3769,9,27,25,0.9259259259259259,MR14 MR10 MR02 MR07 MR11 MR04 MR13 MR06 MR12
3770,9,29,28,0.9655172413793104,MR13 MR10 MR11 MR02 MR14 MR04 MR06 MR07 MR12
3771,9,20,20,1.0,MR07 MR10 MR02 MR14 MR11 MR12 MR04 MR13 MR06
3772,9,23,22,0.9565217391304348,MR13 MR10 MR02 MR07 MR11 MR12 MR04 MR06 MR14
3773,8,25,21,0.84,MR13 MR10 MR11 MR02 MR14 MR04 MR06 MR07
3774,9,25,25,1.0,MR13 MR10 MR02 MR11 MR12 MR04 MR06 MR07 MR14
3775,9,25,24,0.96,MR13 MR10 MR02 MR07 MR11 MR12 MR04 MR06 MR14
3776,9,26,25,0.9615384615384616,MR12 MR10 MR11 MR02 MR14 MR04 MR06 MR07 MR13
3777,9,20,19,0.95,MR13 MR10 MR02 MR11 MR06 MR14 MR04 MR07 MR12
3778,9,20,16,0.8,MR05 MR10 MR02 MR11 MR04 MR06 MR07 MR14 MR12
3779,9,28,26,0.9285714285714286,MR13 MR10 MR11 MR02 MR04 MR06 MR14 MR07 MR12
3780,9,22,21,0.9545454545454546,MR13 MR10 MR02 MR11 MR14 MR06 MR04 MR12 MR07
3781,9,24,24,1.0,MR12 MR10 MR11 MR02 MR13 MR14 MR04 MR07 MR06
3782,9,26,25,0.9615384615384616,MR13 MR10 MR02 MR06 MR11 MR04 MR07 MR14 MR12
3783,9,28,26,0.9285714285714286,MR13 MR10 MR11 MR02 MR04 MR07 MR12 MR14 MR06
3784,9,27,26,0.9629629629629629,MR13 MR10 MR02 MR06 MR11 MR04 MR07 MR12 MR14
3785,9,23,22,0.9565217391304348,MR12 MR10 MR02 MR14 MR11 MR06 MR04 MR07 MR13
3786,9,23,22,0.9565217391304348,MR13 MR10 MR11 MR02 MR06 MR14 MR04 MR12 MR07
3787,9,24,23,0.9583333333333334,MR12 MR10 MR02 MR06 MR11 MR04 MR07 MR14 MR13
3788,9,27,26,0.9629629629629629,MR13 MR10 MR11 MR02 MR14 MR04 MR06 MR07 MR12
3789,9,22,21,0.9545454545454546,MR13 MR10 MR11 MR02 MR12 MR14 MR04 MR06 MR07
3790,9,26,25,0.9615384615384616,MR13 MR10 MR11 MR02 MR04 MR07 MR14 MR06 MR12
3791,9,26,24,0.9230769230769231,MR13 MR10 MR02 MR11 MR06 MR12 MR04 MR07 MR14
3792,9,31,30,0.967741935483871,MR13 MR10 MR14 MR02 MR06 MR11 MR04 MR07 MR12
3793,9,27,26,0.9629629629629629,MR12 MR10 MR11 MR02 MR13 MR04 MR07 MR06 MR14
3794,9,26,26,1.0,MR13 MR10 MR11 MR02 MR04 MR12 MR06 MR07 MR14
3795,9,25,25,1.0,MR13 MR10 MR02 MR11 MR04 MR06 MR07 MR14 MR12
3796,9,20,20,1.0,MR13 MR10 MR02 MR11 MR06 MR04 MR14 MR07 MR12
3797,9,23,22,0.9565217391304348,MR13 MR10 MR02 MR11 MR04 MR06 MR07 MR12 MR14
3798,9,22,22,1.0,MR13 MR10 MR02 MR06 MR07 MR11 MR04 MR12 MR14
3799,9,24,23,0.9583333333333334,MR13 MR10 MR02 MR11 MR06 MR04 MR07 MR14 MR12
3800,8,21,17,0.8095238095238095,MR13 MR10 MR11 MR02 MR07 MR12 MR04 MR14
3801,9,20,19,0.95,MR13 MR10 MR02 MR07 MR11 MR04 MR06 MR14 MR12
3802,9,22,22,1.0,MR13 MR10 MR02 MR07 MR11 MR14 MR04 MR06 MR12
3803,9,27,26,0.9629629629629629,MR13 MR10 MR02 MR11 MR04 MR06 MR07 MR12 MR14
3804,9,25,25,1.0,MR12 MR10 MR02 MR11 MR13 MR07 MR04 MR06 MR14
3805,9,22,21,0.9545454545454546,MR13 MR10 MR02 MR11 MR07 MR04 MR06 MR14 MR12
3806,9,24,22,0.9166666666666666,MR13 MR10 MR02 MR06 MR07 MR11 MR04 MR14 MR12
3807,9,23,22,0.9565217391304348,MR13 MR10 MR02 MR07 MR11 MR04 MR06 MR12 MR14
3808,9,25,25,1.0,MR13 MR10 MR02 MR07 MR11 MR04 MR06 MR14 MR12
3809,9,26,25,0.9615384615384616,MR13 MR10 MR11 MR02 MR14 MR12 MR04 MR07 MR06
3810,9,20,20,1.0,MR13 MR10 MR11 MR02 MR12 MR04 MR07 MR14 MR06
3811,9,23,23,1.0,MR13 MR10 MR11 MR02 MR12 MR04 MR06 MR07 MR14
3812,9,26,25,0.9615384615384616,MR13 MR10 MR11 MR02 MR04 MR07 MR14 MR06 MR12
3813,9,20,20,1.0,MR13 MR10 MR02 MR11 MR14 MR04 MR06 MR07 MR12
3814,8,29,22,0.7586206896551724,MR12 MR10 MR11 MR02 MR14 MR04 MR06 MR07
3815,9,25,24,0.96,MR13 MR10 MR11 MR02 MR12 MR14 MR04 MR06 MR07
3816,9,22,21,0.9545454545454546,MR13 MR10 MR02 MR07 MR11 MR12 MR04 MR06 MR14
3817,9,25,25,1.0,MR13 MR10 MR02 MR14 MR11 MR06 MR04 MR07 MR12
3818,9,21,20,0.9523809523809523,MR13 MR10 MR11 MR02 MR14 MR07 MR04 MR06 MR12
3819,9,22,22,1.0,MR13 MR10 MR11 MR02 MR07 MR04 MR14 MR12 MR06
3820,9,24,23,0.9583333333333334,MR13 MR10 MR02 MR11 MR07 MR04 MR12 MR14 MR06
3821,9,26,26,1.0,MR14 MR10 MR02 MR11 MR06 MR04 MR07 MR13 MR12
3822,9,22,21,0.9545454545454546,MR13 MR10 MR11 MR02 MR04 MR07 MR06 MR12 MR14
3823,9,25,24,0.96,MR13 MR10 MR11 MR02 MR14 MR04 MR12 MR06 MR07
3824,9,22,20,0.9090909090909091,MR12 MR10 MR02 MR11 MR13 MR04 MR06 MR07 MR14
3825,9,23,23,1.0,MR13 MR10 MR11 MR02 MR04 MR06 MR07 MR12 MR14
3826,9,27,25,0.9259259259259259,MR13 MR10 MR02 MR06 MR11 MR14 MR04 MR07 MR12
3827,9,22,21,0.9545454545454546,MR13 MR10 MR02 MR11 MR12 MR07 MR04 MR06 MR14
3828,9,25,24,0.96,MR12 MR10 MR02 MR07 MR11 MR13 MR04 MR14 MR06
3829,9,26,24,0.9230769230769231,MR13 MR10 MR11 MR02 MR04 MR07 MR06 MR14 MR12
3830,8,34,26,0.7647058823529411,MR12 MR10 MR11 MR02 MR07 MR04 MR14 MR05
3831,9,20,20,1.0,MR13 MR10 MR02 MR11 MR06 MR14 MR04 MR07 MR12
3832,9,18,17,0.9444444444444444,MR13 MR10 MR02 MR06 MR11 MR04 MR12 MR07 MR14
3833,9,24,23,0.9583333333333334,MR12 MR10 MR02 MR11 MR13 MR06 MR14 MR04 MR07
3834,9,21,20,0.9523809523809523,MR12 MR10 MR02 MR06 MR11 MR13 MR04 MR07 MR14
3835,8,25,20,0.8,MR12 MR10 MR11 MR02 MR13 MR04 MR06 MR14
3836,9,24,22,0.9166666666666666,MR13 MR10 MR11 MR02 MR06 MR14 MR04 MR07 MR12
3837,8,24,21,0.875,MR13 MR10 MR11 MR02 MR12 MR04 MR06 MR14
3838,8,24,17,0.7083333333333334,MR12 MR10 MR14 MR02 MR06 MR07 MR11 MR04
3839,9,25,24,0.96,MR13 MR10 MR02 MR07 MR06 MR04 MR11 MR14 MR12
3840,9,25,20,0.8,MR05 MR10 MR11 MR02 MR12 MR04 MR06 MR14 MR07
3841,9,23,23,1.0,MR13 MR10 MR11 MR02 MR07 MR04 MR12 MR14 MR06
3842,9,20,19,0.95,MR13 MR10 MR11 MR02 MR04 MR06 MR12 MR07 MR14
3843,9,28,27,0.9642857142857143,MR13 MR10 MR02 MR11 MR07 MR04 MR14 MR06 MR12
3844,9,23,19,0.8260869565217391,MR05 MR10 MR11 MR02 MR14 MR04 MR06 MR07 MR12
3845,9,21,21,1.0,MR13 MR10 MR02 MR11 MR06 MR04 MR07 MR14 MR12
3846,9,23,22,0.9565217391304348,MR13 MR10 MR02 MR11 MR04 MR06 MR07 MR12 MR14
3847,9,26,24,0.9230769230769231,MR12 MR10 MR11 MR02 MR04 MR07 MR13 MR06 MR14
3848,9,35,34,0.9714285714285714,MR13 MR10 MR02 MR07 MR11 MR04 MR12 MR06 MR14
3849,9,27,27,1.0,MR13 MR10 MR11 MR02 MR12 MR04 MR14 MR06 MR07
3850,9,24,23,0.9583333333333334,MR13 MR10 MR11 MR02 MR07 MR04 MR12 MR06 MR14
3851,9,21,20,0.9523809523809523,MR13 MR10 MR02 MR11 MR12 MR04 MR06 MR07 MR14
3852,9,24,23,0.9583333333333334,MR12 MR10 MR11 MR02 MR04 MR13 MR06 MR07 MR14
3853,9,23,22,0.9565217391304348,MR13 MR10 MR11 MR02 MR04 MR07 MR06 MR14 MR12
3854,8,31,28,0.9032258064516129,MR13 MR10 MR11 MR02 MR04 MR06 MR14 MR12
3855,9,21,20,0.9523809523809523,MR13 MR10 MR02 MR11 MR04 MR06 MR07 MR14 MR12
3856,9,25,23,0.92,MR13 MR10 MR02 MR07 MR11 MR14 MR04 MR06 MR12
3857,9,20,19,0.95,MR13 MR10 MR02 MR11 MR14 MR06 MR04 MR07 MR12
3858,9,23,22,0.9565217391304348,MR13 MR10 MR02 MR11 MR07 MR04 MR12 MR14 MR06
3859,9,23,22,0.9565217391304348,MR13 MR10 MR02 MR06 MR11 MR12 MR04 MR14 MR07
3860,9,21,20,0.9523809523809523,MR13 MR10 MR11 MR02 MR12 MR14 MR04 MR06 MR07
3861,9,23,22,0.9565217391304348,MR13 MR10 MR11 MR02 MR12 MR04 MR06 MR14 MR07
3862,9,22,21,0.9545454545454546,MR12 MR10 MR02 MR07 MR11 MR13 MR04 MR06 MR14
3863,9,29,28,0.9655172413793104,MR13 MR10 MR02 MR06 MR07 MR04 MR11 MR12 MR14
3864,9,28,27,0.9642857142857143,MR13 MR10 MR11 MR02 MR04 MR07 MR14 MR12 MR06
3865,9,20,20,1.0,MR13 MR10 MR02 MR11 MR06 MR12 MR04 MR14 MR07
3866,9,22,22,1.0,MR13 MR10 MR02 MR07 MR14 MR04 MR06 MR11 MR12
3867,9,23,22,0.9565217391304348,MR12 MR10 MR11 MR02 MR14 MR04 MR13 MR06 MR07
3868,9,23,22,0.9565217391304348,MR12 MR10 MR02 MR11 MR06 MR04 MR13 MR14 MR07
3869,9,26,24,0.9230769230769231,MR12 MR10 MR02 MR11 MR06 MR13 MR04 MR14 MR07
3870,9,22,22,1.0,MR13 MR10 MR02 MR07 MR11 MR14 MR04 MR06 MR12
3871,9,26,25,0.9615384615384616,MR13 MR10 MR02 MR11 MR07 MR14 MR04 MR06 MR12
3872,9,24,24,1.0,MR14 MR10 MR02 MR11 MR13 MR04 MR06 MR07 MR12
3873,9,24,20,0.8333333333333334,MR05 MR10 MR02 MR11 MR04 MR06 MR07 MR14 MR12
3874,9,22,21,0.9545454545454546,MR13 MR10 MR11 MR02 MR12 MR04 MR06 MR07 MR14
3875,9,22,22,1.0,MR13 MR10 MR02 MR07 MR06 MR14 MR04 MR11 MR12
3876,9,24,24,1.0,MR13 MR10 MR02 MR11 MR06 MR14 MR04 MR12 MR07
3877,9,25,24,0.96,MR14 MR10 MR02 MR06 MR11 MR13 MR04 MR07 MR12
3878,9,23,23,1.0,MR13 MR10 MR02 MR06 MR11 MR14 MR04 MR07 MR12
3879,9,23,22,0.9565217391304348,MR13 MR10 MR11 MR02 MR12 MR04 MR07 MR14 MR06
3880,9,27,27,1.0,MR13 MR10 MR11 MR02 MR04 MR07 MR06 MR12 MR14
3881,9,18,17,0.9444444444444444,MR13 MR10 MR02 MR06 MR12 MR04 MR07 MR11 MR14
3882,9,27,26,0.9629629629629629,MR13 MR10 MR02 MR06 MR12 MR07 MR14 MR04 MR11
3883,9,19,18,0.9473684210526315,MR13 MR10 MR02 MR11 MR14 MR07 MR04 MR06 MR12
3884,9,22,21,0.9545454545454546,MR13 MR10 MR11 MR02 MR07 MR14 MR04 MR12 MR06
3885,9,23,22,0.9565217391304348,MR13 MR10 MR02 MR06 MR11 MR14 MR04 MR07 MR12
3886,9,27,26,0.9629629629629629,MR12 MR10 MR11 MR02 MR13 MR04 MR06 MR07 MR14
3887,9,21,20,0.9523809523809523,MR13 MR10 MR11 MR02 MR04 MR06 MR14 MR07 MR12
3888,9,24,23,0.9583333333333334,MR13 MR10 MR02 MR11 MR04 MR06 MR07 MR12 MR14
3889,9,22,21,0.9545454545454546,MR13 MR10 MR02 MR14 MR06 MR07 MR11 MR04 MR12
3890,8,31,26,0.8387096774193549,MR12 MR10 MR11 MR02 MR13 MR04 MR14 MR06
3891,8,19,15,0.7894736842105263,MR13 MR10 MR02 MR07 MR11 MR14 MR04 MR06
3892,9,24,24,1.0,MR13 MR10 MR11 MR02 MR12 MR04 MR06 MR14 MR07
3893,9,23,22,0.9565217391304348,MR13 MR10 MR11 MR02 MR12 MR04 MR06 MR07 MR14
3894,9,24,20,0.8333333333333334,MR05 MR10 MR02 MR11 MR14 MR04 MR06 MR07 MR12
3895,9,24,22,0.9166666666666666,MR13 MR10 MR02 MR11 MR07 MR12 MR04 MR06 MR14
3896,8,23,16,0.6956521739130435,MR12 MR10 MR11 MR02 MR06 MR04 MR05 MR07
3897,9,29,28,0.9655172413793104,MR13 MR10 MR14 MR02 MR11 MR06 MR04 MR07 MR12
3898,9,29,28,0.9655172413793104,MR06 MR10 MR02 MR12 MR14 MR04 MR07 MR11 MR13
3899,9,20,19,0.95,MR13 MR10 MR11 MR02 MR04 MR06 MR12 MR14 MR07
3900,9,25,24,0.96,MR13 MR10 MR11 MR02 MR04 MR07 MR12 MR14 MR06
3901,9,23,22,0.9565217391304348,MR12 MR10 MR11 MR02 MR13 MR04 MR14 MR06 MR07
3902,8,24,20,0.8333333333333334,MR13 MR10 MR02 MR11 MR07 MR14 MR04 MR06
3903,9,22,20,0.9090909090909091,MR13 MR10 MR02 MR11 MR12 MR06 MR04 MR14 MR07
3904,9,24,22,0.9166666666666666,MR13 MR10 MR11 MR02 MR04 MR07 MR14 MR06 MR12
3905,9,26,26,1.0,MR13 MR10 MR02 MR06 MR11 MR12 MR04 MR07 MR14
3906,9,24,23,0.9583333333333334,MR13 MR10 MR02 MR11 MR07 MR14 MR04 MR06 MR12
3907,9,24,23,0.9583333333333334,MR13 MR10 MR02 MR11 MR12 MR07 MR04 MR06 MR14
3908,9,24,22,0.9166666666666666,MR13 MR10 MR02 MR11 MR12 MR07 MR04 MR06 MR14
3909,9,22,22,1.0,MR13 MR10 MR11 MR02 MR12 MR04 MR06 MR07 MR14
3910,9,22,22,1.0,MR13 MR10 MR02 MR07 MR11 MR04 MR12 MR06 MR14
3911,9,20,20,1.0,MR12 MR10 MR11 MR02 MR14 MR04 MR06 MR13 MR07
3912,8,22,18,0.8181818181818182,MR13 MR10 MR11 MR02 MR04 MR07 MR12 MR06
3913,9,21,21,1.0,MR13 MR10 MR11 MR02 MR14 MR04 MR07 MR06 MR12
3914,9,25,25,1.0,MR14 MR10 MR11 MR02 MR04 MR06 MR13 MR12 MR07
3915,9,24,24,1.0,MR12 MR10 MR02 MR06 MR11 MR14 MR04 MR07 MR13
3916,9,22,22,1.0,MR13 MR10 MR11 MR02 MR04 MR06 MR14 MR07 MR12
3917,8,27,23,0.8518518518518519,MR12 MR10 MR11 MR02 MR13 MR04 MR06 MR07
3918,9,22,21,0.9545454545454546,MR13 MR10 MR11 MR02 MR14 MR04 MR06 MR07 MR12
3919,9,30,29,0.9666666666666667,MR13 MR10 MR07 MR02 MR11 MR04 MR12 MR14 MR06
3920,9,29,27,0.9310344827586207,MR07 MR10 MR02 MR11 MR13 MR12 MR04 MR14 MR06
3921,9,27,26,0.9629629629629629,MR13 MR10 MR11 MR02 MR04 MR07 MR06 MR14 MR12
3922,9,24,24,1.0,MR13 MR10 MR02 MR11 MR06 MR04 MR14 MR07 MR12
3923,9,25,25,1.0,MR13 MR10 MR02 MR06 MR11 MR04 MR12 MR14 MR07
3924,9,25,24,0.96,MR13 MR10 MR02 MR07 MR11 MR04 MR14 MR06 MR12
3925,9,21,19,0.9047619047619048,MR12 MR10 MR11 MR02 MR13 MR04 MR06 MR07 MR14
3926,9,27,26,0.9629629629629629,MR13 MR10 MR02 MR06 MR11 MR04 MR14 MR07 MR12
3927,9,19,19,1.0,MR13 MR10 MR02 MR11 MR07 MR12 MR04 MR06 MR14
3928,9,22,21,0.9545454545454546,MR12 MR10 MR11 MR02 MR13 MR04 MR14 MR06 MR07
3929,9,22,21,0.9545454545454546,MR13 MR10 MR02 MR11 MR06 MR04 MR12 MR14 MR07
3930,9,24,23,0.9583333333333334,MR14 MR10 MR11 MR02 MR04 MR12 MR13 MR07 MR06
3931,9,24,23,0.9583333333333334,MR12 MR10 MR11 MR02 MR06 MR04 MR14 MR13 MR07
3932,9,25,24,0.96,MR13 MR10 MR11 MR02 MR06 MR12 MR04 MR14 MR07
3933,9,27,26,0.9629629629629629,MR13 MR10 MR02 MR06 MR07 MR14 MR04 MR11 MR12
3934,9,23,23,1.0,MR13 MR10 MR02 MR11 MR12 MR07 MR04 MR06 MR14
3935,9,27,23,0.8518518518518519,MR05 MR10 MR02 MR11 MR07 MR04 MR06 MR12 MR14
3936,9,22,22,1.0,MR13 MR10 MR02 MR11 MR07 MR04 MR12 MR06 MR14
3937,9,19,19,1.0,MR13 MR10 MR02 MR07 MR11 MR14 MR04 MR06 MR12
3938,9,26,25,0.9615384615384616,MR13 MR10 MR02 MR07 MR11 MR04 MR06 MR12 MR14
3939,9,26,25,0.9615384615384616,MR13 MR10 MR02 MR07 MR11 MR04 MR12 MR06 MR14
3940,9,22,21,0.9545454545454546,MR13 MR10 MR02 MR11 MR07 MR04 MR06 MR14 MR12
3941,9,23,22,0.9565217391304348,MR13 MR10 MR02 MR11 MR06 MR12 MR04 MR14 MR07
3942,9,20,20,1.0,MR13 MR10 MR02 MR11 MR07 MR12 MR04 MR06 MR14
3943,9,20,19,0.95,MR13 MR10 MR02 MR07 MR11 MR12 MR04 MR06 MR14
3944,9,22,21,0.9545454545454546,MR12 MR10 MR02 MR06 MR13 MR11 MR04 MR07 MR14
3945,8,32,27,0.84375,MR12 MR10 MR02 MR06 MR07 MR04 MR13 MR11
3946,8,27,23,0.8518518518518519,MR13 MR10 MR11 MR02 MR07 MR12 MR04 MR14
3947,9,24,23,0.9583333333333334,MR13 MR10 MR02 MR11 MR06 MR04 MR07 MR12 MR14
3948,9,25,24,0.96,MR12 MR10 MR02 MR14 MR07 MR11 MR13 MR04 MR06
3949,9,27,25,0.9259259259259259,MR13 MR10 MR02 MR11 MR04 MR06 MR07 MR12 MR14
3950,9,23,23,1.0,MR13 MR10 MR02 MR14 MR06 MR11 MR04 MR07 MR12
3951,9,26,26,1.0,MR13 MR10 MR02 MR11 MR07 MR12 MR14 MR04 MR06
3952,9,26,25,0.9615384615384616,MR13 MR10 MR02 MR11 MR06 MR12 MR04 MR14 MR07
3953,8,24,17,0.7083333333333334,MR12 MR10 MR11 MR02 MR04 MR05 MR06 MR14
3954,9,26,25,0.9615384615384616,MR13 MR10 MR02 MR07 MR11 MR14 MR04 MR06 MR12
3955,9,27,26,0.9629629629629629,MR12 MR10 MR02 MR06 MR11 MR13 MR04 MR07 MR14
3956,9,17,17,1.0,MR13 MR10 MR11 MR02 MR12 MR04 MR14 MR06 MR07
3957,9,20,19,0.95,MR13 MR10 MR11 MR02 MR14 MR04 MR06 MR07 MR12
3958,9,27,25,0.9259259259259259,MR13 MR10 MR02 MR11 MR14 MR04 MR06 MR07 MR12
3959,9,25,24,0.96,MR13 MR10 MR11 MR02 MR04 MR06 MR07 MR14 MR12
3960,9,22,20,0.9090909090909091,MR13 MR10 MR02 MR06 MR11 MR04 MR07 MR12 MR14
3961,9,18,17,0.9444444444444444,MR07 MR10 MR02 MR13 MR04 MR11 MR12 MR14 MR06
3962,7,24,18,0.75,MR13 MR10 MR11 MR02 MR07 MR04 MR14
3963,9,25,24,0.96,MR12 MR10 MR02 MR13 MR06 MR07 MR11 MR04 MR14
3964,9,24,24,1.0,MR13 MR10 MR02 MR11 MR07 MR04 MR06 MR12 MR14
3965,9,24,24,1.0,MR12 MR10 MR02 MR06 MR13 MR04 MR07 MR11 MR14
3966,9,25,24,0.96,MR13 MR10 MR14 MR02 MR06 MR04 MR07 MR11 MR12
3967,9,25,23,0.92,MR13 MR10 MR02 MR07 MR04 MR06 MR11 MR12 MR14
3968,9,19,18,0.9473684210526315,MR13 MR10 MR11 MR02 MR04 MR07 MR06 MR12 MR14
3969,9,27,26,0.9629629629629629,MR14 MR10 MR02 MR07 MR11 MR04 MR13 MR06 MR12
3970,9,30,28,0.9333333333333333,MR13 MR10 MR11 MR02 MR04 MR06 MR07 MR12 MR14
3971,8,26,21,0.8076923076923077,MR13 MR10 MR02 MR11 MR07 MR12 MR04 MR06
3972,8,23,19,0.8260869565217391,MR12 MR10 MR11 MR02 MR06 MR04 MR14 MR13
3973,9,25,24,0.96,MR13 MR10 MR02 MR06 MR11 MR14 MR04 MR07 MR12
3974,8,19,15,0.7894736842105263,MR13 MR10 MR11 MR02 MR12 MR04 MR06 MR14
3975,9,24,23,0.9583333333333334,MR13 MR10 MR02 MR06 MR11 MR14 MR04 MR12 MR07
3976,8,25,21,0.84,MR13 MR10 MR11 MR02 MR14 MR07 MR04 MR12
3977,8,28,24,0.8571428571428571,MR13 MR10 MR06 MR02 MR14 MR04 MR07 MR11
3978,9,24,24,1.0,MR13 MR10 MR11 MR02 MR07 MR12 MR04 MR14 MR06
3979,9,30,29,0.9666666666666667,MR13 MR10 MR02 MR11 MR06 MR04 MR14 MR07 MR12
3980,9,27,24,0.8888888888888888,MR05 MR10 MR11 MR02 MR12 MR14 MR04 MR07 MR06
3981,8,26,22,0.8461538461538461,MR13 MR10 MR11 MR02 MR14 MR04 MR06 MR07
3982,9,28,27,0.9642857142857143,MR13 MR10 MR06 MR02 MR04 MR11 MR12 MR07 MR14
3983,9,25,24,0.96,MR13 MR10 MR02 MR11 MR06 MR04 MR07 MR12 MR14
3984,8,25,21,0.84,MR12 MR10 MR11 MR02 MR14 MR04 MR06 MR13
3985,9,20,19,0.95,MR14 MR10 MR02 MR11 MR07 MR04 MR06 MR12 MR13
3986,9,27,26,0.9629629629629629,MR12 MR10 MR02 MR07 MR13 MR14 MR11 MR04 MR06
3987,9,24,23,0.9583333333333334,MR13 MR10 MR11 MR02 MR04 MR07 MR14 MR12 MR06
3988,9,23,22,0.9565217391304348,MR13 MR10 MR02 MR11 MR14 MR04 MR06 MR07 MR12
3989,9,27,25,0.9259259259259259,MR13 MR10 MR11 MR02 MR04 MR06 MR07 MR12 MR14
3990,9,23,23,1.0,MR13 MR10 MR11 MR02 MR04 MR14 MR07 MR12 MR06
3991,9,25,24,0.96,MR13 MR10 MR02 MR07 MR11 MR12 MR04 MR06 MR14
3992,9,24,23,0.9583333333333334,MR13 MR10 MR11 MR02 MR07 MR12 MR04 MR14 MR06
3993,8,26,23,0.8846153846153846,MR13 MR10 MR11 MR02 MR06 MR14 MR04 MR12
3994,9,26,25,0.9615384615384616,MR13 MR10 MR02 MR06 MR11 MR04 MR07 MR12 MR14
3995,9,23,22,0.9565217391304348,MR12 MR10 MR11 MR02 MR13 MR04 MR06 MR07 MR14
3996,9,24,23,0.9583333333333334,MR13 MR10 MR02 MR06 MR12 MR11 MR04 MR07 MR14
3997,9,23,22,0.9565217391304348,MR12 MR10 MR11 MR02 MR14 MR13 MR04 MR06 MR07
3998,8,25,21,0.84,MR13 MR10 MR11 MR02 MR04 MR12 MR06 MR14
3999,9,23,23,1.0,MR13 MR10 MR02 MR11 MR07 MR12 MR04 MR06 MR14
4000,9,25,23,0.92,MR13 MR10 MR11 MR02 MR07 MR04 MR12 MR14 MR06
4001,9,22,20,0.9090909090909091,MR13 MR10 MR02 MR11 MR07 MR12 MR04 MR14 MR06
4002,9,24,23,0.9583333333333334,MR13 MR10 MR02 MR11 MR06 MR04 MR12 MR07 MR14
4003,9,26,25,0.9615384615384616,MR12 MR10 MR02 MR11 MR07 MR04 MR06 MR13 MR14
4004,9,24,24,1.0,MR12 MR10 MR02 MR11 MR14 MR13 MR04 MR06 MR07
4005,9,21,21,1.0,MR13 MR10 MR02 MR06 MR07 MR11 MR04 MR12 MR14
4006,9,20,20,1.0,MR13 MR10 MR02 MR06 MR07 MR11 MR04 MR14 MR12
4007,9,19,19,1.0,MR13 MR10 MR02 MR11 MR07 MR12 MR04 MR06 MR14
4008,9,19,19,1.0,MR13 MR10 MR11 MR02 MR14 MR04 MR07 MR12 MR06
4009,8,30,26,0.8666666666666667,MR13 MR10 MR02 MR06 MR11 MR04 MR07 MR14
4010,9,26,25,0.9615384615384616,MR13 MR10 MR11 MR02 MR04 MR07 MR12 MR06 MR14
4011,9,20,19,0.95,MR12 MR10 MR02 MR07 MR13 MR11 MR04 MR06 MR14
4012,9,26,25,0.9615384615384616,MR12 MR10 MR11 MR02 MR13 MR04 MR07 MR14 MR06
4013,9,19,18,0.9473684210526315,MR12 MR10 MR02 MR11 MR07 MR14 MR04 MR13 MR06
4014,9,23,23,1.0,MR13 MR10 MR02 MR06 MR14 MR04 MR07 MR11 MR12
4015,9,23,22,0.9565217391304348,MR13 MR10 MR02 MR11 MR14 MR06 MR04 MR07 MR12
4016,8,25,21,0.84,MR13 MR10 MR02 MR06 MR11 MR04 MR07 MR12
4017,8,23,19,0.8260869565217391,MR13 MR10 MR02 MR06 MR11 MR12 MR04 MR07
4018,9,25,24,0.96,MR13 MR10 MR02 MR06 MR11 MR04 MR07 MR12 MR14
4019,9,23,23,1.0,MR13 MR10 MR02 MR07 MR06 MR04 MR11 MR12 MR14
4020,9,24,23,0.9583333333333334,MR13 MR10 MR11 MR02 MR07 MR04 MR12 MR14 MR06
4021,9,23,22,0.9565217391304348,MR13 MR10 MR02 MR11 MR06 MR04 MR12 MR07 MR14
4022,9,20,19,0.95,MR13 MR10 MR06 MR02 MR14 MR04 MR07 MR12 MR11
4023,9,17,16,0.9411764705882353,MR13 MR10 MR11 MR02 MR04 MR07 MR14 MR06 MR12
4024,9,18,17,0.9444444444444444,MR13 MR10 MR02 MR06 MR11 MR04 MR14 MR07 MR12
4025,9,19,19,1.0,MR13 MR10 MR02 MR06 MR07 MR11 MR04 MR12 MR14
4026,9,22,22,1.0,MR13 MR10 MR11 MR02 MR07 MR12 MR04 MR06 MR14
4027,8,28,21,0.75,MR07 MR10 MR02 MR11 MR14 MR04 MR05 MR12
4028,9,24,24,1.0,MR13 MR10 MR07 MR02 MR11 MR14 MR04 MR06 MR12
4029,8,20,17,0.85,MR13 MR10 MR11 MR02 MR12 MR04 MR07 MR06
4030,9,25,24,0.96,MR13 MR10 MR02 MR06 MR11 MR12 MR04 MR14 MR07
4031,9,23,23,1.0,MR13 MR10 MR02 MR11 MR06 MR12 MR04 MR14 MR07
4032,9,24,23,0.9583333333333334,MR13 MR10 MR11 MR02 MR12 MR04 MR07 MR06 MR14
4033,9,23,22,0.9565217391304348,MR13 MR10 MR02 MR11 MR14 MR06 MR04 MR07 MR12
4034,9,24,23,0.9583333333333334,MR12 MR10 MR02 MR06 MR13 MR11 MR14 MR04 MR07
4035,9,24,23,0.9583333333333334,MR13 MR10 MR02 MR06 MR11 MR12 MR04 MR14 MR07
4036,9,19,17,0.8947368421052632,MR13 MR10 MR02 MR11 MR04 MR06 MR07 MR14 MR12
4037,8,26,23,0.8846153846153846,MR13 MR10 MR02 MR07 MR04 MR06 MR11 MR14
4038,9,22,21,0.9545454545454546,MR13 MR10 MR11 MR02 MR04 MR06 MR14 MR07 MR12
4039,8,31,27,0.8709677419354839,MR13 MR10 MR02 MR06 MR11 MR04 MR12 MR07
4040,9,25,23,0.92,MR13 MR10 MR02 MR07 MR12 MR06 MR04 MR11 MR14
4041,9,25,24,0.96,MR13 MR10 MR02 MR07 MR11 MR04 MR06 MR12 MR14
4042,9,24,23,0.9583333333333334,MR13 MR10 MR02 MR11 MR07 MR04 MR12 MR14 MR06
4043,9,25,25,1.0,MR13 MR10 MR02 MR07 MR14 MR11 MR04 MR06 MR12
4044,8,27,23,0.8518518518518519,MR13 MR10 MR11 MR02 MR12 MR04 MR07 MR14
4045,8,28,24,0.8571428571428571,MR13 MR10 MR02 MR11 MR06 MR12 MR04 MR07
4046,9,23,23,1.0,MR13 MR10 MR11 MR02 MR07 MR04 MR12 MR14 MR06
4047,8,21,17,0.8095238095238095,MR13 MR10 MR11 MR02 MR06 MR12 MR14 MR04
4048,9,24,23,0.9583333333333334,MR13 MR10 MR02 MR07 MR06 MR04 MR11 MR14 MR12
4049,8,26,23,0.8846153846153846,MR13 MR10 MR02 MR11 MR12 MR04 MR06 MR07
4050,9,25,24,0.96,MR13 MR10 MR02 MR11 MR14 MR06 MR04 MR07 MR12
4051,9,26,25,0.9615384615384616,MR13 MR10 MR11 MR02 MR14 MR04 MR06 MR07 MR12
4052,9,25,24,0.96,MR12 MR10 MR11 MR02 MR13 MR04 MR07 MR14 MR06
4053,9,26,24,0.9230769230769231,MR13 MR10 MR11 MR02 MR04 MR06 MR07 MR12 MR14
4054,9,22,21,0.9545454545454546,MR13 MR10 MR02 MR07 MR11 MR12 MR04 MR06 MR14
4055,9,23,22,0.9565217391304348,MR13 MR10 MR02 MR11 MR07 MR04 MR06 MR14 MR12
4056,9,20,20,1.0,MR13 MR10 MR11 MR02 MR06 MR04 MR12 MR14 MR07
4057,9,22,21,0.9545454545454546,MR13 MR10 MR02 MR14 MR06 MR07 MR11 MR04 MR12
4058,9,21,20,0.9523809523809523,MR13 MR10 MR11 MR02 MR12 MR04 MR14 MR06 MR07
4059,9,18,18,1.0,MR13 MR10 MR02 MR07 MR12 MR04 MR06 MR11 MR14
4060,9,25,25,1.0,MR13 MR10 MR02 MR11 MR14 MR04 MR06 MR07 MR12
4061,9,27,26,0.9629629629629629,MR13 MR10 MR02 MR11 MR06 MR14 MR04 MR07 MR12
4062,9,21,19,0.9047619047619048,MR13 MR10 MR02 MR11 MR06 MR04 MR12 MR14 MR07
4063,9,26,26,1.0,MR13 MR10 MR02 MR06 MR11 MR14 MR04 MR07 MR12
4064,9,23,22,0.9565217391304348,MR13 MR10 MR02 MR11 MR07 MR04 MR12 MR06 MR14
4065,9,26,25,0.9615384615384616,MR12 MR10 MR02 MR13 MR06 MR11 MR14 MR04 MR07
4066,9,27,26,0.9629629629629629,MR12 MR10 MR02 MR11 MR13 MR04 MR06 MR07 MR14
4067,9,25,24,0.96,MR13 MR10 MR11 MR02 MR12 MR04 MR06 MR14 MR07
4068,9,23,22,0.9565217391304348,MR12 MR10 MR02 MR07 MR14 MR11 MR04 MR06 MR13
4069,9,23,21,0.9130434782608695,MR13 MR10 MR02 MR11 MR12 MR06 MR04 MR07 MR14
4070,9,24,23,0.9583333333333334,MR13 MR10 MR11 MR02 MR14 MR12 MR04 MR07 MR06
4071,9,21,20,0.9523809523809523,MR13 MR10 MR11 MR02 MR14 MR04 MR06 MR07 MR12
4072,9,20,20,1.0,MR12 MR10 MR11 MR02 MR13 MR14 MR04 MR07 MR06
4073,9,24,22,0.9166666666666666,MR13 MR10 MR02 MR11 MR07 MR14 MR04 MR06 MR12
4074,9,26,25,0.9615384615384616,MR13 MR10 MR02 MR07 MR12 MR11 MR04 MR06 MR14
4075,9,22,21,0.9545454545454546,MR13 MR10 MR02 MR06 MR11 MR12 MR04 MR07 MR14
4076,9,27,26,0.9629629629629629,MR12 MR10 MR02 MR11 MR06 MR13 MR04 MR07 MR14
4077,9,25,24,0.96,MR13 MR10 MR11 MR02 MR14 MR04 MR07 MR06 MR12
4078,9,20,20,1.0,MR13 MR10 MR02 MR11 MR07 MR04 MR06 MR12 MR14
4079,9,26,24,0.9230769230769231,MR13 MR10 MR02 MR11 MR06 MR04 MR14 MR07 MR12
4080,9,30,29,0.9666666666666667,MR06 MR10 MR02 MR14 MR04 MR07 MR11 MR13 MR12
4081,9,28,27,0.9642857142857143,MR13 MR10 MR02 MR06 MR11 MR12 MR04 MR07 MR14
4082,8,28,24,0.8571428571428571,MR13 MR10 MR02 MR11 MR04 MR06 MR07 MR12
4083,9,23,22,0.9565217391304348,MR13 MR10 MR11 MR02 MR14 MR12 MR04 MR06 MR07
4084,9,27,26,0.9629629629629629,MR12 MR10 MR07 MR02 MR13 MR11 MR04 MR14 MR06
4085,9,23,21,0.9130434782608695,MR13 MR10 MR02 MR11 MR06 MR12 MR04 MR14 MR07
4086,9,26,25,0.9615384615384616,MR13 MR10 MR11 MR02 MR04 MR07 MR14 MR06 MR12
4087,9,27,26,0.9629629629629629,MR13 MR10 MR11 MR02 MR14 MR04 MR06 MR12 MR07
4088,9,25,24,0.96,MR13 MR10 MR02 MR06 MR14 MR11 MR04 MR07 MR12
4089,9,24,22,0.9166666666666666,MR12 MR10 MR11 MR02 MR13 MR04 MR07 MR14 MR06
4090,8,21,17,0.8095238095238095,MR13 MR10 MR11 MR02 MR07 MR14 MR04 MR12
4091,9,21,20,0.9523809523809523,MR13 MR10 MR02 MR07 MR11 MR04 MR06 MR14 MR12
4092,9,25,24,0.96,MR13 MR10 MR02 MR11 MR07 MR04 MR06 MR12 MR14
4093,9,24,24,1.0,MR13 MR10 MR02 MR11 MR14 MR04 MR06 MR07 MR12
4094,9,29,27,0.9310344827586207,MR13 MR10 MR11 MR02 MR04 MR14 MR07 MR06 MR12
4095,9,29,27,0.9310344827586207,MR13 MR10 MR02 MR07 MR14 MR06 MR04 MR12 MR11
4096,9,21,21,1.0,MR12 MR10 MR02 MR06 MR07 MR11 MR13 MR04 MR14
4097,9,25,25,1.0,MR13 MR10 MR02 MR06 MR11 MR14 MR04 MR07 MR12
4098,9,27,26,0.9629629629629629,MR13 MR10 MR02 MR07 MR11 MR12 MR04 MR06 MR14
4099,9,31,30,0.967741935483871,MR13 MR10 MR02 MR06 MR14 MR04 MR07 MR11 MR12
4100,9,27,27,1.0,MR13 MR10 MR11 MR02 MR04 MR06 MR07 MR12 MR14
4101,9,21,20,0.9523809523809523,MR13 MR10 MR11 MR02 MR12 MR06 MR04 MR07 MR14
4102,9,26,25,0.9615384615384616,MR13 MR10 MR02 MR07 MR11 MR14 MR04 MR06 MR12
4103,9,25,24,0.96,MR13 MR10 MR02 MR11 MR06 MR12 MR04 MR07 MR14
4104,8,27,24,0.8888888888888888,MR13 MR10 MR11 MR02 MR06 MR04 MR14 MR12
4105,9,23,23,1.0,MR13 MR10 MR02 MR06 MR11 MR14 MR04 MR07 MR12
4106,9,22,21,0.9545454545454546,MR13 MR10 MR11 MR02 MR04 MR06 MR07 MR14 MR12
4107,9,25,24,0.96,MR13 MR10 MR07 MR02 MR12 MR06 MR04 MR14 MR11
4108,9,22,21,0.9545454545454546,MR13 MR10 MR02 MR07 MR11 MR04 MR12 MR06 MR14
4109,9,25,24,0.96,MR13 MR10 MR11 MR14 MR02 MR04 MR07 MR06 MR12
4110,8,26,22,0.8461538461538461,MR13 MR10 MR02 MR06 MR11 MR04 MR12 MR14
4111,9,25,24,0.96,MR12 MR10 MR02 MR06 MR14 MR11 MR04 MR07 MR13
4112,9,24,22,0.9166666666666666,MR13 MR10 MR02 MR11 MR04 MR06 MR07 MR14 MR12
4113,9,21,21,1.0,MR13 MR10 MR14 MR02 MR11 MR07 MR04 MR06 MR12
4114,9,27,25,0.9259259259259259,MR13 MR10 MR02 MR11 MR06 MR04 MR12 MR14 MR07
4115,9,24,24,1.0,MR13 MR10 MR11 MR02 MR04 MR06 MR07 MR12 MR14
4116,9,28,27,0.9642857142857143,MR13 MR10 MR11 MR02 MR04 MR06 MR07 MR12 MR14
4117,9,22,19,0.8636363636363636,MR05 MR10 MR11 MR02 MR07 MR14 MR04 MR12 MR06
4118,9,26,25,0.9615384615384616,MR13 MR10 MR14 MR02 MR06 MR07 MR11 MR04 MR12
4119,9,25,24,0.96,MR12 MR10 MR11 MR02 MR13 MR04 MR07 MR14 MR06
4120,9,25,23,0.92,MR13 MR10 MR02 MR11 MR06 MR04 MR07 MR12 MR14
4121,9,20,20,1.0,MR12 MR10 MR02 MR11 MR13 MR06 MR04 MR07 MR14
4122,9,29,27,0.9310344827586207,MR13 MR10 MR02 MR06 MR11 MR14 MR04 MR07 MR12
4123,9,26,25,0.9615384615384616,MR13 MR10 MR02 MR11 MR06 MR04 MR07 MR14 MR12
4124,9,25,24,0.96,MR13 MR10 MR02 MR11 MR06 MR04 MR07 MR12 MR14
4125,9,24,23,0.9583333333333334,MR13 MR10 MR11 MR02 MR12 MR04 MR07 MR14 MR06
4126,9,26,24,0.9230769230769231,MR13 MR10 MR11 MR02 MR04 MR07 MR06 MR12 MR14
4127,9,23,22,0.9565217391304348,MR13 MR10 MR02 MR06 MR11 MR14 MR04 MR07 MR12
4128,8,24,20,0.8333333333333334,MR13 MR10 MR02 MR07 MR11 MR04 MR14 MR06
4129,9,22,21,0.9545454545454546,MR13 MR10 MR11 MR02 MR04 MR12 MR06 MR07 MR14
4130,9,23,22,0.9565217391304348,MR13 MR10 MR11 MR02 MR14 MR04 MR07 MR06 MR12
4131,9,22,22,1.0,MR13 MR10 MR11 MR02 MR14 MR04 MR06 MR12 MR07
4132,9,25,24,0.96,MR13 MR10 MR02 MR07 MR11 MR04 MR14 MR06 MR12
4133,9,23,22,0.9565217391304348,MR13 MR10 MR11 MR02 MR14 MR04 MR06 MR12 MR07
4134,9,21,20,0.9523809523809523,MR13 MR10 MR02 MR11 MR06 MR04 MR07 MR14 MR12
4135,9,21,20,0.9523809523809523,MR13 MR10 MR02 MR06 MR07 MR04 MR12 MR14 MR11
4136,9,27,27,1.0,MR13 MR10 MR02 MR07 MR14 MR11 MR04 MR06 MR12
4137,9,26,22,0.8461538461538461,MR12 MR10 MR11 MR02 MR05 MR04 MR06 MR07 MR14
4138,9,21,20,0.9523809523809523,MR13 MR10 MR02 MR11 MR12 MR06 MR04 MR07 MR14
4139,9,21,20,0.9523809523809523,MR13 MR10 MR02 MR07 MR11 MR14 MR04 MR06 MR12
4140,8,23,19,0.8260869565217391,MR13 MR10 MR02 MR11 MR07 MR04 MR12 MR06
4141,8,22,19,0.8636363636363636,MR13 MR10 MR11 MR02 MR07 MR04 MR12 MR14
4142,9,24,23,0.9583333333333334,MR13 MR10 MR02 MR11 MR07 MR12 MR04 MR06 MR14
4143,8,23,19,0.8260869565217391,MR13 MR10 MR06 MR02 MR04 MR07 MR11 MR12
4144,9,19,19,1.0,MR13 MR10 MR02 MR11 MR07 MR04 MR14 MR06 MR12
4145,9,28,27,0.9642857142857143,MR13 MR10 MR11 MR02 MR14 MR04 MR06 MR07 MR12
4146,9,25,25,1.0,MR13 MR10 MR11 MR02 MR14 MR06 MR12 MR04 MR07
4147,9,22,21,0.9545454545454546,MR13 MR10 MR11 MR02 MR12 MR04 MR06 MR07 MR14
4148,9,22,22,1.0,MR12 MR10 MR02 MR13 MR06 MR11 MR04 MR07 MR14
4149,8,26,22,0.8461538461538461,MR13 MR10 MR11 MR02 MR12 MR07 MR04 MR14
4150,8,28,24,0.8571428571428571,MR13 MR10 MR02 MR06 MR11 MR04 MR12 MR14
4151,9,24,23,0.9583333333333334,MR12 MR10 MR02 MR11 MR06 MR04 MR13 MR14 MR07
4152,8,25,21,0.84,MR13 MR10 MR02 MR11 MR07 MR04 MR14 MR06
4153,9,26,25,0.9615384615384616,MR13 MR10 MR06 MR02 MR04 MR11 MR12 MR07 MR14
4154,8,23,19,0.8260869565217391,MR12 MR10 MR11 MR02 MR13 MR04 MR06 MR07
4155,9,21,20,0.9523809523809523,MR13 MR10 MR02 MR06 MR07 MR11 MR12 MR04 MR14
4156,9,24,23,0.9583333333333334,MR13 MR10 MR02 MR06 MR07 MR04 MR12 MR11 MR14
4157,9,26,23,0.8846153846153846,MR05 MR10 MR02 MR11 MR14 MR06 MR04 MR07 MR12
4158,9,25,24,0.96,MR12 MR10 MR02 MR11 MR07 MR13 MR04 MR06 MR14
4159,9,21,20,0.9523809523809523,MR13 MR10 MR11 MR02 MR04 MR07 MR14 MR06 MR12
4160,8,29,25,0.8620689655172413,MR13 MR10 MR11 MR02 MR07 MR04 MR12 MR14
4161,9,22,21,0.9545454545454546,MR13 MR10 MR02 MR06 MR07 MR11 MR12 MR04 MR14
4162,9,23,22,0.9565217391304348,MR13 MR10 MR11 MR02 MR14 MR04 MR07 MR12 MR06
4163,9,27,26,0.9629629629629629,MR13 MR10 MR11 MR02 MR04 MR06 MR07 MR12 MR14
4164,8,28,24,0.8571428571428571,MR12 MR10 MR02 MR11 MR07 MR13 MR04 MR06
4165,9,21,20,0.9523809523809523,MR13 MR10 MR02 MR07 MR11 MR14 MR04 MR06 MR12
4166,9,24,23,0.9583333333333334,MR13 MR10 MR02 MR06 MR11 MR14 MR04 MR07 MR12
4167,9,22,21,0.9545454545454546,MR13 MR10 MR11 MR02 MR14 MR04 MR06 MR07 MR12
4168,9,22,21,0.9545454545454546,MR12 MR10 MR02 MR11 MR07 MR13 MR04 MR06 MR14
4169,9,24,24,1.0,MR12 MR10 MR02 MR07 MR11 MR14 MR04 MR13 MR06
4170,9,30,29,0.9666666666666667,MR13 MR10 MR02 MR11 MR06 MR04 MR12 MR14 MR07
4171,9,24,23,0.9583333333333334,MR13 MR10 MR02 MR06 MR07 MR11 MR12 MR04 MR14
4172,9,25,24,0.96,MR13 MR10 MR02 MR11 MR06 MR04 MR07 MR12 MR14
4173,9,30,29,0.9666666666666667,MR12 MR10 MR02 MR06 MR07 MR11 MR13 MR04 MR14
4174,9,20,19,0.95,MR13 MR10 MR02 MR11 MR07 MR04 MR06 MR14 MR12
4175,9,24,23,0.9583333333333334,MR13 MR10 MR02 MR11 MR04 MR06 MR07 MR12 MR14
4176,9,20,19,0.95,MR13 MR10 MR11 MR02 MR04 MR07 MR14 MR06 MR12
4177,8,23,20,0.8695652173913043,MR13 MR10 MR11 MR02 MR06 MR12 MR04 MR14
4178,9,27,26,0.9629629629629629,MR13 MR10 MR02 MR06 MR07 MR04 MR11 MR12 MR14
4179,8,24,20,0.8333333333333334,MR13 MR10 MR11 MR02 MR07 MR14 MR04 MR12
4180,9,27,26,0.9629629629629629,MR13 MR10 MR02 MR14 MR06 MR07 MR11 MR04 MR12
4181,9,22,21,0.9545454545454546,MR13 MR10 MR11 MR02 MR12 MR04 MR06 MR14 MR07
4182,9,22,21,0.9545454545454546,MR14 MR10 MR11 MR02 MR13 MR04 MR06 MR12 MR07
4183,9,23,21,0.9130434782608695,MR13 MR10 MR11 MR02 MR14 MR07 MR04 MR12 MR06
4184,9,23,22,0.9565217391304348,MR13 MR10 MR11 MR02 MR06 MR04 MR12 MR14 MR07
4185,9,28,27,0.9642857142857143,MR13 MR10 MR11 MR02 MR14 MR04 MR06 MR07 MR12
4186,9,28,27,0.9642857142857143,MR13 MR10 MR02 MR07 MR11 MR12 MR14 MR04 MR06
4187,9,22,21,0.9545454545454546,MR13 MR10 MR02 MR06 MR11 MR14 MR04 MR07 MR12
4188,9,26,26,1.0,MR12 MR10 MR11 MR02 MR14 MR04 MR13 MR06 MR07
4189,9,24,24,1.0,MR13 MR10 MR11 MR02 MR12 MR04 MR06 MR07 MR14
4190,9,30,29,0.9666666666666667,MR13 MR10 MR02 MR11 MR07 MR04 MR12 MR06 MR14
4191,9,25,25,1.0,MR13 MR10 MR02 MR11 MR14 MR06 MR04 MR12 MR07
4192,9,22,21,0.9545454545454546,MR13 MR10 MR02 MR06 MR11 MR14 MR04 MR12 MR07
4193,8,26,23,0.8846153846153846,MR13 MR10 MR02 MR06 MR11 MR04 MR07 MR12
4194,9,22,21,0.9545454545454546,MR13 MR10 MR02 MR11 MR06 MR12 MR04 MR14 MR07
4195,9,24,23,0.9583333333333334,MR12 MR10 MR02 MR11 MR13 MR04 MR06 MR07 MR14
4196,9,19,18,0.9473684210526315,MR13 MR10 MR02 MR11 MR06 MR04 MR07 MR12 MR14
4197,9,20,19,0.95,MR12 MR10 MR02 MR11 MR07 MR13 MR04 MR06 MR14
4198,8,29,24,0.8275862068965517,MR13 MR10 MR11 MR02 MR12 MR04 MR06 MR07
4199,9,23,22,0.9565217391304348,MR13 MR10 MR11 MR02 MR14 MR04 MR07 MR06 MR12
4200,8,23,19,0.8260869565217391,MR13 MR10 MR11 MR02 MR04 MR07 MR06 MR14
4201,8,29,25,0.8620689655172413,MR12 MR10 MR02 MR11 MR13 MR06 MR04 MR07
4202,9,26,24,0.9230769230769231,MR12 MR10 MR11 MR02 MR13 MR04 MR06 MR07 MR14
4203,9,27,23,0.8518518518518519,MR12 MR10 MR02 MR11 MR07 MR04 MR06 MR05 MR14
4204,9,21,19,0.9047619047619048,MR13 MR10 MR11 MR02 MR04 MR06 MR07 MR14 MR12
4205,9,22,21,0.9545454545454546,MR13 MR10 MR11 MR02 MR07 MR12 MR04 MR14 MR06
4206,9,22,22,1.0,MR13 MR10 MR02 MR11 MR07 MR04 MR06 MR14 MR12
4207,7,25,18,0.72,MR13 MR10 MR02 MR07 MR11 MR14 MR04
4208,9,25,25,1.0,MR13 MR10 MR02 MR11 MR12 MR14 MR04 MR06 MR07
4209,9,23,22,0.9565217391304348,MR13 MR10 MR02 MR11 MR06 MR14 MR04 MR12 MR07
4210,9,24,24,1.0,MR12 MR10 MR02 MR06 MR11 MR04 MR07 MR13 MR14
4211,9,21,21,1.0,MR13 MR10 MR02 MR11 MR07 MR12 MR14 MR04 MR06
4212,9,20,20,1.0,MR13 MR10 MR11 MR02 MR04 MR06 MR12 MR14 MR07
4213,9,25,25,1.0,MR13 MR10 MR02 MR11 MR06 MR04 MR07 MR14 MR12
4214,9,25,24,0.96,MR13 MR10 MR02 MR11 MR06 MR04 MR12 MR14 MR07
4215,9,22,21,0.9545454545454546,MR13 MR10 MR02 MR11 MR04 MR06 MR07 MR14 MR12
4216,9,20,19,0.95,MR13 MR10 MR02 MR12 MR06 MR07 MR11 MR04 MR14
4217,9,27,26,0.9629629629629629,MR13 MR10 MR02 MR11 MR07 MR12 MR04 MR06 MR14
4218,9,24,23,0.9583333333333334,MR12 MR10 MR11 MR02 MR13 MR14 MR04 MR07 MR06
4219,9,24,20,0.8333333333333334,MR05 MR10 MR02 MR11 MR06 MR14 MR04 MR12 MR07
4220,9,28,26,0.9285714285714286,MR12 MR10 MR02 MR06 MR11 MR14 MR13 MR04 MR07
4221,9,22,21,0.9545454545454546,MR13 MR10 MR02 MR06 MR11 MR14 MR04 MR12 MR07
4222,9,24,23,0.9583333333333334,MR13 MR10 MR02 MR11 MR07 MR04 MR14 MR06 MR12
4223,9,23,21,0.9130434782608695,MR13 MR10 MR11 MR02 MR06 MR04 MR14 MR12 MR07
4224,9,24,23,0.9583333333333334,MR13 MR10 MR11 MR02 MR12 MR04 MR06 MR14 MR07
4225,9,24,23,0.9583333333333334,MR13 MR10 MR02 MR06 MR07 MR11 MR14 MR04 MR12
4226,9,23,23,1.0,MR13 MR10 MR11 MR02 MR04 MR06 MR12 MR14 MR07
4227,9,24,23,0.9583333333333334,MR13 MR10 MR11 MR02 MR04 MR07 MR06 MR12 MR14
4228,9,24,22,0.9166666666666666,MR13 MR10 MR11 MR02 MR04 MR06 MR07 MR12 MR14
4229,9,22,21,0.9545454545454546,MR13 MR10 MR02 MR11 MR06 MR04 MR12 MR14 MR07
4230,9,23,22,0.9565217391304348,MR13 MR10 MR02 MR11 MR06 MR04 MR14 MR07 MR12
4231,9,24,23,0.9583333333333334,MR13 MR10 MR11 MR02 MR14 MR04 MR07 MR12 MR06
4232,9,22,22,1.0,MR13 MR10 MR11 MR02 MR14 MR12 MR04 MR07 MR06
4233,9,23,22,0.9565217391304348,MR13 MR10 MR11 MR02 MR06 MR04 MR12 MR14 MR07
4234,9,21,16,0.7619047619047619,MR05 MR10 MR02 MR14 MR06 MR07 MR11 MR04 MR12
4235,8,20,16,0.8,MR13 MR10 MR11 MR02 MR06 MR14 MR04 MR12
4236,8,26,22,0.8461538461538461,MR13 MR10 MR11 MR02 MR04 MR07 MR12 MR06
4237,9,21,20,0.9523809523809523,MR13 MR10 MR02 MR06 MR11 MR04 MR07 MR12 MR14
4238,9,22,20,0.9090909090909091,MR13 MR10 MR02 MR07 MR11 MR12 MR04 MR14 MR06
4239,9,28,26,0.9285714285714286,MR12 MR10 MR11 MR02 MR13 MR14 MR04 MR06 MR07
4240,9,24,23,0.9583333333333334,MR13 MR10 MR02 MR11 MR14 MR06 MR04 MR07 MR12
4241,9,26,25,0.9615384615384616,MR13 MR10 MR02 MR06 MR07 MR11 MR12 MR04 MR14
4242,9,24,24,1.0,MR12 MR10 MR02 MR11 MR07 MR13 MR04 MR14 MR06
4243,9,24,22,0.9166666666666666,MR13 MR10 MR11 MR02 MR04 MR07 MR14 MR06 MR12
4244,9,26,25,0.9615384615384616,MR13 MR10 MR02 MR11 MR07 MR14 MR04 MR06 MR12
4245,9,25,23,0.92,MR13 MR10 MR11 MR02 MR12 MR04 MR07 MR14 MR06
4246,9,28,27,0.9642857142857143,MR07 MR10 MR02 MR14 MR11 MR04 MR06 MR13 MR12
4247,9,24,23,0.9583333333333334,MR13 MR10 MR02 MR11 MR06 MR04 MR07 MR12 MR14
4248,9,23,23,1.0,MR13 MR10 MR02 MR11 MR14 MR06 MR04 MR07 MR12
4249,9,21,20,0.9523809523809523,MR13 MR10 MR02 MR06 MR07 MR11 MR14 MR04 MR12
4250,9,24,23,0.9583333333333334,MR13 MR10 MR02 MR11 MR06 MR12 MR04 MR07 MR14
4251,9,24,23,0.9583333333333334,MR13 MR10 MR11 MR02 MR04 MR06 MR12 MR07 MR14
4252,9,24,24,1.0,MR13 MR10 MR02 MR07 MR11 MR04 MR06 MR12 MR14
4253,9,24,23,0.9583333333333334,MR12 MR10 MR02 MR11 MR07 MR13 MR04 MR06 MR14
4254,9,26,25,0.9615384615384616,MR13 MR10 MR02 MR06 MR07 MR11 MR14 MR04 MR12
4255,9,25,24,0.96,MR12 MR10 MR02 MR11 MR06 MR13 MR04 MR14 MR07
4256,9,23,22,0.9565217391304348,MR12 MR10 MR02 MR06 MR14 MR07 MR04 MR11 MR13
4257,9,25,24,0.96,MR13 MR10 MR02 MR11 MR14 MR07 MR04 MR06 MR12
4258,9,23,22,0.9565217391304348,MR13 MR10 MR11 MR02 MR14 MR04 MR07 MR12 MR06
4259,9,19,18,0.9473684210526315,MR13 MR10 MR02 MR07 MR11 MR04 MR14 MR06 MR12
4260,9,22,21,0.9545454545454546,MR13 MR10 MR02 MR07 MR12 MR11 MR04 MR06 MR14
4261,9,21,19,0.9047619047619048,MR13 MR10 MR02 MR07 MR11 MR04 MR06 MR12 MR14
4262,8,25,21,0.84,MR13 MR10 MR02 MR11 MR07 MR14 MR04 MR06
4263,9,22,18,0.8181818181818182,MR05 MR10 MR11 MR02 MR14 MR12 MR04 MR07 MR06
4264,9,27,27,1.0,MR13 MR10 MR11 MR02 MR14 MR04 MR06 MR12 MR07
4265,9,19,18,0.9473684210526315,MR13 MR10 MR11 MR02 MR04 MR07 MR14 MR06 MR12
4266,9,22,21,0.9545454545454546,MR13 MR10 MR11 MR02 MR04 MR14 MR06 MR12 MR07
4267,9,22,21,0.9545454545454546,MR12 MR10 MR02 MR06 MR11 MR13 MR04 MR07 MR14
4268,9,23,23,1.0,MR13 MR10 MR02 MR11 MR07 MR04 MR12 MR14 MR06
4269,9,23,23,1.0,MR12 MR10 MR02 MR06 MR07 MR13 MR04 MR11 MR14
4270,9,25,25,1.0,MR13 MR10 MR02 MR06 MR07 MR14 MR04 MR12 MR11
4271,9,26,26,1.0,MR13 MR10 MR02 MR11 MR07 MR04 MR06 MR12 MR14
4272,9,23,22,0.9565217391304348,MR13 MR10 MR02 MR11 MR04 MR06 MR07 MR14 MR12
4273,9,18,17,0.9444444444444444,MR13 MR10 MR11 MR02 MR06 MR04 MR14 MR12 MR07
4274,9,26,26,1.0,MR12 MR10 MR11 MR02 MR13 MR04 MR07 MR14 MR06
4275,9,22,22,1.0,MR13 MR10 MR02 MR07 MR14 MR11 MR04 MR06 MR12
4276,9,27,26,0.9629629629629629,MR13 MR10 MR11 MR02 MR04 MR06 MR12 MR14 MR07
4277,9,27,26,0.9629629629629629,MR13 MR10 MR11 MR02 MR14 MR04 MR06 MR12 MR07
4278,9,27,26,0.9629629629629629,MR13 MR10 MR11 MR02 MR06 MR14 MR04 MR12 MR07
4279,9,25,24,0.96,MR13 MR10 MR02 MR11 MR14 MR07 MR04 MR12 MR06
4280,8,21,17,0.8095238095238095,MR13 MR10 MR02 MR11 MR07 MR14 MR04 MR06
4281,8,25,21,0.84,MR13 MR10 MR11 MR02 MR04 MR06 MR14 MR07
4282,9,26,25,0.9615384615384616,MR13 MR10 MR11 MR02 MR04 MR06 MR07 MR12 MR14
4283,9,27,26,0.9629629629629629,MR13 MR10 MR02 MR11 MR12 MR04 MR06 MR07 MR14
4284,9,25,24,0.96,MR13 MR10 MR11 MR02 MR12 MR04 MR07 MR14 MR06
4285,9,27,26,0.9629629629629629,MR13 MR10 MR02 MR11 MR06 MR04 MR12 MR07 MR14
4286,9,26,22,0.8461538461538461,MR12 MR10 MR11 MR02 MR04 MR05 MR06 MR14 MR07
4287,8,21,17,0.8095238095238095,MR13 MR10 MR02 MR11 MR06 MR04 MR07 MR14
4288,9,24,23,0.9583333333333334,MR12 MR10 MR11 MR02 MR14 MR13 MR04 MR06 MR07
4289,9,23,22,0.9565217391304348,MR13 MR10 MR11 MR02 MR14 MR04 MR07 MR12 MR06
4290,9,23,22,0.9565217391304348,MR13 MR10 MR02 MR11 MR04 MR06 MR07 MR12 MR14
4291,9,25,25,1.0,MR13 MR10 MR02 MR11 MR14 MR07 MR04 MR12 MR06
4292,9,21,20,0.9523809523809523,MR13 MR10 MR02 MR07 MR06 MR04 MR14 MR11 MR12
4293,9,24,23,0.9583333333333334,MR13 MR10 MR11 MR02 MR14 MR06 MR04 MR12 MR07
4294,8,27,23,0.8518518518518519,MR12 MR10 MR11 MR02 MR07 MR04 MR13 MR14
4295,9,24,24,1.0,MR12 MR10 MR11 MR02 MR14 MR04 MR07 MR13 MR06
4296,9,26,25,0.9615384615384616,MR13 MR10 MR02 MR11 MR07 MR04 MR14 MR12 MR06
4297,8,26,22,0.8461538461538461,MR13 MR10 MR02 MR11 MR07 MR14 MR04 MR06
4298,9,20,20,1.0,MR13 MR10 MR11 MR02 MR04 MR07 MR12 MR14 MR06
4299,9,21,21,1.0,MR13 MR10 MR02 MR07 MR12 MR11 MR04 MR06 MR14
4300,9,23,22,0.9565217391304348,MR13 MR10 MR02 MR11 MR06 MR04 MR07 MR12 MR14
4301,9,21,20,0.9523809523809523,MR13 MR10 MR02 MR06 MR11 MR04 MR07 MR12 MR14
4302,9,28,27,0.9642857142857143,MR13 MR10 MR02 MR14 MR06 MR07 MR11 MR04 MR12
4303,9,21,20,0.9523809523809523,MR13 MR10 MR02 MR07 MR14 MR11 MR12 MR04 MR06
4304,9,21,21,1.0,MR13 MR10 MR11 MR02 MR14 MR04 MR06 MR12 MR07
4305,9,24,23,0.9583333333333334,MR13 MR10 MR02 MR06 MR11 MR04 MR07 MR12 MR14
4306,9,24,23,0.9583333333333334,MR13 MR10 MR11 MR02 MR14 MR06 MR04 MR07 MR12
4307,8,23,19,0.8260869565217391,MR13 MR10 MR11 MR02 MR06 MR04 MR12 MR14
4308,9,21,20,0.9523809523809523,MR13 MR10 MR02 MR11 MR04 MR06 MR07 MR12 MR14
4309,9,23,22,0.9565217391304348,MR13 MR10 MR11 MR02 MR04 MR06 MR12 MR07 MR14
4310,9,21,20,0.9523809523809523,MR13 MR10 MR02 MR06 MR07 MR11 MR04 MR12 MR14
4311,9,23,23,1.0,MR13 MR10 MR02 MR07 MR06 MR04 MR11 MR12 MR14
4312,9,24,23,0.9583333333333334,MR12 MR10 MR11 MR02 MR04 MR13 MR07 MR06 MR14
4313,9,22,22,1.0,MR13 MR10 MR11 MR02 MR06 MR12 MR04 MR14 MR07
4314,9,23,23,1.0,MR13 MR10 MR11 MR02 MR12 MR04 MR06 MR14 MR07
4315,9,30,29,0.9666666666666667,MR13 MR10 MR11 MR02 MR04 MR14 MR12 MR06 MR07
4316,9,23,22,0.9565217391304348,MR13 MR10 MR11 MR02 MR04 MR06 MR07 MR14 MR12
4317,9,18,17,0.9444444444444444,MR13 MR10 MR02 MR11 MR06 MR12 MR04 MR14 MR07
4318,9,18,18,1.0,MR13 MR10 MR11 MR02 MR04 MR07 MR06 MR14 MR12
4319,9,26,25,0.9615384615384616,MR12 MR10 MR02 MR11 MR07 MR13 MR04 MR06 MR14
4320,9,21,20,0.9523809523809523,MR13 MR10 MR11 MR02 MR14 MR04 MR07 MR06 MR12
4321,9,27,26,0.9629629629629629,MR13 MR10 MR11 MR02 MR04 MR12 MR06 MR14 MR07
4322,9,27,26,0.9629629629629629,MR13 MR10 MR02 MR11 MR14 MR07 MR04 MR06 MR12
4323,9,23,22,0.9565217391304348,MR12 MR10 MR02 MR11 MR07 MR13 MR04 MR14 MR06
4324,9,22,22,1.0,MR13 MR10 MR11 MR02 MR06 MR14 MR04 MR12 MR07
4325,9,25,25,1.0,MR13 MR10 MR02 MR06 MR11 MR04 MR07 MR12 MR14
4326,9,21,20,0.9523809523809523,MR13 MR10 MR02 MR11 MR06 MR04 MR07 MR12 MR14
4327,9,24,23,0.9583333333333334,MR13 MR10 MR02 MR06 MR07 MR04 MR11 MR12 MR14
4328,9,24,23,0.9583333333333334,MR13 MR10 MR02 MR11 MR06 MR04 MR14 MR07 MR12
4329,9,24,23,0.9583333333333334,MR13 MR10 MR11 MR02 MR12 MR14 MR04 MR07 MR06
4330,9,22,20,0.9090909090909091,MR13 MR10 MR02 MR11 MR07 MR04 MR06 MR12 MR14
4331,9,25,24,0.96,MR13 MR10 MR11 MR02 MR14 MR06 MR04 MR07 MR12
4332,9,22,21,0.9545454545454546,MR12 MR10 MR11 MR02 MR04 MR06 MR13 MR07 MR14
4333,9,26,24,0.9230769230769231,MR13 MR10 MR11 MR02 MR12 MR04 MR06 MR07 MR14
4334,9,25,24,0.96,MR13 MR10 MR02 MR11 MR07 MR04 MR06 MR12 MR14
4335,9,21,21,1.0,MR13 MR10 MR02 MR11 MR12 MR04 MR06 MR07 MR14
4336,9,24,23,0.9583333333333334,MR13 MR10 MR02 MR11 MR06 MR04 MR14 MR07 MR12
4337,9,23,22,0.9565217391304348,MR13 MR10 MR02 MR11 MR06 MR12 MR04 MR14 MR07
4338,8,19,15,0.7894736842105263,MR13 MR10 MR11 MR02 MR07 MR14 MR04 MR12
4339,9,23,23,1.0,MR13 MR10 MR11 MR02 MR04 MR12 MR14 MR07 MR06
4340,8,24,21,0.875,MR13 MR10 MR06 MR02 MR14 MR04 MR11 MR07
4341,9,25,25,1.0,MR13 MR10 MR07 MR02 MR14 MR04 MR11 MR12 MR06
4342,8,24,19,0.7916666666666666,MR13 MR10 MR11 MR02 MR12 MR04 MR06 MR14
4343,9,22,21,0.9545454545454546,MR12 MR10 MR02 MR06 MR07 MR11 MR14 MR04 MR13
4344,9,23,22,0.9565217391304348,MR13 MR10 MR02 MR11 MR06 MR04 MR12 MR14 MR07
4345,8,29,24,0.8275862068965517,MR13 MR10 MR11 MR02 MR04 MR06 MR14 MR07
4346,9,23,22,0.9565217391304348,MR13 MR10 MR11 MR02 MR04 MR14 MR06 MR07 MR12
4347,8,28,24,0.8571428571428571,MR13 MR10 MR11 MR02 MR04 MR12 MR07 MR06
4348,9,23,22,0.9565217391304348,MR13 MR10 MR11 MR02 MR14 MR04 MR06 MR07 MR12
4349,9,28,25,0.8928571428571429,MR05 MR10 MR02 MR07 MR11 MR12 MR14 MR04 MR06
4350,9,18,18,1.0,MR13 MR10 MR02 MR11 MR07 MR04 MR06 MR12 MR14
4351,9,26,25,0.9615384615384616,MR13 MR10 MR02 MR06 MR11 MR14 MR04 MR07 MR12
4352,9,21,21,1.0,MR13 MR10 MR02 MR11 MR06 MR04 MR12 MR14 MR07
4353,8,24,19,0.7916666666666666,MR13 MR10 MR02 MR11 MR07 MR14 MR04 MR06
4354,8,24,20,0.8333333333333334,MR13 MR10 MR02 MR07 MR14 MR06 MR04 MR11
4355,8,24,20,0.8333333333333334,MR13 MR10 MR11 MR02 MR04 MR06 MR12 MR14
4356,9,26,26,1.0,MR13 MR10 MR02 MR06 MR11 MR12 MR04 MR14 MR07
4357,9,26,25,0.9615384615384616,MR13 MR10 MR02 MR06 MR07 MR11 MR04 MR12 MR14
4358,9,27,26,0.9629629629629629,MR12 MR10 MR02 MR11 MR06 MR04 MR07 MR13 MR14
4359,9,27,26,0.9629629629629629,MR13 MR10 MR02 MR06 MR11 MR04 MR12 MR14 MR07
4360,9,22,18,0.8181818181818182,MR05 MR10 MR02 MR11 MR04 MR06 MR07 MR14 MR12
4361,8,22,17,0.7727272727272727,MR13 MR10 MR11 MR02 MR12 MR04 MR07 MR06
4362,9,25,25,1.0,MR13 MR10 MR11 MR02 MR12 MR04 MR06 MR07 MR14
4363,9,22,21,0.9545454545454546,MR13 MR10 MR02 MR11 MR07 MR04 MR12 MR06 MR14
4364,9,22,21,0.9545454545454546,MR13 MR10 MR11 MR02 MR04 MR06 MR12 MR14 MR07
4365,9,25,24,0.96,MR13 MR10 MR02 MR11 MR06 MR12 MR04 MR07 MR14
4366,9,24,23,0.9583333333333334,MR13 MR10 MR02 MR11 MR04 MR06 MR07 MR12 MR14
4367,9,21,19,0.9047619047619048,MR13 MR10 MR02 MR11 MR12 MR07 MR04 MR06 MR14
4368,9,27,26,0.9629629629629629,MR13 MR10 MR02 MR06 MR07 MR11 MR04 MR12 MR14
4369,9,25,25,1.0,MR07 MR10 MR02 MR12 MR13 MR11 MR14 MR04 MR06
4370,9,22,21,0.9545454545454546,MR12 MR10 MR11 MR02 MR13 MR04 MR14 MR06 MR07
4371,9,22,21,0.9545454545454546,MR13 MR10 MR11 MR02 MR14 MR04 MR07 MR06 MR12
4372,8,26,23,0.8846153846153846,MR13 MR10 MR11 MR02 MR14 MR04 MR07 MR12
4373,9,18,18,1.0,MR13 MR10 MR11 MR02 MR04 MR07 MR12 MR14 MR06
4374,9,27,26,0.9629629629629629,MR07 MR10 MR02 MR11 MR14 MR13 MR04 MR12 MR06
4375,8,28,23,0.8214285714285714,MR13 MR10 MR11 MR02 MR04 MR14 MR07 MR12
4376,9,23,21,0.9130434782608695,MR13 MR10 MR02 MR11 MR06 MR12 MR04 MR07 MR14
4377,9,24,23,0.9583333333333334,MR13 MR10 MR07 MR02 MR04 MR11 MR12 MR14 MR06
4378,9,25,23,0.92,MR12 MR10 MR02 MR11 MR13 MR14 MR04 MR06 MR07
4379,9,28,27,0.9642857142857143,MR13 MR10 MR11 MR02 MR14 MR04 MR06 MR07 MR12
4380,9,25,24,0.96,MR13 MR10 MR11 MR02 MR14 MR04 MR06 MR07 MR12
4381,9,23,22,0.9565217391304348,MR13 MR10 MR02 MR11 MR06 MR14 MR04 MR12 MR07
4382,9,23,23,1.0,MR12 MR10 MR02 MR13 MR06 MR07 MR04 MR11 MR14
4383,9,19,18,0.9473684210526315,MR13 MR10 MR02 MR11 MR07 MR04 MR06 MR12 MR14
4384,9,22,21,0.9545454545454546,MR13 MR10 MR02 MR07 MR11 MR04 MR12 MR14 MR06
4385,9,24,23,0.9583333333333334,MR13 MR10 MR02 MR11 MR06 MR12 MR04 MR07 MR14
4386,9,26,25,0.9615384615384616,MR13 MR10 MR02 MR11 MR04 MR06 MR07 MR12 MR14
4387,8,24,20,0.8333333333333334,MR13 MR10 MR11 MR02 MR07 MR12 MR04 MR14
4388,9,26,24,0.9230769230769231,MR13 MR10 MR02 MR06 MR07 MR11 MR12 MR04 MR14
4389,9,23,22,0.9565217391304348,MR13 MR10 MR11 MR02 MR04 MR12 MR14 MR06 MR07
4390,9,22,22,1.0,MR12 MR10 MR11 MR02 MR14 MR04 MR06 MR13 MR07
4391,9,24,23,0.9583333333333334,MR12 MR10 MR02 MR11 MR04 MR06 MR07 MR14 MR13
4392,9,26,25,0.9615384615384616,MR13 MR10 MR02 MR07 MR11 MR14 MR04 MR06 MR12
4393,9,23,22,0.9565217391304348,MR13 MR10 MR02 MR07 MR11 MR04 MR12 MR06 MR14
4394,9,24,23,0.9583333333333334,MR13 MR10 MR02 MR11 MR07 MR04 MR06 MR12 MR14
4395,9,26,25,0.9615384615384616,MR13 MR10 MR11 MR02 MR14 MR04 MR06 MR12 MR07
4396,9,23,22,0.9565217391304348,MR14 MR10 MR02 MR11 MR07 MR04 MR12 MR13 MR06
4397,9,26,26,1.0,MR12 MR10 MR02 MR06 MR11 MR13 MR04 MR07 MR14
4398,9,24,22,0.9166666666666666,MR12 MR10 MR11 MR02 MR04 MR07 MR13 MR06 MR14
4399,9,23,22,0.9565217391304348,MR12 MR10 MR11 MR02 MR04 MR13 MR06 MR07 MR14
4400,9,23,23,1.0,MR13 MR10 MR02 MR07 MR14 MR11 MR04 MR06 MR12
4401,9,26,25,0.9615384615384616,MR14 MR10 MR02 MR11 MR13 MR04 MR06 MR07 MR12
4402,9,27,27,1.0,MR13 MR10 MR11 MR02 MR04 MR07 MR12 MR14 MR06
4403,9,25,24,0.96,MR13 MR10 MR07 MR02 MR12 MR04 MR06 MR11 MR14
4404,9,29,27,0.9310344827586207,MR13 MR10 MR11 MR02 MR14 MR04 MR12 MR06 MR07
4405,8,21,14,0.6666666666666666,MR14 MR10 MR02 MR07 MR05 MR06 MR04 MR11
4406,9,20,19,0.95,MR13 MR10 MR11 MR02 MR06 MR04 MR12 MR14 MR07
4407,9,24,23,0.9583333333333334,MR13 MR10 MR06 MR02 MR12 MR04 MR07 MR11 MR14
4408,9,25,24,0.96,MR12 MR10 MR02 MR06 MR13 MR07 MR04 MR11 MR14
4409,8,20,16,0.8,MR13 MR10 MR02 MR11 MR06 MR04 MR07 MR12
4410,9,25,24,0.96,MR12 MR10 MR02 MR11 MR14 MR06 MR04 MR13 MR07
4411,9,27,26,0.9629629629629629,MR13 MR10 MR02 MR11 MR06 MR12 MR14 MR04 MR07
4412,9,22,21,0.9545454545454546,MR12 MR10 MR02 MR11 MR13 MR06 MR04 MR07 MR14
4413,9,26,25,0.9615384615384616,MR13 MR10 MR02 MR11 MR06 MR04 MR07 MR12 MR14
4414,9,23,21,0.9130434782608695,MR13 MR10 MR02 MR11 MR14 MR04 MR06 MR07 MR12
4415,9,21,21,1.0,MR13 MR10 MR02 MR06 MR07 MR04 MR14 MR11 MR12
4416,8,22,19,0.8636363636363636,MR12 MR10 MR11 MR02 MR06 MR13 MR04 MR14
4417,9,25,24,0.96,MR13 MR10 MR11 MR02 MR12 MR04 MR07 MR14 MR06
4418,9,22,21,0.9545454545454546,MR13 MR10 MR11 MR02 MR04 MR14 MR06 MR07 MR12
4419,9,27,26,0.9629629629629629,MR13 MR10 MR11 MR02 MR14 MR04 MR06 MR07 MR12
4420,9,24,24,1.0,MR12 MR10 MR06 MR02 MR13 MR11 MR04 MR14 MR07
4421,9,16,15,0.9375,MR13 MR10 MR02 MR06 MR07 MR11 MR14 MR04 MR12
4422,9,27,26,0.9629629629629629,MR13 MR10 MR11 MR02 MR14 MR04 MR07 MR12 MR06
4423,9,24,23,0.9583333333333334,MR13 MR10 MR02 MR11 MR07 MR04 MR12 MR14 MR06
4424,9,26,26,1.0,MR13 MR10 MR02 MR11 MR07 MR04 MR14 MR06 MR12
4425,9,23,22,0.9565217391304348,MR13 MR10 MR11 MR02 MR04 MR07 MR12 MR14 MR06
4426,9,24,23,0.9583333333333334,MR13 MR10 MR02 MR07 MR11 MR04 MR12 MR14 MR06
4427,9,25,25,1.0,MR13 MR10 MR02 MR06 MR07 MR11 MR12 MR14 MR04
4428,9,18,17,0.9444444444444444,MR13 MR10 MR02 MR07 MR11 MR04 MR14 MR06 MR12
4429,9,24,23,0.9583333333333334,MR13 MR10 MR02 MR06 MR14 MR11 MR04 MR12 MR07
4430,9,22,20,0.9090909090909091,MR13 MR10 MR07 MR02 MR04 MR11 MR12 MR14 MR06
4431,9,22,21,0.9545454545454546,MR13 MR10 MR11 MR02 MR06 MR04 MR14 MR07 MR12
4432,9,22,22,1.0,MR13 MR10 MR02 MR14 MR06 MR07 MR04 MR11 MR12
4433,8,28,24,0.8571428571428571,MR13 MR10 MR11 MR02 MR04 MR14 MR06 MR07
4434,9,24,20,0.8333333333333334,MR05 MR10 MR11 MR02 MR06 MR12 MR04 MR14 MR07
4435,9,21,21,1.0,MR13 MR10 MR02 MR11 MR14 MR07 MR04 MR06 MR12
4436,9,24,23,0.9583333333333334,MR13 MR10 MR02 MR07 MR11 MR14 MR04 MR06 MR12
4437,8,23,19,0.8260869565217391,MR13 MR10 MR06 MR02 MR11 MR04 MR12 MR14
4438,8,25,22,0.88,MR13 MR10 MR02 MR07 MR06 MR14 MR04 MR11
4439,9,25,24,0.96,MR12 MR10 MR02 MR06 MR07 MR11 MR04 MR13 MR14
4440,9,23,23,1.0,MR13 MR10 MR02 MR06 MR11 MR14 MR04 MR12 MR07
4441,9,22,22,1.0,MR12 MR10 MR02 MR07 MR13 MR11 MR04 MR06 MR14
4442,9,26,23,0.8846153846153846,MR12 MR10 MR02 MR11 MR06 MR04 MR05 MR07 MR14
4443,9,24,23,0.9583333333333334,MR12 MR10 MR11 MR02 MR04 MR06 MR13 MR07 MR14
4444,9,24,22,0.9166666666666666,MR13 MR10 MR02 MR06 MR11 MR12 MR04 MR07 MR14
4445,9,22,21,0.9545454545454546,MR13 MR10 MR11 MR02 MR04 MR07 MR12 MR14 MR06
4446,9,24,20,0.8333333333333334,MR12 MR10 MR11 MR02 MR05 MR14 MR04 MR07 MR06
4447,9,21,21,1.0,MR13 MR10 MR11 MR02 MR12 MR04 MR07 MR14 MR06
4448,9,23,22,0.9565217391304348,MR13 MR10 MR02 MR11 MR06 MR04 MR07 MR14 MR12
4449,9,21,20,0.9523809523809523,MR06 MR10 MR02 MR13 MR04 MR11 MR12 MR14 MR07
4450,8,27,20,0.7407407407407407,MR12 MR10 MR02 MR07 MR06 MR04 MR11 MR14
4451,9,25,24,0.96,MR13 MR10 MR11 MR02 MR04 MR06 MR12 MR07 MR14
4452,9,23,23,1.0,MR13 MR10 MR11 MR02 MR14 MR04 MR07 MR12 MR06
4453,9,18,18,1.0,MR13 MR10 MR02 MR06 MR07 MR11 MR04 MR12 MR14
4454,9,18,17,0.9444444444444444,MR13 MR10 MR02 MR06 MR11 MR04 MR14 MR07 MR12
4455,9,25,24,0.96,MR13 MR10 MR02 MR06 MR11 MR04 MR14 MR07 MR12
4456,9,24,21,0.875,MR12 MR10 MR11 MR02 MR04 MR05 MR07 MR14 MR06
4457,9,25,24,0.96,MR13 MR10 MR02 MR11 MR06 MR14 MR04 MR07 MR12
4458,9,25,24,0.96,MR13 MR10 MR02 MR11 MR04 MR06 MR07 MR14 MR12
4459,9,25,24,0.96,MR13 MR10 MR02 MR11 MR04 MR06 MR07 MR12 MR14
4460,9,19,18,0.9473684210526315,MR13 MR10 MR02 MR07 MR11 MR12 MR04 MR06 MR14
4461,8,26,22,0.8461538461538461,MR12 MR10 MR02 MR07 MR11 MR04 MR06 MR13
4462,9,27,25,0.9259259259259259,MR13 MR10 MR02 MR11 MR06 MR04 MR12 MR07 MR14
4463,9,21,20,0.9523809523809523,MR13 MR10 MR11 MR02 MR04 MR07 MR12 MR14 MR06
4464,9,25,24,0.96,MR13 MR10 MR02 MR11 MR06 MR12 MR14 MR04 MR07
4465,9,22,21,0.9545454545454546,MR13 MR10 MR11 MR02 MR04 MR07 MR14 MR12 MR06
4466,8,26,22,0.8461538461538461,MR13 MR10 MR11 MR02 MR14 MR06 MR04 MR07
4467,9,32,28,0.875,MR05 MR10 MR02 MR11 MR06 MR04 MR12 MR14 MR07
4468,8,24,20,0.8333333333333334,MR13 MR10 MR02 MR11 MR04 MR06 MR07 MR14
4469,9,27,26,0.9629629629629629,MR14 MR10 MR13 MR02 MR11 MR04 MR06 MR07 MR12
4470,9,24,23,0.9583333333333334,MR07 MR10 MR02 MR14 MR04 MR06 MR11 MR12 MR13
4471,8,22,17,0.7727272727272727,MR13 MR10 MR11 MR02 MR14 MR04 MR07 MR12
4472,9,24,23,0.9583333333333334,MR13 MR10 MR02 MR06 MR11 MR12 MR04 MR07 MR14
4473,9,26,24,0.9230769230769231,MR13 MR10 MR02 MR11 MR07 MR04 MR06 MR14 MR12
4474,9,24,23,0.9583333333333334,MR13 MR10 MR02 MR11 MR07 MR04 MR12 MR06 MR14
4475,9,25,24,0.96,MR13 MR10 MR11 MR02 MR12 MR04 MR14 MR06 MR07
4476,9,27,26,0.9629629629629629,MR12 MR10 MR11 MR02 MR14 MR04 MR13 MR06 MR07
4477,9,21,21,1.0,MR13 MR10 MR02 MR06 MR11 MR04 MR07 MR12 MR14
4478,8,24,21,0.875,MR13 MR10 MR11 MR02 MR14 MR04 MR07 MR06
4479,8,24,21,0.875,MR12 MR10 MR11 MR02 MR06 MR04 MR14 MR13
4480,8,23,19,0.8260869565217391,MR13 MR10 MR02 MR06 MR11 MR04 MR12 MR14
4481,8,27,23,0.8518518518518519,MR12 MR10 MR11 MR02 MR07 MR13 MR04 MR14
4482,9,25,24,0.96,MR13 MR10 MR02 MR14 MR06 MR07 MR11 MR04 MR12
4483,8,24,20,0.8333333333333334,MR13 MR10 MR02 MR11 MR04 MR06 MR07 MR12
4484,9,23,22,0.9565217391304348,MR13 MR10 MR14 MR02 MR06 MR11 MR04 MR12 MR07
4485,9,29,27,0.9310344827586207,MR13 MR10 MR02 MR11 MR14 MR07 MR12 MR04 MR06
4486,9,26,25,0.9615384615384616,MR13 MR10 MR02 MR06 MR07 MR12 MR04 MR11 MR14
4487,9,22,22,1.0,MR13 MR10 MR02 MR11 MR14 MR04 MR06 MR07 MR12
4488,9,27,26,0.9629629629629629,MR13 MR10 MR02 MR11 MR14 MR04 MR06 MR07 MR12
4489,9,28,26,0.9285714285714286,MR13 MR10 MR02 MR11 MR07 MR04 MR12 MR06 MR14
4490,8,24,20,0.8333333333333334,MR13 MR10 MR02 MR11 MR07 MR04 MR14 MR06
4491,9,27,26,0.9629629629629629,MR13 MR10 MR02 MR11 MR06 MR14 MR04 MR07 MR12
4492,9,22,21,0.9545454545454546,MR13 MR10 MR11 MR02 MR12 MR04 MR07 MR06 MR14
4493,9,24,23,0.9583333333333334,MR13 MR10 MR11 MR02 MR06 MR04 MR12 MR14 MR07
4494,9,30,29,0.9666666666666667,MR13 MR10 MR02 MR11 MR07 MR12 MR04 MR06 MR14
4495,9,29,28,0.9655172413793104,MR13 MR10 MR02 MR11 MR06 MR04 MR14 MR07 MR12
4496,9,23,22,0.9565217391304348,MR13 MR10 MR11 MR02 MR04 MR06 MR14 MR07 MR12
4497,9,19,19,1.0,MR13 MR10 MR11 MR02 MR04 MR07 MR14 MR06 MR12
4498,9,24,23,0.9583333333333334,MR12 MR10 MR02 MR11 MR06 MR04 MR07 MR13 MR14
4499,9,27,27,1.0,MR13 MR10 MR11 MR02 MR14 MR04 MR06 MR07 MR12
4500,9,26,25,0.9615384615384616,MR13 MR10 MR02 MR06 MR14 MR04 MR07 MR11 MR12
4501,8,26,22,0.8461538461538461,MR07 MR10 MR02 MR14 MR04 MR11 MR12 MR13
4502,9,24,23,0.9583333333333334,MR13 MR10 MR02 MR11 MR06 MR12 MR04 MR07 MR14
4503,8,27,24,0.8888888888888888,MR13 MR10 MR11 MR02 MR06 MR04 MR14 MR07
4504,9,23,22,0.9565217391304348,MR13 MR10 MR11 MR02 MR07 MR04 MR12 MR14 MR06
4505,9,24,23,0.9583333333333334,MR14 MR10 MR02 MR11 MR13 MR06 MR04 MR07 MR12
4506,9,25,23,0.92,MR13 MR10 MR02 MR11 MR07 MR04 MR06 MR12 MR14
4507,9,20,19,0.95,MR12 MR10 MR11 MR02 MR13 MR04 MR06 MR07 MR14
4508,9,19,18,0.9473684210526315,MR13 MR10 MR14 MR02 MR07 MR11 MR04 MR06 MR12
4509,9,22,22,1.0,MR12 MR10 MR02 MR11 MR13 MR04 MR06 MR07 MR14
4510,9,25,21,0.84,MR05 MR10 MR11 MR02 MR12 MR04 MR06 MR07 MR14
4511,9,22,21,0.9545454545454546,MR13 MR10 MR02 MR07 MR11 MR04 MR12 MR06 MR14
4512,9,24,23,0.9583333333333334,MR12 MR10 MR02 MR06 MR07 MR14 MR04 MR13 MR11
4513,9,24,22,0.9166666666666666,MR13 MR10 MR02 MR11 MR04 MR06 MR07 MR12 MR14
4514,9,22,21,0.9545454545454546,MR13 MR10 MR02 MR11 MR06 MR12 MR04 MR14 MR07
4515,8,25,21,0.84,MR13 MR10 MR11 MR02 MR07 MR14 MR04 MR12
4516,9,27,26,0.9629629629629629,MR12 MR10 MR11 MR02 MR14 MR04 MR13 MR06 MR07
4517,9,22,22,1.0,MR13 MR10 MR11 MR02 MR12 MR06 MR14 MR04 MR07
4518,9,28,26,0.9285714285714286,MR13 MR10 MR02 MR11 MR07 MR04 MR06 MR14 MR12
4519,9,21,21,1.0,MR13 MR10 MR02 MR11 MR06 MR12 MR04 MR07 MR14
4520,9,22,21,0.9545454545454546,MR13 MR10 MR02 MR07 MR14 MR11 MR04 MR12 MR06
4521,8,23,19,0.8260869565217391,MR13 MR10 MR02 MR06 MR11 MR04 MR12 MR14
4522,9,24,23,0.9583333333333334,MR13 MR10 MR02 MR11 MR06 MR12 MR04 MR07 MR14
4523,9,21,21,1.0,MR13 MR10 MR11 MR02 MR06 MR12 MR04 MR14 MR07
4524,9,22,21,0.9545454545454546,MR13 MR10 MR02 MR06 MR07 MR11 MR12 MR04 MR14
4525,9,24,23,0.9583333333333334,MR13 MR10 MR02 MR07 MR14 MR11 MR04 MR06 MR12
4526,8,26,22,0.8461538461538461,MR13 MR10 MR11 MR02 MR14 MR04 MR06 MR07
4527,9,25,24,0.96,MR12 MR10 MR02 MR11 MR07 MR04 MR06 MR13 MR14
4528,9,26,25,0.9615384615384616,MR13 MR10 MR02 MR06 MR07 MR11 MR04 MR12 MR14
4529,9,20,18,0.9,MR13 MR10 MR11 MR02 MR14 MR04 MR06 MR12 MR07
4530,9,20,20,1.0,MR13 MR10 MR02 MR07 MR11 MR04 MR12 MR14 MR06
4531,9,25,24,0.96,MR13 MR10 MR02 MR11 MR14 MR07 MR04 MR06 MR12
4532,9,25,24,0.96,MR13 MR10 MR02 MR07 MR11 MR14 MR04 MR12 MR06
4533,9,19,18,0.9473684210526315,MR13 MR10 MR11 MR02 MR07 MR04 MR12 MR14 MR06
4534,8,21,17,0.8095238095238095,MR13 MR10 MR11 MR02 MR14 MR04 MR06 MR07
4535,9,20,19,0.95,MR13 MR10 MR02 MR06 MR07 MR11 MR12 MR14 MR04
4536,9,18,18,1.0,MR13 MR10 MR11 MR02 MR04 MR06 MR12 MR14 MR07
4537,9,29,27,0.9310344827586207,MR13 MR10 MR02 MR06 MR11 MR04 MR12 MR07 MR14
4538,9,24,22,0.9166666666666666,MR12 MR10 MR02 MR06 MR04 MR07 MR11 MR13 MR14
4539,9,22,21,0.9545454545454546,MR13 MR10 MR02 MR11 MR06 MR12 MR04 MR07 MR14
4540,9,27,26,0.9629629629629629,MR13 MR10 MR02 MR06 MR11 MR04 MR12 MR07 MR14
4541,8,27,23,0.8518518518518519,MR13 MR10 MR11 MR02 MR12 MR04 MR06 MR14
4542,9,23,23,1.0,MR13 MR10 MR02 MR11 MR14 MR04 MR06 MR07 MR12
4543,9,26,26,1.0,MR13 MR10 MR02 MR11 MR06 MR12 MR04 MR07 MR14
4544,9,22,21,0.9545454545454546,MR13 MR10 MR11 MR02 MR04 MR12 MR14 MR06 MR07
4545,9,24,23,0.9583333333333334,MR13 MR10 MR02 MR14 MR11 MR07 MR04 MR06 MR12
4546,9,25,25,1.0,MR12 MR10 MR02 MR13 MR06 MR11 MR04 MR07 MR14
4547,8,22,18,0.8181818181818182,MR13 MR10 MR11 MR02 MR07 MR12 MR04 MR06
4548,9,27,26,0.9629629629629629,MR13 MR10 MR02 MR06 MR11 MR04 MR07 MR12 MR14
4549,9,27,26,0.9629629629629629,MR13 MR10 MR02 MR11 MR14 MR04 MR06 MR07 MR12
4550,9,26,24,0.9230769230769231,MR13 MR10 MR11 MR02 MR04 MR12 MR06 MR14 MR07
4551,9,24,23,0.9583333333333334,MR13 MR10 MR02 MR11 MR14 MR06 MR04 MR07 MR12
4552,9,23,22,0.9565217391304348,MR13 MR10 MR11 MR02 MR14 MR04 MR06 MR12 MR07
4553,9,24,23,0.9583333333333334,MR13 MR10 MR02 MR06 MR07 MR11 MR04 MR12 MR14
4554,7,23,17,0.7391304347826086,MR13 MR10 MR06 MR02 MR11 MR04 MR14
4555,9,24,23,0.9583333333333334,MR12 MR10 MR02 MR11 MR04 MR06 MR07 MR14 MR13
4556,9,23,20,0.8695652173913043,MR05 MR10 MR02 MR11 MR06 MR04 MR12 MR14 MR07
4557,8,25,21,0.84,MR13 MR10 MR11 MR02 MR06 MR04 MR12 MR14
4558,9,21,21,1.0,MR13 MR10 MR11 MR02 MR04 MR06 MR12 MR14 MR07
4559,9,27,25,0.9259259259259259,MR13 MR10 MR02 MR11 MR04 MR06 MR07 MR14 MR12
4560,9,18,18,1.0,MR13 MR10 MR11 MR02 MR07 MR14 MR04 MR06 MR12
4561,9,29,28,0.9655172413793104,MR13 MR10 MR11 MR02 MR07 MR12 MR04 MR14 MR06
4562,9,20,18,0.9,MR13 MR10 MR11 MR02 MR04 MR07 MR06 MR14 MR12
4563,9,23,23,1.0,MR13 MR10 MR02 MR06 MR07 MR11 MR12 MR04 MR14
4564,9,26,25,0.9615384615384616,MR14 MR10 MR11 MR02 MR13 MR04 MR06 MR07 MR12
4565,9,23,22,0.9565217391304348,MR13 MR10 MR11 MR02 MR04 MR06 MR12 MR14 MR07
4566,9,26,25,0.9615384615384616,MR13 MR10 MR14 MR02 MR06 MR07 MR04 MR11 MR12
4567,9,24,23,0.9583333333333334,MR12 MR10 MR11 MR02 MR14 MR13 MR04 MR06 MR07
4568,9,24,23,0.9583333333333334,MR12 MR10 MR02 MR06 MR07 MR04 MR13 MR11 MR14
4569,9,22,22,1.0,MR13 MR10 MR02 MR11 MR04 MR06 MR07 MR14 MR12
4570,8,23,20,0.8695652173913043,MR13 MR10 MR11 MR02 MR14 MR04 MR12 MR06
4571,9,19,19,1.0,MR13 MR10 MR02 MR11 MR04 MR06 MR07 MR14 MR12
4572,9,22,21,0.9545454545454546,MR13 MR10 MR02 MR06 MR11 MR12 MR04 MR07 MR14
4573,8,26,23,0.8846153846153846,MR13 MR10 MR11 MR02 MR12 MR04 MR14 MR07
4574,8,27,22,0.8148148148148148,MR13 MR10 MR11 MR02 MR04 MR07 MR12 MR14
4575,9,28,27,0.9642857142857143,MR13 MR10 MR02 MR06 MR11 MR14 MR04 MR12 MR07
4576,9,22,22,1.0,MR12 MR10 MR02 MR11 MR07 MR13 MR04 MR06 MR14
4577,9,20,19,0.95,MR13 MR10 MR02 MR11 MR04 MR06 MR07 MR14 MR12
4578,9,24,24,1.0,MR13 MR10 MR02 MR07 MR06 MR04 MR11 MR12 MR14
4579,9,28,28,1.0,MR13 MR10 MR02 MR07 MR11 MR04 MR12 MR14 MR06
4580,9,30,29,0.9666666666666667,MR13 MR10 MR02 MR06 MR07 MR11 MR14 MR04 MR12
4581,9,22,21,0.9545454545454546,MR07 MR10 MR13 MR02 MR14 MR04 MR11 MR12 MR06
4582,9,22,22,1.0,MR13 MR10 MR11 MR02 MR14 MR04 MR07 MR06 MR12
4583,9,26,26,1.0,MR13 MR10 MR02 MR11 MR06 MR14 MR04 MR07 MR12
4584,9,21,21,1.0,MR13 MR10 MR02 MR07 MR11 MR04 MR14 MR06 MR12
4585,9,23,22,0.9565217391304348,MR13 MR10 MR11 MR02 MR14 MR04 MR07 MR12 MR06
4586,9,22,21,0.9545454545454546,MR13 MR10 MR11 MR02 MR04 MR06 MR12 MR14 MR07
4587,9,26,25,0.9615384615384616,MR13 MR10 MR02 MR11 MR12 MR04 MR06 MR07 MR14
4588,9,25,24,0.96,MR13 MR10 MR02 MR07 MR11 MR14 MR04 MR06 MR12
4589,8,26,22,0.8461538461538461,MR13 MR10 MR06 MR02 MR11 MR14 MR04 MR12
4590,9,23,23,1.0,MR12 MR10 MR02 MR06 MR11 MR13 MR04 MR07 MR14
4591,9,20,20,1.0,MR13 MR10 MR11 MR02 MR14 MR04 MR07 MR12 MR06
4592,9,25,24,0.96,MR13 MR10 MR02 MR07 MR11 MR04 MR06 MR12 MR14
4593,8,22,18,0.8181818181818182,MR13 MR10 MR02 MR06 MR11 MR04 MR07 MR14
4594,9,21,21,1.0,MR13 MR10 MR11 MR02 MR12 MR04 MR06 MR14 MR07
4595,9,28,26,0.9285714285714286,MR13 MR10 MR02 MR07 MR11 MR12 MR04 MR06 MR14
4596,9,24,23,0.9583333333333334,MR13 MR10 MR02 MR11 MR07 MR04 MR12 MR06 MR14
4597,9,26,25,0.9615384615384616,MR12 MR10 MR11 MR02 MR13 MR14 MR04 MR07 MR06
4598,9,22,21,0.9545454545454546,MR13 MR10 MR02 MR11 MR12 MR06 MR04 MR07 MR14
4599,9,25,24,0.96,MR12 MR10 MR02 MR07 MR11 MR04 MR14 MR06 MR13
4600,9,21,21,1.0,MR13 MR10 MR02 MR11 MR04 MR06 MR07 MR12 MR14
4601,9,22,20,0.9090909090909091,MR13 MR10 MR11 MR02 MR04 MR06 MR07 MR12 MR14
4602,9,27,27,1.0,MR12 MR10 MR11 MR02 MR13 MR04 MR14 MR06 MR07
4603,9,19,15,0.7894736842105263,MR12 MR10 MR02 MR11 MR05 MR14 MR04 MR06 MR07
4604,9,30,28,0.9333333333333333,MR13 MR10 MR02 MR11 MR12 MR04 MR06 MR07 MR14
4605,9,25,24,0.96,MR13 MR10 MR06 MR02 MR11 MR04 MR14 MR12 MR07
4606,8,27,23,0.8518518518518519,MR13 MR10 MR02 MR07 MR11 MR14 MR04 MR12
4607,9,23,23,1.0,MR13 MR10 MR02 MR11 MR07 MR14 MR04 MR06 MR12
4608,9,23,22,0.9565217391304348,MR12 MR10 MR02 MR11 MR13 MR07 MR04 MR06 MR14
4609,9,26,25,0.9615384615384616,MR13 MR10 MR02 MR11 MR04 MR06 MR07 MR14 MR12
4610,9,26,25,0.9615384615384616,MR12 MR10 MR02 MR11 MR13 MR06 MR04 MR14 MR07
4611,9,30,29,0.9666666666666667,MR12 MR10 MR11 MR13 MR02 MR06 MR04 MR07 MR14
4612,9,26,26,1.0,MR13 MR10 MR02 MR11 MR04 MR06 MR07 MR12 MR14
4613,9,25,25,1.0,MR13 MR10 MR11 MR02 MR12 MR04 MR14 MR07 MR06
4614,9,24,23,0.9583333333333334,MR13 MR10 MR11 MR02 MR14 MR04 MR06 MR07 MR12
4615,9,25,23,0.92,MR12 MR10 MR02 MR13 MR06 MR07 MR04 MR11 MR14
4616,9,25,24,0.96,MR13 MR10 MR02 MR14 MR06 MR07 MR11 MR04 MR12
4617,9,25,24,0.96,MR12 MR10 MR02 MR11 MR07 MR13 MR14 MR04 MR06
4618,9,23,22,0.9565217391304348,MR13 MR10 MR02 MR11 MR06 MR04 MR07 MR12 MR14
4619,9,26,25,0.9615384615384616,MR13 MR10 MR02 MR06 MR12 MR14 MR11 MR04 MR07
4620,9,21,20,0.9523809523809523,MR13 MR10 MR11 MR02 MR06 MR04 MR12 MR14 MR07
4621,8,28,25,0.8928571428571429,MR13 MR10 MR02 MR11 MR07 MR04 MR06 MR12
4622,9,26,22,0.8461538461538461,MR05 MR10 MR02 MR06 MR11 MR04 MR07 MR12 MR14
4623,9,23,22,0.9565217391304348,MR13 MR10 MR07 MR02 MR11 MR04 MR14 MR06 MR12
4624,8,24,21,0.875,MR13 MR10 MR11 MR02 MR04 MR12 MR06 MR14
4625,9,21,20,0.9523809523809523,MR13 MR10 MR02 MR11 MR14 MR06 MR12 MR04 MR07
4626,8,28,25,0.8928571428571429,MR13 MR10 MR07 MR02 MR11 MR04 MR12 MR06
4627,9,24,23,0.9583333333333334,MR13 MR10 MR11 MR02 MR14 MR04 MR06 MR07 MR12
4628,9,27,25,0.9259259259259259,MR13 MR10 MR02 MR07 MR14 MR04 MR06 MR11 MR12
4629,9,25,24,0.96,MR12 MR10 MR11 MR02 MR04 MR13 MR14 MR06 MR07
4630,9,23,22,0.9565217391304348,MR12 MR10 MR02 MR11 MR14 MR04 MR06 MR07 MR13
4631,8,23,20,0.8695652173913043,MR13 MR10 MR02 MR11 MR06 MR04 MR07 MR12
4632,9,16,16,1.0,MR13 MR10 MR02 MR11 MR07 MR14 MR04 MR12 MR06
4633,9,29,28,0.9655172413793104,MR13 MR10 MR11 MR02 MR04 MR06 MR14 MR07 MR12
4634,9,23,23,1.0,MR13 MR10 MR14 MR02 MR07 MR11 MR04 MR06 MR12
4635,9,24,23,0.9583333333333334,MR12 MR10 MR11 MR02 MR13 MR04 MR06 MR07 MR14
4636,9,27,26,0.9629629629629629,MR13 MR10 MR02 MR07 MR11 MR04 MR06 MR12 MR14
4637,9,23,22,0.9565217391304348,MR13 MR10 MR11 MR02 MR04 MR07 MR12 MR14 MR06
4638,9,24,23,0.9583333333333334,MR13 MR10 MR02 MR06 MR12 MR14 MR04 MR07 MR11
4639,9,31,30,0.967741935483871,MR12 MR10 MR02 MR11 MR13 MR06 MR04 MR07 MR14
4640,9,22,21,0.9545454545454546,MR13 MR10 MR11 MR02 MR12 MR04 MR07 MR14 MR06
4641,9,25,24,0.96,MR12 MR10 MR02 MR06 MR11 MR14 MR04 MR13 MR07
4642,9,22,21,0.9545454545454546,MR13 MR10 MR02 MR11 MR04 MR06 MR07 MR12 MR14
4643,8,26,22,0.8461538461538461,MR13 MR10 MR02 MR12 MR11 MR06 MR04 MR07
4644,9,24,22,0.9166666666666666,MR12 MR10 MR02 MR11 MR13 MR07 MR14 MR04 MR06
4645,9,22,21,0.9545454545454546,MR13 MR10 MR11 MR02 MR04 MR12 MR06 MR07 MR14
4646,9,23,22,0.9565217391304348,MR13 MR10 MR11 MR02 MR06 MR14 MR04 MR12 MR07
4647,9,22,21,0.9545454545454546,MR12 MR10 MR02 MR11 MR04 MR06 MR07 MR14 MR13
4648,9,22,21,0.9545454545454546,MR13 MR10 MR02 MR11 MR07 MR12 MR04 MR06 MR14
4649,9,26,25,0.9615384615384616,MR12 MR10 MR02 MR07 MR11 MR13 MR04 MR14 MR06
4650,9,25,25,1.0,MR12 MR10 MR11 MR02 MR04 MR07 MR14 MR06 MR13
4651,9,26,25,0.9615384615384616,MR12 MR10 MR11 MR02 MR13 MR14 MR04 MR07 MR06
4652,9,19,18,0.9473684210526315,MR12 MR10 MR11 MR02 MR14 MR06 MR13 MR04 MR07
4653,8,25,20,0.8,MR13 MR10 MR02 MR07 MR04 MR06 MR11 MR14
4654,9,24,23,0.9583333333333334,MR13 MR10 MR11 MR02 MR12 MR04 MR06 MR07 MR14
4655,9,24,23,0.9583333333333334,MR13 MR10 MR02 MR11 MR06 MR12 MR04 MR07 MR14
4656,9,27,26,0.9629629629629629,MR13 MR10 MR02 MR07 MR06 MR14 MR04 MR11 MR12
4657,9,27,25,0.9259259259259259,MR13 MR10 MR02 MR11 MR04 MR06 MR07 MR12 MR14
4658,9,24,23,0.9583333333333334,MR12 MR10 MR02 MR11 MR06 MR04 MR07 MR13 MR14
4659,9,25,24,0.96,MR13 MR10 MR11 MR02 MR14 MR04 MR07 MR06 MR12
4660,8,22,18,0.8181818181818182,MR13 MR10 MR11 MR02 MR04 MR06 MR12 MR07
4661,9,24,23,0.9583333333333334,MR13 MR10 MR02 MR07 MR04 MR06 MR11 MR12 MR14
4662,9,20,20,1.0,MR13 MR10 MR02 MR11 MR14 MR04 MR06 MR07 MR12
4663,9,27,25,0.9259259259259259,MR13 MR10 MR02 MR11 MR07 MR04 MR06 MR14 MR12
4664,8,25,21,0.84,MR13 MR10 MR02 MR06 MR11 MR04 MR14 MR07
4665,9,26,24,0.9230769230769231,MR13 MR10 MR02 MR14 MR06 MR07 MR11 MR04 MR12
4666,9,28,27,0.9642857142857143,MR13 MR10 MR02 MR06 MR07 MR14 MR04 MR11 MR12
4667,8,28,23,0.8214285714285714,MR13 MR10 MR02 MR11 MR06 MR04 MR12 MR07
4668,9,23,21,0.9130434782608695,MR13 MR10 MR11 MR02 MR06 MR12 MR04 MR07 MR14
4669,9,23,23,1.0,MR13 MR10 MR02 MR11 MR04 MR06 MR07 MR12 MR14
4670,9,25,25,1.0,MR07 MR10 MR02 MR13 MR14 MR11 MR12 MR04 MR06
4671,9,25,23,0.92,MR13 MR10 MR02 MR11 MR07 MR04 MR12 MR06 MR14
4672,9,22,21,0.9545454545454546,MR12 MR10 MR11 MR02 MR14 MR06 MR04 MR13 MR07
4673,9,23,22,0.9565217391304348,MR13 MR10 MR11 MR02 MR12 MR04 MR07 MR14 MR06
4674,9,24,20,0.8333333333333334,MR05 MR10 MR02 MR11 MR06 MR14 MR04 MR12 MR07
4675,9,25,21,0.84,MR05 MR10 MR02 MR11 MR14 MR06 MR04 MR12 MR07
4676,9,23,23,1.0,MR13 MR10 MR02 MR14 MR07 MR11 MR04 MR06 MR12
4677,9,17,13,0.7647058823529411,MR05 MR10 MR02 MR11 MR14 MR04 MR06 MR07 MR12
4678,8,24,20,0.8333333333333334,MR13 MR10 MR02 MR06 MR11 MR04 MR07 MR12
4679,9,22,21,0.9545454545454546,MR12 MR10 MR02 MR07 MR13 MR11 MR04 MR06 MR14
4680,9,24,23,0.9583333333333334,MR13 MR10 MR11 MR02 MR12 MR04 MR06 MR07 MR14
4681,9,26,25,0.9615384615384616,MR13 MR10 MR11 MR02 MR04 MR06 MR07 MR14 MR12
4682,9,23,22,0.9565217391304348,MR14 MR10 MR11 MR02 MR13 MR04 MR06 MR07 MR12
4683,9,29,28,0.9655172413793104,MR13 MR10 MR02 MR06 MR11 MR12 MR04 MR07 MR14
4684,9,19,18,0.9473684210526315,MR13 MR10 MR02 MR11 MR06 MR12 MR04 MR07 MR14
4685,9,27,26,0.9629629629629629,MR13 MR10 MR14 MR02 MR11 MR04 MR06 MR07 MR12
4686,9,25,24,0.96,MR13 MR10 MR11 MR02 MR04 MR14 MR06 MR07 MR12
4687,9,23,23,1.0,MR12 MR10 MR11 MR02 MR14 MR13 MR04 MR06 MR07
4688,9,20,19,0.95,MR13 MR10 MR02 MR11 MR06 MR12 MR04 MR14 MR07
4689,8,27,22,0.8148148148148148,MR13 MR10 MR02 MR06 MR07 MR11 MR04 MR14
4690,9,23,22,0.9565217391304348,MR12 MR10 MR11 MR02 MR13 MR04 MR06 MR14 MR07
4691,9,24,23,0.9583333333333334,MR13 MR10 MR11 MR02 MR14 MR04 MR07 MR06 MR12
4692,9,29,28,0.9655172413793104,MR12 MR10 MR02 MR07 MR11 MR13 MR04 MR06 MR14
4693,9,23,23,1.0,MR13 MR10 MR11 MR02 MR04 MR06 MR07 MR12 MR14
4694,9,30,28,0.9333333333333333,MR13 MR10 MR11 MR02 MR04 MR06 MR14 MR07 MR12
4695,8,26,22,0.8461538461538461,MR13 MR10 MR02 MR07 MR11 MR04 MR14 MR06
4696,9,25,24,0.96,MR13 MR10 MR02 MR11 MR07 MR04 MR06 MR12 MR14
4697,9,27,27,1.0,MR07 MR10 MR02 MR11 MR12 MR13 MR04 MR06 MR14
4698,9,24,23,0.9583333333333334,MR13 MR10 MR11 MR02 MR07 MR04 MR14 MR06 MR12
4699,9,23,23,1.0,MR13 MR10 MR11 MR02 MR14 MR04 MR07 MR06 MR12
4700,9,23,22,0.9565217391304348,MR13 MR10 MR11 MR02 MR12 MR04 MR06 MR07 MR14
4701,9,25,24,0.96,MR13 MR10 MR02 MR11 MR14 MR06 MR04 MR07 MR12
4702,8,25,21,0.84,MR12 MR10 MR02 MR11 MR13 MR07 MR04 MR06
4703,9,20,19,0.95,MR13 MR10 MR02 MR11 MR06 MR04 MR12 MR14 MR07
4704,9,23,22,0.9565217391304348,MR13 MR10 MR02 MR11 MR07 MR04 MR06 MR12 MR14
4705,9,17,16,0.9411764705882353,MR13 MR10 MR02 MR11 MR04 MR06 MR07 MR14 MR12
4706,9,22,21,0.9545454545454546,MR12 MR10 MR11 MR02 MR13 MR04 MR06 MR14 MR07
4707,9,24,23,0.9583333333333334,MR12 MR10 MR02 MR11 MR13 MR04 MR06 MR07 MR14
4708,8,26,23,0.8846153846153846,MR13 MR10 MR02 MR06 MR11 MR04 MR12 MR07
4709,9,26,25,0.9615384615384616,MR13 MR10 MR02 MR06 MR07 MR11 MR12 MR04 MR14
4710,9,19,19,1.0,MR13 MR10 MR11 MR02 MR14 MR04 MR07 MR12 MR06
4711,9,24,23,0.9583333333333334,MR13 MR10 MR02 MR11 MR06 MR12 MR04 MR14 MR07
4712,9,25,24,0.96,MR13 MR10 MR02 MR07 MR11 MR04 MR12 MR06 MR14
4713,9,28,27,0.9642857142857143,MR13 MR10 MR11 MR02 MR06 MR04 MR14 MR07 MR12
4714,9,21,19,0.9047619047619048,MR13 MR10 MR02 MR11 MR04 MR06 MR07 MR14 MR12
4715,9,23,22,0.9565217391304348,MR13 MR10 MR02 MR06 MR12 MR11 MR14 MR04 MR07
4716,8,26,23,0.8846153846153846,MR13 MR10 MR02 MR11 MR12 MR07 MR04 MR06
4717,9,22,21,0.9545454545454546,MR12 MR10 MR02 MR11 MR14 MR06 MR04 MR07 MR13
4718,8,25,21,0.84,MR12 MR10 MR11 MR02 MR13 MR04 MR07 MR06
4719,7,28,22,0.7857142857142857,MR13 MR10 MR11 MR02 MR04 MR14 MR07
4720,9,18,17,0.9444444444444444,MR13 MR10 MR02 MR11 MR04 MR06 MR07 MR12 MR14
4721,9,24,23,0.9583333333333334,MR13 MR10 MR02 MR11 MR07 MR04 MR12 MR14 MR06
4722,8,29,25,0.8620689655172413,MR12 MR10 MR11 MR02 MR14 MR04 MR07 MR13
4723,9,27,27,1.0,MR07 MR10 MR02 MR11 MR12 MR13 MR04 MR14 MR06
4724,8,28,24,0.8571428571428571,MR13 MR10 MR11 MR02 MR14 MR04 MR07 MR12
4725,9,23,22,0.9565217391304348,MR12 MR10 MR02 MR11 MR06 MR13 MR04 MR14 MR07
4726,9,26,25,0.9615384615384616,MR13 MR10 MR11 MR02 MR04 MR06 MR12 MR14 MR07
4727,9,24,23,0.9583333333333334,MR13 MR10 MR02 MR06 MR12 MR11 MR04 MR07 MR14
4728,9,28,27,0.9642857142857143,MR13 MR10 MR11 MR02 MR06 MR12 MR04 MR14 MR07
4729,9,25,24,0.96,MR13 MR10 MR02 MR11 MR14 MR04 MR06 MR07 MR12
4730,9,24,23,0.9583333333333334,MR13 MR10 MR02 MR11 MR07 MR14 MR04 MR06 MR12
4731,9,23,23,1.0,MR12 MR10 MR02 MR13 MR06 MR11 MR04 MR14 MR07
4732,9,23,23,1.0,MR13 MR10 MR02 MR06 MR11 MR04 MR07 MR12 MR14
4733,9,27,26,0.9629629629629629,MR13 MR10 MR02 MR11 MR07 MR04 MR06 MR12 MR14
4734,9,22,22,1.0,MR13 MR10 MR02 MR07 MR11 MR04 MR12 MR06 MR14
4735,9,25,23,0.92,MR12 MR10 MR02 MR11 MR07 MR14 MR04 MR06 MR13
4736,9,27,26,0.9629629629629629,MR12 MR10 MR11 MR02 MR04 MR07 MR13 MR14 MR06
4737,9,22,21,0.9545454545454546,MR12 MR10 MR02 MR06 MR11 MR13 MR04 MR14 MR07
4738,9,22,21,0.9545454545454546,MR12 MR10 MR02 MR07 MR11 MR13 MR04 MR06 MR14
4739,9,24,23,0.9583333333333334,MR13 MR10 MR02 MR07 MR11 MR04 MR12 MR14 MR06
4740,9,22,22,1.0,MR13 MR10 MR11 MR02 MR12 MR14 MR04 MR06 MR07
4741,9,23,21,0.9130434782608695,MR13 MR10 MR11 MR02 MR14 MR04 MR06 MR12 MR07
4742,9,30,26,0.8666666666666667,MR07 MR10 MR02 MR11 MR14 MR05 MR12 MR04 MR06
4743,9,25,24,0.96,MR13 MR10 MR02 MR11 MR04 MR06 MR07 MR12 MR14
4744,9,24,23,0.9583333333333334,MR13 MR10 MR02 MR06 MR11 MR14 MR04 MR07 MR12
4745,9,25,25,1.0,MR13 MR10 MR02 MR07 MR11 MR04 MR06 MR12 MR14
4746,9,20,19,0.95,MR13 MR10 MR11 MR02 MR04 MR14 MR06 MR12 MR07
4747,9,22,21,0.9545454545454546,MR13 MR10 MR02 MR11 MR07 MR04 MR12 MR06 MR14
4748,9,22,21,0.9545454545454546,MR13 MR10 MR02 MR11 MR07 MR14 MR04 MR06 MR12
4749,9,22,21,0.9545454545454546,MR13 MR10 MR02 MR11 MR07 MR04 MR06 MR14 MR12
4750,9,25,23,0.92,MR13 MR10 MR02 MR11 MR06 MR04 MR07 MR12 MR14
4751,9,28,27,0.9642857142857143,MR13 MR10 MR11 MR02 MR14 MR04 MR07 MR12 MR06
4752,8,25,21,0.84,MR13 MR10 MR02 MR11 MR14 MR06 MR04 MR07
4753,9,25,24,0.96,MR13 MR10 MR02 MR11 MR07 MR14 MR04 MR06 MR12
4754,9,29,25,0.8620689655172413,MR06 MR10 MR02 MR14 MR12 MR04 MR07 MR11 MR05
4755,9,19,19,1.0,MR07 MR10 MR02 MR13 MR11 MR12 MR04 MR14 MR06
4756,9,25,24,0.96,MR13 MR10 MR02 MR06 MR11 MR04 MR12 MR07 MR14
4757,9,25,24,0.96,MR12 MR10 MR02 MR07 MR06 MR13 MR14 MR04 MR11
4758,9,21,20,0.9523809523809523,MR12 MR10 MR02 MR11 MR13 MR06 MR04 MR14 MR07
4759,9,28,27,0.9642857142857143,MR13 MR10 MR02 MR07 MR11 MR04 MR12 MR06 MR14
4760,7,25,19,0.76,MR13 MR10 MR02 MR07 MR11 MR12 MR04
4761,8,20,16,0.8,MR13 MR10 MR02 MR11 MR06 MR04 MR14 MR07
4762,9,27,27,1.0,MR13 MR10 MR11 MR02 MR14 MR04 MR07 MR12 MR06
4763,8,25,21,0.84,MR13 MR10 MR11 MR02 MR12 MR06 MR04 MR14
4764,8,29,25,0.8620689655172413,MR12 MR10 MR11 MR02 MR06 MR04 MR14 MR13
4765,9,23,22,0.9565217391304348,MR13 MR10 MR11 MR02 MR12 MR04 MR06 MR07 MR14
4766,9,29,27,0.9310344827586207,MR13 MR10 MR02 MR11 MR06 MR04 MR12 MR14 MR07
4767,8,26,22,0.8461538461538461,MR13 MR10 MR11 MR02 MR12 MR04 MR06 MR07
4768,9,23,19,0.8260869565217391,MR05 MR10 MR02 MR11 MR06 MR04 MR07 MR12 MR14
4769,8,21,17,0.8095238095238095,MR13 MR10 MR02 MR11 MR07 MR04 MR06 MR12
4770,9,19,18,0.9473684210526315,MR13 MR10 MR02 MR11 MR06 MR14 MR04 MR12 MR07
4771,8,27,23,0.8518518518518519,MR13 MR10 MR11 MR02 MR14 MR04 MR07 MR06
4772,9,25,24,0.96,MR13 MR10 MR02 MR06 MR11 MR04 MR07 MR12 MR14
4773,9,21,20,0.9523809523809523,MR13 MR10 MR11 MR02 MR04 MR06 MR12 MR14 MR07
4774,9,23,21,0.9130434782608695,MR13 MR10 MR11 MR02 MR12 MR04 MR06 MR07 MR14
4775,8,24,17,0.7083333333333334,MR12 MR10 MR11 MR02 MR04 MR05 MR14 MR07
4776,9,20,19,0.95,MR13 MR10 MR02 MR11 MR07 MR04 MR06 MR12 MR14
4777,9,25,24,0.96,MR13 MR10 MR02 MR11 MR07 MR04 MR06 MR12 MR14
4778,9,26,25,0.9615384615384616,MR13 MR10 MR02 MR11 MR06 MR04 MR12 MR07 MR14
4779,9,23,22,0.9565217391304348,MR13 MR10 MR02 MR11 MR06 MR04 MR07 MR12 MR14
4780,9,25,25,1.0,MR13 MR10 MR02 MR06 MR11 MR04 MR14 MR07 MR12
4781,9,29,25,0.8620689655172413,MR05 MR10 MR02 MR06 MR11 MR04 MR07 MR12 MR14
4782,8,26,22,0.8461538461538461,MR12 MR10 MR02 MR07 MR11 MR13 MR04 MR14
4783,9,24,23,0.9583333333333334,MR13 MR10 MR06 MR02 MR14 MR04 MR07 MR11 MR12
4784,9,28,27,0.9642857142857143,MR13 MR10 MR02 MR07 MR11 MR04 MR06 MR12 MR14
4785,8,25,20,0.8,MR13 MR10 MR11 MR02 MR06 MR04 MR12 MR14
4786,9,24,23,0.9583333333333334,MR13 MR10 MR11 MR02 MR07 MR04 MR14 MR06 MR12
4787,9,23,22,0.9565217391304348,MR13 MR10 MR11 MR02 MR06 MR14 MR04 MR12 MR07
4788,8,23,19,0.8260869565217391,MR13 MR10 MR02 MR06 MR11 MR04 MR07 MR14
4789,8,21,17,0.8095238095238095,MR13 MR10 MR11 MR02 MR04 MR06 MR12 MR07
4790,9,21,21,1.0,MR12 MR10 MR02 MR14 MR06 MR11 MR13 MR04 MR07
4791,9,25,24,0.96,MR13 MR10 MR11 MR02 MR04 MR06 MR07 MR12 MR14
4792,9,19,19,1.0,MR13 MR10 MR02 MR11 MR07 MR04 MR06 MR14 MR12
4793,9,27,26,0.9629629629629629,MR12 MR10 MR11 MR02 MR14 MR04 MR06 MR13 MR07
4794,9,25,24,0.96,MR13 MR10 MR11 MR02 MR04 MR06 MR12 MR07 MR14
4795,9,23,23,1.0,MR13 MR10 MR02 MR07 MR11 MR12 MR14 MR04 MR06
4796,9,27,26,0.9629629629629629,MR13 MR10 MR02 MR11 MR07 MR04 MR14 MR06 MR12
4797,9,19,19,1.0,MR12 MR10 MR02 MR06 MR11 MR13 MR14 MR04 MR07
4798,8,22,17,0.7727272727272727,MR13 MR10 MR11 MR02 MR14 MR04 MR06 MR12
4799,9,23,23,1.0,MR13 MR10 MR02 MR11 MR06 MR04 MR07 MR12 MR14
4800,9,22,22,1.0,MR13 MR10 MR11 MR02 MR04 MR06 MR07 MR14 MR12
4801,9,25,24,0.96,MR13 MR10 MR02 MR14 MR11 MR07 MR04 MR06 MR12
4802,9,24,23,0.9583333333333334,MR12 MR10 MR02 MR11 MR14 MR07 MR04 MR13 MR06
4803,9,17,16,0.9411764705882353,MR13 MR10 MR02 MR11 MR04 MR06 MR07 MR14 MR12
4804,9,23,21,0.9130434782608695,MR13 MR10 MR02 MR11 MR04 MR06 MR07 MR12 MR14
4805,9,21,21,1.0,MR13 MR10 MR11 MR02 MR12 MR04 MR06 MR07 MR14
4806,8,28,24,0.8571428571428571,MR12 MR10 MR02 MR06 MR11 MR04 MR13 MR14
4807,8,25,19,0.76,MR05 MR10 MR11 MR02 MR04 MR07 MR12 MR14
4808,9,26,25,0.9615384615384616,MR13 MR10 MR11 MR02 MR07 MR04 MR12 MR14 MR06
4809,9,22,18,0.8181818181818182,MR05 MR10 MR11 MR02 MR14 MR04 MR06 MR07 MR12
4810,9,27,26,0.9629629629629629,MR12 MR10 MR11 MR02 MR04 MR13 MR14 MR06 MR07
4811,8,20,17,0.85,MR13 MR10 MR02 MR06 MR11 MR04 MR12 MR07
4812,9,24,23,0.9583333333333334,MR13 MR10 MR02 MR11 MR07 MR04 MR06 MR12 MR14
4813,9,23,23,1.0,MR13 MR10 MR11 MR02 MR04 MR07 MR06 MR12 MR14
4814,9,28,27,0.9642857142857143,MR13 MR10 MR11 MR02 MR12 MR04 MR14 MR06 MR07
4815,9,25,23,0.92,MR13 MR10 MR11 MR02 MR12 MR04 MR14 MR07 MR06
4816,9,19,18,0.9473684210526315,MR13 MR10 MR02 MR11 MR06 MR12 MR04 MR14 MR07
4817,9,21,20,0.9523809523809523,MR13 MR10 MR11 MR02 MR14 MR04 MR06 MR07 MR12
4818,9,27,27,1.0,MR12 MR10 MR11 MR02 MR13 MR04 MR06 MR07 MR14
4819,9,24,23,0.9583333333333334,MR13 MR10 MR02 MR11 MR07 MR04 MR06 MR12 MR14
4820,9,23,21,0.9130434782608695,MR13 MR10 MR02 MR07 MR11 MR04 MR06 MR12 MR14
4821,9,20,20,1.0,MR12 MR10 MR02 MR07 MR11 MR04 MR06 MR13 MR14
4822,9,21,21,1.0,MR13 MR10 MR06 MR02 MR14 MR04 MR11 MR07 MR12
4823,9,22,21,0.9545454545454546,MR13 MR10 MR02 MR07 MR04 MR06 MR11 MR14 MR12
4824,9,22,21,0.9545454545454546,MR13 MR10 MR02 MR06 MR07 MR11 MR04 MR12 MR14
4825,9,26,24,0.9230769230769231,MR13 MR10 MR02 MR11 MR07 MR14 MR04 MR06 MR12
4826,9,25,24,0.96,MR13 MR10 MR02 MR07 MR11 MR04 MR12 MR14 MR06
4827,9,22,21,0.9545454545454546,MR13 MR10 MR11 MR02 MR04 MR12 MR06 MR07 MR14
4828,9,26,25,0.9615384615384616,MR12 MR10 MR11 MR02 MR13 MR04 MR07 MR14 MR06
4829,8,25,20,0.8,MR13 MR10 MR02 MR06 MR11 MR04 MR07 MR14
4830,9,21,20,0.9523809523809523,MR13 MR10 MR02 MR11 MR07 MR12 MR04 MR06 MR14
4831,8,24,20,0.8333333333333334,MR13 MR10 MR11 MR02 MR04 MR12 MR07 MR14
4832,9,26,26,1.0,MR13 MR10 MR11 MR02 MR04 MR07 MR12 MR06 MR14
4833,9,19,17,0.8947368421052632,MR12 MR10 MR02 MR11 MR07 MR13 MR04 MR06 MR14
4834,9,23,22,0.9565217391304348,MR13 MR10 MR11 MR02 MR04 MR06 MR07 MR12 MR14
4835,9,20,19,0.95,MR12 MR10 MR11 MR02 MR14 MR04 MR06 MR13 MR07
4836,8,27,24,0.8888888888888888,MR13 MR10 MR02 MR06 MR14 MR11 MR04 MR07
4837,7,23,17,0.7391304347826086,MR13 MR10 MR11 MR02 MR12 MR04 MR06
4838,8,21,17,0.8095238095238095,MR12 MR10 MR11 MR02 MR04 MR07 MR13 MR14
4839,9,24,24,1.0,MR13 MR10 MR02 MR11 MR07 MR12 MR04 MR06 MR14
4840,9,21,21,1.0,MR12 MR10 MR02 MR11 MR07 MR13 MR04 MR06 MR14
4841,9,23,21,0.9130434782608695,MR13 MR10 MR11 MR02 MR12 MR04 MR07 MR14 MR06
4842,9,22,21,0.9545454545454546,MR13 MR10 MR11 MR02 MR07 MR04 MR12 MR14 MR06
4843,9,23,19,0.8260869565217391,MR05 MR10 MR02 MR06 MR11 MR04 MR12 MR14 MR07
4844,9,24,24,1.0,MR13 MR10 MR02 MR11 MR06 MR04 MR12 MR07 MR14
4845,9,20,20,1.0,MR12 MR10 MR02 MR11 MR06 MR04 MR07 MR13 MR14
4846,9,25,24,0.96,MR13 MR10 MR02 MR07 MR11 MR04 MR12 MR06 MR14
4847,9,24,23,0.9583333333333334,MR13 MR10 MR02 MR11 MR12 MR07 MR04 MR14 MR06
4848,9,22,22,1.0,MR13 MR10 MR02 MR11 MR07 MR04 MR06 MR12 MR14
4849,8,27,23,0.8518518518518519,MR13 MR10 MR02 MR12 MR06 MR07 MR11 MR04
4850,9,30,29,0.9666666666666667,MR13 MR10 MR11 MR02 MR04 MR06 MR12 MR07 MR14
4851,9,24,22,0.9166666666666666,MR13 MR10 MR06 MR02 MR12 MR04 MR07 MR11 MR14
4852,9,23,22,0.9565217391304348,MR13 MR10 MR02 MR11 MR07 MR04 MR06 MR12 MR14
4853,9,29,29,1.0,MR13 MR10 MR02 MR07 MR11 MR04 MR06 MR12 MR14
4854,8,26,22,0.8461538461538461,MR13 MR10 MR02 MR11 MR04 MR06 MR07 MR14
4855,9,24,24,1.0,MR13 MR10 MR11 MR02 MR14 MR04 MR07 MR06 MR12
4856,9,26,22,0.8461538461538461,MR12 MR10 MR02 MR11 MR14 MR07 MR04 MR06 MR05
4857,9,30,30,1.0,MR13 MR10 MR11 MR02 MR04 MR06 MR14 MR07 MR12
4858,9,23,21,0.9130434782608695,MR13 MR10 MR11 MR02 MR14 MR04 MR07 MR06 MR12
4859,9,26,25,0.9615384615384616,MR13 MR10 MR11 MR02 MR12 MR04 MR06 MR07 MR14
4860,9,21,20,0.9523809523809523,MR13 MR10 MR11 MR02 MR04 MR07 MR06 MR12 MR14
4861,8,27,23,0.8518518518518519,MR13 MR10 MR07 MR02 MR04 MR06 MR14 MR11
4862,9,23,22,0.9565217391304348,MR12 MR10 MR02 MR11 MR14 MR04 MR06 MR07 MR13
4863,9,26,25,0.9615384615384616,MR13 MR10 MR02 MR07 MR06 MR14 MR04 MR11 MR12
4864,9,25,25,1.0,MR13 MR10 MR02 MR07 MR11 MR14 MR04 MR06 MR12
4865,9,25,24,0.96,MR13 MR10 MR02 MR11 MR14 MR07 MR04 MR06 MR12
4866,9,19,18,0.9473684210526315,MR13 MR10 MR02 MR06 MR07 MR11 MR04 MR12 MR14
4867,9,20,19,0.95,MR13 MR10 MR02 MR11 MR04 MR06 MR07 MR12 MR14
4868,8,29,24,0.8275862068965517,MR13 MR10 MR11 MR02 MR12 MR04 MR14 MR07
4869,9,22,21,0.9545454545454546,MR13 MR10 MR11 MR02 MR04 MR06 MR12 MR14 MR07
4870,9,27,26,0.9629629629629629,MR13 MR10 MR02 MR11 MR06 MR14 MR04 MR07 MR12
4871,9,26,25,0.9615384615384616,MR13 MR10 MR02 MR06 MR07 MR14 MR04 MR11 MR12
4872,9,25,25,1.0,MR12 MR10 MR02 MR11 MR07 MR13 MR04 MR06 MR14
4873,9,19,19,1.0,MR12 MR10 MR02 MR11 MR06 MR04 MR13 MR07 MR14
4874,9,19,19,1.0,MR13 MR10 MR02 MR11 MR06 MR14 MR04 MR07 MR12
4875,9,19,18,0.9473684210526315,MR13 MR10 MR02 MR06 MR11 MR04 MR12 MR14 MR07
4876,9,24,22,0.9166666666666666,MR12 MR10 MR11 MR02 MR13 MR04 MR07 MR06 MR14
4877,9,27,26,0.9629629629629629,MR13 MR10 MR11 MR02 MR14 MR04 MR07 MR12 MR06
4878,9,27,26,0.9629629629629629,MR13 MR10 MR02 MR11 MR04 MR06 MR07 MR12 MR14
4879,9,22,20,0.9090909090909091,MR13 MR10 MR07 MR02 MR04 MR11 MR12 MR14 MR06
4880,7,23,16,0.6956521739130435,MR13 MR10 MR11 MR02 MR04 MR06 MR12
4881,9,27,26,0.9629629629629629,MR13 MR10 MR02 MR11 MR07 MR04 MR14 MR06 MR12
4882,9,22,22,1.0,MR13 MR10 MR02 MR11 MR14 MR07 MR04 MR12 MR06
4883,9,27,25,0.9259259259259259,MR13 MR10 MR11 MR02 MR04 MR07 MR14 MR06 MR12
4884,9,24,19,0.7916666666666666,MR05 MR10 MR11 MR02 MR12 MR14 MR04 MR07 MR06
4885,9,27,26,0.9629629629629629,MR13 MR10 MR02 MR11 MR06 MR12 MR04 MR07 MR14
4886,9,23,23,1.0,MR13 MR10 MR02 MR07 MR11 MR04 MR12 MR14 MR06
4887,9,23,22,0.9565217391304348,MR13 MR10 MR11 MR02 MR07 MR04 MR14 MR06 MR12
4888,9,25,24,0.96,MR13 MR10 MR11 MR02 MR14 MR04 MR07 MR12 MR06
4889,9,22,21,0.9545454545454546,MR13 MR10 MR02 MR11 MR07 MR14 MR04 MR12 MR06
4890,9,22,20,0.9090909090909091,MR13 MR10 MR02 MR11 MR12 MR14 MR04 MR06 MR07
4891,9,24,23,0.9583333333333334,MR12 MR10 MR11 MR02 MR04 MR06 MR13 MR14 MR07
4892,9,25,25,1.0,MR12 MR10 MR06 MR02 MR14 MR11 MR04 MR13 MR07
4893,9,24,24,1.0,MR13 MR10 MR11 MR02 MR04 MR06 MR07 MR12 MR14
4894,9,27,26,0.9629629629629629,MR12 MR10 MR02 MR11 MR06 MR04 MR07 MR13 MR14
4895,9,22,21,0.9545454545454546,MR13 MR10 MR11 MR02 MR14 MR04 MR07 MR12 MR06
4896,9,24,22,0.9166666666666666,MR13 MR10 MR02 MR11 MR06 MR04 MR07 MR12 MR14
4897,9,16,16,1.0,MR13 MR10 MR02 MR07 MR11 MR04 MR12 MR14 MR06
4898,9,24,23,0.9583333333333334,MR13 MR10 MR02 MR06 MR11 MR04 MR07 MR12 MR14
4899,9,24,20,0.8333333333333334,MR05 MR10 MR06 MR02 MR14 MR04 MR11 MR07 MR12
4900,9,29,28,0.9655172413793104,MR13 MR10 MR02 MR11 MR12 MR06 MR04 MR14 MR07
4901,9,27,26,0.9629629629629629,MR13 MR10 MR02 MR11 MR07 MR04 MR12 MR14 MR06
4902,9,23,23,1.0,MR13 MR10 MR02 MR06 MR11 MR12 MR04 MR07 MR14
4903,8,25,22,0.88,MR13 MR10 MR11 MR02 MR14 MR07 MR04 MR06
4904,9,22,22,1.0,MR12 MR10 MR02 MR11 MR14 MR13 MR04 MR06 MR07
4905,8,19,15,0.7894736842105263,MR13 MR10 MR07 MR02 MR11 MR14 MR04 MR12
4906,9,26,25,0.9615384615384616,MR13 MR10 MR11 MR02 MR06 MR04 MR14 MR07 MR12
4907,9,22,21,0.9545454545454546,MR13 MR10 MR11 MR02 MR06 MR04 MR14 MR07 MR12
4908,9,22,21,0.9545454545454546,MR13 MR10 MR11 MR02 MR06 MR14 MR04 MR07 MR12
4909,9,28,27,0.9642857142857143,MR13 MR10 MR11 MR02 MR04 MR07 MR14 MR06 MR12
4910,9,23,22,0.9565217391304348,MR13 MR10 MR02 MR11 MR14 MR06 MR12 MR04 MR07
4911,9,23,23,1.0,MR13 MR10 MR02 MR11 MR04 MR06 MR07 MR14 MR12
4912,9,29,28,0.9655172413793104,MR12 MR10 MR02 MR06 MR11 MR04 MR13 MR07 MR14
4913,9,24,24,1.0,MR13 MR10 MR02 MR06 MR07 MR11 MR12 MR04 MR14
4914,9,25,25,1.0,MR13 MR10 MR11 MR02 MR06 MR04 MR12 MR07 MR14
4915,8,25,21,0.84,MR13 MR10 MR11 MR02 MR04 MR06 MR14 MR07
4916,9,25,24,0.96,MR13 MR10 MR02 MR11 MR06 MR04 MR07 MR12 MR14
4917,9,23,22,0.9565217391304348,MR13 MR10 MR02 MR07 MR14 MR06 MR04 MR11 MR12
4918,8,22,18,0.8181818181818182,MR13 MR10 MR11 MR02 MR14 MR07 MR04 MR12
4919,9,23,22,0.9565217391304348,MR13 MR10 MR02 MR07 MR12 MR11 MR04 MR06 MR14
4920,9,30,29,0.9666666666666667,MR13 MR10 MR02 MR06 MR11 MR04 MR07 MR12 MR14
4921,9,26,26,1.0,MR13 MR10 MR02 MR11 MR14 MR04 MR06 MR07 MR12
4922,9,21,20,0.9523809523809523,MR13 MR10 MR02 MR06 MR07 MR04 MR11 MR12 MR14
4923,9,17,14,0.8235294117647058,MR05 MR10 MR11 MR02 MR12 MR04 MR07 MR06 MR14
4924,9,26,22,0.8461538461538461,MR05 MR10 MR11 MR02 MR06 MR14 MR04 MR12 MR07
4925,9,25,24,0.96,MR12 MR10 MR11 MR02 MR13 MR04 MR06 MR07 MR14
4926,9,18,18,1.0,MR13 MR10 MR02 MR11 MR04 MR06 MR07 MR12 MR14
4927,8,24,20,0.8333333333333334,MR13 MR10 MR11 MR02 MR06 MR14 MR04 MR12
4928,9,25,24,0.96,MR13 MR10 MR02 MR11 MR14 MR07 MR04 MR06 MR12
4929,9,24,24,1.0,MR13 MR10 MR02 MR11 MR07 MR04 MR12 MR06 MR14
4930,9,24,24,1.0,MR13 MR10 MR02 MR11 MR06 MR04 MR14 MR07 MR12
4931,8,21,18,0.8571428571428571,MR12 MR10 MR11 MR02 MR13 MR04 MR06 MR14
4932,9,23,19,0.8260869565217391,MR12 MR10 MR02 MR11 MR07 MR04 MR06 MR05 MR14
4933,9,23,22,0.9565217391304348,MR13 MR10 MR11 MR02 MR04 MR07 MR14 MR12 MR06
4934,9,24,22,0.9166666666666666,MR13 MR10 MR02 MR11 MR06 MR14 MR04 MR07 MR12
4935,9,23,22,0.9565217391304348,MR13 MR10 MR02 MR11 MR14 MR04 MR06 MR07 MR12
4936,9,29,29,1.0,MR13 MR10 MR02 MR11 MR07 MR12 MR04 MR06 MR14
4937,9,24,23,0.9583333333333334,MR13 MR10 MR02 MR06 MR11 MR12 MR14 MR04 MR07
4938,9,23,22,0.9565217391304348,MR13 MR10 MR02 MR11 MR04 MR06 MR07 MR12 MR14
4939,9,25,24,0.96,MR13 MR10 MR11 MR02 MR04 MR07 MR12 MR14 MR06
4940,9,24,23,0.9583333333333334,MR13 MR10 MR02 MR11 MR06 MR04 MR14 MR07 MR12
4941,9,22,22,1.0,MR13 MR10 MR02 MR11 MR07 MR04 MR06 MR14 MR12
4942,8,25,21,0.84,MR13 MR10 MR06 MR02 MR11 MR04 MR12 MR14
4943,8,26,22,0.8461538461538461,MR12 MR10 MR02 MR07 MR11 MR13 MR04 MR06
4944,9,27,26,0.9629629629629629,MR12 MR10 MR02 MR07 MR11 MR13 MR04 MR06 MR14
4945,9,22,21,0.9545454545454546,MR13 MR10 MR02 MR11 MR06 MR04 MR07 MR12 MR14
4946,9,23,22,0.9565217391304348,MR13 MR10 MR02 MR11 MR04 MR06 MR07 MR14 MR12
4947,8,20,16,0.8,MR13 MR10 MR11 MR02 MR04 MR07 MR06 MR14
4948,9,25,24,0.96,MR13 MR10 MR11 MR02 MR14 MR04 MR06 MR07 MR12
4949,9,24,23,0.9583333333333334,MR13 MR10 MR02 MR11 MR14 MR12 MR04 MR06 MR07
4950,9,25,24,0.96,MR13 MR10 MR02 MR07 MR11 MR04 MR14 MR06 MR12
4951,9,22,22,1.0,MR13 MR10 MR02 MR11 MR06 MR04 MR07 MR14 MR12
4952,9,19,18,0.9473684210526315,MR13 MR10 MR02 MR07 MR14 MR04 MR06 MR11 MR12
4953,9,24,24,1.0,MR12 MR10 MR02 MR06 MR11 MR13 MR14 MR04 MR07
4954,9,19,18,0.9473684210526315,MR12 MR10 MR11 MR02 MR13 MR04 MR07 MR14 MR06
4955,9,24,23,0.9583333333333334,MR13 MR10 MR11 MR02 MR07 MR04 MR14 MR06 MR12
4956,9,20,17,0.85,MR05 MR10 MR02 MR11 MR04 MR06 MR07 MR14 MR12
4957,8,24,21,0.875,MR13 MR10 MR02 MR11 MR07 MR04 MR06 MR12
4958,8,28,25,0.8928571428571429,MR13 MR10 MR11 MR02 MR14 MR04 MR06 MR07
4959,9,19,18,0.9473684210526315,MR13 MR10 MR02 MR07 MR11 MR04 MR06 MR12 MR14
4960,9,22,22,1.0,MR13 MR10 MR02 MR11 MR14 MR04 MR06 MR07 MR12
4961,8,23,19,0.8260869565217391,MR13 MR10 MR02 MR11 MR07 MR14 MR04 MR06
4962,9,22,22,1.0,MR13 MR10 MR11 MR02 MR14 MR04 MR07 MR06 MR12
4963,8,27,24,0.8888888888888888,MR13 MR10 MR02 MR07 MR11 MR04 MR14 MR12
4964,8,26,23,0.8846153846153846,MR13 MR10 MR11 MR02 MR06 MR04 MR12 MR14
4965,8,28,21,0.75,MR12 MR10 MR11 MR02 MR06 MR14 MR04 MR05
4966,9,26,25,0.9615384615384616,MR13 MR10 MR11 MR02 MR06 MR04 MR14 MR07 MR12
4967,9,22,21,0.9545454545454546,MR13 MR10 MR11 MR02 MR04 MR07 MR12 MR14 MR06
4968,9,23,23,1.0,MR13 MR10 MR02 MR06 MR07 MR11 MR04 MR12 MR14
4969,9,30,29,0.9666666666666667,MR12 MR10 MR02 MR11 MR07 MR04 MR13 MR06 MR14
4970,9,22,21,0.9545454545454546,MR13 MR10 MR11 MR02 MR14 MR04 MR07 MR06 MR12
4971,9,28,27,0.9642857142857143,MR13 MR10 MR11 MR02 MR14 MR04 MR06 MR07 MR12
4972,9,28,27,0.9642857142857143,MR13 MR10 MR02 MR12 MR07 MR11 MR04 MR06 MR14
4973,8,24,20,0.8333333333333334,MR13 MR10 MR11 MR02 MR12 MR04 MR07 MR06
4974,9,23,21,0.9130434782608695,MR13 MR10 MR02 MR11 MR12 MR14 MR04 MR06 MR07
4975,8,27,22,0.8148148148148148,MR13 MR10 MR02 MR11 MR07 MR14 MR04 MR06
4976,9,25,25,1.0,MR13 MR10 MR11 MR02 MR04 MR07 MR12 MR06 MR14
4977,9,23,22,0.9565217391304348,MR13 MR10 MR02 MR11 MR06 MR04 MR07 MR12 MR14
4978,9,23,23,1.0,MR13 MR10 MR11 MR02 MR14 MR04 MR07 MR06 MR12
4979,9,23,22,0.9565217391304348,MR13 MR10 MR02 MR07 MR11 MR12 MR04 MR06 MR14
4980,9,27,26,0.9629629629629629,MR13 MR10 MR02 MR06 MR07 MR04 MR14 MR11 MR12
4981,8,27,22,0.8148148148148148,MR13 MR10 MR11 MR02 MR04 MR12 MR14 MR07
4982,9,25,23,0.92,MR13 MR10 MR11 MR02 MR04 MR12 MR14 MR06 MR07
4983,8,24,20,0.8333333333333334,MR13 MR10 MR11 MR02 MR07 MR14 MR04 MR12
4984,9,20,20,1.0,MR13 MR10 MR14 MR02 MR07 MR06 MR04 MR11 MR12
4985,9,26,26,1.0,MR13 MR10 MR02 MR11 MR06 MR12 MR04 MR07 MR14
4986,9,22,21,0.9545454545454546,MR13 MR10 MR02 MR11 MR14 MR07 MR04 MR06 MR12
4987,9,23,22,0.9565217391304348,MR13 MR10 MR02 MR06 MR11 MR04 MR12 MR07 MR14
4988,9,23,19,0.8260869565217391,MR05 MR10 MR02 MR06 MR11 MR04 MR12 MR14 MR07
4989,9,23,23,1.0,MR13 MR10 MR02 MR11 MR04 MR06 MR07 MR12 MR14
4990,9,21,20,0.9523809523809523,MR13 MR10 MR11 MR02 MR04 MR06 MR14 MR07 MR12
4991,9,24,23,0.9583333333333334,MR13 MR10 MR11 MR02 MR12 MR04 MR07 MR06 MR14
4992,9,22,21,0.9545454545454546,MR13 MR10 MR02 MR06 MR07 MR11 MR04 MR12 MR14
4993,9,20,20,1.0,MR12 MR10 MR11 MR02 MR04 MR06 MR13 MR07 MR14
4994,9,30,25,0.8333333333333334,MR12 MR10 MR11 MR02 MR14 MR04 MR07 MR05 MR06
4995,9,26,26,1.0,MR13 MR10 MR02 MR11 MR04 MR06 MR07 MR14 MR12
4996,9,26,25,0.9615384615384616,MR13 MR10 MR02 MR11 MR07 MR04 MR06 MR12 MR14
4997,9,20,19,0.95,MR13 MR10 MR02 MR11 MR06 MR12 MR14 MR04 MR07
4998,9,23,21,0.9130434782608695,MR13 MR10 MR02 MR11 MR04 MR06 MR07 MR12 MR14
4999,8,27,22,0.8148148148148148,MR13 MR10 MR02 MR11 MR12 MR06 MR04 MR07
5000,9,27,26,0.9629629629629629,MR13 MR10 MR11 MR02 MR04 MR12 MR06 MR07 MR14
5001,8,25,20,0.8,MR12 MR10 MR11 MR02 MR13 MR04 MR06 MR07
5002,9,18,18,1.0,MR13 MR10 MR11 MR02 MR04 MR06 MR12 MR07 MR14
5003,9,18,17,0.9444444444444444,MR13 MR10 MR02 MR07 MR11 MR14 MR04 MR06 MR12
5004,9,28,27,0.9642857142857143,MR13 MR10 MR02 MR11 MR14 MR04 MR06 MR07 MR12
5005,9,23,22,0.9565217391304348,MR13 MR10 MR02 MR06 MR11 MR04 MR07 MR12 MR14
5006,9,23,22,0.9565217391304348,MR13 MR10 MR11 MR02 MR14 MR04 MR06 MR12 MR07
5007,9,27,26,0.9629629629629629,MR14 MR10 MR02 MR06 MR11 MR13 MR04 MR12 MR07
5008,8,27,24,0.8888888888888888,MR13 MR10 MR07 MR02 MR12 MR04 MR11 MR06
5009,9,27,26,0.9629629629629629,MR14 MR10 MR02 MR11 MR06 MR04 MR13 MR07 MR12
5010,9,23,23,1.0,MR13 MR10 MR02 MR11 MR14 MR07 MR04 MR06 MR12
5011,9,25,25,1.0,MR13 MR10 MR11 MR02 MR12 MR04 MR06 MR14 MR07
5012,9,23,22,0.9565217391304348,MR13 MR10 MR11 MR02 MR12 MR06 MR14 MR04 MR07
5013,9,22,22,1.0,MR13 MR10 MR11 MR02 MR07 MR14 MR04 MR12 MR06
5014,9,26,22,0.8461538461538461,MR12 MR10 MR07 MR02 MR04 MR05 MR14 MR06 MR11
5015,9,24,20,0.8333333333333334,MR12 MR10 MR11 MR02 MR04 MR07 MR14 MR05 MR06
5016,9,22,22,1.0,MR13 MR10 MR02 MR06 MR11 MR04 MR12 MR07 MR14
5017,9,20,19,0.95,MR13 MR10 MR11 MR02 MR12 MR04 MR14 MR07 MR06
5018,9,26,26,1.0,MR13 MR10 MR02 MR07 MR06 MR14 MR04 MR12 MR11
5019,9,24,24,1.0,MR13 MR10 MR02 MR11 MR07 MR04 MR14 MR12 MR06
5020,9,27,26,0.9629629629629629,MR13 MR10 MR11 MR02 MR04 MR12 MR14 MR06 MR07
5021,9,24,23,0.9583333333333334,MR13 MR10 MR02 MR07 MR11 MR14 MR04 MR06 MR12
5022,9,26,24,0.9230769230769231,MR13 MR10 MR11 MR02 MR04 MR06 MR14 MR07 MR12
5023,9,25,23,0.92,MR13 MR10 MR11 MR02 MR07 MR14 MR04 MR12 MR06
5024,9,22,21,0.9545454545454546,MR13 MR10 MR02 MR06 MR07 MR11 MR04 MR14 MR12
5025,9,28,26,0.9285714285714286,MR12 MR10 MR02 MR06 MR14 MR07 MR04 MR11 MR13
5026,8,19,15,0.7894736842105263,MR13 MR10 MR11 MR02 MR07 MR14 MR04 MR12
5027,9,25,24,0.96,MR12 MR10 MR11 MR02 MR14 MR04 MR06 MR13 MR07
5028,8,19,16,0.8421052631578947,MR13 MR10 MR02 MR06 MR07 MR04 MR11 MR14
5029,8,25,21,0.84,MR13 MR10 MR11 MR02 MR07 MR04 MR06 MR12
5030,9,25,24,0.96,MR13 MR10 MR02 MR11 MR07 MR12 MR04 MR06 MR14
5031,9,24,23,0.9583333333333334,MR13 MR10 MR02 MR11 MR04 MR06 MR07 MR14 MR12
5032,9,22,22,1.0,MR13 MR10 MR02 MR06 MR11 MR14 MR04 MR07 MR12
5033,9,21,20,0.9523809523809523,MR13 MR10 MR02 MR11 MR06 MR14 MR04 MR07 MR12
5034,9,25,23,0.92,MR13 MR10 MR02 MR11 MR12 MR04 MR06 MR07 MR14
5035,9,21,21,1.0,MR13 MR10 MR11 MR02 MR14 MR04 MR12 MR06 MR07
5036,9,19,19,1.0,MR13 MR10 MR11 MR02 MR04 MR06 MR14 MR07 MR12
5037,9,26,24,0.9230769230769231,MR13 MR10 MR11 MR02 MR12 MR04 MR07 MR06 MR14
5038,9,27,26,0.9629629629629629,MR13 MR10 MR02 MR11 MR06 MR04 MR12 MR14 MR07
5039,9,23,22,0.9565217391304348,MR13 MR10 MR02 MR11 MR06 MR04 MR07 MR12 MR14
5040,9,27,26,0.9629629629629629,MR13 MR10 MR02 MR11 MR06 MR12 MR04 MR14 MR07
5041,9,24,23,0.9583333333333334,MR12 MR10 MR11 MR02 MR14 MR04 MR07 MR13 MR06
5042,9,24,23,0.9583333333333334,MR12 MR10 MR11 MR02 MR13 MR04 MR06 MR14 MR07
5043,9,28,28,1.0,MR12 MR10 MR11 MR02 MR04 MR13 MR14 MR06 MR07
5044,9,23,19,0.8260869565217391,MR12 MR10 MR02 MR11 MR04 MR06 MR07 MR05 MR14
5045,8,28,24,0.8571428571428571,MR13 MR10 MR11 MR02 MR04 MR07 MR14 MR06
5046,9,24,23,0.9583333333333334,MR13 MR10 MR02 MR11 MR14 MR07 MR04 MR12 MR06
5047,9,18,17,0.9444444444444444,MR13 MR10 MR02 MR07 MR11 MR04 MR06 MR12 MR14
5048,9,21,20,0.9523809523809523,MR13 MR10 MR02 MR11 MR07 MR14 MR04 MR06 MR12
5049,9,25,25,1.0,MR13 MR10 MR02 MR11 MR07 MR12 MR04 MR06 MR14
5050,9,22,21,0.9545454545454546,MR13 MR10 MR02 MR06 MR14 MR04 MR07 MR11 MR12
5051,9,23,22,0.9565217391304348,MR12 MR10 MR11 MR02 MR13 MR04 MR07 MR06 MR14
5052,9,27,26,0.9629629629629629,MR13 MR10 MR02 MR11 MR06 MR04 MR07 MR12 MR14
5053,9,24,24,1.0,MR13 MR10 MR02 MR06 MR07 MR11 MR04 MR12 MR14
5054,8,25,21,0.84,MR13 MR10 MR11 MR02 MR04 MR07 MR14 MR06
5055,9,24,23,0.9583333333333334,MR12 MR10 MR11 MR02 MR13 MR04 MR06 MR14 MR07
5056,9,23,21,0.9130434782608695,MR13 MR10 MR02 MR11 MR04 MR06 MR07 MR12 MR14
5057,9,25,25,1.0,MR13 MR10 MR11 MR02 MR04 MR12 MR06 MR07 MR14
5058,9,26,25,0.9615384615384616,MR12 MR10 MR02 MR11 MR04 MR06 MR07 MR13 MR14
5059,9,25,25,1.0,MR13 MR10 MR11 MR02 MR04 MR06 MR07 MR12 MR14
5060,9,23,22,0.9565217391304348,MR13 MR10 MR02 MR06 MR11 MR04 MR12 MR14 MR07
5061,9,25,24,0.96,MR13 MR10 MR02 MR11 MR14 MR07 MR04 MR12 MR06
5062,9,20,20,1.0,MR13 MR10 MR02 MR11 MR07 MR04 MR12 MR14 MR06
5063,8,24,20,0.8333333333333334,MR13 MR10 MR11 MR02 MR12 MR04 MR07 MR14
5064,9,24,23,0.9583333333333334,MR13 MR10 MR02 MR06 MR14 MR11 MR04 MR07 MR12
5065,9,20,19,0.95,MR13 MR10 MR02 MR07 MR06 MR04 MR11 MR12 MR14
5066,9,22,22,1.0,MR13 MR10 MR11 MR02 MR04 MR06 MR12 MR14 MR07
5067,9,24,23,0.9583333333333334,MR12 MR10 MR02 MR07 MR11 MR14 MR13 MR04 MR06
5068,9,25,24,0.96,MR13 MR10 MR11 MR02 MR14 MR04 MR07 MR12 MR06
5069,8,25,22,0.88,MR13 MR10 MR02 MR11 MR07 MR04 MR12 MR06
5070,9,22,21,0.9545454545454546,MR13 MR10 MR02 MR11 MR07 MR04 MR06 MR12 MR14
5071,9,27,27,1.0,MR13 MR10 MR11 MR02 MR12 MR04 MR06 MR07 MR14
5072,9,24,23,0.9583333333333334,MR13 MR10 MR02 MR11 MR06 MR04 MR12 MR07 MR14
5073,9,21,21,1.0,MR13 MR10 MR11 MR02 MR04 MR06 MR14 MR12 MR07
5074,9,22,21,0.9545454545454546,MR13 MR10 MR11 MR02 MR12 MR04 MR06 MR07 MR14
5075,9,23,22,0.9565217391304348,MR13 MR10 MR02 MR11 MR12 MR07 MR04 MR06 MR14
5076,9,26,24,0.9230769230769231,MR13 MR10 MR02 MR06 MR11 MR04 MR12 MR07 MR14
5077,9,29,29,1.0,MR12 MR10 MR02 MR07 MR11 MR04 MR06 MR13 MR14
5078,9,27,27,1.0,MR13 MR10 MR02 MR07 MR12 MR11 MR04 MR06 MR14
5079,9,16,16,1.0,MR13 MR10 MR11 MR02 MR12 MR04 MR06 MR07 MR14
5080,9,19,19,1.0,MR13 MR10 MR02 MR11 MR06 MR04 MR14 MR07 MR12
5081,9,22,21,0.9545454545454546,MR13 MR10 MR02 MR11 MR12 MR06 MR04 MR07 MR14
5082,9,23,21,0.9130434782608695,MR13 MR10 MR02 MR06 MR07 MR11 MR04 MR12 MR14
5083,9,29,28,0.9655172413793104,MR12 MR10 MR02 MR07 MR11 MR04 MR06 MR13 MR14
5084,9,25,24,0.96,MR14 MR10 MR02 MR11 MR13 MR06 MR12 MR04 MR07
5085,9,25,24,0.96,MR13 MR10 MR02 MR14 MR06 MR11 MR04 MR07 MR12
5086,9,27,26,0.9629629629629629,MR13 MR10 MR07 MR02 MR14 MR04 MR11 MR06 MR12
5087,9,20,19,0.95,MR12 MR10 MR02 MR07 MR11 MR13 MR14 MR04 MR06
5088,9,21,21,1.0,MR13 MR10 MR02 MR11 MR07 MR12 MR04 MR06 MR14
5089,9,25,23,0.92,MR13 MR10 MR11 MR02 MR12 MR04 MR07 MR06 MR14
5090,9,24,24,1.0,MR13 MR10 MR11 MR02 MR04 MR06 MR12 MR07 MR14
5091,9,24,23,0.9583333333333334,MR13 MR10 MR11 MR02 MR04 MR06 MR07 MR12 MR14
5092,9,25,24,0.96,MR13 MR10 MR02 MR11 MR06 MR12 MR04 MR07 MR14
5093,9,23,22,0.9565217391304348,MR13 MR10 MR02 MR07 MR06 MR04 MR12 MR14 MR11
5094,9,26,25,0.9615384615384616,MR12 MR10 MR11 MR02 MR13 MR14 MR04 MR07 MR06
5095,9,23,22,0.9565217391304348,MR13 MR10 MR02 MR06 MR11 MR12 MR04 MR07 MR14
5096,9,25,24,0.96,MR13 MR10 MR11 MR02 MR07 MR12 MR04 MR06 MR14
5097,9,26,25,0.9615384615384616,MR13 MR10 MR02 MR11 MR06 MR04 MR07 MR12 MR14
5098,9,20,20,1.0,MR13 MR10 MR02 MR11 MR06 MR04 MR12 MR14 MR07
5099,9,25,24,0.96,MR13 MR10 MR11 MR02 MR12 MR04 MR06 MR07 MR14
5100,8,24,20,0.8333333333333334,MR13 MR10 MR02 MR07 MR11 MR04 MR14 MR06
5101,9,21,20,0.9523809523809523,MR12 MR10 MR11 MR02 MR13 MR04 MR14 MR06 MR07
5102,9,21,20,0.9523809523809523,MR13 MR10 MR11 MR02 MR12 MR14 MR04 MR06 MR07
5103,9,29,28,0.9655172413793104,MR13 MR10 MR02 MR07 MR11 MR14 MR04 MR06 MR12
5104,9,21,21,1.0,MR13 MR10 MR02 MR11 MR12 MR14 MR07 MR04 MR06
5105,9,23,22,0.9565217391304348,MR13 MR10 MR02 MR06 MR14 MR11 MR04 MR07 MR12
5106,9,28,27,0.9642857142857143,MR13 MR10 MR02 MR14 MR07 MR11 MR04 MR06 MR12
5107,9,24,24,1.0,MR07 MR10 MR02 MR13 MR14 MR12 MR04 MR06 MR11
5108,9,27,26,0.9629629629629629,MR12 MR10 MR11 MR02 MR14 MR04 MR13 MR06 MR07
5109,9,26,25,0.9615384615384616,MR12 MR10 MR02 MR07 MR13 MR11 MR04 MR14 MR06
5110,9,21,20,0.9523809523809523,MR12 MR10 MR02 MR11 MR07 MR13 MR14 MR04 MR06
5111,9,22,21,0.9545454545454546,MR12 MR10 MR02 MR11 MR14 MR04 MR06 MR07 MR13
5112,9,23,23,1.0,MR13 MR10 MR11 MR02 MR04 MR07 MR06 MR12 MR14
5113,9,27,26,0.9629629629629629,MR12 MR10 MR11 MR02 MR14 MR04 MR07 MR13 MR06
5114,9,22,21,0.9545454545454546,MR13 MR10 MR11 MR02 MR12 MR14 MR04 MR07 MR06
5115,9,31,27,0.8709677419354839,MR05 MR10 MR02 MR11 MR07 MR04 MR12 MR06 MR14
5116,8,25,20,0.8,MR13 MR10 MR02 MR11 MR04 MR06 MR07 MR14
5117,9,25,23,0.92,MR13 MR10 MR02 MR11 MR04 MR06 MR07 MR14 MR12
5118,9,23,22,0.9565217391304348,MR13 MR10 MR02 MR11 MR06 MR04 MR12 MR07 MR14
5119,9,23,22,0.9565217391304348,MR13 MR10 MR11 MR02 MR14 MR04 MR07 MR12 MR06
5120,8,25,20,0.8,MR12 MR10 MR11 MR02 MR14 MR04 MR07 MR13
5121,9,23,22,0.9565217391304348,MR13 MR10 MR11 MR02 MR04 MR07 MR14 MR06 MR12
5122,9,23,22,0.9565217391304348,MR13 MR10 MR02 MR11 MR12 MR07 MR04 MR14 MR06
5123,9,28,26,0.9285714285714286,MR13 MR10 MR02 MR11 MR14 MR07 MR04 MR06 MR12
5124,9,21,20,0.9523809523809523,MR13 MR10 MR11 MR02 MR12 MR14 MR04 MR06 MR07
5125,9,28,27,0.9642857142857143,MR13 MR10 MR02 MR06 MR07 MR11 MR04 MR12 MR14
5126,8,25,21,0.84,MR13 MR10 MR11 MR02 MR12 MR04 MR07 MR14
5127,9,25,25,1.0,MR13 MR10 MR11 MR02 MR14 MR04 MR07 MR06 MR12
5128,9,27,26,0.9629629629629629,MR13 MR10 MR02 MR07 MR11 MR04 MR14 MR06 MR12
5129,9,24,23,0.9583333333333334,MR13 MR10 MR02 MR11 MR06 MR12 MR04 MR14 MR07
5130,9,24,23,0.9583333333333334,MR13 MR10 MR11 MR02 MR06 MR12 MR14 MR04 MR07
5131,9,23,23,1.0,MR13 MR10 MR02 MR06 MR12 MR04 MR07 MR11 MR14
5132,9,24,24,1.0,MR13 MR10 MR02 MR11 MR12 MR04 MR06 MR07 MR14
5133,9,26,24,0.9230769230769231,MR12 MR10 MR11 MR02 MR14 MR04 MR07 MR13 MR06
5134,9,26,25,0.9615384615384616,MR13 MR10 MR11 MR02 MR14 MR04 MR12 MR06 MR07
5135,8,22,19,0.8636363636363636,MR13 MR10 MR02 MR07 MR11 MR14 MR04 MR06
5136,9,25,24,0.96,MR13 MR10 MR11 MR02 MR12 MR04 MR07 MR06 MR14
5137,9,26,26,1.0,MR13 MR10 MR11 MR02 MR14 MR04 MR12 MR06 MR07
5138,9,23,22,0.9565217391304348,MR13 MR10 MR11 MR02 MR12 MR14 MR04 MR07 MR06
5139,9,29,28,0.9655172413793104,MR13 MR10 MR02 MR11 MR07 MR14 MR04 MR06 MR12
5140,9,29,27,0.9310344827586207,MR13 MR10 MR02 MR07 MR04 MR06 MR11 MR12 MR14
5141,9,25,24,0.96,MR13 MR10 MR11 MR02 MR12 MR04 MR07 MR14 MR06
5142,9,23,22,0.9565217391304348,MR13 MR10 MR02 MR11 MR07 MR04 MR14 MR06 MR12
5143,9,24,23,0.9583333333333334,MR13 MR10 MR02 MR07 MR14 MR06 MR04 MR11 MR12
5144,9,22,22,1.0,MR06 MR10 MR02 MR12 MR13 MR04 MR11 MR14 MR07
5145,9,25,24,0.96,MR13 MR10 MR02 MR07 MR11 MR14 MR04 MR12 MR06
5146,9,26,25,0.9615384615384616,MR12 MR10 MR11 MR02 MR13 MR14 MR04 MR06 MR07
5147,9,26,25,0.9615384615384616,MR13 MR10 MR02 MR07 MR11 MR04 MR06 MR12 MR14
5148,7,25,18,0.72,MR13 MR10 MR11 MR02 MR04 MR14 MR07
5149,9,23,22,0.9565217391304348,MR12 MR10 MR11 MR02 MR13 MR04 MR06 MR14 MR07
5150,9,27,23,0.8518518518518519,MR05 MR10 MR02 MR11 MR06 MR12 MR04 MR14 MR07
5151,9,21,20,0.9523809523809523,MR13 MR10 MR07 MR02 MR11 MR12 MR04 MR14 MR06
5152,9,27,26,0.9629629629629629,MR13 MR10 MR02 MR07 MR11 MR04 MR12 MR14 MR06
5153,9,26,25,0.9615384615384616,MR13 MR10 MR11 MR02 MR14 MR04 MR07 MR12 MR06
5154,8,24,16,0.6666666666666666,MR05 MR10 MR02 MR07 MR14 MR11 MR04 MR06
5155,8,28,24,0.8571428571428571,MR13 MR10 MR02 MR11 MR07 MR14 MR04 MR06
5156,9,26,25,0.9615384615384616,MR13 MR10 MR02 MR07 MR11 MR04 MR06 MR12 MR14
5157,9,24,23,0.9583333333333334,MR13 MR10 MR11 MR02 MR04 MR06 MR07 MR12 MR14
5158,9,17,16,0.9411764705882353,MR13 MR10 MR02 MR11 MR14 MR04 MR06 MR07 MR12
5159,9,24,24,1.0,MR13 MR10 MR02 MR11 MR06 MR12 MR04 MR07 MR14
5160,9,23,21,0.9130434782608695,MR13 MR10 MR02 MR06 MR07 MR11 MR04 MR14 MR12
5161,9,25,24,0.96,MR13 MR10 MR02 MR11 MR06 MR04 MR07 MR12 MR14
5162,9,24,22,0.9166666666666666,MR13 MR10 MR02 MR11 MR12 MR04 MR06 MR07 MR14
5163,9,27,25,0.9259259259259259,MR13 MR10 MR02 MR11 MR12 MR04 MR06 MR07 MR14
5164,9,23,22,0.9565217391304348,MR13 MR10 MR11 MR02 MR04 MR07 MR12 MR14 MR06
5165,8,23,19,0.8260869565217391,MR13 MR10 MR02 MR06 MR11 MR04 MR07 MR12
5166,9,21,20,0.9523809523809523,MR13 MR10 MR02 MR11 MR07 MR04 MR06 MR12 MR14
5167,9,24,23,0.9583333333333334,MR13 MR10 MR11 MR02 MR04 MR06 MR12 MR07 MR14
5168,9,24,23,0.9583333333333334,MR13 MR10 MR02 MR11 MR07 MR04 MR12 MR14 MR06
5169,9,23,22,0.9565217391304348,MR12 MR10 MR02 MR11 MR06 MR13 MR04 MR07 MR14
5170,9,23,22,0.9565217391304348,MR13 MR10 MR02 MR11 MR06 MR12 MR04 MR07 MR14
5171,9,21,20,0.9523809523809523,MR13 MR10 MR02 MR06 MR07 MR11 MR14 MR04 MR12
5172,9,31,29,0.9354838709677419,MR13 MR10 MR02 MR06 MR14 MR11 MR04 MR07 MR12
5173,9,24,22,0.9166666666666666,MR13 MR10 MR02 MR11 MR04 MR06 MR07 MR12 MR14
5174,9,25,23,0.92,MR13 MR10 MR02 MR06 MR11 MR14 MR04 MR12 MR07
5175,9,20,20,1.0,MR13 MR10 MR11 MR02 MR12 MR04 MR14 MR07 MR06
5176,8,20,16,0.8,MR13 MR10 MR02 MR11 MR07 MR04 MR14 MR06
5177,9,23,23,1.0,MR12 MR10 MR02 MR13 MR06 MR07 MR04 MR11 MR14
5178,9,25,24,0.96,MR13 MR10 MR02 MR07 MR11 MR04 MR12 MR14 MR06
5179,9,22,22,1.0,MR13 MR10 MR11 MR02 MR14 MR04 MR06 MR12 MR07
5180,9,26,25,0.9615384615384616,MR13 MR10 MR02 MR11 MR07 MR14 MR04 MR06 MR12
5181,9,21,20,0.9523809523809523,MR12 MR10 MR11 MR02 MR13 MR04 MR06 MR07 MR14
5182,9,18,17,0.9444444444444444,MR12 MR10 MR02 MR11 MR06 MR04 MR14 MR07 MR13
5183,8,24,21,0.875,MR12 MR10 MR11 MR02 MR13 MR04 MR07 MR14
5184,9,25,24,0.96,MR13 MR10 MR02 MR11 MR14 MR07 MR04 MR06 MR12
5185,9,25,24,0.96,MR13 MR10 MR02 MR11 MR06 MR04 MR07 MR14 MR12
5186,9,27,26,0.9629629629629629,MR12 MR10 MR02 MR06 MR11 MR14 MR13 MR04 MR07
5187,9,21,19,0.9047619047619048,MR13 MR10 MR02 MR11 MR07 MR04 MR06 MR12 MR14
5188,9,15,14,0.9333333333333333,MR13 MR10 MR11 MR02 MR04 MR06 MR14 MR07 MR12
5189,8,27,22,0.8148148148148148,MR13 MR10 MR11 MR02 MR07 MR04 MR12 MR14
5190,9,22,21,0.9545454545454546,MR13 MR10 MR02 MR07 MR06 MR04 MR11 MR12 MR14
5191,9,23,22,0.9565217391304348,MR13 MR10 MR02 MR11 MR07 MR12 MR04 MR06 MR14
5192,9,30,28,0.9333333333333333,MR13 MR10 MR02 MR07 MR12 MR11 MR04 MR06 MR14
5193,8,24,21,0.875,MR13 MR10 MR02 MR11 MR07 MR04 MR06 MR14
5194,9,23,22,0.9565217391304348,MR13 MR10 MR11 MR02 MR14 MR12 MR04 MR06 MR07
5195,9,25,24,0.96,MR13 MR10 MR11 MR02 MR04 MR12 MR14 MR07 MR06
5196,9,26,25,0.9615384615384616,MR13 MR10 MR02 MR07 MR11 MR12 MR04 MR06 MR14
5197,9,25,24,0.96,MR13 MR10 MR02 MR11 MR14 MR07 MR04 MR06 MR12
5198,8,25,21,0.84,MR13 MR10 MR02 MR11 MR04 MR06 MR07 MR14
5199,9,23,23,1.0,MR13 MR10 MR02 MR06 MR07 MR04 MR12 MR11 MR14
5200,9,26,24,0.9230769230769231,MR12 MR10 MR02 MR07 MR13 MR06 MR04 MR11 MR14
5201,9,26,25,0.9615384615384616,MR13 MR10 MR11 MR02 MR06 MR04 MR14 MR12 MR07
5202,9,26,26,1.0,MR13 MR10 MR02 MR07 MR11 MR12 MR04 MR14 MR06
5203,9,28,27,0.9642857142857143,MR13 MR10 MR11 MR02 MR04 MR07 MR14 MR06 MR12
5204,9,25,24,0.96,MR13 MR10 MR06 MR02 MR11 MR04 MR14 MR12 MR07
5205,9,28,26,0.9285714285714286,MR13 MR10 MR02 MR11 MR14 MR04 MR06 MR07 MR12
5206,9,24,24,1.0,MR12 MR10 MR02 MR11 MR14 MR07 MR04 MR06 MR13
5207,8,23,20,0.8695652173913043,MR13 MR10 MR11 MR02 MR07 MR12 MR04 MR06
5208,9,27,26,0.9629629629629629,MR12 MR10 MR11 MR02 MR13 MR04 MR06 MR07 MR14
5209,9,25,24,0.96,MR13 MR10 MR11 MR02 MR04 MR12 MR06 MR14 MR07
5210,9,24,22,0.9166666666666666,MR13 MR10 MR02 MR07 MR11 MR12 MR04 MR06 MR14
5211,8,28,24,0.8571428571428571,MR13 MR10 MR11 MR02 MR14 MR04 MR07 MR06
5212,8,26,22,0.8461538461538461,MR13 MR10 MR02 MR11 MR07 MR04 MR12 MR06
5213,9,24,22,0.9166666666666666,MR13 MR10 MR02 MR11 MR14 MR07 MR04 MR06 MR12
5214,9,23,22,0.9565217391304348,MR13 MR10 MR02 MR11 MR14 MR07 MR04 MR06 MR12
5215,9,23,22,0.9565217391304348,MR13 MR10 MR11 MR02 MR04 MR06 MR12 MR14 MR07
5216,9,26,25,0.9615384615384616,MR13 MR10 MR02 MR06 MR11 MR14 MR04 MR07 MR12
5217,9,21,21,1.0,MR13 MR10 MR11 MR02 MR04 MR07 MR12 MR14 MR06
5218,9,22,21,0.9545454545454546,MR13 MR10 MR02 MR11 MR06 MR12 MR04 MR07 MR14
5219,9,24,23,0.9583333333333334,MR12 MR10 MR02 MR11 MR13 MR04 MR06 MR07 MR14
5220,9,29,28,0.9655172413793104,MR12 MR10 MR02 MR11 MR13 MR04 MR06 MR07 MR14
5221,8,24,20,0.8333333333333334,MR12 MR10 MR02 MR11 MR13 MR04 MR06 MR07
5222,9,23,23,1.0,MR12 MR10 MR02 MR06 MR07 MR13 MR04 MR11 MR14
5223,9,23,22,0.9565217391304348,MR13 MR10 MR02 MR11 MR07 MR14 MR04 MR12 MR06
5224,9,25,24,0.96,MR13 MR10 MR11 MR02 MR14 MR04 MR12 MR06 MR07
5225,9,29,28,0.9655172413793104,MR13 MR10 MR11 MR02 MR04 MR12 MR06 MR07 MR14
5226,9,24,24,1.0,MR13 MR10 MR02 MR11 MR07 MR04 MR12 MR14 MR06
5227,9,25,23,0.92,MR13 MR10 MR02 MR06 MR07 MR11 MR14 MR04 MR12
5228,9,25,24,0.96,MR13 MR10 MR02 MR11 MR07 MR04 MR12 MR14 MR06
5229,9,28,26,0.9285714285714286,MR13 MR10 MR02 MR11 MR14 MR07 MR04 MR06 MR12
5230,9,24,23,0.9583333333333334,MR13 MR10 MR02 MR06 MR07 MR11 MR12 MR04 MR14
5231,8,22,19,0.8636363636363636,MR12 MR10 MR02 MR11 MR13 MR07 MR04 MR06
5232,9,21,20,0.9523809523809523,MR13 MR10 MR02 MR07 MR11 MR14 MR04 MR06 MR12
5233,9,23,22,0.9565217391304348,MR13 MR10 MR11 MR02 MR04 MR07 MR12 MR06 MR14
5234,9,25,24,0.96,MR13 MR10 MR11 MR02 MR04 MR14 MR07 MR12 MR06
5235,9,21,20,0.9523809523809523,MR13 MR10 MR02 MR06 MR11 MR04 MR12 MR14 MR07
5236,8,26,22,0.8461538461538461,MR13 MR10 MR11 MR02 MR07 MR04 MR14 MR12
5237,8,27,23,0.8518518518518519,MR12 MR10 MR11 MR02 MR06 MR13 MR14 MR04
5238,8,24,20,0.8333333333333334,MR13 MR10 MR02 MR06 MR11 MR04 MR14 MR07
5239,9,18,17,0.9444444444444444,MR13 MR10 MR11 MR02 MR14 MR04 MR07 MR06 MR12
5240,9,23,22,0.9565217391304348,MR13 MR10 MR02 MR11 MR12 MR07 MR04 MR06 MR14
5241,9,28,26,0.9285714285714286,MR13 MR10 MR02 MR07 MR06 MR04 MR11 MR12 MR14
5242,9,23,22,0.9565217391304348,MR13 MR10 MR11 MR02 MR04 MR12 MR06 MR07 MR14
5243,9,23,22,0.9565217391304348,MR13 MR10 MR02 MR11 MR07 MR14 MR04 MR06 MR12
5244,9,24,23,0.9583333333333334,MR12 MR10 MR11 MR02 MR13 MR14 MR04 MR06 MR07
5245,9,25,24,0.96,MR13 MR10 MR11 MR02 MR14 MR04 MR07 MR12 MR06
5246,8,25,21,0.84,MR13 MR10 MR02 MR06 MR07 MR11 MR04 MR12
5247,9,25,24,0.96,MR13 MR10 MR11 MR02 MR04 MR07 MR12 MR06 MR14
5248,9,29,28,0.9655172413793104,MR13 MR10 MR02 MR11 MR07 MR04 MR06 MR14 MR12
5249,9,27,27,1.0,MR13 MR10 MR02 MR11 MR04 MR06 MR07 MR12 MR14
5250,9,26,25,0.9615384615384616,MR13 MR10 MR11 MR02 MR12 MR04 MR06 MR07 MR14
5251,9,23,23,1.0,MR13 MR10 MR11 MR02 MR04 MR07 MR14 MR12 MR06
5252,8,28,24,0.8571428571428571,MR13 MR10 MR11 MR02 MR04 MR07 MR12 MR14
5253,9,27,24,0.8888888888888888,MR05 MR10 MR02 MR06 MR11 MR04 MR12 MR14 MR07
5254,9,22,21,0.9545454545454546,MR13 MR10 MR11 MR02 MR07 MR04 MR14 MR12 MR06
5255,9,24,23,0.9583333333333334,MR13 MR10 MR11 MR02 MR12 MR04 MR07 MR14 MR06
5256,9,25,24,0.96,MR13 MR10 MR11 MR02 MR14 MR04 MR06 MR07 MR12
5257,9,23,23,1.0,MR13 MR10 MR11 MR02 MR12 MR04 MR14 MR07 MR06
5258,9,26,24,0.9230769230769231,MR13 MR10 MR02 MR11 MR04 MR06 MR07 MR14 MR12
5259,9,24,23,0.9583333333333334,MR12 MR10 MR02 MR06 MR14 MR11 MR13 MR04 MR07
5260,9,25,24,0.96,MR13 MR10 MR11 MR02 MR14 MR04 MR06 MR12 MR07
5261,9,24,23,0.9583333333333334,MR13 MR10 MR02 MR11 MR06 MR04 MR07 MR14 MR12
5262,9,21,21,1.0,MR12 MR10 MR11 MR02 MR13 MR04 MR14 MR06 MR07
5263,9,22,22,1.0,MR13 MR10 MR11 MR02 MR14 MR04 MR06 MR07 MR12
5264,9,25,24,0.96,MR13 MR10 MR02 MR11 MR14 MR06 MR04 MR07 MR12
5265,9,25,25,1.0,MR13 MR10 MR11 MR02 MR04 MR07 MR06 MR14 MR12
5266,9,22,22,1.0,MR12 MR10 MR02 MR11 MR14 MR04 MR06 MR07 MR13
5267,9,25,21,0.84,MR12 MR10 MR02 MR06 MR11 MR14 MR04 MR07 MR05
5268,8,26,23,0.8846153846153846,MR13 MR10 MR02 MR07 MR11 MR14 MR04 MR06
5269,8,24,20,0.8333333333333334,MR13 MR10 MR02 MR06 MR11 MR14 MR04 MR07
5270,8,22,18,0.8181818181818182,MR13 MR10 MR02 MR11 MR07 MR04 MR06 MR14
5271,9,24,23,0.9583333333333334,MR12 MR10 MR11 MR13 MR02 MR04 MR06 MR07 MR14
5272,9,22,21,0.9545454545454546,MR13 MR10 MR02 MR11 MR04 MR06 MR07 MR14 MR12
5273,9,22,20,0.9090909090909091,MR13 MR10 MR02 MR11 MR07 MR04 MR06 MR12 MR14
5274,9,23,22,0.9565217391304348,MR13 MR10 MR11 MR02 MR14 MR04 MR12 MR06 MR07
5275,9,22,21,0.9545454545454546,MR13 MR10 MR11 MR02 MR04 MR06 MR12 MR07 MR14
5276,9,25,24,0.96,MR12 MR10 MR11 MR02 MR07 MR14 MR04 MR06 MR13
5277,9,22,21,0.9545454545454546,MR12 MR10 MR11 MR02 MR14 MR04 MR07 MR13 MR06
5278,9,28,27,0.9642857142857143,MR13 MR10 MR02 MR07 MR11 MR04 MR14 MR06 MR12
5279,9,28,27,0.9642857142857143,MR13 MR10 MR11 MR02 MR07 MR04 MR12 MR06 MR14
5280,8,18,15,0.8333333333333334,MR13 MR10 MR11 MR02 MR07 MR04 MR12 MR14
5281,9,21,20,0.9523809523809523,MR13 MR10 MR11 MR02 MR04 MR07 MR14 MR06 MR12
5282,9,24,24,1.0,MR13 MR10 MR02 MR07 MR14 MR04 MR06 MR11 MR12
5283,9,24,23,0.9583333333333334,MR13 MR10 MR14 MR02 MR06 MR11 MR04 MR12 MR07
5284,8,23,19,0.8260869565217391,MR13 MR10 MR02 MR06 MR11 MR14 MR04 MR07
5285,8,26,22,0.8461538461538461,MR12 MR10 MR11 MR02 MR04 MR07 MR13 MR14
5286,9,25,24,0.96,MR13 MR10 MR02 MR11 MR06 MR12 MR04 MR07 MR14
5287,9,22,21,0.9545454545454546,MR13 MR10 MR11 MR02 MR04 MR06 MR12 MR07 MR14
5288,9,26,24,0.9230769230769231,MR13 MR10 MR11 MR02 MR14 MR04 MR06 MR12 MR07
5289,9,23,22,0.9565217391304348,MR13 MR10 MR02 MR11 MR06 MR04 MR07 MR12 MR14
5290,9,25,24,0.96,MR13 MR10 MR11 MR02 MR14 MR04 MR06 MR12 MR07
5291,9,21,20,0.9523809523809523,MR13 MR10 MR02 MR06 MR07 MR12 MR04 MR11 MR14
5292,9,26,25,0.9615384615384616,MR13 MR10 MR11 MR02 MR04 MR07 MR14 MR06 MR12
5293,9,28,24,0.8571428571428571,MR12 MR10 MR02 MR11 MR07 MR14 MR04 MR05 MR06
5294,9,22,21,0.9545454545454546,MR13 MR10 MR02 MR06 MR11 MR12 MR04 MR07 MR14
5295,9,19,18,0.9473684210526315,MR13 MR10 MR02 MR11 MR12 MR04 MR06 MR07 MR14
5296,9,22,20,0.9090909090909091,MR13 MR10 MR11 MR02 MR12 MR04 MR06 MR14 MR07
5297,8,25,21,0.84,MR13 MR10 MR02 MR06 MR11 MR12 MR04 MR07
5298,8,21,18,0.8571428571428571,MR13 MR10 MR11 MR02 MR04 MR06 MR12 MR14
5299,9,19,19,1.0,MR13 MR10 MR11 MR02 MR14 MR07 MR04 MR12 MR06
5300,8,23,19,0.8260869565217391,MR13 MR10 MR11 MR02 MR12 MR04 MR06 MR07
5301,9,23,22,0.9565217391304348,MR12 MR10 MR11 MR02 MR07 MR04 MR13 MR14 MR06
5302,9,21,21,1.0,MR13 MR10 MR11 MR02 MR12 MR04 MR07 MR06 MR14
5303,9,24,23,0.9583333333333334,MR13 MR10 MR11 MR02 MR04 MR06 MR07 MR14 MR12
5304,9,25,24,0.96,MR13 MR10 MR02 MR11 MR06 MR12 MR04 MR14 MR07
5305,9,22,18,0.8181818181818182,MR05 MR10 MR11 MR02 MR04 MR06 MR07 MR12 MR14
5306,9,24,23,0.9583333333333334,MR13 MR10 MR02 MR06 MR11 MR04 MR12 MR07 MR14
5307,9,27,26,0.9629629629629629,MR13 MR10 MR11 MR02 MR07 MR04 MR12 MR14 MR06
5308,8,23,20,0.8695652173913043,MR13 MR10 MR11 MR02 MR07 MR14 MR04 MR12
5309,8,24,20,0.8333333333333334,MR12 MR10 MR11 MR02 MR07 MR13 MR04 MR14
5310,9,23,22,0.9565217391304348,MR13 MR10 MR11 MR02 MR07 MR14 MR04 MR06 MR12
5311,9,28,27,0.9642857142857143,MR13 MR10 MR02 MR06 MR12 MR07 MR04 MR11 MR14
5312,9,29,26,0.896551724137931,MR12 MR10 MR02 MR07 MR11 MR04 MR05 MR06 MR14
5313,9,25,24,0.96,MR14 MR10 MR02 MR07 MR11 MR13 MR04 MR06 MR12
5314,9,25,25,1.0,MR07 MR10 MR02 MR13 MR11 MR04 MR12 MR06 MR14
5315,9,21,21,1.0,MR13 MR10 MR11 MR02 MR12 MR04 MR06 MR07 MR14
5316,9,22,21,0.9545454545454546,MR13 MR10 MR02 MR12 MR06 MR07 MR11 MR04 MR14
5317,9,25,24,0.96,MR13 MR10 MR02 MR11 MR14 MR06 MR04 MR12 MR07
5318,9,27,26,0.9629629629629629,MR13 MR10 MR11 MR02 MR04 MR07 MR06 MR12 MR14
5319,9,26,25,0.9615384615384616,MR12 MR10 MR02 MR11 MR13 MR07 MR04 MR06 MR14
5320,9,27,26,0.9629629629629629,MR13 MR10 MR11 MR02 MR14 MR04 MR06 MR12 MR07
5321,9,25,24,0.96,MR12 MR10 MR11 MR02 MR04 MR13 MR14 MR06 MR07
5322,9,21,20,0.9523809523809523,MR13 MR10 MR07 MR02 MR11 MR04 MR12 MR14 MR06
5323,9,22,22,1.0,MR13 MR10 MR11 MR02 MR06 MR04 MR12 MR14 MR07
5324,9,26,25,0.9615384615384616,MR13 MR10 MR02 MR07 MR11 MR04 MR12 MR06 MR14
5325,8,22,19,0.8636363636363636,MR13 MR10 MR11 MR02 MR14 MR04 MR12 MR07
5326,9,28,26,0.9285714285714286,MR12 MR10 MR11 MR02 MR04 MR13 MR14 MR06 MR07
5327,9,23,23,1.0,MR13 MR10 MR02 MR11 MR06 MR04 MR07 MR12 MR14
5328,9,21,20,0.9523809523809523,MR13 MR10 MR11 MR02 MR12 MR04 MR07 MR06 MR14
5329,9,22,22,1.0,MR13 MR10 MR02 MR11 MR06 MR04 MR07 MR14 MR12
5330,9,22,22,1.0,MR13 MR10 MR02 MR14 MR06 MR07 MR11 MR04 MR12
5331,9,28,28,1.0,MR13 MR10 MR02 MR11 MR04 MR06 MR07 MR12 MR14
5332,9,25,23,0.92,MR13 MR10 MR02 MR07 MR11 MR04 MR14 MR06 MR12
5333,8,27,23,0.8518518518518519,MR13 MR10 MR11 MR02 MR14 MR04 MR06 MR12
5334,9,29,28,0.9655172413793104,MR13 MR10 MR02 MR11 MR14 MR04 MR06 MR07 MR12
5335,9,27,26,0.9629629629629629,MR13 MR10 MR02 MR06 MR07 MR11 MR04 MR12 MR14
5336,9,20,19,0.95,MR13 MR10 MR11 MR02 MR04 MR07 MR12 MR14 MR06
5337,9,24,22,0.9166666666666666,MR13 MR10 MR02 MR06 MR11 MR04 MR12 MR07 MR14
5338,9,24,20,0.8333333333333334,MR05 MR10 MR02 MR06 MR11 MR04 MR07 MR14 MR12
5339,9,25,25,1.0,MR12 MR10 MR02 MR11 MR13 MR06 MR04 MR07 MR14
5340,9,26,24,0.9230769230769231,MR12 MR10 MR11 MR02 MR04 MR06 MR13 MR07 MR14
5341,9,22,21,0.9545454545454546,MR12 MR10 MR02 MR07 MR11 MR13 MR04 MR06 MR14
5342,9,22,22,1.0,MR13 MR10 MR02 MR11 MR14 MR04 MR06 MR07 MR12
5343,9,22,21,0.9545454545454546,MR13 MR10 MR11 MR02 MR12 MR04 MR06 MR14 MR07
5344,9,24,23,0.9583333333333334,MR13 MR10 MR02 MR07 MR12 MR14 MR06 MR04 MR11
5345,9,22,22,1.0,MR13 MR10 MR11 MR02 MR14 MR04 MR06 MR12 MR07
5346,9,24,20,0.8333333333333334,MR12 MR10 MR02 MR14 MR06 MR11 MR04 MR05 MR07
5347,8,25,21,0.84,MR13 MR10 MR02 MR11 MR06 MR04 MR07 MR14
5348,9,23,22,0.9565217391304348,MR07 MR10 MR02 MR14 MR04 MR11 MR12 MR13 MR06
5349,9,23,23,1.0,MR13 MR10 MR02 MR06 MR11 MR12 MR04 MR14 MR07
5350,8,27,22,0.8148148148148148,MR13 MR10 MR02 MR07 MR11 MR12 MR04 MR14
5351,9,20,20,1.0,MR13 MR10 MR02 MR11 MR14 MR06 MR04 MR12 MR07
5352,9,27,26,0.9629629629629629,MR13 MR10 MR02 MR11 MR07 MR12 MR04 MR06 MR14
5353,9,22,22,1.0,MR12 MR10 MR02 MR07 MR13 MR04 MR06 MR11 MR14
5354,9,22,21,0.9545454545454546,MR13 MR10 MR02 MR11 MR14 MR04 MR06 MR07 MR12
5355,9,28,28,1.0,MR13 MR10 MR02 MR11 MR14 MR04 MR06 MR07 MR12
5356,9,26,25,0.9615384615384616,MR13 MR10 MR02 MR11 MR06 MR04 MR07 MR12 MR14
5357,8,26,23,0.8846153846153846,MR13 MR10 MR11 MR02 MR14 MR04 MR06 MR07
5358,9,23,22,0.9565217391304348,MR12 MR10 MR02 MR06 MR11 MR14 MR04 MR07 MR13
5359,9,26,25,0.9615384615384616,MR13 MR10 MR02 MR06 MR07 MR11 MR12 MR04 MR14
5360,9,21,20,0.9523809523809523,MR13 MR10 MR02 MR06 MR11 MR14 MR04 MR07 MR12
5361,9,24,23,0.9583333333333334,MR13 MR10 MR02 MR11 MR06 MR14 MR04 MR07 MR12
5362,9,26,25,0.9615384615384616,MR13 MR10 MR02 MR07 MR11 MR14 MR04 MR12 MR06
5363,8,27,23,0.8518518518518519,MR12 MR10 MR02 MR11 MR06 MR04 MR13 MR07
5364,8,26,19,0.7307692307692307,MR12 MR10 MR02 MR07 MR11 MR04 MR05 MR06
5365,9,19,18,0.9473684210526315,MR13 MR10 MR02 MR06 MR07 MR04 MR12 MR11 MR14
5366,9,29,25,0.8620689655172413,MR12 MR10 MR11 MR02 MR04 MR05 MR06 MR07 MR14
5367,9,28,27,0.9642857142857143,MR13 MR10 MR11 MR02 MR04 MR06 MR07 MR14 MR12
5368,9,27,26,0.9629629629629629,MR13 MR10 MR02 MR11 MR06 MR12 MR04 MR14 MR07
5369,9,22,21,0.9545454545454546,MR13 MR10 MR02 MR11 MR07 MR04 MR14 MR06 MR12
5370,9,28,27,0.9642857142857143,MR13 MR10 MR11 MR02 MR14 MR04 MR07 MR12 MR06
5371,9,24,23,0.9583333333333334,MR13 MR10 MR02 MR07 MR11 MR04 MR06 MR14 MR12
5372,8,23,20,0.8695652173913043,MR13 MR10 MR11 MR02 MR04 MR12 MR14 MR06
5373,9,21,20,0.9523809523809523,MR13 MR10 MR02 MR06 MR11 MR14 MR04 MR07 MR12
5374,9,23,22,0.9565217391304348,MR12 MR10 MR02 MR11 MR14 MR06 MR04 MR13 MR07
5375,9,22,21,0.9545454545454546,MR12 MR10 MR11 MR02 MR14 MR04 MR07 MR13 MR06
5376,8,23,19,0.8260869565217391,MR13 MR10 MR07 MR02 MR12 MR04 MR11 MR06
5377,9,25,24,0.96,MR13 MR10 MR02 MR14 MR11 MR06 MR04 MR07 MR12
5378,9,21,20,0.9523809523809523,MR13 MR10 MR02 MR07 MR11 MR14 MR04 MR06 MR12
5379,9,23,19,0.8260869565217391,MR05 MR10 MR02 MR07 MR14 MR04 MR06 MR11 MR12
5380,9,22,21,0.9545454545454546,MR13 MR10 MR11 MR02 MR06 MR04 MR12 MR14 MR07
5381,8,27,23,0.8518518518518519,MR12 MR10 MR11 MR02 MR06 MR13 MR04 MR07
5382,9,23,22,0.9565217391304348,MR13 MR10 MR02 MR06 MR11 MR04 MR14 MR12 MR07
5383,9,23,23,1.0,MR13 MR10 MR02 MR11 MR06 MR04 MR07 MR12 MR14
5384,8,29,24,0.8275862068965517,MR13 MR10 MR02 MR11 MR06 MR04 MR07 MR14
5385,8,26,22,0.8461538461538461,MR13 MR10 MR02 MR07 MR11 MR14 MR04 MR06
5386,8,27,23,0.8518518518518519,MR12 MR10 MR11 MR02 MR13 MR04 MR07 MR14
5387,9,23,23,1.0,MR13 MR10 MR11 MR02 MR12 MR04 MR06 MR14 MR07
5388,9,25,25,1.0,MR13 MR10 MR11 MR02 MR14 MR04 MR06 MR07 MR12
5389,9,24,23,0.9583333333333334,MR13 MR10 MR11 MR02 MR06 MR04 MR12 MR14 MR07
5390,9,26,25,0.9615384615384616,MR13 MR10 MR11 MR02 MR14 MR04 MR07 MR06 MR12
5391,9,21,20,0.9523809523809523,MR13 MR10 MR11 MR02 MR04 MR06 MR14 MR12 MR07
5392,9,26,26,1.0,MR13 MR10 MR02 MR06 MR12 MR11 MR04 MR07 MR14
5393,9,26,26,1.0,MR13 MR10 MR02 MR11 MR06 MR12 MR04 MR14 MR07
5394,9,18,18,1.0,MR13 MR10 MR11 MR02 MR06 MR04 MR12 MR14 MR07
5395,9,19,19,1.0,MR13 MR10 MR02 MR11 MR06 MR04 MR07 MR12 MR14
5396,9,25,24,0.96,MR13 MR10 MR06 MR02 MR11 MR04 MR14 MR07 MR12
5397,9,26,25,0.9615384615384616,MR13 MR10 MR02 MR11 MR07 MR04 MR14 MR06 MR12
5398,9,24,24,1.0,MR13 MR10 MR02 MR11 MR06 MR12 MR04 MR07 MR14
5399,9,23,23,1.0,MR13 MR10 MR02 MR11 MR07 MR14 MR04 MR12 MR06
5400,8,27,23,0.8518518518518519,MR13 MR10 MR06 MR02 MR11 MR12 MR04 MR14
5401,9,20,19,0.95,MR13 MR10 MR02 MR06 MR11 MR04 MR12 MR14 MR07
5402,8,26,23,0.8846153846153846,MR12 MR10 MR02 MR11 MR13 MR04 MR06 MR07
5403,8,29,24,0.8275862068965517,MR13 MR10 MR02 MR06 MR11 MR04 MR12 MR14
5404,9,28,27,0.9642857142857143,MR13 MR10 MR02 MR11 MR06 MR14 MR04 MR07 MR12
5405,9,26,25,0.9615384615384616,MR13 MR10 MR02 MR07 MR11 MR14 MR04 MR06 MR12
5406,8,23,19,0.8260869565217391,MR13 MR10 MR11 MR02 MR12 MR04 MR14 MR07
5407,9,26,25,0.9615384615384616,MR13 MR10 MR11 MR02 MR14 MR04 MR06 MR07 MR12
5408,9,27,26,0.9629629629629629,MR13 MR10 MR02 MR11 MR07 MR14 MR04 MR06 MR12
5409,9,19,18,0.9473684210526315,MR13 MR10 MR02 MR06 MR07 MR11 MR04 MR14 MR12
5410,9,22,22,1.0,MR13 MR10 MR11 MR02 MR07 MR04 MR12 MR14 MR06
5411,9,16,15,0.9375,MR13 MR10 MR02 MR11 MR06 MR04 MR07 MR12 MR14
5412,9,22,22,1.0,MR13 MR10 MR02 MR06 MR11 MR04 MR12 MR07 MR14
5413,9,23,22,0.9565217391304348,MR06 MR10 MR13 MR02 MR14 MR04 MR11 MR12 MR07
5414,9,24,23,0.9583333333333334,MR13 MR10 MR02 MR11 MR07 MR04 MR06 MR12 MR14
5415,9,23,22,0.9565217391304348,MR13 MR10 MR11 MR02 MR04 MR06 MR07 MR12 MR14
5416,9,21,21,1.0,MR13 MR10 MR02 MR06 MR14 MR07 MR04 MR11 MR12
5417,9,21,20,0.9523809523809523,MR13 MR10 MR02 MR11 MR06 MR04 MR14 MR07 MR12
5418,9,25,24,0.96,MR13 MR10 MR11 MR02 MR07 MR04 MR12 MR14 MR06
5419,8,21,18,0.8571428571428571,MR13 MR10 MR11 MR02 MR07 MR14 MR04 MR12
5420,9,26,25,0.9615384615384616,MR13 MR10 MR02 MR14 MR06 MR07 MR11 MR04 MR12
5421,9,23,22,0.9565217391304348,MR13 MR10 MR02 MR07 MR11 MR04 MR14 MR06 MR12
5422,9,25,23,0.92,MR13 MR10 MR02 MR06 MR11 MR04 MR12 MR14 MR07
5423,9,22,21,0.9545454545454546,MR13 MR10 MR02 MR11 MR06 MR04 MR07 MR12 MR14
5424,9,24,23,0.9583333333333334,MR13 MR10 MR02 MR07 MR11 MR04 MR06 MR12 MR14
5425,8,25,20,0.8,MR13 MR10 MR11 MR02 MR04 MR07 MR12 MR06
5426,8,25,21,0.84,MR13 MR10 MR02 MR06 MR07 MR11 MR14 MR04
5427,9,18,18,1.0,MR12 MR10 MR02 MR11 MR06 MR13 MR04 MR14 MR07
5428,8,26,22,0.8461538461538461,MR13 MR10 MR11 MR02 MR12 MR04 MR06 MR07
5429,9,26,25,0.9615384615384616,MR13 MR10 MR11 MR02 MR12 MR04 MR06 MR14 MR07
5430,9,20,20,1.0,MR13 MR10 MR11 MR02 MR07 MR12 MR04 MR14 MR06
5431,9,25,24,0.96,MR12 MR10 MR11 MR02 MR14 MR04 MR06 MR13 MR07
5432,9,30,29,0.9666666666666667,MR12 MR10 MR02 MR07 MR06 MR14 MR04 MR11 MR13
5433,9,23,21,0.9130434782608695,MR13 MR10 MR11 MR02 MR12 MR04 MR07 MR14 MR06
5434,9,22,22,1.0,MR13 MR10 MR02 MR11 MR06 MR04 MR07 MR12 MR14
5435,9,21,21,1.0,MR13 MR10 MR11 MR02 MR04 MR07 MR14 MR12 MR06
5436,8,24,19,0.7916666666666666,MR13 MR10 MR11 MR02 MR04 MR06 MR12 MR07
5437,9,26,25,0.9615384615384616,MR12 MR10 MR02 MR11 MR14 MR07 MR04 MR13 MR06
5438,9,24,23,0.9583333333333334,MR12 MR10 MR11 MR02 MR13 MR04 MR06 MR07 MR14
5439,8,24,20,0.8333333333333334,MR13 MR10 MR02 MR11 MR06 MR04 MR07 MR12
5440,9,24,24,1.0,MR14 MR10 MR02 MR11 MR13 MR06 MR04 MR07 MR12
5441,9,23,22,0.9565217391304348,MR12 MR10 MR02 MR11 MR07 MR04 MR06 MR13 MR14
5442,9,23,21,0.9130434782608695,MR13 MR10 MR02 MR11 MR06 MR12 MR04 MR07 MR14
5443,9,24,23,0.9583333333333334,MR13 MR10 MR02 MR11 MR04 MR06 MR07 MR14 MR12
5444,9,28,27,0.9642857142857143,MR13 MR10 MR02 MR11 MR06 MR14 MR04 MR12 MR07
5445,9,25,24,0.96,MR13 MR10 MR02 MR07 MR12 MR11 MR04 MR06 MR14
5446,9,26,25,0.9615384615384616,MR13 MR10 MR11 MR02 MR14 MR04 MR06 MR12 MR07
5447,9,21,20,0.9523809523809523,MR13 MR10 MR11 MR02 MR14 MR07 MR04 MR12 MR06
5448,9,23,22,0.9565217391304348,MR13 MR10 MR02 MR06 MR11 MR12 MR04 MR07 MR14
5449,9,18,18,1.0,MR13 MR10 MR02 MR11 MR07 MR04 MR06 MR12 MR14
5450,8,24,20,0.8333333333333334,MR13 MR10 MR11 MR02 MR07 MR04 MR12 MR06
5451,9,17,16,0.9411764705882353,MR13 MR10 MR02 MR06 MR11 MR04 MR07 MR12 MR14
5452,9,27,26,0.9629629629629629,MR13 MR10 MR11 MR02 MR04 MR06 MR12 MR07 MR14
5453,9,27,26,0.9629629629629629,MR13 MR10 MR02 MR11 MR06 MR12 MR04 MR14 MR07
5454,9,24,23,0.9583333333333334,MR13 MR10 MR02 MR11 MR07 MR14 MR04 MR06 MR12
5455,9,23,23,1.0,MR13 MR10 MR02 MR07 MR12 MR04 MR06 MR11 MR14
5456,9,27,27,1.0,MR13 MR10 MR02 MR06 MR07 MR12 MR04 MR11 MR14
5457,9,24,23,0.9583333333333334,MR13 MR10 MR02 MR11 MR06 MR04 MR07 MR12 MR14
5458,9,17,17,1.0,MR12 MR10 MR02 MR07 MR11 MR13 MR04 MR06 MR14
5459,9,27,25,0.9259259259259259,MR13 MR10 MR11 MR02 MR12 MR04 MR07 MR14 MR06
5460,9,20,20,1.0,MR13 MR10 MR11 MR02 MR04 MR06 MR07 MR12 MR14
5461,9,22,21,0.9545454545454546,MR12 MR10 MR02 MR06 MR07 MR11 MR04 MR13 MR14
5462,9,26,25,0.9615384615384616,MR13 MR10 MR11 MR02 MR04 MR06 MR14 MR07 MR12
5463,9,23,22,0.9565217391304348,MR13 MR10 MR11 MR02 MR14 MR04 MR07 MR12 MR06
5464,9,19,18,0.9473684210526315,MR13 MR10 MR02 MR11 MR07 MR04 MR06 MR14 MR12
5465,9,27,26,0.9629629629629629,MR13 MR10 MR02 MR11 MR14 MR06 MR12 MR04 MR07
5466,9,27,26,0.9629629629629629,MR13 MR10 MR02 MR11 MR12 MR04 MR06 MR07 MR14
5467,9,28,27,0.9642857142857143,MR13 MR10 MR07 MR02 MR04 MR11 MR06 MR12 MR14
5468,9,19,19,1.0,MR13 MR10 MR02 MR07 MR11 MR14 MR04 MR12 MR06
5469,9,23,23,1.0,MR13 MR10 MR02 MR07 MR12 MR04 MR06 MR11 MR14
5470,9,23,22,0.9565217391304348,MR13 MR10 MR02 MR11 MR06 MR04 MR12 MR07 MR14
5471,9,25,24,0.96,MR13 MR10 MR02 MR11 MR07 MR04 MR14 MR12 MR06
5472,9,22,22,1.0,MR12 MR10 MR11 MR02 MR07 MR04 MR13 MR14 MR06
5473,9,25,24,0.96,MR13 MR10 MR11 MR02 MR14 MR04 MR06 MR12 MR07
5474,9,26,25,0.9615384615384616,MR13 MR10 MR02 MR11 MR06 MR14 MR04 MR07 MR12
5475,9,24,23,0.9583333333333334,MR13 MR10 MR02 MR11 MR04 MR06 MR07 MR12 MR14
5476,9,21,20,0.9523809523809523,MR13 MR10 MR02 MR14 MR06 MR07 MR11 MR04 MR12
5477,9,27,26,0.9629629629629629,MR13 MR10 MR02 MR06 MR11 MR12 MR14 MR04 MR07
5478,9,25,23,0.92,MR13 MR10 MR11 MR02 MR12 MR04 MR14 MR07 MR06
5479,9,27,26,0.9629629629629629,MR13 MR10 MR02 MR06 MR11 MR04 MR14 MR07 MR12
5480,9,26,24,0.9230769230769231,MR13 MR10 MR02 MR07 MR11 MR14 MR04 MR12 MR06
5481,9,19,19,1.0,MR13 MR10 MR02 MR11 MR07 MR14 MR04 MR06 MR12
5482,9,22,21,0.9545454545454546,MR12 MR10 MR02 MR07 MR11 MR13 MR04 MR06 MR14
5483,9,30,29,0.9666666666666667,MR13 MR10 MR02 MR06 MR11 MR14 MR04 MR07 MR12
5484,9,28,26,0.9285714285714286,MR13 MR10 MR02 MR11 MR07 MR04 MR14 MR06 MR12
5485,9,23,22,0.9565217391304348,MR13 MR10 MR02 MR11 MR06 MR04 MR07 MR12 MR14
5486,9,24,23,0.9583333333333334,MR13 MR10 MR02 MR11 MR06 MR04 MR12 MR14 MR07
5487,9,25,24,0.96,MR13 MR10 MR06 MR02 MR04 MR07 MR12 MR11 MR14
5488,9,19,19,1.0,MR13 MR10 MR11 MR02 MR06 MR12 MR14 MR04 MR07
5489,9,21,19,0.9047619047619048,MR13 MR10 MR11 MR02 MR04 MR07 MR12 MR14 MR06
5490,9,21,20,0.9523809523809523,MR13 MR10 MR11 MR02 MR12 MR04 MR06 MR07 MR14
5491,9,24,23,0.9583333333333334,MR13 MR10 MR11 MR02 MR06 MR04 MR12 MR14 MR07
5492,9,27,25,0.9259259259259259,MR13 MR10 MR02 MR07 MR11 MR04 MR06 MR12 MR14
5493,9,26,26,1.0,MR13 MR10 MR11 MR02 MR14 MR04 MR07 MR12 MR06
5494,8,25,21,0.84,MR13 MR10 MR02 MR06 MR12 MR07 MR04 MR11
5495,9,23,21,0.9130434782608695,MR13 MR10 MR02 MR07 MR11 MR04 MR06 MR14 MR12
5496,9,27,26,0.9629629629629629,MR13 MR10 MR11 MR02 MR14 MR04 MR06 MR07 MR12
5497,9,25,25,1.0,MR12 MR10 MR11 MR02 MR04 MR13 MR14 MR06 MR07
5498,9,18,18,1.0,MR13 MR10 MR11 MR02 MR12 MR04 MR06 MR07 MR14
5499,9,25,24,0.96,MR13 MR10 MR11 MR02 MR06 MR04 MR12 MR14 MR07
5500,9,23,22,0.9565217391304348,MR13 MR10 MR11 MR02 MR04 MR06 MR12 MR14 MR07
5501,8,24,20,0.8333333333333334,MR13 MR10 MR11 MR02 MR04 MR06 MR14 MR07
5502,9,28,27,0.9642857142857143,MR13 MR10 MR02 MR07 MR11 MR04 MR12 MR06 MR14
5503,9,24,23,0.9583333333333334,MR13 MR10 MR11 MR02 MR04 MR06 MR07 MR12 MR14
5504,9,28,27,0.9642857142857143,MR12 MR10 MR11 MR02 MR04 MR06 MR13 MR14 MR07
5505,9,22,21,0.9545454545454546,MR13 MR10 MR02 MR11 MR07 MR12 MR04 MR06 MR14
5506,9,24,23,0.9583333333333334,MR13 MR10 MR11 MR02 MR04 MR06 MR12 MR07 MR14
5507,9,25,24,0.96,MR13 MR10 MR11 MR02 MR04 MR14 MR06 MR07 MR12
5508,9,26,25,0.9615384615384616,MR13 MR10 MR11 MR02 MR14 MR04 MR07 MR12 MR06
5509,9,24,23,0.9583333333333334,MR13 MR10 MR02 MR11 MR07 MR14 MR04 MR12 MR06
5510,9,24,22,0.9166666666666666,MR12 MR10 MR02 MR07 MR11 MR04 MR13 MR06 MR14
5511,8,24,20,0.8333333333333334,MR13 MR10 MR11 MR02 MR14 MR04 MR06 MR12
5512,9,22,22,1.0,MR13 MR10 MR11 MR02 MR04 MR07 MR14 MR06 MR12
5513,9,24,23,0.9583333333333334,MR13 MR10 MR02 MR11 MR07 MR12 MR14 MR04 MR06
5514,9,23,22,0.9565217391304348,MR13 MR10 MR11 MR02 MR04 MR14 MR06 MR07 MR12
5515,9,26,25,0.9615384615384616,MR13 MR10 MR11 MR02 MR04 MR12 MR14 MR06 MR07
5516,8,22,18,0.8181818181818182,MR13 MR10 MR11 MR02 MR06 MR04 MR14 MR12
5517,9,21,20,0.9523809523809523,MR13 MR10 MR02 MR11 MR07 MR04 MR06 MR12 MR14
5518,9,27,26,0.9629629629629629,MR13 MR10 MR02 MR06 MR07 MR14 MR04 MR11 MR12
5519,9,18,17,0.9444444444444444,MR13 MR10 MR02 MR07 MR11 MR14 MR04 MR12 MR06
5520,9,25,23,0.92,MR13 MR10 MR02 MR11 MR07 MR04 MR12 MR06 MR14
5521,9,21,20,0.9523809523809523,MR13 MR10 MR02 MR11 MR06 MR04 MR07 MR14 MR12
5522,8,27,23,0.8518518518518519,MR13 MR10 MR02 MR11 MR07 MR04 MR12 MR06
5523,9,28,24,0.8571428571428571,MR12 MR10 MR02 MR06 MR11 MR14 MR04 MR07 MR05
5524,9,23,22,0.9565217391304348,MR13 MR10 MR02 MR07 MR12 MR11 MR04 MR06 MR14
5525,9,27,27,1.0,MR13 MR10 MR11 MR02 MR14 MR04 MR06 MR07 MR12
5526,9,21,21,1.0,MR12 MR10 MR11 MR02 MR13 MR04 MR14 MR06 MR07
5527,9,23,22,0.9565217391304348,MR13 MR10 MR02 MR07 MR06 MR12 MR14 MR04 MR11
5528,9,21,20,0.9523809523809523,MR13 MR10 MR02 MR11 MR14 MR04 MR06 MR07 MR12
5529,9,27,25,0.9259259259259259,MR13 MR10 MR02 MR11 MR07 MR12 MR04 MR06 MR14
5530,9,20,19,0.95,MR14 MR10 MR11 MR02 MR07 MR04 MR13 MR12 MR06
5531,9,22,21,0.9545454545454546,MR12 MR10 MR02 MR07 MR11 MR13 MR04 MR14 MR06
5532,9,23,22,0.9565217391304348,MR13 MR10 MR02 MR11 MR14 MR07 MR12 MR04 MR06
5533,9,27,25,0.9259259259259259,MR13 MR10 MR02 MR11 MR14 MR07 MR04 MR12 MR06
5534,9,23,22,0.9565217391304348,MR13 MR10 MR11 MR02 MR04 MR06 MR14 MR07 MR12
5535,9,19,18,0.9473684210526315,MR13 MR10 MR11 MR02 MR14 MR04 MR07 MR06 MR12
5536,9,23,23,1.0,MR13 MR10 MR02 MR06 MR11 MR14 MR04 MR07 MR12
5537,9,21,21,1.0,MR12 MR10 MR11 MR02 MR13 MR04 MR07 MR06 MR14
5538,9,24,23,0.9583333333333334,MR13 MR10 MR02 MR11 MR07 MR12 MR04 MR14 MR06
5539,9,26,26,1.0,MR13 MR10 MR02 MR07 MR06 MR04 MR11 MR14 MR12
5540,9,22,20,0.9090909090909091,MR12 MR10 MR02 MR11 MR14 MR04 MR06 MR07 MR13
5541,9,18,17,0.9444444444444444,MR13 MR10 MR02 MR11 MR04 MR06 MR07 MR12 MR14
5542,9,24,20,0.8333333333333334,MR12 MR10 MR11 MR02 MR04 MR06 MR05 MR07 MR14
5543,9,24,23,0.9583333333333334,MR13 MR10 MR02 MR11 MR06 MR14 MR04 MR07 MR12
5544,8,21,17,0.8095238095238095,MR13 MR10 MR02 MR07 MR11 MR04 MR06 MR12
5545,9,23,22,0.9565217391304348,MR13 MR10 MR02 MR11 MR14 MR07 MR04 MR06 MR12
5546,8,24,20,0.8333333333333334,MR13 MR10 MR11 MR02 MR04 MR07 MR14 MR06
5547,9,24,24,1.0,MR13 MR10 MR11 MR02 MR14 MR12 MR04 MR07 MR06
5548,9,25,25,1.0,MR13 MR10 MR11 MR02 MR07 MR04 MR14 MR06 MR12
5549,9,26,25,0.9615384615384616,MR13 MR10 MR02 MR11 MR06 MR04 MR07 MR12 MR14
5550,9,27,26,0.9629629629629629,MR13 MR10 MR02 MR11 MR07 MR14 MR04 MR12 MR06
5551,9,31,29,0.9354838709677419,MR12 MR10 MR11 MR02 MR04 MR06 MR14 MR07 MR13
5552,9,20,19,0.95,MR13 MR10 MR11 MR02 MR04 MR12 MR14 MR07 MR06
5553,9,22,22,1.0,MR13 MR10 MR11 MR02 MR04 MR06 MR12 MR14 MR07
5554,9,25,24,0.96,MR13 MR10 MR11 MR02 MR14 MR04 MR07 MR12 MR06
5555,8,23,20,0.8695652173913043,MR13 MR10 MR02 MR11 MR04 MR06 MR07 MR12
5556,9,22,21,0.9545454545454546,MR13 MR10 MR11 MR02 MR14 MR04 MR06 MR07 MR12
5557,9,24,23,0.9583333333333334,MR13 MR10 MR02 MR11 MR04 MR06 MR07 MR12 MR14
5558,9,24,24,1.0,MR13 MR10 MR02 MR11 MR07 MR14 MR04 MR06 MR12
5559,9,18,17,0.9444444444444444,MR13 MR10 MR02 MR06 MR11 MR14 MR04 MR07 MR12
5560,9,25,23,0.92,MR07 MR10 MR02 MR13 MR14 MR11 MR12 MR04 MR06
5561,9,25,23,0.92,MR13 MR10 MR11 MR02 MR04 MR12 MR14 MR06 MR07
5562,9,20,19,0.95,MR13 MR10 MR02 MR11 MR06 MR12 MR14 MR04 MR07
5563,9,24,22,0.9166666666666666,MR13 MR10 MR02 MR07 MR11 MR04 MR12 MR06 MR14
5564,9,23,22,0.9565217391304348,MR13 MR10 MR02 MR11 MR07 MR12 MR04 MR06 MR14
5565,9,23,22,0.9565217391304348,MR13 MR10 MR11 MR02 MR12 MR14 MR04 MR06 MR07
5566,9,24,23,0.9583333333333334,MR12 MR10 MR11 MR02 MR13 MR14 MR04 MR06 MR07
5567,9,26,25,0.9615384615384616,MR12 MR10 MR02 MR11 MR06 MR13 MR04 MR07 MR14
5568,9,21,21,1.0,MR12 MR10 MR02 MR11 MR13 MR06 MR04 MR07 MR14
5569,9,23,23,1.0,MR12 MR10 MR11 MR02 MR14 MR04 MR06 MR07 MR13
5570,9,22,21,0.9545454545454546,MR12 MR10 MR11 MR02 MR07 MR04 MR13 MR14 MR06
5571,9,23,22,0.9565217391304348,MR13 MR10 MR02 MR07 MR06 MR04 MR11 MR12 MR14
5572,9,25,24,0.96,MR14 MR10 MR02 MR07 MR11 MR13 MR04 MR06 MR12
5573,8,26,22,0.8461538461538461,MR13 MR10 MR02 MR11 MR04 MR06 MR07 MR14
5574,9,25,24,0.96,MR12 MR10 MR02 MR07 MR11 MR13 MR04 MR14 MR06
5575,9,24,23,0.9583333333333334,MR13 MR10 MR02 MR11 MR06 MR12 MR04 MR07 MR14
5576,9,27,26,0.9629629629629629,MR12 MR10 MR02 MR11 MR14 MR07 MR04 MR13 MR06
5577,9,22,21,0.9545454545454546,MR13 MR10 MR11 MR02 MR04 MR07 MR12 MR14 MR06
5578,9,25,24,0.96,MR13 MR10 MR11 MR02 MR12 MR04 MR07 MR14 MR06
5579,9,26,25,0.9615384615384616,MR13 MR10 MR07 MR02 MR12 MR04 MR11 MR06 MR14
5580,9,22,22,1.0,MR13 MR10 MR02 MR06 MR07 MR04 MR11 MR14 MR12
5581,9,19,19,1.0,MR13 MR10 MR11 MR02 MR07 MR04 MR12 MR14 MR06
5582,9,19,19,1.0,MR13 MR10 MR02 MR11 MR14 MR07 MR04 MR06 MR12
5583,9,24,23,0.9583333333333334,MR13 MR10 MR11 MR02 MR14 MR04 MR06 MR12 MR07
5584,9,25,24,0.96,MR13 MR10 MR11 MR14 MR02 MR04 MR06 MR12 MR07
5585,8,23,16,0.6956521739130435,MR12 MR10 MR11 MR02 MR14 MR06 MR04 MR07
5586,9,28,28,1.0,MR13 MR10 MR02 MR11 MR07 MR04 MR06 MR14 MR12
5587,9,27,26,0.9629629629629629,MR13 MR10 MR11 MR02 MR14 MR04 MR07 MR12 MR06
5588,9,23,22,0.9565217391304348,MR13 MR10 MR02 MR06 MR07 MR11 MR04 MR12 MR14
5589,9,26,25,0.9615384615384616,MR13 MR10 MR02 MR06 MR11 MR04 MR07 MR12 MR14
5590,9,22,21,0.9545454545454546,MR13 MR10 MR11 MR02 MR14 MR04 MR07 MR12 MR06
5591,9,24,23,0.9583333333333334,MR13 MR10 MR02 MR07 MR11 MR04 MR06 MR12 MR14
5592,9,19,18,0.9473684210526315,MR13 MR10 MR02 MR07 MR11 MR04 MR12 MR14 MR06
5593,9,20,19,0.95,MR13 MR10 MR11 MR02 MR14 MR04 MR06 MR07 MR12
5594,9,18,18,1.0,MR13 MR10 MR11 MR02 MR12 MR04 MR06 MR14 MR07
5595,9,32,30,0.9375,MR13 MR10 MR11 MR02 MR04 MR07 MR12 MR06 MR14
5596,9,22,21,0.9545454545454546,MR13 MR10 MR11 MR02 MR12 MR04 MR06 MR07 MR14
5597,9,23,23,1.0,MR13 MR10 MR11 MR02 MR12 MR04 MR06 MR14 MR07
5598,9,20,19,0.95,MR13 MR10 MR02 MR11 MR06 MR14 MR04 MR12 MR07
5599,9,24,23,0.9583333333333334,MR13 MR10 MR02 MR11 MR12 MR07 MR14 MR04 MR06
5600,9,24,24,1.0,MR13 MR10 MR02 MR07 MR11 MR14 MR04 MR12 MR06
5601,8,27,23,0.8518518518518519,MR12 MR10 MR11 MR02 MR13 MR04 MR06 MR07
5602,9,26,26,1.0,MR12 MR10 MR11 MR02 MR13 MR04 MR06 MR07 MR14
5603,8,25,21,0.84,MR13 MR10 MR02 MR11 MR04 MR06 MR07 MR12
5604,9,23,22,0.9565217391304348,MR13 MR10 MR02 MR11 MR07 MR04 MR06 MR12 MR14
5605,9,24,23,0.9583333333333334,MR13 MR10 MR02 MR07 MR11 MR04 MR06 MR12 MR14
5606,9,21,19,0.9047619047619048,MR13 MR10 MR02 MR11 MR07 MR04 MR12 MR06 MR14
5607,9,27,26,0.9629629629629629,MR13 MR10 MR11 MR02 MR12 MR04 MR06 MR07 MR14
5608,9,20,19,0.95,MR13 MR10 MR02 MR06 MR11 MR12 MR14 MR04 MR07
5609,9,30,29,0.9666666666666667,MR13 MR10 MR11 MR02 MR12 MR04 MR14 MR06 MR07
5610,9,24,23,0.9583333333333334,MR14 MR10 MR13 MR02 MR07 MR11 MR04 MR12 MR06
5611,9,19,19,1.0,MR13 MR10 MR02 MR11 MR07 MR04 MR06 MR12 MR14
5612,9,22,21,0.9545454545454546,MR12 MR10 MR11 MR02 MR14 MR04 MR06 MR13 MR07
5613,8,27,22,0.8148148148148148,MR13 MR10 MR02 MR06 MR12 MR11 MR04 MR07
5614,8,21,18,0.8571428571428571,MR13 MR10 MR02 MR06 MR07 MR11 MR14 MR04
5615,9,24,24,1.0,MR13 MR10 MR11 MR02 MR04 MR14 MR07 MR06 MR12
5616,9,26,24,0.9230769230769231,MR13 MR10 MR11 MR02 MR04 MR07 MR06 MR14 MR12
5617,8,26,22,0.8461538461538461,MR13 MR10 MR11 MR02 MR12 MR04 MR07 MR06
5618,9,26,25,0.9615384615384616,MR13 MR10 MR02 MR11 MR14 MR07 MR12 MR04 MR06
5619,9,22,21,0.9545454545454546,MR13 MR10 MR02 MR11 MR14 MR06 MR04 MR12 MR07
5620,8,25,21,0.84,MR13 MR10 MR02 MR07 MR11 MR04 MR06 MR14
5621,9,22,21,0.9545454545454546,MR13 MR10 MR02 MR07 MR11 MR04 MR06 MR14 MR12
5622,9,22,22,1.0,MR13 MR10 MR02 MR11 MR06 MR14 MR04 MR07 MR12
5623,9,23,22,0.9565217391304348,MR13 MR10 MR02 MR11 MR14 MR07 MR04 MR06 MR12
5624,9,25,25,1.0,MR13 MR10 MR11 MR02 MR04 MR06 MR12 MR14 MR07
5625,8,27,23,0.8518518518518519,MR13 MR10 MR02 MR11 MR14 MR07 MR04 MR06
5626,9,25,25,1.0,MR12 MR10 MR11 MR02 MR13 MR04 MR06 MR07 MR14
5627,9,24,23,0.9583333333333334,MR13 MR10 MR11 MR02 MR12 MR06 MR04 MR14 MR07
5628,9,24,24,1.0,MR13 MR10 MR02 MR11 MR06 MR12 MR04 MR07 MR14
5629,9,23,23,1.0,MR13 MR10 MR02 MR11 MR06 MR04 MR07 MR14 MR12
5630,9,18,18,1.0,MR13 MR10 MR02 MR11 MR12 MR06 MR04 MR07 MR14
5631,9,20,19,0.95,MR13 MR10 MR02 MR07 MR04 MR06 MR11 MR12 MR14
5632,9,23,22,0.9565217391304348,MR13 MR10 MR02 MR06 MR07 MR04 MR11 MR14 MR12
5633,9,24,22,0.9166666666666666,MR13 MR10 MR02 MR06 MR07 MR11 MR04 MR12 MR14
5634,9,27,25,0.9259259259259259,MR13 MR10 MR11 MR02 MR07 MR04 MR14 MR06 MR12
5635,9,19,18,0.9473684210526315,MR13 MR10 MR02 MR11 MR06 MR04 MR12 MR07 MR14
5636,8,24,20,0.8333333333333334,MR13 MR10 MR02 MR14 MR06 MR11 MR04 MR07
5637,9,24,24,1.0,MR13 MR10 MR02 MR07 MR11 MR04 MR06 MR12 MR14
5638,9,25,24,0.96,MR13 MR10 MR02 MR11 MR07 MR12 MR04 MR06 MR14
5639,9,23,22,0.9565217391304348,MR13 MR10 MR02 MR11 MR14 MR12 MR04 MR06 MR07
5640,9,25,24,0.96,MR13 MR10 MR02 MR11 MR14 MR04 MR06 MR07 MR12
5641,9,19,15,0.7894736842105263,MR12 MR10 MR02 MR11 MR05 MR04 MR06 MR07 MR14
5642,9,21,19,0.9047619047619048,MR13 MR10 MR02 MR11 MR06 MR04 MR14 MR07 MR12
5643,9,21,20,0.9523809523809523,MR13 MR10 MR11 MR02 MR14 MR04 MR06 MR07 MR12
5644,9,26,25,0.9615384615384616,MR12 MR10 MR02 MR14 MR06 MR07 MR11 MR04 MR13
5645,9,23,22,0.9565217391304348,MR13 MR10 MR11 MR02 MR14 MR04 MR06 MR12 MR07
5646,9,26,25,0.9615384615384616,MR13 MR10 MR02 MR07 MR11 MR04 MR06 MR12 MR14
5647,9,19,18,0.9473684210526315,MR13 MR10 MR11 MR02 MR04 MR07 MR12 MR14 MR06
5648,9,23,22,0.9565217391304348,MR13 MR10 MR11 MR02 MR04 MR06 MR14 MR07 MR12
5649,9,20,19,0.95,MR13 MR10 MR02 MR11 MR06 MR12 MR04 MR07 MR14
5650,9,29,28,0.9655172413793104,MR07 MR10 MR02 MR13 MR04 MR14 MR06 MR11 MR12
5651,9,24,23,0.9583333333333334,MR13 MR10 MR02 MR11 MR06 MR04 MR07 MR12 MR14
5652,8,27,22,0.8148148148148148,MR13 MR10 MR11 MR02 MR04 MR06 MR07 MR14
5653,8,19,15,0.7894736842105263,MR13 MR10 MR11 MR02 MR06 MR12 MR04 MR14
5654,9,27,26,0.9629629629629629,MR13 MR10 MR02 MR06 MR11 MR04 MR07 MR14 MR12
5655,9,21,20,0.9523809523809523,MR13 MR10 MR11 MR02 MR04 MR06 MR07 MR14 MR12
5656,9,25,24,0.96,MR13 MR10 MR02 MR11 MR06 MR04 MR12 MR14 MR07
5657,9,21,20,0.9523809523809523,MR13 MR10 MR11 MR02 MR06 MR14 MR04 MR12 MR07
5658,8,25,21,0.84,MR13 MR10 MR11 MR02 MR07 MR04 MR12 MR14
5659,9,26,26,1.0,MR13 MR10 MR02 MR14 MR06 MR11 MR04 MR07 MR12
5660,9,23,22,0.9565217391304348,MR13 MR10 MR02 MR07 MR11 MR04 MR06 MR12 MR14
5661,9,27,26,0.9629629629629629,MR13 MR10 MR02 MR11 MR07 MR04 MR06 MR12 MR14
5662,9,24,23,0.9583333333333334,MR13 MR10 MR02 MR11 MR12 MR04 MR06 MR07 MR14
5663,9,26,25,0.9615384615384616,MR13 MR10 MR02 MR07 MR11 MR14 MR04 MR06 MR12
5664,9,20,20,1.0,MR12 MR10 MR11 MR02 MR04 MR13 MR14 MR06 MR07
5665,9,24,23,0.9583333333333334,MR13 MR10 MR02 MR07 MR14 MR04 MR06 MR11 MR12
5666,9,25,24,0.96,MR13 MR10 MR11 MR02 MR04 MR06 MR07 MR12 MR14
5667,8,26,22,0.8461538461538461,MR13 MR10 MR02 MR14 MR06 MR07 MR11 MR04
5668,8,25,21,0.84,MR13 MR10 MR11 MR02 MR07 MR04 MR14 MR12
5669,9,26,25,0.9615384615384616,MR13 MR10 MR02 MR11 MR04 MR06 MR07 MR12 MR14
5670,9,21,20,0.9523809523809523,MR13 MR10 MR11 MR02 MR14 MR04 MR12 MR07 MR06
5671,9,21,20,0.9523809523809523,MR13 MR10 MR02 MR11 MR14 MR06 MR04 MR07 MR12
5672,8,21,17,0.8095238095238095,MR13 MR10 MR11 MR02 MR04 MR06 MR07 MR14
5673,8,29,25,0.8620689655172413,MR12 MR10 MR06 MR02 MR11 MR13 MR04 MR14
5674,9,15,15,1.0,MR13 MR10 MR02 MR11 MR07 MR04 MR14 MR12 MR06
5675,9,25,24,0.96,MR13 MR10 MR11 MR02 MR14 MR04 MR06 MR12 MR07
5676,9,21,20,0.9523809523809523,MR13 MR10 MR11 MR02 MR14 MR04 MR06 MR07 MR12
5677,9,24,24,1.0,MR13 MR10 MR11 MR02 MR07 MR04 MR12 MR14 MR06
5678,9,23,22,0.9565217391304348,MR13 MR10 MR11 MR02 MR12 MR04 MR14 MR07 MR06
5679,9,24,23,0.9583333333333334,MR13 MR10 MR06 MR02 MR04 MR11 MR07 MR14 MR12
5680,9,23,22,0.9565217391304348,MR13 MR10 MR02 MR06 MR07 MR14 MR04 MR11 MR12
5681,9,22,21,0.9545454545454546,MR12 MR10 MR11 MR02 MR13 MR04 MR07 MR14 MR06
5682,9,19,18,0.9473684210526315,MR12 MR10 MR02 MR11 MR07 MR13 MR14 MR04 MR06
5683,8,24,20,0.8333333333333334,MR13 MR10 MR11 MR02 MR04 MR07 MR06 MR14
5684,9,28,26,0.9285714285714286,MR13 MR10 MR02 MR11 MR07 MR14 MR04 MR06 MR12
5685,9,24,23,0.9583333333333334,MR12 MR10 MR02 MR11 MR06 MR14 MR04 MR13 MR07
5686,9,20,19,0.95,MR13 MR10 MR02 MR11 MR07 MR04 MR06 MR14 MR12
5687,9,27,26,0.9629629629629629,MR13 MR10 MR02 MR11 MR07 MR04 MR06 MR14 MR12
5688,9,25,21,0.84,MR14 MR10 MR02 MR11 MR07 MR04 MR06 MR12 MR05
5689,9,27,25,0.9259259259259259,MR13 MR10 MR11 MR02 MR14 MR04 MR12 MR06 MR07
5690,9,22,21,0.9545454545454546,MR13 MR10 MR02 MR11 MR06 MR14 MR04 MR12 MR07
5691,9,20,19,0.95,MR13 MR10 MR02 MR11 MR07 MR14 MR04 MR06 MR12
5692,8,25,21,0.84,MR13 MR10 MR11 MR02 MR04 MR07 MR14 MR06
5693,9,23,23,1.0,MR13 MR10 MR02 MR11 MR07 MR04 MR14 MR06 MR12
5694,9,23,22,0.9565217391304348,MR13 MR10 MR02 MR11 MR14 MR06 MR04 MR12 MR07
5695,9,20,19,0.95,MR13 MR10 MR06 MR02 MR14 MR04 MR07 MR11 MR12
5696,9,23,22,0.9565217391304348,MR13 MR10 MR02 MR11 MR04 MR06 MR07 MR12 MR14
5697,9,24,23,0.9583333333333334,MR13 MR10 MR02 MR06 MR07 MR11 MR04 MR14 MR12
5698,9,24,23,0.9583333333333334,MR13 MR10 MR11 MR02 MR04 MR07 MR14 MR12 MR06
5699,8,27,22,0.8148148148148148,MR13 MR10 MR02 MR11 MR07 MR04 MR06 MR12
5700,9,24,23,0.9583333333333334,MR12 MR10 MR02 MR11 MR06 MR13 MR04 MR14 MR07
5701,9,26,26,1.0,MR12 MR10 MR02 MR06 MR11 MR13 MR04 MR14 MR07
5702,9,27,26,0.9629629629629629,MR12 MR10 MR02 MR07 MR11 MR13 MR04 MR14 MR06
5703,9,23,22,0.9565217391304348,MR13 MR10 MR11 MR02 MR14 MR04 MR07 MR06 MR12
5704,9,19,18,0.9473684210526315,MR13 MR10 MR02 MR07 MR11 MR04 MR12 MR14 MR06
5705,8,19,15,0.7894736842105263,MR13 MR10 MR02 MR06 MR07 MR11 MR04 MR14
5706,9,22,21,0.9545454545454546,MR13 MR10 MR11 MR02 MR07 MR12 MR04 MR14 MR06
5707,9,24,23,0.9583333333333334,MR13 MR10 MR02 MR07 MR11 MR04 MR06 MR12 MR14
5708,9,32,32,1.0,MR12 MR10 MR02 MR06 MR11 MR14 MR04 MR13 MR07
5709,9,30,29,0.9666666666666667,MR13 MR10 MR02 MR07 MR14 MR11 MR04 MR06 MR12
5710,8,24,20,0.8333333333333334,MR13 MR10 MR02 MR11 MR14 MR04 MR06 MR07
5711,9,19,18,0.9473684210526315,MR13 MR10 MR02 MR07 MR11 MR12 MR04 MR14 MR06
5712,9,23,23,1.0,MR13 MR10 MR02 MR07 MR11 MR04 MR06 MR14 MR12
5713,9,22,21,0.9545454545454546,MR12 MR10 MR11 MR02 MR04 MR06 MR07 MR13 MR14
5714,9,29,28,0.9655172413793104,MR12 MR10 MR02 MR14 MR06 MR07 MR11 MR13 MR04
5715,9,23,23,1.0,MR12 MR10 MR02 MR11 MR14 MR04 MR06 MR07 MR13
5716,8,24,21,0.875,MR13 MR10 MR11 MR02 MR14 MR07 MR04 MR12
5717,9,23,22,0.9565217391304348,MR13 MR10 MR02 MR11 MR06 MR14 MR04 MR07 MR12
5718,9,27,26,0.9629629629629629,MR13 MR10 MR02 MR07 MR04 MR06 MR11 MR12 MR14
5719,9,23,21,0.9130434782608695,MR13 MR10 MR02 MR14 MR06 MR11 MR04 MR07 MR12
5720,9,23,22,0.9565217391304348,MR13 MR10 MR02 MR11 MR06 MR04 MR12 MR14 MR07
5721,9,23,22,0.9565217391304348,MR13 MR10 MR11 MR02 MR04 MR12 MR14 MR06 MR07
5722,9,24,23,0.9583333333333334,MR12 MR10 MR02 MR11 MR13 MR14 MR04 MR06 MR07
5723,9,22,22,1.0,MR07 MR10 MR02 MR11 MR13 MR12 MR14 MR04 MR06
5724,8,25,22,0.88,MR13 MR10 MR11 MR02 MR12 MR04 MR07 MR14
5725,9,26,25,0.9615384615384616,MR13 MR10 MR02 MR11 MR07 MR14 MR04 MR06 MR12
5726,9,24,23,0.9583333333333334,MR13 MR10 MR02 MR07 MR11 MR12 MR04 MR06 MR14
5727,9,20,20,1.0,MR13 MR10 MR02 MR06 MR11 MR04 MR07 MR14 MR12
5728,9,24,23,0.9583333333333334,MR13 MR10 MR11 MR02 MR04 MR12 MR14 MR06 MR07
5729,9,24,23,0.9583333333333334,MR13 MR10 MR02 MR12 MR11 MR06 MR04 MR07 MR14
5730,9,28,28,1.0,MR12 MR10 MR11 MR02 MR13 MR14 MR04 MR07 MR06
5731,9,27,26,0.9629629629629629,MR13 MR10 MR07 MR02 MR14 MR04 MR11 MR12 MR06
5732,9,22,21,0.9545454545454546,MR13 MR10 MR02 MR06 MR11 MR14 MR04 MR07 MR12
5733,9,26,25,0.9615384615384616,MR13 MR10 MR02 MR11 MR14 MR06 MR04 MR07 MR12
5734,9,23,23,1.0,MR13 MR10 MR02 MR07 MR06 MR04 MR11 MR14 MR12
5735,9,27,26,0.9629629629629629,MR13 MR10 MR11 MR02 MR04 MR06 MR12 MR14 MR07
5736,9,22,21,0.9545454545454546,MR13 MR10 MR11 MR02 MR06 MR14 MR04 MR12 MR07
5737,8,24,20,0.8333333333333334,MR07 MR10 MR02 MR11 MR13 MR14 MR04 MR12
5738,9,25,24,0.96,MR13 MR10 MR02 MR07 MR11 MR12 MR04 MR06 MR14
5739,8,23,20,0.8695652173913043,MR13 MR10 MR02 MR07 MR11 MR12 MR04 MR06
5740,9,26,24,0.9230769230769231,MR13 MR10 MR02 MR07 MR11 MR12 MR04 MR06 MR14
5741,8,22,19,0.8636363636363636,MR13 MR10 MR07 MR02 MR11 MR04 MR12 MR14
5742,9,22,20,0.9090909090909091,MR12 MR10 MR02 MR11 MR13 MR07 MR04 MR14 MR06
5743,9,25,24,0.96,MR12 MR10 MR11 MR02 MR13 MR04 MR06 MR14 MR07
5744,9,25,24,0.96,MR13 MR10 MR02 MR07 MR11 MR04 MR06 MR14 MR12
5745,9,22,21,0.9545454545454546,MR13 MR10 MR06 MR02 MR14 MR04 MR11 MR07 MR12
5746,9,25,25,1.0,MR13 MR10 MR02 MR06 MR11 MR04 MR07 MR12 MR14
5747,9,22,21,0.9545454545454546,MR13 MR10 MR11 MR02 MR14 MR04 MR06 MR07 MR12
5748,9,23,21,0.9130434782608695,MR13 MR10 MR02 MR06 MR11 MR14 MR04 MR07 MR12
5749,9,24,22,0.9166666666666666,MR13 MR10 MR02 MR06 MR11 MR04 MR07 MR14 MR12
5750,9,19,18,0.9473684210526315,MR12 MR10 MR02 MR07 MR11 MR13 MR04 MR06 MR14
5751,9,25,24,0.96,MR13 MR10 MR02 MR11 MR14 MR04 MR06 MR07 MR12
5752,9,23,22,0.9565217391304348,MR13 MR10 MR02 MR07 MR11 MR04 MR06 MR12 MR14
5753,9,25,25,1.0,MR13 MR10 MR02 MR11 MR07 MR04 MR06 MR12 MR14
5754,9,27,23,0.8518518518518519,MR05 MR10 MR02 MR11 MR07 MR14 MR04 MR12 MR06
5755,9,28,27,0.9642857142857143,MR13 MR10 MR02 MR11 MR06 MR12 MR04 MR14 MR07
5756,9,27,26,0.9629629629629629,MR13 MR10 MR02 MR11 MR14 MR12 MR04 MR06 MR07
5757,9,24,23,0.9583333333333334,MR12 MR10 MR02 MR06 MR07 MR04 MR11 MR14 MR13
5758,9,28,27,0.9642857142857143,MR13 MR10 MR11 MR02 MR04 MR06 MR14 MR07 MR12
5759,9,23,22,0.9565217391304348,MR13 MR10 MR11 MR02 MR04 MR07 MR12 MR14 MR06
5760,9,21,19,0.9047619047619048,MR13 MR10 MR02 MR11 MR06 MR12 MR04 MR07 MR14
5761,9,27,26,0.9629629629629629,MR13 MR10 MR11 MR02 MR07 MR12 MR04 MR14 MR06
5762,9,26,25,0.9615384615384616,MR13 MR10 MR02 MR11 MR06 MR14 MR04 MR07 MR12
5763,9,24,23,0.9583333333333334,MR13 MR10 MR02 MR06 MR11 MR04 MR12 MR14 MR07
5764,9,26,26,1.0,MR13 MR10 MR02 MR07 MR12 MR06 MR04 MR11 MR14
5765,9,21,20,0.9523809523809523,MR13 MR10 MR11 MR02 MR14 MR04 MR07 MR06 MR12
5766,9,29,29,1.0,MR12 MR10 MR02 MR11 MR06 MR04 MR13 MR07 MR14
5767,9,21,20,0.9523809523809523,MR13 MR10 MR11 MR02 MR04 MR14 MR12 MR06 MR07
5768,9,23,19,0.8260869565217391,MR05 MR10 MR02 MR11 MR14 MR07 MR04 MR12 MR06
5769,9,26,25,0.9615384615384616,MR13 MR10 MR02 MR11 MR07 MR04 MR06 MR14 MR12
5770,9,24,23,0.9583333333333334,MR13 MR10 MR02 MR06 MR11 MR04 MR12 MR07 MR14
5771,8,20,15,0.75,MR13 MR10 MR11 MR02 MR04 MR14 MR06 MR12
5772,9,24,22,0.9166666666666666,MR12 MR10 MR02 MR13 MR06 MR07 MR11 MR14 MR04
5773,9,22,21,0.9545454545454546,MR13 MR10 MR11 MR02 MR04 MR14 MR12 MR06 MR07
5774,9,22,22,1.0,MR12 MR10 MR11 MR02 MR13 MR04 MR06 MR14 MR07
5775,8,27,24,0.8888888888888888,MR13 MR10 MR14 MR02 MR11 MR07 MR04 MR06
5776,9,22,22,1.0,MR13 MR10 MR06 MR02 MR14 MR04 MR11 MR12 MR07
5777,9,25,24,0.96,MR13 MR10 MR07 MR02 MR06 MR04 MR11 MR12 MR14
5778,9,21,20,0.9523809523809523,MR13 MR10 MR02 MR11 MR07 MR04 MR06 MR14 MR12
5779,9,24,23,0.9583333333333334,MR13 MR10 MR11 MR02 MR12 MR04 MR06 MR07 MR14
5780,9,24,23,0.9583333333333334,MR13 MR10 MR02 MR11 MR14 MR06 MR04 MR07 MR12
5781,9,23,23,1.0,MR06 MR10 MR02 MR13 MR12 MR14 MR04 MR07 MR11
5782,9,20,20,1.0,MR13 MR10 MR02 MR11 MR07 MR04 MR12 MR14 MR06
5783,9,22,18,0.8181818181818182,MR12 MR10 MR02 MR06 MR11 MR05 MR04 MR14 MR07
5784,8,27,23,0.8518518518518519,MR13 MR10 MR11 MR02 MR12 MR04 MR07 MR14
5785,9,29,28,0.9655172413793104,MR13 MR10 MR11 MR02 MR12 MR04 MR06 MR07 MR14
5786,9,23,22,0.9565217391304348,MR13 MR10 MR02 MR11 MR07 MR04 MR14 MR06 MR12
5787,9,27,26,0.9629629629629629,MR13 MR10 MR02 MR11 MR06 MR12 MR04 MR14 MR07
5788,9,25,24,0.96,MR13 MR10 MR02 MR06 MR07 MR12 MR14 MR04 MR11
5789,8,25,21,0.84,MR12 MR10 MR02 MR11 MR04 MR06 MR07 MR13
5790,9,25,21,0.84,MR05 MR10 MR02 MR11 MR06 MR14 MR04 MR12 MR07
5791,9,25,24,0.96,MR13 MR10 MR02 MR07 MR12 MR11 MR04 MR06 MR14
5792,7,22,15,0.6818181818181818,MR13 MR10 MR11 MR02 MR06 MR04 MR14
5793,9,21,20,0.9523809523809523,MR13 MR10 MR02 MR11 MR07 MR14 MR04 MR06 MR12
5794,9,25,24,0.96,MR13 MR10 MR11 MR02 MR04 MR07 MR06 MR14 MR12
5795,9,24,23,0.9583333333333334,MR13 MR10 MR11 MR02 MR04 MR06 MR14 MR07 MR12
5796,9,21,20,0.9523809523809523,MR12 MR10 MR02 MR11 MR07 MR14 MR04 MR13 MR06
5797,9,22,21,0.9545454545454546,MR13 MR10 MR11 MR02 MR04 MR07 MR12 MR14 MR06
5798,9,25,24,0.96,MR13 MR10 MR02 MR06 MR11 MR04 MR14 MR07 MR12
5799,9,23,23,1.0,MR12 MR10 MR02 MR07 MR06 MR04 MR11 MR13 MR14
5800,9,23,22,0.9565217391304348,MR13 MR10 MR11 MR02 MR04 MR14 MR06 MR07 MR12
5801,9,19,18,0.9473684210526315,MR13 MR10 MR02 MR06 MR11 MR04 MR12 MR14 MR07
5802,9,24,23,0.9583333333333334,MR13 MR10 MR02 MR06 MR07 MR14 MR04 MR11 MR12
5803,9,21,20,0.9523809523809523,MR13 MR10 MR11 MR02 MR04 MR07 MR12 MR06 MR14
5804,9,25,23,0.92,MR13 MR10 MR02 MR11 MR12 MR04 MR06 MR07 MR14
5805,9,18,17,0.9444444444444444,MR12 MR10 MR02 MR11 MR14 MR06 MR13 MR04 MR07
5806,9,22,22,1.0,MR13 MR10 MR02 MR11 MR14 MR06 MR04 MR07 MR12
5807,9,25,24,0.96,MR12 MR10 MR02 MR13 MR14 MR06 MR07 MR11 MR04
5808,9,27,26,0.9629629629629629,MR12 MR10 MR11 MR02 MR14 MR13 MR04 MR07 MR06
5809,9,23,22,0.9565217391304348,MR13 MR10 MR02 MR11 MR07 MR12 MR04 MR06 MR14
5810,9,24,24,1.0,MR13 MR10 MR02 MR11 MR06 MR14 MR04 MR07 MR12
5811,9,25,24,0.96,MR13 MR10 MR02 MR06 MR11 MR04 MR12 MR14 MR07
5812,9,22,21,0.9545454545454546,MR12 MR10 MR02 MR06 MR11 MR04 MR07 MR13 MR14
5813,9,24,24,1.0,MR13 MR10 MR02 MR11 MR07 MR14 MR04 MR12 MR06
5814,9,21,21,1.0,MR13 MR10 MR11 MR02 MR14 MR04 MR06 MR07 MR12
5815,9,24,23,0.9583333333333334,MR12 MR10 MR02 MR06 MR11 MR14 MR04 MR13 MR07
5816,9,20,19,0.95,MR13 MR10 MR11 MR02 MR04 MR07 MR12 MR06 MR14
5817,9,22,21,0.9545454545454546,MR13 MR10 MR02 MR11 MR07 MR12 MR04 MR14 MR06
5818,9,22,21,0.9545454545454546,MR13 MR10 MR11 MR02 MR04 MR07 MR12 MR06 MR14
5819,9,23,22,0.9565217391304348,MR13 MR10 MR11 MR02 MR14 MR04 MR07 MR06 MR12
5820,9,28,27,0.9642857142857143,MR13 MR10 MR02 MR07 MR11 MR04 MR14 MR06 MR12
5821,9,24,22,0.9166666666666666,MR13 MR10 MR11 MR02 MR06 MR14 MR04 MR12 MR07
5822,9,22,21,0.9545454545454546,MR13 MR10 MR11 MR02 MR14 MR04 MR06 MR07 MR12
5823,9,20,19,0.95,MR13 MR10 MR02 MR11 MR06 MR04 MR12 MR14 MR07
5824,9,27,26,0.9629629629629629,MR13 MR10 MR11 MR02 MR14 MR04 MR06 MR07 MR12
5825,8,25,22,0.88,MR13 MR10 MR02 MR07 MR11 MR04 MR06 MR14
5826,9,19,19,1.0,MR13 MR10 MR11 MR02 MR14 MR04 MR12 MR07 MR06
5827,9,25,23,0.92,MR12 MR10 MR02 MR06 MR11 MR04 MR07 MR13 MR14
5828,9,22,21,0.9545454545454546,MR13 MR10 MR02 MR07 MR11 MR12 MR04 MR06 MR14
5829,9,26,25,0.9615384615384616,MR13 MR10 MR02 MR07 MR11 MR12 MR04 MR06 MR14
5830,9,26,24,0.9230769230769231,MR12 MR10 MR11 MR02 MR13 MR04 MR06 MR07 MR14
5831,9,27,26,0.9629629629629629,MR12 MR10 MR11 MR14 MR02 MR04 MR07 MR06 MR13
5832,9,24,23,0.9583333333333334,MR13 MR10 MR02 MR06 MR11 MR14 MR04 MR07 MR12
5833,9,22,20,0.9090909090909091,MR12 MR10 MR02 MR11 MR06 MR13 MR04 MR07 MR14
5834,9,22,21,0.9545454545454546,MR13 MR10 MR02 MR11 MR06 MR04 MR07 MR14 MR12
5835,9,23,23,1.0,MR13 MR10 MR11 MR02 MR04 MR07 MR14 MR06 MR12
5836,9,27,26,0.9629629629629629,MR13 MR10 MR11 MR02 MR07 MR04 MR14 MR06 MR12
5837,9,25,24,0.96,MR12 MR10 MR02 MR11 MR07 MR04 MR13 MR14 MR06
5838,9,17,16,0.9411764705882353,MR13 MR10 MR11 MR02 MR12 MR04 MR07 MR06 MR14
5839,9,26,24,0.9230769230769231,MR13 MR10 MR02 MR11 MR14 MR04 MR06 MR07 MR12
5840,9,20,20,1.0,MR13 MR10 MR11 MR02 MR14 MR04 MR06 MR07 MR12
5841,9,23,21,0.9130434782608695,MR13 MR10 MR11 MR02 MR12 MR04 MR06 MR07 MR14
5842,9,21,20,0.9523809523809523,MR13 MR10 MR02 MR11 MR07 MR12 MR04 MR14 MR06
5843,9,27,27,1.0,MR13 MR10 MR02 MR11 MR07 MR04 MR06 MR12 MR14
5844,9,18,18,1.0,MR13 MR10 MR02 MR11 MR06 MR04 MR07 MR12 MR14
5845,9,25,24,0.96,MR12 MR10 MR11 MR02 MR14 MR06 MR04 MR13 MR07
5846,9,21,20,0.9523809523809523,MR13 MR10 MR02 MR11 MR07 MR04 MR06 MR12 MR14
5847,9,24,20,0.8333333333333334,MR12 MR10 MR02 MR11 MR07 MR04 MR06 MR14 MR05
5848,9,25,24,0.96,MR13 MR10 MR02 MR11 MR06 MR04 MR07 MR12 MR14
5849,9,28,28,1.0,MR13 MR10 MR02 MR06 MR11 MR04 MR07 MR14 MR12
5850,9,25,23,0.92,MR13 MR10 MR11 MR02 MR07 MR04 MR14 MR06 MR12
5851,9,25,24,0.96,MR12 MR10 MR11 MR02 MR13 MR04 MR06 MR14 MR07
5852,9,22,21,0.9545454545454546,MR13 MR10 MR11 MR02 MR12 MR04 MR06 MR07 MR14
5853,9,24,23,0.9583333333333334,MR13 MR10 MR02 MR06 MR11 MR04 MR07 MR14 MR12
5854,9,20,20,1.0,MR13 MR10 MR02 MR11 MR06 MR04 MR07 MR14 MR12
5855,9,22,21,0.9545454545454546,MR13 MR10 MR02 MR11 MR07 MR04 MR06 MR12 MR14
5856,9,30,29,0.9666666666666667,MR13 MR10 MR11 MR02 MR12 MR14 MR04 MR07 MR06
5857,9,21,21,1.0,MR13 MR10 MR02 MR11 MR07 MR14 MR04 MR06 MR12
5858,9,26,24,0.9230769230769231,MR12 MR10 MR11 MR02 MR13 MR04 MR06 MR07 MR14
5859,9,29,28,0.9655172413793104,MR13 MR10 MR11 MR02 MR14 MR04 MR07 MR12 MR06
5860,9,19,19,1.0,MR12 MR10 MR02 MR06 MR11 MR13 MR04 MR14 MR07
5861,9,26,24,0.9230769230769231,MR12 MR10 MR02 MR11 MR06 MR13 MR04 MR07 MR14
5862,9,24,23,0.9583333333333334,MR13 MR10 MR02 MR11 MR07 MR14 MR04 MR06 MR12
5863,8,22,18,0.8181818181818182,MR13 MR10 MR02 MR06 MR11 MR04 MR14 MR07
5864,9,23,23,1.0,MR13 MR10 MR02 MR07 MR11 MR12 MR04 MR06 MR14
5865,9,23,22,0.9565217391304348,MR13 MR10 MR02 MR07 MR04 MR06 MR11 MR12 MR14
5866,9,27,23,0.8518518518518519,MR05 MR10 MR02 MR11 MR04 MR06 MR07 MR12 MR14
5867,9,20,19,0.95,MR12 MR10 MR07 MR02 MR11 MR04 MR13 MR14 MR06
5868,9,23,23,1.0,MR13 MR10 MR02 MR11 MR07 MR04 MR14 MR06 MR12
5869,9,22,21,0.9545454545454546,MR13 MR10 MR02 MR11 MR14 MR06 MR04 MR12 MR07
5870,8,31,26,0.8387096774193549,MR13 MR10 MR02 MR07 MR11 MR04 MR06 MR12
5871,9,28,27,0.9642857142857143,MR13 MR10 MR02 MR06 MR07 MR04 MR11 MR12 MR14
5872,9,27,26,0.9629629629629629,MR13 MR10 MR02 MR11 MR06 MR04 MR14 MR07 MR12
5873,9,29,27,0.9310344827586207,MR13 MR10 MR11 MR02 MR12 MR07 MR04 MR14 MR06
5874,9,26,26,1.0,MR13 MR10 MR02 MR07 MR11 MR04 MR06 MR12 MR14
5875,9,29,27,0.9310344827586207,MR13 MR10 MR06 MR02 MR12 MR11 MR04 MR07 MR14
5876,9,22,22,1.0,MR13 MR10 MR02 MR07 MR06 MR04 MR11 MR12 MR14
5877,9,21,20,0.9523809523809523,MR13 MR10 MR11 MR02 MR14 MR04 MR07 MR12 MR06
5878,9,22,20,0.9090909090909091,MR12 MR10 MR02 MR13 MR07 MR11 MR04 MR06 MR14
5879,9,24,24,1.0,MR13 MR10 MR02 MR11 MR14 MR04 MR06 MR07 MR12
5880,8,25,21,0.84,MR13 MR10 MR02 MR07 MR11 MR04 MR06 MR14
5881,9,22,21,0.9545454545454546,MR13 MR10 MR02 MR07 MR04 MR06 MR11 MR14 MR12
5882,9,24,22,0.9166666666666666,MR13 MR10 MR02 MR11 MR14 MR07 MR04 MR06 MR12
5883,9,30,30,1.0,MR13 MR10 MR02 MR07 MR11 MR04 MR06 MR14 MR12
5884,9,27,26,0.9629629629629629,MR13 MR10 MR02 MR11 MR06 MR14 MR04 MR07 MR12
5885,9,26,25,0.9615384615384616,MR13 MR10 MR11 MR02 MR14 MR04 MR07 MR12 MR06
5886,9,23,22,0.9565217391304348,MR13 MR10 MR02 MR11 MR07 MR14 MR04 MR06 MR12
5887,9,22,21,0.9545454545454546,MR12 MR10 MR02 MR06 MR11 MR13 MR04 MR14 MR07
5888,9,26,25,0.9615384615384616,MR13 MR10 MR11 MR02 MR04 MR12 MR14 MR06 MR07
5889,9,23,23,1.0,MR13 MR10 MR02 MR07 MR11 MR14 MR04 MR06 MR12
5890,9,24,22,0.9166666666666666,MR13 MR10 MR02 MR11 MR07 MR04 MR06 MR14 MR12
5891,9,22,21,0.9545454545454546,MR13 MR10 MR02 MR11 MR04 MR06 MR07 MR14 MR12
5892,9,20,19,0.95,MR13 MR10 MR02 MR11 MR06 MR04 MR14 MR12 MR07
5893,9,21,20,0.9523809523809523,MR13 MR10 MR02 MR11 MR14 MR06 MR04 MR07 MR12
5894,9,21,20,0.9523809523809523,MR13 MR10 MR11 MR02 MR04 MR06 MR12 MR07 MR14
5895,9,23,23,1.0,MR12 MR10 MR02 MR11 MR07 MR04 MR06 MR13 MR14
5896,8,22,18,0.8181818181818182,MR13 MR10 MR02 MR06 MR11 MR04 MR14 MR12
5897,9,20,20,1.0,MR13 MR10 MR02 MR06 MR11 MR14 MR04 MR07 MR12
5898,9,22,21,0.9545454545454546,MR13 MR10 MR02 MR11 MR14 MR07 MR04 MR06 MR12
5899,9,25,25,1.0,MR13 MR10 MR14 MR02 MR11 MR06 MR04 MR07 MR12
5900,9,22,21,0.9545454545454546,MR13 MR10 MR11 MR02 MR04 MR06 MR07 MR12 MR14
5901,8,27,22,0.8148148148148148,MR13 MR10 MR02 MR07 MR11 MR12 MR04 MR14
5902,9,26,26,1.0,MR13 MR10 MR11 MR02 MR12 MR04 MR07 MR14 MR06
5903,9,22,18,0.8181818181818182,MR12 MR10 MR11 MR02 MR05 MR04 MR06 MR07 MR14
5904,9,22,21,0.9545454545454546,MR13 MR10 MR11 MR02 MR04 MR07 MR14 MR12 MR06
5905,9,26,25,0.9615384615384616,MR13 MR10 MR02 MR06 MR11 MR04 MR14 MR07 MR12
5906,9,18,18,1.0,MR13 MR10 MR02 MR11 MR14 MR06 MR04 MR07 MR12
5907,9,19,18,0.9473684210526315,MR13 MR10 MR02 MR11 MR07 MR04 MR06 MR12 MR14
5908,9,26,25,0.9615384615384616,MR13 MR10 MR11 MR02 MR06 MR04 MR12 MR14 MR07
5909,9,20,18,0.9,MR13 MR10 MR11 MR02 MR14 MR04 MR12 MR06 MR07
5910,9,23,21,0.9130434782608695,MR12 MR10 MR02 MR11 MR13 MR07 MR14 MR04 MR06
5911,9,23,22,0.9565217391304348,MR12 MR10 MR11 MR02 MR13 MR04 MR14 MR06 MR07
5912,8,25,21,0.84,MR12 MR10 MR07 MR02 MR11 MR04 MR13 MR14
5913,9,27,26,0.9629629629629629,MR13 MR10 MR02 MR11 MR07 MR12 MR04 MR06 MR14
5914,8,23,19,0.8260869565217391,MR12 MR10 MR11 MR02 MR07 MR13 MR04 MR14
5915,9,23,22,0.9565217391304348,MR13 MR10 MR11 MR02 MR04 MR07 MR12 MR06 MR14
5916,9,26,24,0.9230769230769231,MR13 MR10 MR02 MR11 MR07 MR12 MR04 MR06 MR14
5917,9,26,24,0.9230769230769231,MR13 MR10 MR14 MR02 MR11 MR04 MR06 MR07 MR12
5918,9,28,28,1.0,MR13 MR10 MR02 MR07 MR11 MR12 MR04 MR06 MR14
5919,9,27,27,1.0,MR12 MR10 MR02 MR11 MR14 MR07 MR04 MR06 MR13
5920,9,25,24,0.96,MR13 MR10 MR11 MR02 MR04 MR07 MR14 MR06 MR12
5921,9,26,25,0.9615384615384616,MR12 MR10 MR11 MR02 MR13 MR04 MR07 MR14 MR06
5922,8,20,17,0.85,MR13 MR10 MR11 MR02 MR12 MR04 MR07 MR14
5923,9,29,28,0.9655172413793104,MR12 MR10 MR02 MR11 MR13 MR07 MR04 MR06 MR14
5924,9,23,19,0.8260869565217391,MR05 MR10 MR11 MR02 MR04 MR12 MR14 MR07 MR06
5925,9,23,23,1.0,MR13 MR10 MR02 MR11 MR06 MR04 MR12 MR07 MR14
5926,9,21,21,1.0,MR13 MR10 MR02 MR11 MR06 MR14 MR04 MR12 MR07
5927,9,21,20,0.9523809523809523,MR13 MR10 MR02 MR11 MR04 MR06 MR07 MR12 MR14
5928,9,23,23,1.0,MR13 MR10 MR11 MR02 MR12 MR04 MR14 MR06 MR07
5929,9,20,19,0.95,MR13 MR10 MR02 MR11 MR07 MR04 MR06 MR12 MR14
5930,9,21,21,1.0,MR13 MR10 MR02 MR11 MR07 MR14 MR04 MR06 MR12
5931,9,22,21,0.9545454545454546,MR13 MR10 MR02 MR07 MR11 MR14 MR04 MR06 MR12
5932,9,23,22,0.9565217391304348,MR13 MR10 MR02 MR11 MR07 MR14 MR04 MR06 MR12
5933,9,22,21,0.9545454545454546,MR12 MR10 MR02 MR11 MR07 MR04 MR13 MR14 MR06
5934,9,22,21,0.9545454545454546,MR13 MR10 MR11 MR02 MR04 MR06 MR12 MR07 MR14
5935,9,21,20,0.9523809523809523,MR13 MR10 MR02 MR06 MR11 MR14 MR04 MR07 MR12
5936,9,22,21,0.9545454545454546,MR13 MR10 MR11 MR02 MR07 MR04 MR14 MR12 MR06
5937,9,21,20,0.9523809523809523,MR13 MR10 MR11 MR02 MR04 MR06 MR07 MR12 MR14
5938,9,25,24,0.96,MR13 MR10 MR11 MR02 MR04 MR07 MR12 MR14 MR06
5939,9,21,20,0.9523809523809523,MR13 MR10 MR02 MR11 MR12 MR07 MR04 MR06 MR14
5940,8,30,26,0.8666666666666667,MR13 MR10 MR11 MR02 MR06 MR04 MR12 MR07
5941,9,25,25,1.0,MR13 MR10 MR11 MR02 MR14 MR04 MR07 MR12 MR06
5942,9,23,23,1.0,MR13 MR10 MR02 MR06 MR07 MR11 MR12 MR14 MR04
5943,9,22,21,0.9545454545454546,MR12 MR10 MR11 MR02 MR14 MR13 MR04 MR06 MR07
5944,9,25,24,0.96,MR13 MR10 MR02 MR07 MR11 MR14 MR04 MR12 MR06
5945,9,23,23,1.0,MR14 MR10 MR02 MR11 MR13 MR06 MR04 MR07 MR12
5946,9,26,25,0.9615384615384616,MR13 MR10 MR02 MR07 MR11 MR12 MR04 MR06 MR14
5947,9,19,18,0.9473684210526315,MR13 MR10 MR11 MR02 MR04 MR06 MR12 MR14 MR07
5948,9,26,25,0.9615384615384616,MR13 MR10 MR11 MR02 MR12 MR04 MR06 MR07 MR14
5949,8,25,21,0.84,MR13 MR10 MR02 MR11 MR07 MR04 MR06 MR12
5950,9,23,22,0.9565217391304348,MR12 MR10 MR02 MR06 MR11 MR13 MR14 MR04 MR07
5951,9,25,23,0.92,MR13 MR10 MR11 MR02 MR12 MR04 MR06 MR07 MR14
5952,9,26,25,0.9615384615384616,MR07 MR10 MR02 MR12 MR04 MR06 MR11 MR13 MR14
5953,9,23,22,0.9565217391304348,MR13 MR10 MR02 MR11 MR12 MR04 MR06 MR07 MR14
5954,8,25,18,0.72,MR05 MR10 MR02 MR06 MR11 MR12 MR14 MR04
5955,9,23,22,0.9565217391304348,MR13 MR10 MR02 MR11 MR07 MR14 MR04 MR06 MR12
5956,9,25,24,0.96,MR12 MR10 MR02 MR06 MR13 MR07 MR04 MR11 MR14
5957,9,21,20,0.9523809523809523,MR13 MR10 MR02 MR07 MR11 MR04 MR06 MR12 MR14
5958,9,24,22,0.9166666666666666,MR13 MR10 MR11 MR02 MR14 MR04 MR06 MR12 MR07
5959,9,26,25,0.9615384615384616,MR13 MR10 MR02 MR07 MR11 MR04 MR06 MR12 MR14
5960,9,24,23,0.9583333333333334,MR12 MR10 MR11 MR02 MR13 MR04 MR07 MR14 MR06
5961,9,22,21,0.9545454545454546,MR13 MR10 MR02 MR07 MR11 MR12 MR14 MR04 MR06
5962,9,23,23,1.0,MR13 MR10 MR11 MR02 MR04 MR06 MR14 MR07 MR12
5963,9,17,16,0.9411764705882353,MR13 MR10 MR11 MR02 MR12 MR04 MR14 MR06 MR07
5964,9,20,19,0.95,MR13 MR10 MR11 MR02 MR04 MR06 MR07 MR12 MR14
5965,9,27,26,0.9629629629629629,MR12 MR10 MR02 MR11 MR13 MR06 MR04 MR07 MR14
5966,9,26,25,0.9615384615384616,MR13 MR10 MR11 MR02 MR04 MR12 MR06 MR07 MR14
5967,9,24,24,1.0,MR13 MR10 MR02 MR07 MR11 MR14 MR04 MR06 MR12
5968,9,21,21,1.0,MR13 MR10 MR02 MR11 MR06 MR04 MR14 MR12 MR07
5969,8,27,24,0.8888888888888888,MR12 MR10 MR11 MR02 MR14 MR04 MR13 MR07
5970,9,19,18,0.9473684210526315,MR12 MR10 MR02 MR06 MR11 MR14 MR04 MR13 MR07
5971,9,20,19,0.95,MR12 MR10 MR11 MR02 MR13 MR14 MR04 MR07 MR06
5972,9,18,17,0.9444444444444444,MR13 MR10 MR02 MR07 MR11 MR14 MR04 MR12 MR06
5973,9,21,19,0.9047619047619048,MR13 MR10 MR02 MR07 MR11 MR14 MR04 MR12 MR06
5974,9,24,23,0.9583333333333334,MR12 MR10 MR02 MR07 MR11 MR14 MR04 MR13 MR06
5975,9,22,22,1.0,MR13 MR10 MR11 MR02 MR04 MR12 MR14 MR06 MR07
5976,9,25,24,0.96,MR13 MR10 MR02 MR11 MR07 MR12 MR04 MR14 MR06
5977,9,25,24,0.96,MR13 MR10 MR11 MR02 MR04 MR12 MR14 MR06 MR07
5978,9,25,24,0.96,MR13 MR10 MR11 MR02 MR14 MR04 MR12 MR06 MR07
5979,9,28,27,0.9642857142857143,MR13 MR10 MR11 MR02 MR04 MR06 MR07 MR14 MR12
5980,9,22,21,0.9545454545454546,MR13 MR10 MR02 MR11 MR06 MR12 MR04 MR14 MR07
5981,9,21,20,0.9523809523809523,MR13 MR10 MR11 MR02 MR14 MR04 MR06 MR12 MR07
5982,9,24,21,0.875,MR05 MR10 MR11 MR02 MR14 MR04 MR07 MR12 MR06
5983,8,24,17,0.7083333333333334,MR12 MR10 MR11 MR02 MR07 MR14 MR04 MR05
5984,9,24,23,0.9583333333333334,MR13 MR10 MR11 MR02 MR14 MR04 MR12 MR06 MR07
5985,9,25,24,0.96,MR13 MR10 MR02 MR11 MR07 MR04 MR14 MR06 MR12
5986,9,25,24,0.96,MR13 MR10 MR02 MR11 MR07 MR04 MR12 MR14 MR06
5987,9,23,22,0.9565217391304348,MR13 MR10 MR11 MR02 MR14 MR04 MR12 MR06 MR07
5988,9,25,23,0.92,MR13 MR10 MR02 MR11 MR14 MR07 MR04 MR06 MR12
5989,9,22,21,0.9545454545454546,MR13 MR10 MR02 MR11 MR07 MR12 MR14 MR04 MR06
5990,9,19,18,0.9473684210526315,MR13 MR10 MR02 MR11 MR06 MR04 MR07 MR12 MR14
5991,9,23,22,0.9565217391304348,MR13 MR10 MR02 MR11 MR14 MR06 MR04 MR12 MR07
5992,9,28,26,0.9285714285714286,MR13 MR10 MR02 MR11 MR06 MR14 MR04 MR07 MR12
5993,7,28,21,0.75,MR13 MR10 MR11 MR02 MR14 MR04 MR07
5994,9,26,26,1.0,MR13 MR10 MR02 MR11 MR14 MR04 MR06 MR07 MR12
5995,9,27,26,0.9629629629629629,MR12 MR10 MR11 MR02 MR04 MR13 MR07 MR06 MR14
5996,8,23,18,0.782608695652174,MR13 MR10 MR11 MR02 MR12 MR04 MR14 MR07
5997,9,25,24,0.96,MR13 MR10 MR02 MR07 MR11 MR04 MR14 MR06 MR12
5998,8,25,20,0.8,MR13 MR10 MR02 MR07 MR11 MR04 MR06 MR14
5999,9,22,21,0.9545454545454546,MR13 MR10 MR02 MR11 MR14 MR07 MR04 MR06 MR12
6000,9,20,19,0.95,MR13 MR10 MR02 MR11 MR06 MR14 MR04 MR07 MR12
6001,9,23,23,1.0,MR13 MR10 MR02 MR06 MR07 MR11 MR04 MR12 MR14
6002,9,23,22,0.9565217391304348,MR14 MR10 MR11 MR02 MR13 MR04 MR06 MR12 MR07
6003,9,24,23,0.9583333333333334,MR12 MR10 MR02 MR06 MR11 MR13 MR14 MR04 MR07
6004,9,23,22,0.9565217391304348,MR13 MR10 MR11 MR02 MR04 MR07 MR12 MR06 MR14
6005,9,28,27,0.9642857142857143,MR13 MR10 MR11 MR02 MR06 MR04 MR12 MR07 MR14
6006,9,23,22,0.9565217391304348,MR13 MR10 MR02 MR11 MR07 MR04 MR06 MR12 MR14
6007,9,27,25,0.9259259259259259,MR13 MR10 MR02 MR11 MR12 MR04 MR06 MR07 MR14
6008,9,24,23,0.9583333333333334,MR13 MR10 MR02 MR12 MR06 MR07 MR04 MR11 MR14
6009,9,28,27,0.9642857142857143,MR13 MR10 MR02 MR11 MR07 MR04 MR06 MR12 MR14
6010,8,23,18,0.782608695652174,MR13 MR10 MR02 MR14 MR11 MR06 MR04 MR07
6011,9,26,26,1.0,MR13 MR10 MR11 MR02 MR04 MR06 MR07 MR12 MR14
6012,9,21,20,0.9523809523809523,MR13 MR10 MR11 MR02 MR04 MR07 MR06 MR12 MR14
6013,9,22,21,0.9545454545454546,MR12 MR10 MR02 MR11 MR06 MR13 MR04 MR07 MR14
6014,9,24,23,0.9583333333333334,MR13 MR10 MR06 MR02 MR04 MR11 MR14 MR07 MR12
6015,9,22,21,0.9545454545454546,MR13 MR10 MR02 MR11 MR07 MR04 MR06 MR14 MR12
6016,8,25,20,0.8,MR12 MR10 MR02 MR11 MR13 MR06 MR04 MR07
6017,9,22,21,0.9545454545454546,MR13 MR10 MR02 MR06 MR11 MR04 MR07 MR14 MR12
6018,8,26,22,0.8461538461538461,MR13 MR10 MR11 MR02 MR07 MR04 MR12 MR14
6019,9,17,16,0.9411764705882353,MR13 MR10 MR02 MR11 MR04 MR06 MR07 MR14 MR12
6020,9,21,20,0.9523809523809523,MR13 MR10 MR02 MR11 MR12 MR14 MR04 MR06 MR07
6021,9,22,21,0.9545454545454546,MR13 MR10 MR02 MR06 MR11 MR04 MR12 MR14 MR07
6022,9,30,29,0.9666666666666667,MR13 MR10 MR02 MR06 MR11 MR14 MR04 MR07 MR12
6023,9,27,26,0.9629629629629629,MR12 MR10 MR11 MR02 MR13 MR04 MR06 MR07 MR14
6024,9,22,21,0.9545454545454546,MR13 MR10 MR02 MR11 MR07 MR04 MR06 MR12 MR14
6025,9,25,24,0.96,MR13 MR10 MR02 MR07 MR11 MR12 MR04 MR14 MR06
6026,9,20,20,1.0,MR13 MR10 MR02 MR11 MR14 MR04 MR06 MR07 MR12
6027,9,27,26,0.9629629629629629,MR13 MR10 MR02 MR11 MR04 MR06 MR07 MR12 MR14
6028,9,21,20,0.9523809523809523,MR13 MR10 MR11 MR02 MR14 MR04 MR06 MR12 MR07
6029,9,24,23,0.9583333333333334,MR13 MR10 MR11 MR02 MR12 MR14 MR04 MR06 MR07
6030,9,23,23,1.0,MR13 MR10 MR02 MR11 MR14 MR04 MR06 MR07 MR12
6031,9,24,21,0.875,MR12 MR10 MR02 MR07 MR05 MR11 MR04 MR06 MR14
6032,8,26,22,0.8461538461538461,MR13 MR10 MR02 MR07 MR11 MR12 MR04 MR06
6033,9,23,23,1.0,MR12 MR10 MR11 MR02 MR07 MR14 MR04 MR13 MR06
6034,8,26,22,0.8461538461538461,MR13 MR10 MR02 MR06 MR14 MR04 MR07 MR11
6035,8,27,23,0.8518518518518519,MR13 MR10 MR02 MR14 MR06 MR07 MR04 MR11
6036,8,24,21,0.875,MR12 MR10 MR11 MR02 MR13 MR04 MR14 MR07
6037,9,24,23,0.9583333333333334,MR13 MR10 MR02 MR07 MR12 MR11 MR04 MR06 MR14
6038,9,24,23,0.9583333333333334,MR13 MR10 MR11 MR02 MR12 MR04 MR06 MR14 MR07
6039,9,29,29,1.0,MR12 MR10 MR11 MR02 MR13 MR04 MR06 MR14 MR07
6040,9,24,23,0.9583333333333334,MR13 MR10 MR02 MR11 MR06 MR12 MR04 MR14 MR07
6041,8,22,19,0.8636363636363636,MR13 MR10 MR11 MR02 MR04 MR14 MR07 MR12
6042,9,22,21,0.9545454545454546,MR12 MR10 MR11 MR02 MR13 MR04 MR07 MR14 MR06
6043,9,22,21,0.9545454545454546,MR13 MR10 MR02 MR11 MR07 MR14 MR04 MR12 MR06
6044,9,24,23,0.9583333333333334,MR13 MR10 MR02 MR11 MR12 MR07 MR04 MR06 MR14
6045,9,21,21,1.0,MR13 MR10 MR11 MR02 MR12 MR04 MR06 MR07 MR14
6046,9,20,20,1.0,MR13 MR10 MR02 MR07 MR11 MR12 MR04 MR06 MR14
6047,9,22,21,0.9545454545454546,MR13 MR10 MR11 MR02 MR14 MR04 MR07 MR06 MR12
6048,8,21,18,0.8571428571428571,MR13 MR10 MR11 MR02 MR14 MR06 MR04 MR12
6049,9,22,20,0.9090909090909091,MR13 MR10 MR11 MR02 MR06 MR04 MR12 MR14 MR07
6050,9,21,20,0.9523809523809523,MR13 MR10 MR11 MR02 MR04 MR06 MR12 MR07 MR14
6051,9,27,26,0.9629629629629629,MR14 MR10 MR11 MR02 MR04 MR06 MR07 MR12 MR13
6052,7,24,18,0.75,MR13 MR10 MR11 MR02 MR06 MR04 MR14
6053,8,24,20,0.8333333333333334,MR13 MR10 MR02 MR06 MR11 MR04 MR07 MR14
6054,8,29,26,0.896551724137931,MR13 MR10 MR11 MR02 MR06 MR04 MR12 MR14
6055,9,26,21,0.8076923076923077,MR12 MR10 MR11 MR02 MR06 MR04 MR05 MR14 MR07
6056,8,28,24,0.8571428571428571,MR13 MR10 MR11 MR02 MR04 MR07 MR14 MR12
6057,9,23,22,0.9565217391304348,MR12 MR10 MR02 MR07 MR11 MR14 MR04 MR06 MR13
6058,9,25,24,0.96,MR13 MR10 MR02 MR07 MR11 MR04 MR06 MR12 MR14
6059,9,22,21,0.9545454545454546,MR13 MR10 MR06 MR02 MR14 MR07 MR04 MR12 MR11
6060,9,25,25,1.0,MR13 MR10 MR02 MR11 MR06 MR04 MR07 MR12 MR14
6061,9,27,26,0.9629629629629629,MR12 MR10 MR02 MR11 MR07 MR13 MR04 MR06 MR14
6062,9,26,25,0.9615384615384616,MR13 MR10 MR02 MR11 MR06 MR12 MR04 MR07 MR14
6063,9,22,21,0.9545454545454546,MR13 MR10 MR11 MR02 MR12 MR04 MR14 MR07 MR06
6064,9,23,22,0.9565217391304348,MR13 MR10 MR11 MR02 MR12 MR04 MR06 MR14 MR07
6065,9,27,26,0.9629629629629629,MR13 MR10 MR11 MR02 MR07 MR12 MR04 MR06 MR14
6066,9,24,20,0.8333333333333334,MR12 MR10 MR02 MR06 MR11 MR04 MR05 MR07 MR14
6067,9,25,24,0.96,MR13 MR10 MR02 MR06 MR07 MR04 MR11 MR14 MR12
6068,9,22,21,0.9545454545454546,MR13 MR10 MR02 MR06 MR07 MR11 MR12 MR04 MR14
6069,9,24,24,1.0,MR13 MR10 MR11 MR02 MR12 MR04 MR07 MR14 MR06
6070,9,28,27,0.9642857142857143,MR13 MR10 MR11 MR02 MR14 MR04 MR07 MR06 MR12
6071,9,25,24,0.96,MR13 MR10 MR11 MR02 MR04 MR14 MR12 MR06 MR07
6072,9,20,19,0.95,MR14 MR10 MR02 MR11 MR13 MR04 MR06 MR07 MR12
6073,9,26,26,1.0,MR13 MR10 MR11 MR02 MR14 MR04 MR07 MR06 MR12
6074,9,25,24,0.96,MR13 MR10 MR11 MR02 MR04 MR12 MR06 MR07 MR14
6075,9,27,26,0.9629629629629629,MR12 MR10 MR02 MR11 MR07 MR13 MR14 MR04 MR06
6076,8,25,21,0.84,MR13 MR10 MR02 MR07 MR11 MR04 MR12 MR14
6077,9,27,26,0.9629629629629629,MR12 MR10 MR11 MR02 MR07 MR04 MR13 MR14 MR06
6078,9,26,25,0.9615384615384616,MR14 MR10 MR02 MR07 MR04 MR06 MR11 MR12 MR13
6079,9,24,23,0.9583333333333334,MR13 MR10 MR02 MR11 MR14 MR04 MR06 MR07 MR12
6080,9,21,19,0.9047619047619048,MR13 MR10 MR02 MR06 MR11 MR04 MR07 MR14 MR12
6081,8,28,24,0.8571428571428571,MR13 MR10 MR02 MR07 MR11 MR12 MR04 MR14
6082,8,25,21,0.84,MR13 MR10 MR11 MR02 MR12 MR04 MR07 MR06
6083,9,24,20,0.8333333333333334,MR05 MR10 MR02 MR11 MR06 MR04 MR14 MR07 MR12
6084,9,19,18,0.9473684210526315,MR13 MR10 MR02 MR11 MR06 MR12 MR14 MR04 MR07
6085,8,22,18,0.8181818181818182,MR13 MR10 MR11 MR02 MR04 MR06 MR12 MR14
6086,9,23,22,0.9565217391304348,MR13 MR10 MR02 MR07 MR11 MR14 MR04 MR06 MR12
6087,9,25,25,1.0,MR13 MR10 MR11 MR02 MR06 MR04 MR12 MR14 MR07
6088,9,22,22,1.0,MR13 MR10 MR02 MR07 MR11 MR04 MR06 MR12 MR14
6089,9,24,24,1.0,MR12 MR10 MR02 MR11 MR14 MR07 MR04 MR06 MR13
6090,9,23,22,0.9565217391304348,MR13 MR10 MR11 MR02 MR06 MR14 MR04 MR12 MR07
6091,9,26,26,1.0,MR13 MR10 MR02 MR06 MR11 MR04 MR07 MR12 MR14
6092,9,24,23,0.9583333333333334,MR13 MR10 MR02 MR11 MR06 MR04 MR12 MR07 MR14
6093,9,24,23,0.9583333333333334,MR13 MR10 MR02 MR11 MR07 MR12 MR04 MR06 MR14
6094,9,21,20,0.9523809523809523,MR13 MR10 MR02 MR06 MR11 MR12 MR14 MR04 MR07
6095,9,28,27,0.9642857142857143,MR13 MR10 MR02 MR11 MR12 MR06 MR04 MR14 MR07
6096,9,24,24,1.0,MR13 MR10 MR02 MR11 MR04 MR06 MR07 MR12 MR14
6097,9,23,22,0.9565217391304348,MR13 MR10 MR02 MR11 MR07 MR04 MR06 MR12 MR14
6098,9,23,23,1.0,MR13 MR10 MR11 MR02 MR12 MR06 MR14 MR04 MR07
6099,9,24,24,1.0,MR13 MR10 MR11 MR02 MR12 MR04 MR07 MR06 MR14
6100,9,24,23,0.9583333333333334,MR13 MR10 MR11 MR02 MR04 MR06 MR12 MR07 MR14
6101,9,26,25,0.9615384615384616,MR13 MR10 MR02 MR11 MR04 MR06 MR07 MR12 MR14
6102,9,31,31,1.0,MR12 MR10 MR02 MR11 MR06 MR04 MR13 MR07 MR14
6103,8,27,22,0.8148148148148148,MR13 MR10 MR11 MR02 MR07 MR04 MR12 MR06
6104,8,24,20,0.8333333333333334,MR13 MR10 MR11 MR02 MR07 MR14 MR04 MR12
6105,9,22,22,1.0,MR13 MR10 MR02 MR11 MR07 MR14 MR04 MR06 MR12
6106,9,22,21,0.9545454545454546,MR13 MR10 MR02 MR07 MR11 MR04 MR12 MR14 MR06
6107,9,23,22,0.9565217391304348,MR13 MR10 MR02 MR07 MR11 MR14 MR04 MR12 MR06
6108,9,21,21,1.0,MR13 MR10 MR02 MR06 MR11 MR14 MR04 MR12 MR07
6109,9,22,22,1.0,MR13 MR10 MR02 MR07 MR14 MR11 MR04 MR06 MR12
6110,9,27,26,0.9629629629629629,MR13 MR10 MR02 MR06 MR11 MR12 MR04 MR14 MR07
6111,9,24,24,1.0,MR12 MR10 MR02 MR11 MR06 MR04 MR13 MR14 MR07
6112,9,24,24,1.0,MR13 MR10 MR11 MR02 MR06 MR04 MR07 MR12 MR14
6113,9,25,25,1.0,MR12 MR10 MR11 MR02 MR13 MR14 MR04 MR07 MR06
6114,9,31,31,1.0,MR12 MR10 MR02 MR11 MR07 MR14 MR04 MR06 MR13
6115,9,25,25,1.0,MR13 MR10 MR11 MR02 MR12 MR04 MR06 MR14 MR07
6116,9,27,26,0.9629629629629629,MR13 MR10 MR02 MR11 MR07 MR04 MR14 MR06 MR12
6117,9,32,31,0.96875,MR13 MR10 MR02 MR11 MR06 MR04 MR07 MR12 MR14
6118,9,23,22,0.9565217391304348,MR13 MR10 MR02 MR11 MR12 MR04 MR06 MR07 MR14
6119,9,26,25,0.9615384615384616,MR13 MR10 MR11 MR14 MR02 MR04 MR07 MR12 MR06
6120,9,23,22,0.9565217391304348,MR13 MR10 MR02 MR11 MR06 MR12 MR04 MR07 MR14
6121,9,24,22,0.9166666666666666,MR13 MR10 MR11 MR02 MR04 MR12 MR14 MR06 MR07
6122,9,23,22,0.9565217391304348,MR13 MR10 MR02 MR11 MR06 MR04 MR12 MR07 MR14
6123,9,25,24,0.96,MR13 MR10 MR02 MR06 MR07 MR04 MR11 MR12 MR14
6124,9,26,25,0.9615384615384616,MR13 MR10 MR02 MR07 MR11 MR04 MR06 MR12 MR14
6125,9,26,24,0.9230769230769231,MR13 MR10 MR11 MR02 MR06 MR04 MR14 MR07 MR12
6126,9,22,21,0.9545454545454546,MR13 MR10 MR02 MR11 MR04 MR06 MR07 MR12 MR14
6127,9,20,19,0.95,MR13 MR10 MR02 MR11 MR07 MR04 MR14 MR12 MR06
6128,8,28,25,0.8928571428571429,MR13 MR10 MR11 MR02 MR04 MR07 MR06 MR12
6129,9,23,23,1.0,MR12 MR10 MR11 MR02 MR04 MR14 MR06 MR07 MR13
6130,9,23,23,1.0,MR13 MR10 MR02 MR06 MR11 MR04 MR14 MR12 MR07
6131,9,25,24,0.96,MR12 MR10 MR02 MR07 MR11 MR13 MR04 MR06 MR14
6132,9,21,20,0.9523809523809523,MR13 MR10 MR02 MR11 MR04 MR06 MR07 MR12 MR14
6133,9,27,23,0.8518518518518519,MR05 MR10 MR11 MR02 MR14 MR04 MR07 MR12 MR06
6134,9,24,23,0.9583333333333334,MR06 MR10 MR02 MR12 MR13 MR04 MR07 MR14 MR11
6135,9,24,23,0.9583333333333334,MR12 MR10 MR11 MR02 MR13 MR14 MR06 MR04 MR07
6136,9,24,23,0.9583333333333334,MR13 MR10 MR02 MR06 MR11 MR14 MR04 MR07 MR12
6137,9,24,23,0.9583333333333334,MR13 MR10 MR11 MR02 MR04 MR07 MR06 MR14 MR12
6138,9,21,21,1.0,MR13 MR10 MR02 MR11 MR07 MR14 MR04 MR12 MR06
6139,9,21,20,0.9523809523809523,MR12 MR10 MR02 MR11 MR06 MR13 MR04 MR07 MR14
6140,9,24,24,1.0,MR13 MR10 MR11 MR02 MR14 MR04 MR07 MR12 MR06
6141,9,16,15,0.9375,MR13 MR10 MR02 MR11 MR06 MR14 MR04 MR07 MR12
6142,9,17,16,0.9411764705882353,MR13 MR10 MR02 MR07 MR11 MR04 MR06 MR12 MR14
6143,9,23,23,1.0,MR13 MR10 MR02 MR11 MR06 MR12 MR04 MR07 MR14
6144,9,20,19,0.95,MR13 MR10 MR02 MR11 MR12 MR07 MR04 MR06 MR14
6145,8,26,22,0.8461538461538461,MR13 MR10 MR02 MR06 MR11 MR04 MR07 MR14
6146,9,20,19,0.95,MR13 MR10 MR02 MR07 MR14 MR04 MR06 MR11 MR12
6147,9,21,20,0.9523809523809523,MR13 MR10 MR02 MR06 MR11 MR04 MR07 MR12 MR14
6148,9,26,26,1.0,MR13 MR10 MR02 MR06 MR11 MR04 MR12 MR07 MR14
6149,9,24,24,1.0,MR13 MR10 MR02 MR07 MR11 MR14 MR04 MR06 MR12
6150,9,23,21,0.9130434782608695,MR12 MR10 MR11 MR02 MR13 MR14 MR04 MR06 MR07
6151,9,26,25,0.9615384615384616,MR12 MR10 MR02 MR11 MR06 MR04 MR13 MR14 MR07
6152,9,26,25,0.9615384615384616,MR13 MR10 MR11 MR02 MR04 MR07 MR12 MR06 MR14
6153,8,23,20,0.8695652173913043,MR13 MR10 MR06 MR02 MR04 MR07 MR11 MR12
6154,8,26,22,0.8461538461538461,MR13 MR10 MR02 MR06 MR11 MR12 MR04 MR07
6155,9,22,22,1.0,MR13 MR10 MR02 MR11 MR06 MR04 MR14 MR07 MR12
6156,9,22,21,0.9545454545454546,MR12 MR10 MR11 MR02 MR13 MR04 MR06 MR07 MR14
6157,9,28,27,0.9642857142857143,MR13 MR10 MR11 MR02 MR04 MR14 MR06 MR07 MR12
6158,9,23,21,0.9130434782608695,MR12 MR10 MR11 MR02 MR14 MR07 MR13 MR04 MR06
6159,8,27,23,0.8518518518518519,MR13 MR10 MR11 MR02 MR06 MR12 MR04 MR14
6160,9,25,23,0.92,MR13 MR10 MR02 MR06 MR11 MR14 MR04 MR12 MR07
6161,9,25,24,0.96,MR13 MR10 MR02 MR11 MR07 MR14 MR04 MR06 MR12
6162,9,25,25,1.0,MR12 MR10 MR02 MR07 MR11 MR13 MR04 MR06 MR14
6163,9,28,25,0.8928571428571429,MR12 MR10 MR02 MR11 MR07 MR04 MR06 MR05 MR14
6164,9,27,26,0.9629629629629629,MR13 MR10 MR11 MR02 MR07 MR04 MR14 MR06 MR12
6165,9,30,28,0.9333333333333333,MR06 MR10 MR02 MR12 MR13 MR04 MR07 MR11 MR14
6166,9,22,21,0.9545454545454546,MR13 MR10 MR11 MR02 MR04 MR06 MR14 MR07 MR12
6167,8,24,20,0.8333333333333334,MR14 MR10 MR11 MR02 MR13 MR04 MR07 MR06
6168,8,23,19,0.8260869565217391,MR13 MR10 MR11 MR02 MR07 MR12 MR04 MR14
6169,9,23,22,0.9565217391304348,MR13 MR10 MR02 MR11 MR07 MR04 MR14 MR06 MR12
6170,9,23,22,0.9565217391304348,MR13 MR10 MR02 MR11 MR06 MR04 MR07 MR12 MR14
6171,9,21,20,0.9523809523809523,MR13 MR10 MR02 MR11 MR06 MR04 MR07 MR12 MR14
6172,9,23,23,1.0,MR13 MR10 MR02 MR06 MR11 MR14 MR04 MR12 MR07
6173,9,24,22,0.9166666666666666,MR13 MR10 MR02 MR11 MR14 MR07 MR04 MR06 MR12
6174,9,26,25,0.9615384615384616,MR13 MR10 MR11 MR02 MR04 MR06 MR12 MR07 MR14
6175,9,21,21,1.0,MR13 MR10 MR11 MR02 MR04 MR07 MR06 MR14 MR12
6176,9,25,24,0.96,MR13 MR10 MR11 MR02 MR06 MR04 MR14 MR12 MR07
6177,9,24,22,0.9166666666666666,MR13 MR10 MR02 MR07 MR12 MR11 MR04 MR06 MR14
6178,9,23,22,0.9565217391304348,MR13 MR10 MR02 MR11 MR04 MR06 MR07 MR12 MR14
6179,9,23,23,1.0,MR12 MR10 MR11 MR02 MR13 MR04 MR07 MR06 MR14
6180,9,26,26,1.0,MR12 MR10 MR11 MR02 MR14 MR04 MR13 MR06 MR07
6181,9,26,26,1.0,MR12 MR10 MR02 MR11 MR13 MR14 MR04 MR06 MR07
6182,9,24,23,0.9583333333333334,MR13 MR10 MR02 MR11 MR14 MR12 MR04 MR06 MR07
6183,9,28,27,0.9642857142857143,MR13 MR10 MR02 MR06 MR11 MR04 MR12 MR07 MR14
6184,8,24,19,0.7916666666666666,MR13 MR10 MR11 MR02 MR04 MR07 MR12 MR14
6185,8,22,17,0.7727272727272727,MR13 MR10 MR11 MR02 MR07 MR14 MR04 MR12
6186,9,22,20,0.9090909090909091,MR13 MR10 MR02 MR07 MR11 MR04 MR12 MR06 MR14
6187,9,22,21,0.9545454545454546,MR12 MR10 MR02 MR11 MR13 MR06 MR04 MR14 MR07
6188,9,27,23,0.8518518518518519,MR05 MR10 MR02 MR07 MR11 MR14 MR04 MR12 MR06
6189,9,18,18,1.0,MR13 MR10 MR11 MR02 MR04 MR07 MR12 MR06 MR14
6190,9,25,24,0.96,MR13 MR10 MR02 MR14 MR06 MR07 MR04 MR11 MR12
6191,9,22,22,1.0,MR13 MR10 MR11 MR02 MR04 MR07 MR14 MR12 MR06
6192,8,22,19,0.8636363636363636,MR13 MR10 MR11 MR02 MR14 MR04 MR06 MR12
6193,9,27,25,0.9259259259259259,MR13 MR10 MR02 MR07 MR11 MR14 MR04 MR12 MR06
6194,9,24,23,0.9583333333333334,MR13 MR10 MR02 MR07 MR11 MR04 MR06 MR12 MR14
6195,9,23,22,0.9565217391304348,MR13 MR10 MR11 MR02 MR07 MR04 MR12 MR14 MR06
6196,9,28,26,0.9285714285714286,MR13 MR10 MR11 MR02 MR06 MR04 MR14 MR07 MR12
6197,9,23,23,1.0,MR13 MR10 MR02 MR07 MR11 MR04 MR06 MR12 MR14
6198,9,24,23,0.9583333333333334,MR13 MR10 MR02 MR11 MR14 MR06 MR04 MR07 MR12
6199,9,26,25,0.9615384615384616,MR13 MR10 MR11 MR02 MR14 MR04 MR06 MR07 MR12
6200,9,21,20,0.9523809523809523,MR13 MR10 MR11 MR02 MR14 MR04 MR07 MR06 MR12
6201,9,20,19,0.95,MR13 MR10 MR02 MR11 MR06 MR14 MR04 MR07 MR12
6202,9,22,22,1.0,MR13 MR10 MR02 MR11 MR04 MR06 MR07 MR12 MR14
6203,9,19,18,0.9473684210526315,MR13 MR10 MR11 MR02 MR04 MR06 MR07 MR12 MR14
6204,9,26,24,0.9230769230769231,MR12 MR10 MR11 MR02 MR13 MR04 MR07 MR06 MR14
6205,9,24,23,0.9583333333333334,MR12 MR10 MR11 MR02 MR14 MR04 MR07 MR13 MR06
6206,9,24,23,0.9583333333333334,MR12 MR10 MR02 MR11 MR07 MR04 MR06 MR13 MR14
6207,9,24,24,1.0,MR13 MR10 MR02 MR11 MR14 MR04 MR06 MR07 MR12
6208,9,25,24,0.96,MR13 MR10 MR02 MR07 MR11 MR12 MR04 MR06 MR14
6209,9,28,27,0.9642857142857143,MR13 MR10 MR02 MR06 MR07 MR04 MR11 MR14 MR12
6210,9,26,24,0.9230769230769231,MR13 MR10 MR11 MR02 MR12 MR04 MR06 MR07 MR14
6211,9,21,19,0.9047619047619048,MR13 MR10 MR02 MR11 MR07 MR12 MR14 MR04 MR06
6212,9,23,22,0.9565217391304348,MR13 MR10 MR02 MR06 MR07 MR11 MR14 MR04 MR12
6213,9,23,22,0.9565217391304348,MR13 MR10 MR11 MR02 MR12 MR14 MR04 MR06 MR07
6214,9,24,23,0.9583333333333334,MR13 MR10 MR02 MR07 MR11 MR04 MR06 MR14 MR12
6215,9,24,23,0.9583333333333334,MR13 MR10 MR11 MR02 MR04 MR07 MR12 MR14 MR06
6216,8,23,20,0.8695652173913043,MR14 MR10 MR02 MR07 MR11 MR13 MR04 MR06
6217,9,22,22,1.0,MR12 MR10 MR11 MR02 MR04 MR06 MR13 MR14 MR07
6218,9,26,25,0.9615384615384616,MR13 MR10 MR02 MR11 MR06 MR04 MR12 MR07 MR14
6219,9,28,27,0.9642857142857143,MR13 MR10 MR02 MR06 MR11 MR04 MR12 MR14 MR07
6220,9,24,23,0.9583333333333334,MR13 MR10 MR11 MR02 MR04 MR06 MR07 MR14 MR12
6221,9,25,24,0.96,MR13 MR10 MR11 MR02 MR04 MR06 MR12 MR14 MR07
6222,9,25,24,0.96,MR13 MR10 MR02 MR11 MR12 MR04 MR06 MR07 MR14
6223,9,19,18,0.9473684210526315,MR13 MR10 MR02 MR06 MR11 MR12 MR04 MR14 MR07
6224,9,25,24,0.96,MR13 MR10 MR11 MR02 MR14 MR04 MR06 MR07 MR12
6225,9,23,22,0.9565217391304348,MR13 MR10 MR11 MR02 MR04 MR07 MR14 MR06 MR12
6226,8,26,22,0.8461538461538461,MR12 MR10 MR11 MR02 MR06 MR04 MR14 MR13
6227,9,26,22,0.8461538461538461,MR05 MR10 MR07 MR02 MR14 MR04 MR11 MR12 MR06
6228,9,23,21,0.9130434782608695,MR13 MR10 MR11 MR02 MR04 MR07 MR12 MR14 MR06
6229,8,21,16,0.7619047619047619,MR13 MR10 MR02 MR11 MR04 MR06 MR07 MR12
6230,9,26,24,0.9230769230769231,MR12 MR10 MR02 MR11 MR06 MR13 MR14 MR04 MR07
6231,9,25,24,0.96,MR13 MR10 MR02 MR06 MR11 MR04 MR14 MR07 MR12
6232,8,27,23,0.8518518518518519,MR13 MR10 MR11 MR02 MR06 MR04 MR12 MR14
6233,8,25,21,0.84,MR13 MR10 MR11 MR02 MR04 MR07 MR12 MR14
6234,9,22,21,0.9545454545454546,MR13 MR10 MR02 MR11 MR06 MR04 MR07 MR12 MR14
6235,9,25,24,0.96,MR13 MR10 MR02 MR07 MR11 MR12 MR04 MR14 MR06
6236,9,22,21,0.9545454545454546,MR13 MR10 MR02 MR06 MR11 MR04 MR12 MR07 MR14
6237,9,26,24,0.9230769230769231,MR13 MR10 MR02 MR11 MR04 MR06 MR07 MR12 MR14
6238,8,28,24,0.8571428571428571,MR13 MR10 MR02 MR11 MR07 MR04 MR14 MR06
6239,9,23,21,0.9130434782608695,MR13 MR10 MR02 MR11 MR06 MR12 MR04 MR07 MR14
6240,8,26,23,0.8846153846153846,MR13 MR10 MR11 MR02 MR07 MR04 MR12 MR14
6241,9,25,25,1.0,MR13 MR10 MR02 MR11 MR06 MR04 MR07 MR12 MR14
6242,9,22,21,0.9545454545454546,MR13 MR10 MR02 MR11 MR04 MR06 MR07 MR12 MR14
6243,9,21,20,0.9523809523809523,MR13 MR10 MR02 MR11 MR06 MR12 MR04 MR14 MR07
6244,9,26,25,0.9615384615384616,MR12 MR10 MR02 MR06 MR07 MR11 MR14 MR04 MR13
6245,9,22,22,1.0,MR13 MR10 MR11 MR02 MR07 MR14 MR04 MR12 MR06
6246,9,25,24,0.96,MR13 MR10 MR11 MR02 MR07 MR04 MR12 MR14 MR06
6247,9,26,25,0.9615384615384616,MR13 MR10 MR11 MR02 MR04 MR06 MR14 MR12 MR07
6248,9,21,20,0.9523809523809523,MR13 MR10 MR11 MR02 MR04 MR14 MR07 MR12 MR06
6249,9,28,26,0.9285714285714286,MR13 MR10 MR11 MR02 MR04 MR06 MR12 MR14 MR07
6250,9,26,25,0.9615384615384616,MR13 MR10 MR02 MR06 MR11 MR14 MR04 MR12 MR07
6251,9,18,17,0.9444444444444444,MR13 MR10 MR02 MR06 MR11 MR04 MR12 MR07 MR14
6252,9,23,23,1.0,MR13 MR10 MR11 MR02 MR14 MR04 MR06 MR12 MR07
6253,9,22,20,0.9090909090909091,MR13 MR10 MR02 MR07 MR14 MR11 MR04 MR06 MR12
6254,9,24,23,0.9583333333333334,MR13 MR10 MR02 MR11 MR04 MR06 MR07 MR12 MR14
6255,9,22,21,0.9545454545454546,MR13 MR10 MR11 MR02 MR04 MR14 MR06 MR07 MR12
6256,8,23,18,0.782608695652174,MR13 MR10 MR02 MR11 MR06 MR04 MR12 MR07
6257,9,26,25,0.9615384615384616,MR12 MR10 MR11 MR02 MR13 MR04 MR07 MR14 MR06
6258,9,22,21,0.9545454545454546,MR13 MR10 MR02 MR11 MR07 MR12 MR04 MR14 MR06
6259,9,23,22,0.9565217391304348,MR13 MR10 MR11 MR02 MR04 MR14 MR06 MR12 MR07
6260,9,22,21,0.9545454545454546,MR13 MR10 MR02 MR07 MR11 MR14 MR04 MR06 MR12
6261,8,22,18,0.8181818181818182,MR12 MR10 MR11 MR02 MR06 MR13 MR04 MR14
6262,9,29,28,0.9655172413793104,MR13 MR10 MR02 MR11 MR14 MR04 MR06 MR07 MR12
6263,9,18,17,0.9444444444444444,MR13 MR10 MR11 MR02 MR12 MR04 MR06 MR07 MR14
6264,9,24,24,1.0,MR13 MR10 MR11 MR02 MR14 MR04 MR12 MR06 MR07
6265,9,20,20,1.0,MR13 MR10 MR11 MR02 MR04 MR07 MR06 MR12 MR14
6266,9,25,24,0.96,MR13 MR10 MR02 MR07 MR11 MR04 MR12 MR14 MR06
6267,9,27,26,0.9629629629629629,MR13 MR10 MR02 MR11 MR07 MR04 MR06 MR14 MR12
6268,9,24,22,0.9166666666666666,MR13 MR10 MR11 MR02 MR14 MR04 MR07 MR06 MR12
6269,9,26,25,0.9615384615384616,MR12 MR10 MR02 MR07 MR13 MR11 MR14 MR04 MR06
6270,9,23,22,0.9565217391304348,MR13 MR10 MR02 MR11 MR14 MR07 MR04 MR06 MR12
6271,9,22,21,0.9545454545454546,MR13 MR10 MR11 MR02 MR04 MR07 MR14 MR06 MR12
6272,9,26,25,0.9615384615384616,MR13 MR10 MR02 MR06 MR07 MR04 MR12 MR14 MR11
6273,9,24,22,0.9166666666666666,MR12 MR10 MR02 MR06 MR07 MR11 MR13 MR04 MR14
6274,9,24,23,0.9583333333333334,MR13 MR10 MR02 MR06 MR11 MR04 MR07 MR12 MR14
6275,9,27,26,0.9629629629629629,MR13 MR10 MR02 MR06 MR11 MR04 MR07 MR12 MR14
6276,9,18,17,0.9444444444444444,MR13 MR10 MR02 MR11 MR06 MR12 MR04 MR14 MR07
6277,9,25,24,0.96,MR13 MR10 MR02 MR11 MR12 MR07 MR04 MR06 MR14
6278,9,26,25,0.9615384615384616,MR12 MR10 MR02 MR14 MR06 MR07 MR04 MR13 MR11
6279,9,18,17,0.9444444444444444,MR13 MR10 MR02 MR11 MR14 MR07 MR12 MR04 MR06
6280,9,24,23,0.9583333333333334,MR12 MR10 MR02 MR07 MR11 MR04 MR06 MR13 MR14
6281,9,22,22,1.0,MR13 MR10 MR02 MR11 MR04 MR06 MR07 MR12 MR14
6282,9,26,24,0.9230769230769231,MR13 MR10 MR02 MR07 MR11 MR12 MR04 MR14 MR06
6283,9,27,25,0.9259259259259259,MR13 MR10 MR02 MR11 MR07 MR12 MR04 MR06 MR14
6284,9,30,25,0.8333333333333334,MR14 MR10 MR11 MR02 MR04 MR06 MR05 MR07 MR12
6285,9,26,24,0.9230769230769231,MR13 MR10 MR02 MR14 MR06 MR07 MR11 MR04 MR12
6286,9,25,24,0.96,MR13 MR10 MR02 MR06 MR11 MR14 MR12 MR04 MR07
6287,9,23,23,1.0,MR13 MR10 MR02 MR11 MR07 MR12 MR04 MR06 MR14
6288,9,21,21,1.0,MR13 MR10 MR02 MR06 MR11 MR04 MR07 MR12 MR14
6289,9,26,25,0.9615384615384616,MR13 MR10 MR02 MR11 MR14 MR06 MR04 MR07 MR12
6290,9,24,23,0.9583333333333334,MR13 MR10 MR02 MR11 MR12 MR04 MR06 MR07 MR14
6291,8,24,21,0.875,MR13 MR10 MR02 MR11 MR07 MR04 MR14 MR06
6292,9,20,19,0.95,MR13 MR10 MR02 MR11 MR07 MR04 MR06 MR14 MR12
6293,9,27,26,0.9629629629629629,MR06 MR10 MR02 MR12 MR13 MR04 MR07 MR14 MR11
6294,9,19,18,0.9473684210526315,MR13 MR10 MR02 MR11 MR06 MR14 MR04 MR12 MR07
6295,9,30,28,0.9333333333333333,MR13 MR10 MR02 MR14 MR11 MR07 MR04 MR06 MR12
6296,9,26,26,1.0,MR13 MR10 MR06 MR02 MR11 MR04 MR14 MR12 MR07
6297,8,27,23,0.8518518518518519,MR12 MR10 MR11 MR02 MR06 MR04 MR13 MR14
6298,9,26,25,0.9615384615384616,MR13 MR10 MR02 MR07 MR11 MR04 MR12 MR06 MR14
6299,9,25,24,0.96,MR13 MR10 MR11 MR02 MR06 MR04 MR14 MR07 MR12
6300,9,24,24,1.0,MR13 MR10 MR11 MR02 MR14 MR06 MR04 MR12 MR07
6301,9,25,23,0.92,MR13 MR10 MR11 MR02 MR14 MR04 MR06 MR07 MR12
6302,9,22,22,1.0,MR13 MR10 MR11 MR02 MR12 MR04 MR06 MR14 MR07
6303,9,25,25,1.0,MR12 MR10 MR02 MR11 MR06 MR13 MR04 MR07 MR14
6304,9,24,23,0.9583333333333334,MR13 MR10 MR11 MR02 MR14 MR04 MR12 MR07 MR06
6305,9,25,24,0.96,MR13 MR10 MR02 MR11 MR07 MR04 MR06 MR12 MR14
6306,9,31,29,0.9354838709677419,MR13 MR10 MR02 MR11 MR06 MR04 MR12 MR07 MR14
6307,9,28,27,0.9642857142857143,MR13 MR10 MR11 MR14 MR02 MR04 MR12 MR06 MR07
6308,9,23,22,0.9565217391304348,MR13 MR10 MR02 MR11 MR07 MR14 MR04 MR12 MR06
6309,9,24,23,0.9583333333333334,MR13 MR10 MR02 MR11 MR06 MR04 MR12 MR14 MR07
6310,9,25,24,0.96,MR13 MR10 MR02 MR11 MR06 MR12 MR04 MR07 MR14
6311,9,22,22,1.0,MR12 MR10 MR11 MR02 MR13 MR14 MR04 MR06 MR07
6312,9,25,24,0.96,MR13 MR10 MR02 MR11 MR06 MR04 MR07 MR14 MR12
6313,9,27,26,0.9629629629629629,MR13 MR10 MR02 MR11 MR07 MR04 MR06 MR12 MR14
6314,9,21,20,0.9523809523809523,MR12 MR10 MR11 MR02 MR13 MR04 MR06 MR14 MR07
6315,9,21,20,0.9523809523809523,MR13 MR10 MR11 MR02 MR12 MR14 MR04 MR07 MR06
6316,9,21,20,0.9523809523809523,MR12 MR10 MR11 MR02 MR14 MR04 MR07 MR13 MR06
6317,9,27,26,0.9629629629629629,MR13 MR10 MR02 MR11 MR06 MR12 MR04 MR07 MR14
6318,9,23,22,0.9565217391304348,MR13 MR10 MR11 MR02 MR04 MR07 MR12 MR14 MR06
6319,9,21,21,1.0,MR13 MR10 MR02 MR11 MR06 MR04 MR07 MR14 MR12
6320,9,20,20,1.0,MR13 MR10 MR02 MR11 MR06 MR04 MR07 MR14 MR12
6321,9,27,26,0.9629629629629629,MR13 MR10 MR11 MR02 MR04 MR06 MR07 MR12 MR14
6322,9,27,25,0.9259259259259259,MR14 MR10 MR02 MR06 MR11 MR04 MR13 MR07 MR12
6323,9,23,23,1.0,MR13 MR10 MR02 MR11 MR06 MR04 MR07 MR12 MR14
6324,9,24,23,0.9583333333333334,MR13 MR10 MR02 MR11 MR07 MR04 MR06 MR12 MR14
6325,9,23,22,0.9565217391304348,MR13 MR10 MR02 MR11 MR12 MR04 MR06 MR07 MR14
6326,9,25,24,0.96,MR12 MR10 MR11 MR02 MR14 MR13 MR04 MR06 MR07
6327,9,24,22,0.9166666666666666,MR13 MR10 MR02 MR11 MR07 MR12 MR04 MR06 MR14
6328,9,25,25,1.0,MR13 MR10 MR02 MR11 MR12 MR04 MR06 MR07 MR14
6329,9,22,21,0.9545454545454546,MR13 MR10 MR02 MR11 MR07 MR04 MR06 MR12 MR14
6330,9,20,19,0.95,MR13 MR10 MR02 MR11 MR06 MR04 MR12 MR07 MR14
6331,9,29,28,0.9655172413793104,MR13 MR10 MR02 MR11 MR14 MR07 MR12 MR04 MR06
6332,8,22,16,0.7272727272727273,MR12 MR10 MR11 MR02 MR04 MR05 MR07 MR14
6333,9,25,24,0.96,MR13 MR10 MR02 MR06 MR04 MR07 MR11 MR12 MR14
6334,9,20,20,1.0,MR13 MR10 MR02 MR11 MR04 MR06 MR07 MR12 MR14
6335,9,24,23,0.9583333333333334,MR13 MR10 MR02 MR07 MR11 MR04 MR06 MR12 MR14
6336,8,24,19,0.7916666666666666,MR13 MR10 MR11 MR02 MR07 MR04 MR12 MR14
6337,9,23,23,1.0,MR13 MR10 MR11 MR02 MR14 MR12 MR04 MR07 MR06
6338,9,22,21,0.9545454545454546,MR13 MR10 MR02 MR11 MR06 MR14 MR04 MR12 MR07
6339,9,21,20,0.9523809523809523,MR13 MR10 MR02 MR06 MR12 MR04 MR07 MR11 MR14
6340,8,26,23,0.8846153846153846,MR13 MR10 MR11 MR02 MR04 MR07 MR12 MR14
6341,9,19,19,1.0,MR13 MR10 MR11 MR02 MR04 MR12 MR07 MR14 MR06
6342,9,20,19,0.95,MR13 MR10 MR02 MR11 MR07 MR04 MR06 MR12 MR14
6343,9,24,23,0.9583333333333334,MR12 MR10 MR11 MR02 MR13 MR04 MR14 MR06 MR07
6344,9,26,24,0.9230769230769231,MR13 MR10 MR11 MR02 MR14 MR04 MR07 MR12 MR06
6345,9,23,22,0.9565217391304348,MR13 MR10 MR02 MR11 MR07 MR04 MR06 MR14 MR12
6346,9,26,25,0.9615384615384616,MR13 MR10 MR02 MR12 MR11 MR06 MR04 MR07 MR14
6347,8,29,24,0.8275862068965517,MR13 MR10 MR11 MR02 MR14 MR04 MR06 MR12
6348,9,21,21,1.0,MR13 MR10 MR11 MR02 MR14 MR04 MR12 MR06 MR07
6349,9,22,21,0.9545454545454546,MR12 MR10 MR02 MR11 MR06 MR04 MR14 MR07 MR13
6350,9,24,23,0.9583333333333334,MR13 MR10 MR02 MR11 MR06 MR12 MR14 MR04 MR07
6351,9,21,21,1.0,MR13 MR10 MR02 MR07 MR11 MR04 MR06 MR12 MR14
6352,9,23,22,0.9565217391304348,MR13 MR10 MR02 MR11 MR14 MR07 MR04 MR06 MR12
6353,9,25,24,0.96,MR13 MR10 MR02 MR11 MR12 MR04 MR06 MR07 MR14
6354,9,21,21,1.0,MR13 MR10 MR02 MR11 MR06 MR14 MR04 MR12 MR07
6355,9,24,24,1.0,MR13 MR10 MR11 MR02 MR04 MR12 MR14 MR06 MR07
6356,9,26,25,0.9615384615384616,MR13 MR10 MR02 MR07 MR11 MR04 MR06 MR12 MR14
6357,9,24,23,0.9583333333333334,MR13 MR10 MR02 MR11 MR06 MR14 MR04 MR07 MR12
6358,9,29,28,0.9655172413793104,MR13 MR10 MR02 MR11 MR14 MR04 MR06 MR07 MR12
6359,9,22,21,0.9545454545454546,MR13 MR10 MR11 MR02 MR12 MR04 MR06 MR14 MR07
6360,9,22,22,1.0,MR13 MR10 MR11 MR02 MR14 MR07 MR04 MR06 MR12
6361,9,26,25,0.9615384615384616,MR14 MR10 MR02 MR06 MR07 MR11 MR04 MR13 MR12
6362,9,24,23,0.9583333333333334,MR13 MR10 MR02 MR07 MR11 MR14 MR04 MR12 MR06
6363,9,29,27,0.9310344827586207,MR12 MR10 MR02 MR11 MR06 MR13 MR04 MR14 MR07
6364,9,27,26,0.9629629629629629,MR13 MR10 MR11 MR02 MR04 MR06 MR12 MR14 MR07
6365,8,22,19,0.8636363636363636,MR13 MR10 MR02 MR11 MR06 MR12 MR04 MR07
6366,9,20,17,0.85,MR05 MR10 MR02 MR07 MR11 MR04 MR12 MR14 MR06
6367,9,30,29,0.9666666666666667,MR12 MR10 MR02 MR11 MR07 MR13 MR14 MR04 MR06
6368,9,23,23,1.0,MR13 MR10 MR11 MR02 MR04 MR06 MR14 MR07 MR12
6369,8,26,22,0.8461538461538461,MR13 MR10 MR11 MR02 MR12 MR04 MR06 MR14
6370,9,24,23,0.9583333333333334,MR14 MR10 MR02 MR11 MR06 MR04 MR12 MR13 MR07
6371,9,22,21,0.9545454545454546,MR13 MR10 MR02 MR07 MR11 MR14 MR04 MR12 MR06
6372,8,22,18,0.8181818181818182,MR13 MR10 MR02 MR11 MR04 MR06 MR07 MR14
6373,9,23,21,0.9130434782608695,MR13 MR10 MR02 MR11 MR07 MR12 MR04 MR06 MR14
6374,9,24,24,1.0,MR13 MR10 MR11 MR02 MR04 MR12 MR07 MR06 MR14
6375,9,28,27,0.9642857142857143,MR13 MR10 MR02 MR11 MR07 MR04 MR06 MR12 MR14
6376,9,23,23,1.0,MR13 MR10 MR02 MR07 MR11 MR14 MR04 MR06 MR12
6377,8,24,20,0.8333333333333334,MR13 MR10 MR02 MR11 MR06 MR04 MR07 MR12
6378,8,27,23,0.8518518518518519,MR13 MR10 MR11 MR02 MR12 MR04 MR06 MR14
6379,9,21,19,0.9047619047619048,MR13 MR10 MR02 MR07 MR04 MR06 MR11 MR12 MR14
6380,9,25,25,1.0,MR13 MR10 MR11 MR14 MR02 MR04 MR06 MR07 MR12
6381,9,27,25,0.9259259259259259,MR13 MR10 MR02 MR07 MR11 MR04 MR12 MR14 MR06
6382,9,26,26,1.0,MR13 MR10 MR06 MR02 MR12 MR04 MR11 MR14 MR07
6383,9,22,20,0.9090909090909091,MR13 MR10 MR02 MR11 MR04 MR06 MR07 MR12 MR14
6384,9,24,23,0.9583333333333334,MR13 MR10 MR02 MR11 MR07 MR04 MR06 MR14 MR12
6385,9,26,25,0.9615384615384616,MR13 MR10 MR02 MR14 MR06 MR11 MR04 MR07 MR12
6386,8,21,17,0.8095238095238095,MR13 MR10 MR11 MR02 MR07 MR04 MR12 MR14
6387,9,23,22,0.9565217391304348,MR13 MR10 MR11 MR02 MR04 MR06 MR07 MR12 MR14
6388,9,28,27,0.9642857142857143,MR13 MR10 MR02 MR11 MR06 MR12 MR04 MR14 MR07
6389,9,24,24,1.0,MR13 MR10 MR02 MR11 MR06 MR12 MR04 MR07 MR14
6390,9,24,22,0.9166666666666666,MR13 MR10 MR02 MR11 MR06 MR04 MR07 MR14 MR12
6391,9,25,24,0.96,MR13 MR10 MR02 MR07 MR06 MR14 MR04 MR11 MR12
6392,9,25,25,1.0,MR13 MR10 MR11 MR02 MR12 MR04 MR07 MR14 MR06
6393,9,26,25,0.9615384615384616,MR13 MR10 MR02 MR12 MR06 MR11 MR04 MR07 MR14
6394,8,23,19,0.8260869565217391,MR13 MR10 MR02 MR07 MR11 MR04 MR14 MR06
6395,9,18,17,0.9444444444444444,MR13 MR10 MR02 MR11 MR06 MR04 MR07 MR12 MR14
6396,9,25,24,0.96,MR13 MR10 MR06 MR02 MR11 MR12 MR04 MR07 MR14
6397,9,23,22,0.9565217391304348,MR13 MR10 MR02 MR11 MR07 MR04 MR06 MR12 MR14
6398,9,25,24,0.96,MR13 MR10 MR02 MR07 MR11 MR04 MR14 MR06 MR12
6399,9,32,28,0.875,MR05 MR10 MR11 MR14 MR02 MR04 MR07 MR12 MR06
6400,8,32,28,0.875,MR13 MR10 MR02 MR11 MR12 MR07 MR04 MR06
6401,9,23,22,0.9565217391304348,MR13 MR10 MR11 MR02 MR14 MR04 MR07 MR12 MR06
6402,9,23,23,1.0,MR13 MR10 MR02 MR11 MR14 MR07 MR04 MR12 MR06
6403,8,27,22,0.8148148148148148,MR13 MR10 MR11 MR02 MR06 MR04 MR12 MR14
6404,9,24,23,0.9583333333333334,MR13 MR10 MR02 MR11 MR12 MR06 MR04 MR07 MR14
6405,8,24,21,0.875,MR13 MR10 MR11 MR02 MR06 MR14 MR04 MR12
6406,9,24,22,0.9166666666666666,MR13 MR10 MR02 MR11 MR07 MR14 MR04 MR06 MR12
6407,9,18,17,0.9444444444444444,MR13 MR10 MR02 MR06 MR07 MR14 MR04 MR11 MR12
6408,9,23,22,0.9565217391304348,MR12 MR10 MR02 MR13 MR06 MR07 MR11 MR04 MR14
6409,9,26,25,0.9615384615384616,MR13 MR10 MR02 MR11 MR07 MR04 MR14 MR06 MR12
6410,9,22,21,0.9545454545454546,MR13 MR10 MR02 MR11 MR06 MR12 MR04 MR07 MR14
6411,9,22,21,0.9545454545454546,MR13 MR10 MR02 MR07 MR11 MR04 MR06 MR12 MR14
6412,9,32,31,0.96875,MR13 MR10 MR11 MR02 MR14 MR04 MR06 MR07 MR12
6413,9,28,27,0.9642857142857143,MR13 MR10 MR11 MR02 MR04 MR12 MR07 MR06 MR14
6414,9,29,28,0.9655172413793104,MR13 MR10 MR02 MR06 MR11 MR04 MR07 MR14 MR12
6415,9,21,21,1.0,MR13 MR10 MR02 MR11 MR06 MR04 MR07 MR12 MR14
6416,9,25,24,0.96,MR13 MR10 MR02 MR07 MR11 MR04 MR14 MR06 MR12
6417,9,22,21,0.9545454545454546,MR13 MR10 MR02 MR11 MR07 MR12 MR04 MR06 MR14
6418,9,28,27,0.9642857142857143,MR12 MR10 MR02 MR11 MR04 MR06 MR07 MR13 MR14
6419,9,22,21,0.9545454545454546,MR13 MR10 MR11 MR02 MR14 MR04 MR06 MR07 MR12
6420,8,22,19,0.8636363636363636,MR13 MR10 MR02 MR06 MR07 MR04 MR11 MR14
6421,9,24,23,0.9583333333333334,MR13 MR10 MR02 MR11 MR06 MR14 MR04 MR07 MR12
6422,9,25,24,0.96,MR13 MR10 MR02 MR11 MR07 MR04 MR06 MR12 MR14
6423,9,22,22,1.0,MR13 MR10 MR02 MR11 MR07 MR04 MR06 MR12 MR14
6424,9,20,19,0.95,MR13 MR10 MR02 MR06 MR07 MR11 MR12 MR04 MR14
6425,9,22,21,0.9545454545454546,MR13 MR10 MR02 MR07 MR14 MR11 MR04 MR06 MR12
6426,9,21,20,0.9523809523809523,MR12 MR10 MR02 MR11 MR07 MR13 MR04 MR06 MR14
6427,9,21,20,0.9523809523809523,MR13 MR10 MR11 MR02 MR07 MR04 MR12 MR14 MR06
6428,8,20,16,0.8,MR13 MR10 MR11 MR02 MR14 MR04 MR07 MR12
6429,9,25,24,0.96,MR12 MR10 MR02 MR11 MR13 MR07 MR14 MR04 MR06
6430,9,25,25,1.0,MR13 MR10 MR02 MR11 MR06 MR04 MR07 MR12 MR14
6431,9,20,17,0.85,MR05 MR10 MR11 MR02 MR04 MR07 MR12 MR14 MR06
6432,8,23,17,0.7391304347826086,MR12 MR10 MR11 MR02 MR14 MR04 MR07 MR05
6433,9,22,21,0.9545454545454546,MR13 MR10 MR11 MR02 MR06 MR12 MR04 MR07 MR14
6434,9,22,21,0.9545454545454546,MR13 MR10 MR02 MR14 MR07 MR11 MR04 MR06 MR12
6435,9,29,29,1.0,MR13 MR10 MR02 MR07 MR11 MR04 MR12 MR06 MR14
6436,9,25,24,0.96,MR13 MR10 MR02 MR06 MR11 MR04 MR14 MR07 MR12
6437,9,21,19,0.9047619047619048,MR13 MR10 MR02 MR11 MR06 MR04 MR07 MR14 MR12
6438,9,26,25,0.9615384615384616,MR12 MR10 MR02 MR11 MR13 MR07 MR04 MR06 MR14
6439,9,24,23,0.9583333333333334,MR13 MR10 MR02 MR11 MR06 MR04 MR12 MR07 MR14
6440,9,21,20,0.9523809523809523,MR13 MR10 MR02 MR07 MR11 MR14 MR04 MR12 MR06
6441,9,26,26,1.0,MR13 MR10 MR11 MR02 MR14 MR04 MR06 MR07 MR12
6442,9,25,24,0.96,MR13 MR10 MR11 MR02 MR04 MR06 MR07 MR14 MR12
6443,9,21,21,1.0,MR13 MR10 MR02 MR07 MR11 MR04 MR06 MR12 MR14
6444,9,27,27,1.0,MR13 MR10 MR02 MR11 MR06 MR04 MR12 MR07 MR14
6445,9,26,26,1.0,MR12 MR10 MR02 MR11 MR14 MR07 MR13 MR04 MR06
6446,9,23,21,0.9130434782608695,MR13 MR10 MR02 MR11 MR07 MR12 MR04 MR06 MR14
6447,9,24,23,0.9583333333333334,MR13 MR10 MR11 MR14 MR02 MR04 MR07 MR06 MR12
6448,9,25,21,0.84,MR12 MR10 MR02 MR11 MR05 MR07 MR04 MR06 MR14
6449,9,23,21,0.9130434782608695,MR13 MR10 MR02 MR11 MR04 MR06 MR07 MR14 MR12
6450,9,19,19,1.0,MR13 MR10 MR02 MR11 MR07 MR04 MR14 MR06 MR12
6451,9,25,24,0.96,MR13 MR10 MR11 MR02 MR04 MR06 MR07 MR12 MR14
6452,9,22,21,0.9545454545454546,MR13 MR10 MR02 MR06 MR14 MR04 MR07 MR11 MR12
6453,9,24,23,0.9583333333333334,MR13 MR10 MR11 MR02 MR12 MR04 MR07 MR06 MR14
6454,9,19,19,1.0,MR13 MR10 MR11 MR02 MR04 MR06 MR12 MR14 MR07
6455,8,22,19,0.8636363636363636,MR13 MR10 MR11 MR02 MR12 MR04 MR07 MR14
6456,9,22,21,0.9545454545454546,MR13 MR10 MR02 MR11 MR07 MR14 MR04 MR06 MR12
6457,9,24,22,0.9166666666666666,MR13 MR10 MR02 MR11 MR14 MR07 MR04 MR06 MR12
6458,8,26,22,0.8461538461538461,MR13 MR10 MR11 MR02 MR12 MR14 MR04 MR06
6459,8,23,19,0.8260869565217391,MR13 MR10 MR11 MR02 MR06 MR04 MR12 MR14
6460,9,30,28,0.9333333333333333,MR13 MR10 MR02 MR11 MR04 MR06 MR07 MR12 MR14
6461,9,22,21,0.9545454545454546,MR13 MR10 MR02 MR06 MR07 MR04 MR12 MR11 MR14
6462,8,22,19,0.8636363636363636,MR13 MR10 MR11 MR02 MR07 MR12 MR04 MR14
6463,9,29,28,0.9655172413793104,MR12 MR10 MR02 MR07 MR13 MR11 MR14 MR04 MR06
6464,9,24,24,1.0,MR12 MR10 MR11 MR02 MR13 MR04 MR06 MR07 MR14
6465,9,25,24,0.96,MR13 MR10 MR02 MR14 MR11 MR06 MR04 MR07 MR12
6466,9,17,17,1.0,MR13 MR10 MR02 MR11 MR06 MR04 MR07 MR14 MR12
6467,9,22,21,0.9545454545454546,MR13 MR10 MR02 MR11 MR07 MR12 MR04 MR06 MR14
6468,9,20,20,1.0,MR13 MR10 MR11 MR02 MR14 MR04 MR07 MR12 MR06
6469,9,20,19,0.95,MR13 MR10 MR02 MR11 MR04 MR06 MR07 MR12 MR14
6470,9,27,26,0.9629629629629629,MR13 MR10 MR02 MR07 MR11 MR04 MR12 MR14 MR06
6471,8,25,21,0.84,MR13 MR10 MR11 MR02 MR06 MR12 MR04 MR14
6472,9,22,21,0.9545454545454546,MR13 MR10 MR02 MR06 MR11 MR12 MR04 MR07 MR14
6473,9,24,23,0.9583333333333334,MR13 MR10 MR11 MR02 MR14 MR04 MR07 MR12 MR06
6474,9,25,24,0.96,MR13 MR10 MR02 MR07 MR14 MR11 MR12 MR04 MR06
6475,9,21,21,1.0,MR13 MR10 MR02 MR11 MR14 MR07 MR04 MR06 MR12
6476,9,25,24,0.96,MR13 MR10 MR02 MR06 MR11 MR04 MR12 MR07 MR14
6477,9,26,25,0.9615384615384616,MR12 MR10 MR11 MR02 MR06 MR13 MR04 MR07 MR14
6478,9,22,21,0.9545454545454546,MR13 MR10 MR11 MR02 MR12 MR07 MR04 MR14 MR06
6479,9,26,25,0.9615384615384616,MR13 MR10 MR02 MR07 MR11 MR04 MR06 MR12 MR14
6480,7,27,20,0.7407407407407407,MR13 MR10 MR11 MR02 MR14 MR04 MR06
6481,9,21,21,1.0,MR12 MR10 MR02 MR07 MR06 MR13 MR04 MR11 MR14
6482,9,24,24,1.0,MR13 MR10 MR11 MR02 MR04 MR12 MR06 MR07 MR14
6483,9,22,22,1.0,MR13 MR10 MR11 MR02 MR14 MR04 MR07 MR12 MR06
6484,9,25,25,1.0,MR13 MR10 MR02 MR06 MR07 MR04 MR12 MR14 MR11
6485,9,23,21,0.9130434782608695,MR13 MR10 MR02 MR11 MR04 MR06 MR07 MR14 MR12
6486,9,25,24,0.96,MR12 MR10 MR11 MR02 MR04 MR13 MR14 MR06 MR07
6487,9,22,19,0.8636363636363636,MR05 MR10 MR02 MR11 MR07 MR04 MR06 MR14 MR12
6488,9,26,25,0.9615384615384616,MR13 MR10 MR11 MR02 MR04 MR07 MR06 MR12 MR14
6489,9,24,24,1.0,MR13 MR10 MR02 MR07 MR11 MR14 MR04 MR06 MR12
6490,9,22,22,1.0,MR13 MR10 MR11 MR02 MR04 MR07 MR12 MR06 MR14
6491,8,25,21,0.84,MR13 MR10 MR14 MR02 MR06 MR07 MR04 MR11
6492,9,19,19,1.0,MR13 MR10 MR02 MR11 MR06 MR12 MR14 MR04 MR07
6493,9,27,27,1.0,MR13 MR10 MR11 MR02 MR14 MR04 MR06 MR12 MR07
6494,9,19,18,0.9473684210526315,MR13 MR10 MR02 MR06 MR07 MR11 MR04 MR14 MR12
6495,9,27,26,0.9629629629629629,MR13 MR10 MR02 MR07 MR12 MR06 MR04 MR11 MR14
6496,8,23,19,0.8260869565217391,MR13 MR10 MR11 MR14 MR02 MR04 MR06 MR07
6497,8,25,22,0.88,MR13 MR10 MR11 MR02 MR14 MR07 MR12 MR04
6498,9,20,19,0.95,MR12 MR10 MR02 MR11 MR07 MR13 MR04 MR14 MR06
6499,9,22,21,0.9545454545454546,MR13 MR10 MR02 MR11 MR06 MR04 MR14 MR07 MR12
6500,9,24,23,0.9583333333333334,MR13 MR10 MR02 MR06 MR07 MR11 MR04 MR12 MR14
6501,9,26,25,0.9615384615384616,MR13 MR10 MR11 MR02 MR04 MR07 MR12 MR06 MR14
6502,9,22,21,0.9545454545454546,MR12 MR10 MR11 MR02 MR13 MR04 MR14 MR07 MR06
6503,9,22,21,0.9545454545454546,MR12 MR10 MR11 MR02 MR04 MR07 MR13 MR14 MR06
6504,9,28,27,0.9642857142857143,MR13 MR10 MR11 MR02 MR06 MR14 MR04 MR07 MR12
6505,9,30,29,0.9666666666666667,MR13 MR10 MR11 MR02 MR14 MR04 MR12 MR06 MR07
6506,9,21,21,1.0,MR13 MR10 MR11 MR02 MR06 MR04 MR12 MR14 MR07
6507,9,22,21,0.9545454545454546,MR13 MR10 MR02 MR06 MR07 MR11 MR12 MR04 MR14
6508,8,26,22,0.8461538461538461,MR13 MR10 MR02 MR11 MR04 MR06 MR07 MR14
6509,9,25,24,0.96,MR13 MR10 MR02 MR11 MR07 MR04 MR06 MR12 MR14
6510,9,26,25,0.9615384615384616,MR13 MR10 MR02 MR11 MR07 MR04 MR12 MR14 MR06
6511,9,22,21,0.9545454545454546,MR13 MR10 MR11 MR02 MR04 MR12 MR06 MR07 MR14
6512,8,28,24,0.8571428571428571,MR13 MR10 MR02 MR07 MR11 MR04 MR12 MR14
6513,9,30,29,0.9666666666666667,MR12 MR10 MR02 MR11 MR07 MR14 MR04 MR13 MR06
6514,9,24,23,0.9583333333333334,MR13 MR10 MR11 MR02 MR12 MR04 MR06 MR14 MR07
6515,8,26,22,0.8461538461538461,MR13 MR10 MR02 MR11 MR04 MR06 MR07 MR14
6516,9,27,26,0.9629629629629629,MR12 MR10 MR02 MR06 MR11 MR13 MR04 MR07 MR14
6517,9,24,23,0.9583333333333334,MR13 MR10 MR02 MR06 MR04 MR07 MR11 MR12 MR14
6518,9,25,23,0.92,MR13 MR10 MR02 MR14 MR11 MR07 MR04 MR06 MR12
6519,9,26,26,1.0,MR13 MR10 MR02 MR11 MR12 MR06 MR14 MR04 MR07
6520,9,23,21,0.9130434782608695,MR13 MR10 MR11 MR02 MR12 MR04 MR06 MR14 MR07
6521,9,21,20,0.9523809523809523,MR12 MR10 MR02 MR07 MR11 MR13 MR14 MR04 MR06
6522,9,26,25,0.9615384615384616,MR13 MR10 MR02 MR11 MR06 MR04 MR12 MR14 MR07
6523,9,25,24,0.96,MR13 MR10 MR11 MR02 MR04 MR06 MR07 MR14 MR12
6524,8,32,28,0.875,MR13 MR10 MR11 MR02 MR06 MR14 MR04 MR12
6525,9,26,25,0.9615384615384616,MR13 MR10 MR02 MR11 MR07 MR12 MR04 MR06 MR14
6526,8,26,22,0.8461538461538461,MR13 MR10 MR02 MR06 MR12 MR11 MR04 MR07
6527,9,23,22,0.9565217391304348,MR13 MR10 MR02 MR11 MR07 MR12 MR14 MR04 MR06
6528,9,24,22,0.9166666666666666,MR13 MR10 MR02 MR11 MR07 MR04 MR06 MR14 MR12
6529,9,23,22,0.9565217391304348,MR13 MR10 MR02 MR06 MR11 MR04 MR14 MR07 MR12
6530,9,28,27,0.9642857142857143,MR13 MR10 MR11 MR02 MR14 MR04 MR12 MR06 MR07
6531,9,23,22,0.9565217391304348,MR13 MR10 MR07 MR02 MR04 MR11 MR14 MR06 MR12
6532,9,26,22,0.8461538461538461,MR12 MR10 MR11 MR02 MR04 MR06 MR05 MR07 MR14
6533,9,21,21,1.0,MR13 MR10 MR02 MR06 MR11 MR14 MR04 MR07 MR12
6534,9,28,26,0.9285714285714286,MR13 MR10 MR02 MR11 MR06 MR04 MR07 MR12 MR14
6535,9,19,19,1.0,MR13 MR10 MR02 MR11 MR06 MR04 MR07 MR12 MR14
6536,9,25,24,0.96,MR13 MR10 MR02 MR11 MR07 MR04 MR06 MR12 MR14
6537,9,25,25,1.0,MR13 MR10 MR11 MR02 MR14 MR04 MR06 MR07 MR12
6538,9,22,21,0.9545454545454546,MR13 MR10 MR02 MR06 MR11 MR14 MR04 MR07 MR12
6539,9,28,27,0.9642857142857143,MR13 MR10 MR14 MR02 MR11 MR07 MR04 MR06 MR12
6540,9,19,19,1.0,MR12 MR10 MR11 MR02 MR13 MR04 MR06 MR14 MR07
6541,9,27,26,0.9629629629629629,MR13 MR10 MR07 MR02 MR12 MR04 MR06 MR11 MR14
6542,9,26,25,0.9615384615384616,MR13 MR10 MR02 MR11 MR06 MR04 MR07 MR12 MR14
6543,8,21,17,0.8095238095238095,MR13 MR10 MR02 MR14 MR11 MR06 MR04 MR07
6544,9,24,23,0.9583333333333334,MR13 MR10 MR02 MR11 MR07 MR04 MR06 MR12 MR14
6545,9,26,25,0.9615384615384616,MR13 MR10 MR02 MR11 MR07 MR04 MR06 MR12 MR14
6546,9,19,18,0.9473684210526315,MR13 MR10 MR02 MR11 MR06 MR12 MR14 MR04 MR07
6547,9,28,26,0.9285714285714286,MR12 MR10 MR02 MR06 MR11 MR04 MR13 MR14 MR07
6548,9,21,20,0.9523809523809523,MR13 MR10 MR11 MR02 MR04 MR12 MR07 MR06 MR14
6549,8,26,23,0.8846153846153846,MR12 MR10 MR11 MR02 MR04 MR13 MR06 MR14
6550,8,27,23,0.8518518518518519,MR13 MR10 MR11 MR02 MR06 MR04 MR14 MR07
6551,9,24,23,0.9583333333333334,MR13 MR10 MR11 MR02 MR07 MR04 MR12 MR14 MR06
6552,9,19,19,1.0,MR13 MR10 MR11 MR02 MR12 MR04 MR14 MR07 MR06
6553,9,26,25,0.9615384615384616,MR13 MR10 MR02 MR06 MR11 MR04 MR07 MR12 MR14
6554,9,26,25,0.9615384615384616,MR13 MR10 MR11 MR02 MR12 MR14 MR04 MR06 MR07
6555,9,28,24,0.8571428571428571,MR12 MR10 MR02 MR11 MR07 MR04 MR06 MR14 MR05
6556,9,24,23,0.9583333333333334,MR12 MR10 MR02 MR07 MR11 MR13 MR04 MR06 MR14
6557,9,25,24,0.96,MR12 MR10 MR02 MR07 MR11 MR14 MR04 MR13 MR06
6558,9,26,24,0.9230769230769231,MR13 MR10 MR07 MR02 MR11 MR14 MR04 MR06 MR12
6559,9,22,19,0.8636363636363636,MR05 MR10 MR02 MR06 MR14 MR11 MR12 MR04 MR07
6560,9,22,22,1.0,MR13 MR10 MR02 MR11 MR07 MR04 MR06 MR14 MR12
6561,9,30,29,0.9666666666666667,MR13 MR10 MR02 MR06 MR11 MR14 MR04 MR07 MR12
6562,9,23,22,0.9565217391304348,MR13 MR10 MR11 MR02 MR12 MR04 MR06 MR14 MR07
6563,9,26,24,0.9230769230769231,MR12 MR10 MR02 MR11 MR14 MR06 MR04 MR07 MR13
6564,9,22,21,0.9545454545454546,MR13 MR10 MR02 MR11 MR14 MR07 MR04 MR06 MR12
6565,9,25,24,0.96,MR13 MR10 MR02 MR11 MR07 MR14 MR04 MR06 MR12
6566,8,24,19,0.7916666666666666,MR13 MR10 MR11 MR02 MR12 MR04 MR07 MR06
6567,9,18,18,1.0,MR13 MR10 MR02 MR07 MR11 MR04 MR14 MR06 MR12
6568,9,20,20,1.0,MR13 MR10 MR11 MR02 MR04 MR07 MR06 MR14 MR12
6569,9,24,23,0.9583333333333334,MR13 MR10 MR02 MR06 MR07 MR11 MR04 MR12 MR14
6570,9,19,18,0.9473684210526315,MR12 MR10 MR02 MR11 MR04 MR06 MR07 MR13 MR14
6571,9,21,20,0.9523809523809523,MR13 MR10 MR11 MR02 MR14 MR04 MR12 MR06 MR07
6572,9,25,24,0.96,MR13 MR10 MR02 MR07 MR11 MR14 MR04 MR06 MR12
6573,9,25,24,0.96,MR13 MR10 MR11 MR02 MR12 MR04 MR06 MR07 MR14
6574,9,24,24,1.0,MR13 MR10 MR02 MR07 MR06 MR14 MR04 MR11 MR12
6575,9,19,18,0.9473684210526315,MR13 MR10 MR11 MR02 MR14 MR04 MR06 MR12 MR07
6576,9,23,22,0.9565217391304348,MR13 MR10 MR07 MR02 MR11 MR04 MR12 MR14 MR06
6577,8,22,19,0.8636363636363636,MR13 MR10 MR11 MR02 MR04 MR12 MR06 MR07
6578,9,24,22,0.9166666666666666,MR13 MR10 MR02 MR06 MR11 MR04 MR14 MR07 MR12
6579,9,22,22,1.0,MR13 MR10 MR02 MR11 MR07 MR04 MR12 MR06 MR14
6580,8,24,20,0.8333333333333334,MR13 MR10 MR11 MR02 MR04 MR06 MR07 MR14
6581,9,25,25,1.0,MR13 MR10 MR02 MR11 MR07 MR04 MR06 MR12 MR14
6582,8,23,19,0.8260869565217391,MR13 MR10 MR11 MR02 MR04 MR06 MR12 MR14
6583,9,22,22,1.0,MR13 MR10 MR11 MR02 MR04 MR06 MR12 MR07 MR14
6584,9,26,24,0.9230769230769231,MR13 MR10 MR02 MR06 MR11 MR14 MR04 MR12 MR07
6585,9,22,20,0.9090909090909091,MR13 MR10 MR11 MR02 MR04 MR14 MR06 MR12 MR07
6586,9,21,20,0.9523809523809523,MR13 MR10 MR02 MR11 MR07 MR04 MR06 MR12 MR14
6587,9,25,25,1.0,MR14 MR10 MR11 MR02 MR04 MR06 MR13 MR07 MR12
6588,9,25,24,0.96,MR13 MR10 MR02 MR11 MR06 MR12 MR04 MR14 MR07
6589,9,27,26,0.9629629629629629,MR12 MR10 MR02 MR11 MR14 MR06 MR04 MR13 MR07
6590,9,21,20,0.9523809523809523,MR13 MR10 MR02 MR11 MR06 MR14 MR04 MR07 MR12
6591,9,21,21,1.0,MR13 MR10 MR02 MR11 MR06 MR04 MR07 MR14 MR12
6592,9,25,24,0.96,MR14 MR10 MR02 MR06 MR13 MR04 MR07 MR11 MR12
6593,9,25,22,0.88,MR12 MR10 MR02 MR11 MR14 MR06 MR04 MR05 MR07
6594,9,29,29,1.0,MR12 MR10 MR02 MR06 MR11 MR13 MR04 MR07 MR14
6595,9,25,23,0.92,MR13 MR10 MR11 MR02 MR12 MR04 MR07 MR06 MR14
6596,9,26,25,0.9615384615384616,MR12 MR10 MR02 MR07 MR11 MR13 MR04 MR06 MR14
6597,9,24,23,0.9583333333333334,MR13 MR10 MR11 MR02 MR06 MR04 MR14 MR07 MR12
6598,8,24,20,0.8333333333333334,MR13 MR10 MR11 MR02 MR06 MR04 MR12 MR14
6599,9,27,26,0.9629629629629629,MR12 MR10 MR02 MR11 MR04 MR06 MR07 MR13 MR14
6600,9,22,19,0.8636363636363636,MR05 MR10 MR02 MR06 MR14 MR11 MR12 MR04 MR07
6601,9,19,17,0.8947368421052632,MR12 MR10 MR02 MR11 MR06 MR14 MR04 MR13 MR07
6602,9,24,23,0.9583333333333334,MR12 MR10 MR02 MR11 MR06 MR14 MR04 MR13 MR07
6603,9,21,21,1.0,MR13 MR10 MR11 MR02 MR12 MR04 MR06 MR07 MR14
6604,9,28,27,0.9642857142857143,MR13 MR10 MR02 MR07 MR14 MR11 MR04 MR12 MR06
6605,9,21,20,0.9523809523809523,MR13 MR10 MR11 MR02 MR14 MR12 MR04 MR07 MR06
6606,9,23,23,1.0,MR13 MR10 MR02 MR06 MR11 MR04 MR12 MR14 MR07
6607,9,24,23,0.9583333333333334,MR13 MR10 MR02 MR11 MR04 MR06 MR07 MR14 MR12
6608,9,23,21,0.9130434782608695,MR13 MR10 MR11 MR02 MR04 MR12 MR14 MR06 MR07
6609,9,25,24,0.96,MR13 MR10 MR02 MR11 MR14 MR06 MR04 MR07 MR12
6610,8,26,23,0.8846153846153846,MR12 MR10 MR11 MR02 MR06 MR14 MR04 MR13
6611,9,24,24,1.0,MR12 MR10 MR02 MR13 MR07 MR11 MR04 MR14 MR06
6612,9,21,20,0.9523809523809523,MR13 MR10 MR02 MR11 MR06 MR04 MR07 MR14 MR12
6613,8,22,15,0.6818181818181818,MR05 MR10 MR02 MR06 MR14 MR07 MR04 MR11
6614,9,19,19,1.0,MR13 MR10 MR02 MR11 MR07 MR04 MR06 MR12 MR14
6615,8,26,20,0.7692307692307693,MR05 MR10 MR02 MR11 MR06 MR04 MR07 MR12
6616,9,22,19,0.8636363636363636,MR05 MR10 MR11 MR02 MR14 MR04 MR07 MR12 MR06
6617,9,26,25,0.9615384615384616,MR13 MR10 MR02 MR06 MR11 MR12 MR14 MR04 MR07
6618,9,26,25,0.9615384615384616,MR13 MR10 MR11 MR02 MR04 MR07 MR14 MR06 MR12
6619,9,23,21,0.9130434782608695,MR13 MR10 MR02 MR06 MR11 MR04 MR07 MR14 MR12
6620,8,22,18,0.8181818181818182,MR13 MR10 MR11 MR02 MR12 MR04 MR06 MR14
6621,9,25,24,0.96,MR13 MR10 MR02 MR11 MR06 MR04 MR07 MR12 MR14
6622,9,19,19,1.0,MR13 MR10 MR02 MR11 MR12 MR06 MR04 MR07 MR14
6623,9,27,26,0.9629629629629629,MR13 MR10 MR02 MR11 MR06 MR04 MR12 MR07 MR14
6624,8,22,18,0.8181818181818182,MR13 MR10 MR02 MR07 MR11 MR12 MR04 MR06
6625,9,25,24,0.96,MR13 MR10 MR02 MR07 MR11 MR12 MR04 MR06 MR14
6626,9,25,24,0.96,MR13 MR10 MR11 MR02 MR12 MR04 MR07 MR14 MR06
6627,9,21,20,0.9523809523809523,MR13 MR10 MR02 MR11 MR06 MR14 MR04 MR12 MR07
6628,9,26,21,0.8076923076923077,MR12 MR10 MR02 MR11 MR07 MR04 MR06 MR14 MR05
6629,9,19,18,0.9473684210526315,MR13 MR10 MR02 MR11 MR06 MR14 MR04 MR07 MR12
6630,9,22,21,0.9545454545454546,MR13 MR10 MR11 MR02 MR12 MR04 MR07 MR14 MR06
6631,8,25,21,0.84,MR13 MR10 MR11 MR02 MR12 MR04 MR06 MR07
6632,9,28,26,0.9285714285714286,MR13 MR10 MR11 MR02 MR04 MR07 MR12 MR14 MR06
6633,9,22,21,0.9545454545454546,MR14 MR10 MR02 MR11 MR06 MR12 MR13 MR04 MR07
6634,9,22,21,0.9545454545454546,MR13 MR10 MR11 MR02 MR04 MR07 MR12 MR14 MR06
6635,9,23,22,0.9565217391304348,MR13 MR10 MR02 MR11 MR06 MR12 MR04 MR07 MR14
6636,9,26,25,0.9615384615384616,MR12 MR10 MR11 MR02 MR13 MR14 MR04 MR06 MR07
6637,9,20,20,1.0,MR13 MR10 MR02 MR11 MR14 MR07 MR04 MR06 MR12
6638,9,23,23,1.0,MR13 MR10 MR11 MR02 MR14 MR04 MR07 MR12 MR06
6639,8,23,19,0.8260869565217391,MR13 MR10 MR02 MR06 MR11 MR04 MR07 MR12
6640,8,25,21,0.84,MR13 MR10 MR11 MR02 MR07 MR14 MR04 MR12
6641,9,23,23,1.0,MR13 MR10 MR02 MR11 MR14 MR06 MR04 MR07 MR12
6642,9,32,30,0.9375,MR13 MR10 MR06 MR02 MR04 MR07 MR12 MR14 MR11
6643,9,21,20,0.9523809523809523,MR13 MR10 MR02 MR11 MR07 MR04 MR06 MR14 MR12
6644,9,18,18,1.0,MR13 MR10 MR11 MR02 MR06 MR04 MR12 MR07 MR14
6645,9,26,25,0.9615384615384616,MR13 MR10 MR11 MR02 MR14 MR04 MR06 MR07 MR12
6646,9,20,20,1.0,MR13 MR10 MR11 MR02 MR04 MR06 MR14 MR07 MR12
6647,9,23,22,0.9565217391304348,MR13 MR10 MR02 MR11 MR07 MR04 MR06 MR14 MR12
6648,9,23,22,0.9565217391304348,MR13 MR10 MR02 MR11 MR06 MR04 MR12 MR14 MR07
6649,9,26,25,0.9615384615384616,MR13 MR10 MR11 MR02 MR12 MR07 MR04 MR06 MR14
6650,9,25,25,1.0,MR13 MR10 MR02 MR06 MR11 MR04 MR07 MR12 MR14
6651,9,25,24,0.96,MR13 MR10 MR11 MR02 MR04 MR06 MR12 MR14 MR07
6652,9,22,21,0.9545454545454546,MR13 MR10 MR02 MR11 MR06 MR04 MR07 MR12 MR14
6653,9,25,24,0.96,MR12 MR10 MR02 MR14 MR06 MR11 MR13 MR04 MR07
6654,9,28,27,0.9642857142857143,MR13 MR10 MR02 MR11 MR06 MR12 MR04 MR07 MR14
6655,9,26,23,0.8846153846153846,MR05 MR10 MR11 MR02 MR14 MR04 MR06 MR07 MR12
6656,8,25,21,0.84,MR13 MR10 MR02 MR07 MR14 MR06 MR04 MR11
6657,9,17,17,1.0,MR13 MR10 MR02 MR07 MR11 MR04 MR14 MR12 MR06
6658,9,23,22,0.9565217391304348,MR13 MR10 MR02 MR06 MR11 MR04 MR07 MR12 MR14
6659,9,25,24,0.96,MR13 MR10 MR02 MR11 MR14 MR06 MR04 MR07 MR12
6660,9,24,23,0.9583333333333334,MR13 MR10 MR02 MR11 MR04 MR06 MR07 MR14 MR12
6661,8,23,20,0.8695652173913043,MR12 MR10 MR11 MR02 MR07 MR14 MR04 MR13
6662,9,28,26,0.9285714285714286,MR13 MR10 MR11 MR02 MR14 MR04 MR07 MR06 MR12
6663,9,27,26,0.9629629629629629,MR12 MR10 MR11 MR02 MR04 MR06 MR14 MR07 MR13
6664,9,25,24,0.96,MR07 MR10 MR02 MR14 MR12 MR13 MR04 MR06 MR11
6665,9,23,23,1.0,MR12 MR10 MR02 MR11 MR13 MR06 MR04 MR14 MR07
6666,9,24,23,0.9583333333333334,MR13 MR10 MR02 MR07 MR11 MR04 MR12 MR06 MR14
6667,9,27,26,0.9629629629629629,MR13 MR10 MR11 MR02 MR04 MR06 MR12 MR07 MR14
6668,9,26,22,0.8461538461538461,MR12 MR10 MR11 MR02 MR05 MR06 MR04 MR14 MR07
6669,9,22,21,0.9545454545454546,MR13 MR10 MR11 MR02 MR14 MR04 MR07 MR06 MR12
6670,9,26,24,0.9230769230769231,MR13 MR10 MR02 MR11 MR06 MR14 MR04 MR07 MR12
6671,9,25,24,0.96,MR12 MR10 MR02 MR14 MR06 MR13 MR11 MR04 MR07
6672,9,27,27,1.0,MR13 MR10 MR11 MR02 MR12 MR04 MR06 MR07 MR14
6673,9,21,20,0.9523809523809523,MR12 MR10 MR11 MR02 MR13 MR14 MR04 MR06 MR07
6674,9,20,16,0.8,MR12 MR10 MR02 MR11 MR06 MR14 MR04 MR05 MR07
6675,8,23,19,0.8260869565217391,MR13 MR10 MR02 MR06 MR11 MR04 MR14 MR12
6676,9,19,18,0.9473684210526315,MR13 MR10 MR11 MR02 MR04 MR12 MR06 MR07 MR14
6677,9,24,23,0.9583333333333334,MR13 MR10 MR02 MR06 MR07 MR04 MR11 MR14 MR12
6678,9,26,24,0.9230769230769231,MR13 MR10 MR11 MR02 MR04 MR06 MR12 MR07 MR14
6679,9,23,22,0.9565217391304348,MR13 MR10 MR02 MR11 MR07 MR04 MR06 MR14 MR12
6680,9,23,22,0.9565217391304348,MR13 MR10 MR11 MR02 MR12 MR04 MR07 MR06 MR14
6681,9,24,23,0.9583333333333334,MR13 MR10 MR02 MR07 MR11 MR12 MR04 MR06 MR14
6682,9,26,24,0.9230769230769231,MR13 MR10 MR02 MR07 MR06 MR12 MR14 MR04 MR11
6683,8,24,20,0.8333333333333334,MR13 MR10 MR11 MR02 MR04 MR07 MR12 MR14
6684,9,21,21,1.0,MR13 MR10 MR11 MR02 MR12 MR14 MR04 MR06 MR07
6685,9,21,20,0.9523809523809523,MR12 MR10 MR02 MR11 MR07 MR13 MR04 MR14 MR06
6686,9,19,18,0.9473684210526315,MR13 MR10 MR02 MR06 MR11 MR12 MR04 MR07 MR14
6687,8,31,27,0.8709677419354839,MR12 MR10 MR11 MR02 MR07 MR13 MR04 MR14
6688,8,22,18,0.8181818181818182,MR13 MR10 MR11 MR02 MR14 MR04 MR06 MR07
6689,9,28,26,0.9285714285714286,MR13 MR10 MR11 MR02 MR12 MR04 MR07 MR06 MR14
6690,9,24,24,1.0,MR13 MR10 MR02 MR07 MR11 MR04 MR06 MR14 MR12
6691,9,24,22,0.9166666666666666,MR13 MR10 MR02 MR11 MR06 MR04 MR07 MR14 MR12
6692,9,24,23,0.9583333333333334,MR13 MR10 MR02 MR06 MR07 MR11 MR14 MR04 MR12
6693,9,20,19,0.95,MR13 MR10 MR02 MR11 MR12 MR07 MR04 MR06 MR14
6694,9,20,19,0.95,MR13 MR10 MR02 MR06 MR07 MR11 MR12 MR04 MR14
6695,9,26,25,0.9615384615384616,MR14 MR10 MR02 MR06 MR13 MR11 MR04 MR07 MR12
6696,9,25,24,0.96,MR13 MR10 MR02 MR11 MR07 MR04 MR12 MR14 MR06
6697,9,29,28,0.9655172413793104,MR13 MR10 MR02 MR11 MR07 MR04 MR14 MR06 MR12
6698,8,25,19,0.76,MR05 MR10 MR02 MR06 MR11 MR12 MR04 MR14
6699,9,25,25,1.0,MR13 MR10 MR11 MR02 MR14 MR04 MR07 MR06 MR12
6700,9,22,21,0.9545454545454546,MR12 MR10 MR02 MR11 MR07 MR13 MR04 MR06 MR14
6701,9,26,25,0.9615384615384616,MR13 MR10 MR11 MR02 MR14 MR04 MR07 MR06 MR12
6702,8,24,20,0.8333333333333334,MR13 MR10 MR11 MR02 MR04 MR07 MR12 MR06
6703,9,20,19,0.95,MR13 MR10 MR07 MR02 MR14 MR04 MR06 MR12 MR11
6704,8,22,17,0.7727272727272727,MR13 MR10 MR02 MR11 MR04 MR06 MR07 MR14
6705,9,25,24,0.96,MR13 MR10 MR02 MR11 MR06 MR04 MR12 MR14 MR07
6706,9,24,23,0.9583333333333334,MR13 MR10 MR02 MR11 MR14 MR04 MR06 MR07 MR12
6707,9,20,19,0.95,MR12 MR10 MR02 MR11 MR07 MR14 MR04 MR13 MR06
6708,8,22,17,0.7727272727272727,MR13 MR10 MR02 MR11 MR07 MR12 MR04 MR06
6709,8,25,21,0.84,MR12 MR10 MR11 MR02 MR13 MR06 MR04 MR07
6710,9,25,24,0.96,MR13 MR10 MR02 MR14 MR06 MR11 MR04 MR07 MR12
6711,9,24,23,0.9583333333333334,MR12 MR10 MR02 MR11 MR13 MR06 MR04 MR07 MR14
6712,9,22,20,0.9090909090909091,MR13 MR10 MR02 MR07 MR06 MR04 MR11 MR12 MR14
6713,9,29,28,0.9655172413793104,MR13 MR10 MR11 MR02 MR12 MR14 MR04 MR07 MR06
6714,9,26,25,0.9615384615384616,MR13 MR10 MR02 MR11 MR14 MR07 MR12 MR04 MR06
6715,9,24,23,0.9583333333333334,MR13 MR10 MR02 MR11 MR06 MR04 MR07 MR12 MR14
6716,9,25,23,0.92,MR12 MR10 MR02 MR11 MR04 MR06 MR07 MR13 MR14
6717,8,23,18,0.782608695652174,MR13 MR10 MR11 MR02 MR04 MR07 MR12 MR14
6718,9,26,26,1.0,MR13 MR10 MR02 MR11 MR07 MR04 MR06 MR14 MR12
6719,9,26,25,0.9615384615384616,MR13 MR10 MR02 MR11 MR04 MR06 MR07 MR12 MR14
6720,8,24,19,0.7916666666666666,MR13 MR10 MR02 MR14 MR06 MR07 MR11 MR04
6721,9,20,20,1.0,MR13 MR10 MR11 MR02 MR14 MR04 MR12 MR06 MR07
6722,9,26,25,0.9615384615384616,MR13 MR10 MR11 MR02 MR04 MR06 MR14 MR07 MR12
6723,9,25,24,0.96,MR13 MR10 MR02 MR11 MR06 MR04 MR12 MR07 MR14
6724,9,20,19,0.95,MR12 MR10 MR11 MR02 MR13 MR04 MR07 MR14 MR06
6725,8,27,23,0.8518518518518519,MR13 MR10 MR02 MR11 MR06 MR04 MR07 MR12
6726,9,18,17,0.9444444444444444,MR13 MR10 MR11 MR02 MR04 MR12 MR14 MR06 MR07
6727,9,23,22,0.9565217391304348,MR13 MR10 MR11 MR02 MR04 MR07 MR12 MR14 MR06
6728,9,22,22,1.0,MR13 MR10 MR02 MR11 MR07 MR04 MR14 MR06 MR12
6729,9,24,23,0.9583333333333334,MR13 MR10 MR11 MR02 MR12 MR07 MR04 MR14 MR06
6730,9,22,22,1.0,MR13 MR10 MR11 MR02 MR12 MR04 MR07 MR06 MR14
6731,9,25,25,1.0,MR12 MR10 MR11 MR02 MR13 MR04 MR06 MR14 MR07
6732,8,24,20,0.8333333333333334,MR13 MR10 MR11 MR02 MR14 MR07 MR04 MR12
6733,9,21,20,0.9523809523809523,MR13 MR10 MR11 MR02 MR14 MR06 MR04 MR12 MR07
6734,9,25,25,1.0,MR13 MR10 MR11 MR02 MR04 MR06 MR12 MR14 MR07
6735,9,25,24,0.96,MR13 MR10 MR02 MR11 MR06 MR14 MR04 MR07 MR12
6736,9,27,26,0.9629629629629629,MR13 MR10 MR02 MR11 MR14 MR04 MR06 MR07 MR12
6737,9,23,22,0.9565217391304348,MR12 MR10 MR02 MR11 MR13 MR07 MR04 MR14 MR06
6738,9,26,25,0.9615384615384616,MR13 MR10 MR02 MR11 MR14 MR07 MR04 MR06 MR12
6739,9,25,24,0.96,MR13 MR10 MR02 MR06 MR11 MR04 MR14 MR07 MR12
6740,9,27,26,0.9629629629629629,MR07 MR10 MR02 MR11 MR13 MR04 MR14 MR12 MR06
6741,9,24,23,0.9583333333333334,MR13 MR10 MR11 MR02 MR14 MR04 MR07 MR06 MR12
6742,8,29,25,0.8620689655172413,MR13 MR10 MR11 MR02 MR07 MR12 MR04 MR14
6743,9,26,25,0.9615384615384616,MR12 MR10 MR11 MR02 MR13 MR04 MR06 MR14 MR07
6744,8,26,22,0.8461538461538461,MR13 MR10 MR02 MR11 MR06 MR14 MR04 MR07
6745,9,24,24,1.0,MR13 MR10 MR02 MR11 MR06 MR14 MR04 MR07 MR12
6746,9,28,27,0.9642857142857143,MR13 MR10 MR11 MR02 MR04 MR12 MR06 MR07 MR14
6747,9,25,24,0.96,MR13 MR10 MR02 MR11 MR06 MR04 MR07 MR12 MR14
6748,9,24,23,0.9583333333333334,MR13 MR10 MR02 MR11 MR06 MR04 MR14 MR07 MR12
6749,9,23,23,1.0,MR13 MR10 MR02 MR07 MR06 MR04 MR12 MR14 MR11
6750,9,25,24,0.96,MR13 MR10 MR02 MR11 MR06 MR04 MR12 MR14 MR07
6751,9,27,25,0.9259259259259259,MR13 MR10 MR06 MR02 MR14 MR12 MR04 MR11 MR07
6752,9,25,23,0.92,MR13 MR10 MR02 MR11 MR14 MR04 MR06 MR07 MR12
6753,9,22,21,0.9545454545454546,MR13 MR10 MR02 MR06 MR11 MR04 MR14 MR07 MR12
6754,9,23,22,0.9565217391304348,MR13 MR10 MR11 MR02 MR14 MR12 MR04 MR06 MR07
6755,9,21,17,0.8095238095238095,MR12 MR10 MR11 MR02 MR04 MR06 MR14 MR05 MR07
6756,9,23,22,0.9565217391304348,MR13 MR10 MR11 MR02 MR07 MR14 MR04 MR12 MR06
6757,9,27,26,0.9629629629629629,MR13 MR10 MR11 MR02 MR04 MR07 MR06 MR12 MR14
6758,9,19,18,0.9473684210526315,MR13 MR10 MR02 MR06 MR11 MR04 MR07 MR12 MR14
6759,9,29,28,0.9655172413793104,MR13 MR10 MR02 MR11 MR12 MR14 MR04 MR06 MR07
6760,8,21,17,0.8095238095238095,MR13 MR10 MR11 MR02 MR06 MR12 MR14 MR04
6761,9,28,27,0.9642857142857143,MR13 MR10 MR02 MR07 MR11 MR14 MR04 MR06 MR12
6762,9,22,21,0.9545454545454546,MR13 MR10 MR11 MR02 MR04 MR07 MR14 MR06 MR12
6763,9,28,27,0.9642857142857143,MR12 MR10 MR02 MR11 MR06 MR13 MR04 MR14 MR07
6764,9,23,22,0.9565217391304348,MR13 MR10 MR02 MR11 MR07 MR14 MR04 MR06 MR12
6765,9,24,23,0.9583333333333334,MR13 MR10 MR11 MR02 MR04 MR07 MR14 MR12 MR06
6766,8,27,23,0.8518518518518519,MR12 MR10 MR02 MR13 MR07 MR11 MR04 MR06
6767,9,25,24,0.96,MR13 MR10 MR11 MR02 MR04 MR14 MR06 MR07 MR12
6768,9,24,24,1.0,MR13 MR10 MR02 MR07 MR14 MR04 MR06 MR11 MR12
6769,9,25,24,0.96,MR13 MR10 MR11 MR02 MR12 MR04 MR06 MR14 MR07
6770,9,22,21,0.9545454545454546,MR13 MR10 MR02 MR07 MR06 MR12 MR04 MR11 MR14
6771,9,23,22,0.9565217391304348,MR13 MR10 MR11 MR02 MR14 MR04 MR06 MR12 MR07
6772,9,24,24,1.0,MR13 MR10 MR02 MR06 MR12 MR04 MR07 MR11 MR14
6773,9,24,23,0.9583333333333334,MR13 MR10 MR11 MR02 MR12 MR04 MR14 MR06 MR07
6774,9,21,20,0.9523809523809523,MR13 MR10 MR02 MR11 MR06 MR04 MR12 MR14 MR07
6775,9,20,19,0.95,MR13 MR10 MR02 MR06 MR11 MR04 MR14 MR07 MR12
6776,9,23,22,0.9565217391304348,MR13 MR10 MR11 MR02 MR14 MR04 MR07 MR06 MR12
6777,9,26,24,0.9230769230769231,MR06 MR10 MR02 MR12 MR13 MR04 MR11 MR07 MR14
6778,9,23,22,0.9565217391304348,MR13 MR10 MR02 MR11 MR12 MR06 MR04 MR07 MR14
6779,9,24,23,0.9583333333333334,MR12 MR10 MR11 MR02 MR07 MR13 MR04 MR14 MR06
6780,9,26,25,0.9615384615384616,MR12 MR10 MR02 MR11 MR07 MR04 MR13 MR14 MR06
6781,9,28,27,0.9642857142857143,MR13 MR10 MR02 MR07 MR11 MR12 MR04 MR06 MR14
6782,9,25,25,1.0,MR12 MR10 MR11 MR02 MR13 MR04 MR14 MR07 MR06
6783,9,22,21,0.9545454545454546,MR13 MR10 MR11 MR02 MR12 MR04 MR07 MR06 MR14
6784,9,23,23,1.0,MR13 MR10 MR02 MR11 MR14 MR07 MR04 MR06 MR12
6785,9,26,22,0.8461538461538461,MR07 MR10 MR02 MR12 MR14 MR04 MR05 MR11 MR06
6786,9,25,24,0.96,MR13 MR10 MR07 MR02 MR14 MR04 MR11 MR12 MR06
6787,8,26,22,0.8461538461538461,MR13 MR10 MR11 MR02 MR12 MR04 MR06 MR14
6788,9,23,22,0.9565217391304348,MR13 MR10 MR11 MR02 MR06 MR04 MR12 MR14 MR07
6789,9,21,20,0.9523809523809523,MR13 MR10 MR11 MR02 MR04 MR06 MR14 MR07 MR12
6790,9,27,26,0.9629629629629629,MR13 MR10 MR11 MR02 MR14 MR06 MR04 MR12 MR07
6791,9,23,22,0.9565217391304348,MR13 MR10 MR02 MR11 MR04 MR06 MR07 MR12 MR14
6792,8,26,22,0.8461538461538461,MR13 MR10 MR11 MR02 MR06 MR04 MR12 MR14
6793,9,24,23,0.9583333333333334,MR13 MR10 MR02 MR11 MR12 MR04 MR06 MR07 MR14
6794,9,24,23,0.9583333333333334,MR13 MR10 MR02 MR11 MR14 MR07 MR04 MR06 MR12
6795,9,28,26,0.9285714285714286,MR13 MR10 MR11 MR02 MR12 MR04 MR07 MR06 MR14
6796,9,26,25,0.9615384615384616,MR13 MR10 MR02 MR11 MR07 MR04 MR12 MR06 MR14
6797,8,29,26,0.896551724137931,MR12 MR10 MR11 MR02 MR14 MR07 MR04 MR13
6798,9,23,22,0.9565217391304348,MR13 MR10 MR02 MR11 MR04 MR06 MR07 MR14 MR12
6799,9,20,19,0.95,MR12 MR10 MR11 MR02 MR14 MR04 MR07 MR13 MR06
6800,9,24,23,0.9583333333333334,MR13 MR10 MR11 MR02 MR12 MR04 MR07 MR14 MR06
6801,9,23,22,0.9565217391304348,MR13 MR10 MR11 MR02 MR14 MR12 MR04 MR06 MR07
6802,9,25,25,1.0,MR13 MR10 MR02 MR14 MR06 MR07 MR11 MR04 MR12
6803,9,24,23,0.9583333333333334,MR13 MR10 MR11 MR02 MR04 MR07 MR06 MR12 MR14
6804,8,19,16,0.8421052631578947,MR13 MR10 MR11 MR02 MR04 MR06 MR12 MR14
6805,9,18,17,0.9444444444444444,MR13 MR10 MR11 MR02 MR06 MR04 MR12 MR14 MR07
6806,9,29,29,1.0,MR13 MR10 MR11 MR02 MR04 MR06 MR07 MR12 MR14
6807,8,26,22,0.8461538461538461,MR12 MR10 MR11 MR13 MR02 MR04 MR06 MR07
6808,9,26,25,0.9615384615384616,MR13 MR10 MR02 MR07 MR11 MR14 MR04 MR06 MR12
6809,8,24,20,0.8333333333333334,MR13 MR10 MR11 MR02 MR04 MR12 MR14 MR06
6810,9,26,23,0.8846153846153846,MR05 MR10 MR02 MR11 MR06 MR04 MR07 MR12 MR14
6811,8,22,18,0.8181818181818182,MR12 MR10 MR02 MR11 MR06 MR13 MR04 MR07
6812,9,24,23,0.9583333333333334,MR13 MR10 MR02 MR11 MR14 MR04 MR06 MR07 MR12
6813,9,25,25,1.0,MR12 MR10 MR02 MR11 MR06 MR13 MR04 MR14 MR07
6814,9,23,23,1.0,MR13 MR10 MR02 MR06 MR07 MR04 MR11 MR12 MR14
6815,9,25,24,0.96,MR14 MR10 MR11 MR02 MR13 MR04 MR06 MR07 MR12
6816,9,27,26,0.9629629629629629,MR12 MR10 MR02 MR07 MR06 MR13 MR04 MR11 MR14
6817,9,25,24,0.96,MR12 MR10 MR11 MR02 MR07 MR04 MR13 MR14 MR06
6818,9,22,21,0.9545454545454546,MR14 MR10 MR02 MR07 MR11 MR13 MR04 MR12 MR06
6819,9,25,23,0.92,MR13 MR10 MR11 MR02 MR04 MR07 MR14 MR06 MR12
6820,9,25,24,0.96,MR13 MR10 MR02 MR06 MR11 MR12 MR04 MR14 MR07
6821,9,25,25,1.0,MR13 MR10 MR02 MR11 MR14 MR07 MR04 MR06 MR12
6822,9,28,27,0.9642857142857143,MR13 MR10 MR02 MR11 MR12 MR07 MR04 MR06 MR14
6823,9,28,26,0.9285714285714286,MR13 MR10 MR02 MR07 MR11 MR04 MR06 MR14 MR12
6824,9,24,23,0.9583333333333334,MR12 MR10 MR02 MR06 MR13 MR11 MR04 MR07 MR14
6825,9,24,23,0.9583333333333334,MR13 MR10 MR11 MR02 MR07 MR04 MR12 MR14 MR06
6826,9,22,22,1.0,MR13 MR10 MR02 MR06 MR14 MR04 MR07 MR11 MR12
6827,9,23,22,0.9565217391304348,MR13 MR10 MR02 MR06 MR11 MR04 MR14 MR12 MR07
6828,9,28,27,0.9642857142857143,MR13 MR10 MR02 MR07 MR11 MR04 MR14 MR06 MR12
6829,9,26,25,0.9615384615384616,MR13 MR10 MR11 MR02 MR14 MR04 MR06 MR07 MR12
6830,9,25,24,0.96,MR13 MR10 MR11 MR02 MR04 MR06 MR07 MR12 MR14
6831,9,22,22,1.0,MR13 MR10 MR02 MR06 MR07 MR14 MR04 MR11 MR12
6832,9,26,25,0.9615384615384616,MR13 MR10 MR02 MR06 MR11 MR04 MR12 MR14 MR07
6833,9,23,22,0.9565217391304348,MR13 MR10 MR02 MR11 MR12 MR04 MR06 MR07 MR14
6834,9,23,22,0.9565217391304348,MR13 MR10 MR11 MR02 MR14 MR04 MR06 MR07 MR12
6835,9,25,24,0.96,MR12 MR10 MR02 MR11 MR13 MR07 MR04 MR06 MR14
6836,9,24,23,0.9583333333333334,MR13 MR10 MR02 MR11 MR14 MR07 MR04 MR06 MR12
6837,8,24,21,0.875,MR12 MR10 MR11 MR02 MR13 MR04 MR06 MR14
6838,8,24,20,0.8333333333333334,MR13 MR10 MR11 MR02 MR06 MR04 MR12 MR14
6839,9,17,16,0.9411764705882353,MR12 MR10 MR02 MR11 MR06 MR13 MR04 MR07 MR14
6840,9,21,20,0.9523809523809523,MR12 MR10 MR11 MR02 MR13 MR04 MR06 MR07 MR14
6841,9,25,24,0.96,MR13 MR10 MR02 MR07 MR11 MR04 MR12 MR06 MR14
6842,9,24,24,1.0,MR12 MR10 MR11 MR02 MR13 MR04 MR07 MR14 MR06
6843,9,23,23,1.0,MR13 MR10 MR11 MR02 MR12 MR04 MR14 MR06 MR07
6844,9,24,23,0.9583333333333334,MR13 MR10 MR02 MR07 MR06 MR14 MR04 MR11 MR12
6845,9,25,24,0.96,MR13 MR10 MR02 MR07 MR11 MR04 MR06 MR12 MR14
6846,9,25,23,0.92,MR13 MR10 MR11 MR02 MR14 MR04 MR06 MR12 MR07
6847,9,22,21,0.9545454545454546,MR06 MR10 MR02 MR13 MR11 MR04 MR07 MR12 MR14
6848,9,23,19,0.8260869565217391,MR05 MR10 MR02 MR06 MR11 MR04 MR07 MR12 MR14
6849,9,26,25,0.9615384615384616,MR13 MR10 MR02 MR06 MR12 MR14 MR04 MR07 MR11
6850,8,29,24,0.8275862068965517,MR12 MR10 MR11 MR02 MR13 MR04 MR06 MR07
6851,9,23,22,0.9565217391304348,MR13 MR10 MR02 MR11 MR04 MR06 MR07 MR12 MR14
6852,9,22,20,0.9090909090909091,MR13 MR10 MR02 MR11 MR06 MR04 MR07 MR14 MR12
6853,9,33,32,0.9696969696969697,MR12 MR10 MR06 MR02 MR04 MR07 MR11 MR13 MR14
6854,9,23,23,1.0,MR12 MR10 MR02 MR07 MR11 MR14 MR04 MR06 MR13
6855,9,26,25,0.9615384615384616,MR12 MR10 MR11 MR02 MR06 MR04 MR14 MR13 MR07
6856,9,28,27,0.9642857142857143,MR13 MR10 MR02 MR11 MR06 MR12 MR04 MR14 MR07
6857,9,25,24,0.96,MR13 MR10 MR11 MR02 MR14 MR04 MR06 MR12 MR07
6858,9,25,24,0.96,MR13 MR10 MR02 MR11 MR04 MR06 MR07 MR14 MR12
6859,9,22,22,1.0,MR13 MR10 MR02 MR06 MR11 MR04 MR14 MR07 MR12
6860,9,25,25,1.0,MR12 MR10 MR07 MR02 MR13 MR11 MR04 MR14 MR06
6861,9,25,21,0.84,MR12 MR10 MR02 MR07 MR11 MR14 MR04 MR05 MR06
6862,9,26,25,0.9615384615384616,MR13 MR10 MR02 MR07 MR11 MR12 MR04 MR14 MR06
6863,9,22,21,0.9545454545454546,MR13 MR10 MR11 MR02 MR04 MR07 MR12 MR06 MR14
6864,9,19,18,0.9473684210526315,MR13 MR10 MR02 MR06 MR11 MR12 MR04 MR07 MR14
6865,9,23,22,0.9565217391304348,MR13 MR10 MR02 MR06 MR11 MR12 MR04 MR14 MR07
6866,9,20,19,0.95,MR13 MR10 MR02 MR11 MR06 MR04 MR07 MR12 MR14
6867,9,23,23,1.0,MR13 MR10 MR02 MR11 MR06 MR04 MR14 MR07 MR12
6868,9,24,23,0.9583333333333334,MR13 MR10 MR11 MR02 MR07 MR04 MR12 MR14 MR06
6869,9,30,29,0.9666666666666667,MR13 MR10 MR02 MR11 MR04 MR06 MR07 MR12 MR14
6870,9,21,17,0.8095238095238095,MR12 MR10 MR02 MR06 MR11 MR05 MR04 MR07 MR14
6871,9,25,24,0.96,MR13 MR10 MR11 MR02 MR14 MR04 MR12 MR06 MR07
6872,9,25,24,0.96,MR12 MR10 MR11 MR02 MR13 MR04 MR06 MR14 MR07
6873,9,23,21,0.9130434782608695,MR13 MR10 MR02 MR11 MR06 MR14 MR04 MR12 MR07
6874,9,18,18,1.0,MR13 MR10 MR02 MR07 MR12 MR11 MR04 MR06 MR14
6875,9,26,26,1.0,MR13 MR10 MR11 MR02 MR14 MR04 MR06 MR07 MR12
6876,9,22,21,0.9545454545454546,MR13 MR10 MR07 MR02 MR11 MR04 MR12 MR14 MR06
6877,9,23,23,1.0,MR13 MR10 MR02 MR06 MR11 MR12 MR04 MR07 MR14
6878,8,24,21,0.875,MR13 MR10 MR02 MR11 MR06 MR12 MR04 MR07
6879,9,24,23,0.9583333333333334,MR13 MR10 MR06 MR02 MR11 MR04 MR14 MR07 MR12
6880,9,21,19,0.9047619047619048,MR13 MR10 MR02 MR11 MR12 MR14 MR04 MR06 MR07
6881,9,25,24,0.96,MR13 MR10 MR11 MR02 MR04 MR06 MR12 MR14 MR07
6882,9,24,22,0.9166666666666666,MR13 MR10 MR02 MR11 MR07 MR04 MR14 MR12 MR06
6883,9,25,24,0.96,MR14 MR10 MR11 MR02 MR12 MR04 MR06 MR07 MR13
6884,9,20,19,0.95,MR13 MR10 MR02 MR11 MR07 MR04 MR06 MR14 MR12
6885,9,20,20,1.0,MR13 MR10 MR11 MR02 MR04 MR06 MR14 MR07 MR12
6886,9,26,25,0.9615384615384616,MR13 MR10 MR11 MR02 MR12 MR04 MR14 MR06 MR07
6887,9,24,22,0.9166666666666666,MR13 MR10 MR02 MR07 MR11 MR04 MR06 MR14 MR12
6888,9,22,21,0.9545454545454546,MR13 MR10 MR02 MR11 MR07 MR04 MR06 MR14 MR12
6889,9,23,22,0.9565217391304348,MR13 MR10 MR02 MR11 MR07 MR04 MR12 MR14 MR06
6890,9,26,22,0.8461538461538461,MR05 MR10 MR11 MR02 MR14 MR04 MR06 MR07 MR12
6891,9,29,28,0.9655172413793104,MR12 MR10 MR02 MR11 MR07 MR14 MR04 MR06 MR13
6892,9,27,23,0.8518518518518519,MR14 MR10 MR11 MR02 MR04 MR12 MR05 MR06 MR07
6893,8,28,24,0.8571428571428571,MR13 MR10 MR11 MR02 MR07 MR04 MR14 MR12
6894,9,22,22,1.0,MR13 MR10 MR02 MR06 MR11 MR04 MR14 MR07 MR12
6895,9,29,28,0.9655172413793104,MR13 MR10 MR07 MR02 MR11 MR04 MR12 MR14 MR06
6896,9,25,24,0.96,MR13 MR10 MR02 MR11 MR07 MR12 MR04 MR06 MR14
6897,9,23,22,0.9565217391304348,MR13 MR10 MR11 MR02 MR14 MR04 MR07 MR06 MR12
6898,9,23,22,0.9565217391304348,MR13 MR10 MR02 MR11 MR07 MR04 MR06 MR14 MR12
6899,9,22,21,0.9545454545454546,MR13 MR10 MR02 MR07 MR11 MR04 MR06 MR12 MR14
6900,8,28,24,0.8571428571428571,MR13 MR10 MR11 MR02 MR14 MR12 MR04 MR07
6901,9,22,22,1.0,MR13 MR10 MR02 MR11 MR07 MR04 MR14 MR06 MR12
6902,9,23,21,0.9130434782608695,MR13 MR10 MR07 MR02 MR04 MR11 MR06 MR12 MR14
6903,9,25,25,1.0,MR13 MR10 MR11 MR02 MR04 MR06 MR14 MR07 MR12
6904,9,22,21,0.9545454545454546,MR12 MR10 MR11 MR02 MR13 MR04 MR07 MR14 MR06
6905,9,27,26,0.9629629629629629,MR13 MR10 MR11 MR02 MR14 MR04 MR12 MR06 MR07
6906,9,24,23,0.9583333333333334,MR13 MR10 MR02 MR11 MR12 MR04 MR06 MR07 MR14
6907,9,24,23,0.9583333333333334,MR13 MR10 MR11 MR02 MR14 MR04 MR12 MR06 MR07
6908,9,25,24,0.96,MR12 MR10 MR02 MR06 MR07 MR13 MR04 MR11 MR14
6909,9,23,22,0.9565217391304348,MR13 MR10 MR02 MR06 MR11 MR12 MR04 MR07 MR14
6910,8,20,16,0.8,MR13 MR10 MR11 MR02 MR07 MR14 MR04 MR12
6911,9,23,22,0.9565217391304348,MR13 MR10 MR11 MR02 MR04 MR07 MR14 MR06 MR12
6912,8,31,27,0.8709677419354839,MR13 MR10 MR11 MR02 MR07 MR14 MR04 MR12
6913,9,22,17,0.7727272727272727,MR05 MR10 MR02 MR11 MR06 MR04 MR07 MR12 MR14
6914,9,28,27,0.9642857142857143,MR07 MR10 MR02 MR14 MR12 MR04 MR11 MR13 MR06
6915,9,15,14,0.9333333333333333,MR13 MR10 MR02 MR11 MR04 MR06 MR07 MR12 MR14
6916,9,21,20,0.9523809523809523,MR12 MR10 MR02 MR11 MR13 MR04 MR06 MR07 MR14
6917,9,27,27,1.0,MR13 MR10 MR11 MR02 MR07 MR12 MR04 MR14 MR06
6918,9,25,24,0.96,MR13 MR10 MR11 MR02 MR12 MR04 MR14 MR06 MR07
6919,9,24,23,0.9583333333333334,MR13 MR10 MR02 MR11 MR06 MR14 MR04 MR07 MR12
6920,9,22,18,0.8181818181818182,MR12 MR10 MR11 MR02 MR06 MR14 MR04 MR05 MR07
6921,9,27,25,0.9259259259259259,MR13 MR10 MR11 MR02 MR07 MR14 MR04 MR12 MR06
6922,9,25,25,1.0,MR13 MR10 MR11 MR02 MR12 MR04 MR07 MR06 MR14
6923,9,29,28,0.9655172413793104,MR13 MR10 MR11 MR02 MR12 MR04 MR06 MR14 MR07
6924,9,20,19,0.95,MR13 MR10 MR02 MR11 MR12 MR06 MR04 MR07 MR14
6925,9,25,24,0.96,MR14 MR10 MR02 MR11 MR13 MR12 MR07 MR04 MR06
6926,9,23,23,1.0,MR13 MR10 MR02 MR07 MR12 MR11 MR04 MR06 MR14
6927,9,21,20,0.9523809523809523,MR13 MR10 MR02 MR11 MR06 MR04 MR12 MR07 MR14
6928,9,23,19,0.8260869565217391,MR12 MR10 MR02 MR11 MR06 MR04 MR07 MR05 MR14
6929,9,23,22,0.9565217391304348,MR13 MR10 MR02 MR11 MR07 MR14 MR04 MR12 MR06
6930,9,21,21,1.0,MR13 MR10 MR02 MR11 MR06 MR04 MR12 MR14 MR07
6931,9,20,20,1.0,MR13 MR10 MR02 MR06 MR07 MR11 MR14 MR04 MR12
6932,9,22,22,1.0,MR13 MR10 MR02 MR11 MR12 MR07 MR14 MR04 MR06
6933,9,21,20,0.9523809523809523,MR13 MR10 MR02 MR11 MR14 MR07 MR04 MR06 MR12
6934,9,21,20,0.9523809523809523,MR13 MR10 MR11 MR02 MR04 MR14 MR06 MR12 MR07
6935,8,24,20,0.8333333333333334,MR13 MR10 MR02 MR06 MR11 MR14 MR04 MR07
6936,9,26,25,0.9615384615384616,MR12 MR10 MR02 MR11 MR07 MR14 MR04 MR06 MR13
6937,8,22,18,0.8181818181818182,MR13 MR10 MR02 MR11 MR06 MR04 MR07 MR14
6938,9,27,26,0.9629629629629629,MR12 MR10 MR11 MR02 MR14 MR04 MR07 MR13 MR06
6939,9,21,20,0.9523809523809523,MR13 MR10 MR11 MR02 MR12 MR07 MR04 MR14 MR06
6940,9,26,25,0.9615384615384616,MR13 MR10 MR11 MR02 MR04 MR07 MR14 MR06 MR12
6941,9,25,24,0.96,MR13 MR10 MR06 MR02 MR12 MR04 MR07 MR11 MR14
6942,9,27,26,0.9629629629629629,MR13 MR10 MR02 MR07 MR14 MR11 MR04 MR12 MR06
6943,9,25,24,0.96,MR13 MR10 MR02 MR06 MR11 MR04 MR07 MR12 MR14
6944,9,26,25,0.9615384615384616,MR13 MR10 MR02 MR11 MR06 MR12 MR04 MR07 MR14
6945,9,21,19,0.9047619047619048,MR13 MR10 MR02 MR11 MR06 MR04 MR07 MR12 MR14
6946,9,22,20,0.9090909090909091,MR12 MR10 MR11 MR02 MR14 MR07 MR04 MR13 MR06
6947,9,20,19,0.95,MR13 MR10 MR02 MR11 MR04 MR06 MR07 MR12 MR14
6948,8,23,19,0.8260869565217391,MR13 MR10 MR02 MR11 MR04 MR06 MR07 MR12
6949,9,27,26,0.9629629629629629,MR13 MR10 MR02 MR11 MR07 MR04 MR12 MR14 MR06
6950,9,25,24,0.96,MR13 MR10 MR02 MR11 MR07 MR04 MR06 MR14 MR12
6951,9,23,23,1.0,MR12 MR10 MR02 MR07 MR11 MR13 MR04 MR14 MR06
6952,9,23,23,1.0,MR13 MR10 MR02 MR07 MR11 MR12 MR04 MR06 MR14
6953,9,27,26,0.9629629629629629,MR13 MR10 MR02 MR06 MR11 MR12 MR04 MR07 MR14
6954,9,29,29,1.0,MR13 MR10 MR02 MR07 MR11 MR04 MR06 MR14 MR12
6955,9,24,22,0.9166666666666666,MR13 MR10 MR02 MR11 MR07 MR12 MR04 MR06 MR14
6956,8,24,20,0.8333333333333334,MR13 MR10 MR02 MR06 MR11 MR04 MR07 MR12
6957,9,24,23,0.9583333333333334,MR13 MR10 MR02 MR11 MR06 MR14 MR04 MR07 MR12
6958,9,25,24,0.96,MR13 MR10 MR11 MR02 MR14 MR04 MR07 MR06 MR12
6959,9,22,20,0.9090909090909091,MR13 MR10 MR02 MR06 MR12 MR04 MR07 MR11 MR14
6960,9,25,23,0.92,MR13 MR10 MR11 MR02 MR14 MR04 MR07 MR12 MR06
6961,8,23,17,0.7391304347826086,MR12 MR10 MR06 MR02 MR14 MR04 MR07 MR11
6962,9,19,18,0.9473684210526315,MR13 MR10 MR02 MR11 MR07 MR04 MR06 MR14 MR12
6963,9,28,27,0.9642857142857143,MR13 MR10 MR02 MR11 MR06 MR04 MR12 MR14 MR07
6964,9,30,29,0.9666666666666667,MR12 MR10 MR02 MR11 MR07 MR13 MR04 MR06 MR14
6965,9,25,23,0.92,MR12 MR10 MR02 MR06 MR11 MR13 MR04 MR07 MR14
6966,9,22,18,0.8181818181818182,MR05 MR10 MR02 MR11 MR06 MR14 MR04 MR07 MR12
6967,9,24,23,0.9583333333333334,MR13 MR10 MR11 MR02 MR04 MR06 MR12 MR07 MR14
6968,9,23,21,0.9130434782608695,MR13 MR10 MR02 MR06 MR11 MR04 MR12 MR07 MR14
6969,9,26,24,0.9230769230769231,MR13 MR10 MR02 MR06 MR07 MR11 MR04 MR14 MR12
6970,9,26,25,0.9615384615384616,MR06 MR10 MR02 MR14 MR13 MR12 MR04 MR11 MR07
6971,9,28,26,0.9285714285714286,MR13 MR10 MR02 MR14 MR06 MR07 MR11 MR04 MR12
6972,9,25,25,1.0,MR12 MR10 MR11 MR13 MR02 MR06 MR04 MR14 MR07
6973,9,25,24,0.96,MR12 MR10 MR11 MR02 MR13 MR04 MR07 MR14 MR06
6974,9,23,22,0.9565217391304348,MR13 MR10 MR11 MR02 MR14 MR04 MR07 MR06 MR12
6975,9,23,22,0.9565217391304348,MR13 MR10 MR02 MR06 MR11 MR04 MR14 MR07 MR12
6976,9,21,18,0.8571428571428571,MR05 MR10 MR02 MR14 MR06 MR07 MR11 MR04 MR12
6977,9,24,23,0.9583333333333334,MR13 MR10 MR11 MR02 MR12 MR04 MR07 MR14 MR06
6978,9,22,21,0.9545454545454546,MR12 MR10 MR11 MR02 MR13 MR04 MR06 MR14 MR07
6979,8,25,21,0.84,MR13 MR10 MR11 MR02 MR07 MR04 MR12 MR06
6980,9,28,27,0.9642857142857143,MR13 MR10 MR11 MR02 MR07 MR14 MR04 MR12 MR06
6981,9,25,25,1.0,MR13 MR10 MR11 MR02 MR14 MR04 MR06 MR07 MR12
6982,9,26,26,1.0,MR13 MR10 MR02 MR11 MR04 MR06 MR07 MR12 MR14
6983,9,25,24,0.96,MR12 MR10 MR02 MR11 MR06 MR13 MR04 MR07 MR14
6984,9,27,26,0.9629629629629629,MR13 MR10 MR02 MR11 MR07 MR04 MR12 MR14 MR06
6985,9,25,23,0.92,MR13 MR10 MR02 MR11 MR07 MR04 MR12 MR06 MR14
6986,9,31,30,0.967741935483871,MR13 MR10 MR02 MR11 MR07 MR04 MR06 MR12 MR14
6987,9,24,23,0.9583333333333334,MR12 MR10 MR02 MR11 MR07 MR13 MR04 MR06 MR14
6988,9,20,20,1.0,MR12 MR10 MR02 MR06 MR11 MR13 MR04 MR07 MR14
6989,8,28,24,0.8571428571428571,MR13 MR10 MR11 MR02 MR07 MR04 MR12 MR14
6990,9,23,22,0.9565217391304348,MR13 MR10 MR02 MR11 MR14 MR04 MR06 MR07 MR12
6991,9,24,22,0.9166666666666666,MR13 MR10 MR11 MR02 MR04 MR07 MR14 MR06 MR12
6992,9,28,27,0.9642857142857143,MR12 MR10 MR02 MR11 MR06 MR04 MR13 MR14 MR07
6993,9,21,20,0.9523809523809523,MR13 MR10 MR02 MR11 MR12 MR07 MR04 MR14 MR06
6994,8,28,24,0.8571428571428571,MR13 MR10 MR02 MR11 MR06 MR04 MR07 MR14
6995,9,20,19,0.95,MR13 MR10 MR11 MR02 MR04 MR07 MR14 MR06 MR12
6996,9,21,21,1.0,MR13 MR10 MR11 MR02 MR04 MR06 MR14 MR07 MR12
6997,9,27,27,1.0,MR13 MR10 MR02 MR11 MR14 MR04 MR06 MR07 MR12
6998,9,21,21,1.0,MR13 MR10 MR11 MR14 MR02 MR04 MR07 MR06 MR12
6999,9,24,23,0.9583333333333334,MR13 MR10 MR02 MR11 MR04 MR06 MR07 MR12 MR14
7000,8,24,17,0.7083333333333334,MR12 MR10 MR02 MR05 MR11 MR06 MR04 MR07
7001,9,23,22,0.9565217391304348,MR12 MR10 MR02 MR06 MR14 MR07 MR13 MR04 MR11
7002,9,21,20,0.9523809523809523,MR13 MR10 MR11 MR02 MR14 MR04 MR07 MR12 MR06
7003,9,18,18,1.0,MR12 MR10 MR02 MR11 MR13 MR04 MR06 MR07 MR14
7004,9,25,22,0.88,MR14 MR10 MR02 MR11 MR07 MR04 MR05 MR06 MR12
7005,9,26,25,0.9615384615384616,MR13 MR10 MR02 MR14 MR11 MR06 MR04 MR07 MR12
7006,8,29,26,0.896551724137931,MR13 MR10 MR02 MR11 MR06 MR12 MR04 MR07
7007,9,25,24,0.96,MR13 MR10 MR02 MR11 MR14 MR04 MR06 MR07 MR12
7008,9,21,21,1.0,MR13 MR10 MR11 MR02 MR14 MR04 MR06 MR07 MR12
7009,9,22,21,0.9545454545454546,MR13 MR10 MR02 MR06 MR11 MR12 MR04 MR07 MR14
7010,9,23,23,1.0,MR13 MR10 MR06 MR02 MR11 MR14 MR04 MR07 MR12
7011,9,26,24,0.9230769230769231,MR13 MR10 MR02 MR11 MR07 MR04 MR06 MR12 MR14
7012,9,25,24,0.96,MR13 MR10 MR11 MR02 MR04 MR07 MR06 MR12 MR14
7013,8,21,17,0.8095238095238095,MR13 MR10 MR02 MR11 MR12 MR07 MR04 MR06
7014,9,22,22,1.0,MR13 MR10 MR02 MR07 MR11 MR12 MR04 MR06 MR14
7015,9,25,25,1.0,MR13 MR10 MR11 MR02 MR04 MR14 MR12 MR06 MR07
7016,9,19,18,0.9473684210526315,MR13 MR10 MR02 MR11 MR12 MR04 MR06 MR07 MR14
7017,8,27,23,0.8518518518518519,MR13 MR10 MR02 MR07 MR11 MR04 MR06 MR14
7018,8,25,21,0.84,MR13 MR10 MR11 MR02 MR12 MR04 MR07 MR06
7019,8,29,25,0.8620689655172413,MR13 MR10 MR11 MR02 MR07 MR04 MR12 MR14
7020,9,23,22,0.9565217391304348,MR12 MR10 MR11 MR02 MR13 MR04 MR07 MR06 MR14
7021,9,23,21,0.9130434782608695,MR13 MR10 MR02 MR11 MR07 MR04 MR12 MR14 MR06
7022,9,24,23,0.9583333333333334,MR13 MR10 MR11 MR02 MR04 MR06 MR14 MR07 MR12
7023,8,25,22,0.88,MR13 MR10 MR11 MR02 MR06 MR14 MR04 MR12
7024,9,24,23,0.9583333333333334,MR13 MR10 MR02 MR12 MR06 MR07 MR11 MR04 MR14
7025,9,27,23,0.8518518518518519,MR12 MR10 MR11 MR02 MR04 MR05 MR06 MR07 MR14
7026,9,25,20,0.8,MR12 MR10 MR11 MR02 MR07 MR04 MR05 MR14 MR06
7027,9,24,24,1.0,MR13 MR10 MR02 MR11 MR07 MR04 MR06 MR12 MR14
7028,9,20,19,0.95,MR13 MR10 MR02 MR06 MR07 MR11 MR12 MR04 MR14
7029,9,25,24,0.96,MR13 MR10 MR11 MR02 MR14 MR04 MR07 MR06 MR12
7030,8,20,17,0.85,MR13 MR10 MR02 MR07 MR11 MR04 MR14 MR06
7031,9,25,25,1.0,MR13 MR10 MR02 MR06 MR07 MR11 MR14 MR04 MR12
7032,9,21,21,1.0,MR13 MR10 MR02 MR06 MR11 MR14 MR04 MR07 MR12
7033,9,22,21,0.9545454545454546,MR13 MR10 MR11 MR02 MR14 MR04 MR06 MR07 MR12
7034,9,22,21,0.9545454545454546,MR13 MR10 MR02 MR11 MR06 MR12 MR14 MR04 MR07
7035,9,27,26,0.9629629629629629,MR13 MR10 MR11 MR02 MR12 MR04 MR07 MR06 MR14
7036,9,24,23,0.9583333333333334,MR13 MR10 MR02 MR11 MR07 MR04 MR06 MR12 MR14
7037,9,28,27,0.9642857142857143,MR13 MR10 MR11 MR02 MR04 MR06 MR07 MR12 MR14
7038,9,25,25,1.0,MR13 MR10 MR11 MR02 MR04 MR06 MR12 MR07 MR14
7039,9,23,22,0.9565217391304348,MR12 MR10 MR02 MR07 MR11 MR13 MR04 MR06 MR14
7040,9,26,25,0.9615384615384616,MR13 MR10 MR02 MR11 MR14 MR04 MR06 MR07 MR12
7041,9,26,26,1.0,MR13 MR10 MR02 MR07 MR11 MR12 MR04 MR06 MR14
7042,9,29,28,0.9655172413793104,MR13 MR10 MR02 MR11 MR04 MR06 MR07 MR14 MR12
7043,9,23,21,0.9130434782608695,MR13 MR10 MR11 MR02 MR12 MR04 MR06 MR14 MR07
7044,9,22,22,1.0,MR13 MR10 MR11 MR02 MR07 MR04 MR14 MR06 MR12
7045,9,24,24,1.0,MR13 MR10 MR02 MR07 MR11 MR14 MR04 MR06 MR12
7046,9,24,23,0.9583333333333334,MR13 MR10 MR02 MR11 MR06 MR04 MR12 MR14 MR07
7047,9,29,27,0.9310344827586207,MR13 MR10 MR02 MR11 MR04 MR06 MR07 MR14 MR12
7048,9,25,23,0.92,MR13 MR10 MR02 MR06 MR07 MR11 MR12 MR04 MR14
7049,9,28,26,0.9285714285714286,MR13 MR10 MR02 MR07 MR12 MR06 MR04 MR14 MR11
7050,9,24,24,1.0,MR13 MR10 MR11 MR02 MR14 MR07 MR04 MR12 MR06
7051,9,23,23,1.0,MR13 MR10 MR02 MR11 MR04 MR06 MR07 MR12 MR14
7052,9,24,23,0.9583333333333334,MR12 MR10 MR02 MR11 MR07 MR13 MR04 MR14 MR06
7053,9,26,25,0.9615384615384616,MR13 MR10 MR02 MR11 MR07 MR04 MR06 MR14 MR12
7054,9,26,25,0.9615384615384616,MR13 MR10 MR11 MR02 MR04 MR06 MR12 MR14 MR07
7055,9,25,24,0.96,MR13 MR10 MR11 MR02 MR07 MR04 MR14 MR12 MR06
7056,9,25,24,0.96,MR12 MR10 MR11 MR02 MR04 MR07 MR14 MR06 MR13
7057,9,22,22,1.0,MR13 MR10 MR11 MR02 MR06 MR12 MR04 MR14 MR07
7058,9,23,22,0.9565217391304348,MR13 MR10 MR02 MR11 MR07 MR04 MR06 MR12 MR14
7059,9,23,21,0.9130434782608695,MR13 MR10 MR02 MR07 MR11 MR14 MR04 MR06 MR12
7060,9,25,24,0.96,MR13 MR10 MR11 MR02 MR04 MR06 MR07 MR12 MR14
7061,9,27,26,0.9629629629629629,MR12 MR10 MR02 MR06 MR11 MR04 MR07 MR14 MR13
7062,9,26,25,0.9615384615384616,MR12 MR10 MR11 MR02 MR13 MR04 MR06 MR14 MR07
7063,9,20,20,1.0,MR13 MR10 MR02 MR06 MR07 MR11 MR12 MR04 MR14
7064,9,19,18,0.9473684210526315,MR13 MR10 MR02 MR06 MR04 MR07 MR11 MR12 MR14
7065,9,20,19,0.95,MR12 MR10 MR11 MR02 MR06 MR14 MR04 MR13 MR07
7066,9,22,21,0.9545454545454546,MR13 MR10 MR02 MR06 MR11 MR14 MR04 MR07 MR12
7067,9,22,21,0.9545454545454546,MR13 MR10 MR02 MR07 MR11 MR04 MR12 MR14 MR06
7068,9,28,26,0.9285714285714286,MR13 MR10 MR11 MR02 MR07 MR04 MR14 MR12 MR06
7069,8,28,23,0.8214285714285714,MR13 MR10 MR11 MR02 MR14 MR04 MR06 MR07
7070,9,29,28,0.9655172413793104,MR13 MR10 MR11 MR02 MR14 MR04 MR07 MR12 MR06
7071,9,26,25,0.9615384615384616,MR12 MR10 MR02 MR07 MR13 MR06 MR04 MR11 MR14
7072,8,28,24,0.8571428571428571,MR13 MR10 MR11 MR02 MR07 MR04 MR14 MR12
7073,9,26,24,0.9230769230769231,MR13 MR10 MR11 MR02 MR14 MR04 MR06 MR12 MR07
7074,9,26,25,0.9615384615384616,MR13 MR10 MR02 MR07 MR11 MR04 MR06 MR12 MR14
7075,9,24,24,1.0,MR13 MR10 MR02 MR07 MR06 MR12 MR04 MR11 MR14
7076,9,20,18,0.9,MR13 MR10 MR02 MR06 MR11 MR14 MR04 MR12 MR07
7077,9,23,22,0.9565217391304348,MR13 MR10 MR02 MR11 MR14 MR04 MR06 MR07 MR12
7078,9,23,22,0.9565217391304348,MR13 MR10 MR11 MR02 MR12 MR04 MR14 MR06 MR07
7079,9,22,22,1.0,MR13 MR10 MR02 MR11 MR06 MR12 MR14 MR04 MR07
7080,8,22,19,0.8636363636363636,MR13 MR10 MR11 MR02 MR07 MR04 MR12 MR14
7081,9,25,24,0.96,MR13 MR10 MR02 MR06 MR11 MR04 MR07 MR12 MR14
7082,9,22,21,0.9545454545454546,MR12 MR10 MR11 MR02 MR13 MR04 MR06 MR14 MR07
7083,9,25,23,0.92,MR13 MR10 MR11 MR02 MR14 MR12 MR04 MR07 MR06
7084,9,26,25,0.9615384615384616,MR13 MR10 MR11 MR02 MR12 MR14 MR04 MR06 MR07
7085,9,21,20,0.9523809523809523,MR13 MR10 MR11 MR02 MR14 MR04 MR07 MR12 MR06
7086,9,25,25,1.0,MR13 MR10 MR11 MR02 MR04 MR06 MR12 MR14 MR07
7087,8,24,20,0.8333333333333334,MR13 MR10 MR02 MR11 MR07 MR04 MR06 MR14
7088,8,22,19,0.8636363636363636,MR13 MR10 MR11 MR02 MR04 MR07 MR06 MR12
7089,9,26,26,1.0,MR13 MR10 MR11 MR14 MR02 MR04 MR07 MR06 MR12
7090,9,19,18,0.9473684210526315,MR13 MR10 MR02 MR07 MR11 MR12 MR14 MR04 MR06
7091,9,25,23,0.92,MR12 MR10 MR02 MR06 MR07 MR11 MR13 MR04 MR14
7092,9,21,20,0.9523809523809523,MR12 MR10 MR11 MR02 MR14 MR04 MR07 MR13 MR06
7093,9,25,24,0.96,MR13 MR10 MR02 MR07 MR11 MR12 MR04 MR14 MR06
7094,8,27,24,0.8888888888888888,MR12 MR10 MR11 MR02 MR13 MR04 MR06 MR07
7095,9,21,20,0.9523809523809523,MR13 MR10 MR02 MR11 MR07 MR04 MR14 MR06 MR12
7096,9,28,27,0.9642857142857143,MR13 MR10 MR02 MR07 MR11 MR14 MR04 MR06 MR12
7097,9,19,19,1.0,MR13 MR10 MR02 MR11 MR07 MR14 MR04 MR06 MR12
7098,9,27,26,0.9629629629629629,MR13 MR10 MR11 MR02 MR04 MR06 MR14 MR07 MR12
7099,9,22,21,0.9545454545454546,MR13 MR10 MR11 MR02 MR14 MR06 MR04 MR12 MR07
7100,9,24,22,0.9166666666666666,MR13 MR10 MR11 MR02 MR06 MR14 MR04 MR12 MR07
7101,9,24,23,0.9583333333333334,MR13 MR10 MR02 MR07 MR11 MR04 MR14 MR06 MR12
7102,9,28,27,0.9642857142857143,MR13 MR10 MR02 MR11 MR12 MR04 MR06 MR07 MR14
7103,9,22,22,1.0,MR13 MR10 MR02 MR11 MR07 MR04 MR06 MR12 MR14
7104,9,26,25,0.9615384615384616,MR13 MR10 MR02 MR11 MR07 MR12 MR04 MR14 MR06
7105,9,24,24,1.0,MR13 MR10 MR11 MR02 MR14 MR07 MR04 MR06 MR12
7106,9,23,22,0.9565217391304348,MR13 MR10 MR11 MR02 MR07 MR12 MR04 MR14 MR06
7107,9,19,18,0.9473684210526315,MR13 MR10 MR11 MR02 MR14 MR04 MR07 MR12 MR06
7108,8,22,19,0.8636363636363636,MR13 MR10 MR02 MR11 MR06 MR14 MR04 MR07
7109,9,25,24,0.96,MR13 MR10 MR11 MR02 MR04 MR07 MR12 MR06 MR14
7110,9,21,20,0.9523809523809523,MR13 MR10 MR02 MR11 MR07 MR04 MR14 MR06 MR12
7111,9,26,25,0.9615384615384616,MR13 MR10 MR11 MR02 MR04 MR07 MR12 MR14 MR06
7112,9,20,20,1.0,MR12 MR10 MR11 MR02 MR13 MR07 MR04 MR14 MR06
7113,9,26,26,1.0,MR13 MR10 MR02 MR11 MR12 MR06 MR04 MR14 MR07
7114,9,21,21,1.0,MR13 MR10 MR11 MR02 MR12 MR04 MR06 MR14 MR07
7115,9,24,24,1.0,MR13 MR10 MR02 MR11 MR06 MR04 MR12 MR14 MR07
7116,9,20,20,1.0,MR13 MR10 MR02 MR11 MR06 MR04 MR07 MR12 MR14
7117,8,30,26,0.8666666666666667,MR13 MR10 MR02 MR06 MR07 MR11 MR12 MR04
7118,9,25,24,0.96,MR12 MR10 MR11 MR02 MR07 MR13 MR14 MR04 MR06
7119,8,26,23,0.8846153846153846,MR13 MR10 MR11 MR02 MR04 MR06 MR12 MR14
7120,9,24,24,1.0,MR13 MR10 MR02 MR11 MR04 MR06 MR07 MR12 MR14
7121,9,26,25,0.9615384615384616,MR12 MR10 MR14 MR02 MR11 MR06 MR04 MR07 MR13
7122,9,26,22,0.8461538461538461,MR12 MR10 MR02 MR11 MR14 MR06 MR04 MR05 MR07
7123,9,30,29,0.9666666666666667,MR14 MR10 MR11 MR02 MR04 MR06 MR07 MR12 MR13
7124,9,23,22,0.9565217391304348,MR13 MR10 MR02 MR06 MR11 MR12 MR14 MR04 MR07
7125,8,22,18,0.8181818181818182,MR13 MR10 MR11 MR02 MR06 MR04 MR14 MR07
7126,9,25,25,1.0,MR07 MR10 MR02 MR13 MR14 MR04 MR11 MR12 MR06
7127,9,28,27,0.9642857142857143,MR06 MR10 MR02 MR11 MR14 MR12 MR04 MR13 MR07
7128,9,29,28,0.9655172413793104,MR12 MR10 MR02 MR11 MR06 MR14 MR04 MR07 MR13
7129,9,28,27,0.9642857142857143,MR13 MR10 MR02 MR11 MR12 MR04 MR06 MR07 MR14
7130,8,27,23,0.8518518518518519,MR13 MR10 MR11 MR02 MR04 MR06 MR14 MR07
7131,9,22,21,0.9545454545454546,MR13 MR10 MR02 MR11 MR07 MR04 MR14 MR06 MR12
7132,9,25,24,0.96,MR13 MR10 MR11 MR02 MR04 MR06 MR12 MR14 MR07
7133,9,25,25,1.0,MR13 MR10 MR02 MR11 MR07 MR04 MR12 MR14 MR06
7134,9,22,21,0.9545454545454546,MR13 MR10 MR02 MR07 MR14 MR11 MR04 MR06 MR12
7135,9,23,23,1.0,MR13 MR10 MR02 MR07 MR11 MR04 MR06 MR12 MR14
7136,9,24,23,0.9583333333333334,MR13 MR10 MR02 MR11 MR07 MR04 MR14 MR12 MR06
7137,9,29,27,0.9310344827586207,MR13 MR10 MR02 MR06 MR11 MR12 MR04 MR07 MR14
7138,9,22,19,0.8636363636363636,MR05 MR10 MR02 MR06 MR07 MR04 MR11 MR14 MR12
7139,9,23,22,0.9565217391304348,MR13 MR10 MR02 MR06 MR11 MR14 MR04 MR07 MR12
7140,8,24,20,0.8333333333333334,MR13 MR10 MR11 MR02 MR14 MR04 MR07 MR06
7141,9,21,20,0.9523809523809523,MR13 MR10 MR11 MR02 MR14 MR04 MR12 MR06 MR07
7142,9,23,22,0.9565217391304348,MR13 MR10 MR07 MR02 MR11 MR14 MR04 MR12 MR06
7143,9,24,23,0.9583333333333334,MR12 MR10 MR02 MR11 MR07 MR13 MR04 MR06 MR14
7144,9,23,22,0.9565217391304348,MR13 MR10 MR02 MR11 MR06 MR12 MR14 MR04 MR07
7145,9,22,20,0.9090909090909091,MR13 MR10 MR02 MR06 MR07 MR11 MR14 MR04 MR12
7146,8,25,21,0.84,MR13 MR10 MR11 MR02 MR12 MR04 MR07 MR06
7147,9,26,24,0.9230769230769231,MR13 MR10 MR02 MR06 MR07 MR11 MR04 MR14 MR12
7148,9,21,20,0.9523809523809523,MR13 MR10 MR02 MR11 MR07 MR04 MR12 MR06 MR14
7149,9,20,19,0.95,MR12 MR10 MR11 MR02 MR04 MR07 MR13 MR14 MR06
7150,9,25,24,0.96,MR13 MR10 MR11 MR02 MR04 MR14 MR06 MR07 MR12
7151,9,26,25,0.9615384615384616,MR13 MR10 MR02 MR07 MR11 MR04 MR06 MR12 MR14
7152,9,22,21,0.9545454545454546,MR13 MR10 MR11 MR02 MR04 MR06 MR12 MR14 MR07
7153,9,24,23,0.9583333333333334,MR13 MR10 MR02 MR06 MR11 MR12 MR04 MR07 MR14
7154,9,21,20,0.9523809523809523,MR13 MR10 MR02 MR11 MR06 MR04 MR07 MR12 MR14
7155,9,25,23,0.92,MR13 MR10 MR02 MR11 MR12 MR04 MR06 MR07 MR14
7156,9,16,15,0.9375,MR13 MR10 MR02 MR11 MR12 MR06 MR04 MR07 MR14
7157,9,25,24,0.96,MR13 MR10 MR11 MR02 MR14 MR12 MR04 MR06 MR07
7158,9,22,22,1.0,MR13 MR10 MR11 MR02 MR14 MR04 MR06 MR12 MR07
7159,9,18,17,0.9444444444444444,MR13 MR10 MR02 MR11 MR07 MR04 MR06 MR12 MR14
7160,9,26,25,0.9615384615384616,MR13 MR10 MR02 MR14 MR07 MR11 MR04 MR06 MR12
7161,9,23,22,0.9565217391304348,MR13 MR10 MR02 MR06 MR04 MR07 MR11 MR12 MR14
7162,9,25,24,0.96,MR13 MR10 MR02 MR11 MR06 MR04 MR07 MR12 MR14
7163,9,23,22,0.9565217391304348,MR13 MR10 MR02 MR11 MR06 MR12 MR04 MR07 MR14
7164,8,26,21,0.8076923076923077,MR13 MR10 MR06 MR02 MR07 MR12 MR04 MR11
7165,9,28,27,0.9642857142857143,MR13 MR10 MR11 MR02 MR12 MR04 MR14 MR06 MR07
7166,8,21,18,0.8571428571428571,MR13 MR10 MR11 MR02 MR14 MR04 MR12 MR06
7167,8,25,22,0.88,MR13 MR10 MR02 MR06 MR07 MR12 MR04 MR11
7168,9,21,20,0.9523809523809523,MR13 MR10 MR11 MR02 MR07 MR14 MR04 MR06 MR12
7169,9,23,22,0.9565217391304348,MR13 MR10 MR02 MR11 MR04 MR06 MR07 MR14 MR12
7170,9,22,21,0.9545454545454546,MR13 MR10 MR02 MR14 MR06 MR11 MR04 MR07 MR12
7171,9,27,25,0.9259259259259259,MR13 MR10 MR02 MR11 MR04 MR06 MR07 MR12 MR14
7172,9,19,18,0.9473684210526315,MR13 MR10 MR02 MR11 MR07 MR04 MR06 MR12 MR14
7173,9,25,25,1.0,MR12 MR10 MR02 MR11 MR13 MR14 MR04 MR06 MR07
7174,9,23,21,0.9130434782608695,MR13 MR10 MR11 MR02 MR04 MR12 MR06 MR14 MR07
7175,9,24,23,0.9583333333333334,MR13 MR10 MR11 MR02 MR04 MR07 MR14 MR06 MR12
7176,9,23,22,0.9565217391304348,MR13 MR10 MR02 MR11 MR07 MR04 MR14 MR06 MR12
7177,8,25,21,0.84,MR13 MR10 MR11 MR02 MR04 MR06 MR07 MR14
7178,9,26,25,0.9615384615384616,MR12 MR10 MR02 MR11 MR07 MR13 MR04 MR06 MR14
7179,9,24,22,0.9166666666666666,MR13 MR10 MR02 MR11 MR07 MR04 MR14 MR06 MR12
7180,9,27,26,0.9629629629629629,MR13 MR10 MR02 MR07 MR11 MR14 MR04 MR06 MR12
7181,9,22,21,0.9545454545454546,MR13 MR10 MR11 MR02 MR04 MR12 MR06 MR14 MR07
7182,9,22,21,0.9545454545454546,MR13 MR10 MR02 MR06 MR11 MR04 MR12 MR07 MR14
7183,9,25,24,0.96,MR13 MR10 MR02 MR11 MR07 MR12 MR04 MR06 MR14
7184,9,23,21,0.9130434782608695,MR12 MR10 MR02 MR11 MR13 MR14 MR04 MR06 MR07
7185,9,23,22,0.9565217391304348,MR12 MR10 MR02 MR07 MR11 MR14 MR04 MR06 MR13
7186,9,28,27,0.9642857142857143,MR12 MR10 MR11 MR02 MR13 MR04 MR14 MR06 MR07
7187,8,24,21,0.875,MR13 MR10 MR11 MR02 MR07 MR04 MR14 MR12
7188,9,22,22,1.0,MR13 MR10 MR11 MR02 MR04 MR07 MR06 MR14 MR12
7189,9,21,20,0.9523809523809523,MR13 MR10 MR02 MR11 MR14 MR07 MR04 MR06 MR12
7190,8,24,20,0.8333333333333334,MR13 MR10 MR11 MR02 MR12 MR04 MR06 MR07
7191,9,22,20,0.9090909090909091,MR13 MR10 MR02 MR11 MR07 MR04 MR12 MR06 MR14
7192,9,16,16,1.0,MR13 MR10 MR02 MR11 MR04 MR06 MR07 MR14 MR12
7193,9,26,25,0.9615384615384616,MR13 MR10 MR02 MR11 MR07 MR04 MR14 MR06 MR12
7194,9,26,25,0.9615384615384616,MR13 MR10 MR02 MR11 MR07 MR04 MR12 MR14 MR06
7195,9,22,21,0.9545454545454546,MR13 MR10 MR02 MR11 MR04 MR06 MR07 MR12 MR14
7196,9,21,21,1.0,MR13 MR10 MR02 MR06 MR12 MR07 MR14 MR04 MR11
7197,9,20,19,0.95,MR13 MR10 MR02 MR11 MR07 MR04 MR12 MR14 MR06
7198,9,23,22,0.9565217391304348,MR13 MR10 MR02 MR07 MR11 MR04 MR06 MR12 MR14
7199,9,22,21,0.9545454545454546,MR07 MR10 MR02 MR13 MR14 MR04 MR11 MR12 MR06
7200,9,24,23,0.9583333333333334,MR13 MR10 MR02 MR06 MR11 MR04 MR07 MR14 MR12
7201,8,20,16,0.8,MR13 MR10 MR11 MR02 MR04 MR06 MR12 MR14
7202,9,23,22,0.9565217391304348,MR13 MR10 MR11 MR02 MR14 MR04 MR06 MR12 MR07
7203,9,24,23,0.9583333333333334,MR12 MR10 MR02 MR11 MR14 MR07 MR04 MR13 MR06
7204,9,26,26,1.0,MR13 MR10 MR02 MR07 MR11 MR04 MR06 MR12 MR14
7205,8,26,22,0.8461538461538461,MR13 MR10 MR11 MR02 MR12 MR04 MR07 MR06
7206,9,27,26,0.9629629629629629,MR13 MR10 MR11 MR02 MR12 MR04 MR06 MR07 MR14
7207,9,26,25,0.9615384615384616,MR12 MR10 MR02 MR11 MR06 MR04 MR07 MR13 MR14
7208,9,27,25,0.9259259259259259,MR13 MR10 MR02 MR11 MR07 MR12 MR14 MR04 MR06
7209,8,24,20,0.8333333333333334,MR13 MR10 MR11 MR02 MR04 MR07 MR14 MR12
7210,9,28,26,0.9285714285714286,MR13 MR10 MR11 MR02 MR14 MR04 MR06 MR07 MR12
7211,9,23,22,0.9565217391304348,MR13 MR10 MR02 MR06 MR11 MR04 MR12 MR07 MR14
7212,9,31,29,0.9354838709677419,MR13 MR10 MR02 MR06 MR11 MR04 MR12 MR07 MR14
7213,9,22,20,0.9090909090909091,MR12 MR10 MR02 MR11 MR06 MR13 MR04 MR07 MR14
7214,9,23,22,0.9565217391304348,MR13 MR10 MR11 MR02 MR12 MR04 MR14 MR07 MR06
7215,9,21,21,1.0,MR13 MR10 MR11 MR02 MR04 MR06 MR14 MR07 MR12
7216,9,27,26,0.9629629629629629,MR13 MR10 MR02 MR11 MR07 MR04 MR06 MR14 MR12
7217,9,25,24,0.96,MR13 MR10 MR11 MR02 MR04 MR06 MR14 MR07 MR12
7218,9,21,21,1.0,MR13 MR10 MR11 MR02 MR04 MR06 MR12 MR07 MR14
7219,8,22,19,0.8636363636363636,MR13 MR10 MR06 MR02 MR11 MR14 MR04 MR12
7220,9,25,24,0.96,MR13 MR10 MR02 MR11 MR14 MR04 MR06 MR07 MR12
7221,9,30,28,0.9333333333333333,MR13 MR10 MR06 MR02 MR04 MR11 MR12 MR14 MR07
7222,9,24,24,1.0,MR13 MR10 MR02 MR11 MR07 MR12 MR14 MR04 MR06
7223,9,22,21,0.9545454545454546,MR13 MR10 MR02 MR11 MR04 MR06 MR07 MR12 MR14
7224,9,21,21,1.0,MR13 MR10 MR11 MR02 MR04 MR06 MR12 MR14 MR07
7225,9,22,20,0.9090909090909091,MR12 MR10 MR02 MR11 MR06 MR13 MR04 MR07 MR14
7226,9,25,24,0.96,MR13 MR10 MR11 MR02 MR04 MR06 MR12 MR14 MR07
7227,9,26,25,0.9615384615384616,MR12 MR10 MR02 MR07 MR13 MR11 MR04 MR14 MR06
7228,9,27,26,0.9629629629629629,MR12 MR10 MR02 MR11 MR04 MR06 MR07 MR13 MR14
7229,9,23,22,0.9565217391304348,MR13 MR10 MR02 MR11 MR07 MR04 MR06 MR14 MR12
7230,9,28,26,0.9285714285714286,MR13 MR10 MR02 MR06 MR11 MR04 MR12 MR07 MR14
7231,7,25,18,0.72,MR13 MR10 MR02 MR06 MR07 MR11 MR04
7232,9,28,27,0.9642857142857143,MR12 MR10 MR11 MR02 MR04 MR07 MR13 MR06 MR14
7233,9,27,26,0.9629629629629629,MR12 MR10 MR11 MR02 MR04 MR07 MR14 MR13 MR06
7234,9,23,23,1.0,MR13 MR10 MR02 MR06 MR11 MR04 MR14 MR12 MR07
7235,9,25,24,0.96,MR13 MR10 MR02 MR11 MR06 MR04 MR12 MR14 MR07
7236,9,27,25,0.9259259259259259,MR13 MR10 MR02 MR11 MR07 MR14 MR04 MR06 MR12
7237,9,23,22,0.9565217391304348,MR13 MR10 MR02 MR11 MR07 MR04 MR06 MR12 MR14
7238,9,26,25,0.9615384615384616,MR12 MR10 MR11 MR02 MR04 MR07 MR13 MR14 MR06
7239,9,18,17,0.9444444444444444,MR13 MR10 MR02 MR06 MR07 MR11 MR04 MR12 MR14
7240,9,26,25,0.9615384615384616,MR12 MR10 MR02 MR11 MR06 MR04 MR13 MR14 MR07
7241,9,19,18,0.9473684210526315,MR13 MR10 MR02 MR11 MR04 MR06 MR07 MR12 MR14
7242,9,25,24,0.96,MR13 MR10 MR11 MR02 MR04 MR12 MR14 MR06 MR07
7243,8,25,22,0.88,MR13 MR10 MR11 MR14 MR02 MR06 MR04 MR07
7244,9,23,23,1.0,MR13 MR10 MR11 MR02 MR07 MR12 MR04 MR14 MR06
7245,9,24,22,0.9166666666666666,MR13 MR10 MR02 MR06 MR07 MR11 MR04 MR12 MR14
7246,9,23,23,1.0,MR12 MR10 MR11 MR02 MR13 MR04 MR06 MR07 MR14
7247,9,17,17,1.0,MR13 MR10 MR02 MR11 MR07 MR04 MR06 MR14 MR12
7248,8,26,23,0.8846153846153846,MR13 MR10 MR11 MR02 MR06 MR14 MR04 MR12
7249,8,25,21,0.84,MR13 MR10 MR06 MR02 MR04 MR11 MR12 MR07
7250,8,23,19,0.8260869565217391,MR13 MR10 MR11 MR02 MR07 MR04 MR14 MR12
7251,9,25,23,0.92,MR13 MR10 MR02 MR11 MR06 MR12 MR14 MR04 MR07
7252,9,25,24,0.96,MR12 MR10 MR02 MR07 MR11 MR14 MR04 MR06 MR13
7253,9,19,18,0.9473684210526315,MR13 MR10 MR11 MR02 MR12 MR04 MR07 MR14 MR06
7254,8,20,16,0.8,MR13 MR10 MR11 MR02 MR07 MR14 MR04 MR06
7255,9,25,25,1.0,MR13 MR10 MR11 MR02 MR14 MR04 MR07 MR06 MR12
7256,8,27,22,0.8148148148148148,MR12 MR10 MR11 MR02 MR13 MR14 MR04 MR07
7257,9,25,24,0.96,MR13 MR10 MR02 MR11 MR07 MR04 MR14 MR06 MR12
7258,8,27,23,0.8518518518518519,MR13 MR10 MR11 MR02 MR04 MR07 MR12 MR06
7259,9,27,26,0.9629629629629629,MR13 MR10 MR11 MR02 MR12 MR07 MR14 MR04 MR06
7260,9,20,19,0.95,MR13 MR10 MR02 MR11 MR04 MR06 MR07 MR12 MR14
7261,9,24,24,1.0,MR12 MR10 MR02 MR11 MR14 MR07 MR04 MR06 MR13
7262,9,24,24,1.0,MR13 MR10 MR02 MR11 MR14 MR07 MR04 MR12 MR06
7263,9,26,25,0.9615384615384616,MR12 MR10 MR02 MR07 MR11 MR13 MR04 MR06 MR14
7264,9,19,18,0.9473684210526315,MR13 MR10 MR11 MR02 MR14 MR06 MR04 MR12 MR07
7265,9,28,28,1.0,MR13 MR10 MR02 MR11 MR07 MR04 MR06 MR12 MR14
7266,9,23,22,0.9565217391304348,MR13 MR10 MR11 MR02 MR12 MR04 MR07 MR06 MR14
7267,9,25,24,0.96,MR13 MR10 MR02 MR11 MR04 MR06 MR07 MR14 MR12
7268,9,23,23,1.0,MR13 MR10 MR02 MR11 MR07 MR04 MR12 MR06 MR14
7269,9,25,25,1.0,MR12 MR10 MR02 MR11 MR04 MR06 MR07 MR13 MR14
7270,9,25,24,0.96,MR13 MR10 MR02 MR06 MR07 MR11 MR12 MR04 MR14
7271,9,21,21,1.0,MR13 MR10 MR11 MR02 MR04 MR06 MR14 MR07 MR12
7272,9,21,20,0.9523809523809523,MR13 MR10 MR02 MR07 MR11 MR04 MR12 MR06 MR14
7273,9,22,22,1.0,MR13 MR10 MR02 MR11 MR06 MR14 MR04 MR12 MR07
7274,8,26,22,0.8461538461538461,MR13 MR10 MR11 MR02 MR07 MR04 MR12 MR14
7275,8,23,19,0.8260869565217391,MR13 MR10 MR02 MR11 MR06 MR04 MR07 MR12
7276,9,21,20,0.9523809523809523,MR13 MR10 MR11 MR02 MR14 MR04 MR07 MR12 MR06
7277,8,27,23,0.8518518518518519,MR13 MR10 MR02 MR06 MR14 MR07 MR04 MR11
7278,9,25,25,1.0,MR13 MR10 MR02 MR06 MR07 MR12 MR04 MR14 MR11
7279,9,21,21,1.0,MR13 MR10 MR02 MR11 MR06 MR04 MR07 MR14 MR12
7280,9,23,22,0.9565217391304348,MR13 MR10 MR11 MR02 MR07 MR12 MR14 MR04 MR06
7281,9,25,25,1.0,MR13 MR10 MR02 MR11 MR12 MR07 MR04 MR06 MR14
7282,9,24,23,0.9583333333333334,MR12 MR10 MR02 MR11 MR14 MR07 MR04 MR06 MR13
7283,9,21,21,1.0,MR14 MR10 MR02 MR06 MR07 MR13 MR04 MR11 MR12
7284,9,22,21,0.9545454545454546,MR13 MR10 MR11 MR02 MR14 MR04 MR07 MR12 MR06
7285,9,26,25,0.9615384615384616,MR13 MR10 MR02 MR06 MR07 MR04 MR11 MR14 MR12
7286,8,25,21,0.84,MR13 MR10 MR11 MR02 MR14 MR04 MR07 MR06
7287,9,32,31,0.96875,MR13 MR10 MR11 MR02 MR12 MR04 MR14 MR07 MR06
7288,9,24,23,0.9583333333333334,MR13 MR10 MR02 MR11 MR07 MR14 MR04 MR12 MR06
7289,9,26,25,0.9615384615384616,MR13 MR10 MR02 MR11 MR12 MR04 MR06 MR07 MR14
7290,9,25,25,1.0,MR13 MR10 MR11 MR02 MR07 MR14 MR04 MR06 MR12
7291,9,18,16,0.8888888888888888,MR13 MR10 MR02 MR11 MR04 MR06 MR07 MR14 MR12
7292,9,20,19,0.95,MR13 MR10 MR11 MR02 MR12 MR04 MR06 MR14 MR07
7293,9,20,19,0.95,MR13 MR10 MR02 MR11 MR06 MR04 MR07 MR14 MR12
7294,9,21,21,1.0,MR13 MR10 MR02 MR12 MR06 MR07 MR11 MR04 MR14
7295,8,28,25,0.8928571428571429,MR13 MR10 MR11 MR02 MR06 MR12 MR04 MR14
7296,9,26,25,0.9615384615384616,MR13 MR10 MR02 MR11 MR12 MR04 MR06 MR07 MR14
7297,9,28,27,0.9642857142857143,MR12 MR10 MR11 MR02 MR13 MR04 MR06 MR07 MR14
7298,9,27,26,0.9629629629629629,MR13 MR10 MR11 MR02 MR14 MR04 MR07 MR06 MR12
7299,9,27,26,0.9629629629629629,MR07 MR10 MR02 MR13 MR04 MR11 MR12 MR14 MR06
7300,8,25,22,0.88,MR13 MR10 MR11 MR02 MR04 MR14 MR06 MR07
7301,9,23,21,0.9130434782608695,MR13 MR10 MR11 MR02 MR12 MR04 MR07 MR06 MR14
7302,9,25,24,0.96,MR12 MR10 MR11 MR02 MR13 MR04 MR06 MR07 MR14
7303,9,23,22,0.9565217391304348,MR13 MR10 MR02 MR07 MR11 MR04 MR06 MR12 MR14
7304,9,17,17,1.0,MR13 MR10 MR11 MR02 MR14 MR04 MR06 MR12 MR07
7305,9,26,25,0.9615384615384616,MR13 MR10 MR11 MR02 MR04 MR07 MR14 MR12 MR06
7306,9,25,24,0.96,MR13 MR10 MR02 MR11 MR07 MR04 MR06 MR12 MR14
7307,8,28,25,0.8928571428571429,MR14 MR10 MR11 MR02 MR07 MR13 MR04 MR12
7308,9,23,22,0.9565217391304348,MR14 MR10 MR02 MR06 MR13 MR11 MR04 MR07 MR12
7309,9,26,25,0.9615384615384616,MR12 MR10 MR02 MR07 MR13 MR04 MR06 MR11 MR14
7310,9,22,21,0.9545454545454546,MR13 MR10 MR02 MR06 MR07 MR11 MR12 MR04 MR14
7311,9,19,18,0.9473684210526315,MR13 MR10 MR02 MR06 MR11 MR12 MR04 MR07 MR14
7312,9,20,20,1.0,MR13 MR10 MR11 MR02 MR12 MR04 MR06 MR14 MR07
7313,9,22,21,0.9545454545454546,MR13 MR10 MR02 MR11 MR06 MR14 MR04 MR07 MR12
7314,8,25,20,0.8,MR12 MR10 MR11 MR02 MR07 MR13 MR04 MR14
7315,9,25,24,0.96,MR13 MR10 MR11 MR02 MR12 MR14 MR04 MR06 MR07
7316,8,25,20,0.8,MR13 MR10 MR02 MR07 MR11 MR04 MR14 MR06
7317,9,22,21,0.9545454545454546,MR13 MR10 MR02 MR06 MR11 MR04 MR07 MR14 MR12
7318,8,27,23,0.8518518518518519,MR13 MR10 MR02 MR11 MR06 MR04 MR07 MR14
7319,9,21,21,1.0,MR13 MR10 MR11 MR02 MR04 MR14 MR07 MR06 MR12
7320,9,23,23,1.0,MR13 MR10 MR11 MR02 MR14 MR04 MR12 MR06 MR07
7321,9,27,25,0.9259259259259259,MR13 MR10 MR11 MR02 MR06 MR04 MR07 MR12 MR14
7322,8,23,19,0.8260869565217391,MR13 MR10 MR11 MR02 MR06 MR12 MR14 MR04
7323,8,26,21,0.8076923076923077,MR13 MR10 MR02 MR07 MR11 MR04 MR06 MR14
7324,9,23,23,1.0,MR13 MR10 MR02 MR11 MR06 MR12 MR04 MR07 MR14
7325,9,28,27,0.9642857142857143,MR13 MR10 MR02 MR06 MR07 MR11 MR04 MR12 MR14
7326,9,18,18,1.0,MR13 MR10 MR02 MR06 MR07 MR11 MR04 MR12 MR14
7327,9,25,25,1.0,MR12 MR10 MR11 MR02 MR13 MR04 MR14 MR06 MR07
7328,9,28,27,0.9642857142857143,MR13 MR10 MR02 MR06 MR11 MR04 MR07 MR12 MR14
7329,9,23,21,0.9130434782608695,MR13 MR10 MR11 MR02 MR04 MR06 MR14 MR07 MR12
7330,8,28,24,0.8571428571428571,MR13 MR10 MR02 MR07 MR14 MR04 MR06 MR11
7331,9,25,23,0.92,MR13 MR10 MR02 MR11 MR12 MR07 MR04 MR06 MR14
7332,9,22,21,0.9545454545454546,MR13 MR10 MR11 MR02 MR14 MR07 MR04 MR12 MR06
7333,9,18,16,0.8888888888888888,MR13 MR10 MR11 MR02 MR14 MR06 MR12 MR04 MR07
7334,8,26,22,0.8461538461538461,MR13 MR10 MR07 MR02 MR06 MR04 MR12 MR11
7335,9,23,21,0.9130434782608695,MR13 MR10 MR02 MR06 MR07 MR11 MR12 MR04 MR14
7336,8,21,17,0.8095238095238095,MR13 MR10 MR11 MR02 MR06 MR14 MR04 MR12
7337,9,31,29,0.9354838709677419,MR13 MR10 MR11 MR02 MR04 MR07 MR12 MR14 MR06
7338,9,27,26,0.9629629629629629,MR13 MR10 MR02 MR07 MR04 MR06 MR11 MR14 MR12
7339,9,26,25,0.9615384615384616,MR12 MR10 MR02 MR11 MR07 MR13 MR04 MR14 MR06
7340,8,26,22,0.8461538461538461,MR13 MR10 MR11 MR02 MR07 MR04 MR14 MR12
7341,9,23,22,0.9565217391304348,MR13 MR10 MR02 MR11 MR12 MR04 MR06 MR07 MR14
7342,9,28,27,0.9642857142857143,MR13 MR10 MR02 MR07 MR06 MR14 MR04 MR11 MR12
7343,9,25,24,0.96,MR13 MR10 MR11 MR02 MR04 MR14 MR06 MR07 MR12
7344,9,25,24,0.96,MR13 MR10 MR02 MR11 MR12 MR04 MR06 MR07 MR14
7345,9,27,26,0.9629629629629629,MR13 MR10 MR11 MR02 MR07 MR14 MR04 MR12 MR06
7346,9,21,21,1.0,MR13 MR10 MR02 MR11 MR07 MR12 MR04 MR06 MR14
7347,9,19,18,0.9473684210526315,MR13 MR10 MR11 MR02 MR04 MR14 MR06 MR07 MR12
7348,9,26,25,0.9615384615384616,MR13 MR10 MR02 MR06 MR11 MR04 MR12 MR07 MR14
7349,9,23,23,1.0,MR13 MR10 MR02 MR11 MR14 MR06 MR12 MR04 MR07
7350,9,26,26,1.0,MR12 MR10 MR11 MR02 MR06 MR04 MR13 MR07 MR14
7351,8,26,22,0.8461538461538461,MR13 MR10 MR11 MR02 MR07 MR12 MR04 MR14
7352,9,29,28,0.9655172413793104,MR13 MR10 MR02 MR11 MR07 MR04 MR14 MR06 MR12
7353,8,23,19,0.8260869565217391,MR13 MR10 MR02 MR11 MR07 MR14 MR04 MR06
7354,8,26,22,0.8461538461538461,MR13 MR10 MR11 MR02 MR12 MR06 MR04 MR07
7355,9,24,23,0.9583333333333334,MR13 MR10 MR11 MR02 MR04 MR06 MR14 MR12 MR07
7356,8,31,27,0.8709677419354839,MR13 MR10 MR11 MR02 MR07 MR04 MR14 MR06
7357,9,24,23,0.9583333333333334,MR13 MR10 MR02 MR11 MR07 MR04 MR12 MR14 MR06
7358,9,22,21,0.9545454545454546,MR13 MR10 MR02 MR11 MR07 MR12 MR04 MR14 MR06
7359,9,25,23,0.92,MR13 MR10 MR02 MR11 MR07 MR14 MR04 MR12 MR06
7360,9,24,23,0.9583333333333334,MR13 MR10 MR02 MR07 MR11 MR04 MR12 MR06 MR14
7361,9,27,26,0.9629629629629629,MR13 MR10 MR11 MR02 MR06 MR04 MR14 MR12 MR07
7362,9,26,26,1.0,MR12 MR10 MR11 MR02 MR04 MR07 MR14 MR06 MR13
7363,9,23,22,0.9565217391304348,MR13 MR10 MR02 MR11 MR07 MR14 MR04 MR06 MR12
7364,9,25,24,0.96,MR12 MR10 MR02 MR11 MR13 MR04 MR06 MR07 MR14
7365,8,31,24,0.7741935483870968,MR12 MR10 MR11 MR02 MR14 MR04 MR07 MR05
7366,9,19,19,1.0,MR13 MR10 MR02 MR06 MR07 MR11 MR04 MR12 MR14
7367,8,23,19,0.8260869565217391,MR12 MR10 MR11 MR02 MR13 MR04 MR06 MR07
7368,9,25,24,0.96,MR13 MR10 MR02 MR11 MR07 MR12 MR04 MR06 MR14
7369,9,23,22,0.9565217391304348,MR13 MR10 MR11 MR02 MR06 MR04 MR14 MR07 MR12
7370,9,21,20,0.9523809523809523,MR13 MR10 MR11 MR02 MR04 MR12 MR14 MR06 MR07
7371,9,27,26,0.9629629629629629,MR13 MR10 MR02 MR07 MR06 MR04 MR11 MR12 MR14
7372,9,23,23,1.0,MR13 MR10 MR02 MR07 MR11 MR04 MR14 MR06 MR12
7373,9,27,26,0.9629629629629629,MR13 MR10 MR11 MR02 MR04 MR12 MR07 MR14 MR06
7374,9,25,24,0.96,MR13 MR10 MR02 MR11 MR07 MR04 MR12 MR06 MR14
7375,9,23,22,0.9565217391304348,MR13 MR10 MR11 MR02 MR04 MR06 MR07 MR12 MR14
7376,9,23,23,1.0,MR13 MR10 MR11 MR02 MR07 MR04 MR14 MR12 MR06
7377,9,23,23,1.0,MR13 MR10 MR11 MR02 MR06 MR04 MR12 MR14 MR07
7378,9,27,26,0.9629629629629629,MR13 MR10 MR11 MR02 MR06 MR04 MR12 MR14 MR07
7379,9,25,24,0.96,MR12 MR10 MR11 MR02 MR13 MR14 MR04 MR06 MR07
7380,9,20,20,1.0,MR13 MR10 MR02 MR11 MR07 MR04 MR06 MR12 MR14
7381,8,23,19,0.8260869565217391,MR13 MR10 MR11 MR02 MR04 MR06 MR12 MR07
7382,9,20,20,1.0,MR12 MR10 MR11 MR02 MR13 MR04 MR07 MR14 MR06
7383,8,25,22,0.88,MR13 MR10 MR11 MR02 MR04 MR06 MR07 MR14
7384,9,29,28,0.9655172413793104,MR13 MR10 MR02 MR11 MR12 MR06 MR04 MR07 MR14
7385,9,29,28,0.9655172413793104,MR13 MR10 MR06 MR02 MR04 MR07 MR12 MR11 MR14
7386,9,22,21,0.9545454545454546,MR13 MR10 MR11 MR02 MR04 MR07 MR12 MR14 MR06
7387,8,23,19,0.8260869565217391,MR13 MR10 MR11 MR02 MR04 MR07 MR14 MR06
7388,9,23,19,0.8260869565217391,MR12 MR10 MR02 MR11 MR06 MR04 MR05 MR14 MR07
7389,9,20,19,0.95,MR13 MR10 MR02 MR06 MR12 MR11 MR04 MR14 MR07
7390,9,25,24,0.96,MR13 MR10 MR02 MR06 MR07 MR11 MR04 MR14 MR12
7391,8,28,24,0.8571428571428571,MR13 MR10 MR11 MR02 MR12 MR07 MR04 MR06
7392,9,25,25,1.0,MR13 MR10 MR02 MR11 MR07 MR04 MR12 MR14 MR06
7393,9,23,22,0.9565217391304348,MR13 MR10 MR02 MR11 MR14 MR07 MR04 MR06 MR12
7394,9,24,24,1.0,MR13 MR10 MR02 MR07 MR11 MR04 MR06 MR14 MR12
7395,9,21,20,0.9523809523809523,MR13 MR10 MR02 MR11 MR14 MR06 MR04 MR07 MR12
7396,9,22,22,1.0,MR12 MR10 MR02 MR11 MR14 MR07 MR04 MR06 MR13
7397,9,21,20,0.9523809523809523,MR13 MR10 MR02 MR11 MR07 MR12 MR04 MR06 MR14
7398,9,25,24,0.96,MR13 MR10 MR11 MR02 MR04 MR07 MR12 MR14 MR06
7399,9,24,23,0.9583333333333334,MR12 MR10 MR02 MR11 MR13 MR06 MR04 MR14 MR07
7400,9,22,21,0.9545454545454546,MR13 MR10 MR11 MR02 MR06 MR12 MR04 MR14 MR07
7401,8,24,21,0.875,MR13 MR10 MR02 MR11 MR12 MR06 MR04 MR07
7402,8,25,22,0.88,MR13 MR10 MR02 MR11 MR04 MR06 MR07 MR12
7403,9,17,16,0.9411764705882353,MR13 MR10 MR02 MR11 MR06 MR14 MR04 MR07 MR12
7404,9,20,19,0.95,MR13 MR10 MR11 MR02 MR14 MR04 MR07 MR12 MR06
7405,9,27,27,1.0,MR13 MR10 MR02 MR11 MR07 MR14 MR04 MR06 MR12
7406,9,29,27,0.9310344827586207,MR12 MR10 MR11 MR02 MR13 MR04 MR14 MR06 MR07
7407,9,23,22,0.9565217391304348,MR13 MR10 MR02 MR11 MR07 MR12 MR04 MR06 MR14
7408,9,19,18,0.9473684210526315,MR13 MR10 MR11 MR02 MR14 MR04 MR07 MR12 MR06
7409,9,19,17,0.8947368421052632,MR13 MR10 MR02 MR11 MR12 MR04 MR06 MR07 MR14
7410,9,21,20,0.9523809523809523,MR12 MR10 MR11 MR02 MR13 MR04 MR07 MR14 MR06
7411,9,22,22,1.0,MR12 MR10 MR11 MR02 MR04 MR13 MR06 MR07 MR14
7412,9,26,25,0.9615384615384616,MR12 MR10 MR02 MR07 MR14 MR04 MR06 MR11 MR13
7413,9,22,21,0.9545454545454546,MR12 MR10 MR02 MR07 MR11 MR13 MR14 MR04 MR06
7414,8,25,21,0.84,MR13 MR10 MR11 MR02 MR04 MR06 MR12 MR07
7415,9,23,23,1.0,MR13 MR10 MR02 MR07 MR11 MR04 MR12 MR06 MR14
7416,8,26,22,0.8461538461538461,MR13 MR10 MR11 MR02 MR06 MR14 MR04 MR07
7417,9,22,21,0.9545454545454546,MR12 MR10 MR02 MR11 MR07 MR13 MR04 MR14 MR06
7418,9,26,25,0.9615384615384616,MR13 MR10 MR02 MR07 MR14 MR11 MR04 MR06 MR12
7419,9,23,22,0.9565217391304348,MR13 MR10 MR02 MR11 MR07 MR04 MR06 MR12 MR14
7420,9,21,20,0.9523809523809523,MR13 MR10 MR11 MR02 MR06 MR12 MR04 MR07 MR14
7421,8,25,20,0.8,MR13 MR10 MR11 MR02 MR07 MR12 MR04 MR14
7422,9,22,21,0.9545454545454546,MR13 MR10 MR02 MR06 MR14 MR11 MR04 MR07 MR12
7423,9,23,22,0.9565217391304348,MR13 MR10 MR02 MR07 MR11 MR04 MR12 MR06 MR14
7424,9,20,17,0.85,MR05 MR10 MR02 MR06 MR11 MR12 MR04 MR14 MR07
7425,9,25,23,0.92,MR13 MR10 MR02 MR11 MR14 MR06 MR04 MR07 MR12
7426,9,22,21,0.9545454545454546,MR13 MR10 MR02 MR11 MR12 MR07 MR04 MR06 MR14
7427,9,31,31,1.0,MR13 MR10 MR11 MR02 MR14 MR06 MR04 MR12 MR07
7428,9,24,24,1.0,MR13 MR10 MR02 MR07 MR11 MR14 MR04 MR06 MR12
7429,9,26,25,0.9615384615384616,MR12 MR10 MR02 MR11 MR07 MR14 MR04 MR06 MR13
7430,9,25,24,0.96,MR13 MR10 MR11 MR02 MR14 MR04 MR07 MR12 MR06
7431,8,21,17,0.8095238095238095,MR13 MR10 MR02 MR06 MR11 MR04 MR14 MR07
7432,8,30,27,0.9,MR06 MR10 MR02 MR13 MR07 MR04 MR12 MR11
7433,9,20,20,1.0,MR13 MR10 MR02 MR11 MR04 MR06 MR07 MR12 MR14
7434,9,24,23,0.9583333333333334,MR13 MR10 MR11 MR02 MR04 MR14 MR06 MR07 MR12
7435,9,24,23,0.9583333333333334,MR13 MR10 MR02 MR06 MR11 MR12 MR14 MR04 MR07
7436,9,27,26,0.9629629629629629,MR13 MR10 MR02 MR06 MR07 MR04 MR11 MR12 MR14
7437,9,27,25,0.9259259259259259,MR13 MR10 MR02 MR06 MR11 MR04 MR14 MR07 MR12
7438,9,20,20,1.0,MR13 MR10 MR02 MR11 MR07 MR04 MR12 MR14 MR06
7439,9,22,21,0.9545454545454546,MR14 MR10 MR11 MR02 MR04 MR12 MR13 MR06 MR07
7440,9,23,23,1.0,MR13 MR10 MR11 MR02 MR04 MR06 MR12 MR07 MR14
7441,9,24,24,1.0,MR13 MR10 MR11 MR02 MR12 MR04 MR06 MR07 MR14
7442,9,18,17,0.9444444444444444,MR13 MR10 MR11 MR02 MR14 MR04 MR07 MR12 MR06
7443,9,30,29,0.9666666666666667,MR13 MR10 MR02 MR06 MR11 MR14 MR04 MR07 MR12
7444,9,26,25,0.9615384615384616,MR13 MR10 MR11 MR02 MR14 MR04 MR07 MR06 MR12
7445,9,22,21,0.9545454545454546,MR13 MR10 MR11 MR14 MR02 MR04 MR06 MR07 MR12
7446,9,22,21,0.9545454545454546,MR13 MR10 MR02 MR06 MR11 MR04 MR07 MR12 MR14
7447,9,23,22,0.9565217391304348,MR13 MR10 MR02 MR11 MR06 MR04 MR07 MR12 MR14
7448,9,25,24,0.96,MR13 MR10 MR11 MR02 MR14 MR04 MR07 MR06 MR12
7449,9,23,22,0.9565217391304348,MR12 MR10 MR11 MR02 MR13 MR04 MR06 MR07 MR14
7450,8,29,25,0.8620689655172413,MR13 MR10 MR11 MR02 MR04 MR07 MR12 MR06
7451,9,23,22,0.9565217391304348,MR13 MR10 MR11 MR02 MR14 MR04 MR06 MR07 MR12
7452,9,24,23,0.9583333333333334,MR13 MR10 MR11 MR02 MR04 MR07 MR12 MR14 MR06
7453,9,20,19,0.95,MR13 MR10 MR02 MR11 MR14 MR04 MR06 MR07 MR12
7454,9,26,25,0.9615384615384616,MR13 MR10 MR06 MR02 MR12 MR04 MR11 MR07 MR14
7455,9,30,29,0.9666666666666667,MR13 MR10 MR02 MR07 MR11 MR14 MR04 MR06 MR12
7456,8,26,22,0.8461538461538461,MR13 MR10 MR11 MR02 MR04 MR06 MR07 MR12
7457,9,25,24,0.96,MR13 MR10 MR02 MR07 MR11 MR12 MR04 MR06 MR14
7458,9,24,23,0.9583333333333334,MR13 MR10 MR02 MR11 MR07 MR14 MR04 MR06 MR12
7459,9,27,27,1.0,MR13 MR10 MR02 MR14 MR07 MR11 MR04 MR06 MR12
7460,9,22,20,0.9090909090909091,MR13 MR10 MR02 MR06 MR11 MR12 MR04 MR07 MR14
7461,9,21,19,0.9047619047619048,MR13 MR10 MR11 MR02 MR04 MR14 MR06 MR07 MR12
7462,9,22,21,0.9545454545454546,MR13 MR10 MR02 MR11 MR14 MR06 MR04 MR07 MR12
7463,9,25,24,0.96,MR13 MR10 MR02 MR11 MR07 MR14 MR04 MR06 MR12
7464,9,20,19,0.95,MR13 MR10 MR11 MR02 MR12 MR04 MR06 MR14 MR07
7465,9,24,24,1.0,MR13 MR10 MR02 MR06 MR07 MR11 MR04 MR12 MR14
7466,9,23,22,0.9565217391304348,MR13 MR10 MR02 MR11 MR06 MR14 MR04 MR07 MR12
7467,9,22,21,0.9545454545454546,MR13 MR10 MR02 MR11 MR07 MR04 MR06 MR12 MR14
7468,9,27,27,1.0,MR13 MR10 MR11 MR02 MR04 MR07 MR14 MR06 MR12
7469,9,20,20,1.0,MR13 MR10 MR02 MR11 MR07 MR04 MR14 MR06 MR12
7470,9,25,23,0.92,MR13 MR10 MR02 MR11 MR06 MR12 MR04 MR07 MR14
7471,9,24,23,0.9583333333333334,MR12 MR10 MR02 MR07 MR13 MR04 MR06 MR11 MR14
7472,9,22,21,0.9545454545454546,MR13 MR10 MR02 MR11 MR07 MR14 MR04 MR12 MR06
7473,8,24,20,0.8333333333333334,MR13 MR10 MR11 MR02 MR07 MR04 MR14 MR12
7474,9,26,25,0.9615384615384616,MR13 MR10 MR02 MR07 MR11 MR12 MR04 MR06 MR14
7475,9,27,23,0.8518518518518519,MR05 MR10 MR02 MR11 MR06 MR04 MR12 MR14 MR07
7476,9,26,25,0.9615384615384616,MR13 MR10 MR02 MR11 MR07 MR14 MR04 MR06 MR12
7477,9,25,24,0.96,MR13 MR10 MR14 MR02 MR11 MR06 MR04 MR12 MR07
7478,8,25,21,0.84,MR13 MR10 MR11 MR02 MR14 MR04 MR06 MR12
7479,9,25,24,0.96,MR13 MR10 MR02 MR11 MR07 MR12 MR04 MR06 MR14
7480,9,21,20,0.9523809523809523,MR13 MR10 MR02 MR11 MR04 MR06 MR07 MR14 MR12
7481,9,22,21,0.9545454545454546,MR12 MR10 MR02 MR06 MR07 MR11 MR13 MR04 MR14
7482,9,23,22,0.9565217391304348,MR12 MR10 MR11 MR02 MR07 MR14 MR04 MR13 MR06
7483,8,27,23,0.8518518518518519,MR13 MR10 MR11 MR02 MR04 MR06 MR14 MR07
7484,8,22,19,0.8636363636363636,MR13 MR10 MR11 MR02 MR14 MR07 MR04 MR12
7485,8,27,23,0.8518518518518519,MR13 MR10 MR02 MR14 MR06 MR07 MR04 MR11
7486,8,29,25,0.8620689655172413,MR13 MR10 MR11 MR02 MR14 MR04 MR06 MR12
7487,9,28,27,0.9642857142857143,MR13 MR10 MR02 MR06 MR07 MR12 MR04 MR11 MR14
7488,9,29,28,0.9655172413793104,MR13 MR10 MR02 MR11 MR06 MR04 MR07 MR12 MR14
7489,9,22,22,1.0,MR13 MR10 MR11 MR02 MR04 MR06 MR07 MR12 MR14
7490,9,26,25,0.9615384615384616,MR13 MR10 MR02 MR06 MR11 MR14 MR04 MR12 MR07
7491,9,25,24,0.96,MR13 MR10 MR11 MR02 MR04 MR07 MR12 MR14 MR06
7492,9,25,25,1.0,MR13 MR10 MR14 MR02 MR11 MR06 MR04 MR07 MR12
7493,9,29,28,0.9655172413793104,MR12 MR10 MR11 MR02 MR13 MR04 MR07 MR14 MR06
7494,9,24,23,0.9583333333333334,MR13 MR10 MR11 MR02 MR14 MR04 MR06 MR07 MR12
7495,9,25,25,1.0,MR13 MR10 MR11 MR02 MR12 MR04 MR07 MR06 MR14
7496,9,25,24,0.96,MR13 MR10 MR02 MR07 MR06 MR04 MR11 MR12 MR14
7497,9,17,16,0.9411764705882353,MR12 MR10 MR02 MR06 MR07 MR11 MR04 MR13 MR14
7498,9,19,17,0.8947368421052632,MR13 MR10 MR02 MR07 MR11 MR12 MR04 MR06 MR14
7499,9,22,21,0.9545454545454546,MR12 MR10 MR02 MR11 MR07 MR13 MR04 MR06 MR14
7500,9,28,26,0.9285714285714286,MR13 MR10 MR02 MR06 MR11 MR14 MR04 MR07 MR12
7501,9,22,21,0.9545454545454546,MR13 MR10 MR02 MR11 MR07 MR12 MR04 MR14 MR06
7502,8,24,21,0.875,MR13 MR10 MR02 MR07 MR06 MR04 MR11 MR14
7503,9,26,25,0.9615384615384616,MR13 MR10 MR11 MR02 MR12 MR04 MR07 MR06 MR14
7504,9,25,25,1.0,MR12 MR10 MR02 MR06 MR04 MR07 MR11 MR13 MR14
7505,8,29,25,0.8620689655172413,MR13 MR10 MR11 MR02 MR14 MR06 MR04 MR12
7506,9,20,19,0.95,MR13 MR10 MR11 MR02 MR12 MR14 MR04 MR06 MR07
7507,9,23,22,0.9565217391304348,MR13 MR10 MR02 MR07 MR14 MR06 MR04 MR11 MR12
7508,9,27,26,0.9629629629629629,MR12 MR10 MR11 MR02 MR14 MR04 MR06 MR07 MR13
7509,8,23,19,0.8260869565217391,MR13 MR10 MR11 MR02 MR14 MR04 MR07 MR12
7510,8,23,19,0.8260869565217391,MR13 MR10 MR02 MR11 MR07 MR12 MR04 MR06
7511,8,24,21,0.875,MR13 MR10 MR02 MR11 MR07 MR04 MR14 MR06
7512,8,29,25,0.8620689655172413,MR13 MR10 MR02 MR07 MR06 MR14 MR04 MR11
7513,9,20,19,0.95,MR13 MR10 MR02 MR11 MR06 MR12 MR04 MR14 MR07
7514,9,24,24,1.0,MR13 MR10 MR11 MR02 MR14 MR04 MR06 MR07 MR12
7515,9,26,25,0.9615384615384616,MR13 MR10 MR02 MR11 MR06 MR14 MR04 MR07 MR12
7516,9,28,24,0.8571428571428571,MR05 MR10 MR11 MR02 MR14 MR04 MR07 MR06 MR12
7517,9,26,26,1.0,MR13 MR10 MR02 MR06 MR11 MR14 MR04 MR07 MR12
7518,9,26,25,0.9615384615384616,MR13 MR10 MR02 MR11 MR12 MR06 MR04 MR14 MR07
7519,9,23,22,0.9565217391304348,MR12 MR10 MR02 MR11 MR14 MR07 MR04 MR06 MR13
7520,9,22,21,0.9545454545454546,MR13 MR10 MR02 MR06 MR07 MR11 MR04 MR12 MR14
7521,9,22,22,1.0,MR13 MR10 MR11 MR02 MR12 MR07 MR04 MR06 MR14
7522,9,26,25,0.9615384615384616,MR13 MR10 MR02 MR11 MR06 MR04 MR07 MR12 MR14
7523,8,25,21,0.84,MR13 MR10 MR02 MR14 MR06 MR07 MR11 MR04
7524,9,25,25,1.0,MR13 MR10 MR11 MR02 MR12 MR04 MR06 MR07 MR14
7525,9,22,20,0.9090909090909091,MR06 MR10 MR02 MR14 MR13 MR12 MR04 MR11 MR07
7526,9,26,25,0.9615384615384616,MR13 MR10 MR02 MR14 MR06 MR07 MR11 MR04 MR12
7527,9,22,20,0.9090909090909091,MR13 MR10 MR11 MR02 MR04 MR14 MR07 MR06 MR12
7528,8,25,21,0.84,MR13 MR10 MR02 MR11 MR06 MR12 MR04 MR07
7529,9,18,18,1.0,MR13 MR10 MR02 MR11 MR04 MR06 MR07 MR12 MR14
7530,9,24,23,0.9583333333333334,MR12 MR10 MR02 MR06 MR07 MR11 MR04 MR13 MR14
7531,9,21,20,0.9523809523809523,MR13 MR10 MR02 MR11 MR06 MR04 MR07 MR12 MR14
7532,9,26,26,1.0,MR13 MR10 MR02 MR06 MR07 MR11 MR14 MR04 MR12
7533,9,26,25,0.9615384615384616,MR13 MR10 MR02 MR07 MR06 MR14 MR04 MR11 MR12
7534,8,27,23,0.8518518518518519,MR13 MR10 MR11 MR02 MR04 MR07 MR12 MR06
7535,9,25,24,0.96,MR13 MR10 MR14 MR02 MR11 MR07 MR04 MR06 MR12
7536,8,26,22,0.8461538461538461,MR12 MR10 MR07 MR02 MR11 MR04 MR13 MR14
7537,9,24,23,0.9583333333333334,MR13 MR10 MR11 MR02 MR14 MR06 MR04 MR12 MR07
7538,9,26,25,0.9615384615384616,MR13 MR10 MR11 MR02 MR14 MR04 MR06 MR12 MR07
7539,7,20,12,0.6,MR13 MR10 MR11 MR02 MR06 MR04 MR12
7540,9,25,20,0.8,MR05 MR10 MR11 MR02 MR14 MR04 MR12 MR07 MR06
7541,9,24,23,0.9583333333333334,MR13 MR10 MR11 MR02 MR14 MR04 MR06 MR12 MR07
7542,9,27,26,0.9629629629629629,MR13 MR10 MR02 MR06 MR11 MR12 MR04 MR14 MR07
7543,9,21,21,1.0,MR13 MR10 MR02 MR11 MR06 MR12 MR04 MR14 MR07
7544,9,27,26,0.9629629629629629,MR13 MR10 MR11 MR02 MR14 MR04 MR06 MR07 MR12
7545,9,23,22,0.9565217391304348,MR13 MR10 MR02 MR07 MR11 MR04 MR12 MR14 MR06
7546,8,27,24,0.8888888888888888,MR13 MR10 MR11 MR02 MR06 MR12 MR14 MR04
7547,8,26,22,0.8461538461538461,MR13 MR10 MR07 MR02 MR11 MR04 MR14 MR12
7548,9,25,24,0.96,MR13 MR10 MR02 MR06 MR14 MR04 MR07 MR11 MR12
7549,9,23,22,0.9565217391304348,MR13 MR10 MR02 MR06 MR11 MR12 MR14 MR04 MR07
7550,8,26,22,0.8461538461538461,MR13 MR10 MR11 MR02 MR04 MR07 MR14 MR06
7551,9,21,20,0.9523809523809523,MR12 MR10 MR11 MR02 MR13 MR04 MR14 MR06 MR07
7552,9,26,26,1.0,MR13 MR10 MR02 MR06 MR07 MR11 MR04 MR12 MR14
7553,9,22,21,0.9545454545454546,MR13 MR10 MR11 MR02 MR04 MR07 MR06 MR12 MR14
7554,8,28,21,0.75,MR14 MR10 MR11 MR02 MR12 MR04 MR06 MR07
7555,8,26,21,0.8076923076923077,MR13 MR10 MR11 MR02 MR12 MR04 MR07 MR06
7556,9,24,23,0.9583333333333334,MR12 MR10 MR02 MR11 MR13 MR06 MR04 MR07 MR14
7557,9,27,26,0.9629629629629629,MR13 MR10 MR02 MR11 MR07 MR04 MR06 MR14 MR12
7558,9,28,27,0.9642857142857143,MR12 MR10 MR11 MR02 MR13 MR07 MR04 MR14 MR06
7559,9,23,22,0.9565217391304348,MR13 MR10 MR02 MR07 MR11 MR12 MR04 MR06 MR14
7560,9,23,23,1.0,MR13 MR10 MR11 MR02 MR04 MR07 MR12 MR14 MR06
7561,9,24,23,0.9583333333333334,MR13 MR10 MR02 MR11 MR07 MR14 MR04 MR12 MR06
7562,9,27,26,0.9629629629629629,MR13 MR10 MR11 MR02 MR14 MR04 MR07 MR06 MR12
7563,9,21,20,0.9523809523809523,MR13 MR10 MR02 MR11 MR07 MR04 MR06 MR12 MR14
7564,9,27,26,0.9629629629629629,MR12 MR10 MR02 MR11 MR13 MR07 MR14 MR04 MR06
7565,8,27,22,0.8148148148148148,MR13 MR10 MR02 MR06 MR07 MR14 MR04 MR11
7566,9,28,28,1.0,MR13 MR10 MR02 MR06 MR11 MR04 MR12 MR14 MR07
7567,9,24,23,0.9583333333333334,MR13 MR10 MR02 MR11 MR06 MR04 MR12 MR07 MR14
7568,9,19,18,0.9473684210526315,MR13 MR10 MR02 MR11 MR06 MR04 MR07 MR12 MR14
7569,8,26,22,0.8461538461538461,MR13 MR10 MR02 MR11 MR07 MR14 MR04 MR06
7570,9,26,25,0.9615384615384616,MR13 MR10 MR02 MR07 MR04 MR06 MR11 MR14 MR12
7571,8,27,22,0.8148148148148148,MR13 MR10 MR11 MR02 MR07 MR12 MR04 MR06
7572,9,24,23,0.9583333333333334,MR13 MR10 MR02 MR06 MR11 MR14 MR04 MR07 MR12
7573,9,22,21,0.9545454545454546,MR13 MR10 MR11 MR02 MR04 MR07 MR14 MR06 MR12
7574,9,27,26,0.9629629629629629,MR13 MR10 MR02 MR11 MR04 MR06 MR07 MR12 MR14
7575,9,24,23,0.9583333333333334,MR13 MR10 MR02 MR11 MR07 MR12 MR04 MR14 MR06
7576,9,24,21,0.875,MR05 MR10 MR07 MR02 MR11 MR04 MR12 MR06 MR14
7577,9,20,20,1.0,MR12 MR10 MR02 MR11 MR07 MR04 MR06 MR14 MR13
7578,9,23,22,0.9565217391304348,MR13 MR10 MR02 MR07 MR11 MR04 MR06 MR12 MR14
7579,8,28,24,0.8571428571428571,MR13 MR10 MR02 MR06 MR11 MR14 MR04 MR12
7580,9,25,24,0.96,MR13 MR10 MR11 MR02 MR14 MR04 MR06 MR12 MR07
7581,9,22,21,0.9545454545454546,MR13 MR10 MR02 MR06 MR11 MR14 MR04 MR07 MR12
7582,9,24,23,0.9583333333333334,MR13 MR10 MR11 MR02 MR12 MR04 MR07 MR14 MR06
7583,9,26,25,0.9615384615384616,MR12 MR10 MR11 MR02 MR07 MR13 MR14 MR04 MR06
7584,8,28,25,0.8928571428571429,MR13 MR10 MR06 MR02 MR11 MR04 MR12 MR14
7585,9,25,24,0.96,MR13 MR10 MR11 MR02 MR14 MR04 MR07 MR06 MR12
7586,9,22,21,0.9545454545454546,MR13 MR10 MR02 MR11 MR04 MR06 MR07 MR14 MR12
7587,9,28,27,0.9642857142857143,MR13 MR10 MR02 MR11 MR06 MR04 MR07 MR12 MR14
7588,9,26,26,1.0,MR13 MR10 MR11 MR14 MR02 MR04 MR06 MR07 MR12
7589,9,28,27,0.9642857142857143,MR13 MR10 MR07 MR02 MR04 MR14 MR06 MR11 MR12
7590,9,23,21,0.9130434782608695,MR13 MR10 MR11 MR02 MR04 MR06 MR07 MR12 MR14
7591,9,23,22,0.9565217391304348,MR13 MR10 MR11 MR02 MR04 MR14 MR06 MR07 MR12
7592,9,28,27,0.9642857142857143,MR13 MR10 MR11 MR02 MR12 MR04 MR06 MR07 MR14
7593,9,22,22,1.0,MR13 MR10 MR02 MR11 MR06 MR12 MR14 MR04 MR07
7594,8,26,22,0.8461538461538461,MR13 MR10 MR11 MR02 MR12 MR04 MR06 MR07
7595,9,22,22,1.0,MR13 MR10 MR11 MR02 MR12 MR04 MR06 MR14 MR07
7596,9,26,26,1.0,MR12 MR10 MR11 MR02 MR04 MR13 MR14 MR06 MR07
7597,9,24,23,0.9583333333333334,MR13 MR10 MR02 MR11 MR07 MR04 MR06 MR12 MR14
7598,9,20,19,0.95,MR12 MR10 MR02 MR11 MR13 MR04 MR06 MR07 MR14
7599,9,23,22,0.9565217391304348,MR13 MR10 MR11 MR02 MR04 MR06 MR07 MR12 MR14
7600,8,22,19,0.8636363636363636,MR12 MR10 MR11 MR02 MR14 MR07 MR04 MR13
7601,9,26,26,1.0,MR13 MR10 MR11 MR02 MR12 MR14 MR04 MR07 MR06
7602,9,17,17,1.0,MR13 MR10 MR02 MR07 MR14 MR06 MR04 MR11 MR12
7603,9,22,22,1.0,MR13 MR10 MR02 MR06 MR07 MR11 MR04 MR12 MR14
7604,9,22,22,1.0,MR12 MR10 MR11 MR02 MR13 MR04 MR06 MR14 MR07
7605,9,24,23,0.9583333333333334,MR13 MR10 MR11 MR02 MR04 MR06 MR07 MR12 MR14
7606,9,24,23,0.9583333333333334,MR12 MR10 MR02 MR07 MR11 MR13 MR04 MR06 MR14
7607,9,26,25,0.9615384615384616,MR13 MR10 MR02 MR11 MR07 MR14 MR04 MR06 MR12
7608,8,27,23,0.8518518518518519,MR13 MR10 MR07 MR02 MR11 MR04 MR12 MR14
7609,9,25,24,0.96,MR12 MR10 MR02 MR11 MR07 MR04 MR13 MR14 MR06
7610,9,23,23,1.0,MR13 MR10 MR11 MR02 MR04 MR06 MR12 MR14 MR07
7611,9,29,27,0.9310344827586207,MR13 MR10 MR02 MR06 MR07 MR12 MR04 MR11 MR14
7612,9,21,19,0.9047619047619048,MR12 MR10 MR02 MR11 MR07 MR04 MR06 MR13 MR14
7613,9,24,23,0.9583333333333334,MR13 MR10 MR02 MR06 MR11 MR14 MR04 MR07 MR12
7614,9,21,21,1.0,MR13 MR10 MR02 MR11 MR07 MR04 MR14 MR06 MR12
7615,9,23,20,0.8695652173913043,MR05 MR10 MR11 MR02 MR14 MR12 MR04 MR07 MR06
7616,9,26,25,0.9615384615384616,MR13 MR10 MR02 MR06 MR11 MR12 MR04 MR07 MR14
7617,9,21,20,0.9523809523809523,MR13 MR10 MR02 MR06 MR07 MR11 MR04 MR14 MR12
7618,9,27,26,0.9629629629629629,MR13 MR10 MR11 MR02 MR04 MR06 MR14 MR07 MR12
7619,9,23,22,0.9565217391304348,MR13 MR10 MR02 MR11 MR07 MR14 MR04 MR06 MR12
7620,9,23,23,1.0,MR13 MR10 MR02 MR07 MR11 MR04 MR14 MR06 MR12
7621,9,30,29,0.9666666666666667,MR13 MR10 MR07 MR02 MR06 MR12 MR04 MR14 MR11
7622,9,24,23,0.9583333333333334,MR12 MR10 MR02 MR11 MR06 MR13 MR04 MR07 MR14
7623,8,26,21,0.8076923076923077,MR13 MR10 MR11 MR02 MR04 MR06 MR14 MR12
7624,9,24,23,0.9583333333333334,MR12 MR10 MR11 MR02 MR07 MR14 MR04 MR13 MR06
7625,9,22,21,0.9545454545454546,MR12 MR10 MR02 MR11 MR07 MR04 MR06 MR13 MR14
7626,9,26,25,0.9615384615384616,MR13 MR10 MR02 MR06 MR07 MR11 MR04 MR12 MR14
7627,9,25,24,0.96,MR12 MR10 MR02 MR11 MR06 MR04 MR07 MR13 MR14
7628,9,22,18,0.8181818181818182,MR12 MR10 MR02 MR07 MR06 MR04 MR05 MR11 MR14
7629,9,21,20,0.9523809523809523,MR13 MR10 MR11 MR02 MR14 MR04 MR07 MR06 MR12
7630,9,21,21,1.0,MR13 MR10 MR02 MR07 MR11 MR04 MR06 MR14 MR12
7631,9,24,23,0.9583333333333334,MR13 MR10 MR02 MR11 MR12 MR06 MR04 MR07 MR14
7632,9,17,17,1.0,MR13 MR10 MR02 MR11 MR06 MR12 MR04 MR14 MR07
7633,9,25,24,0.96,MR13 MR10 MR02 MR11 MR14 MR04 MR06 MR07 MR12
7634,9,24,24,1.0,MR13 MR10 MR02 MR07 MR06 MR14 MR04 MR12 MR11
7635,9,24,23,0.9583333333333334,MR12 MR10 MR11 MR02 MR13 MR04 MR06 MR07 MR14
7636,9,22,21,0.9545454545454546,MR13 MR10 MR11 MR02 MR04 MR07 MR06 MR12 MR14
7637,9,26,25,0.9615384615384616,MR12 MR10 MR11 MR02 MR13 MR04 MR06 MR14 MR07
7638,9,24,23,0.9583333333333334,MR13 MR10 MR02 MR06 MR07 MR11 MR04 MR12 MR14
7639,9,25,24,0.96,MR12 MR10 MR11 MR02 MR13 MR04 MR06 MR07 MR14
7640,9,18,18,1.0,MR12 MR10 MR02 MR07 MR11 MR14 MR04 MR13 MR06
7641,9,25,24,0.96,MR13 MR10 MR07 MR02 MR14 MR04 MR11 MR12 MR06
7642,8,23,20,0.8695652173913043,MR13 MR10 MR11 MR02 MR07 MR04 MR14 MR12
7643,9,24,23,0.9583333333333334,MR12 MR10 MR11 MR02 MR13 MR07 MR04 MR14 MR06
7644,8,25,22,0.88,MR13 MR10 MR11 MR02 MR07 MR04 MR12 MR14
7645,9,28,27,0.9642857142857143,MR13 MR10 MR02 MR07 MR12 MR04 MR06 MR11 MR14
7646,9,22,21,0.9545454545454546,MR13 MR10 MR11 MR14 MR02 MR04 MR06 MR07 MR12
7647,9,28,27,0.9642857142857143,MR13 MR10 MR02 MR06 MR04 MR07 MR11 MR12 MR14
7648,9,22,21,0.9545454545454546,MR13 MR10 MR02 MR06 MR11 MR14 MR04 MR12 MR07
7649,9,19,19,1.0,MR13 MR10 MR02 MR06 MR11 MR04 MR12 MR07 MR14
7650,9,27,26,0.9629629629629629,MR13 MR10 MR02 MR11 MR06 MR04 MR12 MR14 MR07
7651,9,23,22,0.9565217391304348,MR12 MR10 MR11 MR02 MR14 MR13 MR04 MR07 MR06
7652,9,22,21,0.9545454545454546,MR13 MR10 MR02 MR07 MR11 MR12 MR04 MR06 MR14
7653,9,25,21,0.84,MR12 MR10 MR11 MR02 MR04 MR07 MR14 MR05 MR06
7654,9,20,19,0.95,MR13 MR10 MR02 MR07 MR11 MR04 MR12 MR14 MR06
7655,9,23,21,0.9130434782608695,MR13 MR10 MR02 MR06 MR14 MR04 MR07 MR11 MR12
7656,8,19,15,0.7894736842105263,MR13 MR10 MR02 MR11 MR07 MR04 MR06 MR12
7657,9,22,21,0.9545454545454546,MR13 MR10 MR02 MR11 MR07 MR04 MR06 MR14 MR12
7658,9,26,25,0.9615384615384616,MR13 MR10 MR02 MR06 MR07 MR11 MR14 MR04 MR12
7659,9,23,22,0.9565217391304348,MR13 MR10 MR11 MR02 MR14 MR04 MR06 MR12 MR07
7660,9,18,17,0.9444444444444444,MR13 MR10 MR02 MR11 MR14 MR07 MR12 MR04 MR06
7661,9,24,24,1.0,MR13 MR10 MR02 MR11 MR04 MR06 MR07 MR12 MR14
7662,8,25,22,0.88,MR13 MR10 MR11 MR02 MR07 MR14 MR04 MR06
7663,9,26,22,0.8461538461538461,MR12 MR10 MR07 MR02 MR04 MR05 MR11 MR14 MR06
7664,9,24,24,1.0,MR13 MR10 MR11 MR02 MR06 MR04 MR12 MR14 MR07
7665,9,24,23,0.9583333333333334,MR13 MR10 MR02 MR07 MR06 MR04 MR12 MR14 MR11
7666,9,25,24,0.96,MR13 MR10 MR02 MR07 MR11 MR04 MR06 MR12 MR14
7667,9,19,18,0.9473684210526315,MR13 MR10 MR02 MR11 MR07 MR04 MR06 MR14 MR12
7668,9,20,20,1.0,MR13 MR10 MR02 MR11 MR07 MR04 MR06 MR12 MR14
7669,9,19,18,0.9473684210526315,MR13 MR10 MR02 MR11 MR06 MR04 MR07 MR12 MR14
7670,9,26,25,0.9615384615384616,MR13 MR10 MR02 MR11 MR07 MR04 MR12 MR06 MR14
7671,9,24,23,0.9583333333333334,MR12 MR10 MR02 MR13 MR11 MR07 MR04 MR06 MR14
7672,9,21,20,0.9523809523809523,MR13 MR10 MR11 MR02 MR14 MR04 MR06 MR07 MR12
7673,9,26,25,0.9615384615384616,MR13 MR10 MR11 MR02 MR04 MR07 MR14 MR12 MR06
7674,9,19,19,1.0,MR13 MR10 MR11 MR02 MR14 MR04 MR06 MR12 MR07
7675,9,22,21,0.9545454545454546,MR12 MR10 MR06 MR02 MR13 MR04 MR11 MR14 MR07
7676,9,26,25,0.9615384615384616,MR13 MR10 MR02 MR06 MR11 MR04 MR12 MR14 MR07
7677,9,24,23,0.9583333333333334,MR13 MR10 MR11 MR02 MR14 MR04 MR06 MR07 MR12
7678,9,23,22,0.9565217391304348,MR13 MR10 MR02 MR07 MR11 MR04 MR06 MR14 MR12
7679,9,22,22,1.0,MR13 MR10 MR07 MR02 MR14 MR11 MR04 MR12 MR06
7680,9,25,25,1.0,MR14 MR10 MR11 MR02 MR04 MR06 MR13 MR07 MR12
7681,9,24,24,1.0,MR13 MR10 MR02 MR06 MR11 MR04 MR07 MR14 MR12
7682,8,23,19,0.8260869565217391,MR13 MR10 MR11 MR02 MR07 MR12 MR14 MR04
7683,9,19,19,1.0,MR13 MR10 MR02 MR06 MR12 MR11 MR04 MR07 MR14
7684,9,23,23,1.0,MR13 MR10 MR02 MR11 MR06 MR14 MR04 MR07 MR12
7685,9,22,22,1.0,MR13 MR10 MR11 MR02 MR14 MR04 MR07 MR06 MR12
7686,9,24,23,0.9583333333333334,MR12 MR10 MR11 MR02 MR13 MR04 MR07 MR06 MR14
7687,8,27,23,0.8518518518518519,MR14 MR10 MR11 MR02 MR07 MR13 MR04 MR12
7688,9,28,27,0.9642857142857143,MR13 MR10 MR02 MR11 MR06 MR12 MR14 MR04 MR07
7689,9,22,22,1.0,MR13 MR10 MR11 MR14 MR02 MR04 MR06 MR07 MR12
7690,9,23,23,1.0,MR12 MR10 MR11 MR02 MR13 MR04 MR06 MR07 MR14
7691,9,22,21,0.9545454545454546,MR13 MR10 MR11 MR02 MR04 MR07 MR14 MR06 MR12
7692,9,21,17,0.8095238095238095,MR05 MR10 MR11 MR02 MR14 MR04 MR07 MR12 MR06
7693,9,22,21,0.9545454545454546,MR12 MR10 MR02 MR11 MR13 MR06 MR04 MR07 MR14
7694,9,22,20,0.9090909090909091,MR13 MR10 MR02 MR07 MR14 MR11 MR04 MR06 MR12
7695,9,25,25,1.0,MR13 MR10 MR02 MR11 MR14 MR06 MR04 MR07 MR12
7696,9,24,23,0.9583333333333334,MR13 MR10 MR02 MR11 MR12 MR04 MR06 MR07 MR14
7697,9,26,24,0.9230769230769231,MR13 MR10 MR02 MR11 MR14 MR07 MR04 MR12 MR06
7698,9,27,26,0.9629629629629629,MR13 MR10 MR11 MR02 MR14 MR04 MR06 MR12 MR07
7699,9,20,20,1.0,MR12 MR10 MR02 MR06 MR07 MR13 MR04 MR11 MR14
7700,9,27,27,1.0,MR13 MR10 MR02 MR11 MR12 MR06 MR04 MR07 MR14
7701,9,20,19,0.95,MR06 MR10 MR02 MR11 MR12 MR13 MR04 MR14 MR07
7702,9,21,20,0.9523809523809523,MR13 MR10 MR11 MR02 MR12 MR04 MR07 MR14 MR06
7703,9,23,22,0.9565217391304348,MR13 MR10 MR02 MR06 MR07 MR12 MR14 MR04 MR11
7704,9,23,22,0.9565217391304348,MR12 MR10 MR02 MR11 MR14 MR07 MR04 MR06 MR13
7705,8,22,18,0.8181818181818182,MR13 MR10 MR11 MR02 MR07 MR14 MR04 MR12
7706,9,27,26,0.9629629629629629,MR13 MR10 MR02 MR11 MR04 MR06 MR07 MR14 MR12
7707,9,24,22,0.9166666666666666,MR13 MR10 MR02 MR07 MR11 MR04 MR14 MR06 MR12
7708,9,28,28,1.0,MR13 MR10 MR02 MR11 MR07 MR04 MR06 MR12 MR14
7709,8,26,22,0.8461538461538461,MR12 MR10 MR11 MR02 MR14 MR06 MR04 MR13
7710,9,21,20,0.9523809523809523,MR12 MR10 MR07 MR02 MR11 MR04 MR13 MR14 MR06
7711,9,26,25,0.9615384615384616,MR13 MR10 MR02 MR11 MR07 MR14 MR04 MR06 MR12
7712,9,23,22,0.9565217391304348,MR13 MR10 MR11 MR02 MR04 MR07 MR12 MR06 MR14
7713,9,25,24,0.96,MR12 MR10 MR02 MR07 MR13 MR11 MR04 MR06 MR14
7714,9,18,17,0.9444444444444444,MR13 MR10 MR02 MR11 MR14 MR04 MR06 MR07 MR12
7715,9,25,21,0.84,MR05 MR10 MR11 MR02 MR14 MR04 MR07 MR12 MR06
7716,9,23,22,0.9565217391304348,MR13 MR10 MR02 MR11 MR07 MR04 MR12 MR14 MR06
7717,9,23,22,0.9565217391304348,MR13 MR10 MR02 MR14 MR06 MR11 MR04 MR07 MR12
7718,9,23,21,0.9130434782608695,MR13 MR10 MR11 MR02 MR14 MR04 MR07 MR06 MR12
7719,9,27,26,0.9629629629629629,MR13 MR10 MR02 MR11 MR07 MR04 MR06 MR12 MR14
7720,9,29,27,0.9310344827586207,MR13 MR10 MR02 MR11 MR07 MR04 MR06 MR12 MR14
7721,8,22,18,0.8181818181818182,MR13 MR10 MR11 MR02 MR04 MR07 MR12 MR14
7722,9,21,21,1.0,MR13 MR10 MR02 MR11 MR06 MR14 MR04 MR12 MR07
7723,9,21,21,1.0,MR13 MR10 MR02 MR11 MR07 MR04 MR12 MR06 MR14
7724,9,23,22,0.9565217391304348,MR12 MR10 MR02 MR11 MR06 MR14 MR04 MR07 MR13
7725,9,27,26,0.9629629629629629,MR12 MR10 MR02 MR11 MR14 MR04 MR06 MR07 MR13
7726,8,23,20,0.8695652173913043,MR13 MR10 MR11 MR02 MR04 MR06 MR07 MR14
7727,9,24,23,0.9583333333333334,MR13 MR10 MR02 MR11 MR07 MR12 MR04 MR06 MR14
7728,9,22,21,0.9545454545454546,MR13 MR10 MR02 MR07 MR06 MR04 MR14 MR11 MR12
7729,9,23,22,0.9565217391304348,MR13 MR10 MR02 MR06 MR11 MR04 MR07 MR12 MR14
7730,9,19,18,0.9473684210526315,MR12 MR10 MR11 MR02 MR04 MR06 MR13 MR14 MR07
7731,9,24,23,0.9583333333333334,MR12 MR10 MR11 MR02 MR13 MR04 MR14 MR06 MR07
7732,8,22,15,0.6818181818181818,MR05 MR10 MR11 MR02 MR14 MR04 MR07 MR12
7733,8,25,21,0.84,MR13 MR10 MR11 MR02 MR14 MR04 MR12 MR07
7734,9,22,21,0.9545454545454546,MR13 MR10 MR11 MR02 MR14 MR04 MR07 MR12 MR06
7735,9,20,20,1.0,MR13 MR10 MR11 MR02 MR04 MR14 MR06 MR07 MR12
7736,9,26,25,0.9615384615384616,MR12 MR10 MR11 MR02 MR04 MR07 MR14 MR06 MR13
7737,9,21,21,1.0,MR13 MR10 MR02 MR07 MR11 MR04 MR14 MR12 MR06
7738,9,25,24,0.96,MR13 MR10 MR02 MR07 MR11 MR04 MR12 MR06 MR14
7739,8,28,24,0.8571428571428571,MR13 MR10 MR02 MR11 MR12 MR04 MR06 MR07
7740,9,24,22,0.9166666666666666,MR13 MR10 MR11 MR02 MR04 MR12 MR06 MR07 MR14
7741,9,22,21,0.9545454545454546,MR13 MR10 MR02 MR11 MR06 MR04 MR12 MR14 MR07
7742,9,25,24,0.96,MR13 MR10 MR02 MR07 MR11 MR14 MR04 MR12 MR06
7743,9,24,23,0.9583333333333334,MR13 MR10 MR02 MR11 MR06 MR04 MR12 MR07 MR14
7744,9,26,22,0.8461538461538461,MR12 MR10 MR11 MR02 MR04 MR14 MR05 MR07 MR06
7745,9,28,27,0.9642857142857143,MR13 MR10 MR02 MR11 MR07 MR14 MR04 MR06 MR12
7746,8,26,22,0.8461538461538461,MR12 MR10 MR11 MR02 MR14 MR04 MR13 MR06
7747,9,25,24,0.96,MR13 MR10 MR11 MR02 MR14 MR04 MR07 MR12 MR06
7748,9,26,25,0.9615384615384616,MR13 MR10 MR02 MR11 MR07 MR04 MR06 MR12 MR14
7749,9,26,25,0.9615384615384616,MR13 MR10 MR11 MR02 MR07 MR14 MR04 MR12 MR06
7750,9,25,24,0.96,MR13 MR10 MR02 MR14 MR06 MR07 MR11 MR04 MR12
7751,9,24,23,0.9583333333333334,MR13 MR10 MR02 MR06 MR11 MR12 MR04 MR14 MR07
7752,9,21,20,0.9523809523809523,MR13 MR10 MR11 MR02 MR06 MR04 MR12 MR14 MR07
7753,9,24,23,0.9583333333333334,MR13 MR10 MR02 MR11 MR07 MR04 MR06 MR12 MR14
7754,9,22,21,0.9545454545454546,MR13 MR10 MR11 MR02 MR04 MR07 MR12 MR06 MR14
7755,9,23,22,0.9565217391304348,MR13 MR10 MR11 MR02 MR07 MR14 MR04 MR12 MR06
7756,8,24,20,0.8333333333333334,MR13 MR10 MR11 MR02 MR04 MR14 MR06 MR12
7757,9,22,22,1.0,MR13 MR10 MR02 MR11 MR07 MR04 MR06 MR14 MR12
7758,9,28,27,0.9642857142857143,MR13 MR10 MR02 MR11 MR07 MR12 MR04 MR06 MR14
7759,9,21,20,0.9523809523809523,MR13 MR10 MR02 MR11 MR07 MR14 MR04 MR06 MR12
7760,9,25,24,0.96,MR13 MR10 MR11 MR02 MR12 MR04 MR07 MR14 MR06
7761,9,23,22,0.9565217391304348,MR12 MR10 MR11 MR02 MR14 MR04 MR07 MR06 MR13
7762,9,21,20,0.9523809523809523,MR13 MR10 MR11 MR02 MR14 MR04 MR12 MR06 MR07
7763,9,19,15,0.7894736842105263,MR12 MR10 MR11 MR02 MR14 MR04 MR05 MR07 MR06
7764,9,23,22,0.9565217391304348,MR13 MR10 MR11 MR02 MR14 MR12 MR04 MR07 MR06
7765,9,20,19,0.95,MR13 MR10 MR02 MR06 MR11 MR04 MR14 MR07 MR12
7766,9,22,21,0.9545454545454546,MR13 MR10 MR11 MR02 MR04 MR06 MR12 MR14 MR07
7767,9,22,21,0.9545454545454546,MR13 MR10 MR11 MR02 MR06 MR14 MR04 MR12 MR07
7768,9,25,24,0.96,MR13 MR10 MR02 MR11 MR14 MR04 MR06 MR07 MR12
7769,9,25,24,0.96,MR13 MR10 MR02 MR06 MR11 MR12 MR04 MR07 MR14
7770,9,25,24,0.96,MR13 MR10 MR02 MR11 MR04 MR06 MR07 MR12 MR14
7771,9,24,23,0.9583333333333334,MR13 MR10 MR07 MR02 MR04 MR11 MR12 MR14 MR06
7772,9,24,24,1.0,MR12 MR10 MR11 MR02 MR07 MR13 MR04 MR06 MR14
7773,9,18,17,0.9444444444444444,MR13 MR10 MR11 MR02 MR04 MR07 MR14 MR06 MR12
7774,9,22,21,0.9545454545454546,MR13 MR10 MR02 MR11 MR07 MR14 MR04 MR12 MR06
7775,9,27,26,0.9629629629629629,MR12 MR10 MR11 MR02 MR13 MR04 MR14 MR06 MR07
7776,9,21,20,0.9523809523809523,MR12 MR10 MR02 MR11 MR13 MR14 MR04 MR06 MR07
7777,9,26,25,0.9615384615384616,MR12 MR10 MR02 MR06 MR11 MR13 MR04 MR07 MR14
7778,9,27,27,1.0,MR12 MR10 MR02 MR06 MR13 MR07 MR04 MR14 MR11
7779,9,23,22,0.9565217391304348,MR13 MR10 MR02 MR07 MR11 MR14 MR04 MR12 MR06
7780,9,23,22,0.9565217391304348,MR13 MR10 MR02 MR11 MR06 MR14 MR04 MR07 MR12
7781,9,25,25,1.0,MR13 MR10 MR11 MR02 MR04 MR07 MR12 MR14 MR06
7782,9,23,22,0.9565217391304348,MR13 MR10 MR14 MR02 MR06 MR11 MR04 MR07 MR12
7783,9,26,25,0.9615384615384616,MR13 MR10 MR02 MR06 MR07 MR11 MR04 MR14 MR12
7784,9,24,23,0.9583333333333334,MR13 MR10 MR11 MR02 MR06 MR12 MR04 MR07 MR14
7785,9,24,24,1.0,MR13 MR10 MR02 MR11 MR07 MR12 MR14 MR04 MR06
7786,9,24,20,0.8333333333333334,MR12 MR10 MR11 MR02 MR14 MR04 MR05 MR06 MR07
7787,8,24,20,0.8333333333333334,MR13 MR10 MR02 MR11 MR06 MR04 MR07 MR12
7788,9,24,23,0.9583333333333334,MR13 MR10 MR02 MR07 MR11 MR04 MR12 MR06 MR14
7789,9,24,23,0.9583333333333334,MR12 MR10 MR02 MR11 MR13 MR04 MR06 MR07 MR14
7790,9,26,25,0.9615384615384616,MR13 MR10 MR02 MR07 MR11 MR14 MR04 MR12 MR06
7791,9,27,25,0.9259259259259259,MR13 MR10 MR02 MR11 MR12 MR04 MR06 MR07 MR14
7792,9,23,18,0.782608695652174,MR05 MR10 MR11 MR02 MR07 MR12 MR04 MR14 MR06
7793,9,23,22,0.9565217391304348,MR13 MR10 MR02 MR11 MR07 MR04 MR06 MR12 MR14
7794,9,26,25,0.9615384615384616,MR13 MR10 MR02 MR07 MR06 MR04 MR11 MR14 MR12
7795,9,27,26,0.9629629629629629,MR13 MR10 MR02 MR11 MR04 MR06 MR07 MR12 MR14
7796,8,22,18,0.8181818181818182,MR13 MR10 MR02 MR06 MR11 MR12 MR04 MR07
7797,9,22,22,1.0,MR13 MR10 MR11 MR02 MR14 MR04 MR06 MR12 MR07
7798,9,20,19,0.95,MR13 MR10 MR02 MR06 MR11 MR04 MR14 MR07 MR12
7799,9,23,23,1.0,MR12 MR10 MR02 MR06 MR11 MR04 MR13 MR14 MR07
7800,8,22,18,0.8181818181818182,MR13 MR10 MR02 MR11 MR12 MR04 MR06 MR07
7801,9,29,28,0.9655172413793104,MR13 MR10 MR11 MR02 MR14 MR04 MR06 MR07 MR12
7802,9,24,24,1.0,MR12 MR10 MR02 MR14 MR11 MR06 MR04 MR07 MR13
7803,9,25,25,1.0,MR13 MR10 MR02 MR11 MR06 MR04 MR07 MR14 MR12
7804,9,25,24,0.96,MR13 MR10 MR11 MR02 MR14 MR04 MR06 MR12 MR07
7805,9,22,22,1.0,MR13 MR10 MR02 MR11 MR07 MR04 MR12 MR14 MR06
7806,9,22,21,0.9545454545454546,MR13 MR10 MR11 MR02 MR04 MR07 MR12 MR14 MR06
7807,9,26,25,0.9615384615384616,MR13 MR10 MR02 MR11 MR07 MR14 MR04 MR12 MR06
7808,9,24,23,0.9583333333333334,MR13 MR10 MR02 MR11 MR07 MR14 MR04 MR06 MR12
7809,9,25,25,1.0,MR13 MR10 MR11 MR02 MR04 MR07 MR14 MR12 MR06
7810,9,21,21,1.0,MR13 MR10 MR02 MR11 MR07 MR04 MR14 MR06 MR12
7811,9,24,24,1.0,MR12 MR10 MR11 MR02 MR04 MR06 MR13 MR14 MR07
7812,9,26,25,0.9615384615384616,MR13 MR10 MR11 MR02 MR04 MR06 MR14 MR12 MR07
7813,9,21,20,0.9523809523809523,MR13 MR10 MR02 MR11 MR07 MR04 MR06 MR12 MR14
7814,9,18,17,0.9444444444444444,MR13 MR10 MR11 MR02 MR04 MR12 MR14 MR06 MR07
7815,9,22,21,0.9545454545454546,MR13 MR10 MR11 MR02 MR04 MR06 MR07 MR12 MR14
7816,9,25,23,0.92,MR13 MR10 MR11 MR02 MR12 MR04 MR07 MR06 MR14
7817,9,25,24,0.96,MR13 MR10 MR02 MR11 MR04 MR06 MR07 MR12 MR14
7818,9,22,22,1.0,MR13 MR10 MR02 MR07 MR11 MR14 MR04 MR06 MR12
7819,9,26,25,0.9615384615384616,MR13 MR10 MR02 MR07 MR12 MR04 MR06 MR11 MR14
7820,9,24,23,0.9583333333333334,MR13 MR10 MR11 MR02 MR04 MR07 MR14 MR12 MR06
7821,9,24,23,0.9583333333333334,MR12 MR10 MR02 MR07 MR11 MR13 MR04 MR14 MR06
7822,8,22,18,0.8181818181818182,MR13 MR10 MR02 MR07 MR11 MR04 MR12 MR06
7823,9,24,23,0.9583333333333334,MR13 MR10 MR02 MR11 MR04 MR06 MR07 MR14 MR12
7824,9,24,22,0.9166666666666666,MR13 MR10 MR02 MR06 MR04 MR07 MR11 MR12 MR14
7825,9,24,23,0.9583333333333334,MR13 MR10 MR02 MR11 MR14 MR06 MR04 MR07 MR12
7826,9,27,27,1.0,MR13 MR10 MR02 MR11 MR07 MR12 MR04 MR06 MR14
7827,9,21,20,0.9523809523809523,MR13 MR10 MR02 MR11 MR14 MR07 MR04 MR12 MR06
7828,9,22,21,0.9545454545454546,MR13 MR10 MR02 MR07 MR11 MR04 MR12 MR06 MR14
7829,8,25,21,0.84,MR12 MR10 MR11 MR02 MR06 MR13 MR04 MR14
7830,9,23,22,0.9565217391304348,MR12 MR10 MR11 MR02 MR13 MR06 MR04 MR14 MR07
7831,9,24,24,1.0,MR13 MR10 MR02 MR11 MR07 MR12 MR04 MR06 MR14
7832,9,26,25,0.9615384615384616,MR06 MR10 MR02 MR11 MR14 MR04 MR13 MR12 MR07
7833,9,20,20,1.0,MR13 MR10 MR02 MR07 MR14 MR11 MR04 MR06 MR12
7834,9,23,22,0.9565217391304348,MR13 MR10 MR02 MR11 MR06 MR14 MR04 MR07 MR12
7835,9,22,19,0.8636363636363636,MR12 MR10 MR11 MR02 MR05 MR04 MR06 MR07 MR14
7836,9,23,23,1.0,MR13 MR10 MR02 MR06 MR11 MR04 MR12 MR14 MR07
7837,9,26,25,0.9615384615384616,MR13 MR10 MR02 MR06 MR11 MR04 MR12 MR07 MR14
7838,9,24,23,0.9583333333333334,MR14 MR10 MR02 MR06 MR11 MR13 MR04 MR07 MR12
7839,9,23,22,0.9565217391304348,MR13 MR10 MR11 MR02 MR04 MR06 MR12 MR14 MR07
7840,9,24,22,0.9166666666666666,MR12 MR10 MR11 MR02 MR14 MR13 MR04 MR07 MR06
7841,9,20,19,0.95,MR13 MR10 MR02 MR11 MR12 MR14 MR04 MR06 MR07
7842,9,22,20,0.9090909090909091,MR13 MR10 MR02 MR07 MR11 MR12 MR04 MR14 MR06
7843,8,25,21,0.84,MR13 MR10 MR11 MR02 MR06 MR14 MR04 MR12
7844,9,24,23,0.9583333333333334,MR13 MR10 MR02 MR07 MR04 MR06 MR11 MR14 MR12
7845,9,20,20,1.0,MR13 MR10 MR11 MR02 MR14 MR04 MR06 MR12 MR07
7846,9,27,25,0.9259259259259259,MR13 MR10 MR02 MR06 MR11 MR14 MR04 MR07 MR12
7847,9,23,21,0.9130434782608695,MR12 MR10 MR02 MR06 MR13 MR04 MR07 MR11 MR14
7848,9,22,22,1.0,MR13 MR10 MR11 MR02 MR12 MR04 MR06 MR07 MR14
7849,8,21,17,0.8095238095238095,MR13 MR10 MR02 MR06 MR07 MR04 MR14 MR11
7850,9,23,22,0.9565217391304348,MR13 MR10 MR02 MR11 MR14 MR04 MR06 MR07 MR12
7851,9,26,25,0.9615384615384616,MR13 MR10 MR02 MR06 MR07 MR04 MR12 MR14 MR11
7852,8,25,21,0.84,MR13 MR10 MR02 MR11 MR06 MR04 MR12 MR07
7853,9,22,21,0.9545454545454546,MR13 MR10 MR11 MR02 MR04 MR06 MR12 MR07 MR14
7854,9,23,22,0.9565217391304348,MR12 MR10 MR02 MR11 MR13 MR07 MR04 MR06 MR14
7855,9,19,19,1.0,MR13 MR10 MR02 MR11 MR06 MR04 MR07 MR12 MR14
7856,9,25,24,0.96,MR13 MR10 MR11 MR02 MR12 MR06 MR14 MR04 MR07
7857,9,26,25,0.9615384615384616,MR13 MR10 MR02 MR11 MR04 MR06 MR07 MR12 MR14
7858,8,26,21,0.8076923076923077,MR13 MR10 MR02 MR06 MR11 MR14 MR12 MR04
7859,9,27,26,0.9629629629629629,MR12 MR10 MR11 MR02 MR13 MR14 MR04 MR07 MR06
7860,9,20,20,1.0,MR13 MR10 MR11 MR02 MR12 MR04 MR07 MR14 MR06
7861,9,22,21,0.9545454545454546,MR13 MR10 MR02 MR06 MR07 MR04 MR11 MR14 MR12
7862,9,28,24,0.8571428571428571,MR05 MR10 MR02 MR07 MR14 MR06 MR04 MR11 MR12
7863,9,23,22,0.9565217391304348,MR13 MR10 MR02 MR11 MR07 MR12 MR14 MR04 MR06
7864,9,24,24,1.0,MR13 MR10 MR02 MR14 MR06 MR11 MR04 MR07 MR12
7865,9,22,21,0.9545454545454546,MR13 MR10 MR02 MR11 MR14 MR07 MR04 MR06 MR12
7866,9,20,19,0.95,MR13 MR10 MR02 MR11 MR07 MR12 MR04 MR06 MR14
7867,9,29,28,0.9655172413793104,MR13 MR10 MR11 MR02 MR14 MR04 MR06 MR12 MR07
7868,9,24,23,0.9583333333333334,MR13 MR10 MR02 MR11 MR07 MR14 MR04 MR06 MR12
7869,9,28,26,0.9285714285714286,MR12 MR10 MR02 MR11 MR04 MR06 MR07 MR13 MR14
7870,9,24,23,0.9583333333333334,MR12 MR10 MR02 MR06 MR13 MR04 MR07 MR11 MR14
7871,9,23,22,0.9565217391304348,MR13 MR10 MR02 MR06 MR07 MR11 MR04 MR12 MR14
7872,8,24,21,0.875,MR13 MR10 MR07 MR02 MR14 MR04 MR11 MR06
7873,9,26,26,1.0,MR13 MR10 MR02 MR11 MR07 MR04 MR12 MR14 MR06
7874,9,24,23,0.9583333333333334,MR12 MR10 MR11 MR02 MR04 MR13 MR06 MR07 MR14
7875,9,19,18,0.9473684210526315,MR13 MR10 MR11 MR02 MR06 MR14 MR04 MR12 MR07
7876,8,22,19,0.8636363636363636,MR13 MR10 MR02 MR07 MR12 MR06 MR04 MR11
7877,9,29,27,0.9310344827586207,MR13 MR10 MR02 MR11 MR14 MR06 MR04 MR07 MR12
7878,9,21,20,0.9523809523809523,MR13 MR10 MR02 MR11 MR12 MR07 MR14 MR04 MR06
7879,9,24,22,0.9166666666666666,MR13 MR10 MR02 MR06 MR11 MR04 MR12 MR14 MR07
7880,9,22,18,0.8181818181818182,MR05 MR10 MR02 MR11 MR07 MR14 MR04 MR06 MR12
7881,9,23,22,0.9565217391304348,MR13 MR10 MR02 MR07 MR11 MR04 MR12 MR06 MR14
7882,9,25,24,0.96,MR12 MR10 MR11 MR02 MR14 MR04 MR07 MR06 MR13
7883,9,23,23,1.0,MR12 MR10 MR02 MR11 MR13 MR04 MR06 MR07 MR14
7884,9,24,23,0.9583333333333334,MR13 MR10 MR11 MR02 MR14 MR04 MR06 MR07 MR12
7885,9,27,27,1.0,MR13 MR10 MR11 MR02 MR14 MR04 MR07 MR06 MR12
7886,9,22,20,0.9090909090909091,MR13 MR10 MR02 MR06 MR11 MR04 MR12 MR07 MR14
7887,8,23,19,0.8260869565217391,MR13 MR10 MR02 MR07 MR11 MR04 MR14 MR12
7888,9,23,21,0.9130434782608695,MR13 MR10 MR11 MR02 MR12 MR04 MR07 MR06 MR14
7889,8,20,16,0.8,MR13 MR10 MR11 MR02 MR04 MR14 MR07 MR12
7890,9,25,23,0.92,MR13 MR10 MR02 MR11 MR12 MR04 MR06 MR07 MR14
7891,9,27,26,0.9629629629629629,MR13 MR10 MR02 MR06 MR11 MR04 MR07 MR14 MR12
7892,9,26,25,0.9615384615384616,MR12 MR10 MR02 MR11 MR07 MR13 MR04 MR06 MR14
7893,9,25,24,0.96,MR13 MR10 MR02 MR11 MR04 MR06 MR07 MR14 MR12
7894,9,29,28,0.9655172413793104,MR13 MR10 MR02 MR11 MR07 MR12 MR14 MR04 MR06
7895,9,25,24,0.96,MR13 MR10 MR02 MR11 MR07 MR14 MR04 MR12 MR06
7896,9,25,24,0.96,MR13 MR10 MR02 MR06 MR11 MR14 MR04 MR12 MR07
7897,9,24,24,1.0,MR13 MR10 MR11 MR02 MR04 MR06 MR07 MR14 MR12
7898,9,23,21,0.9130434782608695,MR13 MR10 MR11 MR02 MR14 MR06 MR12 MR04 MR07
7899,9,22,21,0.9545454545454546,MR12 MR10 MR02 MR14 MR07 MR11 MR04 MR06 MR13
7900,9,24,23,0.9583333333333334,MR13 MR10 MR02 MR07 MR11 MR04 MR14 MR06 MR12
7901,9,17,17,1.0,MR13 MR10 MR02 MR11 MR04 MR06 MR07 MR12 MR14
7902,8,23,20,0.8695652173913043,MR13 MR10 MR02 MR11 MR07 MR14 MR04 MR06
7903,9,23,22,0.9565217391304348,MR12 MR10 MR11 MR02 MR13 MR04 MR07 MR06 MR14
7904,9,19,19,1.0,MR12 MR10 MR02 MR07 MR11 MR04 MR06 MR14 MR13
7905,9,25,24,0.96,MR13 MR10 MR11 MR02 MR04 MR12 MR06 MR07 MR14
7906,9,20,19,0.95,MR13 MR10 MR02 MR06 MR11 MR04 MR12 MR07 MR14
7907,9,25,24,0.96,MR12 MR10 MR11 MR02 MR04 MR07 MR13 MR14 MR06
7908,9,22,22,1.0,MR13 MR10 MR11 MR02 MR14 MR12 MR04 MR06 MR07
7909,9,25,24,0.96,MR13 MR10 MR11 MR02 MR04 MR07 MR14 MR06 MR12
7910,9,21,21,1.0,MR13 MR10 MR02 MR11 MR07 MR04 MR14 MR12 MR06
7911,9,25,24,0.96,MR13 MR10 MR02 MR11 MR07 MR12 MR04 MR14 MR06
7912,9,23,23,1.0,MR13 MR10 MR11 MR02 MR04 MR06 MR07 MR12 MR14
7913,9,20,16,0.8,MR05 MR10 MR11 MR02 MR04 MR07 MR06 MR12 MR14
7914,9,28,27,0.9642857142857143,MR12 MR10 MR11 MR02 MR13 MR04 MR06 MR07 MR14
7915,9,25,24,0.96,MR13 MR10 MR11 MR02 MR07 MR04 MR14 MR06 MR12
7916,9,19,17,0.8947368421052632,MR13 MR10 MR11 MR02 MR04 MR07 MR12 MR14 MR06
7917,9,25,23,0.92,MR13 MR10 MR02 MR07 MR11 MR12 MR04 MR06 MR14
7918,8,23,19,0.8260869565217391,MR13 MR10 MR11 MR02 MR04 MR07 MR12 MR06
7919,9,22,21,0.9545454545454546,MR13 MR10 MR11 MR02 MR14 MR04 MR07 MR06 MR12
7920,9,22,21,0.9545454545454546,MR13 MR10 MR02 MR11 MR04 MR06 MR07 MR12 MR14
7921,9,24,23,0.9583333333333334,MR13 MR10 MR02 MR11 MR07 MR04 MR12 MR14 MR06
7922,9,24,23,0.9583333333333334,MR13 MR10 MR02 MR11 MR06 MR04 MR14 MR07 MR12
7923,9,28,27,0.9642857142857143,MR12 MR10 MR02 MR11 MR06 MR04 MR07 MR13 MR14
7924,9,24,24,1.0,MR12 MR10 MR11 MR02 MR13 MR04 MR06 MR07 MR14
7925,9,17,17,1.0,MR12 MR10 MR07 MR02 MR11 MR13 MR04 MR14 MR06
7926,8,22,19,0.8636363636363636,MR12 MR10 MR02 MR11 MR13 MR04 MR06 MR07
7927,9,17,16,0.9411764705882353,MR13 MR10 MR11 MR02 MR04 MR06 MR14 MR07 MR12
7928,9,27,26,0.9629629629629629,MR13 MR10 MR11 MR02 MR04 MR06 MR12 MR14 MR07
7929,9,25,25,1.0,MR13 MR10 MR11 MR02 MR14 MR04 MR06 MR12 MR07
7930,9,23,22,0.9565217391304348,MR12 MR10 MR02 MR11 MR14 MR04 MR06 MR07 MR13
7931,9,28,26,0.9285714285714286,MR14 MR10 MR02 MR11 MR06 MR04 MR07 MR13 MR12
7932,9,21,20,0.9523809523809523,MR13 MR10 MR02 MR06 MR07 MR11 MR04 MR14 MR12
7933,9,18,17,0.9444444444444444,MR13 MR10 MR11 MR02 MR04 MR06 MR12 MR07 MR14
7934,9,24,24,1.0,MR13 MR10 MR11 MR02 MR12 MR04 MR06 MR07 MR14
7935,9,20,20,1.0,MR13 MR10 MR11 MR02 MR12 MR04 MR06 MR07 MR14
7936,9,18,17,0.9444444444444444,MR13 MR10 MR11 MR02 MR04 MR12 MR14 MR06 MR07
7937,9,27,26,0.9629629629629629,MR13 MR10 MR11 MR02 MR12 MR14 MR04 MR06 MR07
7938,9,23,23,1.0,MR13 MR10 MR02 MR07 MR11 MR04 MR14 MR06 MR12
7939,9,19,18,0.9473684210526315,MR13 MR10 MR02 MR11 MR07 MR14 MR04 MR06 MR12
7940,9,25,24,0.96,MR13 MR10 MR02 MR11 MR06 MR04 MR07 MR12 MR14
7941,9,21,19,0.9047619047619048,MR12 MR10 MR02 MR11 MR14 MR04 MR06 MR07 MR13
7942,9,20,19,0.95,MR13 MR10 MR02 MR11 MR06 MR04 MR07 MR14 MR12
7943,9,21,20,0.9523809523809523,MR07 MR10 MR02 MR13 MR11 MR14 MR04 MR12 MR06
7944,9,20,19,0.95,MR13 MR10 MR02 MR11 MR07 MR04 MR12 MR06 MR14
7945,9,24,23,0.9583333333333334,MR12 MR10 MR02 MR07 MR11 MR13 MR04 MR06 MR14
7946,8,26,22,0.8461538461538461,MR12 MR10 MR11 MR02 MR06 MR13 MR04 MR14
7947,9,24,23,0.9583333333333334,MR13 MR10 MR02 MR06 MR11 MR14 MR04 MR07 MR12
7948,8,24,20,0.8333333333333334,MR13 MR10 MR02 MR06 MR11 MR14 MR04 MR07
7949,9,23,22,0.9565217391304348,MR13 MR10 MR02 MR07 MR11 MR12 MR04 MR06 MR14
7950,8,28,24,0.8571428571428571,MR13 MR10 MR11 MR02 MR06 MR14 MR04 MR12
7951,9,24,23,0.9583333333333334,MR13 MR10 MR02 MR06 MR07 MR11 MR14 MR04 MR12
7952,8,29,25,0.8620689655172413,MR13 MR10 MR11 MR02 MR04 MR12 MR14 MR06
7953,8,30,25,0.8333333333333334,MR13 MR10 MR11 MR02 MR04 MR07 MR06 MR14
7954,9,21,19,0.9047619047619048,MR13 MR10 MR02 MR11 MR07 MR04 MR12 MR14 MR06
7955,8,27,23,0.8518518518518519,MR13 MR10 MR11 MR02 MR12 MR06 MR04 MR14
7956,9,22,21,0.9545454545454546,MR13 MR10 MR11 MR02 MR14 MR04 MR12 MR06 MR07
7957,9,24,23,0.9583333333333334,MR13 MR10 MR02 MR06 MR11 MR12 MR04 MR07 MR14
7958,9,21,19,0.9047619047619048,MR13 MR10 MR11 MR02 MR12 MR04 MR06 MR07 MR14
7959,9,22,21,0.9545454545454546,MR13 MR10 MR02 MR11 MR12 MR04 MR06 MR07 MR14
7960,9,25,23,0.92,MR13 MR10 MR11 MR02 MR06 MR12 MR04 MR14 MR07
7961,9,23,22,0.9565217391304348,MR13 MR10 MR02 MR06 MR07 MR11 MR04 MR12 MR14
7962,9,24,23,0.9583333333333334,MR13 MR10 MR02 MR14 MR11 MR06 MR04 MR07 MR12
7963,9,22,22,1.0,MR13 MR10 MR02 MR11 MR07 MR04 MR06 MR12 MR14
7964,9,23,22,0.9565217391304348,MR13 MR10 MR02 MR11 MR04 MR06 MR07 MR12 MR14
7965,9,26,25,0.9615384615384616,MR13 MR10 MR11 MR02 MR04 MR06 MR07 MR12 MR14
7966,9,23,22,0.9565217391304348,MR13 MR10 MR02 MR11 MR06 MR04 MR12 MR07 MR14
7967,9,25,24,0.96,MR13 MR10 MR11 MR02 MR14 MR04 MR06 MR07 MR12
7968,9,25,25,1.0,MR14 MR10 MR11 MR02 MR04 MR12 MR13 MR06 MR07
7969,9,22,21,0.9545454545454546,MR12 MR10 MR11 MR02 MR14 MR04 MR07 MR13 MR06
7970,9,22,21,0.9545454545454546,MR13 MR10 MR02 MR11 MR06 MR14 MR04 MR07 MR12
7971,9,23,21,0.9130434782608695,MR13 MR10 MR11 MR02 MR04 MR06 MR12 MR14 MR07
7972,7,28,21,0.75,MR12 MR10 MR11 MR02 MR06 MR13 MR04
7973,9,24,23,0.9583333333333334,MR13 MR10 MR02 MR06 MR11 MR04 MR12 MR07 MR14
7974,9,26,25,0.9615384615384616,MR13 MR10 MR02 MR11 MR06 MR04 MR14 MR07 MR12
7975,9,27,25,0.9259259259259259,MR13 MR10 MR11 MR02 MR12 MR14 MR04 MR07 MR06
7976,8,23,19,0.8260869565217391,MR12 MR10 MR02 MR11 MR07 MR04 MR13 MR06
7977,9,24,23,0.9583333333333334,MR13 MR10 MR02 MR11 MR07 MR04 MR12 MR14 MR06
7978,9,23,23,1.0,MR13 MR10 MR02 MR06 MR11 MR12 MR14 MR04 MR07
7979,9,22,21,0.9545454545454546,MR13 MR10 MR02 MR11 MR12 MR04 MR06 MR07 MR14
7980,9,23,22,0.9565217391304348,MR12 MR10 MR02 MR11 MR07 MR04 MR13 MR14 MR06
7981,8,21,17,0.8095238095238095,MR13 MR10 MR11 MR02 MR12 MR04 MR07 MR06
7982,9,23,22,0.9565217391304348,MR13 MR10 MR02 MR11 MR12 MR07 MR04 MR06 MR14
7983,9,25,24,0.96,MR13 MR10 MR11 MR02 MR06 MR14 MR04 MR12 MR07
7984,9,28,27,0.9642857142857143,MR12 MR10 MR11 MR02 MR13 MR04 MR14 MR06 MR07
7985,9,22,21,0.9545454545454546,MR13 MR10 MR11 MR02 MR06 MR14 MR04 MR12 MR07
7986,9,25,22,0.88,MR12 MR10 MR02 MR11 MR06 MR04 MR07 MR05 MR14
7987,9,24,23,0.9583333333333334,MR13 MR10 MR02 MR07 MR04 MR06 MR11 MR12 MR14
7988,8,25,21,0.84,MR12 MR10 MR11 MR02 MR07 MR13 MR04 MR14
7989,9,27,26,0.9629629629629629,MR13 MR10 MR11 MR14 MR02 MR04 MR07 MR12 MR06
7990,9,25,24,0.96,MR12 MR10 MR02 MR11 MR06 MR14 MR04 MR07 MR13
7991,9,25,24,0.96,MR13 MR10 MR11 MR02 MR04 MR07 MR06 MR12 MR14
7992,9,26,25,0.9615384615384616,MR13 MR10 MR11 MR02 MR07 MR12 MR04 MR14 MR06
7993,9,23,19,0.8260869565217391,MR12 MR10 MR02 MR06 MR07 MR11 MR04 MR05 MR14
7994,9,21,21,1.0,MR13 MR10 MR02 MR11 MR04 MR06 MR07 MR14 MR12
7995,8,24,20,0.8333333333333334,MR13 MR10 MR11 MR02 MR07 MR04 MR12 MR14
7996,9,22,21,0.9545454545454546,MR13 MR10 MR11 MR02 MR04 MR06 MR07 MR12 MR14
7997,9,21,21,1.0,MR13 MR10 MR02 MR11 MR04 MR06 MR07 MR12 MR14
7998,9,24,24,1.0,MR13 MR10 MR02 MR11 MR06 MR04 MR12 MR07 MR14
7999,9,22,21,0.9545454545454546,MR13 MR10 MR11 MR02 MR14 MR04 MR12 MR06 MR07
8000,9,30,28,0.9333333333333333,MR13 MR10 MR02 MR06 MR11 MR12 MR04 MR07 MR14
8001,9,22,20,0.9090909090909091,MR13 MR10 MR11 MR02 MR14 MR04 MR07 MR12 MR06
8002,9,24,23,0.9583333333333334,MR13 MR10 MR02 MR06 MR07 MR11 MR12 MR14 MR04
8003,9,27,26,0.9629629629629629,MR13 MR10 MR02 MR11 MR07 MR14 MR04 MR12 MR06
8004,9,25,24,0.96,MR12 MR10 MR11 MR02 MR13 MR04 MR14 MR06 MR07
8005,9,24,23,0.9583333333333334,MR13 MR10 MR02 MR11 MR07 MR12 MR04 MR06 MR14
8006,9,23,22,0.9565217391304348,MR13 MR10 MR02 MR07 MR11 MR04 MR06 MR12 MR14
8007,9,24,23,0.9583333333333334,MR12 MR10 MR02 MR06 MR07 MR13 MR14 MR04 MR11
8008,9,26,25,0.9615384615384616,MR13 MR10 MR02 MR07 MR04 MR06 MR11 MR12 MR14
8009,9,23,23,1.0,MR13 MR10 MR02 MR11 MR14 MR06 MR04 MR07 MR12
8010,9,28,28,1.0,MR13 MR10 MR11 MR02 MR12 MR04 MR06 MR07 MR14
8011,8,22,19,0.8636363636363636,MR13 MR10 MR11 MR02 MR06 MR14 MR04 MR12
8012,9,27,23,0.8518518518518519,MR05 MR10 MR02 MR11 MR14 MR06 MR04 MR07 MR12
8013,9,21,21,1.0,MR13 MR10 MR02 MR11 MR06 MR14 MR04 MR12 MR07
8014,9,23,19,0.8260869565217391,MR12 MR10 MR02 MR11 MR14 MR07 MR04 MR06 MR05
8015,9,25,24,0.96,MR13 MR10 MR11 MR02 MR07 MR14 MR04 MR06 MR12
8016,9,25,24,0.96,MR12 MR10 MR02 MR11 MR06 MR13 MR04 MR07 MR14
8017,9,19,19,1.0,MR12 MR10 MR11 MR02 MR13 MR07 MR04 MR06 MR14
8018,9,25,24,0.96,MR13 MR10 MR02 MR11 MR04 MR06 MR07 MR12 MR14
8019,9,26,25,0.9615384615384616,MR13 MR10 MR02 MR07 MR12 MR11 MR04 MR14 MR06
8020,9,23,22,0.9565217391304348,MR06 MR10 MR02 MR13 MR14 MR04 MR07 MR12 MR11
8021,9,27,26,0.9629629629629629,MR12 MR10 MR11 MR02 MR13 MR04 MR06 MR07 MR14
8022,9,22,22,1.0,MR13 MR10 MR02 MR06 MR14 MR04 MR07 MR11 MR12
8023,9,20,20,1.0,MR13 MR10 MR02 MR11 MR14 MR06 MR04 MR07 MR12
8024,9,26,25,0.9615384615384616,MR13 MR10 MR02 MR06 MR07 MR11 MR04 MR12 MR14
8025,9,25,24,0.96,MR13 MR10 MR02 MR06 MR12 MR07 MR14 MR04 MR11
8026,9,24,22,0.9166666666666666,MR13 MR10 MR02 MR11 MR14 MR07 MR04 MR06 MR12
8027,9,22,22,1.0,MR12 MR10 MR02 MR11 MR14 MR04 MR06 MR07 MR13
8028,9,23,22,0.9565217391304348,MR13 MR10 MR11 MR02 MR07 MR12 MR04 MR14 MR06
8029,9,28,26,0.9285714285714286,MR13 MR10 MR02 MR11 MR06 MR14 MR04 MR12 MR07
8030,9,25,24,0.96,MR13 MR10 MR02 MR06 MR14 MR11 MR04 MR07 MR12
8031,9,23,21,0.9130434782608695,MR13 MR10 MR02 MR07 MR11 MR04 MR06 MR12 MR14
8032,9,26,24,0.9230769230769231,MR13 MR10 MR02 MR07 MR11 MR12 MR04 MR06 MR14
8033,9,24,21,0.875,MR05 MR10 MR02 MR11 MR07 MR04 MR12 MR06 MR14
8034,9,25,24,0.96,MR13 MR10 MR02 MR11 MR07 MR04 MR12 MR14 MR06
8035,9,23,23,1.0,MR13 MR10 MR02 MR07 MR11 MR12 MR04 MR06 MR14
8036,9,23,23,1.0,MR13 MR10 MR11 MR02 MR14 MR04 MR06 MR12 MR07
8037,9,19,18,0.9473684210526315,MR12 MR10 MR02 MR11 MR06 MR04 MR13 MR07 MR14
8038,9,23,23,1.0,MR13 MR10 MR02 MR11 MR07 MR14 MR04 MR12 MR06
8039,9,23,23,1.0,MR13 MR10 MR02 MR11 MR14 MR06 MR04 MR07 MR12
8040,9,23,22,0.9565217391304348,MR13 MR10 MR11 MR02 MR12 MR04 MR07 MR14 MR06
8041,9,23,22,0.9565217391304348,MR13 MR10 MR02 MR11 MR14 MR04 MR06 MR07 MR12
8042,9,24,20,0.8333333333333334,MR14 MR10 MR02 MR07 MR11 MR05 MR04 MR06 MR12
8043,9,24,23,0.9583333333333334,MR14 MR10 MR02 MR07 MR13 MR11 MR04 MR06 MR12
8044,9,21,20,0.9523809523809523,MR13 MR10 MR02 MR06 MR07 MR11 MR04 MR12 MR14
8045,9,26,25,0.9615384615384616,MR13 MR10 MR02 MR06 MR11 MR04 MR07 MR12 MR14
8046,9,25,25,1.0,MR13 MR10 MR02 MR07 MR06 MR14 MR04 MR11 MR12
8047,8,27,23,0.8518518518518519,MR13 MR10 MR02 MR11 MR06 MR14 MR04 MR07
8048,9,24,23,0.9583333333333334,MR13 MR10 MR02 MR06 MR11 MR04 MR12 MR14 MR07
8049,9,23,22,0.9565217391304348,MR13 MR10 MR11 MR02 MR12 MR04 MR06 MR14 MR07
8050,8,26,22,0.8461538461538461,MR12 MR10 MR02 MR11 MR13 MR04 MR06 MR07
8051,9,19,18,0.9473684210526315,MR13 MR10 MR11 MR02 MR06 MR04 MR14 MR07 MR12
8052,8,26,21,0.8076923076923077,MR13 MR10 MR11 MR02 MR04 MR12 MR14 MR06
8053,9,24,24,1.0,MR13 MR10 MR02 MR11 MR14 MR04 MR06 MR07 MR12
8054,9,26,25,0.9615384615384616,MR13 MR10 MR11 MR02 MR12 MR04 MR06 MR07 MR14
8055,8,24,20,0.8333333333333334,MR13 MR10 MR11 MR02 MR04 MR06 MR12 MR14
8056,8,24,20,0.8333333333333334,MR13 MR10 MR06 MR02 MR11 MR12 MR04 MR14
8057,9,25,24,0.96,MR13 MR10 MR02 MR11 MR06 MR14 MR04 MR12 MR07
8058,9,26,25,0.9615384615384616,MR13 MR10 MR02 MR11 MR06 MR14 MR04 MR12 MR07
8059,9,20,18,0.9,MR13 MR10 MR11 MR02 MR07 MR04 MR12 MR06 MR14
8060,9,24,23,0.9583333333333334,MR13 MR10 MR02 MR11 MR07 MR04 MR12 MR06 MR14
8061,9,22,21,0.9545454545454546,MR12 MR10 MR02 MR11 MR07 MR13 MR04 MR06 MR14
8062,8,25,22,0.88,MR13 MR10 MR11 MR02 MR04 MR07 MR14 MR06
8063,9,22,22,1.0,MR13 MR10 MR02 MR06 MR14 MR04 MR07 MR11 MR12
8064,8,22,16,0.7272727272727273,MR05 MR10 MR11 MR02 MR14 MR07 MR04 MR12
8065,9,26,24,0.9230769230769231,MR12 MR10 MR02 MR11 MR07 MR13 MR04 MR06 MR14
8066,9,24,24,1.0,MR12 MR10 MR02 MR11 MR07 MR13 MR14 MR04 MR06
8067,9,25,25,1.0,MR14 MR10 MR11 MR02 MR04 MR06 MR13 MR07 MR12
8068,9,25,24,0.96,MR13 MR10 MR11 MR02 MR04 MR12 MR07 MR14 MR06
8069,8,24,21,0.875,MR13 MR10 MR11 MR02 MR04 MR06 MR07 MR12
8070,9,22,21,0.9545454545454546,MR13 MR10 MR02 MR11 MR06 MR04 MR07 MR14 MR12
8071,9,22,21,0.9545454545454546,MR13 MR10 MR11 MR02 MR04 MR06 MR12 MR07 MR14
8072,9,28,27,0.9642857142857143,MR13 MR10 MR02 MR11 MR06 MR04 MR07 MR12 MR14
8073,8,21,17,0.8095238095238095,MR13 MR10 MR11 MR02 MR07 MR04 MR12 MR06
8074,9,23,22,0.9565217391304348,MR13 MR10 MR02 MR11 MR14 MR07 MR04 MR12 MR06
8075,9,25,24,0.96,MR13 MR10 MR02 MR11 MR06 MR04 MR07 MR12 MR14
8076,9,24,23,0.9583333333333334,MR13 MR10 MR11 MR02 MR12 MR04 MR07 MR06 MR14
8077,9,25,23,0.92,MR13 MR10 MR11 MR02 MR04 MR06 MR12 MR07 MR14
8078,9,27,26,0.9629629629629629,MR13 MR10 MR02 MR11 MR14 MR07 MR04 MR12 MR06
8079,9,27,25,0.9259259259259259,MR13 MR10 MR11 MR02 MR12 MR04 MR14 MR06 MR07
8080,8,20,17,0.85,MR13 MR10 MR11 MR02 MR04 MR07 MR12 MR14
8081,9,25,24,0.96,MR13 MR10 MR11 MR02 MR12 MR04 MR07 MR14 MR06
8082,9,21,21,1.0,MR13 MR10 MR11 MR02 MR12 MR04 MR07 MR06 MR14
8083,9,23,22,0.9565217391304348,MR14 MR10 MR02 MR13 MR11 MR07 MR04 MR06 MR12
8084,9,29,25,0.8620689655172413,MR05 MR10 MR11 MR02 MR12 MR04 MR06 MR07 MR14
8085,9,29,27,0.9310344827586207,MR13 MR10 MR02 MR06 MR07 MR12 MR04 MR11 MR14
8086,9,20,18,0.9,MR12 MR10 MR11 MR02 MR13 MR04 MR06 MR14 MR07
8087,9,24,23,0.9583333333333334,MR13 MR10 MR11 MR02 MR14 MR04 MR06 MR12 MR07
8088,8,23,19,0.8260869565217391,MR13 MR10 MR02 MR11 MR06 MR12 MR04 MR07
8089,9,22,21,0.9545454545454546,MR13 MR10 MR02 MR07 MR11 MR14 MR04 MR06 MR12
8090,9,25,23,0.92,MR13 MR10 MR11 MR02 MR14 MR07 MR12 MR04 MR06
8091,9,20,19,0.95,MR13 MR10 MR02 MR11 MR07 MR12 MR04 MR06 MR14
8092,9,20,19,0.95,MR13 MR10 MR02 MR11 MR07 MR12 MR04 MR06 MR14
8093,9,25,24,0.96,MR13 MR10 MR02 MR11 MR12 MR04 MR06 MR07 MR14
8094,9,23,22,0.9565217391304348,MR12 MR10 MR11 MR02 MR04 MR13 MR14 MR06 MR07
8095,9,22,21,0.9545454545454546,MR13 MR10 MR11 MR02 MR06 MR04 MR12 MR14 MR07
8096,9,23,22,0.9565217391304348,MR13 MR10 MR11 MR02 MR12 MR04 MR07 MR06 MR14
8097,9,28,25,0.8928571428571429,MR05 MR10 MR02 MR06 MR14 MR11 MR04 MR07 MR12
8098,9,22,21,0.9545454545454546,MR12 MR10 MR02 MR11 MR14 MR07 MR04 MR06 MR13
8099,9,23,22,0.9565217391304348,MR13 MR10 MR02 MR11 MR14 MR07 MR04 MR12 MR06
8100,9,24,23,0.9583333333333334,MR13 MR10 MR02 MR11 MR06 MR12 MR04 MR07 MR14
8101,9,24,23,0.9583333333333334,MR13 MR10 MR11 MR02 MR12 MR06 MR04 MR07 MR14
8102,9,27,26,0.9629629629629629,MR13 MR10 MR02 MR11 MR07 MR12 MR04 MR14 MR06
8103,9,25,23,0.92,MR13 MR10 MR11 MR02 MR04 MR06 MR14 MR07 MR12
8104,9,27,26,0.9629629629629629,MR13 MR10 MR02 MR06 MR14 MR11 MR12 MR04 MR07
8105,9,24,23,0.9583333333333334,MR13 MR10 MR02 MR11 MR14 MR07 MR12 MR04 MR06
8106,8,30,26,0.8666666666666667,MR13 MR10 MR02 MR11 MR06 MR04 MR12 MR07
8107,9,24,23,0.9583333333333334,MR12 MR10 MR07 MR02 MR11 MR13 MR04 MR14 MR06
8108,9,17,17,1.0,MR13 MR10 MR11 MR02 MR04 MR07 MR12 MR14 MR06
8109,9,28,27,0.9642857142857143,MR13 MR10 MR02 MR11 MR04 MR06 MR07 MR14 MR12
8110,9,27,26,0.9629629629629629,MR13 MR10 MR02 MR11 MR07 MR14 MR04 MR06 MR12
8111,9,19,18,0.9473684210526315,MR13 MR10 MR02 MR11 MR06 MR12 MR04 MR07 MR14
8112,9,22,22,1.0,MR13 MR10 MR02 MR07 MR06 MR04 MR11 MR12 MR14
8113,9,21,20,0.9523809523809523,MR12 MR10 MR11 MR02 MR13 MR04 MR07 MR06 MR14
8114,9,24,23,0.9583333333333334,MR12 MR10 MR11 MR02 MR14 MR04 MR07 MR13 MR06
8115,8,25,21,0.84,MR13 MR10 MR02 MR07 MR11 MR04 MR06 MR14
8116,9,19,19,1.0,MR13 MR10 MR11 MR02 MR04 MR06 MR12 MR14 MR07
8117,8,23,19,0.8260869565217391,MR13 MR10 MR02 MR11 MR07 MR14 MR04 MR06
8118,8,27,24,0.8888888888888888,MR12 MR10 MR11 MR02 MR13 MR04 MR06 MR14
8119,9,28,26,0.9285714285714286,MR13 MR10 MR11 MR02 MR14 MR04 MR07 MR12 MR06
8120,9,23,21,0.9130434782608695,MR13 MR10 MR11 MR02 MR14 MR04 MR06 MR07 MR12
8121,9,25,24,0.96,MR12 MR10 MR02 MR07 MR11 MR13 MR04 MR06 MR14
8122,9,22,21,0.9545454545454546,MR13 MR10 MR02 MR11 MR07 MR04 MR06 MR12 MR14
8123,9,29,28,0.9655172413793104,MR13 MR10 MR11 MR02 MR12 MR04 MR07 MR06 MR14
8124,9,24,23,0.9583333333333334,MR13 MR10 MR11 MR02 MR14 MR04 MR07 MR12 MR06
8125,9,26,24,0.9230769230769231,MR13 MR10 MR02 MR11 MR07 MR12 MR14 MR04 MR06
8126,9,23,22,0.9565217391304348,MR13 MR10 MR11 MR02 MR14 MR04 MR07 MR12 MR06
8127,9,23,22,0.9565217391304348,MR13 MR10 MR02 MR06 MR11 MR04 MR07 MR14 MR12
8128,9,24,23,0.9583333333333334,MR12 MR10 MR11 MR02 MR13 MR04 MR07 MR06 MR14
8129,9,26,25,0.9615384615384616,MR13 MR10 MR11 MR02 MR12 MR04 MR14 MR06 MR07
8130,9,27,26,0.9629629629629629,MR13 MR10 MR02 MR07 MR11 MR04 MR14 MR06 MR12
8131,9,24,23,0.9583333333333334,MR13 MR10 MR11 MR02 MR07 MR04 MR14 MR06 MR12
8132,9,22,21,0.9545454545454546,MR13 MR10 MR02 MR07 MR11 MR14 MR04 MR12 MR06
8133,9,23,22,0.9565217391304348,MR12 MR10 MR11 MR02 MR13 MR04 MR07 MR14 MR06
8134,9,25,24,0.96,MR13 MR10 MR02 MR11 MR07 MR04 MR06 MR12 MR14
8135,9,22,21,0.9545454545454546,MR13 MR10 MR02 MR11 MR14 MR06 MR12 MR04 MR07
8136,9,23,22,0.9565217391304348,MR13 MR10 MR07 MR02 MR11 MR04 MR12 MR14 MR06
8137,9,26,24,0.9230769230769231,MR12 MR10 MR02 MR11 MR07 MR04 MR06 MR13 MR14
8138,9,29,28,0.9655172413793104,MR13 MR10 MR02 MR06 MR11 MR04 MR07 MR14 MR12
8139,9,27,27,1.0,MR13 MR10 MR02 MR11 MR12 MR04 MR06 MR07 MR14
8140,9,22,21,0.9545454545454546,MR13 MR10 MR02 MR07 MR04 MR06 MR11 MR12 MR14
8141,9,29,28,0.9655172413793104,MR13 MR10 MR11 MR02 MR14 MR07 MR12 MR04 MR06
8142,9,29,28,0.9655172413793104,MR13 MR10 MR11 MR02 MR14 MR04 MR07 MR12 MR06
8143,9,25,25,1.0,MR13 MR10 MR02 MR11 MR07 MR12 MR04 MR14 MR06
8144,9,27,25,0.9259259259259259,MR12 MR10 MR11 MR02 MR06 MR13 MR14 MR04 MR07
8145,9,22,21,0.9545454545454546,MR13 MR10 MR02 MR11 MR07 MR04 MR06 MR12 MR14
8146,9,23,22,0.9565217391304348,MR12 MR10 MR02 MR06 MR11 MR13 MR04 MR07 MR14
8147,9,25,21,0.84,MR05 MR10 MR02 MR06 MR07 MR04 MR12 MR14 MR11
8148,9,23,21,0.9130434782608695,MR13 MR10 MR02 MR07 MR11 MR04 MR06 MR14 MR12
8149,8,25,21,0.84,MR13 MR10 MR11 MR02 MR07 MR04 MR12 MR06
8150,9,23,22,0.9565217391304348,MR13 MR10 MR11 MR02 MR04 MR06 MR12 MR14 MR07
8151,9,28,27,0.9642857142857143,MR13 MR10 MR11 MR02 MR04 MR07 MR12 MR14 MR06
8152,9,28,27,0.9642857142857143,MR12 MR10 MR02 MR06 MR07 MR14 MR13 MR04 MR11
8153,9,21,21,1.0,MR14 MR10 MR02 MR11 MR13 MR07 MR04 MR06 MR12
8154,9,21,21,1.0,MR13 MR10 MR02 MR11 MR07 MR12 MR04 MR14 MR06
8155,9,21,20,0.9523809523809523,MR13 MR10 MR02 MR11 MR06 MR04 MR12 MR07 MR14
8156,9,22,21,0.9545454545454546,MR13 MR10 MR02 MR11 MR07 MR04 MR06 MR12 MR14
8157,9,24,23,0.9583333333333334,MR13 MR10 MR02 MR11 MR07 MR12 MR04 MR06 MR14
8158,9,28,28,1.0,MR13 MR10 MR02 MR11 MR06 MR04 MR07 MR12 MR14
8159,9,26,25,0.9615384615384616,MR13 MR10 MR02 MR06 MR07 MR04 MR12 MR14 MR11
8160,8,28,25,0.8928571428571429,MR12 MR10 MR07 MR02 MR11 MR13 MR04 MR14
8161,9,19,18,0.9473684210526315,MR13 MR10 MR02 MR11 MR12 MR04 MR06 MR07 MR14
8162,9,26,25,0.9615384615384616,MR13 MR10 MR02 MR06 MR11 MR14 MR04 MR07 MR12
8163,9,25,24,0.96,MR12 MR10 MR02 MR07 MR11 MR14 MR04 MR06 MR13
8164,9,22,21,0.9545454545454546,MR13 MR10 MR02 MR11 MR12 MR04 MR06 MR07 MR14
8165,9,27,27,1.0,MR13 MR10 MR02 MR07 MR11 MR04 MR14 MR06 MR12
8166,9,23,23,1.0,MR13 MR10 MR11 MR02 MR14 MR06 MR04 MR07 MR12
8167,9,26,25,0.9615384615384616,MR13 MR10 MR11 MR02 MR14 MR04 MR06 MR07 MR12
8168,9,25,25,1.0,MR13 MR10 MR11 MR02 MR04 MR07 MR14 MR06 MR12
8169,9,23,23,1.0,MR13 MR10 MR02 MR07 MR11 MR04 MR06 MR12 MR14
8170,9,20,20,1.0,MR13 MR10 MR11 MR02 MR04 MR12 MR06 MR07 MR14
8171,9,30,28,0.9333333333333333,MR13 MR10 MR02 MR06 MR07 MR11 MR14 MR04 MR12
8172,9,21,20,0.9523809523809523,MR13 MR10 MR02 MR06 MR12 MR07 MR04 MR11 MR14
8173,7,33,23,0.696969696969697,MR05 MR10 MR06 MR02 MR11 MR04 MR07
8174,9,23,23,1.0,MR13 MR10 MR11 MR02 MR04 MR12 MR07 MR06 MR14
8175,9,25,23,0.92,MR13 MR10 MR02 MR06 MR07 MR04 MR11 MR12 MR14
8176,9,25,23,0.92,MR13 MR10 MR02 MR06 MR11 MR14 MR04 MR07 MR12
8177,9,27,26,0.9629629629629629,MR13 MR10 MR11 MR02 MR06 MR04 MR12 MR07 MR14
8178,9,21,21,1.0,MR13 MR10 MR02 MR06 MR14 MR11 MR04 MR07 MR12
8179,8,25,21,0.84,MR13 MR10 MR02 MR06 MR14 MR11 MR04 MR07
8180,9,26,25,0.9615384615384616,MR13 MR10 MR02 MR11 MR06 MR14 MR04 MR07 MR12
8181,8,24,20,0.8333333333333334,MR13 MR10 MR11 MR02 MR04 MR07 MR14 MR12
8182,9,19,19,1.0,MR12 MR10 MR02 MR11 MR13 MR04 MR06 MR07 MR14
8183,9,24,23,0.9583333333333334,MR13 MR10 MR11 MR02 MR14 MR04 MR12 MR07 MR06
8184,9,22,21,0.9545454545454546,MR13 MR10 MR11 MR02 MR04 MR07 MR06 MR12 MR14
8185,9,22,22,1.0,MR13 MR10 MR11 MR02 MR14 MR04 MR06 MR12 MR07
8186,9,23,22,0.9565217391304348,MR13 MR10 MR02 MR06 MR11 MR14 MR04 MR12 MR07
8187,9,23,23,1.0,MR13 MR10 MR11 MR02 MR12 MR04 MR07 MR14 MR06
8188,9,23,23,1.0,MR13 MR10 MR02 MR11 MR06 MR04 MR07 MR12 MR14
8189,8,22,18,0.8181818181818182,MR13 MR10 MR11 MR02 MR04 MR06 MR14 MR12
8190,9,24,23,0.9583333333333334,MR13 MR10 MR11 MR02 MR04 MR07 MR12 MR14 MR06
8191,9,25,24,0.96,MR12 MR10 MR06 MR02 MR14 MR04 MR07 MR11 MR13
8192,8,26,22,0.8461538461538461,MR13 MR10 MR02 MR06 MR07 MR04 MR14 MR11
8193,9,30,29,0.9666666666666667,MR13 MR10 MR02 MR06 MR07 MR11 MR14 MR04 MR12
8194,9,27,26,0.9629629629629629,MR12 MR10 MR02 MR11 MR13 MR14 MR06 MR04 MR07
8195,9,24,24,1.0,MR13 MR10 MR02 MR11 MR12 MR07 MR04 MR06 MR14
8196,9,21,20,0.9523809523809523,MR13 MR10 MR02 MR11 MR06 MR04 MR12 MR07 MR14
8197,9,26,25,0.9615384615384616,MR13 MR10 MR02 MR07 MR11 MR04 MR06 MR12 MR14
8198,9,21,20,0.9523809523809523,MR13 MR10 MR11 MR02 MR04 MR06 MR07 MR12 MR14
8199,9,19,18,0.9473684210526315,MR13 MR10 MR02 MR07 MR11 MR14 MR04 MR06 MR12
8200,9,24,23,0.9583333333333334,MR12 MR10 MR02 MR11 MR06 MR13 MR14 MR04 MR07
8201,9,27,23,0.8518518518518519,MR05 MR10 MR02 MR11 MR14 MR04 MR06 MR07 MR12
8202,9,22,22,1.0,MR13 MR10 MR02 MR11 MR06 MR12 MR04 MR07 MR14
8203,9,23,22,0.9565217391304348,MR12 MR10 MR11 MR02 MR13 MR14 MR04 MR06 MR07
8204,9,26,25,0.9615384615384616,MR12 MR10 MR02 MR06 MR07 MR13 MR14 MR04 MR11
8205,9,24,23,0.9583333333333334,MR13 MR10 MR11 MR02 MR14 MR04 MR06 MR12 MR07
8206,9,24,23,0.9583333333333334,MR13 MR10 MR02 MR06 MR11 MR04 MR12 MR07 MR14
8207,9,26,24,0.9230769230769231,MR13 MR10 MR02 MR11 MR07 MR04 MR12 MR14 MR06
8208,9,27,26,0.9629629629629629,MR13 MR10 MR02 MR11 MR12 MR06 MR04 MR07 MR14
8209,9,21,21,1.0,MR13 MR10 MR02 MR11 MR12 MR04 MR06 MR07 MR14
8210,9,19,18,0.9473684210526315,MR13 MR10 MR02 MR11 MR07 MR04 MR06 MR12 MR14
8211,9,21,21,1.0,MR13 MR10 MR02 MR11 MR14 MR06 MR12 MR04 MR07
8212,9,24,23,0.9583333333333334,MR14 MR10 MR02 MR11 MR13 MR06 MR04 MR12 MR07
8213,9,29,27,0.9310344827586207,MR13 MR10 MR02 MR11 MR06 MR04 MR07 MR12 MR14
8214,9,25,24,0.96,MR14 MR10 MR11 MR02 MR04 MR06 MR13 MR07 MR12
8215,9,23,23,1.0,MR13 MR10 MR02 MR06 MR11 MR04 MR07 MR12 MR14
8216,9,29,27,0.9310344827586207,MR13 MR10 MR02 MR06 MR14 MR11 MR04 MR12 MR07
8217,9,22,22,1.0,MR13 MR10 MR02 MR11 MR14 MR07 MR04 MR12 MR06
8218,9,23,23,1.0,MR13 MR10 MR11 MR02 MR12 MR07 MR04 MR14 MR06
8219,9,22,21,0.9545454545454546,MR13 MR10 MR02 MR11 MR07 MR04 MR06 MR12 MR14
8220,9,23,23,1.0,MR13 MR10 MR02 MR11 MR06 MR12 MR04 MR07 MR14
8221,9,26,26,1.0,MR12 MR10 MR11 MR02 MR14 MR04 MR07 MR13 MR06
8222,9,22,21,0.9545454545454546,MR13 MR10 MR02 MR11 MR07 MR04 MR06 MR12 MR14
8223,9,25,24,0.96,MR13 MR10 MR02 MR11 MR06 MR14 MR04 MR12 MR07
8224,8,27,23,0.8518518518518519,MR12 MR10 MR11 MR02 MR13 MR06 MR04 MR14
8225,9,25,24,0.96,MR13 MR10 MR11 MR02 MR14 MR04 MR06 MR12 MR07
8226,8,28,24,0.8571428571428571,MR13 MR10 MR11 MR02 MR14 MR04 MR06 MR07
8227,9,27,26,0.9629629629629629,MR13 MR10 MR11 MR02 MR14 MR04 MR06 MR07 MR12
8228,9,27,25,0.9259259259259259,MR13 MR10 MR02 MR11 MR07 MR04 MR14 MR06 MR12
8229,9,26,24,0.9230769230769231,MR13 MR10 MR02 MR11 MR06 MR04 MR12 MR14 MR07
8230,9,24,23,0.9583333333333334,MR13 MR10 MR02 MR07 MR12 MR04 MR06 MR11 MR14
8231,9,27,23,0.8518518518518519,MR05 MR10 MR02 MR11 MR12 MR06 MR04 MR07 MR14
8232,9,22,21,0.9545454545454546,MR13 MR10 MR11 MR02 MR14 MR07 MR04 MR06 MR12
8233,9,25,24,0.96,MR13 MR10 MR11 MR02 MR07 MR04 MR12 MR14 MR06
8234,9,23,22,0.9565217391304348,MR13 MR10 MR02 MR07 MR11 MR12 MR04 MR06 MR14
8235,9,29,28,0.9655172413793104,MR12 MR10 MR02 MR07 MR06 MR04 MR11 MR14 MR13
8236,7,27,19,0.7037037037037037,MR13 MR10 MR11 MR02 MR04 MR14 MR07
8237,9,29,28,0.9655172413793104,MR12 MR10 MR02 MR11 MR14 MR04 MR06 MR07 MR13
8238,9,27,26,0.9629629629629629,MR13 MR10 MR02 MR11 MR06 MR12 MR04 MR07 MR14
8239,9,29,28,0.9655172413793104,MR13 MR10 MR02 MR07 MR14 MR04 MR06 MR11 MR12
8240,9,21,20,0.9523809523809523,MR13 MR10 MR02 MR11 MR07 MR04 MR06 MR12 MR14
8241,8,22,18,0.8181818181818182,MR13 MR10 MR02 MR11 MR12 MR04 MR06 MR07
8242,9,25,24,0.96,MR13 MR10 MR11 MR02 MR14 MR06 MR04 MR12 MR07
8243,9,22,21,0.9545454545454546,MR13 MR10 MR02 MR11 MR14 MR06 MR04 MR07 MR12
8244,9,23,20,0.8695652173913043,MR12 MR10 MR11 MR02 MR14 MR04 MR06 MR07 MR05
8245,8,22,19,0.8636363636363636,MR13 MR10 MR11 MR02 MR07 MR04 MR14 MR12
8246,9,21,20,0.9523809523809523,MR13 MR10 MR02 MR06 MR11 MR12 MR04 MR07 MR14
8247,9,27,26,0.9629629629629629,MR13 MR10 MR11 MR02 MR14 MR04 MR07 MR06 MR12
8248,9,22,22,1.0,MR13 MR10 MR02 MR11 MR06 MR12 MR04 MR14 MR07
8249,9,22,21,0.9545454545454546,MR13 MR10 MR02 MR11 MR07 MR04 MR12 MR14 MR06
8250,9,19,18,0.9473684210526315,MR13 MR10 MR11 MR02 MR04 MR06 MR12 MR07 MR14
8251,9,18,18,1.0,MR13 MR10 MR02 MR11 MR06 MR14 MR04 MR12 MR07
8252,9,25,25,1.0,MR13 MR10 MR02 MR11 MR04 MR06 MR07 MR12 MR14
8253,9,25,24,0.96,MR13 MR10 MR11 MR02 MR04 MR06 MR12 MR14 MR07
8254,9,24,23,0.9583333333333334,MR13 MR10 MR02 MR07 MR11 MR12 MR14 MR04 MR06
8255,9,25,25,1.0,MR12 MR10 MR11 MR02 MR04 MR06 MR13 MR14 MR07
8256,9,20,20,1.0,MR13 MR10 MR11 MR02 MR04 MR06 MR14 MR07 MR12
8257,9,22,21,0.9545454545454546,MR13 MR10 MR02 MR11 MR06 MR12 MR04 MR14 MR07
8258,9,26,25,0.9615384615384616,MR13 MR10 MR11 MR02 MR04 MR14 MR07 MR12 MR06
8259,9,20,20,1.0,MR12 MR10 MR11 MR02 MR14 MR04 MR06 MR07 MR13
8260,9,27,26,0.9629629629629629,MR13 MR10 MR06 MR02 MR12 MR04 MR11 MR07 MR14
8261,9,22,21,0.9545454545454546,MR12 MR10 MR11 MR02 MR13 MR14 MR04 MR06 MR07
8262,9,26,25,0.9615384615384616,MR13 MR10 MR02 MR11 MR07 MR04 MR06 MR12 MR14
8263,9,22,21,0.9545454545454546,MR13 MR10 MR02 MR11 MR12 MR04 MR06 MR07 MR14
8264,9,23,21,0.9130434782608695,MR14 MR10 MR02 MR06 MR07 MR13 MR04 MR11 MR12
8265,9,24,22,0.9166666666666666,MR12 MR10 MR11 MR02 MR04 MR07 MR13 MR06 MR14
8266,9,19,19,1.0,MR13 MR10 MR11 MR02 MR12 MR04 MR14 MR06 MR07
8267,9,24,23,0.9583333333333334,MR13 MR10 MR02 MR11 MR06 MR14 MR04 MR07 MR12
8268,9,17,17,1.0,MR13 MR10 MR02 MR06 MR11 MR14 MR04 MR12 MR07
8269,8,24,20,0.8333333333333334,MR13 MR10 MR11 MR02 MR07 MR12 MR04 MR14
8270,9,27,26,0.9629629629629629,MR12 MR10 MR02 MR11 MR14 MR06 MR04 MR13 MR07
8271,9,26,25,0.9615384615384616,MR13 MR10 MR11 MR02 MR04 MR07 MR12 MR06 MR14
8272,9,22,22,1.0,MR13 MR10 MR11 MR02 MR12 MR04 MR07 MR14 MR06
8273,9,25,25,1.0,MR12 MR10 MR11 MR02 MR14 MR13 MR04 MR06 MR07
8274,9,20,20,1.0,MR13 MR10 MR02 MR14 MR06 MR11 MR04 MR07 MR12
8275,9,27,26,0.9629629629629629,MR13 MR10 MR02 MR11 MR07 MR04 MR06 MR14 MR12
8276,9,23,22,0.9565217391304348,MR13 MR10 MR11 MR02 MR12 MR04 MR06 MR07 MR14
8277,9,22,22,1.0,MR12 MR10 MR11 MR02 MR13 MR04 MR14 MR06 MR07
8278,8,23,20,0.8695652173913043,MR13 MR10 MR11 MR02 MR04 MR06 MR14 MR07
8279,9,22,22,1.0,MR13 MR10 MR14 MR02 MR11 MR07 MR04 MR06 MR12
8280,9,22,21,0.9545454545454546,MR13 MR10 MR11 MR02 MR04 MR07 MR12 MR14 MR06
8281,9,23,23,1.0,MR12 MR10 MR02 MR07 MR13 MR06 MR14 MR04 MR11
8282,9,26,25,0.9615384615384616,MR13 MR10 MR02 MR11 MR07 MR04 MR06 MR12 MR14
8283,9,26,25,0.9615384615384616,MR13 MR10 MR02 MR06 MR11 MR04 MR12 MR07 MR14
8284,9,22,21,0.9545454545454546,MR12 MR10 MR11 MR02 MR13 MR04 MR06 MR07 MR14
8285,8,23,19,0.8260869565217391,MR13 MR10 MR11 MR02 MR04 MR06 MR12 MR07
8286,9,23,22,0.9565217391304348,MR13 MR10 MR02 MR11 MR06 MR04 MR07 MR12 MR14
8287,8,27,22,0.8148148148148148,MR13 MR10 MR02 MR11 MR14 MR06 MR04 MR07
8288,8,23,19,0.8260869565217391,MR13 MR10 MR11 MR02 MR07 MR12 MR04 MR14
8289,9,23,19,0.8260869565217391,MR12 MR10 MR02 MR11 MR07 MR14 MR04 MR05 MR06
8290,9,22,21,0.9545454545454546,MR13 MR10 MR02 MR06 MR11 MR04 MR07 MR12 MR14
8291,9,25,21,0.84,MR12 MR10 MR11 MR02 MR07 MR14 MR04 MR05 MR06
8292,9,25,24,0.96,MR13 MR10 MR11 MR02 MR14 MR04 MR07 MR12 MR06
8293,8,21,18,0.8571428571428571,MR12 MR10 MR11 MR02 MR07 MR13 MR14 MR04
8294,9,29,28,0.9655172413793104,MR13 MR10 MR02 MR07 MR11 MR12 MR04 MR06 MR14
8295,8,25,21,0.84,MR13 MR10 MR02 MR11 MR07 MR04 MR12 MR06
8296,9,28,27,0.9642857142857143,MR13 MR10 MR11 MR02 MR04 MR12 MR07 MR06 MR14
8297,9,26,25,0.9615384615384616,MR13 MR10 MR02 MR11 MR06 MR04 MR07 MR12 MR14
8298,9,26,25,0.9615384615384616,MR12 MR10 MR02 MR14 MR06 MR07 MR04 MR11 MR13
8299,9,24,23,0.9583333333333334,MR13 MR10 MR02 MR11 MR04 MR06 MR07 MR12 MR14
8300,9,23,22,0.9565217391304348,MR13 MR10 MR02 MR11 MR07 MR04 MR06 MR14 MR12
8301,9,26,24,0.9230769230769231,MR13 MR10 MR02 MR14 MR06 MR07 MR11 MR04 MR12
8302,9,24,23,0.9583333333333334,MR13 MR10 MR11 MR02 MR12 MR04 MR06 MR07 MR14
8303,9,26,22,0.8461538461538461,MR12 MR10 MR02 MR14 MR06 MR07 MR11 MR04 MR05
8304,8,24,20,0.8333333333333334,MR13 MR10 MR11 MR02 MR04 MR06 MR07 MR12
8305,9,28,27,0.9642857142857143,MR14 MR10 MR02 MR11 MR13 MR07 MR12 MR04 MR06
8306,9,24,24,1.0,MR13 MR10 MR02 MR07 MR11 MR04 MR06 MR12 MR14
8307,9,22,21,0.9545454545454546,MR13 MR10 MR02 MR11 MR06 MR04 MR07 MR14 MR12
8308,9,19,18,0.9473684210526315,MR13 MR10 MR02 MR11 MR12 MR04 MR06 MR07 MR14
8309,9,20,20,1.0,MR13 MR10 MR11 MR02 MR04 MR07 MR14 MR12 MR06
8310,9,24,23,0.9583333333333334,MR13 MR10 MR02 MR07 MR06 MR14 MR04 MR11 MR12
8311,9,22,21,0.9545454545454546,MR13 MR10 MR02 MR11 MR12 MR04 MR06 MR07 MR14
8312,9,21,20,0.9523809523809523,MR13 MR10 MR02 MR07 MR06 MR12 MR04 MR11 MR14
8313,9,24,23,0.9583333333333334,MR13 MR10 MR11 MR02 MR07 MR12 MR04 MR14 MR06
8314,9,21,20,0.9523809523809523,MR13 MR10 MR11 MR02 MR14 MR04 MR12 MR06 MR07
8315,9,28,27,0.9642857142857143,MR13 MR10 MR02 MR14 MR06 MR07 MR04 MR11 MR12
8316,9,23,21,0.9130434782608695,MR13 MR10 MR02 MR11 MR12 MR04 MR06 MR07 MR14
8317,9,20,20,1.0,MR13 MR10 MR11 MR02 MR14 MR04 MR07 MR12 MR06
8318,9,20,19,0.95,MR13 MR10 MR11 MR02 MR07 MR12 MR14 MR04 MR06
8319,9,24,23,0.9583333333333334,MR12 MR10 MR02 MR11 MR13 MR07 MR04 MR06 MR14
8320,9,21,20,0.9523809523809523,MR13 MR10 MR06 MR02 MR12 MR04 MR07 MR11 MR14
8321,9,27,27,1.0,MR13 MR10 MR02 MR11 MR07 MR04 MR06 MR12 MR14
8322,9,24,23,0.9583333333333334,MR13 MR10 MR02 MR11 MR06 MR04 MR07 MR14 MR12
8323,9,21,17,0.8095238095238095,MR12 MR10 MR11 MR02 MR05 MR14 MR04 MR06 MR07
8324,8,21,17,0.8095238095238095,MR13 MR10 MR02 MR06 MR11 MR04 MR14 MR12
8325,9,23,21,0.9130434782608695,MR13 MR10 MR11 MR02 MR12 MR04 MR06 MR07 MR14
8326,9,24,23,0.9583333333333334,MR13 MR10 MR02 MR11 MR14 MR07 MR04 MR06 MR12
8327,8,26,22,0.8461538461538461,MR13 MR10 MR02 MR11 MR06 MR12 MR04 MR07
8328,9,23,22,0.9565217391304348,MR13 MR10 MR11 MR02 MR06 MR12 MR04 MR14 MR07
8329,9,28,27,0.9642857142857143,MR13 MR10 MR02 MR11 MR07 MR04 MR14 MR06 MR12
8330,9,24,23,0.9583333333333334,MR13 MR10 MR02 MR12 MR06 MR07 MR11 MR04 MR14
8331,9,25,25,1.0,MR06 MR10 MR02 MR12 MR13 MR04 MR14 MR07 MR11
8332,9,23,23,1.0,MR12 MR10 MR02 MR06 MR11 MR13 MR04 MR14 MR07
8333,9,25,24,0.96,MR13 MR10 MR02 MR07 MR11 MR04 MR12 MR14 MR06
8334,9,21,20,0.9523809523809523,MR13 MR10 MR11 MR02 MR04 MR12 MR14 MR06 MR07
8335,9,29,28,0.9655172413793104,MR13 MR10 MR02 MR11 MR07 MR14 MR04 MR06 MR12
8336,9,24,23,0.9583333333333334,MR13 MR10 MR11 MR02 MR07 MR04 MR14 MR06 MR12
8337,9,20,20,1.0,MR13 MR10 MR02 MR07 MR11 MR04 MR06 MR14 MR12
8338,9,30,29,0.9666666666666667,MR13 MR10 MR11 MR02 MR04 MR12 MR14 MR06 MR07
8339,9,26,25,0.9615384615384616,MR13 MR10 MR02 MR06 MR11 MR04 MR12 MR07 MR14
8340,9,22,22,1.0,MR13 MR10 MR02 MR06 MR11 MR14 MR04 MR07 MR12
8341,8,18,13,0.7222222222222222,MR13 MR10 MR02 MR11 MR07 MR04 MR06 MR12
8342,9,22,20,0.9090909090909091,MR12 MR10 MR02 MR11 MR14 MR04 MR06 MR07 MR13
8343,9,25,24,0.96,MR13 MR10 MR11 MR02 MR14 MR12 MR04 MR06 MR07
8344,9,19,18,0.9473684210526315,MR13 MR10 MR02 MR06 MR07 MR11 MR14 MR04 MR12
8345,9,21,20,0.9523809523809523,MR13 MR10 MR11 MR02 MR04 MR07 MR14 MR12 MR06
8346,9,19,18,0.9473684210526315,MR13 MR10 MR02 MR11 MR14 MR07 MR04 MR12 MR06
8347,9,24,23,0.9583333333333334,MR12 MR10 MR11 MR02 MR04 MR06 MR13 MR14 MR07
8348,9,26,25,0.9615384615384616,MR12 MR10 MR02 MR07 MR13 MR11 MR04 MR06 MR14
8349,9,26,25,0.9615384615384616,MR12 MR10 MR11 MR02 MR13 MR07 MR04 MR06 MR14
8350,9,27,27,1.0,MR12 MR10 MR02 MR06 MR11 MR13 MR14 MR04 MR07
8351,9,21,21,1.0,MR12 MR10 MR02 MR11 MR14 MR04 MR06 MR07 MR13
8352,9,25,25,1.0,MR13 MR10 MR11 MR02 MR07 MR04 MR12 MR14 MR06
8353,9,25,24,0.96,MR13 MR10 MR11 MR02 MR04 MR07 MR12 MR06 MR14
8354,9,23,22,0.9565217391304348,MR13 MR10 MR11 MR02 MR12 MR04 MR07 MR06 MR14
8355,9,22,21,0.9545454545454546,MR13 MR10 MR02 MR06 MR07 MR04 MR11 MR12 MR14
8356,9,21,21,1.0,MR13 MR10 MR02 MR07 MR11 MR04 MR12 MR06 MR14
8357,9,23,22,0.9565217391304348,MR13 MR10 MR11 MR02 MR12 MR04 MR06 MR07 MR14
8358,9,24,23,0.9583333333333334,MR13 MR10 MR02 MR11 MR07 MR04 MR06 MR14 MR12
8359,8,25,21,0.84,MR13 MR10 MR11 MR02 MR04 MR07 MR12 MR14
8360,9,25,24,0.96,MR13 MR10 MR02 MR11 MR04 MR06 MR07 MR12 MR14
8361,9,23,22,0.9565217391304348,MR13 MR10 MR02 MR11 MR07 MR04 MR06 MR12 MR14
8362,9,26,25,0.9615384615384616,MR13 MR10 MR02 MR07 MR06 MR14 MR04 MR11 MR12
8363,9,24,23,0.9583333333333334,MR13 MR10 MR11 MR02 MR12 MR04 MR14 MR06 MR07
8364,9,18,18,1.0,MR13 MR10 MR02 MR06 MR11 MR04 MR07 MR12 MR14
8365,9,23,21,0.9130434782608695,MR13 MR10 MR11 MR02 MR04 MR12 MR14 MR07 MR06
8366,9,18,17,0.9444444444444444,MR07 MR10 MR02 MR11 MR13 MR12 MR14 MR04 MR06
8367,9,20,20,1.0,MR13 MR10 MR11 MR02 MR04 MR07 MR12 MR06 MR14
8368,9,19,19,1.0,MR13 MR10 MR02 MR11 MR07 MR14 MR12 MR04 MR06
8369,9,21,20,0.9523809523809523,MR13 MR10 MR02 MR11 MR12 MR04 MR06 MR07 MR14
8370,9,25,24,0.96,MR12 MR10 MR11 MR02 MR04 MR07 MR13 MR14 MR06
8371,9,26,25,0.9615384615384616,MR13 MR10 MR02 MR06 MR07 MR11 MR04 MR12 MR14
8372,9,27,26,0.9629629629629629,MR13 MR10 MR11 MR02 MR14 MR04 MR06 MR12 MR07
8373,9,23,22,0.9565217391304348,MR13 MR10 MR11 MR02 MR06 MR04 MR12 MR14 MR07
8374,9,20,19,0.95,MR13 MR10 MR11 MR02 MR14 MR04 MR07 MR06 MR12
8375,9,23,22,0.9565217391304348,MR13 MR10 MR02 MR11 MR04 MR06 MR07 MR12 MR14
8376,9,23,22,0.9565217391304348,MR12 MR10 MR11 MR02 MR13 MR04 MR07 MR14 MR06
8377,8,25,21,0.84,MR13 MR10 MR02 MR11 MR14 MR07 MR04 MR06
8378,9,28,28,1.0,MR12 MR10 MR11 MR02 MR13 MR04 MR14 MR06 MR07
8379,9,27,23,0.8518518518518519,MR05 MR10 MR02 MR11 MR14 MR06 MR04 MR12 MR07
8380,9,25,23,0.92,MR13 MR10 MR11 MR02 MR12 MR04 MR14 MR06 MR07
8381,9,26,24,0.9230769230769231,MR12 MR10 MR02 MR07 MR11 MR14 MR04 MR06 MR13
8382,8,24,20,0.8333333333333334,MR13 MR10 MR11 MR02 MR04 MR07 MR14 MR12
8383,9,23,22,0.9565217391304348,MR13 MR10 MR11 MR02 MR04 MR07 MR14 MR06 MR12
8384,8,25,21,0.84,MR13 MR10 MR11 MR02 MR04 MR06 MR14 MR12
8385,9,25,24,0.96,MR13 MR10 MR11 MR02 MR04 MR07 MR12 MR06 MR14
8386,9,25,23,0.92,MR13 MR10 MR02 MR11 MR14 MR07 MR12 MR04 MR06
8387,8,26,22,0.8461538461538461,MR12 MR10 MR11 MR02 MR07 MR14 MR04 MR13
8388,9,24,23,0.9583333333333334,MR12 MR10 MR11 MR02 MR04 MR07 MR13 MR14 MR06
8389,9,22,20,0.9090909090909091,MR13 MR10 MR02 MR07 MR11 MR04 MR12 MR06 MR14
8390,9,22,21,0.9545454545454546,MR13 MR10 MR02 MR11 MR06 MR04 MR12 MR14 MR07
8391,9,25,25,1.0,MR13 MR10 MR11 MR02 MR04 MR07 MR14 MR06 MR12
8392,9,29,26,0.896551724137931,MR12 MR10 MR02 MR07 MR11 MR04 MR05 MR06 MR14
8393,9,22,21,0.9545454545454546,MR14 MR10 MR11 MR02 MR04 MR07 MR13 MR06 MR12
8394,9,24,22,0.9166666666666666,MR13 MR10 MR11 MR02 MR04 MR12 MR06 MR14 MR07
8395,9,21,20,0.9523809523809523,MR13 MR10 MR02 MR11 MR06 MR12 MR04 MR14 MR07
8396,9,25,23,0.92,MR13 MR10 MR11 MR02 MR04 MR07 MR12 MR06 MR14
8397,8,21,18,0.8571428571428571,MR13 MR10 MR11 MR02 MR12 MR14 MR04 MR07
8398,9,20,19,0.95,MR13 MR10 MR02 MR07 MR11 MR14 MR12 MR04 MR06
8399,9,24,24,1.0,MR13 MR10 MR02 MR11 MR07 MR14 MR04 MR06 MR12
8400,9,23,23,1.0,MR13 MR10 MR02 MR11 MR12 MR14 MR04 MR06 MR07
8401,9,24,23,0.9583333333333334,MR13 MR10 MR11 MR02 MR04 MR07 MR12 MR14 MR06
8402,9,23,22,0.9565217391304348,MR13 MR10 MR02 MR11 MR07 MR04 MR06 MR12 MR14
8403,9,23,22,0.9565217391304348,MR13 MR10 MR11 MR02 MR07 MR04 MR14 MR06 MR12
8404,9,29,28,0.9655172413793104,MR13 MR10 MR02 MR11 MR07 MR04 MR12 MR06 MR14
8405,9,21,19,0.9047619047619048,MR13 MR10 MR11 MR02 MR12 MR04 MR07 MR14 MR06
8406,9,26,26,1.0,MR13 MR10 MR02 MR07 MR12 MR06 MR04 MR11 MR14
8407,9,22,21,0.9545454545454546,MR13 MR10 MR11 MR02 MR12 MR04 MR14 MR07 MR06
8408,8,23,19,0.8260869565217391,MR13 MR10 MR07 MR02 MR14 MR04 MR06 MR11
8409,8,29,24,0.8275862068965517,MR13 MR10 MR02 MR11 MR14 MR06 MR04 MR07
8410,9,20,19,0.95,MR12 MR10 MR02 MR11 MR06 MR13 MR14 MR04 MR07
8411,9,29,28,0.9655172413793104,MR13 MR10 MR02 MR11 MR14 MR06 MR04 MR07 MR12
8412,9,30,30,1.0,MR13 MR10 MR02 MR06 MR11 MR14 MR04 MR07 MR12
8413,9,26,25,0.9615384615384616,MR13 MR10 MR06 MR02 MR14 MR11 MR04 MR12 MR07
8414,9,21,20,0.9523809523809523,MR13 MR10 MR02 MR11 MR07 MR04 MR06 MR12 MR14
8415,9,19,19,1.0,MR13 MR10 MR02 MR11 MR04 MR06 MR07 MR14 MR12
8416,9,22,22,1.0,MR13 MR10 MR02 MR07 MR11 MR04 MR06 MR12 MR14
8417,9,25,24,0.96,MR13 MR10 MR02 MR11 MR14 MR07 MR04 MR12 MR06
8418,9,23,22,0.9565217391304348,MR13 MR10 MR02 MR11 MR12 MR04 MR06 MR07 MR14
8419,9,22,21,0.9545454545454546,MR13 MR10 MR11 MR02 MR04 MR06 MR14 MR12 MR07
8420,8,23,19,0.8260869565217391,MR13 MR10 MR02 MR06 MR07 MR11 MR04 MR14
8421,9,30,29,0.9666666666666667,MR12 MR10 MR11 MR02 MR07 MR04 MR13 MR06 MR14
8422,9,27,26,0.9629629629629629,MR13 MR10 MR02 MR11 MR07 MR12 MR04 MR06 MR14
8423,8,23,19,0.8260869565217391,MR12 MR10 MR02 MR07 MR11 MR13 MR04 MR14
8424,9,27,26,0.9629629629629629,MR12 MR10 MR11 MR02 MR14 MR13 MR04 MR06 MR07
8425,9,23,22,0.9565217391304348,MR13 MR10 MR02 MR11 MR06 MR04 MR14 MR07 MR12
8426,8,26,23,0.8846153846153846,MR13 MR10 MR02 MR11 MR12 MR06 MR04 MR07
8427,9,29,28,0.9655172413793104,MR13 MR10 MR11 MR02 MR14 MR04 MR06 MR07 MR12
8428,9,21,20,0.9523809523809523,MR13 MR10 MR02 MR06 MR11 MR04 MR07 MR12 MR14
8429,8,28,23,0.8214285714285714,MR12 MR10 MR11 MR02 MR06 MR13 MR04 MR14
8430,9,21,21,1.0,MR13 MR10 MR02 MR11 MR14 MR04 MR06 MR07 MR12
8431,9,22,21,0.9545454545454546,MR13 MR10 MR02 MR11 MR14 MR06 MR04 MR07 MR12
8432,9,22,20,0.9090909090909091,MR13 MR10 MR02 MR06 MR11 MR04 MR07 MR12 MR14
8433,9,27,25,0.9259259259259259,MR14 MR10 MR02 MR06 MR11 MR04 MR13 MR07 MR12
8434,9,24,23,0.9583333333333334,MR12 MR10 MR11 MR02 MR04 MR13 MR14 MR06 MR07
8435,9,24,22,0.9166666666666666,MR13 MR10 MR02 MR11 MR06 MR04 MR07 MR12 MR14
8436,9,28,28,1.0,MR13 MR10 MR11 MR02 MR04 MR12 MR07 MR06 MR14
8437,9,27,25,0.9259259259259259,MR13 MR10 MR12 MR02 MR11 MR07 MR04 MR06 MR14
8438,9,25,24,0.96,MR13 MR10 MR02 MR07 MR06 MR14 MR04 MR11 MR12
8439,9,25,24,0.96,MR13 MR10 MR02 MR06 MR07 MR04 MR11 MR12 MR14
8440,9,27,26,0.9629629629629629,MR13 MR10 MR02 MR11 MR14 MR07 MR04 MR12 MR06
8441,9,23,22,0.9565217391304348,MR13 MR10 MR02 MR07 MR11 MR04 MR14 MR06 MR12
8442,9,24,23,0.9583333333333334,MR12 MR10 MR02 MR11 MR06 MR14 MR04 MR07 MR13
8443,9,29,28,0.9655172413793104,MR12 MR10 MR06 MR02 MR04 MR07 MR11 MR14 MR13
8444,9,23,22,0.9565217391304348,MR13 MR10 MR02 MR11 MR06 MR04 MR07 MR12 MR14
8445,9,26,26,1.0,MR13 MR10 MR02 MR07 MR11 MR14 MR04 MR12 MR06
8446,9,23,22,0.9565217391304348,MR12 MR10 MR02 MR11 MR07 MR13 MR04 MR14 MR06
8447,9,27,26,0.9629629629629629,MR13 MR10 MR11 MR02 MR14 MR04 MR06 MR07 MR12
8448,9,24,23,0.9583333333333334,MR12 MR10 MR11 MR02 MR14 MR04 MR07 MR13 MR06
8449,9,23,22,0.9565217391304348,MR13 MR10 MR11 MR02 MR04 MR12 MR14 MR06 MR07
8450,8,27,23,0.8518518518518519,MR13 MR10 MR11 MR02 MR14 MR04 MR07 MR06
8451,8,28,24,0.8571428571428571,MR13 MR10 MR02 MR06 MR07 MR04 MR11 MR14
8452,9,22,21,0.9545454545454546,MR13 MR10 MR11 MR02 MR04 MR07 MR12 MR14 MR06
8453,9,23,22,0.9565217391304348,MR13 MR10 MR02 MR11 MR04 MR06 MR07 MR12 MR14
8454,9,20,19,0.95,MR13 MR10 MR02 MR11 MR07 MR12 MR04 MR06 MR14
8455,9,24,24,1.0,MR13 MR10 MR02 MR06 MR11 MR12 MR04 MR07 MR14
8456,9,23,23,1.0,MR13 MR10 MR11 MR02 MR12 MR04 MR06 MR07 MR14
8457,9,21,20,0.9523809523809523,MR13 MR10 MR02 MR07 MR11 MR04 MR06 MR12 MR14
8458,9,28,26,0.9285714285714286,MR13 MR10 MR02 MR11 MR14 MR07 MR04 MR12 MR06
8459,9,19,19,1.0,MR13 MR10 MR11 MR02 MR04 MR07 MR06 MR14 MR12
8460,9,18,17,0.9444444444444444,MR13 MR10 MR11 MR02 MR14 MR04 MR06 MR12 MR07
8461,9,20,20,1.0,MR13 MR10 MR11 MR02 MR04 MR12 MR06 MR07 MR14
8462,9,23,22,0.9565217391304348,MR13 MR10 MR02 MR07 MR11 MR12 MR04 MR06 MR14
8463,9,28,26,0.9285714285714286,MR13 MR10 MR02 MR11 MR06 MR04 MR07 MR14 MR12
8464,9,18,18,1.0,MR13 MR10 MR02 MR11 MR06 MR14 MR04 MR12 MR07
8465,9,24,23,0.9583333333333334,MR12 MR10 MR02 MR11 MR06 MR13 MR14 MR04 MR07
8466,9,27,26,0.9629629629629629,MR13 MR10 MR02 MR06 MR11 MR04 MR12 MR14 MR07
8467,9,28,27,0.9642857142857143,MR13 MR10 MR11 MR02 MR06 MR04 MR12 MR07 MR14
8468,9,17,16,0.9411764705882353,MR12 MR10 MR02 MR06 MR11 MR13 MR04 MR07 MR14
8469,9,21,20,0.9523809523809523,MR13 MR10 MR02 MR07 MR11 MR04 MR14 MR06 MR12
8470,9,21,20,0.9523809523809523,MR12 MR10 MR11 MR02 MR13 MR04 MR07 MR06 MR14
8471,9,21,20,0.9523809523809523,MR13 MR10 MR11 MR02 MR12 MR04 MR06 MR14 MR07
8472,9,24,23,0.9583333333333334,MR13 MR10 MR02 MR11 MR14 MR07 MR04 MR06 MR12
8473,8,23,18,0.782608695652174,MR13 MR10 MR02 MR11 MR04 MR06 MR07 MR12
8474,9,22,22,1.0,MR12 MR10 MR02 MR13 MR06 MR11 MR04 MR07 MR14
8475,9,20,20,1.0,MR12 MR10 MR02 MR11 MR14 MR07 MR04 MR06 MR13
8476,9,23,22,0.9565217391304348,MR13 MR10 MR02 MR07 MR11 MR04 MR14 MR06 MR12
8477,9,18,17,0.9444444444444444,MR12 MR10 MR02 MR11 MR13 MR14 MR04 MR06 MR07
8478,9,25,24,0.96,MR14 MR10 MR11 MR02 MR13 MR04 MR07 MR12 MR06
8479,9,22,21,0.9545454545454546,MR13 MR10 MR02 MR11 MR06 MR12 MR04 MR07 MR14
8480,9,26,25,0.9615384615384616,MR13 MR10 MR02 MR11 MR07 MR04 MR06 MR14 MR12
8481,9,23,23,1.0,MR12 MR10 MR11 MR02 MR13 MR04 MR07 MR06 MR14
8482,9,23,22,0.9565217391304348,MR13 MR10 MR02 MR06 MR11 MR04 MR07 MR12 MR14
8483,9,25,24,0.96,MR14 MR10 MR02 MR06 MR11 MR04 MR12 MR13 MR07
8484,8,21,18,0.8571428571428571,MR13 MR10 MR11 MR02 MR04 MR12 MR06 MR07
8485,9,21,20,0.9523809523809523,MR13 MR10 MR02 MR11 MR12 MR04 MR06 MR07 MR14
8486,8,25,21,0.84,MR13 MR10 MR02 MR06 MR07 MR11 MR04 MR14
8487,9,27,26,0.9629629629629629,MR13 MR10 MR11 MR02 MR04 MR06 MR12 MR14 MR07
8488,9,28,27,0.9642857142857143,MR13 MR10 MR02 MR07 MR11 MR04 MR06 MR12 MR14
8489,9,19,18,0.9473684210526315,MR13 MR10 MR02 MR11 MR12 MR14 MR04 MR06 MR07
8490,9,24,23,0.9583333333333334,MR13 MR10 MR11 MR02 MR04 MR07 MR12 MR14 MR06
8491,9,20,20,1.0,MR13 MR10 MR02 MR11 MR14 MR04 MR06 MR07 MR12
8492,9,24,23,0.9583333333333334,MR13 MR10 MR02 MR06 MR11 MR04 MR07 MR12 MR14
8493,9,29,25,0.8620689655172413,MR12 MR10 MR02 MR11 MR06 MR14 MR04 MR05 MR07
8494,9,22,21,0.9545454545454546,MR13 MR10 MR02 MR11 MR07 MR04 MR06 MR14 MR12
8495,8,23,20,0.8695652173913043,MR13 MR10 MR02 MR07 MR11 MR04 MR12 MR06
8496,9,24,24,1.0,MR13 MR10 MR02 MR06 MR11 MR12 MR04 MR14 MR07
8497,9,26,24,0.9230769230769231,MR13 MR10 MR11 MR02 MR04 MR14 MR06 MR12 MR07
8498,9,21,21,1.0,MR12 MR10 MR02 MR11 MR13 MR06 MR04 MR07 MR14
8499,9,26,25,0.9615384615384616,MR13 MR10 MR02 MR11 MR06 MR12 MR04 MR14 MR07
8500,9,22,21,0.9545454545454546,MR13 MR10 MR02 MR11 MR06 MR04 MR07 MR12 MR14
8501,8,26,22,0.8461538461538461,MR13 MR10 MR02 MR07 MR11 MR04 MR12 MR14
8502,9,22,22,1.0,MR12 MR10 MR02 MR11 MR07 MR04 MR06 MR13 MR14
8503,8,25,21,0.84,MR13 MR10 MR11 MR02 MR06 MR14 MR04 MR12
8504,9,21,21,1.0,MR12 MR10 MR02 MR11 MR04 MR06 MR07 MR13 MR14
8505,9,26,26,1.0,MR13 MR10 MR02 MR07 MR11 MR04 MR14 MR06 MR12
8506,9,16,16,1.0,MR13 MR10 MR02 MR11 MR07 MR04 MR12 MR06 MR14
8507,8,22,18,0.8181818181818182,MR13 MR10 MR11 MR02 MR14 MR04 MR06 MR07
8508,9,23,22,0.9565217391304348,MR12 MR10 MR11 MR02 MR07 MR13 MR04 MR14 MR06
8509,9,24,23,0.9583333333333334,MR13 MR10 MR11 MR02 MR14 MR04 MR07 MR06 MR12
8510,8,21,17,0.8095238095238095,MR13 MR10 MR02 MR11 MR06 MR12 MR04 MR07
8511,9,23,22,0.9565217391304348,MR13 MR10 MR02 MR11 MR06 MR04 MR12 MR14 MR07
8512,9,28,24,0.8571428571428571,MR12 MR10 MR02 MR06 MR07 MR14 MR04 MR11 MR05
8513,9,22,21,0.9545454545454546,MR13 MR10 MR11 MR02 MR12 MR14 MR04 MR06 MR07
8514,8,22,19,0.8636363636363636,MR13 MR10 MR11 MR02 MR07 MR04 MR14 MR12
8515,9,28,28,1.0,MR13 MR10 MR02 MR11 MR06 MR04 MR07 MR12 MR14
8516,9,22,21,0.9545454545454546,MR13 MR10 MR02 MR11 MR06 MR04 MR14 MR07 MR12
8517,9,25,24,0.96,MR13 MR10 MR11 MR02 MR07 MR12 MR14 MR04 MR06
8518,9,28,27,0.9642857142857143,MR13 MR10 MR02 MR07 MR06 MR04 MR11 MR12 MR14
8519,9,26,25,0.9615384615384616,MR12 MR10 MR02 MR11 MR06 MR04 MR07 MR13 MR14
8520,9,19,18,0.9473684210526315,MR13 MR10 MR02 MR11 MR06 MR04 MR12 MR14 MR07
8521,8,22,18,0.8181818181818182,MR12 MR10 MR02 MR13 MR11 MR06 MR04 MR07
8522,8,25,21,0.84,MR13 MR10 MR02 MR11 MR12 MR06 MR04 MR07
8523,8,21,17,0.8095238095238095,MR13 MR10 MR02 MR11 MR07 MR14 MR04 MR06
8524,9,26,25,0.9615384615384616,MR13 MR10 MR11 MR02 MR12 MR07 MR04 MR14 MR06
8525,9,29,28,0.9655172413793104,MR13 MR10 MR11 MR02 MR14 MR04 MR12 MR07 MR06
8526,9,19,18,0.9473684210526315,MR13 MR10 MR11 MR02 MR14 MR04 MR06 MR07 MR12
8527,9,24,23,0.9583333333333334,MR13 MR10 MR11 MR02 MR04 MR06 MR14 MR07 MR12
8528,9,24,23,0.9583333333333334,MR13 MR10 MR02 MR07 MR11 MR04 MR12 MR14 MR06
8529,9,30,29,0.9666666666666667,MR12 MR10 MR02 MR06 MR13 MR11 MR04 MR07 MR14
8530,9,26,25,0.9615384615384616,MR13 MR10 MR11 MR02 MR04 MR06 MR07 MR12 MR14
8531,9,20,19,0.95,MR13 MR10 MR11 MR02 MR12 MR04 MR14 MR06 MR07
8532,9,25,24,0.96,MR12 MR10 MR02 MR11 MR07 MR14 MR04 MR13 MR06
8533,9,22,21,0.9545454545454546,MR13 MR10 MR11 MR02 MR04 MR07 MR14 MR06 MR12
8534,9,18,18,1.0,MR13 MR10 MR11 MR02 MR12 MR04 MR14 MR06 MR07
8535,8,24,20,0.8333333333333334,MR12 MR10 MR11 MR02 MR13 MR04 MR14 MR06
8536,9,24,23,0.9583333333333334,MR13 MR10 MR11 MR02 MR12 MR04 MR06 MR07 MR14
8537,9,24,23,0.9583333333333334,MR13 MR10 MR11 MR02 MR12 MR04 MR07 MR06 MR14
8538,9,25,24,0.96,MR12 MR10 MR02 MR06 MR11 MR13 MR04 MR07 MR14
8539,9,25,23,0.92,MR13 MR10 MR11 MR02 MR12 MR04 MR07 MR14 MR06
8540,9,25,24,0.96,MR13 MR10 MR02 MR06 MR11 MR04 MR14 MR07 MR12
8541,9,25,23,0.92,MR13 MR10 MR02 MR06 MR11 MR04 MR07 MR14 MR12
8542,8,25,22,0.88,MR13 MR10 MR11 MR02 MR12 MR04 MR06 MR14
8543,9,23,19,0.8260869565217391,MR12 MR10 MR11 MR02 MR05 MR14 MR04 MR06 MR07
8544,9,22,21,0.9545454545454546,MR13 MR10 MR11 MR02 MR12 MR04 MR06 MR07 MR14
8545,9,27,26,0.9629629629629629,MR13 MR10 MR02 MR11 MR06 MR04 MR07 MR12 MR14
8546,9,22,21,0.9545454545454546,MR13 MR10 MR02 MR11 MR04 MR06 MR07 MR12 MR14
8547,9,23,21,0.9130434782608695,MR13 MR10 MR02 MR11 MR07 MR12 MR04 MR06 MR14
8548,9,25,24,0.96,MR13 MR10 MR02 MR07 MR11 MR12 MR04 MR06 MR14
8549,9,26,25,0.9615384615384616,MR13 MR10 MR02 MR11 MR12 MR04 MR06 MR07 MR14
8550,9,21,20,0.9523809523809523,MR13 MR10 MR11 MR02 MR12 MR04 MR14 MR06 MR07
8551,9,18,17,0.9444444444444444,MR13 MR10 MR02 MR11 MR04 MR06 MR07 MR14 MR12
8552,9,22,21,0.9545454545454546,MR13 MR10 MR02 MR06 MR11 MR14 MR04 MR07 MR12
8553,9,31,29,0.9354838709677419,MR13 MR10 MR02 MR07 MR06 MR14 MR04 MR11 MR12
8554,9,23,22,0.9565217391304348,MR13 MR10 MR11 MR02 MR04 MR07 MR14 MR06 MR12
8555,9,25,24,0.96,MR14 MR10 MR02 MR11 MR13 MR07 MR04 MR06 MR12
8556,9,21,17,0.8095238095238095,MR12 MR10 MR11 MR02 MR14 MR04 MR05 MR06 MR07
8557,9,29,27,0.9310344827586207,MR13 MR10 MR02 MR11 MR06 MR12 MR14 MR04 MR07
8558,9,25,24,0.96,MR13 MR10 MR11 MR02 MR04 MR06 MR12 MR07 MR14
8559,9,23,21,0.9130434782608695,MR13 MR10 MR02 MR06 MR07 MR11 MR04 MR14 MR12
8560,9,18,18,1.0,MR13 MR10 MR02 MR11 MR06 MR04 MR12 MR07 MR14
8561,9,27,25,0.9259259259259259,MR13 MR10 MR11 MR02 MR04 MR06 MR12 MR14 MR07
8562,9,25,24,0.96,MR13 MR10 MR02 MR07 MR11 MR14 MR04 MR06 MR12
8563,9,19,19,1.0,MR13 MR10 MR11 MR02 MR04 MR12 MR14 MR06 MR07
8564,9,27,25,0.9259259259259259,MR13 MR10 MR02 MR11 MR07 MR04 MR06 MR12 MR14
8565,9,26,25,0.9615384615384616,MR12 MR10 MR11 MR02 MR06 MR14 MR04 MR13 MR07
8566,9,26,25,0.9615384615384616,MR13 MR10 MR02 MR11 MR06 MR04 MR07 MR12 MR14
8567,9,23,22,0.9565217391304348,MR13 MR10 MR02 MR07 MR11 MR04 MR06 MR14 MR12
8568,9,25,23,0.92,MR13 MR10 MR02 MR06 MR11 MR04 MR12 MR14 MR07
8569,9,28,27,0.9642857142857143,MR13 MR10 MR02 MR11 MR07 MR04 MR06 MR12 MR14
8570,9,21,21,1.0,MR13 MR10 MR02 MR06 MR11 MR14 MR04 MR07 MR12
8571,9,25,24,0.96,MR12 MR10 MR02 MR11 MR07 MR13 MR04 MR06 MR14
8572,9,23,22,0.9565217391304348,MR12 MR10 MR11 MR02 MR13 MR14 MR04 MR06 MR07
8573,9,18,13,0.7222222222222222,MR12 MR10 MR02 MR11 MR05 MR04 MR06 MR07 MR14
8574,9,22,21,0.9545454545454546,MR13 MR10 MR11 MR02 MR04 MR06 MR12 MR14 MR07
8575,8,25,21,0.84,MR13 MR10 MR02 MR11 MR06 MR04 MR07 MR14
8576,9,26,25,0.9615384615384616,MR12 MR10 MR11 MR02 MR14 MR04 MR06 MR13 MR07
8577,9,20,19,0.95,MR12 MR10 MR02 MR07 MR06 MR13 MR04 MR11 MR14
8578,9,21,20,0.9523809523809523,MR13 MR10 MR02 MR11 MR14 MR07 MR04 MR06 MR12
8579,9,25,24,0.96,MR13 MR10 MR11 MR02 MR14 MR04 MR12 MR06 MR07
8580,9,23,19,0.8260869565217391,MR12 MR10 MR02 MR11 MR05 MR07 MR04 MR06 MR14
8581,9,26,25,0.9615384615384616,MR13 MR10 MR11 MR02 MR12 MR04 MR07 MR14 MR06
8582,9,25,24,0.96,MR13 MR10 MR11 MR02 MR06 MR04 MR12 MR14 MR07
8583,9,26,25,0.9615384615384616,MR13 MR10 MR02 MR06 MR11 MR04 MR12 MR07 MR14
8584,9,23,22,0.9565217391304348,MR13 MR10 MR02 MR11 MR07 MR14 MR04 MR12 MR06
8585,9,23,23,1.0,MR13 MR10 MR11 MR02 MR12 MR14 MR04 MR06 MR07
8586,8,21,18,0.8571428571428571,MR13 MR10 MR11 MR02 MR14 MR04 MR07 MR12
8587,9,24,23,0.9583333333333334,MR13 MR10 MR02 MR11 MR14 MR04 MR06 MR07 MR12
8588,8,26,23,0.8846153846153846,MR13 MR10 MR11 MR02 MR07 MR12 MR04 MR14
8589,9,21,17,0.8095238095238095,MR05 MR10 MR02 MR14 MR11 MR07 MR12 MR04 MR06
8590,9,27,26,0.9629629629629629,MR13 MR10 MR02 MR11 MR12 MR04 MR06 MR07 MR14
8591,9,22,22,1.0,MR12 MR10 MR11 MR02 MR13 MR04 MR07 MR14 MR06
8592,9,22,21,0.9545454545454546,MR13 MR10 MR02 MR11 MR06 MR04 MR07 MR12 MR14
8593,9,24,23,0.9583333333333334,MR13 MR10 MR02 MR06 MR07 MR11 MR04 MR12 MR14
8594,9,24,23,0.9583333333333334,MR13 MR10 MR11 MR02 MR04 MR06 MR14 MR07 MR12
8595,9,25,21,0.84,MR05 MR10 MR02 MR06 MR07 MR14 MR04 MR11 MR12
8596,9,22,21,0.9545454545454546,MR13 MR10 MR02 MR11 MR07 MR04 MR12 MR14 MR06
8597,9,29,28,0.9655172413793104,MR12 MR10 MR11 MR02 MR06 MR04 MR13 MR14 MR07
8598,9,23,22,0.9565217391304348,MR13 MR10 MR11 MR02 MR04 MR14 MR06 MR12 MR07
8599,9,19,18,0.9473684210526315,MR12 MR10 MR11 MR02 MR14 MR04 MR07 MR13 MR06
8600,9,26,25,0.9615384615384616,MR13 MR10 MR02 MR11 MR06 MR14 MR04 MR07 MR12
8601,9,27,27,1.0,MR13 MR10 MR02 MR11 MR07 MR04 MR12 MR14 MR06
8602,9,25,23,0.92,MR13 MR10 MR02 MR11 MR07 MR04 MR12 MR06 MR14
8603,8,18,15,0.8333333333333334,MR13 MR10 MR11 MR02 MR07 MR04 MR12 MR14
8604,8,25,21,0.84,MR13 MR10 MR11 MR02 MR04 MR06 MR07 MR12
8605,9,21,20,0.9523809523809523,MR13 MR10 MR02 MR11 MR06 MR12 MR14 MR04 MR07
8606,9,26,25,0.9615384615384616,MR13 MR10 MR02 MR07 MR11 MR04 MR06 MR12 MR14
8607,9,22,21,0.9545454545454546,MR13 MR10 MR02 MR06 MR11 MR12 MR04 MR07 MR14
8608,9,25,25,1.0,MR13 MR10 MR11 MR02 MR04 MR07 MR14 MR06 MR12
8609,9,19,18,0.9473684210526315,MR12 MR10 MR11 MR02 MR13 MR04 MR07 MR14 MR06
8610,9,25,23,0.92,MR13 MR10 MR02 MR06 MR14 MR11 MR04 MR07 MR12
8611,9,24,23,0.9583333333333334,MR13 MR10 MR02 MR07 MR11 MR14 MR04 MR06 MR12
8612,9,24,23,0.9583333333333334,MR13 MR10 MR11 MR02 MR04 MR12 MR06 MR07 MR14
8613,9,24,22,0.9166666666666666,MR13 MR10 MR11 MR02 MR12 MR04 MR06 MR07 MR14
8614,9,22,21,0.9545454545454546,MR13 MR10 MR02 MR06 MR07 MR11 MR12 MR04 MR14
8615,9,27,26,0.9629629629629629,MR12 MR10 MR02 MR07 MR13 MR11 MR04 MR06 MR14
8616,9,25,23,0.92,MR13 MR10 MR11 MR02 MR04 MR14 MR07 MR06 MR12
8617,9,29,28,0.9655172413793104,MR13 MR10 MR02 MR11 MR06 MR14 MR04 MR07 MR12
8618,8,26,22,0.8461538461538461,MR13 MR10 MR02 MR07 MR11 MR04 MR06 MR14
8619,9,25,23,0.92,MR13 MR10 MR02 MR07 MR11 MR04 MR06 MR12 MR14
8620,9,29,27,0.9310344827586207,MR13 MR10 MR02 MR06 MR11 MR12 MR04 MR14 MR07
8621,9,29,28,0.9655172413793104,MR13 MR10 MR02 MR11 MR04 MR06 MR07 MR14 MR12
8622,9,25,23,0.92,MR13 MR10 MR11 MR02 MR04 MR06 MR07 MR12 MR14
8623,9,19,17,0.8947368421052632,MR13 MR10 MR02 MR11 MR07 MR12 MR04 MR06 MR14
8624,9,26,25,0.9615384615384616,MR13 MR10 MR06 MR02 MR04 MR11 MR12 MR07 MR14
8625,9,24,23,0.9583333333333334,MR13 MR10 MR02 MR07 MR11 MR14 MR04 MR12 MR06
8626,9,22,21,0.9545454545454546,MR13 MR10 MR02 MR11 MR14 MR04 MR06 MR07 MR12
8627,9,19,19,1.0,MR12 MR10 MR02 MR06 MR07 MR11 MR13 MR04 MR14
8628,9,25,24,0.96,MR13 MR10 MR02 MR11 MR07 MR04 MR06 MR12 MR14
8629,9,25,24,0.96,MR13 MR10 MR11 MR02 MR14 MR04 MR06 MR07 MR12
8630,9,26,25,0.9615384615384616,MR13 MR10 MR11 MR02 MR12 MR04 MR07 MR14 MR06
8631,9,28,27,0.9642857142857143,MR13 MR10 MR14 MR02 MR07 MR11 MR04 MR12 MR06
8632,9,26,25,0.9615384615384616,MR12 MR10 MR11 MR02 MR06 MR04 MR13 MR14 MR07
8633,9,22,22,1.0,MR13 MR10 MR02 MR11 MR14 MR04 MR06 MR07 MR12
8634,9,28,28,1.0,MR13 MR10 MR02 MR11 MR04 MR06 MR07 MR12 MR14
8635,9,22,22,1.0,MR13 MR10 MR02 MR06 MR14 MR11 MR04 MR12 MR07
8636,9,26,25,0.9615384615384616,MR14 MR10 MR02 MR06 MR07 MR12 MR04 MR13 MR11
8637,9,29,28,0.9655172413793104,MR07 MR10 MR13 MR02 MR12 MR04 MR06 MR14 MR11
8638,9,24,19,0.7916666666666666,MR05 MR10 MR11 MR02 MR04 MR12 MR14 MR06 MR07
8639,9,25,24,0.96,MR13 MR10 MR11 MR14 MR02 MR04 MR07 MR06 MR12
8640,9,23,22,0.9565217391304348,MR13 MR10 MR11 MR02 MR04 MR07 MR06 MR12 MR14
8641,9,26,24,0.9230769230769231,MR13 MR10 MR02 MR06 MR07 MR11 MR04 MR12 MR14
8642,9,22,21,0.9545454545454546,MR13 MR10 MR02 MR11 MR06 MR04 MR12 MR14 MR07
8643,9,25,24,0.96,MR13 MR10 MR11 MR02 MR12 MR04 MR07 MR14 MR06
8644,9,24,23,0.9583333333333334,MR13 MR10 MR02 MR07 MR11 MR04 MR06 MR14 MR12
8645,9,22,21,0.9545454545454546,MR13 MR10 MR06 MR02 MR11 MR04 MR14 MR12 MR07
8646,9,25,24,0.96,MR13 MR10 MR02 MR06 MR07 MR11 MR04 MR12 MR14
8647,9,20,20,1.0,MR13 MR10 MR11 MR02 MR14 MR04 MR07 MR12 MR06
8648,9,22,21,0.9545454545454546,MR13 MR10 MR02 MR11 MR14 MR04 MR06 MR07 MR12
8649,9,27,26,0.9629629629629629,MR12 MR10 MR02 MR11 MR06 MR14 MR04 MR07 MR13
8650,9,25,25,1.0,MR14 MR10 MR02 MR11 MR13 MR04 MR06 MR07 MR12
8651,9,26,23,0.8846153846153846,MR05 MR10 MR11 MR02 MR04 MR06 MR07 MR12 MR14
8652,9,25,23,0.92,MR13 MR10 MR02 MR06 MR07 MR11 MR04 MR12 MR14
8653,9,23,22,0.9565217391304348,MR13 MR10 MR02 MR11 MR14 MR04 MR06 MR07 MR12
8654,9,23,21,0.9130434782608695,MR13 MR10 MR02 MR11 MR06 MR04 MR14 MR07 MR12
8655,9,23,22,0.9565217391304348,MR13 MR10 MR02 MR06 MR07 MR11 MR04 MR12 MR14
8656,9,27,27,1.0,MR12 MR10 MR11 MR02 MR13 MR06 MR04 MR07 MR14
8657,9,22,21,0.9545454545454546,MR13 MR10 MR02 MR07 MR11 MR14 MR04 MR06 MR12
8658,9,21,20,0.9523809523809523,MR13 MR10 MR11 MR02 MR07 MR04 MR14 MR06 MR12
8659,9,19,19,1.0,MR13 MR10 MR02 MR11 MR04 MR06 MR07 MR12 MR14
8660,9,24,22,0.9166666666666666,MR13 MR10 MR02 MR06 MR07 MR11 MR12 MR14 MR04
8661,8,28,24,0.8571428571428571,MR13 MR10 MR02 MR06 MR11 MR04 MR14 MR12
8662,8,28,24,0.8571428571428571,MR13 MR10 MR02 MR07 MR11 MR14 MR04 MR06
8663,9,24,23,0.9583333333333334,MR13 MR10 MR14 MR02 MR06 MR07 MR11 MR04 MR12
8664,9,19,19,1.0,MR13 MR10 MR11 MR02 MR07 MR04 MR12 MR14 MR06
8665,9,23,22,0.9565217391304348,MR13 MR10 MR11 MR02 MR14 MR04 MR07 MR06 MR12
8666,9,24,23,0.9583333333333334,MR13 MR10 MR11 MR02 MR04 MR14 MR06 MR07 MR12
8667,9,31,29,0.9354838709677419,MR13 MR10 MR11 MR02 MR04 MR06 MR14 MR07 MR12
8668,9,27,25,0.9259259259259259,MR12 MR10 MR02 MR06 MR11 MR04 MR13 MR14 MR07
8669,9,25,23,0.92,MR12 MR10 MR11 MR02 MR04 MR07 MR13 MR14 MR06
8670,9,20,19,0.95,MR13 MR10 MR02 MR06 MR11 MR04 MR14 MR07 MR12
8671,9,23,23,1.0,MR13 MR10 MR11 MR02 MR14 MR04 MR06 MR07 MR12
8672,9,23,22,0.9565217391304348,MR13 MR10 MR02 MR11 MR07 MR04 MR06 MR12 MR14
8673,9,30,29,0.9666666666666667,MR13 MR10 MR02 MR11 MR06 MR04 MR07 MR14 MR12
8674,9,29,26,0.896551724137931,MR05 MR10 MR11 MR02 MR04 MR06 MR07 MR12 MR14
8675,9,25,24,0.96,MR13 MR10 MR02 MR11 MR06 MR04 MR07 MR12 MR14
8676,9,24,23,0.9583333333333334,MR12 MR10 MR11 MR02 MR13 MR04 MR07 MR06 MR14
8677,8,26,23,0.8846153846153846,MR12 MR10 MR02 MR07 MR13 MR04 MR06 MR11
8678,9,25,24,0.96,MR13 MR10 MR11 MR02 MR12 MR04 MR06 MR14 MR07
8679,9,22,21,0.9545454545454546,MR13 MR10 MR11 MR02 MR12 MR04 MR14 MR06 MR07
8680,9,26,25,0.9615384615384616,MR13 MR10 MR02 MR06 MR11 MR14 MR04 MR07 MR12
8681,9,26,26,1.0,MR13 MR10 MR11 MR02 MR14 MR04 MR07 MR06 MR12
8682,9,27,26,0.9629629629629629,MR12 MR10 MR11 MR02 MR04 MR06 MR13 MR14 MR07
8683,9,29,27,0.9310344827586207,MR13 MR10 MR11 MR02 MR04 MR12 MR06 MR07 MR14
8684,8,24,20,0.8333333333333334,MR13 MR10 MR02 MR11 MR12 MR07 MR04 MR06
8685,9,26,25,0.9615384615384616,MR13 MR10 MR02 MR11 MR06 MR04 MR12 MR07 MR14
8686,9,25,24,0.96,MR13 MR10 MR02 MR11 MR04 MR06 MR07 MR14 MR12
8687,9,20,19,0.95,MR13 MR10 MR02 MR07 MR11 MR04 MR06 MR12 MR14
8688,9,24,22,0.9166666666666666,MR13 MR10 MR11 MR02 MR04 MR14 MR06 MR07 MR12
8689,9,21,20,0.9523809523809523,MR13 MR10 MR02 MR11 MR07 MR12 MR04 MR06 MR14
8690,9,21,20,0.9523809523809523,MR13 MR10 MR11 MR02 MR04 MR07 MR12 MR14 MR06
8691,9,27,26,0.9629629629629629,MR12 MR10 MR11 MR02 MR13 MR04 MR07 MR06 MR14
8692,9,28,26,0.9285714285714286,MR13 MR10 MR02 MR11 MR04 MR06 MR07 MR12 MR14
8693,9,23,22,0.9565217391304348,MR13 MR10 MR02 MR11 MR06 MR04 MR07 MR12 MR14
8694,9,21,20,0.9523809523809523,MR12 MR10 MR02 MR13 MR14 MR06 MR07 MR11 MR04
8695,8,23,20,0.8695652173913043,MR13 MR10 MR11 MR02 MR06 MR04 MR14 MR12
8696,8,25,22,0.88,MR13 MR10 MR11 MR02 MR14 MR06 MR04 MR12
8697,9,21,21,1.0,MR12 MR10 MR02 MR11 MR13 MR07 MR04 MR14 MR06
8698,9,22,21,0.9545454545454546,MR13 MR10 MR02 MR11 MR04 MR06 MR07 MR12 MR14
8699,9,25,24,0.96,MR13 MR10 MR11 MR02 MR14 MR04 MR06 MR07 MR12
8700,8,22,19,0.8636363636363636,MR13 MR10 MR11 MR02 MR04 MR07 MR14 MR06
8701,7,27,20,0.7407407407407407,MR13 MR10 MR02 MR07 MR11 MR14 MR04
8702,9,22,21,0.9545454545454546,MR12 MR10 MR11 MR02 MR13 MR14 MR04 MR07 MR06
8703,9,29,25,0.8620689655172413,MR12 MR10 MR11 MR02 MR04 MR07 MR14 MR05 MR06
8704,9,25,25,1.0,MR13 MR10 MR02 MR06 MR07 MR11 MR04 MR14 MR12
8705,9,22,21,0.9545454545454546,MR13 MR10 MR02 MR06 MR07 MR11 MR04 MR12 MR14
8706,9,23,22,0.9565217391304348,MR13 MR10 MR11 MR02 MR12 MR04 MR06 MR07 MR14
8707,9,26,25,0.9615384615384616,MR13 MR10 MR02 MR11 MR06 MR12 MR04 MR07 MR14
8708,9,29,28,0.9655172413793104,MR12 MR10 MR14 MR02 MR11 MR07 MR13 MR04 MR06
8709,8,25,22,0.88,MR13 MR10 MR11 MR02 MR04 MR07 MR14 MR06
8710,8,28,24,0.8571428571428571,MR13 MR10 MR11 MR02 MR14 MR04 MR06 MR07
8711,9,25,25,1.0,MR13 MR10 MR02 MR11 MR06 MR04 MR07 MR14 MR12
8712,8,25,22,0.88,MR13 MR10 MR11 MR02 MR06 MR12 MR04 MR14
8713,9,25,24,0.96,MR13 MR10 MR02 MR06 MR12 MR11 MR04 MR07 MR14
8714,9,26,26,1.0,MR13 MR10 MR11 MR02 MR04 MR06 MR12 MR14 MR07
8715,9,17,16,0.9411764705882353,MR13 MR10 MR02 MR06 MR14 MR11 MR04 MR07 MR12
8716,9,24,23,0.9583333333333334,MR13 MR10 MR02 MR07 MR04 MR06 MR11 MR14 MR12
8717,9,22,21,0.9545454545454546,MR12 MR10 MR11 MR02 MR07 MR13 MR14 MR04 MR06
8718,9,22,21,0.9545454545454546,MR13 MR10 MR11 MR02 MR04 MR14 MR06 MR07 MR12
8719,7,29,21,0.7241379310344828,MR13 MR10 MR11 MR02 MR12 MR06 MR04
8720,9,22,20,0.9090909090909091,MR13 MR10 MR02 MR06 MR11 MR04 MR07 MR12 MR14
8721,9,23,22,0.9565217391304348,MR13 MR10 MR02 MR07 MR04 MR06 MR11 MR14 MR12
8722,9,26,25,0.9615384615384616,MR14 MR10 MR11 MR02 MR13 MR04 MR06 MR12 MR07
8723,8,27,24,0.8888888888888888,MR13 MR10 MR11 MR02 MR12 MR06 MR04 MR14
8724,9,22,21,0.9545454545454546,MR13 MR10 MR11 MR02 MR06 MR04 MR14 MR12 MR07
8725,9,28,27,0.9642857142857143,MR13 MR10 MR02 MR11 MR04 MR06 MR07 MR14 MR12
8726,9,25,25,1.0,MR13 MR10 MR11 MR02 MR12 MR04 MR06 MR14 MR07
8727,9,22,21,0.9545454545454546,MR13 MR10 MR11 MR02 MR14 MR12 MR04 MR07 MR06
8728,9,26,25,0.9615384615384616,MR13 MR10 MR02 MR06 MR11 MR04 MR12 MR07 MR14
8729,9,23,23,1.0,MR13 MR10 MR02 MR11 MR07 MR04 MR06 MR12 MR14
8730,9,26,25,0.9615384615384616,MR13 MR10 MR02 MR11 MR14 MR07 MR04 MR12 MR06
8731,9,25,24,0.96,MR13 MR10 MR02 MR07 MR11 MR04 MR06 MR12 MR14
8732,9,22,21,0.9545454545454546,MR13 MR10 MR02 MR11 MR04 MR06 MR07 MR12 MR14
8733,9,28,28,1.0,MR13 MR10 MR02 MR06 MR14 MR11 MR04 MR07 MR12
8734,9,23,22,0.9565217391304348,MR13 MR10 MR02 MR06 MR12 MR11 MR04 MR14 MR07
8735,8,27,23,0.8518518518518519,MR13 MR10 MR02 MR11 MR04 MR06 MR07 MR14
8736,9,24,22,0.9166666666666666,MR13 MR10 MR02 MR11 MR06 MR04 MR07 MR12 MR14
8737,9,27,26,0.9629629629629629,MR13 MR10 MR02 MR07 MR06 MR12 MR04 MR11 MR14
8738,9,19,18,0.9473684210526315,MR12 MR10 MR11 MR02 MR14 MR13 MR04 MR07 MR06
8739,9,24,23,0.9583333333333334,MR13 MR10 MR11 MR02 MR12 MR04 MR14 MR06 MR07
8740,9,23,22,0.9565217391304348,MR13 MR10 MR11 MR02 MR04 MR06 MR07 MR12 MR14
8741,9,25,25,1.0,MR13 MR10 MR02 MR07 MR11 MR04 MR12 MR06 MR14
8742,9,20,20,1.0,MR13 MR10 MR02 MR07 MR06 MR04 MR11 MR12 MR14
8743,9,22,22,1.0,MR13 MR10 MR11 MR02 MR04 MR07 MR14 MR06 MR12
8744,9,28,27,0.9642857142857143,MR13 MR10 MR02 MR07 MR06 MR04 MR14 MR11 MR12
8745,9,24,23,0.9583333333333334,MR13 MR10 MR11 MR02 MR14 MR04 MR07 MR06 MR12
8746,9,23,23,1.0,MR12 MR10 MR02 MR11 MR06 MR04 MR07 MR13 MR14
8747,8,26,21,0.8076923076923077,MR13 MR10 MR02 MR11 MR14 MR04 MR06 MR07
8748,9,25,24,0.96,MR13 MR10 MR02 MR11 MR04 MR06 MR07 MR12 MR14
8749,9,22,21,0.9545454545454546,MR13 MR10 MR02 MR06 MR12 MR04 MR07 MR11 MR14
8750,9,21,20,0.9523809523809523,MR13 MR10 MR11 MR02 MR04 MR07 MR14 MR06 MR12
8751,9,22,20,0.9090909090909091,MR12 MR10 MR11 MR02 MR14 MR04 MR07 MR13 MR06
8752,9,25,25,1.0,MR14 MR10 MR11 MR02 MR13 MR04 MR06 MR12 MR07
8753,9,27,26,0.9629629629629629,MR13 MR10 MR02 MR11 MR07 MR04 MR12 MR14 MR06
8754,8,25,21,0.84,MR12 MR10 MR02 MR11 MR13 MR06 MR04 MR07
8755,9,24,23,0.9583333333333334,MR13 MR10 MR11 MR02 MR04 MR06 MR12 MR07 MR14
8756,9,26,26,1.0,MR13 MR10 MR11 MR02 MR12 MR04 MR06 MR07 MR14
8757,8,26,22,0.8461538461538461,MR13 MR10 MR11 MR02 MR04 MR14 MR06 MR12
8758,9,24,23,0.9583333333333334,MR13 MR10 MR02 MR11 MR07 MR04 MR12 MR14 MR06
8759,8,23,19,0.8260869565217391,MR13 MR10 MR11 MR02 MR07 MR04 MR14 MR06
8760,9,24,23,0.9583333333333334,MR13 MR10 MR11 MR02 MR04 MR12 MR06 MR07 MR14
8761,9,21,20,0.9523809523809523,MR13 MR10 MR11 MR02 MR04 MR07 MR12 MR06 MR14
8762,9,26,25,0.9615384615384616,MR13 MR10 MR02 MR06 MR12 MR11 MR04 MR07 MR14
8763,9,24,23,0.9583333333333334,MR13 MR10 MR02 MR11 MR07 MR04 MR06 MR12 MR14
8764,9,20,20,1.0,MR13 MR10 MR11 MR02 MR12 MR04 MR14 MR06 MR07
8765,9,20,18,0.9,MR13 MR10 MR11 MR02 MR06 MR04 MR12 MR14 MR07
8766,9,20,19,0.95,MR13 MR10 MR11 MR02 MR04 MR06 MR12 MR07 MR14
8767,9,27,27,1.0,MR13 MR10 MR02 MR11 MR04 MR06 MR07 MR14 MR12
8768,9,21,20,0.9523809523809523,MR13 MR10 MR11 MR02 MR04 MR07 MR12 MR14 MR06
8769,8,27,23,0.8518518518518519,MR13 MR10 MR14 MR02 MR11 MR06 MR04 MR07
8770,8,29,25,0.8620689655172413,MR13 MR10 MR02 MR11 MR12 MR06 MR04 MR07
8771,9,22,21,0.9545454545454546,MR13 MR10 MR02 MR06 MR11 MR04 MR07 MR12 MR14
8772,9,27,26,0.9629629629629629,MR13 MR10 MR11 MR02 MR04 MR06 MR14 MR07 MR12
8773,9,32,31,0.96875,MR12 MR10 MR02 MR07 MR11 MR13 MR14 MR04 MR06
8774,9,22,21,0.9545454545454546,MR13 MR10 MR02 MR07 MR11 MR04 MR06 MR14 MR12
8775,9,25,24,0.96,MR12 MR10 MR11 MR02 MR13 MR04 MR07 MR06 MR14
8776,8,28,23,0.8214285714285714,MR13 MR10 MR11 MR02 MR04 MR07 MR14 MR06
8777,9,27,25,0.9259259259259259,MR12 MR10 MR11 MR02 MR14 MR04 MR07 MR13 MR06
8778,9,27,27,1.0,MR13 MR10 MR11 MR02 MR14 MR04 MR06 MR07 MR12
8779,9,24,23,0.9583333333333334,MR12 MR10 MR02 MR06 MR11 MR13 MR14 MR04 MR07
8780,9,15,14,0.9333333333333333,MR13 MR10 MR02 MR11 MR07 MR04 MR14 MR06 MR12
8781,9,25,24,0.96,MR13 MR10 MR14 MR02 MR11 MR06 MR04 MR12 MR07
8782,9,23,22,0.9565217391304348,MR13 MR10 MR11 MR02 MR07 MR04 MR06 MR12 MR14
8783,8,17,13,0.7647058823529411,MR12 MR10 MR11 MR02 MR13 MR04 MR06 MR14
8784,9,21,18,0.8571428571428571,MR12 MR10 MR02 MR11 MR07 MR04 MR05 MR06 MR14
8785,9,27,26,0.9629629629629629,MR13 MR10 MR11 MR02 MR14 MR04 MR06 MR12 MR07
8786,9,22,22,1.0,MR13 MR10 MR11 MR02 MR04 MR12 MR06 MR07 MR14
8787,9,22,21,0.9545454545454546,MR13 MR10 MR11 MR02 MR14 MR04 MR07 MR12 MR06
8788,8,23,19,0.8260869565217391,MR13 MR10 MR11 MR02 MR12 MR04 MR06 MR07
8789,9,23,22,0.9565217391304348,MR13 MR10 MR02 MR06 MR11 MR12 MR04 MR07 MR14
8790,8,27,24,0.8888888888888888,MR12 MR10 MR11 MR02 MR13 MR04 MR14 MR06
8791,9,23,22,0.9565217391304348,MR13 MR10 MR02 MR11 MR06 MR14 MR04 MR07 MR12
8792,9,25,24,0.96,MR13 MR10 MR11 MR02 MR04 MR06 MR12 MR14 MR07
8793,8,21,17,0.8095238095238095,MR13 MR10 MR11 MR02 MR06 MR14 MR04 MR12
8794,8,26,23,0.8846153846153846,MR13 MR10 MR11 MR02 MR07 MR12 MR04 MR06
8795,9,26,22,0.8461538461538461,MR05 MR10 MR02 MR06 MR07 MR11 MR04 MR12 MR14
8796,9,25,21,0.84,MR12 MR10 MR02 MR07 MR11 MR14 MR04 MR05 MR06
8797,9,29,28,0.9655172413793104,MR13 MR10 MR11 MR02 MR14 MR04 MR06 MR07 MR12
8798,9,24,23,0.9583333333333334,MR13 MR10 MR02 MR11 MR04 MR06 MR07 MR12 MR14
8799,9,25,24,0.96,MR13 MR10 MR11 MR02 MR07 MR12 MR04 MR06 MR14
8800,9,22,22,1.0,MR13 MR10 MR02 MR06 MR12 MR07 MR04 MR11 MR14
8801,9,24,24,1.0,MR12 MR10 MR11 MR02 MR13 MR04 MR06 MR07 MR14
8802,8,24,20,0.8333333333333334,MR13 MR10 MR02 MR11 MR07 MR14 MR04 MR06
8803,9,24,23,0.9583333333333334,MR13 MR10 MR11 MR02 MR04 MR06 MR14 MR07 MR12
8804,9,22,21,0.9545454545454546,MR13 MR10 MR02 MR11 MR14 MR04 MR06 MR07 MR12
8805,9,27,27,1.0,MR13 MR10 MR02 MR11 MR14 MR04 MR06 MR07 MR12
8806,7,27,19,0.7037037037037037,MR12 MR10 MR11 MR02 MR13 MR06 MR04
8807,9,25,25,1.0,MR13 MR10 MR11 MR02 MR14 MR04 MR07 MR12 MR06
8808,9,25,24,0.96,MR12 MR10 MR02 MR06 MR11 MR04 MR13 MR07 MR14
8809,9,29,27,0.9310344827586207,MR13 MR10 MR02 MR11 MR07 MR14 MR04 MR06 MR12
8810,9,22,21,0.9545454545454546,MR13 MR10 MR02 MR11 MR12 MR04 MR06 MR07 MR14
8811,9,26,22,0.8461538461538461,MR14 MR10 MR11 MR02 MR04 MR05 MR12 MR06 MR07
8812,7,23,17,0.7391304347826086,MR13 MR10 MR11 MR02 MR06 MR12 MR04
8813,9,25,25,1.0,MR13 MR10 MR02 MR06 MR11 MR04 MR07 MR12 MR14
8814,9,18,18,1.0,MR13 MR10 MR11 MR02 MR12 MR04 MR07 MR14 MR06
8815,8,25,21,0.84,MR13 MR10 MR11 MR02 MR04 MR06 MR07 MR12
8816,9,26,25,0.9615384615384616,MR13 MR10 MR11 MR14 MR02 MR06 MR04 MR07 MR12
8817,9,19,17,0.8947368421052632,MR13 MR10 MR02 MR07 MR11 MR14 MR04 MR12 MR06
8818,9,29,27,0.9310344827586207,MR13 MR10 MR11 MR02 MR12 MR04 MR14 MR06 MR07
8819,9,24,23,0.9583333333333334,MR13 MR10 MR11 MR02 MR04 MR06 MR14 MR07 MR12
8820,9,23,23,1.0,MR13 MR10 MR02 MR06 MR11 MR04 MR07 MR12 MR14
8821,9,26,26,1.0,MR12 MR10 MR02 MR11 MR07 MR13 MR14 MR04 MR06
8822,9,24,23,0.9583333333333334,MR13 MR10 MR02 MR07 MR11 MR14 MR04 MR06 MR12
8823,9,29,28,0.9655172413793104,MR12 MR10 MR11 MR02 MR13 MR06 MR04 MR14 MR07
8824,9,23,22,0.9565217391304348,MR13 MR10 MR02 MR07 MR14 MR11 MR04 MR06 MR12
8825,9,22,21,0.9545454545454546,MR12 MR10 MR11 MR02 MR14 MR04 MR07 MR13 MR06
8826,9,27,23,0.8518518518518519,MR05 MR10 MR11 MR02 MR14 MR04 MR06 MR07 MR12
8827,9,22,21,0.9545454545454546,MR13 MR10 MR11 MR02 MR04 MR12 MR14 MR06 MR07
8828,9,21,20,0.9523809523809523,MR13 MR10 MR11 MR02 MR07 MR12 MR04 MR14 MR06
8829,9,22,22,1.0,MR12 MR10 MR02 MR07 MR11 MR13 MR04 MR06 MR14
8830,9,21,21,1.0,MR13 MR10 MR11 MR02 MR04 MR07 MR12 MR06 MR14
8831,9,26,24,0.9230769230769231,MR13 MR10 MR02 MR11 MR06 MR14 MR04 MR07 MR12
8832,9,24,22,0.9166666666666666,MR13 MR10 MR02 MR11 MR07 MR04 MR06 MR12 MR14
8833,8,25,21,0.84,MR13 MR10 MR02 MR11 MR06 MR04 MR07 MR14
8834,9,27,26,0.9629629629629629,MR12 MR10 MR02 MR11 MR13 MR06 MR04 MR14 MR07
8835,9,25,24,0.96,MR07 MR10 MR02 MR13 MR04 MR11 MR12 MR14 MR06
8836,9,22,21,0.9545454545454546,MR13 MR10 MR11 MR02 MR14 MR04 MR12 MR06 MR07
8837,9,23,22,0.9565217391304348,MR13 MR10 MR02 MR11 MR07 MR04 MR12 MR14 MR06
8838,9,22,22,1.0,MR13 MR10 MR02 MR06 MR07 MR04 MR11 MR14 MR12
8839,9,24,23,0.9583333333333334,MR12 MR10 MR02 MR11 MR07 MR13 MR04 MR06 MR14
8840,9,24,23,0.9583333333333334,MR13 MR10 MR02 MR11 MR07 MR14 MR04 MR06 MR12
8841,9,20,19,0.95,MR13 MR10 MR11 MR02 MR04 MR07 MR12 MR14 MR06
8842,9,22,21,0.9545454545454546,MR13 MR10 MR02 MR07 MR11 MR14 MR04 MR06 MR12
8843,9,19,18,0.9473684210526315,MR13 MR10 MR02 MR11 MR07 MR04 MR06 MR12 MR14
8844,9,18,17,0.9444444444444444,MR13 MR10 MR02 MR11 MR07 MR12 MR04 MR06 MR14
8845,9,24,24,1.0,MR12 MR10 MR02 MR07 MR06 MR13 MR14 MR04 MR11
8846,9,24,23,0.9583333333333334,MR13 MR10 MR11 MR02 MR04 MR06 MR14 MR07 MR12
8847,9,24,24,1.0,MR13 MR10 MR11 MR02 MR14 MR04 MR06 MR07 MR12
8848,9,29,27,0.9310344827586207,MR13 MR10 MR02 MR07 MR11 MR04 MR12 MR06 MR14
8849,9,20,16,0.8,MR05 MR10 MR02 MR07 MR14 MR11 MR04 MR06 MR12
8850,9,23,22,0.9565217391304348,MR13 MR10 MR11 MR02 MR14 MR04 MR06 MR07 MR12
8851,9,26,25,0.9615384615384616,MR13 MR10 MR02 MR11 MR14 MR06 MR12 MR04 MR07
8852,9,22,22,1.0,MR13 MR10 MR02 MR11 MR06 MR12 MR04 MR07 MR14
8853,9,25,24,0.96,MR13 MR10 MR11 MR02 MR14 MR04 MR06 MR12 MR07
8854,9,23,23,1.0,MR13 MR10 MR02 MR06 MR11 MR12 MR04 MR07 MR14
8855,9,29,28,0.9655172413793104,MR12 MR10 MR11 MR02 MR13 MR07 MR04 MR06 MR14
8856,7,26,20,0.7692307692307693,MR13 MR10 MR11 MR02 MR06 MR04 MR14
8857,9,21,20,0.9523809523809523,MR13 MR10 MR02 MR11 MR14 MR04 MR06 MR07 MR12
8858,9,22,22,1.0,MR13 MR10 MR11 MR02 MR04 MR07 MR14 MR06 MR12
8859,9,26,24,0.9230769230769231,MR13 MR10 MR11 MR02 MR06 MR14 MR04 MR12 MR07
8860,9,22,22,1.0,MR13 MR10 MR02 MR11 MR06 MR12 MR04 MR14 MR07
8861,9,22,22,1.0,MR13 MR10 MR02 MR06 MR11 MR04 MR07 MR12 MR14
8862,9,22,22,1.0,MR13 MR10 MR02 MR11 MR14 MR06 MR04 MR07 MR12
8863,9,28,26,0.9285714285714286,MR06 MR10 MR02 MR11 MR14 MR12 MR13 MR04 MR07
8864,9,22,22,1.0,MR13 MR10 MR02 MR11 MR14 MR04 MR06 MR07 MR12
8865,9,27,26,0.9629629629629629,MR12 MR10 MR02 MR07 MR13 MR06 MR04 MR11 MR14
8866,9,26,25,0.9615384615384616,MR12 MR10 MR11 MR02 MR06 MR13 MR04 MR14 MR07
8867,8,27,23,0.8518518518518519,MR13 MR10 MR11 MR02 MR04 MR07 MR12 MR14
8868,9,21,21,1.0,MR13 MR10 MR11 MR02 MR04 MR07 MR12 MR06 MR14
8869,9,27,26,0.9629629629629629,MR12 MR10 MR11 MR02 MR14 MR13 MR04 MR06 MR07
8870,9,24,23,0.9583333333333334,MR12 MR10 MR11 MR02 MR14 MR04 MR06 MR13 MR07
8871,9,23,22,0.9565217391304348,MR13 MR10 MR02 MR07 MR11 MR04 MR06 MR12 MR14
8872,9,22,21,0.9545454545454546,MR13 MR10 MR02 MR06 MR11 MR04 MR14 MR07 MR12
8873,9,22,18,0.8181818181818182,MR12 MR10 MR02 MR07 MR06 MR04 MR11 MR14 MR05
8874,9,25,24,0.96,MR13 MR10 MR11 MR02 MR14 MR04 MR06 MR12 MR07
8875,9,25,23,0.92,MR13 MR10 MR11 MR02 MR04 MR07 MR12 MR14 MR06
8876,8,34,29,0.8529411764705882,MR13 MR10 MR12 MR02 MR07 MR11 MR04 MR06
8877,9,21,21,1.0,MR13 MR10 MR02 MR07 MR11 MR04 MR06 MR12 MR14
8878,9,26,25,0.9615384615384616,MR13 MR10 MR02 MR06 MR07 MR11 MR04 MR12 MR14
8879,9,22,21,0.9545454545454546,MR13 MR10 MR11 MR02 MR14 MR04 MR07 MR06 MR12
8880,8,19,16,0.8421052631578947,MR13 MR10 MR02 MR06 MR07 MR11 MR04 MR14
8881,9,22,22,1.0,MR12 MR10 MR11 MR02 MR04 MR06 MR13 MR14 MR07
8882,9,23,22,0.9565217391304348,MR13 MR10 MR02 MR11 MR06 MR04 MR14 MR07 MR12
8883,9,25,24,0.96,MR13 MR10 MR11 MR02 MR07 MR14 MR04 MR12 MR06
8884,9,19,19,1.0,MR13 MR10 MR02 MR06 MR11 MR12 MR04 MR07 MR14
8885,9,27,26,0.9629629629629629,MR13 MR10 MR02 MR07 MR11 MR04 MR12 MR06 MR14
8886,9,28,27,0.9642857142857143,MR13 MR10 MR11 MR02 MR14 MR04 MR07 MR06 MR12
8887,9,24,23,0.9583333333333334,MR13 MR10 MR02 MR06 MR11 MR04 MR12 MR14 MR07
8888,9,25,24,0.96,MR13 MR10 MR02 MR11 MR07 MR14 MR04 MR06 MR12
8889,9,22,20,0.9090909090909091,MR13 MR10 MR11 MR02 MR04 MR14 MR06 MR12 MR07
8890,9,21,20,0.9523809523809523,MR13 MR10 MR02 MR11 MR06 MR14 MR04 MR07 MR12
8891,9,20,20,1.0,MR13 MR10 MR11 MR02 MR07 MR04 MR12 MR14 MR06
8892,8,26,22,0.8461538461538461,MR13 MR10 MR11 MR02 MR14 MR04 MR07 MR12
8893,8,25,21,0.84,MR13 MR10 MR11 MR02 MR04 MR12 MR06 MR07
8894,9,20,19,0.95,MR13 MR10 MR02 MR07 MR14 MR11 MR04 MR06 MR12
8895,9,29,28,0.9655172413793104,MR12 MR10 MR02 MR11 MR13 MR07 MR14 MR04 MR06
8896,9,19,18,0.9473684210526315,MR13 MR10 MR11 MR02 MR04 MR07 MR14 MR06 MR12
8897,8,23,19,0.8260869565217391,MR13 MR10 MR02 MR11 MR14 MR06 MR04 MR07
8898,9,20,19,0.95,MR13 MR10 MR02 MR07 MR11 MR04 MR06 MR12 MR14
8899,9,22,21,0.9545454545454546,MR12 MR10 MR02 MR11 MR07 MR14 MR04 MR13 MR06
8900,9,23,22,0.9565217391304348,MR13 MR10 MR02 MR11 MR07 MR04 MR06 MR12 MR14
8901,8,24,21,0.875,MR13 MR10 MR06 MR02 MR04 MR11 MR12 MR07
8902,9,21,20,0.9523809523809523,MR12 MR10 MR02 MR11 MR07 MR13 MR04 MR06 MR14
8903,9,25,23,0.92,MR12 MR10 MR02 MR11 MR06 MR04 MR07 MR13 MR14
8904,9,22,21,0.9545454545454546,MR13 MR10 MR02 MR11 MR06 MR04 MR07 MR12 MR14
8905,8,25,21,0.84,MR13 MR10 MR11 MR02 MR04 MR06 MR12 MR14
8906,9,27,25,0.9259259259259259,MR13 MR10 MR02 MR11 MR07 MR12 MR14 MR04 MR06
8907,9,23,22,0.9565217391304348,MR13 MR10 MR02 MR06 MR11 MR04 MR07 MR12 MR14
8908,9,20,19,0.95,MR13 MR10 MR11 MR02 MR12 MR04 MR06 MR07 MR14
8909,9,21,21,1.0,MR13 MR10 MR07 MR02 MR04 MR11 MR12 MR06 MR14
8910,9,21,20,0.9523809523809523,MR13 MR10 MR02 MR11 MR04 MR06 MR07 MR12 MR14
8911,8,22,18,0.8181818181818182,MR13 MR10 MR02 MR12 MR07 MR11 MR04 MR06
8912,9,20,19,0.95,MR13 MR10 MR02 MR07 MR11 MR04 MR06 MR12 MR14
8913,9,23,22,0.9565217391304348,MR13 MR10 MR02 MR11 MR07 MR04 MR06 MR12 MR14
8914,9,26,22,0.8461538461538461,MR05 MR10 MR02 MR06 MR11 MR14 MR04 MR12 MR07
8915,9,32,31,0.96875,MR13 MR10 MR02 MR11 MR14 MR04 MR06 MR07 MR12
8916,9,26,26,1.0,MR12 MR10 MR11 MR02 MR14 MR04 MR07 MR13 MR06
8917,9,23,22,0.9565217391304348,MR13 MR10 MR11 MR02 MR14 MR04 MR06 MR07 MR12
8918,9,20,20,1.0,MR13 MR10 MR02 MR11 MR04 MR06 MR07 MR12 MR14
8919,9,22,21,0.9545454545454546,MR12 MR10 MR11 MR02 MR13 MR14 MR04 MR06 MR07
8920,9,25,24,0.96,MR13 MR10 MR02 MR06 MR07 MR11 MR04 MR12 MR14
8921,8,19,15,0.7894736842105263,MR13 MR10 MR02 MR11 MR04 MR06 MR07 MR12
8922,9,24,21,0.875,MR05 MR10 MR02 MR07 MR11 MR04 MR14 MR12 MR06
8923,9,26,26,1.0,MR13 MR10 MR11 MR02 MR12 MR04 MR06 MR07 MR14
8924,8,25,20,0.8,MR13 MR10 MR02 MR07 MR11 MR12 MR04 MR06
8925,9,26,25,0.9615384615384616,MR13 MR10 MR11 MR02 MR04 MR06 MR07 MR12 MR14
8926,9,25,24,0.96,MR13 MR10 MR06 MR02 MR12 MR04 MR07 MR11 MR14
8927,9,24,23,0.9583333333333334,MR13 MR10 MR02 MR07 MR06 MR14 MR04 MR11 MR12
8928,8,26,22,0.8461538461538461,MR13 MR10 MR11 MR02 MR04 MR06 MR14 MR07
8929,9,23,22,0.9565217391304348,MR13 MR10 MR11 MR02 MR12 MR04 MR06 MR14 MR07
8930,9,25,24,0.96,MR13 MR10 MR06 MR02 MR11 MR04 MR14 MR07 MR12
8931,9,25,25,1.0,MR12 MR10 MR02 MR11 MR13 MR06 MR04 MR07 MR14
8932,9,25,24,0.96,MR13 MR10 MR02 MR11 MR06 MR04 MR12 MR07 MR14
8933,9,23,22,0.9565217391304348,MR13 MR10 MR02 MR11 MR04 MR06 MR07 MR12 MR14
8934,9,25,24,0.96,MR13 MR10 MR11 MR02 MR14 MR04 MR12 MR06 MR07
8935,9,28,26,0.9285714285714286,MR13 MR10 MR02 MR11 MR14 MR06 MR12 MR04 MR07
8936,9,24,23,0.9583333333333334,MR12 MR10 MR11 MR02 MR13 MR04 MR06 MR07 MR14
8937,9,22,21,0.9545454545454546,MR13 MR10 MR11 MR02 MR07 MR04 MR12 MR14 MR06
8938,9,28,27,0.9642857142857143,MR13 MR10 MR11 MR02 MR14 MR04 MR07 MR12 MR06
8939,8,27,23,0.8518518518518519,MR13 MR10 MR02 MR11 MR04 MR06 MR07 MR12
8940,9,22,21,0.9545454545454546,MR13 MR10 MR02 MR11 MR07 MR04 MR06 MR14 MR12
8941,9,23,23,1.0,MR13 MR10 MR11 MR02 MR14 MR04 MR06 MR12 MR07
8942,8,29,25,0.8620689655172413,MR12 MR10 MR11 MR02 MR13 MR14 MR04 MR07
8943,9,24,23,0.9583333333333334,MR13 MR10 MR02 MR11 MR07 MR04 MR12 MR14 MR06
8944,9,21,21,1.0,MR13 MR10 MR11 MR02 MR14 MR04 MR06 MR12 MR07
8945,9,24,23,0.9583333333333334,MR13 MR10 MR02 MR11 MR14 MR04 MR06 MR07 MR12
8946,9,25,25,1.0,MR13 MR10 MR02 MR07 MR04 MR06 MR11 MR12 MR14
8947,9,26,25,0.9615384615384616,MR13 MR10 MR11 MR02 MR04 MR06 MR07 MR12 MR14
8948,9,22,22,1.0,MR13 MR10 MR02 MR07 MR11 MR04 MR06 MR12 MR14
8949,9,26,25,0.9615384615384616,MR13 MR10 MR11 MR02 MR04 MR14 MR06 MR07 MR12
8950,9,25,24,0.96,MR12 MR10 MR02 MR11 MR06 MR04 MR07 MR13 MR14
8951,9,24,23,0.9583333333333334,MR13 MR10 MR11 MR02 MR06 MR12 MR04 MR14 MR07
8952,9,19,18,0.9473684210526315,MR13 MR10 MR11 MR02 MR12 MR04 MR06 MR14 MR07
8953,9,21,20,0.9523809523809523,MR12 MR10 MR02 MR06 MR13 MR11 MR04 MR07 MR14
8954,9,23,23,1.0,MR13 MR10 MR02 MR06 MR11 MR04 MR14 MR07 MR12
8955,9,25,24,0.96,MR13 MR10 MR11 MR02 MR14 MR04 MR07 MR12 MR06
8956,9,22,21,0.9545454545454546,MR13 MR10 MR02 MR07 MR11 MR04 MR06 MR12 MR14
8957,9,21,20,0.9523809523809523,MR13 MR10 MR07 MR02 MR04 MR06 MR14 MR12 MR11
8958,9,21,20,0.9523809523809523,MR13 MR10 MR11 MR02 MR04 MR07 MR12 MR14 MR06
8959,9,20,19,0.95,MR13 MR10 MR02 MR07 MR06 MR04 MR11 MR12 MR14
8960,9,23,23,1.0,MR13 MR10 MR02 MR11 MR07 MR14 MR04 MR06 MR12
8961,8,27,23,0.8518518518518519,MR12 MR10 MR02 MR11 MR13 MR04 MR06 MR07
8962,8,23,19,0.8260869565217391,MR13 MR10 MR02 MR11 MR04 MR06 MR07 MR14
8963,8,24,20,0.8333333333333334,MR13 MR10 MR11 MR02 MR06 MR04 MR12 MR14
8964,9,27,26,0.9629629629629629,MR13 MR10 MR02 MR11 MR12 MR06 MR04 MR07 MR14
8965,9,26,25,0.9615384615384616,MR14 MR10 MR02 MR06 MR11 MR13 MR04 MR07 MR12
8966,9,27,26,0.9629629629629629,MR13 MR10 MR11 MR02 MR04 MR06 MR14 MR07 MR12
8967,9,25,25,1.0,MR13 MR10 MR11 MR02 MR14 MR04 MR12 MR06 MR07
8968,9,25,25,1.0,MR12 MR10 MR11 MR02 MR13 MR04 MR07 MR06 MR14
8969,9,24,23,0.9583333333333334,MR13 MR10 MR11 MR02 MR14 MR04 MR06 MR07 MR12
8970,8,23,19,0.8260869565217391,MR13 MR10 MR11 MR02 MR06 MR12 MR04 MR14
8971,8,25,21,0.84,MR13 MR10 MR02 MR11 MR07 MR04 MR12 MR06
8972,9,23,23,1.0,MR13 MR10 MR02 MR07 MR11 MR04 MR06 MR12 MR14
8973,9,27,26,0.9629629629629629,MR13 MR10 MR02 MR11 MR14 MR04 MR06 MR07 MR12
8974,9,25,24,0.96,MR13 MR10 MR02 MR07 MR11 MR14 MR04 MR06 MR12
8975,9,23,22,0.9565217391304348,MR13 MR10 MR02 MR11 MR14 MR12 MR04 MR06 MR07
8976,9,21,17,0.8095238095238095,MR05 MR10 MR11 MR02 MR07 MR14 MR04 MR12 MR06
8977,9,23,22,0.9565217391304348,MR13 MR10 MR11 MR02 MR04 MR06 MR07 MR12 MR14
8978,9,24,23,0.9583333333333334,MR13 MR10 MR02 MR06 MR11 MR04 MR07 MR12 MR14
8979,9,24,23,0.9583333333333334,MR13 MR10 MR02 MR11 MR12 MR07 MR14 MR04 MR06
8980,9,22,21,0.9545454545454546,MR13 MR10 MR02 MR11 MR14 MR07 MR12 MR04 MR06
8981,8,23,19,0.8260869565217391,MR13 MR10 MR11 MR02 MR06 MR04 MR14 MR12
8982,9,20,20,1.0,MR13 MR10 MR02 MR07 MR06 MR04 MR11 MR12 MR14
8983,9,26,25,0.9615384615384616,MR06 MR10 MR02 MR13 MR14 MR04 MR07 MR11 MR12
8984,9,24,23,0.9583333333333334,MR13 MR10 MR02 MR11 MR14 MR06 MR04 MR07 MR12
8985,9,23,22,0.9565217391304348,MR12 MR10 MR11 MR02 MR13 MR04 MR06 MR14 MR07
8986,9,27,26,0.9629629629629629,MR13 MR10 MR02 MR06 MR07 MR04 MR11 MR12 MR14
8987,9,25,24,0.96,MR13 MR10 MR11 MR02 MR06 MR04 MR14 MR07 MR12
8988,8,24,21,0.875,MR13 MR10 MR02 MR06 MR07 MR11 MR04 MR12
8989,9,23,22,0.9565217391304348,MR13 MR10 MR02 MR11 MR07 MR04 MR14 MR06 MR12
8990,9,18,18,1.0,MR13 MR10 MR11 MR02 MR12 MR04 MR14 MR06 MR07
8991,9,22,21,0.9545454545454546,MR13 MR10 MR02 MR11 MR07 MR04 MR06 MR12 MR14
8992,9,22,22,1.0,MR13 MR10 MR02 MR06 MR04 MR07 MR11 MR14 MR12
8993,9,23,23,1.0,MR13 MR10 MR11 MR02 MR06 MR04 MR12 MR14 MR07
8994,9,19,19,1.0,MR13 MR10 MR11 MR02 MR14 MR04 MR06 MR07 MR12
8995,9,28,27,0.9642857142857143,MR13 MR10 MR11 MR02 MR04 MR06 MR14 MR07 MR12
8996,9,20,19,0.95,MR13 MR10 MR02 MR07 MR11 MR04 MR12 MR06 MR14
8997,9,24,23,0.9583333333333334,MR13 MR10 MR02 MR06 MR11 MR04 MR07 MR12 MR14
8998,9,24,23,0.9583333333333334,MR12 MR10 MR11 MR02 MR14 MR07 MR13 MR04 MR06
8999,9,25,24,0.96,MR12 MR10 MR02 MR11 MR06 MR13 MR04 MR14 MR07
9000,9,22,21,0.9545454545454546,MR13 MR10 MR02 MR11 MR14 MR04 MR06 MR07 MR12
9001,9,24,23,0.9583333333333334,MR13 MR10 MR02 MR11 MR14 MR04 MR06 MR07 MR12
9002,9,22,21,0.9545454545454546,MR12 MR10 MR02 MR13 MR06 MR07 MR11 MR04 MR14
9003,9,25,24,0.96,MR12 MR10 MR11 MR02 MR13 MR04 MR07 MR14 MR06
9004,9,24,24,1.0,MR12 MR10 MR06 MR02 MR13 MR04 MR11 MR07 MR14
9005,9,26,25,0.9615384615384616,MR12 MR10 MR02 MR06 MR07 MR11 MR14 MR04 MR13
9006,9,24,23,0.9583333333333334,MR12 MR10 MR02 MR06 MR11 MR14 MR04 MR13 MR07
9007,9,24,23,0.9583333333333334,MR12 MR10 MR02 MR13 MR11 MR07 MR04 MR06 MR14
9008,9,28,27,0.9642857142857143,MR12 MR10 MR02 MR11 MR13 MR07 MR04 MR06 MR14
9009,9,24,24,1.0,MR12 MR10 MR02 MR11 MR07 MR13 MR04 MR06 MR14
9010,9,24,23,0.9583333333333334,MR13 MR10 MR02 MR07 MR06 MR12 MR04 MR11 MR14
9011,9,28,27,0.9642857142857143,MR12 MR10 MR02 MR11 MR13 MR07 MR04 MR06 MR14
9012,9,21,20,0.9523809523809523,MR13 MR10 MR02 MR11 MR06 MR04 MR12 MR07 MR14
9013,9,21,20,0.9523809523809523,MR13 MR10 MR02 MR11 MR06 MR04 MR07 MR14 MR12
9014,9,28,28,1.0,MR13 MR10 MR02 MR11 MR06 MR12 MR04 MR07 MR14
9015,9,23,22,0.9565217391304348,MR13 MR10 MR02 MR11 MR06 MR04 MR12 MR07 MR14
9016,9,22,21,0.9545454545454546,MR12 MR10 MR11 MR02 MR13 MR14 MR04 MR06 MR07
9017,9,27,26,0.9629629629629629,MR13 MR10 MR11 MR02 MR04 MR06 MR14 MR07 MR12
9018,9,23,22,0.9565217391304348,MR13 MR10 MR11 MR02 MR04 MR07 MR14 MR12 MR06
9019,9,21,20,0.9523809523809523,MR13 MR10 MR11 MR02 MR14 MR04 MR06 MR12 MR07
9020,9,27,26,0.9629629629629629,MR12 MR10 MR02 MR06 MR11 MR04 MR07 MR13 MR14
9021,9,29,28,0.9655172413793104,MR13 MR10 MR11 MR02 MR07 MR14 MR04 MR06 MR12
9022,8,25,21,0.84,MR13 MR10 MR02 MR14 MR06 MR11 MR04 MR07
9023,9,25,24,0.96,MR13 MR10 MR02 MR11 MR06 MR04 MR07 MR12 MR14
9024,9,23,22,0.9565217391304348,MR12 MR10 MR02 MR11 MR06 MR13 MR04 MR07 MR14
9025,9,25,25,1.0,MR12 MR10 MR11 MR02 MR14 MR04 MR07 MR13 MR06
9026,9,24,23,0.9583333333333334,MR13 MR10 MR02 MR11 MR12 MR14 MR04 MR06 MR07
9027,8,28,24,0.8571428571428571,MR13 MR10 MR11 MR02 MR04 MR06 MR07 MR14
9028,8,29,25,0.8620689655172413,MR12 MR10 MR11 MR02 MR13 MR04 MR07 MR14
9029,9,28,27,0.9642857142857143,MR13 MR10 MR11 MR02 MR14 MR04 MR07 MR12 MR06
9030,9,24,23,0.9583333333333334,MR13 MR10 MR02 MR06 MR14 MR11 MR12 MR04 MR07
9031,9,20,19,0.95,MR13 MR10 MR11 MR02 MR12 MR04 MR07 MR14 MR06
9032,9,21,21,1.0,MR12 MR10 MR11 MR02 MR13 MR04 MR06 MR07 MR14
9033,9,21,21,1.0,MR13 MR10 MR11 MR02 MR07 MR14 MR04 MR12 MR06
9034,9,21,20,0.9523809523809523,MR13 MR10 MR02 MR11 MR07 MR04 MR12 MR06 MR14
9035,9,24,23,0.9583333333333334,MR13 MR10 MR02 MR11 MR07 MR14 MR04 MR06 MR12
9036,9,25,24,0.96,MR14 MR10 MR13 MR02 MR11 MR07 MR04 MR06 MR12
9037,9,23,22,0.9565217391304348,MR13 MR10 MR02 MR06 MR11 MR14 MR04 MR12 MR07
9038,8,28,25,0.8928571428571429,MR13 MR10 MR07 MR02 MR11 MR14 MR04 MR12
9039,9,31,30,0.967741935483871,MR13 MR10 MR02 MR06 MR11 MR04 MR07 MR14 MR12
9040,9,23,23,1.0,MR13 MR10 MR02 MR06 MR04 MR07 MR11 MR14 MR12
9041,9,23,23,1.0,MR13 MR10 MR07 MR02 MR12 MR04 MR06 MR11 MR14
9042,9,25,23,0.92,MR12 MR10 MR11 MR02 MR07 MR13 MR04 MR14 MR06
9043,9,28,27,0.9642857142857143,MR13 MR10 MR11 MR02 MR14 MR06 MR04 MR12 MR07
9044,9,26,25,0.9615384615384616,MR13 MR10 MR02 MR11 MR07 MR04 MR06 MR14 MR12
9045,9,22,21,0.9545454545454546,MR13 MR10 MR02 MR11 MR07 MR14 MR04 MR06 MR12
9046,9,20,16,0.8,MR12 MR10 MR02 MR11 MR05 MR04 MR06 MR07 MR14
9047,9,19,18,0.9473684210526315,MR13 MR10 MR02 MR11 MR07 MR12 MR04 MR14 MR06
9048,9,26,24,0.9230769230769231,MR13 MR10 MR11 MR02 MR04 MR07 MR06 MR12 MR14
9049,9,20,19,0.95,MR13 MR10 MR11 MR02 MR04 MR06 MR12 MR07 MR14
9050,9,24,23,0.9583333333333334,MR13 MR10 MR11 MR02 MR12 MR04 MR07 MR06 MR14
9051,8,25,21,0.84,MR12 MR10 MR11 MR02 MR07 MR14 MR04 MR13
9052,9,23,20,0.8695652173913043,MR05 MR10 MR02 MR06 MR11 MR04 MR07 MR14 MR12
9053,9,23,22,0.9565217391304348,MR13 MR10 MR11 MR02 MR12 MR04 MR07 MR06 MR14
9054,9,21,20,0.9523809523809523,MR13 MR10 MR11 MR02 MR14 MR04 MR06 MR07 MR12
9055,9,23,22,0.9565217391304348,MR13 MR10 MR11 MR14 MR02 MR04 MR06 MR07 MR12
9056,9,20,19,0.95,MR13 MR10 MR02 MR11 MR12 MR07 MR04 MR14 MR06
9057,8,24,20,0.8333333333333334,MR13 MR10 MR11 MR02 MR14 MR04 MR07 MR06
9058,9,28,27,0.9642857142857143,MR13 MR10 MR02 MR06 MR11 MR14 MR04 MR07 MR12
9059,9,25,24,0.96,MR13 MR10 MR02 MR06 MR11 MR12 MR04 MR07 MR14
9060,9,23,22,0.9565217391304348,MR13 MR10 MR02 MR11 MR06 MR04 MR07 MR14 MR12
9061,8,23,20,0.8695652173913043,MR13 MR10 MR11 MR02 MR14 MR04 MR07 MR06
9062,9,25,24,0.96,MR13 MR10 MR11 MR02 MR14 MR04 MR12 MR07 MR06
9063,9,21,20,0.9523809523809523,MR12 MR10 MR02 MR13 MR06 MR07 MR11 MR04 MR14
9064,9,25,24,0.96,MR13 MR10 MR02 MR11 MR07 MR12 MR04 MR06 MR14
9065,8,22,19,0.8636363636363636,MR12 MR10 MR02 MR11 MR13 MR07 MR04 MR06
9066,9,24,22,0.9166666666666666,MR12 MR10 MR02 MR11 MR13 MR06 MR04 MR07 MR14
9067,9,18,17,0.9444444444444444,MR13 MR10 MR02 MR11 MR06 MR04 MR07 MR12 MR14
9068,8,24,20,0.8333333333333334,MR13 MR10 MR11 MR02 MR07 MR04 MR14 MR06
9069,9,29,28,0.9655172413793104,MR13 MR10 MR02 MR11 MR14 MR07 MR04 MR06 MR12
9070,9,22,20,0.9090909090909091,MR13 MR10 MR02 MR07 MR11 MR04 MR06 MR14 MR12
9071,9,29,28,0.9655172413793104,MR13 MR10 MR02 MR07 MR12 MR14 MR04 MR06 MR11
9072,9,22,21,0.9545454545454546,MR13 MR10 MR02 MR07 MR11 MR14 MR04 MR12 MR06
9073,9,21,21,1.0,MR06 MR10 MR02 MR14 MR13 MR04 MR07 MR11 MR12
9074,9,22,21,0.9545454545454546,MR13 MR10 MR11 MR02 MR12 MR14 MR04 MR07 MR06
9075,9,26,25,0.9615384615384616,MR12 MR10 MR11 MR02 MR14 MR04 MR07 MR06 MR13
9076,9,27,26,0.9629629629629629,MR13 MR10 MR11 MR02 MR04 MR06 MR12 MR14 MR07
9077,8,27,23,0.8518518518518519,MR12 MR10 MR02 MR11 MR07 MR04 MR13 MR06
9078,9,27,26,0.9629629629629629,MR13 MR10 MR14 MR02 MR06 MR11 MR04 MR07 MR12
9079,9,21,21,1.0,MR13 MR10 MR11 MR02 MR14 MR04 MR06 MR07 MR12
9080,8,21,17,0.8095238095238095,MR12 MR10 MR11 MR02 MR06 MR13 MR04 MR14
9081,9,22,21,0.9545454545454546,MR13 MR10 MR02 MR11 MR06 MR04 MR14 MR07 MR12
9082,9,28,26,0.9285714285714286,MR12 MR10 MR02 MR11 MR06 MR14 MR04 MR13 MR07
9083,9,27,26,0.9629629629629629,MR13 MR10 MR11 MR02 MR04 MR12 MR06 MR07 MR14
9084,9,21,20,0.9523809523809523,MR13 MR10 MR02 MR06 MR11 MR12 MR04 MR07 MR14
9085,9,23,23,1.0,MR13 MR10 MR02 MR14 MR11 MR06 MR04 MR07 MR12
9086,9,27,26,0.9629629629629629,MR13 MR10 MR02 MR11 MR06 MR04 MR14 MR07 MR12
9087,9,20,20,1.0,MR13 MR10 MR02 MR11 MR07 MR14 MR04 MR06 MR12
9088,9,20,20,1.0,MR13 MR10 MR02 MR11 MR04 MR06 MR07 MR12 MR14
9089,9,25,25,1.0,MR13 MR10 MR02 MR14 MR06 MR07 MR11 MR04 MR12
9090,9,28,24,0.8571428571428571,MR12 MR10 MR11 MR02 MR04 MR05 MR14 MR06 MR07
9091,9,22,21,0.9545454545454546,MR13 MR10 MR02 MR11 MR07 MR14 MR04 MR06 MR12
9092,9,30,29,0.9666666666666667,MR14 MR10 MR02 MR07 MR11 MR12 MR04 MR06 MR13
9093,9,28,24,0.8571428571428571,MR05 MR10 MR02 MR07 MR11 MR12 MR04 MR14 MR06
9094,9,25,23,0.92,MR13 MR10 MR02 MR11 MR04 MR06 MR07 MR12 MR14
9095,9,19,18,0.9473684210526315,MR13 MR10 MR11 MR02 MR04 MR07 MR14 MR12 MR06
9096,9,22,21,0.9545454545454546,MR13 MR10 MR11 MR02 MR12 MR04 MR06 MR07 MR14
9097,9,22,21,0.9545454545454546,MR13 MR10 MR02 MR11 MR04 MR06 MR07 MR12 MR14
9098,9,24,23,0.9583333333333334,MR13 MR10 MR02 MR14 MR06 MR11 MR04 MR07 MR12
9099,9,28,27,0.9642857142857143,MR13 MR10 MR02 MR07 MR11 MR12 MR04 MR14 MR06
9100,9,20,19,0.95,MR13 MR10 MR02 MR06 MR11 MR04 MR07 MR12 MR14
9101,9,22,21,0.9545454545454546,MR13 MR10 MR02 MR11 MR07 MR04 MR12 MR14 MR06
9102,9,24,23,0.9583333333333334,MR13 MR10 MR02 MR11 MR06 MR14 MR04 MR07 MR12
9103,9,27,26,0.9629629629629629,MR13 MR10 MR11 MR02 MR14 MR04 MR07 MR06 MR12
9104,9,25,25,1.0,MR13 MR10 MR11 MR02 MR12 MR14 MR04 MR07 MR06
9105,9,24,23,0.9583333333333334,MR13 MR10 MR02 MR11 MR04 MR06 MR07 MR12 MR14
9106,8,23,19,0.8260869565217391,MR12 MR10 MR11 MR02 MR13 MR04 MR06 MR07
9107,9,25,25,1.0,MR13 MR10 MR11 MR02 MR14 MR04 MR06 MR12 MR07
9108,9,20,20,1.0,MR13 MR10 MR11 MR02 MR04 MR06 MR12 MR14 MR07
9109,9,30,29,0.9666666666666667,MR13 MR10 MR02 MR11 MR07 MR12 MR04 MR14 MR06
9110,9,25,24,0.96,MR13 MR10 MR11 MR02 MR04 MR06 MR14 MR12 MR07
9111,9,23,22,0.9565217391304348,MR12 MR10 MR02 MR11 MR13 MR07 MR04 MR06 MR14
9112,9,24,23,0.9583333333333334,MR12 MR10 MR02 MR13 MR11 MR07 MR04 MR06 MR14
9113,9,25,24,0.96,MR13 MR10 MR11 MR02 MR14 MR04 MR12 MR06 MR07
9114,9,24,23,0.9583333333333334,MR13 MR10 MR11 MR02 MR04 MR14 MR06 MR07 MR12
9115,9,28,26,0.9285714285714286,MR13 MR10 MR11 MR02 MR04 MR07 MR06 MR12 MR14
9116,8,25,22,0.88,MR13 MR10 MR02 MR11 MR07 MR12 MR04 MR06
9117,9,28,27,0.9642857142857143,MR13 MR10 MR02 MR11 MR07 MR12 MR14 MR04 MR06
9118,8,21,17,0.8095238095238095,MR12 MR10 MR11 MR02 MR13 MR04 MR06 MR14
9119,9,21,20,0.9523809523809523,MR13 MR10 MR02 MR07 MR12 MR11 MR04 MR06 MR14
9120,9,23,22,0.9565217391304348,MR14 MR10 MR11 MR02 MR04 MR07 MR12 MR13 MR06
9121,9,26,25,0.9615384615384616,MR13 MR10 MR11 MR02 MR12 MR04 MR07 MR14 MR06
9122,9,22,21,0.9545454545454546,MR13 MR10 MR11 MR02 MR14 MR04 MR07 MR06 MR12
9123,9,23,22,0.9565217391304348,MR13 MR10 MR02 MR06 MR11 MR14 MR04 MR07 MR12
9124,9,26,25,0.9615384615384616,MR13 MR10 MR11 MR02 MR14 MR04 MR07 MR06 MR12
9125,9,26,25,0.9615384615384616,MR13 MR10 MR11 MR02 MR12 MR04 MR06 MR07 MR14
9126,9,25,24,0.96,MR13 MR10 MR02 MR07 MR04 MR06 MR11 MR14 MR12
9127,9,24,24,1.0,MR13 MR10 MR02 MR11 MR06 MR04 MR07 MR12 MR14
9128,9,19,18,0.9473684210526315,MR12 MR10 MR11 MR02 MR13 MR14 MR04 MR07 MR06
9129,9,22,22,1.0,MR13 MR10 MR11 MR02 MR04 MR12 MR14 MR06 MR07
9130,9,25,24,0.96,MR13 MR10 MR02 MR11 MR04 MR06 MR07 MR14 MR12
9131,8,29,25,0.8620689655172413,MR13 MR10 MR02 MR06 MR11 MR04 MR12 MR14
9132,9,28,27,0.9642857142857143,MR13 MR10 MR06 MR02 MR04 MR11 MR14 MR07 MR12
9133,9,19,18,0.9473684210526315,MR13 MR10 MR11 MR02 MR14 MR04 MR07 MR06 MR12
9134,9,24,23,0.9583333333333334,MR13 MR10 MR02 MR11 MR04 MR06 MR07 MR14 MR12
9135,9,20,18,0.9,MR12 MR10 MR02 MR11 MR13 MR14 MR04 MR06 MR07
9136,9,26,25,0.9615384615384616,MR13 MR10 MR02 MR11 MR06 MR12 MR04 MR07 MR14
9137,9,29,28,0.9655172413793104,MR13 MR10 MR02 MR07 MR12 MR04 MR06 MR11 MR14
9138,9,26,25,0.9615384615384616,MR13 MR10 MR11 MR02 MR14 MR04 MR06 MR07 MR12
9139,9,28,27,0.9642857142857143,MR13 MR10 MR02 MR11 MR14 MR04 MR06 MR07 MR12
9140,8,28,24,0.8571428571428571,MR12 MR10 MR07 MR02 MR11 MR14 MR04 MR13
9141,9,25,25,1.0,MR13 MR10 MR02 MR11 MR06 MR14 MR04 MR12 MR07
9142,9,24,23,0.9583333333333334,MR13 MR10 MR02 MR11 MR06 MR12 MR04 MR07 MR14
9143,9,27,26,0.9629629629629629,MR13 MR10 MR02 MR11 MR07 MR04 MR14 MR06 MR12
9144,9,25,24,0.96,MR13 MR10 MR02 MR11 MR04 MR06 MR07 MR14 MR12
9145,9,22,21,0.9545454545454546,MR13 MR10 MR11 MR02 MR04 MR07 MR14 MR12 MR06
9146,9,25,24,0.96,MR13 MR10 MR11 MR02 MR12 MR04 MR06 MR07 MR14
9147,9,27,26,0.9629629629629629,MR12 MR10 MR02 MR07 MR11 MR14 MR13 MR04 MR06
9148,9,27,27,1.0,MR13 MR10 MR02 MR11 MR06 MR12 MR04 MR14 MR07
9149,9,28,27,0.9642857142857143,MR13 MR10 MR02 MR11 MR06 MR04 MR14 MR07 MR12
9150,9,25,25,1.0,MR13 MR10 MR02 MR11 MR06 MR14 MR04 MR12 MR07
9151,9,23,22,0.9565217391304348,MR06 MR10 MR02 MR13 MR11 MR12 MR04 MR07 MR14
9152,9,25,24,0.96,MR13 MR10 MR11 MR02 MR04 MR06 MR14 MR07 MR12
9153,9,24,23,0.9583333333333334,MR12 MR10 MR02 MR11 MR13 MR04 MR06 MR07 MR14
9154,9,21,21,1.0,MR13 MR10 MR02 MR11 MR06 MR04 MR07 MR12 MR14
9155,9,18,17,0.9444444444444444,MR13 MR10 MR11 MR02 MR04 MR06 MR14 MR07 MR12
9156,9,21,20,0.9523809523809523,MR12 MR10 MR02 MR11 MR07 MR13 MR04 MR06 MR14
9157,9,20,18,0.9,MR13 MR10 MR07 MR02 MR12 MR14 MR04 MR11 MR06
9158,9,26,25,0.9615384615384616,MR13 MR10 MR02 MR06 MR11 MR04 MR12 MR14 MR07
9159,9,21,21,1.0,MR13 MR10 MR02 MR06 MR07 MR11 MR04 MR12 MR14
9160,9,24,23,0.9583333333333334,MR13 MR10 MR02 MR11 MR14 MR06 MR12 MR04 MR07
9161,9,26,25,0.9615384615384616,MR13 MR10 MR02 MR06 MR11 MR04 MR07 MR12 MR14
9162,9,25,24,0.96,MR13 MR10 MR02 MR11 MR14 MR04 MR06 MR07 MR12
9163,9,23,22,0.9565217391304348,MR13 MR10 MR02 MR11 MR07 MR04 MR06 MR12 MR14
9164,9,23,22,0.9565217391304348,MR13 MR10 MR11 MR02 MR04 MR06 MR07 MR12 MR14
9165,9,21,20,0.9523809523809523,MR13 MR10 MR02 MR11 MR07 MR04 MR06 MR12 MR14
9166,9,25,24,0.96,MR13 MR10 MR02 MR11 MR12 MR14 MR04 MR06 MR07
9167,9,26,25,0.9615384615384616,MR13 MR10 MR02 MR06 MR14 MR07 MR04 MR11 MR12
9168,8,26,22,0.8461538461538461,MR13 MR10 MR11 MR02 MR04 MR12 MR14 MR06
9169,9,22,22,1.0,MR13 MR10 MR11 MR02 MR04 MR06 MR14 MR12 MR07
9170,9,22,21,0.9545454545454546,MR13 MR10 MR11 MR02 MR12 MR04 MR06 MR14 MR07
9171,9,21,20,0.9523809523809523,MR13 MR10 MR02 MR11 MR14 MR04 MR06 MR07 MR12
9172,9,27,26,0.9629629629629629,MR13 MR10 MR02 MR11 MR07 MR14 MR04 MR06 MR12
9173,9,22,22,1.0,MR13 MR10 MR02 MR11 MR06 MR12 MR04 MR07 MR14
9174,9,24,23,0.9583333333333334,MR13 MR10 MR11 MR02 MR14 MR04 MR07 MR12 MR06
9175,9,23,21,0.9130434782608695,MR13 MR10 MR11 MR02 MR04 MR06 MR14 MR12 MR07
9176,9,24,23,0.9583333333333334,MR13 MR10 MR02 MR11 MR07 MR04 MR06 MR12 MR14
9177,9,22,21,0.9545454545454546,MR13 MR10 MR02 MR06 MR12 MR11 MR04 MR07 MR14
9178,9,24,22,0.9166666666666666,MR13 MR10 MR02 MR11 MR07 MR14 MR04 MR06 MR12
9179,8,27,24,0.8888888888888888,MR13 MR10 MR11 MR02 MR14 MR04 MR07 MR06
9180,9,25,24,0.96,MR12 MR10 MR06 MR02 MR11 MR04 MR13 MR14 MR07
9181,9,19,19,1.0,MR13 MR10 MR02 MR11 MR07 MR14 MR04 MR06 MR12
9182,9,25,25,1.0,MR12 MR10 MR02 MR13 MR06 MR07 MR11 MR04 MR14
9183,9,28,27,0.9642857142857143,MR13 MR10 MR11 MR02 MR04 MR07 MR12 MR14 MR06
9184,9,23,22,0.9565217391304348,MR13 MR10 MR02 MR07 MR14 MR11 MR04 MR06 MR12
9185,8,20,17,0.85,MR13 MR10 MR02 MR11 MR06 MR14 MR04 MR07
9186,9,26,24,0.9230769230769231,MR13 MR10 MR11 MR02 MR04 MR07 MR14 MR06 MR12
9187,9,24,24,1.0,MR13 MR10 MR02 MR11 MR06 MR04 MR14 MR07 MR12
9188,9,26,25,0.9615384615384616,MR13 MR10 MR02 MR11 MR06 MR04 MR12 MR14 MR07
9189,9,26,25,0.9615384615384616,MR13 MR10 MR02 MR11 MR07 MR04 MR12 MR14 MR06
9190,9,22,21,0.9545454545454546,MR13 MR10 MR02 MR11 MR07 MR14 MR04 MR06 MR12
9191,8,22,18,0.8181818181818182,MR13 MR10 MR02 MR11 MR07 MR04 MR06 MR14
9192,8,25,21,0.84,MR13 MR10 MR02 MR07 MR11 MR14 MR04 MR06
9193,8,25,22,0.88,MR13 MR10 MR11 MR02 MR06 MR04 MR14 MR12
9194,9,21,21,1.0,MR13 MR10 MR02 MR14 MR06 MR11 MR04 MR07 MR12
9195,9,24,23,0.9583333333333334,MR13 MR10 MR02 MR07 MR14 MR04 MR06 MR11 MR12
9196,9,25,25,1.0,MR13 MR10 MR02 MR06 MR12 MR07 MR04 MR11 MR14
9197,9,21,21,1.0,MR13 MR10 MR02 MR11 MR06 MR12 MR04 MR14 MR07
9198,9,24,23,0.9583333333333334,MR13 MR10 MR11 MR02 MR12 MR14 MR04 MR07 MR06
9199,9,21,21,1.0,MR13 MR10 MR11 MR02 MR14 MR04 MR06 MR12 MR07
9200,9,25,24,0.96,MR12 MR10 MR02 MR06 MR14 MR11 MR13 MR04 MR07
9201,9,26,24,0.9230769230769231,MR12 MR10 MR02 MR11 MR13 MR06 MR04 MR07 MR14
9202,9,21,20,0.9523809523809523,MR13 MR10 MR02 MR11 MR07 MR04 MR06 MR12 MR14
9203,9,19,18,0.9473684210526315,MR13 MR10 MR02 MR11 MR07 MR04 MR14 MR06 MR12
9204,9,25,24,0.96,MR13 MR10 MR11 MR02 MR04 MR06 MR07 MR12 MR14
9205,9,22,22,1.0,MR13 MR10 MR11 MR02 MR04 MR07 MR12 MR14 MR06
9206,9,28,27,0.9642857142857143,MR13 MR10 MR02 MR11 MR04 MR06 MR07 MR14 MR12
9207,9,23,23,1.0,MR13 MR10 MR02 MR11 MR07 MR04 MR06 MR12 MR14
9208,9,27,26,0.9629629629629629,MR13 MR10 MR11 MR02 MR04 MR07 MR12 MR06 MR14
9209,9,24,22,0.9166666666666666,MR13 MR10 MR02 MR06 MR11 MR12 MR04 MR07 MR14
9210,9,20,19,0.95,MR13 MR10 MR02 MR11 MR06 MR04 MR14 MR07 MR12
9211,9,17,14,0.8235294117647058,MR12 MR10 MR02 MR11 MR05 MR07 MR14 MR04 MR06
9212,9,21,21,1.0,MR13 MR10 MR02 MR11 MR06 MR14 MR04 MR07 MR12
9213,9,19,18,0.9473684210526315,MR13 MR10 MR11 MR02 MR04 MR07 MR12 MR14 MR06
9214,9,25,24,0.96,MR13 MR10 MR02 MR06 MR11 MR04 MR07 MR12 MR14
9215,9,21,21,1.0,MR13 MR10 MR11 MR02 MR12 MR04 MR06 MR07 MR14
9216,9,24,23,0.9583333333333334,MR12 MR10 MR11 MR02 MR13 MR04 MR06 MR07 MR14
9217,9,25,24,0.96,MR13 MR10 MR11 MR02 MR04 MR12 MR14 MR06 MR07
9218,9,24,23,0.9583333333333334,MR13 MR10 MR11 MR02 MR06 MR04 MR14 MR07 MR12
9219,9,25,25,1.0,MR13 MR10 MR11 MR02 MR04 MR07 MR14 MR06 MR12
9220,9,24,22,0.9166666666666666,MR13 MR10 MR02 MR07 MR11 MR04 MR14 MR06 MR12
9221,9,27,23,0.8518518518518519,MR05 MR10 MR11 MR02 MR12 MR04 MR07 MR06 MR14
9222,9,24,24,1.0,MR13 MR10 MR02 MR07 MR11 MR14 MR04 MR06 MR12
9223,9,21,20,0.9523809523809523,MR13 MR10 MR02 MR07 MR14 MR04 MR06 MR11 MR12
9224,9,25,23,0.92,MR13 MR10 MR11 MR14 MR02 MR06 MR04 MR12 MR07
9225,9,25,25,1.0,MR12 MR10 MR11 MR02 MR13 MR04 MR06 MR07 MR14
9226,9,21,20,0.9523809523809523,MR13 MR10 MR02 MR11 MR14 MR04 MR06 MR07 MR12
9227,9,24,23,0.9583333333333334,MR13 MR10 MR02 MR11 MR12 MR04 MR06 MR07 MR14
9228,9,21,20,0.9523809523809523,MR13 MR10 MR02 MR07 MR14 MR11 MR04 MR06 MR12
9229,9,28,26,0.9285714285714286,MR13 MR10 MR02 MR06 MR11 MR12 MR04 MR14 MR07
9230,9,25,25,1.0,MR13 MR10 MR02 MR11 MR07 MR12 MR04 MR06 MR14
9231,9,28,23,0.8214285714285714,MR05 MR10 MR11 MR02 MR14 MR04 MR06 MR07 MR12
9232,8,26,22,0.8461538461538461,MR13 MR10 MR02 MR07 MR11 MR04 MR12 MR14
9233,9,23,23,1.0,MR12 MR10 MR02 MR06 MR11 MR14 MR04 MR13 MR07
9234,9,22,21,0.9545454545454546,MR13 MR10 MR11 MR02 MR14 MR07 MR04 MR12 MR06
9235,9,24,23,0.9583333333333334,MR12 MR10 MR11 MR02 MR13 MR04 MR07 MR06 MR14
9236,9,22,21,0.9545454545454546,MR13 MR10 MR11 MR02 MR14 MR04 MR07 MR06 MR12
9237,9,24,22,0.9166666666666666,MR14 MR10 MR02 MR11 MR13 MR06 MR04 MR07 MR12
9238,8,23,19,0.8260869565217391,MR13 MR10 MR11 MR02 MR04 MR12 MR14 MR07
9239,8,20,17,0.85,MR13 MR10 MR11 MR02 MR14 MR04 MR12 MR07
9240,9,24,23,0.9583333333333334,MR13 MR10 MR02 MR07 MR11 MR14 MR04 MR06 MR12
9241,8,27,20,0.7407407407407407,MR12 MR10 MR02 MR11 MR05 MR06 MR04 MR07
9242,9,24,20,0.8333333333333334,MR05 MR10 MR11 MR02 MR12 MR04 MR06 MR14 MR07
9243,9,25,24,0.96,MR12 MR10 MR02 MR13 MR06 MR07 MR11 MR04 MR14
9244,8,29,22,0.7586206896551724,MR05 MR10 MR11 MR02 MR12 MR04 MR07 MR14
9245,9,24,23,0.9583333333333334,MR13 MR10 MR02 MR11 MR06 MR04 MR07 MR12 MR14
9246,9,25,24,0.96,MR13 MR10 MR02 MR11 MR07 MR12 MR04 MR06 MR14
9247,9,26,24,0.9230769230769231,MR13 MR10 MR02 MR11 MR07 MR12 MR04 MR06 MR14
9248,9,23,22,0.9565217391304348,MR13 MR10 MR02 MR11 MR14 MR04 MR06 MR07 MR12
9249,9,20,19,0.95,MR13 MR10 MR11 MR02 MR04 MR07 MR06 MR14 MR12
9250,9,22,19,0.8636363636363636,MR05 MR10 MR11 MR02 MR06 MR04 MR12 MR14 MR07
9251,8,25,21,0.84,MR13 MR10 MR11 MR02 MR14 MR04 MR06 MR07
9252,8,30,26,0.8666666666666667,MR13 MR10 MR11 MR02 MR04 MR06 MR12 MR14
9253,9,27,26,0.9629629629629629,MR12 MR10 MR02 MR11 MR07 MR13 MR04 MR06 MR14
9254,9,25,24,0.96,MR13 MR10 MR11 MR02 MR04 MR07 MR12 MR06 MR14
9255,9,22,21,0.9545454545454546,MR12 MR10 MR11 MR02 MR13 MR04 MR07 MR06 MR14
9256,8,28,24,0.8571428571428571,MR13 MR10 MR11 MR02 MR14 MR04 MR07 MR12
9257,9,27,26,0.9629629629629629,MR13 MR10 MR11 MR02 MR04 MR07 MR14 MR06 MR12
9258,9,24,23,0.9583333333333334,MR12 MR10 MR02 MR11 MR14 MR07 MR13 MR04 MR06
9259,9,24,22,0.9166666666666666,MR13 MR10 MR02 MR11 MR06 MR12 MR04 MR07 MR14
9260,9,21,21,1.0,MR13 MR10 MR02 MR07 MR11 MR14 MR04 MR06 MR12
9261,9,19,18,0.9473684210526315,MR13 MR10 MR02 MR11 MR12 MR04 MR06 MR07 MR14
9262,9,20,19,0.95,MR13 MR10 MR11 MR02 MR04 MR06 MR12 MR14 MR07
9263,9,27,26,0.9629629629629629,MR13 MR10 MR02 MR07 MR06 MR04 MR12 MR11 MR14
9264,9,22,18,0.8181818181818182,MR05 MR10 MR02 MR11 MR07 MR14 MR04 MR06 MR12
9265,9,25,23,0.92,MR13 MR10 MR02 MR14 MR11 MR07 MR04 MR06 MR12
9266,9,23,23,1.0,MR07 MR10 MR02 MR13 MR14 MR11 MR12 MR04 MR06
9267,9,21,20,0.9523809523809523,MR13 MR10 MR02 MR14 MR06 MR07 MR11 MR04 MR12
9268,9,24,23,0.9583333333333334,MR13 MR10 MR11 MR02 MR04 MR06 MR12 MR14 MR07
9269,9,27,26,0.9629629629629629,MR12 MR10 MR02 MR13 MR06 MR07 MR04 MR11 MR14
9270,9,23,22,0.9565217391304348,MR12 MR10 MR11 MR02 MR14 MR06 MR04 MR13 MR07
9271,9,20,20,1.0,MR13 MR10 MR11 MR02 MR14 MR07 MR04 MR12 MR06
9272,9,23,22,0.9565217391304348,MR13 MR10 MR02 MR07 MR12 MR06 MR04 MR11 MR14
9273,9,17,17,1.0,MR13 MR10 MR02 MR11 MR06 MR04 MR07 MR12 MR14
9274,9,26,25,0.9615384615384616,MR13 MR10 MR02 MR07 MR11 MR04 MR06 MR12 MR14
9275,8,28,24,0.8571428571428571,MR13 MR10 MR11 MR02 MR12 MR04 MR07 MR14
9276,9,21,20,0.9523809523809523,MR13 MR10 MR11 MR02 MR12 MR04 MR06 MR07 MR14
9277,8,28,24,0.8571428571428571,MR13 MR10 MR11 MR02 MR04 MR07 MR14 MR06
9278,9,24,24,1.0,MR13 MR10 MR11 MR02 MR04 MR12 MR06 MR07 MR14
9279,9,25,24,0.96,MR12 MR10 MR02 MR06 MR13 MR11 MR14 MR04 MR07
9280,9,20,19,0.95,MR13 MR10 MR02 MR11 MR06 MR12 MR04 MR14 MR07
9281,9,24,24,1.0,MR13 MR10 MR11 MR02 MR12 MR04 MR07 MR06 MR14
9282,9,25,24,0.96,MR13 MR10 MR02 MR14 MR06 MR07 MR11 MR04 MR12
9283,9,21,20,0.9523809523809523,MR13 MR10 MR02 MR06 MR07 MR11 MR14 MR04 MR12
9284,9,27,26,0.9629629629629629,MR13 MR10 MR11 MR02 MR04 MR07 MR12 MR14 MR06
9285,7,27,19,0.7037037037037037,MR13 MR10 MR11 MR02 MR12 MR04 MR07
9286,9,25,24,0.96,MR13 MR10 MR02 MR06 MR11 MR12 MR04 MR07 MR14
9287,9,23,22,0.9565217391304348,MR13 MR10 MR02 MR07 MR11 MR04 MR06 MR12 MR14
9288,8,26,23,0.8846153846153846,MR13 MR10 MR11 MR02 MR04 MR06 MR07 MR12
9289,8,18,14,0.7777777777777778,MR13 MR10 MR11 MR02 MR04 MR06 MR07 MR12
9290,9,25,24,0.96,MR13 MR10 MR02 MR11 MR07 MR04 MR12 MR06 MR14
9291,9,27,26,0.9629629629629629,MR13 MR10 MR11 MR02 MR04 MR14 MR07 MR12 MR06
9292,8,24,20,0.8333333333333334,MR12 MR10 MR11 MR02 MR14 MR04 MR07 MR13
9293,9,22,21,0.9545454545454546,MR06 MR10 MR02 MR12 MR13 MR04 MR07 MR14 MR11
9294,9,22,21,0.9545454545454546,MR13 MR10 MR02 MR06 MR11 MR12 MR04 MR07 MR14
9295,9,26,25,0.9615384615384616,MR13 MR10 MR02 MR07 MR11 MR12 MR04 MR14 MR06
9296,9,21,20,0.9523809523809523,MR12 MR10 MR02 MR11 MR06 MR13 MR14 MR04 MR07
9297,9,23,23,1.0,MR13 MR10 MR02 MR11 MR07 MR14 MR04 MR06 MR12
9298,9,24,20,0.8333333333333334,MR12 MR10 MR02 MR06 MR07 MR11 MR04 MR14 MR05
9299,9,22,21,0.9545454545454546,MR12 MR10 MR02 MR06 MR13 MR11 MR04 MR07 MR14
9300,9,23,22,0.9565217391304348,MR13 MR10 MR02 MR11 MR04 MR06 MR07 MR12 MR14
9301,9,26,26,1.0,MR13 MR10 MR02 MR11 MR06 MR04 MR07 MR12 MR14
9302,8,28,24,0.8571428571428571,MR12 MR10 MR11 MR02 MR13 MR04 MR06 MR07
9303,9,25,25,1.0,MR13 MR10 MR02 MR07 MR04 MR06 MR11 MR12 MR14
9304,9,25,24,0.96,MR13 MR10 MR02 MR11 MR14 MR04 MR06 MR07 MR12
9305,9,21,20,0.9523809523809523,MR13 MR10 MR02 MR11 MR14 MR06 MR04 MR07 MR12
9306,9,28,28,1.0,MR12 MR10 MR02 MR13 MR06 MR11 MR14 MR04 MR07
9307,8,30,25,0.8333333333333334,MR13 MR10 MR02 MR11 MR12 MR04 MR06 MR07
9308,8,27,23,0.8518518518518519,MR12 MR10 MR11 MR02 MR13 MR07 MR04 MR14
9309,9,22,22,1.0,MR13 MR10 MR02 MR06 MR07 MR04 MR11 MR12 MR14
9310,8,24,20,0.8333333333333334,MR13 MR10 MR11 MR02 MR12 MR04 MR06 MR07
9311,8,25,20,0.8,MR13 MR10 MR02 MR11 MR07 MR12 MR04 MR06
9312,9,29,28,0.9655172413793104,MR12 MR10 MR11 MR02 MR13 MR04 MR06 MR07 MR14
9313,9,18,14,0.7777777777777778,MR05 MR10 MR02 MR11 MR14 MR04 MR06 MR07 MR12
9314,9,22,22,1.0,MR13 MR10 MR02 MR11 MR06 MR04 MR12 MR14 MR07
9315,9,20,18,0.9,MR12 MR10 MR02 MR11 MR07 MR13 MR14 MR04 MR06
9316,9,27,26,0.9629629629629629,MR13 MR10 MR06 MR02 MR14 MR04 MR11 MR12 MR07
9317,8,26,21,0.8076923076923077,MR13 MR10 MR11 MR02 MR04 MR12 MR06 MR07
9318,8,23,19,0.8260869565217391,MR13 MR10 MR02 MR11 MR12 MR04 MR06 MR07
9319,9,23,23,1.0,MR12 MR10 MR02 MR06 MR11 MR14 MR04 MR13 MR07
9320,9,27,26,0.9629629629629629,MR13 MR10 MR02 MR11 MR04 MR06 MR07 MR12 MR14
9321,9,24,23,0.9583333333333334,MR13 MR10 MR02 MR07 MR04 MR06 MR11 MR12 MR14
9322,8,29,25,0.8620689655172413,MR12 MR10 MR11 MR02 MR04 MR13 MR14 MR06
9323,9,24,23,0.9583333333333334,MR13 MR10 MR07 MR02 MR04 MR11 MR12 MR06 MR14
9324,9,23,21,0.9130434782608695,MR13 MR10 MR02 MR11 MR14 MR06 MR04 MR07 MR12
9325,9,24,22,0.9166666666666666,MR12 MR10 MR11 MR02 MR13 MR04 MR07 MR14 MR06
9326,9,27,26,0.9629629629629629,MR12 MR10 MR02 MR11 MR14 MR06 MR13 MR04 MR07
9327,9,22,22,1.0,MR13 MR10 MR11 MR02 MR04 MR07 MR14 MR12 MR06
9328,9,19,18,0.9473684210526315,MR13 MR10 MR11 MR02 MR12 MR04 MR06 MR14 MR07
9329,8,31,27,0.8709677419354839,MR13 MR10 MR11 MR02 MR04 MR07 MR12 MR14
9330,8,28,23,0.8214285714285714,MR13 MR10 MR02 MR07 MR11 MR04 MR14 MR12
9331,9,16,16,1.0,MR12 MR10 MR02 MR11 MR07 MR13 MR04 MR14 MR06
9332,9,23,23,1.0,MR13 MR10 MR11 MR02 MR04 MR07 MR12 MR14 MR06
9333,9,27,26,0.9629629629629629,MR13 MR10 MR02 MR07 MR06 MR14 MR04 MR11 MR12
9334,9,27,26,0.9629629629629629,MR13 MR10 MR02 MR06 MR14 MR04 MR07 MR11 MR12
9335,8,26,23,0.8846153846153846,MR13 MR10 MR11 MR02 MR12 MR14 MR04 MR07
9336,9,24,23,0.9583333333333334,MR13 MR10 MR02 MR11 MR07 MR04 MR06 MR12 MR14
9337,9,22,21,0.9545454545454546,MR13 MR10 MR11 MR02 MR12 MR04 MR07 MR06 MR14
9338,9,21,21,1.0,MR13 MR10 MR11 MR02 MR04 MR07 MR06 MR12 MR14
9339,8,22,18,0.8181818181818182,MR12 MR10 MR11 MR02 MR04 MR13 MR06 MR07
9340,9,25,25,1.0,MR13 MR10 MR02 MR11 MR04 MR06 MR07 MR12 MR14
9341,9,22,21,0.9545454545454546,MR13 MR10 MR11 MR02 MR12 MR04 MR07 MR06 MR14
9342,9,28,28,1.0,MR13 MR10 MR02 MR06 MR12 MR14 MR04 MR07 MR11
9343,9,24,23,0.9583333333333334,MR13 MR10 MR11 MR02 MR04 MR14 MR06 MR07 MR12
9344,9,28,26,0.9285714285714286,MR13 MR10 MR02 MR11 MR06 MR12 MR14 MR04 MR07
9345,9,23,22,0.9565217391304348,MR12 MR10 MR02 MR11 MR13 MR07 MR04 MR06 MR14
9346,9,28,27,0.9642857142857143,MR13 MR10 MR02 MR07 MR12 MR11 MR04 MR06 MR14
9347,8,24,20,0.8333333333333334,MR13 MR10 MR11 MR02 MR06 MR04 MR12 MR07
9348,9,22,21,0.9545454545454546,MR13 MR10 MR02 MR11 MR07 MR04 MR06 MR12 MR14
9349,9,19,19,1.0,MR13 MR10 MR02 MR11 MR14 MR12 MR04 MR06 MR07
9350,9,26,24,0.9230769230769231,MR13 MR10 MR02 MR11 MR07 MR04 MR06 MR14 MR12
9351,8,25,21,0.84,MR06 MR10 MR02 MR11 MR13 MR12 MR14 MR04
9352,9,26,25,0.9615384615384616,MR13 MR10 MR11 MR02 MR06 MR04 MR12 MR07 MR14
9353,9,24,22,0.9166666666666666,MR12 MR10 MR11 MR02 MR13 MR04 MR06 MR07 MR14
9354,9,24,23,0.9583333333333334,MR13 MR10 MR02 MR11 MR04 MR06 MR07 MR14 MR12
9355,9,22,21,0.9545454545454546,MR13 MR10 MR11 MR02 MR04 MR07 MR12 MR14 MR06
9356,9,22,22,1.0,MR06 MR10 MR02 MR14 MR11 MR04 MR12 MR13 MR07
9357,9,23,23,1.0,MR12 MR10 MR11 MR02 MR04 MR13 MR14 MR06 MR07
9358,9,23,22,0.9565217391304348,MR13 MR10 MR11 MR02 MR04 MR07 MR06 MR12 MR14
9359,9,25,24,0.96,MR13 MR10 MR11 MR02 MR12 MR04 MR07 MR14 MR06
9360,9,24,23,0.9583333333333334,MR12 MR10 MR02 MR07 MR11 MR13 MR14 MR04 MR06
9361,9,22,21,0.9545454545454546,MR14 MR10 MR11 MR02 MR13 MR04 MR06 MR07 MR12
9362,9,25,24,0.96,MR13 MR10 MR07 MR02 MR14 MR04 MR11 MR12 MR06
9363,9,30,28,0.9333333333333333,MR12 MR10 MR11 MR02 MR13 MR04 MR14 MR06 MR07
9364,9,23,23,1.0,MR12 MR10 MR02 MR07 MR11 MR13 MR04 MR14 MR06
9365,9,29,29,1.0,MR13 MR10 MR02 MR07 MR12 MR11 MR04 MR06 MR14
9366,8,26,22,0.8461538461538461,MR13 MR10 MR02 MR06 MR11 MR04 MR07 MR12
9367,9,24,24,1.0,MR13 MR10 MR02 MR06 MR04 MR07 MR11 MR12 MR14
9368,9,20,20,1.0,MR12 MR10 MR02 MR11 MR07 MR13 MR04 MR14 MR06
9369,9,23,22,0.9565217391304348,MR13 MR10 MR11 MR02 MR04 MR06 MR12 MR14 MR07
9370,9,29,27,0.9310344827586207,MR13 MR10 MR11 MR02 MR07 MR04 MR12 MR14 MR06
9371,9,28,27,0.9642857142857143,MR12 MR10 MR02 MR11 MR14 MR07 MR04 MR06 MR13
9372,9,20,20,1.0,MR13 MR10 MR11 MR02 MR04 MR06 MR14 MR07 MR12
9373,9,20,20,1.0,MR13 MR10 MR11 MR02 MR04 MR07 MR06 MR12 MR14
9374,9,25,24,0.96,MR13 MR10 MR02 MR07 MR11 MR04 MR06 MR12 MR14
9375,9,27,27,1.0,MR13 MR10 MR11 MR02 MR14 MR04 MR07 MR06 MR12
9376,9,29,28,0.9655172413793104,MR13 MR10 MR11 MR02 MR14 MR04 MR06 MR07 MR12
9377,9,22,20,0.9090909090909091,MR13 MR10 MR11 MR02 MR14 MR04 MR07 MR06 MR12
9378,9,27,25,0.9259259259259259,MR12 MR10 MR11 MR02 MR07 MR13 MR04 MR14 MR06
9379,9,23,22,0.9565217391304348,MR13 MR10 MR11 MR02 MR06 MR04 MR12 MR07 MR14
9380,9,26,25,0.9615384615384616,MR12 MR10 MR02 MR07 MR11 MR13 MR04 MR06 MR14
9381,9,22,21,0.9545454545454546,MR13 MR10 MR11 MR02 MR14 MR04 MR07 MR06 MR12
9382,9,25,24,0.96,MR13 MR10 MR02 MR11 MR07 MR14 MR04 MR06 MR12
9383,9,31,30,0.967741935483871,MR14 MR10 MR11 MR02 MR13 MR12 MR04 MR06 MR07
9384,9,22,21,0.9545454545454546,MR13 MR10 MR02 MR06 MR07 MR04 MR11 MR14 MR12
9385,9,24,23,0.9583333333333334,MR12 MR10 MR11 MR02 MR14 MR13 MR04 MR06 MR07
9386,8,24,19,0.7916666666666666,MR13 MR10 MR02 MR11 MR06 MR12 MR04 MR07
9387,9,25,23,0.92,MR13 MR10 MR02 MR11 MR06 MR04 MR07 MR14 MR12
9388,9,25,25,1.0,MR13 MR10 MR11 MR02 MR07 MR14 MR04 MR12 MR06
9389,9,26,25,0.9615384615384616,MR13 MR10 MR02 MR07 MR12 MR06 MR04 MR11 MR14
9390,9,26,25,0.9615384615384616,MR13 MR10 MR02 MR07 MR11 MR12 MR04 MR06 MR14
9391,9,27,27,1.0,MR14 MR10 MR11 MR02 MR04 MR12 MR13 MR07 MR06
9392,8,23,19,0.8260869565217391,MR13 MR10 MR02 MR06 MR07 MR11 MR12 MR04
9393,9,24,23,0.9583333333333334,MR13 MR10 MR02 MR06 MR04 MR07 MR11 MR12 MR14
9394,9,28,27,0.9642857142857143,MR13 MR10 MR02 MR06 MR07 MR11 MR04 MR14 MR12
9395,9,22,22,1.0,MR12 MR10 MR02 MR11 MR06 MR13 MR04 MR14 MR07
9396,8,22,18,0.8181818181818182,MR13 MR10 MR02 MR11 MR04 MR06 MR07 MR14
9397,9,25,25,1.0,MR14 MR10 MR11 MR02 MR13 MR12 MR04 MR06 MR07
9398,9,23,22,0.9565217391304348,MR13 MR10 MR11 MR02 MR14 MR04 MR06 MR07 MR12
9399,9,23,22,0.9565217391304348,MR13 MR10 MR02 MR11 MR06 MR14 MR04 MR07 MR12
9400,9,21,21,1.0,MR12 MR10 MR02 MR14 MR06 MR07 MR11 MR13 MR04
9401,9,24,23,0.9583333333333334,MR12 MR10 MR02 MR11 MR13 MR14 MR04 MR06 MR07
9402,9,22,21,0.9545454545454546,MR13 MR10 MR02 MR11 MR14 MR04 MR06 MR07 MR12
9403,9,22,21,0.9545454545454546,MR13 MR10 MR02 MR11 MR06 MR04 MR07 MR12 MR14
9404,9,24,23,0.9583333333333334,MR13 MR10 MR11 MR02 MR14 MR07 MR04 MR06 MR12
9405,9,29,27,0.9310344827586207,MR13 MR10 MR02 MR11 MR06 MR04 MR07 MR14 MR12
9406,9,25,23,0.92,MR13 MR10 MR02 MR11 MR12 MR14 MR04 MR06 MR07
9407,9,26,25,0.9615384615384616,MR06 MR10 MR02 MR13 MR04 MR12 MR14 MR07 MR11
9408,9,28,27,0.9642857142857143,MR13 MR10 MR02 MR11 MR06 MR04 MR12 MR07 MR14
9409,9,22,22,1.0,MR13 MR10 MR02 MR11 MR06 MR14 MR04 MR07 MR12
9410,8,24,20,0.8333333333333334,MR13 MR10 MR02 MR07 MR11 MR04 MR06 MR12
9411,9,26,25,0.9615384615384616,MR13 MR10 MR02 MR11 MR12 MR14 MR04 MR06 MR07
9412,9,20,19,0.95,MR12 MR10 MR11 MR02 MR14 MR04 MR06 MR07 MR13
9413,9,28,25,0.8928571428571429,MR12 MR10 MR11 MR02 MR04 MR07 MR05 MR06 MR14
9414,9,25,24,0.96,MR12 MR10 MR02 MR11 MR13 MR07 MR04 MR06 MR14
9415,9,24,23,0.9583333333333334,MR13 MR10 MR11 MR02 MR04 MR12 MR06 MR07 MR14
9416,9,22,20,0.9090909090909091,MR13 MR10 MR02 MR06 MR11 MR12 MR04 MR07 MR14
9417,9,25,24,0.96,MR13 MR10 MR11 MR02 MR14 MR04 MR06 MR07 MR12
9418,9,21,21,1.0,MR13 MR10 MR11 MR02 MR12 MR14 MR04 MR06 MR07
9419,9,23,22,0.9565217391304348,MR13 MR10 MR06 MR02 MR12 MR04 MR11 MR14 MR07
9420,9,22,21,0.9545454545454546,MR12 MR10 MR11 MR02 MR13 MR04 MR06 MR07 MR14
9421,8,24,20,0.8333333333333334,MR13 MR10 MR02 MR07 MR11 MR04 MR12 MR14
9422,9,23,22,0.9565217391304348,MR13 MR10 MR11 MR02 MR12 MR07 MR04 MR14 MR06
9423,9,23,22,0.9565217391304348,MR13 MR10 MR02 MR07 MR06 MR14 MR04 MR11 MR12
9424,9,22,21,0.9545454545454546,MR13 MR10 MR02 MR11 MR06 MR12 MR04 MR07 MR14
9425,9,22,22,1.0,MR13 MR10 MR02 MR11 MR07 MR04 MR06 MR14 MR12
9426,9,26,25,0.9615384615384616,MR13 MR10 MR02 MR06 MR11 MR04 MR07 MR12 MR14
9427,9,25,24,0.96,MR12 MR10 MR11 MR02 MR13 MR06 MR04 MR14 MR07
9428,9,26,25,0.9615384615384616,MR13 MR10 MR02 MR11 MR07 MR04 MR06 MR12 MR14
9429,9,22,21,0.9545454545454546,MR13 MR10 MR02 MR11 MR07 MR12 MR04 MR06 MR14
9430,9,26,26,1.0,MR13 MR10 MR02 MR11 MR06 MR14 MR04 MR07 MR12
9431,9,23,23,1.0,MR13 MR10 MR11 MR02 MR14 MR04 MR06 MR07 MR12
9432,9,23,22,0.9565217391304348,MR13 MR10 MR11 MR02 MR04 MR07 MR14 MR06 MR12
9433,9,26,25,0.9615384615384616,MR13 MR10 MR02 MR11 MR07 MR04 MR06 MR12 MR14
9434,9,20,19,0.95,MR12 MR10 MR11 MR02 MR13 MR04 MR06 MR07 MR14
9435,9,23,22,0.9565217391304348,MR13 MR10 MR02 MR11 MR14 MR06 MR04 MR07 MR12
9436,8,19,16,0.8421052631578947,MR13 MR10 MR02 MR11 MR12 MR07 MR04 MR06
9437,9,23,22,0.9565217391304348,MR13 MR10 MR02 MR11 MR04 MR06 MR07 MR12 MR14
9438,8,22,18,0.8181818181818182,MR13 MR10 MR11 MR02 MR04 MR07 MR06 MR14
9439,8,21,17,0.8095238095238095,MR13 MR10 MR02 MR11 MR14 MR04 MR06 MR07
9440,9,21,20,0.9523809523809523,MR13 MR10 MR02 MR07 MR11 MR14 MR04 MR06 MR12
9441,9,25,24,0.96,MR13 MR10 MR02 MR06 MR11 MR12 MR04 MR14 MR07
9442,8,26,22,0.8461538461538461,MR13 MR10 MR02 MR11 MR12 MR04 MR06 MR07
9443,8,24,21,0.875,MR13 MR10 MR11 MR02 MR14 MR12 MR04 MR07
9444,9,24,23,0.9583333333333334,MR13 MR10 MR02 MR11 MR07 MR04 MR06 MR12 MR14
9445,8,29,24,0.8275862068965517,MR12 MR10 MR11 MR02 MR13 MR07 MR04 MR06
9446,9,23,22,0.9565217391304348,MR13 MR10 MR02 MR07 MR11 MR04 MR06 MR12 MR14
9447,8,20,17,0.85,MR13 MR10 MR11 MR02 MR06 MR04 MR12 MR07
9448,9,25,25,1.0,MR13 MR10 MR11 MR02 MR14 MR04 MR12 MR07 MR06
9449,7,29,23,0.7931034482758621,MR13 MR10 MR11 MR02 MR14 MR07 MR04
9450,9,25,24,0.96,MR13 MR10 MR11 MR02 MR14 MR04 MR06 MR12 MR07
9451,9,20,19,0.95,MR13 MR10 MR02 MR11 MR06 MR04 MR07 MR12 MR14
9452,8,25,18,0.72,MR12 MR10 MR02 MR11 MR05 MR04 MR06 MR07
9453,9,25,25,1.0,MR13 MR10 MR02 MR11 MR14 MR07 MR04 MR06 MR12
9454,9,21,20,0.9523809523809523,MR13 MR10 MR02 MR11 MR14 MR04 MR06 MR07 MR12
9455,8,22,18,0.8181818181818182,MR13 MR10 MR02 MR06 MR11 MR12 MR04 MR14
9456,9,25,23,0.92,MR13 MR10 MR11 MR02 MR12 MR04 MR06 MR07 MR14
9457,8,22,18,0.8181818181818182,MR12 MR10 MR11 MR02 MR06 MR14 MR04 MR13
9458,9,21,20,0.9523809523809523,MR13 MR10 MR11 MR02 MR07 MR04 MR14 MR12 MR06
9459,9,29,27,0.9310344827586207,MR13 MR10 MR11 MR02 MR04 MR06 MR14 MR12 MR07
9460,9,18,18,1.0,MR13 MR10 MR02 MR06 MR11 MR04 MR07 MR12 MR14
9461,9,21,21,1.0,MR12 MR10 MR02 MR06 MR11 MR13 MR04 MR14 MR07
9462,9,22,21,0.9545454545454546,MR13 MR10 MR02 MR11 MR14 MR06 MR12 MR04 MR07
9463,8,24,20,0.8333333333333334,MR13 MR10 MR11 MR02 MR04 MR06 MR12 MR07
9464,9,20,19,0.95,MR13 MR10 MR11 MR02 MR14 MR04 MR06 MR12 MR07
9465,9,21,20,0.9523809523809523,MR13 MR10 MR02 MR07 MR04 MR06 MR11 MR12 MR14
9466,9,21,21,1.0,MR13 MR10 MR02 MR11 MR06 MR14 MR04 MR12 MR07
9467,9,22,21,0.9545454545454546,MR14 MR10 MR02 MR11 MR06 MR13 MR04 MR12 MR07
9468,9,26,25,0.9615384615384616,MR07 MR10 MR02 MR12 MR13 MR11 MR04 MR06 MR14
9469,9,18,18,1.0,MR13 MR10 MR02 MR11 MR14 MR04 MR06 MR07 MR12
9470,9,25,24,0.96,MR13 MR10 MR11 MR02 MR14 MR07 MR04 MR06 MR12
9471,9,23,22,0.9565217391304348,MR13 MR10 MR02 MR06 MR04 MR07 MR11 MR12 MR14
9472,9,24,24,1.0,MR13 MR10 MR02 MR11 MR12 MR04 MR06 MR07 MR14
9473,9,24,24,1.0,MR13 MR10 MR11 MR02 MR14 MR04 MR06 MR07 MR12
9474,9,17,16,0.9411764705882353,MR13 MR10 MR11 MR02 MR04 MR06 MR12 MR14 MR07
9475,9,28,27,0.9642857142857143,MR13 MR10 MR02 MR11 MR06 MR04 MR12 MR14 MR07
9476,9,22,21,0.9545454545454546,MR12 MR10 MR02 MR11 MR07 MR04 MR13 MR06 MR14
9477,9,24,23,0.9583333333333334,MR13 MR10 MR11 MR02 MR07 MR04 MR12 MR06 MR14
9478,9,24,23,0.9583333333333334,MR13 MR10 MR11 MR02 MR04 MR14 MR06 MR07 MR12
9479,9,20,19,0.95,MR12 MR10 MR02 MR06 MR07 MR11 MR13 MR04 MR14
9480,9,23,22,0.9565217391304348,MR12 MR10 MR11 MR02 MR06 MR13 MR04 MR14 MR07
9481,9,24,22,0.9166666666666666,MR13 MR10 MR11 MR02 MR14 MR04 MR06 MR12 MR07
9482,9,23,22,0.9565217391304348,MR12 MR10 MR06 MR02 MR13 MR11 MR04 MR14 MR07
9483,9,23,22,0.9565217391304348,MR13 MR10 MR02 MR06 MR11 MR04 MR14 MR07 MR12
9484,8,23,19,0.8260869565217391,MR13 MR10 MR11 MR02 MR07 MR12 MR04 MR14
9485,9,22,21,0.9545454545454546,MR12 MR10 MR11 MR02 MR13 MR04 MR06 MR14 MR07
9486,9,24,23,0.9583333333333334,MR13 MR10 MR02 MR11 MR06 MR04 MR07 MR12 MR14
9487,9,17,17,1.0,MR13 MR10 MR02 MR11 MR07 MR12 MR14 MR04 MR06
9488,9,25,24,0.96,MR13 MR10 MR02 MR11 MR07 MR12 MR04 MR06 MR14
9489,8,19,13,0.6842105263157895,MR05 MR10 MR11 MR02 MR12 MR04 MR07 MR14
9490,9,23,22,0.9565217391304348,MR13 MR10 MR02 MR11 MR07 MR12 MR14 MR04 MR06
9491,8,24,20,0.8333333333333334,MR13 MR10 MR11 MR02 MR14 MR04 MR06 MR12
9492,9,21,21,1.0,MR13 MR10 MR11 MR02 MR12 MR04 MR07 MR14 MR06
9493,9,23,18,0.782608695652174,MR05 MR10 MR02 MR11 MR07 MR04 MR12 MR06 MR14
9494,9,25,21,0.84,MR12 MR10 MR11 MR02 MR14 MR04 MR07 MR05 MR06
9495,9,27,26,0.9629629629629629,MR13 MR10 MR02 MR11 MR14 MR07 MR04 MR12 MR06
9496,9,27,23,0.8518518518518519,MR12 MR10 MR11 MR02 MR14 MR04 MR06 MR05 MR07
9497,9,21,21,1.0,MR13 MR10 MR02 MR11 MR06 MR12 MR04 MR07 MR14
9498,9,24,22,0.9166666666666666,MR13 MR10 MR02 MR11 MR12 MR06 MR04 MR07 MR14
9499,9,25,24,0.96,MR13 MR10 MR02 MR06 MR07 MR12 MR14 MR04 MR11
9500,9,20,20,1.0,MR13 MR10 MR02 MR11 MR04 MR06 MR07 MR14 MR12
9501,8,27,24,0.8888888888888888,MR12 MR10 MR11 MR02 MR13 MR04 MR06 MR07
9502,9,28,27,0.9642857142857143,MR13 MR10 MR02 MR07 MR11 MR04 MR06 MR14 MR12
9503,9,20,19,0.95,MR13 MR10 MR11 MR02 MR12 MR14 MR04 MR06 MR07
9504,9,28,27,0.9642857142857143,MR13 MR10 MR02 MR07 MR06 MR04 MR11 MR12 MR14
9505,9,22,21,0.9545454545454546,MR13 MR10 MR02 MR11 MR07 MR12 MR04 MR06 MR14
9506,9,27,27,1.0,MR13 MR10 MR02 MR06 MR11 MR14 MR04 MR07 MR12
9507,9,25,24,0.96,MR13 MR10 MR02 MR11 MR07 MR04 MR12 MR14 MR06
9508,9,26,25,0.9615384615384616,MR13 MR10 MR02 MR07 MR12 MR06 MR04 MR11 MR14
9509,8,22,18,0.8181818181818182,MR13 MR10 MR02 MR11 MR04 MR06 MR07 MR12
9510,9,27,26,0.9629629629629629,MR13 MR10 MR11 MR02 MR07 MR04 MR14 MR06 MR12
9511,9,22,21,0.9545454545454546,MR12 MR10 MR02 MR06 MR07 MR11 MR04 MR13 MR14
9512,9,20,20,1.0,MR13 MR10 MR02 MR11 MR07 MR04 MR06 MR12 MR14
9513,9,21,20,0.9523809523809523,MR13 MR10 MR11 MR02 MR07 MR04 MR14 MR12 MR06
9514,9,24,23,0.9583333333333334,MR12 MR10 MR02 MR11 MR06 MR13 MR04 MR07 MR14
9515,9,23,22,0.9565217391304348,MR12 MR10 MR02 MR11 MR14 MR07 MR04 MR06 MR13
9516,9,22,21,0.9545454545454546,MR13 MR10 MR02 MR07 MR11 MR04 MR06 MR14 MR12
9517,9,25,23,0.92,MR12 MR10 MR02 MR07 MR11 MR14 MR04 MR13 MR06
9518,8,24,21,0.875,MR13 MR10 MR02 MR07 MR11 MR14 MR04 MR06
9519,9,22,21,0.9545454545454546,MR13 MR10 MR02 MR07 MR11 MR12 MR04 MR06 MR14
9520,8,28,23,0.8214285714285714,MR13 MR10 MR11 MR02 MR12 MR04 MR06 MR07
9521,9,23,22,0.9565217391304348,MR13 MR10 MR02 MR06 MR14 MR11 MR04 MR07 MR12
9522,8,21,17,0.8095238095238095,MR13 MR10 MR02 MR06 MR11 MR04 MR14 MR07
9523,8,23,19,0.8260869565217391,MR13 MR10 MR11 MR02 MR04 MR14 MR06 MR12
9524,8,24,21,0.875,MR13 MR10 MR11 MR02 MR12 MR04 MR06 MR07
9525,9,26,25,0.9615384615384616,MR13 MR10 MR11 MR02 MR14 MR04 MR06 MR12 MR07
9526,9,27,26,0.9629629629629629,MR13 MR10 MR11 MR02 MR04 MR06 MR07 MR12 MR14
9527,9,25,24,0.96,MR12 MR10 MR11 MR02 MR14 MR06 MR04 MR13 MR07
9528,9,23,23,1.0,MR13 MR10 MR11 MR02 MR07 MR14 MR04 MR06 MR12
9529,9,26,25,0.9615384615384616,MR13 MR10 MR02 MR07 MR11 MR04 MR06 MR12 MR14
9530,9,23,22,0.9565217391304348,MR13 MR10 MR11 MR02 MR12 MR04 MR06 MR07 MR14
9531,8,27,24,0.8888888888888888,MR13 MR10 MR02 MR11 MR06 MR04 MR07 MR14
9532,9,29,27,0.9310344827586207,MR13 MR10 MR02 MR11 MR07 MR04 MR06 MR12 MR14
9533,9,22,21,0.9545454545454546,MR12 MR10 MR02 MR11 MR13 MR07 MR04 MR06 MR14
9534,9,24,23,0.9583333333333334,MR13 MR10 MR11 MR02 MR04 MR06 MR07 MR12 MR14
9535,8,24,21,0.875,MR13 MR10 MR02 MR11 MR07 MR04 MR06 MR12
9536,9,26,25,0.9615384615384616,MR13 MR10 MR11 MR02 MR04 MR12 MR14 MR06 MR07
9537,9,25,24,0.96,MR13 MR10 MR11 MR02 MR04 MR07 MR14 MR06 MR12
9538,9,22,20,0.9090909090909091,MR13 MR10 MR02 MR06 MR11 MR04 MR07 MR14 MR12
9539,9,22,21,0.9545454545454546,MR13 MR10 MR11 MR02 MR12 MR04 MR06 MR07 MR14
9540,9,24,24,1.0,MR13 MR10 MR11 MR02 MR04 MR06 MR12 MR07 MR14
9541,9,29,28,0.9655172413793104,MR12 MR10 MR02 MR06 MR11 MR04 MR07 MR13 MR14
9542,9,19,19,1.0,MR13 MR10 MR11 MR02 MR14 MR04 MR06 MR12 MR07
9543,9,24,24,1.0,MR13 MR10 MR02 MR07 MR06 MR04 MR11 MR12 MR14
9544,9,21,20,0.9523809523809523,MR13 MR10 MR02 MR07 MR11 MR14 MR04 MR06 MR12
9545,9,22,20,0.9090909090909091,MR13 MR10 MR11 MR02 MR14 MR04 MR06 MR07 MR12
9546,9,20,19,0.95,MR13 MR10 MR02 MR11 MR07 MR14 MR04 MR12 MR06
9547,9,24,23,0.9583333333333334,MR12 MR10 MR02 MR11 MR13 MR07 MR04 MR06 MR14
9548,9,30,29,0.9666666666666667,MR12 MR10 MR02 MR11 MR14 MR06 MR04 MR07 MR13
9549,9,20,20,1.0,MR13 MR10 MR02 MR11 MR06 MR12 MR04 MR07 MR14
9550,9,24,24,1.0,MR13 MR10 MR02 MR11 MR07 MR04 MR06 MR12 MR14
9551,9,22,21,0.9545454545454546,MR13 MR10 MR11 MR02 MR04 MR07 MR14 MR06 MR12
9552,8,23,20,0.8695652173913043,MR13 MR10 MR11 MR02 MR06 MR04 MR12 MR14
9553,9,21,19,0.9047619047619048,MR13 MR10 MR02 MR11 MR07 MR12 MR04 MR14 MR06
9554,8,19,16,0.8421052631578947,MR13 MR10 MR02 MR11 MR06 MR04 MR07 MR14
9555,9,21,20,0.9523809523809523,MR13 MR10 MR02 MR11 MR07 MR04 MR06 MR12 MR14
9556,9,30,29,0.9666666666666667,MR13 MR10 MR11 MR02 MR14 MR04 MR07 MR06 MR12
9557,9,23,21,0.9130434782608695,MR13 MR10 MR11 MR02 MR12 MR04 MR07 MR06 MR14
9558,9,25,25,1.0,MR13 MR10 MR02 MR07 MR11 MR04 MR06 MR12 MR14
9559,9,22,22,1.0,MR13 MR10 MR02 MR07 MR06 MR12 MR04 MR11 MR14
9560,9,25,23,0.92,MR13 MR10 MR02 MR11 MR04 MR06 MR07 MR14 MR12
9561,9,25,25,1.0,MR12 MR10 MR11 MR02 MR14 MR13 MR04 MR07 MR06
9562,8,22,18,0.8181818181818182,MR13 MR10 MR11 MR02 MR04 MR07 MR12 MR06
9563,9,26,25,0.9615384615384616,MR13 MR10 MR02 MR07 MR06 MR04 MR12 MR14 MR11
9564,9,24,24,1.0,MR13 MR10 MR11 MR02 MR04 MR06 MR12 MR14 MR07
9565,9,25,24,0.96,MR13 MR10 MR11 MR02 MR04 MR07 MR12 MR06 MR14
9566,9,20,19,0.95,MR13 MR10 MR02 MR11 MR07 MR04 MR06 MR12 MR14
9567,9,25,24,0.96,MR13 MR10 MR02 MR06 MR07 MR11 MR04 MR12 MR14
9568,9,27,22,0.8148148148148148,MR14 MR10 MR02 MR11 MR06 MR04 MR07 MR12 MR05
9569,8,26,23,0.8846153846153846,MR13 MR10 MR14 MR02 MR06 MR11 MR04 MR07
9570,9,21,20,0.9523809523809523,MR12 MR10 MR02 MR06 MR11 MR13 MR04 MR07 MR14
9571,8,28,24,0.8571428571428571,MR13 MR10 MR02 MR06 MR07 MR11 MR04 MR12
9572,9,20,18,0.9,MR13 MR10 MR02 MR11 MR07 MR12 MR04 MR06 MR14
9573,9,23,21,0.9130434782608695,MR13 MR10 MR11 MR02 MR14 MR04 MR06 MR12 MR07
9574,9,26,25,0.9615384615384616,MR13 MR10 MR02 MR11 MR06 MR12 MR14 MR04 MR07
9575,9,24,23,0.9583333333333334,MR12 MR10 MR02 MR14 MR11 MR06 MR13 MR04 MR07
9576,9,20,19,0.95,MR13 MR10 MR02 MR11 MR07 MR04 MR14 MR06 MR12
9577,9,22,19,0.8636363636363636,MR05 MR10 MR02 MR07 MR11 MR12 MR14 MR04 MR06
9578,9,19,18,0.9473684210526315,MR13 MR10 MR02 MR11 MR14 MR04 MR06 MR07 MR12
9579,9,28,27,0.9642857142857143,MR13 MR10 MR02 MR06 MR07 MR14 MR04 MR12 MR11
9580,8,26,23,0.8846153846153846,MR13 MR10 MR02 MR06 MR07 MR11 MR04 MR12
9581,9,27,26,0.9629629629629629,MR13 MR10 MR02 MR11 MR14 MR07 MR04 MR06 MR12
9582,9,22,21,0.9545454545454546,MR13 MR10 MR11 MR02 MR12 MR04 MR06 MR14 MR07
9583,9,20,19,0.95,MR13 MR10 MR02 MR06 MR12 MR11 MR04 MR07 MR14
9584,9,22,21,0.9545454545454546,MR13 MR10 MR06 MR02 MR04 MR07 MR14 MR11 MR12
9585,9,25,24,0.96,MR13 MR10 MR02 MR11 MR04 MR06 MR07 MR14 MR12
9586,9,20,19,0.95,MR13 MR10 MR02 MR11 MR04 MR06 MR07 MR12 MR14
9587,8,19,16,0.8421052631578947,MR13 MR10 MR11 MR02 MR07 MR14 MR04 MR12
9588,9,20,20,1.0,MR13 MR10 MR02 MR11 MR06 MR12 MR04 MR07 MR14
9589,9,27,26,0.9629629629629629,MR13 MR10 MR02 MR11 MR06 MR04 MR07 MR12 MR14
9590,9,21,20,0.9523809523809523,MR13 MR10 MR02 MR06 MR11 MR04 MR07 MR14 MR12
9591,9,27,26,0.9629629629629629,MR13 MR10 MR11 MR02 MR14 MR04 MR06 MR07 MR12
9592,9,22,21,0.9545454545454546,MR13 MR10 MR02 MR07 MR11 MR04 MR12 MR06 MR14
9593,9,25,24,0.96,MR07 MR10 MR02 MR12 MR04 MR11 MR14 MR06 MR13
9594,9,22,20,0.9090909090909091,MR13 MR10 MR11 MR02 MR06 MR14 MR04 MR12 MR07
9595,9,20,19,0.95,MR13 MR10 MR11 MR02 MR04 MR06 MR12 MR14 MR07
9596,9,27,23,0.8518518518518519,MR12 MR10 MR02 MR11 MR14 MR04 MR05 MR06 MR07
9597,9,26,25,0.9615384615384616,MR13 MR10 MR02 MR11 MR06 MR04 MR07 MR12 MR14
9598,9,27,25,0.9259259259259259,MR13 MR10 MR02 MR11 MR06 MR04 MR12 MR14 MR07
9599,9,27,26,0.9629629629629629,MR13 MR10 MR02 MR06 MR07 MR11 MR14 MR04 MR12
9600,9,24,24,1.0,MR13 MR10 MR07 MR02 MR14 MR11 MR04 MR06 MR12
9601,9,21,21,1.0,MR13 MR10 MR02 MR06 MR07 MR04 MR11 MR12 MR14
9602,9,25,24,0.96,MR13 MR10 MR02 MR06 MR07 MR14 MR04 MR11 MR12
9603,9,25,24,0.96,MR12 MR10 MR02 MR14 MR11 MR06 MR04 MR07 MR13
9604,8,27,23,0.8518518518518519,MR12 MR10 MR11 MR02 MR14 MR04 MR06 MR13
9605,9,25,24,0.96,MR12 MR10 MR11 MR02 MR06 MR04 MR13 MR14 MR07
9606,9,25,24,0.96,MR13 MR10 MR02 MR11 MR06 MR04 MR07 MR12 MR14
9607,9,29,27,0.9310344827586207,MR13 MR10 MR02 MR06 MR11 MR12 MR04 MR07 MR14
9608,9,22,18,0.8181818181818182,MR05 MR10 MR02 MR07 MR04 MR06 MR11 MR14 MR12
9609,8,28,21,0.75,MR05 MR10 MR02 MR06 MR11 MR04 MR14 MR12
9610,9,22,22,1.0,MR13 MR10 MR02 MR11 MR07 MR14 MR04 MR06 MR12
9611,8,26,23,0.8846153846153846,MR13 MR10 MR11 MR02 MR14 MR07 MR04 MR12
9612,8,24,19,0.7916666666666666,MR13 MR10 MR06 MR02 MR11 MR04 MR14 MR12
9613,9,26,25,0.9615384615384616,MR13 MR10 MR02 MR07 MR14 MR11 MR04 MR06 MR12
9614,9,25,24,0.96,MR13 MR10 MR11 MR02 MR14 MR04 MR12 MR07 MR06
9615,9,25,25,1.0,MR13 MR10 MR02 MR11 MR14 MR04 MR06 MR07 MR12
9616,9,23,22,0.9565217391304348,MR13 MR10 MR11 MR02 MR04 MR07 MR12 MR14 MR06
9617,9,23,22,0.9565217391304348,MR13 MR10 MR11 MR02 MR12 MR04 MR06 MR14 MR07
9618,9,22,21,0.9545454545454546,MR13 MR10 MR02 MR07 MR11 MR04 MR06 MR14 MR12
9619,8,27,24,0.8888888888888888,MR13 MR10 MR11 MR02 MR07 MR12 MR04 MR14
9620,9,23,23,1.0,MR12 MR10 MR02 MR07 MR11 MR13 MR14 MR04 MR06
9621,9,26,24,0.9230769230769231,MR13 MR10 MR11 MR02 MR04 MR06 MR14 MR07 MR12
9622,8,26,22,0.8461538461538461,MR13 MR10 MR11 MR02 MR12 MR04 MR07 MR06
9623,9,22,21,0.9545454545454546,MR13 MR10 MR02 MR11 MR12 MR04 MR06 MR07 MR14
9624,9,21,20,0.9523809523809523,MR13 MR10 MR02 MR11 MR07 MR04 MR06 MR12 MR14
9625,9,23,22,0.9565217391304348,MR13 MR10 MR02 MR11 MR07 MR12 MR04 MR06 MR14
9626,9,21,21,1.0,MR12 MR10 MR11 MR02 MR06 MR14 MR04 MR13 MR07
9627,9,24,20,0.8333333333333334,MR06 MR10 MR02 MR12 MR14 MR04 MR05 MR07 MR11
9628,8,24,20,0.8333333333333334,MR12 MR10 MR11 MR02 MR06 MR04 MR13 MR14
9629,9,24,24,1.0,MR13 MR10 MR11 MR02 MR14 MR04 MR06 MR12 MR07
9630,9,23,22,0.9565217391304348,MR13 MR10 MR02 MR06 MR07 MR11 MR04 MR12 MR14
9631,8,22,17,0.7727272727272727,MR12 MR10 MR11 MR02 MR14 MR04 MR06 MR13
9632,9,21,21,1.0,MR13 MR10 MR02 MR07 MR11 MR04 MR14 MR06 MR12
9633,8,27,23,0.8518518518518519,MR12 MR10 MR11 MR02 MR13 MR06 MR14 MR04
9634,9,22,21,0.9545454545454546,MR13 MR10 MR02 MR07 MR11 MR12 MR04 MR06 MR14
9635,9,24,23,0.9583333333333334,MR13 MR10 MR02 MR07 MR06 MR12 MR14 MR04 MR11
9636,9,31,29,0.9354838709677419,MR13 MR10 MR02 MR06 MR07 MR04 MR11 MR12 MR14
9637,9,20,20,1.0,MR13 MR10 MR02 MR07 MR11 MR12 MR04 MR06 MR14
9638,9,26,22,0.8461538461538461,MR05 MR10 MR02 MR11 MR07 MR12 MR04 MR14 MR06
9639,9,31,30,0.967741935483871,MR12 MR10 MR11 MR02 MR13 MR04 MR06 MR14 MR07
9640,9,21,21,1.0,MR13 MR10 MR11 MR02 MR04 MR12 MR14 MR06 MR07
9641,9,24,23,0.9583333333333334,MR13 MR10 MR02 MR07 MR04 MR06 MR11 MR12 MR14
9642,8,26,22,0.8461538461538461,MR13 MR10 MR02 MR11 MR07 MR04 MR14 MR06
9643,9,23,22,0.9565217391304348,MR13 MR10 MR02 MR11 MR12 MR07 MR04 MR06 MR14
9644,9,24,20,0.8333333333333334,MR05 MR10 MR02 MR11 MR07 MR04 MR12 MR14 MR06
9645,9,21,21,1.0,MR13 MR10 MR11 MR02 MR06 MR04 MR12 MR14 MR07
9646,9,23,22,0.9565217391304348,MR13 MR10 MR02 MR11 MR06 MR12 MR04 MR07 MR14
9647,9,24,23,0.9583333333333334,MR13 MR10 MR11 MR02 MR14 MR04 MR07 MR06 MR12
9648,9,26,25,0.9615384615384616,MR13 MR10 MR02 MR06 MR11 MR04 MR07 MR12 MR14
9649,9,24,23,0.9583333333333334,MR13 MR10 MR02 MR07 MR11 MR14 MR04 MR06 MR12
9650,9,25,25,1.0,MR13 MR10 MR02 MR06 MR11 MR04 MR12 MR07 MR14
9651,9,25,24,0.96,MR12 MR10 MR02 MR07 MR11 MR04 MR06 MR13 MR14
9652,9,23,23,1.0,MR13 MR10 MR02 MR06 MR11 MR14 MR04 MR07 MR12
9653,9,26,26,1.0,MR13 MR10 MR02 MR11 MR07 MR04 MR06 MR12 MR14
9654,9,24,23,0.9583333333333334,MR13 MR10 MR02 MR11 MR06 MR04 MR07 MR12 MR14
9655,9,26,25,0.9615384615384616,MR12 MR10 MR02 MR06 MR07 MR13 MR04 MR11 MR14
9656,9,27,26,0.9629629629629629,MR13 MR10 MR11 MR02 MR14 MR04 MR06 MR12 MR07
9657,9,27,26,0.9629629629629629,MR12 MR10 MR02 MR06 MR13 MR11 MR04 MR07 MR14
9658,9,25,21,0.84,MR05 MR10 MR02 MR07 MR11 MR04 MR12 MR14 MR06
9659,9,23,22,0.9565217391304348,MR13 MR10 MR02 MR11 MR04 MR06 MR07 MR12 MR14
9660,9,25,24,0.96,MR13 MR10 MR02 MR11 MR14 MR06 MR04 MR07 MR12
9661,9,23,22,0.9565217391304348,MR13 MR10 MR02 MR11 MR07 MR04 MR14 MR06 MR12
9662,9,25,23,0.92,MR13 MR10 MR02 MR06 MR14 MR11 MR04 MR07 MR12
9663,9,26,25,0.9615384615384616,MR13 MR10 MR11 MR02 MR07 MR04 MR12 MR06 MR14
9664,9,21,21,1.0,MR13 MR10 MR11 MR02 MR14 MR04 MR07 MR12 MR06
9665,9,28,27,0.9642857142857143,MR13 MR10 MR02 MR11 MR06 MR04 MR07 MR12 MR14
9666,9,31,30,0.967741935483871,MR13 MR10 MR02 MR06 MR11 MR14 MR04 MR12 MR07
9667,8,25,21,0.84,MR13 MR10 MR11 MR02 MR14 MR04 MR12 MR07
9668,9,28,24,0.8571428571428571,MR12 MR10 MR14 MR02 MR06 MR11 MR04 MR07 MR05
9669,9,27,26,0.9629629629629629,MR13 MR10 MR02 MR06 MR11 MR04 MR07 MR12 MR14
9670,9,21,20,0.9523809523809523,MR13 MR10 MR02 MR11 MR06 MR04 MR07 MR12 MR14
9671,8,25,21,0.84,MR13 MR10 MR11 MR02 MR04 MR14 MR07 MR12
9672,9,23,22,0.9565217391304348,MR13 MR10 MR02 MR11 MR07 MR12 MR04 MR06 MR14
9673,9,22,22,1.0,MR13 MR10 MR11 MR02 MR12 MR07 MR04 MR14 MR06
9674,9,22,22,1.0,MR13 MR10 MR02 MR06 MR07 MR11 MR04 MR12 MR14
9675,8,27,22,0.8148148148148148,MR13 MR10 MR11 MR02 MR14 MR06 MR04 MR07
9676,9,23,22,0.9565217391304348,MR13 MR10 MR11 MR02 MR12 MR04 MR06 MR07 MR14
9677,9,27,27,1.0,MR12 MR10 MR11 MR02 MR14 MR04 MR07 MR06 MR13
9678,9,23,22,0.9565217391304348,MR13 MR10 MR02 MR11 MR06 MR04 MR07 MR12 MR14
9679,9,25,25,1.0,MR13 MR10 MR02 MR11 MR07 MR04 MR12 MR14 MR06
9680,9,23,23,1.0,MR12 MR10 MR11 MR02 MR06 MR04 MR14 MR13 MR07
9681,9,21,20,0.9523809523809523,MR12 MR10 MR02 MR11 MR13 MR07 MR04 MR14 MR06
9682,9,24,23,0.9583333333333334,MR13 MR10 MR11 MR02 MR12 MR04 MR06 MR07 MR14
9683,9,26,24,0.9230769230769231,MR13 MR10 MR02 MR11 MR04 MR06 MR07 MR12 MR14
9684,9,20,19,0.95,MR12 MR10 MR02 MR06 MR11 MR13 MR04 MR14 MR07
9685,9,25,24,0.96,MR13 MR10 MR11 MR02 MR12 MR04 MR14 MR06 MR07
9686,9,21,19,0.9047619047619048,MR13 MR10 MR02 MR11 MR06 MR04 MR07 MR14 MR12
9687,9,26,25,0.9615384615384616,MR12 MR10 MR11 MR02 MR13 MR04 MR07 MR06 MR14
9688,9,27,26,0.9629629629629629,MR13 MR10 MR02 MR06 MR11 MR12 MR04 MR07 MR14
9689,9,21,20,0.9523809523809523,MR13 MR10 MR11 MR02 MR06 MR04 MR12 MR14 MR07
9690,9,22,22,1.0,MR13 MR10 MR02 MR07 MR11 MR12 MR14 MR04 MR06
9691,9,22,22,1.0,MR13 MR10 MR11 MR02 MR14 MR04 MR07 MR12 MR06
9692,9,25,24,0.96,MR13 MR10 MR11 MR02 MR14 MR04 MR06 MR12 MR07
9693,9,25,24,0.96,MR13 MR10 MR02 MR11 MR07 MR04 MR12 MR14 MR06
9694,8,26,22,0.8461538461538461,MR13 MR10 MR02 MR11 MR07 MR14 MR04 MR06
9695,9,20,19,0.95,MR12 MR10 MR02 MR06 MR13 MR11 MR04 MR07 MR14
9696,9,29,27,0.9310344827586207,MR13 MR10 MR02 MR07 MR12 MR04 MR06 MR11 MR14
9697,9,21,20,0.9523809523809523,MR12 MR10 MR11 MR02 MR06 MR13 MR04 MR14 MR07
9698,9,27,23,0.8518518518518519,MR12 MR10 MR02 MR07 MR11 MR04 MR05 MR14 MR06
9699,9,22,21,0.9545454545454546,MR13 MR10 MR02 MR06 MR11 MR14 MR04 MR07 MR12
9700,9,24,23,0.9583333333333334,MR13 MR10 MR02 MR11 MR07 MR12 MR04 MR14 MR06
9701,9,22,21,0.9545454545454546,MR13 MR10 MR11 MR02 MR14 MR04 MR07 MR12 MR06
9702,9,24,23,0.9583333333333334,MR14 MR10 MR02 MR06 MR11 MR12 MR13 MR04 MR07
9703,9,25,24,0.96,MR13 MR10 MR11 MR02 MR04 MR06 MR12 MR07 MR14
9704,9,23,23,1.0,MR13 MR10 MR02 MR11 MR07 MR04 MR12 MR14 MR06
9705,9,29,27,0.9310344827586207,MR13 MR10 MR02 MR11 MR06 MR04 MR07 MR14 MR12
9706,9,23,22,0.9565217391304348,MR13 MR10 MR02 MR06 MR07 MR11 MR12 MR04 MR14
9707,8,25,21,0.84,MR13 MR10 MR11 MR02 MR06 MR04 MR12 MR14
9708,9,24,23,0.9583333333333334,MR07 MR10 MR02 MR13 MR12 MR14 MR04 MR11 MR06
9709,9,19,18,0.9473684210526315,MR12 MR10 MR02 MR11 MR07 MR04 MR06 MR13 MR14
9710,9,21,17,0.8095238095238095,MR05 MR10 MR02 MR06 MR14 MR11 MR12 MR04 MR07
9711,9,23,22,0.9565217391304348,MR13 MR10 MR02 MR06 MR07 MR11 MR04 MR14 MR12
9712,9,18,18,1.0,MR12 MR10 MR02 MR11 MR06 MR14 MR04 MR13 MR07
9713,9,23,22,0.9565217391304348,MR12 MR10 MR06 MR02 MR14 MR04 MR07 MR11 MR13
9714,9,25,25,1.0,MR13 MR10 MR02 MR14 MR06 MR07 MR11 MR04 MR12
9715,9,25,23,0.92,MR12 MR10 MR11 MR02 MR13 MR04 MR14 MR06 MR07
9716,9,20,19,0.95,MR12 MR10 MR11 MR02 MR14 MR06 MR04 MR13 MR07
9717,8,26,22,0.8461538461538461,MR13 MR10 MR02 MR06 MR07 MR11 MR04 MR12
9718,9,25,25,1.0,MR13 MR10 MR02 MR06 MR11 MR04 MR07 MR14 MR12
9719,9,25,24,0.96,MR14 MR10 MR11 MR02 MR04 MR07 MR13 MR06 MR12
9720,9,21,20,0.9523809523809523,MR13 MR10 MR11 MR02 MR04 MR06 MR12 MR14 MR07
9721,9,22,21,0.9545454545454546,MR13 MR10 MR02 MR11 MR06 MR04 MR12 MR14 MR07
9722,8,27,23,0.8518518518518519,MR13 MR10 MR02 MR06 MR11 MR12 MR04 MR07
9723,9,23,22,0.9565217391304348,MR13 MR10 MR11 MR02 MR04 MR14 MR06 MR12 MR07
9724,9,28,27,0.9642857142857143,MR13 MR10 MR06 MR02 MR04 MR11 MR12 MR07 MR14
9725,9,24,24,1.0,MR13 MR10 MR02 MR06 MR11 MR14 MR04 MR07 MR12
9726,9,24,23,0.9583333333333334,MR13 MR10 MR02 MR06 MR11 MR04 MR07 MR14 MR12
9727,9,21,20,0.9523809523809523,MR13 MR10 MR11 MR02 MR04 MR06 MR14 MR07 MR12
9728,9,21,20,0.9523809523809523,MR13 MR10 MR11 MR02 MR14 MR04 MR07 MR06 MR12
9729,9,27,26,0.9629629629629629,MR13 MR10 MR02 MR11 MR07 MR04 MR12 MR06 MR14
9730,9,24,23,0.9583333333333334,MR12 MR10 MR11 MR02 MR04 MR06 MR13 MR07 MR14
9731,9,19,19,1.0,MR13 MR10 MR11 MR02 MR04 MR14 MR06 MR07 MR12
9732,9,25,23,0.92,MR13 MR10 MR02 MR11 MR06 MR04 MR07 MR12 MR14
9733,9,22,21,0.9545454545454546,MR13 MR10 MR11 MR02 MR04 MR07 MR12 MR14 MR06
9734,9,23,22,0.9565217391304348,MR13 MR10 MR02 MR11 MR04 MR06 MR07 MR12 MR14
9735,8,26,22,0.8461538461538461,MR13 MR10 MR02 MR07 MR11 MR04 MR06 MR12
9736,8,28,24,0.8571428571428571,MR12 MR10 MR11 MR02 MR13 MR04 MR06 MR14
9737,9,26,25,0.9615384615384616,MR13 MR10 MR02 MR11 MR06 MR14 MR04 MR12 MR07
9738,9,22,18,0.8181818181818182,MR05 MR10 MR02 MR11 MR07 MR04 MR14 MR06 MR12
9739,8,26,22,0.8461538461538461,MR13 MR10 MR02 MR07 MR14 MR11 MR04 MR06
9740,9,23,23,1.0,MR13 MR10 MR11 MR02 MR04 MR06 MR07 MR12 MR14
9741,9,22,21,0.9545454545454546,MR13 MR10 MR14 MR02 MR06 MR11 MR04 MR07 MR12
9742,9,20,20,1.0,MR12 MR10 MR02 MR11 MR06 MR14 MR04 MR13 MR07
9743,9,21,20,0.9523809523809523,MR12 MR10 MR11 MR02 MR14 MR13 MR04 MR06 MR07
9744,8,23,19,0.8260869565217391,MR13 MR10 MR11 MR02 MR14 MR04 MR06 MR07
9745,9,22,22,1.0,MR13 MR10 MR11 MR02 MR14 MR04 MR07 MR06 MR12
9746,9,25,24,0.96,MR13 MR10 MR11 MR02 MR14 MR04 MR06 MR07 MR12
9747,9,29,28,0.9655172413793104,MR13 MR10 MR02 MR11 MR07 MR12 MR04 MR06 MR14
9748,9,22,21,0.9545454545454546,MR12 MR10 MR02 MR14 MR11 MR06 MR04 MR07 MR13
9749,9,26,25,0.9615384615384616,MR13 MR10 MR11 MR02 MR06 MR04 MR14 MR12 MR07
9750,9,21,20,0.9523809523809523,MR13 MR10 MR02 MR07 MR11 MR04 MR06 MR12 MR14
9751,9,24,23,0.9583333333333334,MR12 MR10 MR02 MR11 MR06 MR13 MR04 MR07 MR14
9752,8,25,21,0.84,MR13 MR10 MR11 MR02 MR14 MR04 MR07 MR12
9753,9,24,24,1.0,MR13 MR10 MR11 MR02 MR14 MR04 MR07 MR12 MR06
9754,9,26,25,0.9615384615384616,MR13 MR10 MR02 MR07 MR06 MR04 MR11 MR14 MR12
9755,9,24,23,0.9583333333333334,MR13 MR10 MR11 MR02 MR06 MR14 MR04 MR12 MR07
9756,9,25,24,0.96,MR12 MR10 MR02 MR13 MR07 MR11 MR04 MR06 MR14
9757,9,23,22,0.9565217391304348,MR13 MR10 MR11 MR02 MR04 MR12 MR07 MR06 MR14
9758,8,23,20,0.8695652173913043,MR13 MR10 MR11 MR02 MR04 MR07 MR14 MR06
9759,9,24,23,0.9583333333333334,MR13 MR10 MR02 MR12 MR11 MR07 MR04 MR06 MR14
9760,9,25,24,0.96,MR12 MR10 MR06 MR02 MR11 MR04 MR13 MR07 MR14
9761,9,21,19,0.9047619047619048,MR13 MR10 MR02 MR06 MR11 MR12 MR04 MR07 MR14
9762,9,27,26,0.9629629629629629,MR12 MR10 MR02 MR13 MR06 MR11 MR14 MR04 MR07
9763,9,27,24,0.8888888888888888,MR14 MR10 MR02 MR11 MR05 MR07 MR04 MR06 MR12
9764,9,24,23,0.9583333333333334,MR13 MR10 MR06 MR02 MR11 MR12 MR04 MR07 MR14
9765,9,28,27,0.9642857142857143,MR13 MR10 MR02 MR06 MR07 MR12 MR04 MR11 MR14
9766,9,23,19,0.8260869565217391,MR05 MR10 MR02 MR06 MR07 MR11 MR04 MR14 MR12
9767,9,25,24,0.96,MR13 MR10 MR11 MR02 MR14 MR12 MR04 MR07 MR06
9768,9,26,24,0.9230769230769231,MR13 MR10 MR02 MR11 MR14 MR04 MR06 MR07 MR12
9769,9,28,27,0.9642857142857143,MR13 MR10 MR02 MR06 MR11 MR14 MR04 MR12 MR07
9770,9,27,26,0.9629629629629629,MR13 MR10 MR02 MR11 MR14 MR06 MR04 MR07 MR12
9771,9,21,20,0.9523809523809523,MR13 MR10 MR02 MR11 MR14 MR04 MR06 MR07 MR12
9772,9,28,27,0.9642857142857143,MR13 MR10 MR02 MR06 MR11 MR12 MR04 MR07 MR14
9773,9,26,25,0.9615384615384616,MR13 MR10 MR02 MR07 MR11 MR12 MR04 MR14 MR06
9774,9,23,22,0.9565217391304348,MR13 MR10 MR02 MR11 MR14 MR04 MR06 MR07 MR12
9775,9,27,26,0.9629629629629629,MR13 MR10 MR02 MR11 MR04 MR06 MR07 MR14 MR12
9776,9,22,21,0.9545454545454546,MR13 MR10 MR11 MR02 MR14 MR04 MR12 MR06 MR07
9777,9,24,24,1.0,MR13 MR10 MR07 MR02 MR14 MR04 MR06 MR11 MR12
9778,9,28,26,0.9285714285714286,MR13 MR10 MR02 MR11 MR07 MR12 MR04 MR06 MR14
9779,9,23,22,0.9565217391304348,MR12 MR10 MR02 MR06 MR07 MR11 MR04 MR13 MR14
9780,8,26,22,0.8461538461538461,MR13 MR10 MR11 MR02 MR12 MR04 MR06 MR07
9781,9,30,29,0.9666666666666667,MR13 MR10 MR07 MR02 MR04 MR12 MR06 MR11 MR14
9782,9,26,24,0.9230769230769231,MR13 MR10 MR02 MR06 MR07 MR12 MR04 MR11 MR14
9783,9,20,19,0.95,MR13 MR10 MR11 MR02 MR12 MR04 MR07 MR06 MR14
9784,9,21,20,0.9523809523809523,MR13 MR10 MR02 MR06 MR14 MR11 MR04 MR12 MR07
9785,9,26,26,1.0,MR12 MR10 MR11 MR02 MR06 MR04 MR13 MR14 MR07
9786,9,19,19,1.0,MR13 MR10 MR02 MR11 MR07 MR04 MR06 MR14 MR12
9787,9,27,25,0.9259259259259259,MR13 MR10 MR02 MR11 MR06 MR14 MR04 MR07 MR12
9788,9,20,20,1.0,MR13 MR10 MR11 MR02 MR12 MR04 MR06 MR07 MR14
9789,9,21,20,0.9523809523809523,MR13 MR10 MR11 MR02 MR12 MR04 MR06 MR14 MR07
9790,9,28,27,0.9642857142857143,MR13 MR10 MR02 MR06 MR11 MR14 MR04 MR12 MR07
9791,9,22,21,0.9545454545454546,MR13 MR10 MR11 MR02 MR04 MR06 MR14 MR07 MR12
9792,9,22,21,0.9545454545454546,MR13 MR10 MR11 MR02 MR12 MR04 MR07 MR14 MR06
9793,9,24,23,0.9583333333333334,MR13 MR10 MR02 MR07 MR11 MR12 MR04 MR06 MR14
9794,9,28,27,0.9642857142857143,MR12 MR10 MR11 MR02 MR13 MR14 MR04 MR07 MR06
9795,9,28,26,0.9285714285714286,MR13 MR10 MR02 MR07 MR11 MR04 MR06 MR14 MR12
9796,9,24,23,0.9583333333333334,MR12 MR10 MR02 MR11 MR07 MR13 MR04 MR06 MR14
9797,9,23,23,1.0,MR13 MR10 MR11 MR02 MR06 MR04 MR12 MR14 MR07
9798,8,22,19,0.8636363636363636,MR12 MR10 MR11 MR02 MR06 MR13 MR04 MR14
9799,9,24,23,0.9583333333333334,MR13 MR10 MR02 MR06 MR11 MR04 MR12 MR14 MR07
9800,9,20,19,0.95,MR13 MR10 MR11 MR02 MR14 MR04 MR06 MR12 MR07
9801,9,24,23,0.9583333333333334,MR13 MR10 MR02 MR07 MR04 MR06 MR11 MR12 MR14
9802,9,22,22,1.0,MR13 MR10 MR11 MR02 MR04 MR12 MR07 MR06 MR14
9803,9,24,23,0.9583333333333334,MR13 MR10 MR02 MR11 MR12 MR07 MR04 MR06 MR14
9804,9,23,22,0.9565217391304348,MR13 MR10 MR02 MR11 MR07 MR12 MR04 MR06 MR14
9805,9,26,24,0.9230769230769231,MR13 MR10 MR02 MR11 MR07 MR14 MR04 MR12 MR06
9806,9,31,30,0.967741935483871,MR13 MR10 MR11 MR02 MR12 MR04 MR14 MR07 MR06
9807,9,24,23,0.9583333333333334,MR13 MR10 MR11 MR02 MR12 MR04 MR06 MR14 MR07
9808,9,26,22,0.8461538461538461,MR05 MR10 MR11 MR02 MR04 MR12 MR14 MR06 MR07
9809,9,24,23,0.9583333333333334,MR13 MR10 MR11 MR02 MR06 MR12 MR04 MR14 MR07
9810,9,25,24,0.96,MR13 MR10 MR02 MR11 MR12 MR06 MR04 MR07 MR14
9811,9,23,21,0.9130434782608695,MR13 MR10 MR02 MR11 MR06 MR04 MR07 MR12 MR14
9812,9,21,20,0.9523809523809523,MR13 MR10 MR11 MR02 MR14 MR12 MR04 MR06 MR07
9813,9,28,27,0.9642857142857143,MR13 MR10 MR02 MR11 MR14 MR04 MR06 MR07 MR12
9814,9,26,24,0.9230769230769231,MR13 MR10 MR07 MR02 MR04 MR11 MR12 MR14 MR06
9815,8,20,17,0.85,MR13 MR10 MR11 MR02 MR04 MR06 MR14 MR12
9816,9,24,23,0.9583333333333334,MR12 MR10 MR11 MR02 MR13 MR04 MR07 MR14 MR06
9817,9,23,22,0.9565217391304348,MR12 MR10 MR02 MR11 MR13 MR07 MR14 MR04 MR06
9818,9,23,22,0.9565217391304348,MR13 MR10 MR02 MR06 MR11 MR14 MR04 MR07 MR12
9819,8,30,26,0.8666666666666667,MR13 MR10 MR11 MR02 MR04 MR06 MR14 MR07
9820,8,24,20,0.8333333333333334,MR13 MR10 MR02 MR07 MR14 MR11 MR04 MR06
9821,9,19,18,0.9473684210526315,MR13 MR10 MR11 MR02 MR04 MR14 MR06 MR07 MR12
9822,9,18,14,0.7777777777777778,MR12 MR10 MR02 MR06 MR11 MR04 MR07 MR14 MR05
9823,9,22,21,0.9545454545454546,MR13 MR10 MR02 MR06 MR11 MR12 MR04 MR07 MR14
9824,9,26,25,0.9615384615384616,MR13 MR10 MR02 MR07 MR12 MR06 MR04 MR11 MR14
9825,9,20,19,0.95,MR13 MR10 MR11 MR02 MR07 MR04 MR06 MR12 MR14
9826,9,24,23,0.9583333333333334,MR13 MR10 MR02 MR14 MR11 MR07 MR04 MR06 MR12
9827,9,24,22,0.9166666666666666,MR13 MR10 MR02 MR07 MR12 MR11 MR04 MR06 MR14
9828,8,26,22,0.8461538461538461,MR12 MR10 MR11 MR02 MR07 MR13 MR04 MR14
9829,9,20,19,0.95,MR13 MR10 MR02 MR11 MR07 MR14 MR04 MR12 MR06
9830,8,24,21,0.875,MR13 MR10 MR02 MR06 MR11 MR12 MR04 MR07
9831,9,23,22,0.9565217391304348,MR13 MR10 MR02 MR11 MR07 MR14 MR04 MR12 MR06
9832,9,25,24,0.96,MR13 MR10 MR11 MR02 MR07 MR14 MR04 MR06 MR12
9833,9,26,26,1.0,MR13 MR10 MR02 MR07 MR11 MR04 MR12 MR14 MR06
9834,9,28,26,0.9285714285714286,MR13 MR10 MR02 MR11 MR06 MR04 MR12 MR07 MR14
9835,9,22,21,0.9545454545454546,MR13 MR10 MR11 MR02 MR04 MR12 MR06 MR07 MR14
9836,9,22,22,1.0,MR13 MR10 MR02 MR12 MR07 MR11 MR04 MR14 MR06
9837,9,23,23,1.0,MR13 MR10 MR02 MR06 MR11 MR04 MR07 MR14 MR12
9838,9,19,19,1.0,MR13 MR10 MR11 MR02 MR12 MR04 MR06 MR07 MR14
9839,9,19,19,1.0,MR13 MR10 MR11 MR02 MR14 MR04 MR06 MR07 MR12
9840,9,21,21,1.0,MR14 MR10 MR02 MR07 MR11 MR13 MR04 MR06 MR12
9841,8,29,25,0.8620689655172413,MR12 MR10 MR11 MR02 MR07 MR13 MR14 MR04
9842,9,26,25,0.9615384615384616,MR13 MR10 MR02 MR11 MR12 MR14 MR04 MR06 MR07
9843,9,20,19,0.95,MR12 MR10 MR11 MR02 MR06 MR04 MR13 MR14 MR07
9844,8,25,22,0.88,MR13 MR10 MR11 MR02 MR04 MR06 MR12 MR14
9845,9,23,19,0.8260869565217391,MR12 MR10 MR02 MR11 MR07 MR14 MR04 MR06 MR05
9846,9,18,17,0.9444444444444444,MR13 MR10 MR11 MR02 MR04 MR07 MR12 MR14 MR06
9847,9,27,27,1.0,MR13 MR10 MR02 MR11 MR06 MR04 MR07 MR12 MR14
9848,9,24,22,0.9166666666666666,MR13 MR10 MR11 MR02 MR12 MR04 MR06 MR07 MR14
9849,8,23,19,0.8260869565217391,MR13 MR10 MR02 MR11 MR07 MR04 MR14 MR06
9850,9,22,21,0.9545454545454546,MR12 MR10 MR02 MR11 MR14 MR07 MR13 MR04 MR06
9851,9,27,27,1.0,MR13 MR10 MR11 MR02 MR14 MR04 MR06 MR07 MR12
9852,9,21,21,1.0,MR13 MR10 MR11 MR02 MR14 MR04 MR07 MR06 MR12
9853,9,26,25,0.9615384615384616,MR12 MR10 MR02 MR11 MR06 MR13 MR04 MR07 MR14
9854,9,25,23,0.92,MR13 MR10 MR11 MR02 MR14 MR04 MR06 MR12 MR07
9855,9,26,25,0.9615384615384616,MR13 MR10 MR11 MR02 MR14 MR04 MR07 MR06 MR12
9856,9,23,23,1.0,MR13 MR10 MR02 MR11 MR04 MR06 MR07 MR12 MR14
9857,8,27,24,0.8888888888888888,MR13 MR10 MR11 MR14 MR02 MR04 MR06 MR12
9858,9,22,22,1.0,MR13 MR10 MR11 MR02 MR12 MR04 MR06 MR14 MR07
9859,9,27,26,0.9629629629629629,MR13 MR10 MR11 MR12 MR02 MR04 MR06 MR07 MR14
9860,9,24,22,0.9166666666666666,MR13 MR10 MR02 MR11 MR07 MR04 MR06 MR14 MR12
9861,9,24,23,0.9583333333333334,MR13 MR10 MR11 MR02 MR14 MR04 MR06 MR12 MR07
9862,8,29,26,0.896551724137931,MR13 MR10 MR11 MR02 MR07 MR14 MR04 MR12
9863,9,22,22,1.0,MR13 MR10 MR02 MR11 MR06 MR04 MR14 MR12 MR07
9864,9,25,24,0.96,MR12 MR10 MR11 MR02 MR14 MR04 MR06 MR13 MR07
9865,9,25,24,0.96,MR13 MR10 MR02 MR11 MR14 MR04 MR06 MR07 MR12
9866,8,26,23,0.8846153846153846,MR13 MR10 MR11 MR02 MR12 MR04 MR06 MR07
9867,9,23,22,0.9565217391304348,MR13 MR10 MR02 MR11 MR07 MR04 MR06 MR14 MR12
9868,9,22,22,1.0,MR12 MR10 MR02 MR13 MR07 MR14 MR11 MR04 MR06
9869,9,19,19,1.0,MR13 MR10 MR11 MR02 MR04 MR07 MR12 MR14 MR06
9870,9,19,18,0.9473684210526315,MR13 MR10 MR11 MR02 MR12 MR04 MR07 MR14 MR06
9871,9,25,24,0.96,MR13 MR10 MR02 MR11 MR14 MR06 MR12 MR04 MR07
9872,9,23,22,0.9565217391304348,MR13 MR10 MR02 MR11 MR06 MR04 MR14 MR07 MR12
9873,9,25,24,0.96,MR12 MR10 MR11 MR02 MR14 MR06 MR04 MR07 MR13
9874,9,26,25,0.9615384615384616,MR14 MR10 MR02 MR11 MR07 MR04 MR06 MR12 MR13
9875,9,25,25,1.0,MR13 MR10 MR02 MR11 MR07 MR14 MR04 MR06 MR12
9876,9,24,23,0.9583333333333334,MR13 MR10 MR11 MR02 MR04 MR07 MR14 MR06 MR12
9877,9,21,20,0.9523809523809523,MR13 MR10 MR11 MR02 MR14 MR04 MR07 MR06 MR12
9878,9,23,21,0.9130434782608695,MR13 MR10 MR11 MR02 MR04 MR07 MR12 MR14 MR06
9879,9,27,25,0.9259259259259259,MR13 MR10 MR06 MR02 MR14 MR07 MR12 MR04 MR11
9880,9,23,22,0.9565217391304348,MR13 MR10 MR02 MR07 MR11 MR12 MR04 MR06 MR14
9881,9,28,27,0.9642857142857143,MR13 MR10 MR11 MR02 MR06 MR14 MR04 MR12 MR07
9882,9,32,28,0.875,MR05 MR10 MR02 MR11 MR06 MR14 MR04 MR07 MR12
9883,8,22,18,0.8181818181818182,MR13 MR10 MR11 MR02 MR07 MR04 MR12 MR06
9884,9,25,24,0.96,MR13 MR10 MR11 MR02 MR04 MR07 MR12 MR06 MR14
9885,8,25,21,0.84,MR13 MR10 MR11 MR02 MR07 MR04 MR14 MR06
9886,9,28,26,0.9285714285714286,MR12 MR10 MR02 MR11 MR13 MR04 MR06 MR07 MR14
9887,8,25,22,0.88,MR13 MR10 MR11 MR02 MR04 MR06 MR07 MR14
9888,9,25,24,0.96,MR12 MR10 MR02 MR11 MR14 MR06 MR04 MR07 MR13
9889,9,26,26,1.0,MR13 MR10 MR02 MR11 MR14 MR04 MR06 MR07 MR12
9890,8,21,17,0.8095238095238095,MR06 MR10 MR02 MR11 MR12 MR13 MR14 MR04
9891,9,21,21,1.0,MR13 MR10 MR11 MR02 MR04 MR07 MR12 MR06 MR14
9892,8,23,20,0.8695652173913043,MR13 MR10 MR11 MR02 MR04 MR07 MR12 MR14
9893,9,24,23,0.9583333333333334,MR13 MR10 MR02 MR11 MR06 MR04 MR12 MR07 MR14
9894,9,25,22,0.88,MR05 MR10 MR11 MR02 MR14 MR06 MR04 MR12 MR07
9895,9,21,20,0.9523809523809523,MR07 MR10 MR02 MR11 MR12 MR13 MR04 MR14 MR06
9896,9,25,24,0.96,MR13 MR10 MR02 MR07 MR11 MR04 MR06 MR12 MR14
9897,9,26,25,0.9615384615384616,MR12 MR10 MR02 MR11 MR13 MR04 MR06 MR07 MR14
9898,9,31,29,0.9354838709677419,MR13 MR10 MR11 MR14 MR02 MR04 MR06 MR07 MR12
9899,9,25,24,0.96,MR13 MR10 MR02 MR07 MR06 MR12 MR14 MR04 MR11
9900,8,26,22,0.8461538461538461,MR13 MR10 MR11 MR02 MR06 MR04 MR12 MR14
9901,9,25,25,1.0,MR13 MR10 MR02 MR11 MR06 MR04 MR07 MR12 MR14
9902,9,24,24,1.0,MR13 MR10 MR02 MR06 MR11 MR14 MR04 MR12 MR07
9903,8,24,20,0.8333333333333334,MR12 MR10 MR11 MR02 MR13 MR04 MR06 MR07
9904,8,26,22,0.8461538461538461,MR13 MR10 MR02 MR06 MR11 MR04 MR12 MR14
9905,9,23,22,0.9565217391304348,MR13 MR10 MR02 MR06 MR12 MR07 MR04 MR11 MR14
9906,9,28,27,0.9642857142857143,MR13 MR10 MR02 MR07 MR11 MR14 MR04 MR12 MR06
9907,9,23,22,0.9565217391304348,MR12 MR10 MR02 MR11 MR13 MR04 MR06 MR07 MR14
9908,9,27,27,1.0,MR13 MR10 MR11 MR02 MR04 MR06 MR07 MR12 MR14
9909,9,26,25,0.9615384615384616,MR12 MR10 MR11 MR02 MR06 MR13 MR04 MR14 MR07
9910,9,25,25,1.0,MR12 MR10 MR11 MR02 MR13 MR04 MR06 MR14 MR07
9911,9,25,24,0.96,MR13 MR10 MR02 MR11 MR07 MR04 MR12 MR14 MR06
9912,9,19,18,0.9473684210526315,MR13 MR10 MR02 MR11 MR06 MR14 MR04 MR07 MR12
9913,9,26,26,1.0,MR12 MR10 MR02 MR13 MR14 MR06 MR07 MR11 MR04
9914,9,24,23,0.9583333333333334,MR13 MR10 MR02 MR11 MR06 MR04 MR12 MR07 MR14
9915,9,23,22,0.9565217391304348,MR13 MR10 MR02 MR11 MR14 MR06 MR04 MR07 MR12
9916,9,23,23,1.0,MR13 MR10 MR11 MR02 MR04 MR06 MR12 MR07 MR14
9917,9,22,22,1.0,MR14 MR10 MR11 MR02 MR13 MR04 MR07 MR06 MR12
9918,9,26,26,1.0,MR13 MR10 MR02 MR11 MR06 MR04 MR07 MR14 MR12
9919,8,24,20,0.8333333333333334,MR13 MR10 MR11 MR02 MR06 MR04 MR12 MR14
9920,9,20,20,1.0,MR13 MR10 MR11 MR02 MR12 MR07 MR04 MR06 MR14
9921,9,26,26,1.0,MR13 MR10 MR11 MR02 MR12 MR04 MR07 MR14 MR06
9922,9,21,21,1.0,MR13 MR10 MR02 MR11 MR07 MR14 MR04 MR12 MR06
9923,9,23,23,1.0,MR13 MR10 MR11 MR02 MR12 MR04 MR07 MR06 MR14
9924,9,27,25,0.9259259259259259,MR13 MR10 MR02 MR11 MR07 MR04 MR14 MR06 MR12
9925,9,22,22,1.0,MR13 MR10 MR02 MR07 MR14 MR11 MR04 MR06 MR12
9926,9,25,24,0.96,MR13 MR10 MR02 MR11 MR06 MR12 MR14 MR04 MR07
9927,8,27,23,0.8518518518518519,MR12 MR10 MR11 MR02 MR06 MR13 MR04 MR14
9928,9,22,22,1.0,MR13 MR10 MR11 MR02 MR12 MR04 MR07 MR14 MR06
9929,8,24,20,0.8333333333333334,MR13 MR10 MR11 MR02 MR04 MR07 MR06 MR12
9930,9,27,27,1.0,MR13 MR10 MR02 MR11 MR06 MR14 MR04 MR12 MR07
9931,9,24,23,0.9583333333333334,MR13 MR10 MR02 MR11 MR14 MR07 MR04 MR06 MR12
9932,8,25,21,0.84,MR13 MR10 MR11 MR02 MR14 MR07 MR04 MR12
9933,9,26,25,0.9615384615384616,MR13 MR10 MR02 MR07 MR11 MR04 MR06 MR12 MR14
9934,9,22,21,0.9545454545454546,MR13 MR10 MR02 MR06 MR11 MR14 MR04 MR07 MR12
9935,8,25,21,0.84,MR13 MR10 MR02 MR14 MR06 MR11 MR04 MR07
9936,9,21,20,0.9523809523809523,MR13 MR10 MR02 MR11 MR07 MR04 MR06 MR12 MR14
9937,9,23,22,0.9565217391304348,MR13 MR10 MR11 MR02 MR04 MR06 MR14 MR07 MR12
9938,9,23,22,0.9565217391304348,MR13 MR10 MR02 MR06 MR11 MR14 MR04 MR12 MR07
9939,9,23,23,1.0,MR13 MR10 MR02 MR11 MR06 MR14 MR04 MR07 MR12
9940,9,26,25,0.9615384615384616,MR13 MR10 MR11 MR02 MR07 MR12 MR04 MR14 MR06
9941,9,26,25,0.9615384615384616,MR13 MR10 MR11 MR02 MR12 MR04 MR06 MR07 MR14
9942,9,24,23,0.9583333333333334,MR12 MR10 MR02 MR07 MR13 MR04 MR06 MR11 MR14
9943,9,26,22,0.8461538461538461,MR05 MR10 MR11 MR02 MR04 MR06 MR12 MR07 MR14
9944,9,21,21,1.0,MR13 MR10 MR02 MR11 MR06 MR04 MR07 MR14 MR12
9945,9,21,20,0.9523809523809523,MR13 MR10 MR02 MR11 MR07 MR04 MR06 MR14 MR12
9946,9,26,23,0.8846153846153846,MR05 MR10 MR02 MR07 MR11 MR14 MR04 MR06 MR12
9947,9,25,24,0.96,MR13 MR10 MR02 MR11 MR06 MR04 MR07 MR12 MR14
9948,9,27,26,0.9629629629629629,MR13 MR10 MR11 MR02 MR14 MR04 MR06 MR07 MR12
9949,9,26,25,0.9615384615384616,MR13 MR10 MR11 MR02 MR14 MR04 MR12 MR06 MR07
9950,9,22,20,0.9090909090909091,MR07 MR10 MR02 MR14 MR13 MR12 MR04 MR06 MR11
9951,9,25,24,0.96,MR13 MR10 MR02 MR06 MR11 MR04 MR12 MR14 MR07
9952,9,23,22,0.9565217391304348,MR13 MR10 MR02 MR07 MR06 MR04 MR11 MR14 MR12
9953,9,27,24,0.8888888888888888,MR05 MR10 MR11 MR02 MR04 MR07 MR12 MR06 MR14
9954,8,18,14,0.7777777777777778,MR13 MR10 MR02 MR11 MR14 MR07 MR04 MR06
9955,9,28,24,0.8571428571428571,MR05 MR10 MR11 MR02 MR14 MR04 MR06 MR12 MR07
9956,9,24,23,0.9583333333333334,MR13 MR10 MR11 MR02 MR04 MR06 MR07 MR12 MR14
9957,8,24,21,0.875,MR13 MR10 MR07 MR02 MR11 MR04 MR14 MR12
9958,9,23,22,0.9565217391304348,MR12 MR10 MR02 MR11 MR06 MR13 MR04 MR07 MR14
9959,9,18,18,1.0,MR13 MR10 MR11 MR02 MR14 MR04 MR06 MR12 MR07
9960,8,23,19,0.8260869565217391,MR13 MR10 MR02 MR11 MR07 MR04 MR06 MR14
9961,9,22,21,0.9545454545454546,MR13 MR10 MR11 MR02 MR14 MR04 MR06 MR12 MR07
9962,9,20,19,0.95,MR12 MR10 MR02 MR11 MR14 MR13 MR04 MR06 MR07
9963,9,27,26,0.9629629629629629,MR13 MR10 MR11 MR02 MR06 MR04 MR12 MR14 MR07
9964,9,26,25,0.9615384615384616,MR13 MR10 MR02 MR11 MR07 MR04 MR06 MR12 MR14
9965,9,24,23,0.9583333333333334,MR13 MR10 MR02 MR11 MR06 MR14 MR04 MR12 MR07
9966,9,25,24,0.96,MR13 MR10 MR02 MR07 MR11 MR12 MR14 MR04 MR06
9967,9,24,24,1.0,MR13 MR10 MR02 MR06 MR12 MR11 MR04 MR07 MR14
9968,8,24,21,0.875,MR13 MR10 MR11 MR02 MR04 MR12 MR07 MR14
9969,8,24,19,0.7916666666666666,MR13 MR10 MR11 MR02 MR06 MR14 MR04 MR12
9970,8,28,23,0.8214285714285714,MR13 MR10 MR11 MR02 MR14 MR04 MR07 MR06
9971,9,24,23,0.9583333333333334,MR13 MR10 MR02 MR11 MR06 MR12 MR04 MR07 MR14
9972,9,25,25,1.0,MR13 MR10 MR11 MR02 MR04 MR07 MR14 MR06 MR12
9973,9,22,21,0.9545454545454546,MR13 MR10 MR11 MR02 MR14 MR04 MR07 MR06 MR12
9974,9,28,28,1.0,MR13 MR10 MR11 MR02 MR14 MR06 MR04 MR12 MR07
9975,9,29,28,0.9655172413793104,MR12 MR10 MR11 MR13 MR02 MR04 MR06 MR14 MR07
9976,9,21,20,0.9523809523809523,MR13 MR10 MR02 MR06 MR11 MR04 MR12 MR07 MR14
9977,9,23,21,0.9130434782608695,MR13 MR10 MR11 MR02 MR07 MR04 MR12 MR14 MR06
9978,9,27,26,0.9629629629629629,MR13 MR10 MR02 MR07 MR11 MR12 MR04 MR06 MR14
9979,9,24,23,0.9583333333333334,MR07 MR10 MR02 MR12 MR14 MR04 MR06 MR11 MR13
9980,9,20,16,0.8,MR05 MR10 MR11 MR02 MR04 MR06 MR12 MR14 MR07
9981,9,27,25,0.9259259259259259,MR13 MR10 MR02 MR06 MR14 MR07 MR04 MR11 MR12
9982,9,24,23,0.9583333333333334,MR13 MR10 MR07 MR02 MR14 MR04 MR11 MR06 MR12
9983,9,26,25,0.9615384615384616,MR13 MR10 MR02 MR11 MR07 MR04 MR06 MR12 MR14
9984,9,24,23,0.9583333333333334,MR12 MR10 MR11 MR02 MR14 MR04 MR06 MR13 MR07
9985,9,23,22,0.9565217391304348,MR13 MR10 MR02 MR11 MR07 MR14 MR04 MR12 MR06
9986,9,26,23,0.8846153846153846,MR14 MR10 MR02 MR06 MR11 MR12 MR04 MR07 MR05
9987,9,26,25,0.9615384615384616,MR13 MR10 MR06 MR02 MR14 MR04 MR07 MR11 MR12
9988,8,22,18,0.8181818181818182,MR13 MR10 MR11 MR02 MR12 MR04 MR06 MR14
9989,9,25,25,1.0,MR13 MR10 MR02 MR06 MR11 MR04 MR14 MR07 MR12
9990,9,24,22,0.9166666666666666,MR13 MR10 MR02 MR11 MR06 MR04 MR12 MR07 MR14
9991,9,28,27,0.9642857142857143,MR13 MR10 MR02 MR11 MR06 MR04 MR12 MR14 MR07
9992,9,22,22,1.0,MR13 MR10 MR02 MR06 MR11 MR04 MR12 MR07 MR14
9993,9,22,21,0.9545454545454546,MR13 MR10 MR11 MR02 MR12 MR06 MR04 MR07 MR14
9994,9,27,26,0.9629629629629629,MR13 MR10 MR02 MR11 MR12 MR14 MR04 MR06 MR07
9995,9,22,21,0.9545454545454546,MR13 MR10 MR11 MR02 MR12 MR14 MR04 MR06 MR07
9996,9,23,21,0.9130434782608695,MR13 MR10 MR11 MR02 MR04 MR07 MR06 MR12 MR14
9997,9,20,19,0.95,MR13 MR10 MR11 MR02 MR04 MR07 MR06 MR12 MR14
9998,9,23,22,0.9565217391304348,MR12 MR10 MR02 MR06 MR07 MR14 MR04 MR11 MR13
9999,9,22,21,0.9545454545454546,MR12 MR10 MR02 MR06 MR13 MR11 MR14 MR04 MR07
