surface,host,host_sha256,carrier,defect_id,defect_operator,fault_class,relation_id,relation_name,polarity,pass,killed,detail,duration_seconds,exception_class,pilot,observations_json
clean_catalog,H01-gcd.c,bf207a4afdd7e623be4bd0751bdc1917c0ee550af0f38c0531b25bb726d1710c,string,CLEAN,clean,clean,MR01,Round-trip fidelity,preserve,True,False,extracted=b'Morph-01',0.069467,,False,"{""build"":{""actual_compiler"":""gcc"",""actual_optimization"":""O2"",""binary"":""WORKDIR/string/CLEAN/MR01/marked/build-01/artifact.bin"",""binary_sha256"":""b8e5790f338ae8db35cfffc794a440a51f513484ba40b60dbac7eb19948f430c"",""carrier"":""string"",""command"":[""gcc"",""-std=c11"",""-fno-ident"",""-no-pie"",""-O2"",""WORKDIR/string/CLEAN/MR01/marked/build-01/host.c"",""-o"",""WORKDIR/string/CLEAN/MR01/marked/build-01/artifact.bin""],""effective_payload_hex"":""4d6f7270682d3031"",""key"":""key-alpha"",""mutant_id"":""CLEAN"",""requested_compiler"":""gcc"",""requested_optimization"":""O2"",""requested_payload_hex"":""4d6f7270682d3031"",""return_code"":0,""source"":""WORKDIR/string/CLEAN/MR01/marked/build-01/host.c"",""source_sha256"":""de3dd3bc3add920f6b14f3cfa83262c596594edfaf1d5fcc70bb4bc78a38fa0e"",""stderr"":""""},""extracted_hex"":""4d6f7270682d3031""}"
clean_catalog,H01-gcd.c,bf207a4afdd7e623be4bd0751bdc1917c0ee550af0f38c0531b25bb726d1710c,string,CLEAN,clean,clean,MR02,Host-semantic preservation,preserve,True,False,mismatch_count=0,0.148123,,False,"{""mismatches"":[]}"
clean_catalog,H01-gcd.c,bf207a4afdd7e623be4bd0751bdc1917c0ee550af0f38c0531b25bb726d1710c,string,CLEAN,clean,clean,MR03,Unmarked rejection,reject,True,False,rejected:absent:logical record magic not found,0.039163,,False,"{""unmarked_binary_sha256"":""17288de5d8ffc83b2223ee650ec19f96fa9b779f3eb45b8e2433c730b7a1e3e2""}"
clean_catalog,H01-gcd.c,bf207a4afdd7e623be4bd0751bdc1917c0ee550af0f38c0531b25bb726d1710c,string,CLEAN,clean,clean,MR04,Wrong-key rejection,reject,True,False,rejected:wrong-key:key tag mismatch,0.036096,,False,"{""antecedent_guarded"":true,""antecedent_hex"":""4d6f7270682d3031""}"
clean_catalog,H01-gcd.c,bf207a4afdd7e623be4bd0751bdc1917c0ee550af0f38c0531b25bb726d1710c,string,CLEAN,clean,clean,MR05,Payload separation,separate,True,False,first=b'Morph-01';second=b'Second-2',0.096588,,False,"{""execution_order"":""sequential-builds-then-extract"",""first_hex"":""4d6f7270682d3031"",""second_hex"":""5365636f6e642d32""}"
clean_catalog,H01-gcd.c,bf207a4afdd7e623be4bd0751bdc1917c0ee550af0f38c0531b25bb726d1710c,string,CLEAN,clean,clean,MR06,Cross-compiler invariance,preserve,True,False,"payloads=b'Morph-01',b'Morph-01';semantic_equal=True",0.134928,,False,"{""clang_actual"":""clang"",""gcc_actual"":""gcc""}"
clean_catalog,H01-gcd.c,bf207a4afdd7e623be4bd0751bdc1917c0ee550af0f38c0531b25bb726d1710c,string,CLEAN,clean,clean,MR07,Optimization invariance,preserve,True,False,"payloads=['Morph-01', 'Morph-01', 'Morph-01'];semantic_equal=True",0.237813,,False,{}
clean_catalog,H01-gcd.c,bf207a4afdd7e623be4bd0751bdc1917c0ee550af0f38c0531b25bb726d1710c,string,CLEAN,clean,clean,MR08,Clean-room relocation,preserve,True,False,relocated=b'Morph-01',0.047405,,False,"{""clean_room_entries"":[""renamed-artifact.bin""],""relocated_hex"":""4d6f7270682d3031""}"
clean_catalog,H01-gcd.c,bf207a4afdd7e623be4bd0751bdc1917c0ee550af0f38c0531b25bb726d1710c,string,CLEAN,clean,clean,MR09,Carrier-removal rejection,reject,True,False,rejected:absent:logical record magic not found,0.053249,,False,"{""antecedent_guarded"":true}"
clean_catalog,H01-gcd.c,bf207a4afdd7e623be4bd0751bdc1917c0ee550af0f38c0531b25bb726d1710c,string,CLEAN,clean,clean,MR10,Carrier-corruption rejection,reject,True,False,rejected:checksum:payload checksum mismatch,0.089421,,False,"{""antecedent_guarded"":true}"
clean_catalog,H01-gcd.c,bf207a4afdd7e623be4bd0751bdc1917c0ee550af0f38c0531b25bb726d1710c,string,CLEAN,clean,clean,MR11,Requested/actual trace agreement,trace,True,False,requested=clang/Os;actual=clang/Os,0.078139,,False,"{""build"":{""actual_compiler"":""clang"",""actual_optimization"":""Os"",""binary"":""WORKDIR/string/CLEAN/MR11/trace/build-01/artifact.bin"",""binary_sha256"":""bf1b3f8ba8daa55b6d499a4bbb63a61efb7b30a4d426a514b1ce3e529d1be05b"",""carrier"":""string"",""command"":[""clang"",""-std=c11"",""-fno-ident"",""-no-pie"",""-Os"",""WORKDIR/string/CLEAN/MR11/trace/build-01/host.c"",""-o"",""WORKDIR/string/CLEAN/MR11/trace/build-01/artifact.bin""],""effective_payload_hex"":""4d6f7270682d3031"",""key"":""key-alpha"",""mutant_id"":""CLEAN"",""requested_compiler"":""clang"",""requested_optimization"":""Os"",""requested_payload_hex"":""4d6f7270682d3031"",""return_code"":0,""source"":""WORKDIR/string/CLEAN/MR11/trace/build-01/host.c"",""source_sha256"":""de3dd3bc3add920f6b14f3cfa83262c596594edfaf1d5fcc70bb4bc78a38fa0e"",""stderr"":""""}}"
clean_catalog,H01-gcd.c,bf207a4afdd7e623be4bd0751bdc1917c0ee550af0f38c0531b25bb726d1710c,string,CLEAN,clean,clean,MR12,Interleaved artifact isolation,separate,True,False,parallel_isolation_satisfied,0.068862,,False,"{""aliasing_detected"":false,""both_expected"":true,""execution_order"":""overlapping-builds-then-extract"",""payloads_distinct"":true}"
clean_catalog,H01-gcd.c,bf207a4afdd7e623be4bd0751bdc1917c0ee550af0f38c0531b25bb726d1710c,string,CLEAN,clean,clean,MR13,Reordered extraction independence,preserve,True,False,before=b'Morph-01';intervening=b'Second-2';after=b'Morph-01',0.147591,,False,"{""intervening_extraction"":true}"
clean_catalog,H01-gcd.c,bf207a4afdd7e623be4bd0751bdc1917c0ee550af0f38c0531b25bb726d1710c,string,CLEAN,clean,clean,MR14,Rebuild stability,preserve,True,False,first=b'Morph-01';second=b'Morph-01',0.126788,,False,"{""binary_bytes_equal"":true,""execution_order"":""build1-extract1-build2-extract2""}"
mutation,H01-gcd.c,bf207a4afdd7e623be4bd0751bdc1917c0ee550af0f38c0531b25bb726d1710c,string,M01,embed_noop,embedding,MR01,Round-trip fidelity,preserve,False,True,exception:ExtractionError:logical record magic not found,0.062465,ExtractionError,False,{}
mutation,H01-gcd.c,bf207a4afdd7e623be4bd0751bdc1917c0ee550af0f38c0531b25bb726d1710c,string,M01,embed_noop,embedding,MR02,Host-semantic preservation,preserve,True,False,mismatch_count=0,0.104592,,False,"{""mismatches"":[]}"
mutation,H01-gcd.c,bf207a4afdd7e623be4bd0751bdc1917c0ee550af0f38c0531b25bb726d1710c,string,M01,embed_noop,embedding,MR03,Unmarked rejection,reject,True,False,rejected:absent:logical record magic not found,0.03164,,False,"{""unmarked_binary_sha256"":""17288de5d8ffc83b2223ee650ec19f96fa9b779f3eb45b8e2433c730b7a1e3e2""}"
mutation,H01-gcd.c,bf207a4afdd7e623be4bd0751bdc1917c0ee550af0f38c0531b25bb726d1710c,string,M01,embed_noop,embedding,MR04,Wrong-key rejection,reject,True,False,rejected:wrong-key:key tag mismatch,0.051917,,False,"{""antecedent_guarded"":true,""antecedent_hex"":""4d6f7270682d3031""}"
mutation,H01-gcd.c,bf207a4afdd7e623be4bd0751bdc1917c0ee550af0f38c0531b25bb726d1710c,string,M01,embed_noop,embedding,MR05,Payload separation,separate,False,True,exception:ExtractionError:logical record magic not found,0.132151,ExtractionError,False,{}
mutation,H01-gcd.c,bf207a4afdd7e623be4bd0751bdc1917c0ee550af0f38c0531b25bb726d1710c,string,M01,embed_noop,embedding,MR06,Cross-compiler invariance,preserve,False,True,exception:ExtractionError:logical record magic not found,0.150771,ExtractionError,False,{}
mutation,H01-gcd.c,bf207a4afdd7e623be4bd0751bdc1917c0ee550af0f38c0531b25bb726d1710c,string,M01,embed_noop,embedding,MR07,Optimization invariance,preserve,False,True,exception:ExtractionError:logical record magic not found,0.152629,ExtractionError,False,{}
mutation,H01-gcd.c,bf207a4afdd7e623be4bd0751bdc1917c0ee550af0f38c0531b25bb726d1710c,string,M01,embed_noop,embedding,MR08,Clean-room relocation,preserve,False,True,exception:ExtractionError:logical record magic not found,0.065515,ExtractionError,False,{}
mutation,H01-gcd.c,bf207a4afdd7e623be4bd0751bdc1917c0ee550af0f38c0531b25bb726d1710c,string,M01,embed_noop,embedding,MR09,Carrier-removal rejection,reject,True,False,rejected:absent:logical record magic not found,0.065644,,False,"{""antecedent_guarded"":true}"
mutation,H01-gcd.c,bf207a4afdd7e623be4bd0751bdc1917c0ee550af0f38c0531b25bb726d1710c,string,M01,embed_noop,embedding,MR10,Carrier-corruption rejection,reject,True,False,rejected:checksum:payload checksum mismatch,0.052844,,False,"{""antecedent_guarded"":true}"
mutation,H01-gcd.c,bf207a4afdd7e623be4bd0751bdc1917c0ee550af0f38c0531b25bb726d1710c,string,M01,embed_noop,embedding,MR11,Requested/actual trace agreement,trace,True,False,requested=clang/Os;actual=clang/Os,0.07846,,False,"{""build"":{""actual_compiler"":""clang"",""actual_optimization"":""Os"",""binary"":""WORKDIR/string/M01/MR11/trace/build-01/artifact.bin"",""binary_sha256"":""8979583311288d6755db67bfb67a745238b66729f18570b075945ee29c1a551b"",""carrier"":""string"",""command"":[""clang"",""-std=c11"",""-fno-ident"",""-no-pie"",""-Os"",""WORKDIR/string/M01/MR11/trace/build-01/host.c"",""-o"",""WORKDIR/string/M01/MR11/trace/build-01/artifact.bin""],""effective_payload_hex"":""4d6f7270682d3031"",""key"":""key-alpha"",""mutant_id"":""M01"",""requested_compiler"":""clang"",""requested_optimization"":""Os"",""requested_payload_hex"":""4d6f7270682d3031"",""return_code"":0,""source"":""WORKDIR/string/M01/MR11/trace/build-01/host.c"",""source_sha256"":""bf207a4afdd7e623be4bd0751bdc1917c0ee550af0f38c0531b25bb726d1710c"",""stderr"":""""}}"
mutation,H01-gcd.c,bf207a4afdd7e623be4bd0751bdc1917c0ee550af0f38c0531b25bb726d1710c,string,M01,embed_noop,embedding,MR12,Interleaved artifact isolation,separate,False,True,exception:ExtractionError:logical record magic not found,0.053395,ExtractionError,False,{}
mutation,H01-gcd.c,bf207a4afdd7e623be4bd0751bdc1917c0ee550af0f38c0531b25bb726d1710c,string,M01,embed_noop,embedding,MR13,Reordered extraction independence,preserve,False,True,exception:ExtractionError:logical record magic not found,0.074683,ExtractionError,False,{}
mutation,H01-gcd.c,bf207a4afdd7e623be4bd0751bdc1917c0ee550af0f38c0531b25bb726d1710c,string,M01,embed_noop,embedding,MR14,Rebuild stability,preserve,False,True,exception:ExtractionError:logical record magic not found,0.084215,ExtractionError,False,{}
mutation,H01-gcd.c,bf207a4afdd7e623be4bd0751bdc1917c0ee550af0f38c0531b25bb726d1710c,string,M02,truncate_payload,embedding,MR01,Round-trip fidelity,preserve,False,True,extracted=b'Morph-0',0.060888,,False,"{""build"":{""actual_compiler"":""gcc"",""actual_optimization"":""O2"",""binary"":""WORKDIR/string/M02/MR01/marked/build-01/artifact.bin"",""binary_sha256"":""ee43d19a87f12565d075161a630931729c372e79739f022dbbb8cb3da7576bbf"",""carrier"":""string"",""command"":[""gcc"",""-std=c11"",""-fno-ident"",""-no-pie"",""-O2"",""WORKDIR/string/M02/MR01/marked/build-01/host.c"",""-o"",""WORKDIR/string/M02/MR01/marked/build-01/artifact.bin""],""effective_payload_hex"":""4d6f7270682d30"",""key"":""key-alpha"",""mutant_id"":""M02"",""requested_compiler"":""gcc"",""requested_optimization"":""O2"",""requested_payload_hex"":""4d6f7270682d3031"",""return_code"":0,""source"":""WORKDIR/string/M02/MR01/marked/build-01/host.c"",""source_sha256"":""e43dbf27b243f9638108af68015eb54481ff910ea3c7b83106e3e21d3a49df03"",""stderr"":""""},""extracted_hex"":""4d6f7270682d30""}"
mutation,H01-gcd.c,bf207a4afdd7e623be4bd0751bdc1917c0ee550af0f38c0531b25bb726d1710c,string,M02,truncate_payload,embedding,MR02,Host-semantic preservation,preserve,True,False,mismatch_count=0,0.163997,,False,"{""mismatches"":[]}"
mutation,H01-gcd.c,bf207a4afdd7e623be4bd0751bdc1917c0ee550af0f38c0531b25bb726d1710c,string,M02,truncate_payload,embedding,MR03,Unmarked rejection,reject,True,False,rejected:absent:logical record magic not found,0.070489,,False,"{""unmarked_binary_sha256"":""17288de5d8ffc83b2223ee650ec19f96fa9b779f3eb45b8e2433c730b7a1e3e2""}"
mutation,H01-gcd.c,bf207a4afdd7e623be4bd0751bdc1917c0ee550af0f38c0531b25bb726d1710c,string,M02,truncate_payload,embedding,MR04,Wrong-key rejection,reject,True,False,rejected:wrong-key:key tag mismatch,0.047372,,False,"{""antecedent_guarded"":true,""antecedent_hex"":""4d6f7270682d3031""}"
mutation,H01-gcd.c,bf207a4afdd7e623be4bd0751bdc1917c0ee550af0f38c0531b25bb726d1710c,string,M02,truncate_payload,embedding,MR05,Payload separation,separate,False,True,first=b'Morph-0';second=b'Second-',0.105721,,False,"{""execution_order"":""sequential-builds-then-extract"",""first_hex"":""4d6f7270682d30"",""second_hex"":""5365636f6e642d""}"
mutation,H01-gcd.c,bf207a4afdd7e623be4bd0751bdc1917c0ee550af0f38c0531b25bb726d1710c,string,M02,truncate_payload,embedding,MR06,Cross-compiler invariance,preserve,False,True,"payloads=b'Morph-0',b'Morph-0';semantic_equal=True",0.146237,,False,"{""clang_actual"":""clang"",""gcc_actual"":""gcc""}"
mutation,H01-gcd.c,bf207a4afdd7e623be4bd0751bdc1917c0ee550af0f38c0531b25bb726d1710c,string,M02,truncate_payload,embedding,MR07,Optimization invariance,preserve,False,True,"payloads=['Morph-0', 'Morph-0', 'Morph-0'];semantic_equal=True",0.220068,,False,{}
mutation,H01-gcd.c,bf207a4afdd7e623be4bd0751bdc1917c0ee550af0f38c0531b25bb726d1710c,string,M02,truncate_payload,embedding,MR08,Clean-room relocation,preserve,False,True,source_mismatch=b'Morph-0',0.038895,,False,"{""source_hex"":""4d6f7270682d30""}"
mutation,H01-gcd.c,bf207a4afdd7e623be4bd0751bdc1917c0ee550af0f38c0531b25bb726d1710c,string,M02,truncate_payload,embedding,MR09,Carrier-removal rejection,reject,True,False,rejected:absent:logical record magic not found,0.080365,,False,"{""antecedent_guarded"":true}"
mutation,H01-gcd.c,bf207a4afdd7e623be4bd0751bdc1917c0ee550af0f38c0531b25bb726d1710c,string,M02,truncate_payload,embedding,MR10,Carrier-corruption rejection,reject,True,False,rejected:checksum:payload checksum mismatch,0.085416,,False,"{""antecedent_guarded"":true}"
mutation,H01-gcd.c,bf207a4afdd7e623be4bd0751bdc1917c0ee550af0f38c0531b25bb726d1710c,string,M02,truncate_payload,embedding,MR11,Requested/actual trace agreement,trace,True,False,requested=clang/Os;actual=clang/Os,0.090874,,False,"{""build"":{""actual_compiler"":""clang"",""actual_optimization"":""Os"",""binary"":""WORKDIR/string/M02/MR11/trace/build-01/artifact.bin"",""binary_sha256"":""3eec78fc76884d4848d6711a9993e844905f864aaba0d7b2d7cd2ffc51356342"",""carrier"":""string"",""command"":[""clang"",""-std=c11"",""-fno-ident"",""-no-pie"",""-Os"",""WORKDIR/string/M02/MR11/trace/build-01/host.c"",""-o"",""WORKDIR/string/M02/MR11/trace/build-01/artifact.bin""],""effective_payload_hex"":""4d6f7270682d30"",""key"":""key-alpha"",""mutant_id"":""M02"",""requested_compiler"":""clang"",""requested_optimization"":""Os"",""requested_payload_hex"":""4d6f7270682d3031"",""return_code"":0,""source"":""WORKDIR/string/M02/MR11/trace/build-01/host.c"",""source_sha256"":""e43dbf27b243f9638108af68015eb54481ff910ea3c7b83106e3e21d3a49df03"",""stderr"":""""}}"
mutation,H01-gcd.c,bf207a4afdd7e623be4bd0751bdc1917c0ee550af0f38c0531b25bb726d1710c,string,M02,truncate_payload,embedding,MR12,Interleaved artifact isolation,separate,False,True,parallel_isolation_clause_violated,0.090658,,False,"{""aliasing_detected"":false,""both_expected"":false,""execution_order"":""overlapping-builds-then-extract"",""payloads_distinct"":true}"
mutation,H01-gcd.c,bf207a4afdd7e623be4bd0751bdc1917c0ee550af0f38c0531b25bb726d1710c,string,M02,truncate_payload,embedding,MR13,Reordered extraction independence,preserve,False,True,before=b'Morph-0';intervening=b'Second-';after=b'Morph-0',0.116989,,False,"{""intervening_extraction"":true}"
mutation,H01-gcd.c,bf207a4afdd7e623be4bd0751bdc1917c0ee550af0f38c0531b25bb726d1710c,string,M02,truncate_payload,embedding,MR14,Rebuild stability,preserve,False,True,first=b'Morph-0';second=b'Morph-0',0.130924,,False,"{""binary_bytes_equal"":true,""execution_order"":""build1-extract1-build2-extract2""}"
mutation,H01-gcd.c,bf207a4afdd7e623be4bd0751bdc1917c0ee550af0f38c0531b25bb726d1710c,string,M03,flip_payload,embedding,MR01,Round-trip fidelity,preserve,False,True,extracted=b'Lorph-01',0.074975,,False,"{""build"":{""actual_compiler"":""gcc"",""actual_optimization"":""O2"",""binary"":""WORKDIR/string/M03/MR01/marked/build-01/artifact.bin"",""binary_sha256"":""363414fc62c63620859c1da0c4801ceb555efd7dcd755def33a03209c39a3058"",""carrier"":""string"",""command"":[""gcc"",""-std=c11"",""-fno-ident"",""-no-pie"",""-O2"",""WORKDIR/string/M03/MR01/marked/build-01/host.c"",""-o"",""WORKDIR/string/M03/MR01/marked/build-01/artifact.bin""],""effective_payload_hex"":""4c6f7270682d3031"",""key"":""key-alpha"",""mutant_id"":""M03"",""requested_compiler"":""gcc"",""requested_optimization"":""O2"",""requested_payload_hex"":""4d6f7270682d3031"",""return_code"":0,""source"":""WORKDIR/string/M03/MR01/marked/build-01/host.c"",""source_sha256"":""9dbb69d9b8bd7e75272ddc06848e4235e4d6bf8be837b0a13f3cdf0e0981c200"",""stderr"":""""},""extracted_hex"":""4c6f7270682d3031""}"
mutation,H01-gcd.c,bf207a4afdd7e623be4bd0751bdc1917c0ee550af0f38c0531b25bb726d1710c,string,M03,flip_payload,embedding,MR02,Host-semantic preservation,preserve,True,False,mismatch_count=0,0.131214,,False,"{""mismatches"":[]}"
mutation,H01-gcd.c,bf207a4afdd7e623be4bd0751bdc1917c0ee550af0f38c0531b25bb726d1710c,string,M03,flip_payload,embedding,MR03,Unmarked rejection,reject,True,False,rejected:absent:logical record magic not found,0.070775,,False,"{""unmarked_binary_sha256"":""17288de5d8ffc83b2223ee650ec19f96fa9b779f3eb45b8e2433c730b7a1e3e2""}"
mutation,H01-gcd.c,bf207a4afdd7e623be4bd0751bdc1917c0ee550af0f38c0531b25bb726d1710c,string,M03,flip_payload,embedding,MR04,Wrong-key rejection,reject,True,False,rejected:wrong-key:key tag mismatch,0.050071,,False,"{""antecedent_guarded"":true,""antecedent_hex"":""4d6f7270682d3031""}"
mutation,H01-gcd.c,bf207a4afdd7e623be4bd0751bdc1917c0ee550af0f38c0531b25bb726d1710c,string,M03,flip_payload,embedding,MR05,Payload separation,separate,False,True,first=b'Lorph-01';second=b'Recond-2',0.144071,,False,"{""execution_order"":""sequential-builds-then-extract"",""first_hex"":""4c6f7270682d3031"",""second_hex"":""5265636f6e642d32""}"
mutation,H01-gcd.c,bf207a4afdd7e623be4bd0751bdc1917c0ee550af0f38c0531b25bb726d1710c,string,M03,flip_payload,embedding,MR06,Cross-compiler invariance,preserve,False,True,"payloads=b'Lorph-01',b'Lorph-01';semantic_equal=True",0.144666,,False,"{""clang_actual"":""clang"",""gcc_actual"":""gcc""}"
mutation,H01-gcd.c,bf207a4afdd7e623be4bd0751bdc1917c0ee550af0f38c0531b25bb726d1710c,string,M03,flip_payload,embedding,MR07,Optimization invariance,preserve,False,True,"payloads=['Lorph-01', 'Lorph-01', 'Lorph-01'];semantic_equal=True",0.204392,,False,{}
mutation,H01-gcd.c,bf207a4afdd7e623be4bd0751bdc1917c0ee550af0f38c0531b25bb726d1710c,string,M03,flip_payload,embedding,MR08,Clean-room relocation,preserve,False,True,source_mismatch=b'Lorph-01',0.051028,,False,"{""source_hex"":""4c6f7270682d3031""}"
mutation,H01-gcd.c,bf207a4afdd7e623be4bd0751bdc1917c0ee550af0f38c0531b25bb726d1710c,string,M03,flip_payload,embedding,MR09,Carrier-removal rejection,reject,True,False,rejected:absent:logical record magic not found,0.042105,,False,"{""antecedent_guarded"":true}"
mutation,H01-gcd.c,bf207a4afdd7e623be4bd0751bdc1917c0ee550af0f38c0531b25bb726d1710c,string,M03,flip_payload,embedding,MR10,Carrier-corruption rejection,reject,True,False,rejected:checksum:payload checksum mismatch,0.074928,,False,"{""antecedent_guarded"":true}"
mutation,H01-gcd.c,bf207a4afdd7e623be4bd0751bdc1917c0ee550af0f38c0531b25bb726d1710c,string,M03,flip_payload,embedding,MR11,Requested/actual trace agreement,trace,True,False,requested=clang/Os;actual=clang/Os,0.093403,,False,"{""build"":{""actual_compiler"":""clang"",""actual_optimization"":""Os"",""binary"":""WORKDIR/string/M03/MR11/trace/build-01/artifact.bin"",""binary_sha256"":""1f630f4432f3c7bfd3627ba9803a8723191a229606a403e59438fcb82a35b670"",""carrier"":""string"",""command"":[""clang"",""-std=c11"",""-fno-ident"",""-no-pie"",""-Os"",""WORKDIR/string/M03/MR11/trace/build-01/host.c"",""-o"",""WORKDIR/string/M03/MR11/trace/build-01/artifact.bin""],""effective_payload_hex"":""4c6f7270682d3031"",""key"":""key-alpha"",""mutant_id"":""M03"",""requested_compiler"":""clang"",""requested_optimization"":""Os"",""requested_payload_hex"":""4d6f7270682d3031"",""return_code"":0,""source"":""WORKDIR/string/M03/MR11/trace/build-01/host.c"",""source_sha256"":""9dbb69d9b8bd7e75272ddc06848e4235e4d6bf8be837b0a13f3cdf0e0981c200"",""stderr"":""""}}"
mutation,H01-gcd.c,bf207a4afdd7e623be4bd0751bdc1917c0ee550af0f38c0531b25bb726d1710c,string,M03,flip_payload,embedding,MR12,Interleaved artifact isolation,separate,False,True,parallel_isolation_clause_violated,0.090214,,False,"{""aliasing_detected"":false,""both_expected"":false,""execution_order"":""overlapping-builds-then-extract"",""payloads_distinct"":true}"
mutation,H01-gcd.c,bf207a4afdd7e623be4bd0751bdc1917c0ee550af0f38c0531b25bb726d1710c,string,M03,flip_payload,embedding,MR13,Reordered extraction independence,preserve,False,True,before=b'Lorph-01';intervening=b'Recond-2';after=b'Lorph-01',0.092203,,False,"{""intervening_extraction"":true}"
mutation,H01-gcd.c,bf207a4afdd7e623be4bd0751bdc1917c0ee550af0f38c0531b25bb726d1710c,string,M03,flip_payload,embedding,MR14,Rebuild stability,preserve,False,True,first=b'Lorph-01';second=b'Lorph-01',0.129462,,False,"{""binary_bytes_equal"":true,""execution_order"":""build1-extract1-build2-extract2""}"
mutation,H01-gcd.c,bf207a4afdd7e623be4bd0751bdc1917c0ee550af0f38c0531b25bb726d1710c,string,M04,fixed_payload,state,MR01,Round-trip fidelity,preserve,False,True,extracted=b'fixed-payload',0.046485,,False,"{""build"":{""actual_compiler"":""gcc"",""actual_optimization"":""O2"",""binary"":""WORKDIR/string/M04/MR01/marked/build-01/artifact.bin"",""binary_sha256"":""30ee7978f638f005dbb2435de7eb355887e3dade7b97c0a107e85a0e62a683a3"",""carrier"":""string"",""command"":[""gcc"",""-std=c11"",""-fno-ident"",""-no-pie"",""-O2"",""WORKDIR/string/M04/MR01/marked/build-01/host.c"",""-o"",""WORKDIR/string/M04/MR01/marked/build-01/artifact.bin""],""effective_payload_hex"":""66697865642d7061796c6f6164"",""key"":""key-alpha"",""mutant_id"":""M04"",""requested_compiler"":""gcc"",""requested_optimization"":""O2"",""requested_payload_hex"":""4d6f7270682d3031"",""return_code"":0,""source"":""WORKDIR/string/M04/MR01/marked/build-01/host.c"",""source_sha256"":""a322e5d2e8ef4b095604b57c0daa9f3252bc5a8a7650464eb671df952a874557"",""stderr"":""""},""extracted_hex"":""66697865642d7061796c6f6164""}"
mutation,H01-gcd.c,bf207a4afdd7e623be4bd0751bdc1917c0ee550af0f38c0531b25bb726d1710c,string,M04,fixed_payload,state,MR02,Host-semantic preservation,preserve,True,False,mismatch_count=0,0.177195,,False,"{""mismatches"":[]}"
mutation,H01-gcd.c,bf207a4afdd7e623be4bd0751bdc1917c0ee550af0f38c0531b25bb726d1710c,string,M04,fixed_payload,state,MR03,Unmarked rejection,reject,True,False,rejected:absent:logical record magic not found,0.076287,,False,"{""unmarked_binary_sha256"":""17288de5d8ffc83b2223ee650ec19f96fa9b779f3eb45b8e2433c730b7a1e3e2""}"
mutation,H01-gcd.c,bf207a4afdd7e623be4bd0751bdc1917c0ee550af0f38c0531b25bb726d1710c,string,M04,fixed_payload,state,MR04,Wrong-key rejection,reject,True,False,rejected:wrong-key:key tag mismatch,0.076913,,False,"{""antecedent_guarded"":true,""antecedent_hex"":""4d6f7270682d3031""}"
mutation,H01-gcd.c,bf207a4afdd7e623be4bd0751bdc1917c0ee550af0f38c0531b25bb726d1710c,string,M04,fixed_payload,state,MR05,Payload separation,separate,False,True,first=b'fixed-payload';second=b'fixed-payload',0.148065,,False,"{""execution_order"":""sequential-builds-then-extract"",""first_hex"":""66697865642d7061796c6f6164"",""second_hex"":""66697865642d7061796c6f6164""}"
mutation,H01-gcd.c,bf207a4afdd7e623be4bd0751bdc1917c0ee550af0f38c0531b25bb726d1710c,string,M04,fixed_payload,state,MR06,Cross-compiler invariance,preserve,False,True,"payloads=b'fixed-payload',b'fixed-payload';semantic_equal=True",0.155647,,False,"{""clang_actual"":""clang"",""gcc_actual"":""gcc""}"
mutation,H01-gcd.c,bf207a4afdd7e623be4bd0751bdc1917c0ee550af0f38c0531b25bb726d1710c,string,M04,fixed_payload,state,MR07,Optimization invariance,preserve,False,True,"payloads=['fixed-payload', 'fixed-payload', 'fixed-payload'];semantic_equal=True",0.249532,,False,{}
mutation,H01-gcd.c,bf207a4afdd7e623be4bd0751bdc1917c0ee550af0f38c0531b25bb726d1710c,string,M04,fixed_payload,state,MR08,Clean-room relocation,preserve,False,True,source_mismatch=b'fixed-payload',0.03443,,False,"{""source_hex"":""66697865642d7061796c6f6164""}"
mutation,H01-gcd.c,bf207a4afdd7e623be4bd0751bdc1917c0ee550af0f38c0531b25bb726d1710c,string,M04,fixed_payload,state,MR09,Carrier-removal rejection,reject,True,False,rejected:absent:logical record magic not found,0.044564,,False,"{""antecedent_guarded"":true}"
mutation,H01-gcd.c,bf207a4afdd7e623be4bd0751bdc1917c0ee550af0f38c0531b25bb726d1710c,string,M04,fixed_payload,state,MR10,Carrier-corruption rejection,reject,True,False,rejected:checksum:payload checksum mismatch,0.044658,,False,"{""antecedent_guarded"":true}"
mutation,H01-gcd.c,bf207a4afdd7e623be4bd0751bdc1917c0ee550af0f38c0531b25bb726d1710c,string,M04,fixed_payload,state,MR11,Requested/actual trace agreement,trace,True,False,requested=clang/Os;actual=clang/Os,0.085263,,False,"{""build"":{""actual_compiler"":""clang"",""actual_optimization"":""Os"",""binary"":""WORKDIR/string/M04/MR11/trace/build-01/artifact.bin"",""binary_sha256"":""5eb93921b3488a175d351ac632c8c9a237dc6cdf928f486b3dced84694534a8b"",""carrier"":""string"",""command"":[""clang"",""-std=c11"",""-fno-ident"",""-no-pie"",""-Os"",""WORKDIR/string/M04/MR11/trace/build-01/host.c"",""-o"",""WORKDIR/string/M04/MR11/trace/build-01/artifact.bin""],""effective_payload_hex"":""66697865642d7061796c6f6164"",""key"":""key-alpha"",""mutant_id"":""M04"",""requested_compiler"":""clang"",""requested_optimization"":""Os"",""requested_payload_hex"":""4d6f7270682d3031"",""return_code"":0,""source"":""WORKDIR/string/M04/MR11/trace/build-01/host.c"",""source_sha256"":""a322e5d2e8ef4b095604b57c0daa9f3252bc5a8a7650464eb671df952a874557"",""stderr"":""""}}"
mutation,H01-gcd.c,bf207a4afdd7e623be4bd0751bdc1917c0ee550af0f38c0531b25bb726d1710c,string,M04,fixed_payload,state,MR12,Interleaved artifact isolation,separate,False,True,parallel_isolation_clause_violated,0.101741,,False,"{""aliasing_detected"":true,""both_expected"":false,""execution_order"":""overlapping-builds-then-extract"",""payloads_distinct"":false}"
mutation,H01-gcd.c,bf207a4afdd7e623be4bd0751bdc1917c0ee550af0f38c0531b25bb726d1710c,string,M04,fixed_payload,state,MR13,Reordered extraction independence,preserve,False,True,before=b'fixed-payload';intervening=b'fixed-payload';after=b'fixed-payload',0.144484,,False,"{""intervening_extraction"":true}"
mutation,H01-gcd.c,bf207a4afdd7e623be4bd0751bdc1917c0ee550af0f38c0531b25bb726d1710c,string,M04,fixed_payload,state,MR14,Rebuild stability,preserve,False,True,first=b'fixed-payload';second=b'fixed-payload',0.133454,,False,"{""binary_bytes_equal"":true,""execution_order"":""build1-extract1-build2-extract2""}"
mutation,H01-gcd.c,bf207a4afdd7e623be4bd0751bdc1917c0ee550af0f38c0531b25bb726d1710c,string,M05,lower_payload,normalization,MR01,Round-trip fidelity,preserve,False,True,extracted=b'morph-01',0.064424,,False,"{""build"":{""actual_compiler"":""gcc"",""actual_optimization"":""O2"",""binary"":""WORKDIR/string/M05/MR01/marked/build-01/artifact.bin"",""binary_sha256"":""8f287079d19b91c56597a082483b7d90d461da5a473dce1c505704c143d7ae79"",""carrier"":""string"",""command"":[""gcc"",""-std=c11"",""-fno-ident"",""-no-pie"",""-O2"",""WORKDIR/string/M05/MR01/marked/build-01/host.c"",""-o"",""WORKDIR/string/M05/MR01/marked/build-01/artifact.bin""],""effective_payload_hex"":""6d6f7270682d3031"",""key"":""key-alpha"",""mutant_id"":""M05"",""requested_compiler"":""gcc"",""requested_optimization"":""O2"",""requested_payload_hex"":""4d6f7270682d3031"",""return_code"":0,""source"":""WORKDIR/string/M05/MR01/marked/build-01/host.c"",""source_sha256"":""6f64cdaec37cdb73383ed55f99693c609b4620b5ef0fb6494ff313a80fa9460b"",""stderr"":""""},""extracted_hex"":""6d6f7270682d3031""}"
mutation,H01-gcd.c,bf207a4afdd7e623be4bd0751bdc1917c0ee550af0f38c0531b25bb726d1710c,string,M05,lower_payload,normalization,MR02,Host-semantic preservation,preserve,True,False,mismatch_count=0,0.117795,,False,"{""mismatches"":[]}"
mutation,H01-gcd.c,bf207a4afdd7e623be4bd0751bdc1917c0ee550af0f38c0531b25bb726d1710c,string,M05,lower_payload,normalization,MR03,Unmarked rejection,reject,True,False,rejected:absent:logical record magic not found,0.039429,,False,"{""unmarked_binary_sha256"":""17288de5d8ffc83b2223ee650ec19f96fa9b779f3eb45b8e2433c730b7a1e3e2""}"
mutation,H01-gcd.c,bf207a4afdd7e623be4bd0751bdc1917c0ee550af0f38c0531b25bb726d1710c,string,M05,lower_payload,normalization,MR04,Wrong-key rejection,reject,True,False,rejected:wrong-key:key tag mismatch,0.079682,,False,"{""antecedent_guarded"":true,""antecedent_hex"":""4d6f7270682d3031""}"
mutation,H01-gcd.c,bf207a4afdd7e623be4bd0751bdc1917c0ee550af0f38c0531b25bb726d1710c,string,M05,lower_payload,normalization,MR05,Payload separation,separate,False,True,first=b'morph-01';second=b'second-2',0.10302,,False,"{""execution_order"":""sequential-builds-then-extract"",""first_hex"":""6d6f7270682d3031"",""second_hex"":""7365636f6e642d32""}"
mutation,H01-gcd.c,bf207a4afdd7e623be4bd0751bdc1917c0ee550af0f38c0531b25bb726d1710c,string,M05,lower_payload,normalization,MR06,Cross-compiler invariance,preserve,False,True,"payloads=b'morph-01',b'morph-01';semantic_equal=True",0.164937,,False,"{""clang_actual"":""clang"",""gcc_actual"":""gcc""}"
mutation,H01-gcd.c,bf207a4afdd7e623be4bd0751bdc1917c0ee550af0f38c0531b25bb726d1710c,string,M05,lower_payload,normalization,MR07,Optimization invariance,preserve,False,True,"payloads=['morph-01', 'morph-01', 'morph-01'];semantic_equal=True",0.253,,False,{}
mutation,H01-gcd.c,bf207a4afdd7e623be4bd0751bdc1917c0ee550af0f38c0531b25bb726d1710c,string,M05,lower_payload,normalization,MR08,Clean-room relocation,preserve,False,True,source_mismatch=b'morph-01',0.037048,,False,"{""source_hex"":""6d6f7270682d3031""}"
mutation,H01-gcd.c,bf207a4afdd7e623be4bd0751bdc1917c0ee550af0f38c0531b25bb726d1710c,string,M05,lower_payload,normalization,MR09,Carrier-removal rejection,reject,True,False,rejected:absent:logical record magic not found,0.037982,,False,"{""antecedent_guarded"":true}"
mutation,H01-gcd.c,bf207a4afdd7e623be4bd0751bdc1917c0ee550af0f38c0531b25bb726d1710c,string,M05,lower_payload,normalization,MR10,Carrier-corruption rejection,reject,True,False,rejected:checksum:payload checksum mismatch,0.089987,,False,"{""antecedent_guarded"":true}"
mutation,H01-gcd.c,bf207a4afdd7e623be4bd0751bdc1917c0ee550af0f38c0531b25bb726d1710c,string,M05,lower_payload,normalization,MR11,Requested/actual trace agreement,trace,True,False,requested=clang/Os;actual=clang/Os,0.087108,,False,"{""build"":{""actual_compiler"":""clang"",""actual_optimization"":""Os"",""binary"":""WORKDIR/string/M05/MR11/trace/build-01/artifact.bin"",""binary_sha256"":""0d8782a20ee51b6e8dbbe5002eed217c9d9115006a20cfd8a59a1a5cc8eebaac"",""carrier"":""string"",""command"":[""clang"",""-std=c11"",""-fno-ident"",""-no-pie"",""-Os"",""WORKDIR/string/M05/MR11/trace/build-01/host.c"",""-o"",""WORKDIR/string/M05/MR11/trace/build-01/artifact.bin""],""effective_payload_hex"":""6d6f7270682d3031"",""key"":""key-alpha"",""mutant_id"":""M05"",""requested_compiler"":""clang"",""requested_optimization"":""Os"",""requested_payload_hex"":""4d6f7270682d3031"",""return_code"":0,""source"":""WORKDIR/string/M05/MR11/trace/build-01/host.c"",""source_sha256"":""6f64cdaec37cdb73383ed55f99693c609b4620b5ef0fb6494ff313a80fa9460b"",""stderr"":""""}}"
mutation,H01-gcd.c,bf207a4afdd7e623be4bd0751bdc1917c0ee550af0f38c0531b25bb726d1710c,string,M05,lower_payload,normalization,MR12,Interleaved artifact isolation,separate,False,True,parallel_isolation_clause_violated,0.091291,,False,"{""aliasing_detected"":false,""both_expected"":false,""execution_order"":""overlapping-builds-then-extract"",""payloads_distinct"":true}"
mutation,H01-gcd.c,bf207a4afdd7e623be4bd0751bdc1917c0ee550af0f38c0531b25bb726d1710c,string,M05,lower_payload,normalization,MR13,Reordered extraction independence,preserve,False,True,before=b'morph-01';intervening=b'second-2';after=b'morph-01',0.126087,,False,"{""intervening_extraction"":true}"
mutation,H01-gcd.c,bf207a4afdd7e623be4bd0751bdc1917c0ee550af0f38c0531b25bb726d1710c,string,M05,lower_payload,normalization,MR14,Rebuild stability,preserve,False,True,first=b'morph-01';second=b'morph-01',0.133902,,False,"{""binary_bytes_equal"":true,""execution_order"":""build1-extract1-build2-extract2""}"
mutation,H01-gcd.c,bf207a4afdd7e623be4bd0751bdc1917c0ee550af0f38c0531b25bb726d1710c,string,M06,key_ignored,authentication,MR01,Round-trip fidelity,preserve,True,False,extracted=b'Morph-01',0.082004,,False,"{""build"":{""actual_compiler"":""gcc"",""actual_optimization"":""O2"",""binary"":""WORKDIR/string/M06/MR01/marked/build-01/artifact.bin"",""binary_sha256"":""a3178b0c05f812039e297cb9a66d62b6d068a087d2df38fc6e9e1dfceb19ad43"",""carrier"":""string"",""command"":[""gcc"",""-std=c11"",""-fno-ident"",""-no-pie"",""-O2"",""WORKDIR/string/M06/MR01/marked/build-01/host.c"",""-o"",""WORKDIR/string/M06/MR01/marked/build-01/artifact.bin""],""effective_payload_hex"":""4d6f7270682d3031"",""key"":""key-alpha"",""mutant_id"":""M06"",""requested_compiler"":""gcc"",""requested_optimization"":""O2"",""requested_payload_hex"":""4d6f7270682d3031"",""return_code"":0,""source"":""WORKDIR/string/M06/MR01/marked/build-01/host.c"",""source_sha256"":""57444e3828612a864230fb7afff527998356bf74053ae9046ae116964f86abee"",""stderr"":""""},""extracted_hex"":""4d6f7270682d3031""}"
mutation,H01-gcd.c,bf207a4afdd7e623be4bd0751bdc1917c0ee550af0f38c0531b25bb726d1710c,string,M06,key_ignored,authentication,MR02,Host-semantic preservation,preserve,True,False,mismatch_count=0,0.130541,,False,"{""mismatches"":[]}"
mutation,H01-gcd.c,bf207a4afdd7e623be4bd0751bdc1917c0ee550af0f38c0531b25bb726d1710c,string,M06,key_ignored,authentication,MR03,Unmarked rejection,reject,True,False,rejected:absent:logical record magic not found,0.051811,,False,"{""unmarked_binary_sha256"":""17288de5d8ffc83b2223ee650ec19f96fa9b779f3eb45b8e2433c730b7a1e3e2""}"
mutation,H01-gcd.c,bf207a4afdd7e623be4bd0751bdc1917c0ee550af0f38c0531b25bb726d1710c,string,M06,key_ignored,authentication,MR04,Wrong-key rejection,reject,False,True,accepted:b'Morph-01',0.041768,,False,"{""antecedent_guarded"":true,""antecedent_hex"":""4d6f7270682d3031""}"
mutation,H01-gcd.c,bf207a4afdd7e623be4bd0751bdc1917c0ee550af0f38c0531b25bb726d1710c,string,M06,key_ignored,authentication,MR05,Payload separation,separate,True,False,first=b'Morph-01';second=b'Second-2',0.126741,,False,"{""execution_order"":""sequential-builds-then-extract"",""first_hex"":""4d6f7270682d3031"",""second_hex"":""5365636f6e642d32""}"
mutation,H01-gcd.c,bf207a4afdd7e623be4bd0751bdc1917c0ee550af0f38c0531b25bb726d1710c,string,M06,key_ignored,authentication,MR06,Cross-compiler invariance,preserve,True,False,"payloads=b'Morph-01',b'Morph-01';semantic_equal=True",0.139517,,False,"{""clang_actual"":""clang"",""gcc_actual"":""gcc""}"
mutation,H01-gcd.c,bf207a4afdd7e623be4bd0751bdc1917c0ee550af0f38c0531b25bb726d1710c,string,M06,key_ignored,authentication,MR07,Optimization invariance,preserve,True,False,"payloads=['Morph-01', 'Morph-01', 'Morph-01'];semantic_equal=True",0.215769,,False,{}
mutation,H01-gcd.c,bf207a4afdd7e623be4bd0751bdc1917c0ee550af0f38c0531b25bb726d1710c,string,M06,key_ignored,authentication,MR08,Clean-room relocation,preserve,True,False,relocated=b'Morph-01',0.066328,,False,"{""clean_room_entries"":[""renamed-artifact.bin""],""relocated_hex"":""4d6f7270682d3031""}"
mutation,H01-gcd.c,bf207a4afdd7e623be4bd0751bdc1917c0ee550af0f38c0531b25bb726d1710c,string,M06,key_ignored,authentication,MR09,Carrier-removal rejection,reject,True,False,rejected:absent:logical record magic not found,0.055048,,False,"{""antecedent_guarded"":true}"
mutation,H01-gcd.c,bf207a4afdd7e623be4bd0751bdc1917c0ee550af0f38c0531b25bb726d1710c,string,M06,key_ignored,authentication,MR10,Carrier-corruption rejection,reject,True,False,rejected:checksum:payload checksum mismatch,0.065176,,False,"{""antecedent_guarded"":true}"
mutation,H01-gcd.c,bf207a4afdd7e623be4bd0751bdc1917c0ee550af0f38c0531b25bb726d1710c,string,M06,key_ignored,authentication,MR11,Requested/actual trace agreement,trace,True,False,requested=clang/Os;actual=clang/Os,0.057277,,False,"{""build"":{""actual_compiler"":""clang"",""actual_optimization"":""Os"",""binary"":""WORKDIR/string/M06/MR11/trace/build-01/artifact.bin"",""binary_sha256"":""1fa44f2d4be372e9225e8e9cd544a4711a250b83553d67ab2d85818f22ca85b6"",""carrier"":""string"",""command"":[""clang"",""-std=c11"",""-fno-ident"",""-no-pie"",""-Os"",""WORKDIR/string/M06/MR11/trace/build-01/host.c"",""-o"",""WORKDIR/string/M06/MR11/trace/build-01/artifact.bin""],""effective_payload_hex"":""4d6f7270682d3031"",""key"":""key-alpha"",""mutant_id"":""M06"",""requested_compiler"":""clang"",""requested_optimization"":""Os"",""requested_payload_hex"":""4d6f7270682d3031"",""return_code"":0,""source"":""WORKDIR/string/M06/MR11/trace/build-01/host.c"",""source_sha256"":""57444e3828612a864230fb7afff527998356bf74053ae9046ae116964f86abee"",""stderr"":""""}}"
mutation,H01-gcd.c,bf207a4afdd7e623be4bd0751bdc1917c0ee550af0f38c0531b25bb726d1710c,string,M06,key_ignored,authentication,MR12,Interleaved artifact isolation,separate,True,False,parallel_isolation_satisfied,0.07497,,False,"{""aliasing_detected"":false,""both_expected"":true,""execution_order"":""overlapping-builds-then-extract"",""payloads_distinct"":true}"
mutation,H01-gcd.c,bf207a4afdd7e623be4bd0751bdc1917c0ee550af0f38c0531b25bb726d1710c,string,M06,key_ignored,authentication,MR13,Reordered extraction independence,preserve,True,False,before=b'Morph-01';intervening=b'Second-2';after=b'Morph-01',0.105639,,False,"{""intervening_extraction"":true}"
mutation,H01-gcd.c,bf207a4afdd7e623be4bd0751bdc1917c0ee550af0f38c0531b25bb726d1710c,string,M06,key_ignored,authentication,MR14,Rebuild stability,preserve,True,False,first=b'Morph-01';second=b'Morph-01',0.123241,,False,"{""binary_bytes_equal"":true,""execution_order"":""build1-extract1-build2-extract2""}"
mutation,H01-gcd.c,bf207a4afdd7e623be4bd0751bdc1917c0ee550af0f38c0531b25bb726d1710c,string,M07,sidecar_oracle,artifact binding,MR01,Round-trip fidelity,preserve,True,False,extracted=b'Morph-01',0.074975,,False,"{""build"":{""actual_compiler"":""gcc"",""actual_optimization"":""O2"",""binary"":""WORKDIR/string/M07/MR01/marked/build-01/artifact.bin"",""binary_sha256"":""b8e5790f338ae8db35cfffc794a440a51f513484ba40b60dbac7eb19948f430c"",""carrier"":""string"",""command"":[""gcc"",""-std=c11"",""-fno-ident"",""-no-pie"",""-O2"",""WORKDIR/string/M07/MR01/marked/build-01/host.c"",""-o"",""WORKDIR/string/M07/MR01/marked/build-01/artifact.bin""],""effective_payload_hex"":""4d6f7270682d3031"",""key"":""key-alpha"",""mutant_id"":""M07"",""requested_compiler"":""gcc"",""requested_optimization"":""O2"",""requested_payload_hex"":""4d6f7270682d3031"",""return_code"":0,""source"":""WORKDIR/string/M07/MR01/marked/build-01/host.c"",""source_sha256"":""de3dd3bc3add920f6b14f3cfa83262c596594edfaf1d5fcc70bb4bc78a38fa0e"",""stderr"":""""},""extracted_hex"":""4d6f7270682d3031""}"
mutation,H01-gcd.c,bf207a4afdd7e623be4bd0751bdc1917c0ee550af0f38c0531b25bb726d1710c,string,M07,sidecar_oracle,artifact binding,MR02,Host-semantic preservation,preserve,True,False,mismatch_count=0,0.177872,,False,"{""mismatches"":[]}"
mutation,H01-gcd.c,bf207a4afdd7e623be4bd0751bdc1917c0ee550af0f38c0531b25bb726d1710c,string,M07,sidecar_oracle,artifact binding,MR03,Unmarked rejection,reject,True,False,rejected:sidecar:adjacent sidecar is missing,0.083393,,False,"{""unmarked_binary_sha256"":""17288de5d8ffc83b2223ee650ec19f96fa9b779f3eb45b8e2433c730b7a1e3e2""}"
mutation,H01-gcd.c,bf207a4afdd7e623be4bd0751bdc1917c0ee550af0f38c0531b25bb726d1710c,string,M07,sidecar_oracle,artifact binding,MR04,Wrong-key rejection,reject,True,False,rejected:wrong-key:sidecar key mismatch,0.064611,,False,"{""antecedent_guarded"":true,""antecedent_hex"":""4d6f7270682d3031""}"
mutation,H01-gcd.c,bf207a4afdd7e623be4bd0751bdc1917c0ee550af0f38c0531b25bb726d1710c,string,M07,sidecar_oracle,artifact binding,MR05,Payload separation,separate,True,False,first=b'Morph-01';second=b'Second-2',0.108534,,False,"{""execution_order"":""sequential-builds-then-extract"",""first_hex"":""4d6f7270682d3031"",""second_hex"":""5365636f6e642d32""}"
mutation,H01-gcd.c,bf207a4afdd7e623be4bd0751bdc1917c0ee550af0f38c0531b25bb726d1710c,string,M07,sidecar_oracle,artifact binding,MR06,Cross-compiler invariance,preserve,True,False,"payloads=b'Morph-01',b'Morph-01';semantic_equal=True",0.187274,,False,"{""clang_actual"":""clang"",""gcc_actual"":""gcc""}"
mutation,H01-gcd.c,bf207a4afdd7e623be4bd0751bdc1917c0ee550af0f38c0531b25bb726d1710c,string,M07,sidecar_oracle,artifact binding,MR07,Optimization invariance,preserve,True,False,"payloads=['Morph-01', 'Morph-01', 'Morph-01'];semantic_equal=True",0.240968,,False,{}
mutation,H01-gcd.c,bf207a4afdd7e623be4bd0751bdc1917c0ee550af0f38c0531b25bb726d1710c,string,M07,sidecar_oracle,artifact binding,MR08,Clean-room relocation,preserve,False,True,exception:ExtractionError:adjacent sidecar is missing,0.072207,ExtractionError,False,{}
mutation,H01-gcd.c,bf207a4afdd7e623be4bd0751bdc1917c0ee550af0f38c0531b25bb726d1710c,string,M07,sidecar_oracle,artifact binding,MR09,Carrier-removal rejection,reject,True,False,rejected:sidecar:adjacent sidecar is missing,0.071327,,False,"{""antecedent_guarded"":true}"
mutation,H01-gcd.c,bf207a4afdd7e623be4bd0751bdc1917c0ee550af0f38c0531b25bb726d1710c,string,M07,sidecar_oracle,artifact binding,MR10,Carrier-corruption rejection,reject,True,False,rejected:sidecar:adjacent sidecar is missing,0.063182,,False,"{""antecedent_guarded"":true}"
mutation,H01-gcd.c,bf207a4afdd7e623be4bd0751bdc1917c0ee550af0f38c0531b25bb726d1710c,string,M07,sidecar_oracle,artifact binding,MR11,Requested/actual trace agreement,trace,True,False,requested=clang/Os;actual=clang/Os,0.073396,,False,"{""build"":{""actual_compiler"":""clang"",""actual_optimization"":""Os"",""binary"":""WORKDIR/string/M07/MR11/trace/build-01/artifact.bin"",""binary_sha256"":""bf1b3f8ba8daa55b6d499a4bbb63a61efb7b30a4d426a514b1ce3e529d1be05b"",""carrier"":""string"",""command"":[""clang"",""-std=c11"",""-fno-ident"",""-no-pie"",""-Os"",""WORKDIR/string/M07/MR11/trace/build-01/host.c"",""-o"",""WORKDIR/string/M07/MR11/trace/build-01/artifact.bin""],""effective_payload_hex"":""4d6f7270682d3031"",""key"":""key-alpha"",""mutant_id"":""M07"",""requested_compiler"":""clang"",""requested_optimization"":""Os"",""requested_payload_hex"":""4d6f7270682d3031"",""return_code"":0,""source"":""WORKDIR/string/M07/MR11/trace/build-01/host.c"",""source_sha256"":""de3dd3bc3add920f6b14f3cfa83262c596594edfaf1d5fcc70bb4bc78a38fa0e"",""stderr"":""""}}"
mutation,H01-gcd.c,bf207a4afdd7e623be4bd0751bdc1917c0ee550af0f38c0531b25bb726d1710c,string,M07,sidecar_oracle,artifact binding,MR12,Interleaved artifact isolation,separate,True,False,parallel_isolation_satisfied,0.092586,,False,"{""aliasing_detected"":false,""both_expected"":true,""execution_order"":""overlapping-builds-then-extract"",""payloads_distinct"":true}"
mutation,H01-gcd.c,bf207a4afdd7e623be4bd0751bdc1917c0ee550af0f38c0531b25bb726d1710c,string,M07,sidecar_oracle,artifact binding,MR13,Reordered extraction independence,preserve,True,False,before=b'Morph-01';intervening=b'Second-2';after=b'Morph-01',0.127656,,False,"{""intervening_extraction"":true}"
mutation,H01-gcd.c,bf207a4afdd7e623be4bd0751bdc1917c0ee550af0f38c0531b25bb726d1710c,string,M07,sidecar_oracle,artifact binding,MR14,Rebuild stability,preserve,True,False,first=b'Morph-01';second=b'Morph-01',0.124118,,False,"{""binary_bytes_equal"":true,""execution_order"":""build1-extract1-build2-extract2""}"
mutation,H01-gcd.c,bf207a4afdd7e623be4bd0751bdc1917c0ee550af0f38c0531b25bb726d1710c,string,M08,global_cache_oracle,state,MR01,Round-trip fidelity,preserve,True,False,extracted=b'Morph-01',0.047211,,False,"{""build"":{""actual_compiler"":""gcc"",""actual_optimization"":""O2"",""binary"":""WORKDIR/string/M08/MR01/marked/build-01/artifact.bin"",""binary_sha256"":""b8e5790f338ae8db35cfffc794a440a51f513484ba40b60dbac7eb19948f430c"",""carrier"":""string"",""command"":[""gcc"",""-std=c11"",""-fno-ident"",""-no-pie"",""-O2"",""WORKDIR/string/M08/MR01/marked/build-01/host.c"",""-o"",""WORKDIR/string/M08/MR01/marked/build-01/artifact.bin""],""effective_payload_hex"":""4d6f7270682d3031"",""key"":""key-alpha"",""mutant_id"":""M08"",""requested_compiler"":""gcc"",""requested_optimization"":""O2"",""requested_payload_hex"":""4d6f7270682d3031"",""return_code"":0,""source"":""WORKDIR/string/M08/MR01/marked/build-01/host.c"",""source_sha256"":""de3dd3bc3add920f6b14f3cfa83262c596594edfaf1d5fcc70bb4bc78a38fa0e"",""stderr"":""""},""extracted_hex"":""4d6f7270682d3031""}"
mutation,H01-gcd.c,bf207a4afdd7e623be4bd0751bdc1917c0ee550af0f38c0531b25bb726d1710c,string,M08,global_cache_oracle,state,MR02,Host-semantic preservation,preserve,True,False,mismatch_count=0,0.13742,,False,"{""mismatches"":[]}"
mutation,H01-gcd.c,bf207a4afdd7e623be4bd0751bdc1917c0ee550af0f38c0531b25bb726d1710c,string,M08,global_cache_oracle,state,MR03,Unmarked rejection,reject,True,False,rejected:absent:logical record magic not found,0.066577,,False,"{""unmarked_binary_sha256"":""17288de5d8ffc83b2223ee650ec19f96fa9b779f3eb45b8e2433c730b7a1e3e2""}"
mutation,H01-gcd.c,bf207a4afdd7e623be4bd0751bdc1917c0ee550af0f38c0531b25bb726d1710c,string,M08,global_cache_oracle,state,MR04,Wrong-key rejection,reject,False,True,accepted:b'Morph-01',0.065828,,False,"{""antecedent_guarded"":true,""antecedent_hex"":""4d6f7270682d3031""}"
mutation,H01-gcd.c,bf207a4afdd7e623be4bd0751bdc1917c0ee550af0f38c0531b25bb726d1710c,string,M08,global_cache_oracle,state,MR05,Payload separation,separate,False,True,first=b'Second-2';second=b'Second-2',0.115936,,False,"{""execution_order"":""sequential-builds-then-extract"",""first_hex"":""5365636f6e642d32"",""second_hex"":""5365636f6e642d32""}"
mutation,H01-gcd.c,bf207a4afdd7e623be4bd0751bdc1917c0ee550af0f38c0531b25bb726d1710c,string,M08,global_cache_oracle,state,MR06,Cross-compiler invariance,preserve,True,False,"payloads=b'Morph-01',b'Morph-01';semantic_equal=True",0.194451,,False,"{""clang_actual"":""clang"",""gcc_actual"":""gcc""}"
mutation,H01-gcd.c,bf207a4afdd7e623be4bd0751bdc1917c0ee550af0f38c0531b25bb726d1710c,string,M08,global_cache_oracle,state,MR07,Optimization invariance,preserve,True,False,"payloads=['Morph-01', 'Morph-01', 'Morph-01'];semantic_equal=True",0.232876,,False,{}
mutation,H01-gcd.c,bf207a4afdd7e623be4bd0751bdc1917c0ee550af0f38c0531b25bb726d1710c,string,M08,global_cache_oracle,state,MR08,Clean-room relocation,preserve,True,False,relocated=b'Morph-01',0.069039,,False,"{""clean_room_entries"":[""renamed-artifact.bin""],""relocated_hex"":""4d6f7270682d3031""}"
mutation,H01-gcd.c,bf207a4afdd7e623be4bd0751bdc1917c0ee550af0f38c0531b25bb726d1710c,string,M08,global_cache_oracle,state,MR09,Carrier-removal rejection,reject,False,True,spurious robustness:accepted:b'Morph-01',0.094005,,False,"{""antecedent_guarded"":true}"
mutation,H01-gcd.c,bf207a4afdd7e623be4bd0751bdc1917c0ee550af0f38c0531b25bb726d1710c,string,M08,global_cache_oracle,state,MR10,Carrier-corruption rejection,reject,False,True,corruption accepted:accepted:b'Morph-01',0.05363,,False,"{""antecedent_guarded"":true}"
mutation,H01-gcd.c,bf207a4afdd7e623be4bd0751bdc1917c0ee550af0f38c0531b25bb726d1710c,string,M08,global_cache_oracle,state,MR11,Requested/actual trace agreement,trace,True,False,requested=clang/Os;actual=clang/Os,0.087689,,False,"{""build"":{""actual_compiler"":""clang"",""actual_optimization"":""Os"",""binary"":""WORKDIR/string/M08/MR11/trace/build-01/artifact.bin"",""binary_sha256"":""bf1b3f8ba8daa55b6d499a4bbb63a61efb7b30a4d426a514b1ce3e529d1be05b"",""carrier"":""string"",""command"":[""clang"",""-std=c11"",""-fno-ident"",""-no-pie"",""-Os"",""WORKDIR/string/M08/MR11/trace/build-01/host.c"",""-o"",""WORKDIR/string/M08/MR11/trace/build-01/artifact.bin""],""effective_payload_hex"":""4d6f7270682d3031"",""key"":""key-alpha"",""mutant_id"":""M08"",""requested_compiler"":""clang"",""requested_optimization"":""Os"",""requested_payload_hex"":""4d6f7270682d3031"",""return_code"":0,""source"":""WORKDIR/string/M08/MR11/trace/build-01/host.c"",""source_sha256"":""de3dd3bc3add920f6b14f3cfa83262c596594edfaf1d5fcc70bb4bc78a38fa0e"",""stderr"":""""}}"
mutation,H01-gcd.c,bf207a4afdd7e623be4bd0751bdc1917c0ee550af0f38c0531b25bb726d1710c,string,M08,global_cache_oracle,state,MR12,Interleaved artifact isolation,separate,False,True,parallel_isolation_clause_violated,0.094304,,False,"{""aliasing_detected"":true,""both_expected"":false,""execution_order"":""overlapping-builds-then-extract"",""payloads_distinct"":false}"
mutation,H01-gcd.c,bf207a4afdd7e623be4bd0751bdc1917c0ee550af0f38c0531b25bb726d1710c,string,M08,global_cache_oracle,state,MR13,Reordered extraction independence,preserve,False,True,before=b'Morph-01';intervening=b'Second-2';after=b'Second-2',0.107124,,False,"{""intervening_extraction"":true}"
mutation,H01-gcd.c,bf207a4afdd7e623be4bd0751bdc1917c0ee550af0f38c0531b25bb726d1710c,string,M08,global_cache_oracle,state,MR14,Rebuild stability,preserve,True,False,first=b'Morph-01';second=b'Morph-01',0.11258,,False,"{""binary_bytes_equal"":true,""execution_order"":""build1-extract1-build2-extract2""}"
mutation,H01-gcd.c,bf207a4afdd7e623be4bd0751bdc1917c0ee550af0f38c0531b25bb726d1710c,string,M09,unmarked_default,false positive,MR01,Round-trip fidelity,preserve,True,False,extracted=b'Morph-01',0.037303,,False,"{""build"":{""actual_compiler"":""gcc"",""actual_optimization"":""O2"",""binary"":""WORKDIR/string/M09/MR01/marked/build-01/artifact.bin"",""binary_sha256"":""b8e5790f338ae8db35cfffc794a440a51f513484ba40b60dbac7eb19948f430c"",""carrier"":""string"",""command"":[""gcc"",""-std=c11"",""-fno-ident"",""-no-pie"",""-O2"",""WORKDIR/string/M09/MR01/marked/build-01/host.c"",""-o"",""WORKDIR/string/M09/MR01/marked/build-01/artifact.bin""],""effective_payload_hex"":""4d6f7270682d3031"",""key"":""key-alpha"",""mutant_id"":""M09"",""requested_compiler"":""gcc"",""requested_optimization"":""O2"",""requested_payload_hex"":""4d6f7270682d3031"",""return_code"":0,""source"":""WORKDIR/string/M09/MR01/marked/build-01/host.c"",""source_sha256"":""de3dd3bc3add920f6b14f3cfa83262c596594edfaf1d5fcc70bb4bc78a38fa0e"",""stderr"":""""},""extracted_hex"":""4d6f7270682d3031""}"
mutation,H01-gcd.c,bf207a4afdd7e623be4bd0751bdc1917c0ee550af0f38c0531b25bb726d1710c,string,M09,unmarked_default,false positive,MR02,Host-semantic preservation,preserve,True,False,mismatch_count=0,0.164779,,False,"{""mismatches"":[]}"
mutation,H01-gcd.c,bf207a4afdd7e623be4bd0751bdc1917c0ee550af0f38c0531b25bb726d1710c,string,M09,unmarked_default,false positive,MR03,Unmarked rejection,reject,False,True,accepted:b'Morph-01',0.05916,,False,"{""unmarked_binary_sha256"":""17288de5d8ffc83b2223ee650ec19f96fa9b779f3eb45b8e2433c730b7a1e3e2""}"
mutation,H01-gcd.c,bf207a4afdd7e623be4bd0751bdc1917c0ee550af0f38c0531b25bb726d1710c,string,M09,unmarked_default,false positive,MR04,Wrong-key rejection,reject,False,True,accepted:b'Morph-01',0.058241,,False,"{""antecedent_guarded"":true,""antecedent_hex"":""4d6f7270682d3031""}"
mutation,H01-gcd.c,bf207a4afdd7e623be4bd0751bdc1917c0ee550af0f38c0531b25bb726d1710c,string,M09,unmarked_default,false positive,MR05,Payload separation,separate,True,False,first=b'Morph-01';second=b'Second-2',0.099199,,False,"{""execution_order"":""sequential-builds-then-extract"",""first_hex"":""4d6f7270682d3031"",""second_hex"":""5365636f6e642d32""}"
mutation,H01-gcd.c,bf207a4afdd7e623be4bd0751bdc1917c0ee550af0f38c0531b25bb726d1710c,string,M09,unmarked_default,false positive,MR06,Cross-compiler invariance,preserve,True,False,"payloads=b'Morph-01',b'Morph-01';semantic_equal=True",0.163957,,False,"{""clang_actual"":""clang"",""gcc_actual"":""gcc""}"
mutation,H01-gcd.c,bf207a4afdd7e623be4bd0751bdc1917c0ee550af0f38c0531b25bb726d1710c,string,M09,unmarked_default,false positive,MR07,Optimization invariance,preserve,True,False,"payloads=['Morph-01', 'Morph-01', 'Morph-01'];semantic_equal=True",0.211496,,False,{}
mutation,H01-gcd.c,bf207a4afdd7e623be4bd0751bdc1917c0ee550af0f38c0531b25bb726d1710c,string,M09,unmarked_default,false positive,MR08,Clean-room relocation,preserve,True,False,relocated=b'Morph-01',0.047868,,False,"{""clean_room_entries"":[""renamed-artifact.bin""],""relocated_hex"":""4d6f7270682d3031""}"
mutation,H01-gcd.c,bf207a4afdd7e623be4bd0751bdc1917c0ee550af0f38c0531b25bb726d1710c,string,M09,unmarked_default,false positive,MR09,Carrier-removal rejection,reject,False,True,spurious robustness:accepted:b'Morph-01',0.09029,,False,"{""antecedent_guarded"":true}"
mutation,H01-gcd.c,bf207a4afdd7e623be4bd0751bdc1917c0ee550af0f38c0531b25bb726d1710c,string,M09,unmarked_default,false positive,MR10,Carrier-corruption rejection,reject,False,True,corruption accepted:accepted:b'Morph-01',0.08197,,False,"{""antecedent_guarded"":true}"
mutation,H01-gcd.c,bf207a4afdd7e623be4bd0751bdc1917c0ee550af0f38c0531b25bb726d1710c,string,M09,unmarked_default,false positive,MR11,Requested/actual trace agreement,trace,True,False,requested=clang/Os;actual=clang/Os,0.069748,,False,"{""build"":{""actual_compiler"":""clang"",""actual_optimization"":""Os"",""binary"":""WORKDIR/string/M09/MR11/trace/build-01/artifact.bin"",""binary_sha256"":""bf1b3f8ba8daa55b6d499a4bbb63a61efb7b30a4d426a514b1ce3e529d1be05b"",""carrier"":""string"",""command"":[""clang"",""-std=c11"",""-fno-ident"",""-no-pie"",""-Os"",""WORKDIR/string/M09/MR11/trace/build-01/host.c"",""-o"",""WORKDIR/string/M09/MR11/trace/build-01/artifact.bin""],""effective_payload_hex"":""4d6f7270682d3031"",""key"":""key-alpha"",""mutant_id"":""M09"",""requested_compiler"":""clang"",""requested_optimization"":""Os"",""requested_payload_hex"":""4d6f7270682d3031"",""return_code"":0,""source"":""WORKDIR/string/M09/MR11/trace/build-01/host.c"",""source_sha256"":""de3dd3bc3add920f6b14f3cfa83262c596594edfaf1d5fcc70bb4bc78a38fa0e"",""stderr"":""""}}"
mutation,H01-gcd.c,bf207a4afdd7e623be4bd0751bdc1917c0ee550af0f38c0531b25bb726d1710c,string,M09,unmarked_default,false positive,MR12,Interleaved artifact isolation,separate,True,False,parallel_isolation_satisfied,0.071773,,False,"{""aliasing_detected"":false,""both_expected"":true,""execution_order"":""overlapping-builds-then-extract"",""payloads_distinct"":true}"
mutation,H01-gcd.c,bf207a4afdd7e623be4bd0751bdc1917c0ee550af0f38c0531b25bb726d1710c,string,M09,unmarked_default,false positive,MR13,Reordered extraction independence,preserve,True,False,before=b'Morph-01';intervening=b'Second-2';after=b'Morph-01',0.149789,,False,"{""intervening_extraction"":true}"
mutation,H01-gcd.c,bf207a4afdd7e623be4bd0751bdc1917c0ee550af0f38c0531b25bb726d1710c,string,M09,unmarked_default,false positive,MR14,Rebuild stability,preserve,True,False,first=b'Morph-01';second=b'Morph-01',0.118882,,False,"{""binary_bytes_equal"":true,""execution_order"":""build1-extract1-build2-extract2""}"
mutation,H01-gcd.c,bf207a4afdd7e623be4bd0751bdc1917c0ee550af0f38c0531b25bb726d1710c,string,M10,semantic_plus_one,semantic corruption,MR01,Round-trip fidelity,preserve,True,False,extracted=b'Morph-01',0.061391,,False,"{""build"":{""actual_compiler"":""gcc"",""actual_optimization"":""O2"",""binary"":""WORKDIR/string/M10/MR01/marked/build-01/artifact.bin"",""binary_sha256"":""218b8991b858e70cfe777d2c2c5b2c6201bbc24fb7f9ab1c259a216675500fbd"",""carrier"":""string"",""command"":[""gcc"",""-std=c11"",""-fno-ident"",""-no-pie"",""-O2"",""WORKDIR/string/M10/MR01/marked/build-01/host.c"",""-o"",""WORKDIR/string/M10/MR01/marked/build-01/artifact.bin""],""effective_payload_hex"":""4d6f7270682d3031"",""key"":""key-alpha"",""mutant_id"":""M10"",""requested_compiler"":""gcc"",""requested_optimization"":""O2"",""requested_payload_hex"":""4d6f7270682d3031"",""return_code"":0,""source"":""WORKDIR/string/M10/MR01/marked/build-01/host.c"",""source_sha256"":""ec199823c81befeafba1fc08aa2c705b0ad79f3f0cba2c765d22fd453ef5ad82"",""stderr"":""""},""extracted_hex"":""4d6f7270682d3031""}"
mutation,H01-gcd.c,bf207a4afdd7e623be4bd0751bdc1917c0ee550af0f38c0531b25bb726d1710c,string,M10,semantic_plus_one,semantic corruption,MR02,Host-semantic preservation,preserve,False,True,mismatch_count=6,0.152023,,False,"{""mismatches"":[{""base"":""13"",""input"":0,""marked"":""14""},{""base"":""4"",""input"":1,""marked"":""5""},{""base"":""16"",""input"":5,""marked"":""17""},{""base"":""104"",""input"":13,""marked"":""105""},{""base"":""1"",""input"":144,""marked"":""2""},{""base"":""2"",""input"":99991,""marked"":""3""}]}"
mutation,H01-gcd.c,bf207a4afdd7e623be4bd0751bdc1917c0ee550af0f38c0531b25bb726d1710c,string,M10,semantic_plus_one,semantic corruption,MR03,Unmarked rejection,reject,True,False,rejected:absent:logical record magic not found,0.058203,,False,"{""unmarked_binary_sha256"":""17288de5d8ffc83b2223ee650ec19f96fa9b779f3eb45b8e2433c730b7a1e3e2""}"
mutation,H01-gcd.c,bf207a4afdd7e623be4bd0751bdc1917c0ee550af0f38c0531b25bb726d1710c,string,M10,semantic_plus_one,semantic corruption,MR04,Wrong-key rejection,reject,True,False,rejected:wrong-key:key tag mismatch,0.030053,,False,"{""antecedent_guarded"":true,""antecedent_hex"":""4d6f7270682d3031""}"
mutation,H01-gcd.c,bf207a4afdd7e623be4bd0751bdc1917c0ee550af0f38c0531b25bb726d1710c,string,M10,semantic_plus_one,semantic corruption,MR05,Payload separation,separate,True,False,first=b'Morph-01';second=b'Second-2',0.111453,,False,"{""execution_order"":""sequential-builds-then-extract"",""first_hex"":""4d6f7270682d3031"",""second_hex"":""5365636f6e642d32""}"
mutation,H01-gcd.c,bf207a4afdd7e623be4bd0751bdc1917c0ee550af0f38c0531b25bb726d1710c,string,M10,semantic_plus_one,semantic corruption,MR06,Cross-compiler invariance,preserve,True,False,"payloads=b'Morph-01',b'Morph-01';semantic_equal=True",0.172778,,False,"{""clang_actual"":""clang"",""gcc_actual"":""gcc""}"
mutation,H01-gcd.c,bf207a4afdd7e623be4bd0751bdc1917c0ee550af0f38c0531b25bb726d1710c,string,M10,semantic_plus_one,semantic corruption,MR07,Optimization invariance,preserve,True,False,"payloads=['Morph-01', 'Morph-01', 'Morph-01'];semantic_equal=True",0.243099,,False,{}
mutation,H01-gcd.c,bf207a4afdd7e623be4bd0751bdc1917c0ee550af0f38c0531b25bb726d1710c,string,M10,semantic_plus_one,semantic corruption,MR08,Clean-room relocation,preserve,True,False,relocated=b'Morph-01',0.056551,,False,"{""clean_room_entries"":[""renamed-artifact.bin""],""relocated_hex"":""4d6f7270682d3031""}"
mutation,H01-gcd.c,bf207a4afdd7e623be4bd0751bdc1917c0ee550af0f38c0531b25bb726d1710c,string,M10,semantic_plus_one,semantic corruption,MR09,Carrier-removal rejection,reject,True,False,rejected:absent:logical record magic not found,0.097644,,False,"{""antecedent_guarded"":true}"
mutation,H01-gcd.c,bf207a4afdd7e623be4bd0751bdc1917c0ee550af0f38c0531b25bb726d1710c,string,M10,semantic_plus_one,semantic corruption,MR10,Carrier-corruption rejection,reject,True,False,rejected:checksum:payload checksum mismatch,0.052903,,False,"{""antecedent_guarded"":true}"
mutation,H01-gcd.c,bf207a4afdd7e623be4bd0751bdc1917c0ee550af0f38c0531b25bb726d1710c,string,M10,semantic_plus_one,semantic corruption,MR11,Requested/actual trace agreement,trace,True,False,requested=clang/Os;actual=clang/Os,0.04412,,False,"{""build"":{""actual_compiler"":""clang"",""actual_optimization"":""Os"",""binary"":""WORKDIR/string/M10/MR11/trace/build-01/artifact.bin"",""binary_sha256"":""4473db5d9196aa4625926b91592cee8cbbaf1cf096147557c36234d8f09f8909"",""carrier"":""string"",""command"":[""clang"",""-std=c11"",""-fno-ident"",""-no-pie"",""-Os"",""WORKDIR/string/M10/MR11/trace/build-01/host.c"",""-o"",""WORKDIR/string/M10/MR11/trace/build-01/artifact.bin""],""effective_payload_hex"":""4d6f7270682d3031"",""key"":""key-alpha"",""mutant_id"":""M10"",""requested_compiler"":""clang"",""requested_optimization"":""Os"",""requested_payload_hex"":""4d6f7270682d3031"",""return_code"":0,""source"":""WORKDIR/string/M10/MR11/trace/build-01/host.c"",""source_sha256"":""ec199823c81befeafba1fc08aa2c705b0ad79f3f0cba2c765d22fd453ef5ad82"",""stderr"":""""}}"
mutation,H01-gcd.c,bf207a4afdd7e623be4bd0751bdc1917c0ee550af0f38c0531b25bb726d1710c,string,M10,semantic_plus_one,semantic corruption,MR12,Interleaved artifact isolation,separate,True,False,parallel_isolation_satisfied,0.072478,,False,"{""aliasing_detected"":false,""both_expected"":true,""execution_order"":""overlapping-builds-then-extract"",""payloads_distinct"":true}"
mutation,H01-gcd.c,bf207a4afdd7e623be4bd0751bdc1917c0ee550af0f38c0531b25bb726d1710c,string,M10,semantic_plus_one,semantic corruption,MR13,Reordered extraction independence,preserve,True,False,before=b'Morph-01';intervening=b'Second-2';after=b'Morph-01',0.153479,,False,"{""intervening_extraction"":true}"
mutation,H01-gcd.c,bf207a4afdd7e623be4bd0751bdc1917c0ee550af0f38c0531b25bb726d1710c,string,M10,semantic_plus_one,semantic corruption,MR14,Rebuild stability,preserve,True,False,first=b'Morph-01';second=b'Morph-01',0.107821,,False,"{""binary_bytes_equal"":true,""execution_order"":""build1-extract1-build2-extract2""}"
mutation,H01-gcd.c,bf207a4afdd7e623be4bd0751bdc1917c0ee550af0f38c0531b25bb726d1710c,string,M11,semantic_input13,semantic corruption,MR01,Round-trip fidelity,preserve,True,False,extracted=b'Morph-01',0.063052,,False,"{""build"":{""actual_compiler"":""gcc"",""actual_optimization"":""O2"",""binary"":""WORKDIR/string/M11/MR01/marked/build-01/artifact.bin"",""binary_sha256"":""b7a184e654e99c2c9bea380de44a4a3ac6335db3e82f195303ad075d9b9bd8ac"",""carrier"":""string"",""command"":[""gcc"",""-std=c11"",""-fno-ident"",""-no-pie"",""-O2"",""WORKDIR/string/M11/MR01/marked/build-01/host.c"",""-o"",""WORKDIR/string/M11/MR01/marked/build-01/artifact.bin""],""effective_payload_hex"":""4d6f7270682d3031"",""key"":""key-alpha"",""mutant_id"":""M11"",""requested_compiler"":""gcc"",""requested_optimization"":""O2"",""requested_payload_hex"":""4d6f7270682d3031"",""return_code"":0,""source"":""WORKDIR/string/M11/MR01/marked/build-01/host.c"",""source_sha256"":""67af7ba75589de521e52461151c3d1ca7504340275536964b5eaeeaff0d7e778"",""stderr"":""""},""extracted_hex"":""4d6f7270682d3031""}"
mutation,H01-gcd.c,bf207a4afdd7e623be4bd0751bdc1917c0ee550af0f38c0531b25bb726d1710c,string,M11,semantic_input13,semantic corruption,MR02,Host-semantic preservation,preserve,False,True,mismatch_count=1,0.149262,,False,"{""mismatches"":[{""base"":""104"",""input"":13,""marked"":""105""}]}"
mutation,H01-gcd.c,bf207a4afdd7e623be4bd0751bdc1917c0ee550af0f38c0531b25bb726d1710c,string,M11,semantic_input13,semantic corruption,MR03,Unmarked rejection,reject,True,False,rejected:absent:logical record magic not found,0.051356,,False,"{""unmarked_binary_sha256"":""17288de5d8ffc83b2223ee650ec19f96fa9b779f3eb45b8e2433c730b7a1e3e2""}"
mutation,H01-gcd.c,bf207a4afdd7e623be4bd0751bdc1917c0ee550af0f38c0531b25bb726d1710c,string,M11,semantic_input13,semantic corruption,MR04,Wrong-key rejection,reject,True,False,rejected:wrong-key:key tag mismatch,0.046753,,False,"{""antecedent_guarded"":true,""antecedent_hex"":""4d6f7270682d3031""}"
mutation,H01-gcd.c,bf207a4afdd7e623be4bd0751bdc1917c0ee550af0f38c0531b25bb726d1710c,string,M11,semantic_input13,semantic corruption,MR05,Payload separation,separate,True,False,first=b'Morph-01';second=b'Second-2',0.125394,,False,"{""execution_order"":""sequential-builds-then-extract"",""first_hex"":""4d6f7270682d3031"",""second_hex"":""5365636f6e642d32""}"
mutation,H01-gcd.c,bf207a4afdd7e623be4bd0751bdc1917c0ee550af0f38c0531b25bb726d1710c,string,M11,semantic_input13,semantic corruption,MR06,Cross-compiler invariance,preserve,True,False,"payloads=b'Morph-01',b'Morph-01';semantic_equal=True",0.204648,,False,"{""clang_actual"":""clang"",""gcc_actual"":""gcc""}"
mutation,H01-gcd.c,bf207a4afdd7e623be4bd0751bdc1917c0ee550af0f38c0531b25bb726d1710c,string,M11,semantic_input13,semantic corruption,MR07,Optimization invariance,preserve,True,False,"payloads=['Morph-01', 'Morph-01', 'Morph-01'];semantic_equal=True",0.252039,,False,{}
mutation,H01-gcd.c,bf207a4afdd7e623be4bd0751bdc1917c0ee550af0f38c0531b25bb726d1710c,string,M11,semantic_input13,semantic corruption,MR08,Clean-room relocation,preserve,True,False,relocated=b'Morph-01',0.083725,,False,"{""clean_room_entries"":[""renamed-artifact.bin""],""relocated_hex"":""4d6f7270682d3031""}"
mutation,H01-gcd.c,bf207a4afdd7e623be4bd0751bdc1917c0ee550af0f38c0531b25bb726d1710c,string,M11,semantic_input13,semantic corruption,MR09,Carrier-removal rejection,reject,True,False,rejected:absent:logical record magic not found,0.057874,,False,"{""antecedent_guarded"":true}"
mutation,H01-gcd.c,bf207a4afdd7e623be4bd0751bdc1917c0ee550af0f38c0531b25bb726d1710c,string,M11,semantic_input13,semantic corruption,MR10,Carrier-corruption rejection,reject,True,False,rejected:checksum:payload checksum mismatch,0.053066,,False,"{""antecedent_guarded"":true}"
mutation,H01-gcd.c,bf207a4afdd7e623be4bd0751bdc1917c0ee550af0f38c0531b25bb726d1710c,string,M11,semantic_input13,semantic corruption,MR11,Requested/actual trace agreement,trace,True,False,requested=clang/Os;actual=clang/Os,0.05478,,False,"{""build"":{""actual_compiler"":""clang"",""actual_optimization"":""Os"",""binary"":""WORKDIR/string/M11/MR11/trace/build-01/artifact.bin"",""binary_sha256"":""650cfe3c88df1f2d017ffb90cca03c12e7c5046a1082418abc653d865e9aee7c"",""carrier"":""string"",""command"":[""clang"",""-std=c11"",""-fno-ident"",""-no-pie"",""-Os"",""WORKDIR/string/M11/MR11/trace/build-01/host.c"",""-o"",""WORKDIR/string/M11/MR11/trace/build-01/artifact.bin""],""effective_payload_hex"":""4d6f7270682d3031"",""key"":""key-alpha"",""mutant_id"":""M11"",""requested_compiler"":""clang"",""requested_optimization"":""Os"",""requested_payload_hex"":""4d6f7270682d3031"",""return_code"":0,""source"":""WORKDIR/string/M11/MR11/trace/build-01/host.c"",""source_sha256"":""67af7ba75589de521e52461151c3d1ca7504340275536964b5eaeeaff0d7e778"",""stderr"":""""}}"
mutation,H01-gcd.c,bf207a4afdd7e623be4bd0751bdc1917c0ee550af0f38c0531b25bb726d1710c,string,M11,semantic_input13,semantic corruption,MR12,Interleaved artifact isolation,separate,True,False,parallel_isolation_satisfied,0.092683,,False,"{""aliasing_detected"":false,""both_expected"":true,""execution_order"":""overlapping-builds-then-extract"",""payloads_distinct"":true}"
mutation,H01-gcd.c,bf207a4afdd7e623be4bd0751bdc1917c0ee550af0f38c0531b25bb726d1710c,string,M11,semantic_input13,semantic corruption,MR13,Reordered extraction independence,preserve,True,False,before=b'Morph-01';intervening=b'Second-2';after=b'Morph-01',0.09928,,False,"{""intervening_extraction"":true}"
mutation,H01-gcd.c,bf207a4afdd7e623be4bd0751bdc1917c0ee550af0f38c0531b25bb726d1710c,string,M11,semantic_input13,semantic corruption,MR14,Rebuild stability,preserve,True,False,first=b'Morph-01';second=b'Morph-01',0.105149,,False,"{""binary_bytes_equal"":true,""execution_order"":""build1-extract1-build2-extract2""}"
mutation,H01-gcd.c,bf207a4afdd7e623be4bd0751bdc1917c0ee550af0f38c0531b25bb726d1710c,string,M12,compile_original,stage routing,MR01,Round-trip fidelity,preserve,False,True,exception:ExtractionError:logical record magic not found,0.06906,ExtractionError,False,{}
mutation,H01-gcd.c,bf207a4afdd7e623be4bd0751bdc1917c0ee550af0f38c0531b25bb726d1710c,string,M12,compile_original,stage routing,MR02,Host-semantic preservation,preserve,True,False,mismatch_count=0,0.181227,,False,"{""mismatches"":[]}"
mutation,H01-gcd.c,bf207a4afdd7e623be4bd0751bdc1917c0ee550af0f38c0531b25bb726d1710c,string,M12,compile_original,stage routing,MR03,Unmarked rejection,reject,True,False,rejected:absent:logical record magic not found,0.066989,,False,"{""unmarked_binary_sha256"":""17288de5d8ffc83b2223ee650ec19f96fa9b779f3eb45b8e2433c730b7a1e3e2""}"
mutation,H01-gcd.c,bf207a4afdd7e623be4bd0751bdc1917c0ee550af0f38c0531b25bb726d1710c,string,M12,compile_original,stage routing,MR04,Wrong-key rejection,reject,True,False,rejected:wrong-key:key tag mismatch,0.085473,,False,"{""antecedent_guarded"":true,""antecedent_hex"":""4d6f7270682d3031""}"
mutation,H01-gcd.c,bf207a4afdd7e623be4bd0751bdc1917c0ee550af0f38c0531b25bb726d1710c,string,M12,compile_original,stage routing,MR05,Payload separation,separate,False,True,exception:ExtractionError:logical record magic not found,0.116956,ExtractionError,False,{}
mutation,H01-gcd.c,bf207a4afdd7e623be4bd0751bdc1917c0ee550af0f38c0531b25bb726d1710c,string,M12,compile_original,stage routing,MR06,Cross-compiler invariance,preserve,False,True,exception:ExtractionError:logical record magic not found,0.129247,ExtractionError,False,{}
mutation,H01-gcd.c,bf207a4afdd7e623be4bd0751bdc1917c0ee550af0f38c0531b25bb726d1710c,string,M12,compile_original,stage routing,MR07,Optimization invariance,preserve,False,True,exception:ExtractionError:logical record magic not found,0.184539,ExtractionError,False,{}
mutation,H01-gcd.c,bf207a4afdd7e623be4bd0751bdc1917c0ee550af0f38c0531b25bb726d1710c,string,M12,compile_original,stage routing,MR08,Clean-room relocation,preserve,False,True,exception:ExtractionError:logical record magic not found,0.06241,ExtractionError,False,{}
mutation,H01-gcd.c,bf207a4afdd7e623be4bd0751bdc1917c0ee550af0f38c0531b25bb726d1710c,string,M12,compile_original,stage routing,MR09,Carrier-removal rejection,reject,True,False,rejected:absent:logical record magic not found,0.079513,,False,"{""antecedent_guarded"":true}"
mutation,H01-gcd.c,bf207a4afdd7e623be4bd0751bdc1917c0ee550af0f38c0531b25bb726d1710c,string,M12,compile_original,stage routing,MR10,Carrier-corruption rejection,reject,True,False,rejected:checksum:payload checksum mismatch,0.056438,,False,"{""antecedent_guarded"":true}"
mutation,H01-gcd.c,bf207a4afdd7e623be4bd0751bdc1917c0ee550af0f38c0531b25bb726d1710c,string,M12,compile_original,stage routing,MR11,Requested/actual trace agreement,trace,True,False,requested=clang/Os;actual=clang/Os,0.05995,,False,"{""build"":{""actual_compiler"":""clang"",""actual_optimization"":""Os"",""binary"":""WORKDIR/string/M12/MR11/trace/build-01/artifact.bin"",""binary_sha256"":""8979583311288d6755db67bfb67a745238b66729f18570b075945ee29c1a551b"",""carrier"":""string"",""command"":[""clang"",""-std=c11"",""-fno-ident"",""-no-pie"",""-Os"",""WORKDIR/string/M12/MR11/trace/build-01/host.c"",""-o"",""WORKDIR/string/M12/MR11/trace/build-01/artifact.bin""],""effective_payload_hex"":""4d6f7270682d3031"",""key"":""key-alpha"",""mutant_id"":""M12"",""requested_compiler"":""clang"",""requested_optimization"":""Os"",""requested_payload_hex"":""4d6f7270682d3031"",""return_code"":0,""source"":""WORKDIR/string/M12/MR11/trace/build-01/host.c"",""source_sha256"":""bf207a4afdd7e623be4bd0751bdc1917c0ee550af0f38c0531b25bb726d1710c"",""stderr"":""""}}"
mutation,H01-gcd.c,bf207a4afdd7e623be4bd0751bdc1917c0ee550af0f38c0531b25bb726d1710c,string,M12,compile_original,stage routing,MR12,Interleaved artifact isolation,separate,False,True,exception:ExtractionError:logical record magic not found,0.08929,ExtractionError,False,{}
mutation,H01-gcd.c,bf207a4afdd7e623be4bd0751bdc1917c0ee550af0f38c0531b25bb726d1710c,string,M12,compile_original,stage routing,MR13,Reordered extraction independence,preserve,False,True,exception:ExtractionError:logical record magic not found,0.066754,ExtractionError,False,{}
mutation,H01-gcd.c,bf207a4afdd7e623be4bd0751bdc1917c0ee550af0f38c0531b25bb726d1710c,string,M12,compile_original,stage routing,MR14,Rebuild stability,preserve,False,True,exception:ExtractionError:logical record magic not found,0.059949,ExtractionError,False,{}
mutation,H01-gcd.c,bf207a4afdd7e623be4bd0751bdc1917c0ee550af0f38c0531b25bb726d1710c,string,M13,force_gcc,configuration,MR01,Round-trip fidelity,preserve,True,False,extracted=b'Morph-01',0.074821,,False,"{""build"":{""actual_compiler"":""gcc"",""actual_optimization"":""O2"",""binary"":""WORKDIR/string/M13/MR01/marked/build-01/artifact.bin"",""binary_sha256"":""b8e5790f338ae8db35cfffc794a440a51f513484ba40b60dbac7eb19948f430c"",""carrier"":""string"",""command"":[""gcc"",""-std=c11"",""-fno-ident"",""-no-pie"",""-O2"",""WORKDIR/string/M13/MR01/marked/build-01/host.c"",""-o"",""WORKDIR/string/M13/MR01/marked/build-01/artifact.bin""],""effective_payload_hex"":""4d6f7270682d3031"",""key"":""key-alpha"",""mutant_id"":""M13"",""requested_compiler"":""gcc"",""requested_optimization"":""O2"",""requested_payload_hex"":""4d6f7270682d3031"",""return_code"":0,""source"":""WORKDIR/string/M13/MR01/marked/build-01/host.c"",""source_sha256"":""de3dd3bc3add920f6b14f3cfa83262c596594edfaf1d5fcc70bb4bc78a38fa0e"",""stderr"":""""},""extracted_hex"":""4d6f7270682d3031""}"
mutation,H01-gcd.c,bf207a4afdd7e623be4bd0751bdc1917c0ee550af0f38c0531b25bb726d1710c,string,M13,force_gcc,configuration,MR02,Host-semantic preservation,preserve,True,False,mismatch_count=0,0.185793,,False,"{""mismatches"":[]}"
mutation,H01-gcd.c,bf207a4afdd7e623be4bd0751bdc1917c0ee550af0f38c0531b25bb726d1710c,string,M13,force_gcc,configuration,MR03,Unmarked rejection,reject,True,False,rejected:absent:logical record magic not found,0.075425,,False,"{""unmarked_binary_sha256"":""17288de5d8ffc83b2223ee650ec19f96fa9b779f3eb45b8e2433c730b7a1e3e2""}"
mutation,H01-gcd.c,bf207a4afdd7e623be4bd0751bdc1917c0ee550af0f38c0531b25bb726d1710c,string,M13,force_gcc,configuration,MR04,Wrong-key rejection,reject,True,False,rejected:wrong-key:key tag mismatch,0.073601,,False,"{""antecedent_guarded"":true,""antecedent_hex"":""4d6f7270682d3031""}"
mutation,H01-gcd.c,bf207a4afdd7e623be4bd0751bdc1917c0ee550af0f38c0531b25bb726d1710c,string,M13,force_gcc,configuration,MR05,Payload separation,separate,True,False,first=b'Morph-01';second=b'Second-2',0.124769,,False,"{""execution_order"":""sequential-builds-then-extract"",""first_hex"":""4d6f7270682d3031"",""second_hex"":""5365636f6e642d32""}"
mutation,H01-gcd.c,bf207a4afdd7e623be4bd0751bdc1917c0ee550af0f38c0531b25bb726d1710c,string,M13,force_gcc,configuration,MR06,Cross-compiler invariance,preserve,True,False,"payloads=b'Morph-01',b'Morph-01';semantic_equal=True",0.147286,,False,"{""clang_actual"":""gcc"",""gcc_actual"":""gcc""}"
mutation,H01-gcd.c,bf207a4afdd7e623be4bd0751bdc1917c0ee550af0f38c0531b25bb726d1710c,string,M13,force_gcc,configuration,MR07,Optimization invariance,preserve,True,False,"payloads=['Morph-01', 'Morph-01', 'Morph-01'];semantic_equal=True",0.21369,,False,{}
mutation,H01-gcd.c,bf207a4afdd7e623be4bd0751bdc1917c0ee550af0f38c0531b25bb726d1710c,string,M13,force_gcc,configuration,MR08,Clean-room relocation,preserve,True,False,relocated=b'Morph-01',0.076627,,False,"{""clean_room_entries"":[""renamed-artifact.bin""],""relocated_hex"":""4d6f7270682d3031""}"
mutation,H01-gcd.c,bf207a4afdd7e623be4bd0751bdc1917c0ee550af0f38c0531b25bb726d1710c,string,M13,force_gcc,configuration,MR09,Carrier-removal rejection,reject,True,False,rejected:absent:logical record magic not found,0.033184,,False,"{""antecedent_guarded"":true}"
mutation,H01-gcd.c,bf207a4afdd7e623be4bd0751bdc1917c0ee550af0f38c0531b25bb726d1710c,string,M13,force_gcc,configuration,MR10,Carrier-corruption rejection,reject,True,False,rejected:checksum:payload checksum mismatch,0.063597,,False,"{""antecedent_guarded"":true}"
mutation,H01-gcd.c,bf207a4afdd7e623be4bd0751bdc1917c0ee550af0f38c0531b25bb726d1710c,string,M13,force_gcc,configuration,MR11,Requested/actual trace agreement,trace,False,True,requested=clang/Os;actual=gcc/Os,0.075263,,False,"{""build"":{""actual_compiler"":""gcc"",""actual_optimization"":""Os"",""binary"":""WORKDIR/string/M13/MR11/trace/build-01/artifact.bin"",""binary_sha256"":""6229fadbf21a1675f445b8e07af7967457eaccdfb826afce65dbb2413911252d"",""carrier"":""string"",""command"":[""gcc"",""-std=c11"",""-fno-ident"",""-no-pie"",""-Os"",""WORKDIR/string/M13/MR11/trace/build-01/host.c"",""-o"",""WORKDIR/string/M13/MR11/trace/build-01/artifact.bin""],""effective_payload_hex"":""4d6f7270682d3031"",""key"":""key-alpha"",""mutant_id"":""M13"",""requested_compiler"":""clang"",""requested_optimization"":""Os"",""requested_payload_hex"":""4d6f7270682d3031"",""return_code"":0,""source"":""WORKDIR/string/M13/MR11/trace/build-01/host.c"",""source_sha256"":""de3dd3bc3add920f6b14f3cfa83262c596594edfaf1d5fcc70bb4bc78a38fa0e"",""stderr"":""""}}"
mutation,H01-gcd.c,bf207a4afdd7e623be4bd0751bdc1917c0ee550af0f38c0531b25bb726d1710c,string,M13,force_gcc,configuration,MR12,Interleaved artifact isolation,separate,True,False,parallel_isolation_satisfied,0.06859,,False,"{""aliasing_detected"":false,""both_expected"":true,""execution_order"":""overlapping-builds-then-extract"",""payloads_distinct"":true}"
mutation,H01-gcd.c,bf207a4afdd7e623be4bd0751bdc1917c0ee550af0f38c0531b25bb726d1710c,string,M13,force_gcc,configuration,MR13,Reordered extraction independence,preserve,True,False,before=b'Morph-01';intervening=b'Second-2';after=b'Morph-01',0.119302,,False,"{""intervening_extraction"":true}"
mutation,H01-gcd.c,bf207a4afdd7e623be4bd0751bdc1917c0ee550af0f38c0531b25bb726d1710c,string,M13,force_gcc,configuration,MR14,Rebuild stability,preserve,True,False,first=b'Morph-01';second=b'Morph-01',0.107304,,False,"{""binary_bytes_equal"":true,""execution_order"":""build1-extract1-build2-extract2""}"
mutation,H01-gcd.c,bf207a4afdd7e623be4bd0751bdc1917c0ee550af0f38c0531b25bb726d1710c,string,M14,force_O0,configuration,MR01,Round-trip fidelity,preserve,True,False,extracted=b'Morph-01',0.0405,,False,"{""build"":{""actual_compiler"":""gcc"",""actual_optimization"":""O0"",""binary"":""WORKDIR/string/M14/MR01/marked/build-01/artifact.bin"",""binary_sha256"":""aa4ee3211125033bc560f008603cdc043ea899be400e5a47d99debbac691ede0"",""carrier"":""string"",""command"":[""gcc"",""-std=c11"",""-fno-ident"",""-no-pie"",""-O0"",""WORKDIR/string/M14/MR01/marked/build-01/host.c"",""-o"",""WORKDIR/string/M14/MR01/marked/build-01/artifact.bin""],""effective_payload_hex"":""4d6f7270682d3031"",""key"":""key-alpha"",""mutant_id"":""M14"",""requested_compiler"":""gcc"",""requested_optimization"":""O2"",""requested_payload_hex"":""4d6f7270682d3031"",""return_code"":0,""source"":""WORKDIR/string/M14/MR01/marked/build-01/host.c"",""source_sha256"":""de3dd3bc3add920f6b14f3cfa83262c596594edfaf1d5fcc70bb4bc78a38fa0e"",""stderr"":""""},""extracted_hex"":""4d6f7270682d3031""}"
mutation,H01-gcd.c,bf207a4afdd7e623be4bd0751bdc1917c0ee550af0f38c0531b25bb726d1710c,string,M14,force_O0,configuration,MR02,Host-semantic preservation,preserve,True,False,mismatch_count=0,0.130855,,False,"{""mismatches"":[]}"
mutation,H01-gcd.c,bf207a4afdd7e623be4bd0751bdc1917c0ee550af0f38c0531b25bb726d1710c,string,M14,force_O0,configuration,MR03,Unmarked rejection,reject,True,False,rejected:absent:logical record magic not found,0.042916,,False,"{""unmarked_binary_sha256"":""9b4d3b3c14fed8daa1b0d67cbd603737a48b61b6fcbe1d6f6b318081d458be0b""}"
mutation,H01-gcd.c,bf207a4afdd7e623be4bd0751bdc1917c0ee550af0f38c0531b25bb726d1710c,string,M14,force_O0,configuration,MR04,Wrong-key rejection,reject,True,False,rejected:wrong-key:key tag mismatch,0.075994,,False,"{""antecedent_guarded"":true,""antecedent_hex"":""4d6f7270682d3031""}"
mutation,H01-gcd.c,bf207a4afdd7e623be4bd0751bdc1917c0ee550af0f38c0531b25bb726d1710c,string,M14,force_O0,configuration,MR05,Payload separation,separate,True,False,first=b'Morph-01';second=b'Second-2',0.115994,,False,"{""execution_order"":""sequential-builds-then-extract"",""first_hex"":""4d6f7270682d3031"",""second_hex"":""5365636f6e642d32""}"
mutation,H01-gcd.c,bf207a4afdd7e623be4bd0751bdc1917c0ee550af0f38c0531b25bb726d1710c,string,M14,force_O0,configuration,MR06,Cross-compiler invariance,preserve,True,False,"payloads=b'Morph-01',b'Morph-01';semantic_equal=True",0.142665,,False,"{""clang_actual"":""clang"",""gcc_actual"":""gcc""}"
mutation,H01-gcd.c,bf207a4afdd7e623be4bd0751bdc1917c0ee550af0f38c0531b25bb726d1710c,string,M14,force_O0,configuration,MR07,Optimization invariance,preserve,True,False,"payloads=['Morph-01', 'Morph-01', 'Morph-01'];semantic_equal=True",0.228127,,False,{}
mutation,H01-gcd.c,bf207a4afdd7e623be4bd0751bdc1917c0ee550af0f38c0531b25bb726d1710c,string,M14,force_O0,configuration,MR08,Clean-room relocation,preserve,True,False,relocated=b'Morph-01',0.046728,,False,"{""clean_room_entries"":[""renamed-artifact.bin""],""relocated_hex"":""4d6f7270682d3031""}"
mutation,H01-gcd.c,bf207a4afdd7e623be4bd0751bdc1917c0ee550af0f38c0531b25bb726d1710c,string,M14,force_O0,configuration,MR09,Carrier-removal rejection,reject,True,False,rejected:absent:logical record magic not found,0.090398,,False,"{""antecedent_guarded"":true}"
mutation,H01-gcd.c,bf207a4afdd7e623be4bd0751bdc1917c0ee550af0f38c0531b25bb726d1710c,string,M14,force_O0,configuration,MR10,Carrier-corruption rejection,reject,True,False,rejected:checksum:payload checksum mismatch,0.032457,,False,"{""antecedent_guarded"":true}"
mutation,H01-gcd.c,bf207a4afdd7e623be4bd0751bdc1917c0ee550af0f38c0531b25bb726d1710c,string,M14,force_O0,configuration,MR11,Requested/actual trace agreement,trace,False,True,requested=clang/Os;actual=clang/O0,0.043386,,False,"{""build"":{""actual_compiler"":""clang"",""actual_optimization"":""O0"",""binary"":""WORKDIR/string/M14/MR11/trace/build-01/artifact.bin"",""binary_sha256"":""0448246b6dfc5ceef756ce44ee747b7e724419c6d1d329df08a57018d5da6ea2"",""carrier"":""string"",""command"":[""clang"",""-std=c11"",""-fno-ident"",""-no-pie"",""-O0"",""WORKDIR/string/M14/MR11/trace/build-01/host.c"",""-o"",""WORKDIR/string/M14/MR11/trace/build-01/artifact.bin""],""effective_payload_hex"":""4d6f7270682d3031"",""key"":""key-alpha"",""mutant_id"":""M14"",""requested_compiler"":""clang"",""requested_optimization"":""Os"",""requested_payload_hex"":""4d6f7270682d3031"",""return_code"":0,""source"":""WORKDIR/string/M14/MR11/trace/build-01/host.c"",""source_sha256"":""de3dd3bc3add920f6b14f3cfa83262c596594edfaf1d5fcc70bb4bc78a38fa0e"",""stderr"":""""}}"
mutation,H01-gcd.c,bf207a4afdd7e623be4bd0751bdc1917c0ee550af0f38c0531b25bb726d1710c,string,M14,force_O0,configuration,MR12,Interleaved artifact isolation,separate,True,False,parallel_isolation_satisfied,0.083959,,False,"{""aliasing_detected"":false,""both_expected"":true,""execution_order"":""overlapping-builds-then-extract"",""payloads_distinct"":true}"
mutation,H01-gcd.c,bf207a4afdd7e623be4bd0751bdc1917c0ee550af0f38c0531b25bb726d1710c,string,M14,force_O0,configuration,MR13,Reordered extraction independence,preserve,True,False,before=b'Morph-01';intervening=b'Second-2';after=b'Morph-01',0.097068,,False,"{""intervening_extraction"":true}"
mutation,H01-gcd.c,bf207a4afdd7e623be4bd0751bdc1917c0ee550af0f38c0531b25bb726d1710c,string,M14,force_O0,configuration,MR14,Rebuild stability,preserve,True,False,first=b'Morph-01';second=b'Morph-01',0.106844,,False,"{""binary_bytes_equal"":true,""execution_order"":""build1-extract1-build2-extract2""}"
mutation,H01-gcd.c,bf207a4afdd7e623be4bd0751bdc1917c0ee550af0f38c0531b25bb726d1710c,string,M15,transform_noop,transformation,MR01,Round-trip fidelity,preserve,True,False,extracted=b'Morph-01',0.069055,,False,"{""build"":{""actual_compiler"":""gcc"",""actual_optimization"":""O2"",""binary"":""WORKDIR/string/M15/MR01/marked/build-01/artifact.bin"",""binary_sha256"":""b8e5790f338ae8db35cfffc794a440a51f513484ba40b60dbac7eb19948f430c"",""carrier"":""string"",""command"":[""gcc"",""-std=c11"",""-fno-ident"",""-no-pie"",""-O2"",""WORKDIR/string/M15/MR01/marked/build-01/host.c"",""-o"",""WORKDIR/string/M15/MR01/marked/build-01/artifact.bin""],""effective_payload_hex"":""4d6f7270682d3031"",""key"":""key-alpha"",""mutant_id"":""M15"",""requested_compiler"":""gcc"",""requested_optimization"":""O2"",""requested_payload_hex"":""4d6f7270682d3031"",""return_code"":0,""source"":""WORKDIR/string/M15/MR01/marked/build-01/host.c"",""source_sha256"":""de3dd3bc3add920f6b14f3cfa83262c596594edfaf1d5fcc70bb4bc78a38fa0e"",""stderr"":""""},""extracted_hex"":""4d6f7270682d3031""}"
mutation,H01-gcd.c,bf207a4afdd7e623be4bd0751bdc1917c0ee550af0f38c0531b25bb726d1710c,string,M15,transform_noop,transformation,MR02,Host-semantic preservation,preserve,True,False,mismatch_count=0,0.148047,,False,"{""mismatches"":[]}"
mutation,H01-gcd.c,bf207a4afdd7e623be4bd0751bdc1917c0ee550af0f38c0531b25bb726d1710c,string,M15,transform_noop,transformation,MR03,Unmarked rejection,reject,True,False,rejected:absent:logical record magic not found,0.05973,,False,"{""unmarked_binary_sha256"":""17288de5d8ffc83b2223ee650ec19f96fa9b779f3eb45b8e2433c730b7a1e3e2""}"
mutation,H01-gcd.c,bf207a4afdd7e623be4bd0751bdc1917c0ee550af0f38c0531b25bb726d1710c,string,M15,transform_noop,transformation,MR04,Wrong-key rejection,reject,True,False,rejected:wrong-key:key tag mismatch,0.081568,,False,"{""antecedent_guarded"":true,""antecedent_hex"":""4d6f7270682d3031""}"
mutation,H01-gcd.c,bf207a4afdd7e623be4bd0751bdc1917c0ee550af0f38c0531b25bb726d1710c,string,M15,transform_noop,transformation,MR05,Payload separation,separate,True,False,first=b'Morph-01';second=b'Second-2',0.106798,,False,"{""execution_order"":""sequential-builds-then-extract"",""first_hex"":""4d6f7270682d3031"",""second_hex"":""5365636f6e642d32""}"
mutation,H01-gcd.c,bf207a4afdd7e623be4bd0751bdc1917c0ee550af0f38c0531b25bb726d1710c,string,M15,transform_noop,transformation,MR06,Cross-compiler invariance,preserve,True,False,"payloads=b'Morph-01',b'Morph-01';semantic_equal=True",0.193615,,False,"{""clang_actual"":""clang"",""gcc_actual"":""gcc""}"
mutation,H01-gcd.c,bf207a4afdd7e623be4bd0751bdc1917c0ee550af0f38c0531b25bb726d1710c,string,M15,transform_noop,transformation,MR07,Optimization invariance,preserve,True,False,"payloads=['Morph-01', 'Morph-01', 'Morph-01'];semantic_equal=True",0.237927,,False,{}
mutation,H01-gcd.c,bf207a4afdd7e623be4bd0751bdc1917c0ee550af0f38c0531b25bb726d1710c,string,M15,transform_noop,transformation,MR08,Clean-room relocation,preserve,True,False,relocated=b'Morph-01',0.059716,,False,"{""clean_room_entries"":[""renamed-artifact.bin""],""relocated_hex"":""4d6f7270682d3031""}"
mutation,H01-gcd.c,bf207a4afdd7e623be4bd0751bdc1917c0ee550af0f38c0531b25bb726d1710c,string,M15,transform_noop,transformation,MR09,Carrier-removal rejection,reject,False,True,spurious robustness:accepted:b'Morph-01',0.067164,,False,"{""antecedent_guarded"":true}"
mutation,H01-gcd.c,bf207a4afdd7e623be4bd0751bdc1917c0ee550af0f38c0531b25bb726d1710c,string,M15,transform_noop,transformation,MR10,Carrier-corruption rejection,reject,True,False,rejected:checksum:payload checksum mismatch,0.057014,,False,"{""antecedent_guarded"":true}"
mutation,H01-gcd.c,bf207a4afdd7e623be4bd0751bdc1917c0ee550af0f38c0531b25bb726d1710c,string,M15,transform_noop,transformation,MR11,Requested/actual trace agreement,trace,True,False,requested=clang/Os;actual=clang/Os,0.063062,,False,"{""build"":{""actual_compiler"":""clang"",""actual_optimization"":""Os"",""binary"":""WORKDIR/string/M15/MR11/trace/build-01/artifact.bin"",""binary_sha256"":""bf1b3f8ba8daa55b6d499a4bbb63a61efb7b30a4d426a514b1ce3e529d1be05b"",""carrier"":""string"",""command"":[""clang"",""-std=c11"",""-fno-ident"",""-no-pie"",""-Os"",""WORKDIR/string/M15/MR11/trace/build-01/host.c"",""-o"",""WORKDIR/string/M15/MR11/trace/build-01/artifact.bin""],""effective_payload_hex"":""4d6f7270682d3031"",""key"":""key-alpha"",""mutant_id"":""M15"",""requested_compiler"":""clang"",""requested_optimization"":""Os"",""requested_payload_hex"":""4d6f7270682d3031"",""return_code"":0,""source"":""WORKDIR/string/M15/MR11/trace/build-01/host.c"",""source_sha256"":""de3dd3bc3add920f6b14f3cfa83262c596594edfaf1d5fcc70bb4bc78a38fa0e"",""stderr"":""""}}"
mutation,H01-gcd.c,bf207a4afdd7e623be4bd0751bdc1917c0ee550af0f38c0531b25bb726d1710c,string,M15,transform_noop,transformation,MR12,Interleaved artifact isolation,separate,True,False,parallel_isolation_satisfied,0.086957,,False,"{""aliasing_detected"":false,""both_expected"":true,""execution_order"":""overlapping-builds-then-extract"",""payloads_distinct"":true}"
mutation,H01-gcd.c,bf207a4afdd7e623be4bd0751bdc1917c0ee550af0f38c0531b25bb726d1710c,string,M15,transform_noop,transformation,MR13,Reordered extraction independence,preserve,True,False,before=b'Morph-01';intervening=b'Second-2';after=b'Morph-01',0.113665,,False,"{""intervening_extraction"":true}"
mutation,H01-gcd.c,bf207a4afdd7e623be4bd0751bdc1917c0ee550af0f38c0531b25bb726d1710c,string,M15,transform_noop,transformation,MR14,Rebuild stability,preserve,True,False,first=b'Morph-01';second=b'Morph-01',0.122656,,False,"{""binary_bytes_equal"":true,""execution_order"":""build1-extract1-build2-extract2""}"
mutation,H01-gcd.c,bf207a4afdd7e623be4bd0751bdc1917c0ee550af0f38c0531b25bb726d1710c,string,M16,checksum_bypass,integrity,MR01,Round-trip fidelity,preserve,True,False,extracted=b'Morph-01',0.07906,,False,"{""build"":{""actual_compiler"":""gcc"",""actual_optimization"":""O2"",""binary"":""WORKDIR/string/M16/MR01/marked/build-01/artifact.bin"",""binary_sha256"":""b8e5790f338ae8db35cfffc794a440a51f513484ba40b60dbac7eb19948f430c"",""carrier"":""string"",""command"":[""gcc"",""-std=c11"",""-fno-ident"",""-no-pie"",""-O2"",""WORKDIR/string/M16/MR01/marked/build-01/host.c"",""-o"",""WORKDIR/string/M16/MR01/marked/build-01/artifact.bin""],""effective_payload_hex"":""4d6f7270682d3031"",""key"":""key-alpha"",""mutant_id"":""M16"",""requested_compiler"":""gcc"",""requested_optimization"":""O2"",""requested_payload_hex"":""4d6f7270682d3031"",""return_code"":0,""source"":""WORKDIR/string/M16/MR01/marked/build-01/host.c"",""source_sha256"":""de3dd3bc3add920f6b14f3cfa83262c596594edfaf1d5fcc70bb4bc78a38fa0e"",""stderr"":""""},""extracted_hex"":""4d6f7270682d3031""}"
mutation,H01-gcd.c,bf207a4afdd7e623be4bd0751bdc1917c0ee550af0f38c0531b25bb726d1710c,string,M16,checksum_bypass,integrity,MR02,Host-semantic preservation,preserve,True,False,mismatch_count=0,0.150177,,False,"{""mismatches"":[]}"
mutation,H01-gcd.c,bf207a4afdd7e623be4bd0751bdc1917c0ee550af0f38c0531b25bb726d1710c,string,M16,checksum_bypass,integrity,MR03,Unmarked rejection,reject,True,False,rejected:absent:logical record magic not found,0.068253,,False,"{""unmarked_binary_sha256"":""17288de5d8ffc83b2223ee650ec19f96fa9b779f3eb45b8e2433c730b7a1e3e2""}"
mutation,H01-gcd.c,bf207a4afdd7e623be4bd0751bdc1917c0ee550af0f38c0531b25bb726d1710c,string,M16,checksum_bypass,integrity,MR04,Wrong-key rejection,reject,True,False,rejected:wrong-key:key tag mismatch,0.049492,,False,"{""antecedent_guarded"":true,""antecedent_hex"":""4d6f7270682d3031""}"
mutation,H01-gcd.c,bf207a4afdd7e623be4bd0751bdc1917c0ee550af0f38c0531b25bb726d1710c,string,M16,checksum_bypass,integrity,MR05,Payload separation,separate,True,False,first=b'Morph-01';second=b'Second-2',0.112189,,False,"{""execution_order"":""sequential-builds-then-extract"",""first_hex"":""4d6f7270682d3031"",""second_hex"":""5365636f6e642d32""}"
mutation,H01-gcd.c,bf207a4afdd7e623be4bd0751bdc1917c0ee550af0f38c0531b25bb726d1710c,string,M16,checksum_bypass,integrity,MR06,Cross-compiler invariance,preserve,True,False,"payloads=b'Morph-01',b'Morph-01';semantic_equal=True",0.141189,,False,"{""clang_actual"":""clang"",""gcc_actual"":""gcc""}"
mutation,H01-gcd.c,bf207a4afdd7e623be4bd0751bdc1917c0ee550af0f38c0531b25bb726d1710c,string,M16,checksum_bypass,integrity,MR07,Optimization invariance,preserve,True,False,"payloads=['Morph-01', 'Morph-01', 'Morph-01'];semantic_equal=True",0.236657,,False,{}
mutation,H01-gcd.c,bf207a4afdd7e623be4bd0751bdc1917c0ee550af0f38c0531b25bb726d1710c,string,M16,checksum_bypass,integrity,MR08,Clean-room relocation,preserve,True,False,relocated=b'Morph-01',0.059759,,False,"{""clean_room_entries"":[""renamed-artifact.bin""],""relocated_hex"":""4d6f7270682d3031""}"
mutation,H01-gcd.c,bf207a4afdd7e623be4bd0751bdc1917c0ee550af0f38c0531b25bb726d1710c,string,M16,checksum_bypass,integrity,MR09,Carrier-removal rejection,reject,True,False,rejected:absent:logical record magic not found,0.078974,,False,"{""antecedent_guarded"":true}"
mutation,H01-gcd.c,bf207a4afdd7e623be4bd0751bdc1917c0ee550af0f38c0531b25bb726d1710c,string,M16,checksum_bypass,integrity,MR10,Carrier-corruption rejection,reject,False,True,corruption accepted:accepted:b'Morph-01',0.069503,,False,"{""antecedent_guarded"":true}"
mutation,H01-gcd.c,bf207a4afdd7e623be4bd0751bdc1917c0ee550af0f38c0531b25bb726d1710c,string,M16,checksum_bypass,integrity,MR11,Requested/actual trace agreement,trace,True,False,requested=clang/Os;actual=clang/Os,0.073243,,False,"{""build"":{""actual_compiler"":""clang"",""actual_optimization"":""Os"",""binary"":""WORKDIR/string/M16/MR11/trace/build-01/artifact.bin"",""binary_sha256"":""bf1b3f8ba8daa55b6d499a4bbb63a61efb7b30a4d426a514b1ce3e529d1be05b"",""carrier"":""string"",""command"":[""clang"",""-std=c11"",""-fno-ident"",""-no-pie"",""-Os"",""WORKDIR/string/M16/MR11/trace/build-01/host.c"",""-o"",""WORKDIR/string/M16/MR11/trace/build-01/artifact.bin""],""effective_payload_hex"":""4d6f7270682d3031"",""key"":""key-alpha"",""mutant_id"":""M16"",""requested_compiler"":""clang"",""requested_optimization"":""Os"",""requested_payload_hex"":""4d6f7270682d3031"",""return_code"":0,""source"":""WORKDIR/string/M16/MR11/trace/build-01/host.c"",""source_sha256"":""de3dd3bc3add920f6b14f3cfa83262c596594edfaf1d5fcc70bb4bc78a38fa0e"",""stderr"":""""}}"
mutation,H01-gcd.c,bf207a4afdd7e623be4bd0751bdc1917c0ee550af0f38c0531b25bb726d1710c,string,M16,checksum_bypass,integrity,MR12,Interleaved artifact isolation,separate,True,False,parallel_isolation_satisfied,0.045809,,False,"{""aliasing_detected"":false,""both_expected"":true,""execution_order"":""overlapping-builds-then-extract"",""payloads_distinct"":true}"
mutation,H01-gcd.c,bf207a4afdd7e623be4bd0751bdc1917c0ee550af0f38c0531b25bb726d1710c,string,M16,checksum_bypass,integrity,MR13,Reordered extraction independence,preserve,True,False,before=b'Morph-01';intervening=b'Second-2';after=b'Morph-01',0.127524,,False,"{""intervening_extraction"":true}"
mutation,H01-gcd.c,bf207a4afdd7e623be4bd0751bdc1917c0ee550af0f38c0531b25bb726d1710c,string,M16,checksum_bypass,integrity,MR14,Rebuild stability,preserve,True,False,first=b'Morph-01';second=b'Morph-01',0.093829,,False,"{""binary_bytes_equal"":true,""execution_order"":""build1-extract1-build2-extract2""}"
mutation,H01-gcd.c,bf207a4afdd7e623be4bd0751bdc1917c0ee550af0f38c0531b25bb726d1710c,string,M17,filename_bound,artifact binding,MR01,Round-trip fidelity,preserve,True,False,extracted=b'Morph-01',0.062084,,False,"{""build"":{""actual_compiler"":""gcc"",""actual_optimization"":""O2"",""binary"":""WORKDIR/string/M17/MR01/marked/build-01/artifact.bin"",""binary_sha256"":""b8e5790f338ae8db35cfffc794a440a51f513484ba40b60dbac7eb19948f430c"",""carrier"":""string"",""command"":[""gcc"",""-std=c11"",""-fno-ident"",""-no-pie"",""-O2"",""WORKDIR/string/M17/MR01/marked/build-01/host.c"",""-o"",""WORKDIR/string/M17/MR01/marked/build-01/artifact.bin""],""effective_payload_hex"":""4d6f7270682d3031"",""key"":""key-alpha"",""mutant_id"":""M17"",""requested_compiler"":""gcc"",""requested_optimization"":""O2"",""requested_payload_hex"":""4d6f7270682d3031"",""return_code"":0,""source"":""WORKDIR/string/M17/MR01/marked/build-01/host.c"",""source_sha256"":""de3dd3bc3add920f6b14f3cfa83262c596594edfaf1d5fcc70bb4bc78a38fa0e"",""stderr"":""""},""extracted_hex"":""4d6f7270682d3031""}"
mutation,H01-gcd.c,bf207a4afdd7e623be4bd0751bdc1917c0ee550af0f38c0531b25bb726d1710c,string,M17,filename_bound,artifact binding,MR02,Host-semantic preservation,preserve,True,False,mismatch_count=0,0.167994,,False,"{""mismatches"":[]}"
mutation,H01-gcd.c,bf207a4afdd7e623be4bd0751bdc1917c0ee550af0f38c0531b25bb726d1710c,string,M17,filename_bound,artifact binding,MR03,Unmarked rejection,reject,True,False,rejected:absent:logical record magic not found,0.082167,,False,"{""unmarked_binary_sha256"":""17288de5d8ffc83b2223ee650ec19f96fa9b779f3eb45b8e2433c730b7a1e3e2""}"
mutation,H01-gcd.c,bf207a4afdd7e623be4bd0751bdc1917c0ee550af0f38c0531b25bb726d1710c,string,M17,filename_bound,artifact binding,MR04,Wrong-key rejection,reject,True,False,rejected:wrong-key:key tag mismatch,0.065962,,False,"{""antecedent_guarded"":true,""antecedent_hex"":""4d6f7270682d3031""}"
mutation,H01-gcd.c,bf207a4afdd7e623be4bd0751bdc1917c0ee550af0f38c0531b25bb726d1710c,string,M17,filename_bound,artifact binding,MR05,Payload separation,separate,True,False,first=b'Morph-01';second=b'Second-2',0.170131,,False,"{""execution_order"":""sequential-builds-then-extract"",""first_hex"":""4d6f7270682d3031"",""second_hex"":""5365636f6e642d32""}"
mutation,H01-gcd.c,bf207a4afdd7e623be4bd0751bdc1917c0ee550af0f38c0531b25bb726d1710c,string,M17,filename_bound,artifact binding,MR06,Cross-compiler invariance,preserve,True,False,"payloads=b'Morph-01',b'Morph-01';semantic_equal=True",0.164503,,False,"{""clang_actual"":""clang"",""gcc_actual"":""gcc""}"
mutation,H01-gcd.c,bf207a4afdd7e623be4bd0751bdc1917c0ee550af0f38c0531b25bb726d1710c,string,M17,filename_bound,artifact binding,MR07,Optimization invariance,preserve,True,False,"payloads=['Morph-01', 'Morph-01', 'Morph-01'];semantic_equal=True",0.209793,,False,{}
mutation,H01-gcd.c,bf207a4afdd7e623be4bd0751bdc1917c0ee550af0f38c0531b25bb726d1710c,string,M17,filename_bound,artifact binding,MR08,Clean-room relocation,preserve,False,True,exception:ExtractionError:artifact path is not an original build path,0.041917,ExtractionError,False,{}
mutation,H01-gcd.c,bf207a4afdd7e623be4bd0751bdc1917c0ee550af0f38c0531b25bb726d1710c,string,M17,filename_bound,artifact binding,MR09,Carrier-removal rejection,reject,True,False,rejected:path:artifact path is not an original build path,0.072207,,False,"{""antecedent_guarded"":true}"
mutation,H01-gcd.c,bf207a4afdd7e623be4bd0751bdc1917c0ee550af0f38c0531b25bb726d1710c,string,M17,filename_bound,artifact binding,MR10,Carrier-corruption rejection,reject,True,False,rejected:path:artifact path is not an original build path,0.058286,,False,"{""antecedent_guarded"":true}"
mutation,H01-gcd.c,bf207a4afdd7e623be4bd0751bdc1917c0ee550af0f38c0531b25bb726d1710c,string,M17,filename_bound,artifact binding,MR11,Requested/actual trace agreement,trace,True,False,requested=clang/Os;actual=clang/Os,0.097483,,False,"{""build"":{""actual_compiler"":""clang"",""actual_optimization"":""Os"",""binary"":""WORKDIR/string/M17/MR11/trace/build-01/artifact.bin"",""binary_sha256"":""bf1b3f8ba8daa55b6d499a4bbb63a61efb7b30a4d426a514b1ce3e529d1be05b"",""carrier"":""string"",""command"":[""clang"",""-std=c11"",""-fno-ident"",""-no-pie"",""-Os"",""WORKDIR/string/M17/MR11/trace/build-01/host.c"",""-o"",""WORKDIR/string/M17/MR11/trace/build-01/artifact.bin""],""effective_payload_hex"":""4d6f7270682d3031"",""key"":""key-alpha"",""mutant_id"":""M17"",""requested_compiler"":""clang"",""requested_optimization"":""Os"",""requested_payload_hex"":""4d6f7270682d3031"",""return_code"":0,""source"":""WORKDIR/string/M17/MR11/trace/build-01/host.c"",""source_sha256"":""de3dd3bc3add920f6b14f3cfa83262c596594edfaf1d5fcc70bb4bc78a38fa0e"",""stderr"":""""}}"
mutation,H01-gcd.c,bf207a4afdd7e623be4bd0751bdc1917c0ee550af0f38c0531b25bb726d1710c,string,M17,filename_bound,artifact binding,MR12,Interleaved artifact isolation,separate,True,False,parallel_isolation_satisfied,0.051285,,False,"{""aliasing_detected"":false,""both_expected"":true,""execution_order"":""overlapping-builds-then-extract"",""payloads_distinct"":true}"
mutation,H01-gcd.c,bf207a4afdd7e623be4bd0751bdc1917c0ee550af0f38c0531b25bb726d1710c,string,M17,filename_bound,artifact binding,MR13,Reordered extraction independence,preserve,True,False,before=b'Morph-01';intervening=b'Second-2';after=b'Morph-01',0.109286,,False,"{""intervening_extraction"":true}"
mutation,H01-gcd.c,bf207a4afdd7e623be4bd0751bdc1917c0ee550af0f38c0531b25bb726d1710c,string,M17,filename_bound,artifact binding,MR14,Rebuild stability,preserve,True,False,first=b'Morph-01';second=b'Morph-01',0.104928,,False,"{""binary_bytes_equal"":true,""execution_order"":""build1-extract1-build2-extract2""}"
mutation,H01-gcd.c,bf207a4afdd7e623be4bd0751bdc1917c0ee550af0f38c0531b25bb726d1710c,string,M18,stale_binary,state,MR01,Round-trip fidelity,preserve,True,False,extracted=b'Morph-01',0.053599,,False,"{""build"":{""actual_compiler"":""gcc"",""actual_optimization"":""O2"",""binary"":""WORKDIR/string/M18/MR01/marked/build-01/artifact.bin"",""binary_sha256"":""b8e5790f338ae8db35cfffc794a440a51f513484ba40b60dbac7eb19948f430c"",""carrier"":""string"",""command"":[""gcc"",""-std=c11"",""-fno-ident"",""-no-pie"",""-O2"",""WORKDIR/string/M18/MR01/marked/build-01/host.c"",""-o"",""WORKDIR/string/M18/MR01/marked/build-01/artifact.bin""],""effective_payload_hex"":""4d6f7270682d3031"",""key"":""key-alpha"",""mutant_id"":""M18"",""requested_compiler"":""gcc"",""requested_optimization"":""O2"",""requested_payload_hex"":""4d6f7270682d3031"",""return_code"":0,""source"":""WORKDIR/string/M18/MR01/marked/build-01/host.c"",""source_sha256"":""de3dd3bc3add920f6b14f3cfa83262c596594edfaf1d5fcc70bb4bc78a38fa0e"",""stderr"":""""},""extracted_hex"":""4d6f7270682d3031""}"
mutation,H01-gcd.c,bf207a4afdd7e623be4bd0751bdc1917c0ee550af0f38c0531b25bb726d1710c,string,M18,stale_binary,state,MR02,Host-semantic preservation,preserve,True,False,mismatch_count=0,0.1549,,False,"{""mismatches"":[]}"
mutation,H01-gcd.c,bf207a4afdd7e623be4bd0751bdc1917c0ee550af0f38c0531b25bb726d1710c,string,M18,stale_binary,state,MR03,Unmarked rejection,reject,True,False,rejected:absent:logical record magic not found,0.083771,,False,"{""unmarked_binary_sha256"":""17288de5d8ffc83b2223ee650ec19f96fa9b779f3eb45b8e2433c730b7a1e3e2""}"
mutation,H01-gcd.c,bf207a4afdd7e623be4bd0751bdc1917c0ee550af0f38c0531b25bb726d1710c,string,M18,stale_binary,state,MR04,Wrong-key rejection,reject,True,False,rejected:wrong-key:key tag mismatch,0.053352,,False,"{""antecedent_guarded"":true,""antecedent_hex"":""4d6f7270682d3031""}"
mutation,H01-gcd.c,bf207a4afdd7e623be4bd0751bdc1917c0ee550af0f38c0531b25bb726d1710c,string,M18,stale_binary,state,MR05,Payload separation,separate,False,True,first=b'Morph-01';second=b'Morph-01',0.06776,,False,"{""execution_order"":""sequential-builds-then-extract"",""first_hex"":""4d6f7270682d3031"",""second_hex"":""4d6f7270682d3031""}"
mutation,H01-gcd.c,bf207a4afdd7e623be4bd0751bdc1917c0ee550af0f38c0531b25bb726d1710c,string,M18,stale_binary,state,MR06,Cross-compiler invariance,preserve,True,False,"payloads=b'Morph-01',b'Morph-01';semantic_equal=True",0.099864,,False,"{""clang_actual"":""gcc"",""gcc_actual"":""gcc""}"
mutation,H01-gcd.c,bf207a4afdd7e623be4bd0751bdc1917c0ee550af0f38c0531b25bb726d1710c,string,M18,stale_binary,state,MR07,Optimization invariance,preserve,True,False,"payloads=['Morph-01', 'Morph-01', 'Morph-01'];semantic_equal=True",0.092496,,False,{}
mutation,H01-gcd.c,bf207a4afdd7e623be4bd0751bdc1917c0ee550af0f38c0531b25bb726d1710c,string,M18,stale_binary,state,MR08,Clean-room relocation,preserve,True,False,relocated=b'Morph-01',0.046299,,False,"{""clean_room_entries"":[""renamed-artifact.bin""],""relocated_hex"":""4d6f7270682d3031""}"
mutation,H01-gcd.c,bf207a4afdd7e623be4bd0751bdc1917c0ee550af0f38c0531b25bb726d1710c,string,M18,stale_binary,state,MR09,Carrier-removal rejection,reject,True,False,rejected:absent:logical record magic not found,0.095718,,False,"{""antecedent_guarded"":true}"
mutation,H01-gcd.c,bf207a4afdd7e623be4bd0751bdc1917c0ee550af0f38c0531b25bb726d1710c,string,M18,stale_binary,state,MR10,Carrier-corruption rejection,reject,False,True,corruption accepted:accepted:b'Morph-01',0.079875,,False,"{""antecedent_guarded"":true}"
mutation,H01-gcd.c,bf207a4afdd7e623be4bd0751bdc1917c0ee550af0f38c0531b25bb726d1710c,string,M18,stale_binary,state,MR11,Requested/actual trace agreement,trace,True,False,requested=clang/Os;actual=clang/Os,0.077858,,False,"{""build"":{""actual_compiler"":""clang"",""actual_optimization"":""Os"",""binary"":""WORKDIR/string/M18/MR11/trace/build-01/artifact.bin"",""binary_sha256"":""bf1b3f8ba8daa55b6d499a4bbb63a61efb7b30a4d426a514b1ce3e529d1be05b"",""carrier"":""string"",""command"":[""clang"",""-std=c11"",""-fno-ident"",""-no-pie"",""-Os"",""WORKDIR/string/M18/MR11/trace/build-01/host.c"",""-o"",""WORKDIR/string/M18/MR11/trace/build-01/artifact.bin""],""effective_payload_hex"":""4d6f7270682d3031"",""key"":""key-alpha"",""mutant_id"":""M18"",""requested_compiler"":""clang"",""requested_optimization"":""Os"",""requested_payload_hex"":""4d6f7270682d3031"",""return_code"":0,""source"":""WORKDIR/string/M18/MR11/trace/build-01/host.c"",""source_sha256"":""de3dd3bc3add920f6b14f3cfa83262c596594edfaf1d5fcc70bb4bc78a38fa0e"",""stderr"":""""}}"
mutation,H01-gcd.c,bf207a4afdd7e623be4bd0751bdc1917c0ee550af0f38c0531b25bb726d1710c,string,M18,stale_binary,state,MR12,Interleaved artifact isolation,separate,True,False,parallel_isolation_satisfied,0.059473,,False,"{""aliasing_detected"":false,""both_expected"":true,""execution_order"":""overlapping-builds-then-extract"",""payloads_distinct"":true}"
mutation,H01-gcd.c,bf207a4afdd7e623be4bd0751bdc1917c0ee550af0f38c0531b25bb726d1710c,string,M18,stale_binary,state,MR13,Reordered extraction independence,preserve,False,True,exception:ExtractionError:key tag mismatch,0.070036,ExtractionError,False,{}
mutation,H01-gcd.c,bf207a4afdd7e623be4bd0751bdc1917c0ee550af0f38c0531b25bb726d1710c,string,M18,stale_binary,state,MR14,Rebuild stability,preserve,True,False,first=b'Morph-01';second=b'Morph-01',0.077113,,False,"{""binary_bytes_equal"":true,""execution_order"":""build1-extract1-build2-extract2""}"
mutation,H01-gcd.c,bf207a4afdd7e623be4bd0751bdc1917c0ee550af0f38c0531b25bb726d1710c,string,M19,extractor_prefix,extraction,MR01,Round-trip fidelity,preserve,False,True,extracted=b'Morph-0',0.048688,,False,"{""build"":{""actual_compiler"":""gcc"",""actual_optimization"":""O2"",""binary"":""WORKDIR/string/M19/MR01/marked/build-01/artifact.bin"",""binary_sha256"":""b8e5790f338ae8db35cfffc794a440a51f513484ba40b60dbac7eb19948f430c"",""carrier"":""string"",""command"":[""gcc"",""-std=c11"",""-fno-ident"",""-no-pie"",""-O2"",""WORKDIR/string/M19/MR01/marked/build-01/host.c"",""-o"",""WORKDIR/string/M19/MR01/marked/build-01/artifact.bin""],""effective_payload_hex"":""4d6f7270682d3031"",""key"":""key-alpha"",""mutant_id"":""M19"",""requested_compiler"":""gcc"",""requested_optimization"":""O2"",""requested_payload_hex"":""4d6f7270682d3031"",""return_code"":0,""source"":""WORKDIR/string/M19/MR01/marked/build-01/host.c"",""source_sha256"":""de3dd3bc3add920f6b14f3cfa83262c596594edfaf1d5fcc70bb4bc78a38fa0e"",""stderr"":""""},""extracted_hex"":""4d6f7270682d30""}"
mutation,H01-gcd.c,bf207a4afdd7e623be4bd0751bdc1917c0ee550af0f38c0531b25bb726d1710c,string,M19,extractor_prefix,extraction,MR02,Host-semantic preservation,preserve,True,False,mismatch_count=0,0.135425,,False,"{""mismatches"":[]}"
mutation,H01-gcd.c,bf207a4afdd7e623be4bd0751bdc1917c0ee550af0f38c0531b25bb726d1710c,string,M19,extractor_prefix,extraction,MR03,Unmarked rejection,reject,True,False,rejected:absent:logical record magic not found,0.050989,,False,"{""unmarked_binary_sha256"":""17288de5d8ffc83b2223ee650ec19f96fa9b779f3eb45b8e2433c730b7a1e3e2""}"
mutation,H01-gcd.c,bf207a4afdd7e623be4bd0751bdc1917c0ee550af0f38c0531b25bb726d1710c,string,M19,extractor_prefix,extraction,MR04,Wrong-key rejection,reject,True,False,rejected:wrong-key:key tag mismatch,0.049355,,False,"{""antecedent_guarded"":true,""antecedent_hex"":""4d6f7270682d3031""}"
mutation,H01-gcd.c,bf207a4afdd7e623be4bd0751bdc1917c0ee550af0f38c0531b25bb726d1710c,string,M19,extractor_prefix,extraction,MR05,Payload separation,separate,False,True,first=b'Morph-0';second=b'Second-',0.114999,,False,"{""execution_order"":""sequential-builds-then-extract"",""first_hex"":""4d6f7270682d30"",""second_hex"":""5365636f6e642d""}"
mutation,H01-gcd.c,bf207a4afdd7e623be4bd0751bdc1917c0ee550af0f38c0531b25bb726d1710c,string,M19,extractor_prefix,extraction,MR06,Cross-compiler invariance,preserve,False,True,"payloads=b'Morph-0',b'Morph-0';semantic_equal=True",0.182744,,False,"{""clang_actual"":""clang"",""gcc_actual"":""gcc""}"
mutation,H01-gcd.c,bf207a4afdd7e623be4bd0751bdc1917c0ee550af0f38c0531b25bb726d1710c,string,M19,extractor_prefix,extraction,MR07,Optimization invariance,preserve,False,True,"payloads=['Morph-0', 'Morph-0', 'Morph-0'];semantic_equal=True",0.216635,,False,{}
mutation,H01-gcd.c,bf207a4afdd7e623be4bd0751bdc1917c0ee550af0f38c0531b25bb726d1710c,string,M19,extractor_prefix,extraction,MR08,Clean-room relocation,preserve,False,True,source_mismatch=b'Morph-0',0.069516,,False,"{""source_hex"":""4d6f7270682d30""}"
mutation,H01-gcd.c,bf207a4afdd7e623be4bd0751bdc1917c0ee550af0f38c0531b25bb726d1710c,string,M19,extractor_prefix,extraction,MR09,Carrier-removal rejection,reject,True,False,rejected:absent:logical record magic not found,0.068405,,False,"{""antecedent_guarded"":true}"
mutation,H01-gcd.c,bf207a4afdd7e623be4bd0751bdc1917c0ee550af0f38c0531b25bb726d1710c,string,M19,extractor_prefix,extraction,MR10,Carrier-corruption rejection,reject,True,False,rejected:checksum:payload checksum mismatch,0.074735,,False,"{""antecedent_guarded"":true}"
mutation,H01-gcd.c,bf207a4afdd7e623be4bd0751bdc1917c0ee550af0f38c0531b25bb726d1710c,string,M19,extractor_prefix,extraction,MR11,Requested/actual trace agreement,trace,True,False,requested=clang/Os;actual=clang/Os,0.070754,,False,"{""build"":{""actual_compiler"":""clang"",""actual_optimization"":""Os"",""binary"":""WORKDIR/string/M19/MR11/trace/build-01/artifact.bin"",""binary_sha256"":""bf1b3f8ba8daa55b6d499a4bbb63a61efb7b30a4d426a514b1ce3e529d1be05b"",""carrier"":""string"",""command"":[""clang"",""-std=c11"",""-fno-ident"",""-no-pie"",""-Os"",""WORKDIR/string/M19/MR11/trace/build-01/host.c"",""-o"",""WORKDIR/string/M19/MR11/trace/build-01/artifact.bin""],""effective_payload_hex"":""4d6f7270682d3031"",""key"":""key-alpha"",""mutant_id"":""M19"",""requested_compiler"":""clang"",""requested_optimization"":""Os"",""requested_payload_hex"":""4d6f7270682d3031"",""return_code"":0,""source"":""WORKDIR/string/M19/MR11/trace/build-01/host.c"",""source_sha256"":""de3dd3bc3add920f6b14f3cfa83262c596594edfaf1d5fcc70bb4bc78a38fa0e"",""stderr"":""""}}"
mutation,H01-gcd.c,bf207a4afdd7e623be4bd0751bdc1917c0ee550af0f38c0531b25bb726d1710c,string,M19,extractor_prefix,extraction,MR12,Interleaved artifact isolation,separate,False,True,parallel_isolation_clause_violated,0.048857,,False,"{""aliasing_detected"":false,""both_expected"":false,""execution_order"":""overlapping-builds-then-extract"",""payloads_distinct"":true}"
mutation,H01-gcd.c,bf207a4afdd7e623be4bd0751bdc1917c0ee550af0f38c0531b25bb726d1710c,string,M19,extractor_prefix,extraction,MR13,Reordered extraction independence,preserve,False,True,before=b'Morph-0';intervening=b'Second-';after=b'Morph-0',0.119809,,False,"{""intervening_extraction"":true}"
mutation,H01-gcd.c,bf207a4afdd7e623be4bd0751bdc1917c0ee550af0f38c0531b25bb726d1710c,string,M19,extractor_prefix,extraction,MR14,Rebuild stability,preserve,False,True,first=b'Morph-0';second=b'Morph-0',0.111081,,False,"{""binary_bytes_equal"":true,""execution_order"":""build1-extract1-build2-extract2""}"
mutation,H01-gcd.c,bf207a4afdd7e623be4bd0751bdc1917c0ee550af0f38c0531b25bb726d1710c,string,M20,interleaved_collision,state,MR01,Round-trip fidelity,preserve,True,False,extracted=b'Morph-01',0.068674,,False,"{""build"":{""actual_compiler"":""gcc"",""actual_optimization"":""O2"",""binary"":""WORKDIR/string/M20/MR01/marked/build-01/artifact.bin"",""binary_sha256"":""b8e5790f338ae8db35cfffc794a440a51f513484ba40b60dbac7eb19948f430c"",""carrier"":""string"",""command"":[""gcc"",""-std=c11"",""-fno-ident"",""-no-pie"",""-O2"",""WORKDIR/string/M20/MR01/marked/build-01/host.c"",""-o"",""WORKDIR/string/M20/MR01/marked/build-01/artifact.bin""],""effective_payload_hex"":""4d6f7270682d3031"",""key"":""key-alpha"",""mutant_id"":""M20"",""requested_compiler"":""gcc"",""requested_optimization"":""O2"",""requested_payload_hex"":""4d6f7270682d3031"",""return_code"":0,""source"":""WORKDIR/string/M20/MR01/marked/build-01/host.c"",""source_sha256"":""de3dd3bc3add920f6b14f3cfa83262c596594edfaf1d5fcc70bb4bc78a38fa0e"",""stderr"":""""},""extracted_hex"":""4d6f7270682d3031""}"
mutation,H01-gcd.c,bf207a4afdd7e623be4bd0751bdc1917c0ee550af0f38c0531b25bb726d1710c,string,M20,interleaved_collision,state,MR02,Host-semantic preservation,preserve,True,False,mismatch_count=0,0.179867,,False,"{""mismatches"":[]}"
mutation,H01-gcd.c,bf207a4afdd7e623be4bd0751bdc1917c0ee550af0f38c0531b25bb726d1710c,string,M20,interleaved_collision,state,MR03,Unmarked rejection,reject,True,False,rejected:absent:logical record magic not found,0.071162,,False,"{""unmarked_binary_sha256"":""17288de5d8ffc83b2223ee650ec19f96fa9b779f3eb45b8e2433c730b7a1e3e2""}"
mutation,H01-gcd.c,bf207a4afdd7e623be4bd0751bdc1917c0ee550af0f38c0531b25bb726d1710c,string,M20,interleaved_collision,state,MR04,Wrong-key rejection,reject,True,False,rejected:wrong-key:key tag mismatch,0.065335,,False,"{""antecedent_guarded"":true,""antecedent_hex"":""4d6f7270682d3031""}"
mutation,H01-gcd.c,bf207a4afdd7e623be4bd0751bdc1917c0ee550af0f38c0531b25bb726d1710c,string,M20,interleaved_collision,state,MR05,Payload separation,separate,True,False,first=b'Morph-01';second=b'Second-2',0.108772,,False,"{""execution_order"":""sequential-builds-then-extract"",""first_hex"":""4d6f7270682d3031"",""second_hex"":""5365636f6e642d32""}"
mutation,H01-gcd.c,bf207a4afdd7e623be4bd0751bdc1917c0ee550af0f38c0531b25bb726d1710c,string,M20,interleaved_collision,state,MR06,Cross-compiler invariance,preserve,True,False,"payloads=b'Morph-01',b'Morph-01';semantic_equal=True",0.138572,,False,"{""clang_actual"":""clang"",""gcc_actual"":""gcc""}"
mutation,H01-gcd.c,bf207a4afdd7e623be4bd0751bdc1917c0ee550af0f38c0531b25bb726d1710c,string,M20,interleaved_collision,state,MR07,Optimization invariance,preserve,True,False,"payloads=['Morph-01', 'Morph-01', 'Morph-01'];semantic_equal=True",0.251189,,False,{}
mutation,H01-gcd.c,bf207a4afdd7e623be4bd0751bdc1917c0ee550af0f38c0531b25bb726d1710c,string,M20,interleaved_collision,state,MR08,Clean-room relocation,preserve,True,False,relocated=b'Morph-01',0.033946,,False,"{""clean_room_entries"":[""renamed-artifact.bin""],""relocated_hex"":""4d6f7270682d3031""}"
mutation,H01-gcd.c,bf207a4afdd7e623be4bd0751bdc1917c0ee550af0f38c0531b25bb726d1710c,string,M20,interleaved_collision,state,MR09,Carrier-removal rejection,reject,True,False,rejected:absent:logical record magic not found,0.06421,,False,"{""antecedent_guarded"":true}"
mutation,H01-gcd.c,bf207a4afdd7e623be4bd0751bdc1917c0ee550af0f38c0531b25bb726d1710c,string,M20,interleaved_collision,state,MR10,Carrier-corruption rejection,reject,True,False,rejected:checksum:payload checksum mismatch,0.095706,,False,"{""antecedent_guarded"":true}"
mutation,H01-gcd.c,bf207a4afdd7e623be4bd0751bdc1917c0ee550af0f38c0531b25bb726d1710c,string,M20,interleaved_collision,state,MR11,Requested/actual trace agreement,trace,True,False,requested=clang/Os;actual=clang/Os,0.087401,,False,"{""build"":{""actual_compiler"":""clang"",""actual_optimization"":""Os"",""binary"":""WORKDIR/string/M20/MR11/trace/build-01/artifact.bin"",""binary_sha256"":""bf1b3f8ba8daa55b6d499a4bbb63a61efb7b30a4d426a514b1ce3e529d1be05b"",""carrier"":""string"",""command"":[""clang"",""-std=c11"",""-fno-ident"",""-no-pie"",""-Os"",""WORKDIR/string/M20/MR11/trace/build-01/host.c"",""-o"",""WORKDIR/string/M20/MR11/trace/build-01/artifact.bin""],""effective_payload_hex"":""4d6f7270682d3031"",""key"":""key-alpha"",""mutant_id"":""M20"",""requested_compiler"":""clang"",""requested_optimization"":""Os"",""requested_payload_hex"":""4d6f7270682d3031"",""return_code"":0,""source"":""WORKDIR/string/M20/MR11/trace/build-01/host.c"",""source_sha256"":""de3dd3bc3add920f6b14f3cfa83262c596594edfaf1d5fcc70bb4bc78a38fa0e"",""stderr"":""""}}"
mutation,H01-gcd.c,bf207a4afdd7e623be4bd0751bdc1917c0ee550af0f38c0531b25bb726d1710c,string,M20,interleaved_collision,state,MR12,Interleaved artifact isolation,separate,False,True,parallel_isolation_clause_violated,0.074584,,False,"{""aliasing_detected"":true,""both_expected"":false,""execution_order"":""overlapping-builds-then-extract"",""payloads_distinct"":false}"
mutation,H01-gcd.c,bf207a4afdd7e623be4bd0751bdc1917c0ee550af0f38c0531b25bb726d1710c,string,M20,interleaved_collision,state,MR13,Reordered extraction independence,preserve,True,False,before=b'Morph-01';intervening=b'Second-2';after=b'Morph-01',0.114278,,False,"{""intervening_extraction"":true}"
mutation,H01-gcd.c,bf207a4afdd7e623be4bd0751bdc1917c0ee550af0f38c0531b25bb726d1710c,string,M20,interleaved_collision,state,MR14,Rebuild stability,preserve,True,False,first=b'Morph-01';second=b'Morph-01',0.101205,,False,"{""binary_bytes_equal"":true,""execution_order"":""build1-extract1-build2-extract2""}"
mutation,H01-gcd.c,bf207a4afdd7e623be4bd0751bdc1917c0ee550af0f38c0531b25bb726d1710c,string,M21,alternate_compiler_corruption,configuration,MR01,Round-trip fidelity,preserve,True,False,extracted=b'Morph-01',0.084926,,False,"{""build"":{""actual_compiler"":""gcc"",""actual_optimization"":""O2"",""binary"":""WORKDIR/string/M21/MR01/marked/build-01/artifact.bin"",""binary_sha256"":""b8e5790f338ae8db35cfffc794a440a51f513484ba40b60dbac7eb19948f430c"",""carrier"":""string"",""command"":[""gcc"",""-std=c11"",""-fno-ident"",""-no-pie"",""-O2"",""WORKDIR/string/M21/MR01/marked/build-01/host.c"",""-o"",""WORKDIR/string/M21/MR01/marked/build-01/artifact.bin""],""effective_payload_hex"":""4d6f7270682d3031"",""key"":""key-alpha"",""mutant_id"":""M21"",""requested_compiler"":""gcc"",""requested_optimization"":""O2"",""requested_payload_hex"":""4d6f7270682d3031"",""return_code"":0,""source"":""WORKDIR/string/M21/MR01/marked/build-01/host.c"",""source_sha256"":""de3dd3bc3add920f6b14f3cfa83262c596594edfaf1d5fcc70bb4bc78a38fa0e"",""stderr"":""""},""extracted_hex"":""4d6f7270682d3031""}"
mutation,H01-gcd.c,bf207a4afdd7e623be4bd0751bdc1917c0ee550af0f38c0531b25bb726d1710c,string,M21,alternate_compiler_corruption,configuration,MR02,Host-semantic preservation,preserve,True,False,mismatch_count=0,0.136964,,False,"{""mismatches"":[]}"
mutation,H01-gcd.c,bf207a4afdd7e623be4bd0751bdc1917c0ee550af0f38c0531b25bb726d1710c,string,M21,alternate_compiler_corruption,configuration,MR03,Unmarked rejection,reject,True,False,rejected:absent:logical record magic not found,0.03634,,False,"{""unmarked_binary_sha256"":""17288de5d8ffc83b2223ee650ec19f96fa9b779f3eb45b8e2433c730b7a1e3e2""}"
mutation,H01-gcd.c,bf207a4afdd7e623be4bd0751bdc1917c0ee550af0f38c0531b25bb726d1710c,string,M21,alternate_compiler_corruption,configuration,MR04,Wrong-key rejection,reject,True,False,rejected:wrong-key:key tag mismatch,0.078853,,False,"{""antecedent_guarded"":true,""antecedent_hex"":""4d6f7270682d3031""}"
mutation,H01-gcd.c,bf207a4afdd7e623be4bd0751bdc1917c0ee550af0f38c0531b25bb726d1710c,string,M21,alternate_compiler_corruption,configuration,MR05,Payload separation,separate,True,False,first=b'Morph-01';second=b'Second-2',0.107613,,False,"{""execution_order"":""sequential-builds-then-extract"",""first_hex"":""4d6f7270682d3031"",""second_hex"":""5365636f6e642d32""}"
mutation,H01-gcd.c,bf207a4afdd7e623be4bd0751bdc1917c0ee550af0f38c0531b25bb726d1710c,string,M21,alternate_compiler_corruption,configuration,MR06,Cross-compiler invariance,preserve,False,True,"payloads=b'Morph-01',b'Lorph-01';semantic_equal=True",0.177677,,False,"{""clang_actual"":""clang"",""gcc_actual"":""gcc""}"
mutation,H01-gcd.c,bf207a4afdd7e623be4bd0751bdc1917c0ee550af0f38c0531b25bb726d1710c,string,M21,alternate_compiler_corruption,configuration,MR07,Optimization invariance,preserve,True,False,"payloads=['Morph-01', 'Morph-01', 'Morph-01'];semantic_equal=True",0.238106,,False,{}
mutation,H01-gcd.c,bf207a4afdd7e623be4bd0751bdc1917c0ee550af0f38c0531b25bb726d1710c,string,M21,alternate_compiler_corruption,configuration,MR08,Clean-room relocation,preserve,True,False,relocated=b'Morph-01',0.055654,,False,"{""clean_room_entries"":[""renamed-artifact.bin""],""relocated_hex"":""4d6f7270682d3031""}"
mutation,H01-gcd.c,bf207a4afdd7e623be4bd0751bdc1917c0ee550af0f38c0531b25bb726d1710c,string,M21,alternate_compiler_corruption,configuration,MR09,Carrier-removal rejection,reject,True,False,rejected:absent:logical record magic not found,0.030884,,False,"{""antecedent_guarded"":true}"
mutation,H01-gcd.c,bf207a4afdd7e623be4bd0751bdc1917c0ee550af0f38c0531b25bb726d1710c,string,M21,alternate_compiler_corruption,configuration,MR10,Carrier-corruption rejection,reject,True,False,rejected:checksum:payload checksum mismatch,0.088567,,False,"{""antecedent_guarded"":true}"
mutation,H01-gcd.c,bf207a4afdd7e623be4bd0751bdc1917c0ee550af0f38c0531b25bb726d1710c,string,M21,alternate_compiler_corruption,configuration,MR11,Requested/actual trace agreement,trace,True,False,requested=clang/Os;actual=clang/Os,0.07658,,False,"{""build"":{""actual_compiler"":""clang"",""actual_optimization"":""Os"",""binary"":""WORKDIR/string/M21/MR11/trace/build-01/artifact.bin"",""binary_sha256"":""1f630f4432f3c7bfd3627ba9803a8723191a229606a403e59438fcb82a35b670"",""carrier"":""string"",""command"":[""clang"",""-std=c11"",""-fno-ident"",""-no-pie"",""-Os"",""WORKDIR/string/M21/MR11/trace/build-01/host.c"",""-o"",""WORKDIR/string/M21/MR11/trace/build-01/artifact.bin""],""effective_payload_hex"":""4c6f7270682d3031"",""key"":""key-alpha"",""mutant_id"":""M21"",""requested_compiler"":""clang"",""requested_optimization"":""Os"",""requested_payload_hex"":""4d6f7270682d3031"",""return_code"":0,""source"":""WORKDIR/string/M21/MR11/trace/build-01/host.c"",""source_sha256"":""9dbb69d9b8bd7e75272ddc06848e4235e4d6bf8be837b0a13f3cdf0e0981c200"",""stderr"":""""}}"
mutation,H01-gcd.c,bf207a4afdd7e623be4bd0751bdc1917c0ee550af0f38c0531b25bb726d1710c,string,M21,alternate_compiler_corruption,configuration,MR12,Interleaved artifact isolation,separate,True,False,parallel_isolation_satisfied,0.080968,,False,"{""aliasing_detected"":false,""both_expected"":true,""execution_order"":""overlapping-builds-then-extract"",""payloads_distinct"":true}"
mutation,H01-gcd.c,bf207a4afdd7e623be4bd0751bdc1917c0ee550af0f38c0531b25bb726d1710c,string,M21,alternate_compiler_corruption,configuration,MR13,Reordered extraction independence,preserve,True,False,before=b'Morph-01';intervening=b'Second-2';after=b'Morph-01',0.109958,,False,"{""intervening_extraction"":true}"
mutation,H01-gcd.c,bf207a4afdd7e623be4bd0751bdc1917c0ee550af0f38c0531b25bb726d1710c,string,M21,alternate_compiler_corruption,configuration,MR14,Rebuild stability,preserve,True,False,first=b'Morph-01';second=b'Morph-01',0.148173,,False,"{""binary_bytes_equal"":true,""execution_order"":""build1-extract1-build2-extract2""}"
mutation,H01-gcd.c,bf207a4afdd7e623be4bd0751bdc1917c0ee550af0f38c0531b25bb726d1710c,string,M22,size_optimization_corruption,configuration,MR01,Round-trip fidelity,preserve,True,False,extracted=b'Morph-01',0.060631,,False,"{""build"":{""actual_compiler"":""gcc"",""actual_optimization"":""O2"",""binary"":""WORKDIR/string/M22/MR01/marked/build-01/artifact.bin"",""binary_sha256"":""b8e5790f338ae8db35cfffc794a440a51f513484ba40b60dbac7eb19948f430c"",""carrier"":""string"",""command"":[""gcc"",""-std=c11"",""-fno-ident"",""-no-pie"",""-O2"",""WORKDIR/string/M22/MR01/marked/build-01/host.c"",""-o"",""WORKDIR/string/M22/MR01/marked/build-01/artifact.bin""],""effective_payload_hex"":""4d6f7270682d3031"",""key"":""key-alpha"",""mutant_id"":""M22"",""requested_compiler"":""gcc"",""requested_optimization"":""O2"",""requested_payload_hex"":""4d6f7270682d3031"",""return_code"":0,""source"":""WORKDIR/string/M22/MR01/marked/build-01/host.c"",""source_sha256"":""de3dd3bc3add920f6b14f3cfa83262c596594edfaf1d5fcc70bb4bc78a38fa0e"",""stderr"":""""},""extracted_hex"":""4d6f7270682d3031""}"
mutation,H01-gcd.c,bf207a4afdd7e623be4bd0751bdc1917c0ee550af0f38c0531b25bb726d1710c,string,M22,size_optimization_corruption,configuration,MR02,Host-semantic preservation,preserve,True,False,mismatch_count=0,0.158207,,False,"{""mismatches"":[]}"
mutation,H01-gcd.c,bf207a4afdd7e623be4bd0751bdc1917c0ee550af0f38c0531b25bb726d1710c,string,M22,size_optimization_corruption,configuration,MR03,Unmarked rejection,reject,True,False,rejected:absent:logical record magic not found,0.065262,,False,"{""unmarked_binary_sha256"":""17288de5d8ffc83b2223ee650ec19f96fa9b779f3eb45b8e2433c730b7a1e3e2""}"
mutation,H01-gcd.c,bf207a4afdd7e623be4bd0751bdc1917c0ee550af0f38c0531b25bb726d1710c,string,M22,size_optimization_corruption,configuration,MR04,Wrong-key rejection,reject,True,False,rejected:wrong-key:key tag mismatch,0.079528,,False,"{""antecedent_guarded"":true,""antecedent_hex"":""4d6f7270682d3031""}"
mutation,H01-gcd.c,bf207a4afdd7e623be4bd0751bdc1917c0ee550af0f38c0531b25bb726d1710c,string,M22,size_optimization_corruption,configuration,MR05,Payload separation,separate,True,False,first=b'Morph-01';second=b'Second-2',0.109551,,False,"{""execution_order"":""sequential-builds-then-extract"",""first_hex"":""4d6f7270682d3031"",""second_hex"":""5365636f6e642d32""}"
mutation,H01-gcd.c,bf207a4afdd7e623be4bd0751bdc1917c0ee550af0f38c0531b25bb726d1710c,string,M22,size_optimization_corruption,configuration,MR06,Cross-compiler invariance,preserve,True,False,"payloads=b'Morph-01',b'Morph-01';semantic_equal=True",0.154164,,False,"{""clang_actual"":""clang"",""gcc_actual"":""gcc""}"
mutation,H01-gcd.c,bf207a4afdd7e623be4bd0751bdc1917c0ee550af0f38c0531b25bb726d1710c,string,M22,size_optimization_corruption,configuration,MR07,Optimization invariance,preserve,False,True,"payloads=['Morph-01', 'Morph-01', 'Lorph-01'];semantic_equal=True",0.22428,,False,{}
mutation,H01-gcd.c,bf207a4afdd7e623be4bd0751bdc1917c0ee550af0f38c0531b25bb726d1710c,string,M22,size_optimization_corruption,configuration,MR08,Clean-room relocation,preserve,True,False,relocated=b'Morph-01',0.04667,,False,"{""clean_room_entries"":[""renamed-artifact.bin""],""relocated_hex"":""4d6f7270682d3031""}"
mutation,H01-gcd.c,bf207a4afdd7e623be4bd0751bdc1917c0ee550af0f38c0531b25bb726d1710c,string,M22,size_optimization_corruption,configuration,MR09,Carrier-removal rejection,reject,True,False,rejected:absent:logical record magic not found,0.085425,,False,"{""antecedent_guarded"":true}"
mutation,H01-gcd.c,bf207a4afdd7e623be4bd0751bdc1917c0ee550af0f38c0531b25bb726d1710c,string,M22,size_optimization_corruption,configuration,MR10,Carrier-corruption rejection,reject,True,False,rejected:checksum:payload checksum mismatch,0.038862,,False,"{""antecedent_guarded"":true}"
mutation,H01-gcd.c,bf207a4afdd7e623be4bd0751bdc1917c0ee550af0f38c0531b25bb726d1710c,string,M22,size_optimization_corruption,configuration,MR11,Requested/actual trace agreement,trace,True,False,requested=clang/Os;actual=clang/Os,0.083705,,False,"{""build"":{""actual_compiler"":""clang"",""actual_optimization"":""Os"",""binary"":""WORKDIR/string/M22/MR11/trace/build-01/artifact.bin"",""binary_sha256"":""1f630f4432f3c7bfd3627ba9803a8723191a229606a403e59438fcb82a35b670"",""carrier"":""string"",""command"":[""clang"",""-std=c11"",""-fno-ident"",""-no-pie"",""-Os"",""WORKDIR/string/M22/MR11/trace/build-01/host.c"",""-o"",""WORKDIR/string/M22/MR11/trace/build-01/artifact.bin""],""effective_payload_hex"":""4c6f7270682d3031"",""key"":""key-alpha"",""mutant_id"":""M22"",""requested_compiler"":""clang"",""requested_optimization"":""Os"",""requested_payload_hex"":""4d6f7270682d3031"",""return_code"":0,""source"":""WORKDIR/string/M22/MR11/trace/build-01/host.c"",""source_sha256"":""9dbb69d9b8bd7e75272ddc06848e4235e4d6bf8be837b0a13f3cdf0e0981c200"",""stderr"":""""}}"
mutation,H01-gcd.c,bf207a4afdd7e623be4bd0751bdc1917c0ee550af0f38c0531b25bb726d1710c,string,M22,size_optimization_corruption,configuration,MR12,Interleaved artifact isolation,separate,True,False,parallel_isolation_satisfied,0.08271,,False,"{""aliasing_detected"":false,""both_expected"":true,""execution_order"":""overlapping-builds-then-extract"",""payloads_distinct"":true}"
mutation,H01-gcd.c,bf207a4afdd7e623be4bd0751bdc1917c0ee550af0f38c0531b25bb726d1710c,string,M22,size_optimization_corruption,configuration,MR13,Reordered extraction independence,preserve,True,False,before=b'Morph-01';intervening=b'Second-2';after=b'Morph-01',0.126057,,False,"{""intervening_extraction"":true}"
mutation,H01-gcd.c,bf207a4afdd7e623be4bd0751bdc1917c0ee550af0f38c0531b25bb726d1710c,string,M22,size_optimization_corruption,configuration,MR14,Rebuild stability,preserve,True,False,first=b'Morph-01';second=b'Morph-01',0.154607,,False,"{""binary_bytes_equal"":true,""execution_order"":""build1-extract1-build2-extract2""}"
mutation,H01-gcd.c,bf207a4afdd7e623be4bd0751bdc1917c0ee550af0f38c0531b25bb726d1710c,string,M23,revisit_state_contamination,state,MR01,Round-trip fidelity,preserve,True,False,extracted=b'Morph-01',0.068635,,False,"{""build"":{""actual_compiler"":""gcc"",""actual_optimization"":""O2"",""binary"":""WORKDIR/string/M23/MR01/marked/build-01/artifact.bin"",""binary_sha256"":""b8e5790f338ae8db35cfffc794a440a51f513484ba40b60dbac7eb19948f430c"",""carrier"":""string"",""command"":[""gcc"",""-std=c11"",""-fno-ident"",""-no-pie"",""-O2"",""WORKDIR/string/M23/MR01/marked/build-01/host.c"",""-o"",""WORKDIR/string/M23/MR01/marked/build-01/artifact.bin""],""effective_payload_hex"":""4d6f7270682d3031"",""key"":""key-alpha"",""mutant_id"":""M23"",""requested_compiler"":""gcc"",""requested_optimization"":""O2"",""requested_payload_hex"":""4d6f7270682d3031"",""return_code"":0,""source"":""WORKDIR/string/M23/MR01/marked/build-01/host.c"",""source_sha256"":""de3dd3bc3add920f6b14f3cfa83262c596594edfaf1d5fcc70bb4bc78a38fa0e"",""stderr"":""""},""extracted_hex"":""4d6f7270682d3031""}"
mutation,H01-gcd.c,bf207a4afdd7e623be4bd0751bdc1917c0ee550af0f38c0531b25bb726d1710c,string,M23,revisit_state_contamination,state,MR02,Host-semantic preservation,preserve,True,False,mismatch_count=0,0.122437,,False,"{""mismatches"":[]}"
mutation,H01-gcd.c,bf207a4afdd7e623be4bd0751bdc1917c0ee550af0f38c0531b25bb726d1710c,string,M23,revisit_state_contamination,state,MR03,Unmarked rejection,reject,True,False,rejected:absent:logical record magic not found,0.043902,,False,"{""unmarked_binary_sha256"":""17288de5d8ffc83b2223ee650ec19f96fa9b779f3eb45b8e2433c730b7a1e3e2""}"
mutation,H01-gcd.c,bf207a4afdd7e623be4bd0751bdc1917c0ee550af0f38c0531b25bb726d1710c,string,M23,revisit_state_contamination,state,MR04,Wrong-key rejection,reject,True,False,rejected:wrong-key:key tag mismatch,0.069691,,False,"{""antecedent_guarded"":true,""antecedent_hex"":""4d6f7270682d3031""}"
mutation,H01-gcd.c,bf207a4afdd7e623be4bd0751bdc1917c0ee550af0f38c0531b25bb726d1710c,string,M23,revisit_state_contamination,state,MR05,Payload separation,separate,True,False,first=b'Morph-01';second=b'Second-2',0.118584,,False,"{""execution_order"":""sequential-builds-then-extract"",""first_hex"":""4d6f7270682d3031"",""second_hex"":""5365636f6e642d32""}"
mutation,H01-gcd.c,bf207a4afdd7e623be4bd0751bdc1917c0ee550af0f38c0531b25bb726d1710c,string,M23,revisit_state_contamination,state,MR06,Cross-compiler invariance,preserve,True,False,"payloads=b'Morph-01',b'Morph-01';semantic_equal=True",0.175358,,False,"{""clang_actual"":""clang"",""gcc_actual"":""gcc""}"
mutation,H01-gcd.c,bf207a4afdd7e623be4bd0751bdc1917c0ee550af0f38c0531b25bb726d1710c,string,M23,revisit_state_contamination,state,MR07,Optimization invariance,preserve,True,False,"payloads=['Morph-01', 'Morph-01', 'Morph-01'];semantic_equal=True",0.273608,,False,{}
mutation,H01-gcd.c,bf207a4afdd7e623be4bd0751bdc1917c0ee550af0f38c0531b25bb726d1710c,string,M23,revisit_state_contamination,state,MR08,Clean-room relocation,preserve,True,False,relocated=b'Morph-01',0.073363,,False,"{""clean_room_entries"":[""renamed-artifact.bin""],""relocated_hex"":""4d6f7270682d3031""}"
mutation,H01-gcd.c,bf207a4afdd7e623be4bd0751bdc1917c0ee550af0f38c0531b25bb726d1710c,string,M23,revisit_state_contamination,state,MR09,Carrier-removal rejection,reject,True,False,rejected:absent:logical record magic not found,0.049045,,False,"{""antecedent_guarded"":true}"
mutation,H01-gcd.c,bf207a4afdd7e623be4bd0751bdc1917c0ee550af0f38c0531b25bb726d1710c,string,M23,revisit_state_contamination,state,MR10,Carrier-corruption rejection,reject,True,False,rejected:checksum:payload checksum mismatch,0.049355,,False,"{""antecedent_guarded"":true}"
mutation,H01-gcd.c,bf207a4afdd7e623be4bd0751bdc1917c0ee550af0f38c0531b25bb726d1710c,string,M23,revisit_state_contamination,state,MR11,Requested/actual trace agreement,trace,True,False,requested=clang/Os;actual=clang/Os,0.054369,,False,"{""build"":{""actual_compiler"":""clang"",""actual_optimization"":""Os"",""binary"":""WORKDIR/string/M23/MR11/trace/build-01/artifact.bin"",""binary_sha256"":""bf1b3f8ba8daa55b6d499a4bbb63a61efb7b30a4d426a514b1ce3e529d1be05b"",""carrier"":""string"",""command"":[""clang"",""-std=c11"",""-fno-ident"",""-no-pie"",""-Os"",""WORKDIR/string/M23/MR11/trace/build-01/host.c"",""-o"",""WORKDIR/string/M23/MR11/trace/build-01/artifact.bin""],""effective_payload_hex"":""4d6f7270682d3031"",""key"":""key-alpha"",""mutant_id"":""M23"",""requested_compiler"":""clang"",""requested_optimization"":""Os"",""requested_payload_hex"":""4d6f7270682d3031"",""return_code"":0,""source"":""WORKDIR/string/M23/MR11/trace/build-01/host.c"",""source_sha256"":""de3dd3bc3add920f6b14f3cfa83262c596594edfaf1d5fcc70bb4bc78a38fa0e"",""stderr"":""""}}"
mutation,H01-gcd.c,bf207a4afdd7e623be4bd0751bdc1917c0ee550af0f38c0531b25bb726d1710c,string,M23,revisit_state_contamination,state,MR12,Interleaved artifact isolation,separate,True,False,parallel_isolation_satisfied,0.094035,,False,"{""aliasing_detected"":false,""both_expected"":true,""execution_order"":""overlapping-builds-then-extract"",""payloads_distinct"":true}"
mutation,H01-gcd.c,bf207a4afdd7e623be4bd0751bdc1917c0ee550af0f38c0531b25bb726d1710c,string,M23,revisit_state_contamination,state,MR13,Reordered extraction independence,preserve,False,True,before=b'Morph-01';intervening=b'Second-2';after=b'Second-2',0.147425,,False,"{""intervening_extraction"":true}"
mutation,H01-gcd.c,bf207a4afdd7e623be4bd0751bdc1917c0ee550af0f38c0531b25bb726d1710c,string,M23,revisit_state_contamination,state,MR14,Rebuild stability,preserve,True,False,first=b'Morph-01';second=b'Morph-01',0.093674,,False,"{""binary_bytes_equal"":true,""execution_order"":""build1-extract1-build2-extract2""}"
mutation,H01-gcd.c,bf207a4afdd7e623be4bd0751bdc1917c0ee550af0f38c0531b25bb726d1710c,string,M24,second_identical_build_corruption,state,MR01,Round-trip fidelity,preserve,True,False,extracted=b'Morph-01',0.070049,,False,"{""build"":{""actual_compiler"":""gcc"",""actual_optimization"":""O2"",""binary"":""WORKDIR/string/M24/MR01/marked/build-01/artifact.bin"",""binary_sha256"":""b8e5790f338ae8db35cfffc794a440a51f513484ba40b60dbac7eb19948f430c"",""carrier"":""string"",""command"":[""gcc"",""-std=c11"",""-fno-ident"",""-no-pie"",""-O2"",""WORKDIR/string/M24/MR01/marked/build-01/host.c"",""-o"",""WORKDIR/string/M24/MR01/marked/build-01/artifact.bin""],""effective_payload_hex"":""4d6f7270682d3031"",""key"":""key-alpha"",""mutant_id"":""M24"",""requested_compiler"":""gcc"",""requested_optimization"":""O2"",""requested_payload_hex"":""4d6f7270682d3031"",""return_code"":0,""source"":""WORKDIR/string/M24/MR01/marked/build-01/host.c"",""source_sha256"":""de3dd3bc3add920f6b14f3cfa83262c596594edfaf1d5fcc70bb4bc78a38fa0e"",""stderr"":""""},""extracted_hex"":""4d6f7270682d3031""}"
mutation,H01-gcd.c,bf207a4afdd7e623be4bd0751bdc1917c0ee550af0f38c0531b25bb726d1710c,string,M24,second_identical_build_corruption,state,MR02,Host-semantic preservation,preserve,True,False,mismatch_count=0,0.167177,,False,"{""mismatches"":[]}"
mutation,H01-gcd.c,bf207a4afdd7e623be4bd0751bdc1917c0ee550af0f38c0531b25bb726d1710c,string,M24,second_identical_build_corruption,state,MR03,Unmarked rejection,reject,True,False,rejected:absent:logical record magic not found,0.05665,,False,"{""unmarked_binary_sha256"":""17288de5d8ffc83b2223ee650ec19f96fa9b779f3eb45b8e2433c730b7a1e3e2""}"
mutation,H01-gcd.c,bf207a4afdd7e623be4bd0751bdc1917c0ee550af0f38c0531b25bb726d1710c,string,M24,second_identical_build_corruption,state,MR04,Wrong-key rejection,reject,True,False,rejected:wrong-key:key tag mismatch,0.043454,,False,"{""antecedent_guarded"":true,""antecedent_hex"":""4d6f7270682d3031""}"
mutation,H01-gcd.c,bf207a4afdd7e623be4bd0751bdc1917c0ee550af0f38c0531b25bb726d1710c,string,M24,second_identical_build_corruption,state,MR05,Payload separation,separate,True,False,first=b'Morph-01';second=b'Second-2',0.101401,,False,"{""execution_order"":""sequential-builds-then-extract"",""first_hex"":""4d6f7270682d3031"",""second_hex"":""5365636f6e642d32""}"
mutation,H01-gcd.c,bf207a4afdd7e623be4bd0751bdc1917c0ee550af0f38c0531b25bb726d1710c,string,M24,second_identical_build_corruption,state,MR06,Cross-compiler invariance,preserve,True,False,"payloads=b'Morph-01',b'Morph-01';semantic_equal=True",0.149606,,False,"{""clang_actual"":""clang"",""gcc_actual"":""gcc""}"
mutation,H01-gcd.c,bf207a4afdd7e623be4bd0751bdc1917c0ee550af0f38c0531b25bb726d1710c,string,M24,second_identical_build_corruption,state,MR07,Optimization invariance,preserve,True,False,"payloads=['Morph-01', 'Morph-01', 'Morph-01'];semantic_equal=True",0.204446,,False,{}
mutation,H01-gcd.c,bf207a4afdd7e623be4bd0751bdc1917c0ee550af0f38c0531b25bb726d1710c,string,M24,second_identical_build_corruption,state,MR08,Clean-room relocation,preserve,True,False,relocated=b'Morph-01',0.061771,,False,"{""clean_room_entries"":[""renamed-artifact.bin""],""relocated_hex"":""4d6f7270682d3031""}"
mutation,H01-gcd.c,bf207a4afdd7e623be4bd0751bdc1917c0ee550af0f38c0531b25bb726d1710c,string,M24,second_identical_build_corruption,state,MR09,Carrier-removal rejection,reject,True,False,rejected:absent:logical record magic not found,0.054467,,False,"{""antecedent_guarded"":true}"
mutation,H01-gcd.c,bf207a4afdd7e623be4bd0751bdc1917c0ee550af0f38c0531b25bb726d1710c,string,M24,second_identical_build_corruption,state,MR10,Carrier-corruption rejection,reject,True,False,rejected:checksum:payload checksum mismatch,0.056596,,False,"{""antecedent_guarded"":true}"
mutation,H01-gcd.c,bf207a4afdd7e623be4bd0751bdc1917c0ee550af0f38c0531b25bb726d1710c,string,M24,second_identical_build_corruption,state,MR11,Requested/actual trace agreement,trace,True,False,requested=clang/Os;actual=clang/Os,0.067626,,False,"{""build"":{""actual_compiler"":""clang"",""actual_optimization"":""Os"",""binary"":""WORKDIR/string/M24/MR11/trace/build-01/artifact.bin"",""binary_sha256"":""bf1b3f8ba8daa55b6d499a4bbb63a61efb7b30a4d426a514b1ce3e529d1be05b"",""carrier"":""string"",""command"":[""clang"",""-std=c11"",""-fno-ident"",""-no-pie"",""-Os"",""WORKDIR/string/M24/MR11/trace/build-01/host.c"",""-o"",""WORKDIR/string/M24/MR11/trace/build-01/artifact.bin""],""effective_payload_hex"":""4d6f7270682d3031"",""key"":""key-alpha"",""mutant_id"":""M24"",""requested_compiler"":""clang"",""requested_optimization"":""Os"",""requested_payload_hex"":""4d6f7270682d3031"",""return_code"":0,""source"":""WORKDIR/string/M24/MR11/trace/build-01/host.c"",""source_sha256"":""de3dd3bc3add920f6b14f3cfa83262c596594edfaf1d5fcc70bb4bc78a38fa0e"",""stderr"":""""}}"
mutation,H01-gcd.c,bf207a4afdd7e623be4bd0751bdc1917c0ee550af0f38c0531b25bb726d1710c,string,M24,second_identical_build_corruption,state,MR12,Interleaved artifact isolation,separate,True,False,parallel_isolation_satisfied,0.092456,,False,"{""aliasing_detected"":false,""both_expected"":true,""execution_order"":""overlapping-builds-then-extract"",""payloads_distinct"":true}"
mutation,H01-gcd.c,bf207a4afdd7e623be4bd0751bdc1917c0ee550af0f38c0531b25bb726d1710c,string,M24,second_identical_build_corruption,state,MR13,Reordered extraction independence,preserve,True,False,before=b'Morph-01';intervening=b'Second-2';after=b'Morph-01',0.130738,,False,"{""intervening_extraction"":true}"
mutation,H01-gcd.c,bf207a4afdd7e623be4bd0751bdc1917c0ee550af0f38c0531b25bb726d1710c,string,M24,second_identical_build_corruption,state,MR14,Rebuild stability,preserve,False,True,first=b'Morph-01';second=b'Lorph-01',0.113843,,False,"{""binary_bytes_equal"":false,""execution_order"":""build1-extract1-build2-extract2""}"
clean_catalog,H01-gcd.c,bf207a4afdd7e623be4bd0751bdc1917c0ee550af0f38c0531b25bb726d1710c,symbol,CLEAN,clean,clean,MR01,Round-trip fidelity,preserve,True,False,extracted=b'Morph-01',0.076008,,False,"{""build"":{""actual_compiler"":""gcc"",""actual_optimization"":""O2"",""binary"":""WORKDIR/symbol/CLEAN/MR01/marked/build-01/artifact.bin"",""binary_sha256"":""7b713450f899744a0e9c1995e1ea83c762e52b3b03c45f82418d86193b6be1a1"",""carrier"":""symbol"",""command"":[""gcc"",""-std=c11"",""-fno-ident"",""-no-pie"",""-O2"",""WORKDIR/symbol/CLEAN/MR01/marked/build-01/host.c"",""-o"",""WORKDIR/symbol/CLEAN/MR01/marked/build-01/artifact.bin""],""effective_payload_hex"":""4d6f7270682d3031"",""key"":""key-alpha"",""mutant_id"":""CLEAN"",""requested_compiler"":""gcc"",""requested_optimization"":""O2"",""requested_payload_hex"":""4d6f7270682d3031"",""return_code"":0,""source"":""WORKDIR/symbol/CLEAN/MR01/marked/build-01/host.c"",""source_sha256"":""45e69a3841e4e8368c9380bdbc2f287b38fe1665811764759930b7957a59ce6a"",""stderr"":""""},""extracted_hex"":""4d6f7270682d3031""}"
clean_catalog,H01-gcd.c,bf207a4afdd7e623be4bd0751bdc1917c0ee550af0f38c0531b25bb726d1710c,symbol,CLEAN,clean,clean,MR02,Host-semantic preservation,preserve,True,False,mismatch_count=0,0.165863,,False,"{""mismatches"":[]}"
clean_catalog,H01-gcd.c,bf207a4afdd7e623be4bd0751bdc1917c0ee550af0f38c0531b25bb726d1710c,symbol,CLEAN,clean,clean,MR03,Unmarked rejection,reject,True,False,rejected:absent:watermark symbols not found,0.058642,,False,"{""unmarked_binary_sha256"":""17288de5d8ffc83b2223ee650ec19f96fa9b779f3eb45b8e2433c730b7a1e3e2""}"
clean_catalog,H01-gcd.c,bf207a4afdd7e623be4bd0751bdc1917c0ee550af0f38c0531b25bb726d1710c,symbol,CLEAN,clean,clean,MR04,Wrong-key rejection,reject,True,False,rejected:wrong-key:symbol key tag mismatch,0.088962,,False,"{""antecedent_guarded"":true,""antecedent_hex"":""4d6f7270682d3031""}"
clean_catalog,H01-gcd.c,bf207a4afdd7e623be4bd0751bdc1917c0ee550af0f38c0531b25bb726d1710c,symbol,CLEAN,clean,clean,MR05,Payload separation,separate,True,False,first=b'Morph-01';second=b'Second-2',0.143345,,False,"{""execution_order"":""sequential-builds-then-extract"",""first_hex"":""4d6f7270682d3031"",""second_hex"":""5365636f6e642d32""}"
clean_catalog,H01-gcd.c,bf207a4afdd7e623be4bd0751bdc1917c0ee550af0f38c0531b25bb726d1710c,symbol,CLEAN,clean,clean,MR06,Cross-compiler invariance,preserve,True,False,"payloads=b'Morph-01',b'Morph-01';semantic_equal=True",0.146347,,False,"{""clang_actual"":""clang"",""gcc_actual"":""gcc""}"
clean_catalog,H01-gcd.c,bf207a4afdd7e623be4bd0751bdc1917c0ee550af0f38c0531b25bb726d1710c,symbol,CLEAN,clean,clean,MR07,Optimization invariance,preserve,True,False,"payloads=['Morph-01', 'Morph-01', 'Morph-01'];semantic_equal=True",0.234569,,False,{}
clean_catalog,H01-gcd.c,bf207a4afdd7e623be4bd0751bdc1917c0ee550af0f38c0531b25bb726d1710c,symbol,CLEAN,clean,clean,MR08,Clean-room relocation,preserve,True,False,relocated=b'Morph-01',0.03807,,False,"{""clean_room_entries"":[""renamed-artifact.bin""],""relocated_hex"":""4d6f7270682d3031""}"
clean_catalog,H01-gcd.c,bf207a4afdd7e623be4bd0751bdc1917c0ee550af0f38c0531b25bb726d1710c,symbol,CLEAN,clean,clean,MR09,Carrier-removal rejection,reject,True,False,rejected:absent:watermark symbols not found,0.08306,,False,"{""antecedent_guarded"":true}"
clean_catalog,H01-gcd.c,bf207a4afdd7e623be4bd0751bdc1917c0ee550af0f38c0531b25bb726d1710c,symbol,CLEAN,clean,clean,MR10,Carrier-corruption rejection,reject,True,False,rejected:checksum:symbol payload checksum mismatch,0.077544,,False,"{""antecedent_guarded"":true}"
clean_catalog,H01-gcd.c,bf207a4afdd7e623be4bd0751bdc1917c0ee550af0f38c0531b25bb726d1710c,symbol,CLEAN,clean,clean,MR11,Requested/actual trace agreement,trace,True,False,requested=clang/Os;actual=clang/Os,0.066561,,False,"{""build"":{""actual_compiler"":""clang"",""actual_optimization"":""Os"",""binary"":""WORKDIR/symbol/CLEAN/MR11/trace/build-01/artifact.bin"",""binary_sha256"":""25e0d918cd8ff7cc194ede1eb56d7dc89089e033832c65ca5cceab6c9faa446b"",""carrier"":""symbol"",""command"":[""clang"",""-std=c11"",""-fno-ident"",""-no-pie"",""-Os"",""WORKDIR/symbol/CLEAN/MR11/trace/build-01/host.c"",""-o"",""WORKDIR/symbol/CLEAN/MR11/trace/build-01/artifact.bin""],""effective_payload_hex"":""4d6f7270682d3031"",""key"":""key-alpha"",""mutant_id"":""CLEAN"",""requested_compiler"":""clang"",""requested_optimization"":""Os"",""requested_payload_hex"":""4d6f7270682d3031"",""return_code"":0,""source"":""WORKDIR/symbol/CLEAN/MR11/trace/build-01/host.c"",""source_sha256"":""45e69a3841e4e8368c9380bdbc2f287b38fe1665811764759930b7957a59ce6a"",""stderr"":""""}}"
clean_catalog,H01-gcd.c,bf207a4afdd7e623be4bd0751bdc1917c0ee550af0f38c0531b25bb726d1710c,symbol,CLEAN,clean,clean,MR12,Interleaved artifact isolation,separate,True,False,parallel_isolation_satisfied,0.081096,,False,"{""aliasing_detected"":false,""both_expected"":true,""execution_order"":""overlapping-builds-then-extract"",""payloads_distinct"":true}"
clean_catalog,H01-gcd.c,bf207a4afdd7e623be4bd0751bdc1917c0ee550af0f38c0531b25bb726d1710c,symbol,CLEAN,clean,clean,MR13,Reordered extraction independence,preserve,True,False,before=b'Morph-01';intervening=b'Second-2';after=b'Morph-01',0.129785,,False,"{""intervening_extraction"":true}"
clean_catalog,H01-gcd.c,bf207a4afdd7e623be4bd0751bdc1917c0ee550af0f38c0531b25bb726d1710c,symbol,CLEAN,clean,clean,MR14,Rebuild stability,preserve,True,False,first=b'Morph-01';second=b'Morph-01',0.119891,,False,"{""binary_bytes_equal"":true,""execution_order"":""build1-extract1-build2-extract2""}"
mutation,H01-gcd.c,bf207a4afdd7e623be4bd0751bdc1917c0ee550af0f38c0531b25bb726d1710c,symbol,M01,embed_noop,embedding,MR01,Round-trip fidelity,preserve,False,True,exception:ExtractionError:watermark symbols not found,0.078302,ExtractionError,False,{}
mutation,H01-gcd.c,bf207a4afdd7e623be4bd0751bdc1917c0ee550af0f38c0531b25bb726d1710c,symbol,M01,embed_noop,embedding,MR02,Host-semantic preservation,preserve,True,False,mismatch_count=0,0.120671,,False,"{""mismatches"":[]}"
mutation,H01-gcd.c,bf207a4afdd7e623be4bd0751bdc1917c0ee550af0f38c0531b25bb726d1710c,symbol,M01,embed_noop,embedding,MR03,Unmarked rejection,reject,True,False,rejected:absent:watermark symbols not found,0.079084,,False,"{""unmarked_binary_sha256"":""17288de5d8ffc83b2223ee650ec19f96fa9b779f3eb45b8e2433c730b7a1e3e2""}"
mutation,H01-gcd.c,bf207a4afdd7e623be4bd0751bdc1917c0ee550af0f38c0531b25bb726d1710c,symbol,M01,embed_noop,embedding,MR04,Wrong-key rejection,reject,True,False,rejected:wrong-key:symbol key tag mismatch,0.07554,,False,"{""antecedent_guarded"":true,""antecedent_hex"":""4d6f7270682d3031""}"
mutation,H01-gcd.c,bf207a4afdd7e623be4bd0751bdc1917c0ee550af0f38c0531b25bb726d1710c,symbol,M01,embed_noop,embedding,MR05,Payload separation,separate,False,True,exception:ExtractionError:watermark symbols not found,0.132676,ExtractionError,False,{}
mutation,H01-gcd.c,bf207a4afdd7e623be4bd0751bdc1917c0ee550af0f38c0531b25bb726d1710c,symbol,M01,embed_noop,embedding,MR06,Cross-compiler invariance,preserve,False,True,exception:ExtractionError:watermark symbols not found,0.114619,ExtractionError,False,{}
mutation,H01-gcd.c,bf207a4afdd7e623be4bd0751bdc1917c0ee550af0f38c0531b25bb726d1710c,symbol,M01,embed_noop,embedding,MR07,Optimization invariance,preserve,False,True,exception:ExtractionError:watermark symbols not found,0.169612,ExtractionError,False,{}
mutation,H01-gcd.c,bf207a4afdd7e623be4bd0751bdc1917c0ee550af0f38c0531b25bb726d1710c,symbol,M01,embed_noop,embedding,MR08,Clean-room relocation,preserve,False,True,exception:ExtractionError:watermark symbols not found,0.035347,ExtractionError,False,{}
mutation,H01-gcd.c,bf207a4afdd7e623be4bd0751bdc1917c0ee550af0f38c0531b25bb726d1710c,symbol,M01,embed_noop,embedding,MR09,Carrier-removal rejection,reject,True,False,rejected:absent:watermark symbols not found,0.089472,,False,"{""antecedent_guarded"":true}"
mutation,H01-gcd.c,bf207a4afdd7e623be4bd0751bdc1917c0ee550af0f38c0531b25bb726d1710c,symbol,M01,embed_noop,embedding,MR10,Carrier-corruption rejection,reject,True,False,rejected:checksum:symbol payload checksum mismatch,0.087354,,False,"{""antecedent_guarded"":true}"
mutation,H01-gcd.c,bf207a4afdd7e623be4bd0751bdc1917c0ee550af0f38c0531b25bb726d1710c,symbol,M01,embed_noop,embedding,MR11,Requested/actual trace agreement,trace,True,False,requested=clang/Os;actual=clang/Os,0.085006,,False,"{""build"":{""actual_compiler"":""clang"",""actual_optimization"":""Os"",""binary"":""WORKDIR/symbol/M01/MR11/trace/build-01/artifact.bin"",""binary_sha256"":""8979583311288d6755db67bfb67a745238b66729f18570b075945ee29c1a551b"",""carrier"":""symbol"",""command"":[""clang"",""-std=c11"",""-fno-ident"",""-no-pie"",""-Os"",""WORKDIR/symbol/M01/MR11/trace/build-01/host.c"",""-o"",""WORKDIR/symbol/M01/MR11/trace/build-01/artifact.bin""],""effective_payload_hex"":""4d6f7270682d3031"",""key"":""key-alpha"",""mutant_id"":""M01"",""requested_compiler"":""clang"",""requested_optimization"":""Os"",""requested_payload_hex"":""4d6f7270682d3031"",""return_code"":0,""source"":""WORKDIR/symbol/M01/MR11/trace/build-01/host.c"",""source_sha256"":""bf207a4afdd7e623be4bd0751bdc1917c0ee550af0f38c0531b25bb726d1710c"",""stderr"":""""}}"
mutation,H01-gcd.c,bf207a4afdd7e623be4bd0751bdc1917c0ee550af0f38c0531b25bb726d1710c,symbol,M01,embed_noop,embedding,MR12,Interleaved artifact isolation,separate,False,True,exception:ExtractionError:watermark symbols not found,0.079565,ExtractionError,False,{}
mutation,H01-gcd.c,bf207a4afdd7e623be4bd0751bdc1917c0ee550af0f38c0531b25bb726d1710c,symbol,M01,embed_noop,embedding,MR13,Reordered extraction independence,preserve,False,True,exception:ExtractionError:watermark symbols not found,0.084859,ExtractionError,False,{}
mutation,H01-gcd.c,bf207a4afdd7e623be4bd0751bdc1917c0ee550af0f38c0531b25bb726d1710c,symbol,M01,embed_noop,embedding,MR14,Rebuild stability,preserve,False,True,exception:ExtractionError:watermark symbols not found,0.049035,ExtractionError,False,{}
mutation,H01-gcd.c,bf207a4afdd7e623be4bd0751bdc1917c0ee550af0f38c0531b25bb726d1710c,symbol,M02,truncate_payload,embedding,MR01,Round-trip fidelity,preserve,False,True,extracted=b'Morph-0',0.076438,,False,"{""build"":{""actual_compiler"":""gcc"",""actual_optimization"":""O2"",""binary"":""WORKDIR/symbol/M02/MR01/marked/build-01/artifact.bin"",""binary_sha256"":""b13b1265020878bd8dfca52aeddf8e762a1bd076f439b6e5f598becc4aa90187"",""carrier"":""symbol"",""command"":[""gcc"",""-std=c11"",""-fno-ident"",""-no-pie"",""-O2"",""WORKDIR/symbol/M02/MR01/marked/build-01/host.c"",""-o"",""WORKDIR/symbol/M02/MR01/marked/build-01/artifact.bin""],""effective_payload_hex"":""4d6f7270682d30"",""key"":""key-alpha"",""mutant_id"":""M02"",""requested_compiler"":""gcc"",""requested_optimization"":""O2"",""requested_payload_hex"":""4d6f7270682d3031"",""return_code"":0,""source"":""WORKDIR/symbol/M02/MR01/marked/build-01/host.c"",""source_sha256"":""5163e8743659c9c1fca170bc0338dcef46e3668eaf0a3429fe3c498254acf8a2"",""stderr"":""""},""extracted_hex"":""4d6f7270682d30""}"
mutation,H01-gcd.c,bf207a4afdd7e623be4bd0751bdc1917c0ee550af0f38c0531b25bb726d1710c,symbol,M02,truncate_payload,embedding,MR02,Host-semantic preservation,preserve,True,False,mismatch_count=0,0.159142,,False,"{""mismatches"":[]}"
mutation,H01-gcd.c,bf207a4afdd7e623be4bd0751bdc1917c0ee550af0f38c0531b25bb726d1710c,symbol,M02,truncate_payload,embedding,MR03,Unmarked rejection,reject,True,False,rejected:absent:watermark symbols not found,0.083433,,False,"{""unmarked_binary_sha256"":""17288de5d8ffc83b2223ee650ec19f96fa9b779f3eb45b8e2433c730b7a1e3e2""}"
mutation,H01-gcd.c,bf207a4afdd7e623be4bd0751bdc1917c0ee550af0f38c0531b25bb726d1710c,symbol,M02,truncate_payload,embedding,MR04,Wrong-key rejection,reject,True,False,rejected:wrong-key:symbol key tag mismatch,0.0887,,False,"{""antecedent_guarded"":true,""antecedent_hex"":""4d6f7270682d3031""}"
mutation,H01-gcd.c,bf207a4afdd7e623be4bd0751bdc1917c0ee550af0f38c0531b25bb726d1710c,symbol,M02,truncate_payload,embedding,MR05,Payload separation,separate,False,True,first=b'Morph-0';second=b'Second-',0.128352,,False,"{""execution_order"":""sequential-builds-then-extract"",""first_hex"":""4d6f7270682d30"",""second_hex"":""5365636f6e642d""}"
mutation,H01-gcd.c,bf207a4afdd7e623be4bd0751bdc1917c0ee550af0f38c0531b25bb726d1710c,symbol,M02,truncate_payload,embedding,MR06,Cross-compiler invariance,preserve,False,True,"payloads=b'Morph-0',b'Morph-0';semantic_equal=True",0.176724,,False,"{""clang_actual"":""clang"",""gcc_actual"":""gcc""}"
mutation,H01-gcd.c,bf207a4afdd7e623be4bd0751bdc1917c0ee550af0f38c0531b25bb726d1710c,symbol,M02,truncate_payload,embedding,MR07,Optimization invariance,preserve,False,True,"payloads=['Morph-0', 'Morph-0', 'Morph-0'];semantic_equal=True",0.273652,,False,{}
mutation,H01-gcd.c,bf207a4afdd7e623be4bd0751bdc1917c0ee550af0f38c0531b25bb726d1710c,symbol,M02,truncate_payload,embedding,MR08,Clean-room relocation,preserve,False,True,source_mismatch=b'Morph-0',0.041964,,False,"{""source_hex"":""4d6f7270682d30""}"
mutation,H01-gcd.c,bf207a4afdd7e623be4bd0751bdc1917c0ee550af0f38c0531b25bb726d1710c,symbol,M02,truncate_payload,embedding,MR09,Carrier-removal rejection,reject,True,False,rejected:absent:watermark symbols not found,0.049978,,False,"{""antecedent_guarded"":true}"
mutation,H01-gcd.c,bf207a4afdd7e623be4bd0751bdc1917c0ee550af0f38c0531b25bb726d1710c,symbol,M02,truncate_payload,embedding,MR10,Carrier-corruption rejection,reject,True,False,rejected:checksum:symbol payload checksum mismatch,0.078943,,False,"{""antecedent_guarded"":true}"
mutation,H01-gcd.c,bf207a4afdd7e623be4bd0751bdc1917c0ee550af0f38c0531b25bb726d1710c,symbol,M02,truncate_payload,embedding,MR11,Requested/actual trace agreement,trace,True,False,requested=clang/Os;actual=clang/Os,0.072075,,False,"{""build"":{""actual_compiler"":""clang"",""actual_optimization"":""Os"",""binary"":""WORKDIR/symbol/M02/MR11/trace/build-01/artifact.bin"",""binary_sha256"":""9776f1fdd6bb1ed4894d0e930eec9b56ade7d9b35af5b2020432f9ea461b697b"",""carrier"":""symbol"",""command"":[""clang"",""-std=c11"",""-fno-ident"",""-no-pie"",""-Os"",""WORKDIR/symbol/M02/MR11/trace/build-01/host.c"",""-o"",""WORKDIR/symbol/M02/MR11/trace/build-01/artifact.bin""],""effective_payload_hex"":""4d6f7270682d30"",""key"":""key-alpha"",""mutant_id"":""M02"",""requested_compiler"":""clang"",""requested_optimization"":""Os"",""requested_payload_hex"":""4d6f7270682d3031"",""return_code"":0,""source"":""WORKDIR/symbol/M02/MR11/trace/build-01/host.c"",""source_sha256"":""5163e8743659c9c1fca170bc0338dcef46e3668eaf0a3429fe3c498254acf8a2"",""stderr"":""""}}"
mutation,H01-gcd.c,bf207a4afdd7e623be4bd0751bdc1917c0ee550af0f38c0531b25bb726d1710c,symbol,M02,truncate_payload,embedding,MR12,Interleaved artifact isolation,separate,False,True,parallel_isolation_clause_violated,0.085665,,False,"{""aliasing_detected"":false,""both_expected"":false,""execution_order"":""overlapping-builds-then-extract"",""payloads_distinct"":true}"
mutation,H01-gcd.c,bf207a4afdd7e623be4bd0751bdc1917c0ee550af0f38c0531b25bb726d1710c,symbol,M02,truncate_payload,embedding,MR13,Reordered extraction independence,preserve,False,True,before=b'Morph-0';intervening=b'Second-';after=b'Morph-0',0.146196,,False,"{""intervening_extraction"":true}"
mutation,H01-gcd.c,bf207a4afdd7e623be4bd0751bdc1917c0ee550af0f38c0531b25bb726d1710c,symbol,M02,truncate_payload,embedding,MR14,Rebuild stability,preserve,False,True,first=b'Morph-0';second=b'Morph-0',0.143095,,False,"{""binary_bytes_equal"":true,""execution_order"":""build1-extract1-build2-extract2""}"
mutation,H01-gcd.c,bf207a4afdd7e623be4bd0751bdc1917c0ee550af0f38c0531b25bb726d1710c,symbol,M03,flip_payload,embedding,MR01,Round-trip fidelity,preserve,False,True,extracted=b'Lorph-01',0.041062,,False,"{""build"":{""actual_compiler"":""gcc"",""actual_optimization"":""O2"",""binary"":""WORKDIR/symbol/M03/MR01/marked/build-01/artifact.bin"",""binary_sha256"":""5a73880b63d2c6f10977a058b064d40a02767c6a6f80fb790fd2dfa7a79d6da9"",""carrier"":""symbol"",""command"":[""gcc"",""-std=c11"",""-fno-ident"",""-no-pie"",""-O2"",""WORKDIR/symbol/M03/MR01/marked/build-01/host.c"",""-o"",""WORKDIR/symbol/M03/MR01/marked/build-01/artifact.bin""],""effective_payload_hex"":""4c6f7270682d3031"",""key"":""key-alpha"",""mutant_id"":""M03"",""requested_compiler"":""gcc"",""requested_optimization"":""O2"",""requested_payload_hex"":""4d6f7270682d3031"",""return_code"":0,""source"":""WORKDIR/symbol/M03/MR01/marked/build-01/host.c"",""source_sha256"":""e5c4aab85d2d107c876f5440efa877ef9181f2c35916444fda9a4d1c3e330e05"",""stderr"":""""},""extracted_hex"":""4c6f7270682d3031""}"
mutation,H01-gcd.c,bf207a4afdd7e623be4bd0751bdc1917c0ee550af0f38c0531b25bb726d1710c,symbol,M03,flip_payload,embedding,MR02,Host-semantic preservation,preserve,True,False,mismatch_count=0,0.125534,,False,"{""mismatches"":[]}"
mutation,H01-gcd.c,bf207a4afdd7e623be4bd0751bdc1917c0ee550af0f38c0531b25bb726d1710c,symbol,M03,flip_payload,embedding,MR03,Unmarked rejection,reject,True,False,rejected:absent:watermark symbols not found,0.04654,,False,"{""unmarked_binary_sha256"":""17288de5d8ffc83b2223ee650ec19f96fa9b779f3eb45b8e2433c730b7a1e3e2""}"
mutation,H01-gcd.c,bf207a4afdd7e623be4bd0751bdc1917c0ee550af0f38c0531b25bb726d1710c,symbol,M03,flip_payload,embedding,MR04,Wrong-key rejection,reject,True,False,rejected:wrong-key:symbol key tag mismatch,0.077705,,False,"{""antecedent_guarded"":true,""antecedent_hex"":""4d6f7270682d3031""}"
mutation,H01-gcd.c,bf207a4afdd7e623be4bd0751bdc1917c0ee550af0f38c0531b25bb726d1710c,symbol,M03,flip_payload,embedding,MR05,Payload separation,separate,False,True,first=b'Lorph-01';second=b'Recond-2',0.143821,,False,"{""execution_order"":""sequential-builds-then-extract"",""first_hex"":""4c6f7270682d3031"",""second_hex"":""5265636f6e642d32""}"
mutation,H01-gcd.c,bf207a4afdd7e623be4bd0751bdc1917c0ee550af0f38c0531b25bb726d1710c,symbol,M03,flip_payload,embedding,MR06,Cross-compiler invariance,preserve,False,True,"payloads=b'Lorph-01',b'Lorph-01';semantic_equal=True",0.176889,,False,"{""clang_actual"":""clang"",""gcc_actual"":""gcc""}"
mutation,H01-gcd.c,bf207a4afdd7e623be4bd0751bdc1917c0ee550af0f38c0531b25bb726d1710c,symbol,M03,flip_payload,embedding,MR07,Optimization invariance,preserve,False,True,"payloads=['Lorph-01', 'Lorph-01', 'Lorph-01'];semantic_equal=True",0.216714,,False,{}
mutation,H01-gcd.c,bf207a4afdd7e623be4bd0751bdc1917c0ee550af0f38c0531b25bb726d1710c,symbol,M03,flip_payload,embedding,MR08,Clean-room relocation,preserve,False,True,source_mismatch=b'Lorph-01',0.041963,,False,"{""source_hex"":""4c6f7270682d3031""}"
mutation,H01-gcd.c,bf207a4afdd7e623be4bd0751bdc1917c0ee550af0f38c0531b25bb726d1710c,symbol,M03,flip_payload,embedding,MR09,Carrier-removal rejection,reject,True,False,rejected:absent:watermark symbols not found,0.03984,,False,"{""antecedent_guarded"":true}"
mutation,H01-gcd.c,bf207a4afdd7e623be4bd0751bdc1917c0ee550af0f38c0531b25bb726d1710c,symbol,M03,flip_payload,embedding,MR10,Carrier-corruption rejection,reject,True,False,rejected:checksum:symbol payload checksum mismatch,0.087694,,False,"{""antecedent_guarded"":true}"
mutation,H01-gcd.c,bf207a4afdd7e623be4bd0751bdc1917c0ee550af0f38c0531b25bb726d1710c,symbol,M03,flip_payload,embedding,MR11,Requested/actual trace agreement,trace,True,False,requested=clang/Os;actual=clang/Os,0.072562,,False,"{""build"":{""actual_compiler"":""clang"",""actual_optimization"":""Os"",""binary"":""WORKDIR/symbol/M03/MR11/trace/build-01/artifact.bin"",""binary_sha256"":""660b873dd17c9254a19706c1457a4074f3feda7230fd407f9f67f505cd94b949"",""carrier"":""symbol"",""command"":[""clang"",""-std=c11"",""-fno-ident"",""-no-pie"",""-Os"",""WORKDIR/symbol/M03/MR11/trace/build-01/host.c"",""-o"",""WORKDIR/symbol/M03/MR11/trace/build-01/artifact.bin""],""effective_payload_hex"":""4c6f7270682d3031"",""key"":""key-alpha"",""mutant_id"":""M03"",""requested_compiler"":""clang"",""requested_optimization"":""Os"",""requested_payload_hex"":""4d6f7270682d3031"",""return_code"":0,""source"":""WORKDIR/symbol/M03/MR11/trace/build-01/host.c"",""source_sha256"":""e5c4aab85d2d107c876f5440efa877ef9181f2c35916444fda9a4d1c3e330e05"",""stderr"":""""}}"
mutation,H01-gcd.c,bf207a4afdd7e623be4bd0751bdc1917c0ee550af0f38c0531b25bb726d1710c,symbol,M03,flip_payload,embedding,MR12,Interleaved artifact isolation,separate,False,True,parallel_isolation_clause_violated,0.096166,,False,"{""aliasing_detected"":false,""both_expected"":false,""execution_order"":""overlapping-builds-then-extract"",""payloads_distinct"":true}"
mutation,H01-gcd.c,bf207a4afdd7e623be4bd0751bdc1917c0ee550af0f38c0531b25bb726d1710c,symbol,M03,flip_payload,embedding,MR13,Reordered extraction independence,preserve,False,True,before=b'Lorph-01';intervening=b'Recond-2';after=b'Lorph-01',0.122171,,False,"{""intervening_extraction"":true}"
mutation,H01-gcd.c,bf207a4afdd7e623be4bd0751bdc1917c0ee550af0f38c0531b25bb726d1710c,symbol,M03,flip_payload,embedding,MR14,Rebuild stability,preserve,False,True,first=b'Lorph-01';second=b'Lorph-01',0.154823,,False,"{""binary_bytes_equal"":true,""execution_order"":""build1-extract1-build2-extract2""}"
mutation,H01-gcd.c,bf207a4afdd7e623be4bd0751bdc1917c0ee550af0f38c0531b25bb726d1710c,symbol,M04,fixed_payload,state,MR01,Round-trip fidelity,preserve,False,True,extracted=b'fixed-payload',0.059474,,False,"{""build"":{""actual_compiler"":""gcc"",""actual_optimization"":""O2"",""binary"":""WORKDIR/symbol/M04/MR01/marked/build-01/artifact.bin"",""binary_sha256"":""b7d7ed2bedc904902a580137f042aa44fef74336dd002530a22210cde5444b23"",""carrier"":""symbol"",""command"":[""gcc"",""-std=c11"",""-fno-ident"",""-no-pie"",""-O2"",""WORKDIR/symbol/M04/MR01/marked/build-01/host.c"",""-o"",""WORKDIR/symbol/M04/MR01/marked/build-01/artifact.bin""],""effective_payload_hex"":""66697865642d7061796c6f6164"",""key"":""key-alpha"",""mutant_id"":""M04"",""requested_compiler"":""gcc"",""requested_optimization"":""O2"",""requested_payload_hex"":""4d6f7270682d3031"",""return_code"":0,""source"":""WORKDIR/symbol/M04/MR01/marked/build-01/host.c"",""source_sha256"":""73ce8a470345e05c4006575c5231e74e4b5ec91e168c9301dd59a101b7cd6034"",""stderr"":""""},""extracted_hex"":""66697865642d7061796c6f6164""}"
mutation,H01-gcd.c,bf207a4afdd7e623be4bd0751bdc1917c0ee550af0f38c0531b25bb726d1710c,symbol,M04,fixed_payload,state,MR02,Host-semantic preservation,preserve,True,False,mismatch_count=0,0.169932,,False,"{""mismatches"":[]}"
mutation,H01-gcd.c,bf207a4afdd7e623be4bd0751bdc1917c0ee550af0f38c0531b25bb726d1710c,symbol,M04,fixed_payload,state,MR03,Unmarked rejection,reject,True,False,rejected:absent:watermark symbols not found,0.040183,,False,"{""unmarked_binary_sha256"":""17288de5d8ffc83b2223ee650ec19f96fa9b779f3eb45b8e2433c730b7a1e3e2""}"
mutation,H01-gcd.c,bf207a4afdd7e623be4bd0751bdc1917c0ee550af0f38c0531b25bb726d1710c,symbol,M04,fixed_payload,state,MR04,Wrong-key rejection,reject,True,False,rejected:wrong-key:symbol key tag mismatch,0.049435,,False,"{""antecedent_guarded"":true,""antecedent_hex"":""4d6f7270682d3031""}"
mutation,H01-gcd.c,bf207a4afdd7e623be4bd0751bdc1917c0ee550af0f38c0531b25bb726d1710c,symbol,M04,fixed_payload,state,MR05,Payload separation,separate,False,True,first=b'fixed-payload';second=b'fixed-payload',0.12321,,False,"{""execution_order"":""sequential-builds-then-extract"",""first_hex"":""66697865642d7061796c6f6164"",""second_hex"":""66697865642d7061796c6f6164""}"
mutation,H01-gcd.c,bf207a4afdd7e623be4bd0751bdc1917c0ee550af0f38c0531b25bb726d1710c,symbol,M04,fixed_payload,state,MR06,Cross-compiler invariance,preserve,False,True,"payloads=b'fixed-payload',b'fixed-payload';semantic_equal=True",0.140026,,False,"{""clang_actual"":""clang"",""gcc_actual"":""gcc""}"
mutation,H01-gcd.c,bf207a4afdd7e623be4bd0751bdc1917c0ee550af0f38c0531b25bb726d1710c,symbol,M04,fixed_payload,state,MR07,Optimization invariance,preserve,False,True,"payloads=['fixed-payload', 'fixed-payload', 'fixed-payload'];semantic_equal=True",0.255873,,False,{}
mutation,H01-gcd.c,bf207a4afdd7e623be4bd0751bdc1917c0ee550af0f38c0531b25bb726d1710c,symbol,M04,fixed_payload,state,MR08,Clean-room relocation,preserve,False,True,source_mismatch=b'fixed-payload',0.070631,,False,"{""source_hex"":""66697865642d7061796c6f6164""}"
mutation,H01-gcd.c,bf207a4afdd7e623be4bd0751bdc1917c0ee550af0f38c0531b25bb726d1710c,symbol,M04,fixed_payload,state,MR09,Carrier-removal rejection,reject,True,False,rejected:absent:watermark symbols not found,0.081645,,False,"{""antecedent_guarded"":true}"
mutation,H01-gcd.c,bf207a4afdd7e623be4bd0751bdc1917c0ee550af0f38c0531b25bb726d1710c,symbol,M04,fixed_payload,state,MR10,Carrier-corruption rejection,reject,True,False,rejected:checksum:symbol payload checksum mismatch,0.071103,,False,"{""antecedent_guarded"":true}"
mutation,H01-gcd.c,bf207a4afdd7e623be4bd0751bdc1917c0ee550af0f38c0531b25bb726d1710c,symbol,M04,fixed_payload,state,MR11,Requested/actual trace agreement,trace,True,False,requested=clang/Os;actual=clang/Os,0.052742,,False,"{""build"":{""actual_compiler"":""clang"",""actual_optimization"":""Os"",""binary"":""WORKDIR/symbol/M04/MR11/trace/build-01/artifact.bin"",""binary_sha256"":""ebc4f477a926b6cb32185b8d2c9f790fda190bc20f320e1a45a6535aca240791"",""carrier"":""symbol"",""command"":[""clang"",""-std=c11"",""-fno-ident"",""-no-pie"",""-Os"",""WORKDIR/symbol/M04/MR11/trace/build-01/host.c"",""-o"",""WORKDIR/symbol/M04/MR11/trace/build-01/artifact.bin""],""effective_payload_hex"":""66697865642d7061796c6f6164"",""key"":""key-alpha"",""mutant_id"":""M04"",""requested_compiler"":""clang"",""requested_optimization"":""Os"",""requested_payload_hex"":""4d6f7270682d3031"",""return_code"":0,""source"":""WORKDIR/symbol/M04/MR11/trace/build-01/host.c"",""source_sha256"":""73ce8a470345e05c4006575c5231e74e4b5ec91e168c9301dd59a101b7cd6034"",""stderr"":""""}}"
mutation,H01-gcd.c,bf207a4afdd7e623be4bd0751bdc1917c0ee550af0f38c0531b25bb726d1710c,symbol,M04,fixed_payload,state,MR12,Interleaved artifact isolation,separate,False,True,parallel_isolation_clause_violated,0.079324,,False,"{""aliasing_detected"":true,""both_expected"":false,""execution_order"":""overlapping-builds-then-extract"",""payloads_distinct"":false}"
mutation,H01-gcd.c,bf207a4afdd7e623be4bd0751bdc1917c0ee550af0f38c0531b25bb726d1710c,symbol,M04,fixed_payload,state,MR13,Reordered extraction independence,preserve,False,True,before=b'fixed-payload';intervening=b'fixed-payload';after=b'fixed-payload',0.10344,,False,"{""intervening_extraction"":true}"
mutation,H01-gcd.c,bf207a4afdd7e623be4bd0751bdc1917c0ee550af0f38c0531b25bb726d1710c,symbol,M04,fixed_payload,state,MR14,Rebuild stability,preserve,False,True,first=b'fixed-payload';second=b'fixed-payload',0.122632,,False,"{""binary_bytes_equal"":true,""execution_order"":""build1-extract1-build2-extract2""}"
mutation,H01-gcd.c,bf207a4afdd7e623be4bd0751bdc1917c0ee550af0f38c0531b25bb726d1710c,symbol,M05,lower_payload,normalization,MR01,Round-trip fidelity,preserve,False,True,extracted=b'morph-01',0.077936,,False,"{""build"":{""actual_compiler"":""gcc"",""actual_optimization"":""O2"",""binary"":""WORKDIR/symbol/M05/MR01/marked/build-01/artifact.bin"",""binary_sha256"":""df94aef40b49eb41cca06569e954a285c65b6fd025a1475446712f1f1b07be91"",""carrier"":""symbol"",""command"":[""gcc"",""-std=c11"",""-fno-ident"",""-no-pie"",""-O2"",""WORKDIR/symbol/M05/MR01/marked/build-01/host.c"",""-o"",""WORKDIR/symbol/M05/MR01/marked/build-01/artifact.bin""],""effective_payload_hex"":""6d6f7270682d3031"",""key"":""key-alpha"",""mutant_id"":""M05"",""requested_compiler"":""gcc"",""requested_optimization"":""O2"",""requested_payload_hex"":""4d6f7270682d3031"",""return_code"":0,""source"":""WORKDIR/symbol/M05/MR01/marked/build-01/host.c"",""source_sha256"":""b16668dd694ead251ef9b615978b9ac0e42cff2db592332b669df9c8b65d70de"",""stderr"":""""},""extracted_hex"":""6d6f7270682d3031""}"
mutation,H01-gcd.c,bf207a4afdd7e623be4bd0751bdc1917c0ee550af0f38c0531b25bb726d1710c,symbol,M05,lower_payload,normalization,MR02,Host-semantic preservation,preserve,True,False,mismatch_count=0,0.195034,,False,"{""mismatches"":[]}"
mutation,H01-gcd.c,bf207a4afdd7e623be4bd0751bdc1917c0ee550af0f38c0531b25bb726d1710c,symbol,M05,lower_payload,normalization,MR03,Unmarked rejection,reject,True,False,rejected:absent:watermark symbols not found,0.069156,,False,"{""unmarked_binary_sha256"":""17288de5d8ffc83b2223ee650ec19f96fa9b779f3eb45b8e2433c730b7a1e3e2""}"
mutation,H01-gcd.c,bf207a4afdd7e623be4bd0751bdc1917c0ee550af0f38c0531b25bb726d1710c,symbol,M05,lower_payload,normalization,MR04,Wrong-key rejection,reject,True,False,rejected:wrong-key:symbol key tag mismatch,0.082227,,False,"{""antecedent_guarded"":true,""antecedent_hex"":""4d6f7270682d3031""}"
mutation,H01-gcd.c,bf207a4afdd7e623be4bd0751bdc1917c0ee550af0f38c0531b25bb726d1710c,symbol,M05,lower_payload,normalization,MR05,Payload separation,separate,False,True,first=b'morph-01';second=b'second-2',0.10578,,False,"{""execution_order"":""sequential-builds-then-extract"",""first_hex"":""6d6f7270682d3031"",""second_hex"":""7365636f6e642d32""}"
mutation,H01-gcd.c,bf207a4afdd7e623be4bd0751bdc1917c0ee550af0f38c0531b25bb726d1710c,symbol,M05,lower_payload,normalization,MR06,Cross-compiler invariance,preserve,False,True,"payloads=b'morph-01',b'morph-01';semantic_equal=True",0.174441,,False,"{""clang_actual"":""clang"",""gcc_actual"":""gcc""}"
mutation,H01-gcd.c,bf207a4afdd7e623be4bd0751bdc1917c0ee550af0f38c0531b25bb726d1710c,symbol,M05,lower_payload,normalization,MR07,Optimization invariance,preserve,False,True,"payloads=['morph-01', 'morph-01', 'morph-01'];semantic_equal=True",0.25953,,False,{}
mutation,H01-gcd.c,bf207a4afdd7e623be4bd0751bdc1917c0ee550af0f38c0531b25bb726d1710c,symbol,M05,lower_payload,normalization,MR08,Clean-room relocation,preserve,False,True,source_mismatch=b'morph-01',0.061256,,False,"{""source_hex"":""6d6f7270682d3031""}"
mutation,H01-gcd.c,bf207a4afdd7e623be4bd0751bdc1917c0ee550af0f38c0531b25bb726d1710c,symbol,M05,lower_payload,normalization,MR09,Carrier-removal rejection,reject,True,False,rejected:absent:watermark symbols not found,0.080181,,False,"{""antecedent_guarded"":true}"
mutation,H01-gcd.c,bf207a4afdd7e623be4bd0751bdc1917c0ee550af0f38c0531b25bb726d1710c,symbol,M05,lower_payload,normalization,MR10,Carrier-corruption rejection,reject,True,False,rejected:checksum:symbol payload checksum mismatch,0.096228,,False,"{""antecedent_guarded"":true}"
mutation,H01-gcd.c,bf207a4afdd7e623be4bd0751bdc1917c0ee550af0f38c0531b25bb726d1710c,symbol,M05,lower_payload,normalization,MR11,Requested/actual trace agreement,trace,True,False,requested=clang/Os;actual=clang/Os,0.095437,,False,"{""build"":{""actual_compiler"":""clang"",""actual_optimization"":""Os"",""binary"":""WORKDIR/symbol/M05/MR11/trace/build-01/artifact.bin"",""binary_sha256"":""18c51982a9f2b75890f7c7843c42bfa0f10e78e0a9e6f3131cc85343817a97d8"",""carrier"":""symbol"",""command"":[""clang"",""-std=c11"",""-fno-ident"",""-no-pie"",""-Os"",""WORKDIR/symbol/M05/MR11/trace/build-01/host.c"",""-o"",""WORKDIR/symbol/M05/MR11/trace/build-01/artifact.bin""],""effective_payload_hex"":""6d6f7270682d3031"",""key"":""key-alpha"",""mutant_id"":""M05"",""requested_compiler"":""clang"",""requested_optimization"":""Os"",""requested_payload_hex"":""4d6f7270682d3031"",""return_code"":0,""source"":""WORKDIR/symbol/M05/MR11/trace/build-01/host.c"",""source_sha256"":""b16668dd694ead251ef9b615978b9ac0e42cff2db592332b669df9c8b65d70de"",""stderr"":""""}}"
mutation,H01-gcd.c,bf207a4afdd7e623be4bd0751bdc1917c0ee550af0f38c0531b25bb726d1710c,symbol,M05,lower_payload,normalization,MR12,Interleaved artifact isolation,separate,False,True,parallel_isolation_clause_violated,0.092209,,False,"{""aliasing_detected"":false,""both_expected"":false,""execution_order"":""overlapping-builds-then-extract"",""payloads_distinct"":true}"
mutation,H01-gcd.c,bf207a4afdd7e623be4bd0751bdc1917c0ee550af0f38c0531b25bb726d1710c,symbol,M05,lower_payload,normalization,MR13,Reordered extraction independence,preserve,False,True,before=b'morph-01';intervening=b'second-2';after=b'morph-01',0.134125,,False,"{""intervening_extraction"":true}"
mutation,H01-gcd.c,bf207a4afdd7e623be4bd0751bdc1917c0ee550af0f38c0531b25bb726d1710c,symbol,M05,lower_payload,normalization,MR14,Rebuild stability,preserve,False,True,first=b'morph-01';second=b'morph-01',0.171016,,False,"{""binary_bytes_equal"":true,""execution_order"":""build1-extract1-build2-extract2""}"
mutation,H01-gcd.c,bf207a4afdd7e623be4bd0751bdc1917c0ee550af0f38c0531b25bb726d1710c,symbol,M06,key_ignored,authentication,MR01,Round-trip fidelity,preserve,True,False,extracted=b'Morph-01',0.068003,,False,"{""build"":{""actual_compiler"":""gcc"",""actual_optimization"":""O2"",""binary"":""WORKDIR/symbol/M06/MR01/marked/build-01/artifact.bin"",""binary_sha256"":""caeb74cc6a626d8c23109980a1f8d4ecf5696600ef63994b6a5f7bfcf210eed1"",""carrier"":""symbol"",""command"":[""gcc"",""-std=c11"",""-fno-ident"",""-no-pie"",""-O2"",""WORKDIR/symbol/M06/MR01/marked/build-01/host.c"",""-o"",""WORKDIR/symbol/M06/MR01/marked/build-01/artifact.bin""],""effective_payload_hex"":""4d6f7270682d3031"",""key"":""key-alpha"",""mutant_id"":""M06"",""requested_compiler"":""gcc"",""requested_optimization"":""O2"",""requested_payload_hex"":""4d6f7270682d3031"",""return_code"":0,""source"":""WORKDIR/symbol/M06/MR01/marked/build-01/host.c"",""source_sha256"":""9d97f481224f56b667922903e1df9337dbc21b9eeb732be3b8d6cf8decc567cf"",""stderr"":""""},""extracted_hex"":""4d6f7270682d3031""}"
mutation,H01-gcd.c,bf207a4afdd7e623be4bd0751bdc1917c0ee550af0f38c0531b25bb726d1710c,symbol,M06,key_ignored,authentication,MR02,Host-semantic preservation,preserve,True,False,mismatch_count=0,0.15002,,False,"{""mismatches"":[]}"
mutation,H01-gcd.c,bf207a4afdd7e623be4bd0751bdc1917c0ee550af0f38c0531b25bb726d1710c,symbol,M06,key_ignored,authentication,MR03,Unmarked rejection,reject,True,False,rejected:absent:watermark symbols not found,0.064764,,False,"{""unmarked_binary_sha256"":""17288de5d8ffc83b2223ee650ec19f96fa9b779f3eb45b8e2433c730b7a1e3e2""}"
mutation,H01-gcd.c,bf207a4afdd7e623be4bd0751bdc1917c0ee550af0f38c0531b25bb726d1710c,symbol,M06,key_ignored,authentication,MR04,Wrong-key rejection,reject,False,True,accepted:b'Morph-01',0.045203,,False,"{""antecedent_guarded"":true,""antecedent_hex"":""4d6f7270682d3031""}"
mutation,H01-gcd.c,bf207a4afdd7e623be4bd0751bdc1917c0ee550af0f38c0531b25bb726d1710c,symbol,M06,key_ignored,authentication,MR05,Payload separation,separate,True,False,first=b'Morph-01';second=b'Second-2',0.120381,,False,"{""execution_order"":""sequential-builds-then-extract"",""first_hex"":""4d6f7270682d3031"",""second_hex"":""5365636f6e642d32""}"
mutation,H01-gcd.c,bf207a4afdd7e623be4bd0751bdc1917c0ee550af0f38c0531b25bb726d1710c,symbol,M06,key_ignored,authentication,MR06,Cross-compiler invariance,preserve,True,False,"payloads=b'Morph-01',b'Morph-01';semantic_equal=True",0.19575,,False,"{""clang_actual"":""clang"",""gcc_actual"":""gcc""}"
mutation,H01-gcd.c,bf207a4afdd7e623be4bd0751bdc1917c0ee550af0f38c0531b25bb726d1710c,symbol,M06,key_ignored,authentication,MR07,Optimization invariance,preserve,True,False,"payloads=['Morph-01', 'Morph-01', 'Morph-01'];semantic_equal=True",0.198388,,False,{}
mutation,H01-gcd.c,bf207a4afdd7e623be4bd0751bdc1917c0ee550af0f38c0531b25bb726d1710c,symbol,M06,key_ignored,authentication,MR08,Clean-room relocation,preserve,True,False,relocated=b'Morph-01',0.054325,,False,"{""clean_room_entries"":[""renamed-artifact.bin""],""relocated_hex"":""4d6f7270682d3031""}"
mutation,H01-gcd.c,bf207a4afdd7e623be4bd0751bdc1917c0ee550af0f38c0531b25bb726d1710c,symbol,M06,key_ignored,authentication,MR09,Carrier-removal rejection,reject,True,False,rejected:absent:watermark symbols not found,0.096637,,False,"{""antecedent_guarded"":true}"
mutation,H01-gcd.c,bf207a4afdd7e623be4bd0751bdc1917c0ee550af0f38c0531b25bb726d1710c,symbol,M06,key_ignored,authentication,MR10,Carrier-corruption rejection,reject,True,False,rejected:checksum:symbol payload checksum mismatch,0.05514,,False,"{""antecedent_guarded"":true}"
mutation,H01-gcd.c,bf207a4afdd7e623be4bd0751bdc1917c0ee550af0f38c0531b25bb726d1710c,symbol,M06,key_ignored,authentication,MR11,Requested/actual trace agreement,trace,True,False,requested=clang/Os;actual=clang/Os,0.047542,,False,"{""build"":{""actual_compiler"":""clang"",""actual_optimization"":""Os"",""binary"":""WORKDIR/symbol/M06/MR11/trace/build-01/artifact.bin"",""binary_sha256"":""755b72694df8fb0d5c405c9f34bb01b2ee5fc724e811fcf92d0794f7ec335695"",""carrier"":""symbol"",""command"":[""clang"",""-std=c11"",""-fno-ident"",""-no-pie"",""-Os"",""WORKDIR/symbol/M06/MR11/trace/build-01/host.c"",""-o"",""WORKDIR/symbol/M06/MR11/trace/build-01/artifact.bin""],""effective_payload_hex"":""4d6f7270682d3031"",""key"":""key-alpha"",""mutant_id"":""M06"",""requested_compiler"":""clang"",""requested_optimization"":""Os"",""requested_payload_hex"":""4d6f7270682d3031"",""return_code"":0,""source"":""WORKDIR/symbol/M06/MR11/trace/build-01/host.c"",""source_sha256"":""9d97f481224f56b667922903e1df9337dbc21b9eeb732be3b8d6cf8decc567cf"",""stderr"":""""}}"
mutation,H01-gcd.c,bf207a4afdd7e623be4bd0751bdc1917c0ee550af0f38c0531b25bb726d1710c,symbol,M06,key_ignored,authentication,MR12,Interleaved artifact isolation,separate,True,False,parallel_isolation_satisfied,0.087843,,False,"{""aliasing_detected"":false,""both_expected"":true,""execution_order"":""overlapping-builds-then-extract"",""payloads_distinct"":true}"
mutation,H01-gcd.c,bf207a4afdd7e623be4bd0751bdc1917c0ee550af0f38c0531b25bb726d1710c,symbol,M06,key_ignored,authentication,MR13,Reordered extraction independence,preserve,True,False,before=b'Morph-01';intervening=b'Second-2';after=b'Morph-01',0.143648,,False,"{""intervening_extraction"":true}"
mutation,H01-gcd.c,bf207a4afdd7e623be4bd0751bdc1917c0ee550af0f38c0531b25bb726d1710c,symbol,M06,key_ignored,authentication,MR14,Rebuild stability,preserve,True,False,first=b'Morph-01';second=b'Morph-01',0.121951,,False,"{""binary_bytes_equal"":true,""execution_order"":""build1-extract1-build2-extract2""}"
mutation,H01-gcd.c,bf207a4afdd7e623be4bd0751bdc1917c0ee550af0f38c0531b25bb726d1710c,symbol,M07,sidecar_oracle,artifact binding,MR01,Round-trip fidelity,preserve,True,False,extracted=b'Morph-01',0.067926,,False,"{""build"":{""actual_compiler"":""gcc"",""actual_optimization"":""O2"",""binary"":""WORKDIR/symbol/M07/MR01/marked/build-01/artifact.bin"",""binary_sha256"":""7b713450f899744a0e9c1995e1ea83c762e52b3b03c45f82418d86193b6be1a1"",""carrier"":""symbol"",""command"":[""gcc"",""-std=c11"",""-fno-ident"",""-no-pie"",""-O2"",""WORKDIR/symbol/M07/MR01/marked/build-01/host.c"",""-o"",""WORKDIR/symbol/M07/MR01/marked/build-01/artifact.bin""],""effective_payload_hex"":""4d6f7270682d3031"",""key"":""key-alpha"",""mutant_id"":""M07"",""requested_compiler"":""gcc"",""requested_optimization"":""O2"",""requested_payload_hex"":""4d6f7270682d3031"",""return_code"":0,""source"":""WORKDIR/symbol/M07/MR01/marked/build-01/host.c"",""source_sha256"":""45e69a3841e4e8368c9380bdbc2f287b38fe1665811764759930b7957a59ce6a"",""stderr"":""""},""extracted_hex"":""4d6f7270682d3031""}"
mutation,H01-gcd.c,bf207a4afdd7e623be4bd0751bdc1917c0ee550af0f38c0531b25bb726d1710c,symbol,M07,sidecar_oracle,artifact binding,MR02,Host-semantic preservation,preserve,True,False,mismatch_count=0,0.151334,,False,"{""mismatches"":[]}"
mutation,H01-gcd.c,bf207a4afdd7e623be4bd0751bdc1917c0ee550af0f38c0531b25bb726d1710c,symbol,M07,sidecar_oracle,artifact binding,MR03,Unmarked rejection,reject,True,False,rejected:sidecar:adjacent sidecar is missing,0.05968,,False,"{""unmarked_binary_sha256"":""17288de5d8ffc83b2223ee650ec19f96fa9b779f3eb45b8e2433c730b7a1e3e2""}"
mutation,H01-gcd.c,bf207a4afdd7e623be4bd0751bdc1917c0ee550af0f38c0531b25bb726d1710c,symbol,M07,sidecar_oracle,artifact binding,MR04,Wrong-key rejection,reject,True,False,rejected:wrong-key:sidecar key mismatch,0.05218,,False,"{""antecedent_guarded"":true,""antecedent_hex"":""4d6f7270682d3031""}"
mutation,H01-gcd.c,bf207a4afdd7e623be4bd0751bdc1917c0ee550af0f38c0531b25bb726d1710c,symbol,M07,sidecar_oracle,artifact binding,MR05,Payload separation,separate,True,False,first=b'Morph-01';second=b'Second-2',0.13377,,False,"{""execution_order"":""sequential-builds-then-extract"",""first_hex"":""4d6f7270682d3031"",""second_hex"":""5365636f6e642d32""}"
mutation,H01-gcd.c,bf207a4afdd7e623be4bd0751bdc1917c0ee550af0f38c0531b25bb726d1710c,symbol,M07,sidecar_oracle,artifact binding,MR06,Cross-compiler invariance,preserve,True,False,"payloads=b'Morph-01',b'Morph-01';semantic_equal=True",0.134636,,False,"{""clang_actual"":""clang"",""gcc_actual"":""gcc""}"
mutation,H01-gcd.c,bf207a4afdd7e623be4bd0751bdc1917c0ee550af0f38c0531b25bb726d1710c,symbol,M07,sidecar_oracle,artifact binding,MR07,Optimization invariance,preserve,True,False,"payloads=['Morph-01', 'Morph-01', 'Morph-01'];semantic_equal=True",0.247883,,False,{}
mutation,H01-gcd.c,bf207a4afdd7e623be4bd0751bdc1917c0ee550af0f38c0531b25bb726d1710c,symbol,M07,sidecar_oracle,artifact binding,MR08,Clean-room relocation,preserve,False,True,exception:ExtractionError:adjacent sidecar is missing,0.069996,ExtractionError,False,{}
mutation,H01-gcd.c,bf207a4afdd7e623be4bd0751bdc1917c0ee550af0f38c0531b25bb726d1710c,symbol,M07,sidecar_oracle,artifact binding,MR09,Carrier-removal rejection,reject,True,False,rejected:sidecar:adjacent sidecar is missing,0.06191,,False,"{""antecedent_guarded"":true}"
mutation,H01-gcd.c,bf207a4afdd7e623be4bd0751bdc1917c0ee550af0f38c0531b25bb726d1710c,symbol,M07,sidecar_oracle,artifact binding,MR10,Carrier-corruption rejection,reject,True,False,rejected:sidecar:adjacent sidecar is missing,0.10299,,False,"{""antecedent_guarded"":true}"
mutation,H01-gcd.c,bf207a4afdd7e623be4bd0751bdc1917c0ee550af0f38c0531b25bb726d1710c,symbol,M07,sidecar_oracle,artifact binding,MR11,Requested/actual trace agreement,trace,True,False,requested=clang/Os;actual=clang/Os,0.091651,,False,"{""build"":{""actual_compiler"":""clang"",""actual_optimization"":""Os"",""binary"":""WORKDIR/symbol/M07/MR11/trace/build-01/artifact.bin"",""binary_sha256"":""25e0d918cd8ff7cc194ede1eb56d7dc89089e033832c65ca5cceab6c9faa446b"",""carrier"":""symbol"",""command"":[""clang"",""-std=c11"",""-fno-ident"",""-no-pie"",""-Os"",""WORKDIR/symbol/M07/MR11/trace/build-01/host.c"",""-o"",""WORKDIR/symbol/M07/MR11/trace/build-01/artifact.bin""],""effective_payload_hex"":""4d6f7270682d3031"",""key"":""key-alpha"",""mutant_id"":""M07"",""requested_compiler"":""clang"",""requested_optimization"":""Os"",""requested_payload_hex"":""4d6f7270682d3031"",""return_code"":0,""source"":""WORKDIR/symbol/M07/MR11/trace/build-01/host.c"",""source_sha256"":""45e69a3841e4e8368c9380bdbc2f287b38fe1665811764759930b7957a59ce6a"",""stderr"":""""}}"
mutation,H01-gcd.c,bf207a4afdd7e623be4bd0751bdc1917c0ee550af0f38c0531b25bb726d1710c,symbol,M07,sidecar_oracle,artifact binding,MR12,Interleaved artifact isolation,separate,True,False,parallel_isolation_satisfied,0.095114,,False,"{""aliasing_detected"":false,""both_expected"":true,""execution_order"":""overlapping-builds-then-extract"",""payloads_distinct"":true}"
mutation,H01-gcd.c,bf207a4afdd7e623be4bd0751bdc1917c0ee550af0f38c0531b25bb726d1710c,symbol,M07,sidecar_oracle,artifact binding,MR13,Reordered extraction independence,preserve,True,False,before=b'Morph-01';intervening=b'Second-2';after=b'Morph-01',0.145402,,False,"{""intervening_extraction"":true}"
mutation,H01-gcd.c,bf207a4afdd7e623be4bd0751bdc1917c0ee550af0f38c0531b25bb726d1710c,symbol,M07,sidecar_oracle,artifact binding,MR14,Rebuild stability,preserve,True,False,first=b'Morph-01';second=b'Morph-01',0.118647,,False,"{""binary_bytes_equal"":true,""execution_order"":""build1-extract1-build2-extract2""}"
mutation,H01-gcd.c,bf207a4afdd7e623be4bd0751bdc1917c0ee550af0f38c0531b25bb726d1710c,symbol,M08,global_cache_oracle,state,MR01,Round-trip fidelity,preserve,True,False,extracted=b'Morph-01',0.077556,,False,"{""build"":{""actual_compiler"":""gcc"",""actual_optimization"":""O2"",""binary"":""WORKDIR/symbol/M08/MR01/marked/build-01/artifact.bin"",""binary_sha256"":""7b713450f899744a0e9c1995e1ea83c762e52b3b03c45f82418d86193b6be1a1"",""carrier"":""symbol"",""command"":[""gcc"",""-std=c11"",""-fno-ident"",""-no-pie"",""-O2"",""WORKDIR/symbol/M08/MR01/marked/build-01/host.c"",""-o"",""WORKDIR/symbol/M08/MR01/marked/build-01/artifact.bin""],""effective_payload_hex"":""4d6f7270682d3031"",""key"":""key-alpha"",""mutant_id"":""M08"",""requested_compiler"":""gcc"",""requested_optimization"":""O2"",""requested_payload_hex"":""4d6f7270682d3031"",""return_code"":0,""source"":""WORKDIR/symbol/M08/MR01/marked/build-01/host.c"",""source_sha256"":""45e69a3841e4e8368c9380bdbc2f287b38fe1665811764759930b7957a59ce6a"",""stderr"":""""},""extracted_hex"":""4d6f7270682d3031""}"
mutation,H01-gcd.c,bf207a4afdd7e623be4bd0751bdc1917c0ee550af0f38c0531b25bb726d1710c,symbol,M08,global_cache_oracle,state,MR02,Host-semantic preservation,preserve,True,False,mismatch_count=0,0.166683,,False,"{""mismatches"":[]}"
mutation,H01-gcd.c,bf207a4afdd7e623be4bd0751bdc1917c0ee550af0f38c0531b25bb726d1710c,symbol,M08,global_cache_oracle,state,MR03,Unmarked rejection,reject,True,False,rejected:absent:watermark symbols not found,0.063086,,False,"{""unmarked_binary_sha256"":""17288de5d8ffc83b2223ee650ec19f96fa9b779f3eb45b8e2433c730b7a1e3e2""}"
mutation,H01-gcd.c,bf207a4afdd7e623be4bd0751bdc1917c0ee550af0f38c0531b25bb726d1710c,symbol,M08,global_cache_oracle,state,MR04,Wrong-key rejection,reject,False,True,accepted:b'Morph-01',0.10292,,False,"{""antecedent_guarded"":true,""antecedent_hex"":""4d6f7270682d3031""}"
mutation,H01-gcd.c,bf207a4afdd7e623be4bd0751bdc1917c0ee550af0f38c0531b25bb726d1710c,symbol,M08,global_cache_oracle,state,MR05,Payload separation,separate,False,True,first=b'Second-2';second=b'Second-2',0.099553,,False,"{""execution_order"":""sequential-builds-then-extract"",""first_hex"":""5365636f6e642d32"",""second_hex"":""5365636f6e642d32""}"
mutation,H01-gcd.c,bf207a4afdd7e623be4bd0751bdc1917c0ee550af0f38c0531b25bb726d1710c,symbol,M08,global_cache_oracle,state,MR06,Cross-compiler invariance,preserve,True,False,"payloads=b'Morph-01',b'Morph-01';semantic_equal=True",0.203577,,False,"{""clang_actual"":""clang"",""gcc_actual"":""gcc""}"
mutation,H01-gcd.c,bf207a4afdd7e623be4bd0751bdc1917c0ee550af0f38c0531b25bb726d1710c,symbol,M08,global_cache_oracle,state,MR07,Optimization invariance,preserve,True,False,"payloads=['Morph-01', 'Morph-01', 'Morph-01'];semantic_equal=True",0.300664,,False,{}
mutation,H01-gcd.c,bf207a4afdd7e623be4bd0751bdc1917c0ee550af0f38c0531b25bb726d1710c,symbol,M08,global_cache_oracle,state,MR08,Clean-room relocation,preserve,True,False,relocated=b'Morph-01',0.073601,,False,"{""clean_room_entries"":[""renamed-artifact.bin""],""relocated_hex"":""4d6f7270682d3031""}"
mutation,H01-gcd.c,bf207a4afdd7e623be4bd0751bdc1917c0ee550af0f38c0531b25bb726d1710c,symbol,M08,global_cache_oracle,state,MR09,Carrier-removal rejection,reject,False,True,spurious robustness:accepted:b'Morph-01',0.083116,,False,"{""antecedent_guarded"":true}"
mutation,H01-gcd.c,bf207a4afdd7e623be4bd0751bdc1917c0ee550af0f38c0531b25bb726d1710c,symbol,M08,global_cache_oracle,state,MR10,Carrier-corruption rejection,reject,False,True,corruption accepted:accepted:b'Morph-01',0.135682,,False,"{""antecedent_guarded"":true}"
mutation,H01-gcd.c,bf207a4afdd7e623be4bd0751bdc1917c0ee550af0f38c0531b25bb726d1710c,symbol,M08,global_cache_oracle,state,MR11,Requested/actual trace agreement,trace,True,False,requested=clang/Os;actual=clang/Os,0.061623,,False,"{""build"":{""actual_compiler"":""clang"",""actual_optimization"":""Os"",""binary"":""WORKDIR/symbol/M08/MR11/trace/build-01/artifact.bin"",""binary_sha256"":""25e0d918cd8ff7cc194ede1eb56d7dc89089e033832c65ca5cceab6c9faa446b"",""carrier"":""symbol"",""command"":[""clang"",""-std=c11"",""-fno-ident"",""-no-pie"",""-Os"",""WORKDIR/symbol/M08/MR11/trace/build-01/host.c"",""-o"",""WORKDIR/symbol/M08/MR11/trace/build-01/artifact.bin""],""effective_payload_hex"":""4d6f7270682d3031"",""key"":""key-alpha"",""mutant_id"":""M08"",""requested_compiler"":""clang"",""requested_optimization"":""Os"",""requested_payload_hex"":""4d6f7270682d3031"",""return_code"":0,""source"":""WORKDIR/symbol/M08/MR11/trace/build-01/host.c"",""source_sha256"":""45e69a3841e4e8368c9380bdbc2f287b38fe1665811764759930b7957a59ce6a"",""stderr"":""""}}"
mutation,H01-gcd.c,bf207a4afdd7e623be4bd0751bdc1917c0ee550af0f38c0531b25bb726d1710c,symbol,M08,global_cache_oracle,state,MR12,Interleaved artifact isolation,separate,False,True,parallel_isolation_clause_violated,0.101367,,False,"{""aliasing_detected"":true,""both_expected"":false,""execution_order"":""overlapping-builds-then-extract"",""payloads_distinct"":false}"
mutation,H01-gcd.c,bf207a4afdd7e623be4bd0751bdc1917c0ee550af0f38c0531b25bb726d1710c,symbol,M08,global_cache_oracle,state,MR13,Reordered extraction independence,preserve,False,True,before=b'Morph-01';intervening=b'Second-2';after=b'Second-2',0.139486,,False,"{""intervening_extraction"":true}"
mutation,H01-gcd.c,bf207a4afdd7e623be4bd0751bdc1917c0ee550af0f38c0531b25bb726d1710c,symbol,M08,global_cache_oracle,state,MR14,Rebuild stability,preserve,True,False,first=b'Morph-01';second=b'Morph-01',0.151724,,False,"{""binary_bytes_equal"":true,""execution_order"":""build1-extract1-build2-extract2""}"
mutation,H01-gcd.c,bf207a4afdd7e623be4bd0751bdc1917c0ee550af0f38c0531b25bb726d1710c,symbol,M09,unmarked_default,false positive,MR01,Round-trip fidelity,preserve,True,False,extracted=b'Morph-01',0.091367,,False,"{""build"":{""actual_compiler"":""gcc"",""actual_optimization"":""O2"",""binary"":""WORKDIR/symbol/M09/MR01/marked/build-01/artifact.bin"",""binary_sha256"":""7b713450f899744a0e9c1995e1ea83c762e52b3b03c45f82418d86193b6be1a1"",""carrier"":""symbol"",""command"":[""gcc"",""-std=c11"",""-fno-ident"",""-no-pie"",""-O2"",""WORKDIR/symbol/M09/MR01/marked/build-01/host.c"",""-o"",""WORKDIR/symbol/M09/MR01/marked/build-01/artifact.bin""],""effective_payload_hex"":""4d6f7270682d3031"",""key"":""key-alpha"",""mutant_id"":""M09"",""requested_compiler"":""gcc"",""requested_optimization"":""O2"",""requested_payload_hex"":""4d6f7270682d3031"",""return_code"":0,""source"":""WORKDIR/symbol/M09/MR01/marked/build-01/host.c"",""source_sha256"":""45e69a3841e4e8368c9380bdbc2f287b38fe1665811764759930b7957a59ce6a"",""stderr"":""""},""extracted_hex"":""4d6f7270682d3031""}"
mutation,H01-gcd.c,bf207a4afdd7e623be4bd0751bdc1917c0ee550af0f38c0531b25bb726d1710c,symbol,M09,unmarked_default,false positive,MR02,Host-semantic preservation,preserve,True,False,mismatch_count=0,0.197761,,False,"{""mismatches"":[]}"
mutation,H01-gcd.c,bf207a4afdd7e623be4bd0751bdc1917c0ee550af0f38c0531b25bb726d1710c,symbol,M09,unmarked_default,false positive,MR03,Unmarked rejection,reject,False,True,accepted:b'Morph-01',0.055283,,False,"{""unmarked_binary_sha256"":""17288de5d8ffc83b2223ee650ec19f96fa9b779f3eb45b8e2433c730b7a1e3e2""}"
mutation,H01-gcd.c,bf207a4afdd7e623be4bd0751bdc1917c0ee550af0f38c0531b25bb726d1710c,symbol,M09,unmarked_default,false positive,MR04,Wrong-key rejection,reject,False,True,accepted:b'Morph-01',0.098034,,False,"{""antecedent_guarded"":true,""antecedent_hex"":""4d6f7270682d3031""}"
mutation,H01-gcd.c,bf207a4afdd7e623be4bd0751bdc1917c0ee550af0f38c0531b25bb726d1710c,symbol,M09,unmarked_default,false positive,MR05,Payload separation,separate,True,False,first=b'Morph-01';second=b'Second-2',0.174021,,False,"{""execution_order"":""sequential-builds-then-extract"",""first_hex"":""4d6f7270682d3031"",""second_hex"":""5365636f6e642d32""}"
mutation,H01-gcd.c,bf207a4afdd7e623be4bd0751bdc1917c0ee550af0f38c0531b25bb726d1710c,symbol,M09,unmarked_default,false positive,MR06,Cross-compiler invariance,preserve,True,False,"payloads=b'Morph-01',b'Morph-01';semantic_equal=True",0.213633,,False,"{""clang_actual"":""clang"",""gcc_actual"":""gcc""}"
mutation,H01-gcd.c,bf207a4afdd7e623be4bd0751bdc1917c0ee550af0f38c0531b25bb726d1710c,symbol,M09,unmarked_default,false positive,MR07,Optimization invariance,preserve,True,False,"payloads=['Morph-01', 'Morph-01', 'Morph-01'];semantic_equal=True",0.254626,,False,{}
mutation,H01-gcd.c,bf207a4afdd7e623be4bd0751bdc1917c0ee550af0f38c0531b25bb726d1710c,symbol,M09,unmarked_default,false positive,MR08,Clean-room relocation,preserve,True,False,relocated=b'Morph-01',0.069935,,False,"{""clean_room_entries"":[""renamed-artifact.bin""],""relocated_hex"":""4d6f7270682d3031""}"
mutation,H01-gcd.c,bf207a4afdd7e623be4bd0751bdc1917c0ee550af0f38c0531b25bb726d1710c,symbol,M09,unmarked_default,false positive,MR09,Carrier-removal rejection,reject,False,True,spurious robustness:accepted:b'Morph-01',0.080327,,False,"{""antecedent_guarded"":true}"
mutation,H01-gcd.c,bf207a4afdd7e623be4bd0751bdc1917c0ee550af0f38c0531b25bb726d1710c,symbol,M09,unmarked_default,false positive,MR10,Carrier-corruption rejection,reject,False,True,corruption accepted:accepted:b'Morph-01',0.128387,,False,"{""antecedent_guarded"":true}"
mutation,H01-gcd.c,bf207a4afdd7e623be4bd0751bdc1917c0ee550af0f38c0531b25bb726d1710c,symbol,M09,unmarked_default,false positive,MR11,Requested/actual trace agreement,trace,True,False,requested=clang/Os;actual=clang/Os,0.076127,,False,"{""build"":{""actual_compiler"":""clang"",""actual_optimization"":""Os"",""binary"":""WORKDIR/symbol/M09/MR11/trace/build-01/artifact.bin"",""binary_sha256"":""25e0d918cd8ff7cc194ede1eb56d7dc89089e033832c65ca5cceab6c9faa446b"",""carrier"":""symbol"",""command"":[""clang"",""-std=c11"",""-fno-ident"",""-no-pie"",""-Os"",""WORKDIR/symbol/M09/MR11/trace/build-01/host.c"",""-o"",""WORKDIR/symbol/M09/MR11/trace/build-01/artifact.bin""],""effective_payload_hex"":""4d6f7270682d3031"",""key"":""key-alpha"",""mutant_id"":""M09"",""requested_compiler"":""clang"",""requested_optimization"":""Os"",""requested_payload_hex"":""4d6f7270682d3031"",""return_code"":0,""source"":""WORKDIR/symbol/M09/MR11/trace/build-01/host.c"",""source_sha256"":""45e69a3841e4e8368c9380bdbc2f287b38fe1665811764759930b7957a59ce6a"",""stderr"":""""}}"
mutation,H01-gcd.c,bf207a4afdd7e623be4bd0751bdc1917c0ee550af0f38c0531b25bb726d1710c,symbol,M09,unmarked_default,false positive,MR12,Interleaved artifact isolation,separate,True,False,parallel_isolation_satisfied,0.087209,,False,"{""aliasing_detected"":false,""both_expected"":true,""execution_order"":""overlapping-builds-then-extract"",""payloads_distinct"":true}"
mutation,H01-gcd.c,bf207a4afdd7e623be4bd0751bdc1917c0ee550af0f38c0531b25bb726d1710c,symbol,M09,unmarked_default,false positive,MR13,Reordered extraction independence,preserve,True,False,before=b'Morph-01';intervening=b'Second-2';after=b'Morph-01',0.175482,,False,"{""intervening_extraction"":true}"
mutation,H01-gcd.c,bf207a4afdd7e623be4bd0751bdc1917c0ee550af0f38c0531b25bb726d1710c,symbol,M09,unmarked_default,false positive,MR14,Rebuild stability,preserve,True,False,first=b'Morph-01';second=b'Morph-01',0.157719,,False,"{""binary_bytes_equal"":true,""execution_order"":""build1-extract1-build2-extract2""}"
mutation,H01-gcd.c,bf207a4afdd7e623be4bd0751bdc1917c0ee550af0f38c0531b25bb726d1710c,symbol,M10,semantic_plus_one,semantic corruption,MR01,Round-trip fidelity,preserve,True,False,extracted=b'Morph-01',0.053086,,False,"{""build"":{""actual_compiler"":""gcc"",""actual_optimization"":""O2"",""binary"":""WORKDIR/symbol/M10/MR01/marked/build-01/artifact.bin"",""binary_sha256"":""1bc79235c76287d0b7446888abaa1ee4da150849082795c2c7cd41018eddf232"",""carrier"":""symbol"",""command"":[""gcc"",""-std=c11"",""-fno-ident"",""-no-pie"",""-O2"",""WORKDIR/symbol/M10/MR01/marked/build-01/host.c"",""-o"",""WORKDIR/symbol/M10/MR01/marked/build-01/artifact.bin""],""effective_payload_hex"":""4d6f7270682d3031"",""key"":""key-alpha"",""mutant_id"":""M10"",""requested_compiler"":""gcc"",""requested_optimization"":""O2"",""requested_payload_hex"":""4d6f7270682d3031"",""return_code"":0,""source"":""WORKDIR/symbol/M10/MR01/marked/build-01/host.c"",""source_sha256"":""6c2a7e9d6f37012f3ed983cf8df7478d089e8571c5dba530fcc11eb6cd1b880d"",""stderr"":""""},""extracted_hex"":""4d6f7270682d3031""}"
mutation,H01-gcd.c,bf207a4afdd7e623be4bd0751bdc1917c0ee550af0f38c0531b25bb726d1710c,symbol,M10,semantic_plus_one,semantic corruption,MR02,Host-semantic preservation,preserve,False,True,mismatch_count=6,0.151448,,False,"{""mismatches"":[{""base"":""13"",""input"":0,""marked"":""14""},{""base"":""4"",""input"":1,""marked"":""5""},{""base"":""16"",""input"":5,""marked"":""17""},{""base"":""104"",""input"":13,""marked"":""105""},{""base"":""1"",""input"":144,""marked"":""2""},{""base"":""2"",""input"":99991,""marked"":""3""}]}"
mutation,H01-gcd.c,bf207a4afdd7e623be4bd0751bdc1917c0ee550af0f38c0531b25bb726d1710c,symbol,M10,semantic_plus_one,semantic corruption,MR03,Unmarked rejection,reject,True,False,rejected:absent:watermark symbols not found,0.038043,,False,"{""unmarked_binary_sha256"":""17288de5d8ffc83b2223ee650ec19f96fa9b779f3eb45b8e2433c730b7a1e3e2""}"
mutation,H01-gcd.c,bf207a4afdd7e623be4bd0751bdc1917c0ee550af0f38c0531b25bb726d1710c,symbol,M10,semantic_plus_one,semantic corruption,MR04,Wrong-key rejection,reject,True,False,rejected:wrong-key:symbol key tag mismatch,0.113735,,False,"{""antecedent_guarded"":true,""antecedent_hex"":""4d6f7270682d3031""}"
mutation,H01-gcd.c,bf207a4afdd7e623be4bd0751bdc1917c0ee550af0f38c0531b25bb726d1710c,symbol,M10,semantic_plus_one,semantic corruption,MR05,Payload separation,separate,True,False,first=b'Morph-01';second=b'Second-2',0.183777,,False,"{""execution_order"":""sequential-builds-then-extract"",""first_hex"":""4d6f7270682d3031"",""second_hex"":""5365636f6e642d32""}"
mutation,H01-gcd.c,bf207a4afdd7e623be4bd0751bdc1917c0ee550af0f38c0531b25bb726d1710c,symbol,M10,semantic_plus_one,semantic corruption,MR06,Cross-compiler invariance,preserve,True,False,"payloads=b'Morph-01',b'Morph-01';semantic_equal=True",0.209915,,False,"{""clang_actual"":""clang"",""gcc_actual"":""gcc""}"
mutation,H01-gcd.c,bf207a4afdd7e623be4bd0751bdc1917c0ee550af0f38c0531b25bb726d1710c,symbol,M10,semantic_plus_one,semantic corruption,MR07,Optimization invariance,preserve,True,False,"payloads=['Morph-01', 'Morph-01', 'Morph-01'];semantic_equal=True",0.261665,,False,{}
mutation,H01-gcd.c,bf207a4afdd7e623be4bd0751bdc1917c0ee550af0f38c0531b25bb726d1710c,symbol,M10,semantic_plus_one,semantic corruption,MR08,Clean-room relocation,preserve,True,False,relocated=b'Morph-01',0.089811,,False,"{""clean_room_entries"":[""renamed-artifact.bin""],""relocated_hex"":""4d6f7270682d3031""}"
mutation,H01-gcd.c,bf207a4afdd7e623be4bd0751bdc1917c0ee550af0f38c0531b25bb726d1710c,symbol,M10,semantic_plus_one,semantic corruption,MR09,Carrier-removal rejection,reject,True,False,rejected:absent:watermark symbols not found,0.102445,,False,"{""antecedent_guarded"":true}"
mutation,H01-gcd.c,bf207a4afdd7e623be4bd0751bdc1917c0ee550af0f38c0531b25bb726d1710c,symbol,M10,semantic_plus_one,semantic corruption,MR10,Carrier-corruption rejection,reject,True,False,rejected:checksum:symbol payload checksum mismatch,0.106374,,False,"{""antecedent_guarded"":true}"
mutation,H01-gcd.c,bf207a4afdd7e623be4bd0751bdc1917c0ee550af0f38c0531b25bb726d1710c,symbol,M10,semantic_plus_one,semantic corruption,MR11,Requested/actual trace agreement,trace,True,False,requested=clang/Os;actual=clang/Os,0.112095,,False,"{""build"":{""actual_compiler"":""clang"",""actual_optimization"":""Os"",""binary"":""WORKDIR/symbol/M10/MR11/trace/build-01/artifact.bin"",""binary_sha256"":""320c9f1496d9b78a434474779a35d9dcb206de723fbb3806fa884e178adcc65f"",""carrier"":""symbol"",""command"":[""clang"",""-std=c11"",""-fno-ident"",""-no-pie"",""-Os"",""WORKDIR/symbol/M10/MR11/trace/build-01/host.c"",""-o"",""WORKDIR/symbol/M10/MR11/trace/build-01/artifact.bin""],""effective_payload_hex"":""4d6f7270682d3031"",""key"":""key-alpha"",""mutant_id"":""M10"",""requested_compiler"":""clang"",""requested_optimization"":""Os"",""requested_payload_hex"":""4d6f7270682d3031"",""return_code"":0,""source"":""WORKDIR/symbol/M10/MR11/trace/build-01/host.c"",""source_sha256"":""6c2a7e9d6f37012f3ed983cf8df7478d089e8571c5dba530fcc11eb6cd1b880d"",""stderr"":""""}}"
mutation,H01-gcd.c,bf207a4afdd7e623be4bd0751bdc1917c0ee550af0f38c0531b25bb726d1710c,symbol,M10,semantic_plus_one,semantic corruption,MR12,Interleaved artifact isolation,separate,True,False,parallel_isolation_satisfied,0.094115,,False,"{""aliasing_detected"":false,""both_expected"":true,""execution_order"":""overlapping-builds-then-extract"",""payloads_distinct"":true}"
mutation,H01-gcd.c,bf207a4afdd7e623be4bd0751bdc1917c0ee550af0f38c0531b25bb726d1710c,symbol,M10,semantic_plus_one,semantic corruption,MR13,Reordered extraction independence,preserve,True,False,before=b'Morph-01';intervening=b'Second-2';after=b'Morph-01',0.141883,,False,"{""intervening_extraction"":true}"
mutation,H01-gcd.c,bf207a4afdd7e623be4bd0751bdc1917c0ee550af0f38c0531b25bb726d1710c,symbol,M10,semantic_plus_one,semantic corruption,MR14,Rebuild stability,preserve,True,False,first=b'Morph-01';second=b'Morph-01',0.110519,,False,"{""binary_bytes_equal"":true,""execution_order"":""build1-extract1-build2-extract2""}"
mutation,H01-gcd.c,bf207a4afdd7e623be4bd0751bdc1917c0ee550af0f38c0531b25bb726d1710c,symbol,M11,semantic_input13,semantic corruption,MR01,Round-trip fidelity,preserve,True,False,extracted=b'Morph-01',0.082074,,False,"{""build"":{""actual_compiler"":""gcc"",""actual_optimization"":""O2"",""binary"":""WORKDIR/symbol/M11/MR01/marked/build-01/artifact.bin"",""binary_sha256"":""ed8419d5b48c2b95a4eb8293597dd4bd4f43bc45b77bf5542be5e578a4a119fd"",""carrier"":""symbol"",""command"":[""gcc"",""-std=c11"",""-fno-ident"",""-no-pie"",""-O2"",""WORKDIR/symbol/M11/MR01/marked/build-01/host.c"",""-o"",""WORKDIR/symbol/M11/MR01/marked/build-01/artifact.bin""],""effective_payload_hex"":""4d6f7270682d3031"",""key"":""key-alpha"",""mutant_id"":""M11"",""requested_compiler"":""gcc"",""requested_optimization"":""O2"",""requested_payload_hex"":""4d6f7270682d3031"",""return_code"":0,""source"":""WORKDIR/symbol/M11/MR01/marked/build-01/host.c"",""source_sha256"":""aff44abe4f5b4c6b8f4610ca78cc0f7c6896afa6d457f493d72dc6db789e335c"",""stderr"":""""},""extracted_hex"":""4d6f7270682d3031""}"
mutation,H01-gcd.c,bf207a4afdd7e623be4bd0751bdc1917c0ee550af0f38c0531b25bb726d1710c,symbol,M11,semantic_input13,semantic corruption,MR02,Host-semantic preservation,preserve,False,True,mismatch_count=1,0.203624,,False,"{""mismatches"":[{""base"":""104"",""input"":13,""marked"":""105""}]}"
mutation,H01-gcd.c,bf207a4afdd7e623be4bd0751bdc1917c0ee550af0f38c0531b25bb726d1710c,symbol,M11,semantic_input13,semantic corruption,MR03,Unmarked rejection,reject,True,False,rejected:absent:watermark symbols not found,0.083234,,False,"{""unmarked_binary_sha256"":""17288de5d8ffc83b2223ee650ec19f96fa9b779f3eb45b8e2433c730b7a1e3e2""}"
mutation,H01-gcd.c,bf207a4afdd7e623be4bd0751bdc1917c0ee550af0f38c0531b25bb726d1710c,symbol,M11,semantic_input13,semantic corruption,MR04,Wrong-key rejection,reject,True,False,rejected:wrong-key:symbol key tag mismatch,0.083141,,False,"{""antecedent_guarded"":true,""antecedent_hex"":""4d6f7270682d3031""}"
mutation,H01-gcd.c,bf207a4afdd7e623be4bd0751bdc1917c0ee550af0f38c0531b25bb726d1710c,symbol,M11,semantic_input13,semantic corruption,MR05,Payload separation,separate,True,False,first=b'Morph-01';second=b'Second-2',0.155314,,False,"{""execution_order"":""sequential-builds-then-extract"",""first_hex"":""4d6f7270682d3031"",""second_hex"":""5365636f6e642d32""}"
mutation,H01-gcd.c,bf207a4afdd7e623be4bd0751bdc1917c0ee550af0f38c0531b25bb726d1710c,symbol,M11,semantic_input13,semantic corruption,MR06,Cross-compiler invariance,preserve,True,False,"payloads=b'Morph-01',b'Morph-01';semantic_equal=True",0.206091,,False,"{""clang_actual"":""clang"",""gcc_actual"":""gcc""}"
mutation,H01-gcd.c,bf207a4afdd7e623be4bd0751bdc1917c0ee550af0f38c0531b25bb726d1710c,symbol,M11,semantic_input13,semantic corruption,MR07,Optimization invariance,preserve,True,False,"payloads=['Morph-01', 'Morph-01', 'Morph-01'];semantic_equal=True",0.25045,,False,{}
mutation,H01-gcd.c,bf207a4afdd7e623be4bd0751bdc1917c0ee550af0f38c0531b25bb726d1710c,symbol,M11,semantic_input13,semantic corruption,MR08,Clean-room relocation,preserve,True,False,relocated=b'Morph-01',0.090867,,False,"{""clean_room_entries"":[""renamed-artifact.bin""],""relocated_hex"":""4d6f7270682d3031""}"
mutation,H01-gcd.c,bf207a4afdd7e623be4bd0751bdc1917c0ee550af0f38c0531b25bb726d1710c,symbol,M11,semantic_input13,semantic corruption,MR09,Carrier-removal rejection,reject,True,False,rejected:absent:watermark symbols not found,0.10093,,False,"{""antecedent_guarded"":true}"
mutation,H01-gcd.c,bf207a4afdd7e623be4bd0751bdc1917c0ee550af0f38c0531b25bb726d1710c,symbol,M11,semantic_input13,semantic corruption,MR10,Carrier-corruption rejection,reject,True,False,rejected:checksum:symbol payload checksum mismatch,0.101408,,False,"{""antecedent_guarded"":true}"
mutation,H01-gcd.c,bf207a4afdd7e623be4bd0751bdc1917c0ee550af0f38c0531b25bb726d1710c,symbol,M11,semantic_input13,semantic corruption,MR11,Requested/actual trace agreement,trace,True,False,requested=clang/Os;actual=clang/Os,0.073816,,False,"{""build"":{""actual_compiler"":""clang"",""actual_optimization"":""Os"",""binary"":""WORKDIR/symbol/M11/MR11/trace/build-01/artifact.bin"",""binary_sha256"":""8adbe111a5ee875175d340c71540ef129c000bdfb8d8a50ac74614216e3263cd"",""carrier"":""symbol"",""command"":[""clang"",""-std=c11"",""-fno-ident"",""-no-pie"",""-Os"",""WORKDIR/symbol/M11/MR11/trace/build-01/host.c"",""-o"",""WORKDIR/symbol/M11/MR11/trace/build-01/artifact.bin""],""effective_payload_hex"":""4d6f7270682d3031"",""key"":""key-alpha"",""mutant_id"":""M11"",""requested_compiler"":""clang"",""requested_optimization"":""Os"",""requested_payload_hex"":""4d6f7270682d3031"",""return_code"":0,""source"":""WORKDIR/symbol/M11/MR11/trace/build-01/host.c"",""source_sha256"":""aff44abe4f5b4c6b8f4610ca78cc0f7c6896afa6d457f493d72dc6db789e335c"",""stderr"":""""}}"
mutation,H01-gcd.c,bf207a4afdd7e623be4bd0751bdc1917c0ee550af0f38c0531b25bb726d1710c,symbol,M11,semantic_input13,semantic corruption,MR12,Interleaved artifact isolation,separate,True,False,parallel_isolation_satisfied,0.086088,,False,"{""aliasing_detected"":false,""both_expected"":true,""execution_order"":""overlapping-builds-then-extract"",""payloads_distinct"":true}"
mutation,H01-gcd.c,bf207a4afdd7e623be4bd0751bdc1917c0ee550af0f38c0531b25bb726d1710c,symbol,M11,semantic_input13,semantic corruption,MR13,Reordered extraction independence,preserve,True,False,before=b'Morph-01';intervening=b'Second-2';after=b'Morph-01',0.149621,,False,"{""intervening_extraction"":true}"
mutation,H01-gcd.c,bf207a4afdd7e623be4bd0751bdc1917c0ee550af0f38c0531b25bb726d1710c,symbol,M11,semantic_input13,semantic corruption,MR14,Rebuild stability,preserve,True,False,first=b'Morph-01';second=b'Morph-01',0.193971,,False,"{""binary_bytes_equal"":true,""execution_order"":""build1-extract1-build2-extract2""}"
mutation,H01-gcd.c,bf207a4afdd7e623be4bd0751bdc1917c0ee550af0f38c0531b25bb726d1710c,symbol,M12,compile_original,stage routing,MR01,Round-trip fidelity,preserve,False,True,exception:ExtractionError:watermark symbols not found,0.084215,ExtractionError,False,{}
mutation,H01-gcd.c,bf207a4afdd7e623be4bd0751bdc1917c0ee550af0f38c0531b25bb726d1710c,symbol,M12,compile_original,stage routing,MR02,Host-semantic preservation,preserve,True,False,mismatch_count=0,0.174535,,False,"{""mismatches"":[]}"
mutation,H01-gcd.c,bf207a4afdd7e623be4bd0751bdc1917c0ee550af0f38c0531b25bb726d1710c,symbol,M12,compile_original,stage routing,MR03,Unmarked rejection,reject,True,False,rejected:absent:watermark symbols not found,0.089821,,False,"{""unmarked_binary_sha256"":""17288de5d8ffc83b2223ee650ec19f96fa9b779f3eb45b8e2433c730b7a1e3e2""}"
mutation,H01-gcd.c,bf207a4afdd7e623be4bd0751bdc1917c0ee550af0f38c0531b25bb726d1710c,symbol,M12,compile_original,stage routing,MR04,Wrong-key rejection,reject,True,False,rejected:wrong-key:symbol key tag mismatch,0.061806,,False,"{""antecedent_guarded"":true,""antecedent_hex"":""4d6f7270682d3031""}"
mutation,H01-gcd.c,bf207a4afdd7e623be4bd0751bdc1917c0ee550af0f38c0531b25bb726d1710c,symbol,M12,compile_original,stage routing,MR05,Payload separation,separate,False,True,exception:ExtractionError:watermark symbols not found,0.115371,ExtractionError,False,{}
mutation,H01-gcd.c,bf207a4afdd7e623be4bd0751bdc1917c0ee550af0f38c0531b25bb726d1710c,symbol,M12,compile_original,stage routing,MR06,Cross-compiler invariance,preserve,False,True,exception:ExtractionError:watermark symbols not found,0.185439,ExtractionError,False,{}
mutation,H01-gcd.c,bf207a4afdd7e623be4bd0751bdc1917c0ee550af0f38c0531b25bb726d1710c,symbol,M12,compile_original,stage routing,MR07,Optimization invariance,preserve,False,True,exception:ExtractionError:watermark symbols not found,0.259469,ExtractionError,False,{}
mutation,H01-gcd.c,bf207a4afdd7e623be4bd0751bdc1917c0ee550af0f38c0531b25bb726d1710c,symbol,M12,compile_original,stage routing,MR08,Clean-room relocation,preserve,False,True,exception:ExtractionError:watermark symbols not found,0.088683,ExtractionError,False,{}
mutation,H01-gcd.c,bf207a4afdd7e623be4bd0751bdc1917c0ee550af0f38c0531b25bb726d1710c,symbol,M12,compile_original,stage routing,MR09,Carrier-removal rejection,reject,True,False,rejected:absent:watermark symbols not found,0.075923,,False,"{""antecedent_guarded"":true}"
mutation,H01-gcd.c,bf207a4afdd7e623be4bd0751bdc1917c0ee550af0f38c0531b25bb726d1710c,symbol,M12,compile_original,stage routing,MR10,Carrier-corruption rejection,reject,True,False,rejected:checksum:symbol payload checksum mismatch,0.140086,,False,"{""antecedent_guarded"":true}"
mutation,H01-gcd.c,bf207a4afdd7e623be4bd0751bdc1917c0ee550af0f38c0531b25bb726d1710c,symbol,M12,compile_original,stage routing,MR11,Requested/actual trace agreement,trace,True,False,requested=clang/Os;actual=clang/Os,0.091627,,False,"{""build"":{""actual_compiler"":""clang"",""actual_optimization"":""Os"",""binary"":""WORKDIR/symbol/M12/MR11/trace/build-01/artifact.bin"",""binary_sha256"":""8979583311288d6755db67bfb67a745238b66729f18570b075945ee29c1a551b"",""carrier"":""symbol"",""command"":[""clang"",""-std=c11"",""-fno-ident"",""-no-pie"",""-Os"",""WORKDIR/symbol/M12/MR11/trace/build-01/host.c"",""-o"",""WORKDIR/symbol/M12/MR11/trace/build-01/artifact.bin""],""effective_payload_hex"":""4d6f7270682d3031"",""key"":""key-alpha"",""mutant_id"":""M12"",""requested_compiler"":""clang"",""requested_optimization"":""Os"",""requested_payload_hex"":""4d6f7270682d3031"",""return_code"":0,""source"":""WORKDIR/symbol/M12/MR11/trace/build-01/host.c"",""source_sha256"":""bf207a4afdd7e623be4bd0751bdc1917c0ee550af0f38c0531b25bb726d1710c"",""stderr"":""""}}"
mutation,H01-gcd.c,bf207a4afdd7e623be4bd0751bdc1917c0ee550af0f38c0531b25bb726d1710c,symbol,M12,compile_original,stage routing,MR12,Interleaved artifact isolation,separate,False,True,exception:ExtractionError:watermark symbols not found,0.095123,ExtractionError,False,{}
mutation,H01-gcd.c,bf207a4afdd7e623be4bd0751bdc1917c0ee550af0f38c0531b25bb726d1710c,symbol,M12,compile_original,stage routing,MR13,Reordered extraction independence,preserve,False,True,exception:ExtractionError:watermark symbols not found,0.078693,ExtractionError,False,{}
mutation,H01-gcd.c,bf207a4afdd7e623be4bd0751bdc1917c0ee550af0f38c0531b25bb726d1710c,symbol,M12,compile_original,stage routing,MR14,Rebuild stability,preserve,False,True,exception:ExtractionError:watermark symbols not found,0.077827,ExtractionError,False,{}
mutation,H01-gcd.c,bf207a4afdd7e623be4bd0751bdc1917c0ee550af0f38c0531b25bb726d1710c,symbol,M13,force_gcc,configuration,MR01,Round-trip fidelity,preserve,True,False,extracted=b'Morph-01',0.08163,,False,"{""build"":{""actual_compiler"":""gcc"",""actual_optimization"":""O2"",""binary"":""WORKDIR/symbol/M13/MR01/marked/build-01/artifact.bin"",""binary_sha256"":""7b713450f899744a0e9c1995e1ea83c762e52b3b03c45f82418d86193b6be1a1"",""carrier"":""symbol"",""command"":[""gcc"",""-std=c11"",""-fno-ident"",""-no-pie"",""-O2"",""WORKDIR/symbol/M13/MR01/marked/build-01/host.c"",""-o"",""WORKDIR/symbol/M13/MR01/marked/build-01/artifact.bin""],""effective_payload_hex"":""4d6f7270682d3031"",""key"":""key-alpha"",""mutant_id"":""M13"",""requested_compiler"":""gcc"",""requested_optimization"":""O2"",""requested_payload_hex"":""4d6f7270682d3031"",""return_code"":0,""source"":""WORKDIR/symbol/M13/MR01/marked/build-01/host.c"",""source_sha256"":""45e69a3841e4e8368c9380bdbc2f287b38fe1665811764759930b7957a59ce6a"",""stderr"":""""},""extracted_hex"":""4d6f7270682d3031""}"
mutation,H01-gcd.c,bf207a4afdd7e623be4bd0751bdc1917c0ee550af0f38c0531b25bb726d1710c,symbol,M13,force_gcc,configuration,MR02,Host-semantic preservation,preserve,True,False,mismatch_count=0,0.192637,,False,"{""mismatches"":[]}"
mutation,H01-gcd.c,bf207a4afdd7e623be4bd0751bdc1917c0ee550af0f38c0531b25bb726d1710c,symbol,M13,force_gcc,configuration,MR03,Unmarked rejection,reject,True,False,rejected:absent:watermark symbols not found,0.047768,,False,"{""unmarked_binary_sha256"":""17288de5d8ffc83b2223ee650ec19f96fa9b779f3eb45b8e2433c730b7a1e3e2""}"
mutation,H01-gcd.c,bf207a4afdd7e623be4bd0751bdc1917c0ee550af0f38c0531b25bb726d1710c,symbol,M13,force_gcc,configuration,MR04,Wrong-key rejection,reject,True,False,rejected:wrong-key:symbol key tag mismatch,0.043044,,False,"{""antecedent_guarded"":true,""antecedent_hex"":""4d6f7270682d3031""}"
mutation,H01-gcd.c,bf207a4afdd7e623be4bd0751bdc1917c0ee550af0f38c0531b25bb726d1710c,symbol,M13,force_gcc,configuration,MR05,Payload separation,separate,True,False,first=b'Morph-01';second=b'Second-2',0.163696,,False,"{""execution_order"":""sequential-builds-then-extract"",""first_hex"":""4d6f7270682d3031"",""second_hex"":""5365636f6e642d32""}"
mutation,H01-gcd.c,bf207a4afdd7e623be4bd0751bdc1917c0ee550af0f38c0531b25bb726d1710c,symbol,M13,force_gcc,configuration,MR06,Cross-compiler invariance,preserve,True,False,"payloads=b'Morph-01',b'Morph-01';semantic_equal=True",0.185548,,False,"{""clang_actual"":""gcc"",""gcc_actual"":""gcc""}"
mutation,H01-gcd.c,bf207a4afdd7e623be4bd0751bdc1917c0ee550af0f38c0531b25bb726d1710c,symbol,M13,force_gcc,configuration,MR07,Optimization invariance,preserve,True,False,"payloads=['Morph-01', 'Morph-01', 'Morph-01'];semantic_equal=True",0.271277,,False,{}
mutation,H01-gcd.c,bf207a4afdd7e623be4bd0751bdc1917c0ee550af0f38c0531b25bb726d1710c,symbol,M13,force_gcc,configuration,MR08,Clean-room relocation,preserve,True,False,relocated=b'Morph-01',0.089948,,False,"{""clean_room_entries"":[""renamed-artifact.bin""],""relocated_hex"":""4d6f7270682d3031""}"
mutation,H01-gcd.c,bf207a4afdd7e623be4bd0751bdc1917c0ee550af0f38c0531b25bb726d1710c,symbol,M13,force_gcc,configuration,MR09,Carrier-removal rejection,reject,True,False,rejected:absent:watermark symbols not found,0.071449,,False,"{""antecedent_guarded"":true}"
mutation,H01-gcd.c,bf207a4afdd7e623be4bd0751bdc1917c0ee550af0f38c0531b25bb726d1710c,symbol,M13,force_gcc,configuration,MR10,Carrier-corruption rejection,reject,True,False,rejected:checksum:symbol payload checksum mismatch,0.087508,,False,"{""antecedent_guarded"":true}"
mutation,H01-gcd.c,bf207a4afdd7e623be4bd0751bdc1917c0ee550af0f38c0531b25bb726d1710c,symbol,M13,force_gcc,configuration,MR11,Requested/actual trace agreement,trace,False,True,requested=clang/Os;actual=gcc/Os,0.048286,,False,"{""build"":{""actual_compiler"":""gcc"",""actual_optimization"":""Os"",""binary"":""WORKDIR/symbol/M13/MR11/trace/build-01/artifact.bin"",""binary_sha256"":""c7b34d5c1936dce30fcc0e6c2322edf06717a743513260b74cffe28a3c2e70cd"",""carrier"":""symbol"",""command"":[""gcc"",""-std=c11"",""-fno-ident"",""-no-pie"",""-Os"",""WORKDIR/symbol/M13/MR11/trace/build-01/host.c"",""-o"",""WORKDIR/symbol/M13/MR11/trace/build-01/artifact.bin""],""effective_payload_hex"":""4d6f7270682d3031"",""key"":""key-alpha"",""mutant_id"":""M13"",""requested_compiler"":""clang"",""requested_optimization"":""Os"",""requested_payload_hex"":""4d6f7270682d3031"",""return_code"":0,""source"":""WORKDIR/symbol/M13/MR11/trace/build-01/host.c"",""source_sha256"":""45e69a3841e4e8368c9380bdbc2f287b38fe1665811764759930b7957a59ce6a"",""stderr"":""""}}"
mutation,H01-gcd.c,bf207a4afdd7e623be4bd0751bdc1917c0ee550af0f38c0531b25bb726d1710c,symbol,M13,force_gcc,configuration,MR12,Interleaved artifact isolation,separate,True,False,parallel_isolation_satisfied,0.088241,,False,"{""aliasing_detected"":false,""both_expected"":true,""execution_order"":""overlapping-builds-then-extract"",""payloads_distinct"":true}"
mutation,H01-gcd.c,bf207a4afdd7e623be4bd0751bdc1917c0ee550af0f38c0531b25bb726d1710c,symbol,M13,force_gcc,configuration,MR13,Reordered extraction independence,preserve,True,False,before=b'Morph-01';intervening=b'Second-2';after=b'Morph-01',0.190362,,False,"{""intervening_extraction"":true}"
mutation,H01-gcd.c,bf207a4afdd7e623be4bd0751bdc1917c0ee550af0f38c0531b25bb726d1710c,symbol,M13,force_gcc,configuration,MR14,Rebuild stability,preserve,True,False,first=b'Morph-01';second=b'Morph-01',0.165409,,False,"{""binary_bytes_equal"":true,""execution_order"":""build1-extract1-build2-extract2""}"
mutation,H01-gcd.c,bf207a4afdd7e623be4bd0751bdc1917c0ee550af0f38c0531b25bb726d1710c,symbol,M14,force_O0,configuration,MR01,Round-trip fidelity,preserve,True,False,extracted=b'Morph-01',0.069365,,False,"{""build"":{""actual_compiler"":""gcc"",""actual_optimization"":""O0"",""binary"":""WORKDIR/symbol/M14/MR01/marked/build-01/artifact.bin"",""binary_sha256"":""b4e3a535dfea73de3b6e5043369185b32b13dee72254c9d3a64841e237d9e234"",""carrier"":""symbol"",""command"":[""gcc"",""-std=c11"",""-fno-ident"",""-no-pie"",""-O0"",""WORKDIR/symbol/M14/MR01/marked/build-01/host.c"",""-o"",""WORKDIR/symbol/M14/MR01/marked/build-01/artifact.bin""],""effective_payload_hex"":""4d6f7270682d3031"",""key"":""key-alpha"",""mutant_id"":""M14"",""requested_compiler"":""gcc"",""requested_optimization"":""O2"",""requested_payload_hex"":""4d6f7270682d3031"",""return_code"":0,""source"":""WORKDIR/symbol/M14/MR01/marked/build-01/host.c"",""source_sha256"":""45e69a3841e4e8368c9380bdbc2f287b38fe1665811764759930b7957a59ce6a"",""stderr"":""""},""extracted_hex"":""4d6f7270682d3031""}"
mutation,H01-gcd.c,bf207a4afdd7e623be4bd0751bdc1917c0ee550af0f38c0531b25bb726d1710c,symbol,M14,force_O0,configuration,MR02,Host-semantic preservation,preserve,True,False,mismatch_count=0,0.150675,,False,"{""mismatches"":[]}"
mutation,H01-gcd.c,bf207a4afdd7e623be4bd0751bdc1917c0ee550af0f38c0531b25bb726d1710c,symbol,M14,force_O0,configuration,MR03,Unmarked rejection,reject,True,False,rejected:absent:watermark symbols not found,0.067166,,False,"{""unmarked_binary_sha256"":""9b4d3b3c14fed8daa1b0d67cbd603737a48b61b6fcbe1d6f6b318081d458be0b""}"
mutation,H01-gcd.c,bf207a4afdd7e623be4bd0751bdc1917c0ee550af0f38c0531b25bb726d1710c,symbol,M14,force_O0,configuration,MR04,Wrong-key rejection,reject,True,False,rejected:wrong-key:symbol key tag mismatch,0.052752,,False,"{""antecedent_guarded"":true,""antecedent_hex"":""4d6f7270682d3031""}"
mutation,H01-gcd.c,bf207a4afdd7e623be4bd0751bdc1917c0ee550af0f38c0531b25bb726d1710c,symbol,M14,force_O0,configuration,MR05,Payload separation,separate,True,False,first=b'Morph-01';second=b'Second-2',0.118071,,False,"{""execution_order"":""sequential-builds-then-extract"",""first_hex"":""4d6f7270682d3031"",""second_hex"":""5365636f6e642d32""}"
mutation,H01-gcd.c,bf207a4afdd7e623be4bd0751bdc1917c0ee550af0f38c0531b25bb726d1710c,symbol,M14,force_O0,configuration,MR06,Cross-compiler invariance,preserve,True,False,"payloads=b'Morph-01',b'Morph-01';semantic_equal=True",0.146159,,False,"{""clang_actual"":""clang"",""gcc_actual"":""gcc""}"
mutation,H01-gcd.c,bf207a4afdd7e623be4bd0751bdc1917c0ee550af0f38c0531b25bb726d1710c,symbol,M14,force_O0,configuration,MR07,Optimization invariance,preserve,True,False,"payloads=['Morph-01', 'Morph-01', 'Morph-01'];semantic_equal=True",0.268099,,False,{}
mutation,H01-gcd.c,bf207a4afdd7e623be4bd0751bdc1917c0ee550af0f38c0531b25bb726d1710c,symbol,M14,force_O0,configuration,MR08,Clean-room relocation,preserve,True,False,relocated=b'Morph-01',0.090445,,False,"{""clean_room_entries"":[""renamed-artifact.bin""],""relocated_hex"":""4d6f7270682d3031""}"
mutation,H01-gcd.c,bf207a4afdd7e623be4bd0751bdc1917c0ee550af0f38c0531b25bb726d1710c,symbol,M14,force_O0,configuration,MR09,Carrier-removal rejection,reject,True,False,rejected:absent:watermark symbols not found,0.056582,,False,"{""antecedent_guarded"":true}"
mutation,H01-gcd.c,bf207a4afdd7e623be4bd0751bdc1917c0ee550af0f38c0531b25bb726d1710c,symbol,M14,force_O0,configuration,MR10,Carrier-corruption rejection,reject,True,False,rejected:checksum:symbol payload checksum mismatch,0.086728,,False,"{""antecedent_guarded"":true}"
mutation,H01-gcd.c,bf207a4afdd7e623be4bd0751bdc1917c0ee550af0f38c0531b25bb726d1710c,symbol,M14,force_O0,configuration,MR11,Requested/actual trace agreement,trace,False,True,requested=clang/Os;actual=clang/O0,0.073686,,False,"{""build"":{""actual_compiler"":""clang"",""actual_optimization"":""O0"",""binary"":""WORKDIR/symbol/M14/MR11/trace/build-01/artifact.bin"",""binary_sha256"":""ef6f645de816c60a8d3d28bef9858947a8df486502ef8c29dccc883581f2441f"",""carrier"":""symbol"",""command"":[""clang"",""-std=c11"",""-fno-ident"",""-no-pie"",""-O0"",""WORKDIR/symbol/M14/MR11/trace/build-01/host.c"",""-o"",""WORKDIR/symbol/M14/MR11/trace/build-01/artifact.bin""],""effective_payload_hex"":""4d6f7270682d3031"",""key"":""key-alpha"",""mutant_id"":""M14"",""requested_compiler"":""clang"",""requested_optimization"":""Os"",""requested_payload_hex"":""4d6f7270682d3031"",""return_code"":0,""source"":""WORKDIR/symbol/M14/MR11/trace/build-01/host.c"",""source_sha256"":""45e69a3841e4e8368c9380bdbc2f287b38fe1665811764759930b7957a59ce6a"",""stderr"":""""}}"
mutation,H01-gcd.c,bf207a4afdd7e623be4bd0751bdc1917c0ee550af0f38c0531b25bb726d1710c,symbol,M14,force_O0,configuration,MR12,Interleaved artifact isolation,separate,True,False,parallel_isolation_satisfied,0.092787,,False,"{""aliasing_detected"":false,""both_expected"":true,""execution_order"":""overlapping-builds-then-extract"",""payloads_distinct"":true}"
mutation,H01-gcd.c,bf207a4afdd7e623be4bd0751bdc1917c0ee550af0f38c0531b25bb726d1710c,symbol,M14,force_O0,configuration,MR13,Reordered extraction independence,preserve,True,False,before=b'Morph-01';intervening=b'Second-2';after=b'Morph-01',0.135702,,False,"{""intervening_extraction"":true}"
mutation,H01-gcd.c,bf207a4afdd7e623be4bd0751bdc1917c0ee550af0f38c0531b25bb726d1710c,symbol,M14,force_O0,configuration,MR14,Rebuild stability,preserve,True,False,first=b'Morph-01';second=b'Morph-01',0.112152,,False,"{""binary_bytes_equal"":true,""execution_order"":""build1-extract1-build2-extract2""}"
mutation,H01-gcd.c,bf207a4afdd7e623be4bd0751bdc1917c0ee550af0f38c0531b25bb726d1710c,symbol,M15,transform_noop,transformation,MR01,Round-trip fidelity,preserve,True,False,extracted=b'Morph-01',0.081512,,False,"{""build"":{""actual_compiler"":""gcc"",""actual_optimization"":""O2"",""binary"":""WORKDIR/symbol/M15/MR01/marked/build-01/artifact.bin"",""binary_sha256"":""7b713450f899744a0e9c1995e1ea83c762e52b3b03c45f82418d86193b6be1a1"",""carrier"":""symbol"",""command"":[""gcc"",""-std=c11"",""-fno-ident"",""-no-pie"",""-O2"",""WORKDIR/symbol/M15/MR01/marked/build-01/host.c"",""-o"",""WORKDIR/symbol/M15/MR01/marked/build-01/artifact.bin""],""effective_payload_hex"":""4d6f7270682d3031"",""key"":""key-alpha"",""mutant_id"":""M15"",""requested_compiler"":""gcc"",""requested_optimization"":""O2"",""requested_payload_hex"":""4d6f7270682d3031"",""return_code"":0,""source"":""WORKDIR/symbol/M15/MR01/marked/build-01/host.c"",""source_sha256"":""45e69a3841e4e8368c9380bdbc2f287b38fe1665811764759930b7957a59ce6a"",""stderr"":""""},""extracted_hex"":""4d6f7270682d3031""}"
mutation,H01-gcd.c,bf207a4afdd7e623be4bd0751bdc1917c0ee550af0f38c0531b25bb726d1710c,symbol,M15,transform_noop,transformation,MR02,Host-semantic preservation,preserve,True,False,mismatch_count=0,0.192381,,False,"{""mismatches"":[]}"
mutation,H01-gcd.c,bf207a4afdd7e623be4bd0751bdc1917c0ee550af0f38c0531b25bb726d1710c,symbol,M15,transform_noop,transformation,MR03,Unmarked rejection,reject,True,False,rejected:absent:watermark symbols not found,0.075328,,False,"{""unmarked_binary_sha256"":""17288de5d8ffc83b2223ee650ec19f96fa9b779f3eb45b8e2433c730b7a1e3e2""}"
mutation,H01-gcd.c,bf207a4afdd7e623be4bd0751bdc1917c0ee550af0f38c0531b25bb726d1710c,symbol,M15,transform_noop,transformation,MR04,Wrong-key rejection,reject,True,False,rejected:wrong-key:symbol key tag mismatch,0.070383,,False,"{""antecedent_guarded"":true,""antecedent_hex"":""4d6f7270682d3031""}"
mutation,H01-gcd.c,bf207a4afdd7e623be4bd0751bdc1917c0ee550af0f38c0531b25bb726d1710c,symbol,M15,transform_noop,transformation,MR05,Payload separation,separate,True,False,first=b'Morph-01';second=b'Second-2',0.151085,,False,"{""execution_order"":""sequential-builds-then-extract"",""first_hex"":""4d6f7270682d3031"",""second_hex"":""5365636f6e642d32""}"
mutation,H01-gcd.c,bf207a4afdd7e623be4bd0751bdc1917c0ee550af0f38c0531b25bb726d1710c,symbol,M15,transform_noop,transformation,MR06,Cross-compiler invariance,preserve,True,False,"payloads=b'Morph-01',b'Morph-01';semantic_equal=True",0.188764,,False,"{""clang_actual"":""clang"",""gcc_actual"":""gcc""}"
mutation,H01-gcd.c,bf207a4afdd7e623be4bd0751bdc1917c0ee550af0f38c0531b25bb726d1710c,symbol,M15,transform_noop,transformation,MR07,Optimization invariance,preserve,True,False,"payloads=['Morph-01', 'Morph-01', 'Morph-01'];semantic_equal=True",0.282473,,False,{}
mutation,H01-gcd.c,bf207a4afdd7e623be4bd0751bdc1917c0ee550af0f38c0531b25bb726d1710c,symbol,M15,transform_noop,transformation,MR08,Clean-room relocation,preserve,True,False,relocated=b'Morph-01',0.100688,,False,"{""clean_room_entries"":[""renamed-artifact.bin""],""relocated_hex"":""4d6f7270682d3031""}"
mutation,H01-gcd.c,bf207a4afdd7e623be4bd0751bdc1917c0ee550af0f38c0531b25bb726d1710c,symbol,M15,transform_noop,transformation,MR09,Carrier-removal rejection,reject,False,True,spurious robustness:accepted:b'Morph-01',0.089962,,False,"{""antecedent_guarded"":true}"
mutation,H01-gcd.c,bf207a4afdd7e623be4bd0751bdc1917c0ee550af0f38c0531b25bb726d1710c,symbol,M15,transform_noop,transformation,MR10,Carrier-corruption rejection,reject,True,False,rejected:checksum:symbol payload checksum mismatch,0.080755,,False,"{""antecedent_guarded"":true}"
mutation,H01-gcd.c,bf207a4afdd7e623be4bd0751bdc1917c0ee550af0f38c0531b25bb726d1710c,symbol,M15,transform_noop,transformation,MR11,Requested/actual trace agreement,trace,True,False,requested=clang/Os;actual=clang/Os,0.085969,,False,"{""build"":{""actual_compiler"":""clang"",""actual_optimization"":""Os"",""binary"":""WORKDIR/symbol/M15/MR11/trace/build-01/artifact.bin"",""binary_sha256"":""25e0d918cd8ff7cc194ede1eb56d7dc89089e033832c65ca5cceab6c9faa446b"",""carrier"":""symbol"",""command"":[""clang"",""-std=c11"",""-fno-ident"",""-no-pie"",""-Os"",""WORKDIR/symbol/M15/MR11/trace/build-01/host.c"",""-o"",""WORKDIR/symbol/M15/MR11/trace/build-01/artifact.bin""],""effective_payload_hex"":""4d6f7270682d3031"",""key"":""key-alpha"",""mutant_id"":""M15"",""requested_compiler"":""clang"",""requested_optimization"":""Os"",""requested_payload_hex"":""4d6f7270682d3031"",""return_code"":0,""source"":""WORKDIR/symbol/M15/MR11/trace/build-01/host.c"",""source_sha256"":""45e69a3841e4e8368c9380bdbc2f287b38fe1665811764759930b7957a59ce6a"",""stderr"":""""}}"
mutation,H01-gcd.c,bf207a4afdd7e623be4bd0751bdc1917c0ee550af0f38c0531b25bb726d1710c,symbol,M15,transform_noop,transformation,MR12,Interleaved artifact isolation,separate,True,False,parallel_isolation_satisfied,0.09215,,False,"{""aliasing_detected"":false,""both_expected"":true,""execution_order"":""overlapping-builds-then-extract"",""payloads_distinct"":true}"
mutation,H01-gcd.c,bf207a4afdd7e623be4bd0751bdc1917c0ee550af0f38c0531b25bb726d1710c,symbol,M15,transform_noop,transformation,MR13,Reordered extraction independence,preserve,True,False,before=b'Morph-01';intervening=b'Second-2';after=b'Morph-01',0.142703,,False,"{""intervening_extraction"":true}"
mutation,H01-gcd.c,bf207a4afdd7e623be4bd0751bdc1917c0ee550af0f38c0531b25bb726d1710c,symbol,M15,transform_noop,transformation,MR14,Rebuild stability,preserve,True,False,first=b'Morph-01';second=b'Morph-01',0.185894,,False,"{""binary_bytes_equal"":true,""execution_order"":""build1-extract1-build2-extract2""}"
mutation,H01-gcd.c,bf207a4afdd7e623be4bd0751bdc1917c0ee550af0f38c0531b25bb726d1710c,symbol,M16,checksum_bypass,integrity,MR01,Round-trip fidelity,preserve,True,False,extracted=b'Morph-01',0.08224,,False,"{""build"":{""actual_compiler"":""gcc"",""actual_optimization"":""O2"",""binary"":""WORKDIR/symbol/M16/MR01/marked/build-01/artifact.bin"",""binary_sha256"":""7b713450f899744a0e9c1995e1ea83c762e52b3b03c45f82418d86193b6be1a1"",""carrier"":""symbol"",""command"":[""gcc"",""-std=c11"",""-fno-ident"",""-no-pie"",""-O2"",""WORKDIR/symbol/M16/MR01/marked/build-01/host.c"",""-o"",""WORKDIR/symbol/M16/MR01/marked/build-01/artifact.bin""],""effective_payload_hex"":""4d6f7270682d3031"",""key"":""key-alpha"",""mutant_id"":""M16"",""requested_compiler"":""gcc"",""requested_optimization"":""O2"",""requested_payload_hex"":""4d6f7270682d3031"",""return_code"":0,""source"":""WORKDIR/symbol/M16/MR01/marked/build-01/host.c"",""source_sha256"":""45e69a3841e4e8368c9380bdbc2f287b38fe1665811764759930b7957a59ce6a"",""stderr"":""""},""extracted_hex"":""4d6f7270682d3031""}"
mutation,H01-gcd.c,bf207a4afdd7e623be4bd0751bdc1917c0ee550af0f38c0531b25bb726d1710c,symbol,M16,checksum_bypass,integrity,MR02,Host-semantic preservation,preserve,True,False,mismatch_count=0,0.186828,,False,"{""mismatches"":[]}"
mutation,H01-gcd.c,bf207a4afdd7e623be4bd0751bdc1917c0ee550af0f38c0531b25bb726d1710c,symbol,M16,checksum_bypass,integrity,MR03,Unmarked rejection,reject,True,False,rejected:absent:watermark symbols not found,0.09587,,False,"{""unmarked_binary_sha256"":""17288de5d8ffc83b2223ee650ec19f96fa9b779f3eb45b8e2433c730b7a1e3e2""}"
mutation,H01-gcd.c,bf207a4afdd7e623be4bd0751bdc1917c0ee550af0f38c0531b25bb726d1710c,symbol,M16,checksum_bypass,integrity,MR04,Wrong-key rejection,reject,True,False,rejected:wrong-key:symbol key tag mismatch,0.073783,,False,"{""antecedent_guarded"":true,""antecedent_hex"":""4d6f7270682d3031""}"
mutation,H01-gcd.c,bf207a4afdd7e623be4bd0751bdc1917c0ee550af0f38c0531b25bb726d1710c,symbol,M16,checksum_bypass,integrity,MR05,Payload separation,separate,True,False,first=b'Morph-01';second=b'Second-2',0.186941,,False,"{""execution_order"":""sequential-builds-then-extract"",""first_hex"":""4d6f7270682d3031"",""second_hex"":""5365636f6e642d32""}"
mutation,H01-gcd.c,bf207a4afdd7e623be4bd0751bdc1917c0ee550af0f38c0531b25bb726d1710c,symbol,M16,checksum_bypass,integrity,MR06,Cross-compiler invariance,preserve,True,False,"payloads=b'Morph-01',b'Morph-01';semantic_equal=True",0.188213,,False,"{""clang_actual"":""clang"",""gcc_actual"":""gcc""}"
mutation,H01-gcd.c,bf207a4afdd7e623be4bd0751bdc1917c0ee550af0f38c0531b25bb726d1710c,symbol,M16,checksum_bypass,integrity,MR07,Optimization invariance,preserve,True,False,"payloads=['Morph-01', 'Morph-01', 'Morph-01'];semantic_equal=True",0.220471,,False,{}
mutation,H01-gcd.c,bf207a4afdd7e623be4bd0751bdc1917c0ee550af0f38c0531b25bb726d1710c,symbol,M16,checksum_bypass,integrity,MR08,Clean-room relocation,preserve,True,False,relocated=b'Morph-01',0.040746,,False,"{""clean_room_entries"":[""renamed-artifact.bin""],""relocated_hex"":""4d6f7270682d3031""}"
mutation,H01-gcd.c,bf207a4afdd7e623be4bd0751bdc1917c0ee550af0f38c0531b25bb726d1710c,symbol,M16,checksum_bypass,integrity,MR09,Carrier-removal rejection,reject,True,False,rejected:absent:watermark symbols not found,0.097014,,False,"{""antecedent_guarded"":true}"
mutation,H01-gcd.c,bf207a4afdd7e623be4bd0751bdc1917c0ee550af0f38c0531b25bb726d1710c,symbol,M16,checksum_bypass,integrity,MR10,Carrier-corruption rejection,reject,False,True,corruption accepted:accepted:b'Morph-01',0.083876,,False,"{""antecedent_guarded"":true}"
mutation,H01-gcd.c,bf207a4afdd7e623be4bd0751bdc1917c0ee550af0f38c0531b25bb726d1710c,symbol,M16,checksum_bypass,integrity,MR11,Requested/actual trace agreement,trace,True,False,requested=clang/Os;actual=clang/Os,0.092734,,False,"{""build"":{""actual_compiler"":""clang"",""actual_optimization"":""Os"",""binary"":""WORKDIR/symbol/M16/MR11/trace/build-01/artifact.bin"",""binary_sha256"":""25e0d918cd8ff7cc194ede1eb56d7dc89089e033832c65ca5cceab6c9faa446b"",""carrier"":""symbol"",""command"":[""clang"",""-std=c11"",""-fno-ident"",""-no-pie"",""-Os"",""WORKDIR/symbol/M16/MR11/trace/build-01/host.c"",""-o"",""WORKDIR/symbol/M16/MR11/trace/build-01/artifact.bin""],""effective_payload_hex"":""4d6f7270682d3031"",""key"":""key-alpha"",""mutant_id"":""M16"",""requested_compiler"":""clang"",""requested_optimization"":""Os"",""requested_payload_hex"":""4d6f7270682d3031"",""return_code"":0,""source"":""WORKDIR/symbol/M16/MR11/trace/build-01/host.c"",""source_sha256"":""45e69a3841e4e8368c9380bdbc2f287b38fe1665811764759930b7957a59ce6a"",""stderr"":""""}}"
mutation,H01-gcd.c,bf207a4afdd7e623be4bd0751bdc1917c0ee550af0f38c0531b25bb726d1710c,symbol,M16,checksum_bypass,integrity,MR12,Interleaved artifact isolation,separate,True,False,parallel_isolation_satisfied,0.104391,,False,"{""aliasing_detected"":false,""both_expected"":true,""execution_order"":""overlapping-builds-then-extract"",""payloads_distinct"":true}"
mutation,H01-gcd.c,bf207a4afdd7e623be4bd0751bdc1917c0ee550af0f38c0531b25bb726d1710c,symbol,M16,checksum_bypass,integrity,MR13,Reordered extraction independence,preserve,True,False,before=b'Morph-01';intervening=b'Second-2';after=b'Morph-01',0.167738,,False,"{""intervening_extraction"":true}"
mutation,H01-gcd.c,bf207a4afdd7e623be4bd0751bdc1917c0ee550af0f38c0531b25bb726d1710c,symbol,M16,checksum_bypass,integrity,MR14,Rebuild stability,preserve,True,False,first=b'Morph-01';second=b'Morph-01',0.148766,,False,"{""binary_bytes_equal"":true,""execution_order"":""build1-extract1-build2-extract2""}"
mutation,H01-gcd.c,bf207a4afdd7e623be4bd0751bdc1917c0ee550af0f38c0531b25bb726d1710c,symbol,M17,filename_bound,artifact binding,MR01,Round-trip fidelity,preserve,True,False,extracted=b'Morph-01',0.074802,,False,"{""build"":{""actual_compiler"":""gcc"",""actual_optimization"":""O2"",""binary"":""WORKDIR/symbol/M17/MR01/marked/build-01/artifact.bin"",""binary_sha256"":""7b713450f899744a0e9c1995e1ea83c762e52b3b03c45f82418d86193b6be1a1"",""carrier"":""symbol"",""command"":[""gcc"",""-std=c11"",""-fno-ident"",""-no-pie"",""-O2"",""WORKDIR/symbol/M17/MR01/marked/build-01/host.c"",""-o"",""WORKDIR/symbol/M17/MR01/marked/build-01/artifact.bin""],""effective_payload_hex"":""4d6f7270682d3031"",""key"":""key-alpha"",""mutant_id"":""M17"",""requested_compiler"":""gcc"",""requested_optimization"":""O2"",""requested_payload_hex"":""4d6f7270682d3031"",""return_code"":0,""source"":""WORKDIR/symbol/M17/MR01/marked/build-01/host.c"",""source_sha256"":""45e69a3841e4e8368c9380bdbc2f287b38fe1665811764759930b7957a59ce6a"",""stderr"":""""},""extracted_hex"":""4d6f7270682d3031""}"
mutation,H01-gcd.c,bf207a4afdd7e623be4bd0751bdc1917c0ee550af0f38c0531b25bb726d1710c,symbol,M17,filename_bound,artifact binding,MR02,Host-semantic preservation,preserve,True,False,mismatch_count=0,0.166941,,False,"{""mismatches"":[]}"
mutation,H01-gcd.c,bf207a4afdd7e623be4bd0751bdc1917c0ee550af0f38c0531b25bb726d1710c,symbol,M17,filename_bound,artifact binding,MR03,Unmarked rejection,reject,True,False,rejected:absent:watermark symbols not found,0.063951,,False,"{""unmarked_binary_sha256"":""17288de5d8ffc83b2223ee650ec19f96fa9b779f3eb45b8e2433c730b7a1e3e2""}"
mutation,H01-gcd.c,bf207a4afdd7e623be4bd0751bdc1917c0ee550af0f38c0531b25bb726d1710c,symbol,M17,filename_bound,artifact binding,MR04,Wrong-key rejection,reject,True,False,rejected:wrong-key:symbol key tag mismatch,0.113832,,False,"{""antecedent_guarded"":true,""antecedent_hex"":""4d6f7270682d3031""}"
mutation,H01-gcd.c,bf207a4afdd7e623be4bd0751bdc1917c0ee550af0f38c0531b25bb726d1710c,symbol,M17,filename_bound,artifact binding,MR05,Payload separation,separate,True,False,first=b'Morph-01';second=b'Second-2',0.163913,,False,"{""execution_order"":""sequential-builds-then-extract"",""first_hex"":""4d6f7270682d3031"",""second_hex"":""5365636f6e642d32""}"
mutation,H01-gcd.c,bf207a4afdd7e623be4bd0751bdc1917c0ee550af0f38c0531b25bb726d1710c,symbol,M17,filename_bound,artifact binding,MR06,Cross-compiler invariance,preserve,True,False,"payloads=b'Morph-01',b'Morph-01';semantic_equal=True",0.207917,,False,"{""clang_actual"":""clang"",""gcc_actual"":""gcc""}"
mutation,H01-gcd.c,bf207a4afdd7e623be4bd0751bdc1917c0ee550af0f38c0531b25bb726d1710c,symbol,M17,filename_bound,artifact binding,MR07,Optimization invariance,preserve,True,False,"payloads=['Morph-01', 'Morph-01', 'Morph-01'];semantic_equal=True",0.217279,,False,{}
mutation,H01-gcd.c,bf207a4afdd7e623be4bd0751bdc1917c0ee550af0f38c0531b25bb726d1710c,symbol,M17,filename_bound,artifact binding,MR08,Clean-room relocation,preserve,False,True,exception:ExtractionError:artifact path is not an original build path,0.107933,ExtractionError,False,{}
mutation,H01-gcd.c,bf207a4afdd7e623be4bd0751bdc1917c0ee550af0f38c0531b25bb726d1710c,symbol,M17,filename_bound,artifact binding,MR09,Carrier-removal rejection,reject,True,False,rejected:path:artifact path is not an original build path,0.06974,,False,"{""antecedent_guarded"":true}"
mutation,H01-gcd.c,bf207a4afdd7e623be4bd0751bdc1917c0ee550af0f38c0531b25bb726d1710c,symbol,M17,filename_bound,artifact binding,MR10,Carrier-corruption rejection,reject,True,False,rejected:path:artifact path is not an original build path,0.088433,,False,"{""antecedent_guarded"":true}"
mutation,H01-gcd.c,bf207a4afdd7e623be4bd0751bdc1917c0ee550af0f38c0531b25bb726d1710c,symbol,M17,filename_bound,artifact binding,MR11,Requested/actual trace agreement,trace,True,False,requested=clang/Os;actual=clang/Os,0.085772,,False,"{""build"":{""actual_compiler"":""clang"",""actual_optimization"":""Os"",""binary"":""WORKDIR/symbol/M17/MR11/trace/build-01/artifact.bin"",""binary_sha256"":""25e0d918cd8ff7cc194ede1eb56d7dc89089e033832c65ca5cceab6c9faa446b"",""carrier"":""symbol"",""command"":[""clang"",""-std=c11"",""-fno-ident"",""-no-pie"",""-Os"",""WORKDIR/symbol/M17/MR11/trace/build-01/host.c"",""-o"",""WORKDIR/symbol/M17/MR11/trace/build-01/artifact.bin""],""effective_payload_hex"":""4d6f7270682d3031"",""key"":""key-alpha"",""mutant_id"":""M17"",""requested_compiler"":""clang"",""requested_optimization"":""Os"",""requested_payload_hex"":""4d6f7270682d3031"",""return_code"":0,""source"":""WORKDIR/symbol/M17/MR11/trace/build-01/host.c"",""source_sha256"":""45e69a3841e4e8368c9380bdbc2f287b38fe1665811764759930b7957a59ce6a"",""stderr"":""""}}"
mutation,H01-gcd.c,bf207a4afdd7e623be4bd0751bdc1917c0ee550af0f38c0531b25bb726d1710c,symbol,M17,filename_bound,artifact binding,MR12,Interleaved artifact isolation,separate,True,False,parallel_isolation_satisfied,0.106824,,False,"{""aliasing_detected"":false,""both_expected"":true,""execution_order"":""overlapping-builds-then-extract"",""payloads_distinct"":true}"
mutation,H01-gcd.c,bf207a4afdd7e623be4bd0751bdc1917c0ee550af0f38c0531b25bb726d1710c,symbol,M17,filename_bound,artifact binding,MR13,Reordered extraction independence,preserve,True,False,before=b'Morph-01';intervening=b'Second-2';after=b'Morph-01',0.143568,,False,"{""intervening_extraction"":true}"
mutation,H01-gcd.c,bf207a4afdd7e623be4bd0751bdc1917c0ee550af0f38c0531b25bb726d1710c,symbol,M17,filename_bound,artifact binding,MR14,Rebuild stability,preserve,True,False,first=b'Morph-01';second=b'Morph-01',0.13494,,False,"{""binary_bytes_equal"":true,""execution_order"":""build1-extract1-build2-extract2""}"
mutation,H01-gcd.c,bf207a4afdd7e623be4bd0751bdc1917c0ee550af0f38c0531b25bb726d1710c,symbol,M18,stale_binary,state,MR01,Round-trip fidelity,preserve,True,False,extracted=b'Morph-01',0.095914,,False,"{""build"":{""actual_compiler"":""gcc"",""actual_optimization"":""O2"",""binary"":""WORKDIR/symbol/M18/MR01/marked/build-01/artifact.bin"",""binary_sha256"":""7b713450f899744a0e9c1995e1ea83c762e52b3b03c45f82418d86193b6be1a1"",""carrier"":""symbol"",""command"":[""gcc"",""-std=c11"",""-fno-ident"",""-no-pie"",""-O2"",""WORKDIR/symbol/M18/MR01/marked/build-01/host.c"",""-o"",""WORKDIR/symbol/M18/MR01/marked/build-01/artifact.bin""],""effective_payload_hex"":""4d6f7270682d3031"",""key"":""key-alpha"",""mutant_id"":""M18"",""requested_compiler"":""gcc"",""requested_optimization"":""O2"",""requested_payload_hex"":""4d6f7270682d3031"",""return_code"":0,""source"":""WORKDIR/symbol/M18/MR01/marked/build-01/host.c"",""source_sha256"":""45e69a3841e4e8368c9380bdbc2f287b38fe1665811764759930b7957a59ce6a"",""stderr"":""""},""extracted_hex"":""4d6f7270682d3031""}"
mutation,H01-gcd.c,bf207a4afdd7e623be4bd0751bdc1917c0ee550af0f38c0531b25bb726d1710c,symbol,M18,stale_binary,state,MR02,Host-semantic preservation,preserve,True,False,mismatch_count=0,0.18374,,False,"{""mismatches"":[]}"
mutation,H01-gcd.c,bf207a4afdd7e623be4bd0751bdc1917c0ee550af0f38c0531b25bb726d1710c,symbol,M18,stale_binary,state,MR03,Unmarked rejection,reject,True,False,rejected:absent:watermark symbols not found,0.069698,,False,"{""unmarked_binary_sha256"":""17288de5d8ffc83b2223ee650ec19f96fa9b779f3eb45b8e2433c730b7a1e3e2""}"
mutation,H01-gcd.c,bf207a4afdd7e623be4bd0751bdc1917c0ee550af0f38c0531b25bb726d1710c,symbol,M18,stale_binary,state,MR04,Wrong-key rejection,reject,True,False,rejected:wrong-key:symbol key tag mismatch,0.042283,,False,"{""antecedent_guarded"":true,""antecedent_hex"":""4d6f7270682d3031""}"
mutation,H01-gcd.c,bf207a4afdd7e623be4bd0751bdc1917c0ee550af0f38c0531b25bb726d1710c,symbol,M18,stale_binary,state,MR05,Payload separation,separate,False,True,first=b'Morph-01';second=b'Morph-01',0.085822,,False,"{""execution_order"":""sequential-builds-then-extract"",""first_hex"":""4d6f7270682d3031"",""second_hex"":""4d6f7270682d3031""}"
mutation,H01-gcd.c,bf207a4afdd7e623be4bd0751bdc1917c0ee550af0f38c0531b25bb726d1710c,symbol,M18,stale_binary,state,MR06,Cross-compiler invariance,preserve,True,False,"payloads=b'Morph-01',b'Morph-01';semantic_equal=True",0.100527,,False,"{""clang_actual"":""gcc"",""gcc_actual"":""gcc""}"
mutation,H01-gcd.c,bf207a4afdd7e623be4bd0751bdc1917c0ee550af0f38c0531b25bb726d1710c,symbol,M18,stale_binary,state,MR07,Optimization invariance,preserve,True,False,"payloads=['Morph-01', 'Morph-01', 'Morph-01'];semantic_equal=True",0.114509,,False,{}
mutation,H01-gcd.c,bf207a4afdd7e623be4bd0751bdc1917c0ee550af0f38c0531b25bb726d1710c,symbol,M18,stale_binary,state,MR08,Clean-room relocation,preserve,True,False,relocated=b'Morph-01',0.083889,,False,"{""clean_room_entries"":[""renamed-artifact.bin""],""relocated_hex"":""4d6f7270682d3031""}"
mutation,H01-gcd.c,bf207a4afdd7e623be4bd0751bdc1917c0ee550af0f38c0531b25bb726d1710c,symbol,M18,stale_binary,state,MR09,Carrier-removal rejection,reject,True,False,rejected:absent:watermark symbols not found,0.067738,,False,"{""antecedent_guarded"":true}"
mutation,H01-gcd.c,bf207a4afdd7e623be4bd0751bdc1917c0ee550af0f38c0531b25bb726d1710c,symbol,M18,stale_binary,state,MR10,Carrier-corruption rejection,reject,True,False,rejected:checksum:symbol payload checksum mismatch,0.067864,,False,"{""antecedent_guarded"":true}"
mutation,H01-gcd.c,bf207a4afdd7e623be4bd0751bdc1917c0ee550af0f38c0531b25bb726d1710c,symbol,M18,stale_binary,state,MR11,Requested/actual trace agreement,trace,True,False,requested=clang/Os;actual=clang/Os,0.100207,,False,"{""build"":{""actual_compiler"":""clang"",""actual_optimization"":""Os"",""binary"":""WORKDIR/symbol/M18/MR11/trace/build-01/artifact.bin"",""binary_sha256"":""25e0d918cd8ff7cc194ede1eb56d7dc89089e033832c65ca5cceab6c9faa446b"",""carrier"":""symbol"",""command"":[""clang"",""-std=c11"",""-fno-ident"",""-no-pie"",""-Os"",""WORKDIR/symbol/M18/MR11/trace/build-01/host.c"",""-o"",""WORKDIR/symbol/M18/MR11/trace/build-01/artifact.bin""],""effective_payload_hex"":""4d6f7270682d3031"",""key"":""key-alpha"",""mutant_id"":""M18"",""requested_compiler"":""clang"",""requested_optimization"":""Os"",""requested_payload_hex"":""4d6f7270682d3031"",""return_code"":0,""source"":""WORKDIR/symbol/M18/MR11/trace/build-01/host.c"",""source_sha256"":""45e69a3841e4e8368c9380bdbc2f287b38fe1665811764759930b7957a59ce6a"",""stderr"":""""}}"
mutation,H01-gcd.c,bf207a4afdd7e623be4bd0751bdc1917c0ee550af0f38c0531b25bb726d1710c,symbol,M18,stale_binary,state,MR12,Interleaved artifact isolation,separate,True,False,parallel_isolation_satisfied,0.069187,,False,"{""aliasing_detected"":false,""both_expected"":true,""execution_order"":""overlapping-builds-then-extract"",""payloads_distinct"":true}"
mutation,H01-gcd.c,bf207a4afdd7e623be4bd0751bdc1917c0ee550af0f38c0531b25bb726d1710c,symbol,M18,stale_binary,state,MR13,Reordered extraction independence,preserve,False,True,exception:ExtractionError:symbol key tag mismatch,0.085482,ExtractionError,False,{}
mutation,H01-gcd.c,bf207a4afdd7e623be4bd0751bdc1917c0ee550af0f38c0531b25bb726d1710c,symbol,M18,stale_binary,state,MR14,Rebuild stability,preserve,True,False,first=b'Morph-01';second=b'Morph-01',0.083616,,False,"{""binary_bytes_equal"":true,""execution_order"":""build1-extract1-build2-extract2""}"
mutation,H01-gcd.c,bf207a4afdd7e623be4bd0751bdc1917c0ee550af0f38c0531b25bb726d1710c,symbol,M19,extractor_prefix,extraction,MR01,Round-trip fidelity,preserve,False,True,extracted=b'Morph-0',0.096423,,False,"{""build"":{""actual_compiler"":""gcc"",""actual_optimization"":""O2"",""binary"":""WORKDIR/symbol/M19/MR01/marked/build-01/artifact.bin"",""binary_sha256"":""7b713450f899744a0e9c1995e1ea83c762e52b3b03c45f82418d86193b6be1a1"",""carrier"":""symbol"",""command"":[""gcc"",""-std=c11"",""-fno-ident"",""-no-pie"",""-O2"",""WORKDIR/symbol/M19/MR01/marked/build-01/host.c"",""-o"",""WORKDIR/symbol/M19/MR01/marked/build-01/artifact.bin""],""effective_payload_hex"":""4d6f7270682d3031"",""key"":""key-alpha"",""mutant_id"":""M19"",""requested_compiler"":""gcc"",""requested_optimization"":""O2"",""requested_payload_hex"":""4d6f7270682d3031"",""return_code"":0,""source"":""WORKDIR/symbol/M19/MR01/marked/build-01/host.c"",""source_sha256"":""45e69a3841e4e8368c9380bdbc2f287b38fe1665811764759930b7957a59ce6a"",""stderr"":""""},""extracted_hex"":""4d6f7270682d30""}"
mutation,H01-gcd.c,bf207a4afdd7e623be4bd0751bdc1917c0ee550af0f38c0531b25bb726d1710c,symbol,M19,extractor_prefix,extraction,MR02,Host-semantic preservation,preserve,True,False,mismatch_count=0,0.181809,,False,"{""mismatches"":[]}"
mutation,H01-gcd.c,bf207a4afdd7e623be4bd0751bdc1917c0ee550af0f38c0531b25bb726d1710c,symbol,M19,extractor_prefix,extraction,MR03,Unmarked rejection,reject,True,False,rejected:absent:watermark symbols not found,0.067531,,False,"{""unmarked_binary_sha256"":""17288de5d8ffc83b2223ee650ec19f96fa9b779f3eb45b8e2433c730b7a1e3e2""}"
mutation,H01-gcd.c,bf207a4afdd7e623be4bd0751bdc1917c0ee550af0f38c0531b25bb726d1710c,symbol,M19,extractor_prefix,extraction,MR04,Wrong-key rejection,reject,True,False,rejected:wrong-key:symbol key tag mismatch,0.090285,,False,"{""antecedent_guarded"":true,""antecedent_hex"":""4d6f7270682d3031""}"
mutation,H01-gcd.c,bf207a4afdd7e623be4bd0751bdc1917c0ee550af0f38c0531b25bb726d1710c,symbol,M19,extractor_prefix,extraction,MR05,Payload separation,separate,False,True,first=b'Morph-0';second=b'Second-',0.158137,,False,"{""execution_order"":""sequential-builds-then-extract"",""first_hex"":""4d6f7270682d30"",""second_hex"":""5365636f6e642d""}"
mutation,H01-gcd.c,bf207a4afdd7e623be4bd0751bdc1917c0ee550af0f38c0531b25bb726d1710c,symbol,M19,extractor_prefix,extraction,MR06,Cross-compiler invariance,preserve,False,True,"payloads=b'Morph-0',b'Morph-0';semantic_equal=True",0.234619,,False,"{""clang_actual"":""clang"",""gcc_actual"":""gcc""}"
mutation,H01-gcd.c,bf207a4afdd7e623be4bd0751bdc1917c0ee550af0f38c0531b25bb726d1710c,symbol,M19,extractor_prefix,extraction,MR07,Optimization invariance,preserve,False,True,"payloads=['Morph-0', 'Morph-0', 'Morph-0'];semantic_equal=True",0.2709,,False,{}
mutation,H01-gcd.c,bf207a4afdd7e623be4bd0751bdc1917c0ee550af0f38c0531b25bb726d1710c,symbol,M19,extractor_prefix,extraction,MR08,Clean-room relocation,preserve,False,True,source_mismatch=b'Morph-0',0.054838,,False,"{""source_hex"":""4d6f7270682d30""}"
mutation,H01-gcd.c,bf207a4afdd7e623be4bd0751bdc1917c0ee550af0f38c0531b25bb726d1710c,symbol,M19,extractor_prefix,extraction,MR09,Carrier-removal rejection,reject,True,False,rejected:absent:watermark symbols not found,0.072621,,False,"{""antecedent_guarded"":true}"
mutation,H01-gcd.c,bf207a4afdd7e623be4bd0751bdc1917c0ee550af0f38c0531b25bb726d1710c,symbol,M19,extractor_prefix,extraction,MR10,Carrier-corruption rejection,reject,True,False,rejected:checksum:symbol payload checksum mismatch,0.097497,,False,"{""antecedent_guarded"":true}"
mutation,H01-gcd.c,bf207a4afdd7e623be4bd0751bdc1917c0ee550af0f38c0531b25bb726d1710c,symbol,M19,extractor_prefix,extraction,MR11,Requested/actual trace agreement,trace,True,False,requested=clang/Os;actual=clang/Os,0.108349,,False,"{""build"":{""actual_compiler"":""clang"",""actual_optimization"":""Os"",""binary"":""WORKDIR/symbol/M19/MR11/trace/build-01/artifact.bin"",""binary_sha256"":""25e0d918cd8ff7cc194ede1eb56d7dc89089e033832c65ca5cceab6c9faa446b"",""carrier"":""symbol"",""command"":[""clang"",""-std=c11"",""-fno-ident"",""-no-pie"",""-Os"",""WORKDIR/symbol/M19/MR11/trace/build-01/host.c"",""-o"",""WORKDIR/symbol/M19/MR11/trace/build-01/artifact.bin""],""effective_payload_hex"":""4d6f7270682d3031"",""key"":""key-alpha"",""mutant_id"":""M19"",""requested_compiler"":""clang"",""requested_optimization"":""Os"",""requested_payload_hex"":""4d6f7270682d3031"",""return_code"":0,""source"":""WORKDIR/symbol/M19/MR11/trace/build-01/host.c"",""source_sha256"":""45e69a3841e4e8368c9380bdbc2f287b38fe1665811764759930b7957a59ce6a"",""stderr"":""""}}"
mutation,H01-gcd.c,bf207a4afdd7e623be4bd0751bdc1917c0ee550af0f38c0531b25bb726d1710c,symbol,M19,extractor_prefix,extraction,MR12,Interleaved artifact isolation,separate,False,True,parallel_isolation_clause_violated,0.098426,,False,"{""aliasing_detected"":false,""both_expected"":false,""execution_order"":""overlapping-builds-then-extract"",""payloads_distinct"":true}"
mutation,H01-gcd.c,bf207a4afdd7e623be4bd0751bdc1917c0ee550af0f38c0531b25bb726d1710c,symbol,M19,extractor_prefix,extraction,MR13,Reordered extraction independence,preserve,False,True,before=b'Morph-0';intervening=b'Second-';after=b'Morph-0',0.146227,,False,"{""intervening_extraction"":true}"
mutation,H01-gcd.c,bf207a4afdd7e623be4bd0751bdc1917c0ee550af0f38c0531b25bb726d1710c,symbol,M19,extractor_prefix,extraction,MR14,Rebuild stability,preserve,False,True,first=b'Morph-0';second=b'Morph-0',0.134632,,False,"{""binary_bytes_equal"":true,""execution_order"":""build1-extract1-build2-extract2""}"
mutation,H01-gcd.c,bf207a4afdd7e623be4bd0751bdc1917c0ee550af0f38c0531b25bb726d1710c,symbol,M20,interleaved_collision,state,MR01,Round-trip fidelity,preserve,True,False,extracted=b'Morph-01',0.05999,,False,"{""build"":{""actual_compiler"":""gcc"",""actual_optimization"":""O2"",""binary"":""WORKDIR/symbol/M20/MR01/marked/build-01/artifact.bin"",""binary_sha256"":""7b713450f899744a0e9c1995e1ea83c762e52b3b03c45f82418d86193b6be1a1"",""carrier"":""symbol"",""command"":[""gcc"",""-std=c11"",""-fno-ident"",""-no-pie"",""-O2"",""WORKDIR/symbol/M20/MR01/marked/build-01/host.c"",""-o"",""WORKDIR/symbol/M20/MR01/marked/build-01/artifact.bin""],""effective_payload_hex"":""4d6f7270682d3031"",""key"":""key-alpha"",""mutant_id"":""M20"",""requested_compiler"":""gcc"",""requested_optimization"":""O2"",""requested_payload_hex"":""4d6f7270682d3031"",""return_code"":0,""source"":""WORKDIR/symbol/M20/MR01/marked/build-01/host.c"",""source_sha256"":""45e69a3841e4e8368c9380bdbc2f287b38fe1665811764759930b7957a59ce6a"",""stderr"":""""},""extracted_hex"":""4d6f7270682d3031""}"
mutation,H01-gcd.c,bf207a4afdd7e623be4bd0751bdc1917c0ee550af0f38c0531b25bb726d1710c,symbol,M20,interleaved_collision,state,MR02,Host-semantic preservation,preserve,True,False,mismatch_count=0,0.190309,,False,"{""mismatches"":[]}"
mutation,H01-gcd.c,bf207a4afdd7e623be4bd0751bdc1917c0ee550af0f38c0531b25bb726d1710c,symbol,M20,interleaved_collision,state,MR03,Unmarked rejection,reject,True,False,rejected:absent:watermark symbols not found,0.078437,,False,"{""unmarked_binary_sha256"":""17288de5d8ffc83b2223ee650ec19f96fa9b779f3eb45b8e2433c730b7a1e3e2""}"
mutation,H01-gcd.c,bf207a4afdd7e623be4bd0751bdc1917c0ee550af0f38c0531b25bb726d1710c,symbol,M20,interleaved_collision,state,MR04,Wrong-key rejection,reject,True,False,rejected:wrong-key:symbol key tag mismatch,0.074883,,False,"{""antecedent_guarded"":true,""antecedent_hex"":""4d6f7270682d3031""}"
mutation,H01-gcd.c,bf207a4afdd7e623be4bd0751bdc1917c0ee550af0f38c0531b25bb726d1710c,symbol,M20,interleaved_collision,state,MR05,Payload separation,separate,True,False,first=b'Morph-01';second=b'Second-2',0.145817,,False,"{""execution_order"":""sequential-builds-then-extract"",""first_hex"":""4d6f7270682d3031"",""second_hex"":""5365636f6e642d32""}"
mutation,H01-gcd.c,bf207a4afdd7e623be4bd0751bdc1917c0ee550af0f38c0531b25bb726d1710c,symbol,M20,interleaved_collision,state,MR06,Cross-compiler invariance,preserve,True,False,"payloads=b'Morph-01',b'Morph-01';semantic_equal=True",0.210542,,False,"{""clang_actual"":""clang"",""gcc_actual"":""gcc""}"
mutation,H01-gcd.c,bf207a4afdd7e623be4bd0751bdc1917c0ee550af0f38c0531b25bb726d1710c,symbol,M20,interleaved_collision,state,MR07,Optimization invariance,preserve,True,False,"payloads=['Morph-01', 'Morph-01', 'Morph-01'];semantic_equal=True",0.332606,,False,{}
mutation,H01-gcd.c,bf207a4afdd7e623be4bd0751bdc1917c0ee550af0f38c0531b25bb726d1710c,symbol,M20,interleaved_collision,state,MR08,Clean-room relocation,preserve,True,False,relocated=b'Morph-01',0.067729,,False,"{""clean_room_entries"":[""renamed-artifact.bin""],""relocated_hex"":""4d6f7270682d3031""}"
mutation,H01-gcd.c,bf207a4afdd7e623be4bd0751bdc1917c0ee550af0f38c0531b25bb726d1710c,symbol,M20,interleaved_collision,state,MR09,Carrier-removal rejection,reject,True,False,rejected:absent:watermark symbols not found,0.085025,,False,"{""antecedent_guarded"":true}"
mutation,H01-gcd.c,bf207a4afdd7e623be4bd0751bdc1917c0ee550af0f38c0531b25bb726d1710c,symbol,M20,interleaved_collision,state,MR10,Carrier-corruption rejection,reject,True,False,rejected:checksum:symbol payload checksum mismatch,0.073344,,False,"{""antecedent_guarded"":true}"
mutation,H01-gcd.c,bf207a4afdd7e623be4bd0751bdc1917c0ee550af0f38c0531b25bb726d1710c,symbol,M20,interleaved_collision,state,MR11,Requested/actual trace agreement,trace,True,False,requested=clang/Os;actual=clang/Os,0.105746,,False,"{""build"":{""actual_compiler"":""clang"",""actual_optimization"":""Os"",""binary"":""WORKDIR/symbol/M20/MR11/trace/build-01/artifact.bin"",""binary_sha256"":""25e0d918cd8ff7cc194ede1eb56d7dc89089e033832c65ca5cceab6c9faa446b"",""carrier"":""symbol"",""command"":[""clang"",""-std=c11"",""-fno-ident"",""-no-pie"",""-Os"",""WORKDIR/symbol/M20/MR11/trace/build-01/host.c"",""-o"",""WORKDIR/symbol/M20/MR11/trace/build-01/artifact.bin""],""effective_payload_hex"":""4d6f7270682d3031"",""key"":""key-alpha"",""mutant_id"":""M20"",""requested_compiler"":""clang"",""requested_optimization"":""Os"",""requested_payload_hex"":""4d6f7270682d3031"",""return_code"":0,""source"":""WORKDIR/symbol/M20/MR11/trace/build-01/host.c"",""source_sha256"":""45e69a3841e4e8368c9380bdbc2f287b38fe1665811764759930b7957a59ce6a"",""stderr"":""""}}"
mutation,H01-gcd.c,bf207a4afdd7e623be4bd0751bdc1917c0ee550af0f38c0531b25bb726d1710c,symbol,M20,interleaved_collision,state,MR12,Interleaved artifact isolation,separate,False,True,parallel_isolation_clause_violated,0.105134,,False,"{""aliasing_detected"":true,""both_expected"":false,""execution_order"":""overlapping-builds-then-extract"",""payloads_distinct"":false}"
mutation,H01-gcd.c,bf207a4afdd7e623be4bd0751bdc1917c0ee550af0f38c0531b25bb726d1710c,symbol,M20,interleaved_collision,state,MR13,Reordered extraction independence,preserve,True,False,before=b'Morph-01';intervening=b'Second-2';after=b'Morph-01',0.195982,,False,"{""intervening_extraction"":true}"
mutation,H01-gcd.c,bf207a4afdd7e623be4bd0751bdc1917c0ee550af0f38c0531b25bb726d1710c,symbol,M20,interleaved_collision,state,MR14,Rebuild stability,preserve,True,False,first=b'Morph-01';second=b'Morph-01',0.144412,,False,"{""binary_bytes_equal"":true,""execution_order"":""build1-extract1-build2-extract2""}"
mutation,H01-gcd.c,bf207a4afdd7e623be4bd0751bdc1917c0ee550af0f38c0531b25bb726d1710c,symbol,M21,alternate_compiler_corruption,configuration,MR01,Round-trip fidelity,preserve,True,False,extracted=b'Morph-01',0.050241,,False,"{""build"":{""actual_compiler"":""gcc"",""actual_optimization"":""O2"",""binary"":""WORKDIR/symbol/M21/MR01/marked/build-01/artifact.bin"",""binary_sha256"":""7b713450f899744a0e9c1995e1ea83c762e52b3b03c45f82418d86193b6be1a1"",""carrier"":""symbol"",""command"":[""gcc"",""-std=c11"",""-fno-ident"",""-no-pie"",""-O2"",""WORKDIR/symbol/M21/MR01/marked/build-01/host.c"",""-o"",""WORKDIR/symbol/M21/MR01/marked/build-01/artifact.bin""],""effective_payload_hex"":""4d6f7270682d3031"",""key"":""key-alpha"",""mutant_id"":""M21"",""requested_compiler"":""gcc"",""requested_optimization"":""O2"",""requested_payload_hex"":""4d6f7270682d3031"",""return_code"":0,""source"":""WORKDIR/symbol/M21/MR01/marked/build-01/host.c"",""source_sha256"":""45e69a3841e4e8368c9380bdbc2f287b38fe1665811764759930b7957a59ce6a"",""stderr"":""""},""extracted_hex"":""4d6f7270682d3031""}"
mutation,H01-gcd.c,bf207a4afdd7e623be4bd0751bdc1917c0ee550af0f38c0531b25bb726d1710c,symbol,M21,alternate_compiler_corruption,configuration,MR02,Host-semantic preservation,preserve,True,False,mismatch_count=0,0.201378,,False,"{""mismatches"":[]}"
mutation,H01-gcd.c,bf207a4afdd7e623be4bd0751bdc1917c0ee550af0f38c0531b25bb726d1710c,symbol,M21,alternate_compiler_corruption,configuration,MR03,Unmarked rejection,reject,True,False,rejected:absent:watermark symbols not found,0.082716,,False,"{""unmarked_binary_sha256"":""17288de5d8ffc83b2223ee650ec19f96fa9b779f3eb45b8e2433c730b7a1e3e2""}"
mutation,H01-gcd.c,bf207a4afdd7e623be4bd0751bdc1917c0ee550af0f38c0531b25bb726d1710c,symbol,M21,alternate_compiler_corruption,configuration,MR04,Wrong-key rejection,reject,True,False,rejected:wrong-key:symbol key tag mismatch,0.066257,,False,"{""antecedent_guarded"":true,""antecedent_hex"":""4d6f7270682d3031""}"
mutation,H01-gcd.c,bf207a4afdd7e623be4bd0751bdc1917c0ee550af0f38c0531b25bb726d1710c,symbol,M21,alternate_compiler_corruption,configuration,MR05,Payload separation,separate,True,False,first=b'Morph-01';second=b'Second-2',0.106631,,False,"{""execution_order"":""sequential-builds-then-extract"",""first_hex"":""4d6f7270682d3031"",""second_hex"":""5365636f6e642d32""}"
mutation,H01-gcd.c,bf207a4afdd7e623be4bd0751bdc1917c0ee550af0f38c0531b25bb726d1710c,symbol,M21,alternate_compiler_corruption,configuration,MR06,Cross-compiler invariance,preserve,False,True,"payloads=b'Morph-01',b'Lorph-01';semantic_equal=True",0.19409,,False,"{""clang_actual"":""clang"",""gcc_actual"":""gcc""}"
mutation,H01-gcd.c,bf207a4afdd7e623be4bd0751bdc1917c0ee550af0f38c0531b25bb726d1710c,symbol,M21,alternate_compiler_corruption,configuration,MR07,Optimization invariance,preserve,True,False,"payloads=['Morph-01', 'Morph-01', 'Morph-01'];semantic_equal=True",0.270775,,False,{}
mutation,H01-gcd.c,bf207a4afdd7e623be4bd0751bdc1917c0ee550af0f38c0531b25bb726d1710c,symbol,M21,alternate_compiler_corruption,configuration,MR08,Clean-room relocation,preserve,True,False,relocated=b'Morph-01',0.070484,,False,"{""clean_room_entries"":[""renamed-artifact.bin""],""relocated_hex"":""4d6f7270682d3031""}"
mutation,H01-gcd.c,bf207a4afdd7e623be4bd0751bdc1917c0ee550af0f38c0531b25bb726d1710c,symbol,M21,alternate_compiler_corruption,configuration,MR09,Carrier-removal rejection,reject,True,False,rejected:absent:watermark symbols not found,0.146032,,False,"{""antecedent_guarded"":true}"
mutation,H01-gcd.c,bf207a4afdd7e623be4bd0751bdc1917c0ee550af0f38c0531b25bb726d1710c,symbol,M21,alternate_compiler_corruption,configuration,MR10,Carrier-corruption rejection,reject,True,False,rejected:checksum:symbol payload checksum mismatch,0.106856,,False,"{""antecedent_guarded"":true}"
mutation,H01-gcd.c,bf207a4afdd7e623be4bd0751bdc1917c0ee550af0f38c0531b25bb726d1710c,symbol,M21,alternate_compiler_corruption,configuration,MR11,Requested/actual trace agreement,trace,True,False,requested=clang/Os;actual=clang/Os,0.090387,,False,"{""build"":{""actual_compiler"":""clang"",""actual_optimization"":""Os"",""binary"":""WORKDIR/symbol/M21/MR11/trace/build-01/artifact.bin"",""binary_sha256"":""660b873dd17c9254a19706c1457a4074f3feda7230fd407f9f67f505cd94b949"",""carrier"":""symbol"",""command"":[""clang"",""-std=c11"",""-fno-ident"",""-no-pie"",""-Os"",""WORKDIR/symbol/M21/MR11/trace/build-01/host.c"",""-o"",""WORKDIR/symbol/M21/MR11/trace/build-01/artifact.bin""],""effective_payload_hex"":""4c6f7270682d3031"",""key"":""key-alpha"",""mutant_id"":""M21"",""requested_compiler"":""clang"",""requested_optimization"":""Os"",""requested_payload_hex"":""4d6f7270682d3031"",""return_code"":0,""source"":""WORKDIR/symbol/M21/MR11/trace/build-01/host.c"",""source_sha256"":""e5c4aab85d2d107c876f5440efa877ef9181f2c35916444fda9a4d1c3e330e05"",""stderr"":""""}}"
mutation,H01-gcd.c,bf207a4afdd7e623be4bd0751bdc1917c0ee550af0f38c0531b25bb726d1710c,symbol,M21,alternate_compiler_corruption,configuration,MR12,Interleaved artifact isolation,separate,True,False,parallel_isolation_satisfied,0.119312,,False,"{""aliasing_detected"":false,""both_expected"":true,""execution_order"":""overlapping-builds-then-extract"",""payloads_distinct"":true}"
mutation,H01-gcd.c,bf207a4afdd7e623be4bd0751bdc1917c0ee550af0f38c0531b25bb726d1710c,symbol,M21,alternate_compiler_corruption,configuration,MR13,Reordered extraction independence,preserve,True,False,before=b'Morph-01';intervening=b'Second-2';after=b'Morph-01',0.187088,,False,"{""intervening_extraction"":true}"
mutation,H01-gcd.c,bf207a4afdd7e623be4bd0751bdc1917c0ee550af0f38c0531b25bb726d1710c,symbol,M21,alternate_compiler_corruption,configuration,MR14,Rebuild stability,preserve,True,False,first=b'Morph-01';second=b'Morph-01',0.117891,,False,"{""binary_bytes_equal"":true,""execution_order"":""build1-extract1-build2-extract2""}"
mutation,H01-gcd.c,bf207a4afdd7e623be4bd0751bdc1917c0ee550af0f38c0531b25bb726d1710c,symbol,M22,size_optimization_corruption,configuration,MR01,Round-trip fidelity,preserve,True,False,extracted=b'Morph-01',0.054311,,False,"{""build"":{""actual_compiler"":""gcc"",""actual_optimization"":""O2"",""binary"":""WORKDIR/symbol/M22/MR01/marked/build-01/artifact.bin"",""binary_sha256"":""7b713450f899744a0e9c1995e1ea83c762e52b3b03c45f82418d86193b6be1a1"",""carrier"":""symbol"",""command"":[""gcc"",""-std=c11"",""-fno-ident"",""-no-pie"",""-O2"",""WORKDIR/symbol/M22/MR01/marked/build-01/host.c"",""-o"",""WORKDIR/symbol/M22/MR01/marked/build-01/artifact.bin""],""effective_payload_hex"":""4d6f7270682d3031"",""key"":""key-alpha"",""mutant_id"":""M22"",""requested_compiler"":""gcc"",""requested_optimization"":""O2"",""requested_payload_hex"":""4d6f7270682d3031"",""return_code"":0,""source"":""WORKDIR/symbol/M22/MR01/marked/build-01/host.c"",""source_sha256"":""45e69a3841e4e8368c9380bdbc2f287b38fe1665811764759930b7957a59ce6a"",""stderr"":""""},""extracted_hex"":""4d6f7270682d3031""}"
mutation,H01-gcd.c,bf207a4afdd7e623be4bd0751bdc1917c0ee550af0f38c0531b25bb726d1710c,symbol,M22,size_optimization_corruption,configuration,MR02,Host-semantic preservation,preserve,True,False,mismatch_count=0,0.138458,,False,"{""mismatches"":[]}"
mutation,H01-gcd.c,bf207a4afdd7e623be4bd0751bdc1917c0ee550af0f38c0531b25bb726d1710c,symbol,M22,size_optimization_corruption,configuration,MR03,Unmarked rejection,reject,True,False,rejected:absent:watermark symbols not found,0.090717,,False,"{""unmarked_binary_sha256"":""17288de5d8ffc83b2223ee650ec19f96fa9b779f3eb45b8e2433c730b7a1e3e2""}"
mutation,H01-gcd.c,bf207a4afdd7e623be4bd0751bdc1917c0ee550af0f38c0531b25bb726d1710c,symbol,M22,size_optimization_corruption,configuration,MR04,Wrong-key rejection,reject,True,False,rejected:wrong-key:symbol key tag mismatch,0.083781,,False,"{""antecedent_guarded"":true,""antecedent_hex"":""4d6f7270682d3031""}"
mutation,H01-gcd.c,bf207a4afdd7e623be4bd0751bdc1917c0ee550af0f38c0531b25bb726d1710c,symbol,M22,size_optimization_corruption,configuration,MR05,Payload separation,separate,True,False,first=b'Morph-01';second=b'Second-2',0.185071,,False,"{""execution_order"":""sequential-builds-then-extract"",""first_hex"":""4d6f7270682d3031"",""second_hex"":""5365636f6e642d32""}"
mutation,H01-gcd.c,bf207a4afdd7e623be4bd0751bdc1917c0ee550af0f38c0531b25bb726d1710c,symbol,M22,size_optimization_corruption,configuration,MR06,Cross-compiler invariance,preserve,True,False,"payloads=b'Morph-01',b'Morph-01';semantic_equal=True",0.216378,,False,"{""clang_actual"":""clang"",""gcc_actual"":""gcc""}"
mutation,H01-gcd.c,bf207a4afdd7e623be4bd0751bdc1917c0ee550af0f38c0531b25bb726d1710c,symbol,M22,size_optimization_corruption,configuration,MR07,Optimization invariance,preserve,False,True,"payloads=['Morph-01', 'Morph-01', 'Lorph-01'];semantic_equal=True",0.279313,,False,{}
mutation,H01-gcd.c,bf207a4afdd7e623be4bd0751bdc1917c0ee550af0f38c0531b25bb726d1710c,symbol,M22,size_optimization_corruption,configuration,MR08,Clean-room relocation,preserve,True,False,relocated=b'Morph-01',0.066083,,False,"{""clean_room_entries"":[""renamed-artifact.bin""],""relocated_hex"":""4d6f7270682d3031""}"
mutation,H01-gcd.c,bf207a4afdd7e623be4bd0751bdc1917c0ee550af0f38c0531b25bb726d1710c,symbol,M22,size_optimization_corruption,configuration,MR09,Carrier-removal rejection,reject,True,False,rejected:absent:watermark symbols not found,0.057259,,False,"{""antecedent_guarded"":true}"
mutation,H01-gcd.c,bf207a4afdd7e623be4bd0751bdc1917c0ee550af0f38c0531b25bb726d1710c,symbol,M22,size_optimization_corruption,configuration,MR10,Carrier-corruption rejection,reject,True,False,rejected:checksum:symbol payload checksum mismatch,0.059947,,False,"{""antecedent_guarded"":true}"
mutation,H01-gcd.c,bf207a4afdd7e623be4bd0751bdc1917c0ee550af0f38c0531b25bb726d1710c,symbol,M22,size_optimization_corruption,configuration,MR11,Requested/actual trace agreement,trace,True,False,requested=clang/Os;actual=clang/Os,0.050506,,False,"{""build"":{""actual_compiler"":""clang"",""actual_optimization"":""Os"",""binary"":""WORKDIR/symbol/M22/MR11/trace/build-01/artifact.bin"",""binary_sha256"":""660b873dd17c9254a19706c1457a4074f3feda7230fd407f9f67f505cd94b949"",""carrier"":""symbol"",""command"":[""clang"",""-std=c11"",""-fno-ident"",""-no-pie"",""-Os"",""WORKDIR/symbol/M22/MR11/trace/build-01/host.c"",""-o"",""WORKDIR/symbol/M22/MR11/trace/build-01/artifact.bin""],""effective_payload_hex"":""4c6f7270682d3031"",""key"":""key-alpha"",""mutant_id"":""M22"",""requested_compiler"":""clang"",""requested_optimization"":""Os"",""requested_payload_hex"":""4d6f7270682d3031"",""return_code"":0,""source"":""WORKDIR/symbol/M22/MR11/trace/build-01/host.c"",""source_sha256"":""e5c4aab85d2d107c876f5440efa877ef9181f2c35916444fda9a4d1c3e330e05"",""stderr"":""""}}"
mutation,H01-gcd.c,bf207a4afdd7e623be4bd0751bdc1917c0ee550af0f38c0531b25bb726d1710c,symbol,M22,size_optimization_corruption,configuration,MR12,Interleaved artifact isolation,separate,True,False,parallel_isolation_satisfied,0.09131,,False,"{""aliasing_detected"":false,""both_expected"":true,""execution_order"":""overlapping-builds-then-extract"",""payloads_distinct"":true}"
mutation,H01-gcd.c,bf207a4afdd7e623be4bd0751bdc1917c0ee550af0f38c0531b25bb726d1710c,symbol,M22,size_optimization_corruption,configuration,MR13,Reordered extraction independence,preserve,True,False,before=b'Morph-01';intervening=b'Second-2';after=b'Morph-01',0.171283,,False,"{""intervening_extraction"":true}"
mutation,H01-gcd.c,bf207a4afdd7e623be4bd0751bdc1917c0ee550af0f38c0531b25bb726d1710c,symbol,M22,size_optimization_corruption,configuration,MR14,Rebuild stability,preserve,True,False,first=b'Morph-01';second=b'Morph-01',0.138374,,False,"{""binary_bytes_equal"":true,""execution_order"":""build1-extract1-build2-extract2""}"
mutation,H01-gcd.c,bf207a4afdd7e623be4bd0751bdc1917c0ee550af0f38c0531b25bb726d1710c,symbol,M23,revisit_state_contamination,state,MR01,Round-trip fidelity,preserve,True,False,extracted=b'Morph-01',0.07464,,False,"{""build"":{""actual_compiler"":""gcc"",""actual_optimization"":""O2"",""binary"":""WORKDIR/symbol/M23/MR01/marked/build-01/artifact.bin"",""binary_sha256"":""7b713450f899744a0e9c1995e1ea83c762e52b3b03c45f82418d86193b6be1a1"",""carrier"":""symbol"",""command"":[""gcc"",""-std=c11"",""-fno-ident"",""-no-pie"",""-O2"",""WORKDIR/symbol/M23/MR01/marked/build-01/host.c"",""-o"",""WORKDIR/symbol/M23/MR01/marked/build-01/artifact.bin""],""effective_payload_hex"":""4d6f7270682d3031"",""key"":""key-alpha"",""mutant_id"":""M23"",""requested_compiler"":""gcc"",""requested_optimization"":""O2"",""requested_payload_hex"":""4d6f7270682d3031"",""return_code"":0,""source"":""WORKDIR/symbol/M23/MR01/marked/build-01/host.c"",""source_sha256"":""45e69a3841e4e8368c9380bdbc2f287b38fe1665811764759930b7957a59ce6a"",""stderr"":""""},""extracted_hex"":""4d6f7270682d3031""}"
mutation,H01-gcd.c,bf207a4afdd7e623be4bd0751bdc1917c0ee550af0f38c0531b25bb726d1710c,symbol,M23,revisit_state_contamination,state,MR02,Host-semantic preservation,preserve,True,False,mismatch_count=0,0.195068,,False,"{""mismatches"":[]}"
mutation,H01-gcd.c,bf207a4afdd7e623be4bd0751bdc1917c0ee550af0f38c0531b25bb726d1710c,symbol,M23,revisit_state_contamination,state,MR03,Unmarked rejection,reject,True,False,rejected:absent:watermark symbols not found,0.093607,,False,"{""unmarked_binary_sha256"":""17288de5d8ffc83b2223ee650ec19f96fa9b779f3eb45b8e2433c730b7a1e3e2""}"
mutation,H01-gcd.c,bf207a4afdd7e623be4bd0751bdc1917c0ee550af0f38c0531b25bb726d1710c,symbol,M23,revisit_state_contamination,state,MR04,Wrong-key rejection,reject,True,False,rejected:wrong-key:symbol key tag mismatch,0.069777,,False,"{""antecedent_guarded"":true,""antecedent_hex"":""4d6f7270682d3031""}"
mutation,H01-gcd.c,bf207a4afdd7e623be4bd0751bdc1917c0ee550af0f38c0531b25bb726d1710c,symbol,M23,revisit_state_contamination,state,MR05,Payload separation,separate,True,False,first=b'Morph-01';second=b'Second-2',0.206677,,False,"{""execution_order"":""sequential-builds-then-extract"",""first_hex"":""4d6f7270682d3031"",""second_hex"":""5365636f6e642d32""}"
mutation,H01-gcd.c,bf207a4afdd7e623be4bd0751bdc1917c0ee550af0f38c0531b25bb726d1710c,symbol,M23,revisit_state_contamination,state,MR06,Cross-compiler invariance,preserve,True,False,"payloads=b'Morph-01',b'Morph-01';semantic_equal=True",0.181657,,False,"{""clang_actual"":""clang"",""gcc_actual"":""gcc""}"
mutation,H01-gcd.c,bf207a4afdd7e623be4bd0751bdc1917c0ee550af0f38c0531b25bb726d1710c,symbol,M23,revisit_state_contamination,state,MR07,Optimization invariance,preserve,True,False,"payloads=['Morph-01', 'Morph-01', 'Morph-01'];semantic_equal=True",0.243468,,False,{}
mutation,H01-gcd.c,bf207a4afdd7e623be4bd0751bdc1917c0ee550af0f38c0531b25bb726d1710c,symbol,M23,revisit_state_contamination,state,MR08,Clean-room relocation,preserve,True,False,relocated=b'Morph-01',0.085331,,False,"{""clean_room_entries"":[""renamed-artifact.bin""],""relocated_hex"":""4d6f7270682d3031""}"
mutation,H01-gcd.c,bf207a4afdd7e623be4bd0751bdc1917c0ee550af0f38c0531b25bb726d1710c,symbol,M23,revisit_state_contamination,state,MR09,Carrier-removal rejection,reject,True,False,rejected:absent:watermark symbols not found,0.095196,,False,"{""antecedent_guarded"":true}"
mutation,H01-gcd.c,bf207a4afdd7e623be4bd0751bdc1917c0ee550af0f38c0531b25bb726d1710c,symbol,M23,revisit_state_contamination,state,MR10,Carrier-corruption rejection,reject,True,False,rejected:checksum:symbol payload checksum mismatch,0.101048,,False,"{""antecedent_guarded"":true}"
mutation,H01-gcd.c,bf207a4afdd7e623be4bd0751bdc1917c0ee550af0f38c0531b25bb726d1710c,symbol,M23,revisit_state_contamination,state,MR11,Requested/actual trace agreement,trace,True,False,requested=clang/Os;actual=clang/Os,0.088468,,False,"{""build"":{""actual_compiler"":""clang"",""actual_optimization"":""Os"",""binary"":""WORKDIR/symbol/M23/MR11/trace/build-01/artifact.bin"",""binary_sha256"":""25e0d918cd8ff7cc194ede1eb56d7dc89089e033832c65ca5cceab6c9faa446b"",""carrier"":""symbol"",""command"":[""clang"",""-std=c11"",""-fno-ident"",""-no-pie"",""-Os"",""WORKDIR/symbol/M23/MR11/trace/build-01/host.c"",""-o"",""WORKDIR/symbol/M23/MR11/trace/build-01/artifact.bin""],""effective_payload_hex"":""4d6f7270682d3031"",""key"":""key-alpha"",""mutant_id"":""M23"",""requested_compiler"":""clang"",""requested_optimization"":""Os"",""requested_payload_hex"":""4d6f7270682d3031"",""return_code"":0,""source"":""WORKDIR/symbol/M23/MR11/trace/build-01/host.c"",""source_sha256"":""45e69a3841e4e8368c9380bdbc2f287b38fe1665811764759930b7957a59ce6a"",""stderr"":""""}}"
mutation,H01-gcd.c,bf207a4afdd7e623be4bd0751bdc1917c0ee550af0f38c0531b25bb726d1710c,symbol,M23,revisit_state_contamination,state,MR12,Interleaved artifact isolation,separate,True,False,parallel_isolation_satisfied,0.094831,,False,"{""aliasing_detected"":false,""both_expected"":true,""execution_order"":""overlapping-builds-then-extract"",""payloads_distinct"":true}"
mutation,H01-gcd.c,bf207a4afdd7e623be4bd0751bdc1917c0ee550af0f38c0531b25bb726d1710c,symbol,M23,revisit_state_contamination,state,MR13,Reordered extraction independence,preserve,False,True,before=b'Morph-01';intervening=b'Second-2';after=b'Second-2',0.174272,,False,"{""intervening_extraction"":true}"
mutation,H01-gcd.c,bf207a4afdd7e623be4bd0751bdc1917c0ee550af0f38c0531b25bb726d1710c,symbol,M23,revisit_state_contamination,state,MR14,Rebuild stability,preserve,True,False,first=b'Morph-01';second=b'Morph-01',0.137935,,False,"{""binary_bytes_equal"":true,""execution_order"":""build1-extract1-build2-extract2""}"
mutation,H01-gcd.c,bf207a4afdd7e623be4bd0751bdc1917c0ee550af0f38c0531b25bb726d1710c,symbol,M24,second_identical_build_corruption,state,MR01,Round-trip fidelity,preserve,True,False,extracted=b'Morph-01',0.085962,,False,"{""build"":{""actual_compiler"":""gcc"",""actual_optimization"":""O2"",""binary"":""WORKDIR/symbol/M24/MR01/marked/build-01/artifact.bin"",""binary_sha256"":""7b713450f899744a0e9c1995e1ea83c762e52b3b03c45f82418d86193b6be1a1"",""carrier"":""symbol"",""command"":[""gcc"",""-std=c11"",""-fno-ident"",""-no-pie"",""-O2"",""WORKDIR/symbol/M24/MR01/marked/build-01/host.c"",""-o"",""WORKDIR/symbol/M24/MR01/marked/build-01/artifact.bin""],""effective_payload_hex"":""4d6f7270682d3031"",""key"":""key-alpha"",""mutant_id"":""M24"",""requested_compiler"":""gcc"",""requested_optimization"":""O2"",""requested_payload_hex"":""4d6f7270682d3031"",""return_code"":0,""source"":""WORKDIR/symbol/M24/MR01/marked/build-01/host.c"",""source_sha256"":""45e69a3841e4e8368c9380bdbc2f287b38fe1665811764759930b7957a59ce6a"",""stderr"":""""},""extracted_hex"":""4d6f7270682d3031""}"
mutation,H01-gcd.c,bf207a4afdd7e623be4bd0751bdc1917c0ee550af0f38c0531b25bb726d1710c,symbol,M24,second_identical_build_corruption,state,MR02,Host-semantic preservation,preserve,True,False,mismatch_count=0,0.157401,,False,"{""mismatches"":[]}"
mutation,H01-gcd.c,bf207a4afdd7e623be4bd0751bdc1917c0ee550af0f38c0531b25bb726d1710c,symbol,M24,second_identical_build_corruption,state,MR03,Unmarked rejection,reject,True,False,rejected:absent:watermark symbols not found,0.065214,,False,"{""unmarked_binary_sha256"":""17288de5d8ffc83b2223ee650ec19f96fa9b779f3eb45b8e2433c730b7a1e3e2""}"
mutation,H01-gcd.c,bf207a4afdd7e623be4bd0751bdc1917c0ee550af0f38c0531b25bb726d1710c,symbol,M24,second_identical_build_corruption,state,MR04,Wrong-key rejection,reject,True,False,rejected:wrong-key:symbol key tag mismatch,0.084619,,False,"{""antecedent_guarded"":true,""antecedent_hex"":""4d6f7270682d3031""}"
mutation,H01-gcd.c,bf207a4afdd7e623be4bd0751bdc1917c0ee550af0f38c0531b25bb726d1710c,symbol,M24,second_identical_build_corruption,state,MR05,Payload separation,separate,True,False,first=b'Morph-01';second=b'Second-2',0.156875,,False,"{""execution_order"":""sequential-builds-then-extract"",""first_hex"":""4d6f7270682d3031"",""second_hex"":""5365636f6e642d32""}"
mutation,H01-gcd.c,bf207a4afdd7e623be4bd0751bdc1917c0ee550af0f38c0531b25bb726d1710c,symbol,M24,second_identical_build_corruption,state,MR06,Cross-compiler invariance,preserve,True,False,"payloads=b'Morph-01',b'Morph-01';semantic_equal=True",0.240961,,False,"{""clang_actual"":""clang"",""gcc_actual"":""gcc""}"
mutation,H01-gcd.c,bf207a4afdd7e623be4bd0751bdc1917c0ee550af0f38c0531b25bb726d1710c,symbol,M24,second_identical_build_corruption,state,MR07,Optimization invariance,preserve,True,False,"payloads=['Morph-01', 'Morph-01', 'Morph-01'];semantic_equal=True",0.241075,,False,{}
mutation,H01-gcd.c,bf207a4afdd7e623be4bd0751bdc1917c0ee550af0f38c0531b25bb726d1710c,symbol,M24,second_identical_build_corruption,state,MR08,Clean-room relocation,preserve,True,False,relocated=b'Morph-01',0.09331,,False,"{""clean_room_entries"":[""renamed-artifact.bin""],""relocated_hex"":""4d6f7270682d3031""}"
mutation,H01-gcd.c,bf207a4afdd7e623be4bd0751bdc1917c0ee550af0f38c0531b25bb726d1710c,symbol,M24,second_identical_build_corruption,state,MR09,Carrier-removal rejection,reject,True,False,rejected:absent:watermark symbols not found,0.107461,,False,"{""antecedent_guarded"":true}"
mutation,H01-gcd.c,bf207a4afdd7e623be4bd0751bdc1917c0ee550af0f38c0531b25bb726d1710c,symbol,M24,second_identical_build_corruption,state,MR10,Carrier-corruption rejection,reject,True,False,rejected:checksum:symbol payload checksum mismatch,0.152461,,False,"{""antecedent_guarded"":true}"
mutation,H01-gcd.c,bf207a4afdd7e623be4bd0751bdc1917c0ee550af0f38c0531b25bb726d1710c,symbol,M24,second_identical_build_corruption,state,MR11,Requested/actual trace agreement,trace,True,False,requested=clang/Os;actual=clang/Os,0.071104,,False,"{""build"":{""actual_compiler"":""clang"",""actual_optimization"":""Os"",""binary"":""WORKDIR/symbol/M24/MR11/trace/build-01/artifact.bin"",""binary_sha256"":""25e0d918cd8ff7cc194ede1eb56d7dc89089e033832c65ca5cceab6c9faa446b"",""carrier"":""symbol"",""command"":[""clang"",""-std=c11"",""-fno-ident"",""-no-pie"",""-Os"",""WORKDIR/symbol/M24/MR11/trace/build-01/host.c"",""-o"",""WORKDIR/symbol/M24/MR11/trace/build-01/artifact.bin""],""effective_payload_hex"":""4d6f7270682d3031"",""key"":""key-alpha"",""mutant_id"":""M24"",""requested_compiler"":""clang"",""requested_optimization"":""Os"",""requested_payload_hex"":""4d6f7270682d3031"",""return_code"":0,""source"":""WORKDIR/symbol/M24/MR11/trace/build-01/host.c"",""source_sha256"":""45e69a3841e4e8368c9380bdbc2f287b38fe1665811764759930b7957a59ce6a"",""stderr"":""""}}"
mutation,H01-gcd.c,bf207a4afdd7e623be4bd0751bdc1917c0ee550af0f38c0531b25bb726d1710c,symbol,M24,second_identical_build_corruption,state,MR12,Interleaved artifact isolation,separate,True,False,parallel_isolation_satisfied,0.102779,,False,"{""aliasing_detected"":false,""both_expected"":true,""execution_order"":""overlapping-builds-then-extract"",""payloads_distinct"":true}"
mutation,H01-gcd.c,bf207a4afdd7e623be4bd0751bdc1917c0ee550af0f38c0531b25bb726d1710c,symbol,M24,second_identical_build_corruption,state,MR13,Reordered extraction independence,preserve,True,False,before=b'Morph-01';intervening=b'Second-2';after=b'Morph-01',0.172289,,False,"{""intervening_extraction"":true}"
mutation,H01-gcd.c,bf207a4afdd7e623be4bd0751bdc1917c0ee550af0f38c0531b25bb726d1710c,symbol,M24,second_identical_build_corruption,state,MR14,Rebuild stability,preserve,False,True,first=b'Morph-01';second=b'Lorph-01',0.160608,,False,"{""binary_bytes_equal"":false,""execution_order"":""build1-extract1-build2-extract2""}"
clean_catalog,H01-gcd.c,bf207a4afdd7e623be4bd0751bdc1917c0ee550af0f38c0531b25bb726d1710c,section,CLEAN,clean,clean,MR01,Round-trip fidelity,preserve,True,False,extracted=b'Morph-01',0.093912,,False,"{""build"":{""actual_compiler"":""gcc"",""actual_optimization"":""O2"",""binary"":""WORKDIR/section/CLEAN/MR01/marked/build-01/artifact.bin"",""binary_sha256"":""63cbeff2b0785d492761ce367639a8bbc8e94ddb2cfe720778f8bd6177d67b85"",""carrier"":""section"",""command"":[""gcc"",""-std=c11"",""-fno-ident"",""-no-pie"",""-O2"",""WORKDIR/section/CLEAN/MR01/marked/build-01/host.c"",""-o"",""WORKDIR/section/CLEAN/MR01/marked/build-01/artifact.bin""],""effective_payload_hex"":""4d6f7270682d3031"",""key"":""key-alpha"",""mutant_id"":""CLEAN"",""requested_compiler"":""gcc"",""requested_optimization"":""O2"",""requested_payload_hex"":""4d6f7270682d3031"",""return_code"":0,""source"":""WORKDIR/section/CLEAN/MR01/marked/build-01/host.c"",""source_sha256"":""bf207a4afdd7e623be4bd0751bdc1917c0ee550af0f38c0531b25bb726d1710c"",""stderr"":""""},""extracted_hex"":""4d6f7270682d3031""}"
clean_catalog,H01-gcd.c,bf207a4afdd7e623be4bd0751bdc1917c0ee550af0f38c0531b25bb726d1710c,section,CLEAN,clean,clean,MR02,Host-semantic preservation,preserve,True,False,mismatch_count=0,0.162447,,False,"{""mismatches"":[]}"
clean_catalog,H01-gcd.c,bf207a4afdd7e623be4bd0751bdc1917c0ee550af0f38c0531b25bb726d1710c,section,CLEAN,clean,clean,MR03,Unmarked rejection,reject,True,False,rejected:absent:custom section .wmrec not found,0.064765,,False,"{""unmarked_binary_sha256"":""17288de5d8ffc83b2223ee650ec19f96fa9b779f3eb45b8e2433c730b7a1e3e2""}"
clean_catalog,H01-gcd.c,bf207a4afdd7e623be4bd0751bdc1917c0ee550af0f38c0531b25bb726d1710c,section,CLEAN,clean,clean,MR04,Wrong-key rejection,reject,True,False,rejected:wrong-key:key tag mismatch,0.049888,,False,"{""antecedent_guarded"":true,""antecedent_hex"":""4d6f7270682d3031""}"
clean_catalog,H01-gcd.c,bf207a4afdd7e623be4bd0751bdc1917c0ee550af0f38c0531b25bb726d1710c,section,CLEAN,clean,clean,MR05,Payload separation,separate,True,False,first=b'Morph-01';second=b'Second-2',0.173663,,False,"{""execution_order"":""sequential-builds-then-extract"",""first_hex"":""4d6f7270682d3031"",""second_hex"":""5365636f6e642d32""}"
clean_catalog,H01-gcd.c,bf207a4afdd7e623be4bd0751bdc1917c0ee550af0f38c0531b25bb726d1710c,section,CLEAN,clean,clean,MR06,Cross-compiler invariance,preserve,True,False,"payloads=b'Morph-01',b'Morph-01';semantic_equal=True",0.210752,,False,"{""clang_actual"":""clang"",""gcc_actual"":""gcc""}"
clean_catalog,H01-gcd.c,bf207a4afdd7e623be4bd0751bdc1917c0ee550af0f38c0531b25bb726d1710c,section,CLEAN,clean,clean,MR07,Optimization invariance,preserve,True,False,"payloads=['Morph-01', 'Morph-01', 'Morph-01'];semantic_equal=True",0.26914,,False,{}
clean_catalog,H01-gcd.c,bf207a4afdd7e623be4bd0751bdc1917c0ee550af0f38c0531b25bb726d1710c,section,CLEAN,clean,clean,MR08,Clean-room relocation,preserve,True,False,relocated=b'Morph-01',0.100749,,False,"{""clean_room_entries"":[""renamed-artifact.bin""],""relocated_hex"":""4d6f7270682d3031""}"
clean_catalog,H01-gcd.c,bf207a4afdd7e623be4bd0751bdc1917c0ee550af0f38c0531b25bb726d1710c,section,CLEAN,clean,clean,MR09,Carrier-removal rejection,reject,True,False,rejected:absent:custom section .wmrec not found,0.100246,,False,"{""antecedent_guarded"":true}"
clean_catalog,H01-gcd.c,bf207a4afdd7e623be4bd0751bdc1917c0ee550af0f38c0531b25bb726d1710c,section,CLEAN,clean,clean,MR10,Carrier-corruption rejection,reject,True,False,rejected:checksum:payload checksum mismatch,0.063715,,False,"{""antecedent_guarded"":true}"
clean_catalog,H01-gcd.c,bf207a4afdd7e623be4bd0751bdc1917c0ee550af0f38c0531b25bb726d1710c,section,CLEAN,clean,clean,MR11,Requested/actual trace agreement,trace,True,False,requested=clang/Os;actual=clang/Os,0.059245,,False,"{""build"":{""actual_compiler"":""clang"",""actual_optimization"":""Os"",""binary"":""WORKDIR/section/CLEAN/MR11/trace/build-01/artifact.bin"",""binary_sha256"":""d5d8525397dedc90fa4792ce87b67efca4a48048626cb76d2fe61da67d4f779a"",""carrier"":""section"",""command"":[""clang"",""-std=c11"",""-fno-ident"",""-no-pie"",""-Os"",""WORKDIR/section/CLEAN/MR11/trace/build-01/host.c"",""-o"",""WORKDIR/section/CLEAN/MR11/trace/build-01/artifact.bin""],""effective_payload_hex"":""4d6f7270682d3031"",""key"":""key-alpha"",""mutant_id"":""CLEAN"",""requested_compiler"":""clang"",""requested_optimization"":""Os"",""requested_payload_hex"":""4d6f7270682d3031"",""return_code"":0,""source"":""WORKDIR/section/CLEAN/MR11/trace/build-01/host.c"",""source_sha256"":""bf207a4afdd7e623be4bd0751bdc1917c0ee550af0f38c0531b25bb726d1710c"",""stderr"":""""}}"
clean_catalog,H01-gcd.c,bf207a4afdd7e623be4bd0751bdc1917c0ee550af0f38c0531b25bb726d1710c,section,CLEAN,clean,clean,MR12,Interleaved artifact isolation,separate,True,False,parallel_isolation_satisfied,0.10499,,False,"{""aliasing_detected"":false,""both_expected"":true,""execution_order"":""overlapping-builds-then-extract"",""payloads_distinct"":true}"
clean_catalog,H01-gcd.c,bf207a4afdd7e623be4bd0751bdc1917c0ee550af0f38c0531b25bb726d1710c,section,CLEAN,clean,clean,MR13,Reordered extraction independence,preserve,True,False,before=b'Morph-01';intervening=b'Second-2';after=b'Morph-01',0.14299,,False,"{""intervening_extraction"":true}"
clean_catalog,H01-gcd.c,bf207a4afdd7e623be4bd0751bdc1917c0ee550af0f38c0531b25bb726d1710c,section,CLEAN,clean,clean,MR14,Rebuild stability,preserve,True,False,first=b'Morph-01';second=b'Morph-01',0.164453,,False,"{""binary_bytes_equal"":true,""execution_order"":""build1-extract1-build2-extract2""}"
mutation,H01-gcd.c,bf207a4afdd7e623be4bd0751bdc1917c0ee550af0f38c0531b25bb726d1710c,section,M01,embed_noop,embedding,MR01,Round-trip fidelity,preserve,False,True,exception:ExtractionError:custom section .wmrec not found,0.071969,ExtractionError,False,{}
mutation,H01-gcd.c,bf207a4afdd7e623be4bd0751bdc1917c0ee550af0f38c0531b25bb726d1710c,section,M01,embed_noop,embedding,MR02,Host-semantic preservation,preserve,True,False,mismatch_count=0,0.15864,,False,"{""mismatches"":[]}"
mutation,H01-gcd.c,bf207a4afdd7e623be4bd0751bdc1917c0ee550af0f38c0531b25bb726d1710c,section,M01,embed_noop,embedding,MR03,Unmarked rejection,reject,True,False,rejected:absent:custom section .wmrec not found,0.086524,,False,"{""unmarked_binary_sha256"":""17288de5d8ffc83b2223ee650ec19f96fa9b779f3eb45b8e2433c730b7a1e3e2""}"
mutation,H01-gcd.c,bf207a4afdd7e623be4bd0751bdc1917c0ee550af0f38c0531b25bb726d1710c,section,M01,embed_noop,embedding,MR04,Wrong-key rejection,reject,True,False,rejected:wrong-key:key tag mismatch,0.08047,,False,"{""antecedent_guarded"":true,""antecedent_hex"":""4d6f7270682d3031""}"
mutation,H01-gcd.c,bf207a4afdd7e623be4bd0751bdc1917c0ee550af0f38c0531b25bb726d1710c,section,M01,embed_noop,embedding,MR05,Payload separation,separate,False,True,exception:ExtractionError:custom section .wmrec not found,0.163555,ExtractionError,False,{}
mutation,H01-gcd.c,bf207a4afdd7e623be4bd0751bdc1917c0ee550af0f38c0531b25bb726d1710c,section,M01,embed_noop,embedding,MR06,Cross-compiler invariance,preserve,False,True,exception:ExtractionError:custom section .wmrec not found,0.186201,ExtractionError,False,{}
mutation,H01-gcd.c,bf207a4afdd7e623be4bd0751bdc1917c0ee550af0f38c0531b25bb726d1710c,section,M01,embed_noop,embedding,MR07,Optimization invariance,preserve,False,True,exception:ExtractionError:custom section .wmrec not found,0.159567,ExtractionError,False,{}
mutation,H01-gcd.c,bf207a4afdd7e623be4bd0751bdc1917c0ee550af0f38c0531b25bb726d1710c,section,M01,embed_noop,embedding,MR08,Clean-room relocation,preserve,False,True,exception:ExtractionError:custom section .wmrec not found,0.033355,ExtractionError,False,{}
mutation,H01-gcd.c,bf207a4afdd7e623be4bd0751bdc1917c0ee550af0f38c0531b25bb726d1710c,section,M01,embed_noop,embedding,MR09,Carrier-removal rejection,reject,True,False,rejected:absent:custom section .wmrec not found,0.084849,,False,"{""antecedent_guarded"":true}"
mutation,H01-gcd.c,bf207a4afdd7e623be4bd0751bdc1917c0ee550af0f38c0531b25bb726d1710c,section,M01,embed_noop,embedding,MR10,Carrier-corruption rejection,reject,True,False,rejected:checksum:payload checksum mismatch,0.128744,,False,"{""antecedent_guarded"":true}"
mutation,H01-gcd.c,bf207a4afdd7e623be4bd0751bdc1917c0ee550af0f38c0531b25bb726d1710c,section,M01,embed_noop,embedding,MR11,Requested/actual trace agreement,trace,True,False,requested=clang/Os;actual=clang/Os,0.106896,,False,"{""build"":{""actual_compiler"":""clang"",""actual_optimization"":""Os"",""binary"":""WORKDIR/section/M01/MR11/trace/build-01/artifact.bin"",""binary_sha256"":""8979583311288d6755db67bfb67a745238b66729f18570b075945ee29c1a551b"",""carrier"":""section"",""command"":[""clang"",""-std=c11"",""-fno-ident"",""-no-pie"",""-Os"",""WORKDIR/section/M01/MR11/trace/build-01/host.c"",""-o"",""WORKDIR/section/M01/MR11/trace/build-01/artifact.bin""],""effective_payload_hex"":""4d6f7270682d3031"",""key"":""key-alpha"",""mutant_id"":""M01"",""requested_compiler"":""clang"",""requested_optimization"":""Os"",""requested_payload_hex"":""4d6f7270682d3031"",""return_code"":0,""source"":""WORKDIR/section/M01/MR11/trace/build-01/host.c"",""source_sha256"":""bf207a4afdd7e623be4bd0751bdc1917c0ee550af0f38c0531b25bb726d1710c"",""stderr"":""""}}"
mutation,H01-gcd.c,bf207a4afdd7e623be4bd0751bdc1917c0ee550af0f38c0531b25bb726d1710c,section,M01,embed_noop,embedding,MR12,Interleaved artifact isolation,separate,False,True,exception:ExtractionError:custom section .wmrec not found,0.089997,ExtractionError,False,{}
mutation,H01-gcd.c,bf207a4afdd7e623be4bd0751bdc1917c0ee550af0f38c0531b25bb726d1710c,section,M01,embed_noop,embedding,MR13,Reordered extraction independence,preserve,False,True,exception:ExtractionError:custom section .wmrec not found,0.076915,ExtractionError,False,{}
mutation,H01-gcd.c,bf207a4afdd7e623be4bd0751bdc1917c0ee550af0f38c0531b25bb726d1710c,section,M01,embed_noop,embedding,MR14,Rebuild stability,preserve,False,True,exception:ExtractionError:custom section .wmrec not found,0.053709,ExtractionError,False,{}
mutation,H01-gcd.c,bf207a4afdd7e623be4bd0751bdc1917c0ee550af0f38c0531b25bb726d1710c,section,M02,truncate_payload,embedding,MR01,Round-trip fidelity,preserve,False,True,extracted=b'Morph-0',0.093822,,False,"{""build"":{""actual_compiler"":""gcc"",""actual_optimization"":""O2"",""binary"":""WORKDIR/section/M02/MR01/marked/build-01/artifact.bin"",""binary_sha256"":""3548a491cc4cac19a41dd4d9454f90761be23c939a08c351d38d7d6c49c0ec6a"",""carrier"":""section"",""command"":[""gcc"",""-std=c11"",""-fno-ident"",""-no-pie"",""-O2"",""WORKDIR/section/M02/MR01/marked/build-01/host.c"",""-o"",""WORKDIR/section/M02/MR01/marked/build-01/artifact.bin""],""effective_payload_hex"":""4d6f7270682d30"",""key"":""key-alpha"",""mutant_id"":""M02"",""requested_compiler"":""gcc"",""requested_optimization"":""O2"",""requested_payload_hex"":""4d6f7270682d3031"",""return_code"":0,""source"":""WORKDIR/section/M02/MR01/marked/build-01/host.c"",""source_sha256"":""bf207a4afdd7e623be4bd0751bdc1917c0ee550af0f38c0531b25bb726d1710c"",""stderr"":""""},""extracted_hex"":""4d6f7270682d30""}"
mutation,H01-gcd.c,bf207a4afdd7e623be4bd0751bdc1917c0ee550af0f38c0531b25bb726d1710c,section,M02,truncate_payload,embedding,MR02,Host-semantic preservation,preserve,True,False,mismatch_count=0,0.197702,,False,"{""mismatches"":[]}"
mutation,H01-gcd.c,bf207a4afdd7e623be4bd0751bdc1917c0ee550af0f38c0531b25bb726d1710c,section,M02,truncate_payload,embedding,MR03,Unmarked rejection,reject,True,False,rejected:absent:custom section .wmrec not found,0.092877,,False,"{""unmarked_binary_sha256"":""17288de5d8ffc83b2223ee650ec19f96fa9b779f3eb45b8e2433c730b7a1e3e2""}"
mutation,H01-gcd.c,bf207a4afdd7e623be4bd0751bdc1917c0ee550af0f38c0531b25bb726d1710c,section,M02,truncate_payload,embedding,MR04,Wrong-key rejection,reject,True,False,rejected:wrong-key:key tag mismatch,0.091093,,False,"{""antecedent_guarded"":true,""antecedent_hex"":""4d6f7270682d3031""}"
mutation,H01-gcd.c,bf207a4afdd7e623be4bd0751bdc1917c0ee550af0f38c0531b25bb726d1710c,section,M02,truncate_payload,embedding,MR05,Payload separation,separate,False,True,first=b'Morph-0';second=b'Second-',0.186656,,False,"{""execution_order"":""sequential-builds-then-extract"",""first_hex"":""4d6f7270682d30"",""second_hex"":""5365636f6e642d""}"
mutation,H01-gcd.c,bf207a4afdd7e623be4bd0751bdc1917c0ee550af0f38c0531b25bb726d1710c,section,M02,truncate_payload,embedding,MR06,Cross-compiler invariance,preserve,False,True,"payloads=b'Morph-0',b'Morph-0';semantic_equal=True",0.196091,,False,"{""clang_actual"":""clang"",""gcc_actual"":""gcc""}"
mutation,H01-gcd.c,bf207a4afdd7e623be4bd0751bdc1917c0ee550af0f38c0531b25bb726d1710c,section,M02,truncate_payload,embedding,MR07,Optimization invariance,preserve,False,True,"payloads=['Morph-0', 'Morph-0', 'Morph-0'];semantic_equal=True",0.266613,,False,{}
mutation,H01-gcd.c,bf207a4afdd7e623be4bd0751bdc1917c0ee550af0f38c0531b25bb726d1710c,section,M02,truncate_payload,embedding,MR08,Clean-room relocation,preserve,False,True,source_mismatch=b'Morph-0',0.077842,,False,"{""source_hex"":""4d6f7270682d30""}"
mutation,H01-gcd.c,bf207a4afdd7e623be4bd0751bdc1917c0ee550af0f38c0531b25bb726d1710c,section,M02,truncate_payload,embedding,MR09,Carrier-removal rejection,reject,True,False,rejected:absent:custom section .wmrec not found,0.059847,,False,"{""antecedent_guarded"":true}"
mutation,H01-gcd.c,bf207a4afdd7e623be4bd0751bdc1917c0ee550af0f38c0531b25bb726d1710c,section,M02,truncate_payload,embedding,MR10,Carrier-corruption rejection,reject,True,False,rejected:checksum:payload checksum mismatch,0.116865,,False,"{""antecedent_guarded"":true}"
mutation,H01-gcd.c,bf207a4afdd7e623be4bd0751bdc1917c0ee550af0f38c0531b25bb726d1710c,section,M02,truncate_payload,embedding,MR11,Requested/actual trace agreement,trace,True,False,requested=clang/Os;actual=clang/Os,0.086341,,False,"{""build"":{""actual_compiler"":""clang"",""actual_optimization"":""Os"",""binary"":""WORKDIR/section/M02/MR11/trace/build-01/artifact.bin"",""binary_sha256"":""6ce46e6a6115ef6c17c4242cb2efa4ea8f8ebb9c7a2ea61021285e4892918c05"",""carrier"":""section"",""command"":[""clang"",""-std=c11"",""-fno-ident"",""-no-pie"",""-Os"",""WORKDIR/section/M02/MR11/trace/build-01/host.c"",""-o"",""WORKDIR/section/M02/MR11/trace/build-01/artifact.bin""],""effective_payload_hex"":""4d6f7270682d30"",""key"":""key-alpha"",""mutant_id"":""M02"",""requested_compiler"":""clang"",""requested_optimization"":""Os"",""requested_payload_hex"":""4d6f7270682d3031"",""return_code"":0,""source"":""WORKDIR/section/M02/MR11/trace/build-01/host.c"",""source_sha256"":""bf207a4afdd7e623be4bd0751bdc1917c0ee550af0f38c0531b25bb726d1710c"",""stderr"":""""}}"
mutation,H01-gcd.c,bf207a4afdd7e623be4bd0751bdc1917c0ee550af0f38c0531b25bb726d1710c,section,M02,truncate_payload,embedding,MR12,Interleaved artifact isolation,separate,False,True,parallel_isolation_clause_violated,0.09558,,False,"{""aliasing_detected"":false,""both_expected"":false,""execution_order"":""overlapping-builds-then-extract"",""payloads_distinct"":true}"
mutation,H01-gcd.c,bf207a4afdd7e623be4bd0751bdc1917c0ee550af0f38c0531b25bb726d1710c,section,M02,truncate_payload,embedding,MR13,Reordered extraction independence,preserve,False,True,before=b'Morph-0';intervening=b'Second-';after=b'Morph-0',0.171585,,False,"{""intervening_extraction"":true}"
mutation,H01-gcd.c,bf207a4afdd7e623be4bd0751bdc1917c0ee550af0f38c0531b25bb726d1710c,section,M02,truncate_payload,embedding,MR14,Rebuild stability,preserve,False,True,first=b'Morph-0';second=b'Morph-0',0.134064,,False,"{""binary_bytes_equal"":true,""execution_order"":""build1-extract1-build2-extract2""}"
mutation,H01-gcd.c,bf207a4afdd7e623be4bd0751bdc1917c0ee550af0f38c0531b25bb726d1710c,section,M03,flip_payload,embedding,MR01,Round-trip fidelity,preserve,False,True,extracted=b'Lorph-01',0.084448,,False,"{""build"":{""actual_compiler"":""gcc"",""actual_optimization"":""O2"",""binary"":""WORKDIR/section/M03/MR01/marked/build-01/artifact.bin"",""binary_sha256"":""e4e61bedefb2d8c2337e305bec14956cb48d734be0b3c77fbe504d3031c112b1"",""carrier"":""section"",""command"":[""gcc"",""-std=c11"",""-fno-ident"",""-no-pie"",""-O2"",""WORKDIR/section/M03/MR01/marked/build-01/host.c"",""-o"",""WORKDIR/section/M03/MR01/marked/build-01/artifact.bin""],""effective_payload_hex"":""4c6f7270682d3031"",""key"":""key-alpha"",""mutant_id"":""M03"",""requested_compiler"":""gcc"",""requested_optimization"":""O2"",""requested_payload_hex"":""4d6f7270682d3031"",""return_code"":0,""source"":""WORKDIR/section/M03/MR01/marked/build-01/host.c"",""source_sha256"":""bf207a4afdd7e623be4bd0751bdc1917c0ee550af0f38c0531b25bb726d1710c"",""stderr"":""""},""extracted_hex"":""4c6f7270682d3031""}"
mutation,H01-gcd.c,bf207a4afdd7e623be4bd0751bdc1917c0ee550af0f38c0531b25bb726d1710c,section,M03,flip_payload,embedding,MR02,Host-semantic preservation,preserve,True,False,mismatch_count=0,0.134761,,False,"{""mismatches"":[]}"
mutation,H01-gcd.c,bf207a4afdd7e623be4bd0751bdc1917c0ee550af0f38c0531b25bb726d1710c,section,M03,flip_payload,embedding,MR03,Unmarked rejection,reject,True,False,rejected:absent:custom section .wmrec not found,0.075409,,False,"{""unmarked_binary_sha256"":""17288de5d8ffc83b2223ee650ec19f96fa9b779f3eb45b8e2433c730b7a1e3e2""}"
mutation,H01-gcd.c,bf207a4afdd7e623be4bd0751bdc1917c0ee550af0f38c0531b25bb726d1710c,section,M03,flip_payload,embedding,MR04,Wrong-key rejection,reject,True,False,rejected:wrong-key:key tag mismatch,0.085884,,False,"{""antecedent_guarded"":true,""antecedent_hex"":""4d6f7270682d3031""}"
mutation,H01-gcd.c,bf207a4afdd7e623be4bd0751bdc1917c0ee550af0f38c0531b25bb726d1710c,section,M03,flip_payload,embedding,MR05,Payload separation,separate,False,True,first=b'Lorph-01';second=b'Recond-2',0.164787,,False,"{""execution_order"":""sequential-builds-then-extract"",""first_hex"":""4c6f7270682d3031"",""second_hex"":""5265636f6e642d32""}"
mutation,H01-gcd.c,bf207a4afdd7e623be4bd0751bdc1917c0ee550af0f38c0531b25bb726d1710c,section,M03,flip_payload,embedding,MR06,Cross-compiler invariance,preserve,False,True,"payloads=b'Lorph-01',b'Lorph-01';semantic_equal=True",0.231149,,False,"{""clang_actual"":""clang"",""gcc_actual"":""gcc""}"
mutation,H01-gcd.c,bf207a4afdd7e623be4bd0751bdc1917c0ee550af0f38c0531b25bb726d1710c,section,M03,flip_payload,embedding,MR07,Optimization invariance,preserve,False,True,"payloads=['Lorph-01', 'Lorph-01', 'Lorph-01'];semantic_equal=True",0.239274,,False,{}
mutation,H01-gcd.c,bf207a4afdd7e623be4bd0751bdc1917c0ee550af0f38c0531b25bb726d1710c,section,M03,flip_payload,embedding,MR08,Clean-room relocation,preserve,False,True,source_mismatch=b'Lorph-01',0.103581,,False,"{""source_hex"":""4c6f7270682d3031""}"
mutation,H01-gcd.c,bf207a4afdd7e623be4bd0751bdc1917c0ee550af0f38c0531b25bb726d1710c,section,M03,flip_payload,embedding,MR09,Carrier-removal rejection,reject,True,False,rejected:absent:custom section .wmrec not found,0.092714,,False,"{""antecedent_guarded"":true}"
mutation,H01-gcd.c,bf207a4afdd7e623be4bd0751bdc1917c0ee550af0f38c0531b25bb726d1710c,section,M03,flip_payload,embedding,MR10,Carrier-corruption rejection,reject,True,False,rejected:checksum:payload checksum mismatch,0.096613,,False,"{""antecedent_guarded"":true}"
mutation,H01-gcd.c,bf207a4afdd7e623be4bd0751bdc1917c0ee550af0f38c0531b25bb726d1710c,section,M03,flip_payload,embedding,MR11,Requested/actual trace agreement,trace,True,False,requested=clang/Os;actual=clang/Os,0.095459,,False,"{""build"":{""actual_compiler"":""clang"",""actual_optimization"":""Os"",""binary"":""WORKDIR/section/M03/MR11/trace/build-01/artifact.bin"",""binary_sha256"":""2e75cbe00e865661a724a1618977bda2662fcdbb7de8b4b4ede68b59713f910c"",""carrier"":""section"",""command"":[""clang"",""-std=c11"",""-fno-ident"",""-no-pie"",""-Os"",""WORKDIR/section/M03/MR11/trace/build-01/host.c"",""-o"",""WORKDIR/section/M03/MR11/trace/build-01/artifact.bin""],""effective_payload_hex"":""4c6f7270682d3031"",""key"":""key-alpha"",""mutant_id"":""M03"",""requested_compiler"":""clang"",""requested_optimization"":""Os"",""requested_payload_hex"":""4d6f7270682d3031"",""return_code"":0,""source"":""WORKDIR/section/M03/MR11/trace/build-01/host.c"",""source_sha256"":""bf207a4afdd7e623be4bd0751bdc1917c0ee550af0f38c0531b25bb726d1710c"",""stderr"":""""}}"
mutation,H01-gcd.c,bf207a4afdd7e623be4bd0751bdc1917c0ee550af0f38c0531b25bb726d1710c,section,M03,flip_payload,embedding,MR12,Interleaved artifact isolation,separate,False,True,parallel_isolation_clause_violated,0.132514,,False,"{""aliasing_detected"":false,""both_expected"":false,""execution_order"":""overlapping-builds-then-extract"",""payloads_distinct"":true}"
mutation,H01-gcd.c,bf207a4afdd7e623be4bd0751bdc1917c0ee550af0f38c0531b25bb726d1710c,section,M03,flip_payload,embedding,MR13,Reordered extraction independence,preserve,False,True,before=b'Lorph-01';intervening=b'Recond-2';after=b'Lorph-01',0.139717,,False,"{""intervening_extraction"":true}"
mutation,H01-gcd.c,bf207a4afdd7e623be4bd0751bdc1917c0ee550af0f38c0531b25bb726d1710c,section,M03,flip_payload,embedding,MR14,Rebuild stability,preserve,False,True,first=b'Lorph-01';second=b'Lorph-01',0.131086,,False,"{""binary_bytes_equal"":true,""execution_order"":""build1-extract1-build2-extract2""}"
mutation,H01-gcd.c,bf207a4afdd7e623be4bd0751bdc1917c0ee550af0f38c0531b25bb726d1710c,section,M04,fixed_payload,state,MR01,Round-trip fidelity,preserve,False,True,extracted=b'fixed-payload',0.09641,,False,"{""build"":{""actual_compiler"":""gcc"",""actual_optimization"":""O2"",""binary"":""WORKDIR/section/M04/MR01/marked/build-01/artifact.bin"",""binary_sha256"":""667c62b491353fb956245eb3c40e64e29fa7199e114af6408e67271eb6756ca2"",""carrier"":""section"",""command"":[""gcc"",""-std=c11"",""-fno-ident"",""-no-pie"",""-O2"",""WORKDIR/section/M04/MR01/marked/build-01/host.c"",""-o"",""WORKDIR/section/M04/MR01/marked/build-01/artifact.bin""],""effective_payload_hex"":""66697865642d7061796c6f6164"",""key"":""key-alpha"",""mutant_id"":""M04"",""requested_compiler"":""gcc"",""requested_optimization"":""O2"",""requested_payload_hex"":""4d6f7270682d3031"",""return_code"":0,""source"":""WORKDIR/section/M04/MR01/marked/build-01/host.c"",""source_sha256"":""bf207a4afdd7e623be4bd0751bdc1917c0ee550af0f38c0531b25bb726d1710c"",""stderr"":""""},""extracted_hex"":""66697865642d7061796c6f6164""}"
mutation,H01-gcd.c,bf207a4afdd7e623be4bd0751bdc1917c0ee550af0f38c0531b25bb726d1710c,section,M04,fixed_payload,state,MR02,Host-semantic preservation,preserve,True,False,mismatch_count=0,0.17126,,False,"{""mismatches"":[]}"
mutation,H01-gcd.c,bf207a4afdd7e623be4bd0751bdc1917c0ee550af0f38c0531b25bb726d1710c,section,M04,fixed_payload,state,MR03,Unmarked rejection,reject,True,False,rejected:absent:custom section .wmrec not found,0.057741,,False,"{""unmarked_binary_sha256"":""17288de5d8ffc83b2223ee650ec19f96fa9b779f3eb45b8e2433c730b7a1e3e2""}"
mutation,H01-gcd.c,bf207a4afdd7e623be4bd0751bdc1917c0ee550af0f38c0531b25bb726d1710c,section,M04,fixed_payload,state,MR04,Wrong-key rejection,reject,True,False,rejected:wrong-key:key tag mismatch,0.05276,,False,"{""antecedent_guarded"":true,""antecedent_hex"":""4d6f7270682d3031""}"
mutation,H01-gcd.c,bf207a4afdd7e623be4bd0751bdc1917c0ee550af0f38c0531b25bb726d1710c,section,M04,fixed_payload,state,MR05,Payload separation,separate,False,True,first=b'fixed-payload';second=b'fixed-payload',0.152742,,False,"{""execution_order"":""sequential-builds-then-extract"",""first_hex"":""66697865642d7061796c6f6164"",""second_hex"":""66697865642d7061796c6f6164""}"
mutation,H01-gcd.c,bf207a4afdd7e623be4bd0751bdc1917c0ee550af0f38c0531b25bb726d1710c,section,M04,fixed_payload,state,MR06,Cross-compiler invariance,preserve,False,True,"payloads=b'fixed-payload',b'fixed-payload';semantic_equal=True",0.194444,,False,"{""clang_actual"":""clang"",""gcc_actual"":""gcc""}"
mutation,H01-gcd.c,bf207a4afdd7e623be4bd0751bdc1917c0ee550af0f38c0531b25bb726d1710c,section,M04,fixed_payload,state,MR07,Optimization invariance,preserve,False,True,"payloads=['fixed-payload', 'fixed-payload', 'fixed-payload'];semantic_equal=True",0.220376,,False,{}
mutation,H01-gcd.c,bf207a4afdd7e623be4bd0751bdc1917c0ee550af0f38c0531b25bb726d1710c,section,M04,fixed_payload,state,MR08,Clean-room relocation,preserve,False,True,source_mismatch=b'fixed-payload',0.068199,,False,"{""source_hex"":""66697865642d7061796c6f6164""}"
mutation,H01-gcd.c,bf207a4afdd7e623be4bd0751bdc1917c0ee550af0f38c0531b25bb726d1710c,section,M04,fixed_payload,state,MR09,Carrier-removal rejection,reject,True,False,rejected:absent:custom section .wmrec not found,0.064085,,False,"{""antecedent_guarded"":true}"
mutation,H01-gcd.c,bf207a4afdd7e623be4bd0751bdc1917c0ee550af0f38c0531b25bb726d1710c,section,M04,fixed_payload,state,MR10,Carrier-corruption rejection,reject,True,False,rejected:checksum:payload checksum mismatch,0.069558,,False,"{""antecedent_guarded"":true}"
mutation,H01-gcd.c,bf207a4afdd7e623be4bd0751bdc1917c0ee550af0f38c0531b25bb726d1710c,section,M04,fixed_payload,state,MR11,Requested/actual trace agreement,trace,True,False,requested=clang/Os;actual=clang/Os,0.098398,,False,"{""build"":{""actual_compiler"":""clang"",""actual_optimization"":""Os"",""binary"":""WORKDIR/section/M04/MR11/trace/build-01/artifact.bin"",""binary_sha256"":""60f0b8e0dbfa7018c69bb4c7c05add93eb25c462873f43f0e855c482de0bec54"",""carrier"":""section"",""command"":[""clang"",""-std=c11"",""-fno-ident"",""-no-pie"",""-Os"",""WORKDIR/section/M04/MR11/trace/build-01/host.c"",""-o"",""WORKDIR/section/M04/MR11/trace/build-01/artifact.bin""],""effective_payload_hex"":""66697865642d7061796c6f6164"",""key"":""key-alpha"",""mutant_id"":""M04"",""requested_compiler"":""clang"",""requested_optimization"":""Os"",""requested_payload_hex"":""4d6f7270682d3031"",""return_code"":0,""source"":""WORKDIR/section/M04/MR11/trace/build-01/host.c"",""source_sha256"":""bf207a4afdd7e623be4bd0751bdc1917c0ee550af0f38c0531b25bb726d1710c"",""stderr"":""""}}"
mutation,H01-gcd.c,bf207a4afdd7e623be4bd0751bdc1917c0ee550af0f38c0531b25bb726d1710c,section,M04,fixed_payload,state,MR12,Interleaved artifact isolation,separate,False,True,parallel_isolation_clause_violated,0.099405,,False,"{""aliasing_detected"":true,""both_expected"":false,""execution_order"":""overlapping-builds-then-extract"",""payloads_distinct"":false}"
mutation,H01-gcd.c,bf207a4afdd7e623be4bd0751bdc1917c0ee550af0f38c0531b25bb726d1710c,section,M04,fixed_payload,state,MR13,Reordered extraction independence,preserve,False,True,before=b'fixed-payload';intervening=b'fixed-payload';after=b'fixed-payload',0.143412,,False,"{""intervening_extraction"":true}"
mutation,H01-gcd.c,bf207a4afdd7e623be4bd0751bdc1917c0ee550af0f38c0531b25bb726d1710c,section,M04,fixed_payload,state,MR14,Rebuild stability,preserve,False,True,first=b'fixed-payload';second=b'fixed-payload',0.137915,,False,"{""binary_bytes_equal"":true,""execution_order"":""build1-extract1-build2-extract2""}"
mutation,H01-gcd.c,bf207a4afdd7e623be4bd0751bdc1917c0ee550af0f38c0531b25bb726d1710c,section,M05,lower_payload,normalization,MR01,Round-trip fidelity,preserve,False,True,extracted=b'morph-01',0.039785,,False,"{""build"":{""actual_compiler"":""gcc"",""actual_optimization"":""O2"",""binary"":""WORKDIR/section/M05/MR01/marked/build-01/artifact.bin"",""binary_sha256"":""4ce98f13723de17658f78330379257ee738cce29e452cde37abeeb0449255443"",""carrier"":""section"",""command"":[""gcc"",""-std=c11"",""-fno-ident"",""-no-pie"",""-O2"",""WORKDIR/section/M05/MR01/marked/build-01/host.c"",""-o"",""WORKDIR/section/M05/MR01/marked/build-01/artifact.bin""],""effective_payload_hex"":""6d6f7270682d3031"",""key"":""key-alpha"",""mutant_id"":""M05"",""requested_compiler"":""gcc"",""requested_optimization"":""O2"",""requested_payload_hex"":""4d6f7270682d3031"",""return_code"":0,""source"":""WORKDIR/section/M05/MR01/marked/build-01/host.c"",""source_sha256"":""bf207a4afdd7e623be4bd0751bdc1917c0ee550af0f38c0531b25bb726d1710c"",""stderr"":""""},""extracted_hex"":""6d6f7270682d3031""}"
mutation,H01-gcd.c,bf207a4afdd7e623be4bd0751bdc1917c0ee550af0f38c0531b25bb726d1710c,section,M05,lower_payload,normalization,MR02,Host-semantic preservation,preserve,True,False,mismatch_count=0,0.148109,,False,"{""mismatches"":[]}"
mutation,H01-gcd.c,bf207a4afdd7e623be4bd0751bdc1917c0ee550af0f38c0531b25bb726d1710c,section,M05,lower_payload,normalization,MR03,Unmarked rejection,reject,True,False,rejected:absent:custom section .wmrec not found,0.054311,,False,"{""unmarked_binary_sha256"":""17288de5d8ffc83b2223ee650ec19f96fa9b779f3eb45b8e2433c730b7a1e3e2""}"
mutation,H01-gcd.c,bf207a4afdd7e623be4bd0751bdc1917c0ee550af0f38c0531b25bb726d1710c,section,M05,lower_payload,normalization,MR04,Wrong-key rejection,reject,True,False,rejected:wrong-key:key tag mismatch,0.084076,,False,"{""antecedent_guarded"":true,""antecedent_hex"":""4d6f7270682d3031""}"
mutation,H01-gcd.c,bf207a4afdd7e623be4bd0751bdc1917c0ee550af0f38c0531b25bb726d1710c,section,M05,lower_payload,normalization,MR05,Payload separation,separate,False,True,first=b'morph-01';second=b'second-2',0.12827,,False,"{""execution_order"":""sequential-builds-then-extract"",""first_hex"":""6d6f7270682d3031"",""second_hex"":""7365636f6e642d32""}"
mutation,H01-gcd.c,bf207a4afdd7e623be4bd0751bdc1917c0ee550af0f38c0531b25bb726d1710c,section,M05,lower_payload,normalization,MR06,Cross-compiler invariance,preserve,False,True,"payloads=b'morph-01',b'morph-01';semantic_equal=True",0.153324,,False,"{""clang_actual"":""clang"",""gcc_actual"":""gcc""}"
mutation,H01-gcd.c,bf207a4afdd7e623be4bd0751bdc1917c0ee550af0f38c0531b25bb726d1710c,section,M05,lower_payload,normalization,MR07,Optimization invariance,preserve,False,True,"payloads=['morph-01', 'morph-01', 'morph-01'];semantic_equal=True",0.219007,,False,{}
mutation,H01-gcd.c,bf207a4afdd7e623be4bd0751bdc1917c0ee550af0f38c0531b25bb726d1710c,section,M05,lower_payload,normalization,MR08,Clean-room relocation,preserve,False,True,source_mismatch=b'morph-01',0.078193,,False,"{""source_hex"":""6d6f7270682d3031""}"
mutation,H01-gcd.c,bf207a4afdd7e623be4bd0751bdc1917c0ee550af0f38c0531b25bb726d1710c,section,M05,lower_payload,normalization,MR09,Carrier-removal rejection,reject,True,False,rejected:absent:custom section .wmrec not found,0.082287,,False,"{""antecedent_guarded"":true}"
mutation,H01-gcd.c,bf207a4afdd7e623be4bd0751bdc1917c0ee550af0f38c0531b25bb726d1710c,section,M05,lower_payload,normalization,MR10,Carrier-corruption rejection,reject,True,False,rejected:checksum:payload checksum mismatch,0.098531,,False,"{""antecedent_guarded"":true}"
mutation,H01-gcd.c,bf207a4afdd7e623be4bd0751bdc1917c0ee550af0f38c0531b25bb726d1710c,section,M05,lower_payload,normalization,MR11,Requested/actual trace agreement,trace,True,False,requested=clang/Os;actual=clang/Os,0.089573,,False,"{""build"":{""actual_compiler"":""clang"",""actual_optimization"":""Os"",""binary"":""WORKDIR/section/M05/MR11/trace/build-01/artifact.bin"",""binary_sha256"":""f07d3d70e345c2555f71eb4ca672ca1c8ce6a49b40776a0aa650d23b9133aad0"",""carrier"":""section"",""command"":[""clang"",""-std=c11"",""-fno-ident"",""-no-pie"",""-Os"",""WORKDIR/section/M05/MR11/trace/build-01/host.c"",""-o"",""WORKDIR/section/M05/MR11/trace/build-01/artifact.bin""],""effective_payload_hex"":""6d6f7270682d3031"",""key"":""key-alpha"",""mutant_id"":""M05"",""requested_compiler"":""clang"",""requested_optimization"":""Os"",""requested_payload_hex"":""4d6f7270682d3031"",""return_code"":0,""source"":""WORKDIR/section/M05/MR11/trace/build-01/host.c"",""source_sha256"":""bf207a4afdd7e623be4bd0751bdc1917c0ee550af0f38c0531b25bb726d1710c"",""stderr"":""""}}"
mutation,H01-gcd.c,bf207a4afdd7e623be4bd0751bdc1917c0ee550af0f38c0531b25bb726d1710c,section,M05,lower_payload,normalization,MR12,Interleaved artifact isolation,separate,False,True,parallel_isolation_clause_violated,0.093979,,False,"{""aliasing_detected"":false,""both_expected"":false,""execution_order"":""overlapping-builds-then-extract"",""payloads_distinct"":true}"
mutation,H01-gcd.c,bf207a4afdd7e623be4bd0751bdc1917c0ee550af0f38c0531b25bb726d1710c,section,M05,lower_payload,normalization,MR13,Reordered extraction independence,preserve,False,True,before=b'morph-01';intervening=b'second-2';after=b'morph-01',0.12225,,False,"{""intervening_extraction"":true}"
mutation,H01-gcd.c,bf207a4afdd7e623be4bd0751bdc1917c0ee550af0f38c0531b25bb726d1710c,section,M05,lower_payload,normalization,MR14,Rebuild stability,preserve,False,True,first=b'morph-01';second=b'morph-01',0.163412,,False,"{""binary_bytes_equal"":true,""execution_order"":""build1-extract1-build2-extract2""}"
mutation,H01-gcd.c,bf207a4afdd7e623be4bd0751bdc1917c0ee550af0f38c0531b25bb726d1710c,section,M06,key_ignored,authentication,MR01,Round-trip fidelity,preserve,True,False,extracted=b'Morph-01',0.080644,,False,"{""build"":{""actual_compiler"":""gcc"",""actual_optimization"":""O2"",""binary"":""WORKDIR/section/M06/MR01/marked/build-01/artifact.bin"",""binary_sha256"":""395137e071b2d681fb879e77871180384e486b49eccbb5200569056cf5513943"",""carrier"":""section"",""command"":[""gcc"",""-std=c11"",""-fno-ident"",""-no-pie"",""-O2"",""WORKDIR/section/M06/MR01/marked/build-01/host.c"",""-o"",""WORKDIR/section/M06/MR01/marked/build-01/artifact.bin""],""effective_payload_hex"":""4d6f7270682d3031"",""key"":""key-alpha"",""mutant_id"":""M06"",""requested_compiler"":""gcc"",""requested_optimization"":""O2"",""requested_payload_hex"":""4d6f7270682d3031"",""return_code"":0,""source"":""WORKDIR/section/M06/MR01/marked/build-01/host.c"",""source_sha256"":""bf207a4afdd7e623be4bd0751bdc1917c0ee550af0f38c0531b25bb726d1710c"",""stderr"":""""},""extracted_hex"":""4d6f7270682d3031""}"
mutation,H01-gcd.c,bf207a4afdd7e623be4bd0751bdc1917c0ee550af0f38c0531b25bb726d1710c,section,M06,key_ignored,authentication,MR02,Host-semantic preservation,preserve,True,False,mismatch_count=0,0.109529,,False,"{""mismatches"":[]}"
mutation,H01-gcd.c,bf207a4afdd7e623be4bd0751bdc1917c0ee550af0f38c0531b25bb726d1710c,section,M06,key_ignored,authentication,MR03,Unmarked rejection,reject,True,False,rejected:absent:custom section .wmrec not found,0.054611,,False,"{""unmarked_binary_sha256"":""17288de5d8ffc83b2223ee650ec19f96fa9b779f3eb45b8e2433c730b7a1e3e2""}"
mutation,H01-gcd.c,bf207a4afdd7e623be4bd0751bdc1917c0ee550af0f38c0531b25bb726d1710c,section,M06,key_ignored,authentication,MR04,Wrong-key rejection,reject,False,True,accepted:b'Morph-01',0.076778,,False,"{""antecedent_guarded"":true,""antecedent_hex"":""4d6f7270682d3031""}"
mutation,H01-gcd.c,bf207a4afdd7e623be4bd0751bdc1917c0ee550af0f38c0531b25bb726d1710c,section,M06,key_ignored,authentication,MR05,Payload separation,separate,True,False,first=b'Morph-01';second=b'Second-2',0.151745,,False,"{""execution_order"":""sequential-builds-then-extract"",""first_hex"":""4d6f7270682d3031"",""second_hex"":""5365636f6e642d32""}"
mutation,H01-gcd.c,bf207a4afdd7e623be4bd0751bdc1917c0ee550af0f38c0531b25bb726d1710c,section,M06,key_ignored,authentication,MR06,Cross-compiler invariance,preserve,True,False,"payloads=b'Morph-01',b'Morph-01';semantic_equal=True",0.128248,,False,"{""clang_actual"":""clang"",""gcc_actual"":""gcc""}"
mutation,H01-gcd.c,bf207a4afdd7e623be4bd0751bdc1917c0ee550af0f38c0531b25bb726d1710c,section,M06,key_ignored,authentication,MR07,Optimization invariance,preserve,True,False,"payloads=['Morph-01', 'Morph-01', 'Morph-01'];semantic_equal=True",0.249736,,False,{}
mutation,H01-gcd.c,bf207a4afdd7e623be4bd0751bdc1917c0ee550af0f38c0531b25bb726d1710c,section,M06,key_ignored,authentication,MR08,Clean-room relocation,preserve,True,False,relocated=b'Morph-01',0.067173,,False,"{""clean_room_entries"":[""renamed-artifact.bin""],""relocated_hex"":""4d6f7270682d3031""}"
mutation,H01-gcd.c,bf207a4afdd7e623be4bd0751bdc1917c0ee550af0f38c0531b25bb726d1710c,section,M06,key_ignored,authentication,MR09,Carrier-removal rejection,reject,True,False,rejected:absent:custom section .wmrec not found,0.078717,,False,"{""antecedent_guarded"":true}"
mutation,H01-gcd.c,bf207a4afdd7e623be4bd0751bdc1917c0ee550af0f38c0531b25bb726d1710c,section,M06,key_ignored,authentication,MR10,Carrier-corruption rejection,reject,True,False,rejected:checksum:payload checksum mismatch,0.085808,,False,"{""antecedent_guarded"":true}"
mutation,H01-gcd.c,bf207a4afdd7e623be4bd0751bdc1917c0ee550af0f38c0531b25bb726d1710c,section,M06,key_ignored,authentication,MR11,Requested/actual trace agreement,trace,True,False,requested=clang/Os;actual=clang/Os,0.084153,,False,"{""build"":{""actual_compiler"":""clang"",""actual_optimization"":""Os"",""binary"":""WORKDIR/section/M06/MR11/trace/build-01/artifact.bin"",""binary_sha256"":""b50e66615fe2e1ceff27f6f8bbd643483eab5cdfbc647de256f9bce69edaa1a8"",""carrier"":""section"",""command"":[""clang"",""-std=c11"",""-fno-ident"",""-no-pie"",""-Os"",""WORKDIR/section/M06/MR11/trace/build-01/host.c"",""-o"",""WORKDIR/section/M06/MR11/trace/build-01/artifact.bin""],""effective_payload_hex"":""4d6f7270682d3031"",""key"":""key-alpha"",""mutant_id"":""M06"",""requested_compiler"":""clang"",""requested_optimization"":""Os"",""requested_payload_hex"":""4d6f7270682d3031"",""return_code"":0,""source"":""WORKDIR/section/M06/MR11/trace/build-01/host.c"",""source_sha256"":""bf207a4afdd7e623be4bd0751bdc1917c0ee550af0f38c0531b25bb726d1710c"",""stderr"":""""}}"
mutation,H01-gcd.c,bf207a4afdd7e623be4bd0751bdc1917c0ee550af0f38c0531b25bb726d1710c,section,M06,key_ignored,authentication,MR12,Interleaved artifact isolation,separate,True,False,parallel_isolation_satisfied,0.06712,,False,"{""aliasing_detected"":false,""both_expected"":true,""execution_order"":""overlapping-builds-then-extract"",""payloads_distinct"":true}"
mutation,H01-gcd.c,bf207a4afdd7e623be4bd0751bdc1917c0ee550af0f38c0531b25bb726d1710c,section,M06,key_ignored,authentication,MR13,Reordered extraction independence,preserve,True,False,before=b'Morph-01';intervening=b'Second-2';after=b'Morph-01',0.132042,,False,"{""intervening_extraction"":true}"
mutation,H01-gcd.c,bf207a4afdd7e623be4bd0751bdc1917c0ee550af0f38c0531b25bb726d1710c,section,M06,key_ignored,authentication,MR14,Rebuild stability,preserve,True,False,first=b'Morph-01';second=b'Morph-01',0.169118,,False,"{""binary_bytes_equal"":true,""execution_order"":""build1-extract1-build2-extract2""}"
mutation,H01-gcd.c,bf207a4afdd7e623be4bd0751bdc1917c0ee550af0f38c0531b25bb726d1710c,section,M07,sidecar_oracle,artifact binding,MR01,Round-trip fidelity,preserve,True,False,extracted=b'Morph-01',0.034198,,False,"{""build"":{""actual_compiler"":""gcc"",""actual_optimization"":""O2"",""binary"":""WORKDIR/section/M07/MR01/marked/build-01/artifact.bin"",""binary_sha256"":""63cbeff2b0785d492761ce367639a8bbc8e94ddb2cfe720778f8bd6177d67b85"",""carrier"":""section"",""command"":[""gcc"",""-std=c11"",""-fno-ident"",""-no-pie"",""-O2"",""WORKDIR/section/M07/MR01/marked/build-01/host.c"",""-o"",""WORKDIR/section/M07/MR01/marked/build-01/artifact.bin""],""effective_payload_hex"":""4d6f7270682d3031"",""key"":""key-alpha"",""mutant_id"":""M07"",""requested_compiler"":""gcc"",""requested_optimization"":""O2"",""requested_payload_hex"":""4d6f7270682d3031"",""return_code"":0,""source"":""WORKDIR/section/M07/MR01/marked/build-01/host.c"",""source_sha256"":""bf207a4afdd7e623be4bd0751bdc1917c0ee550af0f38c0531b25bb726d1710c"",""stderr"":""""},""extracted_hex"":""4d6f7270682d3031""}"
mutation,H01-gcd.c,bf207a4afdd7e623be4bd0751bdc1917c0ee550af0f38c0531b25bb726d1710c,section,M07,sidecar_oracle,artifact binding,MR02,Host-semantic preservation,preserve,True,False,mismatch_count=0,0.163477,,False,"{""mismatches"":[]}"
mutation,H01-gcd.c,bf207a4afdd7e623be4bd0751bdc1917c0ee550af0f38c0531b25bb726d1710c,section,M07,sidecar_oracle,artifact binding,MR03,Unmarked rejection,reject,True,False,rejected:sidecar:adjacent sidecar is missing,0.065175,,False,"{""unmarked_binary_sha256"":""17288de5d8ffc83b2223ee650ec19f96fa9b779f3eb45b8e2433c730b7a1e3e2""}"
mutation,H01-gcd.c,bf207a4afdd7e623be4bd0751bdc1917c0ee550af0f38c0531b25bb726d1710c,section,M07,sidecar_oracle,artifact binding,MR04,Wrong-key rejection,reject,True,False,rejected:wrong-key:sidecar key mismatch,0.085083,,False,"{""antecedent_guarded"":true,""antecedent_hex"":""4d6f7270682d3031""}"
mutation,H01-gcd.c,bf207a4afdd7e623be4bd0751bdc1917c0ee550af0f38c0531b25bb726d1710c,section,M07,sidecar_oracle,artifact binding,MR05,Payload separation,separate,True,False,first=b'Morph-01';second=b'Second-2',0.104045,,False,"{""execution_order"":""sequential-builds-then-extract"",""first_hex"":""4d6f7270682d3031"",""second_hex"":""5365636f6e642d32""}"
mutation,H01-gcd.c,bf207a4afdd7e623be4bd0751bdc1917c0ee550af0f38c0531b25bb726d1710c,section,M07,sidecar_oracle,artifact binding,MR06,Cross-compiler invariance,preserve,True,False,"payloads=b'Morph-01',b'Morph-01';semantic_equal=True",0.189206,,False,"{""clang_actual"":""clang"",""gcc_actual"":""gcc""}"
mutation,H01-gcd.c,bf207a4afdd7e623be4bd0751bdc1917c0ee550af0f38c0531b25bb726d1710c,section,M07,sidecar_oracle,artifact binding,MR07,Optimization invariance,preserve,True,False,"payloads=['Morph-01', 'Morph-01', 'Morph-01'];semantic_equal=True",0.237109,,False,{}
mutation,H01-gcd.c,bf207a4afdd7e623be4bd0751bdc1917c0ee550af0f38c0531b25bb726d1710c,section,M07,sidecar_oracle,artifact binding,MR08,Clean-room relocation,preserve,False,True,exception:ExtractionError:adjacent sidecar is missing,0.079269,ExtractionError,False,{}
mutation,H01-gcd.c,bf207a4afdd7e623be4bd0751bdc1917c0ee550af0f38c0531b25bb726d1710c,section,M07,sidecar_oracle,artifact binding,MR09,Carrier-removal rejection,reject,True,False,rejected:sidecar:adjacent sidecar is missing,0.064707,,False,"{""antecedent_guarded"":true}"
mutation,H01-gcd.c,bf207a4afdd7e623be4bd0751bdc1917c0ee550af0f38c0531b25bb726d1710c,section,M07,sidecar_oracle,artifact binding,MR10,Carrier-corruption rejection,reject,True,False,rejected:sidecar:adjacent sidecar is missing,0.097098,,False,"{""antecedent_guarded"":true}"
mutation,H01-gcd.c,bf207a4afdd7e623be4bd0751bdc1917c0ee550af0f38c0531b25bb726d1710c,section,M07,sidecar_oracle,artifact binding,MR11,Requested/actual trace agreement,trace,True,False,requested=clang/Os;actual=clang/Os,0.099013,,False,"{""build"":{""actual_compiler"":""clang"",""actual_optimization"":""Os"",""binary"":""WORKDIR/section/M07/MR11/trace/build-01/artifact.bin"",""binary_sha256"":""d5d8525397dedc90fa4792ce87b67efca4a48048626cb76d2fe61da67d4f779a"",""carrier"":""section"",""command"":[""clang"",""-std=c11"",""-fno-ident"",""-no-pie"",""-Os"",""WORKDIR/section/M07/MR11/trace/build-01/host.c"",""-o"",""WORKDIR/section/M07/MR11/trace/build-01/artifact.bin""],""effective_payload_hex"":""4d6f7270682d3031"",""key"":""key-alpha"",""mutant_id"":""M07"",""requested_compiler"":""clang"",""requested_optimization"":""Os"",""requested_payload_hex"":""4d6f7270682d3031"",""return_code"":0,""source"":""WORKDIR/section/M07/MR11/trace/build-01/host.c"",""source_sha256"":""bf207a4afdd7e623be4bd0751bdc1917c0ee550af0f38c0531b25bb726d1710c"",""stderr"":""""}}"
mutation,H01-gcd.c,bf207a4afdd7e623be4bd0751bdc1917c0ee550af0f38c0531b25bb726d1710c,section,M07,sidecar_oracle,artifact binding,MR12,Interleaved artifact isolation,separate,True,False,parallel_isolation_satisfied,0.095138,,False,"{""aliasing_detected"":false,""both_expected"":true,""execution_order"":""overlapping-builds-then-extract"",""payloads_distinct"":true}"
mutation,H01-gcd.c,bf207a4afdd7e623be4bd0751bdc1917c0ee550af0f38c0531b25bb726d1710c,section,M07,sidecar_oracle,artifact binding,MR13,Reordered extraction independence,preserve,True,False,before=b'Morph-01';intervening=b'Second-2';after=b'Morph-01',0.122556,,False,"{""intervening_extraction"":true}"
mutation,H01-gcd.c,bf207a4afdd7e623be4bd0751bdc1917c0ee550af0f38c0531b25bb726d1710c,section,M07,sidecar_oracle,artifact binding,MR14,Rebuild stability,preserve,True,False,first=b'Morph-01';second=b'Morph-01',0.128505,,False,"{""binary_bytes_equal"":true,""execution_order"":""build1-extract1-build2-extract2""}"
mutation,H01-gcd.c,bf207a4afdd7e623be4bd0751bdc1917c0ee550af0f38c0531b25bb726d1710c,section,M08,global_cache_oracle,state,MR01,Round-trip fidelity,preserve,True,False,extracted=b'Morph-01',0.044943,,False,"{""build"":{""actual_compiler"":""gcc"",""actual_optimization"":""O2"",""binary"":""WORKDIR/section/M08/MR01/marked/build-01/artifact.bin"",""binary_sha256"":""63cbeff2b0785d492761ce367639a8bbc8e94ddb2cfe720778f8bd6177d67b85"",""carrier"":""section"",""command"":[""gcc"",""-std=c11"",""-fno-ident"",""-no-pie"",""-O2"",""WORKDIR/section/M08/MR01/marked/build-01/host.c"",""-o"",""WORKDIR/section/M08/MR01/marked/build-01/artifact.bin""],""effective_payload_hex"":""4d6f7270682d3031"",""key"":""key-alpha"",""mutant_id"":""M08"",""requested_compiler"":""gcc"",""requested_optimization"":""O2"",""requested_payload_hex"":""4d6f7270682d3031"",""return_code"":0,""source"":""WORKDIR/section/M08/MR01/marked/build-01/host.c"",""source_sha256"":""bf207a4afdd7e623be4bd0751bdc1917c0ee550af0f38c0531b25bb726d1710c"",""stderr"":""""},""extracted_hex"":""4d6f7270682d3031""}"
mutation,H01-gcd.c,bf207a4afdd7e623be4bd0751bdc1917c0ee550af0f38c0531b25bb726d1710c,section,M08,global_cache_oracle,state,MR02,Host-semantic preservation,preserve,True,False,mismatch_count=0,0.153194,,False,"{""mismatches"":[]}"
mutation,H01-gcd.c,bf207a4afdd7e623be4bd0751bdc1917c0ee550af0f38c0531b25bb726d1710c,section,M08,global_cache_oracle,state,MR03,Unmarked rejection,reject,True,False,rejected:absent:custom section .wmrec not found,0.050009,,False,"{""unmarked_binary_sha256"":""17288de5d8ffc83b2223ee650ec19f96fa9b779f3eb45b8e2433c730b7a1e3e2""}"
mutation,H01-gcd.c,bf207a4afdd7e623be4bd0751bdc1917c0ee550af0f38c0531b25bb726d1710c,section,M08,global_cache_oracle,state,MR04,Wrong-key rejection,reject,False,True,accepted:b'Morph-01',0.076584,,False,"{""antecedent_guarded"":true,""antecedent_hex"":""4d6f7270682d3031""}"
mutation,H01-gcd.c,bf207a4afdd7e623be4bd0751bdc1917c0ee550af0f38c0531b25bb726d1710c,section,M08,global_cache_oracle,state,MR05,Payload separation,separate,False,True,first=b'Second-2';second=b'Second-2',0.143609,,False,"{""execution_order"":""sequential-builds-then-extract"",""first_hex"":""5365636f6e642d32"",""second_hex"":""5365636f6e642d32""}"
mutation,H01-gcd.c,bf207a4afdd7e623be4bd0751bdc1917c0ee550af0f38c0531b25bb726d1710c,section,M08,global_cache_oracle,state,MR06,Cross-compiler invariance,preserve,True,False,"payloads=b'Morph-01',b'Morph-01';semantic_equal=True",0.139219,,False,"{""clang_actual"":""clang"",""gcc_actual"":""gcc""}"
mutation,H01-gcd.c,bf207a4afdd7e623be4bd0751bdc1917c0ee550af0f38c0531b25bb726d1710c,section,M08,global_cache_oracle,state,MR07,Optimization invariance,preserve,True,False,"payloads=['Morph-01', 'Morph-01', 'Morph-01'];semantic_equal=True",0.216503,,False,{}
mutation,H01-gcd.c,bf207a4afdd7e623be4bd0751bdc1917c0ee550af0f38c0531b25bb726d1710c,section,M08,global_cache_oracle,state,MR08,Clean-room relocation,preserve,True,False,relocated=b'Morph-01',0.071175,,False,"{""clean_room_entries"":[""renamed-artifact.bin""],""relocated_hex"":""4d6f7270682d3031""}"
mutation,H01-gcd.c,bf207a4afdd7e623be4bd0751bdc1917c0ee550af0f38c0531b25bb726d1710c,section,M08,global_cache_oracle,state,MR09,Carrier-removal rejection,reject,False,True,spurious robustness:accepted:b'Morph-01',0.088323,,False,"{""antecedent_guarded"":true}"
mutation,H01-gcd.c,bf207a4afdd7e623be4bd0751bdc1917c0ee550af0f38c0531b25bb726d1710c,section,M08,global_cache_oracle,state,MR10,Carrier-corruption rejection,reject,False,True,corruption accepted:accepted:b'Morph-01',0.073141,,False,"{""antecedent_guarded"":true}"
mutation,H01-gcd.c,bf207a4afdd7e623be4bd0751bdc1917c0ee550af0f38c0531b25bb726d1710c,section,M08,global_cache_oracle,state,MR11,Requested/actual trace agreement,trace,True,False,requested=clang/Os;actual=clang/Os,0.070985,,False,"{""build"":{""actual_compiler"":""clang"",""actual_optimization"":""Os"",""binary"":""WORKDIR/section/M08/MR11/trace/build-01/artifact.bin"",""binary_sha256"":""d5d8525397dedc90fa4792ce87b67efca4a48048626cb76d2fe61da67d4f779a"",""carrier"":""section"",""command"":[""clang"",""-std=c11"",""-fno-ident"",""-no-pie"",""-Os"",""WORKDIR/section/M08/MR11/trace/build-01/host.c"",""-o"",""WORKDIR/section/M08/MR11/trace/build-01/artifact.bin""],""effective_payload_hex"":""4d6f7270682d3031"",""key"":""key-alpha"",""mutant_id"":""M08"",""requested_compiler"":""clang"",""requested_optimization"":""Os"",""requested_payload_hex"":""4d6f7270682d3031"",""return_code"":0,""source"":""WORKDIR/section/M08/MR11/trace/build-01/host.c"",""source_sha256"":""bf207a4afdd7e623be4bd0751bdc1917c0ee550af0f38c0531b25bb726d1710c"",""stderr"":""""}}"
mutation,H01-gcd.c,bf207a4afdd7e623be4bd0751bdc1917c0ee550af0f38c0531b25bb726d1710c,section,M08,global_cache_oracle,state,MR12,Interleaved artifact isolation,separate,False,True,parallel_isolation_clause_violated,0.069534,,False,"{""aliasing_detected"":true,""both_expected"":false,""execution_order"":""overlapping-builds-then-extract"",""payloads_distinct"":false}"
mutation,H01-gcd.c,bf207a4afdd7e623be4bd0751bdc1917c0ee550af0f38c0531b25bb726d1710c,section,M08,global_cache_oracle,state,MR13,Reordered extraction independence,preserve,False,True,before=b'Morph-01';intervening=b'Second-2';after=b'Second-2',0.146082,,False,"{""intervening_extraction"":true}"
mutation,H01-gcd.c,bf207a4afdd7e623be4bd0751bdc1917c0ee550af0f38c0531b25bb726d1710c,section,M08,global_cache_oracle,state,MR14,Rebuild stability,preserve,True,False,first=b'Morph-01';second=b'Morph-01',0.17399,,False,"{""binary_bytes_equal"":true,""execution_order"":""build1-extract1-build2-extract2""}"
mutation,H01-gcd.c,bf207a4afdd7e623be4bd0751bdc1917c0ee550af0f38c0531b25bb726d1710c,section,M09,unmarked_default,false positive,MR01,Round-trip fidelity,preserve,True,False,extracted=b'Morph-01',0.049153,,False,"{""build"":{""actual_compiler"":""gcc"",""actual_optimization"":""O2"",""binary"":""WORKDIR/section/M09/MR01/marked/build-01/artifact.bin"",""binary_sha256"":""63cbeff2b0785d492761ce367639a8bbc8e94ddb2cfe720778f8bd6177d67b85"",""carrier"":""section"",""command"":[""gcc"",""-std=c11"",""-fno-ident"",""-no-pie"",""-O2"",""WORKDIR/section/M09/MR01/marked/build-01/host.c"",""-o"",""WORKDIR/section/M09/MR01/marked/build-01/artifact.bin""],""effective_payload_hex"":""4d6f7270682d3031"",""key"":""key-alpha"",""mutant_id"":""M09"",""requested_compiler"":""gcc"",""requested_optimization"":""O2"",""requested_payload_hex"":""4d6f7270682d3031"",""return_code"":0,""source"":""WORKDIR/section/M09/MR01/marked/build-01/host.c"",""source_sha256"":""bf207a4afdd7e623be4bd0751bdc1917c0ee550af0f38c0531b25bb726d1710c"",""stderr"":""""},""extracted_hex"":""4d6f7270682d3031""}"
mutation,H01-gcd.c,bf207a4afdd7e623be4bd0751bdc1917c0ee550af0f38c0531b25bb726d1710c,section,M09,unmarked_default,false positive,MR02,Host-semantic preservation,preserve,True,False,mismatch_count=0,0.14201,,False,"{""mismatches"":[]}"
mutation,H01-gcd.c,bf207a4afdd7e623be4bd0751bdc1917c0ee550af0f38c0531b25bb726d1710c,section,M09,unmarked_default,false positive,MR03,Unmarked rejection,reject,False,True,accepted:b'Morph-01',0.0647,,False,"{""unmarked_binary_sha256"":""17288de5d8ffc83b2223ee650ec19f96fa9b779f3eb45b8e2433c730b7a1e3e2""}"
mutation,H01-gcd.c,bf207a4afdd7e623be4bd0751bdc1917c0ee550af0f38c0531b25bb726d1710c,section,M09,unmarked_default,false positive,MR04,Wrong-key rejection,reject,False,True,accepted:b'Morph-01',0.072798,,False,"{""antecedent_guarded"":true,""antecedent_hex"":""4d6f7270682d3031""}"
mutation,H01-gcd.c,bf207a4afdd7e623be4bd0751bdc1917c0ee550af0f38c0531b25bb726d1710c,section,M09,unmarked_default,false positive,MR05,Payload separation,separate,True,False,first=b'Morph-01';second=b'Second-2',0.154238,,False,"{""execution_order"":""sequential-builds-then-extract"",""first_hex"":""4d6f7270682d3031"",""second_hex"":""5365636f6e642d32""}"
mutation,H01-gcd.c,bf207a4afdd7e623be4bd0751bdc1917c0ee550af0f38c0531b25bb726d1710c,section,M09,unmarked_default,false positive,MR06,Cross-compiler invariance,preserve,True,False,"payloads=b'Morph-01',b'Morph-01';semantic_equal=True",0.162198,,False,"{""clang_actual"":""clang"",""gcc_actual"":""gcc""}"
mutation,H01-gcd.c,bf207a4afdd7e623be4bd0751bdc1917c0ee550af0f38c0531b25bb726d1710c,section,M09,unmarked_default,false positive,MR07,Optimization invariance,preserve,True,False,"payloads=['Morph-01', 'Morph-01', 'Morph-01'];semantic_equal=True",0.158419,,False,{}
mutation,H01-gcd.c,bf207a4afdd7e623be4bd0751bdc1917c0ee550af0f38c0531b25bb726d1710c,section,M09,unmarked_default,false positive,MR08,Clean-room relocation,preserve,True,False,relocated=b'Morph-01',0.095892,,False,"{""clean_room_entries"":[""renamed-artifact.bin""],""relocated_hex"":""4d6f7270682d3031""}"
mutation,H01-gcd.c,bf207a4afdd7e623be4bd0751bdc1917c0ee550af0f38c0531b25bb726d1710c,section,M09,unmarked_default,false positive,MR09,Carrier-removal rejection,reject,False,True,spurious robustness:accepted:b'Morph-01',0.07956,,False,"{""antecedent_guarded"":true}"
mutation,H01-gcd.c,bf207a4afdd7e623be4bd0751bdc1917c0ee550af0f38c0531b25bb726d1710c,section,M09,unmarked_default,false positive,MR10,Carrier-corruption rejection,reject,False,True,corruption accepted:accepted:b'Morph-01',0.095971,,False,"{""antecedent_guarded"":true}"
mutation,H01-gcd.c,bf207a4afdd7e623be4bd0751bdc1917c0ee550af0f38c0531b25bb726d1710c,section,M09,unmarked_default,false positive,MR11,Requested/actual trace agreement,trace,True,False,requested=clang/Os;actual=clang/Os,0.087118,,False,"{""build"":{""actual_compiler"":""clang"",""actual_optimization"":""Os"",""binary"":""WORKDIR/section/M09/MR11/trace/build-01/artifact.bin"",""binary_sha256"":""d5d8525397dedc90fa4792ce87b67efca4a48048626cb76d2fe61da67d4f779a"",""carrier"":""section"",""command"":[""clang"",""-std=c11"",""-fno-ident"",""-no-pie"",""-Os"",""WORKDIR/section/M09/MR11/trace/build-01/host.c"",""-o"",""WORKDIR/section/M09/MR11/trace/build-01/artifact.bin""],""effective_payload_hex"":""4d6f7270682d3031"",""key"":""key-alpha"",""mutant_id"":""M09"",""requested_compiler"":""clang"",""requested_optimization"":""Os"",""requested_payload_hex"":""4d6f7270682d3031"",""return_code"":0,""source"":""WORKDIR/section/M09/MR11/trace/build-01/host.c"",""source_sha256"":""bf207a4afdd7e623be4bd0751bdc1917c0ee550af0f38c0531b25bb726d1710c"",""stderr"":""""}}"
mutation,H01-gcd.c,bf207a4afdd7e623be4bd0751bdc1917c0ee550af0f38c0531b25bb726d1710c,section,M09,unmarked_default,false positive,MR12,Interleaved artifact isolation,separate,True,False,parallel_isolation_satisfied,0.076569,,False,"{""aliasing_detected"":false,""both_expected"":true,""execution_order"":""overlapping-builds-then-extract"",""payloads_distinct"":true}"
mutation,H01-gcd.c,bf207a4afdd7e623be4bd0751bdc1917c0ee550af0f38c0531b25bb726d1710c,section,M09,unmarked_default,false positive,MR13,Reordered extraction independence,preserve,True,False,before=b'Morph-01';intervening=b'Second-2';after=b'Morph-01',0.129729,,False,"{""intervening_extraction"":true}"
mutation,H01-gcd.c,bf207a4afdd7e623be4bd0751bdc1917c0ee550af0f38c0531b25bb726d1710c,section,M09,unmarked_default,false positive,MR14,Rebuild stability,preserve,True,False,first=b'Morph-01';second=b'Morph-01',0.125244,,False,"{""binary_bytes_equal"":true,""execution_order"":""build1-extract1-build2-extract2""}"
mutation,H01-gcd.c,bf207a4afdd7e623be4bd0751bdc1917c0ee550af0f38c0531b25bb726d1710c,section,M10,semantic_plus_one,semantic corruption,MR01,Round-trip fidelity,preserve,True,False,extracted=b'Morph-01',0.075719,,False,"{""build"":{""actual_compiler"":""gcc"",""actual_optimization"":""O2"",""binary"":""WORKDIR/section/M10/MR01/marked/build-01/artifact.bin"",""binary_sha256"":""e9fa346e13a18cb9f6e9ef04fd02a0e2c4e7ff5001ea1755df8123926832c01f"",""carrier"":""section"",""command"":[""gcc"",""-std=c11"",""-fno-ident"",""-no-pie"",""-O2"",""WORKDIR/section/M10/MR01/marked/build-01/host.c"",""-o"",""WORKDIR/section/M10/MR01/marked/build-01/artifact.bin""],""effective_payload_hex"":""4d6f7270682d3031"",""key"":""key-alpha"",""mutant_id"":""M10"",""requested_compiler"":""gcc"",""requested_optimization"":""O2"",""requested_payload_hex"":""4d6f7270682d3031"",""return_code"":0,""source"":""WORKDIR/section/M10/MR01/marked/build-01/host.c"",""source_sha256"":""30ed404ab403f719953dc8878828da3023121c78592627f82968e3b257407b34"",""stderr"":""""},""extracted_hex"":""4d6f7270682d3031""}"
mutation,H01-gcd.c,bf207a4afdd7e623be4bd0751bdc1917c0ee550af0f38c0531b25bb726d1710c,section,M10,semantic_plus_one,semantic corruption,MR02,Host-semantic preservation,preserve,False,True,mismatch_count=6,0.129377,,False,"{""mismatches"":[{""base"":""13"",""input"":0,""marked"":""14""},{""base"":""4"",""input"":1,""marked"":""5""},{""base"":""16"",""input"":5,""marked"":""17""},{""base"":""104"",""input"":13,""marked"":""105""},{""base"":""1"",""input"":144,""marked"":""2""},{""base"":""2"",""input"":99991,""marked"":""3""}]}"
mutation,H01-gcd.c,bf207a4afdd7e623be4bd0751bdc1917c0ee550af0f38c0531b25bb726d1710c,section,M10,semantic_plus_one,semantic corruption,MR03,Unmarked rejection,reject,True,False,rejected:absent:custom section .wmrec not found,0.085045,,False,"{""unmarked_binary_sha256"":""17288de5d8ffc83b2223ee650ec19f96fa9b779f3eb45b8e2433c730b7a1e3e2""}"
mutation,H01-gcd.c,bf207a4afdd7e623be4bd0751bdc1917c0ee550af0f38c0531b25bb726d1710c,section,M10,semantic_plus_one,semantic corruption,MR04,Wrong-key rejection,reject,True,False,rejected:wrong-key:key tag mismatch,0.09034,,False,"{""antecedent_guarded"":true,""antecedent_hex"":""4d6f7270682d3031""}"
mutation,H01-gcd.c,bf207a4afdd7e623be4bd0751bdc1917c0ee550af0f38c0531b25bb726d1710c,section,M10,semantic_plus_one,semantic corruption,MR05,Payload separation,separate,True,False,first=b'Morph-01';second=b'Second-2',0.140491,,False,"{""execution_order"":""sequential-builds-then-extract"",""first_hex"":""4d6f7270682d3031"",""second_hex"":""5365636f6e642d32""}"
mutation,H01-gcd.c,bf207a4afdd7e623be4bd0751bdc1917c0ee550af0f38c0531b25bb726d1710c,section,M10,semantic_plus_one,semantic corruption,MR06,Cross-compiler invariance,preserve,True,False,"payloads=b'Morph-01',b'Morph-01';semantic_equal=True",0.154366,,False,"{""clang_actual"":""clang"",""gcc_actual"":""gcc""}"
mutation,H01-gcd.c,bf207a4afdd7e623be4bd0751bdc1917c0ee550af0f38c0531b25bb726d1710c,section,M10,semantic_plus_one,semantic corruption,MR07,Optimization invariance,preserve,True,False,"payloads=['Morph-01', 'Morph-01', 'Morph-01'];semantic_equal=True",0.208672,,False,{}
mutation,H01-gcd.c,bf207a4afdd7e623be4bd0751bdc1917c0ee550af0f38c0531b25bb726d1710c,section,M10,semantic_plus_one,semantic corruption,MR08,Clean-room relocation,preserve,True,False,relocated=b'Morph-01',0.076873,,False,"{""clean_room_entries"":[""renamed-artifact.bin""],""relocated_hex"":""4d6f7270682d3031""}"
mutation,H01-gcd.c,bf207a4afdd7e623be4bd0751bdc1917c0ee550af0f38c0531b25bb726d1710c,section,M10,semantic_plus_one,semantic corruption,MR09,Carrier-removal rejection,reject,True,False,rejected:absent:custom section .wmrec not found,0.085389,,False,"{""antecedent_guarded"":true}"
mutation,H01-gcd.c,bf207a4afdd7e623be4bd0751bdc1917c0ee550af0f38c0531b25bb726d1710c,section,M10,semantic_plus_one,semantic corruption,MR10,Carrier-corruption rejection,reject,True,False,rejected:checksum:payload checksum mismatch,0.08087,,False,"{""antecedent_guarded"":true}"
mutation,H01-gcd.c,bf207a4afdd7e623be4bd0751bdc1917c0ee550af0f38c0531b25bb726d1710c,section,M10,semantic_plus_one,semantic corruption,MR11,Requested/actual trace agreement,trace,True,False,requested=clang/Os;actual=clang/Os,0.092825,,False,"{""build"":{""actual_compiler"":""clang"",""actual_optimization"":""Os"",""binary"":""WORKDIR/section/M10/MR11/trace/build-01/artifact.bin"",""binary_sha256"":""d225d3d9c3abd40232935e987bfc4745d1ab5466b065392b2acf1160237dafb5"",""carrier"":""section"",""command"":[""clang"",""-std=c11"",""-fno-ident"",""-no-pie"",""-Os"",""WORKDIR/section/M10/MR11/trace/build-01/host.c"",""-o"",""WORKDIR/section/M10/MR11/trace/build-01/artifact.bin""],""effective_payload_hex"":""4d6f7270682d3031"",""key"":""key-alpha"",""mutant_id"":""M10"",""requested_compiler"":""clang"",""requested_optimization"":""Os"",""requested_payload_hex"":""4d6f7270682d3031"",""return_code"":0,""source"":""WORKDIR/section/M10/MR11/trace/build-01/host.c"",""source_sha256"":""30ed404ab403f719953dc8878828da3023121c78592627f82968e3b257407b34"",""stderr"":""""}}"
mutation,H01-gcd.c,bf207a4afdd7e623be4bd0751bdc1917c0ee550af0f38c0531b25bb726d1710c,section,M10,semantic_plus_one,semantic corruption,MR12,Interleaved artifact isolation,separate,True,False,parallel_isolation_satisfied,0.090176,,False,"{""aliasing_detected"":false,""both_expected"":true,""execution_order"":""overlapping-builds-then-extract"",""payloads_distinct"":true}"
mutation,H01-gcd.c,bf207a4afdd7e623be4bd0751bdc1917c0ee550af0f38c0531b25bb726d1710c,section,M10,semantic_plus_one,semantic corruption,MR13,Reordered extraction independence,preserve,True,False,before=b'Morph-01';intervening=b'Second-2';after=b'Morph-01',0.150668,,False,"{""intervening_extraction"":true}"
mutation,H01-gcd.c,bf207a4afdd7e623be4bd0751bdc1917c0ee550af0f38c0531b25bb726d1710c,section,M10,semantic_plus_one,semantic corruption,MR14,Rebuild stability,preserve,True,False,first=b'Morph-01';second=b'Morph-01',0.145302,,False,"{""binary_bytes_equal"":true,""execution_order"":""build1-extract1-build2-extract2""}"
mutation,H01-gcd.c,bf207a4afdd7e623be4bd0751bdc1917c0ee550af0f38c0531b25bb726d1710c,section,M11,semantic_input13,semantic corruption,MR01,Round-trip fidelity,preserve,True,False,extracted=b'Morph-01',0.076261,,False,"{""build"":{""actual_compiler"":""gcc"",""actual_optimization"":""O2"",""binary"":""WORKDIR/section/M11/MR01/marked/build-01/artifact.bin"",""binary_sha256"":""9b2aff22474f55cc55758449ac3d64a85af880793e7bb9b7421de83ed73dd5fa"",""carrier"":""section"",""command"":[""gcc"",""-std=c11"",""-fno-ident"",""-no-pie"",""-O2"",""WORKDIR/section/M11/MR01/marked/build-01/host.c"",""-o"",""WORKDIR/section/M11/MR01/marked/build-01/artifact.bin""],""effective_payload_hex"":""4d6f7270682d3031"",""key"":""key-alpha"",""mutant_id"":""M11"",""requested_compiler"":""gcc"",""requested_optimization"":""O2"",""requested_payload_hex"":""4d6f7270682d3031"",""return_code"":0,""source"":""WORKDIR/section/M11/MR01/marked/build-01/host.c"",""source_sha256"":""ca86f8e08b4c154317c45483bc2f7087ebbc08fa00753ba65e010babc6fc4491"",""stderr"":""""},""extracted_hex"":""4d6f7270682d3031""}"
mutation,H01-gcd.c,bf207a4afdd7e623be4bd0751bdc1917c0ee550af0f38c0531b25bb726d1710c,section,M11,semantic_input13,semantic corruption,MR02,Host-semantic preservation,preserve,False,True,mismatch_count=1,0.137767,,False,"{""mismatches"":[{""base"":""104"",""input"":13,""marked"":""105""}]}"
mutation,H01-gcd.c,bf207a4afdd7e623be4bd0751bdc1917c0ee550af0f38c0531b25bb726d1710c,section,M11,semantic_input13,semantic corruption,MR03,Unmarked rejection,reject,True,False,rejected:absent:custom section .wmrec not found,0.069899,,False,"{""unmarked_binary_sha256"":""17288de5d8ffc83b2223ee650ec19f96fa9b779f3eb45b8e2433c730b7a1e3e2""}"
mutation,H01-gcd.c,bf207a4afdd7e623be4bd0751bdc1917c0ee550af0f38c0531b25bb726d1710c,section,M11,semantic_input13,semantic corruption,MR04,Wrong-key rejection,reject,True,False,rejected:wrong-key:key tag mismatch,0.074726,,False,"{""antecedent_guarded"":true,""antecedent_hex"":""4d6f7270682d3031""}"
mutation,H01-gcd.c,bf207a4afdd7e623be4bd0751bdc1917c0ee550af0f38c0531b25bb726d1710c,section,M11,semantic_input13,semantic corruption,MR05,Payload separation,separate,True,False,first=b'Morph-01';second=b'Second-2',0.144625,,False,"{""execution_order"":""sequential-builds-then-extract"",""first_hex"":""4d6f7270682d3031"",""second_hex"":""5365636f6e642d32""}"
mutation,H01-gcd.c,bf207a4afdd7e623be4bd0751bdc1917c0ee550af0f38c0531b25bb726d1710c,section,M11,semantic_input13,semantic corruption,MR06,Cross-compiler invariance,preserve,True,False,"payloads=b'Morph-01',b'Morph-01';semantic_equal=True",0.138421,,False,"{""clang_actual"":""clang"",""gcc_actual"":""gcc""}"
mutation,H01-gcd.c,bf207a4afdd7e623be4bd0751bdc1917c0ee550af0f38c0531b25bb726d1710c,section,M11,semantic_input13,semantic corruption,MR07,Optimization invariance,preserve,True,False,"payloads=['Morph-01', 'Morph-01', 'Morph-01'];semantic_equal=True",0.196538,,False,{}
mutation,H01-gcd.c,bf207a4afdd7e623be4bd0751bdc1917c0ee550af0f38c0531b25bb726d1710c,section,M11,semantic_input13,semantic corruption,MR08,Clean-room relocation,preserve,True,False,relocated=b'Morph-01',0.062012,,False,"{""clean_room_entries"":[""renamed-artifact.bin""],""relocated_hex"":""4d6f7270682d3031""}"
mutation,H01-gcd.c,bf207a4afdd7e623be4bd0751bdc1917c0ee550af0f38c0531b25bb726d1710c,section,M11,semantic_input13,semantic corruption,MR09,Carrier-removal rejection,reject,True,False,rejected:absent:custom section .wmrec not found,0.05113,,False,"{""antecedent_guarded"":true}"
mutation,H01-gcd.c,bf207a4afdd7e623be4bd0751bdc1917c0ee550af0f38c0531b25bb726d1710c,section,M11,semantic_input13,semantic corruption,MR10,Carrier-corruption rejection,reject,True,False,rejected:checksum:payload checksum mismatch,0.093351,,False,"{""antecedent_guarded"":true}"
mutation,H01-gcd.c,bf207a4afdd7e623be4bd0751bdc1917c0ee550af0f38c0531b25bb726d1710c,section,M11,semantic_input13,semantic corruption,MR11,Requested/actual trace agreement,trace,True,False,requested=clang/Os;actual=clang/Os,0.080019,,False,"{""build"":{""actual_compiler"":""clang"",""actual_optimization"":""Os"",""binary"":""WORKDIR/section/M11/MR11/trace/build-01/artifact.bin"",""binary_sha256"":""1b1db4cde3143e65811570eeffbe35b57b4361d85be4626dcffc6578ccc061ff"",""carrier"":""section"",""command"":[""clang"",""-std=c11"",""-fno-ident"",""-no-pie"",""-Os"",""WORKDIR/section/M11/MR11/trace/build-01/host.c"",""-o"",""WORKDIR/section/M11/MR11/trace/build-01/artifact.bin""],""effective_payload_hex"":""4d6f7270682d3031"",""key"":""key-alpha"",""mutant_id"":""M11"",""requested_compiler"":""clang"",""requested_optimization"":""Os"",""requested_payload_hex"":""4d6f7270682d3031"",""return_code"":0,""source"":""WORKDIR/section/M11/MR11/trace/build-01/host.c"",""source_sha256"":""ca86f8e08b4c154317c45483bc2f7087ebbc08fa00753ba65e010babc6fc4491"",""stderr"":""""}}"
mutation,H01-gcd.c,bf207a4afdd7e623be4bd0751bdc1917c0ee550af0f38c0531b25bb726d1710c,section,M11,semantic_input13,semantic corruption,MR12,Interleaved artifact isolation,separate,True,False,parallel_isolation_satisfied,0.085115,,False,"{""aliasing_detected"":false,""both_expected"":true,""execution_order"":""overlapping-builds-then-extract"",""payloads_distinct"":true}"
mutation,H01-gcd.c,bf207a4afdd7e623be4bd0751bdc1917c0ee550af0f38c0531b25bb726d1710c,section,M11,semantic_input13,semantic corruption,MR13,Reordered extraction independence,preserve,True,False,before=b'Morph-01';intervening=b'Second-2';after=b'Morph-01',0.184556,,False,"{""intervening_extraction"":true}"
mutation,H01-gcd.c,bf207a4afdd7e623be4bd0751bdc1917c0ee550af0f38c0531b25bb726d1710c,section,M11,semantic_input13,semantic corruption,MR14,Rebuild stability,preserve,True,False,first=b'Morph-01';second=b'Morph-01',0.15708,,False,"{""binary_bytes_equal"":true,""execution_order"":""build1-extract1-build2-extract2""}"
mutation,H01-gcd.c,bf207a4afdd7e623be4bd0751bdc1917c0ee550af0f38c0531b25bb726d1710c,section,M12,compile_original,stage routing,MR01,Round-trip fidelity,preserve,False,True,exception:ExtractionError:custom section .wmrec not found,0.052217,ExtractionError,False,{}
mutation,H01-gcd.c,bf207a4afdd7e623be4bd0751bdc1917c0ee550af0f38c0531b25bb726d1710c,section,M12,compile_original,stage routing,MR02,Host-semantic preservation,preserve,True,False,mismatch_count=0,0.122431,,False,"{""mismatches"":[]}"
mutation,H01-gcd.c,bf207a4afdd7e623be4bd0751bdc1917c0ee550af0f38c0531b25bb726d1710c,section,M12,compile_original,stage routing,MR03,Unmarked rejection,reject,True,False,rejected:absent:custom section .wmrec not found,0.0786,,False,"{""unmarked_binary_sha256"":""17288de5d8ffc83b2223ee650ec19f96fa9b779f3eb45b8e2433c730b7a1e3e2""}"
mutation,H01-gcd.c,bf207a4afdd7e623be4bd0751bdc1917c0ee550af0f38c0531b25bb726d1710c,section,M12,compile_original,stage routing,MR04,Wrong-key rejection,reject,True,False,rejected:wrong-key:key tag mismatch,0.087241,,False,"{""antecedent_guarded"":true,""antecedent_hex"":""4d6f7270682d3031""}"
mutation,H01-gcd.c,bf207a4afdd7e623be4bd0751bdc1917c0ee550af0f38c0531b25bb726d1710c,section,M12,compile_original,stage routing,MR05,Payload separation,separate,False,True,exception:ExtractionError:custom section .wmrec not found,0.118208,ExtractionError,False,{}
mutation,H01-gcd.c,bf207a4afdd7e623be4bd0751bdc1917c0ee550af0f38c0531b25bb726d1710c,section,M12,compile_original,stage routing,MR06,Cross-compiler invariance,preserve,False,True,exception:ExtractionError:custom section .wmrec not found,0.107962,ExtractionError,False,{}
mutation,H01-gcd.c,bf207a4afdd7e623be4bd0751bdc1917c0ee550af0f38c0531b25bb726d1710c,section,M12,compile_original,stage routing,MR07,Optimization invariance,preserve,False,True,exception:ExtractionError:custom section .wmrec not found,0.15501,ExtractionError,False,{}
mutation,H01-gcd.c,bf207a4afdd7e623be4bd0751bdc1917c0ee550af0f38c0531b25bb726d1710c,section,M12,compile_original,stage routing,MR08,Clean-room relocation,preserve,False,True,exception:ExtractionError:custom section .wmrec not found,0.075193,ExtractionError,False,{}
mutation,H01-gcd.c,bf207a4afdd7e623be4bd0751bdc1917c0ee550af0f38c0531b25bb726d1710c,section,M12,compile_original,stage routing,MR09,Carrier-removal rejection,reject,True,False,rejected:absent:custom section .wmrec not found,0.11307,,False,"{""antecedent_guarded"":true}"
mutation,H01-gcd.c,bf207a4afdd7e623be4bd0751bdc1917c0ee550af0f38c0531b25bb726d1710c,section,M12,compile_original,stage routing,MR10,Carrier-corruption rejection,reject,True,False,rejected:checksum:payload checksum mismatch,0.076859,,False,"{""antecedent_guarded"":true}"
mutation,H01-gcd.c,bf207a4afdd7e623be4bd0751bdc1917c0ee550af0f38c0531b25bb726d1710c,section,M12,compile_original,stage routing,MR11,Requested/actual trace agreement,trace,True,False,requested=clang/Os;actual=clang/Os,0.088642,,False,"{""build"":{""actual_compiler"":""clang"",""actual_optimization"":""Os"",""binary"":""WORKDIR/section/M12/MR11/trace/build-01/artifact.bin"",""binary_sha256"":""8979583311288d6755db67bfb67a745238b66729f18570b075945ee29c1a551b"",""carrier"":""section"",""command"":[""clang"",""-std=c11"",""-fno-ident"",""-no-pie"",""-Os"",""WORKDIR/section/M12/MR11/trace/build-01/host.c"",""-o"",""WORKDIR/section/M12/MR11/trace/build-01/artifact.bin""],""effective_payload_hex"":""4d6f7270682d3031"",""key"":""key-alpha"",""mutant_id"":""M12"",""requested_compiler"":""clang"",""requested_optimization"":""Os"",""requested_payload_hex"":""4d6f7270682d3031"",""return_code"":0,""source"":""WORKDIR/section/M12/MR11/trace/build-01/host.c"",""source_sha256"":""bf207a4afdd7e623be4bd0751bdc1917c0ee550af0f38c0531b25bb726d1710c"",""stderr"":""""}}"
mutation,H01-gcd.c,bf207a4afdd7e623be4bd0751bdc1917c0ee550af0f38c0531b25bb726d1710c,section,M12,compile_original,stage routing,MR12,Interleaved artifact isolation,separate,False,True,exception:ExtractionError:custom section .wmrec not found,0.064858,ExtractionError,False,{}
mutation,H01-gcd.c,bf207a4afdd7e623be4bd0751bdc1917c0ee550af0f38c0531b25bb726d1710c,section,M12,compile_original,stage routing,MR13,Reordered extraction independence,preserve,False,True,exception:ExtractionError:custom section .wmrec not found,0.08701,ExtractionError,False,{}
mutation,H01-gcd.c,bf207a4afdd7e623be4bd0751bdc1917c0ee550af0f38c0531b25bb726d1710c,section,M12,compile_original,stage routing,MR14,Rebuild stability,preserve,False,True,exception:ExtractionError:custom section .wmrec not found,0.0748,ExtractionError,False,{}
mutation,H01-gcd.c,bf207a4afdd7e623be4bd0751bdc1917c0ee550af0f38c0531b25bb726d1710c,section,M13,force_gcc,configuration,MR01,Round-trip fidelity,preserve,True,False,extracted=b'Morph-01',0.051217,,False,"{""build"":{""actual_compiler"":""gcc"",""actual_optimization"":""O2"",""binary"":""WORKDIR/section/M13/MR01/marked/build-01/artifact.bin"",""binary_sha256"":""63cbeff2b0785d492761ce367639a8bbc8e94ddb2cfe720778f8bd6177d67b85"",""carrier"":""section"",""command"":[""gcc"",""-std=c11"",""-fno-ident"",""-no-pie"",""-O2"",""WORKDIR/section/M13/MR01/marked/build-01/host.c"",""-o"",""WORKDIR/section/M13/MR01/marked/build-01/artifact.bin""],""effective_payload_hex"":""4d6f7270682d3031"",""key"":""key-alpha"",""mutant_id"":""M13"",""requested_compiler"":""gcc"",""requested_optimization"":""O2"",""requested_payload_hex"":""4d6f7270682d3031"",""return_code"":0,""source"":""WORKDIR/section/M13/MR01/marked/build-01/host.c"",""source_sha256"":""bf207a4afdd7e623be4bd0751bdc1917c0ee550af0f38c0531b25bb726d1710c"",""stderr"":""""},""extracted_hex"":""4d6f7270682d3031""}"
mutation,H01-gcd.c,bf207a4afdd7e623be4bd0751bdc1917c0ee550af0f38c0531b25bb726d1710c,section,M13,force_gcc,configuration,MR02,Host-semantic preservation,preserve,True,False,mismatch_count=0,0.158519,,False,"{""mismatches"":[]}"
mutation,H01-gcd.c,bf207a4afdd7e623be4bd0751bdc1917c0ee550af0f38c0531b25bb726d1710c,section,M13,force_gcc,configuration,MR03,Unmarked rejection,reject,True,False,rejected:absent:custom section .wmrec not found,0.031049,,False,"{""unmarked_binary_sha256"":""17288de5d8ffc83b2223ee650ec19f96fa9b779f3eb45b8e2433c730b7a1e3e2""}"
mutation,H01-gcd.c,bf207a4afdd7e623be4bd0751bdc1917c0ee550af0f38c0531b25bb726d1710c,section,M13,force_gcc,configuration,MR04,Wrong-key rejection,reject,True,False,rejected:wrong-key:key tag mismatch,0.071163,,False,"{""antecedent_guarded"":true,""antecedent_hex"":""4d6f7270682d3031""}"
mutation,H01-gcd.c,bf207a4afdd7e623be4bd0751bdc1917c0ee550af0f38c0531b25bb726d1710c,section,M13,force_gcc,configuration,MR05,Payload separation,separate,True,False,first=b'Morph-01';second=b'Second-2',0.159714,,False,"{""execution_order"":""sequential-builds-then-extract"",""first_hex"":""4d6f7270682d3031"",""second_hex"":""5365636f6e642d32""}"
mutation,H01-gcd.c,bf207a4afdd7e623be4bd0751bdc1917c0ee550af0f38c0531b25bb726d1710c,section,M13,force_gcc,configuration,MR06,Cross-compiler invariance,preserve,True,False,"payloads=b'Morph-01',b'Morph-01';semantic_equal=True",0.155472,,False,"{""clang_actual"":""gcc"",""gcc_actual"":""gcc""}"
mutation,H01-gcd.c,bf207a4afdd7e623be4bd0751bdc1917c0ee550af0f38c0531b25bb726d1710c,section,M13,force_gcc,configuration,MR07,Optimization invariance,preserve,True,False,"payloads=['Morph-01', 'Morph-01', 'Morph-01'];semantic_equal=True",0.224625,,False,{}
mutation,H01-gcd.c,bf207a4afdd7e623be4bd0751bdc1917c0ee550af0f38c0531b25bb726d1710c,section,M13,force_gcc,configuration,MR08,Clean-room relocation,preserve,True,False,relocated=b'Morph-01',0.084925,,False,"{""clean_room_entries"":[""renamed-artifact.bin""],""relocated_hex"":""4d6f7270682d3031""}"
mutation,H01-gcd.c,bf207a4afdd7e623be4bd0751bdc1917c0ee550af0f38c0531b25bb726d1710c,section,M13,force_gcc,configuration,MR09,Carrier-removal rejection,reject,True,False,rejected:absent:custom section .wmrec not found,0.083027,,False,"{""antecedent_guarded"":true}"
mutation,H01-gcd.c,bf207a4afdd7e623be4bd0751bdc1917c0ee550af0f38c0531b25bb726d1710c,section,M13,force_gcc,configuration,MR10,Carrier-corruption rejection,reject,True,False,rejected:checksum:payload checksum mismatch,0.074474,,False,"{""antecedent_guarded"":true}"
mutation,H01-gcd.c,bf207a4afdd7e623be4bd0751bdc1917c0ee550af0f38c0531b25bb726d1710c,section,M13,force_gcc,configuration,MR11,Requested/actual trace agreement,trace,False,True,requested=clang/Os;actual=gcc/Os,0.046837,,False,"{""build"":{""actual_compiler"":""gcc"",""actual_optimization"":""Os"",""binary"":""WORKDIR/section/M13/MR11/trace/build-01/artifact.bin"",""binary_sha256"":""536203b03d275ac01867599e3754d1b40589473421d70f4477920cc4e53f2419"",""carrier"":""section"",""command"":[""gcc"",""-std=c11"",""-fno-ident"",""-no-pie"",""-Os"",""WORKDIR/section/M13/MR11/trace/build-01/host.c"",""-o"",""WORKDIR/section/M13/MR11/trace/build-01/artifact.bin""],""effective_payload_hex"":""4d6f7270682d3031"",""key"":""key-alpha"",""mutant_id"":""M13"",""requested_compiler"":""clang"",""requested_optimization"":""Os"",""requested_payload_hex"":""4d6f7270682d3031"",""return_code"":0,""source"":""WORKDIR/section/M13/MR11/trace/build-01/host.c"",""source_sha256"":""bf207a4afdd7e623be4bd0751bdc1917c0ee550af0f38c0531b25bb726d1710c"",""stderr"":""""}}"
mutation,H01-gcd.c,bf207a4afdd7e623be4bd0751bdc1917c0ee550af0f38c0531b25bb726d1710c,section,M13,force_gcc,configuration,MR12,Interleaved artifact isolation,separate,True,False,parallel_isolation_satisfied,0.074965,,False,"{""aliasing_detected"":false,""both_expected"":true,""execution_order"":""overlapping-builds-then-extract"",""payloads_distinct"":true}"
mutation,H01-gcd.c,bf207a4afdd7e623be4bd0751bdc1917c0ee550af0f38c0531b25bb726d1710c,section,M13,force_gcc,configuration,MR13,Reordered extraction independence,preserve,True,False,before=b'Morph-01';intervening=b'Second-2';after=b'Morph-01',0.132277,,False,"{""intervening_extraction"":true}"
mutation,H01-gcd.c,bf207a4afdd7e623be4bd0751bdc1917c0ee550af0f38c0531b25bb726d1710c,section,M13,force_gcc,configuration,MR14,Rebuild stability,preserve,True,False,first=b'Morph-01';second=b'Morph-01',0.128346,,False,"{""binary_bytes_equal"":true,""execution_order"":""build1-extract1-build2-extract2""}"
mutation,H01-gcd.c,bf207a4afdd7e623be4bd0751bdc1917c0ee550af0f38c0531b25bb726d1710c,section,M14,force_O0,configuration,MR01,Round-trip fidelity,preserve,True,False,extracted=b'Morph-01',0.085967,,False,"{""build"":{""actual_compiler"":""gcc"",""actual_optimization"":""O0"",""binary"":""WORKDIR/section/M14/MR01/marked/build-01/artifact.bin"",""binary_sha256"":""05fb1320529a6af646b8ea2321c0e83ec10eaa89ee2a9bff9314e90d0c3bc4a1"",""carrier"":""section"",""command"":[""gcc"",""-std=c11"",""-fno-ident"",""-no-pie"",""-O0"",""WORKDIR/section/M14/MR01/marked/build-01/host.c"",""-o"",""WORKDIR/section/M14/MR01/marked/build-01/artifact.bin""],""effective_payload_hex"":""4d6f7270682d3031"",""key"":""key-alpha"",""mutant_id"":""M14"",""requested_compiler"":""gcc"",""requested_optimization"":""O2"",""requested_payload_hex"":""4d6f7270682d3031"",""return_code"":0,""source"":""WORKDIR/section/M14/MR01/marked/build-01/host.c"",""source_sha256"":""bf207a4afdd7e623be4bd0751bdc1917c0ee550af0f38c0531b25bb726d1710c"",""stderr"":""""},""extracted_hex"":""4d6f7270682d3031""}"
mutation,H01-gcd.c,bf207a4afdd7e623be4bd0751bdc1917c0ee550af0f38c0531b25bb726d1710c,section,M14,force_O0,configuration,MR02,Host-semantic preservation,preserve,True,False,mismatch_count=0,0.123732,,False,"{""mismatches"":[]}"
mutation,H01-gcd.c,bf207a4afdd7e623be4bd0751bdc1917c0ee550af0f38c0531b25bb726d1710c,section,M14,force_O0,configuration,MR03,Unmarked rejection,reject,True,False,rejected:absent:custom section .wmrec not found,0.05565,,False,"{""unmarked_binary_sha256"":""9b4d3b3c14fed8daa1b0d67cbd603737a48b61b6fcbe1d6f6b318081d458be0b""}"
mutation,H01-gcd.c,bf207a4afdd7e623be4bd0751bdc1917c0ee550af0f38c0531b25bb726d1710c,section,M14,force_O0,configuration,MR04,Wrong-key rejection,reject,True,False,rejected:wrong-key:key tag mismatch,0.040222,,False,"{""antecedent_guarded"":true,""antecedent_hex"":""4d6f7270682d3031""}"
mutation,H01-gcd.c,bf207a4afdd7e623be4bd0751bdc1917c0ee550af0f38c0531b25bb726d1710c,section,M14,force_O0,configuration,MR05,Payload separation,separate,True,False,first=b'Morph-01';second=b'Second-2',0.122283,,False,"{""execution_order"":""sequential-builds-then-extract"",""first_hex"":""4d6f7270682d3031"",""second_hex"":""5365636f6e642d32""}"
mutation,H01-gcd.c,bf207a4afdd7e623be4bd0751bdc1917c0ee550af0f38c0531b25bb726d1710c,section,M14,force_O0,configuration,MR06,Cross-compiler invariance,preserve,True,False,"payloads=b'Morph-01',b'Morph-01';semantic_equal=True",0.118872,,False,"{""clang_actual"":""clang"",""gcc_actual"":""gcc""}"
mutation,H01-gcd.c,bf207a4afdd7e623be4bd0751bdc1917c0ee550af0f38c0531b25bb726d1710c,section,M14,force_O0,configuration,MR07,Optimization invariance,preserve,True,False,"payloads=['Morph-01', 'Morph-01', 'Morph-01'];semantic_equal=True",0.256949,,False,{}
mutation,H01-gcd.c,bf207a4afdd7e623be4bd0751bdc1917c0ee550af0f38c0531b25bb726d1710c,section,M14,force_O0,configuration,MR08,Clean-room relocation,preserve,True,False,relocated=b'Morph-01',0.082623,,False,"{""clean_room_entries"":[""renamed-artifact.bin""],""relocated_hex"":""4d6f7270682d3031""}"
mutation,H01-gcd.c,bf207a4afdd7e623be4bd0751bdc1917c0ee550af0f38c0531b25bb726d1710c,section,M14,force_O0,configuration,MR09,Carrier-removal rejection,reject,True,False,rejected:absent:custom section .wmrec not found,0.075933,,False,"{""antecedent_guarded"":true}"
mutation,H01-gcd.c,bf207a4afdd7e623be4bd0751bdc1917c0ee550af0f38c0531b25bb726d1710c,section,M14,force_O0,configuration,MR10,Carrier-corruption rejection,reject,True,False,rejected:checksum:payload checksum mismatch,0.098062,,False,"{""antecedent_guarded"":true}"
mutation,H01-gcd.c,bf207a4afdd7e623be4bd0751bdc1917c0ee550af0f38c0531b25bb726d1710c,section,M14,force_O0,configuration,MR11,Requested/actual trace agreement,trace,False,True,requested=clang/Os;actual=clang/O0,0.060981,,False,"{""build"":{""actual_compiler"":""clang"",""actual_optimization"":""O0"",""binary"":""WORKDIR/section/M14/MR11/trace/build-01/artifact.bin"",""binary_sha256"":""7f62562f066731224c4ff4220a4de8faf049f2a4ce2bda89adb67824c1cc049c"",""carrier"":""section"",""command"":[""clang"",""-std=c11"",""-fno-ident"",""-no-pie"",""-O0"",""WORKDIR/section/M14/MR11/trace/build-01/host.c"",""-o"",""WORKDIR/section/M14/MR11/trace/build-01/artifact.bin""],""effective_payload_hex"":""4d6f7270682d3031"",""key"":""key-alpha"",""mutant_id"":""M14"",""requested_compiler"":""clang"",""requested_optimization"":""Os"",""requested_payload_hex"":""4d6f7270682d3031"",""return_code"":0,""source"":""WORKDIR/section/M14/MR11/trace/build-01/host.c"",""source_sha256"":""bf207a4afdd7e623be4bd0751bdc1917c0ee550af0f38c0531b25bb726d1710c"",""stderr"":""""}}"
mutation,H01-gcd.c,bf207a4afdd7e623be4bd0751bdc1917c0ee550af0f38c0531b25bb726d1710c,section,M14,force_O0,configuration,MR12,Interleaved artifact isolation,separate,True,False,parallel_isolation_satisfied,0.087358,,False,"{""aliasing_detected"":false,""both_expected"":true,""execution_order"":""overlapping-builds-then-extract"",""payloads_distinct"":true}"
mutation,H01-gcd.c,bf207a4afdd7e623be4bd0751bdc1917c0ee550af0f38c0531b25bb726d1710c,section,M14,force_O0,configuration,MR13,Reordered extraction independence,preserve,True,False,before=b'Morph-01';intervening=b'Second-2';after=b'Morph-01',0.104428,,False,"{""intervening_extraction"":true}"
mutation,H01-gcd.c,bf207a4afdd7e623be4bd0751bdc1917c0ee550af0f38c0531b25bb726d1710c,section,M14,force_O0,configuration,MR14,Rebuild stability,preserve,True,False,first=b'Morph-01';second=b'Morph-01',0.110394,,False,"{""binary_bytes_equal"":true,""execution_order"":""build1-extract1-build2-extract2""}"
mutation,H01-gcd.c,bf207a4afdd7e623be4bd0751bdc1917c0ee550af0f38c0531b25bb726d1710c,section,M15,transform_noop,transformation,MR01,Round-trip fidelity,preserve,True,False,extracted=b'Morph-01',0.076988,,False,"{""build"":{""actual_compiler"":""gcc"",""actual_optimization"":""O2"",""binary"":""WORKDIR/section/M15/MR01/marked/build-01/artifact.bin"",""binary_sha256"":""63cbeff2b0785d492761ce367639a8bbc8e94ddb2cfe720778f8bd6177d67b85"",""carrier"":""section"",""command"":[""gcc"",""-std=c11"",""-fno-ident"",""-no-pie"",""-O2"",""WORKDIR/section/M15/MR01/marked/build-01/host.c"",""-o"",""WORKDIR/section/M15/MR01/marked/build-01/artifact.bin""],""effective_payload_hex"":""4d6f7270682d3031"",""key"":""key-alpha"",""mutant_id"":""M15"",""requested_compiler"":""gcc"",""requested_optimization"":""O2"",""requested_payload_hex"":""4d6f7270682d3031"",""return_code"":0,""source"":""WORKDIR/section/M15/MR01/marked/build-01/host.c"",""source_sha256"":""bf207a4afdd7e623be4bd0751bdc1917c0ee550af0f38c0531b25bb726d1710c"",""stderr"":""""},""extracted_hex"":""4d6f7270682d3031""}"
mutation,H01-gcd.c,bf207a4afdd7e623be4bd0751bdc1917c0ee550af0f38c0531b25bb726d1710c,section,M15,transform_noop,transformation,MR02,Host-semantic preservation,preserve,True,False,mismatch_count=0,0.152944,,False,"{""mismatches"":[]}"
mutation,H01-gcd.c,bf207a4afdd7e623be4bd0751bdc1917c0ee550af0f38c0531b25bb726d1710c,section,M15,transform_noop,transformation,MR03,Unmarked rejection,reject,True,False,rejected:absent:custom section .wmrec not found,0.073746,,False,"{""unmarked_binary_sha256"":""17288de5d8ffc83b2223ee650ec19f96fa9b779f3eb45b8e2433c730b7a1e3e2""}"
mutation,H01-gcd.c,bf207a4afdd7e623be4bd0751bdc1917c0ee550af0f38c0531b25bb726d1710c,section,M15,transform_noop,transformation,MR04,Wrong-key rejection,reject,True,False,rejected:wrong-key:key tag mismatch,0.070408,,False,"{""antecedent_guarded"":true,""antecedent_hex"":""4d6f7270682d3031""}"
mutation,H01-gcd.c,bf207a4afdd7e623be4bd0751bdc1917c0ee550af0f38c0531b25bb726d1710c,section,M15,transform_noop,transformation,MR05,Payload separation,separate,True,False,first=b'Morph-01';second=b'Second-2',0.141263,,False,"{""execution_order"":""sequential-builds-then-extract"",""first_hex"":""4d6f7270682d3031"",""second_hex"":""5365636f6e642d32""}"
mutation,H01-gcd.c,bf207a4afdd7e623be4bd0751bdc1917c0ee550af0f38c0531b25bb726d1710c,section,M15,transform_noop,transformation,MR06,Cross-compiler invariance,preserve,True,False,"payloads=b'Morph-01',b'Morph-01';semantic_equal=True",0.180183,,False,"{""clang_actual"":""clang"",""gcc_actual"":""gcc""}"
mutation,H01-gcd.c,bf207a4afdd7e623be4bd0751bdc1917c0ee550af0f38c0531b25bb726d1710c,section,M15,transform_noop,transformation,MR07,Optimization invariance,preserve,True,False,"payloads=['Morph-01', 'Morph-01', 'Morph-01'];semantic_equal=True",0.263743,,False,{}
mutation,H01-gcd.c,bf207a4afdd7e623be4bd0751bdc1917c0ee550af0f38c0531b25bb726d1710c,section,M15,transform_noop,transformation,MR08,Clean-room relocation,preserve,True,False,relocated=b'Morph-01',0.073124,,False,"{""clean_room_entries"":[""renamed-artifact.bin""],""relocated_hex"":""4d6f7270682d3031""}"
mutation,H01-gcd.c,bf207a4afdd7e623be4bd0751bdc1917c0ee550af0f38c0531b25bb726d1710c,section,M15,transform_noop,transformation,MR09,Carrier-removal rejection,reject,False,True,spurious robustness:accepted:b'Morph-01',0.067139,,False,"{""antecedent_guarded"":true}"
mutation,H01-gcd.c,bf207a4afdd7e623be4bd0751bdc1917c0ee550af0f38c0531b25bb726d1710c,section,M15,transform_noop,transformation,MR10,Carrier-corruption rejection,reject,True,False,rejected:checksum:payload checksum mismatch,0.094892,,False,"{""antecedent_guarded"":true}"
mutation,H01-gcd.c,bf207a4afdd7e623be4bd0751bdc1917c0ee550af0f38c0531b25bb726d1710c,section,M15,transform_noop,transformation,MR11,Requested/actual trace agreement,trace,True,False,requested=clang/Os;actual=clang/Os,0.060273,,False,"{""build"":{""actual_compiler"":""clang"",""actual_optimization"":""Os"",""binary"":""WORKDIR/section/M15/MR11/trace/build-01/artifact.bin"",""binary_sha256"":""d5d8525397dedc90fa4792ce87b67efca4a48048626cb76d2fe61da67d4f779a"",""carrier"":""section"",""command"":[""clang"",""-std=c11"",""-fno-ident"",""-no-pie"",""-Os"",""WORKDIR/section/M15/MR11/trace/build-01/host.c"",""-o"",""WORKDIR/section/M15/MR11/trace/build-01/artifact.bin""],""effective_payload_hex"":""4d6f7270682d3031"",""key"":""key-alpha"",""mutant_id"":""M15"",""requested_compiler"":""clang"",""requested_optimization"":""Os"",""requested_payload_hex"":""4d6f7270682d3031"",""return_code"":0,""source"":""WORKDIR/section/M15/MR11/trace/build-01/host.c"",""source_sha256"":""bf207a4afdd7e623be4bd0751bdc1917c0ee550af0f38c0531b25bb726d1710c"",""stderr"":""""}}"
mutation,H01-gcd.c,bf207a4afdd7e623be4bd0751bdc1917c0ee550af0f38c0531b25bb726d1710c,section,M15,transform_noop,transformation,MR12,Interleaved artifact isolation,separate,True,False,parallel_isolation_satisfied,0.102911,,False,"{""aliasing_detected"":false,""both_expected"":true,""execution_order"":""overlapping-builds-then-extract"",""payloads_distinct"":true}"
mutation,H01-gcd.c,bf207a4afdd7e623be4bd0751bdc1917c0ee550af0f38c0531b25bb726d1710c,section,M15,transform_noop,transformation,MR13,Reordered extraction independence,preserve,True,False,before=b'Morph-01';intervening=b'Second-2';after=b'Morph-01',0.113226,,False,"{""intervening_extraction"":true}"
mutation,H01-gcd.c,bf207a4afdd7e623be4bd0751bdc1917c0ee550af0f38c0531b25bb726d1710c,section,M15,transform_noop,transformation,MR14,Rebuild stability,preserve,True,False,first=b'Morph-01';second=b'Morph-01',0.15576,,False,"{""binary_bytes_equal"":true,""execution_order"":""build1-extract1-build2-extract2""}"
mutation,H01-gcd.c,bf207a4afdd7e623be4bd0751bdc1917c0ee550af0f38c0531b25bb726d1710c,section,M16,checksum_bypass,integrity,MR01,Round-trip fidelity,preserve,True,False,extracted=b'Morph-01',0.069233,,False,"{""build"":{""actual_compiler"":""gcc"",""actual_optimization"":""O2"",""binary"":""WORKDIR/section/M16/MR01/marked/build-01/artifact.bin"",""binary_sha256"":""63cbeff2b0785d492761ce367639a8bbc8e94ddb2cfe720778f8bd6177d67b85"",""carrier"":""section"",""command"":[""gcc"",""-std=c11"",""-fno-ident"",""-no-pie"",""-O2"",""WORKDIR/section/M16/MR01/marked/build-01/host.c"",""-o"",""WORKDIR/section/M16/MR01/marked/build-01/artifact.bin""],""effective_payload_hex"":""4d6f7270682d3031"",""key"":""key-alpha"",""mutant_id"":""M16"",""requested_compiler"":""gcc"",""requested_optimization"":""O2"",""requested_payload_hex"":""4d6f7270682d3031"",""return_code"":0,""source"":""WORKDIR/section/M16/MR01/marked/build-01/host.c"",""source_sha256"":""bf207a4afdd7e623be4bd0751bdc1917c0ee550af0f38c0531b25bb726d1710c"",""stderr"":""""},""extracted_hex"":""4d6f7270682d3031""}"
mutation,H01-gcd.c,bf207a4afdd7e623be4bd0751bdc1917c0ee550af0f38c0531b25bb726d1710c,section,M16,checksum_bypass,integrity,MR02,Host-semantic preservation,preserve,True,False,mismatch_count=0,0.112049,,False,"{""mismatches"":[]}"
mutation,H01-gcd.c,bf207a4afdd7e623be4bd0751bdc1917c0ee550af0f38c0531b25bb726d1710c,section,M16,checksum_bypass,integrity,MR03,Unmarked rejection,reject,True,False,rejected:absent:custom section .wmrec not found,0.056281,,False,"{""unmarked_binary_sha256"":""17288de5d8ffc83b2223ee650ec19f96fa9b779f3eb45b8e2433c730b7a1e3e2""}"
mutation,H01-gcd.c,bf207a4afdd7e623be4bd0751bdc1917c0ee550af0f38c0531b25bb726d1710c,section,M16,checksum_bypass,integrity,MR04,Wrong-key rejection,reject,True,False,rejected:wrong-key:key tag mismatch,0.071756,,False,"{""antecedent_guarded"":true,""antecedent_hex"":""4d6f7270682d3031""}"
mutation,H01-gcd.c,bf207a4afdd7e623be4bd0751bdc1917c0ee550af0f38c0531b25bb726d1710c,section,M16,checksum_bypass,integrity,MR05,Payload separation,separate,True,False,first=b'Morph-01';second=b'Second-2',0.098095,,False,"{""execution_order"":""sequential-builds-then-extract"",""first_hex"":""4d6f7270682d3031"",""second_hex"":""5365636f6e642d32""}"
mutation,H01-gcd.c,bf207a4afdd7e623be4bd0751bdc1917c0ee550af0f38c0531b25bb726d1710c,section,M16,checksum_bypass,integrity,MR06,Cross-compiler invariance,preserve,True,False,"payloads=b'Morph-01',b'Morph-01';semantic_equal=True",0.196239,,False,"{""clang_actual"":""clang"",""gcc_actual"":""gcc""}"
mutation,H01-gcd.c,bf207a4afdd7e623be4bd0751bdc1917c0ee550af0f38c0531b25bb726d1710c,section,M16,checksum_bypass,integrity,MR07,Optimization invariance,preserve,True,False,"payloads=['Morph-01', 'Morph-01', 'Morph-01'];semantic_equal=True",0.217297,,False,{}
mutation,H01-gcd.c,bf207a4afdd7e623be4bd0751bdc1917c0ee550af0f38c0531b25bb726d1710c,section,M16,checksum_bypass,integrity,MR08,Clean-room relocation,preserve,True,False,relocated=b'Morph-01',0.078478,,False,"{""clean_room_entries"":[""renamed-artifact.bin""],""relocated_hex"":""4d6f7270682d3031""}"
mutation,H01-gcd.c,bf207a4afdd7e623be4bd0751bdc1917c0ee550af0f38c0531b25bb726d1710c,section,M16,checksum_bypass,integrity,MR09,Carrier-removal rejection,reject,True,False,rejected:absent:custom section .wmrec not found,0.076415,,False,"{""antecedent_guarded"":true}"
mutation,H01-gcd.c,bf207a4afdd7e623be4bd0751bdc1917c0ee550af0f38c0531b25bb726d1710c,section,M16,checksum_bypass,integrity,MR10,Carrier-corruption rejection,reject,False,True,corruption accepted:accepted:b'Morph-01',0.093155,,False,"{""antecedent_guarded"":true}"
mutation,H01-gcd.c,bf207a4afdd7e623be4bd0751bdc1917c0ee550af0f38c0531b25bb726d1710c,section,M16,checksum_bypass,integrity,MR11,Requested/actual trace agreement,trace,True,False,requested=clang/Os;actual=clang/Os,0.074907,,False,"{""build"":{""actual_compiler"":""clang"",""actual_optimization"":""Os"",""binary"":""WORKDIR/section/M16/MR11/trace/build-01/artifact.bin"",""binary_sha256"":""d5d8525397dedc90fa4792ce87b67efca4a48048626cb76d2fe61da67d4f779a"",""carrier"":""section"",""command"":[""clang"",""-std=c11"",""-fno-ident"",""-no-pie"",""-Os"",""WORKDIR/section/M16/MR11/trace/build-01/host.c"",""-o"",""WORKDIR/section/M16/MR11/trace/build-01/artifact.bin""],""effective_payload_hex"":""4d6f7270682d3031"",""key"":""key-alpha"",""mutant_id"":""M16"",""requested_compiler"":""clang"",""requested_optimization"":""Os"",""requested_payload_hex"":""4d6f7270682d3031"",""return_code"":0,""source"":""WORKDIR/section/M16/MR11/trace/build-01/host.c"",""source_sha256"":""bf207a4afdd7e623be4bd0751bdc1917c0ee550af0f38c0531b25bb726d1710c"",""stderr"":""""}}"
mutation,H01-gcd.c,bf207a4afdd7e623be4bd0751bdc1917c0ee550af0f38c0531b25bb726d1710c,section,M16,checksum_bypass,integrity,MR12,Interleaved artifact isolation,separate,True,False,parallel_isolation_satisfied,0.072351,,False,"{""aliasing_detected"":false,""both_expected"":true,""execution_order"":""overlapping-builds-then-extract"",""payloads_distinct"":true}"
mutation,H01-gcd.c,bf207a4afdd7e623be4bd0751bdc1917c0ee550af0f38c0531b25bb726d1710c,section,M16,checksum_bypass,integrity,MR13,Reordered extraction independence,preserve,True,False,before=b'Morph-01';intervening=b'Second-2';after=b'Morph-01',0.124248,,False,"{""intervening_extraction"":true}"
mutation,H01-gcd.c,bf207a4afdd7e623be4bd0751bdc1917c0ee550af0f38c0531b25bb726d1710c,section,M16,checksum_bypass,integrity,MR14,Rebuild stability,preserve,True,False,first=b'Morph-01';second=b'Morph-01',0.135209,,False,"{""binary_bytes_equal"":true,""execution_order"":""build1-extract1-build2-extract2""}"
mutation,H01-gcd.c,bf207a4afdd7e623be4bd0751bdc1917c0ee550af0f38c0531b25bb726d1710c,section,M17,filename_bound,artifact binding,MR01,Round-trip fidelity,preserve,True,False,extracted=b'Morph-01',0.086571,,False,"{""build"":{""actual_compiler"":""gcc"",""actual_optimization"":""O2"",""binary"":""WORKDIR/section/M17/MR01/marked/build-01/artifact.bin"",""binary_sha256"":""63cbeff2b0785d492761ce367639a8bbc8e94ddb2cfe720778f8bd6177d67b85"",""carrier"":""section"",""command"":[""gcc"",""-std=c11"",""-fno-ident"",""-no-pie"",""-O2"",""WORKDIR/section/M17/MR01/marked/build-01/host.c"",""-o"",""WORKDIR/section/M17/MR01/marked/build-01/artifact.bin""],""effective_payload_hex"":""4d6f7270682d3031"",""key"":""key-alpha"",""mutant_id"":""M17"",""requested_compiler"":""gcc"",""requested_optimization"":""O2"",""requested_payload_hex"":""4d6f7270682d3031"",""return_code"":0,""source"":""WORKDIR/section/M17/MR01/marked/build-01/host.c"",""source_sha256"":""bf207a4afdd7e623be4bd0751bdc1917c0ee550af0f38c0531b25bb726d1710c"",""stderr"":""""},""extracted_hex"":""4d6f7270682d3031""}"
mutation,H01-gcd.c,bf207a4afdd7e623be4bd0751bdc1917c0ee550af0f38c0531b25bb726d1710c,section,M17,filename_bound,artifact binding,MR02,Host-semantic preservation,preserve,True,False,mismatch_count=0,0.151141,,False,"{""mismatches"":[]}"
mutation,H01-gcd.c,bf207a4afdd7e623be4bd0751bdc1917c0ee550af0f38c0531b25bb726d1710c,section,M17,filename_bound,artifact binding,MR03,Unmarked rejection,reject,True,False,rejected:absent:custom section .wmrec not found,0.052212,,False,"{""unmarked_binary_sha256"":""17288de5d8ffc83b2223ee650ec19f96fa9b779f3eb45b8e2433c730b7a1e3e2""}"
mutation,H01-gcd.c,bf207a4afdd7e623be4bd0751bdc1917c0ee550af0f38c0531b25bb726d1710c,section,M17,filename_bound,artifact binding,MR04,Wrong-key rejection,reject,True,False,rejected:wrong-key:key tag mismatch,0.08716,,False,"{""antecedent_guarded"":true,""antecedent_hex"":""4d6f7270682d3031""}"
mutation,H01-gcd.c,bf207a4afdd7e623be4bd0751bdc1917c0ee550af0f38c0531b25bb726d1710c,section,M17,filename_bound,artifact binding,MR05,Payload separation,separate,True,False,first=b'Morph-01';second=b'Second-2',0.142073,,False,"{""execution_order"":""sequential-builds-then-extract"",""first_hex"":""4d6f7270682d3031"",""second_hex"":""5365636f6e642d32""}"
mutation,H01-gcd.c,bf207a4afdd7e623be4bd0751bdc1917c0ee550af0f38c0531b25bb726d1710c,section,M17,filename_bound,artifact binding,MR06,Cross-compiler invariance,preserve,True,False,"payloads=b'Morph-01',b'Morph-01';semantic_equal=True",0.190381,,False,"{""clang_actual"":""clang"",""gcc_actual"":""gcc""}"
mutation,H01-gcd.c,bf207a4afdd7e623be4bd0751bdc1917c0ee550af0f38c0531b25bb726d1710c,section,M17,filename_bound,artifact binding,MR07,Optimization invariance,preserve,True,False,"payloads=['Morph-01', 'Morph-01', 'Morph-01'];semantic_equal=True",0.23085,,False,{}
mutation,H01-gcd.c,bf207a4afdd7e623be4bd0751bdc1917c0ee550af0f38c0531b25bb726d1710c,section,M17,filename_bound,artifact binding,MR08,Clean-room relocation,preserve,False,True,exception:ExtractionError:artifact path is not an original build path,0.071466,ExtractionError,False,{}
mutation,H01-gcd.c,bf207a4afdd7e623be4bd0751bdc1917c0ee550af0f38c0531b25bb726d1710c,section,M17,filename_bound,artifact binding,MR09,Carrier-removal rejection,reject,True,False,rejected:path:artifact path is not an original build path,0.092985,,False,"{""antecedent_guarded"":true}"
mutation,H01-gcd.c,bf207a4afdd7e623be4bd0751bdc1917c0ee550af0f38c0531b25bb726d1710c,section,M17,filename_bound,artifact binding,MR10,Carrier-corruption rejection,reject,True,False,rejected:path:artifact path is not an original build path,0.067094,,False,"{""antecedent_guarded"":true}"
mutation,H01-gcd.c,bf207a4afdd7e623be4bd0751bdc1917c0ee550af0f38c0531b25bb726d1710c,section,M17,filename_bound,artifact binding,MR11,Requested/actual trace agreement,trace,True,False,requested=clang/Os;actual=clang/Os,0.064744,,False,"{""build"":{""actual_compiler"":""clang"",""actual_optimization"":""Os"",""binary"":""WORKDIR/section/M17/MR11/trace/build-01/artifact.bin"",""binary_sha256"":""d5d8525397dedc90fa4792ce87b67efca4a48048626cb76d2fe61da67d4f779a"",""carrier"":""section"",""command"":[""clang"",""-std=c11"",""-fno-ident"",""-no-pie"",""-Os"",""WORKDIR/section/M17/MR11/trace/build-01/host.c"",""-o"",""WORKDIR/section/M17/MR11/trace/build-01/artifact.bin""],""effective_payload_hex"":""4d6f7270682d3031"",""key"":""key-alpha"",""mutant_id"":""M17"",""requested_compiler"":""clang"",""requested_optimization"":""Os"",""requested_payload_hex"":""4d6f7270682d3031"",""return_code"":0,""source"":""WORKDIR/section/M17/MR11/trace/build-01/host.c"",""source_sha256"":""bf207a4afdd7e623be4bd0751bdc1917c0ee550af0f38c0531b25bb726d1710c"",""stderr"":""""}}"
mutation,H01-gcd.c,bf207a4afdd7e623be4bd0751bdc1917c0ee550af0f38c0531b25bb726d1710c,section,M17,filename_bound,artifact binding,MR12,Interleaved artifact isolation,separate,True,False,parallel_isolation_satisfied,0.093657,,False,"{""aliasing_detected"":false,""both_expected"":true,""execution_order"":""overlapping-builds-then-extract"",""payloads_distinct"":true}"
mutation,H01-gcd.c,bf207a4afdd7e623be4bd0751bdc1917c0ee550af0f38c0531b25bb726d1710c,section,M17,filename_bound,artifact binding,MR13,Reordered extraction independence,preserve,True,False,before=b'Morph-01';intervening=b'Second-2';after=b'Morph-01',0.146599,,False,"{""intervening_extraction"":true}"
mutation,H01-gcd.c,bf207a4afdd7e623be4bd0751bdc1917c0ee550af0f38c0531b25bb726d1710c,section,M17,filename_bound,artifact binding,MR14,Rebuild stability,preserve,True,False,first=b'Morph-01';second=b'Morph-01',0.118739,,False,"{""binary_bytes_equal"":true,""execution_order"":""build1-extract1-build2-extract2""}"
mutation,H01-gcd.c,bf207a4afdd7e623be4bd0751bdc1917c0ee550af0f38c0531b25bb726d1710c,section,M18,stale_binary,state,MR01,Round-trip fidelity,preserve,True,False,extracted=b'Morph-01',0.076021,,False,"{""build"":{""actual_compiler"":""gcc"",""actual_optimization"":""O2"",""binary"":""WORKDIR/section/M18/MR01/marked/build-01/artifact.bin"",""binary_sha256"":""63cbeff2b0785d492761ce367639a8bbc8e94ddb2cfe720778f8bd6177d67b85"",""carrier"":""section"",""command"":[""gcc"",""-std=c11"",""-fno-ident"",""-no-pie"",""-O2"",""WORKDIR/section/M18/MR01/marked/build-01/host.c"",""-o"",""WORKDIR/section/M18/MR01/marked/build-01/artifact.bin""],""effective_payload_hex"":""4d6f7270682d3031"",""key"":""key-alpha"",""mutant_id"":""M18"",""requested_compiler"":""gcc"",""requested_optimization"":""O2"",""requested_payload_hex"":""4d6f7270682d3031"",""return_code"":0,""source"":""WORKDIR/section/M18/MR01/marked/build-01/host.c"",""source_sha256"":""bf207a4afdd7e623be4bd0751bdc1917c0ee550af0f38c0531b25bb726d1710c"",""stderr"":""""},""extracted_hex"":""4d6f7270682d3031""}"
mutation,H01-gcd.c,bf207a4afdd7e623be4bd0751bdc1917c0ee550af0f38c0531b25bb726d1710c,section,M18,stale_binary,state,MR02,Host-semantic preservation,preserve,True,False,mismatch_count=0,0.174931,,False,"{""mismatches"":[]}"
mutation,H01-gcd.c,bf207a4afdd7e623be4bd0751bdc1917c0ee550af0f38c0531b25bb726d1710c,section,M18,stale_binary,state,MR03,Unmarked rejection,reject,True,False,rejected:absent:custom section .wmrec not found,0.068324,,False,"{""unmarked_binary_sha256"":""17288de5d8ffc83b2223ee650ec19f96fa9b779f3eb45b8e2433c730b7a1e3e2""}"
mutation,H01-gcd.c,bf207a4afdd7e623be4bd0751bdc1917c0ee550af0f38c0531b25bb726d1710c,section,M18,stale_binary,state,MR04,Wrong-key rejection,reject,True,False,rejected:wrong-key:key tag mismatch,0.054226,,False,"{""antecedent_guarded"":true,""antecedent_hex"":""4d6f7270682d3031""}"
mutation,H01-gcd.c,bf207a4afdd7e623be4bd0751bdc1917c0ee550af0f38c0531b25bb726d1710c,section,M18,stale_binary,state,MR05,Payload separation,separate,False,True,first=b'Morph-01';second=b'Morph-01',0.041916,,False,"{""execution_order"":""sequential-builds-then-extract"",""first_hex"":""4d6f7270682d3031"",""second_hex"":""4d6f7270682d3031""}"
mutation,H01-gcd.c,bf207a4afdd7e623be4bd0751bdc1917c0ee550af0f38c0531b25bb726d1710c,section,M18,stale_binary,state,MR06,Cross-compiler invariance,preserve,True,False,"payloads=b'Morph-01',b'Morph-01';semantic_equal=True",0.099782,,False,"{""clang_actual"":""gcc"",""gcc_actual"":""gcc""}"
mutation,H01-gcd.c,bf207a4afdd7e623be4bd0751bdc1917c0ee550af0f38c0531b25bb726d1710c,section,M18,stale_binary,state,MR07,Optimization invariance,preserve,True,False,"payloads=['Morph-01', 'Morph-01', 'Morph-01'];semantic_equal=True",0.112201,,False,{}
mutation,H01-gcd.c,bf207a4afdd7e623be4bd0751bdc1917c0ee550af0f38c0531b25bb726d1710c,section,M18,stale_binary,state,MR08,Clean-room relocation,preserve,True,False,relocated=b'Morph-01',0.068416,,False,"{""clean_room_entries"":[""renamed-artifact.bin""],""relocated_hex"":""4d6f7270682d3031""}"
mutation,H01-gcd.c,bf207a4afdd7e623be4bd0751bdc1917c0ee550af0f38c0531b25bb726d1710c,section,M18,stale_binary,state,MR09,Carrier-removal rejection,reject,True,False,rejected:absent:custom section .wmrec not found,0.07976,,False,"{""antecedent_guarded"":true}"
mutation,H01-gcd.c,bf207a4afdd7e623be4bd0751bdc1917c0ee550af0f38c0531b25bb726d1710c,section,M18,stale_binary,state,MR10,Carrier-corruption rejection,reject,False,True,corruption accepted:accepted:b'Morph-01',0.079065,,False,"{""antecedent_guarded"":true}"
mutation,H01-gcd.c,bf207a4afdd7e623be4bd0751bdc1917c0ee550af0f38c0531b25bb726d1710c,section,M18,stale_binary,state,MR11,Requested/actual trace agreement,trace,True,False,requested=clang/Os;actual=clang/Os,0.0759,,False,"{""build"":{""actual_compiler"":""clang"",""actual_optimization"":""Os"",""binary"":""WORKDIR/section/M18/MR11/trace/build-01/artifact.bin"",""binary_sha256"":""d5d8525397dedc90fa4792ce87b67efca4a48048626cb76d2fe61da67d4f779a"",""carrier"":""section"",""command"":[""clang"",""-std=c11"",""-fno-ident"",""-no-pie"",""-Os"",""WORKDIR/section/M18/MR11/trace/build-01/host.c"",""-o"",""WORKDIR/section/M18/MR11/trace/build-01/artifact.bin""],""effective_payload_hex"":""4d6f7270682d3031"",""key"":""key-alpha"",""mutant_id"":""M18"",""requested_compiler"":""clang"",""requested_optimization"":""Os"",""requested_payload_hex"":""4d6f7270682d3031"",""return_code"":0,""source"":""WORKDIR/section/M18/MR11/trace/build-01/host.c"",""source_sha256"":""bf207a4afdd7e623be4bd0751bdc1917c0ee550af0f38c0531b25bb726d1710c"",""stderr"":""""}}"
mutation,H01-gcd.c,bf207a4afdd7e623be4bd0751bdc1917c0ee550af0f38c0531b25bb726d1710c,section,M18,stale_binary,state,MR12,Interleaved artifact isolation,separate,True,False,parallel_isolation_satisfied,0.097504,,False,"{""aliasing_detected"":false,""both_expected"":true,""execution_order"":""overlapping-builds-then-extract"",""payloads_distinct"":true}"
mutation,H01-gcd.c,bf207a4afdd7e623be4bd0751bdc1917c0ee550af0f38c0531b25bb726d1710c,section,M18,stale_binary,state,MR13,Reordered extraction independence,preserve,False,True,exception:ExtractionError:key tag mismatch,0.043673,ExtractionError,False,{}
mutation,H01-gcd.c,bf207a4afdd7e623be4bd0751bdc1917c0ee550af0f38c0531b25bb726d1710c,section,M18,stale_binary,state,MR14,Rebuild stability,preserve,True,False,first=b'Morph-01';second=b'Morph-01',0.055561,,False,"{""binary_bytes_equal"":true,""execution_order"":""build1-extract1-build2-extract2""}"
mutation,H01-gcd.c,bf207a4afdd7e623be4bd0751bdc1917c0ee550af0f38c0531b25bb726d1710c,section,M19,extractor_prefix,extraction,MR01,Round-trip fidelity,preserve,False,True,extracted=b'Morph-0',0.087707,,False,"{""build"":{""actual_compiler"":""gcc"",""actual_optimization"":""O2"",""binary"":""WORKDIR/section/M19/MR01/marked/build-01/artifact.bin"",""binary_sha256"":""63cbeff2b0785d492761ce367639a8bbc8e94ddb2cfe720778f8bd6177d67b85"",""carrier"":""section"",""command"":[""gcc"",""-std=c11"",""-fno-ident"",""-no-pie"",""-O2"",""WORKDIR/section/M19/MR01/marked/build-01/host.c"",""-o"",""WORKDIR/section/M19/MR01/marked/build-01/artifact.bin""],""effective_payload_hex"":""4d6f7270682d3031"",""key"":""key-alpha"",""mutant_id"":""M19"",""requested_compiler"":""gcc"",""requested_optimization"":""O2"",""requested_payload_hex"":""4d6f7270682d3031"",""return_code"":0,""source"":""WORKDIR/section/M19/MR01/marked/build-01/host.c"",""source_sha256"":""bf207a4afdd7e623be4bd0751bdc1917c0ee550af0f38c0531b25bb726d1710c"",""stderr"":""""},""extracted_hex"":""4d6f7270682d30""}"
mutation,H01-gcd.c,bf207a4afdd7e623be4bd0751bdc1917c0ee550af0f38c0531b25bb726d1710c,section,M19,extractor_prefix,extraction,MR02,Host-semantic preservation,preserve,True,False,mismatch_count=0,0.145621,,False,"{""mismatches"":[]}"
mutation,H01-gcd.c,bf207a4afdd7e623be4bd0751bdc1917c0ee550af0f38c0531b25bb726d1710c,section,M19,extractor_prefix,extraction,MR03,Unmarked rejection,reject,True,False,rejected:absent:custom section .wmrec not found,0.044528,,False,"{""unmarked_binary_sha256"":""17288de5d8ffc83b2223ee650ec19f96fa9b779f3eb45b8e2433c730b7a1e3e2""}"
mutation,H01-gcd.c,bf207a4afdd7e623be4bd0751bdc1917c0ee550af0f38c0531b25bb726d1710c,section,M19,extractor_prefix,extraction,MR04,Wrong-key rejection,reject,True,False,rejected:wrong-key:key tag mismatch,0.066477,,False,"{""antecedent_guarded"":true,""antecedent_hex"":""4d6f7270682d3031""}"
mutation,H01-gcd.c,bf207a4afdd7e623be4bd0751bdc1917c0ee550af0f38c0531b25bb726d1710c,section,M19,extractor_prefix,extraction,MR05,Payload separation,separate,False,True,first=b'Morph-0';second=b'Second-',0.122458,,False,"{""execution_order"":""sequential-builds-then-extract"",""first_hex"":""4d6f7270682d30"",""second_hex"":""5365636f6e642d""}"
mutation,H01-gcd.c,bf207a4afdd7e623be4bd0751bdc1917c0ee550af0f38c0531b25bb726d1710c,section,M19,extractor_prefix,extraction,MR06,Cross-compiler invariance,preserve,False,True,"payloads=b'Morph-0',b'Morph-0';semantic_equal=True",0.198001,,False,"{""clang_actual"":""clang"",""gcc_actual"":""gcc""}"
mutation,H01-gcd.c,bf207a4afdd7e623be4bd0751bdc1917c0ee550af0f38c0531b25bb726d1710c,section,M19,extractor_prefix,extraction,MR07,Optimization invariance,preserve,False,True,"payloads=['Morph-0', 'Morph-0', 'Morph-0'];semantic_equal=True",0.284395,,False,{}
mutation,H01-gcd.c,bf207a4afdd7e623be4bd0751bdc1917c0ee550af0f38c0531b25bb726d1710c,section,M19,extractor_prefix,extraction,MR08,Clean-room relocation,preserve,False,True,source_mismatch=b'Morph-0',0.061378,,False,"{""source_hex"":""4d6f7270682d30""}"
mutation,H01-gcd.c,bf207a4afdd7e623be4bd0751bdc1917c0ee550af0f38c0531b25bb726d1710c,section,M19,extractor_prefix,extraction,MR09,Carrier-removal rejection,reject,True,False,rejected:absent:custom section .wmrec not found,0.084766,,False,"{""antecedent_guarded"":true}"
mutation,H01-gcd.c,bf207a4afdd7e623be4bd0751bdc1917c0ee550af0f38c0531b25bb726d1710c,section,M19,extractor_prefix,extraction,MR10,Carrier-corruption rejection,reject,True,False,rejected:checksum:payload checksum mismatch,0.066852,,False,"{""antecedent_guarded"":true}"
mutation,H01-gcd.c,bf207a4afdd7e623be4bd0751bdc1917c0ee550af0f38c0531b25bb726d1710c,section,M19,extractor_prefix,extraction,MR11,Requested/actual trace agreement,trace,True,False,requested=clang/Os;actual=clang/Os,0.052082,,False,"{""build"":{""actual_compiler"":""clang"",""actual_optimization"":""Os"",""binary"":""WORKDIR/section/M19/MR11/trace/build-01/artifact.bin"",""binary_sha256"":""d5d8525397dedc90fa4792ce87b67efca4a48048626cb76d2fe61da67d4f779a"",""carrier"":""section"",""command"":[""clang"",""-std=c11"",""-fno-ident"",""-no-pie"",""-Os"",""WORKDIR/section/M19/MR11/trace/build-01/host.c"",""-o"",""WORKDIR/section/M19/MR11/trace/build-01/artifact.bin""],""effective_payload_hex"":""4d6f7270682d3031"",""key"":""key-alpha"",""mutant_id"":""M19"",""requested_compiler"":""clang"",""requested_optimization"":""Os"",""requested_payload_hex"":""4d6f7270682d3031"",""return_code"":0,""source"":""WORKDIR/section/M19/MR11/trace/build-01/host.c"",""source_sha256"":""bf207a4afdd7e623be4bd0751bdc1917c0ee550af0f38c0531b25bb726d1710c"",""stderr"":""""}}"
mutation,H01-gcd.c,bf207a4afdd7e623be4bd0751bdc1917c0ee550af0f38c0531b25bb726d1710c,section,M19,extractor_prefix,extraction,MR12,Interleaved artifact isolation,separate,False,True,parallel_isolation_clause_violated,0.092244,,False,"{""aliasing_detected"":false,""both_expected"":false,""execution_order"":""overlapping-builds-then-extract"",""payloads_distinct"":true}"
mutation,H01-gcd.c,bf207a4afdd7e623be4bd0751bdc1917c0ee550af0f38c0531b25bb726d1710c,section,M19,extractor_prefix,extraction,MR13,Reordered extraction independence,preserve,False,True,before=b'Morph-0';intervening=b'Second-';after=b'Morph-0',0.097931,,False,"{""intervening_extraction"":true}"
mutation,H01-gcd.c,bf207a4afdd7e623be4bd0751bdc1917c0ee550af0f38c0531b25bb726d1710c,section,M19,extractor_prefix,extraction,MR14,Rebuild stability,preserve,False,True,first=b'Morph-0';second=b'Morph-0',0.15137,,False,"{""binary_bytes_equal"":true,""execution_order"":""build1-extract1-build2-extract2""}"
mutation,H01-gcd.c,bf207a4afdd7e623be4bd0751bdc1917c0ee550af0f38c0531b25bb726d1710c,section,M20,interleaved_collision,state,MR01,Round-trip fidelity,preserve,True,False,extracted=b'Morph-01',0.083738,,False,"{""build"":{""actual_compiler"":""gcc"",""actual_optimization"":""O2"",""binary"":""WORKDIR/section/M20/MR01/marked/build-01/artifact.bin"",""binary_sha256"":""63cbeff2b0785d492761ce367639a8bbc8e94ddb2cfe720778f8bd6177d67b85"",""carrier"":""section"",""command"":[""gcc"",""-std=c11"",""-fno-ident"",""-no-pie"",""-O2"",""WORKDIR/section/M20/MR01/marked/build-01/host.c"",""-o"",""WORKDIR/section/M20/MR01/marked/build-01/artifact.bin""],""effective_payload_hex"":""4d6f7270682d3031"",""key"":""key-alpha"",""mutant_id"":""M20"",""requested_compiler"":""gcc"",""requested_optimization"":""O2"",""requested_payload_hex"":""4d6f7270682d3031"",""return_code"":0,""source"":""WORKDIR/section/M20/MR01/marked/build-01/host.c"",""source_sha256"":""bf207a4afdd7e623be4bd0751bdc1917c0ee550af0f38c0531b25bb726d1710c"",""stderr"":""""},""extracted_hex"":""4d6f7270682d3031""}"
mutation,H01-gcd.c,bf207a4afdd7e623be4bd0751bdc1917c0ee550af0f38c0531b25bb726d1710c,section,M20,interleaved_collision,state,MR02,Host-semantic preservation,preserve,True,False,mismatch_count=0,0.17938,,False,"{""mismatches"":[]}"
mutation,H01-gcd.c,bf207a4afdd7e623be4bd0751bdc1917c0ee550af0f38c0531b25bb726d1710c,section,M20,interleaved_collision,state,MR03,Unmarked rejection,reject,True,False,rejected:absent:custom section .wmrec not found,0.049236,,False,"{""unmarked_binary_sha256"":""17288de5d8ffc83b2223ee650ec19f96fa9b779f3eb45b8e2433c730b7a1e3e2""}"
mutation,H01-gcd.c,bf207a4afdd7e623be4bd0751bdc1917c0ee550af0f38c0531b25bb726d1710c,section,M20,interleaved_collision,state,MR04,Wrong-key rejection,reject,True,False,rejected:wrong-key:key tag mismatch,0.086652,,False,"{""antecedent_guarded"":true,""antecedent_hex"":""4d6f7270682d3031""}"
mutation,H01-gcd.c,bf207a4afdd7e623be4bd0751bdc1917c0ee550af0f38c0531b25bb726d1710c,section,M20,interleaved_collision,state,MR05,Payload separation,separate,True,False,first=b'Morph-01';second=b'Second-2',0.114061,,False,"{""execution_order"":""sequential-builds-then-extract"",""first_hex"":""4d6f7270682d3031"",""second_hex"":""5365636f6e642d32""}"
mutation,H01-gcd.c,bf207a4afdd7e623be4bd0751bdc1917c0ee550af0f38c0531b25bb726d1710c,section,M20,interleaved_collision,state,MR06,Cross-compiler invariance,preserve,True,False,"payloads=b'Morph-01',b'Morph-01';semantic_equal=True",0.160622,,False,"{""clang_actual"":""clang"",""gcc_actual"":""gcc""}"
mutation,H01-gcd.c,bf207a4afdd7e623be4bd0751bdc1917c0ee550af0f38c0531b25bb726d1710c,section,M20,interleaved_collision,state,MR07,Optimization invariance,preserve,True,False,"payloads=['Morph-01', 'Morph-01', 'Morph-01'];semantic_equal=True",0.231822,,False,{}
mutation,H01-gcd.c,bf207a4afdd7e623be4bd0751bdc1917c0ee550af0f38c0531b25bb726d1710c,section,M20,interleaved_collision,state,MR08,Clean-room relocation,preserve,True,False,relocated=b'Morph-01',0.069071,,False,"{""clean_room_entries"":[""renamed-artifact.bin""],""relocated_hex"":""4d6f7270682d3031""}"
mutation,H01-gcd.c,bf207a4afdd7e623be4bd0751bdc1917c0ee550af0f38c0531b25bb726d1710c,section,M20,interleaved_collision,state,MR09,Carrier-removal rejection,reject,True,False,rejected:absent:custom section .wmrec not found,0.09589,,False,"{""antecedent_guarded"":true}"
mutation,H01-gcd.c,bf207a4afdd7e623be4bd0751bdc1917c0ee550af0f38c0531b25bb726d1710c,section,M20,interleaved_collision,state,MR10,Carrier-corruption rejection,reject,True,False,rejected:checksum:payload checksum mismatch,0.06062,,False,"{""antecedent_guarded"":true}"
mutation,H01-gcd.c,bf207a4afdd7e623be4bd0751bdc1917c0ee550af0f38c0531b25bb726d1710c,section,M20,interleaved_collision,state,MR11,Requested/actual trace agreement,trace,True,False,requested=clang/Os;actual=clang/Os,0.080128,,False,"{""build"":{""actual_compiler"":""clang"",""actual_optimization"":""Os"",""binary"":""WORKDIR/section/M20/MR11/trace/build-01/artifact.bin"",""binary_sha256"":""d5d8525397dedc90fa4792ce87b67efca4a48048626cb76d2fe61da67d4f779a"",""carrier"":""section"",""command"":[""clang"",""-std=c11"",""-fno-ident"",""-no-pie"",""-Os"",""WORKDIR/section/M20/MR11/trace/build-01/host.c"",""-o"",""WORKDIR/section/M20/MR11/trace/build-01/artifact.bin""],""effective_payload_hex"":""4d6f7270682d3031"",""key"":""key-alpha"",""mutant_id"":""M20"",""requested_compiler"":""clang"",""requested_optimization"":""Os"",""requested_payload_hex"":""4d6f7270682d3031"",""return_code"":0,""source"":""WORKDIR/section/M20/MR11/trace/build-01/host.c"",""source_sha256"":""bf207a4afdd7e623be4bd0751bdc1917c0ee550af0f38c0531b25bb726d1710c"",""stderr"":""""}}"
mutation,H01-gcd.c,bf207a4afdd7e623be4bd0751bdc1917c0ee550af0f38c0531b25bb726d1710c,section,M20,interleaved_collision,state,MR12,Interleaved artifact isolation,separate,False,True,parallel_isolation_clause_violated,0.090383,,False,"{""aliasing_detected"":true,""both_expected"":false,""execution_order"":""overlapping-builds-then-extract"",""payloads_distinct"":false}"
mutation,H01-gcd.c,bf207a4afdd7e623be4bd0751bdc1917c0ee550af0f38c0531b25bb726d1710c,section,M20,interleaved_collision,state,MR13,Reordered extraction independence,preserve,True,False,before=b'Morph-01';intervening=b'Second-2';after=b'Morph-01',0.121073,,False,"{""intervening_extraction"":true}"
mutation,H01-gcd.c,bf207a4afdd7e623be4bd0751bdc1917c0ee550af0f38c0531b25bb726d1710c,section,M20,interleaved_collision,state,MR14,Rebuild stability,preserve,True,False,first=b'Morph-01';second=b'Morph-01',0.152644,,False,"{""binary_bytes_equal"":true,""execution_order"":""build1-extract1-build2-extract2""}"
mutation,H01-gcd.c,bf207a4afdd7e623be4bd0751bdc1917c0ee550af0f38c0531b25bb726d1710c,section,M21,alternate_compiler_corruption,configuration,MR01,Round-trip fidelity,preserve,True,False,extracted=b'Morph-01',0.064541,,False,"{""build"":{""actual_compiler"":""gcc"",""actual_optimization"":""O2"",""binary"":""WORKDIR/section/M21/MR01/marked/build-01/artifact.bin"",""binary_sha256"":""63cbeff2b0785d492761ce367639a8bbc8e94ddb2cfe720778f8bd6177d67b85"",""carrier"":""section"",""command"":[""gcc"",""-std=c11"",""-fno-ident"",""-no-pie"",""-O2"",""WORKDIR/section/M21/MR01/marked/build-01/host.c"",""-o"",""WORKDIR/section/M21/MR01/marked/build-01/artifact.bin""],""effective_payload_hex"":""4d6f7270682d3031"",""key"":""key-alpha"",""mutant_id"":""M21"",""requested_compiler"":""gcc"",""requested_optimization"":""O2"",""requested_payload_hex"":""4d6f7270682d3031"",""return_code"":0,""source"":""WORKDIR/section/M21/MR01/marked/build-01/host.c"",""source_sha256"":""bf207a4afdd7e623be4bd0751bdc1917c0ee550af0f38c0531b25bb726d1710c"",""stderr"":""""},""extracted_hex"":""4d6f7270682d3031""}"
mutation,H01-gcd.c,bf207a4afdd7e623be4bd0751bdc1917c0ee550af0f38c0531b25bb726d1710c,section,M21,alternate_compiler_corruption,configuration,MR02,Host-semantic preservation,preserve,True,False,mismatch_count=0,0.14772,,False,"{""mismatches"":[]}"
mutation,H01-gcd.c,bf207a4afdd7e623be4bd0751bdc1917c0ee550af0f38c0531b25bb726d1710c,section,M21,alternate_compiler_corruption,configuration,MR03,Unmarked rejection,reject,True,False,rejected:absent:custom section .wmrec not found,0.054096,,False,"{""unmarked_binary_sha256"":""17288de5d8ffc83b2223ee650ec19f96fa9b779f3eb45b8e2433c730b7a1e3e2""}"
mutation,H01-gcd.c,bf207a4afdd7e623be4bd0751bdc1917c0ee550af0f38c0531b25bb726d1710c,section,M21,alternate_compiler_corruption,configuration,MR04,Wrong-key rejection,reject,True,False,rejected:wrong-key:key tag mismatch,0.052705,,False,"{""antecedent_guarded"":true,""antecedent_hex"":""4d6f7270682d3031""}"
mutation,H01-gcd.c,bf207a4afdd7e623be4bd0751bdc1917c0ee550af0f38c0531b25bb726d1710c,section,M21,alternate_compiler_corruption,configuration,MR05,Payload separation,separate,True,False,first=b'Morph-01';second=b'Second-2',0.124835,,False,"{""execution_order"":""sequential-builds-then-extract"",""first_hex"":""4d6f7270682d3031"",""second_hex"":""5365636f6e642d32""}"
mutation,H01-gcd.c,bf207a4afdd7e623be4bd0751bdc1917c0ee550af0f38c0531b25bb726d1710c,section,M21,alternate_compiler_corruption,configuration,MR06,Cross-compiler invariance,preserve,False,True,"payloads=b'Morph-01',b'Lorph-01';semantic_equal=True",0.181579,,False,"{""clang_actual"":""clang"",""gcc_actual"":""gcc""}"
mutation,H01-gcd.c,bf207a4afdd7e623be4bd0751bdc1917c0ee550af0f38c0531b25bb726d1710c,section,M21,alternate_compiler_corruption,configuration,MR07,Optimization invariance,preserve,True,False,"payloads=['Morph-01', 'Morph-01', 'Morph-01'];semantic_equal=True",0.240996,,False,{}
mutation,H01-gcd.c,bf207a4afdd7e623be4bd0751bdc1917c0ee550af0f38c0531b25bb726d1710c,section,M21,alternate_compiler_corruption,configuration,MR08,Clean-room relocation,preserve,True,False,relocated=b'Morph-01',0.079734,,False,"{""clean_room_entries"":[""renamed-artifact.bin""],""relocated_hex"":""4d6f7270682d3031""}"
mutation,H01-gcd.c,bf207a4afdd7e623be4bd0751bdc1917c0ee550af0f38c0531b25bb726d1710c,section,M21,alternate_compiler_corruption,configuration,MR09,Carrier-removal rejection,reject,True,False,rejected:absent:custom section .wmrec not found,0.084517,,False,"{""antecedent_guarded"":true}"
mutation,H01-gcd.c,bf207a4afdd7e623be4bd0751bdc1917c0ee550af0f38c0531b25bb726d1710c,section,M21,alternate_compiler_corruption,configuration,MR10,Carrier-corruption rejection,reject,True,False,rejected:checksum:payload checksum mismatch,0.074763,,False,"{""antecedent_guarded"":true}"
mutation,H01-gcd.c,bf207a4afdd7e623be4bd0751bdc1917c0ee550af0f38c0531b25bb726d1710c,section,M21,alternate_compiler_corruption,configuration,MR11,Requested/actual trace agreement,trace,True,False,requested=clang/Os;actual=clang/Os,0.056264,,False,"{""build"":{""actual_compiler"":""clang"",""actual_optimization"":""Os"",""binary"":""WORKDIR/section/M21/MR11/trace/build-01/artifact.bin"",""binary_sha256"":""2e75cbe00e865661a724a1618977bda2662fcdbb7de8b4b4ede68b59713f910c"",""carrier"":""section"",""command"":[""clang"",""-std=c11"",""-fno-ident"",""-no-pie"",""-Os"",""WORKDIR/section/M21/MR11/trace/build-01/host.c"",""-o"",""WORKDIR/section/M21/MR11/trace/build-01/artifact.bin""],""effective_payload_hex"":""4c6f7270682d3031"",""key"":""key-alpha"",""mutant_id"":""M21"",""requested_compiler"":""clang"",""requested_optimization"":""Os"",""requested_payload_hex"":""4d6f7270682d3031"",""return_code"":0,""source"":""WORKDIR/section/M21/MR11/trace/build-01/host.c"",""source_sha256"":""bf207a4afdd7e623be4bd0751bdc1917c0ee550af0f38c0531b25bb726d1710c"",""stderr"":""""}}"
mutation,H01-gcd.c,bf207a4afdd7e623be4bd0751bdc1917c0ee550af0f38c0531b25bb726d1710c,section,M21,alternate_compiler_corruption,configuration,MR12,Interleaved artifact isolation,separate,True,False,parallel_isolation_satisfied,0.09392,,False,"{""aliasing_detected"":false,""both_expected"":true,""execution_order"":""overlapping-builds-then-extract"",""payloads_distinct"":true}"
mutation,H01-gcd.c,bf207a4afdd7e623be4bd0751bdc1917c0ee550af0f38c0531b25bb726d1710c,section,M21,alternate_compiler_corruption,configuration,MR13,Reordered extraction independence,preserve,True,False,before=b'Morph-01';intervening=b'Second-2';after=b'Morph-01',0.142384,,False,"{""intervening_extraction"":true}"
mutation,H01-gcd.c,bf207a4afdd7e623be4bd0751bdc1917c0ee550af0f38c0531b25bb726d1710c,section,M21,alternate_compiler_corruption,configuration,MR14,Rebuild stability,preserve,True,False,first=b'Morph-01';second=b'Morph-01',0.145303,,False,"{""binary_bytes_equal"":true,""execution_order"":""build1-extract1-build2-extract2""}"
mutation,H01-gcd.c,bf207a4afdd7e623be4bd0751bdc1917c0ee550af0f38c0531b25bb726d1710c,section,M22,size_optimization_corruption,configuration,MR01,Round-trip fidelity,preserve,True,False,extracted=b'Morph-01',0.076039,,False,"{""build"":{""actual_compiler"":""gcc"",""actual_optimization"":""O2"",""binary"":""WORKDIR/section/M22/MR01/marked/build-01/artifact.bin"",""binary_sha256"":""63cbeff2b0785d492761ce367639a8bbc8e94ddb2cfe720778f8bd6177d67b85"",""carrier"":""section"",""command"":[""gcc"",""-std=c11"",""-fno-ident"",""-no-pie"",""-O2"",""WORKDIR/section/M22/MR01/marked/build-01/host.c"",""-o"",""WORKDIR/section/M22/MR01/marked/build-01/artifact.bin""],""effective_payload_hex"":""4d6f7270682d3031"",""key"":""key-alpha"",""mutant_id"":""M22"",""requested_compiler"":""gcc"",""requested_optimization"":""O2"",""requested_payload_hex"":""4d6f7270682d3031"",""return_code"":0,""source"":""WORKDIR/section/M22/MR01/marked/build-01/host.c"",""source_sha256"":""bf207a4afdd7e623be4bd0751bdc1917c0ee550af0f38c0531b25bb726d1710c"",""stderr"":""""},""extracted_hex"":""4d6f7270682d3031""}"
mutation,H01-gcd.c,bf207a4afdd7e623be4bd0751bdc1917c0ee550af0f38c0531b25bb726d1710c,section,M22,size_optimization_corruption,configuration,MR02,Host-semantic preservation,preserve,True,False,mismatch_count=0,0.172058,,False,"{""mismatches"":[]}"
mutation,H01-gcd.c,bf207a4afdd7e623be4bd0751bdc1917c0ee550af0f38c0531b25bb726d1710c,section,M22,size_optimization_corruption,configuration,MR03,Unmarked rejection,reject,True,False,rejected:absent:custom section .wmrec not found,0.071484,,False,"{""unmarked_binary_sha256"":""17288de5d8ffc83b2223ee650ec19f96fa9b779f3eb45b8e2433c730b7a1e3e2""}"
mutation,H01-gcd.c,bf207a4afdd7e623be4bd0751bdc1917c0ee550af0f38c0531b25bb726d1710c,section,M22,size_optimization_corruption,configuration,MR04,Wrong-key rejection,reject,True,False,rejected:wrong-key:key tag mismatch,0.0879,,False,"{""antecedent_guarded"":true,""antecedent_hex"":""4d6f7270682d3031""}"
mutation,H01-gcd.c,bf207a4afdd7e623be4bd0751bdc1917c0ee550af0f38c0531b25bb726d1710c,section,M22,size_optimization_corruption,configuration,MR05,Payload separation,separate,True,False,first=b'Morph-01';second=b'Second-2',0.122339,,False,"{""execution_order"":""sequential-builds-then-extract"",""first_hex"":""4d6f7270682d3031"",""second_hex"":""5365636f6e642d32""}"
mutation,H01-gcd.c,bf207a4afdd7e623be4bd0751bdc1917c0ee550af0f38c0531b25bb726d1710c,section,M22,size_optimization_corruption,configuration,MR06,Cross-compiler invariance,preserve,True,False,"payloads=b'Morph-01',b'Morph-01';semantic_equal=True",0.178705,,False,"{""clang_actual"":""clang"",""gcc_actual"":""gcc""}"
mutation,H01-gcd.c,bf207a4afdd7e623be4bd0751bdc1917c0ee550af0f38c0531b25bb726d1710c,section,M22,size_optimization_corruption,configuration,MR07,Optimization invariance,preserve,False,True,"payloads=['Morph-01', 'Morph-01', 'Lorph-01'];semantic_equal=True",0.216093,,False,{}
mutation,H01-gcd.c,bf207a4afdd7e623be4bd0751bdc1917c0ee550af0f38c0531b25bb726d1710c,section,M22,size_optimization_corruption,configuration,MR08,Clean-room relocation,preserve,True,False,relocated=b'Morph-01',0.066017,,False,"{""clean_room_entries"":[""renamed-artifact.bin""],""relocated_hex"":""4d6f7270682d3031""}"
mutation,H01-gcd.c,bf207a4afdd7e623be4bd0751bdc1917c0ee550af0f38c0531b25bb726d1710c,section,M22,size_optimization_corruption,configuration,MR09,Carrier-removal rejection,reject,True,False,rejected:absent:custom section .wmrec not found,0.065986,,False,"{""antecedent_guarded"":true}"
mutation,H01-gcd.c,bf207a4afdd7e623be4bd0751bdc1917c0ee550af0f38c0531b25bb726d1710c,section,M22,size_optimization_corruption,configuration,MR10,Carrier-corruption rejection,reject,True,False,rejected:checksum:payload checksum mismatch,0.062051,,False,"{""antecedent_guarded"":true}"
mutation,H01-gcd.c,bf207a4afdd7e623be4bd0751bdc1917c0ee550af0f38c0531b25bb726d1710c,section,M22,size_optimization_corruption,configuration,MR11,Requested/actual trace agreement,trace,True,False,requested=clang/Os;actual=clang/Os,0.099948,,False,"{""build"":{""actual_compiler"":""clang"",""actual_optimization"":""Os"",""binary"":""WORKDIR/section/M22/MR11/trace/build-01/artifact.bin"",""binary_sha256"":""2e75cbe00e865661a724a1618977bda2662fcdbb7de8b4b4ede68b59713f910c"",""carrier"":""section"",""command"":[""clang"",""-std=c11"",""-fno-ident"",""-no-pie"",""-Os"",""WORKDIR/section/M22/MR11/trace/build-01/host.c"",""-o"",""WORKDIR/section/M22/MR11/trace/build-01/artifact.bin""],""effective_payload_hex"":""4c6f7270682d3031"",""key"":""key-alpha"",""mutant_id"":""M22"",""requested_compiler"":""clang"",""requested_optimization"":""Os"",""requested_payload_hex"":""4d6f7270682d3031"",""return_code"":0,""source"":""WORKDIR/section/M22/MR11/trace/build-01/host.c"",""source_sha256"":""bf207a4afdd7e623be4bd0751bdc1917c0ee550af0f38c0531b25bb726d1710c"",""stderr"":""""}}"
mutation,H01-gcd.c,bf207a4afdd7e623be4bd0751bdc1917c0ee550af0f38c0531b25bb726d1710c,section,M22,size_optimization_corruption,configuration,MR12,Interleaved artifact isolation,separate,True,False,parallel_isolation_satisfied,0.089141,,False,"{""aliasing_detected"":false,""both_expected"":true,""execution_order"":""overlapping-builds-then-extract"",""payloads_distinct"":true}"
mutation,H01-gcd.c,bf207a4afdd7e623be4bd0751bdc1917c0ee550af0f38c0531b25bb726d1710c,section,M22,size_optimization_corruption,configuration,MR13,Reordered extraction independence,preserve,True,False,before=b'Morph-01';intervening=b'Second-2';after=b'Morph-01',0.157329,,False,"{""intervening_extraction"":true}"
mutation,H01-gcd.c,bf207a4afdd7e623be4bd0751bdc1917c0ee550af0f38c0531b25bb726d1710c,section,M22,size_optimization_corruption,configuration,MR14,Rebuild stability,preserve,True,False,first=b'Morph-01';second=b'Morph-01',0.135829,,False,"{""binary_bytes_equal"":true,""execution_order"":""build1-extract1-build2-extract2""}"
mutation,H01-gcd.c,bf207a4afdd7e623be4bd0751bdc1917c0ee550af0f38c0531b25bb726d1710c,section,M23,revisit_state_contamination,state,MR01,Round-trip fidelity,preserve,True,False,extracted=b'Morph-01',0.071123,,False,"{""build"":{""actual_compiler"":""gcc"",""actual_optimization"":""O2"",""binary"":""WORKDIR/section/M23/MR01/marked/build-01/artifact.bin"",""binary_sha256"":""63cbeff2b0785d492761ce367639a8bbc8e94ddb2cfe720778f8bd6177d67b85"",""carrier"":""section"",""command"":[""gcc"",""-std=c11"",""-fno-ident"",""-no-pie"",""-O2"",""WORKDIR/section/M23/MR01/marked/build-01/host.c"",""-o"",""WORKDIR/section/M23/MR01/marked/build-01/artifact.bin""],""effective_payload_hex"":""4d6f7270682d3031"",""key"":""key-alpha"",""mutant_id"":""M23"",""requested_compiler"":""gcc"",""requested_optimization"":""O2"",""requested_payload_hex"":""4d6f7270682d3031"",""return_code"":0,""source"":""WORKDIR/section/M23/MR01/marked/build-01/host.c"",""source_sha256"":""bf207a4afdd7e623be4bd0751bdc1917c0ee550af0f38c0531b25bb726d1710c"",""stderr"":""""},""extracted_hex"":""4d6f7270682d3031""}"
mutation,H01-gcd.c,bf207a4afdd7e623be4bd0751bdc1917c0ee550af0f38c0531b25bb726d1710c,section,M23,revisit_state_contamination,state,MR02,Host-semantic preservation,preserve,True,False,mismatch_count=0,0.17565,,False,"{""mismatches"":[]}"
mutation,H01-gcd.c,bf207a4afdd7e623be4bd0751bdc1917c0ee550af0f38c0531b25bb726d1710c,section,M23,revisit_state_contamination,state,MR03,Unmarked rejection,reject,True,False,rejected:absent:custom section .wmrec not found,0.045546,,False,"{""unmarked_binary_sha256"":""17288de5d8ffc83b2223ee650ec19f96fa9b779f3eb45b8e2433c730b7a1e3e2""}"
mutation,H01-gcd.c,bf207a4afdd7e623be4bd0751bdc1917c0ee550af0f38c0531b25bb726d1710c,section,M23,revisit_state_contamination,state,MR04,Wrong-key rejection,reject,True,False,rejected:wrong-key:key tag mismatch,0.039936,,False,"{""antecedent_guarded"":true,""antecedent_hex"":""4d6f7270682d3031""}"
mutation,H01-gcd.c,bf207a4afdd7e623be4bd0751bdc1917c0ee550af0f38c0531b25bb726d1710c,section,M23,revisit_state_contamination,state,MR05,Payload separation,separate,True,False,first=b'Morph-01';second=b'Second-2',0.129408,,False,"{""execution_order"":""sequential-builds-then-extract"",""first_hex"":""4d6f7270682d3031"",""second_hex"":""5365636f6e642d32""}"
mutation,H01-gcd.c,bf207a4afdd7e623be4bd0751bdc1917c0ee550af0f38c0531b25bb726d1710c,section,M23,revisit_state_contamination,state,MR06,Cross-compiler invariance,preserve,True,False,"payloads=b'Morph-01',b'Morph-01';semantic_equal=True",0.179611,,False,"{""clang_actual"":""clang"",""gcc_actual"":""gcc""}"
mutation,H01-gcd.c,bf207a4afdd7e623be4bd0751bdc1917c0ee550af0f38c0531b25bb726d1710c,section,M23,revisit_state_contamination,state,MR07,Optimization invariance,preserve,True,False,"payloads=['Morph-01', 'Morph-01', 'Morph-01'];semantic_equal=True",0.265009,,False,{}
mutation,H01-gcd.c,bf207a4afdd7e623be4bd0751bdc1917c0ee550af0f38c0531b25bb726d1710c,section,M23,revisit_state_contamination,state,MR08,Clean-room relocation,preserve,True,False,relocated=b'Morph-01',0.082543,,False,"{""clean_room_entries"":[""renamed-artifact.bin""],""relocated_hex"":""4d6f7270682d3031""}"
mutation,H01-gcd.c,bf207a4afdd7e623be4bd0751bdc1917c0ee550af0f38c0531b25bb726d1710c,section,M23,revisit_state_contamination,state,MR09,Carrier-removal rejection,reject,True,False,rejected:absent:custom section .wmrec not found,0.07784,,False,"{""antecedent_guarded"":true}"
mutation,H01-gcd.c,bf207a4afdd7e623be4bd0751bdc1917c0ee550af0f38c0531b25bb726d1710c,section,M23,revisit_state_contamination,state,MR10,Carrier-corruption rejection,reject,True,False,rejected:checksum:payload checksum mismatch,0.059821,,False,"{""antecedent_guarded"":true}"
mutation,H01-gcd.c,bf207a4afdd7e623be4bd0751bdc1917c0ee550af0f38c0531b25bb726d1710c,section,M23,revisit_state_contamination,state,MR11,Requested/actual trace agreement,trace,True,False,requested=clang/Os;actual=clang/Os,0.048164,,False,"{""build"":{""actual_compiler"":""clang"",""actual_optimization"":""Os"",""binary"":""WORKDIR/section/M23/MR11/trace/build-01/artifact.bin"",""binary_sha256"":""d5d8525397dedc90fa4792ce87b67efca4a48048626cb76d2fe61da67d4f779a"",""carrier"":""section"",""command"":[""clang"",""-std=c11"",""-fno-ident"",""-no-pie"",""-Os"",""WORKDIR/section/M23/MR11/trace/build-01/host.c"",""-o"",""WORKDIR/section/M23/MR11/trace/build-01/artifact.bin""],""effective_payload_hex"":""4d6f7270682d3031"",""key"":""key-alpha"",""mutant_id"":""M23"",""requested_compiler"":""clang"",""requested_optimization"":""Os"",""requested_payload_hex"":""4d6f7270682d3031"",""return_code"":0,""source"":""WORKDIR/section/M23/MR11/trace/build-01/host.c"",""source_sha256"":""bf207a4afdd7e623be4bd0751bdc1917c0ee550af0f38c0531b25bb726d1710c"",""stderr"":""""}}"
mutation,H01-gcd.c,bf207a4afdd7e623be4bd0751bdc1917c0ee550af0f38c0531b25bb726d1710c,section,M23,revisit_state_contamination,state,MR12,Interleaved artifact isolation,separate,True,False,parallel_isolation_satisfied,0.097517,,False,"{""aliasing_detected"":false,""both_expected"":true,""execution_order"":""overlapping-builds-then-extract"",""payloads_distinct"":true}"
mutation,H01-gcd.c,bf207a4afdd7e623be4bd0751bdc1917c0ee550af0f38c0531b25bb726d1710c,section,M23,revisit_state_contamination,state,MR13,Reordered extraction independence,preserve,False,True,before=b'Morph-01';intervening=b'Second-2';after=b'Second-2',0.164725,,False,"{""intervening_extraction"":true}"
mutation,H01-gcd.c,bf207a4afdd7e623be4bd0751bdc1917c0ee550af0f38c0531b25bb726d1710c,section,M23,revisit_state_contamination,state,MR14,Rebuild stability,preserve,True,False,first=b'Morph-01';second=b'Morph-01',0.123083,,False,"{""binary_bytes_equal"":true,""execution_order"":""build1-extract1-build2-extract2""}"
mutation,H01-gcd.c,bf207a4afdd7e623be4bd0751bdc1917c0ee550af0f38c0531b25bb726d1710c,section,M24,second_identical_build_corruption,state,MR01,Round-trip fidelity,preserve,True,False,extracted=b'Morph-01',0.078871,,False,"{""build"":{""actual_compiler"":""gcc"",""actual_optimization"":""O2"",""binary"":""WORKDIR/section/M24/MR01/marked/build-01/artifact.bin"",""binary_sha256"":""63cbeff2b0785d492761ce367639a8bbc8e94ddb2cfe720778f8bd6177d67b85"",""carrier"":""section"",""command"":[""gcc"",""-std=c11"",""-fno-ident"",""-no-pie"",""-O2"",""WORKDIR/section/M24/MR01/marked/build-01/host.c"",""-o"",""WORKDIR/section/M24/MR01/marked/build-01/artifact.bin""],""effective_payload_hex"":""4d6f7270682d3031"",""key"":""key-alpha"",""mutant_id"":""M24"",""requested_compiler"":""gcc"",""requested_optimization"":""O2"",""requested_payload_hex"":""4d6f7270682d3031"",""return_code"":0,""source"":""WORKDIR/section/M24/MR01/marked/build-01/host.c"",""source_sha256"":""bf207a4afdd7e623be4bd0751bdc1917c0ee550af0f38c0531b25bb726d1710c"",""stderr"":""""},""extracted_hex"":""4d6f7270682d3031""}"
mutation,H01-gcd.c,bf207a4afdd7e623be4bd0751bdc1917c0ee550af0f38c0531b25bb726d1710c,section,M24,second_identical_build_corruption,state,MR02,Host-semantic preservation,preserve,True,False,mismatch_count=0,0.1704,,False,"{""mismatches"":[]}"
mutation,H01-gcd.c,bf207a4afdd7e623be4bd0751bdc1917c0ee550af0f38c0531b25bb726d1710c,section,M24,second_identical_build_corruption,state,MR03,Unmarked rejection,reject,True,False,rejected:absent:custom section .wmrec not found,0.072629,,False,"{""unmarked_binary_sha256"":""17288de5d8ffc83b2223ee650ec19f96fa9b779f3eb45b8e2433c730b7a1e3e2""}"
mutation,H01-gcd.c,bf207a4afdd7e623be4bd0751bdc1917c0ee550af0f38c0531b25bb726d1710c,section,M24,second_identical_build_corruption,state,MR04,Wrong-key rejection,reject,True,False,rejected:wrong-key:key tag mismatch,0.087491,,False,"{""antecedent_guarded"":true,""antecedent_hex"":""4d6f7270682d3031""}"
mutation,H01-gcd.c,bf207a4afdd7e623be4bd0751bdc1917c0ee550af0f38c0531b25bb726d1710c,section,M24,second_identical_build_corruption,state,MR05,Payload separation,separate,True,False,first=b'Morph-01';second=b'Second-2',0.133928,,False,"{""execution_order"":""sequential-builds-then-extract"",""first_hex"":""4d6f7270682d3031"",""second_hex"":""5365636f6e642d32""}"
mutation,H01-gcd.c,bf207a4afdd7e623be4bd0751bdc1917c0ee550af0f38c0531b25bb726d1710c,section,M24,second_identical_build_corruption,state,MR06,Cross-compiler invariance,preserve,True,False,"payloads=b'Morph-01',b'Morph-01';semantic_equal=True",0.16848,,False,"{""clang_actual"":""clang"",""gcc_actual"":""gcc""}"
mutation,H01-gcd.c,bf207a4afdd7e623be4bd0751bdc1917c0ee550af0f38c0531b25bb726d1710c,section,M24,second_identical_build_corruption,state,MR07,Optimization invariance,preserve,True,False,"payloads=['Morph-01', 'Morph-01', 'Morph-01'];semantic_equal=True",0.166265,,False,{}
mutation,H01-gcd.c,bf207a4afdd7e623be4bd0751bdc1917c0ee550af0f38c0531b25bb726d1710c,section,M24,second_identical_build_corruption,state,MR08,Clean-room relocation,preserve,True,False,relocated=b'Morph-01',0.086675,,False,"{""clean_room_entries"":[""renamed-artifact.bin""],""relocated_hex"":""4d6f7270682d3031""}"
mutation,H01-gcd.c,bf207a4afdd7e623be4bd0751bdc1917c0ee550af0f38c0531b25bb726d1710c,section,M24,second_identical_build_corruption,state,MR09,Carrier-removal rejection,reject,True,False,rejected:absent:custom section .wmrec not found,0.058042,,False,"{""antecedent_guarded"":true}"
mutation,H01-gcd.c,bf207a4afdd7e623be4bd0751bdc1917c0ee550af0f38c0531b25bb726d1710c,section,M24,second_identical_build_corruption,state,MR10,Carrier-corruption rejection,reject,True,False,rejected:checksum:payload checksum mismatch,0.057684,,False,"{""antecedent_guarded"":true}"
mutation,H01-gcd.c,bf207a4afdd7e623be4bd0751bdc1917c0ee550af0f38c0531b25bb726d1710c,section,M24,second_identical_build_corruption,state,MR11,Requested/actual trace agreement,trace,True,False,requested=clang/Os;actual=clang/Os,0.080505,,False,"{""build"":{""actual_compiler"":""clang"",""actual_optimization"":""Os"",""binary"":""WORKDIR/section/M24/MR11/trace/build-01/artifact.bin"",""binary_sha256"":""d5d8525397dedc90fa4792ce87b67efca4a48048626cb76d2fe61da67d4f779a"",""carrier"":""section"",""command"":[""clang"",""-std=c11"",""-fno-ident"",""-no-pie"",""-Os"",""WORKDIR/section/M24/MR11/trace/build-01/host.c"",""-o"",""WORKDIR/section/M24/MR11/trace/build-01/artifact.bin""],""effective_payload_hex"":""4d6f7270682d3031"",""key"":""key-alpha"",""mutant_id"":""M24"",""requested_compiler"":""clang"",""requested_optimization"":""Os"",""requested_payload_hex"":""4d6f7270682d3031"",""return_code"":0,""source"":""WORKDIR/section/M24/MR11/trace/build-01/host.c"",""source_sha256"":""bf207a4afdd7e623be4bd0751bdc1917c0ee550af0f38c0531b25bb726d1710c"",""stderr"":""""}}"
mutation,H01-gcd.c,bf207a4afdd7e623be4bd0751bdc1917c0ee550af0f38c0531b25bb726d1710c,section,M24,second_identical_build_corruption,state,MR12,Interleaved artifact isolation,separate,True,False,parallel_isolation_satisfied,0.07756,,False,"{""aliasing_detected"":false,""both_expected"":true,""execution_order"":""overlapping-builds-then-extract"",""payloads_distinct"":true}"
mutation,H01-gcd.c,bf207a4afdd7e623be4bd0751bdc1917c0ee550af0f38c0531b25bb726d1710c,section,M24,second_identical_build_corruption,state,MR13,Reordered extraction independence,preserve,True,False,before=b'Morph-01';intervening=b'Second-2';after=b'Morph-01',0.101368,,False,"{""intervening_extraction"":true}"
mutation,H01-gcd.c,bf207a4afdd7e623be4bd0751bdc1917c0ee550af0f38c0531b25bb726d1710c,section,M24,second_identical_build_corruption,state,MR14,Rebuild stability,preserve,False,True,first=b'Morph-01';second=b'Lorph-01',0.096301,,False,"{""binary_bytes_equal"":false,""execution_order"":""build1-extract1-build2-extract2""}"
