surface,host,host_sha256,carrier,defect_id,defect_operator,fault_class,relation_id,relation_name,polarity,pass,killed,detail,duration_seconds,exception_class,pilot,observations_json
pilot_mutation,H01-gcd.c,bf207a4afdd7e623be4bd0751bdc1917c0ee550af0f38c0531b25bb726d1710c,string,M01,embed_noop,embedding,MR01,Round-trip fidelity,preserve,False,True,exception:ExtractionError:logical record magic not found,0.053818,ExtractionError,True,{}
pilot_mutation,H01-gcd.c,bf207a4afdd7e623be4bd0751bdc1917c0ee550af0f38c0531b25bb726d1710c,string,M01,embed_noop,embedding,MR02,Host-semantic preservation,preserve,True,False,mismatch_count=0,0.132409,,True,"{""mismatches"":[]}"
pilot_mutation,H01-gcd.c,bf207a4afdd7e623be4bd0751bdc1917c0ee550af0f38c0531b25bb726d1710c,string,M01,embed_noop,embedding,MR03,Unmarked rejection,reject,True,False,rejected:absent:logical record magic not found,0.039032,,True,"{""unmarked_binary_sha256"":""17288de5d8ffc83b2223ee650ec19f96fa9b779f3eb45b8e2433c730b7a1e3e2""}"
pilot_mutation,H01-gcd.c,bf207a4afdd7e623be4bd0751bdc1917c0ee550af0f38c0531b25bb726d1710c,string,M01,embed_noop,embedding,MR04,Wrong-key rejection,reject,True,False,rejected:wrong-key:key tag mismatch,0.041282,,True,"{""antecedent_guarded"":true,""antecedent_hex"":""4d6f7270682d3031""}"
pilot_mutation,H01-gcd.c,bf207a4afdd7e623be4bd0751bdc1917c0ee550af0f38c0531b25bb726d1710c,string,M01,embed_noop,embedding,MR05,Payload separation,separate,False,True,exception:ExtractionError:logical record magic not found,0.138796,ExtractionError,True,{}
pilot_mutation,H01-gcd.c,bf207a4afdd7e623be4bd0751bdc1917c0ee550af0f38c0531b25bb726d1710c,string,M01,embed_noop,embedding,MR06,Cross-compiler invariance,preserve,False,True,exception:ExtractionError:logical record magic not found,0.142002,ExtractionError,True,{}
pilot_mutation,H01-gcd.c,bf207a4afdd7e623be4bd0751bdc1917c0ee550af0f38c0531b25bb726d1710c,string,M01,embed_noop,embedding,MR07,Optimization invariance,preserve,False,True,exception:ExtractionError:logical record magic not found,0.163214,ExtractionError,True,{}
pilot_mutation,H01-gcd.c,bf207a4afdd7e623be4bd0751bdc1917c0ee550af0f38c0531b25bb726d1710c,string,M01,embed_noop,embedding,MR08,Clean-room relocation,preserve,False,True,exception:ExtractionError:logical record magic not found,0.056169,ExtractionError,True,{}
pilot_mutation,H01-gcd.c,bf207a4afdd7e623be4bd0751bdc1917c0ee550af0f38c0531b25bb726d1710c,string,M01,embed_noop,embedding,MR09,Carrier-removal rejection,reject,True,False,rejected:absent:logical record magic not found,0.043443,,True,"{""antecedent_guarded"":true}"
pilot_mutation,H01-gcd.c,bf207a4afdd7e623be4bd0751bdc1917c0ee550af0f38c0531b25bb726d1710c,string,M01,embed_noop,embedding,MR10,Carrier-corruption rejection,reject,True,False,rejected:checksum:payload checksum mismatch,0.063783,,True,"{""antecedent_guarded"":true}"
pilot_mutation,H01-gcd.c,bf207a4afdd7e623be4bd0751bdc1917c0ee550af0f38c0531b25bb726d1710c,string,M01,embed_noop,embedding,MR11,Requested/actual trace agreement,trace,True,False,requested=clang/Os;actual=clang/Os,0.073137,,True,"{""build"":{""actual_compiler"":""clang"",""actual_optimization"":""Os"",""binary"":""WORKDIR/string/M01/MR11/trace/build-01/artifact.bin"",""binary_sha256"":""8979583311288d6755db67bfb67a745238b66729f18570b075945ee29c1a551b"",""carrier"":""string"",""command"":[""clang"",""-std=c11"",""-fno-ident"",""-no-pie"",""-Os"",""WORKDIR/string/M01/MR11/trace/build-01/host.c"",""-o"",""WORKDIR/string/M01/MR11/trace/build-01/artifact.bin""],""effective_payload_hex"":""4d6f7270682d3031"",""key"":""key-alpha"",""mutant_id"":""M01"",""requested_compiler"":""clang"",""requested_optimization"":""Os"",""requested_payload_hex"":""4d6f7270682d3031"",""return_code"":0,""source"":""WORKDIR/string/M01/MR11/trace/build-01/host.c"",""source_sha256"":""bf207a4afdd7e623be4bd0751bdc1917c0ee550af0f38c0531b25bb726d1710c"",""stderr"":""""}}"
pilot_mutation,H01-gcd.c,bf207a4afdd7e623be4bd0751bdc1917c0ee550af0f38c0531b25bb726d1710c,string,M01,embed_noop,embedding,MR12,Interleaved artifact isolation,separate,False,True,exception:ExtractionError:logical record magic not found,0.082786,ExtractionError,True,{}
pilot_mutation,H01-gcd.c,bf207a4afdd7e623be4bd0751bdc1917c0ee550af0f38c0531b25bb726d1710c,string,M01,embed_noop,embedding,MR13,Reordered extraction independence,preserve,False,True,exception:ExtractionError:logical record magic not found,0.039831,ExtractionError,True,{}
pilot_mutation,H01-gcd.c,bf207a4afdd7e623be4bd0751bdc1917c0ee550af0f38c0531b25bb726d1710c,string,M01,embed_noop,embedding,MR14,Rebuild stability,preserve,False,True,exception:ExtractionError:logical record magic not found,0.048933,ExtractionError,True,{}
pilot_mutation,H01-gcd.c,bf207a4afdd7e623be4bd0751bdc1917c0ee550af0f38c0531b25bb726d1710c,string,M02,truncate_payload,embedding,MR01,Round-trip fidelity,preserve,False,True,extracted=b'Morph-0',0.047995,,True,"{""build"":{""actual_compiler"":""gcc"",""actual_optimization"":""O2"",""binary"":""WORKDIR/string/M02/MR01/marked/build-01/artifact.bin"",""binary_sha256"":""ee43d19a87f12565d075161a630931729c372e79739f022dbbb8cb3da7576bbf"",""carrier"":""string"",""command"":[""gcc"",""-std=c11"",""-fno-ident"",""-no-pie"",""-O2"",""WORKDIR/string/M02/MR01/marked/build-01/host.c"",""-o"",""WORKDIR/string/M02/MR01/marked/build-01/artifact.bin""],""effective_payload_hex"":""4d6f7270682d30"",""key"":""key-alpha"",""mutant_id"":""M02"",""requested_compiler"":""gcc"",""requested_optimization"":""O2"",""requested_payload_hex"":""4d6f7270682d3031"",""return_code"":0,""source"":""WORKDIR/string/M02/MR01/marked/build-01/host.c"",""source_sha256"":""e43dbf27b243f9638108af68015eb54481ff910ea3c7b83106e3e21d3a49df03"",""stderr"":""""},""extracted_hex"":""4d6f7270682d30""}"
pilot_mutation,H01-gcd.c,bf207a4afdd7e623be4bd0751bdc1917c0ee550af0f38c0531b25bb726d1710c,string,M02,truncate_payload,embedding,MR02,Host-semantic preservation,preserve,True,False,mismatch_count=0,0.184132,,True,"{""mismatches"":[]}"
pilot_mutation,H01-gcd.c,bf207a4afdd7e623be4bd0751bdc1917c0ee550af0f38c0531b25bb726d1710c,string,M02,truncate_payload,embedding,MR03,Unmarked rejection,reject,True,False,rejected:absent:logical record magic not found,0.07472,,True,"{""unmarked_binary_sha256"":""17288de5d8ffc83b2223ee650ec19f96fa9b779f3eb45b8e2433c730b7a1e3e2""}"
pilot_mutation,H01-gcd.c,bf207a4afdd7e623be4bd0751bdc1917c0ee550af0f38c0531b25bb726d1710c,string,M02,truncate_payload,embedding,MR04,Wrong-key rejection,reject,True,False,rejected:wrong-key:key tag mismatch,0.068007,,True,"{""antecedent_guarded"":true,""antecedent_hex"":""4d6f7270682d3031""}"
pilot_mutation,H01-gcd.c,bf207a4afdd7e623be4bd0751bdc1917c0ee550af0f38c0531b25bb726d1710c,string,M02,truncate_payload,embedding,MR05,Payload separation,separate,False,True,first=b'Morph-0';second=b'Second-',0.112983,,True,"{""execution_order"":""sequential-builds-then-extract"",""first_hex"":""4d6f7270682d30"",""second_hex"":""5365636f6e642d""}"
pilot_mutation,H01-gcd.c,bf207a4afdd7e623be4bd0751bdc1917c0ee550af0f38c0531b25bb726d1710c,string,M02,truncate_payload,embedding,MR06,Cross-compiler invariance,preserve,False,True,"payloads=b'Morph-0',b'Morph-0';semantic_equal=True",0.176638,,True,"{""clang_actual"":""clang"",""gcc_actual"":""gcc""}"
pilot_mutation,H01-gcd.c,bf207a4afdd7e623be4bd0751bdc1917c0ee550af0f38c0531b25bb726d1710c,string,M02,truncate_payload,embedding,MR07,Optimization invariance,preserve,False,True,"payloads=['Morph-0', 'Morph-0', 'Morph-0'];semantic_equal=True",0.204093,,True,{}
pilot_mutation,H01-gcd.c,bf207a4afdd7e623be4bd0751bdc1917c0ee550af0f38c0531b25bb726d1710c,string,M02,truncate_payload,embedding,MR08,Clean-room relocation,preserve,False,True,source_mismatch=b'Morph-0',0.062426,,True,"{""source_hex"":""4d6f7270682d30""}"
pilot_mutation,H01-gcd.c,bf207a4afdd7e623be4bd0751bdc1917c0ee550af0f38c0531b25bb726d1710c,string,M02,truncate_payload,embedding,MR09,Carrier-removal rejection,reject,True,False,rejected:absent:logical record magic not found,0.063029,,True,"{""antecedent_guarded"":true}"
pilot_mutation,H01-gcd.c,bf207a4afdd7e623be4bd0751bdc1917c0ee550af0f38c0531b25bb726d1710c,string,M02,truncate_payload,embedding,MR10,Carrier-corruption rejection,reject,True,False,rejected:checksum:payload checksum mismatch,0.059324,,True,"{""antecedent_guarded"":true}"
pilot_mutation,H01-gcd.c,bf207a4afdd7e623be4bd0751bdc1917c0ee550af0f38c0531b25bb726d1710c,string,M02,truncate_payload,embedding,MR11,Requested/actual trace agreement,trace,True,False,requested=clang/Os;actual=clang/Os,0.099506,,True,"{""build"":{""actual_compiler"":""clang"",""actual_optimization"":""Os"",""binary"":""WORKDIR/string/M02/MR11/trace/build-01/artifact.bin"",""binary_sha256"":""3eec78fc76884d4848d6711a9993e844905f864aaba0d7b2d7cd2ffc51356342"",""carrier"":""string"",""command"":[""clang"",""-std=c11"",""-fno-ident"",""-no-pie"",""-Os"",""WORKDIR/string/M02/MR11/trace/build-01/host.c"",""-o"",""WORKDIR/string/M02/MR11/trace/build-01/artifact.bin""],""effective_payload_hex"":""4d6f7270682d30"",""key"":""key-alpha"",""mutant_id"":""M02"",""requested_compiler"":""clang"",""requested_optimization"":""Os"",""requested_payload_hex"":""4d6f7270682d3031"",""return_code"":0,""source"":""WORKDIR/string/M02/MR11/trace/build-01/host.c"",""source_sha256"":""e43dbf27b243f9638108af68015eb54481ff910ea3c7b83106e3e21d3a49df03"",""stderr"":""""}}"
pilot_mutation,H01-gcd.c,bf207a4afdd7e623be4bd0751bdc1917c0ee550af0f38c0531b25bb726d1710c,string,M02,truncate_payload,embedding,MR12,Interleaved artifact isolation,separate,False,True,parallel_isolation_clause_violated,0.099051,,True,"{""aliasing_detected"":false,""both_expected"":false,""execution_order"":""overlapping-builds-then-extract"",""payloads_distinct"":true}"
pilot_mutation,H01-gcd.c,bf207a4afdd7e623be4bd0751bdc1917c0ee550af0f38c0531b25bb726d1710c,string,M02,truncate_payload,embedding,MR13,Reordered extraction independence,preserve,False,True,before=b'Morph-0';intervening=b'Second-';after=b'Morph-0',0.121061,,True,"{""intervening_extraction"":true}"
pilot_mutation,H01-gcd.c,bf207a4afdd7e623be4bd0751bdc1917c0ee550af0f38c0531b25bb726d1710c,string,M02,truncate_payload,embedding,MR14,Rebuild stability,preserve,False,True,first=b'Morph-0';second=b'Morph-0',0.14169,,True,"{""binary_bytes_equal"":true,""execution_order"":""build1-extract1-build2-extract2""}"
pilot_mutation,H01-gcd.c,bf207a4afdd7e623be4bd0751bdc1917c0ee550af0f38c0531b25bb726d1710c,string,M03,flip_payload,embedding,MR01,Round-trip fidelity,preserve,False,True,extracted=b'Lorph-01',0.067605,,True,"{""build"":{""actual_compiler"":""gcc"",""actual_optimization"":""O2"",""binary"":""WORKDIR/string/M03/MR01/marked/build-01/artifact.bin"",""binary_sha256"":""363414fc62c63620859c1da0c4801ceb555efd7dcd755def33a03209c39a3058"",""carrier"":""string"",""command"":[""gcc"",""-std=c11"",""-fno-ident"",""-no-pie"",""-O2"",""WORKDIR/string/M03/MR01/marked/build-01/host.c"",""-o"",""WORKDIR/string/M03/MR01/marked/build-01/artifact.bin""],""effective_payload_hex"":""4c6f7270682d3031"",""key"":""key-alpha"",""mutant_id"":""M03"",""requested_compiler"":""gcc"",""requested_optimization"":""O2"",""requested_payload_hex"":""4d6f7270682d3031"",""return_code"":0,""source"":""WORKDIR/string/M03/MR01/marked/build-01/host.c"",""source_sha256"":""9dbb69d9b8bd7e75272ddc06848e4235e4d6bf8be837b0a13f3cdf0e0981c200"",""stderr"":""""},""extracted_hex"":""4c6f7270682d3031""}"
pilot_mutation,H01-gcd.c,bf207a4afdd7e623be4bd0751bdc1917c0ee550af0f38c0531b25bb726d1710c,string,M03,flip_payload,embedding,MR02,Host-semantic preservation,preserve,True,False,mismatch_count=0,0.160133,,True,"{""mismatches"":[]}"
pilot_mutation,H01-gcd.c,bf207a4afdd7e623be4bd0751bdc1917c0ee550af0f38c0531b25bb726d1710c,string,M03,flip_payload,embedding,MR03,Unmarked rejection,reject,True,False,rejected:absent:logical record magic not found,0.036092,,True,"{""unmarked_binary_sha256"":""17288de5d8ffc83b2223ee650ec19f96fa9b779f3eb45b8e2433c730b7a1e3e2""}"
pilot_mutation,H01-gcd.c,bf207a4afdd7e623be4bd0751bdc1917c0ee550af0f38c0531b25bb726d1710c,string,M03,flip_payload,embedding,MR04,Wrong-key rejection,reject,True,False,rejected:wrong-key:key tag mismatch,0.070654,,True,"{""antecedent_guarded"":true,""antecedent_hex"":""4d6f7270682d3031""}"
pilot_mutation,H01-gcd.c,bf207a4afdd7e623be4bd0751bdc1917c0ee550af0f38c0531b25bb726d1710c,string,M03,flip_payload,embedding,MR05,Payload separation,separate,False,True,first=b'Lorph-01';second=b'Recond-2',0.118486,,True,"{""execution_order"":""sequential-builds-then-extract"",""first_hex"":""4c6f7270682d3031"",""second_hex"":""5265636f6e642d32""}"
pilot_mutation,H01-gcd.c,bf207a4afdd7e623be4bd0751bdc1917c0ee550af0f38c0531b25bb726d1710c,string,M03,flip_payload,embedding,MR06,Cross-compiler invariance,preserve,False,True,"payloads=b'Lorph-01',b'Lorph-01';semantic_equal=True",0.176628,,True,"{""clang_actual"":""clang"",""gcc_actual"":""gcc""}"
pilot_mutation,H01-gcd.c,bf207a4afdd7e623be4bd0751bdc1917c0ee550af0f38c0531b25bb726d1710c,string,M03,flip_payload,embedding,MR07,Optimization invariance,preserve,False,True,"payloads=['Lorph-01', 'Lorph-01', 'Lorph-01'];semantic_equal=True",0.213643,,True,{}
pilot_mutation,H01-gcd.c,bf207a4afdd7e623be4bd0751bdc1917c0ee550af0f38c0531b25bb726d1710c,string,M03,flip_payload,embedding,MR08,Clean-room relocation,preserve,False,True,source_mismatch=b'Lorph-01',0.064481,,True,"{""source_hex"":""4c6f7270682d3031""}"
pilot_mutation,H01-gcd.c,bf207a4afdd7e623be4bd0751bdc1917c0ee550af0f38c0531b25bb726d1710c,string,M03,flip_payload,embedding,MR09,Carrier-removal rejection,reject,True,False,rejected:absent:logical record magic not found,0.05723,,True,"{""antecedent_guarded"":true}"
pilot_mutation,H01-gcd.c,bf207a4afdd7e623be4bd0751bdc1917c0ee550af0f38c0531b25bb726d1710c,string,M03,flip_payload,embedding,MR10,Carrier-corruption rejection,reject,True,False,rejected:checksum:payload checksum mismatch,0.046375,,True,"{""antecedent_guarded"":true}"
pilot_mutation,H01-gcd.c,bf207a4afdd7e623be4bd0751bdc1917c0ee550af0f38c0531b25bb726d1710c,string,M03,flip_payload,embedding,MR11,Requested/actual trace agreement,trace,True,False,requested=clang/Os;actual=clang/Os,0.048623,,True,"{""build"":{""actual_compiler"":""clang"",""actual_optimization"":""Os"",""binary"":""WORKDIR/string/M03/MR11/trace/build-01/artifact.bin"",""binary_sha256"":""1f630f4432f3c7bfd3627ba9803a8723191a229606a403e59438fcb82a35b670"",""carrier"":""string"",""command"":[""clang"",""-std=c11"",""-fno-ident"",""-no-pie"",""-Os"",""WORKDIR/string/M03/MR11/trace/build-01/host.c"",""-o"",""WORKDIR/string/M03/MR11/trace/build-01/artifact.bin""],""effective_payload_hex"":""4c6f7270682d3031"",""key"":""key-alpha"",""mutant_id"":""M03"",""requested_compiler"":""clang"",""requested_optimization"":""Os"",""requested_payload_hex"":""4d6f7270682d3031"",""return_code"":0,""source"":""WORKDIR/string/M03/MR11/trace/build-01/host.c"",""source_sha256"":""9dbb69d9b8bd7e75272ddc06848e4235e4d6bf8be837b0a13f3cdf0e0981c200"",""stderr"":""""}}"
pilot_mutation,H01-gcd.c,bf207a4afdd7e623be4bd0751bdc1917c0ee550af0f38c0531b25bb726d1710c,string,M03,flip_payload,embedding,MR12,Interleaved artifact isolation,separate,False,True,parallel_isolation_clause_violated,0.055793,,True,"{""aliasing_detected"":false,""both_expected"":false,""execution_order"":""overlapping-builds-then-extract"",""payloads_distinct"":true}"
pilot_mutation,H01-gcd.c,bf207a4afdd7e623be4bd0751bdc1917c0ee550af0f38c0531b25bb726d1710c,string,M03,flip_payload,embedding,MR13,Reordered extraction independence,preserve,False,True,before=b'Lorph-01';intervening=b'Recond-2';after=b'Lorph-01',0.120629,,True,"{""intervening_extraction"":true}"
pilot_mutation,H01-gcd.c,bf207a4afdd7e623be4bd0751bdc1917c0ee550af0f38c0531b25bb726d1710c,string,M03,flip_payload,embedding,MR14,Rebuild stability,preserve,False,True,first=b'Lorph-01';second=b'Lorph-01',0.118495,,True,"{""binary_bytes_equal"":true,""execution_order"":""build1-extract1-build2-extract2""}"
pilot_mutation,H01-gcd.c,bf207a4afdd7e623be4bd0751bdc1917c0ee550af0f38c0531b25bb726d1710c,string,M04,fixed_payload,state,MR01,Round-trip fidelity,preserve,False,True,extracted=b'fixed-payload',0.071366,,True,"{""build"":{""actual_compiler"":""gcc"",""actual_optimization"":""O2"",""binary"":""WORKDIR/string/M04/MR01/marked/build-01/artifact.bin"",""binary_sha256"":""30ee7978f638f005dbb2435de7eb355887e3dade7b97c0a107e85a0e62a683a3"",""carrier"":""string"",""command"":[""gcc"",""-std=c11"",""-fno-ident"",""-no-pie"",""-O2"",""WORKDIR/string/M04/MR01/marked/build-01/host.c"",""-o"",""WORKDIR/string/M04/MR01/marked/build-01/artifact.bin""],""effective_payload_hex"":""66697865642d7061796c6f6164"",""key"":""key-alpha"",""mutant_id"":""M04"",""requested_compiler"":""gcc"",""requested_optimization"":""O2"",""requested_payload_hex"":""4d6f7270682d3031"",""return_code"":0,""source"":""WORKDIR/string/M04/MR01/marked/build-01/host.c"",""source_sha256"":""a322e5d2e8ef4b095604b57c0daa9f3252bc5a8a7650464eb671df952a874557"",""stderr"":""""},""extracted_hex"":""66697865642d7061796c6f6164""}"
pilot_mutation,H01-gcd.c,bf207a4afdd7e623be4bd0751bdc1917c0ee550af0f38c0531b25bb726d1710c,string,M04,fixed_payload,state,MR02,Host-semantic preservation,preserve,True,False,mismatch_count=0,0.16219,,True,"{""mismatches"":[]}"
pilot_mutation,H01-gcd.c,bf207a4afdd7e623be4bd0751bdc1917c0ee550af0f38c0531b25bb726d1710c,string,M04,fixed_payload,state,MR03,Unmarked rejection,reject,True,False,rejected:absent:logical record magic not found,0.08155,,True,"{""unmarked_binary_sha256"":""17288de5d8ffc83b2223ee650ec19f96fa9b779f3eb45b8e2433c730b7a1e3e2""}"
pilot_mutation,H01-gcd.c,bf207a4afdd7e623be4bd0751bdc1917c0ee550af0f38c0531b25bb726d1710c,string,M04,fixed_payload,state,MR04,Wrong-key rejection,reject,True,False,rejected:wrong-key:key tag mismatch,0.070163,,True,"{""antecedent_guarded"":true,""antecedent_hex"":""4d6f7270682d3031""}"
pilot_mutation,H01-gcd.c,bf207a4afdd7e623be4bd0751bdc1917c0ee550af0f38c0531b25bb726d1710c,string,M04,fixed_payload,state,MR05,Payload separation,separate,False,True,first=b'fixed-payload';second=b'fixed-payload',0.099326,,True,"{""execution_order"":""sequential-builds-then-extract"",""first_hex"":""66697865642d7061796c6f6164"",""second_hex"":""66697865642d7061796c6f6164""}"
pilot_mutation,H01-gcd.c,bf207a4afdd7e623be4bd0751bdc1917c0ee550af0f38c0531b25bb726d1710c,string,M04,fixed_payload,state,MR06,Cross-compiler invariance,preserve,False,True,"payloads=b'fixed-payload',b'fixed-payload';semantic_equal=True",0.130927,,True,"{""clang_actual"":""clang"",""gcc_actual"":""gcc""}"
pilot_mutation,H01-gcd.c,bf207a4afdd7e623be4bd0751bdc1917c0ee550af0f38c0531b25bb726d1710c,string,M04,fixed_payload,state,MR07,Optimization invariance,preserve,False,True,"payloads=['fixed-payload', 'fixed-payload', 'fixed-payload'];semantic_equal=True",0.20624,,True,{}
pilot_mutation,H01-gcd.c,bf207a4afdd7e623be4bd0751bdc1917c0ee550af0f38c0531b25bb726d1710c,string,M04,fixed_payload,state,MR08,Clean-room relocation,preserve,False,True,source_mismatch=b'fixed-payload',0.058196,,True,"{""source_hex"":""66697865642d7061796c6f6164""}"
pilot_mutation,H01-gcd.c,bf207a4afdd7e623be4bd0751bdc1917c0ee550af0f38c0531b25bb726d1710c,string,M04,fixed_payload,state,MR09,Carrier-removal rejection,reject,True,False,rejected:absent:logical record magic not found,0.074053,,True,"{""antecedent_guarded"":true}"
pilot_mutation,H01-gcd.c,bf207a4afdd7e623be4bd0751bdc1917c0ee550af0f38c0531b25bb726d1710c,string,M04,fixed_payload,state,MR10,Carrier-corruption rejection,reject,True,False,rejected:checksum:payload checksum mismatch,0.08132,,True,"{""antecedent_guarded"":true}"
pilot_mutation,H01-gcd.c,bf207a4afdd7e623be4bd0751bdc1917c0ee550af0f38c0531b25bb726d1710c,string,M04,fixed_payload,state,MR11,Requested/actual trace agreement,trace,True,False,requested=clang/Os;actual=clang/Os,0.080483,,True,"{""build"":{""actual_compiler"":""clang"",""actual_optimization"":""Os"",""binary"":""WORKDIR/string/M04/MR11/trace/build-01/artifact.bin"",""binary_sha256"":""5eb93921b3488a175d351ac632c8c9a237dc6cdf928f486b3dced84694534a8b"",""carrier"":""string"",""command"":[""clang"",""-std=c11"",""-fno-ident"",""-no-pie"",""-Os"",""WORKDIR/string/M04/MR11/trace/build-01/host.c"",""-o"",""WORKDIR/string/M04/MR11/trace/build-01/artifact.bin""],""effective_payload_hex"":""66697865642d7061796c6f6164"",""key"":""key-alpha"",""mutant_id"":""M04"",""requested_compiler"":""clang"",""requested_optimization"":""Os"",""requested_payload_hex"":""4d6f7270682d3031"",""return_code"":0,""source"":""WORKDIR/string/M04/MR11/trace/build-01/host.c"",""source_sha256"":""a322e5d2e8ef4b095604b57c0daa9f3252bc5a8a7650464eb671df952a874557"",""stderr"":""""}}"
pilot_mutation,H01-gcd.c,bf207a4afdd7e623be4bd0751bdc1917c0ee550af0f38c0531b25bb726d1710c,string,M04,fixed_payload,state,MR12,Interleaved artifact isolation,separate,False,True,parallel_isolation_clause_violated,0.065992,,True,"{""aliasing_detected"":true,""both_expected"":false,""execution_order"":""overlapping-builds-then-extract"",""payloads_distinct"":false}"
pilot_mutation,H01-gcd.c,bf207a4afdd7e623be4bd0751bdc1917c0ee550af0f38c0531b25bb726d1710c,string,M04,fixed_payload,state,MR13,Reordered extraction independence,preserve,False,True,before=b'fixed-payload';intervening=b'fixed-payload';after=b'fixed-payload',0.128783,,True,"{""intervening_extraction"":true}"
pilot_mutation,H01-gcd.c,bf207a4afdd7e623be4bd0751bdc1917c0ee550af0f38c0531b25bb726d1710c,string,M04,fixed_payload,state,MR14,Rebuild stability,preserve,False,True,first=b'fixed-payload';second=b'fixed-payload',0.13356,,True,"{""binary_bytes_equal"":true,""execution_order"":""build1-extract1-build2-extract2""}"
pilot_mutation,H01-gcd.c,bf207a4afdd7e623be4bd0751bdc1917c0ee550af0f38c0531b25bb726d1710c,string,M05,lower_payload,normalization,MR01,Round-trip fidelity,preserve,False,True,extracted=b'morph-01',0.065534,,True,"{""build"":{""actual_compiler"":""gcc"",""actual_optimization"":""O2"",""binary"":""WORKDIR/string/M05/MR01/marked/build-01/artifact.bin"",""binary_sha256"":""8f287079d19b91c56597a082483b7d90d461da5a473dce1c505704c143d7ae79"",""carrier"":""string"",""command"":[""gcc"",""-std=c11"",""-fno-ident"",""-no-pie"",""-O2"",""WORKDIR/string/M05/MR01/marked/build-01/host.c"",""-o"",""WORKDIR/string/M05/MR01/marked/build-01/artifact.bin""],""effective_payload_hex"":""6d6f7270682d3031"",""key"":""key-alpha"",""mutant_id"":""M05"",""requested_compiler"":""gcc"",""requested_optimization"":""O2"",""requested_payload_hex"":""4d6f7270682d3031"",""return_code"":0,""source"":""WORKDIR/string/M05/MR01/marked/build-01/host.c"",""source_sha256"":""6f64cdaec37cdb73383ed55f99693c609b4620b5ef0fb6494ff313a80fa9460b"",""stderr"":""""},""extracted_hex"":""6d6f7270682d3031""}"
pilot_mutation,H01-gcd.c,bf207a4afdd7e623be4bd0751bdc1917c0ee550af0f38c0531b25bb726d1710c,string,M05,lower_payload,normalization,MR02,Host-semantic preservation,preserve,True,False,mismatch_count=0,0.169075,,True,"{""mismatches"":[]}"
pilot_mutation,H01-gcd.c,bf207a4afdd7e623be4bd0751bdc1917c0ee550af0f38c0531b25bb726d1710c,string,M05,lower_payload,normalization,MR03,Unmarked rejection,reject,True,False,rejected:absent:logical record magic not found,0.068031,,True,"{""unmarked_binary_sha256"":""17288de5d8ffc83b2223ee650ec19f96fa9b779f3eb45b8e2433c730b7a1e3e2""}"
pilot_mutation,H01-gcd.c,bf207a4afdd7e623be4bd0751bdc1917c0ee550af0f38c0531b25bb726d1710c,string,M05,lower_payload,normalization,MR04,Wrong-key rejection,reject,True,False,rejected:wrong-key:key tag mismatch,0.088422,,True,"{""antecedent_guarded"":true,""antecedent_hex"":""4d6f7270682d3031""}"
pilot_mutation,H01-gcd.c,bf207a4afdd7e623be4bd0751bdc1917c0ee550af0f38c0531b25bb726d1710c,string,M05,lower_payload,normalization,MR05,Payload separation,separate,False,True,first=b'morph-01';second=b'second-2',0.150542,,True,"{""execution_order"":""sequential-builds-then-extract"",""first_hex"":""6d6f7270682d3031"",""second_hex"":""7365636f6e642d32""}"
pilot_mutation,H01-gcd.c,bf207a4afdd7e623be4bd0751bdc1917c0ee550af0f38c0531b25bb726d1710c,string,M05,lower_payload,normalization,MR06,Cross-compiler invariance,preserve,False,True,"payloads=b'morph-01',b'morph-01';semantic_equal=True",0.136698,,True,"{""clang_actual"":""clang"",""gcc_actual"":""gcc""}"
pilot_mutation,H01-gcd.c,bf207a4afdd7e623be4bd0751bdc1917c0ee550af0f38c0531b25bb726d1710c,string,M05,lower_payload,normalization,MR07,Optimization invariance,preserve,False,True,"payloads=['morph-01', 'morph-01', 'morph-01'];semantic_equal=True",0.207475,,True,{}
pilot_mutation,H01-gcd.c,bf207a4afdd7e623be4bd0751bdc1917c0ee550af0f38c0531b25bb726d1710c,string,M05,lower_payload,normalization,MR08,Clean-room relocation,preserve,False,True,source_mismatch=b'morph-01',0.072001,,True,"{""source_hex"":""6d6f7270682d3031""}"
pilot_mutation,H01-gcd.c,bf207a4afdd7e623be4bd0751bdc1917c0ee550af0f38c0531b25bb726d1710c,string,M05,lower_payload,normalization,MR09,Carrier-removal rejection,reject,True,False,rejected:absent:logical record magic not found,0.069052,,True,"{""antecedent_guarded"":true}"
pilot_mutation,H01-gcd.c,bf207a4afdd7e623be4bd0751bdc1917c0ee550af0f38c0531b25bb726d1710c,string,M05,lower_payload,normalization,MR10,Carrier-corruption rejection,reject,True,False,rejected:checksum:payload checksum mismatch,0.064179,,True,"{""antecedent_guarded"":true}"
pilot_mutation,H01-gcd.c,bf207a4afdd7e623be4bd0751bdc1917c0ee550af0f38c0531b25bb726d1710c,string,M05,lower_payload,normalization,MR11,Requested/actual trace agreement,trace,True,False,requested=clang/Os;actual=clang/Os,0.089972,,True,"{""build"":{""actual_compiler"":""clang"",""actual_optimization"":""Os"",""binary"":""WORKDIR/string/M05/MR11/trace/build-01/artifact.bin"",""binary_sha256"":""0d8782a20ee51b6e8dbbe5002eed217c9d9115006a20cfd8a59a1a5cc8eebaac"",""carrier"":""string"",""command"":[""clang"",""-std=c11"",""-fno-ident"",""-no-pie"",""-Os"",""WORKDIR/string/M05/MR11/trace/build-01/host.c"",""-o"",""WORKDIR/string/M05/MR11/trace/build-01/artifact.bin""],""effective_payload_hex"":""6d6f7270682d3031"",""key"":""key-alpha"",""mutant_id"":""M05"",""requested_compiler"":""clang"",""requested_optimization"":""Os"",""requested_payload_hex"":""4d6f7270682d3031"",""return_code"":0,""source"":""WORKDIR/string/M05/MR11/trace/build-01/host.c"",""source_sha256"":""6f64cdaec37cdb73383ed55f99693c609b4620b5ef0fb6494ff313a80fa9460b"",""stderr"":""""}}"
pilot_mutation,H01-gcd.c,bf207a4afdd7e623be4bd0751bdc1917c0ee550af0f38c0531b25bb726d1710c,string,M05,lower_payload,normalization,MR12,Interleaved artifact isolation,separate,False,True,parallel_isolation_clause_violated,0.085919,,True,"{""aliasing_detected"":false,""both_expected"":false,""execution_order"":""overlapping-builds-then-extract"",""payloads_distinct"":true}"
pilot_mutation,H01-gcd.c,bf207a4afdd7e623be4bd0751bdc1917c0ee550af0f38c0531b25bb726d1710c,string,M05,lower_payload,normalization,MR13,Reordered extraction independence,preserve,False,True,before=b'morph-01';intervening=b'second-2';after=b'morph-01',0.126501,,True,"{""intervening_extraction"":true}"
pilot_mutation,H01-gcd.c,bf207a4afdd7e623be4bd0751bdc1917c0ee550af0f38c0531b25bb726d1710c,string,M05,lower_payload,normalization,MR14,Rebuild stability,preserve,False,True,first=b'morph-01';second=b'morph-01',0.136682,,True,"{""binary_bytes_equal"":true,""execution_order"":""build1-extract1-build2-extract2""}"
pilot_mutation,H01-gcd.c,bf207a4afdd7e623be4bd0751bdc1917c0ee550af0f38c0531b25bb726d1710c,string,M06,key_ignored,authentication,MR01,Round-trip fidelity,preserve,True,False,extracted=b'Morph-01',0.048304,,True,"{""build"":{""actual_compiler"":""gcc"",""actual_optimization"":""O2"",""binary"":""WORKDIR/string/M06/MR01/marked/build-01/artifact.bin"",""binary_sha256"":""a3178b0c05f812039e297cb9a66d62b6d068a087d2df38fc6e9e1dfceb19ad43"",""carrier"":""string"",""command"":[""gcc"",""-std=c11"",""-fno-ident"",""-no-pie"",""-O2"",""WORKDIR/string/M06/MR01/marked/build-01/host.c"",""-o"",""WORKDIR/string/M06/MR01/marked/build-01/artifact.bin""],""effective_payload_hex"":""4d6f7270682d3031"",""key"":""key-alpha"",""mutant_id"":""M06"",""requested_compiler"":""gcc"",""requested_optimization"":""O2"",""requested_payload_hex"":""4d6f7270682d3031"",""return_code"":0,""source"":""WORKDIR/string/M06/MR01/marked/build-01/host.c"",""source_sha256"":""57444e3828612a864230fb7afff527998356bf74053ae9046ae116964f86abee"",""stderr"":""""},""extracted_hex"":""4d6f7270682d3031""}"
pilot_mutation,H01-gcd.c,bf207a4afdd7e623be4bd0751bdc1917c0ee550af0f38c0531b25bb726d1710c,string,M06,key_ignored,authentication,MR02,Host-semantic preservation,preserve,True,False,mismatch_count=0,0.193981,,True,"{""mismatches"":[]}"
pilot_mutation,H01-gcd.c,bf207a4afdd7e623be4bd0751bdc1917c0ee550af0f38c0531b25bb726d1710c,string,M06,key_ignored,authentication,MR03,Unmarked rejection,reject,True,False,rejected:absent:logical record magic not found,0.066068,,True,"{""unmarked_binary_sha256"":""17288de5d8ffc83b2223ee650ec19f96fa9b779f3eb45b8e2433c730b7a1e3e2""}"
pilot_mutation,H01-gcd.c,bf207a4afdd7e623be4bd0751bdc1917c0ee550af0f38c0531b25bb726d1710c,string,M06,key_ignored,authentication,MR04,Wrong-key rejection,reject,False,True,accepted:b'Morph-01',0.063515,,True,"{""antecedent_guarded"":true,""antecedent_hex"":""4d6f7270682d3031""}"
pilot_mutation,H01-gcd.c,bf207a4afdd7e623be4bd0751bdc1917c0ee550af0f38c0531b25bb726d1710c,string,M06,key_ignored,authentication,MR05,Payload separation,separate,True,False,first=b'Morph-01';second=b'Second-2',0.168744,,True,"{""execution_order"":""sequential-builds-then-extract"",""first_hex"":""4d6f7270682d3031"",""second_hex"":""5365636f6e642d32""}"
pilot_mutation,H01-gcd.c,bf207a4afdd7e623be4bd0751bdc1917c0ee550af0f38c0531b25bb726d1710c,string,M06,key_ignored,authentication,MR06,Cross-compiler invariance,preserve,True,False,"payloads=b'Morph-01',b'Morph-01';semantic_equal=True",0.125313,,True,"{""clang_actual"":""clang"",""gcc_actual"":""gcc""}"
pilot_mutation,H01-gcd.c,bf207a4afdd7e623be4bd0751bdc1917c0ee550af0f38c0531b25bb726d1710c,string,M06,key_ignored,authentication,MR07,Optimization invariance,preserve,True,False,"payloads=['Morph-01', 'Morph-01', 'Morph-01'];semantic_equal=True",0.204177,,True,{}
pilot_mutation,H01-gcd.c,bf207a4afdd7e623be4bd0751bdc1917c0ee550af0f38c0531b25bb726d1710c,string,M06,key_ignored,authentication,MR08,Clean-room relocation,preserve,True,False,relocated=b'Morph-01',0.055352,,True,"{""clean_room_entries"":[""renamed-artifact.bin""],""relocated_hex"":""4d6f7270682d3031""}"
pilot_mutation,H01-gcd.c,bf207a4afdd7e623be4bd0751bdc1917c0ee550af0f38c0531b25bb726d1710c,string,M06,key_ignored,authentication,MR09,Carrier-removal rejection,reject,True,False,rejected:absent:logical record magic not found,0.047773,,True,"{""antecedent_guarded"":true}"
pilot_mutation,H01-gcd.c,bf207a4afdd7e623be4bd0751bdc1917c0ee550af0f38c0531b25bb726d1710c,string,M06,key_ignored,authentication,MR10,Carrier-corruption rejection,reject,True,False,rejected:checksum:payload checksum mismatch,0.036478,,True,"{""antecedent_guarded"":true}"
pilot_mutation,H01-gcd.c,bf207a4afdd7e623be4bd0751bdc1917c0ee550af0f38c0531b25bb726d1710c,string,M06,key_ignored,authentication,MR11,Requested/actual trace agreement,trace,True,False,requested=clang/Os;actual=clang/Os,0.070105,,True,"{""build"":{""actual_compiler"":""clang"",""actual_optimization"":""Os"",""binary"":""WORKDIR/string/M06/MR11/trace/build-01/artifact.bin"",""binary_sha256"":""1fa44f2d4be372e9225e8e9cd544a4711a250b83553d67ab2d85818f22ca85b6"",""carrier"":""string"",""command"":[""clang"",""-std=c11"",""-fno-ident"",""-no-pie"",""-Os"",""WORKDIR/string/M06/MR11/trace/build-01/host.c"",""-o"",""WORKDIR/string/M06/MR11/trace/build-01/artifact.bin""],""effective_payload_hex"":""4d6f7270682d3031"",""key"":""key-alpha"",""mutant_id"":""M06"",""requested_compiler"":""clang"",""requested_optimization"":""Os"",""requested_payload_hex"":""4d6f7270682d3031"",""return_code"":0,""source"":""WORKDIR/string/M06/MR11/trace/build-01/host.c"",""source_sha256"":""57444e3828612a864230fb7afff527998356bf74053ae9046ae116964f86abee"",""stderr"":""""}}"
pilot_mutation,H01-gcd.c,bf207a4afdd7e623be4bd0751bdc1917c0ee550af0f38c0531b25bb726d1710c,string,M06,key_ignored,authentication,MR12,Interleaved artifact isolation,separate,True,False,parallel_isolation_satisfied,0.068585,,True,"{""aliasing_detected"":false,""both_expected"":true,""execution_order"":""overlapping-builds-then-extract"",""payloads_distinct"":true}"
pilot_mutation,H01-gcd.c,bf207a4afdd7e623be4bd0751bdc1917c0ee550af0f38c0531b25bb726d1710c,string,M06,key_ignored,authentication,MR13,Reordered extraction independence,preserve,True,False,before=b'Morph-01';intervening=b'Second-2';after=b'Morph-01',0.136316,,True,"{""intervening_extraction"":true}"
pilot_mutation,H01-gcd.c,bf207a4afdd7e623be4bd0751bdc1917c0ee550af0f38c0531b25bb726d1710c,string,M06,key_ignored,authentication,MR14,Rebuild stability,preserve,True,False,first=b'Morph-01';second=b'Morph-01',0.133574,,True,"{""binary_bytes_equal"":true,""execution_order"":""build1-extract1-build2-extract2""}"
pilot_mutation,H01-gcd.c,bf207a4afdd7e623be4bd0751bdc1917c0ee550af0f38c0531b25bb726d1710c,string,M07,sidecar_oracle,artifact binding,MR01,Round-trip fidelity,preserve,True,False,extracted=b'Morph-01',0.050119,,True,"{""build"":{""actual_compiler"":""gcc"",""actual_optimization"":""O2"",""binary"":""WORKDIR/string/M07/MR01/marked/build-01/artifact.bin"",""binary_sha256"":""b8e5790f338ae8db35cfffc794a440a51f513484ba40b60dbac7eb19948f430c"",""carrier"":""string"",""command"":[""gcc"",""-std=c11"",""-fno-ident"",""-no-pie"",""-O2"",""WORKDIR/string/M07/MR01/marked/build-01/host.c"",""-o"",""WORKDIR/string/M07/MR01/marked/build-01/artifact.bin""],""effective_payload_hex"":""4d6f7270682d3031"",""key"":""key-alpha"",""mutant_id"":""M07"",""requested_compiler"":""gcc"",""requested_optimization"":""O2"",""requested_payload_hex"":""4d6f7270682d3031"",""return_code"":0,""source"":""WORKDIR/string/M07/MR01/marked/build-01/host.c"",""source_sha256"":""de3dd3bc3add920f6b14f3cfa83262c596594edfaf1d5fcc70bb4bc78a38fa0e"",""stderr"":""""},""extracted_hex"":""4d6f7270682d3031""}"
pilot_mutation,H01-gcd.c,bf207a4afdd7e623be4bd0751bdc1917c0ee550af0f38c0531b25bb726d1710c,string,M07,sidecar_oracle,artifact binding,MR02,Host-semantic preservation,preserve,True,False,mismatch_count=0,0.136584,,True,"{""mismatches"":[]}"
pilot_mutation,H01-gcd.c,bf207a4afdd7e623be4bd0751bdc1917c0ee550af0f38c0531b25bb726d1710c,string,M07,sidecar_oracle,artifact binding,MR03,Unmarked rejection,reject,True,False,rejected:sidecar:adjacent sidecar is missing,0.048723,,True,"{""unmarked_binary_sha256"":""17288de5d8ffc83b2223ee650ec19f96fa9b779f3eb45b8e2433c730b7a1e3e2""}"
pilot_mutation,H01-gcd.c,bf207a4afdd7e623be4bd0751bdc1917c0ee550af0f38c0531b25bb726d1710c,string,M07,sidecar_oracle,artifact binding,MR04,Wrong-key rejection,reject,True,False,rejected:wrong-key:sidecar key mismatch,0.067932,,True,"{""antecedent_guarded"":true,""antecedent_hex"":""4d6f7270682d3031""}"
pilot_mutation,H01-gcd.c,bf207a4afdd7e623be4bd0751bdc1917c0ee550af0f38c0531b25bb726d1710c,string,M07,sidecar_oracle,artifact binding,MR05,Payload separation,separate,True,False,first=b'Morph-01';second=b'Second-2',0.112856,,True,"{""execution_order"":""sequential-builds-then-extract"",""first_hex"":""4d6f7270682d3031"",""second_hex"":""5365636f6e642d32""}"
pilot_mutation,H01-gcd.c,bf207a4afdd7e623be4bd0751bdc1917c0ee550af0f38c0531b25bb726d1710c,string,M07,sidecar_oracle,artifact binding,MR06,Cross-compiler invariance,preserve,True,False,"payloads=b'Morph-01',b'Morph-01';semantic_equal=True",0.14861,,True,"{""clang_actual"":""clang"",""gcc_actual"":""gcc""}"
pilot_mutation,H01-gcd.c,bf207a4afdd7e623be4bd0751bdc1917c0ee550af0f38c0531b25bb726d1710c,string,M07,sidecar_oracle,artifact binding,MR07,Optimization invariance,preserve,True,False,"payloads=['Morph-01', 'Morph-01', 'Morph-01'];semantic_equal=True",0.249831,,True,{}
pilot_mutation,H01-gcd.c,bf207a4afdd7e623be4bd0751bdc1917c0ee550af0f38c0531b25bb726d1710c,string,M07,sidecar_oracle,artifact binding,MR08,Clean-room relocation,preserve,False,True,exception:ExtractionError:adjacent sidecar is missing,0.065535,ExtractionError,True,{}
pilot_mutation,H01-gcd.c,bf207a4afdd7e623be4bd0751bdc1917c0ee550af0f38c0531b25bb726d1710c,string,M07,sidecar_oracle,artifact binding,MR09,Carrier-removal rejection,reject,True,False,rejected:sidecar:adjacent sidecar is missing,0.045923,,True,"{""antecedent_guarded"":true}"
pilot_mutation,H01-gcd.c,bf207a4afdd7e623be4bd0751bdc1917c0ee550af0f38c0531b25bb726d1710c,string,M07,sidecar_oracle,artifact binding,MR10,Carrier-corruption rejection,reject,True,False,rejected:sidecar:adjacent sidecar is missing,0.063324,,True,"{""antecedent_guarded"":true}"
pilot_mutation,H01-gcd.c,bf207a4afdd7e623be4bd0751bdc1917c0ee550af0f38c0531b25bb726d1710c,string,M07,sidecar_oracle,artifact binding,MR11,Requested/actual trace agreement,trace,True,False,requested=clang/Os;actual=clang/Os,0.053953,,True,"{""build"":{""actual_compiler"":""clang"",""actual_optimization"":""Os"",""binary"":""WORKDIR/string/M07/MR11/trace/build-01/artifact.bin"",""binary_sha256"":""bf1b3f8ba8daa55b6d499a4bbb63a61efb7b30a4d426a514b1ce3e529d1be05b"",""carrier"":""string"",""command"":[""clang"",""-std=c11"",""-fno-ident"",""-no-pie"",""-Os"",""WORKDIR/string/M07/MR11/trace/build-01/host.c"",""-o"",""WORKDIR/string/M07/MR11/trace/build-01/artifact.bin""],""effective_payload_hex"":""4d6f7270682d3031"",""key"":""key-alpha"",""mutant_id"":""M07"",""requested_compiler"":""clang"",""requested_optimization"":""Os"",""requested_payload_hex"":""4d6f7270682d3031"",""return_code"":0,""source"":""WORKDIR/string/M07/MR11/trace/build-01/host.c"",""source_sha256"":""de3dd3bc3add920f6b14f3cfa83262c596594edfaf1d5fcc70bb4bc78a38fa0e"",""stderr"":""""}}"
pilot_mutation,H01-gcd.c,bf207a4afdd7e623be4bd0751bdc1917c0ee550af0f38c0531b25bb726d1710c,string,M07,sidecar_oracle,artifact binding,MR12,Interleaved artifact isolation,separate,True,False,parallel_isolation_satisfied,0.085484,,True,"{""aliasing_detected"":false,""both_expected"":true,""execution_order"":""overlapping-builds-then-extract"",""payloads_distinct"":true}"
pilot_mutation,H01-gcd.c,bf207a4afdd7e623be4bd0751bdc1917c0ee550af0f38c0531b25bb726d1710c,string,M07,sidecar_oracle,artifact binding,MR13,Reordered extraction independence,preserve,True,False,before=b'Morph-01';intervening=b'Second-2';after=b'Morph-01',0.097501,,True,"{""intervening_extraction"":true}"
pilot_mutation,H01-gcd.c,bf207a4afdd7e623be4bd0751bdc1917c0ee550af0f38c0531b25bb726d1710c,string,M07,sidecar_oracle,artifact binding,MR14,Rebuild stability,preserve,True,False,first=b'Morph-01';second=b'Morph-01',0.116398,,True,"{""binary_bytes_equal"":true,""execution_order"":""build1-extract1-build2-extract2""}"
pilot_mutation,H01-gcd.c,bf207a4afdd7e623be4bd0751bdc1917c0ee550af0f38c0531b25bb726d1710c,string,M08,global_cache_oracle,state,MR01,Round-trip fidelity,preserve,True,False,extracted=b'Morph-01',0.045144,,True,"{""build"":{""actual_compiler"":""gcc"",""actual_optimization"":""O2"",""binary"":""WORKDIR/string/M08/MR01/marked/build-01/artifact.bin"",""binary_sha256"":""b8e5790f338ae8db35cfffc794a440a51f513484ba40b60dbac7eb19948f430c"",""carrier"":""string"",""command"":[""gcc"",""-std=c11"",""-fno-ident"",""-no-pie"",""-O2"",""WORKDIR/string/M08/MR01/marked/build-01/host.c"",""-o"",""WORKDIR/string/M08/MR01/marked/build-01/artifact.bin""],""effective_payload_hex"":""4d6f7270682d3031"",""key"":""key-alpha"",""mutant_id"":""M08"",""requested_compiler"":""gcc"",""requested_optimization"":""O2"",""requested_payload_hex"":""4d6f7270682d3031"",""return_code"":0,""source"":""WORKDIR/string/M08/MR01/marked/build-01/host.c"",""source_sha256"":""de3dd3bc3add920f6b14f3cfa83262c596594edfaf1d5fcc70bb4bc78a38fa0e"",""stderr"":""""},""extracted_hex"":""4d6f7270682d3031""}"
pilot_mutation,H01-gcd.c,bf207a4afdd7e623be4bd0751bdc1917c0ee550af0f38c0531b25bb726d1710c,string,M08,global_cache_oracle,state,MR02,Host-semantic preservation,preserve,True,False,mismatch_count=0,0.147746,,True,"{""mismatches"":[]}"
pilot_mutation,H01-gcd.c,bf207a4afdd7e623be4bd0751bdc1917c0ee550af0f38c0531b25bb726d1710c,string,M08,global_cache_oracle,state,MR03,Unmarked rejection,reject,True,False,rejected:absent:logical record magic not found,0.071891,,True,"{""unmarked_binary_sha256"":""17288de5d8ffc83b2223ee650ec19f96fa9b779f3eb45b8e2433c730b7a1e3e2""}"
pilot_mutation,H01-gcd.c,bf207a4afdd7e623be4bd0751bdc1917c0ee550af0f38c0531b25bb726d1710c,string,M08,global_cache_oracle,state,MR04,Wrong-key rejection,reject,False,True,accepted:b'Morph-01',0.056105,,True,"{""antecedent_guarded"":true,""antecedent_hex"":""4d6f7270682d3031""}"
pilot_mutation,H01-gcd.c,bf207a4afdd7e623be4bd0751bdc1917c0ee550af0f38c0531b25bb726d1710c,string,M08,global_cache_oracle,state,MR05,Payload separation,separate,False,True,first=b'Second-2';second=b'Second-2',0.117491,,True,"{""execution_order"":""sequential-builds-then-extract"",""first_hex"":""5365636f6e642d32"",""second_hex"":""5365636f6e642d32""}"
pilot_mutation,H01-gcd.c,bf207a4afdd7e623be4bd0751bdc1917c0ee550af0f38c0531b25bb726d1710c,string,M08,global_cache_oracle,state,MR06,Cross-compiler invariance,preserve,True,False,"payloads=b'Morph-01',b'Morph-01';semantic_equal=True",0.172235,,True,"{""clang_actual"":""clang"",""gcc_actual"":""gcc""}"
pilot_mutation,H01-gcd.c,bf207a4afdd7e623be4bd0751bdc1917c0ee550af0f38c0531b25bb726d1710c,string,M08,global_cache_oracle,state,MR07,Optimization invariance,preserve,True,False,"payloads=['Morph-01', 'Morph-01', 'Morph-01'];semantic_equal=True",0.21445,,True,{}
pilot_mutation,H01-gcd.c,bf207a4afdd7e623be4bd0751bdc1917c0ee550af0f38c0531b25bb726d1710c,string,M08,global_cache_oracle,state,MR08,Clean-room relocation,preserve,True,False,relocated=b'Morph-01',0.060468,,True,"{""clean_room_entries"":[""renamed-artifact.bin""],""relocated_hex"":""4d6f7270682d3031""}"
pilot_mutation,H01-gcd.c,bf207a4afdd7e623be4bd0751bdc1917c0ee550af0f38c0531b25bb726d1710c,string,M08,global_cache_oracle,state,MR09,Carrier-removal rejection,reject,False,True,spurious robustness:accepted:b'Morph-01',0.080405,,True,"{""antecedent_guarded"":true}"
pilot_mutation,H01-gcd.c,bf207a4afdd7e623be4bd0751bdc1917c0ee550af0f38c0531b25bb726d1710c,string,M08,global_cache_oracle,state,MR10,Carrier-corruption rejection,reject,False,True,corruption accepted:accepted:b'Morph-01',0.07807,,True,"{""antecedent_guarded"":true}"
pilot_mutation,H01-gcd.c,bf207a4afdd7e623be4bd0751bdc1917c0ee550af0f38c0531b25bb726d1710c,string,M08,global_cache_oracle,state,MR11,Requested/actual trace agreement,trace,True,False,requested=clang/Os;actual=clang/Os,0.106095,,True,"{""build"":{""actual_compiler"":""clang"",""actual_optimization"":""Os"",""binary"":""WORKDIR/string/M08/MR11/trace/build-01/artifact.bin"",""binary_sha256"":""bf1b3f8ba8daa55b6d499a4bbb63a61efb7b30a4d426a514b1ce3e529d1be05b"",""carrier"":""string"",""command"":[""clang"",""-std=c11"",""-fno-ident"",""-no-pie"",""-Os"",""WORKDIR/string/M08/MR11/trace/build-01/host.c"",""-o"",""WORKDIR/string/M08/MR11/trace/build-01/artifact.bin""],""effective_payload_hex"":""4d6f7270682d3031"",""key"":""key-alpha"",""mutant_id"":""M08"",""requested_compiler"":""clang"",""requested_optimization"":""Os"",""requested_payload_hex"":""4d6f7270682d3031"",""return_code"":0,""source"":""WORKDIR/string/M08/MR11/trace/build-01/host.c"",""source_sha256"":""de3dd3bc3add920f6b14f3cfa83262c596594edfaf1d5fcc70bb4bc78a38fa0e"",""stderr"":""""}}"
pilot_mutation,H01-gcd.c,bf207a4afdd7e623be4bd0751bdc1917c0ee550af0f38c0531b25bb726d1710c,string,M08,global_cache_oracle,state,MR12,Interleaved artifact isolation,separate,False,True,parallel_isolation_clause_violated,0.09457,,True,"{""aliasing_detected"":true,""both_expected"":false,""execution_order"":""overlapping-builds-then-extract"",""payloads_distinct"":false}"
pilot_mutation,H01-gcd.c,bf207a4afdd7e623be4bd0751bdc1917c0ee550af0f38c0531b25bb726d1710c,string,M08,global_cache_oracle,state,MR13,Reordered extraction independence,preserve,False,True,before=b'Morph-01';intervening=b'Second-2';after=b'Second-2',0.1223,,True,"{""intervening_extraction"":true}"
pilot_mutation,H01-gcd.c,bf207a4afdd7e623be4bd0751bdc1917c0ee550af0f38c0531b25bb726d1710c,string,M08,global_cache_oracle,state,MR14,Rebuild stability,preserve,True,False,first=b'Morph-01';second=b'Morph-01',0.10557,,True,"{""binary_bytes_equal"":true,""execution_order"":""build1-extract1-build2-extract2""}"
pilot_mutation,H01-gcd.c,bf207a4afdd7e623be4bd0751bdc1917c0ee550af0f38c0531b25bb726d1710c,string,M09,unmarked_default,false positive,MR01,Round-trip fidelity,preserve,True,False,extracted=b'Morph-01',0.064765,,True,"{""build"":{""actual_compiler"":""gcc"",""actual_optimization"":""O2"",""binary"":""WORKDIR/string/M09/MR01/marked/build-01/artifact.bin"",""binary_sha256"":""b8e5790f338ae8db35cfffc794a440a51f513484ba40b60dbac7eb19948f430c"",""carrier"":""string"",""command"":[""gcc"",""-std=c11"",""-fno-ident"",""-no-pie"",""-O2"",""WORKDIR/string/M09/MR01/marked/build-01/host.c"",""-o"",""WORKDIR/string/M09/MR01/marked/build-01/artifact.bin""],""effective_payload_hex"":""4d6f7270682d3031"",""key"":""key-alpha"",""mutant_id"":""M09"",""requested_compiler"":""gcc"",""requested_optimization"":""O2"",""requested_payload_hex"":""4d6f7270682d3031"",""return_code"":0,""source"":""WORKDIR/string/M09/MR01/marked/build-01/host.c"",""source_sha256"":""de3dd3bc3add920f6b14f3cfa83262c596594edfaf1d5fcc70bb4bc78a38fa0e"",""stderr"":""""},""extracted_hex"":""4d6f7270682d3031""}"
pilot_mutation,H01-gcd.c,bf207a4afdd7e623be4bd0751bdc1917c0ee550af0f38c0531b25bb726d1710c,string,M09,unmarked_default,false positive,MR02,Host-semantic preservation,preserve,True,False,mismatch_count=0,0.159386,,True,"{""mismatches"":[]}"
pilot_mutation,H01-gcd.c,bf207a4afdd7e623be4bd0751bdc1917c0ee550af0f38c0531b25bb726d1710c,string,M09,unmarked_default,false positive,MR03,Unmarked rejection,reject,False,True,accepted:b'Morph-01',0.050638,,True,"{""unmarked_binary_sha256"":""17288de5d8ffc83b2223ee650ec19f96fa9b779f3eb45b8e2433c730b7a1e3e2""}"
pilot_mutation,H01-gcd.c,bf207a4afdd7e623be4bd0751bdc1917c0ee550af0f38c0531b25bb726d1710c,string,M09,unmarked_default,false positive,MR04,Wrong-key rejection,reject,False,True,accepted:b'Morph-01',0.04248,,True,"{""antecedent_guarded"":true,""antecedent_hex"":""4d6f7270682d3031""}"
pilot_mutation,H01-gcd.c,bf207a4afdd7e623be4bd0751bdc1917c0ee550af0f38c0531b25bb726d1710c,string,M09,unmarked_default,false positive,MR05,Payload separation,separate,True,False,first=b'Morph-01';second=b'Second-2',0.097061,,True,"{""execution_order"":""sequential-builds-then-extract"",""first_hex"":""4d6f7270682d3031"",""second_hex"":""5365636f6e642d32""}"
pilot_mutation,H01-gcd.c,bf207a4afdd7e623be4bd0751bdc1917c0ee550af0f38c0531b25bb726d1710c,string,M09,unmarked_default,false positive,MR06,Cross-compiler invariance,preserve,True,False,"payloads=b'Morph-01',b'Morph-01';semantic_equal=True",0.185877,,True,"{""clang_actual"":""clang"",""gcc_actual"":""gcc""}"
pilot_mutation,H01-gcd.c,bf207a4afdd7e623be4bd0751bdc1917c0ee550af0f38c0531b25bb726d1710c,string,M09,unmarked_default,false positive,MR07,Optimization invariance,preserve,True,False,"payloads=['Morph-01', 'Morph-01', 'Morph-01'];semantic_equal=True",0.216398,,True,{}
pilot_mutation,H01-gcd.c,bf207a4afdd7e623be4bd0751bdc1917c0ee550af0f38c0531b25bb726d1710c,string,M09,unmarked_default,false positive,MR08,Clean-room relocation,preserve,True,False,relocated=b'Morph-01',0.071748,,True,"{""clean_room_entries"":[""renamed-artifact.bin""],""relocated_hex"":""4d6f7270682d3031""}"
pilot_mutation,H01-gcd.c,bf207a4afdd7e623be4bd0751bdc1917c0ee550af0f38c0531b25bb726d1710c,string,M09,unmarked_default,false positive,MR09,Carrier-removal rejection,reject,False,True,spurious robustness:accepted:b'Morph-01',0.080254,,True,"{""antecedent_guarded"":true}"
pilot_mutation,H01-gcd.c,bf207a4afdd7e623be4bd0751bdc1917c0ee550af0f38c0531b25bb726d1710c,string,M09,unmarked_default,false positive,MR10,Carrier-corruption rejection,reject,False,True,corruption accepted:accepted:b'Morph-01',0.073584,,True,"{""antecedent_guarded"":true}"
pilot_mutation,H01-gcd.c,bf207a4afdd7e623be4bd0751bdc1917c0ee550af0f38c0531b25bb726d1710c,string,M09,unmarked_default,false positive,MR11,Requested/actual trace agreement,trace,True,False,requested=clang/Os;actual=clang/Os,0.071424,,True,"{""build"":{""actual_compiler"":""clang"",""actual_optimization"":""Os"",""binary"":""WORKDIR/string/M09/MR11/trace/build-01/artifact.bin"",""binary_sha256"":""bf1b3f8ba8daa55b6d499a4bbb63a61efb7b30a4d426a514b1ce3e529d1be05b"",""carrier"":""string"",""command"":[""clang"",""-std=c11"",""-fno-ident"",""-no-pie"",""-Os"",""WORKDIR/string/M09/MR11/trace/build-01/host.c"",""-o"",""WORKDIR/string/M09/MR11/trace/build-01/artifact.bin""],""effective_payload_hex"":""4d6f7270682d3031"",""key"":""key-alpha"",""mutant_id"":""M09"",""requested_compiler"":""clang"",""requested_optimization"":""Os"",""requested_payload_hex"":""4d6f7270682d3031"",""return_code"":0,""source"":""WORKDIR/string/M09/MR11/trace/build-01/host.c"",""source_sha256"":""de3dd3bc3add920f6b14f3cfa83262c596594edfaf1d5fcc70bb4bc78a38fa0e"",""stderr"":""""}}"
pilot_mutation,H01-gcd.c,bf207a4afdd7e623be4bd0751bdc1917c0ee550af0f38c0531b25bb726d1710c,string,M09,unmarked_default,false positive,MR12,Interleaved artifact isolation,separate,True,False,parallel_isolation_satisfied,0.05688,,True,"{""aliasing_detected"":false,""both_expected"":true,""execution_order"":""overlapping-builds-then-extract"",""payloads_distinct"":true}"
pilot_mutation,H01-gcd.c,bf207a4afdd7e623be4bd0751bdc1917c0ee550af0f38c0531b25bb726d1710c,string,M09,unmarked_default,false positive,MR13,Reordered extraction independence,preserve,True,False,before=b'Morph-01';intervening=b'Second-2';after=b'Morph-01',0.130344,,True,"{""intervening_extraction"":true}"
pilot_mutation,H01-gcd.c,bf207a4afdd7e623be4bd0751bdc1917c0ee550af0f38c0531b25bb726d1710c,string,M09,unmarked_default,false positive,MR14,Rebuild stability,preserve,True,False,first=b'Morph-01';second=b'Morph-01',0.127187,,True,"{""binary_bytes_equal"":true,""execution_order"":""build1-extract1-build2-extract2""}"
pilot_mutation,H01-gcd.c,bf207a4afdd7e623be4bd0751bdc1917c0ee550af0f38c0531b25bb726d1710c,string,M10,semantic_plus_one,semantic corruption,MR01,Round-trip fidelity,preserve,True,False,extracted=b'Morph-01',0.068271,,True,"{""build"":{""actual_compiler"":""gcc"",""actual_optimization"":""O2"",""binary"":""WORKDIR/string/M10/MR01/marked/build-01/artifact.bin"",""binary_sha256"":""218b8991b858e70cfe777d2c2c5b2c6201bbc24fb7f9ab1c259a216675500fbd"",""carrier"":""string"",""command"":[""gcc"",""-std=c11"",""-fno-ident"",""-no-pie"",""-O2"",""WORKDIR/string/M10/MR01/marked/build-01/host.c"",""-o"",""WORKDIR/string/M10/MR01/marked/build-01/artifact.bin""],""effective_payload_hex"":""4d6f7270682d3031"",""key"":""key-alpha"",""mutant_id"":""M10"",""requested_compiler"":""gcc"",""requested_optimization"":""O2"",""requested_payload_hex"":""4d6f7270682d3031"",""return_code"":0,""source"":""WORKDIR/string/M10/MR01/marked/build-01/host.c"",""source_sha256"":""ec199823c81befeafba1fc08aa2c705b0ad79f3f0cba2c765d22fd453ef5ad82"",""stderr"":""""},""extracted_hex"":""4d6f7270682d3031""}"
pilot_mutation,H01-gcd.c,bf207a4afdd7e623be4bd0751bdc1917c0ee550af0f38c0531b25bb726d1710c,string,M10,semantic_plus_one,semantic corruption,MR02,Host-semantic preservation,preserve,True,False,mismatch_count=0,0.164762,,True,"{""mismatches"":[]}"
pilot_mutation,H01-gcd.c,bf207a4afdd7e623be4bd0751bdc1917c0ee550af0f38c0531b25bb726d1710c,string,M10,semantic_plus_one,semantic corruption,MR03,Unmarked rejection,reject,True,False,rejected:absent:logical record magic not found,0.075595,,True,"{""unmarked_binary_sha256"":""a7ba1b1fde2b472014cbc25860cebcca1a3737929b7a88d46c8ef8cd002b8b50""}"
pilot_mutation,H01-gcd.c,bf207a4afdd7e623be4bd0751bdc1917c0ee550af0f38c0531b25bb726d1710c,string,M10,semantic_plus_one,semantic corruption,MR04,Wrong-key rejection,reject,True,False,rejected:wrong-key:key tag mismatch,0.051345,,True,"{""antecedent_guarded"":true,""antecedent_hex"":""4d6f7270682d3031""}"
pilot_mutation,H01-gcd.c,bf207a4afdd7e623be4bd0751bdc1917c0ee550af0f38c0531b25bb726d1710c,string,M10,semantic_plus_one,semantic corruption,MR05,Payload separation,separate,True,False,first=b'Morph-01';second=b'Second-2',0.122473,,True,"{""execution_order"":""sequential-builds-then-extract"",""first_hex"":""4d6f7270682d3031"",""second_hex"":""5365636f6e642d32""}"
pilot_mutation,H01-gcd.c,bf207a4afdd7e623be4bd0751bdc1917c0ee550af0f38c0531b25bb726d1710c,string,M10,semantic_plus_one,semantic corruption,MR06,Cross-compiler invariance,preserve,True,False,"payloads=b'Morph-01',b'Morph-01';semantic_equal=True",0.151391,,True,"{""clang_actual"":""clang"",""gcc_actual"":""gcc""}"
pilot_mutation,H01-gcd.c,bf207a4afdd7e623be4bd0751bdc1917c0ee550af0f38c0531b25bb726d1710c,string,M10,semantic_plus_one,semantic corruption,MR07,Optimization invariance,preserve,True,False,"payloads=['Morph-01', 'Morph-01', 'Morph-01'];semantic_equal=True",0.235344,,True,{}
pilot_mutation,H01-gcd.c,bf207a4afdd7e623be4bd0751bdc1917c0ee550af0f38c0531b25bb726d1710c,string,M10,semantic_plus_one,semantic corruption,MR08,Clean-room relocation,preserve,True,False,relocated=b'Morph-01',0.073727,,True,"{""clean_room_entries"":[""renamed-artifact.bin""],""relocated_hex"":""4d6f7270682d3031""}"
pilot_mutation,H01-gcd.c,bf207a4afdd7e623be4bd0751bdc1917c0ee550af0f38c0531b25bb726d1710c,string,M10,semantic_plus_one,semantic corruption,MR09,Carrier-removal rejection,reject,True,False,rejected:absent:logical record magic not found,0.062471,,True,"{""antecedent_guarded"":true}"
pilot_mutation,H01-gcd.c,bf207a4afdd7e623be4bd0751bdc1917c0ee550af0f38c0531b25bb726d1710c,string,M10,semantic_plus_one,semantic corruption,MR10,Carrier-corruption rejection,reject,True,False,rejected:checksum:payload checksum mismatch,0.056272,,True,"{""antecedent_guarded"":true}"
pilot_mutation,H01-gcd.c,bf207a4afdd7e623be4bd0751bdc1917c0ee550af0f38c0531b25bb726d1710c,string,M10,semantic_plus_one,semantic corruption,MR11,Requested/actual trace agreement,trace,True,False,requested=clang/Os;actual=clang/Os,0.07675,,True,"{""build"":{""actual_compiler"":""clang"",""actual_optimization"":""Os"",""binary"":""WORKDIR/string/M10/MR11/trace/build-01/artifact.bin"",""binary_sha256"":""4473db5d9196aa4625926b91592cee8cbbaf1cf096147557c36234d8f09f8909"",""carrier"":""string"",""command"":[""clang"",""-std=c11"",""-fno-ident"",""-no-pie"",""-Os"",""WORKDIR/string/M10/MR11/trace/build-01/host.c"",""-o"",""WORKDIR/string/M10/MR11/trace/build-01/artifact.bin""],""effective_payload_hex"":""4d6f7270682d3031"",""key"":""key-alpha"",""mutant_id"":""M10"",""requested_compiler"":""clang"",""requested_optimization"":""Os"",""requested_payload_hex"":""4d6f7270682d3031"",""return_code"":0,""source"":""WORKDIR/string/M10/MR11/trace/build-01/host.c"",""source_sha256"":""ec199823c81befeafba1fc08aa2c705b0ad79f3f0cba2c765d22fd453ef5ad82"",""stderr"":""""}}"
pilot_mutation,H01-gcd.c,bf207a4afdd7e623be4bd0751bdc1917c0ee550af0f38c0531b25bb726d1710c,string,M10,semantic_plus_one,semantic corruption,MR12,Interleaved artifact isolation,separate,True,False,parallel_isolation_satisfied,0.06482,,True,"{""aliasing_detected"":false,""both_expected"":true,""execution_order"":""overlapping-builds-then-extract"",""payloads_distinct"":true}"
pilot_mutation,H01-gcd.c,bf207a4afdd7e623be4bd0751bdc1917c0ee550af0f38c0531b25bb726d1710c,string,M10,semantic_plus_one,semantic corruption,MR13,Reordered extraction independence,preserve,True,False,before=b'Morph-01';intervening=b'Second-2';after=b'Morph-01',0.114449,,True,"{""intervening_extraction"":true}"
pilot_mutation,H01-gcd.c,bf207a4afdd7e623be4bd0751bdc1917c0ee550af0f38c0531b25bb726d1710c,string,M10,semantic_plus_one,semantic corruption,MR14,Rebuild stability,preserve,True,False,first=b'Morph-01';second=b'Morph-01',0.112357,,True,"{""binary_bytes_equal"":true,""execution_order"":""build1-extract1-build2-extract2""}"
pilot_mutation,H01-gcd.c,bf207a4afdd7e623be4bd0751bdc1917c0ee550af0f38c0531b25bb726d1710c,string,M11,semantic_input13,semantic corruption,MR01,Round-trip fidelity,preserve,True,False,extracted=b'Morph-01',0.056084,,True,"{""build"":{""actual_compiler"":""gcc"",""actual_optimization"":""O2"",""binary"":""WORKDIR/string/M11/MR01/marked/build-01/artifact.bin"",""binary_sha256"":""b7a184e654e99c2c9bea380de44a4a3ac6335db3e82f195303ad075d9b9bd8ac"",""carrier"":""string"",""command"":[""gcc"",""-std=c11"",""-fno-ident"",""-no-pie"",""-O2"",""WORKDIR/string/M11/MR01/marked/build-01/host.c"",""-o"",""WORKDIR/string/M11/MR01/marked/build-01/artifact.bin""],""effective_payload_hex"":""4d6f7270682d3031"",""key"":""key-alpha"",""mutant_id"":""M11"",""requested_compiler"":""gcc"",""requested_optimization"":""O2"",""requested_payload_hex"":""4d6f7270682d3031"",""return_code"":0,""source"":""WORKDIR/string/M11/MR01/marked/build-01/host.c"",""source_sha256"":""67af7ba75589de521e52461151c3d1ca7504340275536964b5eaeeaff0d7e778"",""stderr"":""""},""extracted_hex"":""4d6f7270682d3031""}"
pilot_mutation,H01-gcd.c,bf207a4afdd7e623be4bd0751bdc1917c0ee550af0f38c0531b25bb726d1710c,string,M11,semantic_input13,semantic corruption,MR02,Host-semantic preservation,preserve,True,False,mismatch_count=0,0.179289,,True,"{""mismatches"":[]}"
pilot_mutation,H01-gcd.c,bf207a4afdd7e623be4bd0751bdc1917c0ee550af0f38c0531b25bb726d1710c,string,M11,semantic_input13,semantic corruption,MR03,Unmarked rejection,reject,True,False,rejected:absent:logical record magic not found,0.071581,,True,"{""unmarked_binary_sha256"":""ede3bc23896c80d708e4ea6b72b2826c6ad3e832db12ee3e3340f736947cb2b8""}"
pilot_mutation,H01-gcd.c,bf207a4afdd7e623be4bd0751bdc1917c0ee550af0f38c0531b25bb726d1710c,string,M11,semantic_input13,semantic corruption,MR04,Wrong-key rejection,reject,True,False,rejected:wrong-key:key tag mismatch,0.075408,,True,"{""antecedent_guarded"":true,""antecedent_hex"":""4d6f7270682d3031""}"
pilot_mutation,H01-gcd.c,bf207a4afdd7e623be4bd0751bdc1917c0ee550af0f38c0531b25bb726d1710c,string,M11,semantic_input13,semantic corruption,MR05,Payload separation,separate,True,False,first=b'Morph-01';second=b'Second-2',0.151533,,True,"{""execution_order"":""sequential-builds-then-extract"",""first_hex"":""4d6f7270682d3031"",""second_hex"":""5365636f6e642d32""}"
pilot_mutation,H01-gcd.c,bf207a4afdd7e623be4bd0751bdc1917c0ee550af0f38c0531b25bb726d1710c,string,M11,semantic_input13,semantic corruption,MR06,Cross-compiler invariance,preserve,True,False,"payloads=b'Morph-01',b'Morph-01';semantic_equal=True",0.173555,,True,"{""clang_actual"":""clang"",""gcc_actual"":""gcc""}"
pilot_mutation,H01-gcd.c,bf207a4afdd7e623be4bd0751bdc1917c0ee550af0f38c0531b25bb726d1710c,string,M11,semantic_input13,semantic corruption,MR07,Optimization invariance,preserve,True,False,"payloads=['Morph-01', 'Morph-01', 'Morph-01'];semantic_equal=True",0.225636,,True,{}
pilot_mutation,H01-gcd.c,bf207a4afdd7e623be4bd0751bdc1917c0ee550af0f38c0531b25bb726d1710c,string,M11,semantic_input13,semantic corruption,MR08,Clean-room relocation,preserve,True,False,relocated=b'Morph-01',0.048072,,True,"{""clean_room_entries"":[""renamed-artifact.bin""],""relocated_hex"":""4d6f7270682d3031""}"
pilot_mutation,H01-gcd.c,bf207a4afdd7e623be4bd0751bdc1917c0ee550af0f38c0531b25bb726d1710c,string,M11,semantic_input13,semantic corruption,MR09,Carrier-removal rejection,reject,True,False,rejected:absent:logical record magic not found,0.036669,,True,"{""antecedent_guarded"":true}"
pilot_mutation,H01-gcd.c,bf207a4afdd7e623be4bd0751bdc1917c0ee550af0f38c0531b25bb726d1710c,string,M11,semantic_input13,semantic corruption,MR10,Carrier-corruption rejection,reject,True,False,rejected:checksum:payload checksum mismatch,0.041016,,True,"{""antecedent_guarded"":true}"
pilot_mutation,H01-gcd.c,bf207a4afdd7e623be4bd0751bdc1917c0ee550af0f38c0531b25bb726d1710c,string,M11,semantic_input13,semantic corruption,MR11,Requested/actual trace agreement,trace,True,False,requested=clang/Os;actual=clang/Os,0.079195,,True,"{""build"":{""actual_compiler"":""clang"",""actual_optimization"":""Os"",""binary"":""WORKDIR/string/M11/MR11/trace/build-01/artifact.bin"",""binary_sha256"":""650cfe3c88df1f2d017ffb90cca03c12e7c5046a1082418abc653d865e9aee7c"",""carrier"":""string"",""command"":[""clang"",""-std=c11"",""-fno-ident"",""-no-pie"",""-Os"",""WORKDIR/string/M11/MR11/trace/build-01/host.c"",""-o"",""WORKDIR/string/M11/MR11/trace/build-01/artifact.bin""],""effective_payload_hex"":""4d6f7270682d3031"",""key"":""key-alpha"",""mutant_id"":""M11"",""requested_compiler"":""clang"",""requested_optimization"":""Os"",""requested_payload_hex"":""4d6f7270682d3031"",""return_code"":0,""source"":""WORKDIR/string/M11/MR11/trace/build-01/host.c"",""source_sha256"":""67af7ba75589de521e52461151c3d1ca7504340275536964b5eaeeaff0d7e778"",""stderr"":""""}}"
pilot_mutation,H01-gcd.c,bf207a4afdd7e623be4bd0751bdc1917c0ee550af0f38c0531b25bb726d1710c,string,M11,semantic_input13,semantic corruption,MR12,Interleaved artifact isolation,separate,True,False,parallel_isolation_satisfied,0.080911,,True,"{""aliasing_detected"":false,""both_expected"":true,""execution_order"":""overlapping-builds-then-extract"",""payloads_distinct"":true}"
pilot_mutation,H01-gcd.c,bf207a4afdd7e623be4bd0751bdc1917c0ee550af0f38c0531b25bb726d1710c,string,M11,semantic_input13,semantic corruption,MR13,Reordered extraction independence,preserve,True,False,before=b'Morph-01';intervening=b'Second-2';after=b'Morph-01',0.150358,,True,"{""intervening_extraction"":true}"
pilot_mutation,H01-gcd.c,bf207a4afdd7e623be4bd0751bdc1917c0ee550af0f38c0531b25bb726d1710c,string,M11,semantic_input13,semantic corruption,MR14,Rebuild stability,preserve,True,False,first=b'Morph-01';second=b'Morph-01',0.140121,,True,"{""binary_bytes_equal"":true,""execution_order"":""build1-extract1-build2-extract2""}"
pilot_mutation,H01-gcd.c,bf207a4afdd7e623be4bd0751bdc1917c0ee550af0f38c0531b25bb726d1710c,string,M12,compile_original,stage routing,MR01,Round-trip fidelity,preserve,False,True,exception:ExtractionError:logical record magic not found,0.059286,ExtractionError,True,{}
pilot_mutation,H01-gcd.c,bf207a4afdd7e623be4bd0751bdc1917c0ee550af0f38c0531b25bb726d1710c,string,M12,compile_original,stage routing,MR02,Host-semantic preservation,preserve,True,False,mismatch_count=0,0.136652,,True,"{""mismatches"":[]}"
pilot_mutation,H01-gcd.c,bf207a4afdd7e623be4bd0751bdc1917c0ee550af0f38c0531b25bb726d1710c,string,M12,compile_original,stage routing,MR03,Unmarked rejection,reject,True,False,rejected:absent:logical record magic not found,0.03471,,True,"{""unmarked_binary_sha256"":""17288de5d8ffc83b2223ee650ec19f96fa9b779f3eb45b8e2433c730b7a1e3e2""}"
pilot_mutation,H01-gcd.c,bf207a4afdd7e623be4bd0751bdc1917c0ee550af0f38c0531b25bb726d1710c,string,M12,compile_original,stage routing,MR04,Wrong-key rejection,reject,True,False,rejected:wrong-key:key tag mismatch,0.079187,,True,"{""antecedent_guarded"":true,""antecedent_hex"":""4d6f7270682d3031""}"
pilot_mutation,H01-gcd.c,bf207a4afdd7e623be4bd0751bdc1917c0ee550af0f38c0531b25bb726d1710c,string,M12,compile_original,stage routing,MR05,Payload separation,separate,False,True,exception:ExtractionError:logical record magic not found,0.114039,ExtractionError,True,{}
pilot_mutation,H01-gcd.c,bf207a4afdd7e623be4bd0751bdc1917c0ee550af0f38c0531b25bb726d1710c,string,M12,compile_original,stage routing,MR06,Cross-compiler invariance,preserve,False,True,exception:ExtractionError:logical record magic not found,0.107109,ExtractionError,True,{}
pilot_mutation,H01-gcd.c,bf207a4afdd7e623be4bd0751bdc1917c0ee550af0f38c0531b25bb726d1710c,string,M12,compile_original,stage routing,MR07,Optimization invariance,preserve,False,True,exception:ExtractionError:logical record magic not found,0.181709,ExtractionError,True,{}
pilot_mutation,H01-gcd.c,bf207a4afdd7e623be4bd0751bdc1917c0ee550af0f38c0531b25bb726d1710c,string,M12,compile_original,stage routing,MR08,Clean-room relocation,preserve,False,True,exception:ExtractionError:logical record magic not found,0.043596,ExtractionError,True,{}
pilot_mutation,H01-gcd.c,bf207a4afdd7e623be4bd0751bdc1917c0ee550af0f38c0531b25bb726d1710c,string,M12,compile_original,stage routing,MR09,Carrier-removal rejection,reject,True,False,rejected:absent:logical record magic not found,0.043776,,True,"{""antecedent_guarded"":true}"
pilot_mutation,H01-gcd.c,bf207a4afdd7e623be4bd0751bdc1917c0ee550af0f38c0531b25bb726d1710c,string,M12,compile_original,stage routing,MR10,Carrier-corruption rejection,reject,True,False,rejected:checksum:payload checksum mismatch,0.037845,,True,"{""antecedent_guarded"":true}"
pilot_mutation,H01-gcd.c,bf207a4afdd7e623be4bd0751bdc1917c0ee550af0f38c0531b25bb726d1710c,string,M12,compile_original,stage routing,MR11,Requested/actual trace agreement,trace,True,False,requested=clang/Os;actual=clang/Os,0.090177,,True,"{""build"":{""actual_compiler"":""clang"",""actual_optimization"":""Os"",""binary"":""WORKDIR/string/M12/MR11/trace/build-01/artifact.bin"",""binary_sha256"":""8979583311288d6755db67bfb67a745238b66729f18570b075945ee29c1a551b"",""carrier"":""string"",""command"":[""clang"",""-std=c11"",""-fno-ident"",""-no-pie"",""-Os"",""WORKDIR/string/M12/MR11/trace/build-01/host.c"",""-o"",""WORKDIR/string/M12/MR11/trace/build-01/artifact.bin""],""effective_payload_hex"":""4d6f7270682d3031"",""key"":""key-alpha"",""mutant_id"":""M12"",""requested_compiler"":""clang"",""requested_optimization"":""Os"",""requested_payload_hex"":""4d6f7270682d3031"",""return_code"":0,""source"":""WORKDIR/string/M12/MR11/trace/build-01/host.c"",""source_sha256"":""bf207a4afdd7e623be4bd0751bdc1917c0ee550af0f38c0531b25bb726d1710c"",""stderr"":""""}}"
pilot_mutation,H01-gcd.c,bf207a4afdd7e623be4bd0751bdc1917c0ee550af0f38c0531b25bb726d1710c,string,M12,compile_original,stage routing,MR12,Interleaved artifact isolation,separate,False,True,exception:ExtractionError:logical record magic not found,0.092077,ExtractionError,True,{}
pilot_mutation,H01-gcd.c,bf207a4afdd7e623be4bd0751bdc1917c0ee550af0f38c0531b25bb726d1710c,string,M12,compile_original,stage routing,MR13,Reordered extraction independence,preserve,False,True,exception:ExtractionError:logical record magic not found,0.081352,ExtractionError,True,{}
pilot_mutation,H01-gcd.c,bf207a4afdd7e623be4bd0751bdc1917c0ee550af0f38c0531b25bb726d1710c,string,M12,compile_original,stage routing,MR14,Rebuild stability,preserve,False,True,exception:ExtractionError:logical record magic not found,0.054498,ExtractionError,True,{}
pilot_mutation,H01-gcd.c,bf207a4afdd7e623be4bd0751bdc1917c0ee550af0f38c0531b25bb726d1710c,string,M13,force_gcc,configuration,MR01,Round-trip fidelity,preserve,True,False,extracted=b'Morph-01',0.07276,,True,"{""build"":{""actual_compiler"":""gcc"",""actual_optimization"":""O2"",""binary"":""WORKDIR/string/M13/MR01/marked/build-01/artifact.bin"",""binary_sha256"":""b8e5790f338ae8db35cfffc794a440a51f513484ba40b60dbac7eb19948f430c"",""carrier"":""string"",""command"":[""gcc"",""-std=c11"",""-fno-ident"",""-no-pie"",""-O2"",""WORKDIR/string/M13/MR01/marked/build-01/host.c"",""-o"",""WORKDIR/string/M13/MR01/marked/build-01/artifact.bin""],""effective_payload_hex"":""4d6f7270682d3031"",""key"":""key-alpha"",""mutant_id"":""M13"",""requested_compiler"":""gcc"",""requested_optimization"":""O2"",""requested_payload_hex"":""4d6f7270682d3031"",""return_code"":0,""source"":""WORKDIR/string/M13/MR01/marked/build-01/host.c"",""source_sha256"":""de3dd3bc3add920f6b14f3cfa83262c596594edfaf1d5fcc70bb4bc78a38fa0e"",""stderr"":""""},""extracted_hex"":""4d6f7270682d3031""}"
pilot_mutation,H01-gcd.c,bf207a4afdd7e623be4bd0751bdc1917c0ee550af0f38c0531b25bb726d1710c,string,M13,force_gcc,configuration,MR02,Host-semantic preservation,preserve,True,False,mismatch_count=0,0.151199,,True,"{""mismatches"":[]}"
pilot_mutation,H01-gcd.c,bf207a4afdd7e623be4bd0751bdc1917c0ee550af0f38c0531b25bb726d1710c,string,M13,force_gcc,configuration,MR03,Unmarked rejection,reject,True,False,rejected:absent:logical record magic not found,0.076047,,True,"{""unmarked_binary_sha256"":""17288de5d8ffc83b2223ee650ec19f96fa9b779f3eb45b8e2433c730b7a1e3e2""}"
pilot_mutation,H01-gcd.c,bf207a4afdd7e623be4bd0751bdc1917c0ee550af0f38c0531b25bb726d1710c,string,M13,force_gcc,configuration,MR04,Wrong-key rejection,reject,True,False,rejected:wrong-key:key tag mismatch,0.051072,,True,"{""antecedent_guarded"":true,""antecedent_hex"":""4d6f7270682d3031""}"
pilot_mutation,H01-gcd.c,bf207a4afdd7e623be4bd0751bdc1917c0ee550af0f38c0531b25bb726d1710c,string,M13,force_gcc,configuration,MR05,Payload separation,separate,True,False,first=b'Morph-01';second=b'Second-2',0.131594,,True,"{""execution_order"":""sequential-builds-then-extract"",""first_hex"":""4d6f7270682d3031"",""second_hex"":""5365636f6e642d32""}"
pilot_mutation,H01-gcd.c,bf207a4afdd7e623be4bd0751bdc1917c0ee550af0f38c0531b25bb726d1710c,string,M13,force_gcc,configuration,MR06,Cross-compiler invariance,preserve,True,False,"payloads=b'Morph-01',b'Morph-01';semantic_equal=True",0.181898,,True,"{""clang_actual"":""gcc"",""gcc_actual"":""gcc""}"
pilot_mutation,H01-gcd.c,bf207a4afdd7e623be4bd0751bdc1917c0ee550af0f38c0531b25bb726d1710c,string,M13,force_gcc,configuration,MR07,Optimization invariance,preserve,True,False,"payloads=['Morph-01', 'Morph-01', 'Morph-01'];semantic_equal=True",0.222987,,True,{}
pilot_mutation,H01-gcd.c,bf207a4afdd7e623be4bd0751bdc1917c0ee550af0f38c0531b25bb726d1710c,string,M13,force_gcc,configuration,MR08,Clean-room relocation,preserve,True,False,relocated=b'Morph-01',0.054116,,True,"{""clean_room_entries"":[""renamed-artifact.bin""],""relocated_hex"":""4d6f7270682d3031""}"
pilot_mutation,H01-gcd.c,bf207a4afdd7e623be4bd0751bdc1917c0ee550af0f38c0531b25bb726d1710c,string,M13,force_gcc,configuration,MR09,Carrier-removal rejection,reject,True,False,rejected:absent:logical record magic not found,0.06927,,True,"{""antecedent_guarded"":true}"
pilot_mutation,H01-gcd.c,bf207a4afdd7e623be4bd0751bdc1917c0ee550af0f38c0531b25bb726d1710c,string,M13,force_gcc,configuration,MR10,Carrier-corruption rejection,reject,True,False,rejected:checksum:payload checksum mismatch,0.069785,,True,"{""antecedent_guarded"":true}"
pilot_mutation,H01-gcd.c,bf207a4afdd7e623be4bd0751bdc1917c0ee550af0f38c0531b25bb726d1710c,string,M13,force_gcc,configuration,MR11,Requested/actual trace agreement,trace,False,True,requested=clang/Os;actual=gcc/Os,0.064282,,True,"{""build"":{""actual_compiler"":""gcc"",""actual_optimization"":""Os"",""binary"":""WORKDIR/string/M13/MR11/trace/build-01/artifact.bin"",""binary_sha256"":""6229fadbf21a1675f445b8e07af7967457eaccdfb826afce65dbb2413911252d"",""carrier"":""string"",""command"":[""gcc"",""-std=c11"",""-fno-ident"",""-no-pie"",""-Os"",""WORKDIR/string/M13/MR11/trace/build-01/host.c"",""-o"",""WORKDIR/string/M13/MR11/trace/build-01/artifact.bin""],""effective_payload_hex"":""4d6f7270682d3031"",""key"":""key-alpha"",""mutant_id"":""M13"",""requested_compiler"":""clang"",""requested_optimization"":""Os"",""requested_payload_hex"":""4d6f7270682d3031"",""return_code"":0,""source"":""WORKDIR/string/M13/MR11/trace/build-01/host.c"",""source_sha256"":""de3dd3bc3add920f6b14f3cfa83262c596594edfaf1d5fcc70bb4bc78a38fa0e"",""stderr"":""""}}"
pilot_mutation,H01-gcd.c,bf207a4afdd7e623be4bd0751bdc1917c0ee550af0f38c0531b25bb726d1710c,string,M13,force_gcc,configuration,MR12,Interleaved artifact isolation,separate,True,False,parallel_isolation_satisfied,0.052769,,True,"{""aliasing_detected"":false,""both_expected"":true,""execution_order"":""overlapping-builds-then-extract"",""payloads_distinct"":true}"
pilot_mutation,H01-gcd.c,bf207a4afdd7e623be4bd0751bdc1917c0ee550af0f38c0531b25bb726d1710c,string,M13,force_gcc,configuration,MR13,Reordered extraction independence,preserve,True,False,before=b'Morph-01';intervening=b'Second-2';after=b'Morph-01',0.107474,,True,"{""intervening_extraction"":true}"
pilot_mutation,H01-gcd.c,bf207a4afdd7e623be4bd0751bdc1917c0ee550af0f38c0531b25bb726d1710c,string,M13,force_gcc,configuration,MR14,Rebuild stability,preserve,True,False,first=b'Morph-01';second=b'Morph-01',0.124984,,True,"{""binary_bytes_equal"":true,""execution_order"":""build1-extract1-build2-extract2""}"
pilot_mutation,H01-gcd.c,bf207a4afdd7e623be4bd0751bdc1917c0ee550af0f38c0531b25bb726d1710c,string,M14,force_O0,configuration,MR01,Round-trip fidelity,preserve,True,False,extracted=b'Morph-01',0.037308,,True,"{""build"":{""actual_compiler"":""gcc"",""actual_optimization"":""O0"",""binary"":""WORKDIR/string/M14/MR01/marked/build-01/artifact.bin"",""binary_sha256"":""aa4ee3211125033bc560f008603cdc043ea899be400e5a47d99debbac691ede0"",""carrier"":""string"",""command"":[""gcc"",""-std=c11"",""-fno-ident"",""-no-pie"",""-O0"",""WORKDIR/string/M14/MR01/marked/build-01/host.c"",""-o"",""WORKDIR/string/M14/MR01/marked/build-01/artifact.bin""],""effective_payload_hex"":""4d6f7270682d3031"",""key"":""key-alpha"",""mutant_id"":""M14"",""requested_compiler"":""gcc"",""requested_optimization"":""O2"",""requested_payload_hex"":""4d6f7270682d3031"",""return_code"":0,""source"":""WORKDIR/string/M14/MR01/marked/build-01/host.c"",""source_sha256"":""de3dd3bc3add920f6b14f3cfa83262c596594edfaf1d5fcc70bb4bc78a38fa0e"",""stderr"":""""},""extracted_hex"":""4d6f7270682d3031""}"
pilot_mutation,H01-gcd.c,bf207a4afdd7e623be4bd0751bdc1917c0ee550af0f38c0531b25bb726d1710c,string,M14,force_O0,configuration,MR02,Host-semantic preservation,preserve,True,False,mismatch_count=0,0.11925,,True,"{""mismatches"":[]}"
pilot_mutation,H01-gcd.c,bf207a4afdd7e623be4bd0751bdc1917c0ee550af0f38c0531b25bb726d1710c,string,M14,force_O0,configuration,MR03,Unmarked rejection,reject,True,False,rejected:absent:logical record magic not found,0.062292,,True,"{""unmarked_binary_sha256"":""9b4d3b3c14fed8daa1b0d67cbd603737a48b61b6fcbe1d6f6b318081d458be0b""}"
pilot_mutation,H01-gcd.c,bf207a4afdd7e623be4bd0751bdc1917c0ee550af0f38c0531b25bb726d1710c,string,M14,force_O0,configuration,MR04,Wrong-key rejection,reject,True,False,rejected:wrong-key:key tag mismatch,0.06936,,True,"{""antecedent_guarded"":true,""antecedent_hex"":""4d6f7270682d3031""}"
pilot_mutation,H01-gcd.c,bf207a4afdd7e623be4bd0751bdc1917c0ee550af0f38c0531b25bb726d1710c,string,M14,force_O0,configuration,MR05,Payload separation,separate,True,False,first=b'Morph-01';second=b'Second-2',0.098218,,True,"{""execution_order"":""sequential-builds-then-extract"",""first_hex"":""4d6f7270682d3031"",""second_hex"":""5365636f6e642d32""}"
pilot_mutation,H01-gcd.c,bf207a4afdd7e623be4bd0751bdc1917c0ee550af0f38c0531b25bb726d1710c,string,M14,force_O0,configuration,MR06,Cross-compiler invariance,preserve,True,False,"payloads=b'Morph-01',b'Morph-01';semantic_equal=True",0.143999,,True,"{""clang_actual"":""clang"",""gcc_actual"":""gcc""}"
pilot_mutation,H01-gcd.c,bf207a4afdd7e623be4bd0751bdc1917c0ee550af0f38c0531b25bb726d1710c,string,M14,force_O0,configuration,MR07,Optimization invariance,preserve,True,False,"payloads=['Morph-01', 'Morph-01', 'Morph-01'];semantic_equal=True",0.22658,,True,{}
pilot_mutation,H01-gcd.c,bf207a4afdd7e623be4bd0751bdc1917c0ee550af0f38c0531b25bb726d1710c,string,M14,force_O0,configuration,MR08,Clean-room relocation,preserve,True,False,relocated=b'Morph-01',0.032248,,True,"{""clean_room_entries"":[""renamed-artifact.bin""],""relocated_hex"":""4d6f7270682d3031""}"
pilot_mutation,H01-gcd.c,bf207a4afdd7e623be4bd0751bdc1917c0ee550af0f38c0531b25bb726d1710c,string,M14,force_O0,configuration,MR09,Carrier-removal rejection,reject,True,False,rejected:absent:logical record magic not found,0.04518,,True,"{""antecedent_guarded"":true}"
pilot_mutation,H01-gcd.c,bf207a4afdd7e623be4bd0751bdc1917c0ee550af0f38c0531b25bb726d1710c,string,M14,force_O0,configuration,MR10,Carrier-corruption rejection,reject,True,False,rejected:checksum:payload checksum mismatch,0.064602,,True,"{""antecedent_guarded"":true}"
pilot_mutation,H01-gcd.c,bf207a4afdd7e623be4bd0751bdc1917c0ee550af0f38c0531b25bb726d1710c,string,M14,force_O0,configuration,MR11,Requested/actual trace agreement,trace,False,True,requested=clang/Os;actual=clang/O0,0.059176,,True,"{""build"":{""actual_compiler"":""clang"",""actual_optimization"":""O0"",""binary"":""WORKDIR/string/M14/MR11/trace/build-01/artifact.bin"",""binary_sha256"":""0448246b6dfc5ceef756ce44ee747b7e724419c6d1d329df08a57018d5da6ea2"",""carrier"":""string"",""command"":[""clang"",""-std=c11"",""-fno-ident"",""-no-pie"",""-O0"",""WORKDIR/string/M14/MR11/trace/build-01/host.c"",""-o"",""WORKDIR/string/M14/MR11/trace/build-01/artifact.bin""],""effective_payload_hex"":""4d6f7270682d3031"",""key"":""key-alpha"",""mutant_id"":""M14"",""requested_compiler"":""clang"",""requested_optimization"":""Os"",""requested_payload_hex"":""4d6f7270682d3031"",""return_code"":0,""source"":""WORKDIR/string/M14/MR11/trace/build-01/host.c"",""source_sha256"":""de3dd3bc3add920f6b14f3cfa83262c596594edfaf1d5fcc70bb4bc78a38fa0e"",""stderr"":""""}}"
pilot_mutation,H01-gcd.c,bf207a4afdd7e623be4bd0751bdc1917c0ee550af0f38c0531b25bb726d1710c,string,M14,force_O0,configuration,MR12,Interleaved artifact isolation,separate,True,False,parallel_isolation_satisfied,0.067817,,True,"{""aliasing_detected"":false,""both_expected"":true,""execution_order"":""overlapping-builds-then-extract"",""payloads_distinct"":true}"
pilot_mutation,H01-gcd.c,bf207a4afdd7e623be4bd0751bdc1917c0ee550af0f38c0531b25bb726d1710c,string,M14,force_O0,configuration,MR13,Reordered extraction independence,preserve,True,False,before=b'Morph-01';intervening=b'Second-2';after=b'Morph-01',0.157345,,True,"{""intervening_extraction"":true}"
pilot_mutation,H01-gcd.c,bf207a4afdd7e623be4bd0751bdc1917c0ee550af0f38c0531b25bb726d1710c,string,M14,force_O0,configuration,MR14,Rebuild stability,preserve,True,False,first=b'Morph-01';second=b'Morph-01',0.141258,,True,"{""binary_bytes_equal"":true,""execution_order"":""build1-extract1-build2-extract2""}"
pilot_mutation,H01-gcd.c,bf207a4afdd7e623be4bd0751bdc1917c0ee550af0f38c0531b25bb726d1710c,string,M15,transform_noop,transformation,MR01,Round-trip fidelity,preserve,True,False,extracted=b'Morph-01',0.073991,,True,"{""build"":{""actual_compiler"":""gcc"",""actual_optimization"":""O2"",""binary"":""WORKDIR/string/M15/MR01/marked/build-01/artifact.bin"",""binary_sha256"":""b8e5790f338ae8db35cfffc794a440a51f513484ba40b60dbac7eb19948f430c"",""carrier"":""string"",""command"":[""gcc"",""-std=c11"",""-fno-ident"",""-no-pie"",""-O2"",""WORKDIR/string/M15/MR01/marked/build-01/host.c"",""-o"",""WORKDIR/string/M15/MR01/marked/build-01/artifact.bin""],""effective_payload_hex"":""4d6f7270682d3031"",""key"":""key-alpha"",""mutant_id"":""M15"",""requested_compiler"":""gcc"",""requested_optimization"":""O2"",""requested_payload_hex"":""4d6f7270682d3031"",""return_code"":0,""source"":""WORKDIR/string/M15/MR01/marked/build-01/host.c"",""source_sha256"":""de3dd3bc3add920f6b14f3cfa83262c596594edfaf1d5fcc70bb4bc78a38fa0e"",""stderr"":""""},""extracted_hex"":""4d6f7270682d3031""}"
pilot_mutation,H01-gcd.c,bf207a4afdd7e623be4bd0751bdc1917c0ee550af0f38c0531b25bb726d1710c,string,M15,transform_noop,transformation,MR02,Host-semantic preservation,preserve,True,False,mismatch_count=0,0.123506,,True,"{""mismatches"":[]}"
pilot_mutation,H01-gcd.c,bf207a4afdd7e623be4bd0751bdc1917c0ee550af0f38c0531b25bb726d1710c,string,M15,transform_noop,transformation,MR03,Unmarked rejection,reject,True,False,rejected:absent:logical record magic not found,0.051702,,True,"{""unmarked_binary_sha256"":""17288de5d8ffc83b2223ee650ec19f96fa9b779f3eb45b8e2433c730b7a1e3e2""}"
pilot_mutation,H01-gcd.c,bf207a4afdd7e623be4bd0751bdc1917c0ee550af0f38c0531b25bb726d1710c,string,M15,transform_noop,transformation,MR04,Wrong-key rejection,reject,True,False,rejected:wrong-key:key tag mismatch,0.071689,,True,"{""antecedent_guarded"":true,""antecedent_hex"":""4d6f7270682d3031""}"
pilot_mutation,H01-gcd.c,bf207a4afdd7e623be4bd0751bdc1917c0ee550af0f38c0531b25bb726d1710c,string,M15,transform_noop,transformation,MR05,Payload separation,separate,True,False,first=b'Morph-01';second=b'Second-2',0.106344,,True,"{""execution_order"":""sequential-builds-then-extract"",""first_hex"":""4d6f7270682d3031"",""second_hex"":""5365636f6e642d32""}"
pilot_mutation,H01-gcd.c,bf207a4afdd7e623be4bd0751bdc1917c0ee550af0f38c0531b25bb726d1710c,string,M15,transform_noop,transformation,MR06,Cross-compiler invariance,preserve,True,False,"payloads=b'Morph-01',b'Morph-01';semantic_equal=True",0.165523,,True,"{""clang_actual"":""clang"",""gcc_actual"":""gcc""}"
pilot_mutation,H01-gcd.c,bf207a4afdd7e623be4bd0751bdc1917c0ee550af0f38c0531b25bb726d1710c,string,M15,transform_noop,transformation,MR07,Optimization invariance,preserve,True,False,"payloads=['Morph-01', 'Morph-01', 'Morph-01'];semantic_equal=True",0.250261,,True,{}
pilot_mutation,H01-gcd.c,bf207a4afdd7e623be4bd0751bdc1917c0ee550af0f38c0531b25bb726d1710c,string,M15,transform_noop,transformation,MR08,Clean-room relocation,preserve,True,False,relocated=b'Morph-01',0.06551,,True,"{""clean_room_entries"":[""renamed-artifact.bin""],""relocated_hex"":""4d6f7270682d3031""}"
pilot_mutation,H01-gcd.c,bf207a4afdd7e623be4bd0751bdc1917c0ee550af0f38c0531b25bb726d1710c,string,M15,transform_noop,transformation,MR09,Carrier-removal rejection,reject,False,True,spurious robustness:accepted:b'Morph-01',0.03645,,True,"{""antecedent_guarded"":true}"
pilot_mutation,H01-gcd.c,bf207a4afdd7e623be4bd0751bdc1917c0ee550af0f38c0531b25bb726d1710c,string,M15,transform_noop,transformation,MR10,Carrier-corruption rejection,reject,True,False,rejected:checksum:payload checksum mismatch,0.051401,,True,"{""antecedent_guarded"":true}"
pilot_mutation,H01-gcd.c,bf207a4afdd7e623be4bd0751bdc1917c0ee550af0f38c0531b25bb726d1710c,string,M15,transform_noop,transformation,MR11,Requested/actual trace agreement,trace,True,False,requested=clang/Os;actual=clang/Os,0.060886,,True,"{""build"":{""actual_compiler"":""clang"",""actual_optimization"":""Os"",""binary"":""WORKDIR/string/M15/MR11/trace/build-01/artifact.bin"",""binary_sha256"":""bf1b3f8ba8daa55b6d499a4bbb63a61efb7b30a4d426a514b1ce3e529d1be05b"",""carrier"":""string"",""command"":[""clang"",""-std=c11"",""-fno-ident"",""-no-pie"",""-Os"",""WORKDIR/string/M15/MR11/trace/build-01/host.c"",""-o"",""WORKDIR/string/M15/MR11/trace/build-01/artifact.bin""],""effective_payload_hex"":""4d6f7270682d3031"",""key"":""key-alpha"",""mutant_id"":""M15"",""requested_compiler"":""clang"",""requested_optimization"":""Os"",""requested_payload_hex"":""4d6f7270682d3031"",""return_code"":0,""source"":""WORKDIR/string/M15/MR11/trace/build-01/host.c"",""source_sha256"":""de3dd3bc3add920f6b14f3cfa83262c596594edfaf1d5fcc70bb4bc78a38fa0e"",""stderr"":""""}}"
pilot_mutation,H01-gcd.c,bf207a4afdd7e623be4bd0751bdc1917c0ee550af0f38c0531b25bb726d1710c,string,M15,transform_noop,transformation,MR12,Interleaved artifact isolation,separate,True,False,parallel_isolation_satisfied,0.089906,,True,"{""aliasing_detected"":false,""both_expected"":true,""execution_order"":""overlapping-builds-then-extract"",""payloads_distinct"":true}"
pilot_mutation,H01-gcd.c,bf207a4afdd7e623be4bd0751bdc1917c0ee550af0f38c0531b25bb726d1710c,string,M15,transform_noop,transformation,MR13,Reordered extraction independence,preserve,True,False,before=b'Morph-01';intervening=b'Second-2';after=b'Morph-01',0.12264,,True,"{""intervening_extraction"":true}"
pilot_mutation,H01-gcd.c,bf207a4afdd7e623be4bd0751bdc1917c0ee550af0f38c0531b25bb726d1710c,string,M15,transform_noop,transformation,MR14,Rebuild stability,preserve,True,False,first=b'Morph-01';second=b'Morph-01',0.10962,,True,"{""binary_bytes_equal"":true,""execution_order"":""build1-extract1-build2-extract2""}"
pilot_mutation,H01-gcd.c,bf207a4afdd7e623be4bd0751bdc1917c0ee550af0f38c0531b25bb726d1710c,string,M16,checksum_bypass,integrity,MR01,Round-trip fidelity,preserve,True,False,extracted=b'Morph-01',0.070749,,True,"{""build"":{""actual_compiler"":""gcc"",""actual_optimization"":""O2"",""binary"":""WORKDIR/string/M16/MR01/marked/build-01/artifact.bin"",""binary_sha256"":""b8e5790f338ae8db35cfffc794a440a51f513484ba40b60dbac7eb19948f430c"",""carrier"":""string"",""command"":[""gcc"",""-std=c11"",""-fno-ident"",""-no-pie"",""-O2"",""WORKDIR/string/M16/MR01/marked/build-01/host.c"",""-o"",""WORKDIR/string/M16/MR01/marked/build-01/artifact.bin""],""effective_payload_hex"":""4d6f7270682d3031"",""key"":""key-alpha"",""mutant_id"":""M16"",""requested_compiler"":""gcc"",""requested_optimization"":""O2"",""requested_payload_hex"":""4d6f7270682d3031"",""return_code"":0,""source"":""WORKDIR/string/M16/MR01/marked/build-01/host.c"",""source_sha256"":""de3dd3bc3add920f6b14f3cfa83262c596594edfaf1d5fcc70bb4bc78a38fa0e"",""stderr"":""""},""extracted_hex"":""4d6f7270682d3031""}"
pilot_mutation,H01-gcd.c,bf207a4afdd7e623be4bd0751bdc1917c0ee550af0f38c0531b25bb726d1710c,string,M16,checksum_bypass,integrity,MR02,Host-semantic preservation,preserve,True,False,mismatch_count=0,0.167271,,True,"{""mismatches"":[]}"
pilot_mutation,H01-gcd.c,bf207a4afdd7e623be4bd0751bdc1917c0ee550af0f38c0531b25bb726d1710c,string,M16,checksum_bypass,integrity,MR03,Unmarked rejection,reject,True,False,rejected:absent:logical record magic not found,0.053299,,True,"{""unmarked_binary_sha256"":""17288de5d8ffc83b2223ee650ec19f96fa9b779f3eb45b8e2433c730b7a1e3e2""}"
pilot_mutation,H01-gcd.c,bf207a4afdd7e623be4bd0751bdc1917c0ee550af0f38c0531b25bb726d1710c,string,M16,checksum_bypass,integrity,MR04,Wrong-key rejection,reject,True,False,rejected:wrong-key:key tag mismatch,0.036557,,True,"{""antecedent_guarded"":true,""antecedent_hex"":""4d6f7270682d3031""}"
pilot_mutation,H01-gcd.c,bf207a4afdd7e623be4bd0751bdc1917c0ee550af0f38c0531b25bb726d1710c,string,M16,checksum_bypass,integrity,MR05,Payload separation,separate,True,False,first=b'Morph-01';second=b'Second-2',0.166197,,True,"{""execution_order"":""sequential-builds-then-extract"",""first_hex"":""4d6f7270682d3031"",""second_hex"":""5365636f6e642d32""}"
pilot_mutation,H01-gcd.c,bf207a4afdd7e623be4bd0751bdc1917c0ee550af0f38c0531b25bb726d1710c,string,M16,checksum_bypass,integrity,MR06,Cross-compiler invariance,preserve,True,False,"payloads=b'Morph-01',b'Morph-01';semantic_equal=True",0.174152,,True,"{""clang_actual"":""clang"",""gcc_actual"":""gcc""}"
pilot_mutation,H01-gcd.c,bf207a4afdd7e623be4bd0751bdc1917c0ee550af0f38c0531b25bb726d1710c,string,M16,checksum_bypass,integrity,MR07,Optimization invariance,preserve,True,False,"payloads=['Morph-01', 'Morph-01', 'Morph-01'];semantic_equal=True",0.217456,,True,{}
pilot_mutation,H01-gcd.c,bf207a4afdd7e623be4bd0751bdc1917c0ee550af0f38c0531b25bb726d1710c,string,M16,checksum_bypass,integrity,MR08,Clean-room relocation,preserve,True,False,relocated=b'Morph-01',0.049152,,True,"{""clean_room_entries"":[""renamed-artifact.bin""],""relocated_hex"":""4d6f7270682d3031""}"
pilot_mutation,H01-gcd.c,bf207a4afdd7e623be4bd0751bdc1917c0ee550af0f38c0531b25bb726d1710c,string,M16,checksum_bypass,integrity,MR09,Carrier-removal rejection,reject,True,False,rejected:absent:logical record magic not found,0.064989,,True,"{""antecedent_guarded"":true}"
pilot_mutation,H01-gcd.c,bf207a4afdd7e623be4bd0751bdc1917c0ee550af0f38c0531b25bb726d1710c,string,M16,checksum_bypass,integrity,MR10,Carrier-corruption rejection,reject,False,True,corruption accepted:accepted:b'Morph-01',0.062083,,True,"{""antecedent_guarded"":true}"
pilot_mutation,H01-gcd.c,bf207a4afdd7e623be4bd0751bdc1917c0ee550af0f38c0531b25bb726d1710c,string,M16,checksum_bypass,integrity,MR11,Requested/actual trace agreement,trace,True,False,requested=clang/Os;actual=clang/Os,0.053649,,True,"{""build"":{""actual_compiler"":""clang"",""actual_optimization"":""Os"",""binary"":""WORKDIR/string/M16/MR11/trace/build-01/artifact.bin"",""binary_sha256"":""bf1b3f8ba8daa55b6d499a4bbb63a61efb7b30a4d426a514b1ce3e529d1be05b"",""carrier"":""string"",""command"":[""clang"",""-std=c11"",""-fno-ident"",""-no-pie"",""-Os"",""WORKDIR/string/M16/MR11/trace/build-01/host.c"",""-o"",""WORKDIR/string/M16/MR11/trace/build-01/artifact.bin""],""effective_payload_hex"":""4d6f7270682d3031"",""key"":""key-alpha"",""mutant_id"":""M16"",""requested_compiler"":""clang"",""requested_optimization"":""Os"",""requested_payload_hex"":""4d6f7270682d3031"",""return_code"":0,""source"":""WORKDIR/string/M16/MR11/trace/build-01/host.c"",""source_sha256"":""de3dd3bc3add920f6b14f3cfa83262c596594edfaf1d5fcc70bb4bc78a38fa0e"",""stderr"":""""}}"
pilot_mutation,H01-gcd.c,bf207a4afdd7e623be4bd0751bdc1917c0ee550af0f38c0531b25bb726d1710c,string,M16,checksum_bypass,integrity,MR12,Interleaved artifact isolation,separate,True,False,parallel_isolation_satisfied,0.081531,,True,"{""aliasing_detected"":false,""both_expected"":true,""execution_order"":""overlapping-builds-then-extract"",""payloads_distinct"":true}"
pilot_mutation,H01-gcd.c,bf207a4afdd7e623be4bd0751bdc1917c0ee550af0f38c0531b25bb726d1710c,string,M16,checksum_bypass,integrity,MR13,Reordered extraction independence,preserve,True,False,before=b'Morph-01';intervening=b'Second-2';after=b'Morph-01',0.115206,,True,"{""intervening_extraction"":true}"
pilot_mutation,H01-gcd.c,bf207a4afdd7e623be4bd0751bdc1917c0ee550af0f38c0531b25bb726d1710c,string,M16,checksum_bypass,integrity,MR14,Rebuild stability,preserve,True,False,first=b'Morph-01';second=b'Morph-01',0.125369,,True,"{""binary_bytes_equal"":true,""execution_order"":""build1-extract1-build2-extract2""}"
pilot_mutation,H01-gcd.c,bf207a4afdd7e623be4bd0751bdc1917c0ee550af0f38c0531b25bb726d1710c,string,M17,filename_bound,artifact binding,MR01,Round-trip fidelity,preserve,True,False,extracted=b'Morph-01',0.067486,,True,"{""build"":{""actual_compiler"":""gcc"",""actual_optimization"":""O2"",""binary"":""WORKDIR/string/M17/MR01/marked/build-01/artifact.bin"",""binary_sha256"":""b8e5790f338ae8db35cfffc794a440a51f513484ba40b60dbac7eb19948f430c"",""carrier"":""string"",""command"":[""gcc"",""-std=c11"",""-fno-ident"",""-no-pie"",""-O2"",""WORKDIR/string/M17/MR01/marked/build-01/host.c"",""-o"",""WORKDIR/string/M17/MR01/marked/build-01/artifact.bin""],""effective_payload_hex"":""4d6f7270682d3031"",""key"":""key-alpha"",""mutant_id"":""M17"",""requested_compiler"":""gcc"",""requested_optimization"":""O2"",""requested_payload_hex"":""4d6f7270682d3031"",""return_code"":0,""source"":""WORKDIR/string/M17/MR01/marked/build-01/host.c"",""source_sha256"":""de3dd3bc3add920f6b14f3cfa83262c596594edfaf1d5fcc70bb4bc78a38fa0e"",""stderr"":""""},""extracted_hex"":""4d6f7270682d3031""}"
pilot_mutation,H01-gcd.c,bf207a4afdd7e623be4bd0751bdc1917c0ee550af0f38c0531b25bb726d1710c,string,M17,filename_bound,artifact binding,MR02,Host-semantic preservation,preserve,True,False,mismatch_count=0,0.187264,,True,"{""mismatches"":[]}"
pilot_mutation,H01-gcd.c,bf207a4afdd7e623be4bd0751bdc1917c0ee550af0f38c0531b25bb726d1710c,string,M17,filename_bound,artifact binding,MR03,Unmarked rejection,reject,True,False,rejected:absent:logical record magic not found,0.04258,,True,"{""unmarked_binary_sha256"":""17288de5d8ffc83b2223ee650ec19f96fa9b779f3eb45b8e2433c730b7a1e3e2""}"
pilot_mutation,H01-gcd.c,bf207a4afdd7e623be4bd0751bdc1917c0ee550af0f38c0531b25bb726d1710c,string,M17,filename_bound,artifact binding,MR04,Wrong-key rejection,reject,True,False,rejected:wrong-key:key tag mismatch,0.056326,,True,"{""antecedent_guarded"":true,""antecedent_hex"":""4d6f7270682d3031""}"
pilot_mutation,H01-gcd.c,bf207a4afdd7e623be4bd0751bdc1917c0ee550af0f38c0531b25bb726d1710c,string,M17,filename_bound,artifact binding,MR05,Payload separation,separate,True,False,first=b'Morph-01';second=b'Second-2',0.113212,,True,"{""execution_order"":""sequential-builds-then-extract"",""first_hex"":""4d6f7270682d3031"",""second_hex"":""5365636f6e642d32""}"
pilot_mutation,H01-gcd.c,bf207a4afdd7e623be4bd0751bdc1917c0ee550af0f38c0531b25bb726d1710c,string,M17,filename_bound,artifact binding,MR06,Cross-compiler invariance,preserve,True,False,"payloads=b'Morph-01',b'Morph-01';semantic_equal=True",0.186287,,True,"{""clang_actual"":""clang"",""gcc_actual"":""gcc""}"
pilot_mutation,H01-gcd.c,bf207a4afdd7e623be4bd0751bdc1917c0ee550af0f38c0531b25bb726d1710c,string,M17,filename_bound,artifact binding,MR07,Optimization invariance,preserve,True,False,"payloads=['Morph-01', 'Morph-01', 'Morph-01'];semantic_equal=True",0.257403,,True,{}
pilot_mutation,H01-gcd.c,bf207a4afdd7e623be4bd0751bdc1917c0ee550af0f38c0531b25bb726d1710c,string,M17,filename_bound,artifact binding,MR08,Clean-room relocation,preserve,False,True,exception:ExtractionError:artifact path is not an original build path,0.05578,ExtractionError,True,{}
pilot_mutation,H01-gcd.c,bf207a4afdd7e623be4bd0751bdc1917c0ee550af0f38c0531b25bb726d1710c,string,M17,filename_bound,artifact binding,MR09,Carrier-removal rejection,reject,True,False,rejected:path:artifact path is not an original build path,0.056891,,True,"{""antecedent_guarded"":true}"
pilot_mutation,H01-gcd.c,bf207a4afdd7e623be4bd0751bdc1917c0ee550af0f38c0531b25bb726d1710c,string,M17,filename_bound,artifact binding,MR10,Carrier-corruption rejection,reject,True,False,rejected:path:artifact path is not an original build path,0.054294,,True,"{""antecedent_guarded"":true}"
pilot_mutation,H01-gcd.c,bf207a4afdd7e623be4bd0751bdc1917c0ee550af0f38c0531b25bb726d1710c,string,M17,filename_bound,artifact binding,MR11,Requested/actual trace agreement,trace,True,False,requested=clang/Os;actual=clang/Os,0.072666,,True,"{""build"":{""actual_compiler"":""clang"",""actual_optimization"":""Os"",""binary"":""WORKDIR/string/M17/MR11/trace/build-01/artifact.bin"",""binary_sha256"":""bf1b3f8ba8daa55b6d499a4bbb63a61efb7b30a4d426a514b1ce3e529d1be05b"",""carrier"":""string"",""command"":[""clang"",""-std=c11"",""-fno-ident"",""-no-pie"",""-Os"",""WORKDIR/string/M17/MR11/trace/build-01/host.c"",""-o"",""WORKDIR/string/M17/MR11/trace/build-01/artifact.bin""],""effective_payload_hex"":""4d6f7270682d3031"",""key"":""key-alpha"",""mutant_id"":""M17"",""requested_compiler"":""clang"",""requested_optimization"":""Os"",""requested_payload_hex"":""4d6f7270682d3031"",""return_code"":0,""source"":""WORKDIR/string/M17/MR11/trace/build-01/host.c"",""source_sha256"":""de3dd3bc3add920f6b14f3cfa83262c596594edfaf1d5fcc70bb4bc78a38fa0e"",""stderr"":""""}}"
pilot_mutation,H01-gcd.c,bf207a4afdd7e623be4bd0751bdc1917c0ee550af0f38c0531b25bb726d1710c,string,M17,filename_bound,artifact binding,MR12,Interleaved artifact isolation,separate,True,False,parallel_isolation_satisfied,0.058145,,True,"{""aliasing_detected"":false,""both_expected"":true,""execution_order"":""overlapping-builds-then-extract"",""payloads_distinct"":true}"
pilot_mutation,H01-gcd.c,bf207a4afdd7e623be4bd0751bdc1917c0ee550af0f38c0531b25bb726d1710c,string,M17,filename_bound,artifact binding,MR13,Reordered extraction independence,preserve,True,False,before=b'Morph-01';intervening=b'Second-2';after=b'Morph-01',0.131943,,True,"{""intervening_extraction"":true}"
pilot_mutation,H01-gcd.c,bf207a4afdd7e623be4bd0751bdc1917c0ee550af0f38c0531b25bb726d1710c,string,M17,filename_bound,artifact binding,MR14,Rebuild stability,preserve,True,False,first=b'Morph-01';second=b'Morph-01',0.107694,,True,"{""binary_bytes_equal"":true,""execution_order"":""build1-extract1-build2-extract2""}"
pilot_mutation,H01-gcd.c,bf207a4afdd7e623be4bd0751bdc1917c0ee550af0f38c0531b25bb726d1710c,string,M18,stale_binary,state,MR01,Round-trip fidelity,preserve,True,False,extracted=b'Morph-01',0.0387,,True,"{""build"":{""actual_compiler"":""gcc"",""actual_optimization"":""O2"",""binary"":""WORKDIR/string/M18/MR01/marked/build-01/artifact.bin"",""binary_sha256"":""b8e5790f338ae8db35cfffc794a440a51f513484ba40b60dbac7eb19948f430c"",""carrier"":""string"",""command"":[""gcc"",""-std=c11"",""-fno-ident"",""-no-pie"",""-O2"",""WORKDIR/string/M18/MR01/marked/build-01/host.c"",""-o"",""WORKDIR/string/M18/MR01/marked/build-01/artifact.bin""],""effective_payload_hex"":""4d6f7270682d3031"",""key"":""key-alpha"",""mutant_id"":""M18"",""requested_compiler"":""gcc"",""requested_optimization"":""O2"",""requested_payload_hex"":""4d6f7270682d3031"",""return_code"":0,""source"":""WORKDIR/string/M18/MR01/marked/build-01/host.c"",""source_sha256"":""de3dd3bc3add920f6b14f3cfa83262c596594edfaf1d5fcc70bb4bc78a38fa0e"",""stderr"":""""},""extracted_hex"":""4d6f7270682d3031""}"
pilot_mutation,H01-gcd.c,bf207a4afdd7e623be4bd0751bdc1917c0ee550af0f38c0531b25bb726d1710c,string,M18,stale_binary,state,MR02,Host-semantic preservation,preserve,True,False,mismatch_count=0,0.16308,,True,"{""mismatches"":[]}"
pilot_mutation,H01-gcd.c,bf207a4afdd7e623be4bd0751bdc1917c0ee550af0f38c0531b25bb726d1710c,string,M18,stale_binary,state,MR03,Unmarked rejection,reject,True,False,rejected:absent:logical record magic not found,0.056171,,True,"{""unmarked_binary_sha256"":""17288de5d8ffc83b2223ee650ec19f96fa9b779f3eb45b8e2433c730b7a1e3e2""}"
pilot_mutation,H01-gcd.c,bf207a4afdd7e623be4bd0751bdc1917c0ee550af0f38c0531b25bb726d1710c,string,M18,stale_binary,state,MR04,Wrong-key rejection,reject,True,False,rejected:wrong-key:key tag mismatch,0.072986,,True,"{""antecedent_guarded"":true,""antecedent_hex"":""4d6f7270682d3031""}"
pilot_mutation,H01-gcd.c,bf207a4afdd7e623be4bd0751bdc1917c0ee550af0f38c0531b25bb726d1710c,string,M18,stale_binary,state,MR05,Payload separation,separate,False,True,first=b'Morph-01';second=b'Morph-01',0.070894,,True,"{""execution_order"":""sequential-builds-then-extract"",""first_hex"":""4d6f7270682d3031"",""second_hex"":""4d6f7270682d3031""}"
pilot_mutation,H01-gcd.c,bf207a4afdd7e623be4bd0751bdc1917c0ee550af0f38c0531b25bb726d1710c,string,M18,stale_binary,state,MR06,Cross-compiler invariance,preserve,True,False,"payloads=b'Morph-01',b'Morph-01';semantic_equal=True",0.096095,,True,"{""clang_actual"":""gcc"",""gcc_actual"":""gcc""}"
pilot_mutation,H01-gcd.c,bf207a4afdd7e623be4bd0751bdc1917c0ee550af0f38c0531b25bb726d1710c,string,M18,stale_binary,state,MR07,Optimization invariance,preserve,True,False,"payloads=['Morph-01', 'Morph-01', 'Morph-01'];semantic_equal=True",0.059742,,True,{}
pilot_mutation,H01-gcd.c,bf207a4afdd7e623be4bd0751bdc1917c0ee550af0f38c0531b25bb726d1710c,string,M18,stale_binary,state,MR08,Clean-room relocation,preserve,True,False,relocated=b'Morph-01',0.078788,,True,"{""clean_room_entries"":[""renamed-artifact.bin""],""relocated_hex"":""4d6f7270682d3031""}"
pilot_mutation,H01-gcd.c,bf207a4afdd7e623be4bd0751bdc1917c0ee550af0f38c0531b25bb726d1710c,string,M18,stale_binary,state,MR09,Carrier-removal rejection,reject,True,False,rejected:absent:logical record magic not found,0.034652,,True,"{""antecedent_guarded"":true}"
pilot_mutation,H01-gcd.c,bf207a4afdd7e623be4bd0751bdc1917c0ee550af0f38c0531b25bb726d1710c,string,M18,stale_binary,state,MR10,Carrier-corruption rejection,reject,False,True,corruption accepted:accepted:b'Morph-01',0.036535,,True,"{""antecedent_guarded"":true}"
pilot_mutation,H01-gcd.c,bf207a4afdd7e623be4bd0751bdc1917c0ee550af0f38c0531b25bb726d1710c,string,M18,stale_binary,state,MR11,Requested/actual trace agreement,trace,True,False,requested=clang/Os;actual=clang/Os,0.066154,,True,"{""build"":{""actual_compiler"":""clang"",""actual_optimization"":""Os"",""binary"":""WORKDIR/string/M18/MR11/trace/build-01/artifact.bin"",""binary_sha256"":""bf1b3f8ba8daa55b6d499a4bbb63a61efb7b30a4d426a514b1ce3e529d1be05b"",""carrier"":""string"",""command"":[""clang"",""-std=c11"",""-fno-ident"",""-no-pie"",""-Os"",""WORKDIR/string/M18/MR11/trace/build-01/host.c"",""-o"",""WORKDIR/string/M18/MR11/trace/build-01/artifact.bin""],""effective_payload_hex"":""4d6f7270682d3031"",""key"":""key-alpha"",""mutant_id"":""M18"",""requested_compiler"":""clang"",""requested_optimization"":""Os"",""requested_payload_hex"":""4d6f7270682d3031"",""return_code"":0,""source"":""WORKDIR/string/M18/MR11/trace/build-01/host.c"",""source_sha256"":""de3dd3bc3add920f6b14f3cfa83262c596594edfaf1d5fcc70bb4bc78a38fa0e"",""stderr"":""""}}"
pilot_mutation,H01-gcd.c,bf207a4afdd7e623be4bd0751bdc1917c0ee550af0f38c0531b25bb726d1710c,string,M18,stale_binary,state,MR12,Interleaved artifact isolation,separate,True,False,parallel_isolation_satisfied,0.080984,,True,"{""aliasing_detected"":false,""both_expected"":true,""execution_order"":""overlapping-builds-then-extract"",""payloads_distinct"":true}"
pilot_mutation,H01-gcd.c,bf207a4afdd7e623be4bd0751bdc1917c0ee550af0f38c0531b25bb726d1710c,string,M18,stale_binary,state,MR13,Reordered extraction independence,preserve,False,True,exception:ExtractionError:key tag mismatch,0.078261,ExtractionError,True,{}
pilot_mutation,H01-gcd.c,bf207a4afdd7e623be4bd0751bdc1917c0ee550af0f38c0531b25bb726d1710c,string,M18,stale_binary,state,MR14,Rebuild stability,preserve,True,False,first=b'Morph-01';second=b'Morph-01',0.06713,,True,"{""binary_bytes_equal"":true,""execution_order"":""build1-extract1-build2-extract2""}"
pilot_mutation,H01-gcd.c,bf207a4afdd7e623be4bd0751bdc1917c0ee550af0f38c0531b25bb726d1710c,string,M19,extractor_prefix,extraction,MR01,Round-trip fidelity,preserve,False,True,extracted=b'Morph-0',0.060013,,True,"{""build"":{""actual_compiler"":""gcc"",""actual_optimization"":""O2"",""binary"":""WORKDIR/string/M19/MR01/marked/build-01/artifact.bin"",""binary_sha256"":""b8e5790f338ae8db35cfffc794a440a51f513484ba40b60dbac7eb19948f430c"",""carrier"":""string"",""command"":[""gcc"",""-std=c11"",""-fno-ident"",""-no-pie"",""-O2"",""WORKDIR/string/M19/MR01/marked/build-01/host.c"",""-o"",""WORKDIR/string/M19/MR01/marked/build-01/artifact.bin""],""effective_payload_hex"":""4d6f7270682d3031"",""key"":""key-alpha"",""mutant_id"":""M19"",""requested_compiler"":""gcc"",""requested_optimization"":""O2"",""requested_payload_hex"":""4d6f7270682d3031"",""return_code"":0,""source"":""WORKDIR/string/M19/MR01/marked/build-01/host.c"",""source_sha256"":""de3dd3bc3add920f6b14f3cfa83262c596594edfaf1d5fcc70bb4bc78a38fa0e"",""stderr"":""""},""extracted_hex"":""4d6f7270682d30""}"
pilot_mutation,H01-gcd.c,bf207a4afdd7e623be4bd0751bdc1917c0ee550af0f38c0531b25bb726d1710c,string,M19,extractor_prefix,extraction,MR02,Host-semantic preservation,preserve,True,False,mismatch_count=0,0.148429,,True,"{""mismatches"":[]}"
pilot_mutation,H01-gcd.c,bf207a4afdd7e623be4bd0751bdc1917c0ee550af0f38c0531b25bb726d1710c,string,M19,extractor_prefix,extraction,MR03,Unmarked rejection,reject,True,False,rejected:absent:logical record magic not found,0.05001,,True,"{""unmarked_binary_sha256"":""17288de5d8ffc83b2223ee650ec19f96fa9b779f3eb45b8e2433c730b7a1e3e2""}"
pilot_mutation,H01-gcd.c,bf207a4afdd7e623be4bd0751bdc1917c0ee550af0f38c0531b25bb726d1710c,string,M19,extractor_prefix,extraction,MR04,Wrong-key rejection,reject,True,False,rejected:wrong-key:key tag mismatch,0.045138,,True,"{""antecedent_guarded"":true,""antecedent_hex"":""4d6f7270682d3031""}"
pilot_mutation,H01-gcd.c,bf207a4afdd7e623be4bd0751bdc1917c0ee550af0f38c0531b25bb726d1710c,string,M19,extractor_prefix,extraction,MR05,Payload separation,separate,False,True,first=b'Morph-0';second=b'Second-',0.119175,,True,"{""execution_order"":""sequential-builds-then-extract"",""first_hex"":""4d6f7270682d30"",""second_hex"":""5365636f6e642d""}"
pilot_mutation,H01-gcd.c,bf207a4afdd7e623be4bd0751bdc1917c0ee550af0f38c0531b25bb726d1710c,string,M19,extractor_prefix,extraction,MR06,Cross-compiler invariance,preserve,False,True,"payloads=b'Morph-0',b'Morph-0';semantic_equal=True",0.206177,,True,"{""clang_actual"":""clang"",""gcc_actual"":""gcc""}"
pilot_mutation,H01-gcd.c,bf207a4afdd7e623be4bd0751bdc1917c0ee550af0f38c0531b25bb726d1710c,string,M19,extractor_prefix,extraction,MR07,Optimization invariance,preserve,False,True,"payloads=['Morph-0', 'Morph-0', 'Morph-0'];semantic_equal=True",0.258074,,True,{}
pilot_mutation,H01-gcd.c,bf207a4afdd7e623be4bd0751bdc1917c0ee550af0f38c0531b25bb726d1710c,string,M19,extractor_prefix,extraction,MR08,Clean-room relocation,preserve,False,True,source_mismatch=b'Morph-0',0.067892,,True,"{""source_hex"":""4d6f7270682d30""}"
pilot_mutation,H01-gcd.c,bf207a4afdd7e623be4bd0751bdc1917c0ee550af0f38c0531b25bb726d1710c,string,M19,extractor_prefix,extraction,MR09,Carrier-removal rejection,reject,True,False,rejected:absent:logical record magic not found,0.067024,,True,"{""antecedent_guarded"":true}"
pilot_mutation,H01-gcd.c,bf207a4afdd7e623be4bd0751bdc1917c0ee550af0f38c0531b25bb726d1710c,string,M19,extractor_prefix,extraction,MR10,Carrier-corruption rejection,reject,True,False,rejected:checksum:payload checksum mismatch,0.057149,,True,"{""antecedent_guarded"":true}"
pilot_mutation,H01-gcd.c,bf207a4afdd7e623be4bd0751bdc1917c0ee550af0f38c0531b25bb726d1710c,string,M19,extractor_prefix,extraction,MR11,Requested/actual trace agreement,trace,True,False,requested=clang/Os;actual=clang/Os,0.076118,,True,"{""build"":{""actual_compiler"":""clang"",""actual_optimization"":""Os"",""binary"":""WORKDIR/string/M19/MR11/trace/build-01/artifact.bin"",""binary_sha256"":""bf1b3f8ba8daa55b6d499a4bbb63a61efb7b30a4d426a514b1ce3e529d1be05b"",""carrier"":""string"",""command"":[""clang"",""-std=c11"",""-fno-ident"",""-no-pie"",""-Os"",""WORKDIR/string/M19/MR11/trace/build-01/host.c"",""-o"",""WORKDIR/string/M19/MR11/trace/build-01/artifact.bin""],""effective_payload_hex"":""4d6f7270682d3031"",""key"":""key-alpha"",""mutant_id"":""M19"",""requested_compiler"":""clang"",""requested_optimization"":""Os"",""requested_payload_hex"":""4d6f7270682d3031"",""return_code"":0,""source"":""WORKDIR/string/M19/MR11/trace/build-01/host.c"",""source_sha256"":""de3dd3bc3add920f6b14f3cfa83262c596594edfaf1d5fcc70bb4bc78a38fa0e"",""stderr"":""""}}"
pilot_mutation,H01-gcd.c,bf207a4afdd7e623be4bd0751bdc1917c0ee550af0f38c0531b25bb726d1710c,string,M19,extractor_prefix,extraction,MR12,Interleaved artifact isolation,separate,False,True,parallel_isolation_clause_violated,0.054684,,True,"{""aliasing_detected"":false,""both_expected"":false,""execution_order"":""overlapping-builds-then-extract"",""payloads_distinct"":true}"
pilot_mutation,H01-gcd.c,bf207a4afdd7e623be4bd0751bdc1917c0ee550af0f38c0531b25bb726d1710c,string,M19,extractor_prefix,extraction,MR13,Reordered extraction independence,preserve,False,True,before=b'Morph-0';intervening=b'Second-';after=b'Morph-0',0.133752,,True,"{""intervening_extraction"":true}"
pilot_mutation,H01-gcd.c,bf207a4afdd7e623be4bd0751bdc1917c0ee550af0f38c0531b25bb726d1710c,string,M19,extractor_prefix,extraction,MR14,Rebuild stability,preserve,False,True,first=b'Morph-0';second=b'Morph-0',0.11072,,True,"{""binary_bytes_equal"":true,""execution_order"":""build1-extract1-build2-extract2""}"
pilot_mutation,H01-gcd.c,bf207a4afdd7e623be4bd0751bdc1917c0ee550af0f38c0531b25bb726d1710c,string,M20,interleaved_collision,state,MR01,Round-trip fidelity,preserve,True,False,extracted=b'Morph-01',0.077963,,True,"{""build"":{""actual_compiler"":""gcc"",""actual_optimization"":""O2"",""binary"":""WORKDIR/string/M20/MR01/marked/build-01/artifact.bin"",""binary_sha256"":""b8e5790f338ae8db35cfffc794a440a51f513484ba40b60dbac7eb19948f430c"",""carrier"":""string"",""command"":[""gcc"",""-std=c11"",""-fno-ident"",""-no-pie"",""-O2"",""WORKDIR/string/M20/MR01/marked/build-01/host.c"",""-o"",""WORKDIR/string/M20/MR01/marked/build-01/artifact.bin""],""effective_payload_hex"":""4d6f7270682d3031"",""key"":""key-alpha"",""mutant_id"":""M20"",""requested_compiler"":""gcc"",""requested_optimization"":""O2"",""requested_payload_hex"":""4d6f7270682d3031"",""return_code"":0,""source"":""WORKDIR/string/M20/MR01/marked/build-01/host.c"",""source_sha256"":""de3dd3bc3add920f6b14f3cfa83262c596594edfaf1d5fcc70bb4bc78a38fa0e"",""stderr"":""""},""extracted_hex"":""4d6f7270682d3031""}"
pilot_mutation,H01-gcd.c,bf207a4afdd7e623be4bd0751bdc1917c0ee550af0f38c0531b25bb726d1710c,string,M20,interleaved_collision,state,MR02,Host-semantic preservation,preserve,True,False,mismatch_count=0,0.172539,,True,"{""mismatches"":[]}"
pilot_mutation,H01-gcd.c,bf207a4afdd7e623be4bd0751bdc1917c0ee550af0f38c0531b25bb726d1710c,string,M20,interleaved_collision,state,MR03,Unmarked rejection,reject,True,False,rejected:absent:logical record magic not found,0.075917,,True,"{""unmarked_binary_sha256"":""17288de5d8ffc83b2223ee650ec19f96fa9b779f3eb45b8e2433c730b7a1e3e2""}"
pilot_mutation,H01-gcd.c,bf207a4afdd7e623be4bd0751bdc1917c0ee550af0f38c0531b25bb726d1710c,string,M20,interleaved_collision,state,MR04,Wrong-key rejection,reject,True,False,rejected:wrong-key:key tag mismatch,0.03108,,True,"{""antecedent_guarded"":true,""antecedent_hex"":""4d6f7270682d3031""}"
pilot_mutation,H01-gcd.c,bf207a4afdd7e623be4bd0751bdc1917c0ee550af0f38c0531b25bb726d1710c,string,M20,interleaved_collision,state,MR05,Payload separation,separate,True,False,first=b'Morph-01';second=b'Second-2',0.118098,,True,"{""execution_order"":""sequential-builds-then-extract"",""first_hex"":""4d6f7270682d3031"",""second_hex"":""5365636f6e642d32""}"
pilot_mutation,H01-gcd.c,bf207a4afdd7e623be4bd0751bdc1917c0ee550af0f38c0531b25bb726d1710c,string,M20,interleaved_collision,state,MR06,Cross-compiler invariance,preserve,True,False,"payloads=b'Morph-01',b'Morph-01';semantic_equal=True",0.144907,,True,"{""clang_actual"":""clang"",""gcc_actual"":""gcc""}"
pilot_mutation,H01-gcd.c,bf207a4afdd7e623be4bd0751bdc1917c0ee550af0f38c0531b25bb726d1710c,string,M20,interleaved_collision,state,MR07,Optimization invariance,preserve,True,False,"payloads=['Morph-01', 'Morph-01', 'Morph-01'];semantic_equal=True",0.193681,,True,{}
pilot_mutation,H01-gcd.c,bf207a4afdd7e623be4bd0751bdc1917c0ee550af0f38c0531b25bb726d1710c,string,M20,interleaved_collision,state,MR08,Clean-room relocation,preserve,True,False,relocated=b'Morph-01',0.060464,,True,"{""clean_room_entries"":[""renamed-artifact.bin""],""relocated_hex"":""4d6f7270682d3031""}"
pilot_mutation,H01-gcd.c,bf207a4afdd7e623be4bd0751bdc1917c0ee550af0f38c0531b25bb726d1710c,string,M20,interleaved_collision,state,MR09,Carrier-removal rejection,reject,True,False,rejected:absent:logical record magic not found,0.058014,,True,"{""antecedent_guarded"":true}"
pilot_mutation,H01-gcd.c,bf207a4afdd7e623be4bd0751bdc1917c0ee550af0f38c0531b25bb726d1710c,string,M20,interleaved_collision,state,MR10,Carrier-corruption rejection,reject,True,False,rejected:checksum:payload checksum mismatch,0.066973,,True,"{""antecedent_guarded"":true}"
pilot_mutation,H01-gcd.c,bf207a4afdd7e623be4bd0751bdc1917c0ee550af0f38c0531b25bb726d1710c,string,M20,interleaved_collision,state,MR11,Requested/actual trace agreement,trace,True,False,requested=clang/Os;actual=clang/Os,0.062192,,True,"{""build"":{""actual_compiler"":""clang"",""actual_optimization"":""Os"",""binary"":""WORKDIR/string/M20/MR11/trace/build-01/artifact.bin"",""binary_sha256"":""bf1b3f8ba8daa55b6d499a4bbb63a61efb7b30a4d426a514b1ce3e529d1be05b"",""carrier"":""string"",""command"":[""clang"",""-std=c11"",""-fno-ident"",""-no-pie"",""-Os"",""WORKDIR/string/M20/MR11/trace/build-01/host.c"",""-o"",""WORKDIR/string/M20/MR11/trace/build-01/artifact.bin""],""effective_payload_hex"":""4d6f7270682d3031"",""key"":""key-alpha"",""mutant_id"":""M20"",""requested_compiler"":""clang"",""requested_optimization"":""Os"",""requested_payload_hex"":""4d6f7270682d3031"",""return_code"":0,""source"":""WORKDIR/string/M20/MR11/trace/build-01/host.c"",""source_sha256"":""de3dd3bc3add920f6b14f3cfa83262c596594edfaf1d5fcc70bb4bc78a38fa0e"",""stderr"":""""}}"
pilot_mutation,H01-gcd.c,bf207a4afdd7e623be4bd0751bdc1917c0ee550af0f38c0531b25bb726d1710c,string,M20,interleaved_collision,state,MR12,Interleaved artifact isolation,separate,False,True,parallel_isolation_clause_violated,0.058105,,True,"{""aliasing_detected"":true,""both_expected"":false,""execution_order"":""overlapping-builds-then-extract"",""payloads_distinct"":false}"
pilot_mutation,H01-gcd.c,bf207a4afdd7e623be4bd0751bdc1917c0ee550af0f38c0531b25bb726d1710c,string,M20,interleaved_collision,state,MR13,Reordered extraction independence,preserve,True,False,before=b'Morph-01';intervening=b'Second-2';after=b'Morph-01',0.108836,,True,"{""intervening_extraction"":true}"
pilot_mutation,H01-gcd.c,bf207a4afdd7e623be4bd0751bdc1917c0ee550af0f38c0531b25bb726d1710c,string,M20,interleaved_collision,state,MR14,Rebuild stability,preserve,True,False,first=b'Morph-01';second=b'Morph-01',0.13477,,True,"{""binary_bytes_equal"":true,""execution_order"":""build1-extract1-build2-extract2""}"
pilot_mutation,H01-gcd.c,bf207a4afdd7e623be4bd0751bdc1917c0ee550af0f38c0531b25bb726d1710c,string,M21,alternate_compiler_corruption,configuration,MR01,Round-trip fidelity,preserve,True,False,extracted=b'Morph-01',0.077463,,True,"{""build"":{""actual_compiler"":""gcc"",""actual_optimization"":""O2"",""binary"":""WORKDIR/string/M21/MR01/marked/build-01/artifact.bin"",""binary_sha256"":""b8e5790f338ae8db35cfffc794a440a51f513484ba40b60dbac7eb19948f430c"",""carrier"":""string"",""command"":[""gcc"",""-std=c11"",""-fno-ident"",""-no-pie"",""-O2"",""WORKDIR/string/M21/MR01/marked/build-01/host.c"",""-o"",""WORKDIR/string/M21/MR01/marked/build-01/artifact.bin""],""effective_payload_hex"":""4d6f7270682d3031"",""key"":""key-alpha"",""mutant_id"":""M21"",""requested_compiler"":""gcc"",""requested_optimization"":""O2"",""requested_payload_hex"":""4d6f7270682d3031"",""return_code"":0,""source"":""WORKDIR/string/M21/MR01/marked/build-01/host.c"",""source_sha256"":""de3dd3bc3add920f6b14f3cfa83262c596594edfaf1d5fcc70bb4bc78a38fa0e"",""stderr"":""""},""extracted_hex"":""4d6f7270682d3031""}"
pilot_mutation,H01-gcd.c,bf207a4afdd7e623be4bd0751bdc1917c0ee550af0f38c0531b25bb726d1710c,string,M21,alternate_compiler_corruption,configuration,MR02,Host-semantic preservation,preserve,True,False,mismatch_count=0,0.119676,,True,"{""mismatches"":[]}"
pilot_mutation,H01-gcd.c,bf207a4afdd7e623be4bd0751bdc1917c0ee550af0f38c0531b25bb726d1710c,string,M21,alternate_compiler_corruption,configuration,MR03,Unmarked rejection,reject,True,False,rejected:absent:logical record magic not found,0.076629,,True,"{""unmarked_binary_sha256"":""17288de5d8ffc83b2223ee650ec19f96fa9b779f3eb45b8e2433c730b7a1e3e2""}"
pilot_mutation,H01-gcd.c,bf207a4afdd7e623be4bd0751bdc1917c0ee550af0f38c0531b25bb726d1710c,string,M21,alternate_compiler_corruption,configuration,MR04,Wrong-key rejection,reject,True,False,rejected:wrong-key:key tag mismatch,0.061747,,True,"{""antecedent_guarded"":true,""antecedent_hex"":""4d6f7270682d3031""}"
pilot_mutation,H01-gcd.c,bf207a4afdd7e623be4bd0751bdc1917c0ee550af0f38c0531b25bb726d1710c,string,M21,alternate_compiler_corruption,configuration,MR05,Payload separation,separate,True,False,first=b'Morph-01';second=b'Second-2',0.15182,,True,"{""execution_order"":""sequential-builds-then-extract"",""first_hex"":""4d6f7270682d3031"",""second_hex"":""5365636f6e642d32""}"
pilot_mutation,H01-gcd.c,bf207a4afdd7e623be4bd0751bdc1917c0ee550af0f38c0531b25bb726d1710c,string,M21,alternate_compiler_corruption,configuration,MR06,Cross-compiler invariance,preserve,False,True,"payloads=b'Morph-01',b'Lorph-01';semantic_equal=True",0.163131,,True,"{""clang_actual"":""clang"",""gcc_actual"":""gcc""}"
pilot_mutation,H01-gcd.c,bf207a4afdd7e623be4bd0751bdc1917c0ee550af0f38c0531b25bb726d1710c,string,M21,alternate_compiler_corruption,configuration,MR07,Optimization invariance,preserve,True,False,"payloads=['Morph-01', 'Morph-01', 'Morph-01'];semantic_equal=True",0.221142,,True,{}
pilot_mutation,H01-gcd.c,bf207a4afdd7e623be4bd0751bdc1917c0ee550af0f38c0531b25bb726d1710c,string,M21,alternate_compiler_corruption,configuration,MR08,Clean-room relocation,preserve,True,False,relocated=b'Morph-01',0.033936,,True,"{""clean_room_entries"":[""renamed-artifact.bin""],""relocated_hex"":""4d6f7270682d3031""}"
pilot_mutation,H01-gcd.c,bf207a4afdd7e623be4bd0751bdc1917c0ee550af0f38c0531b25bb726d1710c,string,M21,alternate_compiler_corruption,configuration,MR09,Carrier-removal rejection,reject,True,False,rejected:absent:logical record magic not found,0.037973,,True,"{""antecedent_guarded"":true}"
pilot_mutation,H01-gcd.c,bf207a4afdd7e623be4bd0751bdc1917c0ee550af0f38c0531b25bb726d1710c,string,M21,alternate_compiler_corruption,configuration,MR10,Carrier-corruption rejection,reject,True,False,rejected:checksum:payload checksum mismatch,0.082942,,True,"{""antecedent_guarded"":true}"
pilot_mutation,H01-gcd.c,bf207a4afdd7e623be4bd0751bdc1917c0ee550af0f38c0531b25bb726d1710c,string,M21,alternate_compiler_corruption,configuration,MR11,Requested/actual trace agreement,trace,True,False,requested=clang/Os;actual=clang/Os,0.085105,,True,"{""build"":{""actual_compiler"":""clang"",""actual_optimization"":""Os"",""binary"":""WORKDIR/string/M21/MR11/trace/build-01/artifact.bin"",""binary_sha256"":""1f630f4432f3c7bfd3627ba9803a8723191a229606a403e59438fcb82a35b670"",""carrier"":""string"",""command"":[""clang"",""-std=c11"",""-fno-ident"",""-no-pie"",""-Os"",""WORKDIR/string/M21/MR11/trace/build-01/host.c"",""-o"",""WORKDIR/string/M21/MR11/trace/build-01/artifact.bin""],""effective_payload_hex"":""4c6f7270682d3031"",""key"":""key-alpha"",""mutant_id"":""M21"",""requested_compiler"":""clang"",""requested_optimization"":""Os"",""requested_payload_hex"":""4d6f7270682d3031"",""return_code"":0,""source"":""WORKDIR/string/M21/MR11/trace/build-01/host.c"",""source_sha256"":""9dbb69d9b8bd7e75272ddc06848e4235e4d6bf8be837b0a13f3cdf0e0981c200"",""stderr"":""""}}"
pilot_mutation,H01-gcd.c,bf207a4afdd7e623be4bd0751bdc1917c0ee550af0f38c0531b25bb726d1710c,string,M21,alternate_compiler_corruption,configuration,MR12,Interleaved artifact isolation,separate,True,False,parallel_isolation_satisfied,0.084807,,True,"{""aliasing_detected"":false,""both_expected"":true,""execution_order"":""overlapping-builds-then-extract"",""payloads_distinct"":true}"
pilot_mutation,H01-gcd.c,bf207a4afdd7e623be4bd0751bdc1917c0ee550af0f38c0531b25bb726d1710c,string,M21,alternate_compiler_corruption,configuration,MR13,Reordered extraction independence,preserve,True,False,before=b'Morph-01';intervening=b'Second-2';after=b'Morph-01',0.143858,,True,"{""intervening_extraction"":true}"
pilot_mutation,H01-gcd.c,bf207a4afdd7e623be4bd0751bdc1917c0ee550af0f38c0531b25bb726d1710c,string,M21,alternate_compiler_corruption,configuration,MR14,Rebuild stability,preserve,True,False,first=b'Morph-01';second=b'Morph-01',0.130139,,True,"{""binary_bytes_equal"":true,""execution_order"":""build1-extract1-build2-extract2""}"
pilot_mutation,H01-gcd.c,bf207a4afdd7e623be4bd0751bdc1917c0ee550af0f38c0531b25bb726d1710c,string,M22,size_optimization_corruption,configuration,MR01,Round-trip fidelity,preserve,True,False,extracted=b'Morph-01',0.051989,,True,"{""build"":{""actual_compiler"":""gcc"",""actual_optimization"":""O2"",""binary"":""WORKDIR/string/M22/MR01/marked/build-01/artifact.bin"",""binary_sha256"":""b8e5790f338ae8db35cfffc794a440a51f513484ba40b60dbac7eb19948f430c"",""carrier"":""string"",""command"":[""gcc"",""-std=c11"",""-fno-ident"",""-no-pie"",""-O2"",""WORKDIR/string/M22/MR01/marked/build-01/host.c"",""-o"",""WORKDIR/string/M22/MR01/marked/build-01/artifact.bin""],""effective_payload_hex"":""4d6f7270682d3031"",""key"":""key-alpha"",""mutant_id"":""M22"",""requested_compiler"":""gcc"",""requested_optimization"":""O2"",""requested_payload_hex"":""4d6f7270682d3031"",""return_code"":0,""source"":""WORKDIR/string/M22/MR01/marked/build-01/host.c"",""source_sha256"":""de3dd3bc3add920f6b14f3cfa83262c596594edfaf1d5fcc70bb4bc78a38fa0e"",""stderr"":""""},""extracted_hex"":""4d6f7270682d3031""}"
pilot_mutation,H01-gcd.c,bf207a4afdd7e623be4bd0751bdc1917c0ee550af0f38c0531b25bb726d1710c,string,M22,size_optimization_corruption,configuration,MR02,Host-semantic preservation,preserve,True,False,mismatch_count=0,0.144127,,True,"{""mismatches"":[]}"
pilot_mutation,H01-gcd.c,bf207a4afdd7e623be4bd0751bdc1917c0ee550af0f38c0531b25bb726d1710c,string,M22,size_optimization_corruption,configuration,MR03,Unmarked rejection,reject,True,False,rejected:absent:logical record magic not found,0.066741,,True,"{""unmarked_binary_sha256"":""17288de5d8ffc83b2223ee650ec19f96fa9b779f3eb45b8e2433c730b7a1e3e2""}"
pilot_mutation,H01-gcd.c,bf207a4afdd7e623be4bd0751bdc1917c0ee550af0f38c0531b25bb726d1710c,string,M22,size_optimization_corruption,configuration,MR04,Wrong-key rejection,reject,True,False,rejected:wrong-key:key tag mismatch,0.072241,,True,"{""antecedent_guarded"":true,""antecedent_hex"":""4d6f7270682d3031""}"
pilot_mutation,H01-gcd.c,bf207a4afdd7e623be4bd0751bdc1917c0ee550af0f38c0531b25bb726d1710c,string,M22,size_optimization_corruption,configuration,MR05,Payload separation,separate,True,False,first=b'Morph-01';second=b'Second-2',0.102705,,True,"{""execution_order"":""sequential-builds-then-extract"",""first_hex"":""4d6f7270682d3031"",""second_hex"":""5365636f6e642d32""}"
pilot_mutation,H01-gcd.c,bf207a4afdd7e623be4bd0751bdc1917c0ee550af0f38c0531b25bb726d1710c,string,M22,size_optimization_corruption,configuration,MR06,Cross-compiler invariance,preserve,True,False,"payloads=b'Morph-01',b'Morph-01';semantic_equal=True",0.17813,,True,"{""clang_actual"":""clang"",""gcc_actual"":""gcc""}"
pilot_mutation,H01-gcd.c,bf207a4afdd7e623be4bd0751bdc1917c0ee550af0f38c0531b25bb726d1710c,string,M22,size_optimization_corruption,configuration,MR07,Optimization invariance,preserve,False,True,"payloads=['Morph-01', 'Morph-01', 'Lorph-01'];semantic_equal=True",0.212228,,True,{}
pilot_mutation,H01-gcd.c,bf207a4afdd7e623be4bd0751bdc1917c0ee550af0f38c0531b25bb726d1710c,string,M22,size_optimization_corruption,configuration,MR08,Clean-room relocation,preserve,True,False,relocated=b'Morph-01',0.050507,,True,"{""clean_room_entries"":[""renamed-artifact.bin""],""relocated_hex"":""4d6f7270682d3031""}"
pilot_mutation,H01-gcd.c,bf207a4afdd7e623be4bd0751bdc1917c0ee550af0f38c0531b25bb726d1710c,string,M22,size_optimization_corruption,configuration,MR09,Carrier-removal rejection,reject,True,False,rejected:absent:logical record magic not found,0.056522,,True,"{""antecedent_guarded"":true}"
pilot_mutation,H01-gcd.c,bf207a4afdd7e623be4bd0751bdc1917c0ee550af0f38c0531b25bb726d1710c,string,M22,size_optimization_corruption,configuration,MR10,Carrier-corruption rejection,reject,True,False,rejected:checksum:payload checksum mismatch,0.03473,,True,"{""antecedent_guarded"":true}"
pilot_mutation,H01-gcd.c,bf207a4afdd7e623be4bd0751bdc1917c0ee550af0f38c0531b25bb726d1710c,string,M22,size_optimization_corruption,configuration,MR11,Requested/actual trace agreement,trace,True,False,requested=clang/Os;actual=clang/Os,0.085053,,True,"{""build"":{""actual_compiler"":""clang"",""actual_optimization"":""Os"",""binary"":""WORKDIR/string/M22/MR11/trace/build-01/artifact.bin"",""binary_sha256"":""1f630f4432f3c7bfd3627ba9803a8723191a229606a403e59438fcb82a35b670"",""carrier"":""string"",""command"":[""clang"",""-std=c11"",""-fno-ident"",""-no-pie"",""-Os"",""WORKDIR/string/M22/MR11/trace/build-01/host.c"",""-o"",""WORKDIR/string/M22/MR11/trace/build-01/artifact.bin""],""effective_payload_hex"":""4c6f7270682d3031"",""key"":""key-alpha"",""mutant_id"":""M22"",""requested_compiler"":""clang"",""requested_optimization"":""Os"",""requested_payload_hex"":""4d6f7270682d3031"",""return_code"":0,""source"":""WORKDIR/string/M22/MR11/trace/build-01/host.c"",""source_sha256"":""9dbb69d9b8bd7e75272ddc06848e4235e4d6bf8be837b0a13f3cdf0e0981c200"",""stderr"":""""}}"
pilot_mutation,H01-gcd.c,bf207a4afdd7e623be4bd0751bdc1917c0ee550af0f38c0531b25bb726d1710c,string,M22,size_optimization_corruption,configuration,MR12,Interleaved artifact isolation,separate,True,False,parallel_isolation_satisfied,0.080439,,True,"{""aliasing_detected"":false,""both_expected"":true,""execution_order"":""overlapping-builds-then-extract"",""payloads_distinct"":true}"
pilot_mutation,H01-gcd.c,bf207a4afdd7e623be4bd0751bdc1917c0ee550af0f38c0531b25bb726d1710c,string,M22,size_optimization_corruption,configuration,MR13,Reordered extraction independence,preserve,True,False,before=b'Morph-01';intervening=b'Second-2';after=b'Morph-01',0.109818,,True,"{""intervening_extraction"":true}"
pilot_mutation,H01-gcd.c,bf207a4afdd7e623be4bd0751bdc1917c0ee550af0f38c0531b25bb726d1710c,string,M22,size_optimization_corruption,configuration,MR14,Rebuild stability,preserve,True,False,first=b'Morph-01';second=b'Morph-01',0.152996,,True,"{""binary_bytes_equal"":true,""execution_order"":""build1-extract1-build2-extract2""}"
pilot_mutation,H01-gcd.c,bf207a4afdd7e623be4bd0751bdc1917c0ee550af0f38c0531b25bb726d1710c,string,M23,revisit_state_contamination,state,MR01,Round-trip fidelity,preserve,True,False,extracted=b'Morph-01',0.067153,,True,"{""build"":{""actual_compiler"":""gcc"",""actual_optimization"":""O2"",""binary"":""WORKDIR/string/M23/MR01/marked/build-01/artifact.bin"",""binary_sha256"":""b8e5790f338ae8db35cfffc794a440a51f513484ba40b60dbac7eb19948f430c"",""carrier"":""string"",""command"":[""gcc"",""-std=c11"",""-fno-ident"",""-no-pie"",""-O2"",""WORKDIR/string/M23/MR01/marked/build-01/host.c"",""-o"",""WORKDIR/string/M23/MR01/marked/build-01/artifact.bin""],""effective_payload_hex"":""4d6f7270682d3031"",""key"":""key-alpha"",""mutant_id"":""M23"",""requested_compiler"":""gcc"",""requested_optimization"":""O2"",""requested_payload_hex"":""4d6f7270682d3031"",""return_code"":0,""source"":""WORKDIR/string/M23/MR01/marked/build-01/host.c"",""source_sha256"":""de3dd3bc3add920f6b14f3cfa83262c596594edfaf1d5fcc70bb4bc78a38fa0e"",""stderr"":""""},""extracted_hex"":""4d6f7270682d3031""}"
pilot_mutation,H01-gcd.c,bf207a4afdd7e623be4bd0751bdc1917c0ee550af0f38c0531b25bb726d1710c,string,M23,revisit_state_contamination,state,MR02,Host-semantic preservation,preserve,True,False,mismatch_count=0,0.162396,,True,"{""mismatches"":[]}"
pilot_mutation,H01-gcd.c,bf207a4afdd7e623be4bd0751bdc1917c0ee550af0f38c0531b25bb726d1710c,string,M23,revisit_state_contamination,state,MR03,Unmarked rejection,reject,True,False,rejected:absent:logical record magic not found,0.067309,,True,"{""unmarked_binary_sha256"":""17288de5d8ffc83b2223ee650ec19f96fa9b779f3eb45b8e2433c730b7a1e3e2""}"
pilot_mutation,H01-gcd.c,bf207a4afdd7e623be4bd0751bdc1917c0ee550af0f38c0531b25bb726d1710c,string,M23,revisit_state_contamination,state,MR04,Wrong-key rejection,reject,True,False,rejected:wrong-key:key tag mismatch,0.074136,,True,"{""antecedent_guarded"":true,""antecedent_hex"":""4d6f7270682d3031""}"
pilot_mutation,H01-gcd.c,bf207a4afdd7e623be4bd0751bdc1917c0ee550af0f38c0531b25bb726d1710c,string,M23,revisit_state_contamination,state,MR05,Payload separation,separate,True,False,first=b'Morph-01';second=b'Second-2',0.134279,,True,"{""execution_order"":""sequential-builds-then-extract"",""first_hex"":""4d6f7270682d3031"",""second_hex"":""5365636f6e642d32""}"
pilot_mutation,H01-gcd.c,bf207a4afdd7e623be4bd0751bdc1917c0ee550af0f38c0531b25bb726d1710c,string,M23,revisit_state_contamination,state,MR06,Cross-compiler invariance,preserve,True,False,"payloads=b'Morph-01',b'Morph-01';semantic_equal=True",0.175411,,True,"{""clang_actual"":""clang"",""gcc_actual"":""gcc""}"
pilot_mutation,H01-gcd.c,bf207a4afdd7e623be4bd0751bdc1917c0ee550af0f38c0531b25bb726d1710c,string,M23,revisit_state_contamination,state,MR07,Optimization invariance,preserve,True,False,"payloads=['Morph-01', 'Morph-01', 'Morph-01'];semantic_equal=True",0.235796,,True,{}
pilot_mutation,H01-gcd.c,bf207a4afdd7e623be4bd0751bdc1917c0ee550af0f38c0531b25bb726d1710c,string,M23,revisit_state_contamination,state,MR08,Clean-room relocation,preserve,True,False,relocated=b'Morph-01',0.0396,,True,"{""clean_room_entries"":[""renamed-artifact.bin""],""relocated_hex"":""4d6f7270682d3031""}"
pilot_mutation,H01-gcd.c,bf207a4afdd7e623be4bd0751bdc1917c0ee550af0f38c0531b25bb726d1710c,string,M23,revisit_state_contamination,state,MR09,Carrier-removal rejection,reject,True,False,rejected:absent:logical record magic not found,0.054667,,True,"{""antecedent_guarded"":true}"
pilot_mutation,H01-gcd.c,bf207a4afdd7e623be4bd0751bdc1917c0ee550af0f38c0531b25bb726d1710c,string,M23,revisit_state_contamination,state,MR10,Carrier-corruption rejection,reject,True,False,rejected:checksum:payload checksum mismatch,0.04049,,True,"{""antecedent_guarded"":true}"
pilot_mutation,H01-gcd.c,bf207a4afdd7e623be4bd0751bdc1917c0ee550af0f38c0531b25bb726d1710c,string,M23,revisit_state_contamination,state,MR11,Requested/actual trace agreement,trace,True,False,requested=clang/Os;actual=clang/Os,0.045951,,True,"{""build"":{""actual_compiler"":""clang"",""actual_optimization"":""Os"",""binary"":""WORKDIR/string/M23/MR11/trace/build-01/artifact.bin"",""binary_sha256"":""bf1b3f8ba8daa55b6d499a4bbb63a61efb7b30a4d426a514b1ce3e529d1be05b"",""carrier"":""string"",""command"":[""clang"",""-std=c11"",""-fno-ident"",""-no-pie"",""-Os"",""WORKDIR/string/M23/MR11/trace/build-01/host.c"",""-o"",""WORKDIR/string/M23/MR11/trace/build-01/artifact.bin""],""effective_payload_hex"":""4d6f7270682d3031"",""key"":""key-alpha"",""mutant_id"":""M23"",""requested_compiler"":""clang"",""requested_optimization"":""Os"",""requested_payload_hex"":""4d6f7270682d3031"",""return_code"":0,""source"":""WORKDIR/string/M23/MR11/trace/build-01/host.c"",""source_sha256"":""de3dd3bc3add920f6b14f3cfa83262c596594edfaf1d5fcc70bb4bc78a38fa0e"",""stderr"":""""}}"
pilot_mutation,H01-gcd.c,bf207a4afdd7e623be4bd0751bdc1917c0ee550af0f38c0531b25bb726d1710c,string,M23,revisit_state_contamination,state,MR12,Interleaved artifact isolation,separate,True,False,parallel_isolation_satisfied,0.081685,,True,"{""aliasing_detected"":false,""both_expected"":true,""execution_order"":""overlapping-builds-then-extract"",""payloads_distinct"":true}"
pilot_mutation,H01-gcd.c,bf207a4afdd7e623be4bd0751bdc1917c0ee550af0f38c0531b25bb726d1710c,string,M23,revisit_state_contamination,state,MR13,Reordered extraction independence,preserve,False,True,before=b'Morph-01';intervening=b'Second-2';after=b'Second-2',0.126274,,True,"{""intervening_extraction"":true}"
pilot_mutation,H01-gcd.c,bf207a4afdd7e623be4bd0751bdc1917c0ee550af0f38c0531b25bb726d1710c,string,M23,revisit_state_contamination,state,MR14,Rebuild stability,preserve,True,False,first=b'Morph-01';second=b'Morph-01',0.100913,,True,"{""binary_bytes_equal"":true,""execution_order"":""build1-extract1-build2-extract2""}"
pilot_mutation,H01-gcd.c,bf207a4afdd7e623be4bd0751bdc1917c0ee550af0f38c0531b25bb726d1710c,string,M24,second_identical_build_corruption,state,MR01,Round-trip fidelity,preserve,True,False,extracted=b'Morph-01',0.079011,,True,"{""build"":{""actual_compiler"":""gcc"",""actual_optimization"":""O2"",""binary"":""WORKDIR/string/M24/MR01/marked/build-01/artifact.bin"",""binary_sha256"":""b8e5790f338ae8db35cfffc794a440a51f513484ba40b60dbac7eb19948f430c"",""carrier"":""string"",""command"":[""gcc"",""-std=c11"",""-fno-ident"",""-no-pie"",""-O2"",""WORKDIR/string/M24/MR01/marked/build-01/host.c"",""-o"",""WORKDIR/string/M24/MR01/marked/build-01/artifact.bin""],""effective_payload_hex"":""4d6f7270682d3031"",""key"":""key-alpha"",""mutant_id"":""M24"",""requested_compiler"":""gcc"",""requested_optimization"":""O2"",""requested_payload_hex"":""4d6f7270682d3031"",""return_code"":0,""source"":""WORKDIR/string/M24/MR01/marked/build-01/host.c"",""source_sha256"":""de3dd3bc3add920f6b14f3cfa83262c596594edfaf1d5fcc70bb4bc78a38fa0e"",""stderr"":""""},""extracted_hex"":""4d6f7270682d3031""}"
pilot_mutation,H01-gcd.c,bf207a4afdd7e623be4bd0751bdc1917c0ee550af0f38c0531b25bb726d1710c,string,M24,second_identical_build_corruption,state,MR02,Host-semantic preservation,preserve,True,False,mismatch_count=0,0.15728,,True,"{""mismatches"":[]}"
pilot_mutation,H01-gcd.c,bf207a4afdd7e623be4bd0751bdc1917c0ee550af0f38c0531b25bb726d1710c,string,M24,second_identical_build_corruption,state,MR03,Unmarked rejection,reject,True,False,rejected:absent:logical record magic not found,0.059257,,True,"{""unmarked_binary_sha256"":""17288de5d8ffc83b2223ee650ec19f96fa9b779f3eb45b8e2433c730b7a1e3e2""}"
pilot_mutation,H01-gcd.c,bf207a4afdd7e623be4bd0751bdc1917c0ee550af0f38c0531b25bb726d1710c,string,M24,second_identical_build_corruption,state,MR04,Wrong-key rejection,reject,True,False,rejected:wrong-key:key tag mismatch,0.043808,,True,"{""antecedent_guarded"":true,""antecedent_hex"":""4d6f7270682d3031""}"
pilot_mutation,H01-gcd.c,bf207a4afdd7e623be4bd0751bdc1917c0ee550af0f38c0531b25bb726d1710c,string,M24,second_identical_build_corruption,state,MR05,Payload separation,separate,True,False,first=b'Morph-01';second=b'Second-2',0.124647,,True,"{""execution_order"":""sequential-builds-then-extract"",""first_hex"":""4d6f7270682d3031"",""second_hex"":""5365636f6e642d32""}"
pilot_mutation,H01-gcd.c,bf207a4afdd7e623be4bd0751bdc1917c0ee550af0f38c0531b25bb726d1710c,string,M24,second_identical_build_corruption,state,MR06,Cross-compiler invariance,preserve,True,False,"payloads=b'Morph-01',b'Morph-01';semantic_equal=True",0.164899,,True,"{""clang_actual"":""clang"",""gcc_actual"":""gcc""}"
pilot_mutation,H01-gcd.c,bf207a4afdd7e623be4bd0751bdc1917c0ee550af0f38c0531b25bb726d1710c,string,M24,second_identical_build_corruption,state,MR07,Optimization invariance,preserve,True,False,"payloads=['Morph-01', 'Morph-01', 'Morph-01'];semantic_equal=True",0.216239,,True,{}
pilot_mutation,H01-gcd.c,bf207a4afdd7e623be4bd0751bdc1917c0ee550af0f38c0531b25bb726d1710c,string,M24,second_identical_build_corruption,state,MR08,Clean-room relocation,preserve,True,False,relocated=b'Morph-01',0.083924,,True,"{""clean_room_entries"":[""renamed-artifact.bin""],""relocated_hex"":""4d6f7270682d3031""}"
pilot_mutation,H01-gcd.c,bf207a4afdd7e623be4bd0751bdc1917c0ee550af0f38c0531b25bb726d1710c,string,M24,second_identical_build_corruption,state,MR09,Carrier-removal rejection,reject,True,False,rejected:absent:logical record magic not found,0.052953,,True,"{""antecedent_guarded"":true}"
pilot_mutation,H01-gcd.c,bf207a4afdd7e623be4bd0751bdc1917c0ee550af0f38c0531b25bb726d1710c,string,M24,second_identical_build_corruption,state,MR10,Carrier-corruption rejection,reject,True,False,rejected:checksum:payload checksum mismatch,0.068251,,True,"{""antecedent_guarded"":true}"
pilot_mutation,H01-gcd.c,bf207a4afdd7e623be4bd0751bdc1917c0ee550af0f38c0531b25bb726d1710c,string,M24,second_identical_build_corruption,state,MR11,Requested/actual trace agreement,trace,True,False,requested=clang/Os;actual=clang/Os,0.093403,,True,"{""build"":{""actual_compiler"":""clang"",""actual_optimization"":""Os"",""binary"":""WORKDIR/string/M24/MR11/trace/build-01/artifact.bin"",""binary_sha256"":""bf1b3f8ba8daa55b6d499a4bbb63a61efb7b30a4d426a514b1ce3e529d1be05b"",""carrier"":""string"",""command"":[""clang"",""-std=c11"",""-fno-ident"",""-no-pie"",""-Os"",""WORKDIR/string/M24/MR11/trace/build-01/host.c"",""-o"",""WORKDIR/string/M24/MR11/trace/build-01/artifact.bin""],""effective_payload_hex"":""4d6f7270682d3031"",""key"":""key-alpha"",""mutant_id"":""M24"",""requested_compiler"":""clang"",""requested_optimization"":""Os"",""requested_payload_hex"":""4d6f7270682d3031"",""return_code"":0,""source"":""WORKDIR/string/M24/MR11/trace/build-01/host.c"",""source_sha256"":""de3dd3bc3add920f6b14f3cfa83262c596594edfaf1d5fcc70bb4bc78a38fa0e"",""stderr"":""""}}"
pilot_mutation,H01-gcd.c,bf207a4afdd7e623be4bd0751bdc1917c0ee550af0f38c0531b25bb726d1710c,string,M24,second_identical_build_corruption,state,MR12,Interleaved artifact isolation,separate,True,False,parallel_isolation_satisfied,0.093911,,True,"{""aliasing_detected"":false,""both_expected"":true,""execution_order"":""overlapping-builds-then-extract"",""payloads_distinct"":true}"
pilot_mutation,H01-gcd.c,bf207a4afdd7e623be4bd0751bdc1917c0ee550af0f38c0531b25bb726d1710c,string,M24,second_identical_build_corruption,state,MR13,Reordered extraction independence,preserve,True,False,before=b'Morph-01';intervening=b'Second-2';after=b'Morph-01',0.134686,,True,"{""intervening_extraction"":true}"
pilot_mutation,H01-gcd.c,bf207a4afdd7e623be4bd0751bdc1917c0ee550af0f38c0531b25bb726d1710c,string,M24,second_identical_build_corruption,state,MR14,Rebuild stability,preserve,False,True,first=b'Morph-01';second=b'Lorph-01',0.101651,,True,"{""binary_bytes_equal"":false,""execution_order"":""build1-extract1-build2-extract2""}"
pilot_mutation,H01-gcd.c,bf207a4afdd7e623be4bd0751bdc1917c0ee550af0f38c0531b25bb726d1710c,symbol,M01,embed_noop,embedding,MR01,Round-trip fidelity,preserve,False,True,exception:ExtractionError:watermark symbols not found,0.036604,ExtractionError,True,{}
pilot_mutation,H01-gcd.c,bf207a4afdd7e623be4bd0751bdc1917c0ee550af0f38c0531b25bb726d1710c,symbol,M01,embed_noop,embedding,MR02,Host-semantic preservation,preserve,True,False,mismatch_count=0,0.171763,,True,"{""mismatches"":[]}"
pilot_mutation,H01-gcd.c,bf207a4afdd7e623be4bd0751bdc1917c0ee550af0f38c0531b25bb726d1710c,symbol,M01,embed_noop,embedding,MR03,Unmarked rejection,reject,True,False,rejected:absent:watermark symbols not found,0.067649,,True,"{""unmarked_binary_sha256"":""17288de5d8ffc83b2223ee650ec19f96fa9b779f3eb45b8e2433c730b7a1e3e2""}"
pilot_mutation,H01-gcd.c,bf207a4afdd7e623be4bd0751bdc1917c0ee550af0f38c0531b25bb726d1710c,symbol,M01,embed_noop,embedding,MR04,Wrong-key rejection,reject,True,False,rejected:wrong-key:symbol key tag mismatch,0.047351,,True,"{""antecedent_guarded"":true,""antecedent_hex"":""4d6f7270682d3031""}"
pilot_mutation,H01-gcd.c,bf207a4afdd7e623be4bd0751bdc1917c0ee550af0f38c0531b25bb726d1710c,symbol,M01,embed_noop,embedding,MR05,Payload separation,separate,False,True,exception:ExtractionError:watermark symbols not found,0.137032,ExtractionError,True,{}
pilot_mutation,H01-gcd.c,bf207a4afdd7e623be4bd0751bdc1917c0ee550af0f38c0531b25bb726d1710c,symbol,M01,embed_noop,embedding,MR06,Cross-compiler invariance,preserve,False,True,exception:ExtractionError:watermark symbols not found,0.122797,ExtractionError,True,{}
pilot_mutation,H01-gcd.c,bf207a4afdd7e623be4bd0751bdc1917c0ee550af0f38c0531b25bb726d1710c,symbol,M01,embed_noop,embedding,MR07,Optimization invariance,preserve,False,True,exception:ExtractionError:watermark symbols not found,0.165815,ExtractionError,True,{}
pilot_mutation,H01-gcd.c,bf207a4afdd7e623be4bd0751bdc1917c0ee550af0f38c0531b25bb726d1710c,symbol,M01,embed_noop,embedding,MR08,Clean-room relocation,preserve,False,True,exception:ExtractionError:watermark symbols not found,0.079338,ExtractionError,True,{}
pilot_mutation,H01-gcd.c,bf207a4afdd7e623be4bd0751bdc1917c0ee550af0f38c0531b25bb726d1710c,symbol,M01,embed_noop,embedding,MR09,Carrier-removal rejection,reject,True,False,rejected:absent:watermark symbols not found,0.071178,,True,"{""antecedent_guarded"":true}"
pilot_mutation,H01-gcd.c,bf207a4afdd7e623be4bd0751bdc1917c0ee550af0f38c0531b25bb726d1710c,symbol,M01,embed_noop,embedding,MR10,Carrier-corruption rejection,reject,True,False,rejected:malformed:inconsistent watermark symbol set,0.086502,,True,"{""antecedent_guarded"":true}"
pilot_mutation,H01-gcd.c,bf207a4afdd7e623be4bd0751bdc1917c0ee550af0f38c0531b25bb726d1710c,symbol,M01,embed_noop,embedding,MR11,Requested/actual trace agreement,trace,True,False,requested=clang/Os;actual=clang/Os,0.064581,,True,"{""build"":{""actual_compiler"":""clang"",""actual_optimization"":""Os"",""binary"":""WORKDIR/symbol/M01/MR11/trace/build-01/artifact.bin"",""binary_sha256"":""8979583311288d6755db67bfb67a745238b66729f18570b075945ee29c1a551b"",""carrier"":""symbol"",""command"":[""clang"",""-std=c11"",""-fno-ident"",""-no-pie"",""-Os"",""WORKDIR/symbol/M01/MR11/trace/build-01/host.c"",""-o"",""WORKDIR/symbol/M01/MR11/trace/build-01/artifact.bin""],""effective_payload_hex"":""4d6f7270682d3031"",""key"":""key-alpha"",""mutant_id"":""M01"",""requested_compiler"":""clang"",""requested_optimization"":""Os"",""requested_payload_hex"":""4d6f7270682d3031"",""return_code"":0,""source"":""WORKDIR/symbol/M01/MR11/trace/build-01/host.c"",""source_sha256"":""bf207a4afdd7e623be4bd0751bdc1917c0ee550af0f38c0531b25bb726d1710c"",""stderr"":""""}}"
pilot_mutation,H01-gcd.c,bf207a4afdd7e623be4bd0751bdc1917c0ee550af0f38c0531b25bb726d1710c,symbol,M01,embed_noop,embedding,MR12,Interleaved artifact isolation,separate,False,True,exception:ExtractionError:watermark symbols not found,0.081689,ExtractionError,True,{}
pilot_mutation,H01-gcd.c,bf207a4afdd7e623be4bd0751bdc1917c0ee550af0f38c0531b25bb726d1710c,symbol,M01,embed_noop,embedding,MR13,Reordered extraction independence,preserve,False,True,exception:ExtractionError:watermark symbols not found,0.094051,ExtractionError,True,{}
pilot_mutation,H01-gcd.c,bf207a4afdd7e623be4bd0751bdc1917c0ee550af0f38c0531b25bb726d1710c,symbol,M01,embed_noop,embedding,MR14,Rebuild stability,preserve,False,True,exception:ExtractionError:watermark symbols not found,0.037649,ExtractionError,True,{}
pilot_mutation,H01-gcd.c,bf207a4afdd7e623be4bd0751bdc1917c0ee550af0f38c0531b25bb726d1710c,symbol,M02,truncate_payload,embedding,MR01,Round-trip fidelity,preserve,False,True,extracted=b'Morph-0',0.081179,,True,"{""build"":{""actual_compiler"":""gcc"",""actual_optimization"":""O2"",""binary"":""WORKDIR/symbol/M02/MR01/marked/build-01/artifact.bin"",""binary_sha256"":""b13b1265020878bd8dfca52aeddf8e762a1bd076f439b6e5f598becc4aa90187"",""carrier"":""symbol"",""command"":[""gcc"",""-std=c11"",""-fno-ident"",""-no-pie"",""-O2"",""WORKDIR/symbol/M02/MR01/marked/build-01/host.c"",""-o"",""WORKDIR/symbol/M02/MR01/marked/build-01/artifact.bin""],""effective_payload_hex"":""4d6f7270682d30"",""key"":""key-alpha"",""mutant_id"":""M02"",""requested_compiler"":""gcc"",""requested_optimization"":""O2"",""requested_payload_hex"":""4d6f7270682d3031"",""return_code"":0,""source"":""WORKDIR/symbol/M02/MR01/marked/build-01/host.c"",""source_sha256"":""5163e8743659c9c1fca170bc0338dcef46e3668eaf0a3429fe3c498254acf8a2"",""stderr"":""""},""extracted_hex"":""4d6f7270682d30""}"
pilot_mutation,H01-gcd.c,bf207a4afdd7e623be4bd0751bdc1917c0ee550af0f38c0531b25bb726d1710c,symbol,M02,truncate_payload,embedding,MR02,Host-semantic preservation,preserve,True,False,mismatch_count=0,0.160994,,True,"{""mismatches"":[]}"
pilot_mutation,H01-gcd.c,bf207a4afdd7e623be4bd0751bdc1917c0ee550af0f38c0531b25bb726d1710c,symbol,M02,truncate_payload,embedding,MR03,Unmarked rejection,reject,True,False,rejected:absent:watermark symbols not found,0.063453,,True,"{""unmarked_binary_sha256"":""17288de5d8ffc83b2223ee650ec19f96fa9b779f3eb45b8e2433c730b7a1e3e2""}"
pilot_mutation,H01-gcd.c,bf207a4afdd7e623be4bd0751bdc1917c0ee550af0f38c0531b25bb726d1710c,symbol,M02,truncate_payload,embedding,MR04,Wrong-key rejection,reject,True,False,rejected:wrong-key:symbol key tag mismatch,0.083116,,True,"{""antecedent_guarded"":true,""antecedent_hex"":""4d6f7270682d3031""}"
pilot_mutation,H01-gcd.c,bf207a4afdd7e623be4bd0751bdc1917c0ee550af0f38c0531b25bb726d1710c,symbol,M02,truncate_payload,embedding,MR05,Payload separation,separate,False,True,first=b'Morph-0';second=b'Second-',0.1519,,True,"{""execution_order"":""sequential-builds-then-extract"",""first_hex"":""4d6f7270682d30"",""second_hex"":""5365636f6e642d""}"
pilot_mutation,H01-gcd.c,bf207a4afdd7e623be4bd0751bdc1917c0ee550af0f38c0531b25bb726d1710c,symbol,M02,truncate_payload,embedding,MR06,Cross-compiler invariance,preserve,False,True,"payloads=b'Morph-0',b'Morph-0';semantic_equal=True",0.148504,,True,"{""clang_actual"":""clang"",""gcc_actual"":""gcc""}"
pilot_mutation,H01-gcd.c,bf207a4afdd7e623be4bd0751bdc1917c0ee550af0f38c0531b25bb726d1710c,symbol,M02,truncate_payload,embedding,MR07,Optimization invariance,preserve,False,True,"payloads=['Morph-0', 'Morph-0', 'Morph-0'];semantic_equal=True",0.24092,,True,{}
pilot_mutation,H01-gcd.c,bf207a4afdd7e623be4bd0751bdc1917c0ee550af0f38c0531b25bb726d1710c,symbol,M02,truncate_payload,embedding,MR08,Clean-room relocation,preserve,False,True,source_mismatch=b'Morph-0',0.045437,,True,"{""source_hex"":""4d6f7270682d30""}"
pilot_mutation,H01-gcd.c,bf207a4afdd7e623be4bd0751bdc1917c0ee550af0f38c0531b25bb726d1710c,symbol,M02,truncate_payload,embedding,MR09,Carrier-removal rejection,reject,True,False,rejected:absent:watermark symbols not found,0.045923,,True,"{""antecedent_guarded"":true}"
pilot_mutation,H01-gcd.c,bf207a4afdd7e623be4bd0751bdc1917c0ee550af0f38c0531b25bb726d1710c,symbol,M02,truncate_payload,embedding,MR10,Carrier-corruption rejection,reject,True,False,rejected:malformed:inconsistent watermark symbol set,0.094922,,True,"{""antecedent_guarded"":true}"
pilot_mutation,H01-gcd.c,bf207a4afdd7e623be4bd0751bdc1917c0ee550af0f38c0531b25bb726d1710c,symbol,M02,truncate_payload,embedding,MR11,Requested/actual trace agreement,trace,True,False,requested=clang/Os;actual=clang/Os,0.071216,,True,"{""build"":{""actual_compiler"":""clang"",""actual_optimization"":""Os"",""binary"":""WORKDIR/symbol/M02/MR11/trace/build-01/artifact.bin"",""binary_sha256"":""9776f1fdd6bb1ed4894d0e930eec9b56ade7d9b35af5b2020432f9ea461b697b"",""carrier"":""symbol"",""command"":[""clang"",""-std=c11"",""-fno-ident"",""-no-pie"",""-Os"",""WORKDIR/symbol/M02/MR11/trace/build-01/host.c"",""-o"",""WORKDIR/symbol/M02/MR11/trace/build-01/artifact.bin""],""effective_payload_hex"":""4d6f7270682d30"",""key"":""key-alpha"",""mutant_id"":""M02"",""requested_compiler"":""clang"",""requested_optimization"":""Os"",""requested_payload_hex"":""4d6f7270682d3031"",""return_code"":0,""source"":""WORKDIR/symbol/M02/MR11/trace/build-01/host.c"",""source_sha256"":""5163e8743659c9c1fca170bc0338dcef46e3668eaf0a3429fe3c498254acf8a2"",""stderr"":""""}}"
pilot_mutation,H01-gcd.c,bf207a4afdd7e623be4bd0751bdc1917c0ee550af0f38c0531b25bb726d1710c,symbol,M02,truncate_payload,embedding,MR12,Interleaved artifact isolation,separate,False,True,parallel_isolation_clause_violated,0.070175,,True,"{""aliasing_detected"":false,""both_expected"":false,""execution_order"":""overlapping-builds-then-extract"",""payloads_distinct"":true}"
pilot_mutation,H01-gcd.c,bf207a4afdd7e623be4bd0751bdc1917c0ee550af0f38c0531b25bb726d1710c,symbol,M02,truncate_payload,embedding,MR13,Reordered extraction independence,preserve,False,True,before=b'Morph-0';intervening=b'Second-';after=b'Morph-0',0.115259,,True,"{""intervening_extraction"":true}"
pilot_mutation,H01-gcd.c,bf207a4afdd7e623be4bd0751bdc1917c0ee550af0f38c0531b25bb726d1710c,symbol,M02,truncate_payload,embedding,MR14,Rebuild stability,preserve,False,True,first=b'Morph-0';second=b'Morph-0',0.116507,,True,"{""binary_bytes_equal"":true,""execution_order"":""build1-extract1-build2-extract2""}"
pilot_mutation,H01-gcd.c,bf207a4afdd7e623be4bd0751bdc1917c0ee550af0f38c0531b25bb726d1710c,symbol,M03,flip_payload,embedding,MR01,Round-trip fidelity,preserve,False,True,extracted=b'Lorph-01',0.046407,,True,"{""build"":{""actual_compiler"":""gcc"",""actual_optimization"":""O2"",""binary"":""WORKDIR/symbol/M03/MR01/marked/build-01/artifact.bin"",""binary_sha256"":""5a73880b63d2c6f10977a058b064d40a02767c6a6f80fb790fd2dfa7a79d6da9"",""carrier"":""symbol"",""command"":[""gcc"",""-std=c11"",""-fno-ident"",""-no-pie"",""-O2"",""WORKDIR/symbol/M03/MR01/marked/build-01/host.c"",""-o"",""WORKDIR/symbol/M03/MR01/marked/build-01/artifact.bin""],""effective_payload_hex"":""4c6f7270682d3031"",""key"":""key-alpha"",""mutant_id"":""M03"",""requested_compiler"":""gcc"",""requested_optimization"":""O2"",""requested_payload_hex"":""4d6f7270682d3031"",""return_code"":0,""source"":""WORKDIR/symbol/M03/MR01/marked/build-01/host.c"",""source_sha256"":""e5c4aab85d2d107c876f5440efa877ef9181f2c35916444fda9a4d1c3e330e05"",""stderr"":""""},""extracted_hex"":""4c6f7270682d3031""}"
pilot_mutation,H01-gcd.c,bf207a4afdd7e623be4bd0751bdc1917c0ee550af0f38c0531b25bb726d1710c,symbol,M03,flip_payload,embedding,MR02,Host-semantic preservation,preserve,True,False,mismatch_count=0,0.142608,,True,"{""mismatches"":[]}"
pilot_mutation,H01-gcd.c,bf207a4afdd7e623be4bd0751bdc1917c0ee550af0f38c0531b25bb726d1710c,symbol,M03,flip_payload,embedding,MR03,Unmarked rejection,reject,True,False,rejected:absent:watermark symbols not found,0.054636,,True,"{""unmarked_binary_sha256"":""17288de5d8ffc83b2223ee650ec19f96fa9b779f3eb45b8e2433c730b7a1e3e2""}"
pilot_mutation,H01-gcd.c,bf207a4afdd7e623be4bd0751bdc1917c0ee550af0f38c0531b25bb726d1710c,symbol,M03,flip_payload,embedding,MR04,Wrong-key rejection,reject,True,False,rejected:wrong-key:symbol key tag mismatch,0.082494,,True,"{""antecedent_guarded"":true,""antecedent_hex"":""4d6f7270682d3031""}"
pilot_mutation,H01-gcd.c,bf207a4afdd7e623be4bd0751bdc1917c0ee550af0f38c0531b25bb726d1710c,symbol,M03,flip_payload,embedding,MR05,Payload separation,separate,False,True,first=b'Lorph-01';second=b'Recond-2',0.164154,,True,"{""execution_order"":""sequential-builds-then-extract"",""first_hex"":""4c6f7270682d3031"",""second_hex"":""5265636f6e642d32""}"
pilot_mutation,H01-gcd.c,bf207a4afdd7e623be4bd0751bdc1917c0ee550af0f38c0531b25bb726d1710c,symbol,M03,flip_payload,embedding,MR06,Cross-compiler invariance,preserve,False,True,"payloads=b'Lorph-01',b'Lorph-01';semantic_equal=True",0.182505,,True,"{""clang_actual"":""clang"",""gcc_actual"":""gcc""}"
pilot_mutation,H01-gcd.c,bf207a4afdd7e623be4bd0751bdc1917c0ee550af0f38c0531b25bb726d1710c,symbol,M03,flip_payload,embedding,MR07,Optimization invariance,preserve,False,True,"payloads=['Lorph-01', 'Lorph-01', 'Lorph-01'];semantic_equal=True",0.19456,,True,{}
pilot_mutation,H01-gcd.c,bf207a4afdd7e623be4bd0751bdc1917c0ee550af0f38c0531b25bb726d1710c,symbol,M03,flip_payload,embedding,MR08,Clean-room relocation,preserve,False,True,source_mismatch=b'Lorph-01',0.073214,,True,"{""source_hex"":""4c6f7270682d3031""}"
pilot_mutation,H01-gcd.c,bf207a4afdd7e623be4bd0751bdc1917c0ee550af0f38c0531b25bb726d1710c,symbol,M03,flip_payload,embedding,MR09,Carrier-removal rejection,reject,True,False,rejected:absent:watermark symbols not found,0.047644,,True,"{""antecedent_guarded"":true}"
pilot_mutation,H01-gcd.c,bf207a4afdd7e623be4bd0751bdc1917c0ee550af0f38c0531b25bb726d1710c,symbol,M03,flip_payload,embedding,MR10,Carrier-corruption rejection,reject,True,False,rejected:malformed:inconsistent watermark symbol set,0.059166,,True,"{""antecedent_guarded"":true}"
pilot_mutation,H01-gcd.c,bf207a4afdd7e623be4bd0751bdc1917c0ee550af0f38c0531b25bb726d1710c,symbol,M03,flip_payload,embedding,MR11,Requested/actual trace agreement,trace,True,False,requested=clang/Os;actual=clang/Os,0.086878,,True,"{""build"":{""actual_compiler"":""clang"",""actual_optimization"":""Os"",""binary"":""WORKDIR/symbol/M03/MR11/trace/build-01/artifact.bin"",""binary_sha256"":""660b873dd17c9254a19706c1457a4074f3feda7230fd407f9f67f505cd94b949"",""carrier"":""symbol"",""command"":[""clang"",""-std=c11"",""-fno-ident"",""-no-pie"",""-Os"",""WORKDIR/symbol/M03/MR11/trace/build-01/host.c"",""-o"",""WORKDIR/symbol/M03/MR11/trace/build-01/artifact.bin""],""effective_payload_hex"":""4c6f7270682d3031"",""key"":""key-alpha"",""mutant_id"":""M03"",""requested_compiler"":""clang"",""requested_optimization"":""Os"",""requested_payload_hex"":""4d6f7270682d3031"",""return_code"":0,""source"":""WORKDIR/symbol/M03/MR11/trace/build-01/host.c"",""source_sha256"":""e5c4aab85d2d107c876f5440efa877ef9181f2c35916444fda9a4d1c3e330e05"",""stderr"":""""}}"
pilot_mutation,H01-gcd.c,bf207a4afdd7e623be4bd0751bdc1917c0ee550af0f38c0531b25bb726d1710c,symbol,M03,flip_payload,embedding,MR12,Interleaved artifact isolation,separate,False,True,parallel_isolation_clause_violated,0.089648,,True,"{""aliasing_detected"":false,""both_expected"":false,""execution_order"":""overlapping-builds-then-extract"",""payloads_distinct"":true}"
pilot_mutation,H01-gcd.c,bf207a4afdd7e623be4bd0751bdc1917c0ee550af0f38c0531b25bb726d1710c,symbol,M03,flip_payload,embedding,MR13,Reordered extraction independence,preserve,False,True,before=b'Lorph-01';intervening=b'Recond-2';after=b'Lorph-01',0.115156,,True,"{""intervening_extraction"":true}"
pilot_mutation,H01-gcd.c,bf207a4afdd7e623be4bd0751bdc1917c0ee550af0f38c0531b25bb726d1710c,symbol,M03,flip_payload,embedding,MR14,Rebuild stability,preserve,False,True,first=b'Lorph-01';second=b'Lorph-01',0.140496,,True,"{""binary_bytes_equal"":true,""execution_order"":""build1-extract1-build2-extract2""}"
pilot_mutation,H01-gcd.c,bf207a4afdd7e623be4bd0751bdc1917c0ee550af0f38c0531b25bb726d1710c,symbol,M04,fixed_payload,state,MR01,Round-trip fidelity,preserve,False,True,extracted=b'fixed-payload',0.071558,,True,"{""build"":{""actual_compiler"":""gcc"",""actual_optimization"":""O2"",""binary"":""WORKDIR/symbol/M04/MR01/marked/build-01/artifact.bin"",""binary_sha256"":""b7d7ed2bedc904902a580137f042aa44fef74336dd002530a22210cde5444b23"",""carrier"":""symbol"",""command"":[""gcc"",""-std=c11"",""-fno-ident"",""-no-pie"",""-O2"",""WORKDIR/symbol/M04/MR01/marked/build-01/host.c"",""-o"",""WORKDIR/symbol/M04/MR01/marked/build-01/artifact.bin""],""effective_payload_hex"":""66697865642d7061796c6f6164"",""key"":""key-alpha"",""mutant_id"":""M04"",""requested_compiler"":""gcc"",""requested_optimization"":""O2"",""requested_payload_hex"":""4d6f7270682d3031"",""return_code"":0,""source"":""WORKDIR/symbol/M04/MR01/marked/build-01/host.c"",""source_sha256"":""73ce8a470345e05c4006575c5231e74e4b5ec91e168c9301dd59a101b7cd6034"",""stderr"":""""},""extracted_hex"":""66697865642d7061796c6f6164""}"
pilot_mutation,H01-gcd.c,bf207a4afdd7e623be4bd0751bdc1917c0ee550af0f38c0531b25bb726d1710c,symbol,M04,fixed_payload,state,MR02,Host-semantic preservation,preserve,True,False,mismatch_count=0,0.134351,,True,"{""mismatches"":[]}"
pilot_mutation,H01-gcd.c,bf207a4afdd7e623be4bd0751bdc1917c0ee550af0f38c0531b25bb726d1710c,symbol,M04,fixed_payload,state,MR03,Unmarked rejection,reject,True,False,rejected:absent:watermark symbols not found,0.065627,,True,"{""unmarked_binary_sha256"":""17288de5d8ffc83b2223ee650ec19f96fa9b779f3eb45b8e2433c730b7a1e3e2""}"
pilot_mutation,H01-gcd.c,bf207a4afdd7e623be4bd0751bdc1917c0ee550af0f38c0531b25bb726d1710c,symbol,M04,fixed_payload,state,MR04,Wrong-key rejection,reject,True,False,rejected:wrong-key:symbol key tag mismatch,0.080026,,True,"{""antecedent_guarded"":true,""antecedent_hex"":""4d6f7270682d3031""}"
pilot_mutation,H01-gcd.c,bf207a4afdd7e623be4bd0751bdc1917c0ee550af0f38c0531b25bb726d1710c,symbol,M04,fixed_payload,state,MR05,Payload separation,separate,False,True,first=b'fixed-payload';second=b'fixed-payload',0.101427,,True,"{""execution_order"":""sequential-builds-then-extract"",""first_hex"":""66697865642d7061796c6f6164"",""second_hex"":""66697865642d7061796c6f6164""}"
pilot_mutation,H01-gcd.c,bf207a4afdd7e623be4bd0751bdc1917c0ee550af0f38c0531b25bb726d1710c,symbol,M04,fixed_payload,state,MR06,Cross-compiler invariance,preserve,False,True,"payloads=b'fixed-payload',b'fixed-payload';semantic_equal=True",0.170459,,True,"{""clang_actual"":""clang"",""gcc_actual"":""gcc""}"
pilot_mutation,H01-gcd.c,bf207a4afdd7e623be4bd0751bdc1917c0ee550af0f38c0531b25bb726d1710c,symbol,M04,fixed_payload,state,MR07,Optimization invariance,preserve,False,True,"payloads=['fixed-payload', 'fixed-payload', 'fixed-payload'];semantic_equal=True",0.255858,,True,{}
pilot_mutation,H01-gcd.c,bf207a4afdd7e623be4bd0751bdc1917c0ee550af0f38c0531b25bb726d1710c,symbol,M04,fixed_payload,state,MR08,Clean-room relocation,preserve,False,True,source_mismatch=b'fixed-payload',0.08176,,True,"{""source_hex"":""66697865642d7061796c6f6164""}"
pilot_mutation,H01-gcd.c,bf207a4afdd7e623be4bd0751bdc1917c0ee550af0f38c0531b25bb726d1710c,symbol,M04,fixed_payload,state,MR09,Carrier-removal rejection,reject,True,False,rejected:absent:watermark symbols not found,0.054676,,True,"{""antecedent_guarded"":true}"
pilot_mutation,H01-gcd.c,bf207a4afdd7e623be4bd0751bdc1917c0ee550af0f38c0531b25bb726d1710c,symbol,M04,fixed_payload,state,MR10,Carrier-corruption rejection,reject,True,False,rejected:malformed:inconsistent watermark symbol set,0.061693,,True,"{""antecedent_guarded"":true}"
pilot_mutation,H01-gcd.c,bf207a4afdd7e623be4bd0751bdc1917c0ee550af0f38c0531b25bb726d1710c,symbol,M04,fixed_payload,state,MR11,Requested/actual trace agreement,trace,True,False,requested=clang/Os;actual=clang/Os,0.078697,,True,"{""build"":{""actual_compiler"":""clang"",""actual_optimization"":""Os"",""binary"":""WORKDIR/symbol/M04/MR11/trace/build-01/artifact.bin"",""binary_sha256"":""ebc4f477a926b6cb32185b8d2c9f790fda190bc20f320e1a45a6535aca240791"",""carrier"":""symbol"",""command"":[""clang"",""-std=c11"",""-fno-ident"",""-no-pie"",""-Os"",""WORKDIR/symbol/M04/MR11/trace/build-01/host.c"",""-o"",""WORKDIR/symbol/M04/MR11/trace/build-01/artifact.bin""],""effective_payload_hex"":""66697865642d7061796c6f6164"",""key"":""key-alpha"",""mutant_id"":""M04"",""requested_compiler"":""clang"",""requested_optimization"":""Os"",""requested_payload_hex"":""4d6f7270682d3031"",""return_code"":0,""source"":""WORKDIR/symbol/M04/MR11/trace/build-01/host.c"",""source_sha256"":""73ce8a470345e05c4006575c5231e74e4b5ec91e168c9301dd59a101b7cd6034"",""stderr"":""""}}"
pilot_mutation,H01-gcd.c,bf207a4afdd7e623be4bd0751bdc1917c0ee550af0f38c0531b25bb726d1710c,symbol,M04,fixed_payload,state,MR12,Interleaved artifact isolation,separate,False,True,parallel_isolation_clause_violated,0.085794,,True,"{""aliasing_detected"":true,""both_expected"":false,""execution_order"":""overlapping-builds-then-extract"",""payloads_distinct"":false}"
pilot_mutation,H01-gcd.c,bf207a4afdd7e623be4bd0751bdc1917c0ee550af0f38c0531b25bb726d1710c,symbol,M04,fixed_payload,state,MR13,Reordered extraction independence,preserve,False,True,before=b'fixed-payload';intervening=b'fixed-payload';after=b'fixed-payload',0.166149,,True,"{""intervening_extraction"":true}"
pilot_mutation,H01-gcd.c,bf207a4afdd7e623be4bd0751bdc1917c0ee550af0f38c0531b25bb726d1710c,symbol,M04,fixed_payload,state,MR14,Rebuild stability,preserve,False,True,first=b'fixed-payload';second=b'fixed-payload',0.15482,,True,"{""binary_bytes_equal"":true,""execution_order"":""build1-extract1-build2-extract2""}"
pilot_mutation,H01-gcd.c,bf207a4afdd7e623be4bd0751bdc1917c0ee550af0f38c0531b25bb726d1710c,symbol,M05,lower_payload,normalization,MR01,Round-trip fidelity,preserve,False,True,extracted=b'morph-01',0.054305,,True,"{""build"":{""actual_compiler"":""gcc"",""actual_optimization"":""O2"",""binary"":""WORKDIR/symbol/M05/MR01/marked/build-01/artifact.bin"",""binary_sha256"":""df94aef40b49eb41cca06569e954a285c65b6fd025a1475446712f1f1b07be91"",""carrier"":""symbol"",""command"":[""gcc"",""-std=c11"",""-fno-ident"",""-no-pie"",""-O2"",""WORKDIR/symbol/M05/MR01/marked/build-01/host.c"",""-o"",""WORKDIR/symbol/M05/MR01/marked/build-01/artifact.bin""],""effective_payload_hex"":""6d6f7270682d3031"",""key"":""key-alpha"",""mutant_id"":""M05"",""requested_compiler"":""gcc"",""requested_optimization"":""O2"",""requested_payload_hex"":""4d6f7270682d3031"",""return_code"":0,""source"":""WORKDIR/symbol/M05/MR01/marked/build-01/host.c"",""source_sha256"":""b16668dd694ead251ef9b615978b9ac0e42cff2db592332b669df9c8b65d70de"",""stderr"":""""},""extracted_hex"":""6d6f7270682d3031""}"
pilot_mutation,H01-gcd.c,bf207a4afdd7e623be4bd0751bdc1917c0ee550af0f38c0531b25bb726d1710c,symbol,M05,lower_payload,normalization,MR02,Host-semantic preservation,preserve,True,False,mismatch_count=0,0.159104,,True,"{""mismatches"":[]}"
pilot_mutation,H01-gcd.c,bf207a4afdd7e623be4bd0751bdc1917c0ee550af0f38c0531b25bb726d1710c,symbol,M05,lower_payload,normalization,MR03,Unmarked rejection,reject,True,False,rejected:absent:watermark symbols not found,0.049862,,True,"{""unmarked_binary_sha256"":""17288de5d8ffc83b2223ee650ec19f96fa9b779f3eb45b8e2433c730b7a1e3e2""}"
pilot_mutation,H01-gcd.c,bf207a4afdd7e623be4bd0751bdc1917c0ee550af0f38c0531b25bb726d1710c,symbol,M05,lower_payload,normalization,MR04,Wrong-key rejection,reject,True,False,rejected:wrong-key:symbol key tag mismatch,0.061869,,True,"{""antecedent_guarded"":true,""antecedent_hex"":""4d6f7270682d3031""}"
pilot_mutation,H01-gcd.c,bf207a4afdd7e623be4bd0751bdc1917c0ee550af0f38c0531b25bb726d1710c,symbol,M05,lower_payload,normalization,MR05,Payload separation,separate,False,True,first=b'morph-01';second=b'second-2',0.103498,,True,"{""execution_order"":""sequential-builds-then-extract"",""first_hex"":""6d6f7270682d3031"",""second_hex"":""7365636f6e642d32""}"
pilot_mutation,H01-gcd.c,bf207a4afdd7e623be4bd0751bdc1917c0ee550af0f38c0531b25bb726d1710c,symbol,M05,lower_payload,normalization,MR06,Cross-compiler invariance,preserve,False,True,"payloads=b'morph-01',b'morph-01';semantic_equal=True",0.213059,,True,"{""clang_actual"":""clang"",""gcc_actual"":""gcc""}"
pilot_mutation,H01-gcd.c,bf207a4afdd7e623be4bd0751bdc1917c0ee550af0f38c0531b25bb726d1710c,symbol,M05,lower_payload,normalization,MR07,Optimization invariance,preserve,False,True,"payloads=['morph-01', 'morph-01', 'morph-01'];semantic_equal=True",0.214385,,True,{}
pilot_mutation,H01-gcd.c,bf207a4afdd7e623be4bd0751bdc1917c0ee550af0f38c0531b25bb726d1710c,symbol,M05,lower_payload,normalization,MR08,Clean-room relocation,preserve,False,True,source_mismatch=b'morph-01',0.072542,,True,"{""source_hex"":""6d6f7270682d3031""}"
pilot_mutation,H01-gcd.c,bf207a4afdd7e623be4bd0751bdc1917c0ee550af0f38c0531b25bb726d1710c,symbol,M05,lower_payload,normalization,MR09,Carrier-removal rejection,reject,True,False,rejected:absent:watermark symbols not found,0.052361,,True,"{""antecedent_guarded"":true}"
pilot_mutation,H01-gcd.c,bf207a4afdd7e623be4bd0751bdc1917c0ee550af0f38c0531b25bb726d1710c,symbol,M05,lower_payload,normalization,MR10,Carrier-corruption rejection,reject,True,False,rejected:malformed:inconsistent watermark symbol set,0.086381,,True,"{""antecedent_guarded"":true}"
pilot_mutation,H01-gcd.c,bf207a4afdd7e623be4bd0751bdc1917c0ee550af0f38c0531b25bb726d1710c,symbol,M05,lower_payload,normalization,MR11,Requested/actual trace agreement,trace,True,False,requested=clang/Os;actual=clang/Os,0.099375,,True,"{""build"":{""actual_compiler"":""clang"",""actual_optimization"":""Os"",""binary"":""WORKDIR/symbol/M05/MR11/trace/build-01/artifact.bin"",""binary_sha256"":""18c51982a9f2b75890f7c7843c42bfa0f10e78e0a9e6f3131cc85343817a97d8"",""carrier"":""symbol"",""command"":[""clang"",""-std=c11"",""-fno-ident"",""-no-pie"",""-Os"",""WORKDIR/symbol/M05/MR11/trace/build-01/host.c"",""-o"",""WORKDIR/symbol/M05/MR11/trace/build-01/artifact.bin""],""effective_payload_hex"":""6d6f7270682d3031"",""key"":""key-alpha"",""mutant_id"":""M05"",""requested_compiler"":""clang"",""requested_optimization"":""Os"",""requested_payload_hex"":""4d6f7270682d3031"",""return_code"":0,""source"":""WORKDIR/symbol/M05/MR11/trace/build-01/host.c"",""source_sha256"":""b16668dd694ead251ef9b615978b9ac0e42cff2db592332b669df9c8b65d70de"",""stderr"":""""}}"
pilot_mutation,H01-gcd.c,bf207a4afdd7e623be4bd0751bdc1917c0ee550af0f38c0531b25bb726d1710c,symbol,M05,lower_payload,normalization,MR12,Interleaved artifact isolation,separate,False,True,parallel_isolation_clause_violated,0.047945,,True,"{""aliasing_detected"":false,""both_expected"":false,""execution_order"":""overlapping-builds-then-extract"",""payloads_distinct"":true}"
pilot_mutation,H01-gcd.c,bf207a4afdd7e623be4bd0751bdc1917c0ee550af0f38c0531b25bb726d1710c,symbol,M05,lower_payload,normalization,MR13,Reordered extraction independence,preserve,False,True,before=b'morph-01';intervening=b'second-2';after=b'morph-01',0.175672,,True,"{""intervening_extraction"":true}"
pilot_mutation,H01-gcd.c,bf207a4afdd7e623be4bd0751bdc1917c0ee550af0f38c0531b25bb726d1710c,symbol,M05,lower_payload,normalization,MR14,Rebuild stability,preserve,False,True,first=b'morph-01';second=b'morph-01',0.118176,,True,"{""binary_bytes_equal"":true,""execution_order"":""build1-extract1-build2-extract2""}"
pilot_mutation,H01-gcd.c,bf207a4afdd7e623be4bd0751bdc1917c0ee550af0f38c0531b25bb726d1710c,symbol,M06,key_ignored,authentication,MR01,Round-trip fidelity,preserve,True,False,extracted=b'Morph-01',0.083985,,True,"{""build"":{""actual_compiler"":""gcc"",""actual_optimization"":""O2"",""binary"":""WORKDIR/symbol/M06/MR01/marked/build-01/artifact.bin"",""binary_sha256"":""caeb74cc6a626d8c23109980a1f8d4ecf5696600ef63994b6a5f7bfcf210eed1"",""carrier"":""symbol"",""command"":[""gcc"",""-std=c11"",""-fno-ident"",""-no-pie"",""-O2"",""WORKDIR/symbol/M06/MR01/marked/build-01/host.c"",""-o"",""WORKDIR/symbol/M06/MR01/marked/build-01/artifact.bin""],""effective_payload_hex"":""4d6f7270682d3031"",""key"":""key-alpha"",""mutant_id"":""M06"",""requested_compiler"":""gcc"",""requested_optimization"":""O2"",""requested_payload_hex"":""4d6f7270682d3031"",""return_code"":0,""source"":""WORKDIR/symbol/M06/MR01/marked/build-01/host.c"",""source_sha256"":""9d97f481224f56b667922903e1df9337dbc21b9eeb732be3b8d6cf8decc567cf"",""stderr"":""""},""extracted_hex"":""4d6f7270682d3031""}"
pilot_mutation,H01-gcd.c,bf207a4afdd7e623be4bd0751bdc1917c0ee550af0f38c0531b25bb726d1710c,symbol,M06,key_ignored,authentication,MR02,Host-semantic preservation,preserve,True,False,mismatch_count=0,0.17503,,True,"{""mismatches"":[]}"
pilot_mutation,H01-gcd.c,bf207a4afdd7e623be4bd0751bdc1917c0ee550af0f38c0531b25bb726d1710c,symbol,M06,key_ignored,authentication,MR03,Unmarked rejection,reject,True,False,rejected:absent:watermark symbols not found,0.094423,,True,"{""unmarked_binary_sha256"":""17288de5d8ffc83b2223ee650ec19f96fa9b779f3eb45b8e2433c730b7a1e3e2""}"
pilot_mutation,H01-gcd.c,bf207a4afdd7e623be4bd0751bdc1917c0ee550af0f38c0531b25bb726d1710c,symbol,M06,key_ignored,authentication,MR04,Wrong-key rejection,reject,False,True,accepted:b'Morph-01',0.087997,,True,"{""antecedent_guarded"":true,""antecedent_hex"":""4d6f7270682d3031""}"
pilot_mutation,H01-gcd.c,bf207a4afdd7e623be4bd0751bdc1917c0ee550af0f38c0531b25bb726d1710c,symbol,M06,key_ignored,authentication,MR05,Payload separation,separate,True,False,first=b'Morph-01';second=b'Second-2',0.127487,,True,"{""execution_order"":""sequential-builds-then-extract"",""first_hex"":""4d6f7270682d3031"",""second_hex"":""5365636f6e642d32""}"
pilot_mutation,H01-gcd.c,bf207a4afdd7e623be4bd0751bdc1917c0ee550af0f38c0531b25bb726d1710c,symbol,M06,key_ignored,authentication,MR06,Cross-compiler invariance,preserve,True,False,"payloads=b'Morph-01',b'Morph-01';semantic_equal=True",0.204606,,True,"{""clang_actual"":""clang"",""gcc_actual"":""gcc""}"
pilot_mutation,H01-gcd.c,bf207a4afdd7e623be4bd0751bdc1917c0ee550af0f38c0531b25bb726d1710c,symbol,M06,key_ignored,authentication,MR07,Optimization invariance,preserve,True,False,"payloads=['Morph-01', 'Morph-01', 'Morph-01'];semantic_equal=True",0.267243,,True,{}
pilot_mutation,H01-gcd.c,bf207a4afdd7e623be4bd0751bdc1917c0ee550af0f38c0531b25bb726d1710c,symbol,M06,key_ignored,authentication,MR08,Clean-room relocation,preserve,True,False,relocated=b'Morph-01',0.087738,,True,"{""clean_room_entries"":[""renamed-artifact.bin""],""relocated_hex"":""4d6f7270682d3031""}"
pilot_mutation,H01-gcd.c,bf207a4afdd7e623be4bd0751bdc1917c0ee550af0f38c0531b25bb726d1710c,symbol,M06,key_ignored,authentication,MR09,Carrier-removal rejection,reject,True,False,rejected:absent:watermark symbols not found,0.06653,,True,"{""antecedent_guarded"":true}"
pilot_mutation,H01-gcd.c,bf207a4afdd7e623be4bd0751bdc1917c0ee550af0f38c0531b25bb726d1710c,symbol,M06,key_ignored,authentication,MR10,Carrier-corruption rejection,reject,True,False,rejected:malformed:inconsistent watermark symbol set,0.051486,,True,"{""antecedent_guarded"":true}"
pilot_mutation,H01-gcd.c,bf207a4afdd7e623be4bd0751bdc1917c0ee550af0f38c0531b25bb726d1710c,symbol,M06,key_ignored,authentication,MR11,Requested/actual trace agreement,trace,True,False,requested=clang/Os;actual=clang/Os,0.094675,,True,"{""build"":{""actual_compiler"":""clang"",""actual_optimization"":""Os"",""binary"":""WORKDIR/symbol/M06/MR11/trace/build-01/artifact.bin"",""binary_sha256"":""755b72694df8fb0d5c405c9f34bb01b2ee5fc724e811fcf92d0794f7ec335695"",""carrier"":""symbol"",""command"":[""clang"",""-std=c11"",""-fno-ident"",""-no-pie"",""-Os"",""WORKDIR/symbol/M06/MR11/trace/build-01/host.c"",""-o"",""WORKDIR/symbol/M06/MR11/trace/build-01/artifact.bin""],""effective_payload_hex"":""4d6f7270682d3031"",""key"":""key-alpha"",""mutant_id"":""M06"",""requested_compiler"":""clang"",""requested_optimization"":""Os"",""requested_payload_hex"":""4d6f7270682d3031"",""return_code"":0,""source"":""WORKDIR/symbol/M06/MR11/trace/build-01/host.c"",""source_sha256"":""9d97f481224f56b667922903e1df9337dbc21b9eeb732be3b8d6cf8decc567cf"",""stderr"":""""}}"
pilot_mutation,H01-gcd.c,bf207a4afdd7e623be4bd0751bdc1917c0ee550af0f38c0531b25bb726d1710c,symbol,M06,key_ignored,authentication,MR12,Interleaved artifact isolation,separate,True,False,parallel_isolation_satisfied,0.092312,,True,"{""aliasing_detected"":false,""both_expected"":true,""execution_order"":""overlapping-builds-then-extract"",""payloads_distinct"":true}"
pilot_mutation,H01-gcd.c,bf207a4afdd7e623be4bd0751bdc1917c0ee550af0f38c0531b25bb726d1710c,symbol,M06,key_ignored,authentication,MR13,Reordered extraction independence,preserve,True,False,before=b'Morph-01';intervening=b'Second-2';after=b'Morph-01',0.17458,,True,"{""intervening_extraction"":true}"
pilot_mutation,H01-gcd.c,bf207a4afdd7e623be4bd0751bdc1917c0ee550af0f38c0531b25bb726d1710c,symbol,M06,key_ignored,authentication,MR14,Rebuild stability,preserve,True,False,first=b'Morph-01';second=b'Morph-01',0.154112,,True,"{""binary_bytes_equal"":true,""execution_order"":""build1-extract1-build2-extract2""}"
pilot_mutation,H01-gcd.c,bf207a4afdd7e623be4bd0751bdc1917c0ee550af0f38c0531b25bb726d1710c,symbol,M07,sidecar_oracle,artifact binding,MR01,Round-trip fidelity,preserve,True,False,extracted=b'Morph-01',0.085909,,True,"{""build"":{""actual_compiler"":""gcc"",""actual_optimization"":""O2"",""binary"":""WORKDIR/symbol/M07/MR01/marked/build-01/artifact.bin"",""binary_sha256"":""7b713450f899744a0e9c1995e1ea83c762e52b3b03c45f82418d86193b6be1a1"",""carrier"":""symbol"",""command"":[""gcc"",""-std=c11"",""-fno-ident"",""-no-pie"",""-O2"",""WORKDIR/symbol/M07/MR01/marked/build-01/host.c"",""-o"",""WORKDIR/symbol/M07/MR01/marked/build-01/artifact.bin""],""effective_payload_hex"":""4d6f7270682d3031"",""key"":""key-alpha"",""mutant_id"":""M07"",""requested_compiler"":""gcc"",""requested_optimization"":""O2"",""requested_payload_hex"":""4d6f7270682d3031"",""return_code"":0,""source"":""WORKDIR/symbol/M07/MR01/marked/build-01/host.c"",""source_sha256"":""45e69a3841e4e8368c9380bdbc2f287b38fe1665811764759930b7957a59ce6a"",""stderr"":""""},""extracted_hex"":""4d6f7270682d3031""}"
pilot_mutation,H01-gcd.c,bf207a4afdd7e623be4bd0751bdc1917c0ee550af0f38c0531b25bb726d1710c,symbol,M07,sidecar_oracle,artifact binding,MR02,Host-semantic preservation,preserve,True,False,mismatch_count=0,0.163864,,True,"{""mismatches"":[]}"
pilot_mutation,H01-gcd.c,bf207a4afdd7e623be4bd0751bdc1917c0ee550af0f38c0531b25bb726d1710c,symbol,M07,sidecar_oracle,artifact binding,MR03,Unmarked rejection,reject,True,False,rejected:sidecar:adjacent sidecar is missing,0.050465,,True,"{""unmarked_binary_sha256"":""17288de5d8ffc83b2223ee650ec19f96fa9b779f3eb45b8e2433c730b7a1e3e2""}"
pilot_mutation,H01-gcd.c,bf207a4afdd7e623be4bd0751bdc1917c0ee550af0f38c0531b25bb726d1710c,symbol,M07,sidecar_oracle,artifact binding,MR04,Wrong-key rejection,reject,True,False,rejected:wrong-key:sidecar key mismatch,0.086003,,True,"{""antecedent_guarded"":true,""antecedent_hex"":""4d6f7270682d3031""}"
pilot_mutation,H01-gcd.c,bf207a4afdd7e623be4bd0751bdc1917c0ee550af0f38c0531b25bb726d1710c,symbol,M07,sidecar_oracle,artifact binding,MR05,Payload separation,separate,True,False,first=b'Morph-01';second=b'Second-2',0.109906,,True,"{""execution_order"":""sequential-builds-then-extract"",""first_hex"":""4d6f7270682d3031"",""second_hex"":""5365636f6e642d32""}"
pilot_mutation,H01-gcd.c,bf207a4afdd7e623be4bd0751bdc1917c0ee550af0f38c0531b25bb726d1710c,symbol,M07,sidecar_oracle,artifact binding,MR06,Cross-compiler invariance,preserve,True,False,"payloads=b'Morph-01',b'Morph-01';semantic_equal=True",0.202159,,True,"{""clang_actual"":""clang"",""gcc_actual"":""gcc""}"
pilot_mutation,H01-gcd.c,bf207a4afdd7e623be4bd0751bdc1917c0ee550af0f38c0531b25bb726d1710c,symbol,M07,sidecar_oracle,artifact binding,MR07,Optimization invariance,preserve,True,False,"payloads=['Morph-01', 'Morph-01', 'Morph-01'];semantic_equal=True",0.261337,,True,{}
pilot_mutation,H01-gcd.c,bf207a4afdd7e623be4bd0751bdc1917c0ee550af0f38c0531b25bb726d1710c,symbol,M07,sidecar_oracle,artifact binding,MR08,Clean-room relocation,preserve,False,True,exception:ExtractionError:adjacent sidecar is missing,0.090991,ExtractionError,True,{}
pilot_mutation,H01-gcd.c,bf207a4afdd7e623be4bd0751bdc1917c0ee550af0f38c0531b25bb726d1710c,symbol,M07,sidecar_oracle,artifact binding,MR09,Carrier-removal rejection,reject,True,False,rejected:sidecar:adjacent sidecar is missing,0.084752,,True,"{""antecedent_guarded"":true}"
pilot_mutation,H01-gcd.c,bf207a4afdd7e623be4bd0751bdc1917c0ee550af0f38c0531b25bb726d1710c,symbol,M07,sidecar_oracle,artifact binding,MR10,Carrier-corruption rejection,reject,True,False,rejected:sidecar:adjacent sidecar is missing,0.09821,,True,"{""antecedent_guarded"":true}"
pilot_mutation,H01-gcd.c,bf207a4afdd7e623be4bd0751bdc1917c0ee550af0f38c0531b25bb726d1710c,symbol,M07,sidecar_oracle,artifact binding,MR11,Requested/actual trace agreement,trace,True,False,requested=clang/Os;actual=clang/Os,0.109664,,True,"{""build"":{""actual_compiler"":""clang"",""actual_optimization"":""Os"",""binary"":""WORKDIR/symbol/M07/MR11/trace/build-01/artifact.bin"",""binary_sha256"":""25e0d918cd8ff7cc194ede1eb56d7dc89089e033832c65ca5cceab6c9faa446b"",""carrier"":""symbol"",""command"":[""clang"",""-std=c11"",""-fno-ident"",""-no-pie"",""-Os"",""WORKDIR/symbol/M07/MR11/trace/build-01/host.c"",""-o"",""WORKDIR/symbol/M07/MR11/trace/build-01/artifact.bin""],""effective_payload_hex"":""4d6f7270682d3031"",""key"":""key-alpha"",""mutant_id"":""M07"",""requested_compiler"":""clang"",""requested_optimization"":""Os"",""requested_payload_hex"":""4d6f7270682d3031"",""return_code"":0,""source"":""WORKDIR/symbol/M07/MR11/trace/build-01/host.c"",""source_sha256"":""45e69a3841e4e8368c9380bdbc2f287b38fe1665811764759930b7957a59ce6a"",""stderr"":""""}}"
pilot_mutation,H01-gcd.c,bf207a4afdd7e623be4bd0751bdc1917c0ee550af0f38c0531b25bb726d1710c,symbol,M07,sidecar_oracle,artifact binding,MR12,Interleaved artifact isolation,separate,True,False,parallel_isolation_satisfied,0.099101,,True,"{""aliasing_detected"":false,""both_expected"":true,""execution_order"":""overlapping-builds-then-extract"",""payloads_distinct"":true}"
pilot_mutation,H01-gcd.c,bf207a4afdd7e623be4bd0751bdc1917c0ee550af0f38c0531b25bb726d1710c,symbol,M07,sidecar_oracle,artifact binding,MR13,Reordered extraction independence,preserve,True,False,before=b'Morph-01';intervening=b'Second-2';after=b'Morph-01',0.177102,,True,"{""intervening_extraction"":true}"
pilot_mutation,H01-gcd.c,bf207a4afdd7e623be4bd0751bdc1917c0ee550af0f38c0531b25bb726d1710c,symbol,M07,sidecar_oracle,artifact binding,MR14,Rebuild stability,preserve,True,False,first=b'Morph-01';second=b'Morph-01',0.12096,,True,"{""binary_bytes_equal"":true,""execution_order"":""build1-extract1-build2-extract2""}"
pilot_mutation,H01-gcd.c,bf207a4afdd7e623be4bd0751bdc1917c0ee550af0f38c0531b25bb726d1710c,symbol,M08,global_cache_oracle,state,MR01,Round-trip fidelity,preserve,True,False,extracted=b'Morph-01',0.045179,,True,"{""build"":{""actual_compiler"":""gcc"",""actual_optimization"":""O2"",""binary"":""WORKDIR/symbol/M08/MR01/marked/build-01/artifact.bin"",""binary_sha256"":""7b713450f899744a0e9c1995e1ea83c762e52b3b03c45f82418d86193b6be1a1"",""carrier"":""symbol"",""command"":[""gcc"",""-std=c11"",""-fno-ident"",""-no-pie"",""-O2"",""WORKDIR/symbol/M08/MR01/marked/build-01/host.c"",""-o"",""WORKDIR/symbol/M08/MR01/marked/build-01/artifact.bin""],""effective_payload_hex"":""4d6f7270682d3031"",""key"":""key-alpha"",""mutant_id"":""M08"",""requested_compiler"":""gcc"",""requested_optimization"":""O2"",""requested_payload_hex"":""4d6f7270682d3031"",""return_code"":0,""source"":""WORKDIR/symbol/M08/MR01/marked/build-01/host.c"",""source_sha256"":""45e69a3841e4e8368c9380bdbc2f287b38fe1665811764759930b7957a59ce6a"",""stderr"":""""},""extracted_hex"":""4d6f7270682d3031""}"
pilot_mutation,H01-gcd.c,bf207a4afdd7e623be4bd0751bdc1917c0ee550af0f38c0531b25bb726d1710c,symbol,M08,global_cache_oracle,state,MR02,Host-semantic preservation,preserve,True,False,mismatch_count=0,0.144221,,True,"{""mismatches"":[]}"
pilot_mutation,H01-gcd.c,bf207a4afdd7e623be4bd0751bdc1917c0ee550af0f38c0531b25bb726d1710c,symbol,M08,global_cache_oracle,state,MR03,Unmarked rejection,reject,True,False,rejected:absent:watermark symbols not found,0.086309,,True,"{""unmarked_binary_sha256"":""17288de5d8ffc83b2223ee650ec19f96fa9b779f3eb45b8e2433c730b7a1e3e2""}"
pilot_mutation,H01-gcd.c,bf207a4afdd7e623be4bd0751bdc1917c0ee550af0f38c0531b25bb726d1710c,symbol,M08,global_cache_oracle,state,MR04,Wrong-key rejection,reject,False,True,accepted:b'Morph-01',0.061816,,True,"{""antecedent_guarded"":true,""antecedent_hex"":""4d6f7270682d3031""}"
pilot_mutation,H01-gcd.c,bf207a4afdd7e623be4bd0751bdc1917c0ee550af0f38c0531b25bb726d1710c,symbol,M08,global_cache_oracle,state,MR05,Payload separation,separate,False,True,first=b'Second-2';second=b'Second-2',0.150704,,True,"{""execution_order"":""sequential-builds-then-extract"",""first_hex"":""5365636f6e642d32"",""second_hex"":""5365636f6e642d32""}"
pilot_mutation,H01-gcd.c,bf207a4afdd7e623be4bd0751bdc1917c0ee550af0f38c0531b25bb726d1710c,symbol,M08,global_cache_oracle,state,MR06,Cross-compiler invariance,preserve,True,False,"payloads=b'Morph-01',b'Morph-01';semantic_equal=True",0.204599,,True,"{""clang_actual"":""clang"",""gcc_actual"":""gcc""}"
pilot_mutation,H01-gcd.c,bf207a4afdd7e623be4bd0751bdc1917c0ee550af0f38c0531b25bb726d1710c,symbol,M08,global_cache_oracle,state,MR07,Optimization invariance,preserve,True,False,"payloads=['Morph-01', 'Morph-01', 'Morph-01'];semantic_equal=True",0.226564,,True,{}
pilot_mutation,H01-gcd.c,bf207a4afdd7e623be4bd0751bdc1917c0ee550af0f38c0531b25bb726d1710c,symbol,M08,global_cache_oracle,state,MR08,Clean-room relocation,preserve,True,False,relocated=b'Morph-01',0.086866,,True,"{""clean_room_entries"":[""renamed-artifact.bin""],""relocated_hex"":""4d6f7270682d3031""}"
pilot_mutation,H01-gcd.c,bf207a4afdd7e623be4bd0751bdc1917c0ee550af0f38c0531b25bb726d1710c,symbol,M08,global_cache_oracle,state,MR09,Carrier-removal rejection,reject,False,True,spurious robustness:accepted:b'Morph-01',0.094955,,True,"{""antecedent_guarded"":true}"
pilot_mutation,H01-gcd.c,bf207a4afdd7e623be4bd0751bdc1917c0ee550af0f38c0531b25bb726d1710c,symbol,M08,global_cache_oracle,state,MR10,Carrier-corruption rejection,reject,False,True,corruption accepted:accepted:b'Morph-01',0.093615,,True,"{""antecedent_guarded"":true}"
pilot_mutation,H01-gcd.c,bf207a4afdd7e623be4bd0751bdc1917c0ee550af0f38c0531b25bb726d1710c,symbol,M08,global_cache_oracle,state,MR11,Requested/actual trace agreement,trace,True,False,requested=clang/Os;actual=clang/Os,0.083509,,True,"{""build"":{""actual_compiler"":""clang"",""actual_optimization"":""Os"",""binary"":""WORKDIR/symbol/M08/MR11/trace/build-01/artifact.bin"",""binary_sha256"":""25e0d918cd8ff7cc194ede1eb56d7dc89089e033832c65ca5cceab6c9faa446b"",""carrier"":""symbol"",""command"":[""clang"",""-std=c11"",""-fno-ident"",""-no-pie"",""-Os"",""WORKDIR/symbol/M08/MR11/trace/build-01/host.c"",""-o"",""WORKDIR/symbol/M08/MR11/trace/build-01/artifact.bin""],""effective_payload_hex"":""4d6f7270682d3031"",""key"":""key-alpha"",""mutant_id"":""M08"",""requested_compiler"":""clang"",""requested_optimization"":""Os"",""requested_payload_hex"":""4d6f7270682d3031"",""return_code"":0,""source"":""WORKDIR/symbol/M08/MR11/trace/build-01/host.c"",""source_sha256"":""45e69a3841e4e8368c9380bdbc2f287b38fe1665811764759930b7957a59ce6a"",""stderr"":""""}}"
pilot_mutation,H01-gcd.c,bf207a4afdd7e623be4bd0751bdc1917c0ee550af0f38c0531b25bb726d1710c,symbol,M08,global_cache_oracle,state,MR12,Interleaved artifact isolation,separate,False,True,parallel_isolation_clause_violated,0.093997,,True,"{""aliasing_detected"":true,""both_expected"":false,""execution_order"":""overlapping-builds-then-extract"",""payloads_distinct"":false}"
pilot_mutation,H01-gcd.c,bf207a4afdd7e623be4bd0751bdc1917c0ee550af0f38c0531b25bb726d1710c,symbol,M08,global_cache_oracle,state,MR13,Reordered extraction independence,preserve,False,True,before=b'Morph-01';intervening=b'Second-2';after=b'Second-2',0.128682,,True,"{""intervening_extraction"":true}"
pilot_mutation,H01-gcd.c,bf207a4afdd7e623be4bd0751bdc1917c0ee550af0f38c0531b25bb726d1710c,symbol,M08,global_cache_oracle,state,MR14,Rebuild stability,preserve,True,False,first=b'Morph-01';second=b'Morph-01',0.133174,,True,"{""binary_bytes_equal"":true,""execution_order"":""build1-extract1-build2-extract2""}"
pilot_mutation,H01-gcd.c,bf207a4afdd7e623be4bd0751bdc1917c0ee550af0f38c0531b25bb726d1710c,symbol,M09,unmarked_default,false positive,MR01,Round-trip fidelity,preserve,True,False,extracted=b'Morph-01',0.087581,,True,"{""build"":{""actual_compiler"":""gcc"",""actual_optimization"":""O2"",""binary"":""WORKDIR/symbol/M09/MR01/marked/build-01/artifact.bin"",""binary_sha256"":""7b713450f899744a0e9c1995e1ea83c762e52b3b03c45f82418d86193b6be1a1"",""carrier"":""symbol"",""command"":[""gcc"",""-std=c11"",""-fno-ident"",""-no-pie"",""-O2"",""WORKDIR/symbol/M09/MR01/marked/build-01/host.c"",""-o"",""WORKDIR/symbol/M09/MR01/marked/build-01/artifact.bin""],""effective_payload_hex"":""4d6f7270682d3031"",""key"":""key-alpha"",""mutant_id"":""M09"",""requested_compiler"":""gcc"",""requested_optimization"":""O2"",""requested_payload_hex"":""4d6f7270682d3031"",""return_code"":0,""source"":""WORKDIR/symbol/M09/MR01/marked/build-01/host.c"",""source_sha256"":""45e69a3841e4e8368c9380bdbc2f287b38fe1665811764759930b7957a59ce6a"",""stderr"":""""},""extracted_hex"":""4d6f7270682d3031""}"
pilot_mutation,H01-gcd.c,bf207a4afdd7e623be4bd0751bdc1917c0ee550af0f38c0531b25bb726d1710c,symbol,M09,unmarked_default,false positive,MR02,Host-semantic preservation,preserve,True,False,mismatch_count=0,0.15195,,True,"{""mismatches"":[]}"
pilot_mutation,H01-gcd.c,bf207a4afdd7e623be4bd0751bdc1917c0ee550af0f38c0531b25bb726d1710c,symbol,M09,unmarked_default,false positive,MR03,Unmarked rejection,reject,False,True,accepted:b'Morph-01',0.046596,,True,"{""unmarked_binary_sha256"":""17288de5d8ffc83b2223ee650ec19f96fa9b779f3eb45b8e2433c730b7a1e3e2""}"
pilot_mutation,H01-gcd.c,bf207a4afdd7e623be4bd0751bdc1917c0ee550af0f38c0531b25bb726d1710c,symbol,M09,unmarked_default,false positive,MR04,Wrong-key rejection,reject,False,True,accepted:b'Morph-01',0.095165,,True,"{""antecedent_guarded"":true,""antecedent_hex"":""4d6f7270682d3031""}"
pilot_mutation,H01-gcd.c,bf207a4afdd7e623be4bd0751bdc1917c0ee550af0f38c0531b25bb726d1710c,symbol,M09,unmarked_default,false positive,MR05,Payload separation,separate,True,False,first=b'Morph-01';second=b'Second-2',0.138808,,True,"{""execution_order"":""sequential-builds-then-extract"",""first_hex"":""4d6f7270682d3031"",""second_hex"":""5365636f6e642d32""}"
pilot_mutation,H01-gcd.c,bf207a4afdd7e623be4bd0751bdc1917c0ee550af0f38c0531b25bb726d1710c,symbol,M09,unmarked_default,false positive,MR06,Cross-compiler invariance,preserve,True,False,"payloads=b'Morph-01',b'Morph-01';semantic_equal=True",0.234496,,True,"{""clang_actual"":""clang"",""gcc_actual"":""gcc""}"
pilot_mutation,H01-gcd.c,bf207a4afdd7e623be4bd0751bdc1917c0ee550af0f38c0531b25bb726d1710c,symbol,M09,unmarked_default,false positive,MR07,Optimization invariance,preserve,True,False,"payloads=['Morph-01', 'Morph-01', 'Morph-01'];semantic_equal=True",0.263008,,True,{}
pilot_mutation,H01-gcd.c,bf207a4afdd7e623be4bd0751bdc1917c0ee550af0f38c0531b25bb726d1710c,symbol,M09,unmarked_default,false positive,MR08,Clean-room relocation,preserve,True,False,relocated=b'Morph-01',0.077706,,True,"{""clean_room_entries"":[""renamed-artifact.bin""],""relocated_hex"":""4d6f7270682d3031""}"
pilot_mutation,H01-gcd.c,bf207a4afdd7e623be4bd0751bdc1917c0ee550af0f38c0531b25bb726d1710c,symbol,M09,unmarked_default,false positive,MR09,Carrier-removal rejection,reject,False,True,spurious robustness:accepted:b'Morph-01',0.074049,,True,"{""antecedent_guarded"":true}"
pilot_mutation,H01-gcd.c,bf207a4afdd7e623be4bd0751bdc1917c0ee550af0f38c0531b25bb726d1710c,symbol,M09,unmarked_default,false positive,MR10,Carrier-corruption rejection,reject,False,True,corruption accepted:accepted:b'Morph-01',0.098574,,True,"{""antecedent_guarded"":true}"
pilot_mutation,H01-gcd.c,bf207a4afdd7e623be4bd0751bdc1917c0ee550af0f38c0531b25bb726d1710c,symbol,M09,unmarked_default,false positive,MR11,Requested/actual trace agreement,trace,True,False,requested=clang/Os;actual=clang/Os,0.111262,,True,"{""build"":{""actual_compiler"":""clang"",""actual_optimization"":""Os"",""binary"":""WORKDIR/symbol/M09/MR11/trace/build-01/artifact.bin"",""binary_sha256"":""25e0d918cd8ff7cc194ede1eb56d7dc89089e033832c65ca5cceab6c9faa446b"",""carrier"":""symbol"",""command"":[""clang"",""-std=c11"",""-fno-ident"",""-no-pie"",""-Os"",""WORKDIR/symbol/M09/MR11/trace/build-01/host.c"",""-o"",""WORKDIR/symbol/M09/MR11/trace/build-01/artifact.bin""],""effective_payload_hex"":""4d6f7270682d3031"",""key"":""key-alpha"",""mutant_id"":""M09"",""requested_compiler"":""clang"",""requested_optimization"":""Os"",""requested_payload_hex"":""4d6f7270682d3031"",""return_code"":0,""source"":""WORKDIR/symbol/M09/MR11/trace/build-01/host.c"",""source_sha256"":""45e69a3841e4e8368c9380bdbc2f287b38fe1665811764759930b7957a59ce6a"",""stderr"":""""}}"
pilot_mutation,H01-gcd.c,bf207a4afdd7e623be4bd0751bdc1917c0ee550af0f38c0531b25bb726d1710c,symbol,M09,unmarked_default,false positive,MR12,Interleaved artifact isolation,separate,True,False,parallel_isolation_satisfied,0.133353,,True,"{""aliasing_detected"":false,""both_expected"":true,""execution_order"":""overlapping-builds-then-extract"",""payloads_distinct"":true}"
pilot_mutation,H01-gcd.c,bf207a4afdd7e623be4bd0751bdc1917c0ee550af0f38c0531b25bb726d1710c,symbol,M09,unmarked_default,false positive,MR13,Reordered extraction independence,preserve,True,False,before=b'Morph-01';intervening=b'Second-2';after=b'Morph-01',0.151793,,True,"{""intervening_extraction"":true}"
pilot_mutation,H01-gcd.c,bf207a4afdd7e623be4bd0751bdc1917c0ee550af0f38c0531b25bb726d1710c,symbol,M09,unmarked_default,false positive,MR14,Rebuild stability,preserve,True,False,first=b'Morph-01';second=b'Morph-01',0.146001,,True,"{""binary_bytes_equal"":true,""execution_order"":""build1-extract1-build2-extract2""}"
pilot_mutation,H01-gcd.c,bf207a4afdd7e623be4bd0751bdc1917c0ee550af0f38c0531b25bb726d1710c,symbol,M10,semantic_plus_one,semantic corruption,MR01,Round-trip fidelity,preserve,True,False,extracted=b'Morph-01',0.060622,,True,"{""build"":{""actual_compiler"":""gcc"",""actual_optimization"":""O2"",""binary"":""WORKDIR/symbol/M10/MR01/marked/build-01/artifact.bin"",""binary_sha256"":""1bc79235c76287d0b7446888abaa1ee4da150849082795c2c7cd41018eddf232"",""carrier"":""symbol"",""command"":[""gcc"",""-std=c11"",""-fno-ident"",""-no-pie"",""-O2"",""WORKDIR/symbol/M10/MR01/marked/build-01/host.c"",""-o"",""WORKDIR/symbol/M10/MR01/marked/build-01/artifact.bin""],""effective_payload_hex"":""4d6f7270682d3031"",""key"":""key-alpha"",""mutant_id"":""M10"",""requested_compiler"":""gcc"",""requested_optimization"":""O2"",""requested_payload_hex"":""4d6f7270682d3031"",""return_code"":0,""source"":""WORKDIR/symbol/M10/MR01/marked/build-01/host.c"",""source_sha256"":""6c2a7e9d6f37012f3ed983cf8df7478d089e8571c5dba530fcc11eb6cd1b880d"",""stderr"":""""},""extracted_hex"":""4d6f7270682d3031""}"
pilot_mutation,H01-gcd.c,bf207a4afdd7e623be4bd0751bdc1917c0ee550af0f38c0531b25bb726d1710c,symbol,M10,semantic_plus_one,semantic corruption,MR02,Host-semantic preservation,preserve,True,False,mismatch_count=0,0.162681,,True,"{""mismatches"":[]}"
pilot_mutation,H01-gcd.c,bf207a4afdd7e623be4bd0751bdc1917c0ee550af0f38c0531b25bb726d1710c,symbol,M10,semantic_plus_one,semantic corruption,MR03,Unmarked rejection,reject,True,False,rejected:absent:watermark symbols not found,0.094831,,True,"{""unmarked_binary_sha256"":""a7ba1b1fde2b472014cbc25860cebcca1a3737929b7a88d46c8ef8cd002b8b50""}"
pilot_mutation,H01-gcd.c,bf207a4afdd7e623be4bd0751bdc1917c0ee550af0f38c0531b25bb726d1710c,symbol,M10,semantic_plus_one,semantic corruption,MR04,Wrong-key rejection,reject,True,False,rejected:wrong-key:symbol key tag mismatch,0.080912,,True,"{""antecedent_guarded"":true,""antecedent_hex"":""4d6f7270682d3031""}"
pilot_mutation,H01-gcd.c,bf207a4afdd7e623be4bd0751bdc1917c0ee550af0f38c0531b25bb726d1710c,symbol,M10,semantic_plus_one,semantic corruption,MR05,Payload separation,separate,True,False,first=b'Morph-01';second=b'Second-2',0.128776,,True,"{""execution_order"":""sequential-builds-then-extract"",""first_hex"":""4d6f7270682d3031"",""second_hex"":""5365636f6e642d32""}"
pilot_mutation,H01-gcd.c,bf207a4afdd7e623be4bd0751bdc1917c0ee550af0f38c0531b25bb726d1710c,symbol,M10,semantic_plus_one,semantic corruption,MR06,Cross-compiler invariance,preserve,True,False,"payloads=b'Morph-01',b'Morph-01';semantic_equal=True",0.221898,,True,"{""clang_actual"":""clang"",""gcc_actual"":""gcc""}"
pilot_mutation,H01-gcd.c,bf207a4afdd7e623be4bd0751bdc1917c0ee550af0f38c0531b25bb726d1710c,symbol,M10,semantic_plus_one,semantic corruption,MR07,Optimization invariance,preserve,True,False,"payloads=['Morph-01', 'Morph-01', 'Morph-01'];semantic_equal=True",0.262651,,True,{}
pilot_mutation,H01-gcd.c,bf207a4afdd7e623be4bd0751bdc1917c0ee550af0f38c0531b25bb726d1710c,symbol,M10,semantic_plus_one,semantic corruption,MR08,Clean-room relocation,preserve,True,False,relocated=b'Morph-01',0.082921,,True,"{""clean_room_entries"":[""renamed-artifact.bin""],""relocated_hex"":""4d6f7270682d3031""}"
pilot_mutation,H01-gcd.c,bf207a4afdd7e623be4bd0751bdc1917c0ee550af0f38c0531b25bb726d1710c,symbol,M10,semantic_plus_one,semantic corruption,MR09,Carrier-removal rejection,reject,True,False,rejected:absent:watermark symbols not found,0.095549,,True,"{""antecedent_guarded"":true}"
pilot_mutation,H01-gcd.c,bf207a4afdd7e623be4bd0751bdc1917c0ee550af0f38c0531b25bb726d1710c,symbol,M10,semantic_plus_one,semantic corruption,MR10,Carrier-corruption rejection,reject,True,False,rejected:malformed:inconsistent watermark symbol set,0.087822,,True,"{""antecedent_guarded"":true}"
pilot_mutation,H01-gcd.c,bf207a4afdd7e623be4bd0751bdc1917c0ee550af0f38c0531b25bb726d1710c,symbol,M10,semantic_plus_one,semantic corruption,MR11,Requested/actual trace agreement,trace,True,False,requested=clang/Os;actual=clang/Os,0.085894,,True,"{""build"":{""actual_compiler"":""clang"",""actual_optimization"":""Os"",""binary"":""WORKDIR/symbol/M10/MR11/trace/build-01/artifact.bin"",""binary_sha256"":""320c9f1496d9b78a434474779a35d9dcb206de723fbb3806fa884e178adcc65f"",""carrier"":""symbol"",""command"":[""clang"",""-std=c11"",""-fno-ident"",""-no-pie"",""-Os"",""WORKDIR/symbol/M10/MR11/trace/build-01/host.c"",""-o"",""WORKDIR/symbol/M10/MR11/trace/build-01/artifact.bin""],""effective_payload_hex"":""4d6f7270682d3031"",""key"":""key-alpha"",""mutant_id"":""M10"",""requested_compiler"":""clang"",""requested_optimization"":""Os"",""requested_payload_hex"":""4d6f7270682d3031"",""return_code"":0,""source"":""WORKDIR/symbol/M10/MR11/trace/build-01/host.c"",""source_sha256"":""6c2a7e9d6f37012f3ed983cf8df7478d089e8571c5dba530fcc11eb6cd1b880d"",""stderr"":""""}}"
pilot_mutation,H01-gcd.c,bf207a4afdd7e623be4bd0751bdc1917c0ee550af0f38c0531b25bb726d1710c,symbol,M10,semantic_plus_one,semantic corruption,MR12,Interleaved artifact isolation,separate,True,False,parallel_isolation_satisfied,0.10677,,True,"{""aliasing_detected"":false,""both_expected"":true,""execution_order"":""overlapping-builds-then-extract"",""payloads_distinct"":true}"
pilot_mutation,H01-gcd.c,bf207a4afdd7e623be4bd0751bdc1917c0ee550af0f38c0531b25bb726d1710c,symbol,M10,semantic_plus_one,semantic corruption,MR13,Reordered extraction independence,preserve,True,False,before=b'Morph-01';intervening=b'Second-2';after=b'Morph-01',0.192324,,True,"{""intervening_extraction"":true}"
pilot_mutation,H01-gcd.c,bf207a4afdd7e623be4bd0751bdc1917c0ee550af0f38c0531b25bb726d1710c,symbol,M10,semantic_plus_one,semantic corruption,MR14,Rebuild stability,preserve,True,False,first=b'Morph-01';second=b'Morph-01',0.15831,,True,"{""binary_bytes_equal"":true,""execution_order"":""build1-extract1-build2-extract2""}"
pilot_mutation,H01-gcd.c,bf207a4afdd7e623be4bd0751bdc1917c0ee550af0f38c0531b25bb726d1710c,symbol,M11,semantic_input13,semantic corruption,MR01,Round-trip fidelity,preserve,True,False,extracted=b'Morph-01',0.072498,,True,"{""build"":{""actual_compiler"":""gcc"",""actual_optimization"":""O2"",""binary"":""WORKDIR/symbol/M11/MR01/marked/build-01/artifact.bin"",""binary_sha256"":""ed8419d5b48c2b95a4eb8293597dd4bd4f43bc45b77bf5542be5e578a4a119fd"",""carrier"":""symbol"",""command"":[""gcc"",""-std=c11"",""-fno-ident"",""-no-pie"",""-O2"",""WORKDIR/symbol/M11/MR01/marked/build-01/host.c"",""-o"",""WORKDIR/symbol/M11/MR01/marked/build-01/artifact.bin""],""effective_payload_hex"":""4d6f7270682d3031"",""key"":""key-alpha"",""mutant_id"":""M11"",""requested_compiler"":""gcc"",""requested_optimization"":""O2"",""requested_payload_hex"":""4d6f7270682d3031"",""return_code"":0,""source"":""WORKDIR/symbol/M11/MR01/marked/build-01/host.c"",""source_sha256"":""aff44abe4f5b4c6b8f4610ca78cc0f7c6896afa6d457f493d72dc6db789e335c"",""stderr"":""""},""extracted_hex"":""4d6f7270682d3031""}"
pilot_mutation,H01-gcd.c,bf207a4afdd7e623be4bd0751bdc1917c0ee550af0f38c0531b25bb726d1710c,symbol,M11,semantic_input13,semantic corruption,MR02,Host-semantic preservation,preserve,True,False,mismatch_count=0,0.172324,,True,"{""mismatches"":[]}"
pilot_mutation,H01-gcd.c,bf207a4afdd7e623be4bd0751bdc1917c0ee550af0f38c0531b25bb726d1710c,symbol,M11,semantic_input13,semantic corruption,MR03,Unmarked rejection,reject,True,False,rejected:absent:watermark symbols not found,0.092306,,True,"{""unmarked_binary_sha256"":""ede3bc23896c80d708e4ea6b72b2826c6ad3e832db12ee3e3340f736947cb2b8""}"
pilot_mutation,H01-gcd.c,bf207a4afdd7e623be4bd0751bdc1917c0ee550af0f38c0531b25bb726d1710c,symbol,M11,semantic_input13,semantic corruption,MR04,Wrong-key rejection,reject,True,False,rejected:wrong-key:symbol key tag mismatch,0.089457,,True,"{""antecedent_guarded"":true,""antecedent_hex"":""4d6f7270682d3031""}"
pilot_mutation,H01-gcd.c,bf207a4afdd7e623be4bd0751bdc1917c0ee550af0f38c0531b25bb726d1710c,symbol,M11,semantic_input13,semantic corruption,MR05,Payload separation,separate,True,False,first=b'Morph-01';second=b'Second-2',0.118749,,True,"{""execution_order"":""sequential-builds-then-extract"",""first_hex"":""4d6f7270682d3031"",""second_hex"":""5365636f6e642d32""}"
pilot_mutation,H01-gcd.c,bf207a4afdd7e623be4bd0751bdc1917c0ee550af0f38c0531b25bb726d1710c,symbol,M11,semantic_input13,semantic corruption,MR06,Cross-compiler invariance,preserve,True,False,"payloads=b'Morph-01',b'Morph-01';semantic_equal=True",0.213797,,True,"{""clang_actual"":""clang"",""gcc_actual"":""gcc""}"
pilot_mutation,H01-gcd.c,bf207a4afdd7e623be4bd0751bdc1917c0ee550af0f38c0531b25bb726d1710c,symbol,M11,semantic_input13,semantic corruption,MR07,Optimization invariance,preserve,True,False,"payloads=['Morph-01', 'Morph-01', 'Morph-01'];semantic_equal=True",0.269859,,True,{}
pilot_mutation,H01-gcd.c,bf207a4afdd7e623be4bd0751bdc1917c0ee550af0f38c0531b25bb726d1710c,symbol,M11,semantic_input13,semantic corruption,MR08,Clean-room relocation,preserve,True,False,relocated=b'Morph-01',0.035368,,True,"{""clean_room_entries"":[""renamed-artifact.bin""],""relocated_hex"":""4d6f7270682d3031""}"
pilot_mutation,H01-gcd.c,bf207a4afdd7e623be4bd0751bdc1917c0ee550af0f38c0531b25bb726d1710c,symbol,M11,semantic_input13,semantic corruption,MR09,Carrier-removal rejection,reject,True,False,rejected:absent:watermark symbols not found,0.061621,,True,"{""antecedent_guarded"":true}"
pilot_mutation,H01-gcd.c,bf207a4afdd7e623be4bd0751bdc1917c0ee550af0f38c0531b25bb726d1710c,symbol,M11,semantic_input13,semantic corruption,MR10,Carrier-corruption rejection,reject,True,False,rejected:malformed:inconsistent watermark symbol set,0.107986,,True,"{""antecedent_guarded"":true}"
pilot_mutation,H01-gcd.c,bf207a4afdd7e623be4bd0751bdc1917c0ee550af0f38c0531b25bb726d1710c,symbol,M11,semantic_input13,semantic corruption,MR11,Requested/actual trace agreement,trace,True,False,requested=clang/Os;actual=clang/Os,0.096069,,True,"{""build"":{""actual_compiler"":""clang"",""actual_optimization"":""Os"",""binary"":""WORKDIR/symbol/M11/MR11/trace/build-01/artifact.bin"",""binary_sha256"":""8adbe111a5ee875175d340c71540ef129c000bdfb8d8a50ac74614216e3263cd"",""carrier"":""symbol"",""command"":[""clang"",""-std=c11"",""-fno-ident"",""-no-pie"",""-Os"",""WORKDIR/symbol/M11/MR11/trace/build-01/host.c"",""-o"",""WORKDIR/symbol/M11/MR11/trace/build-01/artifact.bin""],""effective_payload_hex"":""4d6f7270682d3031"",""key"":""key-alpha"",""mutant_id"":""M11"",""requested_compiler"":""clang"",""requested_optimization"":""Os"",""requested_payload_hex"":""4d6f7270682d3031"",""return_code"":0,""source"":""WORKDIR/symbol/M11/MR11/trace/build-01/host.c"",""source_sha256"":""aff44abe4f5b4c6b8f4610ca78cc0f7c6896afa6d457f493d72dc6db789e335c"",""stderr"":""""}}"
pilot_mutation,H01-gcd.c,bf207a4afdd7e623be4bd0751bdc1917c0ee550af0f38c0531b25bb726d1710c,symbol,M11,semantic_input13,semantic corruption,MR12,Interleaved artifact isolation,separate,True,False,parallel_isolation_satisfied,0.112293,,True,"{""aliasing_detected"":false,""both_expected"":true,""execution_order"":""overlapping-builds-then-extract"",""payloads_distinct"":true}"
pilot_mutation,H01-gcd.c,bf207a4afdd7e623be4bd0751bdc1917c0ee550af0f38c0531b25bb726d1710c,symbol,M11,semantic_input13,semantic corruption,MR13,Reordered extraction independence,preserve,True,False,before=b'Morph-01';intervening=b'Second-2';after=b'Morph-01',0.163302,,True,"{""intervening_extraction"":true}"
pilot_mutation,H01-gcd.c,bf207a4afdd7e623be4bd0751bdc1917c0ee550af0f38c0531b25bb726d1710c,symbol,M11,semantic_input13,semantic corruption,MR14,Rebuild stability,preserve,True,False,first=b'Morph-01';second=b'Morph-01',0.153172,,True,"{""binary_bytes_equal"":true,""execution_order"":""build1-extract1-build2-extract2""}"
pilot_mutation,H01-gcd.c,bf207a4afdd7e623be4bd0751bdc1917c0ee550af0f38c0531b25bb726d1710c,symbol,M12,compile_original,stage routing,MR01,Round-trip fidelity,preserve,False,True,exception:ExtractionError:watermark symbols not found,0.085866,ExtractionError,True,{}
pilot_mutation,H01-gcd.c,bf207a4afdd7e623be4bd0751bdc1917c0ee550af0f38c0531b25bb726d1710c,symbol,M12,compile_original,stage routing,MR02,Host-semantic preservation,preserve,True,False,mismatch_count=0,0.184794,,True,"{""mismatches"":[]}"
pilot_mutation,H01-gcd.c,bf207a4afdd7e623be4bd0751bdc1917c0ee550af0f38c0531b25bb726d1710c,symbol,M12,compile_original,stage routing,MR03,Unmarked rejection,reject,True,False,rejected:absent:watermark symbols not found,0.039453,,True,"{""unmarked_binary_sha256"":""17288de5d8ffc83b2223ee650ec19f96fa9b779f3eb45b8e2433c730b7a1e3e2""}"
pilot_mutation,H01-gcd.c,bf207a4afdd7e623be4bd0751bdc1917c0ee550af0f38c0531b25bb726d1710c,symbol,M12,compile_original,stage routing,MR04,Wrong-key rejection,reject,True,False,rejected:wrong-key:symbol key tag mismatch,0.088816,,True,"{""antecedent_guarded"":true,""antecedent_hex"":""4d6f7270682d3031""}"
pilot_mutation,H01-gcd.c,bf207a4afdd7e623be4bd0751bdc1917c0ee550af0f38c0531b25bb726d1710c,symbol,M12,compile_original,stage routing,MR05,Payload separation,separate,False,True,exception:ExtractionError:watermark symbols not found,0.159164,ExtractionError,True,{}
pilot_mutation,H01-gcd.c,bf207a4afdd7e623be4bd0751bdc1917c0ee550af0f38c0531b25bb726d1710c,symbol,M12,compile_original,stage routing,MR06,Cross-compiler invariance,preserve,False,True,exception:ExtractionError:watermark symbols not found,0.18149,ExtractionError,True,{}
pilot_mutation,H01-gcd.c,bf207a4afdd7e623be4bd0751bdc1917c0ee550af0f38c0531b25bb726d1710c,symbol,M12,compile_original,stage routing,MR07,Optimization invariance,preserve,False,True,exception:ExtractionError:watermark symbols not found,0.171651,ExtractionError,True,{}
pilot_mutation,H01-gcd.c,bf207a4afdd7e623be4bd0751bdc1917c0ee550af0f38c0531b25bb726d1710c,symbol,M12,compile_original,stage routing,MR08,Clean-room relocation,preserve,False,True,exception:ExtractionError:watermark symbols not found,0.066387,ExtractionError,True,{}
pilot_mutation,H01-gcd.c,bf207a4afdd7e623be4bd0751bdc1917c0ee550af0f38c0531b25bb726d1710c,symbol,M12,compile_original,stage routing,MR09,Carrier-removal rejection,reject,True,False,rejected:absent:watermark symbols not found,0.053831,,True,"{""antecedent_guarded"":true}"
pilot_mutation,H01-gcd.c,bf207a4afdd7e623be4bd0751bdc1917c0ee550af0f38c0531b25bb726d1710c,symbol,M12,compile_original,stage routing,MR10,Carrier-corruption rejection,reject,True,False,rejected:malformed:inconsistent watermark symbol set,0.081731,,True,"{""antecedent_guarded"":true}"
pilot_mutation,H01-gcd.c,bf207a4afdd7e623be4bd0751bdc1917c0ee550af0f38c0531b25bb726d1710c,symbol,M12,compile_original,stage routing,MR11,Requested/actual trace agreement,trace,True,False,requested=clang/Os;actual=clang/Os,0.084362,,True,"{""build"":{""actual_compiler"":""clang"",""actual_optimization"":""Os"",""binary"":""WORKDIR/symbol/M12/MR11/trace/build-01/artifact.bin"",""binary_sha256"":""8979583311288d6755db67bfb67a745238b66729f18570b075945ee29c1a551b"",""carrier"":""symbol"",""command"":[""clang"",""-std=c11"",""-fno-ident"",""-no-pie"",""-Os"",""WORKDIR/symbol/M12/MR11/trace/build-01/host.c"",""-o"",""WORKDIR/symbol/M12/MR11/trace/build-01/artifact.bin""],""effective_payload_hex"":""4d6f7270682d3031"",""key"":""key-alpha"",""mutant_id"":""M12"",""requested_compiler"":""clang"",""requested_optimization"":""Os"",""requested_payload_hex"":""4d6f7270682d3031"",""return_code"":0,""source"":""WORKDIR/symbol/M12/MR11/trace/build-01/host.c"",""source_sha256"":""bf207a4afdd7e623be4bd0751bdc1917c0ee550af0f38c0531b25bb726d1710c"",""stderr"":""""}}"
pilot_mutation,H01-gcd.c,bf207a4afdd7e623be4bd0751bdc1917c0ee550af0f38c0531b25bb726d1710c,symbol,M12,compile_original,stage routing,MR12,Interleaved artifact isolation,separate,False,True,exception:ExtractionError:watermark symbols not found,0.147755,ExtractionError,True,{}
pilot_mutation,H01-gcd.c,bf207a4afdd7e623be4bd0751bdc1917c0ee550af0f38c0531b25bb726d1710c,symbol,M12,compile_original,stage routing,MR13,Reordered extraction independence,preserve,False,True,exception:ExtractionError:watermark symbols not found,0.089142,ExtractionError,True,{}
pilot_mutation,H01-gcd.c,bf207a4afdd7e623be4bd0751bdc1917c0ee550af0f38c0531b25bb726d1710c,symbol,M12,compile_original,stage routing,MR14,Rebuild stability,preserve,False,True,exception:ExtractionError:watermark symbols not found,0.068347,ExtractionError,True,{}
pilot_mutation,H01-gcd.c,bf207a4afdd7e623be4bd0751bdc1917c0ee550af0f38c0531b25bb726d1710c,symbol,M13,force_gcc,configuration,MR01,Round-trip fidelity,preserve,True,False,extracted=b'Morph-01',0.093384,,True,"{""build"":{""actual_compiler"":""gcc"",""actual_optimization"":""O2"",""binary"":""WORKDIR/symbol/M13/MR01/marked/build-01/artifact.bin"",""binary_sha256"":""7b713450f899744a0e9c1995e1ea83c762e52b3b03c45f82418d86193b6be1a1"",""carrier"":""symbol"",""command"":[""gcc"",""-std=c11"",""-fno-ident"",""-no-pie"",""-O2"",""WORKDIR/symbol/M13/MR01/marked/build-01/host.c"",""-o"",""WORKDIR/symbol/M13/MR01/marked/build-01/artifact.bin""],""effective_payload_hex"":""4d6f7270682d3031"",""key"":""key-alpha"",""mutant_id"":""M13"",""requested_compiler"":""gcc"",""requested_optimization"":""O2"",""requested_payload_hex"":""4d6f7270682d3031"",""return_code"":0,""source"":""WORKDIR/symbol/M13/MR01/marked/build-01/host.c"",""source_sha256"":""45e69a3841e4e8368c9380bdbc2f287b38fe1665811764759930b7957a59ce6a"",""stderr"":""""},""extracted_hex"":""4d6f7270682d3031""}"
pilot_mutation,H01-gcd.c,bf207a4afdd7e623be4bd0751bdc1917c0ee550af0f38c0531b25bb726d1710c,symbol,M13,force_gcc,configuration,MR02,Host-semantic preservation,preserve,True,False,mismatch_count=0,0.190173,,True,"{""mismatches"":[]}"
pilot_mutation,H01-gcd.c,bf207a4afdd7e623be4bd0751bdc1917c0ee550af0f38c0531b25bb726d1710c,symbol,M13,force_gcc,configuration,MR03,Unmarked rejection,reject,True,False,rejected:absent:watermark symbols not found,0.058101,,True,"{""unmarked_binary_sha256"":""17288de5d8ffc83b2223ee650ec19f96fa9b779f3eb45b8e2433c730b7a1e3e2""}"
pilot_mutation,H01-gcd.c,bf207a4afdd7e623be4bd0751bdc1917c0ee550af0f38c0531b25bb726d1710c,symbol,M13,force_gcc,configuration,MR04,Wrong-key rejection,reject,True,False,rejected:wrong-key:symbol key tag mismatch,0.098812,,True,"{""antecedent_guarded"":true,""antecedent_hex"":""4d6f7270682d3031""}"
pilot_mutation,H01-gcd.c,bf207a4afdd7e623be4bd0751bdc1917c0ee550af0f38c0531b25bb726d1710c,symbol,M13,force_gcc,configuration,MR05,Payload separation,separate,True,False,first=b'Morph-01';second=b'Second-2',0.159833,,True,"{""execution_order"":""sequential-builds-then-extract"",""first_hex"":""4d6f7270682d3031"",""second_hex"":""5365636f6e642d32""}"
pilot_mutation,H01-gcd.c,bf207a4afdd7e623be4bd0751bdc1917c0ee550af0f38c0531b25bb726d1710c,symbol,M13,force_gcc,configuration,MR06,Cross-compiler invariance,preserve,True,False,"payloads=b'Morph-01',b'Morph-01';semantic_equal=True",0.197122,,True,"{""clang_actual"":""gcc"",""gcc_actual"":""gcc""}"
pilot_mutation,H01-gcd.c,bf207a4afdd7e623be4bd0751bdc1917c0ee550af0f38c0531b25bb726d1710c,symbol,M13,force_gcc,configuration,MR07,Optimization invariance,preserve,True,False,"payloads=['Morph-01', 'Morph-01', 'Morph-01'];semantic_equal=True",0.269053,,True,{}
pilot_mutation,H01-gcd.c,bf207a4afdd7e623be4bd0751bdc1917c0ee550af0f38c0531b25bb726d1710c,symbol,M13,force_gcc,configuration,MR08,Clean-room relocation,preserve,True,False,relocated=b'Morph-01',0.077325,,True,"{""clean_room_entries"":[""renamed-artifact.bin""],""relocated_hex"":""4d6f7270682d3031""}"
pilot_mutation,H01-gcd.c,bf207a4afdd7e623be4bd0751bdc1917c0ee550af0f38c0531b25bb726d1710c,symbol,M13,force_gcc,configuration,MR09,Carrier-removal rejection,reject,True,False,rejected:absent:watermark symbols not found,0.067714,,True,"{""antecedent_guarded"":true}"
pilot_mutation,H01-gcd.c,bf207a4afdd7e623be4bd0751bdc1917c0ee550af0f38c0531b25bb726d1710c,symbol,M13,force_gcc,configuration,MR10,Carrier-corruption rejection,reject,True,False,rejected:malformed:inconsistent watermark symbol set,0.099878,,True,"{""antecedent_guarded"":true}"
pilot_mutation,H01-gcd.c,bf207a4afdd7e623be4bd0751bdc1917c0ee550af0f38c0531b25bb726d1710c,symbol,M13,force_gcc,configuration,MR11,Requested/actual trace agreement,trace,False,True,requested=clang/Os;actual=gcc/Os,0.0657,,True,"{""build"":{""actual_compiler"":""gcc"",""actual_optimization"":""Os"",""binary"":""WORKDIR/symbol/M13/MR11/trace/build-01/artifact.bin"",""binary_sha256"":""c7b34d5c1936dce30fcc0e6c2322edf06717a743513260b74cffe28a3c2e70cd"",""carrier"":""symbol"",""command"":[""gcc"",""-std=c11"",""-fno-ident"",""-no-pie"",""-Os"",""WORKDIR/symbol/M13/MR11/trace/build-01/host.c"",""-o"",""WORKDIR/symbol/M13/MR11/trace/build-01/artifact.bin""],""effective_payload_hex"":""4d6f7270682d3031"",""key"":""key-alpha"",""mutant_id"":""M13"",""requested_compiler"":""clang"",""requested_optimization"":""Os"",""requested_payload_hex"":""4d6f7270682d3031"",""return_code"":0,""source"":""WORKDIR/symbol/M13/MR11/trace/build-01/host.c"",""source_sha256"":""45e69a3841e4e8368c9380bdbc2f287b38fe1665811764759930b7957a59ce6a"",""stderr"":""""}}"
pilot_mutation,H01-gcd.c,bf207a4afdd7e623be4bd0751bdc1917c0ee550af0f38c0531b25bb726d1710c,symbol,M13,force_gcc,configuration,MR12,Interleaved artifact isolation,separate,True,False,parallel_isolation_satisfied,0.091743,,True,"{""aliasing_detected"":false,""both_expected"":true,""execution_order"":""overlapping-builds-then-extract"",""payloads_distinct"":true}"
pilot_mutation,H01-gcd.c,bf207a4afdd7e623be4bd0751bdc1917c0ee550af0f38c0531b25bb726d1710c,symbol,M13,force_gcc,configuration,MR13,Reordered extraction independence,preserve,True,False,before=b'Morph-01';intervening=b'Second-2';after=b'Morph-01',0.188497,,True,"{""intervening_extraction"":true}"
pilot_mutation,H01-gcd.c,bf207a4afdd7e623be4bd0751bdc1917c0ee550af0f38c0531b25bb726d1710c,symbol,M13,force_gcc,configuration,MR14,Rebuild stability,preserve,True,False,first=b'Morph-01';second=b'Morph-01',0.12795,,True,"{""binary_bytes_equal"":true,""execution_order"":""build1-extract1-build2-extract2""}"
pilot_mutation,H01-gcd.c,bf207a4afdd7e623be4bd0751bdc1917c0ee550af0f38c0531b25bb726d1710c,symbol,M14,force_O0,configuration,MR01,Round-trip fidelity,preserve,True,False,extracted=b'Morph-01',0.042067,,True,"{""build"":{""actual_compiler"":""gcc"",""actual_optimization"":""O0"",""binary"":""WORKDIR/symbol/M14/MR01/marked/build-01/artifact.bin"",""binary_sha256"":""b4e3a535dfea73de3b6e5043369185b32b13dee72254c9d3a64841e237d9e234"",""carrier"":""symbol"",""command"":[""gcc"",""-std=c11"",""-fno-ident"",""-no-pie"",""-O0"",""WORKDIR/symbol/M14/MR01/marked/build-01/host.c"",""-o"",""WORKDIR/symbol/M14/MR01/marked/build-01/artifact.bin""],""effective_payload_hex"":""4d6f7270682d3031"",""key"":""key-alpha"",""mutant_id"":""M14"",""requested_compiler"":""gcc"",""requested_optimization"":""O2"",""requested_payload_hex"":""4d6f7270682d3031"",""return_code"":0,""source"":""WORKDIR/symbol/M14/MR01/marked/build-01/host.c"",""source_sha256"":""45e69a3841e4e8368c9380bdbc2f287b38fe1665811764759930b7957a59ce6a"",""stderr"":""""},""extracted_hex"":""4d6f7270682d3031""}"
pilot_mutation,H01-gcd.c,bf207a4afdd7e623be4bd0751bdc1917c0ee550af0f38c0531b25bb726d1710c,symbol,M14,force_O0,configuration,MR02,Host-semantic preservation,preserve,True,False,mismatch_count=0,0.126605,,True,"{""mismatches"":[]}"
pilot_mutation,H01-gcd.c,bf207a4afdd7e623be4bd0751bdc1917c0ee550af0f38c0531b25bb726d1710c,symbol,M14,force_O0,configuration,MR03,Unmarked rejection,reject,True,False,rejected:absent:watermark symbols not found,0.066579,,True,"{""unmarked_binary_sha256"":""9b4d3b3c14fed8daa1b0d67cbd603737a48b61b6fcbe1d6f6b318081d458be0b""}"
pilot_mutation,H01-gcd.c,bf207a4afdd7e623be4bd0751bdc1917c0ee550af0f38c0531b25bb726d1710c,symbol,M14,force_O0,configuration,MR04,Wrong-key rejection,reject,True,False,rejected:wrong-key:symbol key tag mismatch,0.065171,,True,"{""antecedent_guarded"":true,""antecedent_hex"":""4d6f7270682d3031""}"
pilot_mutation,H01-gcd.c,bf207a4afdd7e623be4bd0751bdc1917c0ee550af0f38c0531b25bb726d1710c,symbol,M14,force_O0,configuration,MR05,Payload separation,separate,True,False,first=b'Morph-01';second=b'Second-2',0.115288,,True,"{""execution_order"":""sequential-builds-then-extract"",""first_hex"":""4d6f7270682d3031"",""second_hex"":""5365636f6e642d32""}"
pilot_mutation,H01-gcd.c,bf207a4afdd7e623be4bd0751bdc1917c0ee550af0f38c0531b25bb726d1710c,symbol,M14,force_O0,configuration,MR06,Cross-compiler invariance,preserve,True,False,"payloads=b'Morph-01',b'Morph-01';semantic_equal=True",0.157077,,True,"{""clang_actual"":""clang"",""gcc_actual"":""gcc""}"
pilot_mutation,H01-gcd.c,bf207a4afdd7e623be4bd0751bdc1917c0ee550af0f38c0531b25bb726d1710c,symbol,M14,force_O0,configuration,MR07,Optimization invariance,preserve,True,False,"payloads=['Morph-01', 'Morph-01', 'Morph-01'];semantic_equal=True",0.27716,,True,{}
pilot_mutation,H01-gcd.c,bf207a4afdd7e623be4bd0751bdc1917c0ee550af0f38c0531b25bb726d1710c,symbol,M14,force_O0,configuration,MR08,Clean-room relocation,preserve,True,False,relocated=b'Morph-01',0.045811,,True,"{""clean_room_entries"":[""renamed-artifact.bin""],""relocated_hex"":""4d6f7270682d3031""}"
pilot_mutation,H01-gcd.c,bf207a4afdd7e623be4bd0751bdc1917c0ee550af0f38c0531b25bb726d1710c,symbol,M14,force_O0,configuration,MR09,Carrier-removal rejection,reject,True,False,rejected:absent:watermark symbols not found,0.088888,,True,"{""antecedent_guarded"":true}"
pilot_mutation,H01-gcd.c,bf207a4afdd7e623be4bd0751bdc1917c0ee550af0f38c0531b25bb726d1710c,symbol,M14,force_O0,configuration,MR10,Carrier-corruption rejection,reject,True,False,rejected:malformed:inconsistent watermark symbol set,0.105093,,True,"{""antecedent_guarded"":true}"
pilot_mutation,H01-gcd.c,bf207a4afdd7e623be4bd0751bdc1917c0ee550af0f38c0531b25bb726d1710c,symbol,M14,force_O0,configuration,MR11,Requested/actual trace agreement,trace,False,True,requested=clang/Os;actual=clang/O0,0.095166,,True,"{""build"":{""actual_compiler"":""clang"",""actual_optimization"":""O0"",""binary"":""WORKDIR/symbol/M14/MR11/trace/build-01/artifact.bin"",""binary_sha256"":""ef6f645de816c60a8d3d28bef9858947a8df486502ef8c29dccc883581f2441f"",""carrier"":""symbol"",""command"":[""clang"",""-std=c11"",""-fno-ident"",""-no-pie"",""-O0"",""WORKDIR/symbol/M14/MR11/trace/build-01/host.c"",""-o"",""WORKDIR/symbol/M14/MR11/trace/build-01/artifact.bin""],""effective_payload_hex"":""4d6f7270682d3031"",""key"":""key-alpha"",""mutant_id"":""M14"",""requested_compiler"":""clang"",""requested_optimization"":""Os"",""requested_payload_hex"":""4d6f7270682d3031"",""return_code"":0,""source"":""WORKDIR/symbol/M14/MR11/trace/build-01/host.c"",""source_sha256"":""45e69a3841e4e8368c9380bdbc2f287b38fe1665811764759930b7957a59ce6a"",""stderr"":""""}}"
pilot_mutation,H01-gcd.c,bf207a4afdd7e623be4bd0751bdc1917c0ee550af0f38c0531b25bb726d1710c,symbol,M14,force_O0,configuration,MR12,Interleaved artifact isolation,separate,True,False,parallel_isolation_satisfied,0.100328,,True,"{""aliasing_detected"":false,""both_expected"":true,""execution_order"":""overlapping-builds-then-extract"",""payloads_distinct"":true}"
pilot_mutation,H01-gcd.c,bf207a4afdd7e623be4bd0751bdc1917c0ee550af0f38c0531b25bb726d1710c,symbol,M14,force_O0,configuration,MR13,Reordered extraction independence,preserve,True,False,before=b'Morph-01';intervening=b'Second-2';after=b'Morph-01',0.150096,,True,"{""intervening_extraction"":true}"
pilot_mutation,H01-gcd.c,bf207a4afdd7e623be4bd0751bdc1917c0ee550af0f38c0531b25bb726d1710c,symbol,M14,force_O0,configuration,MR14,Rebuild stability,preserve,True,False,first=b'Morph-01';second=b'Morph-01',0.182815,,True,"{""binary_bytes_equal"":true,""execution_order"":""build1-extract1-build2-extract2""}"
pilot_mutation,H01-gcd.c,bf207a4afdd7e623be4bd0751bdc1917c0ee550af0f38c0531b25bb726d1710c,symbol,M15,transform_noop,transformation,MR01,Round-trip fidelity,preserve,True,False,extracted=b'Morph-01',0.089479,,True,"{""build"":{""actual_compiler"":""gcc"",""actual_optimization"":""O2"",""binary"":""WORKDIR/symbol/M15/MR01/marked/build-01/artifact.bin"",""binary_sha256"":""7b713450f899744a0e9c1995e1ea83c762e52b3b03c45f82418d86193b6be1a1"",""carrier"":""symbol"",""command"":[""gcc"",""-std=c11"",""-fno-ident"",""-no-pie"",""-O2"",""WORKDIR/symbol/M15/MR01/marked/build-01/host.c"",""-o"",""WORKDIR/symbol/M15/MR01/marked/build-01/artifact.bin""],""effective_payload_hex"":""4d6f7270682d3031"",""key"":""key-alpha"",""mutant_id"":""M15"",""requested_compiler"":""gcc"",""requested_optimization"":""O2"",""requested_payload_hex"":""4d6f7270682d3031"",""return_code"":0,""source"":""WORKDIR/symbol/M15/MR01/marked/build-01/host.c"",""source_sha256"":""45e69a3841e4e8368c9380bdbc2f287b38fe1665811764759930b7957a59ce6a"",""stderr"":""""},""extracted_hex"":""4d6f7270682d3031""}"
pilot_mutation,H01-gcd.c,bf207a4afdd7e623be4bd0751bdc1917c0ee550af0f38c0531b25bb726d1710c,symbol,M15,transform_noop,transformation,MR02,Host-semantic preservation,preserve,True,False,mismatch_count=0,0.122037,,True,"{""mismatches"":[]}"
pilot_mutation,H01-gcd.c,bf207a4afdd7e623be4bd0751bdc1917c0ee550af0f38c0531b25bb726d1710c,symbol,M15,transform_noop,transformation,MR03,Unmarked rejection,reject,True,False,rejected:absent:watermark symbols not found,0.097463,,True,"{""unmarked_binary_sha256"":""17288de5d8ffc83b2223ee650ec19f96fa9b779f3eb45b8e2433c730b7a1e3e2""}"
pilot_mutation,H01-gcd.c,bf207a4afdd7e623be4bd0751bdc1917c0ee550af0f38c0531b25bb726d1710c,symbol,M15,transform_noop,transformation,MR04,Wrong-key rejection,reject,True,False,rejected:wrong-key:symbol key tag mismatch,0.066433,,True,"{""antecedent_guarded"":true,""antecedent_hex"":""4d6f7270682d3031""}"
pilot_mutation,H01-gcd.c,bf207a4afdd7e623be4bd0751bdc1917c0ee550af0f38c0531b25bb726d1710c,symbol,M15,transform_noop,transformation,MR05,Payload separation,separate,True,False,first=b'Morph-01';second=b'Second-2',0.146308,,True,"{""execution_order"":""sequential-builds-then-extract"",""first_hex"":""4d6f7270682d3031"",""second_hex"":""5365636f6e642d32""}"
pilot_mutation,H01-gcd.c,bf207a4afdd7e623be4bd0751bdc1917c0ee550af0f38c0531b25bb726d1710c,symbol,M15,transform_noop,transformation,MR06,Cross-compiler invariance,preserve,True,False,"payloads=b'Morph-01',b'Morph-01';semantic_equal=True",0.169263,,True,"{""clang_actual"":""clang"",""gcc_actual"":""gcc""}"
pilot_mutation,H01-gcd.c,bf207a4afdd7e623be4bd0751bdc1917c0ee550af0f38c0531b25bb726d1710c,symbol,M15,transform_noop,transformation,MR07,Optimization invariance,preserve,True,False,"payloads=['Morph-01', 'Morph-01', 'Morph-01'];semantic_equal=True",0.307253,,True,{}
pilot_mutation,H01-gcd.c,bf207a4afdd7e623be4bd0751bdc1917c0ee550af0f38c0531b25bb726d1710c,symbol,M15,transform_noop,transformation,MR08,Clean-room relocation,preserve,True,False,relocated=b'Morph-01',0.089711,,True,"{""clean_room_entries"":[""renamed-artifact.bin""],""relocated_hex"":""4d6f7270682d3031""}"
pilot_mutation,H01-gcd.c,bf207a4afdd7e623be4bd0751bdc1917c0ee550af0f38c0531b25bb726d1710c,symbol,M15,transform_noop,transformation,MR09,Carrier-removal rejection,reject,False,True,spurious robustness:accepted:b'Morph-01',0.087903,,True,"{""antecedent_guarded"":true}"
pilot_mutation,H01-gcd.c,bf207a4afdd7e623be4bd0751bdc1917c0ee550af0f38c0531b25bb726d1710c,symbol,M15,transform_noop,transformation,MR10,Carrier-corruption rejection,reject,True,False,rejected:malformed:inconsistent watermark symbol set,0.09355,,True,"{""antecedent_guarded"":true}"
pilot_mutation,H01-gcd.c,bf207a4afdd7e623be4bd0751bdc1917c0ee550af0f38c0531b25bb726d1710c,symbol,M15,transform_noop,transformation,MR11,Requested/actual trace agreement,trace,True,False,requested=clang/Os;actual=clang/Os,0.090228,,True,"{""build"":{""actual_compiler"":""clang"",""actual_optimization"":""Os"",""binary"":""WORKDIR/symbol/M15/MR11/trace/build-01/artifact.bin"",""binary_sha256"":""25e0d918cd8ff7cc194ede1eb56d7dc89089e033832c65ca5cceab6c9faa446b"",""carrier"":""symbol"",""command"":[""clang"",""-std=c11"",""-fno-ident"",""-no-pie"",""-Os"",""WORKDIR/symbol/M15/MR11/trace/build-01/host.c"",""-o"",""WORKDIR/symbol/M15/MR11/trace/build-01/artifact.bin""],""effective_payload_hex"":""4d6f7270682d3031"",""key"":""key-alpha"",""mutant_id"":""M15"",""requested_compiler"":""clang"",""requested_optimization"":""Os"",""requested_payload_hex"":""4d6f7270682d3031"",""return_code"":0,""source"":""WORKDIR/symbol/M15/MR11/trace/build-01/host.c"",""source_sha256"":""45e69a3841e4e8368c9380bdbc2f287b38fe1665811764759930b7957a59ce6a"",""stderr"":""""}}"
pilot_mutation,H01-gcd.c,bf207a4afdd7e623be4bd0751bdc1917c0ee550af0f38c0531b25bb726d1710c,symbol,M15,transform_noop,transformation,MR12,Interleaved artifact isolation,separate,True,False,parallel_isolation_satisfied,0.115973,,True,"{""aliasing_detected"":false,""both_expected"":true,""execution_order"":""overlapping-builds-then-extract"",""payloads_distinct"":true}"
pilot_mutation,H01-gcd.c,bf207a4afdd7e623be4bd0751bdc1917c0ee550af0f38c0531b25bb726d1710c,symbol,M15,transform_noop,transformation,MR13,Reordered extraction independence,preserve,True,False,before=b'Morph-01';intervening=b'Second-2';after=b'Morph-01',0.160633,,True,"{""intervening_extraction"":true}"
pilot_mutation,H01-gcd.c,bf207a4afdd7e623be4bd0751bdc1917c0ee550af0f38c0531b25bb726d1710c,symbol,M15,transform_noop,transformation,MR14,Rebuild stability,preserve,True,False,first=b'Morph-01';second=b'Morph-01',0.122163,,True,"{""binary_bytes_equal"":true,""execution_order"":""build1-extract1-build2-extract2""}"
pilot_mutation,H01-gcd.c,bf207a4afdd7e623be4bd0751bdc1917c0ee550af0f38c0531b25bb726d1710c,symbol,M16,checksum_bypass,integrity,MR01,Round-trip fidelity,preserve,True,False,extracted=b'Morph-01',0.082446,,True,"{""build"":{""actual_compiler"":""gcc"",""actual_optimization"":""O2"",""binary"":""WORKDIR/symbol/M16/MR01/marked/build-01/artifact.bin"",""binary_sha256"":""7b713450f899744a0e9c1995e1ea83c762e52b3b03c45f82418d86193b6be1a1"",""carrier"":""symbol"",""command"":[""gcc"",""-std=c11"",""-fno-ident"",""-no-pie"",""-O2"",""WORKDIR/symbol/M16/MR01/marked/build-01/host.c"",""-o"",""WORKDIR/symbol/M16/MR01/marked/build-01/artifact.bin""],""effective_payload_hex"":""4d6f7270682d3031"",""key"":""key-alpha"",""mutant_id"":""M16"",""requested_compiler"":""gcc"",""requested_optimization"":""O2"",""requested_payload_hex"":""4d6f7270682d3031"",""return_code"":0,""source"":""WORKDIR/symbol/M16/MR01/marked/build-01/host.c"",""source_sha256"":""45e69a3841e4e8368c9380bdbc2f287b38fe1665811764759930b7957a59ce6a"",""stderr"":""""},""extracted_hex"":""4d6f7270682d3031""}"
pilot_mutation,H01-gcd.c,bf207a4afdd7e623be4bd0751bdc1917c0ee550af0f38c0531b25bb726d1710c,symbol,M16,checksum_bypass,integrity,MR02,Host-semantic preservation,preserve,True,False,mismatch_count=0,0.136253,,True,"{""mismatches"":[]}"
pilot_mutation,H01-gcd.c,bf207a4afdd7e623be4bd0751bdc1917c0ee550af0f38c0531b25bb726d1710c,symbol,M16,checksum_bypass,integrity,MR03,Unmarked rejection,reject,True,False,rejected:absent:watermark symbols not found,0.073224,,True,"{""unmarked_binary_sha256"":""17288de5d8ffc83b2223ee650ec19f96fa9b779f3eb45b8e2433c730b7a1e3e2""}"
pilot_mutation,H01-gcd.c,bf207a4afdd7e623be4bd0751bdc1917c0ee550af0f38c0531b25bb726d1710c,symbol,M16,checksum_bypass,integrity,MR04,Wrong-key rejection,reject,True,False,rejected:wrong-key:symbol key tag mismatch,0.107122,,True,"{""antecedent_guarded"":true,""antecedent_hex"":""4d6f7270682d3031""}"
pilot_mutation,H01-gcd.c,bf207a4afdd7e623be4bd0751bdc1917c0ee550af0f38c0531b25bb726d1710c,symbol,M16,checksum_bypass,integrity,MR05,Payload separation,separate,True,False,first=b'Morph-01';second=b'Second-2',0.164407,,True,"{""execution_order"":""sequential-builds-then-extract"",""first_hex"":""4d6f7270682d3031"",""second_hex"":""5365636f6e642d32""}"
pilot_mutation,H01-gcd.c,bf207a4afdd7e623be4bd0751bdc1917c0ee550af0f38c0531b25bb726d1710c,symbol,M16,checksum_bypass,integrity,MR06,Cross-compiler invariance,preserve,True,False,"payloads=b'Morph-01',b'Morph-01';semantic_equal=True",0.151871,,True,"{""clang_actual"":""clang"",""gcc_actual"":""gcc""}"
pilot_mutation,H01-gcd.c,bf207a4afdd7e623be4bd0751bdc1917c0ee550af0f38c0531b25bb726d1710c,symbol,M16,checksum_bypass,integrity,MR07,Optimization invariance,preserve,True,False,"payloads=['Morph-01', 'Morph-01', 'Morph-01'];semantic_equal=True",0.240792,,True,{}
pilot_mutation,H01-gcd.c,bf207a4afdd7e623be4bd0751bdc1917c0ee550af0f38c0531b25bb726d1710c,symbol,M16,checksum_bypass,integrity,MR08,Clean-room relocation,preserve,True,False,relocated=b'Morph-01',0.087178,,True,"{""clean_room_entries"":[""renamed-artifact.bin""],""relocated_hex"":""4d6f7270682d3031""}"
pilot_mutation,H01-gcd.c,bf207a4afdd7e623be4bd0751bdc1917c0ee550af0f38c0531b25bb726d1710c,symbol,M16,checksum_bypass,integrity,MR09,Carrier-removal rejection,reject,True,False,rejected:absent:watermark symbols not found,0.072499,,True,"{""antecedent_guarded"":true}"
pilot_mutation,H01-gcd.c,bf207a4afdd7e623be4bd0751bdc1917c0ee550af0f38c0531b25bb726d1710c,symbol,M16,checksum_bypass,integrity,MR10,Carrier-corruption rejection,reject,True,False,rejected:malformed:inconsistent watermark symbol set,0.094988,,True,"{""antecedent_guarded"":true}"
pilot_mutation,H01-gcd.c,bf207a4afdd7e623be4bd0751bdc1917c0ee550af0f38c0531b25bb726d1710c,symbol,M16,checksum_bypass,integrity,MR11,Requested/actual trace agreement,trace,True,False,requested=clang/Os;actual=clang/Os,0.087444,,True,"{""build"":{""actual_compiler"":""clang"",""actual_optimization"":""Os"",""binary"":""WORKDIR/symbol/M16/MR11/trace/build-01/artifact.bin"",""binary_sha256"":""25e0d918cd8ff7cc194ede1eb56d7dc89089e033832c65ca5cceab6c9faa446b"",""carrier"":""symbol"",""command"":[""clang"",""-std=c11"",""-fno-ident"",""-no-pie"",""-Os"",""WORKDIR/symbol/M16/MR11/trace/build-01/host.c"",""-o"",""WORKDIR/symbol/M16/MR11/trace/build-01/artifact.bin""],""effective_payload_hex"":""4d6f7270682d3031"",""key"":""key-alpha"",""mutant_id"":""M16"",""requested_compiler"":""clang"",""requested_optimization"":""Os"",""requested_payload_hex"":""4d6f7270682d3031"",""return_code"":0,""source"":""WORKDIR/symbol/M16/MR11/trace/build-01/host.c"",""source_sha256"":""45e69a3841e4e8368c9380bdbc2f287b38fe1665811764759930b7957a59ce6a"",""stderr"":""""}}"
pilot_mutation,H01-gcd.c,bf207a4afdd7e623be4bd0751bdc1917c0ee550af0f38c0531b25bb726d1710c,symbol,M16,checksum_bypass,integrity,MR12,Interleaved artifact isolation,separate,True,False,parallel_isolation_satisfied,0.082818,,True,"{""aliasing_detected"":false,""both_expected"":true,""execution_order"":""overlapping-builds-then-extract"",""payloads_distinct"":true}"
pilot_mutation,H01-gcd.c,bf207a4afdd7e623be4bd0751bdc1917c0ee550af0f38c0531b25bb726d1710c,symbol,M16,checksum_bypass,integrity,MR13,Reordered extraction independence,preserve,True,False,before=b'Morph-01';intervening=b'Second-2';after=b'Morph-01',0.120305,,True,"{""intervening_extraction"":true}"
pilot_mutation,H01-gcd.c,bf207a4afdd7e623be4bd0751bdc1917c0ee550af0f38c0531b25bb726d1710c,symbol,M16,checksum_bypass,integrity,MR14,Rebuild stability,preserve,True,False,first=b'Morph-01';second=b'Morph-01',0.125587,,True,"{""binary_bytes_equal"":true,""execution_order"":""build1-extract1-build2-extract2""}"
pilot_mutation,H01-gcd.c,bf207a4afdd7e623be4bd0751bdc1917c0ee550af0f38c0531b25bb726d1710c,symbol,M17,filename_bound,artifact binding,MR01,Round-trip fidelity,preserve,True,False,extracted=b'Morph-01',0.077131,,True,"{""build"":{""actual_compiler"":""gcc"",""actual_optimization"":""O2"",""binary"":""WORKDIR/symbol/M17/MR01/marked/build-01/artifact.bin"",""binary_sha256"":""7b713450f899744a0e9c1995e1ea83c762e52b3b03c45f82418d86193b6be1a1"",""carrier"":""symbol"",""command"":[""gcc"",""-std=c11"",""-fno-ident"",""-no-pie"",""-O2"",""WORKDIR/symbol/M17/MR01/marked/build-01/host.c"",""-o"",""WORKDIR/symbol/M17/MR01/marked/build-01/artifact.bin""],""effective_payload_hex"":""4d6f7270682d3031"",""key"":""key-alpha"",""mutant_id"":""M17"",""requested_compiler"":""gcc"",""requested_optimization"":""O2"",""requested_payload_hex"":""4d6f7270682d3031"",""return_code"":0,""source"":""WORKDIR/symbol/M17/MR01/marked/build-01/host.c"",""source_sha256"":""45e69a3841e4e8368c9380bdbc2f287b38fe1665811764759930b7957a59ce6a"",""stderr"":""""},""extracted_hex"":""4d6f7270682d3031""}"
pilot_mutation,H01-gcd.c,bf207a4afdd7e623be4bd0751bdc1917c0ee550af0f38c0531b25bb726d1710c,symbol,M17,filename_bound,artifact binding,MR02,Host-semantic preservation,preserve,True,False,mismatch_count=0,0.162623,,True,"{""mismatches"":[]}"
pilot_mutation,H01-gcd.c,bf207a4afdd7e623be4bd0751bdc1917c0ee550af0f38c0531b25bb726d1710c,symbol,M17,filename_bound,artifact binding,MR03,Unmarked rejection,reject,True,False,rejected:absent:watermark symbols not found,0.061884,,True,"{""unmarked_binary_sha256"":""17288de5d8ffc83b2223ee650ec19f96fa9b779f3eb45b8e2433c730b7a1e3e2""}"
pilot_mutation,H01-gcd.c,bf207a4afdd7e623be4bd0751bdc1917c0ee550af0f38c0531b25bb726d1710c,symbol,M17,filename_bound,artifact binding,MR04,Wrong-key rejection,reject,True,False,rejected:wrong-key:symbol key tag mismatch,0.082643,,True,"{""antecedent_guarded"":true,""antecedent_hex"":""4d6f7270682d3031""}"
pilot_mutation,H01-gcd.c,bf207a4afdd7e623be4bd0751bdc1917c0ee550af0f38c0531b25bb726d1710c,symbol,M17,filename_bound,artifact binding,MR05,Payload separation,separate,True,False,first=b'Morph-01';second=b'Second-2',0.105166,,True,"{""execution_order"":""sequential-builds-then-extract"",""first_hex"":""4d6f7270682d3031"",""second_hex"":""5365636f6e642d32""}"
pilot_mutation,H01-gcd.c,bf207a4afdd7e623be4bd0751bdc1917c0ee550af0f38c0531b25bb726d1710c,symbol,M17,filename_bound,artifact binding,MR06,Cross-compiler invariance,preserve,True,False,"payloads=b'Morph-01',b'Morph-01';semantic_equal=True",0.188296,,True,"{""clang_actual"":""clang"",""gcc_actual"":""gcc""}"
pilot_mutation,H01-gcd.c,bf207a4afdd7e623be4bd0751bdc1917c0ee550af0f38c0531b25bb726d1710c,symbol,M17,filename_bound,artifact binding,MR07,Optimization invariance,preserve,True,False,"payloads=['Morph-01', 'Morph-01', 'Morph-01'];semantic_equal=True",0.201749,,True,{}
pilot_mutation,H01-gcd.c,bf207a4afdd7e623be4bd0751bdc1917c0ee550af0f38c0531b25bb726d1710c,symbol,M17,filename_bound,artifact binding,MR08,Clean-room relocation,preserve,False,True,exception:ExtractionError:artifact path is not an original build path,0.061305,ExtractionError,True,{}
pilot_mutation,H01-gcd.c,bf207a4afdd7e623be4bd0751bdc1917c0ee550af0f38c0531b25bb726d1710c,symbol,M17,filename_bound,artifact binding,MR09,Carrier-removal rejection,reject,True,False,rejected:path:artifact path is not an original build path,0.093076,,True,"{""antecedent_guarded"":true}"
pilot_mutation,H01-gcd.c,bf207a4afdd7e623be4bd0751bdc1917c0ee550af0f38c0531b25bb726d1710c,symbol,M17,filename_bound,artifact binding,MR10,Carrier-corruption rejection,reject,True,False,rejected:path:artifact path is not an original build path,0.082942,,True,"{""antecedent_guarded"":true}"
pilot_mutation,H01-gcd.c,bf207a4afdd7e623be4bd0751bdc1917c0ee550af0f38c0531b25bb726d1710c,symbol,M17,filename_bound,artifact binding,MR11,Requested/actual trace agreement,trace,True,False,requested=clang/Os;actual=clang/Os,0.096774,,True,"{""build"":{""actual_compiler"":""clang"",""actual_optimization"":""Os"",""binary"":""WORKDIR/symbol/M17/MR11/trace/build-01/artifact.bin"",""binary_sha256"":""25e0d918cd8ff7cc194ede1eb56d7dc89089e033832c65ca5cceab6c9faa446b"",""carrier"":""symbol"",""command"":[""clang"",""-std=c11"",""-fno-ident"",""-no-pie"",""-Os"",""WORKDIR/symbol/M17/MR11/trace/build-01/host.c"",""-o"",""WORKDIR/symbol/M17/MR11/trace/build-01/artifact.bin""],""effective_payload_hex"":""4d6f7270682d3031"",""key"":""key-alpha"",""mutant_id"":""M17"",""requested_compiler"":""clang"",""requested_optimization"":""Os"",""requested_payload_hex"":""4d6f7270682d3031"",""return_code"":0,""source"":""WORKDIR/symbol/M17/MR11/trace/build-01/host.c"",""source_sha256"":""45e69a3841e4e8368c9380bdbc2f287b38fe1665811764759930b7957a59ce6a"",""stderr"":""""}}"
pilot_mutation,H01-gcd.c,bf207a4afdd7e623be4bd0751bdc1917c0ee550af0f38c0531b25bb726d1710c,symbol,M17,filename_bound,artifact binding,MR12,Interleaved artifact isolation,separate,True,False,parallel_isolation_satisfied,0.102056,,True,"{""aliasing_detected"":false,""both_expected"":true,""execution_order"":""overlapping-builds-then-extract"",""payloads_distinct"":true}"
pilot_mutation,H01-gcd.c,bf207a4afdd7e623be4bd0751bdc1917c0ee550af0f38c0531b25bb726d1710c,symbol,M17,filename_bound,artifact binding,MR13,Reordered extraction independence,preserve,True,False,before=b'Morph-01';intervening=b'Second-2';after=b'Morph-01',0.12696,,True,"{""intervening_extraction"":true}"
pilot_mutation,H01-gcd.c,bf207a4afdd7e623be4bd0751bdc1917c0ee550af0f38c0531b25bb726d1710c,symbol,M17,filename_bound,artifact binding,MR14,Rebuild stability,preserve,True,False,first=b'Morph-01';second=b'Morph-01',0.128273,,True,"{""binary_bytes_equal"":true,""execution_order"":""build1-extract1-build2-extract2""}"
pilot_mutation,H01-gcd.c,bf207a4afdd7e623be4bd0751bdc1917c0ee550af0f38c0531b25bb726d1710c,symbol,M18,stale_binary,state,MR01,Round-trip fidelity,preserve,True,False,extracted=b'Morph-01',0.092054,,True,"{""build"":{""actual_compiler"":""gcc"",""actual_optimization"":""O2"",""binary"":""WORKDIR/symbol/M18/MR01/marked/build-01/artifact.bin"",""binary_sha256"":""7b713450f899744a0e9c1995e1ea83c762e52b3b03c45f82418d86193b6be1a1"",""carrier"":""symbol"",""command"":[""gcc"",""-std=c11"",""-fno-ident"",""-no-pie"",""-O2"",""WORKDIR/symbol/M18/MR01/marked/build-01/host.c"",""-o"",""WORKDIR/symbol/M18/MR01/marked/build-01/artifact.bin""],""effective_payload_hex"":""4d6f7270682d3031"",""key"":""key-alpha"",""mutant_id"":""M18"",""requested_compiler"":""gcc"",""requested_optimization"":""O2"",""requested_payload_hex"":""4d6f7270682d3031"",""return_code"":0,""source"":""WORKDIR/symbol/M18/MR01/marked/build-01/host.c"",""source_sha256"":""45e69a3841e4e8368c9380bdbc2f287b38fe1665811764759930b7957a59ce6a"",""stderr"":""""},""extracted_hex"":""4d6f7270682d3031""}"
pilot_mutation,H01-gcd.c,bf207a4afdd7e623be4bd0751bdc1917c0ee550af0f38c0531b25bb726d1710c,symbol,M18,stale_binary,state,MR02,Host-semantic preservation,preserve,True,False,mismatch_count=0,0.119816,,True,"{""mismatches"":[]}"
pilot_mutation,H01-gcd.c,bf207a4afdd7e623be4bd0751bdc1917c0ee550af0f38c0531b25bb726d1710c,symbol,M18,stale_binary,state,MR03,Unmarked rejection,reject,True,False,rejected:absent:watermark symbols not found,0.070001,,True,"{""unmarked_binary_sha256"":""17288de5d8ffc83b2223ee650ec19f96fa9b779f3eb45b8e2433c730b7a1e3e2""}"
pilot_mutation,H01-gcd.c,bf207a4afdd7e623be4bd0751bdc1917c0ee550af0f38c0531b25bb726d1710c,symbol,M18,stale_binary,state,MR04,Wrong-key rejection,reject,True,False,rejected:wrong-key:symbol key tag mismatch,0.061217,,True,"{""antecedent_guarded"":true,""antecedent_hex"":""4d6f7270682d3031""}"
pilot_mutation,H01-gcd.c,bf207a4afdd7e623be4bd0751bdc1917c0ee550af0f38c0531b25bb726d1710c,symbol,M18,stale_binary,state,MR05,Payload separation,separate,False,True,first=b'Morph-01';second=b'Morph-01',0.043441,,True,"{""execution_order"":""sequential-builds-then-extract"",""first_hex"":""4d6f7270682d3031"",""second_hex"":""4d6f7270682d3031""}"
pilot_mutation,H01-gcd.c,bf207a4afdd7e623be4bd0751bdc1917c0ee550af0f38c0531b25bb726d1710c,symbol,M18,stale_binary,state,MR06,Cross-compiler invariance,preserve,True,False,"payloads=b'Morph-01',b'Morph-01';semantic_equal=True",0.094223,,True,"{""clang_actual"":""gcc"",""gcc_actual"":""gcc""}"
pilot_mutation,H01-gcd.c,bf207a4afdd7e623be4bd0751bdc1917c0ee550af0f38c0531b25bb726d1710c,symbol,M18,stale_binary,state,MR07,Optimization invariance,preserve,True,False,"payloads=['Morph-01', 'Morph-01', 'Morph-01'];semantic_equal=True",0.093017,,True,{}
pilot_mutation,H01-gcd.c,bf207a4afdd7e623be4bd0751bdc1917c0ee550af0f38c0531b25bb726d1710c,symbol,M18,stale_binary,state,MR08,Clean-room relocation,preserve,True,False,relocated=b'Morph-01',0.087559,,True,"{""clean_room_entries"":[""renamed-artifact.bin""],""relocated_hex"":""4d6f7270682d3031""}"
pilot_mutation,H01-gcd.c,bf207a4afdd7e623be4bd0751bdc1917c0ee550af0f38c0531b25bb726d1710c,symbol,M18,stale_binary,state,MR09,Carrier-removal rejection,reject,True,False,rejected:absent:watermark symbols not found,0.077591,,True,"{""antecedent_guarded"":true}"
pilot_mutation,H01-gcd.c,bf207a4afdd7e623be4bd0751bdc1917c0ee550af0f38c0531b25bb726d1710c,symbol,M18,stale_binary,state,MR10,Carrier-corruption rejection,reject,True,False,rejected:malformed:inconsistent watermark symbol set,0.081155,,True,"{""antecedent_guarded"":true}"
pilot_mutation,H01-gcd.c,bf207a4afdd7e623be4bd0751bdc1917c0ee550af0f38c0531b25bb726d1710c,symbol,M18,stale_binary,state,MR11,Requested/actual trace agreement,trace,True,False,requested=clang/Os;actual=clang/Os,0.075131,,True,"{""build"":{""actual_compiler"":""clang"",""actual_optimization"":""Os"",""binary"":""WORKDIR/symbol/M18/MR11/trace/build-01/artifact.bin"",""binary_sha256"":""25e0d918cd8ff7cc194ede1eb56d7dc89089e033832c65ca5cceab6c9faa446b"",""carrier"":""symbol"",""command"":[""clang"",""-std=c11"",""-fno-ident"",""-no-pie"",""-Os"",""WORKDIR/symbol/M18/MR11/trace/build-01/host.c"",""-o"",""WORKDIR/symbol/M18/MR11/trace/build-01/artifact.bin""],""effective_payload_hex"":""4d6f7270682d3031"",""key"":""key-alpha"",""mutant_id"":""M18"",""requested_compiler"":""clang"",""requested_optimization"":""Os"",""requested_payload_hex"":""4d6f7270682d3031"",""return_code"":0,""source"":""WORKDIR/symbol/M18/MR11/trace/build-01/host.c"",""source_sha256"":""45e69a3841e4e8368c9380bdbc2f287b38fe1665811764759930b7957a59ce6a"",""stderr"":""""}}"
pilot_mutation,H01-gcd.c,bf207a4afdd7e623be4bd0751bdc1917c0ee550af0f38c0531b25bb726d1710c,symbol,M18,stale_binary,state,MR12,Interleaved artifact isolation,separate,True,False,parallel_isolation_satisfied,0.090927,,True,"{""aliasing_detected"":false,""both_expected"":true,""execution_order"":""overlapping-builds-then-extract"",""payloads_distinct"":true}"
pilot_mutation,H01-gcd.c,bf207a4afdd7e623be4bd0751bdc1917c0ee550af0f38c0531b25bb726d1710c,symbol,M18,stale_binary,state,MR13,Reordered extraction independence,preserve,False,True,exception:ExtractionError:symbol key tag mismatch,0.063763,ExtractionError,True,{}
pilot_mutation,H01-gcd.c,bf207a4afdd7e623be4bd0751bdc1917c0ee550af0f38c0531b25bb726d1710c,symbol,M18,stale_binary,state,MR14,Rebuild stability,preserve,True,False,first=b'Morph-01';second=b'Morph-01',0.087074,,True,"{""binary_bytes_equal"":true,""execution_order"":""build1-extract1-build2-extract2""}"
pilot_mutation,H01-gcd.c,bf207a4afdd7e623be4bd0751bdc1917c0ee550af0f38c0531b25bb726d1710c,symbol,M19,extractor_prefix,extraction,MR01,Round-trip fidelity,preserve,False,True,extracted=b'Morph-0',0.076672,,True,"{""build"":{""actual_compiler"":""gcc"",""actual_optimization"":""O2"",""binary"":""WORKDIR/symbol/M19/MR01/marked/build-01/artifact.bin"",""binary_sha256"":""7b713450f899744a0e9c1995e1ea83c762e52b3b03c45f82418d86193b6be1a1"",""carrier"":""symbol"",""command"":[""gcc"",""-std=c11"",""-fno-ident"",""-no-pie"",""-O2"",""WORKDIR/symbol/M19/MR01/marked/build-01/host.c"",""-o"",""WORKDIR/symbol/M19/MR01/marked/build-01/artifact.bin""],""effective_payload_hex"":""4d6f7270682d3031"",""key"":""key-alpha"",""mutant_id"":""M19"",""requested_compiler"":""gcc"",""requested_optimization"":""O2"",""requested_payload_hex"":""4d6f7270682d3031"",""return_code"":0,""source"":""WORKDIR/symbol/M19/MR01/marked/build-01/host.c"",""source_sha256"":""45e69a3841e4e8368c9380bdbc2f287b38fe1665811764759930b7957a59ce6a"",""stderr"":""""},""extracted_hex"":""4d6f7270682d30""}"
pilot_mutation,H01-gcd.c,bf207a4afdd7e623be4bd0751bdc1917c0ee550af0f38c0531b25bb726d1710c,symbol,M19,extractor_prefix,extraction,MR02,Host-semantic preservation,preserve,True,False,mismatch_count=0,0.136454,,True,"{""mismatches"":[]}"
pilot_mutation,H01-gcd.c,bf207a4afdd7e623be4bd0751bdc1917c0ee550af0f38c0531b25bb726d1710c,symbol,M19,extractor_prefix,extraction,MR03,Unmarked rejection,reject,True,False,rejected:absent:watermark symbols not found,0.036863,,True,"{""unmarked_binary_sha256"":""17288de5d8ffc83b2223ee650ec19f96fa9b779f3eb45b8e2433c730b7a1e3e2""}"
pilot_mutation,H01-gcd.c,bf207a4afdd7e623be4bd0751bdc1917c0ee550af0f38c0531b25bb726d1710c,symbol,M19,extractor_prefix,extraction,MR04,Wrong-key rejection,reject,True,False,rejected:wrong-key:symbol key tag mismatch,0.095691,,True,"{""antecedent_guarded"":true,""antecedent_hex"":""4d6f7270682d3031""}"
pilot_mutation,H01-gcd.c,bf207a4afdd7e623be4bd0751bdc1917c0ee550af0f38c0531b25bb726d1710c,symbol,M19,extractor_prefix,extraction,MR05,Payload separation,separate,False,True,first=b'Morph-0';second=b'Second-',0.139002,,True,"{""execution_order"":""sequential-builds-then-extract"",""first_hex"":""4d6f7270682d30"",""second_hex"":""5365636f6e642d""}"
pilot_mutation,H01-gcd.c,bf207a4afdd7e623be4bd0751bdc1917c0ee550af0f38c0531b25bb726d1710c,symbol,M19,extractor_prefix,extraction,MR06,Cross-compiler invariance,preserve,False,True,"payloads=b'Morph-0',b'Morph-0';semantic_equal=True",0.174681,,True,"{""clang_actual"":""clang"",""gcc_actual"":""gcc""}"
pilot_mutation,H01-gcd.c,bf207a4afdd7e623be4bd0751bdc1917c0ee550af0f38c0531b25bb726d1710c,symbol,M19,extractor_prefix,extraction,MR07,Optimization invariance,preserve,False,True,"payloads=['Morph-0', 'Morph-0', 'Morph-0'];semantic_equal=True",0.253196,,True,{}
pilot_mutation,H01-gcd.c,bf207a4afdd7e623be4bd0751bdc1917c0ee550af0f38c0531b25bb726d1710c,symbol,M19,extractor_prefix,extraction,MR08,Clean-room relocation,preserve,False,True,source_mismatch=b'Morph-0',0.063348,,True,"{""source_hex"":""4d6f7270682d30""}"
pilot_mutation,H01-gcd.c,bf207a4afdd7e623be4bd0751bdc1917c0ee550af0f38c0531b25bb726d1710c,symbol,M19,extractor_prefix,extraction,MR09,Carrier-removal rejection,reject,True,False,rejected:absent:watermark symbols not found,0.060832,,True,"{""antecedent_guarded"":true}"
pilot_mutation,H01-gcd.c,bf207a4afdd7e623be4bd0751bdc1917c0ee550af0f38c0531b25bb726d1710c,symbol,M19,extractor_prefix,extraction,MR10,Carrier-corruption rejection,reject,True,False,rejected:malformed:inconsistent watermark symbol set,0.065382,,True,"{""antecedent_guarded"":true}"
pilot_mutation,H01-gcd.c,bf207a4afdd7e623be4bd0751bdc1917c0ee550af0f38c0531b25bb726d1710c,symbol,M19,extractor_prefix,extraction,MR11,Requested/actual trace agreement,trace,True,False,requested=clang/Os;actual=clang/Os,0.048179,,True,"{""build"":{""actual_compiler"":""clang"",""actual_optimization"":""Os"",""binary"":""WORKDIR/symbol/M19/MR11/trace/build-01/artifact.bin"",""binary_sha256"":""25e0d918cd8ff7cc194ede1eb56d7dc89089e033832c65ca5cceab6c9faa446b"",""carrier"":""symbol"",""command"":[""clang"",""-std=c11"",""-fno-ident"",""-no-pie"",""-Os"",""WORKDIR/symbol/M19/MR11/trace/build-01/host.c"",""-o"",""WORKDIR/symbol/M19/MR11/trace/build-01/artifact.bin""],""effective_payload_hex"":""4d6f7270682d3031"",""key"":""key-alpha"",""mutant_id"":""M19"",""requested_compiler"":""clang"",""requested_optimization"":""Os"",""requested_payload_hex"":""4d6f7270682d3031"",""return_code"":0,""source"":""WORKDIR/symbol/M19/MR11/trace/build-01/host.c"",""source_sha256"":""45e69a3841e4e8368c9380bdbc2f287b38fe1665811764759930b7957a59ce6a"",""stderr"":""""}}"
pilot_mutation,H01-gcd.c,bf207a4afdd7e623be4bd0751bdc1917c0ee550af0f38c0531b25bb726d1710c,symbol,M19,extractor_prefix,extraction,MR12,Interleaved artifact isolation,separate,False,True,parallel_isolation_clause_violated,0.088804,,True,"{""aliasing_detected"":false,""both_expected"":false,""execution_order"":""overlapping-builds-then-extract"",""payloads_distinct"":true}"
pilot_mutation,H01-gcd.c,bf207a4afdd7e623be4bd0751bdc1917c0ee550af0f38c0531b25bb726d1710c,symbol,M19,extractor_prefix,extraction,MR13,Reordered extraction independence,preserve,False,True,before=b'Morph-0';intervening=b'Second-';after=b'Morph-0',0.161002,,True,"{""intervening_extraction"":true}"
pilot_mutation,H01-gcd.c,bf207a4afdd7e623be4bd0751bdc1917c0ee550af0f38c0531b25bb726d1710c,symbol,M19,extractor_prefix,extraction,MR14,Rebuild stability,preserve,False,True,first=b'Morph-0';second=b'Morph-0',0.098602,,True,"{""binary_bytes_equal"":true,""execution_order"":""build1-extract1-build2-extract2""}"
pilot_mutation,H01-gcd.c,bf207a4afdd7e623be4bd0751bdc1917c0ee550af0f38c0531b25bb726d1710c,symbol,M20,interleaved_collision,state,MR01,Round-trip fidelity,preserve,True,False,extracted=b'Morph-01',0.075744,,True,"{""build"":{""actual_compiler"":""gcc"",""actual_optimization"":""O2"",""binary"":""WORKDIR/symbol/M20/MR01/marked/build-01/artifact.bin"",""binary_sha256"":""7b713450f899744a0e9c1995e1ea83c762e52b3b03c45f82418d86193b6be1a1"",""carrier"":""symbol"",""command"":[""gcc"",""-std=c11"",""-fno-ident"",""-no-pie"",""-O2"",""WORKDIR/symbol/M20/MR01/marked/build-01/host.c"",""-o"",""WORKDIR/symbol/M20/MR01/marked/build-01/artifact.bin""],""effective_payload_hex"":""4d6f7270682d3031"",""key"":""key-alpha"",""mutant_id"":""M20"",""requested_compiler"":""gcc"",""requested_optimization"":""O2"",""requested_payload_hex"":""4d6f7270682d3031"",""return_code"":0,""source"":""WORKDIR/symbol/M20/MR01/marked/build-01/host.c"",""source_sha256"":""45e69a3841e4e8368c9380bdbc2f287b38fe1665811764759930b7957a59ce6a"",""stderr"":""""},""extracted_hex"":""4d6f7270682d3031""}"
pilot_mutation,H01-gcd.c,bf207a4afdd7e623be4bd0751bdc1917c0ee550af0f38c0531b25bb726d1710c,symbol,M20,interleaved_collision,state,MR02,Host-semantic preservation,preserve,True,False,mismatch_count=0,0.161091,,True,"{""mismatches"":[]}"
pilot_mutation,H01-gcd.c,bf207a4afdd7e623be4bd0751bdc1917c0ee550af0f38c0531b25bb726d1710c,symbol,M20,interleaved_collision,state,MR03,Unmarked rejection,reject,True,False,rejected:absent:watermark symbols not found,0.054129,,True,"{""unmarked_binary_sha256"":""17288de5d8ffc83b2223ee650ec19f96fa9b779f3eb45b8e2433c730b7a1e3e2""}"
pilot_mutation,H01-gcd.c,bf207a4afdd7e623be4bd0751bdc1917c0ee550af0f38c0531b25bb726d1710c,symbol,M20,interleaved_collision,state,MR04,Wrong-key rejection,reject,True,False,rejected:wrong-key:symbol key tag mismatch,0.055497,,True,"{""antecedent_guarded"":true,""antecedent_hex"":""4d6f7270682d3031""}"
pilot_mutation,H01-gcd.c,bf207a4afdd7e623be4bd0751bdc1917c0ee550af0f38c0531b25bb726d1710c,symbol,M20,interleaved_collision,state,MR05,Payload separation,separate,True,False,first=b'Morph-01';second=b'Second-2',0.133436,,True,"{""execution_order"":""sequential-builds-then-extract"",""first_hex"":""4d6f7270682d3031"",""second_hex"":""5365636f6e642d32""}"
pilot_mutation,H01-gcd.c,bf207a4afdd7e623be4bd0751bdc1917c0ee550af0f38c0531b25bb726d1710c,symbol,M20,interleaved_collision,state,MR06,Cross-compiler invariance,preserve,True,False,"payloads=b'Morph-01',b'Morph-01';semantic_equal=True",0.197095,,True,"{""clang_actual"":""clang"",""gcc_actual"":""gcc""}"
pilot_mutation,H01-gcd.c,bf207a4afdd7e623be4bd0751bdc1917c0ee550af0f38c0531b25bb726d1710c,symbol,M20,interleaved_collision,state,MR07,Optimization invariance,preserve,True,False,"payloads=['Morph-01', 'Morph-01', 'Morph-01'];semantic_equal=True",0.199611,,True,{}
pilot_mutation,H01-gcd.c,bf207a4afdd7e623be4bd0751bdc1917c0ee550af0f38c0531b25bb726d1710c,symbol,M20,interleaved_collision,state,MR08,Clean-room relocation,preserve,True,False,relocated=b'Morph-01',0.071474,,True,"{""clean_room_entries"":[""renamed-artifact.bin""],""relocated_hex"":""4d6f7270682d3031""}"
pilot_mutation,H01-gcd.c,bf207a4afdd7e623be4bd0751bdc1917c0ee550af0f38c0531b25bb726d1710c,symbol,M20,interleaved_collision,state,MR09,Carrier-removal rejection,reject,True,False,rejected:absent:watermark symbols not found,0.060921,,True,"{""antecedent_guarded"":true}"
pilot_mutation,H01-gcd.c,bf207a4afdd7e623be4bd0751bdc1917c0ee550af0f38c0531b25bb726d1710c,symbol,M20,interleaved_collision,state,MR10,Carrier-corruption rejection,reject,True,False,rejected:malformed:inconsistent watermark symbol set,0.056325,,True,"{""antecedent_guarded"":true}"
pilot_mutation,H01-gcd.c,bf207a4afdd7e623be4bd0751bdc1917c0ee550af0f38c0531b25bb726d1710c,symbol,M20,interleaved_collision,state,MR11,Requested/actual trace agreement,trace,True,False,requested=clang/Os;actual=clang/Os,0.075246,,True,"{""build"":{""actual_compiler"":""clang"",""actual_optimization"":""Os"",""binary"":""WORKDIR/symbol/M20/MR11/trace/build-01/artifact.bin"",""binary_sha256"":""25e0d918cd8ff7cc194ede1eb56d7dc89089e033832c65ca5cceab6c9faa446b"",""carrier"":""symbol"",""command"":[""clang"",""-std=c11"",""-fno-ident"",""-no-pie"",""-Os"",""WORKDIR/symbol/M20/MR11/trace/build-01/host.c"",""-o"",""WORKDIR/symbol/M20/MR11/trace/build-01/artifact.bin""],""effective_payload_hex"":""4d6f7270682d3031"",""key"":""key-alpha"",""mutant_id"":""M20"",""requested_compiler"":""clang"",""requested_optimization"":""Os"",""requested_payload_hex"":""4d6f7270682d3031"",""return_code"":0,""source"":""WORKDIR/symbol/M20/MR11/trace/build-01/host.c"",""source_sha256"":""45e69a3841e4e8368c9380bdbc2f287b38fe1665811764759930b7957a59ce6a"",""stderr"":""""}}"
pilot_mutation,H01-gcd.c,bf207a4afdd7e623be4bd0751bdc1917c0ee550af0f38c0531b25bb726d1710c,symbol,M20,interleaved_collision,state,MR12,Interleaved artifact isolation,separate,False,True,parallel_isolation_clause_violated,0.097916,,True,"{""aliasing_detected"":true,""both_expected"":false,""execution_order"":""overlapping-builds-then-extract"",""payloads_distinct"":false}"
pilot_mutation,H01-gcd.c,bf207a4afdd7e623be4bd0751bdc1917c0ee550af0f38c0531b25bb726d1710c,symbol,M20,interleaved_collision,state,MR13,Reordered extraction independence,preserve,True,False,before=b'Morph-01';intervening=b'Second-2';after=b'Morph-01',0.133537,,True,"{""intervening_extraction"":true}"
pilot_mutation,H01-gcd.c,bf207a4afdd7e623be4bd0751bdc1917c0ee550af0f38c0531b25bb726d1710c,symbol,M20,interleaved_collision,state,MR14,Rebuild stability,preserve,True,False,first=b'Morph-01';second=b'Morph-01',0.131998,,True,"{""binary_bytes_equal"":true,""execution_order"":""build1-extract1-build2-extract2""}"
pilot_mutation,H01-gcd.c,bf207a4afdd7e623be4bd0751bdc1917c0ee550af0f38c0531b25bb726d1710c,symbol,M21,alternate_compiler_corruption,configuration,MR01,Round-trip fidelity,preserve,True,False,extracted=b'Morph-01',0.067563,,True,"{""build"":{""actual_compiler"":""gcc"",""actual_optimization"":""O2"",""binary"":""WORKDIR/symbol/M21/MR01/marked/build-01/artifact.bin"",""binary_sha256"":""7b713450f899744a0e9c1995e1ea83c762e52b3b03c45f82418d86193b6be1a1"",""carrier"":""symbol"",""command"":[""gcc"",""-std=c11"",""-fno-ident"",""-no-pie"",""-O2"",""WORKDIR/symbol/M21/MR01/marked/build-01/host.c"",""-o"",""WORKDIR/symbol/M21/MR01/marked/build-01/artifact.bin""],""effective_payload_hex"":""4d6f7270682d3031"",""key"":""key-alpha"",""mutant_id"":""M21"",""requested_compiler"":""gcc"",""requested_optimization"":""O2"",""requested_payload_hex"":""4d6f7270682d3031"",""return_code"":0,""source"":""WORKDIR/symbol/M21/MR01/marked/build-01/host.c"",""source_sha256"":""45e69a3841e4e8368c9380bdbc2f287b38fe1665811764759930b7957a59ce6a"",""stderr"":""""},""extracted_hex"":""4d6f7270682d3031""}"
pilot_mutation,H01-gcd.c,bf207a4afdd7e623be4bd0751bdc1917c0ee550af0f38c0531b25bb726d1710c,symbol,M21,alternate_compiler_corruption,configuration,MR02,Host-semantic preservation,preserve,True,False,mismatch_count=0,0.154937,,True,"{""mismatches"":[]}"
pilot_mutation,H01-gcd.c,bf207a4afdd7e623be4bd0751bdc1917c0ee550af0f38c0531b25bb726d1710c,symbol,M21,alternate_compiler_corruption,configuration,MR03,Unmarked rejection,reject,True,False,rejected:absent:watermark symbols not found,0.033323,,True,"{""unmarked_binary_sha256"":""17288de5d8ffc83b2223ee650ec19f96fa9b779f3eb45b8e2433c730b7a1e3e2""}"
pilot_mutation,H01-gcd.c,bf207a4afdd7e623be4bd0751bdc1917c0ee550af0f38c0531b25bb726d1710c,symbol,M21,alternate_compiler_corruption,configuration,MR04,Wrong-key rejection,reject,True,False,rejected:wrong-key:symbol key tag mismatch,0.07638,,True,"{""antecedent_guarded"":true,""antecedent_hex"":""4d6f7270682d3031""}"
pilot_mutation,H01-gcd.c,bf207a4afdd7e623be4bd0751bdc1917c0ee550af0f38c0531b25bb726d1710c,symbol,M21,alternate_compiler_corruption,configuration,MR05,Payload separation,separate,True,False,first=b'Morph-01';second=b'Second-2',0.101143,,True,"{""execution_order"":""sequential-builds-then-extract"",""first_hex"":""4d6f7270682d3031"",""second_hex"":""5365636f6e642d32""}"
pilot_mutation,H01-gcd.c,bf207a4afdd7e623be4bd0751bdc1917c0ee550af0f38c0531b25bb726d1710c,symbol,M21,alternate_compiler_corruption,configuration,MR06,Cross-compiler invariance,preserve,False,True,"payloads=b'Morph-01',b'Lorph-01';semantic_equal=True",0.204578,,True,"{""clang_actual"":""clang"",""gcc_actual"":""gcc""}"
pilot_mutation,H01-gcd.c,bf207a4afdd7e623be4bd0751bdc1917c0ee550af0f38c0531b25bb726d1710c,symbol,M21,alternate_compiler_corruption,configuration,MR07,Optimization invariance,preserve,True,False,"payloads=['Morph-01', 'Morph-01', 'Morph-01'];semantic_equal=True",0.235233,,True,{}
pilot_mutation,H01-gcd.c,bf207a4afdd7e623be4bd0751bdc1917c0ee550af0f38c0531b25bb726d1710c,symbol,M21,alternate_compiler_corruption,configuration,MR08,Clean-room relocation,preserve,True,False,relocated=b'Morph-01',0.076532,,True,"{""clean_room_entries"":[""renamed-artifact.bin""],""relocated_hex"":""4d6f7270682d3031""}"
pilot_mutation,H01-gcd.c,bf207a4afdd7e623be4bd0751bdc1917c0ee550af0f38c0531b25bb726d1710c,symbol,M21,alternate_compiler_corruption,configuration,MR09,Carrier-removal rejection,reject,True,False,rejected:absent:watermark symbols not found,0.055461,,True,"{""antecedent_guarded"":true}"
pilot_mutation,H01-gcd.c,bf207a4afdd7e623be4bd0751bdc1917c0ee550af0f38c0531b25bb726d1710c,symbol,M21,alternate_compiler_corruption,configuration,MR10,Carrier-corruption rejection,reject,True,False,rejected:malformed:inconsistent watermark symbol set,0.082915,,True,"{""antecedent_guarded"":true}"
pilot_mutation,H01-gcd.c,bf207a4afdd7e623be4bd0751bdc1917c0ee550af0f38c0531b25bb726d1710c,symbol,M21,alternate_compiler_corruption,configuration,MR11,Requested/actual trace agreement,trace,True,False,requested=clang/Os;actual=clang/Os,0.054991,,True,"{""build"":{""actual_compiler"":""clang"",""actual_optimization"":""Os"",""binary"":""WORKDIR/symbol/M21/MR11/trace/build-01/artifact.bin"",""binary_sha256"":""660b873dd17c9254a19706c1457a4074f3feda7230fd407f9f67f505cd94b949"",""carrier"":""symbol"",""command"":[""clang"",""-std=c11"",""-fno-ident"",""-no-pie"",""-Os"",""WORKDIR/symbol/M21/MR11/trace/build-01/host.c"",""-o"",""WORKDIR/symbol/M21/MR11/trace/build-01/artifact.bin""],""effective_payload_hex"":""4c6f7270682d3031"",""key"":""key-alpha"",""mutant_id"":""M21"",""requested_compiler"":""clang"",""requested_optimization"":""Os"",""requested_payload_hex"":""4d6f7270682d3031"",""return_code"":0,""source"":""WORKDIR/symbol/M21/MR11/trace/build-01/host.c"",""source_sha256"":""e5c4aab85d2d107c876f5440efa877ef9181f2c35916444fda9a4d1c3e330e05"",""stderr"":""""}}"
pilot_mutation,H01-gcd.c,bf207a4afdd7e623be4bd0751bdc1917c0ee550af0f38c0531b25bb726d1710c,symbol,M21,alternate_compiler_corruption,configuration,MR12,Interleaved artifact isolation,separate,True,False,parallel_isolation_satisfied,0.089648,,True,"{""aliasing_detected"":false,""both_expected"":true,""execution_order"":""overlapping-builds-then-extract"",""payloads_distinct"":true}"
pilot_mutation,H01-gcd.c,bf207a4afdd7e623be4bd0751bdc1917c0ee550af0f38c0531b25bb726d1710c,symbol,M21,alternate_compiler_corruption,configuration,MR13,Reordered extraction independence,preserve,True,False,before=b'Morph-01';intervening=b'Second-2';after=b'Morph-01',0.130397,,True,"{""intervening_extraction"":true}"
pilot_mutation,H01-gcd.c,bf207a4afdd7e623be4bd0751bdc1917c0ee550af0f38c0531b25bb726d1710c,symbol,M21,alternate_compiler_corruption,configuration,MR14,Rebuild stability,preserve,True,False,first=b'Morph-01';second=b'Morph-01',0.11809,,True,"{""binary_bytes_equal"":true,""execution_order"":""build1-extract1-build2-extract2""}"
pilot_mutation,H01-gcd.c,bf207a4afdd7e623be4bd0751bdc1917c0ee550af0f38c0531b25bb726d1710c,symbol,M22,size_optimization_corruption,configuration,MR01,Round-trip fidelity,preserve,True,False,extracted=b'Morph-01',0.077861,,True,"{""build"":{""actual_compiler"":""gcc"",""actual_optimization"":""O2"",""binary"":""WORKDIR/symbol/M22/MR01/marked/build-01/artifact.bin"",""binary_sha256"":""7b713450f899744a0e9c1995e1ea83c762e52b3b03c45f82418d86193b6be1a1"",""carrier"":""symbol"",""command"":[""gcc"",""-std=c11"",""-fno-ident"",""-no-pie"",""-O2"",""WORKDIR/symbol/M22/MR01/marked/build-01/host.c"",""-o"",""WORKDIR/symbol/M22/MR01/marked/build-01/artifact.bin""],""effective_payload_hex"":""4d6f7270682d3031"",""key"":""key-alpha"",""mutant_id"":""M22"",""requested_compiler"":""gcc"",""requested_optimization"":""O2"",""requested_payload_hex"":""4d6f7270682d3031"",""return_code"":0,""source"":""WORKDIR/symbol/M22/MR01/marked/build-01/host.c"",""source_sha256"":""45e69a3841e4e8368c9380bdbc2f287b38fe1665811764759930b7957a59ce6a"",""stderr"":""""},""extracted_hex"":""4d6f7270682d3031""}"
pilot_mutation,H01-gcd.c,bf207a4afdd7e623be4bd0751bdc1917c0ee550af0f38c0531b25bb726d1710c,symbol,M22,size_optimization_corruption,configuration,MR02,Host-semantic preservation,preserve,True,False,mismatch_count=0,0.159808,,True,"{""mismatches"":[]}"
pilot_mutation,H01-gcd.c,bf207a4afdd7e623be4bd0751bdc1917c0ee550af0f38c0531b25bb726d1710c,symbol,M22,size_optimization_corruption,configuration,MR03,Unmarked rejection,reject,True,False,rejected:absent:watermark symbols not found,0.065454,,True,"{""unmarked_binary_sha256"":""17288de5d8ffc83b2223ee650ec19f96fa9b779f3eb45b8e2433c730b7a1e3e2""}"
pilot_mutation,H01-gcd.c,bf207a4afdd7e623be4bd0751bdc1917c0ee550af0f38c0531b25bb726d1710c,symbol,M22,size_optimization_corruption,configuration,MR04,Wrong-key rejection,reject,True,False,rejected:wrong-key:symbol key tag mismatch,0.04476,,True,"{""antecedent_guarded"":true,""antecedent_hex"":""4d6f7270682d3031""}"
pilot_mutation,H01-gcd.c,bf207a4afdd7e623be4bd0751bdc1917c0ee550af0f38c0531b25bb726d1710c,symbol,M22,size_optimization_corruption,configuration,MR05,Payload separation,separate,True,False,first=b'Morph-01';second=b'Second-2',0.112406,,True,"{""execution_order"":""sequential-builds-then-extract"",""first_hex"":""4d6f7270682d3031"",""second_hex"":""5365636f6e642d32""}"
pilot_mutation,H01-gcd.c,bf207a4afdd7e623be4bd0751bdc1917c0ee550af0f38c0531b25bb726d1710c,symbol,M22,size_optimization_corruption,configuration,MR06,Cross-compiler invariance,preserve,True,False,"payloads=b'Morph-01',b'Morph-01';semantic_equal=True",0.192045,,True,"{""clang_actual"":""clang"",""gcc_actual"":""gcc""}"
pilot_mutation,H01-gcd.c,bf207a4afdd7e623be4bd0751bdc1917c0ee550af0f38c0531b25bb726d1710c,symbol,M22,size_optimization_corruption,configuration,MR07,Optimization invariance,preserve,False,True,"payloads=['Morph-01', 'Morph-01', 'Lorph-01'];semantic_equal=True",0.226681,,True,{}
pilot_mutation,H01-gcd.c,bf207a4afdd7e623be4bd0751bdc1917c0ee550af0f38c0531b25bb726d1710c,symbol,M22,size_optimization_corruption,configuration,MR08,Clean-room relocation,preserve,True,False,relocated=b'Morph-01',0.066434,,True,"{""clean_room_entries"":[""renamed-artifact.bin""],""relocated_hex"":""4d6f7270682d3031""}"
pilot_mutation,H01-gcd.c,bf207a4afdd7e623be4bd0751bdc1917c0ee550af0f38c0531b25bb726d1710c,symbol,M22,size_optimization_corruption,configuration,MR09,Carrier-removal rejection,reject,True,False,rejected:absent:watermark symbols not found,0.078318,,True,"{""antecedent_guarded"":true}"
pilot_mutation,H01-gcd.c,bf207a4afdd7e623be4bd0751bdc1917c0ee550af0f38c0531b25bb726d1710c,symbol,M22,size_optimization_corruption,configuration,MR10,Carrier-corruption rejection,reject,True,False,rejected:malformed:inconsistent watermark symbol set,0.075082,,True,"{""antecedent_guarded"":true}"
pilot_mutation,H01-gcd.c,bf207a4afdd7e623be4bd0751bdc1917c0ee550af0f38c0531b25bb726d1710c,symbol,M22,size_optimization_corruption,configuration,MR11,Requested/actual trace agreement,trace,True,False,requested=clang/Os;actual=clang/Os,0.093239,,True,"{""build"":{""actual_compiler"":""clang"",""actual_optimization"":""Os"",""binary"":""WORKDIR/symbol/M22/MR11/trace/build-01/artifact.bin"",""binary_sha256"":""660b873dd17c9254a19706c1457a4074f3feda7230fd407f9f67f505cd94b949"",""carrier"":""symbol"",""command"":[""clang"",""-std=c11"",""-fno-ident"",""-no-pie"",""-Os"",""WORKDIR/symbol/M22/MR11/trace/build-01/host.c"",""-o"",""WORKDIR/symbol/M22/MR11/trace/build-01/artifact.bin""],""effective_payload_hex"":""4c6f7270682d3031"",""key"":""key-alpha"",""mutant_id"":""M22"",""requested_compiler"":""clang"",""requested_optimization"":""Os"",""requested_payload_hex"":""4d6f7270682d3031"",""return_code"":0,""source"":""WORKDIR/symbol/M22/MR11/trace/build-01/host.c"",""source_sha256"":""e5c4aab85d2d107c876f5440efa877ef9181f2c35916444fda9a4d1c3e330e05"",""stderr"":""""}}"
pilot_mutation,H01-gcd.c,bf207a4afdd7e623be4bd0751bdc1917c0ee550af0f38c0531b25bb726d1710c,symbol,M22,size_optimization_corruption,configuration,MR12,Interleaved artifact isolation,separate,True,False,parallel_isolation_satisfied,0.063279,,True,"{""aliasing_detected"":false,""both_expected"":true,""execution_order"":""overlapping-builds-then-extract"",""payloads_distinct"":true}"
pilot_mutation,H01-gcd.c,bf207a4afdd7e623be4bd0751bdc1917c0ee550af0f38c0531b25bb726d1710c,symbol,M22,size_optimization_corruption,configuration,MR13,Reordered extraction independence,preserve,True,False,before=b'Morph-01';intervening=b'Second-2';after=b'Morph-01',0.118651,,True,"{""intervening_extraction"":true}"
pilot_mutation,H01-gcd.c,bf207a4afdd7e623be4bd0751bdc1917c0ee550af0f38c0531b25bb726d1710c,symbol,M22,size_optimization_corruption,configuration,MR14,Rebuild stability,preserve,True,False,first=b'Morph-01';second=b'Morph-01',0.123307,,True,"{""binary_bytes_equal"":true,""execution_order"":""build1-extract1-build2-extract2""}"
pilot_mutation,H01-gcd.c,bf207a4afdd7e623be4bd0751bdc1917c0ee550af0f38c0531b25bb726d1710c,symbol,M23,revisit_state_contamination,state,MR01,Round-trip fidelity,preserve,True,False,extracted=b'Morph-01',0.042478,,True,"{""build"":{""actual_compiler"":""gcc"",""actual_optimization"":""O2"",""binary"":""WORKDIR/symbol/M23/MR01/marked/build-01/artifact.bin"",""binary_sha256"":""7b713450f899744a0e9c1995e1ea83c762e52b3b03c45f82418d86193b6be1a1"",""carrier"":""symbol"",""command"":[""gcc"",""-std=c11"",""-fno-ident"",""-no-pie"",""-O2"",""WORKDIR/symbol/M23/MR01/marked/build-01/host.c"",""-o"",""WORKDIR/symbol/M23/MR01/marked/build-01/artifact.bin""],""effective_payload_hex"":""4d6f7270682d3031"",""key"":""key-alpha"",""mutant_id"":""M23"",""requested_compiler"":""gcc"",""requested_optimization"":""O2"",""requested_payload_hex"":""4d6f7270682d3031"",""return_code"":0,""source"":""WORKDIR/symbol/M23/MR01/marked/build-01/host.c"",""source_sha256"":""45e69a3841e4e8368c9380bdbc2f287b38fe1665811764759930b7957a59ce6a"",""stderr"":""""},""extracted_hex"":""4d6f7270682d3031""}"
pilot_mutation,H01-gcd.c,bf207a4afdd7e623be4bd0751bdc1917c0ee550af0f38c0531b25bb726d1710c,symbol,M23,revisit_state_contamination,state,MR02,Host-semantic preservation,preserve,True,False,mismatch_count=0,0.183559,,True,"{""mismatches"":[]}"
pilot_mutation,H01-gcd.c,bf207a4afdd7e623be4bd0751bdc1917c0ee550af0f38c0531b25bb726d1710c,symbol,M23,revisit_state_contamination,state,MR03,Unmarked rejection,reject,True,False,rejected:absent:watermark symbols not found,0.065524,,True,"{""unmarked_binary_sha256"":""17288de5d8ffc83b2223ee650ec19f96fa9b779f3eb45b8e2433c730b7a1e3e2""}"
pilot_mutation,H01-gcd.c,bf207a4afdd7e623be4bd0751bdc1917c0ee550af0f38c0531b25bb726d1710c,symbol,M23,revisit_state_contamination,state,MR04,Wrong-key rejection,reject,True,False,rejected:wrong-key:symbol key tag mismatch,0.05834,,True,"{""antecedent_guarded"":true,""antecedent_hex"":""4d6f7270682d3031""}"
pilot_mutation,H01-gcd.c,bf207a4afdd7e623be4bd0751bdc1917c0ee550af0f38c0531b25bb726d1710c,symbol,M23,revisit_state_contamination,state,MR05,Payload separation,separate,True,False,first=b'Morph-01';second=b'Second-2',0.132829,,True,"{""execution_order"":""sequential-builds-then-extract"",""first_hex"":""4d6f7270682d3031"",""second_hex"":""5365636f6e642d32""}"
pilot_mutation,H01-gcd.c,bf207a4afdd7e623be4bd0751bdc1917c0ee550af0f38c0531b25bb726d1710c,symbol,M23,revisit_state_contamination,state,MR06,Cross-compiler invariance,preserve,True,False,"payloads=b'Morph-01',b'Morph-01';semantic_equal=True",0.144209,,True,"{""clang_actual"":""clang"",""gcc_actual"":""gcc""}"
pilot_mutation,H01-gcd.c,bf207a4afdd7e623be4bd0751bdc1917c0ee550af0f38c0531b25bb726d1710c,symbol,M23,revisit_state_contamination,state,MR07,Optimization invariance,preserve,True,False,"payloads=['Morph-01', 'Morph-01', 'Morph-01'];semantic_equal=True",0.205513,,True,{}
pilot_mutation,H01-gcd.c,bf207a4afdd7e623be4bd0751bdc1917c0ee550af0f38c0531b25bb726d1710c,symbol,M23,revisit_state_contamination,state,MR08,Clean-room relocation,preserve,True,False,relocated=b'Morph-01',0.040749,,True,"{""clean_room_entries"":[""renamed-artifact.bin""],""relocated_hex"":""4d6f7270682d3031""}"
pilot_mutation,H01-gcd.c,bf207a4afdd7e623be4bd0751bdc1917c0ee550af0f38c0531b25bb726d1710c,symbol,M23,revisit_state_contamination,state,MR09,Carrier-removal rejection,reject,True,False,rejected:absent:watermark symbols not found,0.080388,,True,"{""antecedent_guarded"":true}"
pilot_mutation,H01-gcd.c,bf207a4afdd7e623be4bd0751bdc1917c0ee550af0f38c0531b25bb726d1710c,symbol,M23,revisit_state_contamination,state,MR10,Carrier-corruption rejection,reject,True,False,rejected:malformed:inconsistent watermark symbol set,0.079262,,True,"{""antecedent_guarded"":true}"
pilot_mutation,H01-gcd.c,bf207a4afdd7e623be4bd0751bdc1917c0ee550af0f38c0531b25bb726d1710c,symbol,M23,revisit_state_contamination,state,MR11,Requested/actual trace agreement,trace,True,False,requested=clang/Os;actual=clang/Os,0.077737,,True,"{""build"":{""actual_compiler"":""clang"",""actual_optimization"":""Os"",""binary"":""WORKDIR/symbol/M23/MR11/trace/build-01/artifact.bin"",""binary_sha256"":""25e0d918cd8ff7cc194ede1eb56d7dc89089e033832c65ca5cceab6c9faa446b"",""carrier"":""symbol"",""command"":[""clang"",""-std=c11"",""-fno-ident"",""-no-pie"",""-Os"",""WORKDIR/symbol/M23/MR11/trace/build-01/host.c"",""-o"",""WORKDIR/symbol/M23/MR11/trace/build-01/artifact.bin""],""effective_payload_hex"":""4d6f7270682d3031"",""key"":""key-alpha"",""mutant_id"":""M23"",""requested_compiler"":""clang"",""requested_optimization"":""Os"",""requested_payload_hex"":""4d6f7270682d3031"",""return_code"":0,""source"":""WORKDIR/symbol/M23/MR11/trace/build-01/host.c"",""source_sha256"":""45e69a3841e4e8368c9380bdbc2f287b38fe1665811764759930b7957a59ce6a"",""stderr"":""""}}"
pilot_mutation,H01-gcd.c,bf207a4afdd7e623be4bd0751bdc1917c0ee550af0f38c0531b25bb726d1710c,symbol,M23,revisit_state_contamination,state,MR12,Interleaved artifact isolation,separate,True,False,parallel_isolation_satisfied,0.06911,,True,"{""aliasing_detected"":false,""both_expected"":true,""execution_order"":""overlapping-builds-then-extract"",""payloads_distinct"":true}"
pilot_mutation,H01-gcd.c,bf207a4afdd7e623be4bd0751bdc1917c0ee550af0f38c0531b25bb726d1710c,symbol,M23,revisit_state_contamination,state,MR13,Reordered extraction independence,preserve,False,True,before=b'Morph-01';intervening=b'Second-2';after=b'Second-2',0.120172,,True,"{""intervening_extraction"":true}"
pilot_mutation,H01-gcd.c,bf207a4afdd7e623be4bd0751bdc1917c0ee550af0f38c0531b25bb726d1710c,symbol,M23,revisit_state_contamination,state,MR14,Rebuild stability,preserve,True,False,first=b'Morph-01';second=b'Morph-01',0.128273,,True,"{""binary_bytes_equal"":true,""execution_order"":""build1-extract1-build2-extract2""}"
pilot_mutation,H01-gcd.c,bf207a4afdd7e623be4bd0751bdc1917c0ee550af0f38c0531b25bb726d1710c,symbol,M24,second_identical_build_corruption,state,MR01,Round-trip fidelity,preserve,True,False,extracted=b'Morph-01',0.090568,,True,"{""build"":{""actual_compiler"":""gcc"",""actual_optimization"":""O2"",""binary"":""WORKDIR/symbol/M24/MR01/marked/build-01/artifact.bin"",""binary_sha256"":""7b713450f899744a0e9c1995e1ea83c762e52b3b03c45f82418d86193b6be1a1"",""carrier"":""symbol"",""command"":[""gcc"",""-std=c11"",""-fno-ident"",""-no-pie"",""-O2"",""WORKDIR/symbol/M24/MR01/marked/build-01/host.c"",""-o"",""WORKDIR/symbol/M24/MR01/marked/build-01/artifact.bin""],""effective_payload_hex"":""4d6f7270682d3031"",""key"":""key-alpha"",""mutant_id"":""M24"",""requested_compiler"":""gcc"",""requested_optimization"":""O2"",""requested_payload_hex"":""4d6f7270682d3031"",""return_code"":0,""source"":""WORKDIR/symbol/M24/MR01/marked/build-01/host.c"",""source_sha256"":""45e69a3841e4e8368c9380bdbc2f287b38fe1665811764759930b7957a59ce6a"",""stderr"":""""},""extracted_hex"":""4d6f7270682d3031""}"
pilot_mutation,H01-gcd.c,bf207a4afdd7e623be4bd0751bdc1917c0ee550af0f38c0531b25bb726d1710c,symbol,M24,second_identical_build_corruption,state,MR02,Host-semantic preservation,preserve,True,False,mismatch_count=0,0.132348,,True,"{""mismatches"":[]}"
pilot_mutation,H01-gcd.c,bf207a4afdd7e623be4bd0751bdc1917c0ee550af0f38c0531b25bb726d1710c,symbol,M24,second_identical_build_corruption,state,MR03,Unmarked rejection,reject,True,False,rejected:absent:watermark symbols not found,0.080868,,True,"{""unmarked_binary_sha256"":""17288de5d8ffc83b2223ee650ec19f96fa9b779f3eb45b8e2433c730b7a1e3e2""}"
pilot_mutation,H01-gcd.c,bf207a4afdd7e623be4bd0751bdc1917c0ee550af0f38c0531b25bb726d1710c,symbol,M24,second_identical_build_corruption,state,MR04,Wrong-key rejection,reject,True,False,rejected:wrong-key:symbol key tag mismatch,0.057419,,True,"{""antecedent_guarded"":true,""antecedent_hex"":""4d6f7270682d3031""}"
pilot_mutation,H01-gcd.c,bf207a4afdd7e623be4bd0751bdc1917c0ee550af0f38c0531b25bb726d1710c,symbol,M24,second_identical_build_corruption,state,MR05,Payload separation,separate,True,False,first=b'Morph-01';second=b'Second-2',0.144858,,True,"{""execution_order"":""sequential-builds-then-extract"",""first_hex"":""4d6f7270682d3031"",""second_hex"":""5365636f6e642d32""}"
pilot_mutation,H01-gcd.c,bf207a4afdd7e623be4bd0751bdc1917c0ee550af0f38c0531b25bb726d1710c,symbol,M24,second_identical_build_corruption,state,MR06,Cross-compiler invariance,preserve,True,False,"payloads=b'Morph-01',b'Morph-01';semantic_equal=True",0.149059,,True,"{""clang_actual"":""clang"",""gcc_actual"":""gcc""}"
pilot_mutation,H01-gcd.c,bf207a4afdd7e623be4bd0751bdc1917c0ee550af0f38c0531b25bb726d1710c,symbol,M24,second_identical_build_corruption,state,MR07,Optimization invariance,preserve,True,False,"payloads=['Morph-01', 'Morph-01', 'Morph-01'];semantic_equal=True",0.207372,,True,{}
pilot_mutation,H01-gcd.c,bf207a4afdd7e623be4bd0751bdc1917c0ee550af0f38c0531b25bb726d1710c,symbol,M24,second_identical_build_corruption,state,MR08,Clean-room relocation,preserve,True,False,relocated=b'Morph-01',0.084229,,True,"{""clean_room_entries"":[""renamed-artifact.bin""],""relocated_hex"":""4d6f7270682d3031""}"
pilot_mutation,H01-gcd.c,bf207a4afdd7e623be4bd0751bdc1917c0ee550af0f38c0531b25bb726d1710c,symbol,M24,second_identical_build_corruption,state,MR09,Carrier-removal rejection,reject,True,False,rejected:absent:watermark symbols not found,0.106043,,True,"{""antecedent_guarded"":true}"
pilot_mutation,H01-gcd.c,bf207a4afdd7e623be4bd0751bdc1917c0ee550af0f38c0531b25bb726d1710c,symbol,M24,second_identical_build_corruption,state,MR10,Carrier-corruption rejection,reject,True,False,rejected:malformed:inconsistent watermark symbol set,0.079196,,True,"{""antecedent_guarded"":true}"
pilot_mutation,H01-gcd.c,bf207a4afdd7e623be4bd0751bdc1917c0ee550af0f38c0531b25bb726d1710c,symbol,M24,second_identical_build_corruption,state,MR11,Requested/actual trace agreement,trace,True,False,requested=clang/Os;actual=clang/Os,0.068337,,True,"{""build"":{""actual_compiler"":""clang"",""actual_optimization"":""Os"",""binary"":""WORKDIR/symbol/M24/MR11/trace/build-01/artifact.bin"",""binary_sha256"":""25e0d918cd8ff7cc194ede1eb56d7dc89089e033832c65ca5cceab6c9faa446b"",""carrier"":""symbol"",""command"":[""clang"",""-std=c11"",""-fno-ident"",""-no-pie"",""-Os"",""WORKDIR/symbol/M24/MR11/trace/build-01/host.c"",""-o"",""WORKDIR/symbol/M24/MR11/trace/build-01/artifact.bin""],""effective_payload_hex"":""4d6f7270682d3031"",""key"":""key-alpha"",""mutant_id"":""M24"",""requested_compiler"":""clang"",""requested_optimization"":""Os"",""requested_payload_hex"":""4d6f7270682d3031"",""return_code"":0,""source"":""WORKDIR/symbol/M24/MR11/trace/build-01/host.c"",""source_sha256"":""45e69a3841e4e8368c9380bdbc2f287b38fe1665811764759930b7957a59ce6a"",""stderr"":""""}}"
pilot_mutation,H01-gcd.c,bf207a4afdd7e623be4bd0751bdc1917c0ee550af0f38c0531b25bb726d1710c,symbol,M24,second_identical_build_corruption,state,MR12,Interleaved artifact isolation,separate,True,False,parallel_isolation_satisfied,0.089518,,True,"{""aliasing_detected"":false,""both_expected"":true,""execution_order"":""overlapping-builds-then-extract"",""payloads_distinct"":true}"
pilot_mutation,H01-gcd.c,bf207a4afdd7e623be4bd0751bdc1917c0ee550af0f38c0531b25bb726d1710c,symbol,M24,second_identical_build_corruption,state,MR13,Reordered extraction independence,preserve,True,False,before=b'Morph-01';intervening=b'Second-2';after=b'Morph-01',0.117601,,True,"{""intervening_extraction"":true}"
pilot_mutation,H01-gcd.c,bf207a4afdd7e623be4bd0751bdc1917c0ee550af0f38c0531b25bb726d1710c,symbol,M24,second_identical_build_corruption,state,MR14,Rebuild stability,preserve,False,True,first=b'Morph-01';second=b'Lorph-01',0.125436,,True,"{""binary_bytes_equal"":false,""execution_order"":""build1-extract1-build2-extract2""}"
pilot_mutation,H01-gcd.c,bf207a4afdd7e623be4bd0751bdc1917c0ee550af0f38c0531b25bb726d1710c,section,M01,embed_noop,embedding,MR01,Round-trip fidelity,preserve,False,True,exception:ExtractionError:custom section .wmrec not found,0.060613,ExtractionError,True,{}
pilot_mutation,H01-gcd.c,bf207a4afdd7e623be4bd0751bdc1917c0ee550af0f38c0531b25bb726d1710c,section,M01,embed_noop,embedding,MR02,Host-semantic preservation,preserve,True,False,mismatch_count=0,0.151864,,True,"{""mismatches"":[]}"
pilot_mutation,H01-gcd.c,bf207a4afdd7e623be4bd0751bdc1917c0ee550af0f38c0531b25bb726d1710c,section,M01,embed_noop,embedding,MR03,Unmarked rejection,reject,True,False,rejected:absent:custom section .wmrec not found,0.085064,,True,"{""unmarked_binary_sha256"":""17288de5d8ffc83b2223ee650ec19f96fa9b779f3eb45b8e2433c730b7a1e3e2""}"
pilot_mutation,H01-gcd.c,bf207a4afdd7e623be4bd0751bdc1917c0ee550af0f38c0531b25bb726d1710c,section,M01,embed_noop,embedding,MR04,Wrong-key rejection,reject,True,False,rejected:wrong-key:key tag mismatch,0.079121,,True,"{""antecedent_guarded"":true,""antecedent_hex"":""4d6f7270682d3031""}"
pilot_mutation,H01-gcd.c,bf207a4afdd7e623be4bd0751bdc1917c0ee550af0f38c0531b25bb726d1710c,section,M01,embed_noop,embedding,MR05,Payload separation,separate,False,True,exception:ExtractionError:custom section .wmrec not found,0.08562,ExtractionError,True,{}
pilot_mutation,H01-gcd.c,bf207a4afdd7e623be4bd0751bdc1917c0ee550af0f38c0531b25bb726d1710c,section,M01,embed_noop,embedding,MR06,Cross-compiler invariance,preserve,False,True,exception:ExtractionError:custom section .wmrec not found,0.161507,ExtractionError,True,{}
pilot_mutation,H01-gcd.c,bf207a4afdd7e623be4bd0751bdc1917c0ee550af0f38c0531b25bb726d1710c,section,M01,embed_noop,embedding,MR07,Optimization invariance,preserve,False,True,exception:ExtractionError:custom section .wmrec not found,0.183215,ExtractionError,True,{}
pilot_mutation,H01-gcd.c,bf207a4afdd7e623be4bd0751bdc1917c0ee550af0f38c0531b25bb726d1710c,section,M01,embed_noop,embedding,MR08,Clean-room relocation,preserve,False,True,exception:ExtractionError:custom section .wmrec not found,0.083004,ExtractionError,True,{}
pilot_mutation,H01-gcd.c,bf207a4afdd7e623be4bd0751bdc1917c0ee550af0f38c0531b25bb726d1710c,section,M01,embed_noop,embedding,MR09,Carrier-removal rejection,reject,True,False,rejected:absent:custom section .wmrec not found,0.091978,,True,"{""antecedent_guarded"":true}"
pilot_mutation,H01-gcd.c,bf207a4afdd7e623be4bd0751bdc1917c0ee550af0f38c0531b25bb726d1710c,section,M01,embed_noop,embedding,MR10,Carrier-corruption rejection,reject,True,False,rejected:checksum:payload checksum mismatch,0.10142,,True,"{""antecedent_guarded"":true}"
pilot_mutation,H01-gcd.c,bf207a4afdd7e623be4bd0751bdc1917c0ee550af0f38c0531b25bb726d1710c,section,M01,embed_noop,embedding,MR11,Requested/actual trace agreement,trace,True,False,requested=clang/Os;actual=clang/Os,0.074671,,True,"{""build"":{""actual_compiler"":""clang"",""actual_optimization"":""Os"",""binary"":""WORKDIR/section/M01/MR11/trace/build-01/artifact.bin"",""binary_sha256"":""8979583311288d6755db67bfb67a745238b66729f18570b075945ee29c1a551b"",""carrier"":""section"",""command"":[""clang"",""-std=c11"",""-fno-ident"",""-no-pie"",""-Os"",""WORKDIR/section/M01/MR11/trace/build-01/host.c"",""-o"",""WORKDIR/section/M01/MR11/trace/build-01/artifact.bin""],""effective_payload_hex"":""4d6f7270682d3031"",""key"":""key-alpha"",""mutant_id"":""M01"",""requested_compiler"":""clang"",""requested_optimization"":""Os"",""requested_payload_hex"":""4d6f7270682d3031"",""return_code"":0,""source"":""WORKDIR/section/M01/MR11/trace/build-01/host.c"",""source_sha256"":""bf207a4afdd7e623be4bd0751bdc1917c0ee550af0f38c0531b25bb726d1710c"",""stderr"":""""}}"
pilot_mutation,H01-gcd.c,bf207a4afdd7e623be4bd0751bdc1917c0ee550af0f38c0531b25bb726d1710c,section,M01,embed_noop,embedding,MR12,Interleaved artifact isolation,separate,False,True,exception:ExtractionError:custom section .wmrec not found,0.079363,ExtractionError,True,{}
pilot_mutation,H01-gcd.c,bf207a4afdd7e623be4bd0751bdc1917c0ee550af0f38c0531b25bb726d1710c,section,M01,embed_noop,embedding,MR13,Reordered extraction independence,preserve,False,True,exception:ExtractionError:custom section .wmrec not found,0.062009,ExtractionError,True,{}
pilot_mutation,H01-gcd.c,bf207a4afdd7e623be4bd0751bdc1917c0ee550af0f38c0531b25bb726d1710c,section,M01,embed_noop,embedding,MR14,Rebuild stability,preserve,False,True,exception:ExtractionError:custom section .wmrec not found,0.05415,ExtractionError,True,{}
pilot_mutation,H01-gcd.c,bf207a4afdd7e623be4bd0751bdc1917c0ee550af0f38c0531b25bb726d1710c,section,M02,truncate_payload,embedding,MR01,Round-trip fidelity,preserve,False,True,extracted=b'Morph-0',0.051732,,True,"{""build"":{""actual_compiler"":""gcc"",""actual_optimization"":""O2"",""binary"":""WORKDIR/section/M02/MR01/marked/build-01/artifact.bin"",""binary_sha256"":""3548a491cc4cac19a41dd4d9454f90761be23c939a08c351d38d7d6c49c0ec6a"",""carrier"":""section"",""command"":[""gcc"",""-std=c11"",""-fno-ident"",""-no-pie"",""-O2"",""WORKDIR/section/M02/MR01/marked/build-01/host.c"",""-o"",""WORKDIR/section/M02/MR01/marked/build-01/artifact.bin""],""effective_payload_hex"":""4d6f7270682d30"",""key"":""key-alpha"",""mutant_id"":""M02"",""requested_compiler"":""gcc"",""requested_optimization"":""O2"",""requested_payload_hex"":""4d6f7270682d3031"",""return_code"":0,""source"":""WORKDIR/section/M02/MR01/marked/build-01/host.c"",""source_sha256"":""bf207a4afdd7e623be4bd0751bdc1917c0ee550af0f38c0531b25bb726d1710c"",""stderr"":""""},""extracted_hex"":""4d6f7270682d30""}"
pilot_mutation,H01-gcd.c,bf207a4afdd7e623be4bd0751bdc1917c0ee550af0f38c0531b25bb726d1710c,section,M02,truncate_payload,embedding,MR02,Host-semantic preservation,preserve,True,False,mismatch_count=0,0.132922,,True,"{""mismatches"":[]}"
pilot_mutation,H01-gcd.c,bf207a4afdd7e623be4bd0751bdc1917c0ee550af0f38c0531b25bb726d1710c,section,M02,truncate_payload,embedding,MR03,Unmarked rejection,reject,True,False,rejected:absent:custom section .wmrec not found,0.071946,,True,"{""unmarked_binary_sha256"":""17288de5d8ffc83b2223ee650ec19f96fa9b779f3eb45b8e2433c730b7a1e3e2""}"
pilot_mutation,H01-gcd.c,bf207a4afdd7e623be4bd0751bdc1917c0ee550af0f38c0531b25bb726d1710c,section,M02,truncate_payload,embedding,MR04,Wrong-key rejection,reject,True,False,rejected:wrong-key:key tag mismatch,0.068921,,True,"{""antecedent_guarded"":true,""antecedent_hex"":""4d6f7270682d3031""}"
pilot_mutation,H01-gcd.c,bf207a4afdd7e623be4bd0751bdc1917c0ee550af0f38c0531b25bb726d1710c,section,M02,truncate_payload,embedding,MR05,Payload separation,separate,False,True,first=b'Morph-0';second=b'Second-',0.129051,,True,"{""execution_order"":""sequential-builds-then-extract"",""first_hex"":""4d6f7270682d30"",""second_hex"":""5365636f6e642d""}"
pilot_mutation,H01-gcd.c,bf207a4afdd7e623be4bd0751bdc1917c0ee550af0f38c0531b25bb726d1710c,section,M02,truncate_payload,embedding,MR06,Cross-compiler invariance,preserve,False,True,"payloads=b'Morph-0',b'Morph-0';semantic_equal=True",0.171607,,True,"{""clang_actual"":""clang"",""gcc_actual"":""gcc""}"
pilot_mutation,H01-gcd.c,bf207a4afdd7e623be4bd0751bdc1917c0ee550af0f38c0531b25bb726d1710c,section,M02,truncate_payload,embedding,MR07,Optimization invariance,preserve,False,True,"payloads=['Morph-0', 'Morph-0', 'Morph-0'];semantic_equal=True",0.265646,,True,{}
pilot_mutation,H01-gcd.c,bf207a4afdd7e623be4bd0751bdc1917c0ee550af0f38c0531b25bb726d1710c,section,M02,truncate_payload,embedding,MR08,Clean-room relocation,preserve,False,True,source_mismatch=b'Morph-0',0.080642,,True,"{""source_hex"":""4d6f7270682d30""}"
pilot_mutation,H01-gcd.c,bf207a4afdd7e623be4bd0751bdc1917c0ee550af0f38c0531b25bb726d1710c,section,M02,truncate_payload,embedding,MR09,Carrier-removal rejection,reject,True,False,rejected:absent:custom section .wmrec not found,0.05888,,True,"{""antecedent_guarded"":true}"
pilot_mutation,H01-gcd.c,bf207a4afdd7e623be4bd0751bdc1917c0ee550af0f38c0531b25bb726d1710c,section,M02,truncate_payload,embedding,MR10,Carrier-corruption rejection,reject,True,False,rejected:checksum:payload checksum mismatch,0.062036,,True,"{""antecedent_guarded"":true}"
pilot_mutation,H01-gcd.c,bf207a4afdd7e623be4bd0751bdc1917c0ee550af0f38c0531b25bb726d1710c,section,M02,truncate_payload,embedding,MR11,Requested/actual trace agreement,trace,True,False,requested=clang/Os;actual=clang/Os,0.063788,,True,"{""build"":{""actual_compiler"":""clang"",""actual_optimization"":""Os"",""binary"":""WORKDIR/section/M02/MR11/trace/build-01/artifact.bin"",""binary_sha256"":""6ce46e6a6115ef6c17c4242cb2efa4ea8f8ebb9c7a2ea61021285e4892918c05"",""carrier"":""section"",""command"":[""clang"",""-std=c11"",""-fno-ident"",""-no-pie"",""-Os"",""WORKDIR/section/M02/MR11/trace/build-01/host.c"",""-o"",""WORKDIR/section/M02/MR11/trace/build-01/artifact.bin""],""effective_payload_hex"":""4d6f7270682d30"",""key"":""key-alpha"",""mutant_id"":""M02"",""requested_compiler"":""clang"",""requested_optimization"":""Os"",""requested_payload_hex"":""4d6f7270682d3031"",""return_code"":0,""source"":""WORKDIR/section/M02/MR11/trace/build-01/host.c"",""source_sha256"":""bf207a4afdd7e623be4bd0751bdc1917c0ee550af0f38c0531b25bb726d1710c"",""stderr"":""""}}"
pilot_mutation,H01-gcd.c,bf207a4afdd7e623be4bd0751bdc1917c0ee550af0f38c0531b25bb726d1710c,section,M02,truncate_payload,embedding,MR12,Interleaved artifact isolation,separate,False,True,parallel_isolation_clause_violated,0.077567,,True,"{""aliasing_detected"":false,""both_expected"":false,""execution_order"":""overlapping-builds-then-extract"",""payloads_distinct"":true}"
pilot_mutation,H01-gcd.c,bf207a4afdd7e623be4bd0751bdc1917c0ee550af0f38c0531b25bb726d1710c,section,M02,truncate_payload,embedding,MR13,Reordered extraction independence,preserve,False,True,before=b'Morph-0';intervening=b'Second-';after=b'Morph-0',0.149856,,True,"{""intervening_extraction"":true}"
pilot_mutation,H01-gcd.c,bf207a4afdd7e623be4bd0751bdc1917c0ee550af0f38c0531b25bb726d1710c,section,M02,truncate_payload,embedding,MR14,Rebuild stability,preserve,False,True,first=b'Morph-0';second=b'Morph-0',0.16478,,True,"{""binary_bytes_equal"":true,""execution_order"":""build1-extract1-build2-extract2""}"
pilot_mutation,H01-gcd.c,bf207a4afdd7e623be4bd0751bdc1917c0ee550af0f38c0531b25bb726d1710c,section,M03,flip_payload,embedding,MR01,Round-trip fidelity,preserve,False,True,extracted=b'Lorph-01',0.068448,,True,"{""build"":{""actual_compiler"":""gcc"",""actual_optimization"":""O2"",""binary"":""WORKDIR/section/M03/MR01/marked/build-01/artifact.bin"",""binary_sha256"":""e4e61bedefb2d8c2337e305bec14956cb48d734be0b3c77fbe504d3031c112b1"",""carrier"":""section"",""command"":[""gcc"",""-std=c11"",""-fno-ident"",""-no-pie"",""-O2"",""WORKDIR/section/M03/MR01/marked/build-01/host.c"",""-o"",""WORKDIR/section/M03/MR01/marked/build-01/artifact.bin""],""effective_payload_hex"":""4c6f7270682d3031"",""key"":""key-alpha"",""mutant_id"":""M03"",""requested_compiler"":""gcc"",""requested_optimization"":""O2"",""requested_payload_hex"":""4d6f7270682d3031"",""return_code"":0,""source"":""WORKDIR/section/M03/MR01/marked/build-01/host.c"",""source_sha256"":""bf207a4afdd7e623be4bd0751bdc1917c0ee550af0f38c0531b25bb726d1710c"",""stderr"":""""},""extracted_hex"":""4c6f7270682d3031""}"
pilot_mutation,H01-gcd.c,bf207a4afdd7e623be4bd0751bdc1917c0ee550af0f38c0531b25bb726d1710c,section,M03,flip_payload,embedding,MR02,Host-semantic preservation,preserve,True,False,mismatch_count=0,0.173469,,True,"{""mismatches"":[]}"
pilot_mutation,H01-gcd.c,bf207a4afdd7e623be4bd0751bdc1917c0ee550af0f38c0531b25bb726d1710c,section,M03,flip_payload,embedding,MR03,Unmarked rejection,reject,True,False,rejected:absent:custom section .wmrec not found,0.069369,,True,"{""unmarked_binary_sha256"":""17288de5d8ffc83b2223ee650ec19f96fa9b779f3eb45b8e2433c730b7a1e3e2""}"
pilot_mutation,H01-gcd.c,bf207a4afdd7e623be4bd0751bdc1917c0ee550af0f38c0531b25bb726d1710c,section,M03,flip_payload,embedding,MR04,Wrong-key rejection,reject,True,False,rejected:wrong-key:key tag mismatch,0.050671,,True,"{""antecedent_guarded"":true,""antecedent_hex"":""4d6f7270682d3031""}"
pilot_mutation,H01-gcd.c,bf207a4afdd7e623be4bd0751bdc1917c0ee550af0f38c0531b25bb726d1710c,section,M03,flip_payload,embedding,MR05,Payload separation,separate,False,True,first=b'Lorph-01';second=b'Recond-2',0.139274,,True,"{""execution_order"":""sequential-builds-then-extract"",""first_hex"":""4c6f7270682d3031"",""second_hex"":""5265636f6e642d32""}"
pilot_mutation,H01-gcd.c,bf207a4afdd7e623be4bd0751bdc1917c0ee550af0f38c0531b25bb726d1710c,section,M03,flip_payload,embedding,MR06,Cross-compiler invariance,preserve,False,True,"payloads=b'Lorph-01',b'Lorph-01';semantic_equal=True",0.185083,,True,"{""clang_actual"":""clang"",""gcc_actual"":""gcc""}"
pilot_mutation,H01-gcd.c,bf207a4afdd7e623be4bd0751bdc1917c0ee550af0f38c0531b25bb726d1710c,section,M03,flip_payload,embedding,MR07,Optimization invariance,preserve,False,True,"payloads=['Lorph-01', 'Lorph-01', 'Lorph-01'];semantic_equal=True",0.269636,,True,{}
pilot_mutation,H01-gcd.c,bf207a4afdd7e623be4bd0751bdc1917c0ee550af0f38c0531b25bb726d1710c,section,M03,flip_payload,embedding,MR08,Clean-room relocation,preserve,False,True,source_mismatch=b'Lorph-01',0.060442,,True,"{""source_hex"":""4c6f7270682d3031""}"
pilot_mutation,H01-gcd.c,bf207a4afdd7e623be4bd0751bdc1917c0ee550af0f38c0531b25bb726d1710c,section,M03,flip_payload,embedding,MR09,Carrier-removal rejection,reject,True,False,rejected:absent:custom section .wmrec not found,0.09415,,True,"{""antecedent_guarded"":true}"
pilot_mutation,H01-gcd.c,bf207a4afdd7e623be4bd0751bdc1917c0ee550af0f38c0531b25bb726d1710c,section,M03,flip_payload,embedding,MR10,Carrier-corruption rejection,reject,True,False,rejected:checksum:payload checksum mismatch,0.078302,,True,"{""antecedent_guarded"":true}"
pilot_mutation,H01-gcd.c,bf207a4afdd7e623be4bd0751bdc1917c0ee550af0f38c0531b25bb726d1710c,section,M03,flip_payload,embedding,MR11,Requested/actual trace agreement,trace,True,False,requested=clang/Os;actual=clang/Os,0.083885,,True,"{""build"":{""actual_compiler"":""clang"",""actual_optimization"":""Os"",""binary"":""WORKDIR/section/M03/MR11/trace/build-01/artifact.bin"",""binary_sha256"":""2e75cbe00e865661a724a1618977bda2662fcdbb7de8b4b4ede68b59713f910c"",""carrier"":""section"",""command"":[""clang"",""-std=c11"",""-fno-ident"",""-no-pie"",""-Os"",""WORKDIR/section/M03/MR11/trace/build-01/host.c"",""-o"",""WORKDIR/section/M03/MR11/trace/build-01/artifact.bin""],""effective_payload_hex"":""4c6f7270682d3031"",""key"":""key-alpha"",""mutant_id"":""M03"",""requested_compiler"":""clang"",""requested_optimization"":""Os"",""requested_payload_hex"":""4d6f7270682d3031"",""return_code"":0,""source"":""WORKDIR/section/M03/MR11/trace/build-01/host.c"",""source_sha256"":""bf207a4afdd7e623be4bd0751bdc1917c0ee550af0f38c0531b25bb726d1710c"",""stderr"":""""}}"
pilot_mutation,H01-gcd.c,bf207a4afdd7e623be4bd0751bdc1917c0ee550af0f38c0531b25bb726d1710c,section,M03,flip_payload,embedding,MR12,Interleaved artifact isolation,separate,False,True,parallel_isolation_clause_violated,0.087372,,True,"{""aliasing_detected"":false,""both_expected"":false,""execution_order"":""overlapping-builds-then-extract"",""payloads_distinct"":true}"
pilot_mutation,H01-gcd.c,bf207a4afdd7e623be4bd0751bdc1917c0ee550af0f38c0531b25bb726d1710c,section,M03,flip_payload,embedding,MR13,Reordered extraction independence,preserve,False,True,before=b'Lorph-01';intervening=b'Recond-2';after=b'Lorph-01',0.16202,,True,"{""intervening_extraction"":true}"
pilot_mutation,H01-gcd.c,bf207a4afdd7e623be4bd0751bdc1917c0ee550af0f38c0531b25bb726d1710c,section,M03,flip_payload,embedding,MR14,Rebuild stability,preserve,False,True,first=b'Lorph-01';second=b'Lorph-01',0.154266,,True,"{""binary_bytes_equal"":true,""execution_order"":""build1-extract1-build2-extract2""}"
pilot_mutation,H01-gcd.c,bf207a4afdd7e623be4bd0751bdc1917c0ee550af0f38c0531b25bb726d1710c,section,M04,fixed_payload,state,MR01,Round-trip fidelity,preserve,False,True,extracted=b'fixed-payload',0.063218,,True,"{""build"":{""actual_compiler"":""gcc"",""actual_optimization"":""O2"",""binary"":""WORKDIR/section/M04/MR01/marked/build-01/artifact.bin"",""binary_sha256"":""667c62b491353fb956245eb3c40e64e29fa7199e114af6408e67271eb6756ca2"",""carrier"":""section"",""command"":[""gcc"",""-std=c11"",""-fno-ident"",""-no-pie"",""-O2"",""WORKDIR/section/M04/MR01/marked/build-01/host.c"",""-o"",""WORKDIR/section/M04/MR01/marked/build-01/artifact.bin""],""effective_payload_hex"":""66697865642d7061796c6f6164"",""key"":""key-alpha"",""mutant_id"":""M04"",""requested_compiler"":""gcc"",""requested_optimization"":""O2"",""requested_payload_hex"":""4d6f7270682d3031"",""return_code"":0,""source"":""WORKDIR/section/M04/MR01/marked/build-01/host.c"",""source_sha256"":""bf207a4afdd7e623be4bd0751bdc1917c0ee550af0f38c0531b25bb726d1710c"",""stderr"":""""},""extracted_hex"":""66697865642d7061796c6f6164""}"
pilot_mutation,H01-gcd.c,bf207a4afdd7e623be4bd0751bdc1917c0ee550af0f38c0531b25bb726d1710c,section,M04,fixed_payload,state,MR02,Host-semantic preservation,preserve,True,False,mismatch_count=0,0.137428,,True,"{""mismatches"":[]}"
pilot_mutation,H01-gcd.c,bf207a4afdd7e623be4bd0751bdc1917c0ee550af0f38c0531b25bb726d1710c,section,M04,fixed_payload,state,MR03,Unmarked rejection,reject,True,False,rejected:absent:custom section .wmrec not found,0.040834,,True,"{""unmarked_binary_sha256"":""17288de5d8ffc83b2223ee650ec19f96fa9b779f3eb45b8e2433c730b7a1e3e2""}"
pilot_mutation,H01-gcd.c,bf207a4afdd7e623be4bd0751bdc1917c0ee550af0f38c0531b25bb726d1710c,section,M04,fixed_payload,state,MR04,Wrong-key rejection,reject,True,False,rejected:wrong-key:key tag mismatch,0.077996,,True,"{""antecedent_guarded"":true,""antecedent_hex"":""4d6f7270682d3031""}"
pilot_mutation,H01-gcd.c,bf207a4afdd7e623be4bd0751bdc1917c0ee550af0f38c0531b25bb726d1710c,section,M04,fixed_payload,state,MR05,Payload separation,separate,False,True,first=b'fixed-payload';second=b'fixed-payload',0.144054,,True,"{""execution_order"":""sequential-builds-then-extract"",""first_hex"":""66697865642d7061796c6f6164"",""second_hex"":""66697865642d7061796c6f6164""}"
pilot_mutation,H01-gcd.c,bf207a4afdd7e623be4bd0751bdc1917c0ee550af0f38c0531b25bb726d1710c,section,M04,fixed_payload,state,MR06,Cross-compiler invariance,preserve,False,True,"payloads=b'fixed-payload',b'fixed-payload';semantic_equal=True",0.172504,,True,"{""clang_actual"":""clang"",""gcc_actual"":""gcc""}"
pilot_mutation,H01-gcd.c,bf207a4afdd7e623be4bd0751bdc1917c0ee550af0f38c0531b25bb726d1710c,section,M04,fixed_payload,state,MR07,Optimization invariance,preserve,False,True,"payloads=['fixed-payload', 'fixed-payload', 'fixed-payload'];semantic_equal=True",0.271122,,True,{}
pilot_mutation,H01-gcd.c,bf207a4afdd7e623be4bd0751bdc1917c0ee550af0f38c0531b25bb726d1710c,section,M04,fixed_payload,state,MR08,Clean-room relocation,preserve,False,True,source_mismatch=b'fixed-payload',0.037917,,True,"{""source_hex"":""66697865642d7061796c6f6164""}"
pilot_mutation,H01-gcd.c,bf207a4afdd7e623be4bd0751bdc1917c0ee550af0f38c0531b25bb726d1710c,section,M04,fixed_payload,state,MR09,Carrier-removal rejection,reject,True,False,rejected:absent:custom section .wmrec not found,0.051038,,True,"{""antecedent_guarded"":true}"
pilot_mutation,H01-gcd.c,bf207a4afdd7e623be4bd0751bdc1917c0ee550af0f38c0531b25bb726d1710c,section,M04,fixed_payload,state,MR10,Carrier-corruption rejection,reject,True,False,rejected:checksum:payload checksum mismatch,0.061128,,True,"{""antecedent_guarded"":true}"
pilot_mutation,H01-gcd.c,bf207a4afdd7e623be4bd0751bdc1917c0ee550af0f38c0531b25bb726d1710c,section,M04,fixed_payload,state,MR11,Requested/actual trace agreement,trace,True,False,requested=clang/Os;actual=clang/Os,0.083968,,True,"{""build"":{""actual_compiler"":""clang"",""actual_optimization"":""Os"",""binary"":""WORKDIR/section/M04/MR11/trace/build-01/artifact.bin"",""binary_sha256"":""60f0b8e0dbfa7018c69bb4c7c05add93eb25c462873f43f0e855c482de0bec54"",""carrier"":""section"",""command"":[""clang"",""-std=c11"",""-fno-ident"",""-no-pie"",""-Os"",""WORKDIR/section/M04/MR11/trace/build-01/host.c"",""-o"",""WORKDIR/section/M04/MR11/trace/build-01/artifact.bin""],""effective_payload_hex"":""66697865642d7061796c6f6164"",""key"":""key-alpha"",""mutant_id"":""M04"",""requested_compiler"":""clang"",""requested_optimization"":""Os"",""requested_payload_hex"":""4d6f7270682d3031"",""return_code"":0,""source"":""WORKDIR/section/M04/MR11/trace/build-01/host.c"",""source_sha256"":""bf207a4afdd7e623be4bd0751bdc1917c0ee550af0f38c0531b25bb726d1710c"",""stderr"":""""}}"
pilot_mutation,H01-gcd.c,bf207a4afdd7e623be4bd0751bdc1917c0ee550af0f38c0531b25bb726d1710c,section,M04,fixed_payload,state,MR12,Interleaved artifact isolation,separate,False,True,parallel_isolation_clause_violated,0.098325,,True,"{""aliasing_detected"":true,""both_expected"":false,""execution_order"":""overlapping-builds-then-extract"",""payloads_distinct"":false}"
pilot_mutation,H01-gcd.c,bf207a4afdd7e623be4bd0751bdc1917c0ee550af0f38c0531b25bb726d1710c,section,M04,fixed_payload,state,MR13,Reordered extraction independence,preserve,False,True,before=b'fixed-payload';intervening=b'fixed-payload';after=b'fixed-payload',0.131305,,True,"{""intervening_extraction"":true}"
pilot_mutation,H01-gcd.c,bf207a4afdd7e623be4bd0751bdc1917c0ee550af0f38c0531b25bb726d1710c,section,M04,fixed_payload,state,MR14,Rebuild stability,preserve,False,True,first=b'fixed-payload';second=b'fixed-payload',0.149808,,True,"{""binary_bytes_equal"":true,""execution_order"":""build1-extract1-build2-extract2""}"
pilot_mutation,H01-gcd.c,bf207a4afdd7e623be4bd0751bdc1917c0ee550af0f38c0531b25bb726d1710c,section,M05,lower_payload,normalization,MR01,Round-trip fidelity,preserve,False,True,extracted=b'morph-01',0.073724,,True,"{""build"":{""actual_compiler"":""gcc"",""actual_optimization"":""O2"",""binary"":""WORKDIR/section/M05/MR01/marked/build-01/artifact.bin"",""binary_sha256"":""4ce98f13723de17658f78330379257ee738cce29e452cde37abeeb0449255443"",""carrier"":""section"",""command"":[""gcc"",""-std=c11"",""-fno-ident"",""-no-pie"",""-O2"",""WORKDIR/section/M05/MR01/marked/build-01/host.c"",""-o"",""WORKDIR/section/M05/MR01/marked/build-01/artifact.bin""],""effective_payload_hex"":""6d6f7270682d3031"",""key"":""key-alpha"",""mutant_id"":""M05"",""requested_compiler"":""gcc"",""requested_optimization"":""O2"",""requested_payload_hex"":""4d6f7270682d3031"",""return_code"":0,""source"":""WORKDIR/section/M05/MR01/marked/build-01/host.c"",""source_sha256"":""bf207a4afdd7e623be4bd0751bdc1917c0ee550af0f38c0531b25bb726d1710c"",""stderr"":""""},""extracted_hex"":""6d6f7270682d3031""}"
pilot_mutation,H01-gcd.c,bf207a4afdd7e623be4bd0751bdc1917c0ee550af0f38c0531b25bb726d1710c,section,M05,lower_payload,normalization,MR02,Host-semantic preservation,preserve,True,False,mismatch_count=0,0.159039,,True,"{""mismatches"":[]}"
pilot_mutation,H01-gcd.c,bf207a4afdd7e623be4bd0751bdc1917c0ee550af0f38c0531b25bb726d1710c,section,M05,lower_payload,normalization,MR03,Unmarked rejection,reject,True,False,rejected:absent:custom section .wmrec not found,0.051813,,True,"{""unmarked_binary_sha256"":""17288de5d8ffc83b2223ee650ec19f96fa9b779f3eb45b8e2433c730b7a1e3e2""}"
pilot_mutation,H01-gcd.c,bf207a4afdd7e623be4bd0751bdc1917c0ee550af0f38c0531b25bb726d1710c,section,M05,lower_payload,normalization,MR04,Wrong-key rejection,reject,True,False,rejected:wrong-key:key tag mismatch,0.076109,,True,"{""antecedent_guarded"":true,""antecedent_hex"":""4d6f7270682d3031""}"
pilot_mutation,H01-gcd.c,bf207a4afdd7e623be4bd0751bdc1917c0ee550af0f38c0531b25bb726d1710c,section,M05,lower_payload,normalization,MR05,Payload separation,separate,False,True,first=b'morph-01';second=b'second-2',0.119168,,True,"{""execution_order"":""sequential-builds-then-extract"",""first_hex"":""6d6f7270682d3031"",""second_hex"":""7365636f6e642d32""}"
pilot_mutation,H01-gcd.c,bf207a4afdd7e623be4bd0751bdc1917c0ee550af0f38c0531b25bb726d1710c,section,M05,lower_payload,normalization,MR06,Cross-compiler invariance,preserve,False,True,"payloads=b'morph-01',b'morph-01';semantic_equal=True",0.164348,,True,"{""clang_actual"":""clang"",""gcc_actual"":""gcc""}"
pilot_mutation,H01-gcd.c,bf207a4afdd7e623be4bd0751bdc1917c0ee550af0f38c0531b25bb726d1710c,section,M05,lower_payload,normalization,MR07,Optimization invariance,preserve,False,True,"payloads=['morph-01', 'morph-01', 'morph-01'];semantic_equal=True",0.290077,,True,{}
pilot_mutation,H01-gcd.c,bf207a4afdd7e623be4bd0751bdc1917c0ee550af0f38c0531b25bb726d1710c,section,M05,lower_payload,normalization,MR08,Clean-room relocation,preserve,False,True,source_mismatch=b'morph-01',0.069992,,True,"{""source_hex"":""6d6f7270682d3031""}"
pilot_mutation,H01-gcd.c,bf207a4afdd7e623be4bd0751bdc1917c0ee550af0f38c0531b25bb726d1710c,section,M05,lower_payload,normalization,MR09,Carrier-removal rejection,reject,True,False,rejected:absent:custom section .wmrec not found,0.038943,,True,"{""antecedent_guarded"":true}"
pilot_mutation,H01-gcd.c,bf207a4afdd7e623be4bd0751bdc1917c0ee550af0f38c0531b25bb726d1710c,section,M05,lower_payload,normalization,MR10,Carrier-corruption rejection,reject,True,False,rejected:checksum:payload checksum mismatch,0.098361,,True,"{""antecedent_guarded"":true}"
pilot_mutation,H01-gcd.c,bf207a4afdd7e623be4bd0751bdc1917c0ee550af0f38c0531b25bb726d1710c,section,M05,lower_payload,normalization,MR11,Requested/actual trace agreement,trace,True,False,requested=clang/Os;actual=clang/Os,0.105715,,True,"{""build"":{""actual_compiler"":""clang"",""actual_optimization"":""Os"",""binary"":""WORKDIR/section/M05/MR11/trace/build-01/artifact.bin"",""binary_sha256"":""f07d3d70e345c2555f71eb4ca672ca1c8ce6a49b40776a0aa650d23b9133aad0"",""carrier"":""section"",""command"":[""clang"",""-std=c11"",""-fno-ident"",""-no-pie"",""-Os"",""WORKDIR/section/M05/MR11/trace/build-01/host.c"",""-o"",""WORKDIR/section/M05/MR11/trace/build-01/artifact.bin""],""effective_payload_hex"":""6d6f7270682d3031"",""key"":""key-alpha"",""mutant_id"":""M05"",""requested_compiler"":""clang"",""requested_optimization"":""Os"",""requested_payload_hex"":""4d6f7270682d3031"",""return_code"":0,""source"":""WORKDIR/section/M05/MR11/trace/build-01/host.c"",""source_sha256"":""bf207a4afdd7e623be4bd0751bdc1917c0ee550af0f38c0531b25bb726d1710c"",""stderr"":""""}}"
pilot_mutation,H01-gcd.c,bf207a4afdd7e623be4bd0751bdc1917c0ee550af0f38c0531b25bb726d1710c,section,M05,lower_payload,normalization,MR12,Interleaved artifact isolation,separate,False,True,parallel_isolation_clause_violated,0.087067,,True,"{""aliasing_detected"":false,""both_expected"":false,""execution_order"":""overlapping-builds-then-extract"",""payloads_distinct"":true}"
pilot_mutation,H01-gcd.c,bf207a4afdd7e623be4bd0751bdc1917c0ee550af0f38c0531b25bb726d1710c,section,M05,lower_payload,normalization,MR13,Reordered extraction independence,preserve,False,True,before=b'morph-01';intervening=b'second-2';after=b'morph-01',0.163941,,True,"{""intervening_extraction"":true}"
pilot_mutation,H01-gcd.c,bf207a4afdd7e623be4bd0751bdc1917c0ee550af0f38c0531b25bb726d1710c,section,M05,lower_payload,normalization,MR14,Rebuild stability,preserve,False,True,first=b'morph-01';second=b'morph-01',0.110743,,True,"{""binary_bytes_equal"":true,""execution_order"":""build1-extract1-build2-extract2""}"
pilot_mutation,H01-gcd.c,bf207a4afdd7e623be4bd0751bdc1917c0ee550af0f38c0531b25bb726d1710c,section,M06,key_ignored,authentication,MR01,Round-trip fidelity,preserve,True,False,extracted=b'Morph-01',0.078396,,True,"{""build"":{""actual_compiler"":""gcc"",""actual_optimization"":""O2"",""binary"":""WORKDIR/section/M06/MR01/marked/build-01/artifact.bin"",""binary_sha256"":""395137e071b2d681fb879e77871180384e486b49eccbb5200569056cf5513943"",""carrier"":""section"",""command"":[""gcc"",""-std=c11"",""-fno-ident"",""-no-pie"",""-O2"",""WORKDIR/section/M06/MR01/marked/build-01/host.c"",""-o"",""WORKDIR/section/M06/MR01/marked/build-01/artifact.bin""],""effective_payload_hex"":""4d6f7270682d3031"",""key"":""key-alpha"",""mutant_id"":""M06"",""requested_compiler"":""gcc"",""requested_optimization"":""O2"",""requested_payload_hex"":""4d6f7270682d3031"",""return_code"":0,""source"":""WORKDIR/section/M06/MR01/marked/build-01/host.c"",""source_sha256"":""bf207a4afdd7e623be4bd0751bdc1917c0ee550af0f38c0531b25bb726d1710c"",""stderr"":""""},""extracted_hex"":""4d6f7270682d3031""}"
pilot_mutation,H01-gcd.c,bf207a4afdd7e623be4bd0751bdc1917c0ee550af0f38c0531b25bb726d1710c,section,M06,key_ignored,authentication,MR02,Host-semantic preservation,preserve,True,False,mismatch_count=0,0.126414,,True,"{""mismatches"":[]}"
pilot_mutation,H01-gcd.c,bf207a4afdd7e623be4bd0751bdc1917c0ee550af0f38c0531b25bb726d1710c,section,M06,key_ignored,authentication,MR03,Unmarked rejection,reject,True,False,rejected:absent:custom section .wmrec not found,0.035456,,True,"{""unmarked_binary_sha256"":""17288de5d8ffc83b2223ee650ec19f96fa9b779f3eb45b8e2433c730b7a1e3e2""}"
pilot_mutation,H01-gcd.c,bf207a4afdd7e623be4bd0751bdc1917c0ee550af0f38c0531b25bb726d1710c,section,M06,key_ignored,authentication,MR04,Wrong-key rejection,reject,False,True,accepted:b'Morph-01',0.082692,,True,"{""antecedent_guarded"":true,""antecedent_hex"":""4d6f7270682d3031""}"
pilot_mutation,H01-gcd.c,bf207a4afdd7e623be4bd0751bdc1917c0ee550af0f38c0531b25bb726d1710c,section,M06,key_ignored,authentication,MR05,Payload separation,separate,True,False,first=b'Morph-01';second=b'Second-2',0.105313,,True,"{""execution_order"":""sequential-builds-then-extract"",""first_hex"":""4d6f7270682d3031"",""second_hex"":""5365636f6e642d32""}"
pilot_mutation,H01-gcd.c,bf207a4afdd7e623be4bd0751bdc1917c0ee550af0f38c0531b25bb726d1710c,section,M06,key_ignored,authentication,MR06,Cross-compiler invariance,preserve,True,False,"payloads=b'Morph-01',b'Morph-01';semantic_equal=True",0.191294,,True,"{""clang_actual"":""clang"",""gcc_actual"":""gcc""}"
pilot_mutation,H01-gcd.c,bf207a4afdd7e623be4bd0751bdc1917c0ee550af0f38c0531b25bb726d1710c,section,M06,key_ignored,authentication,MR07,Optimization invariance,preserve,True,False,"payloads=['Morph-01', 'Morph-01', 'Morph-01'];semantic_equal=True",0.215628,,True,{}
pilot_mutation,H01-gcd.c,bf207a4afdd7e623be4bd0751bdc1917c0ee550af0f38c0531b25bb726d1710c,section,M06,key_ignored,authentication,MR08,Clean-room relocation,preserve,True,False,relocated=b'Morph-01',0.079142,,True,"{""clean_room_entries"":[""renamed-artifact.bin""],""relocated_hex"":""4d6f7270682d3031""}"
pilot_mutation,H01-gcd.c,bf207a4afdd7e623be4bd0751bdc1917c0ee550af0f38c0531b25bb726d1710c,section,M06,key_ignored,authentication,MR09,Carrier-removal rejection,reject,True,False,rejected:absent:custom section .wmrec not found,0.044545,,True,"{""antecedent_guarded"":true}"
pilot_mutation,H01-gcd.c,bf207a4afdd7e623be4bd0751bdc1917c0ee550af0f38c0531b25bb726d1710c,section,M06,key_ignored,authentication,MR10,Carrier-corruption rejection,reject,True,False,rejected:checksum:payload checksum mismatch,0.063556,,True,"{""antecedent_guarded"":true}"
pilot_mutation,H01-gcd.c,bf207a4afdd7e623be4bd0751bdc1917c0ee550af0f38c0531b25bb726d1710c,section,M06,key_ignored,authentication,MR11,Requested/actual trace agreement,trace,True,False,requested=clang/Os;actual=clang/Os,0.079631,,True,"{""build"":{""actual_compiler"":""clang"",""actual_optimization"":""Os"",""binary"":""WORKDIR/section/M06/MR11/trace/build-01/artifact.bin"",""binary_sha256"":""b50e66615fe2e1ceff27f6f8bbd643483eab5cdfbc647de256f9bce69edaa1a8"",""carrier"":""section"",""command"":[""clang"",""-std=c11"",""-fno-ident"",""-no-pie"",""-Os"",""WORKDIR/section/M06/MR11/trace/build-01/host.c"",""-o"",""WORKDIR/section/M06/MR11/trace/build-01/artifact.bin""],""effective_payload_hex"":""4d6f7270682d3031"",""key"":""key-alpha"",""mutant_id"":""M06"",""requested_compiler"":""clang"",""requested_optimization"":""Os"",""requested_payload_hex"":""4d6f7270682d3031"",""return_code"":0,""source"":""WORKDIR/section/M06/MR11/trace/build-01/host.c"",""source_sha256"":""bf207a4afdd7e623be4bd0751bdc1917c0ee550af0f38c0531b25bb726d1710c"",""stderr"":""""}}"
pilot_mutation,H01-gcd.c,bf207a4afdd7e623be4bd0751bdc1917c0ee550af0f38c0531b25bb726d1710c,section,M06,key_ignored,authentication,MR12,Interleaved artifact isolation,separate,True,False,parallel_isolation_satisfied,0.092533,,True,"{""aliasing_detected"":false,""both_expected"":true,""execution_order"":""overlapping-builds-then-extract"",""payloads_distinct"":true}"
pilot_mutation,H01-gcd.c,bf207a4afdd7e623be4bd0751bdc1917c0ee550af0f38c0531b25bb726d1710c,section,M06,key_ignored,authentication,MR13,Reordered extraction independence,preserve,True,False,before=b'Morph-01';intervening=b'Second-2';after=b'Morph-01',0.165997,,True,"{""intervening_extraction"":true}"
pilot_mutation,H01-gcd.c,bf207a4afdd7e623be4bd0751bdc1917c0ee550af0f38c0531b25bb726d1710c,section,M06,key_ignored,authentication,MR14,Rebuild stability,preserve,True,False,first=b'Morph-01';second=b'Morph-01',0.115769,,True,"{""binary_bytes_equal"":true,""execution_order"":""build1-extract1-build2-extract2""}"
pilot_mutation,H01-gcd.c,bf207a4afdd7e623be4bd0751bdc1917c0ee550af0f38c0531b25bb726d1710c,section,M07,sidecar_oracle,artifact binding,MR01,Round-trip fidelity,preserve,True,False,extracted=b'Morph-01',0.078115,,True,"{""build"":{""actual_compiler"":""gcc"",""actual_optimization"":""O2"",""binary"":""WORKDIR/section/M07/MR01/marked/build-01/artifact.bin"",""binary_sha256"":""63cbeff2b0785d492761ce367639a8bbc8e94ddb2cfe720778f8bd6177d67b85"",""carrier"":""section"",""command"":[""gcc"",""-std=c11"",""-fno-ident"",""-no-pie"",""-O2"",""WORKDIR/section/M07/MR01/marked/build-01/host.c"",""-o"",""WORKDIR/section/M07/MR01/marked/build-01/artifact.bin""],""effective_payload_hex"":""4d6f7270682d3031"",""key"":""key-alpha"",""mutant_id"":""M07"",""requested_compiler"":""gcc"",""requested_optimization"":""O2"",""requested_payload_hex"":""4d6f7270682d3031"",""return_code"":0,""source"":""WORKDIR/section/M07/MR01/marked/build-01/host.c"",""source_sha256"":""bf207a4afdd7e623be4bd0751bdc1917c0ee550af0f38c0531b25bb726d1710c"",""stderr"":""""},""extracted_hex"":""4d6f7270682d3031""}"
pilot_mutation,H01-gcd.c,bf207a4afdd7e623be4bd0751bdc1917c0ee550af0f38c0531b25bb726d1710c,section,M07,sidecar_oracle,artifact binding,MR02,Host-semantic preservation,preserve,True,False,mismatch_count=0,0.174766,,True,"{""mismatches"":[]}"
pilot_mutation,H01-gcd.c,bf207a4afdd7e623be4bd0751bdc1917c0ee550af0f38c0531b25bb726d1710c,section,M07,sidecar_oracle,artifact binding,MR03,Unmarked rejection,reject,True,False,rejected:sidecar:adjacent sidecar is missing,0.053737,,True,"{""unmarked_binary_sha256"":""17288de5d8ffc83b2223ee650ec19f96fa9b779f3eb45b8e2433c730b7a1e3e2""}"
pilot_mutation,H01-gcd.c,bf207a4afdd7e623be4bd0751bdc1917c0ee550af0f38c0531b25bb726d1710c,section,M07,sidecar_oracle,artifact binding,MR04,Wrong-key rejection,reject,True,False,rejected:wrong-key:sidecar key mismatch,0.03693,,True,"{""antecedent_guarded"":true,""antecedent_hex"":""4d6f7270682d3031""}"
pilot_mutation,H01-gcd.c,bf207a4afdd7e623be4bd0751bdc1917c0ee550af0f38c0531b25bb726d1710c,section,M07,sidecar_oracle,artifact binding,MR05,Payload separation,separate,True,False,first=b'Morph-01';second=b'Second-2',0.141198,,True,"{""execution_order"":""sequential-builds-then-extract"",""first_hex"":""4d6f7270682d3031"",""second_hex"":""5365636f6e642d32""}"
pilot_mutation,H01-gcd.c,bf207a4afdd7e623be4bd0751bdc1917c0ee550af0f38c0531b25bb726d1710c,section,M07,sidecar_oracle,artifact binding,MR06,Cross-compiler invariance,preserve,True,False,"payloads=b'Morph-01',b'Morph-01';semantic_equal=True",0.131266,,True,"{""clang_actual"":""clang"",""gcc_actual"":""gcc""}"
pilot_mutation,H01-gcd.c,bf207a4afdd7e623be4bd0751bdc1917c0ee550af0f38c0531b25bb726d1710c,section,M07,sidecar_oracle,artifact binding,MR07,Optimization invariance,preserve,True,False,"payloads=['Morph-01', 'Morph-01', 'Morph-01'];semantic_equal=True",0.247933,,True,{}
pilot_mutation,H01-gcd.c,bf207a4afdd7e623be4bd0751bdc1917c0ee550af0f38c0531b25bb726d1710c,section,M07,sidecar_oracle,artifact binding,MR08,Clean-room relocation,preserve,False,True,exception:ExtractionError:adjacent sidecar is missing,0.063872,ExtractionError,True,{}
pilot_mutation,H01-gcd.c,bf207a4afdd7e623be4bd0751bdc1917c0ee550af0f38c0531b25bb726d1710c,section,M07,sidecar_oracle,artifact binding,MR09,Carrier-removal rejection,reject,True,False,rejected:sidecar:adjacent sidecar is missing,0.063604,,True,"{""antecedent_guarded"":true}"
pilot_mutation,H01-gcd.c,bf207a4afdd7e623be4bd0751bdc1917c0ee550af0f38c0531b25bb726d1710c,section,M07,sidecar_oracle,artifact binding,MR10,Carrier-corruption rejection,reject,True,False,rejected:sidecar:adjacent sidecar is missing,0.071903,,True,"{""antecedent_guarded"":true}"
pilot_mutation,H01-gcd.c,bf207a4afdd7e623be4bd0751bdc1917c0ee550af0f38c0531b25bb726d1710c,section,M07,sidecar_oracle,artifact binding,MR11,Requested/actual trace agreement,trace,True,False,requested=clang/Os;actual=clang/Os,0.09869,,True,"{""build"":{""actual_compiler"":""clang"",""actual_optimization"":""Os"",""binary"":""WORKDIR/section/M07/MR11/trace/build-01/artifact.bin"",""binary_sha256"":""d5d8525397dedc90fa4792ce87b67efca4a48048626cb76d2fe61da67d4f779a"",""carrier"":""section"",""command"":[""clang"",""-std=c11"",""-fno-ident"",""-no-pie"",""-Os"",""WORKDIR/section/M07/MR11/trace/build-01/host.c"",""-o"",""WORKDIR/section/M07/MR11/trace/build-01/artifact.bin""],""effective_payload_hex"":""4d6f7270682d3031"",""key"":""key-alpha"",""mutant_id"":""M07"",""requested_compiler"":""clang"",""requested_optimization"":""Os"",""requested_payload_hex"":""4d6f7270682d3031"",""return_code"":0,""source"":""WORKDIR/section/M07/MR11/trace/build-01/host.c"",""source_sha256"":""bf207a4afdd7e623be4bd0751bdc1917c0ee550af0f38c0531b25bb726d1710c"",""stderr"":""""}}"
pilot_mutation,H01-gcd.c,bf207a4afdd7e623be4bd0751bdc1917c0ee550af0f38c0531b25bb726d1710c,section,M07,sidecar_oracle,artifact binding,MR12,Interleaved artifact isolation,separate,True,False,parallel_isolation_satisfied,0.076977,,True,"{""aliasing_detected"":false,""both_expected"":true,""execution_order"":""overlapping-builds-then-extract"",""payloads_distinct"":true}"
pilot_mutation,H01-gcd.c,bf207a4afdd7e623be4bd0751bdc1917c0ee550af0f38c0531b25bb726d1710c,section,M07,sidecar_oracle,artifact binding,MR13,Reordered extraction independence,preserve,True,False,before=b'Morph-01';intervening=b'Second-2';after=b'Morph-01',0.166193,,True,"{""intervening_extraction"":true}"
pilot_mutation,H01-gcd.c,bf207a4afdd7e623be4bd0751bdc1917c0ee550af0f38c0531b25bb726d1710c,section,M07,sidecar_oracle,artifact binding,MR14,Rebuild stability,preserve,True,False,first=b'Morph-01';second=b'Morph-01',0.108029,,True,"{""binary_bytes_equal"":true,""execution_order"":""build1-extract1-build2-extract2""}"
pilot_mutation,H01-gcd.c,bf207a4afdd7e623be4bd0751bdc1917c0ee550af0f38c0531b25bb726d1710c,section,M08,global_cache_oracle,state,MR01,Round-trip fidelity,preserve,True,False,extracted=b'Morph-01',0.082824,,True,"{""build"":{""actual_compiler"":""gcc"",""actual_optimization"":""O2"",""binary"":""WORKDIR/section/M08/MR01/marked/build-01/artifact.bin"",""binary_sha256"":""63cbeff2b0785d492761ce367639a8bbc8e94ddb2cfe720778f8bd6177d67b85"",""carrier"":""section"",""command"":[""gcc"",""-std=c11"",""-fno-ident"",""-no-pie"",""-O2"",""WORKDIR/section/M08/MR01/marked/build-01/host.c"",""-o"",""WORKDIR/section/M08/MR01/marked/build-01/artifact.bin""],""effective_payload_hex"":""4d6f7270682d3031"",""key"":""key-alpha"",""mutant_id"":""M08"",""requested_compiler"":""gcc"",""requested_optimization"":""O2"",""requested_payload_hex"":""4d6f7270682d3031"",""return_code"":0,""source"":""WORKDIR/section/M08/MR01/marked/build-01/host.c"",""source_sha256"":""bf207a4afdd7e623be4bd0751bdc1917c0ee550af0f38c0531b25bb726d1710c"",""stderr"":""""},""extracted_hex"":""4d6f7270682d3031""}"
pilot_mutation,H01-gcd.c,bf207a4afdd7e623be4bd0751bdc1917c0ee550af0f38c0531b25bb726d1710c,section,M08,global_cache_oracle,state,MR02,Host-semantic preservation,preserve,True,False,mismatch_count=0,0.187586,,True,"{""mismatches"":[]}"
pilot_mutation,H01-gcd.c,bf207a4afdd7e623be4bd0751bdc1917c0ee550af0f38c0531b25bb726d1710c,section,M08,global_cache_oracle,state,MR03,Unmarked rejection,reject,True,False,rejected:absent:custom section .wmrec not found,0.076626,,True,"{""unmarked_binary_sha256"":""17288de5d8ffc83b2223ee650ec19f96fa9b779f3eb45b8e2433c730b7a1e3e2""}"
pilot_mutation,H01-gcd.c,bf207a4afdd7e623be4bd0751bdc1917c0ee550af0f38c0531b25bb726d1710c,section,M08,global_cache_oracle,state,MR04,Wrong-key rejection,reject,False,True,accepted:b'Morph-01',0.058722,,True,"{""antecedent_guarded"":true,""antecedent_hex"":""4d6f7270682d3031""}"
pilot_mutation,H01-gcd.c,bf207a4afdd7e623be4bd0751bdc1917c0ee550af0f38c0531b25bb726d1710c,section,M08,global_cache_oracle,state,MR05,Payload separation,separate,False,True,first=b'Second-2';second=b'Second-2',0.128731,,True,"{""execution_order"":""sequential-builds-then-extract"",""first_hex"":""5365636f6e642d32"",""second_hex"":""5365636f6e642d32""}"
pilot_mutation,H01-gcd.c,bf207a4afdd7e623be4bd0751bdc1917c0ee550af0f38c0531b25bb726d1710c,section,M08,global_cache_oracle,state,MR06,Cross-compiler invariance,preserve,True,False,"payloads=b'Morph-01',b'Morph-01';semantic_equal=True",0.131356,,True,"{""clang_actual"":""clang"",""gcc_actual"":""gcc""}"
pilot_mutation,H01-gcd.c,bf207a4afdd7e623be4bd0751bdc1917c0ee550af0f38c0531b25bb726d1710c,section,M08,global_cache_oracle,state,MR07,Optimization invariance,preserve,True,False,"payloads=['Morph-01', 'Morph-01', 'Morph-01'];semantic_equal=True",0.209029,,True,{}
pilot_mutation,H01-gcd.c,bf207a4afdd7e623be4bd0751bdc1917c0ee550af0f38c0531b25bb726d1710c,section,M08,global_cache_oracle,state,MR08,Clean-room relocation,preserve,True,False,relocated=b'Morph-01',0.054292,,True,"{""clean_room_entries"":[""renamed-artifact.bin""],""relocated_hex"":""4d6f7270682d3031""}"
pilot_mutation,H01-gcd.c,bf207a4afdd7e623be4bd0751bdc1917c0ee550af0f38c0531b25bb726d1710c,section,M08,global_cache_oracle,state,MR09,Carrier-removal rejection,reject,False,True,spurious robustness:accepted:b'Morph-01',0.079884,,True,"{""antecedent_guarded"":true}"
pilot_mutation,H01-gcd.c,bf207a4afdd7e623be4bd0751bdc1917c0ee550af0f38c0531b25bb726d1710c,section,M08,global_cache_oracle,state,MR10,Carrier-corruption rejection,reject,False,True,corruption accepted:accepted:b'Morph-01',0.073922,,True,"{""antecedent_guarded"":true}"
pilot_mutation,H01-gcd.c,bf207a4afdd7e623be4bd0751bdc1917c0ee550af0f38c0531b25bb726d1710c,section,M08,global_cache_oracle,state,MR11,Requested/actual trace agreement,trace,True,False,requested=clang/Os;actual=clang/Os,0.044491,,True,"{""build"":{""actual_compiler"":""clang"",""actual_optimization"":""Os"",""binary"":""WORKDIR/section/M08/MR11/trace/build-01/artifact.bin"",""binary_sha256"":""d5d8525397dedc90fa4792ce87b67efca4a48048626cb76d2fe61da67d4f779a"",""carrier"":""section"",""command"":[""clang"",""-std=c11"",""-fno-ident"",""-no-pie"",""-Os"",""WORKDIR/section/M08/MR11/trace/build-01/host.c"",""-o"",""WORKDIR/section/M08/MR11/trace/build-01/artifact.bin""],""effective_payload_hex"":""4d6f7270682d3031"",""key"":""key-alpha"",""mutant_id"":""M08"",""requested_compiler"":""clang"",""requested_optimization"":""Os"",""requested_payload_hex"":""4d6f7270682d3031"",""return_code"":0,""source"":""WORKDIR/section/M08/MR11/trace/build-01/host.c"",""source_sha256"":""bf207a4afdd7e623be4bd0751bdc1917c0ee550af0f38c0531b25bb726d1710c"",""stderr"":""""}}"
pilot_mutation,H01-gcd.c,bf207a4afdd7e623be4bd0751bdc1917c0ee550af0f38c0531b25bb726d1710c,section,M08,global_cache_oracle,state,MR12,Interleaved artifact isolation,separate,False,True,parallel_isolation_clause_violated,0.098234,,True,"{""aliasing_detected"":true,""both_expected"":false,""execution_order"":""overlapping-builds-then-extract"",""payloads_distinct"":false}"
pilot_mutation,H01-gcd.c,bf207a4afdd7e623be4bd0751bdc1917c0ee550af0f38c0531b25bb726d1710c,section,M08,global_cache_oracle,state,MR13,Reordered extraction independence,preserve,False,True,before=b'Morph-01';intervening=b'Second-2';after=b'Second-2',0.117512,,True,"{""intervening_extraction"":true}"
pilot_mutation,H01-gcd.c,bf207a4afdd7e623be4bd0751bdc1917c0ee550af0f38c0531b25bb726d1710c,section,M08,global_cache_oracle,state,MR14,Rebuild stability,preserve,True,False,first=b'Morph-01';second=b'Morph-01',0.115418,,True,"{""binary_bytes_equal"":true,""execution_order"":""build1-extract1-build2-extract2""}"
pilot_mutation,H01-gcd.c,bf207a4afdd7e623be4bd0751bdc1917c0ee550af0f38c0531b25bb726d1710c,section,M09,unmarked_default,false positive,MR01,Round-trip fidelity,preserve,True,False,extracted=b'Morph-01',0.072563,,True,"{""build"":{""actual_compiler"":""gcc"",""actual_optimization"":""O2"",""binary"":""WORKDIR/section/M09/MR01/marked/build-01/artifact.bin"",""binary_sha256"":""63cbeff2b0785d492761ce367639a8bbc8e94ddb2cfe720778f8bd6177d67b85"",""carrier"":""section"",""command"":[""gcc"",""-std=c11"",""-fno-ident"",""-no-pie"",""-O2"",""WORKDIR/section/M09/MR01/marked/build-01/host.c"",""-o"",""WORKDIR/section/M09/MR01/marked/build-01/artifact.bin""],""effective_payload_hex"":""4d6f7270682d3031"",""key"":""key-alpha"",""mutant_id"":""M09"",""requested_compiler"":""gcc"",""requested_optimization"":""O2"",""requested_payload_hex"":""4d6f7270682d3031"",""return_code"":0,""source"":""WORKDIR/section/M09/MR01/marked/build-01/host.c"",""source_sha256"":""bf207a4afdd7e623be4bd0751bdc1917c0ee550af0f38c0531b25bb726d1710c"",""stderr"":""""},""extracted_hex"":""4d6f7270682d3031""}"
pilot_mutation,H01-gcd.c,bf207a4afdd7e623be4bd0751bdc1917c0ee550af0f38c0531b25bb726d1710c,section,M09,unmarked_default,false positive,MR02,Host-semantic preservation,preserve,True,False,mismatch_count=0,0.161233,,True,"{""mismatches"":[]}"
pilot_mutation,H01-gcd.c,bf207a4afdd7e623be4bd0751bdc1917c0ee550af0f38c0531b25bb726d1710c,section,M09,unmarked_default,false positive,MR03,Unmarked rejection,reject,False,True,accepted:b'Morph-01',0.075369,,True,"{""unmarked_binary_sha256"":""17288de5d8ffc83b2223ee650ec19f96fa9b779f3eb45b8e2433c730b7a1e3e2""}"
pilot_mutation,H01-gcd.c,bf207a4afdd7e623be4bd0751bdc1917c0ee550af0f38c0531b25bb726d1710c,section,M09,unmarked_default,false positive,MR04,Wrong-key rejection,reject,False,True,accepted:b'Morph-01',0.084222,,True,"{""antecedent_guarded"":true,""antecedent_hex"":""4d6f7270682d3031""}"
pilot_mutation,H01-gcd.c,bf207a4afdd7e623be4bd0751bdc1917c0ee550af0f38c0531b25bb726d1710c,section,M09,unmarked_default,false positive,MR05,Payload separation,separate,True,False,first=b'Morph-01';second=b'Second-2',0.132745,,True,"{""execution_order"":""sequential-builds-then-extract"",""first_hex"":""4d6f7270682d3031"",""second_hex"":""5365636f6e642d32""}"
pilot_mutation,H01-gcd.c,bf207a4afdd7e623be4bd0751bdc1917c0ee550af0f38c0531b25bb726d1710c,section,M09,unmarked_default,false positive,MR06,Cross-compiler invariance,preserve,True,False,"payloads=b'Morph-01',b'Morph-01';semantic_equal=True",0.194523,,True,"{""clang_actual"":""clang"",""gcc_actual"":""gcc""}"
pilot_mutation,H01-gcd.c,bf207a4afdd7e623be4bd0751bdc1917c0ee550af0f38c0531b25bb726d1710c,section,M09,unmarked_default,false positive,MR07,Optimization invariance,preserve,True,False,"payloads=['Morph-01', 'Morph-01', 'Morph-01'];semantic_equal=True",0.267512,,True,{}
pilot_mutation,H01-gcd.c,bf207a4afdd7e623be4bd0751bdc1917c0ee550af0f38c0531b25bb726d1710c,section,M09,unmarked_default,false positive,MR08,Clean-room relocation,preserve,True,False,relocated=b'Morph-01',0.057719,,True,"{""clean_room_entries"":[""renamed-artifact.bin""],""relocated_hex"":""4d6f7270682d3031""}"
pilot_mutation,H01-gcd.c,bf207a4afdd7e623be4bd0751bdc1917c0ee550af0f38c0531b25bb726d1710c,section,M09,unmarked_default,false positive,MR09,Carrier-removal rejection,reject,False,True,spurious robustness:accepted:b'Morph-01',0.08237,,True,"{""antecedent_guarded"":true}"
pilot_mutation,H01-gcd.c,bf207a4afdd7e623be4bd0751bdc1917c0ee550af0f38c0531b25bb726d1710c,section,M09,unmarked_default,false positive,MR10,Carrier-corruption rejection,reject,False,True,corruption accepted:accepted:b'Morph-01',0.084573,,True,"{""antecedent_guarded"":true}"
pilot_mutation,H01-gcd.c,bf207a4afdd7e623be4bd0751bdc1917c0ee550af0f38c0531b25bb726d1710c,section,M09,unmarked_default,false positive,MR11,Requested/actual trace agreement,trace,True,False,requested=clang/Os;actual=clang/Os,0.097199,,True,"{""build"":{""actual_compiler"":""clang"",""actual_optimization"":""Os"",""binary"":""WORKDIR/section/M09/MR11/trace/build-01/artifact.bin"",""binary_sha256"":""d5d8525397dedc90fa4792ce87b67efca4a48048626cb76d2fe61da67d4f779a"",""carrier"":""section"",""command"":[""clang"",""-std=c11"",""-fno-ident"",""-no-pie"",""-Os"",""WORKDIR/section/M09/MR11/trace/build-01/host.c"",""-o"",""WORKDIR/section/M09/MR11/trace/build-01/artifact.bin""],""effective_payload_hex"":""4d6f7270682d3031"",""key"":""key-alpha"",""mutant_id"":""M09"",""requested_compiler"":""clang"",""requested_optimization"":""Os"",""requested_payload_hex"":""4d6f7270682d3031"",""return_code"":0,""source"":""WORKDIR/section/M09/MR11/trace/build-01/host.c"",""source_sha256"":""bf207a4afdd7e623be4bd0751bdc1917c0ee550af0f38c0531b25bb726d1710c"",""stderr"":""""}}"
pilot_mutation,H01-gcd.c,bf207a4afdd7e623be4bd0751bdc1917c0ee550af0f38c0531b25bb726d1710c,section,M09,unmarked_default,false positive,MR12,Interleaved artifact isolation,separate,True,False,parallel_isolation_satisfied,0.086863,,True,"{""aliasing_detected"":false,""both_expected"":true,""execution_order"":""overlapping-builds-then-extract"",""payloads_distinct"":true}"
pilot_mutation,H01-gcd.c,bf207a4afdd7e623be4bd0751bdc1917c0ee550af0f38c0531b25bb726d1710c,section,M09,unmarked_default,false positive,MR13,Reordered extraction independence,preserve,True,False,before=b'Morph-01';intervening=b'Second-2';after=b'Morph-01',0.140801,,True,"{""intervening_extraction"":true}"
pilot_mutation,H01-gcd.c,bf207a4afdd7e623be4bd0751bdc1917c0ee550af0f38c0531b25bb726d1710c,section,M09,unmarked_default,false positive,MR14,Rebuild stability,preserve,True,False,first=b'Morph-01';second=b'Morph-01',0.156575,,True,"{""binary_bytes_equal"":true,""execution_order"":""build1-extract1-build2-extract2""}"
pilot_mutation,H01-gcd.c,bf207a4afdd7e623be4bd0751bdc1917c0ee550af0f38c0531b25bb726d1710c,section,M10,semantic_plus_one,semantic corruption,MR01,Round-trip fidelity,preserve,True,False,extracted=b'Morph-01',0.059637,,True,"{""build"":{""actual_compiler"":""gcc"",""actual_optimization"":""O2"",""binary"":""WORKDIR/section/M10/MR01/marked/build-01/artifact.bin"",""binary_sha256"":""e9fa346e13a18cb9f6e9ef04fd02a0e2c4e7ff5001ea1755df8123926832c01f"",""carrier"":""section"",""command"":[""gcc"",""-std=c11"",""-fno-ident"",""-no-pie"",""-O2"",""WORKDIR/section/M10/MR01/marked/build-01/host.c"",""-o"",""WORKDIR/section/M10/MR01/marked/build-01/artifact.bin""],""effective_payload_hex"":""4d6f7270682d3031"",""key"":""key-alpha"",""mutant_id"":""M10"",""requested_compiler"":""gcc"",""requested_optimization"":""O2"",""requested_payload_hex"":""4d6f7270682d3031"",""return_code"":0,""source"":""WORKDIR/section/M10/MR01/marked/build-01/host.c"",""source_sha256"":""30ed404ab403f719953dc8878828da3023121c78592627f82968e3b257407b34"",""stderr"":""""},""extracted_hex"":""4d6f7270682d3031""}"
pilot_mutation,H01-gcd.c,bf207a4afdd7e623be4bd0751bdc1917c0ee550af0f38c0531b25bb726d1710c,section,M10,semantic_plus_one,semantic corruption,MR02,Host-semantic preservation,preserve,True,False,mismatch_count=0,0.164457,,True,"{""mismatches"":[]}"
pilot_mutation,H01-gcd.c,bf207a4afdd7e623be4bd0751bdc1917c0ee550af0f38c0531b25bb726d1710c,section,M10,semantic_plus_one,semantic corruption,MR03,Unmarked rejection,reject,True,False,rejected:absent:custom section .wmrec not found,0.064251,,True,"{""unmarked_binary_sha256"":""a7ba1b1fde2b472014cbc25860cebcca1a3737929b7a88d46c8ef8cd002b8b50""}"
pilot_mutation,H01-gcd.c,bf207a4afdd7e623be4bd0751bdc1917c0ee550af0f38c0531b25bb726d1710c,section,M10,semantic_plus_one,semantic corruption,MR04,Wrong-key rejection,reject,True,False,rejected:wrong-key:key tag mismatch,0.041255,,True,"{""antecedent_guarded"":true,""antecedent_hex"":""4d6f7270682d3031""}"
pilot_mutation,H01-gcd.c,bf207a4afdd7e623be4bd0751bdc1917c0ee550af0f38c0531b25bb726d1710c,section,M10,semantic_plus_one,semantic corruption,MR05,Payload separation,separate,True,False,first=b'Morph-01';second=b'Second-2',0.132433,,True,"{""execution_order"":""sequential-builds-then-extract"",""first_hex"":""4d6f7270682d3031"",""second_hex"":""5365636f6e642d32""}"
pilot_mutation,H01-gcd.c,bf207a4afdd7e623be4bd0751bdc1917c0ee550af0f38c0531b25bb726d1710c,section,M10,semantic_plus_one,semantic corruption,MR06,Cross-compiler invariance,preserve,True,False,"payloads=b'Morph-01',b'Morph-01';semantic_equal=True",0.199869,,True,"{""clang_actual"":""clang"",""gcc_actual"":""gcc""}"
pilot_mutation,H01-gcd.c,bf207a4afdd7e623be4bd0751bdc1917c0ee550af0f38c0531b25bb726d1710c,section,M10,semantic_plus_one,semantic corruption,MR07,Optimization invariance,preserve,True,False,"payloads=['Morph-01', 'Morph-01', 'Morph-01'];semantic_equal=True",0.219586,,True,{}
pilot_mutation,H01-gcd.c,bf207a4afdd7e623be4bd0751bdc1917c0ee550af0f38c0531b25bb726d1710c,section,M10,semantic_plus_one,semantic corruption,MR08,Clean-room relocation,preserve,True,False,relocated=b'Morph-01',0.057569,,True,"{""clean_room_entries"":[""renamed-artifact.bin""],""relocated_hex"":""4d6f7270682d3031""}"
pilot_mutation,H01-gcd.c,bf207a4afdd7e623be4bd0751bdc1917c0ee550af0f38c0531b25bb726d1710c,section,M10,semantic_plus_one,semantic corruption,MR09,Carrier-removal rejection,reject,True,False,rejected:absent:custom section .wmrec not found,0.091503,,True,"{""antecedent_guarded"":true}"
pilot_mutation,H01-gcd.c,bf207a4afdd7e623be4bd0751bdc1917c0ee550af0f38c0531b25bb726d1710c,section,M10,semantic_plus_one,semantic corruption,MR10,Carrier-corruption rejection,reject,True,False,rejected:checksum:payload checksum mismatch,0.072803,,True,"{""antecedent_guarded"":true}"
pilot_mutation,H01-gcd.c,bf207a4afdd7e623be4bd0751bdc1917c0ee550af0f38c0531b25bb726d1710c,section,M10,semantic_plus_one,semantic corruption,MR11,Requested/actual trace agreement,trace,True,False,requested=clang/Os;actual=clang/Os,0.069915,,True,"{""build"":{""actual_compiler"":""clang"",""actual_optimization"":""Os"",""binary"":""WORKDIR/section/M10/MR11/trace/build-01/artifact.bin"",""binary_sha256"":""d225d3d9c3abd40232935e987bfc4745d1ab5466b065392b2acf1160237dafb5"",""carrier"":""section"",""command"":[""clang"",""-std=c11"",""-fno-ident"",""-no-pie"",""-Os"",""WORKDIR/section/M10/MR11/trace/build-01/host.c"",""-o"",""WORKDIR/section/M10/MR11/trace/build-01/artifact.bin""],""effective_payload_hex"":""4d6f7270682d3031"",""key"":""key-alpha"",""mutant_id"":""M10"",""requested_compiler"":""clang"",""requested_optimization"":""Os"",""requested_payload_hex"":""4d6f7270682d3031"",""return_code"":0,""source"":""WORKDIR/section/M10/MR11/trace/build-01/host.c"",""source_sha256"":""30ed404ab403f719953dc8878828da3023121c78592627f82968e3b257407b34"",""stderr"":""""}}"
pilot_mutation,H01-gcd.c,bf207a4afdd7e623be4bd0751bdc1917c0ee550af0f38c0531b25bb726d1710c,section,M10,semantic_plus_one,semantic corruption,MR12,Interleaved artifact isolation,separate,True,False,parallel_isolation_satisfied,0.102359,,True,"{""aliasing_detected"":false,""both_expected"":true,""execution_order"":""overlapping-builds-then-extract"",""payloads_distinct"":true}"
pilot_mutation,H01-gcd.c,bf207a4afdd7e623be4bd0751bdc1917c0ee550af0f38c0531b25bb726d1710c,section,M10,semantic_plus_one,semantic corruption,MR13,Reordered extraction independence,preserve,True,False,before=b'Morph-01';intervening=b'Second-2';after=b'Morph-01',0.120878,,True,"{""intervening_extraction"":true}"
pilot_mutation,H01-gcd.c,bf207a4afdd7e623be4bd0751bdc1917c0ee550af0f38c0531b25bb726d1710c,section,M10,semantic_plus_one,semantic corruption,MR14,Rebuild stability,preserve,True,False,first=b'Morph-01';second=b'Morph-01',0.100435,,True,"{""binary_bytes_equal"":true,""execution_order"":""build1-extract1-build2-extract2""}"
pilot_mutation,H01-gcd.c,bf207a4afdd7e623be4bd0751bdc1917c0ee550af0f38c0531b25bb726d1710c,section,M11,semantic_input13,semantic corruption,MR01,Round-trip fidelity,preserve,True,False,extracted=b'Morph-01',0.085911,,True,"{""build"":{""actual_compiler"":""gcc"",""actual_optimization"":""O2"",""binary"":""WORKDIR/section/M11/MR01/marked/build-01/artifact.bin"",""binary_sha256"":""9b2aff22474f55cc55758449ac3d64a85af880793e7bb9b7421de83ed73dd5fa"",""carrier"":""section"",""command"":[""gcc"",""-std=c11"",""-fno-ident"",""-no-pie"",""-O2"",""WORKDIR/section/M11/MR01/marked/build-01/host.c"",""-o"",""WORKDIR/section/M11/MR01/marked/build-01/artifact.bin""],""effective_payload_hex"":""4d6f7270682d3031"",""key"":""key-alpha"",""mutant_id"":""M11"",""requested_compiler"":""gcc"",""requested_optimization"":""O2"",""requested_payload_hex"":""4d6f7270682d3031"",""return_code"":0,""source"":""WORKDIR/section/M11/MR01/marked/build-01/host.c"",""source_sha256"":""ca86f8e08b4c154317c45483bc2f7087ebbc08fa00753ba65e010babc6fc4491"",""stderr"":""""},""extracted_hex"":""4d6f7270682d3031""}"
pilot_mutation,H01-gcd.c,bf207a4afdd7e623be4bd0751bdc1917c0ee550af0f38c0531b25bb726d1710c,section,M11,semantic_input13,semantic corruption,MR02,Host-semantic preservation,preserve,True,False,mismatch_count=0,0.159472,,True,"{""mismatches"":[]}"
pilot_mutation,H01-gcd.c,bf207a4afdd7e623be4bd0751bdc1917c0ee550af0f38c0531b25bb726d1710c,section,M11,semantic_input13,semantic corruption,MR03,Unmarked rejection,reject,True,False,rejected:absent:custom section .wmrec not found,0.061415,,True,"{""unmarked_binary_sha256"":""ede3bc23896c80d708e4ea6b72b2826c6ad3e832db12ee3e3340f736947cb2b8""}"
pilot_mutation,H01-gcd.c,bf207a4afdd7e623be4bd0751bdc1917c0ee550af0f38c0531b25bb726d1710c,section,M11,semantic_input13,semantic corruption,MR04,Wrong-key rejection,reject,True,False,rejected:wrong-key:key tag mismatch,0.046273,,True,"{""antecedent_guarded"":true,""antecedent_hex"":""4d6f7270682d3031""}"
pilot_mutation,H01-gcd.c,bf207a4afdd7e623be4bd0751bdc1917c0ee550af0f38c0531b25bb726d1710c,section,M11,semantic_input13,semantic corruption,MR05,Payload separation,separate,True,False,first=b'Morph-01';second=b'Second-2',0.136072,,True,"{""execution_order"":""sequential-builds-then-extract"",""first_hex"":""4d6f7270682d3031"",""second_hex"":""5365636f6e642d32""}"
pilot_mutation,H01-gcd.c,bf207a4afdd7e623be4bd0751bdc1917c0ee550af0f38c0531b25bb726d1710c,section,M11,semantic_input13,semantic corruption,MR06,Cross-compiler invariance,preserve,True,False,"payloads=b'Morph-01',b'Morph-01';semantic_equal=True",0.185872,,True,"{""clang_actual"":""clang"",""gcc_actual"":""gcc""}"
pilot_mutation,H01-gcd.c,bf207a4afdd7e623be4bd0751bdc1917c0ee550af0f38c0531b25bb726d1710c,section,M11,semantic_input13,semantic corruption,MR07,Optimization invariance,preserve,True,False,"payloads=['Morph-01', 'Morph-01', 'Morph-01'];semantic_equal=True",0.235083,,True,{}
pilot_mutation,H01-gcd.c,bf207a4afdd7e623be4bd0751bdc1917c0ee550af0f38c0531b25bb726d1710c,section,M11,semantic_input13,semantic corruption,MR08,Clean-room relocation,preserve,True,False,relocated=b'Morph-01',0.083022,,True,"{""clean_room_entries"":[""renamed-artifact.bin""],""relocated_hex"":""4d6f7270682d3031""}"
pilot_mutation,H01-gcd.c,bf207a4afdd7e623be4bd0751bdc1917c0ee550af0f38c0531b25bb726d1710c,section,M11,semantic_input13,semantic corruption,MR09,Carrier-removal rejection,reject,True,False,rejected:absent:custom section .wmrec not found,0.081992,,True,"{""antecedent_guarded"":true}"
pilot_mutation,H01-gcd.c,bf207a4afdd7e623be4bd0751bdc1917c0ee550af0f38c0531b25bb726d1710c,section,M11,semantic_input13,semantic corruption,MR10,Carrier-corruption rejection,reject,True,False,rejected:checksum:payload checksum mismatch,0.084261,,True,"{""antecedent_guarded"":true}"
pilot_mutation,H01-gcd.c,bf207a4afdd7e623be4bd0751bdc1917c0ee550af0f38c0531b25bb726d1710c,section,M11,semantic_input13,semantic corruption,MR11,Requested/actual trace agreement,trace,True,False,requested=clang/Os;actual=clang/Os,0.060329,,True,"{""build"":{""actual_compiler"":""clang"",""actual_optimization"":""Os"",""binary"":""WORKDIR/section/M11/MR11/trace/build-01/artifact.bin"",""binary_sha256"":""1b1db4cde3143e65811570eeffbe35b57b4361d85be4626dcffc6578ccc061ff"",""carrier"":""section"",""command"":[""clang"",""-std=c11"",""-fno-ident"",""-no-pie"",""-Os"",""WORKDIR/section/M11/MR11/trace/build-01/host.c"",""-o"",""WORKDIR/section/M11/MR11/trace/build-01/artifact.bin""],""effective_payload_hex"":""4d6f7270682d3031"",""key"":""key-alpha"",""mutant_id"":""M11"",""requested_compiler"":""clang"",""requested_optimization"":""Os"",""requested_payload_hex"":""4d6f7270682d3031"",""return_code"":0,""source"":""WORKDIR/section/M11/MR11/trace/build-01/host.c"",""source_sha256"":""ca86f8e08b4c154317c45483bc2f7087ebbc08fa00753ba65e010babc6fc4491"",""stderr"":""""}}"
pilot_mutation,H01-gcd.c,bf207a4afdd7e623be4bd0751bdc1917c0ee550af0f38c0531b25bb726d1710c,section,M11,semantic_input13,semantic corruption,MR12,Interleaved artifact isolation,separate,True,False,parallel_isolation_satisfied,0.099455,,True,"{""aliasing_detected"":false,""both_expected"":true,""execution_order"":""overlapping-builds-then-extract"",""payloads_distinct"":true}"
pilot_mutation,H01-gcd.c,bf207a4afdd7e623be4bd0751bdc1917c0ee550af0f38c0531b25bb726d1710c,section,M11,semantic_input13,semantic corruption,MR13,Reordered extraction independence,preserve,True,False,before=b'Morph-01';intervening=b'Second-2';after=b'Morph-01',0.127713,,True,"{""intervening_extraction"":true}"
pilot_mutation,H01-gcd.c,bf207a4afdd7e623be4bd0751bdc1917c0ee550af0f38c0531b25bb726d1710c,section,M11,semantic_input13,semantic corruption,MR14,Rebuild stability,preserve,True,False,first=b'Morph-01';second=b'Morph-01',0.130022,,True,"{""binary_bytes_equal"":true,""execution_order"":""build1-extract1-build2-extract2""}"
pilot_mutation,H01-gcd.c,bf207a4afdd7e623be4bd0751bdc1917c0ee550af0f38c0531b25bb726d1710c,section,M12,compile_original,stage routing,MR01,Round-trip fidelity,preserve,False,True,exception:ExtractionError:custom section .wmrec not found,0.069961,ExtractionError,True,{}
pilot_mutation,H01-gcd.c,bf207a4afdd7e623be4bd0751bdc1917c0ee550af0f38c0531b25bb726d1710c,section,M12,compile_original,stage routing,MR02,Host-semantic preservation,preserve,True,False,mismatch_count=0,0.139463,,True,"{""mismatches"":[]}"
pilot_mutation,H01-gcd.c,bf207a4afdd7e623be4bd0751bdc1917c0ee550af0f38c0531b25bb726d1710c,section,M12,compile_original,stage routing,MR03,Unmarked rejection,reject,True,False,rejected:absent:custom section .wmrec not found,0.073517,,True,"{""unmarked_binary_sha256"":""17288de5d8ffc83b2223ee650ec19f96fa9b779f3eb45b8e2433c730b7a1e3e2""}"
pilot_mutation,H01-gcd.c,bf207a4afdd7e623be4bd0751bdc1917c0ee550af0f38c0531b25bb726d1710c,section,M12,compile_original,stage routing,MR04,Wrong-key rejection,reject,True,False,rejected:wrong-key:key tag mismatch,0.05643,,True,"{""antecedent_guarded"":true,""antecedent_hex"":""4d6f7270682d3031""}"
pilot_mutation,H01-gcd.c,bf207a4afdd7e623be4bd0751bdc1917c0ee550af0f38c0531b25bb726d1710c,section,M12,compile_original,stage routing,MR05,Payload separation,separate,False,True,exception:ExtractionError:custom section .wmrec not found,0.140102,ExtractionError,True,{}
pilot_mutation,H01-gcd.c,bf207a4afdd7e623be4bd0751bdc1917c0ee550af0f38c0531b25bb726d1710c,section,M12,compile_original,stage routing,MR06,Cross-compiler invariance,preserve,False,True,exception:ExtractionError:custom section .wmrec not found,0.140691,ExtractionError,True,{}
pilot_mutation,H01-gcd.c,bf207a4afdd7e623be4bd0751bdc1917c0ee550af0f38c0531b25bb726d1710c,section,M12,compile_original,stage routing,MR07,Optimization invariance,preserve,False,True,exception:ExtractionError:custom section .wmrec not found,0.179516,ExtractionError,True,{}
pilot_mutation,H01-gcd.c,bf207a4afdd7e623be4bd0751bdc1917c0ee550af0f38c0531b25bb726d1710c,section,M12,compile_original,stage routing,MR08,Clean-room relocation,preserve,False,True,exception:ExtractionError:custom section .wmrec not found,0.053273,ExtractionError,True,{}
pilot_mutation,H01-gcd.c,bf207a4afdd7e623be4bd0751bdc1917c0ee550af0f38c0531b25bb726d1710c,section,M12,compile_original,stage routing,MR09,Carrier-removal rejection,reject,True,False,rejected:absent:custom section .wmrec not found,0.056856,,True,"{""antecedent_guarded"":true}"
pilot_mutation,H01-gcd.c,bf207a4afdd7e623be4bd0751bdc1917c0ee550af0f38c0531b25bb726d1710c,section,M12,compile_original,stage routing,MR10,Carrier-corruption rejection,reject,True,False,rejected:checksum:payload checksum mismatch,0.081287,,True,"{""antecedent_guarded"":true}"
pilot_mutation,H01-gcd.c,bf207a4afdd7e623be4bd0751bdc1917c0ee550af0f38c0531b25bb726d1710c,section,M12,compile_original,stage routing,MR11,Requested/actual trace agreement,trace,True,False,requested=clang/Os;actual=clang/Os,0.076415,,True,"{""build"":{""actual_compiler"":""clang"",""actual_optimization"":""Os"",""binary"":""WORKDIR/section/M12/MR11/trace/build-01/artifact.bin"",""binary_sha256"":""8979583311288d6755db67bfb67a745238b66729f18570b075945ee29c1a551b"",""carrier"":""section"",""command"":[""clang"",""-std=c11"",""-fno-ident"",""-no-pie"",""-Os"",""WORKDIR/section/M12/MR11/trace/build-01/host.c"",""-o"",""WORKDIR/section/M12/MR11/trace/build-01/artifact.bin""],""effective_payload_hex"":""4d6f7270682d3031"",""key"":""key-alpha"",""mutant_id"":""M12"",""requested_compiler"":""clang"",""requested_optimization"":""Os"",""requested_payload_hex"":""4d6f7270682d3031"",""return_code"":0,""source"":""WORKDIR/section/M12/MR11/trace/build-01/host.c"",""source_sha256"":""bf207a4afdd7e623be4bd0751bdc1917c0ee550af0f38c0531b25bb726d1710c"",""stderr"":""""}}"
pilot_mutation,H01-gcd.c,bf207a4afdd7e623be4bd0751bdc1917c0ee550af0f38c0531b25bb726d1710c,section,M12,compile_original,stage routing,MR12,Interleaved artifact isolation,separate,False,True,exception:ExtractionError:custom section .wmrec not found,0.122082,ExtractionError,True,{}
pilot_mutation,H01-gcd.c,bf207a4afdd7e623be4bd0751bdc1917c0ee550af0f38c0531b25bb726d1710c,section,M12,compile_original,stage routing,MR13,Reordered extraction independence,preserve,False,True,exception:ExtractionError:custom section .wmrec not found,0.062882,ExtractionError,True,{}
pilot_mutation,H01-gcd.c,bf207a4afdd7e623be4bd0751bdc1917c0ee550af0f38c0531b25bb726d1710c,section,M12,compile_original,stage routing,MR14,Rebuild stability,preserve,False,True,exception:ExtractionError:custom section .wmrec not found,0.088604,ExtractionError,True,{}
pilot_mutation,H01-gcd.c,bf207a4afdd7e623be4bd0751bdc1917c0ee550af0f38c0531b25bb726d1710c,section,M13,force_gcc,configuration,MR01,Round-trip fidelity,preserve,True,False,extracted=b'Morph-01',0.071199,,True,"{""build"":{""actual_compiler"":""gcc"",""actual_optimization"":""O2"",""binary"":""WORKDIR/section/M13/MR01/marked/build-01/artifact.bin"",""binary_sha256"":""63cbeff2b0785d492761ce367639a8bbc8e94ddb2cfe720778f8bd6177d67b85"",""carrier"":""section"",""command"":[""gcc"",""-std=c11"",""-fno-ident"",""-no-pie"",""-O2"",""WORKDIR/section/M13/MR01/marked/build-01/host.c"",""-o"",""WORKDIR/section/M13/MR01/marked/build-01/artifact.bin""],""effective_payload_hex"":""4d6f7270682d3031"",""key"":""key-alpha"",""mutant_id"":""M13"",""requested_compiler"":""gcc"",""requested_optimization"":""O2"",""requested_payload_hex"":""4d6f7270682d3031"",""return_code"":0,""source"":""WORKDIR/section/M13/MR01/marked/build-01/host.c"",""source_sha256"":""bf207a4afdd7e623be4bd0751bdc1917c0ee550af0f38c0531b25bb726d1710c"",""stderr"":""""},""extracted_hex"":""4d6f7270682d3031""}"
pilot_mutation,H01-gcd.c,bf207a4afdd7e623be4bd0751bdc1917c0ee550af0f38c0531b25bb726d1710c,section,M13,force_gcc,configuration,MR02,Host-semantic preservation,preserve,True,False,mismatch_count=0,0.151249,,True,"{""mismatches"":[]}"
pilot_mutation,H01-gcd.c,bf207a4afdd7e623be4bd0751bdc1917c0ee550af0f38c0531b25bb726d1710c,section,M13,force_gcc,configuration,MR03,Unmarked rejection,reject,True,False,rejected:absent:custom section .wmrec not found,0.080346,,True,"{""unmarked_binary_sha256"":""17288de5d8ffc83b2223ee650ec19f96fa9b779f3eb45b8e2433c730b7a1e3e2""}"
pilot_mutation,H01-gcd.c,bf207a4afdd7e623be4bd0751bdc1917c0ee550af0f38c0531b25bb726d1710c,section,M13,force_gcc,configuration,MR04,Wrong-key rejection,reject,True,False,rejected:wrong-key:key tag mismatch,0.064609,,True,"{""antecedent_guarded"":true,""antecedent_hex"":""4d6f7270682d3031""}"
pilot_mutation,H01-gcd.c,bf207a4afdd7e623be4bd0751bdc1917c0ee550af0f38c0531b25bb726d1710c,section,M13,force_gcc,configuration,MR05,Payload separation,separate,True,False,first=b'Morph-01';second=b'Second-2',0.145157,,True,"{""execution_order"":""sequential-builds-then-extract"",""first_hex"":""4d6f7270682d3031"",""second_hex"":""5365636f6e642d32""}"
pilot_mutation,H01-gcd.c,bf207a4afdd7e623be4bd0751bdc1917c0ee550af0f38c0531b25bb726d1710c,section,M13,force_gcc,configuration,MR06,Cross-compiler invariance,preserve,True,False,"payloads=b'Morph-01',b'Morph-01';semantic_equal=True",0.140557,,True,"{""clang_actual"":""gcc"",""gcc_actual"":""gcc""}"
pilot_mutation,H01-gcd.c,bf207a4afdd7e623be4bd0751bdc1917c0ee550af0f38c0531b25bb726d1710c,section,M13,force_gcc,configuration,MR07,Optimization invariance,preserve,True,False,"payloads=['Morph-01', 'Morph-01', 'Morph-01'];semantic_equal=True",0.220333,,True,{}
pilot_mutation,H01-gcd.c,bf207a4afdd7e623be4bd0751bdc1917c0ee550af0f38c0531b25bb726d1710c,section,M13,force_gcc,configuration,MR08,Clean-room relocation,preserve,True,False,relocated=b'Morph-01',0.089852,,True,"{""clean_room_entries"":[""renamed-artifact.bin""],""relocated_hex"":""4d6f7270682d3031""}"
pilot_mutation,H01-gcd.c,bf207a4afdd7e623be4bd0751bdc1917c0ee550af0f38c0531b25bb726d1710c,section,M13,force_gcc,configuration,MR09,Carrier-removal rejection,reject,True,False,rejected:absent:custom section .wmrec not found,0.09295,,True,"{""antecedent_guarded"":true}"
pilot_mutation,H01-gcd.c,bf207a4afdd7e623be4bd0751bdc1917c0ee550af0f38c0531b25bb726d1710c,section,M13,force_gcc,configuration,MR10,Carrier-corruption rejection,reject,True,False,rejected:checksum:payload checksum mismatch,0.047226,,True,"{""antecedent_guarded"":true}"
pilot_mutation,H01-gcd.c,bf207a4afdd7e623be4bd0751bdc1917c0ee550af0f38c0531b25bb726d1710c,section,M13,force_gcc,configuration,MR11,Requested/actual trace agreement,trace,False,True,requested=clang/Os;actual=gcc/Os,0.033917,,True,"{""build"":{""actual_compiler"":""gcc"",""actual_optimization"":""Os"",""binary"":""WORKDIR/section/M13/MR11/trace/build-01/artifact.bin"",""binary_sha256"":""536203b03d275ac01867599e3754d1b40589473421d70f4477920cc4e53f2419"",""carrier"":""section"",""command"":[""gcc"",""-std=c11"",""-fno-ident"",""-no-pie"",""-Os"",""WORKDIR/section/M13/MR11/trace/build-01/host.c"",""-o"",""WORKDIR/section/M13/MR11/trace/build-01/artifact.bin""],""effective_payload_hex"":""4d6f7270682d3031"",""key"":""key-alpha"",""mutant_id"":""M13"",""requested_compiler"":""clang"",""requested_optimization"":""Os"",""requested_payload_hex"":""4d6f7270682d3031"",""return_code"":0,""source"":""WORKDIR/section/M13/MR11/trace/build-01/host.c"",""source_sha256"":""bf207a4afdd7e623be4bd0751bdc1917c0ee550af0f38c0531b25bb726d1710c"",""stderr"":""""}}"
pilot_mutation,H01-gcd.c,bf207a4afdd7e623be4bd0751bdc1917c0ee550af0f38c0531b25bb726d1710c,section,M13,force_gcc,configuration,MR12,Interleaved artifact isolation,separate,True,False,parallel_isolation_satisfied,0.091591,,True,"{""aliasing_detected"":false,""both_expected"":true,""execution_order"":""overlapping-builds-then-extract"",""payloads_distinct"":true}"
pilot_mutation,H01-gcd.c,bf207a4afdd7e623be4bd0751bdc1917c0ee550af0f38c0531b25bb726d1710c,section,M13,force_gcc,configuration,MR13,Reordered extraction independence,preserve,True,False,before=b'Morph-01';intervening=b'Second-2';after=b'Morph-01',0.163169,,True,"{""intervening_extraction"":true}"
pilot_mutation,H01-gcd.c,bf207a4afdd7e623be4bd0751bdc1917c0ee550af0f38c0531b25bb726d1710c,section,M13,force_gcc,configuration,MR14,Rebuild stability,preserve,True,False,first=b'Morph-01';second=b'Morph-01',0.113732,,True,"{""binary_bytes_equal"":true,""execution_order"":""build1-extract1-build2-extract2""}"
pilot_mutation,H01-gcd.c,bf207a4afdd7e623be4bd0751bdc1917c0ee550af0f38c0531b25bb726d1710c,section,M14,force_O0,configuration,MR01,Round-trip fidelity,preserve,True,False,extracted=b'Morph-01',0.049861,,True,"{""build"":{""actual_compiler"":""gcc"",""actual_optimization"":""O0"",""binary"":""WORKDIR/section/M14/MR01/marked/build-01/artifact.bin"",""binary_sha256"":""05fb1320529a6af646b8ea2321c0e83ec10eaa89ee2a9bff9314e90d0c3bc4a1"",""carrier"":""section"",""command"":[""gcc"",""-std=c11"",""-fno-ident"",""-no-pie"",""-O0"",""WORKDIR/section/M14/MR01/marked/build-01/host.c"",""-o"",""WORKDIR/section/M14/MR01/marked/build-01/artifact.bin""],""effective_payload_hex"":""4d6f7270682d3031"",""key"":""key-alpha"",""mutant_id"":""M14"",""requested_compiler"":""gcc"",""requested_optimization"":""O2"",""requested_payload_hex"":""4d6f7270682d3031"",""return_code"":0,""source"":""WORKDIR/section/M14/MR01/marked/build-01/host.c"",""source_sha256"":""bf207a4afdd7e623be4bd0751bdc1917c0ee550af0f38c0531b25bb726d1710c"",""stderr"":""""},""extracted_hex"":""4d6f7270682d3031""}"
pilot_mutation,H01-gcd.c,bf207a4afdd7e623be4bd0751bdc1917c0ee550af0f38c0531b25bb726d1710c,section,M14,force_O0,configuration,MR02,Host-semantic preservation,preserve,True,False,mismatch_count=0,0.139539,,True,"{""mismatches"":[]}"
pilot_mutation,H01-gcd.c,bf207a4afdd7e623be4bd0751bdc1917c0ee550af0f38c0531b25bb726d1710c,section,M14,force_O0,configuration,MR03,Unmarked rejection,reject,True,False,rejected:absent:custom section .wmrec not found,0.046103,,True,"{""unmarked_binary_sha256"":""9b4d3b3c14fed8daa1b0d67cbd603737a48b61b6fcbe1d6f6b318081d458be0b""}"
pilot_mutation,H01-gcd.c,bf207a4afdd7e623be4bd0751bdc1917c0ee550af0f38c0531b25bb726d1710c,section,M14,force_O0,configuration,MR04,Wrong-key rejection,reject,True,False,rejected:wrong-key:key tag mismatch,0.081055,,True,"{""antecedent_guarded"":true,""antecedent_hex"":""4d6f7270682d3031""}"
pilot_mutation,H01-gcd.c,bf207a4afdd7e623be4bd0751bdc1917c0ee550af0f38c0531b25bb726d1710c,section,M14,force_O0,configuration,MR05,Payload separation,separate,True,False,first=b'Morph-01';second=b'Second-2',0.102298,,True,"{""execution_order"":""sequential-builds-then-extract"",""first_hex"":""4d6f7270682d3031"",""second_hex"":""5365636f6e642d32""}"
pilot_mutation,H01-gcd.c,bf207a4afdd7e623be4bd0751bdc1917c0ee550af0f38c0531b25bb726d1710c,section,M14,force_O0,configuration,MR06,Cross-compiler invariance,preserve,True,False,"payloads=b'Morph-01',b'Morph-01';semantic_equal=True",0.161682,,True,"{""clang_actual"":""clang"",""gcc_actual"":""gcc""}"
pilot_mutation,H01-gcd.c,bf207a4afdd7e623be4bd0751bdc1917c0ee550af0f38c0531b25bb726d1710c,section,M14,force_O0,configuration,MR07,Optimization invariance,preserve,True,False,"payloads=['Morph-01', 'Morph-01', 'Morph-01'];semantic_equal=True",0.205317,,True,{}
pilot_mutation,H01-gcd.c,bf207a4afdd7e623be4bd0751bdc1917c0ee550af0f38c0531b25bb726d1710c,section,M14,force_O0,configuration,MR08,Clean-room relocation,preserve,True,False,relocated=b'Morph-01',0.081899,,True,"{""clean_room_entries"":[""renamed-artifact.bin""],""relocated_hex"":""4d6f7270682d3031""}"
pilot_mutation,H01-gcd.c,bf207a4afdd7e623be4bd0751bdc1917c0ee550af0f38c0531b25bb726d1710c,section,M14,force_O0,configuration,MR09,Carrier-removal rejection,reject,True,False,rejected:absent:custom section .wmrec not found,0.088776,,True,"{""antecedent_guarded"":true}"
pilot_mutation,H01-gcd.c,bf207a4afdd7e623be4bd0751bdc1917c0ee550af0f38c0531b25bb726d1710c,section,M14,force_O0,configuration,MR10,Carrier-corruption rejection,reject,True,False,rejected:checksum:payload checksum mismatch,0.089924,,True,"{""antecedent_guarded"":true}"
pilot_mutation,H01-gcd.c,bf207a4afdd7e623be4bd0751bdc1917c0ee550af0f38c0531b25bb726d1710c,section,M14,force_O0,configuration,MR11,Requested/actual trace agreement,trace,False,True,requested=clang/Os;actual=clang/O0,0.06271,,True,"{""build"":{""actual_compiler"":""clang"",""actual_optimization"":""O0"",""binary"":""WORKDIR/section/M14/MR11/trace/build-01/artifact.bin"",""binary_sha256"":""7f62562f066731224c4ff4220a4de8faf049f2a4ce2bda89adb67824c1cc049c"",""carrier"":""section"",""command"":[""clang"",""-std=c11"",""-fno-ident"",""-no-pie"",""-O0"",""WORKDIR/section/M14/MR11/trace/build-01/host.c"",""-o"",""WORKDIR/section/M14/MR11/trace/build-01/artifact.bin""],""effective_payload_hex"":""4d6f7270682d3031"",""key"":""key-alpha"",""mutant_id"":""M14"",""requested_compiler"":""clang"",""requested_optimization"":""Os"",""requested_payload_hex"":""4d6f7270682d3031"",""return_code"":0,""source"":""WORKDIR/section/M14/MR11/trace/build-01/host.c"",""source_sha256"":""bf207a4afdd7e623be4bd0751bdc1917c0ee550af0f38c0531b25bb726d1710c"",""stderr"":""""}}"
pilot_mutation,H01-gcd.c,bf207a4afdd7e623be4bd0751bdc1917c0ee550af0f38c0531b25bb726d1710c,section,M14,force_O0,configuration,MR12,Interleaved artifact isolation,separate,True,False,parallel_isolation_satisfied,0.072231,,True,"{""aliasing_detected"":false,""both_expected"":true,""execution_order"":""overlapping-builds-then-extract"",""payloads_distinct"":true}"
pilot_mutation,H01-gcd.c,bf207a4afdd7e623be4bd0751bdc1917c0ee550af0f38c0531b25bb726d1710c,section,M14,force_O0,configuration,MR13,Reordered extraction independence,preserve,True,False,before=b'Morph-01';intervening=b'Second-2';after=b'Morph-01',0.147694,,True,"{""intervening_extraction"":true}"
pilot_mutation,H01-gcd.c,bf207a4afdd7e623be4bd0751bdc1917c0ee550af0f38c0531b25bb726d1710c,section,M14,force_O0,configuration,MR14,Rebuild stability,preserve,True,False,first=b'Morph-01';second=b'Morph-01',0.119387,,True,"{""binary_bytes_equal"":true,""execution_order"":""build1-extract1-build2-extract2""}"
pilot_mutation,H01-gcd.c,bf207a4afdd7e623be4bd0751bdc1917c0ee550af0f38c0531b25bb726d1710c,section,M15,transform_noop,transformation,MR01,Round-trip fidelity,preserve,True,False,extracted=b'Morph-01',0.036897,,True,"{""build"":{""actual_compiler"":""gcc"",""actual_optimization"":""O2"",""binary"":""WORKDIR/section/M15/MR01/marked/build-01/artifact.bin"",""binary_sha256"":""63cbeff2b0785d492761ce367639a8bbc8e94ddb2cfe720778f8bd6177d67b85"",""carrier"":""section"",""command"":[""gcc"",""-std=c11"",""-fno-ident"",""-no-pie"",""-O2"",""WORKDIR/section/M15/MR01/marked/build-01/host.c"",""-o"",""WORKDIR/section/M15/MR01/marked/build-01/artifact.bin""],""effective_payload_hex"":""4d6f7270682d3031"",""key"":""key-alpha"",""mutant_id"":""M15"",""requested_compiler"":""gcc"",""requested_optimization"":""O2"",""requested_payload_hex"":""4d6f7270682d3031"",""return_code"":0,""source"":""WORKDIR/section/M15/MR01/marked/build-01/host.c"",""source_sha256"":""bf207a4afdd7e623be4bd0751bdc1917c0ee550af0f38c0531b25bb726d1710c"",""stderr"":""""},""extracted_hex"":""4d6f7270682d3031""}"
pilot_mutation,H01-gcd.c,bf207a4afdd7e623be4bd0751bdc1917c0ee550af0f38c0531b25bb726d1710c,section,M15,transform_noop,transformation,MR02,Host-semantic preservation,preserve,True,False,mismatch_count=0,0.15074,,True,"{""mismatches"":[]}"
pilot_mutation,H01-gcd.c,bf207a4afdd7e623be4bd0751bdc1917c0ee550af0f38c0531b25bb726d1710c,section,M15,transform_noop,transformation,MR03,Unmarked rejection,reject,True,False,rejected:absent:custom section .wmrec not found,0.045206,,True,"{""unmarked_binary_sha256"":""17288de5d8ffc83b2223ee650ec19f96fa9b779f3eb45b8e2433c730b7a1e3e2""}"
pilot_mutation,H01-gcd.c,bf207a4afdd7e623be4bd0751bdc1917c0ee550af0f38c0531b25bb726d1710c,section,M15,transform_noop,transformation,MR04,Wrong-key rejection,reject,True,False,rejected:wrong-key:key tag mismatch,0.045626,,True,"{""antecedent_guarded"":true,""antecedent_hex"":""4d6f7270682d3031""}"
pilot_mutation,H01-gcd.c,bf207a4afdd7e623be4bd0751bdc1917c0ee550af0f38c0531b25bb726d1710c,section,M15,transform_noop,transformation,MR05,Payload separation,separate,True,False,first=b'Morph-01';second=b'Second-2',0.120195,,True,"{""execution_order"":""sequential-builds-then-extract"",""first_hex"":""4d6f7270682d3031"",""second_hex"":""5365636f6e642d32""}"
pilot_mutation,H01-gcd.c,bf207a4afdd7e623be4bd0751bdc1917c0ee550af0f38c0531b25bb726d1710c,section,M15,transform_noop,transformation,MR06,Cross-compiler invariance,preserve,True,False,"payloads=b'Morph-01',b'Morph-01';semantic_equal=True",0.180112,,True,"{""clang_actual"":""clang"",""gcc_actual"":""gcc""}"
pilot_mutation,H01-gcd.c,bf207a4afdd7e623be4bd0751bdc1917c0ee550af0f38c0531b25bb726d1710c,section,M15,transform_noop,transformation,MR07,Optimization invariance,preserve,True,False,"payloads=['Morph-01', 'Morph-01', 'Morph-01'];semantic_equal=True",0.279006,,True,{}
pilot_mutation,H01-gcd.c,bf207a4afdd7e623be4bd0751bdc1917c0ee550af0f38c0531b25bb726d1710c,section,M15,transform_noop,transformation,MR08,Clean-room relocation,preserve,True,False,relocated=b'Morph-01',0.077386,,True,"{""clean_room_entries"":[""renamed-artifact.bin""],""relocated_hex"":""4d6f7270682d3031""}"
pilot_mutation,H01-gcd.c,bf207a4afdd7e623be4bd0751bdc1917c0ee550af0f38c0531b25bb726d1710c,section,M15,transform_noop,transformation,MR09,Carrier-removal rejection,reject,False,True,spurious robustness:accepted:b'Morph-01',0.066581,,True,"{""antecedent_guarded"":true}"
pilot_mutation,H01-gcd.c,bf207a4afdd7e623be4bd0751bdc1917c0ee550af0f38c0531b25bb726d1710c,section,M15,transform_noop,transformation,MR10,Carrier-corruption rejection,reject,True,False,rejected:checksum:payload checksum mismatch,0.089157,,True,"{""antecedent_guarded"":true}"
pilot_mutation,H01-gcd.c,bf207a4afdd7e623be4bd0751bdc1917c0ee550af0f38c0531b25bb726d1710c,section,M15,transform_noop,transformation,MR11,Requested/actual trace agreement,trace,True,False,requested=clang/Os;actual=clang/Os,0.091377,,True,"{""build"":{""actual_compiler"":""clang"",""actual_optimization"":""Os"",""binary"":""WORKDIR/section/M15/MR11/trace/build-01/artifact.bin"",""binary_sha256"":""d5d8525397dedc90fa4792ce87b67efca4a48048626cb76d2fe61da67d4f779a"",""carrier"":""section"",""command"":[""clang"",""-std=c11"",""-fno-ident"",""-no-pie"",""-Os"",""WORKDIR/section/M15/MR11/trace/build-01/host.c"",""-o"",""WORKDIR/section/M15/MR11/trace/build-01/artifact.bin""],""effective_payload_hex"":""4d6f7270682d3031"",""key"":""key-alpha"",""mutant_id"":""M15"",""requested_compiler"":""clang"",""requested_optimization"":""Os"",""requested_payload_hex"":""4d6f7270682d3031"",""return_code"":0,""source"":""WORKDIR/section/M15/MR11/trace/build-01/host.c"",""source_sha256"":""bf207a4afdd7e623be4bd0751bdc1917c0ee550af0f38c0531b25bb726d1710c"",""stderr"":""""}}"
pilot_mutation,H01-gcd.c,bf207a4afdd7e623be4bd0751bdc1917c0ee550af0f38c0531b25bb726d1710c,section,M15,transform_noop,transformation,MR12,Interleaved artifact isolation,separate,True,False,parallel_isolation_satisfied,0.09158,,True,"{""aliasing_detected"":false,""both_expected"":true,""execution_order"":""overlapping-builds-then-extract"",""payloads_distinct"":true}"
pilot_mutation,H01-gcd.c,bf207a4afdd7e623be4bd0751bdc1917c0ee550af0f38c0531b25bb726d1710c,section,M15,transform_noop,transformation,MR13,Reordered extraction independence,preserve,True,False,before=b'Morph-01';intervening=b'Second-2';after=b'Morph-01',0.123033,,True,"{""intervening_extraction"":true}"
pilot_mutation,H01-gcd.c,bf207a4afdd7e623be4bd0751bdc1917c0ee550af0f38c0531b25bb726d1710c,section,M15,transform_noop,transformation,MR14,Rebuild stability,preserve,True,False,first=b'Morph-01';second=b'Morph-01',0.162317,,True,"{""binary_bytes_equal"":true,""execution_order"":""build1-extract1-build2-extract2""}"
pilot_mutation,H01-gcd.c,bf207a4afdd7e623be4bd0751bdc1917c0ee550af0f38c0531b25bb726d1710c,section,M16,checksum_bypass,integrity,MR01,Round-trip fidelity,preserve,True,False,extracted=b'Morph-01',0.060439,,True,"{""build"":{""actual_compiler"":""gcc"",""actual_optimization"":""O2"",""binary"":""WORKDIR/section/M16/MR01/marked/build-01/artifact.bin"",""binary_sha256"":""63cbeff2b0785d492761ce367639a8bbc8e94ddb2cfe720778f8bd6177d67b85"",""carrier"":""section"",""command"":[""gcc"",""-std=c11"",""-fno-ident"",""-no-pie"",""-O2"",""WORKDIR/section/M16/MR01/marked/build-01/host.c"",""-o"",""WORKDIR/section/M16/MR01/marked/build-01/artifact.bin""],""effective_payload_hex"":""4d6f7270682d3031"",""key"":""key-alpha"",""mutant_id"":""M16"",""requested_compiler"":""gcc"",""requested_optimization"":""O2"",""requested_payload_hex"":""4d6f7270682d3031"",""return_code"":0,""source"":""WORKDIR/section/M16/MR01/marked/build-01/host.c"",""source_sha256"":""bf207a4afdd7e623be4bd0751bdc1917c0ee550af0f38c0531b25bb726d1710c"",""stderr"":""""},""extracted_hex"":""4d6f7270682d3031""}"
pilot_mutation,H01-gcd.c,bf207a4afdd7e623be4bd0751bdc1917c0ee550af0f38c0531b25bb726d1710c,section,M16,checksum_bypass,integrity,MR02,Host-semantic preservation,preserve,True,False,mismatch_count=0,0.185466,,True,"{""mismatches"":[]}"
pilot_mutation,H01-gcd.c,bf207a4afdd7e623be4bd0751bdc1917c0ee550af0f38c0531b25bb726d1710c,section,M16,checksum_bypass,integrity,MR03,Unmarked rejection,reject,True,False,rejected:absent:custom section .wmrec not found,0.042913,,True,"{""unmarked_binary_sha256"":""17288de5d8ffc83b2223ee650ec19f96fa9b779f3eb45b8e2433c730b7a1e3e2""}"
pilot_mutation,H01-gcd.c,bf207a4afdd7e623be4bd0751bdc1917c0ee550af0f38c0531b25bb726d1710c,section,M16,checksum_bypass,integrity,MR04,Wrong-key rejection,reject,True,False,rejected:wrong-key:key tag mismatch,0.035581,,True,"{""antecedent_guarded"":true,""antecedent_hex"":""4d6f7270682d3031""}"
pilot_mutation,H01-gcd.c,bf207a4afdd7e623be4bd0751bdc1917c0ee550af0f38c0531b25bb726d1710c,section,M16,checksum_bypass,integrity,MR05,Payload separation,separate,True,False,first=b'Morph-01';second=b'Second-2',0.1195,,True,"{""execution_order"":""sequential-builds-then-extract"",""first_hex"":""4d6f7270682d3031"",""second_hex"":""5365636f6e642d32""}"
pilot_mutation,H01-gcd.c,bf207a4afdd7e623be4bd0751bdc1917c0ee550af0f38c0531b25bb726d1710c,section,M16,checksum_bypass,integrity,MR06,Cross-compiler invariance,preserve,True,False,"payloads=b'Morph-01',b'Morph-01';semantic_equal=True",0.170181,,True,"{""clang_actual"":""clang"",""gcc_actual"":""gcc""}"
pilot_mutation,H01-gcd.c,bf207a4afdd7e623be4bd0751bdc1917c0ee550af0f38c0531b25bb726d1710c,section,M16,checksum_bypass,integrity,MR07,Optimization invariance,preserve,True,False,"payloads=['Morph-01', 'Morph-01', 'Morph-01'];semantic_equal=True",0.213839,,True,{}
pilot_mutation,H01-gcd.c,bf207a4afdd7e623be4bd0751bdc1917c0ee550af0f38c0531b25bb726d1710c,section,M16,checksum_bypass,integrity,MR08,Clean-room relocation,preserve,True,False,relocated=b'Morph-01',0.080026,,True,"{""clean_room_entries"":[""renamed-artifact.bin""],""relocated_hex"":""4d6f7270682d3031""}"
pilot_mutation,H01-gcd.c,bf207a4afdd7e623be4bd0751bdc1917c0ee550af0f38c0531b25bb726d1710c,section,M16,checksum_bypass,integrity,MR09,Carrier-removal rejection,reject,True,False,rejected:absent:custom section .wmrec not found,0.058774,,True,"{""antecedent_guarded"":true}"
pilot_mutation,H01-gcd.c,bf207a4afdd7e623be4bd0751bdc1917c0ee550af0f38c0531b25bb726d1710c,section,M16,checksum_bypass,integrity,MR10,Carrier-corruption rejection,reject,False,True,corruption accepted:accepted:b'Morph-01',0.101436,,True,"{""antecedent_guarded"":true}"
pilot_mutation,H01-gcd.c,bf207a4afdd7e623be4bd0751bdc1917c0ee550af0f38c0531b25bb726d1710c,section,M16,checksum_bypass,integrity,MR11,Requested/actual trace agreement,trace,True,False,requested=clang/Os;actual=clang/Os,0.07977,,True,"{""build"":{""actual_compiler"":""clang"",""actual_optimization"":""Os"",""binary"":""WORKDIR/section/M16/MR11/trace/build-01/artifact.bin"",""binary_sha256"":""d5d8525397dedc90fa4792ce87b67efca4a48048626cb76d2fe61da67d4f779a"",""carrier"":""section"",""command"":[""clang"",""-std=c11"",""-fno-ident"",""-no-pie"",""-Os"",""WORKDIR/section/M16/MR11/trace/build-01/host.c"",""-o"",""WORKDIR/section/M16/MR11/trace/build-01/artifact.bin""],""effective_payload_hex"":""4d6f7270682d3031"",""key"":""key-alpha"",""mutant_id"":""M16"",""requested_compiler"":""clang"",""requested_optimization"":""Os"",""requested_payload_hex"":""4d6f7270682d3031"",""return_code"":0,""source"":""WORKDIR/section/M16/MR11/trace/build-01/host.c"",""source_sha256"":""bf207a4afdd7e623be4bd0751bdc1917c0ee550af0f38c0531b25bb726d1710c"",""stderr"":""""}}"
pilot_mutation,H01-gcd.c,bf207a4afdd7e623be4bd0751bdc1917c0ee550af0f38c0531b25bb726d1710c,section,M16,checksum_bypass,integrity,MR12,Interleaved artifact isolation,separate,True,False,parallel_isolation_satisfied,0.098914,,True,"{""aliasing_detected"":false,""both_expected"":true,""execution_order"":""overlapping-builds-then-extract"",""payloads_distinct"":true}"
pilot_mutation,H01-gcd.c,bf207a4afdd7e623be4bd0751bdc1917c0ee550af0f38c0531b25bb726d1710c,section,M16,checksum_bypass,integrity,MR13,Reordered extraction independence,preserve,True,False,before=b'Morph-01';intervening=b'Second-2';after=b'Morph-01',0.126287,,True,"{""intervening_extraction"":true}"
pilot_mutation,H01-gcd.c,bf207a4afdd7e623be4bd0751bdc1917c0ee550af0f38c0531b25bb726d1710c,section,M16,checksum_bypass,integrity,MR14,Rebuild stability,preserve,True,False,first=b'Morph-01';second=b'Morph-01',0.164054,,True,"{""binary_bytes_equal"":true,""execution_order"":""build1-extract1-build2-extract2""}"
pilot_mutation,H01-gcd.c,bf207a4afdd7e623be4bd0751bdc1917c0ee550af0f38c0531b25bb726d1710c,section,M17,filename_bound,artifact binding,MR01,Round-trip fidelity,preserve,True,False,extracted=b'Morph-01',0.038898,,True,"{""build"":{""actual_compiler"":""gcc"",""actual_optimization"":""O2"",""binary"":""WORKDIR/section/M17/MR01/marked/build-01/artifact.bin"",""binary_sha256"":""63cbeff2b0785d492761ce367639a8bbc8e94ddb2cfe720778f8bd6177d67b85"",""carrier"":""section"",""command"":[""gcc"",""-std=c11"",""-fno-ident"",""-no-pie"",""-O2"",""WORKDIR/section/M17/MR01/marked/build-01/host.c"",""-o"",""WORKDIR/section/M17/MR01/marked/build-01/artifact.bin""],""effective_payload_hex"":""4d6f7270682d3031"",""key"":""key-alpha"",""mutant_id"":""M17"",""requested_compiler"":""gcc"",""requested_optimization"":""O2"",""requested_payload_hex"":""4d6f7270682d3031"",""return_code"":0,""source"":""WORKDIR/section/M17/MR01/marked/build-01/host.c"",""source_sha256"":""bf207a4afdd7e623be4bd0751bdc1917c0ee550af0f38c0531b25bb726d1710c"",""stderr"":""""},""extracted_hex"":""4d6f7270682d3031""}"
pilot_mutation,H01-gcd.c,bf207a4afdd7e623be4bd0751bdc1917c0ee550af0f38c0531b25bb726d1710c,section,M17,filename_bound,artifact binding,MR02,Host-semantic preservation,preserve,True,False,mismatch_count=0,0.121473,,True,"{""mismatches"":[]}"
pilot_mutation,H01-gcd.c,bf207a4afdd7e623be4bd0751bdc1917c0ee550af0f38c0531b25bb726d1710c,section,M17,filename_bound,artifact binding,MR03,Unmarked rejection,reject,True,False,rejected:absent:custom section .wmrec not found,0.048797,,True,"{""unmarked_binary_sha256"":""17288de5d8ffc83b2223ee650ec19f96fa9b779f3eb45b8e2433c730b7a1e3e2""}"
pilot_mutation,H01-gcd.c,bf207a4afdd7e623be4bd0751bdc1917c0ee550af0f38c0531b25bb726d1710c,section,M17,filename_bound,artifact binding,MR04,Wrong-key rejection,reject,True,False,rejected:wrong-key:key tag mismatch,0.091361,,True,"{""antecedent_guarded"":true,""antecedent_hex"":""4d6f7270682d3031""}"
pilot_mutation,H01-gcd.c,bf207a4afdd7e623be4bd0751bdc1917c0ee550af0f38c0531b25bb726d1710c,section,M17,filename_bound,artifact binding,MR05,Payload separation,separate,True,False,first=b'Morph-01';second=b'Second-2',0.118558,,True,"{""execution_order"":""sequential-builds-then-extract"",""first_hex"":""4d6f7270682d3031"",""second_hex"":""5365636f6e642d32""}"
pilot_mutation,H01-gcd.c,bf207a4afdd7e623be4bd0751bdc1917c0ee550af0f38c0531b25bb726d1710c,section,M17,filename_bound,artifact binding,MR06,Cross-compiler invariance,preserve,True,False,"payloads=b'Morph-01',b'Morph-01';semantic_equal=True",0.174216,,True,"{""clang_actual"":""clang"",""gcc_actual"":""gcc""}"
pilot_mutation,H01-gcd.c,bf207a4afdd7e623be4bd0751bdc1917c0ee550af0f38c0531b25bb726d1710c,section,M17,filename_bound,artifact binding,MR07,Optimization invariance,preserve,True,False,"payloads=['Morph-01', 'Morph-01', 'Morph-01'];semantic_equal=True",0.263923,,True,{}
pilot_mutation,H01-gcd.c,bf207a4afdd7e623be4bd0751bdc1917c0ee550af0f38c0531b25bb726d1710c,section,M17,filename_bound,artifact binding,MR08,Clean-room relocation,preserve,False,True,exception:ExtractionError:artifact path is not an original build path,0.055639,ExtractionError,True,{}
pilot_mutation,H01-gcd.c,bf207a4afdd7e623be4bd0751bdc1917c0ee550af0f38c0531b25bb726d1710c,section,M17,filename_bound,artifact binding,MR09,Carrier-removal rejection,reject,True,False,rejected:path:artifact path is not an original build path,0.068119,,True,"{""antecedent_guarded"":true}"
pilot_mutation,H01-gcd.c,bf207a4afdd7e623be4bd0751bdc1917c0ee550af0f38c0531b25bb726d1710c,section,M17,filename_bound,artifact binding,MR10,Carrier-corruption rejection,reject,True,False,rejected:path:artifact path is not an original build path,0.10242,,True,"{""antecedent_guarded"":true}"
pilot_mutation,H01-gcd.c,bf207a4afdd7e623be4bd0751bdc1917c0ee550af0f38c0531b25bb726d1710c,section,M17,filename_bound,artifact binding,MR11,Requested/actual trace agreement,trace,True,False,requested=clang/Os;actual=clang/Os,0.051409,,True,"{""build"":{""actual_compiler"":""clang"",""actual_optimization"":""Os"",""binary"":""WORKDIR/section/M17/MR11/trace/build-01/artifact.bin"",""binary_sha256"":""d5d8525397dedc90fa4792ce87b67efca4a48048626cb76d2fe61da67d4f779a"",""carrier"":""section"",""command"":[""clang"",""-std=c11"",""-fno-ident"",""-no-pie"",""-Os"",""WORKDIR/section/M17/MR11/trace/build-01/host.c"",""-o"",""WORKDIR/section/M17/MR11/trace/build-01/artifact.bin""],""effective_payload_hex"":""4d6f7270682d3031"",""key"":""key-alpha"",""mutant_id"":""M17"",""requested_compiler"":""clang"",""requested_optimization"":""Os"",""requested_payload_hex"":""4d6f7270682d3031"",""return_code"":0,""source"":""WORKDIR/section/M17/MR11/trace/build-01/host.c"",""source_sha256"":""bf207a4afdd7e623be4bd0751bdc1917c0ee550af0f38c0531b25bb726d1710c"",""stderr"":""""}}"
pilot_mutation,H01-gcd.c,bf207a4afdd7e623be4bd0751bdc1917c0ee550af0f38c0531b25bb726d1710c,section,M17,filename_bound,artifact binding,MR12,Interleaved artifact isolation,separate,True,False,parallel_isolation_satisfied,0.092044,,True,"{""aliasing_detected"":false,""both_expected"":true,""execution_order"":""overlapping-builds-then-extract"",""payloads_distinct"":true}"
pilot_mutation,H01-gcd.c,bf207a4afdd7e623be4bd0751bdc1917c0ee550af0f38c0531b25bb726d1710c,section,M17,filename_bound,artifact binding,MR13,Reordered extraction independence,preserve,True,False,before=b'Morph-01';intervening=b'Second-2';after=b'Morph-01',0.147386,,True,"{""intervening_extraction"":true}"
pilot_mutation,H01-gcd.c,bf207a4afdd7e623be4bd0751bdc1917c0ee550af0f38c0531b25bb726d1710c,section,M17,filename_bound,artifact binding,MR14,Rebuild stability,preserve,True,False,first=b'Morph-01';second=b'Morph-01',0.113149,,True,"{""binary_bytes_equal"":true,""execution_order"":""build1-extract1-build2-extract2""}"
pilot_mutation,H01-gcd.c,bf207a4afdd7e623be4bd0751bdc1917c0ee550af0f38c0531b25bb726d1710c,section,M18,stale_binary,state,MR01,Round-trip fidelity,preserve,True,False,extracted=b'Morph-01',0.085483,,True,"{""build"":{""actual_compiler"":""gcc"",""actual_optimization"":""O2"",""binary"":""WORKDIR/section/M18/MR01/marked/build-01/artifact.bin"",""binary_sha256"":""63cbeff2b0785d492761ce367639a8bbc8e94ddb2cfe720778f8bd6177d67b85"",""carrier"":""section"",""command"":[""gcc"",""-std=c11"",""-fno-ident"",""-no-pie"",""-O2"",""WORKDIR/section/M18/MR01/marked/build-01/host.c"",""-o"",""WORKDIR/section/M18/MR01/marked/build-01/artifact.bin""],""effective_payload_hex"":""4d6f7270682d3031"",""key"":""key-alpha"",""mutant_id"":""M18"",""requested_compiler"":""gcc"",""requested_optimization"":""O2"",""requested_payload_hex"":""4d6f7270682d3031"",""return_code"":0,""source"":""WORKDIR/section/M18/MR01/marked/build-01/host.c"",""source_sha256"":""bf207a4afdd7e623be4bd0751bdc1917c0ee550af0f38c0531b25bb726d1710c"",""stderr"":""""},""extracted_hex"":""4d6f7270682d3031""}"
pilot_mutation,H01-gcd.c,bf207a4afdd7e623be4bd0751bdc1917c0ee550af0f38c0531b25bb726d1710c,section,M18,stale_binary,state,MR02,Host-semantic preservation,preserve,True,False,mismatch_count=0,0.143733,,True,"{""mismatches"":[]}"
pilot_mutation,H01-gcd.c,bf207a4afdd7e623be4bd0751bdc1917c0ee550af0f38c0531b25bb726d1710c,section,M18,stale_binary,state,MR03,Unmarked rejection,reject,True,False,rejected:absent:custom section .wmrec not found,0.034474,,True,"{""unmarked_binary_sha256"":""17288de5d8ffc83b2223ee650ec19f96fa9b779f3eb45b8e2433c730b7a1e3e2""}"
pilot_mutation,H01-gcd.c,bf207a4afdd7e623be4bd0751bdc1917c0ee550af0f38c0531b25bb726d1710c,section,M18,stale_binary,state,MR04,Wrong-key rejection,reject,True,False,rejected:wrong-key:key tag mismatch,0.05757,,True,"{""antecedent_guarded"":true,""antecedent_hex"":""4d6f7270682d3031""}"
pilot_mutation,H01-gcd.c,bf207a4afdd7e623be4bd0751bdc1917c0ee550af0f38c0531b25bb726d1710c,section,M18,stale_binary,state,MR05,Payload separation,separate,False,True,first=b'Morph-01';second=b'Morph-01',0.087538,,True,"{""execution_order"":""sequential-builds-then-extract"",""first_hex"":""4d6f7270682d3031"",""second_hex"":""4d6f7270682d3031""}"
pilot_mutation,H01-gcd.c,bf207a4afdd7e623be4bd0751bdc1917c0ee550af0f38c0531b25bb726d1710c,section,M18,stale_binary,state,MR06,Cross-compiler invariance,preserve,True,False,"payloads=b'Morph-01',b'Morph-01';semantic_equal=True",0.101014,,True,"{""clang_actual"":""gcc"",""gcc_actual"":""gcc""}"
pilot_mutation,H01-gcd.c,bf207a4afdd7e623be4bd0751bdc1917c0ee550af0f38c0531b25bb726d1710c,section,M18,stale_binary,state,MR07,Optimization invariance,preserve,True,False,"payloads=['Morph-01', 'Morph-01', 'Morph-01'];semantic_equal=True",0.097437,,True,{}
pilot_mutation,H01-gcd.c,bf207a4afdd7e623be4bd0751bdc1917c0ee550af0f38c0531b25bb726d1710c,section,M18,stale_binary,state,MR08,Clean-room relocation,preserve,True,False,relocated=b'Morph-01',0.063716,,True,"{""clean_room_entries"":[""renamed-artifact.bin""],""relocated_hex"":""4d6f7270682d3031""}"
pilot_mutation,H01-gcd.c,bf207a4afdd7e623be4bd0751bdc1917c0ee550af0f38c0531b25bb726d1710c,section,M18,stale_binary,state,MR09,Carrier-removal rejection,reject,True,False,rejected:absent:custom section .wmrec not found,0.080424,,True,"{""antecedent_guarded"":true}"
pilot_mutation,H01-gcd.c,bf207a4afdd7e623be4bd0751bdc1917c0ee550af0f38c0531b25bb726d1710c,section,M18,stale_binary,state,MR10,Carrier-corruption rejection,reject,False,True,corruption accepted:accepted:b'Morph-01',0.099228,,True,"{""antecedent_guarded"":true}"
pilot_mutation,H01-gcd.c,bf207a4afdd7e623be4bd0751bdc1917c0ee550af0f38c0531b25bb726d1710c,section,M18,stale_binary,state,MR11,Requested/actual trace agreement,trace,True,False,requested=clang/Os;actual=clang/Os,0.058516,,True,"{""build"":{""actual_compiler"":""clang"",""actual_optimization"":""Os"",""binary"":""WORKDIR/section/M18/MR11/trace/build-01/artifact.bin"",""binary_sha256"":""d5d8525397dedc90fa4792ce87b67efca4a48048626cb76d2fe61da67d4f779a"",""carrier"":""section"",""command"":[""clang"",""-std=c11"",""-fno-ident"",""-no-pie"",""-Os"",""WORKDIR/section/M18/MR11/trace/build-01/host.c"",""-o"",""WORKDIR/section/M18/MR11/trace/build-01/artifact.bin""],""effective_payload_hex"":""4d6f7270682d3031"",""key"":""key-alpha"",""mutant_id"":""M18"",""requested_compiler"":""clang"",""requested_optimization"":""Os"",""requested_payload_hex"":""4d6f7270682d3031"",""return_code"":0,""source"":""WORKDIR/section/M18/MR11/trace/build-01/host.c"",""source_sha256"":""bf207a4afdd7e623be4bd0751bdc1917c0ee550af0f38c0531b25bb726d1710c"",""stderr"":""""}}"
pilot_mutation,H01-gcd.c,bf207a4afdd7e623be4bd0751bdc1917c0ee550af0f38c0531b25bb726d1710c,section,M18,stale_binary,state,MR12,Interleaved artifact isolation,separate,True,False,parallel_isolation_satisfied,0.070376,,True,"{""aliasing_detected"":false,""both_expected"":true,""execution_order"":""overlapping-builds-then-extract"",""payloads_distinct"":true}"
pilot_mutation,H01-gcd.c,bf207a4afdd7e623be4bd0751bdc1917c0ee550af0f38c0531b25bb726d1710c,section,M18,stale_binary,state,MR13,Reordered extraction independence,preserve,False,True,exception:ExtractionError:key tag mismatch,0.078557,ExtractionError,True,{}
pilot_mutation,H01-gcd.c,bf207a4afdd7e623be4bd0751bdc1917c0ee550af0f38c0531b25bb726d1710c,section,M18,stale_binary,state,MR14,Rebuild stability,preserve,True,False,first=b'Morph-01';second=b'Morph-01',0.046344,,True,"{""binary_bytes_equal"":true,""execution_order"":""build1-extract1-build2-extract2""}"
pilot_mutation,H01-gcd.c,bf207a4afdd7e623be4bd0751bdc1917c0ee550af0f38c0531b25bb726d1710c,section,M19,extractor_prefix,extraction,MR01,Round-trip fidelity,preserve,False,True,extracted=b'Morph-0',0.073201,,True,"{""build"":{""actual_compiler"":""gcc"",""actual_optimization"":""O2"",""binary"":""WORKDIR/section/M19/MR01/marked/build-01/artifact.bin"",""binary_sha256"":""63cbeff2b0785d492761ce367639a8bbc8e94ddb2cfe720778f8bd6177d67b85"",""carrier"":""section"",""command"":[""gcc"",""-std=c11"",""-fno-ident"",""-no-pie"",""-O2"",""WORKDIR/section/M19/MR01/marked/build-01/host.c"",""-o"",""WORKDIR/section/M19/MR01/marked/build-01/artifact.bin""],""effective_payload_hex"":""4d6f7270682d3031"",""key"":""key-alpha"",""mutant_id"":""M19"",""requested_compiler"":""gcc"",""requested_optimization"":""O2"",""requested_payload_hex"":""4d6f7270682d3031"",""return_code"":0,""source"":""WORKDIR/section/M19/MR01/marked/build-01/host.c"",""source_sha256"":""bf207a4afdd7e623be4bd0751bdc1917c0ee550af0f38c0531b25bb726d1710c"",""stderr"":""""},""extracted_hex"":""4d6f7270682d30""}"
pilot_mutation,H01-gcd.c,bf207a4afdd7e623be4bd0751bdc1917c0ee550af0f38c0531b25bb726d1710c,section,M19,extractor_prefix,extraction,MR02,Host-semantic preservation,preserve,True,False,mismatch_count=0,0.160967,,True,"{""mismatches"":[]}"
pilot_mutation,H01-gcd.c,bf207a4afdd7e623be4bd0751bdc1917c0ee550af0f38c0531b25bb726d1710c,section,M19,extractor_prefix,extraction,MR03,Unmarked rejection,reject,True,False,rejected:absent:custom section .wmrec not found,0.075799,,True,"{""unmarked_binary_sha256"":""17288de5d8ffc83b2223ee650ec19f96fa9b779f3eb45b8e2433c730b7a1e3e2""}"
pilot_mutation,H01-gcd.c,bf207a4afdd7e623be4bd0751bdc1917c0ee550af0f38c0531b25bb726d1710c,section,M19,extractor_prefix,extraction,MR04,Wrong-key rejection,reject,True,False,rejected:wrong-key:key tag mismatch,0.073249,,True,"{""antecedent_guarded"":true,""antecedent_hex"":""4d6f7270682d3031""}"
pilot_mutation,H01-gcd.c,bf207a4afdd7e623be4bd0751bdc1917c0ee550af0f38c0531b25bb726d1710c,section,M19,extractor_prefix,extraction,MR05,Payload separation,separate,False,True,first=b'Morph-0';second=b'Second-',0.133093,,True,"{""execution_order"":""sequential-builds-then-extract"",""first_hex"":""4d6f7270682d30"",""second_hex"":""5365636f6e642d""}"
pilot_mutation,H01-gcd.c,bf207a4afdd7e623be4bd0751bdc1917c0ee550af0f38c0531b25bb726d1710c,section,M19,extractor_prefix,extraction,MR06,Cross-compiler invariance,preserve,False,True,"payloads=b'Morph-0',b'Morph-0';semantic_equal=True",0.178587,,True,"{""clang_actual"":""clang"",""gcc_actual"":""gcc""}"
pilot_mutation,H01-gcd.c,bf207a4afdd7e623be4bd0751bdc1917c0ee550af0f38c0531b25bb726d1710c,section,M19,extractor_prefix,extraction,MR07,Optimization invariance,preserve,False,True,"payloads=['Morph-0', 'Morph-0', 'Morph-0'];semantic_equal=True",0.223964,,True,{}
pilot_mutation,H01-gcd.c,bf207a4afdd7e623be4bd0751bdc1917c0ee550af0f38c0531b25bb726d1710c,section,M19,extractor_prefix,extraction,MR08,Clean-room relocation,preserve,False,True,source_mismatch=b'Morph-0',0.061314,,True,"{""source_hex"":""4d6f7270682d30""}"
pilot_mutation,H01-gcd.c,bf207a4afdd7e623be4bd0751bdc1917c0ee550af0f38c0531b25bb726d1710c,section,M19,extractor_prefix,extraction,MR09,Carrier-removal rejection,reject,True,False,rejected:absent:custom section .wmrec not found,0.085645,,True,"{""antecedent_guarded"":true}"
pilot_mutation,H01-gcd.c,bf207a4afdd7e623be4bd0751bdc1917c0ee550af0f38c0531b25bb726d1710c,section,M19,extractor_prefix,extraction,MR10,Carrier-corruption rejection,reject,True,False,rejected:checksum:payload checksum mismatch,0.08717,,True,"{""antecedent_guarded"":true}"
pilot_mutation,H01-gcd.c,bf207a4afdd7e623be4bd0751bdc1917c0ee550af0f38c0531b25bb726d1710c,section,M19,extractor_prefix,extraction,MR11,Requested/actual trace agreement,trace,True,False,requested=clang/Os;actual=clang/Os,0.078617,,True,"{""build"":{""actual_compiler"":""clang"",""actual_optimization"":""Os"",""binary"":""WORKDIR/section/M19/MR11/trace/build-01/artifact.bin"",""binary_sha256"":""d5d8525397dedc90fa4792ce87b67efca4a48048626cb76d2fe61da67d4f779a"",""carrier"":""section"",""command"":[""clang"",""-std=c11"",""-fno-ident"",""-no-pie"",""-Os"",""WORKDIR/section/M19/MR11/trace/build-01/host.c"",""-o"",""WORKDIR/section/M19/MR11/trace/build-01/artifact.bin""],""effective_payload_hex"":""4d6f7270682d3031"",""key"":""key-alpha"",""mutant_id"":""M19"",""requested_compiler"":""clang"",""requested_optimization"":""Os"",""requested_payload_hex"":""4d6f7270682d3031"",""return_code"":0,""source"":""WORKDIR/section/M19/MR11/trace/build-01/host.c"",""source_sha256"":""bf207a4afdd7e623be4bd0751bdc1917c0ee550af0f38c0531b25bb726d1710c"",""stderr"":""""}}"
pilot_mutation,H01-gcd.c,bf207a4afdd7e623be4bd0751bdc1917c0ee550af0f38c0531b25bb726d1710c,section,M19,extractor_prefix,extraction,MR12,Interleaved artifact isolation,separate,False,True,parallel_isolation_clause_violated,0.087074,,True,"{""aliasing_detected"":false,""both_expected"":false,""execution_order"":""overlapping-builds-then-extract"",""payloads_distinct"":true}"
pilot_mutation,H01-gcd.c,bf207a4afdd7e623be4bd0751bdc1917c0ee550af0f38c0531b25bb726d1710c,section,M19,extractor_prefix,extraction,MR13,Reordered extraction independence,preserve,False,True,before=b'Morph-0';intervening=b'Second-';after=b'Morph-0',0.134585,,True,"{""intervening_extraction"":true}"
pilot_mutation,H01-gcd.c,bf207a4afdd7e623be4bd0751bdc1917c0ee550af0f38c0531b25bb726d1710c,section,M19,extractor_prefix,extraction,MR14,Rebuild stability,preserve,False,True,first=b'Morph-0';second=b'Morph-0',0.138127,,True,"{""binary_bytes_equal"":true,""execution_order"":""build1-extract1-build2-extract2""}"
pilot_mutation,H01-gcd.c,bf207a4afdd7e623be4bd0751bdc1917c0ee550af0f38c0531b25bb726d1710c,section,M20,interleaved_collision,state,MR01,Round-trip fidelity,preserve,True,False,extracted=b'Morph-01',0.053873,,True,"{""build"":{""actual_compiler"":""gcc"",""actual_optimization"":""O2"",""binary"":""WORKDIR/section/M20/MR01/marked/build-01/artifact.bin"",""binary_sha256"":""63cbeff2b0785d492761ce367639a8bbc8e94ddb2cfe720778f8bd6177d67b85"",""carrier"":""section"",""command"":[""gcc"",""-std=c11"",""-fno-ident"",""-no-pie"",""-O2"",""WORKDIR/section/M20/MR01/marked/build-01/host.c"",""-o"",""WORKDIR/section/M20/MR01/marked/build-01/artifact.bin""],""effective_payload_hex"":""4d6f7270682d3031"",""key"":""key-alpha"",""mutant_id"":""M20"",""requested_compiler"":""gcc"",""requested_optimization"":""O2"",""requested_payload_hex"":""4d6f7270682d3031"",""return_code"":0,""source"":""WORKDIR/section/M20/MR01/marked/build-01/host.c"",""source_sha256"":""bf207a4afdd7e623be4bd0751bdc1917c0ee550af0f38c0531b25bb726d1710c"",""stderr"":""""},""extracted_hex"":""4d6f7270682d3031""}"
pilot_mutation,H01-gcd.c,bf207a4afdd7e623be4bd0751bdc1917c0ee550af0f38c0531b25bb726d1710c,section,M20,interleaved_collision,state,MR02,Host-semantic preservation,preserve,True,False,mismatch_count=0,0.140487,,True,"{""mismatches"":[]}"
pilot_mutation,H01-gcd.c,bf207a4afdd7e623be4bd0751bdc1917c0ee550af0f38c0531b25bb726d1710c,section,M20,interleaved_collision,state,MR03,Unmarked rejection,reject,True,False,rejected:absent:custom section .wmrec not found,0.053123,,True,"{""unmarked_binary_sha256"":""17288de5d8ffc83b2223ee650ec19f96fa9b779f3eb45b8e2433c730b7a1e3e2""}"
pilot_mutation,H01-gcd.c,bf207a4afdd7e623be4bd0751bdc1917c0ee550af0f38c0531b25bb726d1710c,section,M20,interleaved_collision,state,MR04,Wrong-key rejection,reject,True,False,rejected:wrong-key:key tag mismatch,0.088582,,True,"{""antecedent_guarded"":true,""antecedent_hex"":""4d6f7270682d3031""}"
pilot_mutation,H01-gcd.c,bf207a4afdd7e623be4bd0751bdc1917c0ee550af0f38c0531b25bb726d1710c,section,M20,interleaved_collision,state,MR05,Payload separation,separate,True,False,first=b'Morph-01';second=b'Second-2',0.111991,,True,"{""execution_order"":""sequential-builds-then-extract"",""first_hex"":""4d6f7270682d3031"",""second_hex"":""5365636f6e642d32""}"
pilot_mutation,H01-gcd.c,bf207a4afdd7e623be4bd0751bdc1917c0ee550af0f38c0531b25bb726d1710c,section,M20,interleaved_collision,state,MR06,Cross-compiler invariance,preserve,True,False,"payloads=b'Morph-01',b'Morph-01';semantic_equal=True",0.164888,,True,"{""clang_actual"":""clang"",""gcc_actual"":""gcc""}"
pilot_mutation,H01-gcd.c,bf207a4afdd7e623be4bd0751bdc1917c0ee550af0f38c0531b25bb726d1710c,section,M20,interleaved_collision,state,MR07,Optimization invariance,preserve,True,False,"payloads=['Morph-01', 'Morph-01', 'Morph-01'];semantic_equal=True",0.266763,,True,{}
pilot_mutation,H01-gcd.c,bf207a4afdd7e623be4bd0751bdc1917c0ee550af0f38c0531b25bb726d1710c,section,M20,interleaved_collision,state,MR08,Clean-room relocation,preserve,True,False,relocated=b'Morph-01',0.092203,,True,"{""clean_room_entries"":[""renamed-artifact.bin""],""relocated_hex"":""4d6f7270682d3031""}"
pilot_mutation,H01-gcd.c,bf207a4afdd7e623be4bd0751bdc1917c0ee550af0f38c0531b25bb726d1710c,section,M20,interleaved_collision,state,MR09,Carrier-removal rejection,reject,True,False,rejected:absent:custom section .wmrec not found,0.036587,,True,"{""antecedent_guarded"":true}"
pilot_mutation,H01-gcd.c,bf207a4afdd7e623be4bd0751bdc1917c0ee550af0f38c0531b25bb726d1710c,section,M20,interleaved_collision,state,MR10,Carrier-corruption rejection,reject,True,False,rejected:checksum:payload checksum mismatch,0.108283,,True,"{""antecedent_guarded"":true}"
pilot_mutation,H01-gcd.c,bf207a4afdd7e623be4bd0751bdc1917c0ee550af0f38c0531b25bb726d1710c,section,M20,interleaved_collision,state,MR11,Requested/actual trace agreement,trace,True,False,requested=clang/Os;actual=clang/Os,0.076922,,True,"{""build"":{""actual_compiler"":""clang"",""actual_optimization"":""Os"",""binary"":""WORKDIR/section/M20/MR11/trace/build-01/artifact.bin"",""binary_sha256"":""d5d8525397dedc90fa4792ce87b67efca4a48048626cb76d2fe61da67d4f779a"",""carrier"":""section"",""command"":[""clang"",""-std=c11"",""-fno-ident"",""-no-pie"",""-Os"",""WORKDIR/section/M20/MR11/trace/build-01/host.c"",""-o"",""WORKDIR/section/M20/MR11/trace/build-01/artifact.bin""],""effective_payload_hex"":""4d6f7270682d3031"",""key"":""key-alpha"",""mutant_id"":""M20"",""requested_compiler"":""clang"",""requested_optimization"":""Os"",""requested_payload_hex"":""4d6f7270682d3031"",""return_code"":0,""source"":""WORKDIR/section/M20/MR11/trace/build-01/host.c"",""source_sha256"":""bf207a4afdd7e623be4bd0751bdc1917c0ee550af0f38c0531b25bb726d1710c"",""stderr"":""""}}"
pilot_mutation,H01-gcd.c,bf207a4afdd7e623be4bd0751bdc1917c0ee550af0f38c0531b25bb726d1710c,section,M20,interleaved_collision,state,MR12,Interleaved artifact isolation,separate,False,True,parallel_isolation_clause_violated,0.092786,,True,"{""aliasing_detected"":true,""both_expected"":false,""execution_order"":""overlapping-builds-then-extract"",""payloads_distinct"":false}"
pilot_mutation,H01-gcd.c,bf207a4afdd7e623be4bd0751bdc1917c0ee550af0f38c0531b25bb726d1710c,section,M20,interleaved_collision,state,MR13,Reordered extraction independence,preserve,True,False,before=b'Morph-01';intervening=b'Second-2';after=b'Morph-01',0.132686,,True,"{""intervening_extraction"":true}"
pilot_mutation,H01-gcd.c,bf207a4afdd7e623be4bd0751bdc1917c0ee550af0f38c0531b25bb726d1710c,section,M20,interleaved_collision,state,MR14,Rebuild stability,preserve,True,False,first=b'Morph-01';second=b'Morph-01',0.157027,,True,"{""binary_bytes_equal"":true,""execution_order"":""build1-extract1-build2-extract2""}"
pilot_mutation,H01-gcd.c,bf207a4afdd7e623be4bd0751bdc1917c0ee550af0f38c0531b25bb726d1710c,section,M21,alternate_compiler_corruption,configuration,MR01,Round-trip fidelity,preserve,True,False,extracted=b'Morph-01',0.059942,,True,"{""build"":{""actual_compiler"":""gcc"",""actual_optimization"":""O2"",""binary"":""WORKDIR/section/M21/MR01/marked/build-01/artifact.bin"",""binary_sha256"":""63cbeff2b0785d492761ce367639a8bbc8e94ddb2cfe720778f8bd6177d67b85"",""carrier"":""section"",""command"":[""gcc"",""-std=c11"",""-fno-ident"",""-no-pie"",""-O2"",""WORKDIR/section/M21/MR01/marked/build-01/host.c"",""-o"",""WORKDIR/section/M21/MR01/marked/build-01/artifact.bin""],""effective_payload_hex"":""4d6f7270682d3031"",""key"":""key-alpha"",""mutant_id"":""M21"",""requested_compiler"":""gcc"",""requested_optimization"":""O2"",""requested_payload_hex"":""4d6f7270682d3031"",""return_code"":0,""source"":""WORKDIR/section/M21/MR01/marked/build-01/host.c"",""source_sha256"":""bf207a4afdd7e623be4bd0751bdc1917c0ee550af0f38c0531b25bb726d1710c"",""stderr"":""""},""extracted_hex"":""4d6f7270682d3031""}"
pilot_mutation,H01-gcd.c,bf207a4afdd7e623be4bd0751bdc1917c0ee550af0f38c0531b25bb726d1710c,section,M21,alternate_compiler_corruption,configuration,MR02,Host-semantic preservation,preserve,True,False,mismatch_count=0,0.133525,,True,"{""mismatches"":[]}"
pilot_mutation,H01-gcd.c,bf207a4afdd7e623be4bd0751bdc1917c0ee550af0f38c0531b25bb726d1710c,section,M21,alternate_compiler_corruption,configuration,MR03,Unmarked rejection,reject,True,False,rejected:absent:custom section .wmrec not found,0.073212,,True,"{""unmarked_binary_sha256"":""17288de5d8ffc83b2223ee650ec19f96fa9b779f3eb45b8e2433c730b7a1e3e2""}"
pilot_mutation,H01-gcd.c,bf207a4afdd7e623be4bd0751bdc1917c0ee550af0f38c0531b25bb726d1710c,section,M21,alternate_compiler_corruption,configuration,MR04,Wrong-key rejection,reject,True,False,rejected:wrong-key:key tag mismatch,0.06522,,True,"{""antecedent_guarded"":true,""antecedent_hex"":""4d6f7270682d3031""}"
pilot_mutation,H01-gcd.c,bf207a4afdd7e623be4bd0751bdc1917c0ee550af0f38c0531b25bb726d1710c,section,M21,alternate_compiler_corruption,configuration,MR05,Payload separation,separate,True,False,first=b'Morph-01';second=b'Second-2',0.154405,,True,"{""execution_order"":""sequential-builds-then-extract"",""first_hex"":""4d6f7270682d3031"",""second_hex"":""5365636f6e642d32""}"
pilot_mutation,H01-gcd.c,bf207a4afdd7e623be4bd0751bdc1917c0ee550af0f38c0531b25bb726d1710c,section,M21,alternate_compiler_corruption,configuration,MR06,Cross-compiler invariance,preserve,False,True,"payloads=b'Morph-01',b'Lorph-01';semantic_equal=True",0.179707,,True,"{""clang_actual"":""clang"",""gcc_actual"":""gcc""}"
pilot_mutation,H01-gcd.c,bf207a4afdd7e623be4bd0751bdc1917c0ee550af0f38c0531b25bb726d1710c,section,M21,alternate_compiler_corruption,configuration,MR07,Optimization invariance,preserve,True,False,"payloads=['Morph-01', 'Morph-01', 'Morph-01'];semantic_equal=True",0.16948,,True,{}
pilot_mutation,H01-gcd.c,bf207a4afdd7e623be4bd0751bdc1917c0ee550af0f38c0531b25bb726d1710c,section,M21,alternate_compiler_corruption,configuration,MR08,Clean-room relocation,preserve,True,False,relocated=b'Morph-01',0.057843,,True,"{""clean_room_entries"":[""renamed-artifact.bin""],""relocated_hex"":""4d6f7270682d3031""}"
pilot_mutation,H01-gcd.c,bf207a4afdd7e623be4bd0751bdc1917c0ee550af0f38c0531b25bb726d1710c,section,M21,alternate_compiler_corruption,configuration,MR09,Carrier-removal rejection,reject,True,False,rejected:absent:custom section .wmrec not found,0.091178,,True,"{""antecedent_guarded"":true}"
pilot_mutation,H01-gcd.c,bf207a4afdd7e623be4bd0751bdc1917c0ee550af0f38c0531b25bb726d1710c,section,M21,alternate_compiler_corruption,configuration,MR10,Carrier-corruption rejection,reject,True,False,rejected:checksum:payload checksum mismatch,0.069575,,True,"{""antecedent_guarded"":true}"
pilot_mutation,H01-gcd.c,bf207a4afdd7e623be4bd0751bdc1917c0ee550af0f38c0531b25bb726d1710c,section,M21,alternate_compiler_corruption,configuration,MR11,Requested/actual trace agreement,trace,True,False,requested=clang/Os;actual=clang/Os,0.095608,,True,"{""build"":{""actual_compiler"":""clang"",""actual_optimization"":""Os"",""binary"":""WORKDIR/section/M21/MR11/trace/build-01/artifact.bin"",""binary_sha256"":""2e75cbe00e865661a724a1618977bda2662fcdbb7de8b4b4ede68b59713f910c"",""carrier"":""section"",""command"":[""clang"",""-std=c11"",""-fno-ident"",""-no-pie"",""-Os"",""WORKDIR/section/M21/MR11/trace/build-01/host.c"",""-o"",""WORKDIR/section/M21/MR11/trace/build-01/artifact.bin""],""effective_payload_hex"":""4c6f7270682d3031"",""key"":""key-alpha"",""mutant_id"":""M21"",""requested_compiler"":""clang"",""requested_optimization"":""Os"",""requested_payload_hex"":""4d6f7270682d3031"",""return_code"":0,""source"":""WORKDIR/section/M21/MR11/trace/build-01/host.c"",""source_sha256"":""bf207a4afdd7e623be4bd0751bdc1917c0ee550af0f38c0531b25bb726d1710c"",""stderr"":""""}}"
pilot_mutation,H01-gcd.c,bf207a4afdd7e623be4bd0751bdc1917c0ee550af0f38c0531b25bb726d1710c,section,M21,alternate_compiler_corruption,configuration,MR12,Interleaved artifact isolation,separate,True,False,parallel_isolation_satisfied,0.113806,,True,"{""aliasing_detected"":false,""both_expected"":true,""execution_order"":""overlapping-builds-then-extract"",""payloads_distinct"":true}"
pilot_mutation,H01-gcd.c,bf207a4afdd7e623be4bd0751bdc1917c0ee550af0f38c0531b25bb726d1710c,section,M21,alternate_compiler_corruption,configuration,MR13,Reordered extraction independence,preserve,True,False,before=b'Morph-01';intervening=b'Second-2';after=b'Morph-01',0.144781,,True,"{""intervening_extraction"":true}"
pilot_mutation,H01-gcd.c,bf207a4afdd7e623be4bd0751bdc1917c0ee550af0f38c0531b25bb726d1710c,section,M21,alternate_compiler_corruption,configuration,MR14,Rebuild stability,preserve,True,False,first=b'Morph-01';second=b'Morph-01',0.105531,,True,"{""binary_bytes_equal"":true,""execution_order"":""build1-extract1-build2-extract2""}"
pilot_mutation,H01-gcd.c,bf207a4afdd7e623be4bd0751bdc1917c0ee550af0f38c0531b25bb726d1710c,section,M22,size_optimization_corruption,configuration,MR01,Round-trip fidelity,preserve,True,False,extracted=b'Morph-01',0.052769,,True,"{""build"":{""actual_compiler"":""gcc"",""actual_optimization"":""O2"",""binary"":""WORKDIR/section/M22/MR01/marked/build-01/artifact.bin"",""binary_sha256"":""63cbeff2b0785d492761ce367639a8bbc8e94ddb2cfe720778f8bd6177d67b85"",""carrier"":""section"",""command"":[""gcc"",""-std=c11"",""-fno-ident"",""-no-pie"",""-O2"",""WORKDIR/section/M22/MR01/marked/build-01/host.c"",""-o"",""WORKDIR/section/M22/MR01/marked/build-01/artifact.bin""],""effective_payload_hex"":""4d6f7270682d3031"",""key"":""key-alpha"",""mutant_id"":""M22"",""requested_compiler"":""gcc"",""requested_optimization"":""O2"",""requested_payload_hex"":""4d6f7270682d3031"",""return_code"":0,""source"":""WORKDIR/section/M22/MR01/marked/build-01/host.c"",""source_sha256"":""bf207a4afdd7e623be4bd0751bdc1917c0ee550af0f38c0531b25bb726d1710c"",""stderr"":""""},""extracted_hex"":""4d6f7270682d3031""}"
pilot_mutation,H01-gcd.c,bf207a4afdd7e623be4bd0751bdc1917c0ee550af0f38c0531b25bb726d1710c,section,M22,size_optimization_corruption,configuration,MR02,Host-semantic preservation,preserve,True,False,mismatch_count=0,0.134799,,True,"{""mismatches"":[]}"
pilot_mutation,H01-gcd.c,bf207a4afdd7e623be4bd0751bdc1917c0ee550af0f38c0531b25bb726d1710c,section,M22,size_optimization_corruption,configuration,MR03,Unmarked rejection,reject,True,False,rejected:absent:custom section .wmrec not found,0.069106,,True,"{""unmarked_binary_sha256"":""17288de5d8ffc83b2223ee650ec19f96fa9b779f3eb45b8e2433c730b7a1e3e2""}"
pilot_mutation,H01-gcd.c,bf207a4afdd7e623be4bd0751bdc1917c0ee550af0f38c0531b25bb726d1710c,section,M22,size_optimization_corruption,configuration,MR04,Wrong-key rejection,reject,True,False,rejected:wrong-key:key tag mismatch,0.073737,,True,"{""antecedent_guarded"":true,""antecedent_hex"":""4d6f7270682d3031""}"
pilot_mutation,H01-gcd.c,bf207a4afdd7e623be4bd0751bdc1917c0ee550af0f38c0531b25bb726d1710c,section,M22,size_optimization_corruption,configuration,MR05,Payload separation,separate,True,False,first=b'Morph-01';second=b'Second-2',0.137835,,True,"{""execution_order"":""sequential-builds-then-extract"",""first_hex"":""4d6f7270682d3031"",""second_hex"":""5365636f6e642d32""}"
pilot_mutation,H01-gcd.c,bf207a4afdd7e623be4bd0751bdc1917c0ee550af0f38c0531b25bb726d1710c,section,M22,size_optimization_corruption,configuration,MR06,Cross-compiler invariance,preserve,True,False,"payloads=b'Morph-01',b'Morph-01';semantic_equal=True",0.18168,,True,"{""clang_actual"":""clang"",""gcc_actual"":""gcc""}"
pilot_mutation,H01-gcd.c,bf207a4afdd7e623be4bd0751bdc1917c0ee550af0f38c0531b25bb726d1710c,section,M22,size_optimization_corruption,configuration,MR07,Optimization invariance,preserve,False,True,"payloads=['Morph-01', 'Morph-01', 'Lorph-01'];semantic_equal=True",0.279765,,True,{}
pilot_mutation,H01-gcd.c,bf207a4afdd7e623be4bd0751bdc1917c0ee550af0f38c0531b25bb726d1710c,section,M22,size_optimization_corruption,configuration,MR08,Clean-room relocation,preserve,True,False,relocated=b'Morph-01',0.041497,,True,"{""clean_room_entries"":[""renamed-artifact.bin""],""relocated_hex"":""4d6f7270682d3031""}"
pilot_mutation,H01-gcd.c,bf207a4afdd7e623be4bd0751bdc1917c0ee550af0f38c0531b25bb726d1710c,section,M22,size_optimization_corruption,configuration,MR09,Carrier-removal rejection,reject,True,False,rejected:absent:custom section .wmrec not found,0.095007,,True,"{""antecedent_guarded"":true}"
pilot_mutation,H01-gcd.c,bf207a4afdd7e623be4bd0751bdc1917c0ee550af0f38c0531b25bb726d1710c,section,M22,size_optimization_corruption,configuration,MR10,Carrier-corruption rejection,reject,True,False,rejected:checksum:payload checksum mismatch,0.062603,,True,"{""antecedent_guarded"":true}"
pilot_mutation,H01-gcd.c,bf207a4afdd7e623be4bd0751bdc1917c0ee550af0f38c0531b25bb726d1710c,section,M22,size_optimization_corruption,configuration,MR11,Requested/actual trace agreement,trace,True,False,requested=clang/Os;actual=clang/Os,0.087164,,True,"{""build"":{""actual_compiler"":""clang"",""actual_optimization"":""Os"",""binary"":""WORKDIR/section/M22/MR11/trace/build-01/artifact.bin"",""binary_sha256"":""2e75cbe00e865661a724a1618977bda2662fcdbb7de8b4b4ede68b59713f910c"",""carrier"":""section"",""command"":[""clang"",""-std=c11"",""-fno-ident"",""-no-pie"",""-Os"",""WORKDIR/section/M22/MR11/trace/build-01/host.c"",""-o"",""WORKDIR/section/M22/MR11/trace/build-01/artifact.bin""],""effective_payload_hex"":""4c6f7270682d3031"",""key"":""key-alpha"",""mutant_id"":""M22"",""requested_compiler"":""clang"",""requested_optimization"":""Os"",""requested_payload_hex"":""4d6f7270682d3031"",""return_code"":0,""source"":""WORKDIR/section/M22/MR11/trace/build-01/host.c"",""source_sha256"":""bf207a4afdd7e623be4bd0751bdc1917c0ee550af0f38c0531b25bb726d1710c"",""stderr"":""""}}"
pilot_mutation,H01-gcd.c,bf207a4afdd7e623be4bd0751bdc1917c0ee550af0f38c0531b25bb726d1710c,section,M22,size_optimization_corruption,configuration,MR12,Interleaved artifact isolation,separate,True,False,parallel_isolation_satisfied,0.100932,,True,"{""aliasing_detected"":false,""both_expected"":true,""execution_order"":""overlapping-builds-then-extract"",""payloads_distinct"":true}"
pilot_mutation,H01-gcd.c,bf207a4afdd7e623be4bd0751bdc1917c0ee550af0f38c0531b25bb726d1710c,section,M22,size_optimization_corruption,configuration,MR13,Reordered extraction independence,preserve,True,False,before=b'Morph-01';intervening=b'Second-2';after=b'Morph-01',0.11319,,True,"{""intervening_extraction"":true}"
pilot_mutation,H01-gcd.c,bf207a4afdd7e623be4bd0751bdc1917c0ee550af0f38c0531b25bb726d1710c,section,M22,size_optimization_corruption,configuration,MR14,Rebuild stability,preserve,True,False,first=b'Morph-01';second=b'Morph-01',0.152508,,True,"{""binary_bytes_equal"":true,""execution_order"":""build1-extract1-build2-extract2""}"
pilot_mutation,H01-gcd.c,bf207a4afdd7e623be4bd0751bdc1917c0ee550af0f38c0531b25bb726d1710c,section,M23,revisit_state_contamination,state,MR01,Round-trip fidelity,preserve,True,False,extracted=b'Morph-01',0.052129,,True,"{""build"":{""actual_compiler"":""gcc"",""actual_optimization"":""O2"",""binary"":""WORKDIR/section/M23/MR01/marked/build-01/artifact.bin"",""binary_sha256"":""63cbeff2b0785d492761ce367639a8bbc8e94ddb2cfe720778f8bd6177d67b85"",""carrier"":""section"",""command"":[""gcc"",""-std=c11"",""-fno-ident"",""-no-pie"",""-O2"",""WORKDIR/section/M23/MR01/marked/build-01/host.c"",""-o"",""WORKDIR/section/M23/MR01/marked/build-01/artifact.bin""],""effective_payload_hex"":""4d6f7270682d3031"",""key"":""key-alpha"",""mutant_id"":""M23"",""requested_compiler"":""gcc"",""requested_optimization"":""O2"",""requested_payload_hex"":""4d6f7270682d3031"",""return_code"":0,""source"":""WORKDIR/section/M23/MR01/marked/build-01/host.c"",""source_sha256"":""bf207a4afdd7e623be4bd0751bdc1917c0ee550af0f38c0531b25bb726d1710c"",""stderr"":""""},""extracted_hex"":""4d6f7270682d3031""}"
pilot_mutation,H01-gcd.c,bf207a4afdd7e623be4bd0751bdc1917c0ee550af0f38c0531b25bb726d1710c,section,M23,revisit_state_contamination,state,MR02,Host-semantic preservation,preserve,True,False,mismatch_count=0,0.154925,,True,"{""mismatches"":[]}"
pilot_mutation,H01-gcd.c,bf207a4afdd7e623be4bd0751bdc1917c0ee550af0f38c0531b25bb726d1710c,section,M23,revisit_state_contamination,state,MR03,Unmarked rejection,reject,True,False,rejected:absent:custom section .wmrec not found,0.053742,,True,"{""unmarked_binary_sha256"":""17288de5d8ffc83b2223ee650ec19f96fa9b779f3eb45b8e2433c730b7a1e3e2""}"
pilot_mutation,H01-gcd.c,bf207a4afdd7e623be4bd0751bdc1917c0ee550af0f38c0531b25bb726d1710c,section,M23,revisit_state_contamination,state,MR04,Wrong-key rejection,reject,True,False,rejected:wrong-key:key tag mismatch,0.081038,,True,"{""antecedent_guarded"":true,""antecedent_hex"":""4d6f7270682d3031""}"
pilot_mutation,H01-gcd.c,bf207a4afdd7e623be4bd0751bdc1917c0ee550af0f38c0531b25bb726d1710c,section,M23,revisit_state_contamination,state,MR05,Payload separation,separate,True,False,first=b'Morph-01';second=b'Second-2',0.113309,,True,"{""execution_order"":""sequential-builds-then-extract"",""first_hex"":""4d6f7270682d3031"",""second_hex"":""5365636f6e642d32""}"
pilot_mutation,H01-gcd.c,bf207a4afdd7e623be4bd0751bdc1917c0ee550af0f38c0531b25bb726d1710c,section,M23,revisit_state_contamination,state,MR06,Cross-compiler invariance,preserve,True,False,"payloads=b'Morph-01',b'Morph-01';semantic_equal=True",0.169647,,True,"{""clang_actual"":""clang"",""gcc_actual"":""gcc""}"
pilot_mutation,H01-gcd.c,bf207a4afdd7e623be4bd0751bdc1917c0ee550af0f38c0531b25bb726d1710c,section,M23,revisit_state_contamination,state,MR07,Optimization invariance,preserve,True,False,"payloads=['Morph-01', 'Morph-01', 'Morph-01'];semantic_equal=True",0.269458,,True,{}
pilot_mutation,H01-gcd.c,bf207a4afdd7e623be4bd0751bdc1917c0ee550af0f38c0531b25bb726d1710c,section,M23,revisit_state_contamination,state,MR08,Clean-room relocation,preserve,True,False,relocated=b'Morph-01',0.062421,,True,"{""clean_room_entries"":[""renamed-artifact.bin""],""relocated_hex"":""4d6f7270682d3031""}"
pilot_mutation,H01-gcd.c,bf207a4afdd7e623be4bd0751bdc1917c0ee550af0f38c0531b25bb726d1710c,section,M23,revisit_state_contamination,state,MR09,Carrier-removal rejection,reject,True,False,rejected:absent:custom section .wmrec not found,0.079609,,True,"{""antecedent_guarded"":true}"
pilot_mutation,H01-gcd.c,bf207a4afdd7e623be4bd0751bdc1917c0ee550af0f38c0531b25bb726d1710c,section,M23,revisit_state_contamination,state,MR10,Carrier-corruption rejection,reject,True,False,rejected:checksum:payload checksum mismatch,0.085019,,True,"{""antecedent_guarded"":true}"
pilot_mutation,H01-gcd.c,bf207a4afdd7e623be4bd0751bdc1917c0ee550af0f38c0531b25bb726d1710c,section,M23,revisit_state_contamination,state,MR11,Requested/actual trace agreement,trace,True,False,requested=clang/Os;actual=clang/Os,0.047748,,True,"{""build"":{""actual_compiler"":""clang"",""actual_optimization"":""Os"",""binary"":""WORKDIR/section/M23/MR11/trace/build-01/artifact.bin"",""binary_sha256"":""d5d8525397dedc90fa4792ce87b67efca4a48048626cb76d2fe61da67d4f779a"",""carrier"":""section"",""command"":[""clang"",""-std=c11"",""-fno-ident"",""-no-pie"",""-Os"",""WORKDIR/section/M23/MR11/trace/build-01/host.c"",""-o"",""WORKDIR/section/M23/MR11/trace/build-01/artifact.bin""],""effective_payload_hex"":""4d6f7270682d3031"",""key"":""key-alpha"",""mutant_id"":""M23"",""requested_compiler"":""clang"",""requested_optimization"":""Os"",""requested_payload_hex"":""4d6f7270682d3031"",""return_code"":0,""source"":""WORKDIR/section/M23/MR11/trace/build-01/host.c"",""source_sha256"":""bf207a4afdd7e623be4bd0751bdc1917c0ee550af0f38c0531b25bb726d1710c"",""stderr"":""""}}"
pilot_mutation,H01-gcd.c,bf207a4afdd7e623be4bd0751bdc1917c0ee550af0f38c0531b25bb726d1710c,section,M23,revisit_state_contamination,state,MR12,Interleaved artifact isolation,separate,True,False,parallel_isolation_satisfied,0.069287,,True,"{""aliasing_detected"":false,""both_expected"":true,""execution_order"":""overlapping-builds-then-extract"",""payloads_distinct"":true}"
pilot_mutation,H01-gcd.c,bf207a4afdd7e623be4bd0751bdc1917c0ee550af0f38c0531b25bb726d1710c,section,M23,revisit_state_contamination,state,MR13,Reordered extraction independence,preserve,False,True,before=b'Morph-01';intervening=b'Second-2';after=b'Second-2',0.158037,,True,"{""intervening_extraction"":true}"
pilot_mutation,H01-gcd.c,bf207a4afdd7e623be4bd0751bdc1917c0ee550af0f38c0531b25bb726d1710c,section,M23,revisit_state_contamination,state,MR14,Rebuild stability,preserve,True,False,first=b'Morph-01';second=b'Morph-01',0.139358,,True,"{""binary_bytes_equal"":true,""execution_order"":""build1-extract1-build2-extract2""}"
pilot_mutation,H01-gcd.c,bf207a4afdd7e623be4bd0751bdc1917c0ee550af0f38c0531b25bb726d1710c,section,M24,second_identical_build_corruption,state,MR01,Round-trip fidelity,preserve,True,False,extracted=b'Morph-01',0.082877,,True,"{""build"":{""actual_compiler"":""gcc"",""actual_optimization"":""O2"",""binary"":""WORKDIR/section/M24/MR01/marked/build-01/artifact.bin"",""binary_sha256"":""63cbeff2b0785d492761ce367639a8bbc8e94ddb2cfe720778f8bd6177d67b85"",""carrier"":""section"",""command"":[""gcc"",""-std=c11"",""-fno-ident"",""-no-pie"",""-O2"",""WORKDIR/section/M24/MR01/marked/build-01/host.c"",""-o"",""WORKDIR/section/M24/MR01/marked/build-01/artifact.bin""],""effective_payload_hex"":""4d6f7270682d3031"",""key"":""key-alpha"",""mutant_id"":""M24"",""requested_compiler"":""gcc"",""requested_optimization"":""O2"",""requested_payload_hex"":""4d6f7270682d3031"",""return_code"":0,""source"":""WORKDIR/section/M24/MR01/marked/build-01/host.c"",""source_sha256"":""bf207a4afdd7e623be4bd0751bdc1917c0ee550af0f38c0531b25bb726d1710c"",""stderr"":""""},""extracted_hex"":""4d6f7270682d3031""}"
pilot_mutation,H01-gcd.c,bf207a4afdd7e623be4bd0751bdc1917c0ee550af0f38c0531b25bb726d1710c,section,M24,second_identical_build_corruption,state,MR02,Host-semantic preservation,preserve,True,False,mismatch_count=0,0.163336,,True,"{""mismatches"":[]}"
pilot_mutation,H01-gcd.c,bf207a4afdd7e623be4bd0751bdc1917c0ee550af0f38c0531b25bb726d1710c,section,M24,second_identical_build_corruption,state,MR03,Unmarked rejection,reject,True,False,rejected:absent:custom section .wmrec not found,0.049422,,True,"{""unmarked_binary_sha256"":""17288de5d8ffc83b2223ee650ec19f96fa9b779f3eb45b8e2433c730b7a1e3e2""}"
pilot_mutation,H01-gcd.c,bf207a4afdd7e623be4bd0751bdc1917c0ee550af0f38c0531b25bb726d1710c,section,M24,second_identical_build_corruption,state,MR04,Wrong-key rejection,reject,True,False,rejected:wrong-key:key tag mismatch,0.03668,,True,"{""antecedent_guarded"":true,""antecedent_hex"":""4d6f7270682d3031""}"
pilot_mutation,H01-gcd.c,bf207a4afdd7e623be4bd0751bdc1917c0ee550af0f38c0531b25bb726d1710c,section,M24,second_identical_build_corruption,state,MR05,Payload separation,separate,True,False,first=b'Morph-01';second=b'Second-2',0.130862,,True,"{""execution_order"":""sequential-builds-then-extract"",""first_hex"":""4d6f7270682d3031"",""second_hex"":""5365636f6e642d32""}"
pilot_mutation,H01-gcd.c,bf207a4afdd7e623be4bd0751bdc1917c0ee550af0f38c0531b25bb726d1710c,section,M24,second_identical_build_corruption,state,MR06,Cross-compiler invariance,preserve,True,False,"payloads=b'Morph-01',b'Morph-01';semantic_equal=True",0.163377,,True,"{""clang_actual"":""clang"",""gcc_actual"":""gcc""}"
pilot_mutation,H01-gcd.c,bf207a4afdd7e623be4bd0751bdc1917c0ee550af0f38c0531b25bb726d1710c,section,M24,second_identical_build_corruption,state,MR07,Optimization invariance,preserve,True,False,"payloads=['Morph-01', 'Morph-01', 'Morph-01'];semantic_equal=True",0.187434,,True,{}
pilot_mutation,H01-gcd.c,bf207a4afdd7e623be4bd0751bdc1917c0ee550af0f38c0531b25bb726d1710c,section,M24,second_identical_build_corruption,state,MR08,Clean-room relocation,preserve,True,False,relocated=b'Morph-01',0.062468,,True,"{""clean_room_entries"":[""renamed-artifact.bin""],""relocated_hex"":""4d6f7270682d3031""}"
pilot_mutation,H01-gcd.c,bf207a4afdd7e623be4bd0751bdc1917c0ee550af0f38c0531b25bb726d1710c,section,M24,second_identical_build_corruption,state,MR09,Carrier-removal rejection,reject,True,False,rejected:absent:custom section .wmrec not found,0.090034,,True,"{""antecedent_guarded"":true}"
pilot_mutation,H01-gcd.c,bf207a4afdd7e623be4bd0751bdc1917c0ee550af0f38c0531b25bb726d1710c,section,M24,second_identical_build_corruption,state,MR10,Carrier-corruption rejection,reject,True,False,rejected:checksum:payload checksum mismatch,0.082151,,True,"{""antecedent_guarded"":true}"
pilot_mutation,H01-gcd.c,bf207a4afdd7e623be4bd0751bdc1917c0ee550af0f38c0531b25bb726d1710c,section,M24,second_identical_build_corruption,state,MR11,Requested/actual trace agreement,trace,True,False,requested=clang/Os;actual=clang/Os,0.074851,,True,"{""build"":{""actual_compiler"":""clang"",""actual_optimization"":""Os"",""binary"":""WORKDIR/section/M24/MR11/trace/build-01/artifact.bin"",""binary_sha256"":""d5d8525397dedc90fa4792ce87b67efca4a48048626cb76d2fe61da67d4f779a"",""carrier"":""section"",""command"":[""clang"",""-std=c11"",""-fno-ident"",""-no-pie"",""-Os"",""WORKDIR/section/M24/MR11/trace/build-01/host.c"",""-o"",""WORKDIR/section/M24/MR11/trace/build-01/artifact.bin""],""effective_payload_hex"":""4d6f7270682d3031"",""key"":""key-alpha"",""mutant_id"":""M24"",""requested_compiler"":""clang"",""requested_optimization"":""Os"",""requested_payload_hex"":""4d6f7270682d3031"",""return_code"":0,""source"":""WORKDIR/section/M24/MR11/trace/build-01/host.c"",""source_sha256"":""bf207a4afdd7e623be4bd0751bdc1917c0ee550af0f38c0531b25bb726d1710c"",""stderr"":""""}}"
pilot_mutation,H01-gcd.c,bf207a4afdd7e623be4bd0751bdc1917c0ee550af0f38c0531b25bb726d1710c,section,M24,second_identical_build_corruption,state,MR12,Interleaved artifact isolation,separate,True,False,parallel_isolation_satisfied,0.077927,,True,"{""aliasing_detected"":false,""both_expected"":true,""execution_order"":""overlapping-builds-then-extract"",""payloads_distinct"":true}"
pilot_mutation,H01-gcd.c,bf207a4afdd7e623be4bd0751bdc1917c0ee550af0f38c0531b25bb726d1710c,section,M24,second_identical_build_corruption,state,MR13,Reordered extraction independence,preserve,True,False,before=b'Morph-01';intervening=b'Second-2';after=b'Morph-01',0.103376,,True,"{""intervening_extraction"":true}"
pilot_mutation,H01-gcd.c,bf207a4afdd7e623be4bd0751bdc1917c0ee550af0f38c0531b25bb726d1710c,section,M24,second_identical_build_corruption,state,MR14,Rebuild stability,preserve,False,True,first=b'Morph-01';second=b'Lorph-01',0.097427,,True,"{""binary_bytes_equal"":false,""execution_order"":""build1-extract1-build2-extract2""}"
