host,carrier,defect_id,fault_class,admitted_relations,inconsistent_relations,exposed,direct_relation,primary_exclusive
H01-gcd.c,section,M01,embedding,MR01 MR02 MR03 MR04 MR05 MR06 MR07 MR09 MR10 MR11 MR12 MR13 MR14,MR01 MR05 MR06 MR07 MR12 MR13 MR14,True,MR01,False
H01-gcd.c,section,M02,embedding,MR01 MR02 MR03 MR04 MR05 MR06 MR07 MR09 MR10 MR11 MR12 MR13 MR14,MR01 MR05 MR06 MR07 MR12 MR13 MR14,True,MR01,False
H01-gcd.c,section,M03,embedding,MR01 MR02 MR03 MR04 MR05 MR06 MR07 MR09 MR10 MR11 MR12 MR13 MR14,MR01 MR05 MR06 MR07 MR12 MR13 MR14,True,MR01,False
H01-gcd.c,section,M04,state,MR01 MR02 MR03 MR04 MR05 MR06 MR07 MR09 MR10 MR11 MR12 MR13 MR14,MR01 MR05 MR06 MR07 MR12 MR13 MR14,True,MR05,False
H01-gcd.c,section,M05,normalization,MR01 MR02 MR03 MR04 MR05 MR06 MR07 MR09 MR10 MR11 MR12 MR13 MR14,MR01 MR05 MR06 MR07 MR12 MR13 MR14,True,MR01,False
H01-gcd.c,section,M06,authentication,MR01 MR02 MR03 MR04 MR05 MR06 MR07 MR08 MR11 MR12 MR13 MR14,MR04,True,MR04,True
H01-gcd.c,section,M07,artifact binding,MR01 MR02 MR03 MR04 MR05 MR06 MR07 MR08 MR09 MR10 MR11 MR12 MR13 MR14,MR03 MR08 MR09 MR10,True,MR08,False
H01-gcd.c,section,M08,state,MR01 MR02 MR03 MR04 MR05 MR06 MR07 MR08 MR09 MR10 MR11 MR12 MR13 MR14,MR04 MR05 MR09 MR10 MR12 MR13,True,MR04,False
H01-gcd.c,section,M09,false positive,MR01 MR02 MR03 MR04 MR05 MR06 MR07 MR08 MR09 MR10 MR11 MR12 MR13 MR14,MR03 MR04 MR09 MR10,True,MR03,False
H01-gcd.c,section,M10,semantic corruption,MR01 MR02 MR03 MR04 MR05 MR06 MR07 MR08 MR09 MR10 MR11 MR12 MR13 MR14,MR02,True,MR02,True
H01-gcd.c,section,M11,semantic corruption,MR01 MR02 MR03 MR04 MR05 MR06 MR07 MR08 MR09 MR10 MR11 MR12 MR13 MR14,MR02,True,MR02,True
H01-gcd.c,section,M12,stage routing,MR01 MR02 MR03 MR04 MR05 MR06 MR07 MR09 MR10 MR11 MR12 MR13 MR14,MR01 MR05 MR06 MR07 MR12 MR13 MR14,True,MR01,False
H01-gcd.c,section,M13,configuration,MR01 MR02 MR03 MR04 MR05 MR07 MR08 MR09 MR10 MR11 MR12 MR13 MR14,MR11,True,MR11,True
H01-gcd.c,section,M14,configuration,MR01 MR02 MR03 MR04 MR05 MR08 MR09 MR10 MR11 MR12 MR13 MR14,MR11,True,MR11,True
H01-gcd.c,section,M15,transformation,MR01 MR02 MR03 MR04 MR05 MR06 MR07 MR08 MR10 MR11 MR12 MR13 MR14,,False,MR09,False
H01-gcd.c,section,M16,integrity,MR01 MR02 MR03 MR04 MR05 MR06 MR07 MR08 MR09 MR10 MR11 MR12 MR13 MR14,MR10,True,MR10,True
H01-gcd.c,section,M17,artifact binding,MR01 MR02 MR03 MR04 MR05 MR06 MR07 MR08 MR09 MR10 MR11 MR12 MR13 MR14,MR08 MR09 MR10,True,MR08,False
H01-gcd.c,section,M18,state,MR01 MR02 MR03 MR04 MR05 MR08 MR09 MR11 MR12 MR13 MR14,MR05 MR13,True,MR05,False
H01-gcd.c,section,M19,extraction,MR01 MR02 MR03 MR05 MR06 MR07 MR11 MR12 MR13 MR14,MR01 MR05 MR06 MR07 MR12 MR13 MR14,True,MR01,False
H01-gcd.c,section,M20,state,MR01 MR02 MR03 MR04 MR05 MR06 MR07 MR08 MR09 MR10 MR11 MR12 MR13 MR14,MR12,True,MR12,True
H01-gcd.c,section,M21,configuration,MR01 MR02 MR03 MR04 MR05 MR06 MR07 MR08 MR09 MR10 MR11 MR12 MR13 MR14,MR06,True,MR06,True
H01-gcd.c,section,M22,configuration,MR01 MR02 MR03 MR04 MR05 MR06 MR07 MR08 MR09 MR10 MR11 MR12 MR13 MR14,MR07,True,MR07,True
H01-gcd.c,section,M23,state,MR01 MR02 MR03 MR04 MR05 MR06 MR07 MR08 MR09 MR10 MR11 MR12 MR13 MR14,MR13,True,MR13,True
H01-gcd.c,section,M24,state,MR01 MR02 MR03 MR04 MR05 MR06 MR07 MR08 MR09 MR10 MR11 MR12 MR13 MR14,MR14,True,MR14,True
H01-gcd.c,string,M01,embedding,MR01 MR02 MR03 MR04 MR05 MR06 MR07 MR09 MR10 MR11 MR12 MR13 MR14,MR01 MR05 MR06 MR07 MR12 MR13 MR14,True,MR01,False
H01-gcd.c,string,M02,embedding,MR01 MR02 MR03 MR04 MR05 MR06 MR07 MR09 MR10 MR11 MR12 MR13 MR14,MR01 MR05 MR06 MR07 MR12 MR13 MR14,True,MR01,False
H01-gcd.c,string,M03,embedding,MR01 MR02 MR03 MR04 MR05 MR06 MR07 MR09 MR10 MR11 MR12 MR13 MR14,MR01 MR05 MR06 MR07 MR12 MR13 MR14,True,MR01,False
H01-gcd.c,string,M04,state,MR01 MR02 MR03 MR04 MR05 MR06 MR07 MR09 MR10 MR11 MR12 MR13 MR14,MR01 MR05 MR06 MR07 MR12 MR13 MR14,True,MR05,False
H01-gcd.c,string,M05,normalization,MR01 MR02 MR03 MR04 MR05 MR06 MR07 MR09 MR10 MR11 MR12 MR13 MR14,MR01 MR05 MR06 MR07 MR12 MR13 MR14,True,MR01,False
H01-gcd.c,string,M06,authentication,MR01 MR02 MR03 MR04 MR05 MR06 MR07 MR08 MR11 MR12 MR13 MR14,MR04,True,MR04,True
H01-gcd.c,string,M07,artifact binding,MR01 MR02 MR03 MR04 MR05 MR06 MR07 MR08 MR09 MR10 MR11 MR12 MR13 MR14,MR03 MR08 MR09 MR10,True,MR08,False
H01-gcd.c,string,M08,state,MR01 MR02 MR03 MR04 MR05 MR06 MR07 MR08 MR09 MR10 MR11 MR12 MR13 MR14,MR04 MR05 MR09 MR10 MR12 MR13,True,MR04,False
H01-gcd.c,string,M09,false positive,MR01 MR02 MR03 MR04 MR05 MR06 MR07 MR08 MR09 MR10 MR11 MR12 MR13 MR14,MR03 MR04 MR09 MR10,True,MR03,False
H01-gcd.c,string,M10,semantic corruption,MR01 MR02 MR03 MR04 MR05 MR06 MR07 MR08 MR09 MR10 MR11 MR12 MR13 MR14,MR02,True,MR02,True
H01-gcd.c,string,M11,semantic corruption,MR01 MR02 MR03 MR04 MR05 MR06 MR07 MR08 MR09 MR10 MR11 MR12 MR13 MR14,MR02,True,MR02,True
H01-gcd.c,string,M12,stage routing,MR01 MR02 MR03 MR04 MR05 MR06 MR07 MR09 MR10 MR11 MR12 MR13 MR14,MR01 MR05 MR06 MR07 MR12 MR13 MR14,True,MR01,False
H01-gcd.c,string,M13,configuration,MR01 MR02 MR03 MR04 MR05 MR07 MR08 MR09 MR10 MR11 MR12 MR13 MR14,MR11,True,MR11,True
H01-gcd.c,string,M14,configuration,MR01 MR02 MR03 MR04 MR05 MR08 MR09 MR10 MR11 MR12 MR13 MR14,MR11,True,MR11,True
H01-gcd.c,string,M15,transformation,MR01 MR02 MR03 MR04 MR05 MR06 MR07 MR08 MR10 MR11 MR12 MR13 MR14,,False,MR09,False
H01-gcd.c,string,M16,integrity,MR01 MR02 MR03 MR04 MR05 MR06 MR07 MR08 MR09 MR10 MR11 MR12 MR13 MR14,MR10,True,MR10,True
H01-gcd.c,string,M17,artifact binding,MR01 MR02 MR03 MR04 MR05 MR06 MR07 MR08 MR09 MR10 MR11 MR12 MR13 MR14,MR08 MR09 MR10,True,MR08,False
H01-gcd.c,string,M18,state,MR01 MR02 MR03 MR04 MR05 MR08 MR09 MR11 MR12 MR13 MR14,MR05 MR13,True,MR05,False
H01-gcd.c,string,M19,extraction,MR01 MR02 MR03 MR05 MR06 MR07 MR11 MR12 MR13 MR14,MR01 MR05 MR06 MR07 MR12 MR13 MR14,True,MR01,False
H01-gcd.c,string,M20,state,MR01 MR02 MR03 MR04 MR05 MR06 MR07 MR08 MR09 MR10 MR11 MR12 MR13 MR14,MR12,True,MR12,True
H01-gcd.c,string,M21,configuration,MR01 MR02 MR03 MR04 MR05 MR06 MR07 MR08 MR09 MR10 MR11 MR12 MR13 MR14,MR06,True,MR06,True
H01-gcd.c,string,M22,configuration,MR01 MR02 MR03 MR04 MR05 MR06 MR07 MR08 MR09 MR10 MR11 MR12 MR13 MR14,MR07,True,MR07,True
H01-gcd.c,string,M23,state,MR01 MR02 MR03 MR04 MR05 MR06 MR07 MR08 MR09 MR10 MR11 MR12 MR13 MR14,MR13,True,MR13,True
H01-gcd.c,string,M24,state,MR01 MR02 MR03 MR04 MR05 MR06 MR07 MR08 MR09 MR10 MR11 MR12 MR13 MR14,MR14,True,MR14,True
H01-gcd.c,symbol,M01,embedding,MR01 MR02 MR03 MR04 MR05 MR06 MR07 MR09 MR10 MR11 MR12 MR13 MR14,MR01 MR05 MR06 MR07 MR12 MR13 MR14,True,MR01,False
H01-gcd.c,symbol,M02,embedding,MR01 MR02 MR03 MR04 MR05 MR06 MR07 MR09 MR10 MR11 MR12 MR13 MR14,MR01 MR05 MR06 MR07 MR12 MR13 MR14,True,MR01,False
H01-gcd.c,symbol,M03,embedding,MR01 MR02 MR03 MR04 MR05 MR06 MR07 MR09 MR10 MR11 MR12 MR13 MR14,MR01 MR05 MR06 MR07 MR12 MR13 MR14,True,MR01,False
H01-gcd.c,symbol,M04,state,MR01 MR02 MR03 MR04 MR05 MR06 MR07 MR09 MR10 MR11 MR12 MR13 MR14,MR01 MR05 MR06 MR07 MR12 MR13 MR14,True,MR05,False
H01-gcd.c,symbol,M05,normalization,MR01 MR02 MR03 MR04 MR05 MR06 MR07 MR09 MR10 MR11 MR12 MR13 MR14,MR01 MR05 MR06 MR07 MR12 MR13 MR14,True,MR01,False
H01-gcd.c,symbol,M06,authentication,MR01 MR02 MR03 MR04 MR05 MR06 MR07 MR08 MR11 MR12 MR13 MR14,MR04,True,MR04,True
H01-gcd.c,symbol,M07,artifact binding,MR01 MR02 MR03 MR04 MR05 MR06 MR07 MR08 MR09 MR10 MR11 MR12 MR13 MR14,MR03 MR08 MR09 MR10,True,MR08,False
H01-gcd.c,symbol,M08,state,MR01 MR02 MR03 MR04 MR05 MR06 MR07 MR08 MR09 MR10 MR11 MR12 MR13 MR14,MR04 MR05 MR09 MR10 MR12 MR13,True,MR04,False
H01-gcd.c,symbol,M09,false positive,MR01 MR02 MR03 MR04 MR05 MR06 MR07 MR08 MR09 MR10 MR11 MR12 MR13 MR14,MR03 MR04 MR09 MR10,True,MR03,False
H01-gcd.c,symbol,M10,semantic corruption,MR01 MR02 MR03 MR04 MR05 MR06 MR07 MR08 MR09 MR10 MR11 MR12 MR13 MR14,MR02,True,MR02,True
H01-gcd.c,symbol,M11,semantic corruption,MR01 MR02 MR03 MR04 MR05 MR06 MR07 MR08 MR09 MR10 MR11 MR12 MR13 MR14,MR02,True,MR02,True
H01-gcd.c,symbol,M12,stage routing,MR01 MR02 MR03 MR04 MR05 MR06 MR07 MR09 MR10 MR11 MR12 MR13 MR14,MR01 MR05 MR06 MR07 MR12 MR13 MR14,True,MR01,False
H01-gcd.c,symbol,M13,configuration,MR01 MR02 MR03 MR04 MR05 MR07 MR08 MR09 MR10 MR11 MR12 MR13 MR14,MR11,True,MR11,True
H01-gcd.c,symbol,M14,configuration,MR01 MR02 MR03 MR04 MR05 MR08 MR09 MR10 MR11 MR12 MR13 MR14,MR11,True,MR11,True
H01-gcd.c,symbol,M15,transformation,MR01 MR02 MR03 MR04 MR05 MR06 MR07 MR08 MR10 MR11 MR12 MR13 MR14,,False,MR09,False
H01-gcd.c,symbol,M16,integrity,MR01 MR02 MR03 MR04 MR05 MR06 MR07 MR08 MR09 MR10 MR11 MR12 MR13 MR14,MR10,True,MR10,True
H01-gcd.c,symbol,M17,artifact binding,MR01 MR02 MR03 MR04 MR05 MR06 MR07 MR08 MR09 MR10 MR11 MR12 MR13 MR14,MR08 MR09 MR10,True,MR08,False
H01-gcd.c,symbol,M18,state,MR01 MR02 MR03 MR04 MR05 MR08 MR09 MR10 MR11 MR12 MR13 MR14,MR05 MR13,True,MR05,False
H01-gcd.c,symbol,M19,extraction,MR01 MR02 MR03 MR05 MR06 MR07 MR11 MR12 MR13 MR14,MR01 MR05 MR06 MR07 MR12 MR13 MR14,True,MR01,False
H01-gcd.c,symbol,M20,state,MR01 MR02 MR03 MR04 MR05 MR06 MR07 MR08 MR09 MR10 MR11 MR12 MR13 MR14,MR12,True,MR12,True
H01-gcd.c,symbol,M21,configuration,MR01 MR02 MR03 MR04 MR05 MR06 MR07 MR08 MR09 MR10 MR11 MR12 MR13 MR14,MR06,True,MR06,True
H01-gcd.c,symbol,M22,configuration,MR01 MR02 MR03 MR04 MR05 MR06 MR07 MR08 MR09 MR10 MR11 MR12 MR13 MR14,MR07,True,MR07,True
H01-gcd.c,symbol,M23,state,MR01 MR02 MR03 MR04 MR05 MR06 MR07 MR08 MR09 MR10 MR11 MR12 MR13 MR14,MR13,True,MR13,True
H01-gcd.c,symbol,M24,state,MR01 MR02 MR03 MR04 MR05 MR06 MR07 MR08 MR09 MR10 MR11 MR12 MR13 MR14,MR14,True,MR14,True
H02-fibonacci.c,section,M01,embedding,MR01 MR02 MR03 MR04 MR05 MR06 MR07 MR09 MR10 MR11 MR12 MR13 MR14,MR01 MR05 MR06 MR07 MR12 MR13 MR14,True,MR01,False
H02-fibonacci.c,section,M02,embedding,MR01 MR02 MR03 MR04 MR05 MR06 MR07 MR09 MR10 MR11 MR12 MR13 MR14,MR01 MR05 MR06 MR07 MR12 MR13 MR14,True,MR01,False
H02-fibonacci.c,section,M03,embedding,MR01 MR02 MR03 MR04 MR05 MR06 MR07 MR09 MR10 MR11 MR12 MR13 MR14,MR01 MR05 MR06 MR07 MR12 MR13 MR14,True,MR01,False
H02-fibonacci.c,section,M04,state,MR01 MR02 MR03 MR04 MR05 MR06 MR07 MR09 MR10 MR11 MR12 MR13 MR14,MR01 MR05 MR06 MR07 MR12 MR13 MR14,True,MR05,False
H02-fibonacci.c,section,M05,normalization,MR01 MR02 MR03 MR04 MR05 MR06 MR07 MR09 MR10 MR11 MR12 MR13 MR14,MR01 MR05 MR06 MR07 MR12 MR13 MR14,True,MR01,False
H02-fibonacci.c,section,M06,authentication,MR01 MR02 MR03 MR04 MR05 MR06 MR07 MR08 MR11 MR12 MR13 MR14,MR04,True,MR04,True
H02-fibonacci.c,section,M07,artifact binding,MR01 MR02 MR03 MR04 MR05 MR06 MR07 MR08 MR09 MR10 MR11 MR12 MR13 MR14,MR03 MR08 MR09 MR10,True,MR08,False
H02-fibonacci.c,section,M08,state,MR01 MR02 MR03 MR04 MR05 MR06 MR07 MR08 MR09 MR10 MR11 MR12 MR13 MR14,MR04 MR05 MR09 MR10 MR12 MR13,True,MR04,False
H02-fibonacci.c,section,M09,false positive,MR01 MR02 MR03 MR04 MR05 MR06 MR07 MR08 MR09 MR10 MR11 MR12 MR13 MR14,MR03 MR04 MR09 MR10,True,MR03,False
H02-fibonacci.c,section,M10,semantic corruption,MR01 MR02 MR03 MR04 MR05 MR06 MR07 MR08 MR09 MR10 MR11 MR12 MR13 MR14,MR02,True,MR02,True
H02-fibonacci.c,section,M11,semantic corruption,MR01 MR02 MR03 MR04 MR05 MR06 MR07 MR08 MR09 MR10 MR11 MR12 MR13 MR14,MR02,True,MR02,True
H02-fibonacci.c,section,M12,stage routing,MR01 MR02 MR03 MR04 MR05 MR06 MR07 MR09 MR10 MR11 MR12 MR13 MR14,MR01 MR05 MR06 MR07 MR12 MR13 MR14,True,MR01,False
H02-fibonacci.c,section,M13,configuration,MR01 MR02 MR03 MR04 MR05 MR07 MR08 MR09 MR10 MR11 MR12 MR13 MR14,MR11,True,MR11,True
H02-fibonacci.c,section,M14,configuration,MR01 MR02 MR03 MR04 MR05 MR08 MR09 MR10 MR11 MR12 MR13 MR14,MR11,True,MR11,True
H02-fibonacci.c,section,M15,transformation,MR01 MR02 MR03 MR04 MR05 MR06 MR07 MR08 MR10 MR11 MR12 MR13 MR14,,False,MR09,False
H02-fibonacci.c,section,M16,integrity,MR01 MR02 MR03 MR04 MR05 MR06 MR07 MR08 MR09 MR10 MR11 MR12 MR13 MR14,MR10,True,MR10,True
H02-fibonacci.c,section,M17,artifact binding,MR01 MR02 MR03 MR04 MR05 MR06 MR07 MR08 MR09 MR10 MR11 MR12 MR13 MR14,MR08 MR09 MR10,True,MR08,False
H02-fibonacci.c,section,M18,state,MR01 MR02 MR03 MR04 MR05 MR08 MR09 MR11 MR12 MR13 MR14,MR05 MR13,True,MR05,False
H02-fibonacci.c,section,M19,extraction,MR01 MR02 MR03 MR05 MR06 MR07 MR11 MR12 MR13 MR14,MR01 MR05 MR06 MR07 MR12 MR13 MR14,True,MR01,False
H02-fibonacci.c,section,M20,state,MR01 MR02 MR03 MR04 MR05 MR06 MR07 MR08 MR09 MR10 MR11 MR12 MR13 MR14,MR12,True,MR12,True
H02-fibonacci.c,section,M21,configuration,MR01 MR02 MR03 MR04 MR05 MR06 MR07 MR08 MR09 MR10 MR11 MR12 MR13 MR14,MR06,True,MR06,True
H02-fibonacci.c,section,M22,configuration,MR01 MR02 MR03 MR04 MR05 MR06 MR07 MR08 MR09 MR10 MR11 MR12 MR13 MR14,MR07,True,MR07,True
H02-fibonacci.c,section,M23,state,MR01 MR02 MR03 MR04 MR05 MR06 MR07 MR08 MR09 MR10 MR11 MR12 MR13 MR14,MR13,True,MR13,True
H02-fibonacci.c,section,M24,state,MR01 MR02 MR03 MR04 MR05 MR06 MR07 MR08 MR09 MR10 MR11 MR12 MR13 MR14,MR14,True,MR14,True
H02-fibonacci.c,string,M01,embedding,MR01 MR02 MR03 MR04 MR05 MR06 MR07 MR09 MR10 MR11 MR12 MR13 MR14,MR01 MR05 MR06 MR07 MR12 MR13 MR14,True,MR01,False
H02-fibonacci.c,string,M02,embedding,MR01 MR02 MR03 MR04 MR05 MR06 MR07 MR09 MR10 MR11 MR12 MR13 MR14,MR01 MR05 MR06 MR07 MR12 MR13 MR14,True,MR01,False
H02-fibonacci.c,string,M03,embedding,MR01 MR02 MR03 MR04 MR05 MR06 MR07 MR09 MR10 MR11 MR12 MR13 MR14,MR01 MR05 MR06 MR07 MR12 MR13 MR14,True,MR01,False
H02-fibonacci.c,string,M04,state,MR01 MR02 MR03 MR04 MR05 MR06 MR07 MR09 MR10 MR11 MR12 MR13 MR14,MR01 MR05 MR06 MR07 MR12 MR13 MR14,True,MR05,False
H02-fibonacci.c,string,M05,normalization,MR01 MR02 MR03 MR04 MR05 MR06 MR07 MR09 MR10 MR11 MR12 MR13 MR14,MR01 MR05 MR06 MR07 MR12 MR13 MR14,True,MR01,False
H02-fibonacci.c,string,M06,authentication,MR01 MR02 MR03 MR04 MR05 MR06 MR07 MR08 MR11 MR12 MR13 MR14,MR04,True,MR04,True
H02-fibonacci.c,string,M07,artifact binding,MR01 MR02 MR03 MR04 MR05 MR06 MR07 MR08 MR09 MR10 MR11 MR12 MR13 MR14,MR03 MR08 MR09 MR10,True,MR08,False
H02-fibonacci.c,string,M08,state,MR01 MR02 MR03 MR04 MR05 MR06 MR07 MR08 MR09 MR10 MR11 MR12 MR13 MR14,MR04 MR05 MR09 MR10 MR12 MR13,True,MR04,False
H02-fibonacci.c,string,M09,false positive,MR01 MR02 MR03 MR04 MR05 MR06 MR07 MR08 MR09 MR10 MR11 MR12 MR13 MR14,MR03 MR04 MR09 MR10,True,MR03,False
H02-fibonacci.c,string,M10,semantic corruption,MR01 MR02 MR03 MR04 MR05 MR06 MR07 MR08 MR09 MR10 MR11 MR12 MR13 MR14,MR02,True,MR02,True
H02-fibonacci.c,string,M11,semantic corruption,MR01 MR02 MR03 MR04 MR05 MR06 MR07 MR08 MR09 MR10 MR11 MR12 MR13 MR14,MR02,True,MR02,True
H02-fibonacci.c,string,M12,stage routing,MR01 MR02 MR03 MR04 MR05 MR06 MR07 MR09 MR10 MR11 MR12 MR13 MR14,MR01 MR05 MR06 MR07 MR12 MR13 MR14,True,MR01,False
H02-fibonacci.c,string,M13,configuration,MR01 MR02 MR03 MR04 MR05 MR07 MR08 MR09 MR10 MR11 MR12 MR13 MR14,MR11,True,MR11,True
H02-fibonacci.c,string,M14,configuration,MR01 MR02 MR03 MR04 MR05 MR08 MR09 MR10 MR11 MR12 MR13 MR14,MR11,True,MR11,True
H02-fibonacci.c,string,M15,transformation,MR01 MR02 MR03 MR04 MR05 MR06 MR07 MR08 MR10 MR11 MR12 MR13 MR14,,False,MR09,False
H02-fibonacci.c,string,M16,integrity,MR01 MR02 MR03 MR04 MR05 MR06 MR07 MR08 MR09 MR10 MR11 MR12 MR13 MR14,MR10,True,MR10,True
H02-fibonacci.c,string,M17,artifact binding,MR01 MR02 MR03 MR04 MR05 MR06 MR07 MR08 MR09 MR10 MR11 MR12 MR13 MR14,MR08 MR09 MR10,True,MR08,False
H02-fibonacci.c,string,M18,state,MR01 MR02 MR03 MR04 MR05 MR08 MR09 MR11 MR12 MR13 MR14,MR05 MR13,True,MR05,False
H02-fibonacci.c,string,M19,extraction,MR01 MR02 MR03 MR05 MR06 MR07 MR11 MR12 MR13 MR14,MR01 MR05 MR06 MR07 MR12 MR13 MR14,True,MR01,False
H02-fibonacci.c,string,M20,state,MR01 MR02 MR03 MR04 MR05 MR06 MR07 MR08 MR09 MR10 MR11 MR12 MR13 MR14,MR12,True,MR12,True
H02-fibonacci.c,string,M21,configuration,MR01 MR02 MR03 MR04 MR05 MR06 MR07 MR08 MR09 MR10 MR11 MR12 MR13 MR14,MR06,True,MR06,True
H02-fibonacci.c,string,M22,configuration,MR01 MR02 MR03 MR04 MR05 MR06 MR07 MR08 MR09 MR10 MR11 MR12 MR13 MR14,MR07,True,MR07,True
H02-fibonacci.c,string,M23,state,MR01 MR02 MR03 MR04 MR05 MR06 MR07 MR08 MR09 MR10 MR11 MR12 MR13 MR14,MR13,True,MR13,True
H02-fibonacci.c,string,M24,state,MR01 MR02 MR03 MR04 MR05 MR06 MR07 MR08 MR09 MR10 MR11 MR12 MR13 MR14,MR14,True,MR14,True
H02-fibonacci.c,symbol,M01,embedding,MR01 MR02 MR03 MR04 MR05 MR06 MR07 MR09 MR10 MR11 MR12 MR13 MR14,MR01 MR05 MR06 MR07 MR12 MR13 MR14,True,MR01,False
H02-fibonacci.c,symbol,M02,embedding,MR01 MR02 MR03 MR04 MR05 MR06 MR07 MR09 MR10 MR11 MR12 MR13 MR14,MR01 MR05 MR06 MR07 MR12 MR13 MR14,True,MR01,False
H02-fibonacci.c,symbol,M03,embedding,MR01 MR02 MR03 MR04 MR05 MR06 MR07 MR09 MR10 MR11 MR12 MR13 MR14,MR01 MR05 MR06 MR07 MR12 MR13 MR14,True,MR01,False
H02-fibonacci.c,symbol,M04,state,MR01 MR02 MR03 MR04 MR05 MR06 MR07 MR09 MR10 MR11 MR12 MR13 MR14,MR01 MR05 MR06 MR07 MR12 MR13 MR14,True,MR05,False
H02-fibonacci.c,symbol,M05,normalization,MR01 MR02 MR03 MR04 MR05 MR06 MR07 MR09 MR10 MR11 MR12 MR13 MR14,MR01 MR05 MR06 MR07 MR12 MR13 MR14,True,MR01,False
H02-fibonacci.c,symbol,M06,authentication,MR01 MR02 MR03 MR04 MR05 MR06 MR07 MR08 MR11 MR12 MR13 MR14,MR04,True,MR04,True
H02-fibonacci.c,symbol,M07,artifact binding,MR01 MR02 MR03 MR04 MR05 MR06 MR07 MR08 MR09 MR10 MR11 MR12 MR13 MR14,MR03 MR08 MR09 MR10,True,MR08,False
H02-fibonacci.c,symbol,M08,state,MR01 MR02 MR03 MR04 MR05 MR06 MR07 MR08 MR09 MR10 MR11 MR12 MR13 MR14,MR04 MR05 MR09 MR10 MR12 MR13,True,MR04,False
H02-fibonacci.c,symbol,M09,false positive,MR01 MR02 MR03 MR04 MR05 MR06 MR07 MR08 MR09 MR10 MR11 MR12 MR13 MR14,MR03 MR04 MR09 MR10,True,MR03,False
H02-fibonacci.c,symbol,M10,semantic corruption,MR01 MR02 MR03 MR04 MR05 MR06 MR07 MR08 MR09 MR10 MR11 MR12 MR13 MR14,MR02,True,MR02,True
H02-fibonacci.c,symbol,M11,semantic corruption,MR01 MR02 MR03 MR04 MR05 MR06 MR07 MR08 MR09 MR10 MR11 MR12 MR13 MR14,MR02,True,MR02,True
H02-fibonacci.c,symbol,M12,stage routing,MR01 MR02 MR03 MR04 MR05 MR06 MR07 MR09 MR10 MR11 MR12 MR13 MR14,MR01 MR05 MR06 MR07 MR12 MR13 MR14,True,MR01,False
H02-fibonacci.c,symbol,M13,configuration,MR01 MR02 MR03 MR04 MR05 MR07 MR08 MR09 MR10 MR11 MR12 MR13 MR14,MR11,True,MR11,True
H02-fibonacci.c,symbol,M14,configuration,MR01 MR02 MR03 MR04 MR05 MR08 MR09 MR10 MR11 MR12 MR13 MR14,MR11,True,MR11,True
H02-fibonacci.c,symbol,M15,transformation,MR01 MR02 MR03 MR04 MR05 MR06 MR07 MR08 MR10 MR11 MR12 MR13 MR14,,False,MR09,False
H02-fibonacci.c,symbol,M16,integrity,MR01 MR02 MR03 MR04 MR05 MR06 MR07 MR08 MR09 MR10 MR11 MR12 MR13 MR14,MR10,True,MR10,True
H02-fibonacci.c,symbol,M17,artifact binding,MR01 MR02 MR03 MR04 MR05 MR06 MR07 MR08 MR09 MR10 MR11 MR12 MR13 MR14,MR08 MR09 MR10,True,MR08,False
H02-fibonacci.c,symbol,M18,state,MR01 MR02 MR03 MR04 MR05 MR08 MR09 MR10 MR11 MR12 MR13 MR14,MR05 MR13,True,MR05,False
H02-fibonacci.c,symbol,M19,extraction,MR01 MR02 MR03 MR05 MR06 MR07 MR11 MR12 MR13 MR14,MR01 MR05 MR06 MR07 MR12 MR13 MR14,True,MR01,False
H02-fibonacci.c,symbol,M20,state,MR01 MR02 MR03 MR04 MR05 MR06 MR07 MR08 MR09 MR10 MR11 MR12 MR13 MR14,MR12,True,MR12,True
H02-fibonacci.c,symbol,M21,configuration,MR01 MR02 MR03 MR04 MR05 MR06 MR07 MR08 MR09 MR10 MR11 MR12 MR13 MR14,MR06,True,MR06,True
H02-fibonacci.c,symbol,M22,configuration,MR01 MR02 MR03 MR04 MR05 MR06 MR07 MR08 MR09 MR10 MR11 MR12 MR13 MR14,MR07,True,MR07,True
H02-fibonacci.c,symbol,M23,state,MR01 MR02 MR03 MR04 MR05 MR06 MR07 MR08 MR09 MR10 MR11 MR12 MR13 MR14,MR13,True,MR13,True
H02-fibonacci.c,symbol,M24,state,MR01 MR02 MR03 MR04 MR05 MR06 MR07 MR08 MR09 MR10 MR11 MR12 MR13 MR14,MR14,True,MR14,True
H03-bitmix.c,section,M01,embedding,MR01 MR02 MR03 MR04 MR05 MR06 MR07 MR09 MR10 MR11 MR12 MR13 MR14,MR01 MR05 MR06 MR07 MR12 MR13 MR14,True,MR01,False
H03-bitmix.c,section,M02,embedding,MR01 MR02 MR03 MR04 MR05 MR06 MR07 MR09 MR10 MR11 MR12 MR13 MR14,MR01 MR05 MR06 MR07 MR12 MR13 MR14,True,MR01,False
H03-bitmix.c,section,M03,embedding,MR01 MR02 MR03 MR04 MR05 MR06 MR07 MR09 MR10 MR11 MR12 MR13 MR14,MR01 MR05 MR06 MR07 MR12 MR13 MR14,True,MR01,False
H03-bitmix.c,section,M04,state,MR01 MR02 MR03 MR04 MR05 MR06 MR07 MR09 MR10 MR11 MR12 MR13 MR14,MR01 MR05 MR06 MR07 MR12 MR13 MR14,True,MR05,False
H03-bitmix.c,section,M05,normalization,MR01 MR02 MR03 MR04 MR05 MR06 MR07 MR09 MR10 MR11 MR12 MR13 MR14,MR01 MR05 MR06 MR07 MR12 MR13 MR14,True,MR01,False
H03-bitmix.c,section,M06,authentication,MR01 MR02 MR03 MR04 MR05 MR06 MR07 MR08 MR11 MR12 MR13 MR14,MR04,True,MR04,True
H03-bitmix.c,section,M07,artifact binding,MR01 MR02 MR03 MR04 MR05 MR06 MR07 MR08 MR09 MR10 MR11 MR12 MR13 MR14,MR03 MR08 MR09 MR10,True,MR08,False
H03-bitmix.c,section,M08,state,MR01 MR02 MR03 MR04 MR05 MR06 MR07 MR08 MR09 MR10 MR11 MR12 MR13 MR14,MR04 MR05 MR09 MR10 MR12 MR13,True,MR04,False
H03-bitmix.c,section,M09,false positive,MR01 MR02 MR03 MR04 MR05 MR06 MR07 MR08 MR09 MR10 MR11 MR12 MR13 MR14,MR03 MR04 MR09 MR10,True,MR03,False
H03-bitmix.c,section,M10,semantic corruption,MR01 MR02 MR03 MR04 MR05 MR06 MR07 MR08 MR09 MR10 MR11 MR12 MR13 MR14,MR02,True,MR02,True
H03-bitmix.c,section,M11,semantic corruption,MR01 MR02 MR03 MR04 MR05 MR06 MR07 MR08 MR09 MR10 MR11 MR12 MR13 MR14,MR02,True,MR02,True
H03-bitmix.c,section,M12,stage routing,MR01 MR02 MR03 MR04 MR05 MR06 MR07 MR09 MR10 MR11 MR12 MR13 MR14,MR01 MR05 MR06 MR07 MR12 MR13 MR14,True,MR01,False
H03-bitmix.c,section,M13,configuration,MR01 MR02 MR03 MR04 MR05 MR07 MR08 MR09 MR10 MR11 MR12 MR13 MR14,MR11,True,MR11,True
H03-bitmix.c,section,M14,configuration,MR01 MR02 MR03 MR04 MR05 MR08 MR09 MR10 MR11 MR12 MR13 MR14,MR11,True,MR11,True
H03-bitmix.c,section,M15,transformation,MR01 MR02 MR03 MR04 MR05 MR06 MR07 MR08 MR10 MR11 MR12 MR13 MR14,,False,MR09,False
H03-bitmix.c,section,M16,integrity,MR01 MR02 MR03 MR04 MR05 MR06 MR07 MR08 MR09 MR10 MR11 MR12 MR13 MR14,MR10,True,MR10,True
H03-bitmix.c,section,M17,artifact binding,MR01 MR02 MR03 MR04 MR05 MR06 MR07 MR08 MR09 MR10 MR11 MR12 MR13 MR14,MR08 MR09 MR10,True,MR08,False
H03-bitmix.c,section,M18,state,MR01 MR02 MR03 MR04 MR05 MR08 MR09 MR11 MR12 MR13 MR14,MR05 MR13,True,MR05,False
H03-bitmix.c,section,M19,extraction,MR01 MR02 MR03 MR05 MR06 MR07 MR11 MR12 MR13 MR14,MR01 MR05 MR06 MR07 MR12 MR13 MR14,True,MR01,False
H03-bitmix.c,section,M20,state,MR01 MR02 MR03 MR04 MR05 MR06 MR07 MR08 MR09 MR10 MR11 MR12 MR13 MR14,MR12,True,MR12,True
H03-bitmix.c,section,M21,configuration,MR01 MR02 MR03 MR04 MR05 MR06 MR07 MR08 MR09 MR10 MR11 MR12 MR13 MR14,MR06,True,MR06,True
H03-bitmix.c,section,M22,configuration,MR01 MR02 MR03 MR04 MR05 MR06 MR07 MR08 MR09 MR10 MR11 MR12 MR13 MR14,MR07,True,MR07,True
H03-bitmix.c,section,M23,state,MR01 MR02 MR03 MR04 MR05 MR06 MR07 MR08 MR09 MR10 MR11 MR12 MR13 MR14,MR13,True,MR13,True
H03-bitmix.c,section,M24,state,MR01 MR02 MR03 MR04 MR05 MR06 MR07 MR08 MR09 MR10 MR11 MR12 MR13 MR14,MR14,True,MR14,True
H03-bitmix.c,string,M01,embedding,MR01 MR02 MR03 MR04 MR05 MR06 MR07 MR09 MR10 MR11 MR12 MR13 MR14,MR01 MR05 MR06 MR07 MR12 MR13 MR14,True,MR01,False
H03-bitmix.c,string,M02,embedding,MR01 MR02 MR03 MR04 MR05 MR06 MR07 MR09 MR10 MR11 MR12 MR13 MR14,MR01 MR05 MR06 MR07 MR12 MR13 MR14,True,MR01,False
H03-bitmix.c,string,M03,embedding,MR01 MR02 MR03 MR04 MR05 MR06 MR07 MR09 MR10 MR11 MR12 MR13 MR14,MR01 MR05 MR06 MR07 MR12 MR13 MR14,True,MR01,False
H03-bitmix.c,string,M04,state,MR01 MR02 MR03 MR04 MR05 MR06 MR07 MR09 MR10 MR11 MR12 MR13 MR14,MR01 MR05 MR06 MR07 MR12 MR13 MR14,True,MR05,False
H03-bitmix.c,string,M05,normalization,MR01 MR02 MR03 MR04 MR05 MR06 MR07 MR09 MR10 MR11 MR12 MR13 MR14,MR01 MR05 MR06 MR07 MR12 MR13 MR14,True,MR01,False
H03-bitmix.c,string,M06,authentication,MR01 MR02 MR03 MR04 MR05 MR06 MR07 MR08 MR11 MR12 MR13 MR14,MR04,True,MR04,True
H03-bitmix.c,string,M07,artifact binding,MR01 MR02 MR03 MR04 MR05 MR06 MR07 MR08 MR09 MR10 MR11 MR12 MR13 MR14,MR03 MR08 MR09 MR10,True,MR08,False
H03-bitmix.c,string,M08,state,MR01 MR02 MR03 MR04 MR05 MR06 MR07 MR08 MR09 MR10 MR11 MR12 MR13 MR14,MR04 MR05 MR09 MR10 MR12 MR13,True,MR04,False
H03-bitmix.c,string,M09,false positive,MR01 MR02 MR03 MR04 MR05 MR06 MR07 MR08 MR09 MR10 MR11 MR12 MR13 MR14,MR03 MR04 MR09 MR10,True,MR03,False
H03-bitmix.c,string,M10,semantic corruption,MR01 MR02 MR03 MR04 MR05 MR06 MR07 MR08 MR09 MR10 MR11 MR12 MR13 MR14,MR02,True,MR02,True
H03-bitmix.c,string,M11,semantic corruption,MR01 MR02 MR03 MR04 MR05 MR06 MR07 MR08 MR09 MR10 MR11 MR12 MR13 MR14,MR02,True,MR02,True
H03-bitmix.c,string,M12,stage routing,MR01 MR02 MR03 MR04 MR05 MR06 MR07 MR09 MR10 MR11 MR12 MR13 MR14,MR01 MR05 MR06 MR07 MR12 MR13 MR14,True,MR01,False
H03-bitmix.c,string,M13,configuration,MR01 MR02 MR03 MR04 MR05 MR07 MR08 MR09 MR10 MR11 MR12 MR13 MR14,MR11,True,MR11,True
H03-bitmix.c,string,M14,configuration,MR01 MR02 MR03 MR04 MR05 MR08 MR09 MR10 MR11 MR12 MR13 MR14,MR11,True,MR11,True
H03-bitmix.c,string,M15,transformation,MR01 MR02 MR03 MR04 MR05 MR06 MR07 MR08 MR10 MR11 MR12 MR13 MR14,,False,MR09,False
H03-bitmix.c,string,M16,integrity,MR01 MR02 MR03 MR04 MR05 MR06 MR07 MR08 MR09 MR10 MR11 MR12 MR13 MR14,MR10,True,MR10,True
H03-bitmix.c,string,M17,artifact binding,MR01 MR02 MR03 MR04 MR05 MR06 MR07 MR08 MR09 MR10 MR11 MR12 MR13 MR14,MR08 MR09 MR10,True,MR08,False
H03-bitmix.c,string,M18,state,MR01 MR02 MR03 MR04 MR05 MR08 MR09 MR11 MR12 MR13 MR14,MR05 MR13,True,MR05,False
H03-bitmix.c,string,M19,extraction,MR01 MR02 MR03 MR05 MR06 MR07 MR11 MR12 MR13 MR14,MR01 MR05 MR06 MR07 MR12 MR13 MR14,True,MR01,False
H03-bitmix.c,string,M20,state,MR01 MR02 MR03 MR04 MR05 MR06 MR07 MR08 MR09 MR10 MR11 MR12 MR13 MR14,MR12,True,MR12,True
H03-bitmix.c,string,M21,configuration,MR01 MR02 MR03 MR04 MR05 MR06 MR07 MR08 MR09 MR10 MR11 MR12 MR13 MR14,MR06,True,MR06,True
H03-bitmix.c,string,M22,configuration,MR01 MR02 MR03 MR04 MR05 MR06 MR07 MR08 MR09 MR10 MR11 MR12 MR13 MR14,MR07,True,MR07,True
H03-bitmix.c,string,M23,state,MR01 MR02 MR03 MR04 MR05 MR06 MR07 MR08 MR09 MR10 MR11 MR12 MR13 MR14,MR13,True,MR13,True
H03-bitmix.c,string,M24,state,MR01 MR02 MR03 MR04 MR05 MR06 MR07 MR08 MR09 MR10 MR11 MR12 MR13 MR14,MR14,True,MR14,True
H03-bitmix.c,symbol,M01,embedding,MR01 MR02 MR03 MR04 MR05 MR06 MR07 MR09 MR10 MR11 MR12 MR13 MR14,MR01 MR05 MR06 MR07 MR12 MR13 MR14,True,MR01,False
H03-bitmix.c,symbol,M02,embedding,MR01 MR02 MR03 MR04 MR05 MR06 MR07 MR09 MR10 MR11 MR12 MR13 MR14,MR01 MR05 MR06 MR07 MR12 MR13 MR14,True,MR01,False
H03-bitmix.c,symbol,M03,embedding,MR01 MR02 MR03 MR04 MR05 MR06 MR07 MR09 MR10 MR11 MR12 MR13 MR14,MR01 MR05 MR06 MR07 MR12 MR13 MR14,True,MR01,False
H03-bitmix.c,symbol,M04,state,MR01 MR02 MR03 MR04 MR05 MR06 MR07 MR09 MR10 MR11 MR12 MR13 MR14,MR01 MR05 MR06 MR07 MR12 MR13 MR14,True,MR05,False
H03-bitmix.c,symbol,M05,normalization,MR01 MR02 MR03 MR04 MR05 MR06 MR07 MR09 MR10 MR11 MR12 MR13 MR14,MR01 MR05 MR06 MR07 MR12 MR13 MR14,True,MR01,False
H03-bitmix.c,symbol,M06,authentication,MR01 MR02 MR03 MR04 MR05 MR06 MR07 MR08 MR11 MR12 MR13 MR14,MR04,True,MR04,True
H03-bitmix.c,symbol,M07,artifact binding,MR01 MR02 MR03 MR04 MR05 MR06 MR07 MR08 MR09 MR10 MR11 MR12 MR13 MR14,MR03 MR08 MR09 MR10,True,MR08,False
H03-bitmix.c,symbol,M08,state,MR01 MR02 MR03 MR04 MR05 MR06 MR07 MR08 MR09 MR10 MR11 MR12 MR13 MR14,MR04 MR05 MR09 MR10 MR12 MR13,True,MR04,False
H03-bitmix.c,symbol,M09,false positive,MR01 MR02 MR03 MR04 MR05 MR06 MR07 MR08 MR09 MR10 MR11 MR12 MR13 MR14,MR03 MR04 MR09 MR10,True,MR03,False
H03-bitmix.c,symbol,M10,semantic corruption,MR01 MR02 MR03 MR04 MR05 MR06 MR07 MR08 MR09 MR10 MR11 MR12 MR13 MR14,MR02,True,MR02,True
H03-bitmix.c,symbol,M11,semantic corruption,MR01 MR02 MR03 MR04 MR05 MR06 MR07 MR08 MR09 MR10 MR11 MR12 MR13 MR14,MR02,True,MR02,True
H03-bitmix.c,symbol,M12,stage routing,MR01 MR02 MR03 MR04 MR05 MR06 MR07 MR09 MR10 MR11 MR12 MR13 MR14,MR01 MR05 MR06 MR07 MR12 MR13 MR14,True,MR01,False
H03-bitmix.c,symbol,M13,configuration,MR01 MR02 MR03 MR04 MR05 MR07 MR08 MR09 MR10 MR11 MR12 MR13 MR14,MR11,True,MR11,True
H03-bitmix.c,symbol,M14,configuration,MR01 MR02 MR03 MR04 MR05 MR08 MR09 MR10 MR11 MR12 MR13 MR14,MR11,True,MR11,True
H03-bitmix.c,symbol,M15,transformation,MR01 MR02 MR03 MR04 MR05 MR06 MR07 MR08 MR10 MR11 MR12 MR13 MR14,,False,MR09,False
H03-bitmix.c,symbol,M16,integrity,MR01 MR02 MR03 MR04 MR05 MR06 MR07 MR08 MR09 MR10 MR11 MR12 MR13 MR14,MR10,True,MR10,True
H03-bitmix.c,symbol,M17,artifact binding,MR01 MR02 MR03 MR04 MR05 MR06 MR07 MR08 MR09 MR10 MR11 MR12 MR13 MR14,MR08 MR09 MR10,True,MR08,False
H03-bitmix.c,symbol,M18,state,MR01 MR02 MR03 MR04 MR05 MR08 MR09 MR10 MR11 MR12 MR13 MR14,MR05 MR13,True,MR05,False
H03-bitmix.c,symbol,M19,extraction,MR01 MR02 MR03 MR05 MR06 MR07 MR11 MR12 MR13 MR14,MR01 MR05 MR06 MR07 MR12 MR13 MR14,True,MR01,False
H03-bitmix.c,symbol,M20,state,MR01 MR02 MR03 MR04 MR05 MR06 MR07 MR08 MR09 MR10 MR11 MR12 MR13 MR14,MR12,True,MR12,True
H03-bitmix.c,symbol,M21,configuration,MR01 MR02 MR03 MR04 MR05 MR06 MR07 MR08 MR09 MR10 MR11 MR12 MR13 MR14,MR06,True,MR06,True
H03-bitmix.c,symbol,M22,configuration,MR01 MR02 MR03 MR04 MR05 MR06 MR07 MR08 MR09 MR10 MR11 MR12 MR13 MR14,MR07,True,MR07,True
H03-bitmix.c,symbol,M23,state,MR01 MR02 MR03 MR04 MR05 MR06 MR07 MR08 MR09 MR10 MR11 MR12 MR13 MR14,MR13,True,MR13,True
H03-bitmix.c,symbol,M24,state,MR01 MR02 MR03 MR04 MR05 MR06 MR07 MR08 MR09 MR10 MR11 MR12 MR13 MR14,MR14,True,MR14,True
H04-polynomial.c,section,M01,embedding,MR01 MR02 MR03 MR04 MR05 MR06 MR07 MR09 MR10 MR11 MR12 MR13 MR14,MR01 MR05 MR06 MR07 MR12 MR13 MR14,True,MR01,False
H04-polynomial.c,section,M02,embedding,MR01 MR02 MR03 MR04 MR05 MR06 MR07 MR09 MR10 MR11 MR12 MR13 MR14,MR01 MR05 MR06 MR07 MR12 MR13 MR14,True,MR01,False
H04-polynomial.c,section,M03,embedding,MR01 MR02 MR03 MR04 MR05 MR06 MR07 MR09 MR10 MR11 MR12 MR13 MR14,MR01 MR05 MR06 MR07 MR12 MR13 MR14,True,MR01,False
H04-polynomial.c,section,M04,state,MR01 MR02 MR03 MR04 MR05 MR06 MR07 MR09 MR10 MR11 MR12 MR13 MR14,MR01 MR05 MR06 MR07 MR12 MR13 MR14,True,MR05,False
H04-polynomial.c,section,M05,normalization,MR01 MR02 MR03 MR04 MR05 MR06 MR07 MR09 MR10 MR11 MR12 MR13 MR14,MR01 MR05 MR06 MR07 MR12 MR13 MR14,True,MR01,False
H04-polynomial.c,section,M06,authentication,MR01 MR02 MR03 MR04 MR05 MR06 MR07 MR08 MR11 MR12 MR13 MR14,MR04,True,MR04,True
H04-polynomial.c,section,M07,artifact binding,MR01 MR02 MR03 MR04 MR05 MR06 MR07 MR08 MR09 MR10 MR11 MR12 MR13 MR14,MR03 MR08 MR09 MR10,True,MR08,False
H04-polynomial.c,section,M08,state,MR01 MR02 MR03 MR04 MR05 MR06 MR07 MR08 MR09 MR10 MR11 MR12 MR13 MR14,MR04 MR05 MR09 MR10 MR12 MR13,True,MR04,False
H04-polynomial.c,section,M09,false positive,MR01 MR02 MR03 MR04 MR05 MR06 MR07 MR08 MR09 MR10 MR11 MR12 MR13 MR14,MR03 MR04 MR09 MR10,True,MR03,False
H04-polynomial.c,section,M10,semantic corruption,MR01 MR02 MR03 MR04 MR05 MR06 MR07 MR08 MR09 MR10 MR11 MR12 MR13 MR14,MR02,True,MR02,True
H04-polynomial.c,section,M11,semantic corruption,MR01 MR02 MR03 MR04 MR05 MR06 MR07 MR08 MR09 MR10 MR11 MR12 MR13 MR14,MR02,True,MR02,True
H04-polynomial.c,section,M12,stage routing,MR01 MR02 MR03 MR04 MR05 MR06 MR07 MR09 MR10 MR11 MR12 MR13 MR14,MR01 MR05 MR06 MR07 MR12 MR13 MR14,True,MR01,False
H04-polynomial.c,section,M13,configuration,MR01 MR02 MR03 MR04 MR05 MR07 MR08 MR09 MR10 MR11 MR12 MR13 MR14,MR11,True,MR11,True
H04-polynomial.c,section,M14,configuration,MR01 MR02 MR03 MR04 MR05 MR08 MR09 MR10 MR11 MR12 MR13 MR14,MR11,True,MR11,True
H04-polynomial.c,section,M15,transformation,MR01 MR02 MR03 MR04 MR05 MR06 MR07 MR08 MR10 MR11 MR12 MR13 MR14,,False,MR09,False
H04-polynomial.c,section,M16,integrity,MR01 MR02 MR03 MR04 MR05 MR06 MR07 MR08 MR09 MR10 MR11 MR12 MR13 MR14,MR10,True,MR10,True
H04-polynomial.c,section,M17,artifact binding,MR01 MR02 MR03 MR04 MR05 MR06 MR07 MR08 MR09 MR10 MR11 MR12 MR13 MR14,MR08 MR09 MR10,True,MR08,False
H04-polynomial.c,section,M18,state,MR01 MR02 MR03 MR04 MR05 MR08 MR09 MR11 MR12 MR13 MR14,MR05 MR13,True,MR05,False
H04-polynomial.c,section,M19,extraction,MR01 MR02 MR03 MR05 MR06 MR07 MR11 MR12 MR13 MR14,MR01 MR05 MR06 MR07 MR12 MR13 MR14,True,MR01,False
H04-polynomial.c,section,M20,state,MR01 MR02 MR03 MR04 MR05 MR06 MR07 MR08 MR09 MR10 MR11 MR12 MR13 MR14,MR12,True,MR12,True
H04-polynomial.c,section,M21,configuration,MR01 MR02 MR03 MR04 MR05 MR06 MR07 MR08 MR09 MR10 MR11 MR12 MR13 MR14,MR06,True,MR06,True
H04-polynomial.c,section,M22,configuration,MR01 MR02 MR03 MR04 MR05 MR06 MR07 MR08 MR09 MR10 MR11 MR12 MR13 MR14,MR07,True,MR07,True
H04-polynomial.c,section,M23,state,MR01 MR02 MR03 MR04 MR05 MR06 MR07 MR08 MR09 MR10 MR11 MR12 MR13 MR14,MR13,True,MR13,True
H04-polynomial.c,section,M24,state,MR01 MR02 MR03 MR04 MR05 MR06 MR07 MR08 MR09 MR10 MR11 MR12 MR13 MR14,MR14,True,MR14,True
H04-polynomial.c,string,M01,embedding,MR01 MR02 MR03 MR04 MR05 MR06 MR07 MR09 MR10 MR11 MR12 MR13 MR14,MR01 MR05 MR06 MR07 MR12 MR13 MR14,True,MR01,False
H04-polynomial.c,string,M02,embedding,MR01 MR02 MR03 MR04 MR05 MR06 MR07 MR09 MR10 MR11 MR12 MR13 MR14,MR01 MR05 MR06 MR07 MR12 MR13 MR14,True,MR01,False
H04-polynomial.c,string,M03,embedding,MR01 MR02 MR03 MR04 MR05 MR06 MR07 MR09 MR10 MR11 MR12 MR13 MR14,MR01 MR05 MR06 MR07 MR12 MR13 MR14,True,MR01,False
H04-polynomial.c,string,M04,state,MR01 MR02 MR03 MR04 MR05 MR06 MR07 MR09 MR10 MR11 MR12 MR13 MR14,MR01 MR05 MR06 MR07 MR12 MR13 MR14,True,MR05,False
H04-polynomial.c,string,M05,normalization,MR01 MR02 MR03 MR04 MR05 MR06 MR07 MR09 MR10 MR11 MR12 MR13 MR14,MR01 MR05 MR06 MR07 MR12 MR13 MR14,True,MR01,False
H04-polynomial.c,string,M06,authentication,MR01 MR02 MR03 MR04 MR05 MR06 MR07 MR08 MR11 MR12 MR13 MR14,MR04,True,MR04,True
H04-polynomial.c,string,M07,artifact binding,MR01 MR02 MR03 MR04 MR05 MR06 MR07 MR08 MR09 MR10 MR11 MR12 MR13 MR14,MR03 MR08 MR09 MR10,True,MR08,False
H04-polynomial.c,string,M08,state,MR01 MR02 MR03 MR04 MR05 MR06 MR07 MR08 MR09 MR10 MR11 MR12 MR13 MR14,MR04 MR05 MR09 MR10 MR12 MR13,True,MR04,False
H04-polynomial.c,string,M09,false positive,MR01 MR02 MR03 MR04 MR05 MR06 MR07 MR08 MR09 MR10 MR11 MR12 MR13 MR14,MR03 MR04 MR09 MR10,True,MR03,False
H04-polynomial.c,string,M10,semantic corruption,MR01 MR02 MR03 MR04 MR05 MR06 MR07 MR08 MR09 MR10 MR11 MR12 MR13 MR14,MR02,True,MR02,True
H04-polynomial.c,string,M11,semantic corruption,MR01 MR02 MR03 MR04 MR05 MR06 MR07 MR08 MR09 MR10 MR11 MR12 MR13 MR14,MR02,True,MR02,True
H04-polynomial.c,string,M12,stage routing,MR01 MR02 MR03 MR04 MR05 MR06 MR07 MR09 MR10 MR11 MR12 MR13 MR14,MR01 MR05 MR06 MR07 MR12 MR13 MR14,True,MR01,False
H04-polynomial.c,string,M13,configuration,MR01 MR02 MR03 MR04 MR05 MR07 MR08 MR09 MR10 MR11 MR12 MR13 MR14,MR11,True,MR11,True
H04-polynomial.c,string,M14,configuration,MR01 MR02 MR03 MR04 MR05 MR08 MR09 MR10 MR11 MR12 MR13 MR14,MR11,True,MR11,True
H04-polynomial.c,string,M15,transformation,MR01 MR02 MR03 MR04 MR05 MR06 MR07 MR08 MR10 MR11 MR12 MR13 MR14,,False,MR09,False
H04-polynomial.c,string,M16,integrity,MR01 MR02 MR03 MR04 MR05 MR06 MR07 MR08 MR09 MR10 MR11 MR12 MR13 MR14,MR10,True,MR10,True
H04-polynomial.c,string,M17,artifact binding,MR01 MR02 MR03 MR04 MR05 MR06 MR07 MR08 MR09 MR10 MR11 MR12 MR13 MR14,MR08 MR09 MR10,True,MR08,False
H04-polynomial.c,string,M18,state,MR01 MR02 MR03 MR04 MR05 MR08 MR09 MR11 MR12 MR13 MR14,MR05 MR13,True,MR05,False
H04-polynomial.c,string,M19,extraction,MR01 MR02 MR03 MR05 MR06 MR07 MR11 MR12 MR13 MR14,MR01 MR05 MR06 MR07 MR12 MR13 MR14,True,MR01,False
H04-polynomial.c,string,M20,state,MR01 MR02 MR03 MR04 MR05 MR06 MR07 MR08 MR09 MR10 MR11 MR12 MR13 MR14,MR12,True,MR12,True
H04-polynomial.c,string,M21,configuration,MR01 MR02 MR03 MR04 MR05 MR06 MR07 MR08 MR09 MR10 MR11 MR12 MR13 MR14,MR06,True,MR06,True
H04-polynomial.c,string,M22,configuration,MR01 MR02 MR03 MR04 MR05 MR06 MR07 MR08 MR09 MR10 MR11 MR12 MR13 MR14,MR07,True,MR07,True
H04-polynomial.c,string,M23,state,MR01 MR02 MR03 MR04 MR05 MR06 MR07 MR08 MR09 MR10 MR11 MR12 MR13 MR14,MR13,True,MR13,True
H04-polynomial.c,string,M24,state,MR01 MR02 MR03 MR04 MR05 MR06 MR07 MR08 MR09 MR10 MR11 MR12 MR13 MR14,MR14,True,MR14,True
H04-polynomial.c,symbol,M01,embedding,MR01 MR02 MR03 MR04 MR05 MR06 MR07 MR09 MR10 MR11 MR12 MR13 MR14,MR01 MR05 MR06 MR07 MR12 MR13 MR14,True,MR01,False
H04-polynomial.c,symbol,M02,embedding,MR01 MR02 MR03 MR04 MR05 MR06 MR07 MR09 MR10 MR11 MR12 MR13 MR14,MR01 MR05 MR06 MR07 MR12 MR13 MR14,True,MR01,False
H04-polynomial.c,symbol,M03,embedding,MR01 MR02 MR03 MR04 MR05 MR06 MR07 MR09 MR10 MR11 MR12 MR13 MR14,MR01 MR05 MR06 MR07 MR12 MR13 MR14,True,MR01,False
H04-polynomial.c,symbol,M04,state,MR01 MR02 MR03 MR04 MR05 MR06 MR07 MR09 MR10 MR11 MR12 MR13 MR14,MR01 MR05 MR06 MR07 MR12 MR13 MR14,True,MR05,False
H04-polynomial.c,symbol,M05,normalization,MR01 MR02 MR03 MR04 MR05 MR06 MR07 MR09 MR10 MR11 MR12 MR13 MR14,MR01 MR05 MR06 MR07 MR12 MR13 MR14,True,MR01,False
H04-polynomial.c,symbol,M06,authentication,MR01 MR02 MR03 MR04 MR05 MR06 MR07 MR08 MR11 MR12 MR13 MR14,MR04,True,MR04,True
H04-polynomial.c,symbol,M07,artifact binding,MR01 MR02 MR03 MR04 MR05 MR06 MR07 MR08 MR09 MR10 MR11 MR12 MR13 MR14,MR03 MR08 MR09 MR10,True,MR08,False
H04-polynomial.c,symbol,M08,state,MR01 MR02 MR03 MR04 MR05 MR06 MR07 MR08 MR09 MR10 MR11 MR12 MR13 MR14,MR04 MR05 MR09 MR10 MR12 MR13,True,MR04,False
H04-polynomial.c,symbol,M09,false positive,MR01 MR02 MR03 MR04 MR05 MR06 MR07 MR08 MR09 MR10 MR11 MR12 MR13 MR14,MR03 MR04 MR09 MR10,True,MR03,False
H04-polynomial.c,symbol,M10,semantic corruption,MR01 MR02 MR03 MR04 MR05 MR06 MR07 MR08 MR09 MR10 MR11 MR12 MR13 MR14,MR02,True,MR02,True
H04-polynomial.c,symbol,M11,semantic corruption,MR01 MR02 MR03 MR04 MR05 MR06 MR07 MR08 MR09 MR10 MR11 MR12 MR13 MR14,MR02,True,MR02,True
H04-polynomial.c,symbol,M12,stage routing,MR01 MR02 MR03 MR04 MR05 MR06 MR07 MR09 MR10 MR11 MR12 MR13 MR14,MR01 MR05 MR06 MR07 MR12 MR13 MR14,True,MR01,False
H04-polynomial.c,symbol,M13,configuration,MR01 MR02 MR03 MR04 MR05 MR07 MR08 MR09 MR10 MR11 MR12 MR13 MR14,MR11,True,MR11,True
H04-polynomial.c,symbol,M14,configuration,MR01 MR02 MR03 MR04 MR05 MR08 MR09 MR10 MR11 MR12 MR13 MR14,MR11,True,MR11,True
H04-polynomial.c,symbol,M15,transformation,MR01 MR02 MR03 MR04 MR05 MR06 MR07 MR08 MR10 MR11 MR12 MR13 MR14,,False,MR09,False
H04-polynomial.c,symbol,M16,integrity,MR01 MR02 MR03 MR04 MR05 MR06 MR07 MR08 MR09 MR10 MR11 MR12 MR13 MR14,MR10,True,MR10,True
H04-polynomial.c,symbol,M17,artifact binding,MR01 MR02 MR03 MR04 MR05 MR06 MR07 MR08 MR09 MR10 MR11 MR12 MR13 MR14,MR08 MR09 MR10,True,MR08,False
H04-polynomial.c,symbol,M18,state,MR01 MR02 MR03 MR04 MR05 MR08 MR09 MR10 MR11 MR12 MR13 MR14,MR05 MR13,True,MR05,False
H04-polynomial.c,symbol,M19,extraction,MR01 MR02 MR03 MR05 MR06 MR07 MR11 MR12 MR13 MR14,MR01 MR05 MR06 MR07 MR12 MR13 MR14,True,MR01,False
H04-polynomial.c,symbol,M20,state,MR01 MR02 MR03 MR04 MR05 MR06 MR07 MR08 MR09 MR10 MR11 MR12 MR13 MR14,MR12,True,MR12,True
H04-polynomial.c,symbol,M21,configuration,MR01 MR02 MR03 MR04 MR05 MR06 MR07 MR08 MR09 MR10 MR11 MR12 MR13 MR14,MR06,True,MR06,True
H04-polynomial.c,symbol,M22,configuration,MR01 MR02 MR03 MR04 MR05 MR06 MR07 MR08 MR09 MR10 MR11 MR12 MR13 MR14,MR07,True,MR07,True
H04-polynomial.c,symbol,M23,state,MR01 MR02 MR03 MR04 MR05 MR06 MR07 MR08 MR09 MR10 MR11 MR12 MR13 MR14,MR13,True,MR13,True
H04-polynomial.c,symbol,M24,state,MR01 MR02 MR03 MR04 MR05 MR06 MR07 MR08 MR09 MR10 MR11 MR12 MR13 MR14,MR14,True,MR14,True
H05-crc.c,section,M01,embedding,MR01 MR02 MR03 MR04 MR05 MR06 MR07 MR09 MR10 MR11 MR12 MR13 MR14,MR01 MR05 MR06 MR07 MR12 MR13 MR14,True,MR01,False
H05-crc.c,section,M02,embedding,MR01 MR02 MR03 MR04 MR05 MR06 MR07 MR09 MR10 MR11 MR12 MR13 MR14,MR01 MR05 MR06 MR07 MR12 MR13 MR14,True,MR01,False
H05-crc.c,section,M03,embedding,MR01 MR02 MR03 MR04 MR05 MR06 MR07 MR09 MR10 MR11 MR12 MR13 MR14,MR01 MR05 MR06 MR07 MR12 MR13 MR14,True,MR01,False
H05-crc.c,section,M04,state,MR01 MR02 MR03 MR04 MR05 MR06 MR07 MR09 MR10 MR11 MR12 MR13 MR14,MR01 MR05 MR06 MR07 MR12 MR13 MR14,True,MR05,False
H05-crc.c,section,M05,normalization,MR01 MR02 MR03 MR04 MR05 MR06 MR07 MR09 MR10 MR11 MR12 MR13 MR14,MR01 MR05 MR06 MR07 MR12 MR13 MR14,True,MR01,False
H05-crc.c,section,M06,authentication,MR01 MR02 MR03 MR04 MR05 MR06 MR07 MR08 MR11 MR12 MR13 MR14,MR04,True,MR04,True
H05-crc.c,section,M07,artifact binding,MR01 MR02 MR03 MR04 MR05 MR06 MR07 MR08 MR09 MR10 MR11 MR12 MR13 MR14,MR03 MR08 MR09 MR10,True,MR08,False
H05-crc.c,section,M08,state,MR01 MR02 MR03 MR04 MR05 MR06 MR07 MR08 MR09 MR10 MR11 MR12 MR13 MR14,MR04 MR05 MR09 MR10 MR12 MR13,True,MR04,False
H05-crc.c,section,M09,false positive,MR01 MR02 MR03 MR04 MR05 MR06 MR07 MR08 MR09 MR10 MR11 MR12 MR13 MR14,MR03 MR04 MR09 MR10,True,MR03,False
H05-crc.c,section,M10,semantic corruption,MR01 MR02 MR03 MR04 MR05 MR06 MR07 MR08 MR09 MR10 MR11 MR12 MR13 MR14,MR02,True,MR02,True
H05-crc.c,section,M11,semantic corruption,MR01 MR02 MR03 MR04 MR05 MR06 MR07 MR08 MR09 MR10 MR11 MR12 MR13 MR14,MR02,True,MR02,True
H05-crc.c,section,M12,stage routing,MR01 MR02 MR03 MR04 MR05 MR06 MR07 MR09 MR10 MR11 MR12 MR13 MR14,MR01 MR05 MR06 MR07 MR12 MR13 MR14,True,MR01,False
H05-crc.c,section,M13,configuration,MR01 MR02 MR03 MR04 MR05 MR07 MR08 MR09 MR10 MR11 MR12 MR13 MR14,MR11,True,MR11,True
H05-crc.c,section,M14,configuration,MR01 MR02 MR03 MR04 MR05 MR08 MR09 MR10 MR11 MR12 MR13 MR14,MR11,True,MR11,True
H05-crc.c,section,M15,transformation,MR01 MR02 MR03 MR04 MR05 MR06 MR07 MR08 MR10 MR11 MR12 MR13 MR14,,False,MR09,False
H05-crc.c,section,M16,integrity,MR01 MR02 MR03 MR04 MR05 MR06 MR07 MR08 MR09 MR10 MR11 MR12 MR13 MR14,MR10,True,MR10,True
H05-crc.c,section,M17,artifact binding,MR01 MR02 MR03 MR04 MR05 MR06 MR07 MR08 MR09 MR10 MR11 MR12 MR13 MR14,MR08 MR09 MR10,True,MR08,False
H05-crc.c,section,M18,state,MR01 MR02 MR03 MR04 MR05 MR08 MR09 MR11 MR12 MR13 MR14,MR05 MR13,True,MR05,False
H05-crc.c,section,M19,extraction,MR01 MR02 MR03 MR05 MR06 MR07 MR11 MR12 MR13 MR14,MR01 MR05 MR06 MR07 MR12 MR13 MR14,True,MR01,False
H05-crc.c,section,M20,state,MR01 MR02 MR03 MR04 MR05 MR06 MR07 MR08 MR09 MR10 MR11 MR12 MR13 MR14,MR12,True,MR12,True
H05-crc.c,section,M21,configuration,MR01 MR02 MR03 MR04 MR05 MR06 MR07 MR08 MR09 MR10 MR11 MR12 MR13 MR14,MR06,True,MR06,True
H05-crc.c,section,M22,configuration,MR01 MR02 MR03 MR04 MR05 MR06 MR07 MR08 MR09 MR10 MR11 MR12 MR13 MR14,MR07,True,MR07,True
H05-crc.c,section,M23,state,MR01 MR02 MR03 MR04 MR05 MR06 MR07 MR08 MR09 MR10 MR11 MR12 MR13 MR14,MR13,True,MR13,True
H05-crc.c,section,M24,state,MR01 MR02 MR03 MR04 MR05 MR06 MR07 MR08 MR09 MR10 MR11 MR12 MR13 MR14,MR14,True,MR14,True
H05-crc.c,string,M01,embedding,MR01 MR02 MR03 MR04 MR05 MR06 MR07 MR09 MR10 MR11 MR12 MR13 MR14,MR01 MR05 MR06 MR07 MR12 MR13 MR14,True,MR01,False
H05-crc.c,string,M02,embedding,MR01 MR02 MR03 MR04 MR05 MR06 MR07 MR09 MR10 MR11 MR12 MR13 MR14,MR01 MR05 MR06 MR07 MR12 MR13 MR14,True,MR01,False
H05-crc.c,string,M03,embedding,MR01 MR02 MR03 MR04 MR05 MR06 MR07 MR09 MR10 MR11 MR12 MR13 MR14,MR01 MR05 MR06 MR07 MR12 MR13 MR14,True,MR01,False
H05-crc.c,string,M04,state,MR01 MR02 MR03 MR04 MR05 MR06 MR07 MR09 MR10 MR11 MR12 MR13 MR14,MR01 MR05 MR06 MR07 MR12 MR13 MR14,True,MR05,False
H05-crc.c,string,M05,normalization,MR01 MR02 MR03 MR04 MR05 MR06 MR07 MR09 MR10 MR11 MR12 MR13 MR14,MR01 MR05 MR06 MR07 MR12 MR13 MR14,True,MR01,False
H05-crc.c,string,M06,authentication,MR01 MR02 MR03 MR04 MR05 MR06 MR07 MR08 MR11 MR12 MR13 MR14,MR04,True,MR04,True
H05-crc.c,string,M07,artifact binding,MR01 MR02 MR03 MR04 MR05 MR06 MR07 MR08 MR09 MR10 MR11 MR12 MR13 MR14,MR03 MR08 MR09 MR10,True,MR08,False
H05-crc.c,string,M08,state,MR01 MR02 MR03 MR04 MR05 MR06 MR07 MR08 MR09 MR10 MR11 MR12 MR13 MR14,MR04 MR05 MR09 MR10 MR12 MR13,True,MR04,False
H05-crc.c,string,M09,false positive,MR01 MR02 MR03 MR04 MR05 MR06 MR07 MR08 MR09 MR10 MR11 MR12 MR13 MR14,MR03 MR04 MR09 MR10,True,MR03,False
H05-crc.c,string,M10,semantic corruption,MR01 MR02 MR03 MR04 MR05 MR06 MR07 MR08 MR09 MR10 MR11 MR12 MR13 MR14,MR02,True,MR02,True
H05-crc.c,string,M11,semantic corruption,MR01 MR02 MR03 MR04 MR05 MR06 MR07 MR08 MR09 MR10 MR11 MR12 MR13 MR14,MR02,True,MR02,True
H05-crc.c,string,M12,stage routing,MR01 MR02 MR03 MR04 MR05 MR06 MR07 MR09 MR10 MR11 MR12 MR13 MR14,MR01 MR05 MR06 MR07 MR12 MR13 MR14,True,MR01,False
H05-crc.c,string,M13,configuration,MR01 MR02 MR03 MR04 MR05 MR07 MR08 MR09 MR10 MR11 MR12 MR13 MR14,MR11,True,MR11,True
H05-crc.c,string,M14,configuration,MR01 MR02 MR03 MR04 MR05 MR08 MR09 MR10 MR11 MR12 MR13 MR14,MR11,True,MR11,True
H05-crc.c,string,M15,transformation,MR01 MR02 MR03 MR04 MR05 MR06 MR07 MR08 MR10 MR11 MR12 MR13 MR14,,False,MR09,False
H05-crc.c,string,M16,integrity,MR01 MR02 MR03 MR04 MR05 MR06 MR07 MR08 MR09 MR10 MR11 MR12 MR13 MR14,MR10,True,MR10,True
H05-crc.c,string,M17,artifact binding,MR01 MR02 MR03 MR04 MR05 MR06 MR07 MR08 MR09 MR10 MR11 MR12 MR13 MR14,MR08 MR09 MR10,True,MR08,False
H05-crc.c,string,M18,state,MR01 MR02 MR03 MR04 MR05 MR08 MR09 MR11 MR12 MR13 MR14,MR05 MR13,True,MR05,False
H05-crc.c,string,M19,extraction,MR01 MR02 MR03 MR05 MR06 MR07 MR11 MR12 MR13 MR14,MR01 MR05 MR06 MR07 MR12 MR13 MR14,True,MR01,False
H05-crc.c,string,M20,state,MR01 MR02 MR03 MR04 MR05 MR06 MR07 MR08 MR09 MR10 MR11 MR12 MR13 MR14,MR12,True,MR12,True
H05-crc.c,string,M21,configuration,MR01 MR02 MR03 MR04 MR05 MR06 MR07 MR08 MR09 MR10 MR11 MR12 MR13 MR14,MR06,True,MR06,True
H05-crc.c,string,M22,configuration,MR01 MR02 MR03 MR04 MR05 MR06 MR07 MR08 MR09 MR10 MR11 MR12 MR13 MR14,MR07,True,MR07,True
H05-crc.c,string,M23,state,MR01 MR02 MR03 MR04 MR05 MR06 MR07 MR08 MR09 MR10 MR11 MR12 MR13 MR14,MR13,True,MR13,True
H05-crc.c,string,M24,state,MR01 MR02 MR03 MR04 MR05 MR06 MR07 MR08 MR09 MR10 MR11 MR12 MR13 MR14,MR14,True,MR14,True
H05-crc.c,symbol,M01,embedding,MR01 MR02 MR03 MR04 MR05 MR06 MR07 MR09 MR10 MR11 MR12 MR13 MR14,MR01 MR05 MR06 MR07 MR12 MR13 MR14,True,MR01,False
H05-crc.c,symbol,M02,embedding,MR01 MR02 MR03 MR04 MR05 MR06 MR07 MR09 MR10 MR11 MR12 MR13 MR14,MR01 MR05 MR06 MR07 MR12 MR13 MR14,True,MR01,False
H05-crc.c,symbol,M03,embedding,MR01 MR02 MR03 MR04 MR05 MR06 MR07 MR09 MR10 MR11 MR12 MR13 MR14,MR01 MR05 MR06 MR07 MR12 MR13 MR14,True,MR01,False
H05-crc.c,symbol,M04,state,MR01 MR02 MR03 MR04 MR05 MR06 MR07 MR09 MR10 MR11 MR12 MR13 MR14,MR01 MR05 MR06 MR07 MR12 MR13 MR14,True,MR05,False
H05-crc.c,symbol,M05,normalization,MR01 MR02 MR03 MR04 MR05 MR06 MR07 MR09 MR10 MR11 MR12 MR13 MR14,MR01 MR05 MR06 MR07 MR12 MR13 MR14,True,MR01,False
H05-crc.c,symbol,M06,authentication,MR01 MR02 MR03 MR04 MR05 MR06 MR07 MR08 MR11 MR12 MR13 MR14,MR04,True,MR04,True
H05-crc.c,symbol,M07,artifact binding,MR01 MR02 MR03 MR04 MR05 MR06 MR07 MR08 MR09 MR10 MR11 MR12 MR13 MR14,MR03 MR08 MR09 MR10,True,MR08,False
H05-crc.c,symbol,M08,state,MR01 MR02 MR03 MR04 MR05 MR06 MR07 MR08 MR09 MR10 MR11 MR12 MR13 MR14,MR04 MR05 MR09 MR10 MR12 MR13,True,MR04,False
H05-crc.c,symbol,M09,false positive,MR01 MR02 MR03 MR04 MR05 MR06 MR07 MR08 MR09 MR10 MR11 MR12 MR13 MR14,MR03 MR04 MR09 MR10,True,MR03,False
H05-crc.c,symbol,M10,semantic corruption,MR01 MR02 MR03 MR04 MR05 MR06 MR07 MR08 MR09 MR10 MR11 MR12 MR13 MR14,MR02,True,MR02,True
H05-crc.c,symbol,M11,semantic corruption,MR01 MR02 MR03 MR04 MR05 MR06 MR07 MR08 MR09 MR10 MR11 MR12 MR13 MR14,MR02,True,MR02,True
H05-crc.c,symbol,M12,stage routing,MR01 MR02 MR03 MR04 MR05 MR06 MR07 MR09 MR10 MR11 MR12 MR13 MR14,MR01 MR05 MR06 MR07 MR12 MR13 MR14,True,MR01,False
H05-crc.c,symbol,M13,configuration,MR01 MR02 MR03 MR04 MR05 MR07 MR08 MR09 MR10 MR11 MR12 MR13 MR14,MR11,True,MR11,True
H05-crc.c,symbol,M14,configuration,MR01 MR02 MR03 MR04 MR05 MR08 MR09 MR10 MR11 MR12 MR13 MR14,MR11,True,MR11,True
H05-crc.c,symbol,M15,transformation,MR01 MR02 MR03 MR04 MR05 MR06 MR07 MR08 MR10 MR11 MR12 MR13 MR14,,False,MR09,False
H05-crc.c,symbol,M16,integrity,MR01 MR02 MR03 MR04 MR05 MR06 MR07 MR08 MR09 MR10 MR11 MR12 MR13 MR14,MR10,True,MR10,True
H05-crc.c,symbol,M17,artifact binding,MR01 MR02 MR03 MR04 MR05 MR06 MR07 MR08 MR09 MR10 MR11 MR12 MR13 MR14,MR08 MR09 MR10,True,MR08,False
H05-crc.c,symbol,M18,state,MR01 MR02 MR03 MR04 MR05 MR08 MR09 MR10 MR11 MR12 MR13 MR14,MR05 MR13,True,MR05,False
H05-crc.c,symbol,M19,extraction,MR01 MR02 MR03 MR05 MR06 MR07 MR11 MR12 MR13 MR14,MR01 MR05 MR06 MR07 MR12 MR13 MR14,True,MR01,False
H05-crc.c,symbol,M20,state,MR01 MR02 MR03 MR04 MR05 MR06 MR07 MR08 MR09 MR10 MR11 MR12 MR13 MR14,MR12,True,MR12,True
H05-crc.c,symbol,M21,configuration,MR01 MR02 MR03 MR04 MR05 MR06 MR07 MR08 MR09 MR10 MR11 MR12 MR13 MR14,MR06,True,MR06,True
H05-crc.c,symbol,M22,configuration,MR01 MR02 MR03 MR04 MR05 MR06 MR07 MR08 MR09 MR10 MR11 MR12 MR13 MR14,MR07,True,MR07,True
H05-crc.c,symbol,M23,state,MR01 MR02 MR03 MR04 MR05 MR06 MR07 MR08 MR09 MR10 MR11 MR12 MR13 MR14,MR13,True,MR13,True
H05-crc.c,symbol,M24,state,MR01 MR02 MR03 MR04 MR05 MR06 MR07 MR08 MR09 MR10 MR11 MR12 MR13 MR14,MR14,True,MR14,True
H06-primecount.c,section,M01,embedding,MR01 MR02 MR03 MR04 MR05 MR06 MR07 MR09 MR10 MR11 MR12 MR13 MR14,MR01 MR05 MR06 MR07 MR12 MR13 MR14,True,MR01,False
H06-primecount.c,section,M02,embedding,MR01 MR02 MR03 MR04 MR05 MR06 MR07 MR09 MR10 MR11 MR12 MR13 MR14,MR01 MR05 MR06 MR07 MR12 MR13 MR14,True,MR01,False
H06-primecount.c,section,M03,embedding,MR01 MR02 MR03 MR04 MR05 MR06 MR07 MR09 MR10 MR11 MR12 MR13 MR14,MR01 MR05 MR06 MR07 MR12 MR13 MR14,True,MR01,False
H06-primecount.c,section,M04,state,MR01 MR02 MR03 MR04 MR05 MR06 MR07 MR09 MR10 MR11 MR12 MR13 MR14,MR01 MR05 MR06 MR07 MR12 MR13 MR14,True,MR05,False
H06-primecount.c,section,M05,normalization,MR01 MR02 MR03 MR04 MR05 MR06 MR07 MR09 MR10 MR11 MR12 MR13 MR14,MR01 MR05 MR06 MR07 MR12 MR13 MR14,True,MR01,False
H06-primecount.c,section,M06,authentication,MR01 MR02 MR03 MR04 MR05 MR06 MR07 MR08 MR11 MR12 MR13 MR14,MR04,True,MR04,True
H06-primecount.c,section,M07,artifact binding,MR01 MR02 MR03 MR04 MR05 MR06 MR07 MR08 MR09 MR10 MR11 MR12 MR13 MR14,MR03 MR08 MR09 MR10,True,MR08,False
H06-primecount.c,section,M08,state,MR01 MR02 MR03 MR04 MR05 MR06 MR07 MR08 MR09 MR10 MR11 MR12 MR13 MR14,MR04 MR05 MR09 MR10 MR12 MR13,True,MR04,False
H06-primecount.c,section,M09,false positive,MR01 MR02 MR03 MR04 MR05 MR06 MR07 MR08 MR09 MR10 MR11 MR12 MR13 MR14,MR03 MR04 MR09 MR10,True,MR03,False
H06-primecount.c,section,M10,semantic corruption,MR01 MR02 MR03 MR04 MR05 MR06 MR07 MR08 MR09 MR10 MR11 MR12 MR13 MR14,MR02,True,MR02,True
H06-primecount.c,section,M11,semantic corruption,MR01 MR02 MR03 MR04 MR05 MR06 MR07 MR08 MR09 MR10 MR11 MR12 MR13 MR14,MR02,True,MR02,True
H06-primecount.c,section,M12,stage routing,MR01 MR02 MR03 MR04 MR05 MR06 MR07 MR09 MR10 MR11 MR12 MR13 MR14,MR01 MR05 MR06 MR07 MR12 MR13 MR14,True,MR01,False
H06-primecount.c,section,M13,configuration,MR01 MR02 MR03 MR04 MR05 MR07 MR08 MR09 MR10 MR11 MR12 MR13 MR14,MR11,True,MR11,True
H06-primecount.c,section,M14,configuration,MR01 MR02 MR03 MR04 MR05 MR08 MR09 MR10 MR11 MR12 MR13 MR14,MR11,True,MR11,True
H06-primecount.c,section,M15,transformation,MR01 MR02 MR03 MR04 MR05 MR06 MR07 MR08 MR10 MR11 MR12 MR13 MR14,,False,MR09,False
H06-primecount.c,section,M16,integrity,MR01 MR02 MR03 MR04 MR05 MR06 MR07 MR08 MR09 MR10 MR11 MR12 MR13 MR14,MR10,True,MR10,True
H06-primecount.c,section,M17,artifact binding,MR01 MR02 MR03 MR04 MR05 MR06 MR07 MR08 MR09 MR10 MR11 MR12 MR13 MR14,MR08 MR09 MR10,True,MR08,False
H06-primecount.c,section,M18,state,MR01 MR02 MR03 MR04 MR05 MR08 MR09 MR11 MR12 MR13 MR14,MR05 MR13,True,MR05,False
H06-primecount.c,section,M19,extraction,MR01 MR02 MR03 MR05 MR06 MR07 MR11 MR12 MR13 MR14,MR01 MR05 MR06 MR07 MR12 MR13 MR14,True,MR01,False
H06-primecount.c,section,M20,state,MR01 MR02 MR03 MR04 MR05 MR06 MR07 MR08 MR09 MR10 MR11 MR12 MR13 MR14,MR12,True,MR12,True
H06-primecount.c,section,M21,configuration,MR01 MR02 MR03 MR04 MR05 MR06 MR07 MR08 MR09 MR10 MR11 MR12 MR13 MR14,MR06,True,MR06,True
H06-primecount.c,section,M22,configuration,MR01 MR02 MR03 MR04 MR05 MR06 MR07 MR08 MR09 MR10 MR11 MR12 MR13 MR14,MR07,True,MR07,True
H06-primecount.c,section,M23,state,MR01 MR02 MR03 MR04 MR05 MR06 MR07 MR08 MR09 MR10 MR11 MR12 MR13 MR14,MR13,True,MR13,True
H06-primecount.c,section,M24,state,MR01 MR02 MR03 MR04 MR05 MR06 MR07 MR08 MR09 MR10 MR11 MR12 MR13 MR14,MR14,True,MR14,True
H06-primecount.c,string,M01,embedding,MR01 MR02 MR03 MR04 MR05 MR06 MR07 MR09 MR10 MR11 MR12 MR13 MR14,MR01 MR05 MR06 MR07 MR12 MR13 MR14,True,MR01,False
H06-primecount.c,string,M02,embedding,MR01 MR02 MR03 MR04 MR05 MR06 MR07 MR09 MR10 MR11 MR12 MR13 MR14,MR01 MR05 MR06 MR07 MR12 MR13 MR14,True,MR01,False
H06-primecount.c,string,M03,embedding,MR01 MR02 MR03 MR04 MR05 MR06 MR07 MR09 MR10 MR11 MR12 MR13 MR14,MR01 MR05 MR06 MR07 MR12 MR13 MR14,True,MR01,False
H06-primecount.c,string,M04,state,MR01 MR02 MR03 MR04 MR05 MR06 MR07 MR09 MR10 MR11 MR12 MR13 MR14,MR01 MR05 MR06 MR07 MR12 MR13 MR14,True,MR05,False
H06-primecount.c,string,M05,normalization,MR01 MR02 MR03 MR04 MR05 MR06 MR07 MR09 MR10 MR11 MR12 MR13 MR14,MR01 MR05 MR06 MR07 MR12 MR13 MR14,True,MR01,False
H06-primecount.c,string,M06,authentication,MR01 MR02 MR03 MR04 MR05 MR06 MR07 MR08 MR11 MR12 MR13 MR14,MR04,True,MR04,True
H06-primecount.c,string,M07,artifact binding,MR01 MR02 MR03 MR04 MR05 MR06 MR07 MR08 MR09 MR10 MR11 MR12 MR13 MR14,MR03 MR08 MR09 MR10,True,MR08,False
H06-primecount.c,string,M08,state,MR01 MR02 MR03 MR04 MR05 MR06 MR07 MR08 MR09 MR10 MR11 MR12 MR13 MR14,MR04 MR05 MR09 MR10 MR12 MR13,True,MR04,False
H06-primecount.c,string,M09,false positive,MR01 MR02 MR03 MR04 MR05 MR06 MR07 MR08 MR09 MR10 MR11 MR12 MR13 MR14,MR03 MR04 MR09 MR10,True,MR03,False
H06-primecount.c,string,M10,semantic corruption,MR01 MR02 MR03 MR04 MR05 MR06 MR07 MR08 MR09 MR10 MR11 MR12 MR13 MR14,MR02,True,MR02,True
H06-primecount.c,string,M11,semantic corruption,MR01 MR02 MR03 MR04 MR05 MR06 MR07 MR08 MR09 MR10 MR11 MR12 MR13 MR14,MR02,True,MR02,True
H06-primecount.c,string,M12,stage routing,MR01 MR02 MR03 MR04 MR05 MR06 MR07 MR09 MR10 MR11 MR12 MR13 MR14,MR01 MR05 MR06 MR07 MR12 MR13 MR14,True,MR01,False
H06-primecount.c,string,M13,configuration,MR01 MR02 MR03 MR04 MR05 MR07 MR08 MR09 MR10 MR11 MR12 MR13 MR14,MR11,True,MR11,True
H06-primecount.c,string,M14,configuration,MR01 MR02 MR03 MR04 MR05 MR08 MR09 MR10 MR11 MR12 MR13 MR14,MR11,True,MR11,True
H06-primecount.c,string,M15,transformation,MR01 MR02 MR03 MR04 MR05 MR06 MR07 MR08 MR10 MR11 MR12 MR13 MR14,,False,MR09,False
H06-primecount.c,string,M16,integrity,MR01 MR02 MR03 MR04 MR05 MR06 MR07 MR08 MR09 MR10 MR11 MR12 MR13 MR14,MR10,True,MR10,True
H06-primecount.c,string,M17,artifact binding,MR01 MR02 MR03 MR04 MR05 MR06 MR07 MR08 MR09 MR10 MR11 MR12 MR13 MR14,MR08 MR09 MR10,True,MR08,False
H06-primecount.c,string,M18,state,MR01 MR02 MR03 MR04 MR05 MR08 MR09 MR11 MR12 MR13 MR14,MR05 MR13,True,MR05,False
H06-primecount.c,string,M19,extraction,MR01 MR02 MR03 MR05 MR06 MR07 MR11 MR12 MR13 MR14,MR01 MR05 MR06 MR07 MR12 MR13 MR14,True,MR01,False
H06-primecount.c,string,M20,state,MR01 MR02 MR03 MR04 MR05 MR06 MR07 MR08 MR09 MR10 MR11 MR12 MR13 MR14,MR12,True,MR12,True
H06-primecount.c,string,M21,configuration,MR01 MR02 MR03 MR04 MR05 MR06 MR07 MR08 MR09 MR10 MR11 MR12 MR13 MR14,MR06,True,MR06,True
H06-primecount.c,string,M22,configuration,MR01 MR02 MR03 MR04 MR05 MR06 MR07 MR08 MR09 MR10 MR11 MR12 MR13 MR14,MR07,True,MR07,True
H06-primecount.c,string,M23,state,MR01 MR02 MR03 MR04 MR05 MR06 MR07 MR08 MR09 MR10 MR11 MR12 MR13 MR14,MR13,True,MR13,True
H06-primecount.c,string,M24,state,MR01 MR02 MR03 MR04 MR05 MR06 MR07 MR08 MR09 MR10 MR11 MR12 MR13 MR14,MR14,True,MR14,True
H06-primecount.c,symbol,M01,embedding,MR01 MR02 MR03 MR04 MR05 MR06 MR07 MR09 MR10 MR11 MR12 MR13 MR14,MR01 MR05 MR06 MR07 MR12 MR13 MR14,True,MR01,False
H06-primecount.c,symbol,M02,embedding,MR01 MR02 MR03 MR04 MR05 MR06 MR07 MR09 MR10 MR11 MR12 MR13 MR14,MR01 MR05 MR06 MR07 MR12 MR13 MR14,True,MR01,False
H06-primecount.c,symbol,M03,embedding,MR01 MR02 MR03 MR04 MR05 MR06 MR07 MR09 MR10 MR11 MR12 MR13 MR14,MR01 MR05 MR06 MR07 MR12 MR13 MR14,True,MR01,False
H06-primecount.c,symbol,M04,state,MR01 MR02 MR03 MR04 MR05 MR06 MR07 MR09 MR10 MR11 MR12 MR13 MR14,MR01 MR05 MR06 MR07 MR12 MR13 MR14,True,MR05,False
H06-primecount.c,symbol,M05,normalization,MR01 MR02 MR03 MR04 MR05 MR06 MR07 MR09 MR10 MR11 MR12 MR13 MR14,MR01 MR05 MR06 MR07 MR12 MR13 MR14,True,MR01,False
H06-primecount.c,symbol,M06,authentication,MR01 MR02 MR03 MR04 MR05 MR06 MR07 MR08 MR11 MR12 MR13 MR14,MR04,True,MR04,True
H06-primecount.c,symbol,M07,artifact binding,MR01 MR02 MR03 MR04 MR05 MR06 MR07 MR08 MR09 MR10 MR11 MR12 MR13 MR14,MR03 MR08 MR09 MR10,True,MR08,False
H06-primecount.c,symbol,M08,state,MR01 MR02 MR03 MR04 MR05 MR06 MR07 MR08 MR09 MR10 MR11 MR12 MR13 MR14,MR04 MR05 MR09 MR10 MR12 MR13,True,MR04,False
H06-primecount.c,symbol,M09,false positive,MR01 MR02 MR03 MR04 MR05 MR06 MR07 MR08 MR09 MR10 MR11 MR12 MR13 MR14,MR03 MR04 MR09 MR10,True,MR03,False
H06-primecount.c,symbol,M10,semantic corruption,MR01 MR02 MR03 MR04 MR05 MR06 MR07 MR08 MR09 MR10 MR11 MR12 MR13 MR14,MR02,True,MR02,True
H06-primecount.c,symbol,M11,semantic corruption,MR01 MR02 MR03 MR04 MR05 MR06 MR07 MR08 MR09 MR10 MR11 MR12 MR13 MR14,MR02,True,MR02,True
H06-primecount.c,symbol,M12,stage routing,MR01 MR02 MR03 MR04 MR05 MR06 MR07 MR09 MR10 MR11 MR12 MR13 MR14,MR01 MR05 MR06 MR07 MR12 MR13 MR14,True,MR01,False
H06-primecount.c,symbol,M13,configuration,MR01 MR02 MR03 MR04 MR05 MR07 MR08 MR09 MR10 MR11 MR12 MR13 MR14,MR11,True,MR11,True
H06-primecount.c,symbol,M14,configuration,MR01 MR02 MR03 MR04 MR05 MR08 MR09 MR10 MR11 MR12 MR13 MR14,MR11,True,MR11,True
H06-primecount.c,symbol,M15,transformation,MR01 MR02 MR03 MR04 MR05 MR06 MR07 MR08 MR10 MR11 MR12 MR13 MR14,,False,MR09,False
H06-primecount.c,symbol,M16,integrity,MR01 MR02 MR03 MR04 MR05 MR06 MR07 MR08 MR09 MR10 MR11 MR12 MR13 MR14,MR10,True,MR10,True
H06-primecount.c,symbol,M17,artifact binding,MR01 MR02 MR03 MR04 MR05 MR06 MR07 MR08 MR09 MR10 MR11 MR12 MR13 MR14,MR08 MR09 MR10,True,MR08,False
H06-primecount.c,symbol,M18,state,MR01 MR02 MR03 MR04 MR05 MR08 MR09 MR10 MR11 MR12 MR13 MR14,MR05 MR13,True,MR05,False
H06-primecount.c,symbol,M19,extraction,MR01 MR02 MR03 MR05 MR06 MR07 MR11 MR12 MR13 MR14,MR01 MR05 MR06 MR07 MR12 MR13 MR14,True,MR01,False
H06-primecount.c,symbol,M20,state,MR01 MR02 MR03 MR04 MR05 MR06 MR07 MR08 MR09 MR10 MR11 MR12 MR13 MR14,MR12,True,MR12,True
H06-primecount.c,symbol,M21,configuration,MR01 MR02 MR03 MR04 MR05 MR06 MR07 MR08 MR09 MR10 MR11 MR12 MR13 MR14,MR06,True,MR06,True
H06-primecount.c,symbol,M22,configuration,MR01 MR02 MR03 MR04 MR05 MR06 MR07 MR08 MR09 MR10 MR11 MR12 MR13 MR14,MR07,True,MR07,True
H06-primecount.c,symbol,M23,state,MR01 MR02 MR03 MR04 MR05 MR06 MR07 MR08 MR09 MR10 MR11 MR12 MR13 MR14,MR13,True,MR13,True
H06-primecount.c,symbol,M24,state,MR01 MR02 MR03 MR04 MR05 MR06 MR07 MR08 MR09 MR10 MR11 MR12 MR13 MR14,MR14,True,MR14,True
H07-sortfold.c,section,M01,embedding,MR01 MR02 MR03 MR04 MR05 MR06 MR07 MR09 MR10 MR11 MR12 MR13 MR14,MR01 MR05 MR06 MR07 MR12 MR13 MR14,True,MR01,False
H07-sortfold.c,section,M02,embedding,MR01 MR02 MR03 MR04 MR05 MR06 MR07 MR09 MR10 MR11 MR12 MR13 MR14,MR01 MR05 MR06 MR07 MR12 MR13 MR14,True,MR01,False
H07-sortfold.c,section,M03,embedding,MR01 MR02 MR03 MR04 MR05 MR06 MR07 MR09 MR10 MR11 MR12 MR13 MR14,MR01 MR05 MR06 MR07 MR12 MR13 MR14,True,MR01,False
H07-sortfold.c,section,M04,state,MR01 MR02 MR03 MR04 MR05 MR06 MR07 MR09 MR10 MR11 MR12 MR13 MR14,MR01 MR05 MR06 MR07 MR12 MR13 MR14,True,MR05,False
H07-sortfold.c,section,M05,normalization,MR01 MR02 MR03 MR04 MR05 MR06 MR07 MR09 MR10 MR11 MR12 MR13 MR14,MR01 MR05 MR06 MR07 MR12 MR13 MR14,True,MR01,False
H07-sortfold.c,section,M06,authentication,MR01 MR02 MR03 MR04 MR05 MR06 MR07 MR08 MR11 MR12 MR13 MR14,MR04,True,MR04,True
H07-sortfold.c,section,M07,artifact binding,MR01 MR02 MR03 MR04 MR05 MR06 MR07 MR08 MR09 MR10 MR11 MR12 MR13 MR14,MR03 MR08 MR09 MR10,True,MR08,False
H07-sortfold.c,section,M08,state,MR01 MR02 MR03 MR04 MR05 MR06 MR07 MR08 MR09 MR10 MR11 MR12 MR13 MR14,MR04 MR05 MR09 MR10 MR12 MR13,True,MR04,False
H07-sortfold.c,section,M09,false positive,MR01 MR02 MR03 MR04 MR05 MR06 MR07 MR08 MR09 MR10 MR11 MR12 MR13 MR14,MR03 MR04 MR09 MR10,True,MR03,False
H07-sortfold.c,section,M10,semantic corruption,MR01 MR02 MR03 MR04 MR05 MR06 MR07 MR08 MR09 MR10 MR11 MR12 MR13 MR14,MR02,True,MR02,True
H07-sortfold.c,section,M11,semantic corruption,MR01 MR02 MR03 MR04 MR05 MR06 MR07 MR08 MR09 MR10 MR11 MR12 MR13 MR14,MR02,True,MR02,True
H07-sortfold.c,section,M12,stage routing,MR01 MR02 MR03 MR04 MR05 MR06 MR07 MR09 MR10 MR11 MR12 MR13 MR14,MR01 MR05 MR06 MR07 MR12 MR13 MR14,True,MR01,False
H07-sortfold.c,section,M13,configuration,MR01 MR02 MR03 MR04 MR05 MR07 MR08 MR09 MR10 MR11 MR12 MR13 MR14,MR11,True,MR11,True
H07-sortfold.c,section,M14,configuration,MR01 MR02 MR03 MR04 MR05 MR08 MR09 MR10 MR11 MR12 MR13 MR14,MR11,True,MR11,True
H07-sortfold.c,section,M15,transformation,MR01 MR02 MR03 MR04 MR05 MR06 MR07 MR08 MR10 MR11 MR12 MR13 MR14,,False,MR09,False
H07-sortfold.c,section,M16,integrity,MR01 MR02 MR03 MR04 MR05 MR06 MR07 MR08 MR09 MR10 MR11 MR12 MR13 MR14,MR10,True,MR10,True
H07-sortfold.c,section,M17,artifact binding,MR01 MR02 MR03 MR04 MR05 MR06 MR07 MR08 MR09 MR10 MR11 MR12 MR13 MR14,MR08 MR09 MR10,True,MR08,False
H07-sortfold.c,section,M18,state,MR01 MR02 MR03 MR04 MR05 MR08 MR09 MR11 MR12 MR13 MR14,MR05 MR13,True,MR05,False
H07-sortfold.c,section,M19,extraction,MR01 MR02 MR03 MR05 MR06 MR07 MR11 MR12 MR13 MR14,MR01 MR05 MR06 MR07 MR12 MR13 MR14,True,MR01,False
H07-sortfold.c,section,M20,state,MR01 MR02 MR03 MR04 MR05 MR06 MR07 MR08 MR09 MR10 MR11 MR12 MR13 MR14,MR12,True,MR12,True
H07-sortfold.c,section,M21,configuration,MR01 MR02 MR03 MR04 MR05 MR06 MR07 MR08 MR09 MR10 MR11 MR12 MR13 MR14,MR06,True,MR06,True
H07-sortfold.c,section,M22,configuration,MR01 MR02 MR03 MR04 MR05 MR06 MR07 MR08 MR09 MR10 MR11 MR12 MR13 MR14,MR07,True,MR07,True
H07-sortfold.c,section,M23,state,MR01 MR02 MR03 MR04 MR05 MR06 MR07 MR08 MR09 MR10 MR11 MR12 MR13 MR14,MR13,True,MR13,True
H07-sortfold.c,section,M24,state,MR01 MR02 MR03 MR04 MR05 MR06 MR07 MR08 MR09 MR10 MR11 MR12 MR13 MR14,MR14,True,MR14,True
H07-sortfold.c,string,M01,embedding,MR01 MR02 MR03 MR04 MR05 MR06 MR07 MR09 MR10 MR11 MR12 MR13 MR14,MR01 MR05 MR06 MR07 MR12 MR13 MR14,True,MR01,False
H07-sortfold.c,string,M02,embedding,MR01 MR02 MR03 MR04 MR05 MR06 MR07 MR09 MR10 MR11 MR12 MR13 MR14,MR01 MR05 MR06 MR07 MR12 MR13 MR14,True,MR01,False
H07-sortfold.c,string,M03,embedding,MR01 MR02 MR03 MR04 MR05 MR06 MR07 MR09 MR10 MR11 MR12 MR13 MR14,MR01 MR05 MR06 MR07 MR12 MR13 MR14,True,MR01,False
H07-sortfold.c,string,M04,state,MR01 MR02 MR03 MR04 MR05 MR06 MR07 MR09 MR10 MR11 MR12 MR13 MR14,MR01 MR05 MR06 MR07 MR12 MR13 MR14,True,MR05,False
H07-sortfold.c,string,M05,normalization,MR01 MR02 MR03 MR04 MR05 MR06 MR07 MR09 MR10 MR11 MR12 MR13 MR14,MR01 MR05 MR06 MR07 MR12 MR13 MR14,True,MR01,False
H07-sortfold.c,string,M06,authentication,MR01 MR02 MR03 MR04 MR05 MR06 MR07 MR08 MR11 MR12 MR13 MR14,MR04,True,MR04,True
H07-sortfold.c,string,M07,artifact binding,MR01 MR02 MR03 MR04 MR05 MR06 MR07 MR08 MR09 MR10 MR11 MR12 MR13 MR14,MR03 MR08 MR09 MR10,True,MR08,False
H07-sortfold.c,string,M08,state,MR01 MR02 MR03 MR04 MR05 MR06 MR07 MR08 MR09 MR10 MR11 MR12 MR13 MR14,MR04 MR05 MR09 MR10 MR12 MR13,True,MR04,False
H07-sortfold.c,string,M09,false positive,MR01 MR02 MR03 MR04 MR05 MR06 MR07 MR08 MR09 MR10 MR11 MR12 MR13 MR14,MR03 MR04 MR09 MR10,True,MR03,False
H07-sortfold.c,string,M10,semantic corruption,MR01 MR02 MR03 MR04 MR05 MR06 MR07 MR08 MR09 MR10 MR11 MR12 MR13 MR14,MR02,True,MR02,True
H07-sortfold.c,string,M11,semantic corruption,MR01 MR02 MR03 MR04 MR05 MR06 MR07 MR08 MR09 MR10 MR11 MR12 MR13 MR14,MR02,True,MR02,True
H07-sortfold.c,string,M12,stage routing,MR01 MR02 MR03 MR04 MR05 MR06 MR07 MR09 MR10 MR11 MR12 MR13 MR14,MR01 MR05 MR06 MR07 MR12 MR13 MR14,True,MR01,False
H07-sortfold.c,string,M13,configuration,MR01 MR02 MR03 MR04 MR05 MR07 MR08 MR09 MR10 MR11 MR12 MR13 MR14,MR11,True,MR11,True
H07-sortfold.c,string,M14,configuration,MR01 MR02 MR03 MR04 MR05 MR08 MR09 MR10 MR11 MR12 MR13 MR14,MR11,True,MR11,True
H07-sortfold.c,string,M15,transformation,MR01 MR02 MR03 MR04 MR05 MR06 MR07 MR08 MR10 MR11 MR12 MR13 MR14,,False,MR09,False
H07-sortfold.c,string,M16,integrity,MR01 MR02 MR03 MR04 MR05 MR06 MR07 MR08 MR09 MR10 MR11 MR12 MR13 MR14,MR10,True,MR10,True
H07-sortfold.c,string,M17,artifact binding,MR01 MR02 MR03 MR04 MR05 MR06 MR07 MR08 MR09 MR10 MR11 MR12 MR13 MR14,MR08 MR09 MR10,True,MR08,False
H07-sortfold.c,string,M18,state,MR01 MR02 MR03 MR04 MR05 MR08 MR09 MR11 MR12 MR13 MR14,MR05 MR13,True,MR05,False
H07-sortfold.c,string,M19,extraction,MR01 MR02 MR03 MR05 MR06 MR07 MR11 MR12 MR13 MR14,MR01 MR05 MR06 MR07 MR12 MR13 MR14,True,MR01,False
H07-sortfold.c,string,M20,state,MR01 MR02 MR03 MR04 MR05 MR06 MR07 MR08 MR09 MR10 MR11 MR12 MR13 MR14,MR12,True,MR12,True
H07-sortfold.c,string,M21,configuration,MR01 MR02 MR03 MR04 MR05 MR06 MR07 MR08 MR09 MR10 MR11 MR12 MR13 MR14,MR06,True,MR06,True
H07-sortfold.c,string,M22,configuration,MR01 MR02 MR03 MR04 MR05 MR06 MR07 MR08 MR09 MR10 MR11 MR12 MR13 MR14,MR07,True,MR07,True
H07-sortfold.c,string,M23,state,MR01 MR02 MR03 MR04 MR05 MR06 MR07 MR08 MR09 MR10 MR11 MR12 MR13 MR14,MR13,True,MR13,True
H07-sortfold.c,string,M24,state,MR01 MR02 MR03 MR04 MR05 MR06 MR07 MR08 MR09 MR10 MR11 MR12 MR13 MR14,MR14,True,MR14,True
H07-sortfold.c,symbol,M01,embedding,MR01 MR02 MR03 MR04 MR05 MR06 MR07 MR09 MR10 MR11 MR12 MR13 MR14,MR01 MR05 MR06 MR07 MR12 MR13 MR14,True,MR01,False
H07-sortfold.c,symbol,M02,embedding,MR01 MR02 MR03 MR04 MR05 MR06 MR07 MR09 MR10 MR11 MR12 MR13 MR14,MR01 MR05 MR06 MR07 MR12 MR13 MR14,True,MR01,False
H07-sortfold.c,symbol,M03,embedding,MR01 MR02 MR03 MR04 MR05 MR06 MR07 MR09 MR10 MR11 MR12 MR13 MR14,MR01 MR05 MR06 MR07 MR12 MR13 MR14,True,MR01,False
H07-sortfold.c,symbol,M04,state,MR01 MR02 MR03 MR04 MR05 MR06 MR07 MR09 MR10 MR11 MR12 MR13 MR14,MR01 MR05 MR06 MR07 MR12 MR13 MR14,True,MR05,False
H07-sortfold.c,symbol,M05,normalization,MR01 MR02 MR03 MR04 MR05 MR06 MR07 MR09 MR10 MR11 MR12 MR13 MR14,MR01 MR05 MR06 MR07 MR12 MR13 MR14,True,MR01,False
H07-sortfold.c,symbol,M06,authentication,MR01 MR02 MR03 MR04 MR05 MR06 MR07 MR08 MR11 MR12 MR13 MR14,MR04,True,MR04,True
H07-sortfold.c,symbol,M07,artifact binding,MR01 MR02 MR03 MR04 MR05 MR06 MR07 MR08 MR09 MR10 MR11 MR12 MR13 MR14,MR03 MR08 MR09 MR10,True,MR08,False
H07-sortfold.c,symbol,M08,state,MR01 MR02 MR03 MR04 MR05 MR06 MR07 MR08 MR09 MR10 MR11 MR12 MR13 MR14,MR04 MR05 MR09 MR10 MR12 MR13,True,MR04,False
H07-sortfold.c,symbol,M09,false positive,MR01 MR02 MR03 MR04 MR05 MR06 MR07 MR08 MR09 MR10 MR11 MR12 MR13 MR14,MR03 MR04 MR09 MR10,True,MR03,False
H07-sortfold.c,symbol,M10,semantic corruption,MR01 MR02 MR03 MR04 MR05 MR06 MR07 MR08 MR09 MR10 MR11 MR12 MR13 MR14,MR02,True,MR02,True
H07-sortfold.c,symbol,M11,semantic corruption,MR01 MR02 MR03 MR04 MR05 MR06 MR07 MR08 MR09 MR10 MR11 MR12 MR13 MR14,MR02,True,MR02,True
H07-sortfold.c,symbol,M12,stage routing,MR01 MR02 MR03 MR04 MR05 MR06 MR07 MR09 MR10 MR11 MR12 MR13 MR14,MR01 MR05 MR06 MR07 MR12 MR13 MR14,True,MR01,False
H07-sortfold.c,symbol,M13,configuration,MR01 MR02 MR03 MR04 MR05 MR07 MR08 MR09 MR10 MR11 MR12 MR13 MR14,MR11,True,MR11,True
H07-sortfold.c,symbol,M14,configuration,MR01 MR02 MR03 MR04 MR05 MR08 MR09 MR10 MR11 MR12 MR13 MR14,MR11,True,MR11,True
H07-sortfold.c,symbol,M15,transformation,MR01 MR02 MR03 MR04 MR05 MR06 MR07 MR08 MR10 MR11 MR12 MR13 MR14,,False,MR09,False
H07-sortfold.c,symbol,M16,integrity,MR01 MR02 MR03 MR04 MR05 MR06 MR07 MR08 MR09 MR10 MR11 MR12 MR13 MR14,MR10,True,MR10,True
H07-sortfold.c,symbol,M17,artifact binding,MR01 MR02 MR03 MR04 MR05 MR06 MR07 MR08 MR09 MR10 MR11 MR12 MR13 MR14,MR08 MR09 MR10,True,MR08,False
H07-sortfold.c,symbol,M18,state,MR01 MR02 MR03 MR04 MR05 MR08 MR09 MR10 MR11 MR12 MR13 MR14,MR05 MR13,True,MR05,False
H07-sortfold.c,symbol,M19,extraction,MR01 MR02 MR03 MR05 MR06 MR07 MR11 MR12 MR13 MR14,MR01 MR05 MR06 MR07 MR12 MR13 MR14,True,MR01,False
H07-sortfold.c,symbol,M20,state,MR01 MR02 MR03 MR04 MR05 MR06 MR07 MR08 MR09 MR10 MR11 MR12 MR13 MR14,MR12,True,MR12,True
H07-sortfold.c,symbol,M21,configuration,MR01 MR02 MR03 MR04 MR05 MR06 MR07 MR08 MR09 MR10 MR11 MR12 MR13 MR14,MR06,True,MR06,True
H07-sortfold.c,symbol,M22,configuration,MR01 MR02 MR03 MR04 MR05 MR06 MR07 MR08 MR09 MR10 MR11 MR12 MR13 MR14,MR07,True,MR07,True
H07-sortfold.c,symbol,M23,state,MR01 MR02 MR03 MR04 MR05 MR06 MR07 MR08 MR09 MR10 MR11 MR12 MR13 MR14,MR13,True,MR13,True
H07-sortfold.c,symbol,M24,state,MR01 MR02 MR03 MR04 MR05 MR06 MR07 MR08 MR09 MR10 MR11 MR12 MR13 MR14,MR14,True,MR14,True
H08-statemachine.c,section,M01,embedding,MR01 MR02 MR03 MR04 MR05 MR06 MR07 MR09 MR10 MR11 MR12 MR13 MR14,MR01 MR05 MR06 MR07 MR12 MR13 MR14,True,MR01,False
H08-statemachine.c,section,M02,embedding,MR01 MR02 MR03 MR04 MR05 MR06 MR07 MR09 MR10 MR11 MR12 MR13 MR14,MR01 MR05 MR06 MR07 MR12 MR13 MR14,True,MR01,False
H08-statemachine.c,section,M03,embedding,MR01 MR02 MR03 MR04 MR05 MR06 MR07 MR09 MR10 MR11 MR12 MR13 MR14,MR01 MR05 MR06 MR07 MR12 MR13 MR14,True,MR01,False
H08-statemachine.c,section,M04,state,MR01 MR02 MR03 MR04 MR05 MR06 MR07 MR09 MR10 MR11 MR12 MR13 MR14,MR01 MR05 MR06 MR07 MR12 MR13 MR14,True,MR05,False
H08-statemachine.c,section,M05,normalization,MR01 MR02 MR03 MR04 MR05 MR06 MR07 MR09 MR10 MR11 MR12 MR13 MR14,MR01 MR05 MR06 MR07 MR12 MR13 MR14,True,MR01,False
H08-statemachine.c,section,M06,authentication,MR01 MR02 MR03 MR04 MR05 MR06 MR07 MR08 MR11 MR12 MR13 MR14,MR04,True,MR04,True
H08-statemachine.c,section,M07,artifact binding,MR01 MR02 MR03 MR04 MR05 MR06 MR07 MR08 MR09 MR10 MR11 MR12 MR13 MR14,MR03 MR08 MR09 MR10,True,MR08,False
H08-statemachine.c,section,M08,state,MR01 MR02 MR03 MR04 MR05 MR06 MR07 MR08 MR09 MR10 MR11 MR12 MR13 MR14,MR04 MR05 MR09 MR10 MR12 MR13,True,MR04,False
H08-statemachine.c,section,M09,false positive,MR01 MR02 MR03 MR04 MR05 MR06 MR07 MR08 MR09 MR10 MR11 MR12 MR13 MR14,MR03 MR04 MR09 MR10,True,MR03,False
H08-statemachine.c,section,M10,semantic corruption,MR01 MR02 MR03 MR04 MR05 MR06 MR07 MR08 MR09 MR10 MR11 MR12 MR13 MR14,MR02,True,MR02,True
H08-statemachine.c,section,M11,semantic corruption,MR01 MR02 MR03 MR04 MR05 MR06 MR07 MR08 MR09 MR10 MR11 MR12 MR13 MR14,MR02,True,MR02,True
H08-statemachine.c,section,M12,stage routing,MR01 MR02 MR03 MR04 MR05 MR06 MR07 MR09 MR10 MR11 MR12 MR13 MR14,MR01 MR05 MR06 MR07 MR12 MR13 MR14,True,MR01,False
H08-statemachine.c,section,M13,configuration,MR01 MR02 MR03 MR04 MR05 MR07 MR08 MR09 MR10 MR11 MR12 MR13 MR14,MR11,True,MR11,True
H08-statemachine.c,section,M14,configuration,MR01 MR02 MR03 MR04 MR05 MR08 MR09 MR10 MR11 MR12 MR13 MR14,MR11,True,MR11,True
H08-statemachine.c,section,M15,transformation,MR01 MR02 MR03 MR04 MR05 MR06 MR07 MR08 MR10 MR11 MR12 MR13 MR14,,False,MR09,False
H08-statemachine.c,section,M16,integrity,MR01 MR02 MR03 MR04 MR05 MR06 MR07 MR08 MR09 MR10 MR11 MR12 MR13 MR14,MR10,True,MR10,True
H08-statemachine.c,section,M17,artifact binding,MR01 MR02 MR03 MR04 MR05 MR06 MR07 MR08 MR09 MR10 MR11 MR12 MR13 MR14,MR08 MR09 MR10,True,MR08,False
H08-statemachine.c,section,M18,state,MR01 MR02 MR03 MR04 MR05 MR08 MR09 MR11 MR12 MR13 MR14,MR05 MR13,True,MR05,False
H08-statemachine.c,section,M19,extraction,MR01 MR02 MR03 MR05 MR06 MR07 MR11 MR12 MR13 MR14,MR01 MR05 MR06 MR07 MR12 MR13 MR14,True,MR01,False
H08-statemachine.c,section,M20,state,MR01 MR02 MR03 MR04 MR05 MR06 MR07 MR08 MR09 MR10 MR11 MR12 MR13 MR14,MR12,True,MR12,True
H08-statemachine.c,section,M21,configuration,MR01 MR02 MR03 MR04 MR05 MR06 MR07 MR08 MR09 MR10 MR11 MR12 MR13 MR14,MR06,True,MR06,True
H08-statemachine.c,section,M22,configuration,MR01 MR02 MR03 MR04 MR05 MR06 MR07 MR08 MR09 MR10 MR11 MR12 MR13 MR14,MR07,True,MR07,True
H08-statemachine.c,section,M23,state,MR01 MR02 MR03 MR04 MR05 MR06 MR07 MR08 MR09 MR10 MR11 MR12 MR13 MR14,MR13,True,MR13,True
H08-statemachine.c,section,M24,state,MR01 MR02 MR03 MR04 MR05 MR06 MR07 MR08 MR09 MR10 MR11 MR12 MR13 MR14,MR14,True,MR14,True
H08-statemachine.c,string,M01,embedding,MR01 MR02 MR03 MR04 MR05 MR06 MR07 MR09 MR10 MR11 MR12 MR13 MR14,MR01 MR05 MR06 MR07 MR12 MR13 MR14,True,MR01,False
H08-statemachine.c,string,M02,embedding,MR01 MR02 MR03 MR04 MR05 MR06 MR07 MR09 MR10 MR11 MR12 MR13 MR14,MR01 MR05 MR06 MR07 MR12 MR13 MR14,True,MR01,False
H08-statemachine.c,string,M03,embedding,MR01 MR02 MR03 MR04 MR05 MR06 MR07 MR09 MR10 MR11 MR12 MR13 MR14,MR01 MR05 MR06 MR07 MR12 MR13 MR14,True,MR01,False
H08-statemachine.c,string,M04,state,MR01 MR02 MR03 MR04 MR05 MR06 MR07 MR09 MR10 MR11 MR12 MR13 MR14,MR01 MR05 MR06 MR07 MR12 MR13 MR14,True,MR05,False
H08-statemachine.c,string,M05,normalization,MR01 MR02 MR03 MR04 MR05 MR06 MR07 MR09 MR10 MR11 MR12 MR13 MR14,MR01 MR05 MR06 MR07 MR12 MR13 MR14,True,MR01,False
H08-statemachine.c,string,M06,authentication,MR01 MR02 MR03 MR04 MR05 MR06 MR07 MR08 MR11 MR12 MR13 MR14,MR04,True,MR04,True
H08-statemachine.c,string,M07,artifact binding,MR01 MR02 MR03 MR04 MR05 MR06 MR07 MR08 MR09 MR10 MR11 MR12 MR13 MR14,MR03 MR08 MR09 MR10,True,MR08,False
H08-statemachine.c,string,M08,state,MR01 MR02 MR03 MR04 MR05 MR06 MR07 MR08 MR09 MR10 MR11 MR12 MR13 MR14,MR04 MR05 MR09 MR10 MR12 MR13,True,MR04,False
H08-statemachine.c,string,M09,false positive,MR01 MR02 MR03 MR04 MR05 MR06 MR07 MR08 MR09 MR10 MR11 MR12 MR13 MR14,MR03 MR04 MR09 MR10,True,MR03,False
H08-statemachine.c,string,M10,semantic corruption,MR01 MR02 MR03 MR04 MR05 MR06 MR07 MR08 MR09 MR10 MR11 MR12 MR13 MR14,MR02,True,MR02,True
H08-statemachine.c,string,M11,semantic corruption,MR01 MR02 MR03 MR04 MR05 MR06 MR07 MR08 MR09 MR10 MR11 MR12 MR13 MR14,MR02,True,MR02,True
H08-statemachine.c,string,M12,stage routing,MR01 MR02 MR03 MR04 MR05 MR06 MR07 MR09 MR10 MR11 MR12 MR13 MR14,MR01 MR05 MR06 MR07 MR12 MR13 MR14,True,MR01,False
H08-statemachine.c,string,M13,configuration,MR01 MR02 MR03 MR04 MR05 MR07 MR08 MR09 MR10 MR11 MR12 MR13 MR14,MR11,True,MR11,True
H08-statemachine.c,string,M14,configuration,MR01 MR02 MR03 MR04 MR05 MR08 MR09 MR10 MR11 MR12 MR13 MR14,MR11,True,MR11,True
H08-statemachine.c,string,M15,transformation,MR01 MR02 MR03 MR04 MR05 MR06 MR07 MR08 MR10 MR11 MR12 MR13 MR14,,False,MR09,False
H08-statemachine.c,string,M16,integrity,MR01 MR02 MR03 MR04 MR05 MR06 MR07 MR08 MR09 MR10 MR11 MR12 MR13 MR14,MR10,True,MR10,True
H08-statemachine.c,string,M17,artifact binding,MR01 MR02 MR03 MR04 MR05 MR06 MR07 MR08 MR09 MR10 MR11 MR12 MR13 MR14,MR08 MR09 MR10,True,MR08,False
H08-statemachine.c,string,M18,state,MR01 MR02 MR03 MR04 MR05 MR08 MR09 MR11 MR12 MR13 MR14,MR05 MR13,True,MR05,False
H08-statemachine.c,string,M19,extraction,MR01 MR02 MR03 MR05 MR06 MR07 MR11 MR12 MR13 MR14,MR01 MR05 MR06 MR07 MR12 MR13 MR14,True,MR01,False
H08-statemachine.c,string,M20,state,MR01 MR02 MR03 MR04 MR05 MR06 MR07 MR08 MR09 MR10 MR11 MR12 MR13 MR14,MR12,True,MR12,True
H08-statemachine.c,string,M21,configuration,MR01 MR02 MR03 MR04 MR05 MR06 MR07 MR08 MR09 MR10 MR11 MR12 MR13 MR14,MR06,True,MR06,True
H08-statemachine.c,string,M22,configuration,MR01 MR02 MR03 MR04 MR05 MR06 MR07 MR08 MR09 MR10 MR11 MR12 MR13 MR14,MR07,True,MR07,True
H08-statemachine.c,string,M23,state,MR01 MR02 MR03 MR04 MR05 MR06 MR07 MR08 MR09 MR10 MR11 MR12 MR13 MR14,MR13,True,MR13,True
H08-statemachine.c,string,M24,state,MR01 MR02 MR03 MR04 MR05 MR06 MR07 MR08 MR09 MR10 MR11 MR12 MR13 MR14,MR14,True,MR14,True
H08-statemachine.c,symbol,M01,embedding,MR01 MR02 MR03 MR04 MR05 MR06 MR07 MR09 MR10 MR11 MR12 MR13 MR14,MR01 MR05 MR06 MR07 MR12 MR13 MR14,True,MR01,False
H08-statemachine.c,symbol,M02,embedding,MR01 MR02 MR03 MR04 MR05 MR06 MR07 MR09 MR10 MR11 MR12 MR13 MR14,MR01 MR05 MR06 MR07 MR12 MR13 MR14,True,MR01,False
H08-statemachine.c,symbol,M03,embedding,MR01 MR02 MR03 MR04 MR05 MR06 MR07 MR09 MR10 MR11 MR12 MR13 MR14,MR01 MR05 MR06 MR07 MR12 MR13 MR14,True,MR01,False
H08-statemachine.c,symbol,M04,state,MR01 MR02 MR03 MR04 MR05 MR06 MR07 MR09 MR10 MR11 MR12 MR13 MR14,MR01 MR05 MR06 MR07 MR12 MR13 MR14,True,MR05,False
H08-statemachine.c,symbol,M05,normalization,MR01 MR02 MR03 MR04 MR05 MR06 MR07 MR09 MR10 MR11 MR12 MR13 MR14,MR01 MR05 MR06 MR07 MR12 MR13 MR14,True,MR01,False
H08-statemachine.c,symbol,M06,authentication,MR01 MR02 MR03 MR04 MR05 MR06 MR07 MR08 MR11 MR12 MR13 MR14,MR04,True,MR04,True
H08-statemachine.c,symbol,M07,artifact binding,MR01 MR02 MR03 MR04 MR05 MR06 MR07 MR08 MR09 MR10 MR11 MR12 MR13 MR14,MR03 MR08 MR09 MR10,True,MR08,False
H08-statemachine.c,symbol,M08,state,MR01 MR02 MR03 MR04 MR05 MR06 MR07 MR08 MR09 MR10 MR11 MR12 MR13 MR14,MR04 MR05 MR09 MR10 MR12 MR13,True,MR04,False
H08-statemachine.c,symbol,M09,false positive,MR01 MR02 MR03 MR04 MR05 MR06 MR07 MR08 MR09 MR10 MR11 MR12 MR13 MR14,MR03 MR04 MR09 MR10,True,MR03,False
H08-statemachine.c,symbol,M10,semantic corruption,MR01 MR02 MR03 MR04 MR05 MR06 MR07 MR08 MR09 MR10 MR11 MR12 MR13 MR14,MR02,True,MR02,True
H08-statemachine.c,symbol,M11,semantic corruption,MR01 MR02 MR03 MR04 MR05 MR06 MR07 MR08 MR09 MR10 MR11 MR12 MR13 MR14,MR02,True,MR02,True
H08-statemachine.c,symbol,M12,stage routing,MR01 MR02 MR03 MR04 MR05 MR06 MR07 MR09 MR10 MR11 MR12 MR13 MR14,MR01 MR05 MR06 MR07 MR12 MR13 MR14,True,MR01,False
H08-statemachine.c,symbol,M13,configuration,MR01 MR02 MR03 MR04 MR05 MR07 MR08 MR09 MR10 MR11 MR12 MR13 MR14,MR11,True,MR11,True
H08-statemachine.c,symbol,M14,configuration,MR01 MR02 MR03 MR04 MR05 MR08 MR09 MR10 MR11 MR12 MR13 MR14,MR11,True,MR11,True
H08-statemachine.c,symbol,M15,transformation,MR01 MR02 MR03 MR04 MR05 MR06 MR07 MR08 MR10 MR11 MR12 MR13 MR14,,False,MR09,False
H08-statemachine.c,symbol,M16,integrity,MR01 MR02 MR03 MR04 MR05 MR06 MR07 MR08 MR09 MR10 MR11 MR12 MR13 MR14,MR10,True,MR10,True
H08-statemachine.c,symbol,M17,artifact binding,MR01 MR02 MR03 MR04 MR05 MR06 MR07 MR08 MR09 MR10 MR11 MR12 MR13 MR14,MR08 MR09 MR10,True,MR08,False
H08-statemachine.c,symbol,M18,state,MR01 MR02 MR03 MR04 MR05 MR08 MR09 MR10 MR11 MR12 MR13 MR14,MR05 MR13,True,MR05,False
H08-statemachine.c,symbol,M19,extraction,MR01 MR02 MR03 MR05 MR06 MR07 MR11 MR12 MR13 MR14,MR01 MR05 MR06 MR07 MR12 MR13 MR14,True,MR01,False
H08-statemachine.c,symbol,M20,state,MR01 MR02 MR03 MR04 MR05 MR06 MR07 MR08 MR09 MR10 MR11 MR12 MR13 MR14,MR12,True,MR12,True
H08-statemachine.c,symbol,M21,configuration,MR01 MR02 MR03 MR04 MR05 MR06 MR07 MR08 MR09 MR10 MR11 MR12 MR13 MR14,MR06,True,MR06,True
H08-statemachine.c,symbol,M22,configuration,MR01 MR02 MR03 MR04 MR05 MR06 MR07 MR08 MR09 MR10 MR11 MR12 MR13 MR14,MR07,True,MR07,True
H08-statemachine.c,symbol,M23,state,MR01 MR02 MR03 MR04 MR05 MR06 MR07 MR08 MR09 MR10 MR11 MR12 MR13 MR14,MR13,True,MR13,True
H08-statemachine.c,symbol,M24,state,MR01 MR02 MR03 MR04 MR05 MR06 MR07 MR08 MR09 MR10 MR11 MR12 MR13 MR14,MR14,True,MR14,True
H09-matrix.c,section,M01,embedding,MR01 MR02 MR03 MR04 MR05 MR06 MR07 MR09 MR10 MR11 MR12 MR13 MR14,MR01 MR05 MR06 MR07 MR12 MR13 MR14,True,MR01,False
H09-matrix.c,section,M02,embedding,MR01 MR02 MR03 MR04 MR05 MR06 MR07 MR09 MR10 MR11 MR12 MR13 MR14,MR01 MR05 MR06 MR07 MR12 MR13 MR14,True,MR01,False
H09-matrix.c,section,M03,embedding,MR01 MR02 MR03 MR04 MR05 MR06 MR07 MR09 MR10 MR11 MR12 MR13 MR14,MR01 MR05 MR06 MR07 MR12 MR13 MR14,True,MR01,False
H09-matrix.c,section,M04,state,MR01 MR02 MR03 MR04 MR05 MR06 MR07 MR09 MR10 MR11 MR12 MR13 MR14,MR01 MR05 MR06 MR07 MR12 MR13 MR14,True,MR05,False
H09-matrix.c,section,M05,normalization,MR01 MR02 MR03 MR04 MR05 MR06 MR07 MR09 MR10 MR11 MR12 MR13 MR14,MR01 MR05 MR06 MR07 MR12 MR13 MR14,True,MR01,False
H09-matrix.c,section,M06,authentication,MR01 MR02 MR03 MR04 MR05 MR06 MR07 MR08 MR11 MR12 MR13 MR14,MR04,True,MR04,True
H09-matrix.c,section,M07,artifact binding,MR01 MR02 MR03 MR04 MR05 MR06 MR07 MR08 MR09 MR10 MR11 MR12 MR13 MR14,MR03 MR08 MR09 MR10,True,MR08,False
H09-matrix.c,section,M08,state,MR01 MR02 MR03 MR04 MR05 MR06 MR07 MR08 MR09 MR10 MR11 MR12 MR13 MR14,MR04 MR05 MR09 MR10 MR12 MR13,True,MR04,False
H09-matrix.c,section,M09,false positive,MR01 MR02 MR03 MR04 MR05 MR06 MR07 MR08 MR09 MR10 MR11 MR12 MR13 MR14,MR03 MR04 MR09 MR10,True,MR03,False
H09-matrix.c,section,M10,semantic corruption,MR01 MR02 MR03 MR04 MR05 MR06 MR07 MR08 MR09 MR10 MR11 MR12 MR13 MR14,MR02,True,MR02,True
H09-matrix.c,section,M11,semantic corruption,MR01 MR02 MR03 MR04 MR05 MR06 MR07 MR08 MR09 MR10 MR11 MR12 MR13 MR14,MR02,True,MR02,True
H09-matrix.c,section,M12,stage routing,MR01 MR02 MR03 MR04 MR05 MR06 MR07 MR09 MR10 MR11 MR12 MR13 MR14,MR01 MR05 MR06 MR07 MR12 MR13 MR14,True,MR01,False
H09-matrix.c,section,M13,configuration,MR01 MR02 MR03 MR04 MR05 MR07 MR08 MR09 MR10 MR11 MR12 MR13 MR14,MR11,True,MR11,True
H09-matrix.c,section,M14,configuration,MR01 MR02 MR03 MR04 MR05 MR08 MR09 MR10 MR11 MR12 MR13 MR14,MR11,True,MR11,True
H09-matrix.c,section,M15,transformation,MR01 MR02 MR03 MR04 MR05 MR06 MR07 MR08 MR10 MR11 MR12 MR13 MR14,,False,MR09,False
H09-matrix.c,section,M16,integrity,MR01 MR02 MR03 MR04 MR05 MR06 MR07 MR08 MR09 MR10 MR11 MR12 MR13 MR14,MR10,True,MR10,True
H09-matrix.c,section,M17,artifact binding,MR01 MR02 MR03 MR04 MR05 MR06 MR07 MR08 MR09 MR10 MR11 MR12 MR13 MR14,MR08 MR09 MR10,True,MR08,False
H09-matrix.c,section,M18,state,MR01 MR02 MR03 MR04 MR05 MR08 MR09 MR11 MR12 MR13 MR14,MR05 MR13,True,MR05,False
H09-matrix.c,section,M19,extraction,MR01 MR02 MR03 MR05 MR06 MR07 MR11 MR12 MR13 MR14,MR01 MR05 MR06 MR07 MR12 MR13 MR14,True,MR01,False
H09-matrix.c,section,M20,state,MR01 MR02 MR03 MR04 MR05 MR06 MR07 MR08 MR09 MR10 MR11 MR12 MR13 MR14,MR12,True,MR12,True
H09-matrix.c,section,M21,configuration,MR01 MR02 MR03 MR04 MR05 MR06 MR07 MR08 MR09 MR10 MR11 MR12 MR13 MR14,MR06,True,MR06,True
H09-matrix.c,section,M22,configuration,MR01 MR02 MR03 MR04 MR05 MR06 MR07 MR08 MR09 MR10 MR11 MR12 MR13 MR14,MR07,True,MR07,True
H09-matrix.c,section,M23,state,MR01 MR02 MR03 MR04 MR05 MR06 MR07 MR08 MR09 MR10 MR11 MR12 MR13 MR14,MR13,True,MR13,True
H09-matrix.c,section,M24,state,MR01 MR02 MR03 MR04 MR05 MR06 MR07 MR08 MR09 MR10 MR11 MR12 MR13 MR14,MR14,True,MR14,True
H09-matrix.c,string,M01,embedding,MR01 MR02 MR03 MR04 MR05 MR06 MR07 MR09 MR10 MR11 MR12 MR13 MR14,MR01 MR05 MR06 MR07 MR12 MR13 MR14,True,MR01,False
H09-matrix.c,string,M02,embedding,MR01 MR02 MR03 MR04 MR05 MR06 MR07 MR09 MR10 MR11 MR12 MR13 MR14,MR01 MR05 MR06 MR07 MR12 MR13 MR14,True,MR01,False
H09-matrix.c,string,M03,embedding,MR01 MR02 MR03 MR04 MR05 MR06 MR07 MR09 MR10 MR11 MR12 MR13 MR14,MR01 MR05 MR06 MR07 MR12 MR13 MR14,True,MR01,False
H09-matrix.c,string,M04,state,MR01 MR02 MR03 MR04 MR05 MR06 MR07 MR09 MR10 MR11 MR12 MR13 MR14,MR01 MR05 MR06 MR07 MR12 MR13 MR14,True,MR05,False
H09-matrix.c,string,M05,normalization,MR01 MR02 MR03 MR04 MR05 MR06 MR07 MR09 MR10 MR11 MR12 MR13 MR14,MR01 MR05 MR06 MR07 MR12 MR13 MR14,True,MR01,False
H09-matrix.c,string,M06,authentication,MR01 MR02 MR03 MR04 MR05 MR06 MR07 MR08 MR11 MR12 MR13 MR14,MR04,True,MR04,True
H09-matrix.c,string,M07,artifact binding,MR01 MR02 MR03 MR04 MR05 MR06 MR07 MR08 MR09 MR10 MR11 MR12 MR13 MR14,MR03 MR08 MR09 MR10,True,MR08,False
H09-matrix.c,string,M08,state,MR01 MR02 MR03 MR04 MR05 MR06 MR07 MR08 MR09 MR10 MR11 MR12 MR13 MR14,MR04 MR05 MR09 MR10 MR12 MR13,True,MR04,False
H09-matrix.c,string,M09,false positive,MR01 MR02 MR03 MR04 MR05 MR06 MR07 MR08 MR09 MR10 MR11 MR12 MR13 MR14,MR03 MR04 MR09 MR10,True,MR03,False
H09-matrix.c,string,M10,semantic corruption,MR01 MR02 MR03 MR04 MR05 MR06 MR07 MR08 MR09 MR10 MR11 MR12 MR13 MR14,MR02,True,MR02,True
H09-matrix.c,string,M11,semantic corruption,MR01 MR02 MR03 MR04 MR05 MR06 MR07 MR08 MR09 MR10 MR11 MR12 MR13 MR14,MR02,True,MR02,True
H09-matrix.c,string,M12,stage routing,MR01 MR02 MR03 MR04 MR05 MR06 MR07 MR09 MR10 MR11 MR12 MR13 MR14,MR01 MR05 MR06 MR07 MR12 MR13 MR14,True,MR01,False
H09-matrix.c,string,M13,configuration,MR01 MR02 MR03 MR04 MR05 MR07 MR08 MR09 MR10 MR11 MR12 MR13 MR14,MR11,True,MR11,True
H09-matrix.c,string,M14,configuration,MR01 MR02 MR03 MR04 MR05 MR08 MR09 MR10 MR11 MR12 MR13 MR14,MR11,True,MR11,True
H09-matrix.c,string,M15,transformation,MR01 MR02 MR03 MR04 MR05 MR06 MR07 MR08 MR10 MR11 MR12 MR13 MR14,,False,MR09,False
H09-matrix.c,string,M16,integrity,MR01 MR02 MR03 MR04 MR05 MR06 MR07 MR08 MR09 MR10 MR11 MR12 MR13 MR14,MR10,True,MR10,True
H09-matrix.c,string,M17,artifact binding,MR01 MR02 MR03 MR04 MR05 MR06 MR07 MR08 MR09 MR10 MR11 MR12 MR13 MR14,MR08 MR09 MR10,True,MR08,False
H09-matrix.c,string,M18,state,MR01 MR02 MR03 MR04 MR05 MR08 MR09 MR11 MR12 MR13 MR14,MR05 MR13,True,MR05,False
H09-matrix.c,string,M19,extraction,MR01 MR02 MR03 MR05 MR06 MR07 MR11 MR12 MR13 MR14,MR01 MR05 MR06 MR07 MR12 MR13 MR14,True,MR01,False
H09-matrix.c,string,M20,state,MR01 MR02 MR03 MR04 MR05 MR06 MR07 MR08 MR09 MR10 MR11 MR12 MR13 MR14,MR12,True,MR12,True
H09-matrix.c,string,M21,configuration,MR01 MR02 MR03 MR04 MR05 MR06 MR07 MR08 MR09 MR10 MR11 MR12 MR13 MR14,MR06,True,MR06,True
H09-matrix.c,string,M22,configuration,MR01 MR02 MR03 MR04 MR05 MR06 MR07 MR08 MR09 MR10 MR11 MR12 MR13 MR14,MR07,True,MR07,True
H09-matrix.c,string,M23,state,MR01 MR02 MR03 MR04 MR05 MR06 MR07 MR08 MR09 MR10 MR11 MR12 MR13 MR14,MR13,True,MR13,True
H09-matrix.c,string,M24,state,MR01 MR02 MR03 MR04 MR05 MR06 MR07 MR08 MR09 MR10 MR11 MR12 MR13 MR14,MR14,True,MR14,True
H09-matrix.c,symbol,M01,embedding,MR01 MR02 MR03 MR04 MR05 MR06 MR07 MR09 MR10 MR11 MR12 MR13 MR14,MR01 MR05 MR06 MR07 MR12 MR13 MR14,True,MR01,False
H09-matrix.c,symbol,M02,embedding,MR01 MR02 MR03 MR04 MR05 MR06 MR07 MR09 MR10 MR11 MR12 MR13 MR14,MR01 MR05 MR06 MR07 MR12 MR13 MR14,True,MR01,False
H09-matrix.c,symbol,M03,embedding,MR01 MR02 MR03 MR04 MR05 MR06 MR07 MR09 MR10 MR11 MR12 MR13 MR14,MR01 MR05 MR06 MR07 MR12 MR13 MR14,True,MR01,False
H09-matrix.c,symbol,M04,state,MR01 MR02 MR03 MR04 MR05 MR06 MR07 MR09 MR10 MR11 MR12 MR13 MR14,MR01 MR05 MR06 MR07 MR12 MR13 MR14,True,MR05,False
H09-matrix.c,symbol,M05,normalization,MR01 MR02 MR03 MR04 MR05 MR06 MR07 MR09 MR10 MR11 MR12 MR13 MR14,MR01 MR05 MR06 MR07 MR12 MR13 MR14,True,MR01,False
H09-matrix.c,symbol,M06,authentication,MR01 MR02 MR03 MR04 MR05 MR06 MR07 MR08 MR11 MR12 MR13 MR14,MR04,True,MR04,True
H09-matrix.c,symbol,M07,artifact binding,MR01 MR02 MR03 MR04 MR05 MR06 MR07 MR08 MR09 MR10 MR11 MR12 MR13 MR14,MR03 MR08 MR09 MR10,True,MR08,False
H09-matrix.c,symbol,M08,state,MR01 MR02 MR03 MR04 MR05 MR06 MR07 MR08 MR09 MR10 MR11 MR12 MR13 MR14,MR04 MR05 MR09 MR10 MR12 MR13,True,MR04,False
H09-matrix.c,symbol,M09,false positive,MR01 MR02 MR03 MR04 MR05 MR06 MR07 MR08 MR09 MR10 MR11 MR12 MR13 MR14,MR03 MR04 MR09 MR10,True,MR03,False
H09-matrix.c,symbol,M10,semantic corruption,MR01 MR02 MR03 MR04 MR05 MR06 MR07 MR08 MR09 MR10 MR11 MR12 MR13 MR14,MR02,True,MR02,True
H09-matrix.c,symbol,M11,semantic corruption,MR01 MR02 MR03 MR04 MR05 MR06 MR07 MR08 MR09 MR10 MR11 MR12 MR13 MR14,MR02,True,MR02,True
H09-matrix.c,symbol,M12,stage routing,MR01 MR02 MR03 MR04 MR05 MR06 MR07 MR09 MR10 MR11 MR12 MR13 MR14,MR01 MR05 MR06 MR07 MR12 MR13 MR14,True,MR01,False
H09-matrix.c,symbol,M13,configuration,MR01 MR02 MR03 MR04 MR05 MR07 MR08 MR09 MR10 MR11 MR12 MR13 MR14,MR11,True,MR11,True
H09-matrix.c,symbol,M14,configuration,MR01 MR02 MR03 MR04 MR05 MR08 MR09 MR10 MR11 MR12 MR13 MR14,MR11,True,MR11,True
H09-matrix.c,symbol,M15,transformation,MR01 MR02 MR03 MR04 MR05 MR06 MR07 MR08 MR10 MR11 MR12 MR13 MR14,,False,MR09,False
H09-matrix.c,symbol,M16,integrity,MR01 MR02 MR03 MR04 MR05 MR06 MR07 MR08 MR09 MR10 MR11 MR12 MR13 MR14,MR10,True,MR10,True
H09-matrix.c,symbol,M17,artifact binding,MR01 MR02 MR03 MR04 MR05 MR06 MR07 MR08 MR09 MR10 MR11 MR12 MR13 MR14,MR08 MR09 MR10,True,MR08,False
H09-matrix.c,symbol,M18,state,MR01 MR02 MR03 MR04 MR05 MR08 MR09 MR10 MR11 MR12 MR13 MR14,MR05 MR13,True,MR05,False
H09-matrix.c,symbol,M19,extraction,MR01 MR02 MR03 MR05 MR06 MR07 MR11 MR12 MR13 MR14,MR01 MR05 MR06 MR07 MR12 MR13 MR14,True,MR01,False
H09-matrix.c,symbol,M20,state,MR01 MR02 MR03 MR04 MR05 MR06 MR07 MR08 MR09 MR10 MR11 MR12 MR13 MR14,MR12,True,MR12,True
H09-matrix.c,symbol,M21,configuration,MR01 MR02 MR03 MR04 MR05 MR06 MR07 MR08 MR09 MR10 MR11 MR12 MR13 MR14,MR06,True,MR06,True
H09-matrix.c,symbol,M22,configuration,MR01 MR02 MR03 MR04 MR05 MR06 MR07 MR08 MR09 MR10 MR11 MR12 MR13 MR14,MR07,True,MR07,True
H09-matrix.c,symbol,M23,state,MR01 MR02 MR03 MR04 MR05 MR06 MR07 MR08 MR09 MR10 MR11 MR12 MR13 MR14,MR13,True,MR13,True
H09-matrix.c,symbol,M24,state,MR01 MR02 MR03 MR04 MR05 MR06 MR07 MR08 MR09 MR10 MR11 MR12 MR13 MR14,MR14,True,MR14,True
H10-parser.c,section,M01,embedding,MR01 MR02 MR03 MR04 MR05 MR06 MR07 MR09 MR10 MR11 MR12 MR13 MR14,MR01 MR05 MR06 MR07 MR12 MR13 MR14,True,MR01,False
H10-parser.c,section,M02,embedding,MR01 MR02 MR03 MR04 MR05 MR06 MR07 MR09 MR10 MR11 MR12 MR13 MR14,MR01 MR05 MR06 MR07 MR12 MR13 MR14,True,MR01,False
H10-parser.c,section,M03,embedding,MR01 MR02 MR03 MR04 MR05 MR06 MR07 MR09 MR10 MR11 MR12 MR13 MR14,MR01 MR05 MR06 MR07 MR12 MR13 MR14,True,MR01,False
H10-parser.c,section,M04,state,MR01 MR02 MR03 MR04 MR05 MR06 MR07 MR09 MR10 MR11 MR12 MR13 MR14,MR01 MR05 MR06 MR07 MR12 MR13 MR14,True,MR05,False
H10-parser.c,section,M05,normalization,MR01 MR02 MR03 MR04 MR05 MR06 MR07 MR09 MR10 MR11 MR12 MR13 MR14,MR01 MR05 MR06 MR07 MR12 MR13 MR14,True,MR01,False
H10-parser.c,section,M06,authentication,MR01 MR02 MR03 MR04 MR05 MR06 MR07 MR08 MR11 MR12 MR13 MR14,MR04,True,MR04,True
H10-parser.c,section,M07,artifact binding,MR01 MR02 MR03 MR04 MR05 MR06 MR07 MR08 MR09 MR10 MR11 MR12 MR13 MR14,MR03 MR08 MR09 MR10,True,MR08,False
H10-parser.c,section,M08,state,MR01 MR02 MR03 MR04 MR05 MR06 MR07 MR08 MR09 MR10 MR11 MR12 MR13 MR14,MR04 MR05 MR09 MR10 MR12 MR13,True,MR04,False
H10-parser.c,section,M09,false positive,MR01 MR02 MR03 MR04 MR05 MR06 MR07 MR08 MR09 MR10 MR11 MR12 MR13 MR14,MR03 MR04 MR09 MR10,True,MR03,False
H10-parser.c,section,M10,semantic corruption,MR01 MR02 MR03 MR04 MR05 MR06 MR07 MR08 MR09 MR10 MR11 MR12 MR13 MR14,MR02,True,MR02,True
H10-parser.c,section,M11,semantic corruption,MR01 MR02 MR03 MR04 MR05 MR06 MR07 MR08 MR09 MR10 MR11 MR12 MR13 MR14,MR02,True,MR02,True
H10-parser.c,section,M12,stage routing,MR01 MR02 MR03 MR04 MR05 MR06 MR07 MR09 MR10 MR11 MR12 MR13 MR14,MR01 MR05 MR06 MR07 MR12 MR13 MR14,True,MR01,False
H10-parser.c,section,M13,configuration,MR01 MR02 MR03 MR04 MR05 MR07 MR08 MR09 MR10 MR11 MR12 MR13 MR14,MR11,True,MR11,True
H10-parser.c,section,M14,configuration,MR01 MR02 MR03 MR04 MR05 MR08 MR09 MR10 MR11 MR12 MR13 MR14,MR11,True,MR11,True
H10-parser.c,section,M15,transformation,MR01 MR02 MR03 MR04 MR05 MR06 MR07 MR08 MR10 MR11 MR12 MR13 MR14,,False,MR09,False
H10-parser.c,section,M16,integrity,MR01 MR02 MR03 MR04 MR05 MR06 MR07 MR08 MR09 MR10 MR11 MR12 MR13 MR14,MR10,True,MR10,True
H10-parser.c,section,M17,artifact binding,MR01 MR02 MR03 MR04 MR05 MR06 MR07 MR08 MR09 MR10 MR11 MR12 MR13 MR14,MR08 MR09 MR10,True,MR08,False
H10-parser.c,section,M18,state,MR01 MR02 MR03 MR04 MR05 MR08 MR09 MR11 MR12 MR13 MR14,MR05 MR13,True,MR05,False
H10-parser.c,section,M19,extraction,MR01 MR02 MR03 MR05 MR06 MR07 MR11 MR12 MR13 MR14,MR01 MR05 MR06 MR07 MR12 MR13 MR14,True,MR01,False
H10-parser.c,section,M20,state,MR01 MR02 MR03 MR04 MR05 MR06 MR07 MR08 MR09 MR10 MR11 MR12 MR13 MR14,MR12,True,MR12,True
H10-parser.c,section,M21,configuration,MR01 MR02 MR03 MR04 MR05 MR06 MR07 MR08 MR09 MR10 MR11 MR12 MR13 MR14,MR06,True,MR06,True
H10-parser.c,section,M22,configuration,MR01 MR02 MR03 MR04 MR05 MR06 MR07 MR08 MR09 MR10 MR11 MR12 MR13 MR14,MR07,True,MR07,True
H10-parser.c,section,M23,state,MR01 MR02 MR03 MR04 MR05 MR06 MR07 MR08 MR09 MR10 MR11 MR12 MR13 MR14,MR13,True,MR13,True
H10-parser.c,section,M24,state,MR01 MR02 MR03 MR04 MR05 MR06 MR07 MR08 MR09 MR10 MR11 MR12 MR13 MR14,MR14,True,MR14,True
H10-parser.c,string,M01,embedding,MR01 MR02 MR03 MR04 MR05 MR06 MR07 MR09 MR10 MR11 MR12 MR13 MR14,MR01 MR05 MR06 MR07 MR12 MR13 MR14,True,MR01,False
H10-parser.c,string,M02,embedding,MR01 MR02 MR03 MR04 MR05 MR06 MR07 MR09 MR10 MR11 MR12 MR13 MR14,MR01 MR05 MR06 MR07 MR12 MR13 MR14,True,MR01,False
H10-parser.c,string,M03,embedding,MR01 MR02 MR03 MR04 MR05 MR06 MR07 MR09 MR10 MR11 MR12 MR13 MR14,MR01 MR05 MR06 MR07 MR12 MR13 MR14,True,MR01,False
H10-parser.c,string,M04,state,MR01 MR02 MR03 MR04 MR05 MR06 MR07 MR09 MR10 MR11 MR12 MR13 MR14,MR01 MR05 MR06 MR07 MR12 MR13 MR14,True,MR05,False
H10-parser.c,string,M05,normalization,MR01 MR02 MR03 MR04 MR05 MR06 MR07 MR09 MR10 MR11 MR12 MR13 MR14,MR01 MR05 MR06 MR07 MR12 MR13 MR14,True,MR01,False
H10-parser.c,string,M06,authentication,MR01 MR02 MR03 MR04 MR05 MR06 MR07 MR08 MR11 MR12 MR13 MR14,MR04,True,MR04,True
H10-parser.c,string,M07,artifact binding,MR01 MR02 MR03 MR04 MR05 MR06 MR07 MR08 MR09 MR10 MR11 MR12 MR13 MR14,MR03 MR08 MR09 MR10,True,MR08,False
H10-parser.c,string,M08,state,MR01 MR02 MR03 MR04 MR05 MR06 MR07 MR08 MR09 MR10 MR11 MR12 MR13 MR14,MR04 MR05 MR09 MR10 MR12 MR13,True,MR04,False
H10-parser.c,string,M09,false positive,MR01 MR02 MR03 MR04 MR05 MR06 MR07 MR08 MR09 MR10 MR11 MR12 MR13 MR14,MR03 MR04 MR09 MR10,True,MR03,False
H10-parser.c,string,M10,semantic corruption,MR01 MR02 MR03 MR04 MR05 MR06 MR07 MR08 MR09 MR10 MR11 MR12 MR13 MR14,MR02,True,MR02,True
H10-parser.c,string,M11,semantic corruption,MR01 MR02 MR03 MR04 MR05 MR06 MR07 MR08 MR09 MR10 MR11 MR12 MR13 MR14,MR02,True,MR02,True
H10-parser.c,string,M12,stage routing,MR01 MR02 MR03 MR04 MR05 MR06 MR07 MR09 MR10 MR11 MR12 MR13 MR14,MR01 MR05 MR06 MR07 MR12 MR13 MR14,True,MR01,False
H10-parser.c,string,M13,configuration,MR01 MR02 MR03 MR04 MR05 MR07 MR08 MR09 MR10 MR11 MR12 MR13 MR14,MR11,True,MR11,True
H10-parser.c,string,M14,configuration,MR01 MR02 MR03 MR04 MR05 MR08 MR09 MR10 MR11 MR12 MR13 MR14,MR11,True,MR11,True
H10-parser.c,string,M15,transformation,MR01 MR02 MR03 MR04 MR05 MR06 MR07 MR08 MR10 MR11 MR12 MR13 MR14,,False,MR09,False
H10-parser.c,string,M16,integrity,MR01 MR02 MR03 MR04 MR05 MR06 MR07 MR08 MR09 MR10 MR11 MR12 MR13 MR14,MR10,True,MR10,True
H10-parser.c,string,M17,artifact binding,MR01 MR02 MR03 MR04 MR05 MR06 MR07 MR08 MR09 MR10 MR11 MR12 MR13 MR14,MR08 MR09 MR10,True,MR08,False
H10-parser.c,string,M18,state,MR01 MR02 MR03 MR04 MR05 MR08 MR09 MR11 MR12 MR13 MR14,MR05 MR13,True,MR05,False
H10-parser.c,string,M19,extraction,MR01 MR02 MR03 MR05 MR06 MR07 MR11 MR12 MR13 MR14,MR01 MR05 MR06 MR07 MR12 MR13 MR14,True,MR01,False
H10-parser.c,string,M20,state,MR01 MR02 MR03 MR04 MR05 MR06 MR07 MR08 MR09 MR10 MR11 MR12 MR13 MR14,MR12,True,MR12,True
H10-parser.c,string,M21,configuration,MR01 MR02 MR03 MR04 MR05 MR06 MR07 MR08 MR09 MR10 MR11 MR12 MR13 MR14,MR06,True,MR06,True
H10-parser.c,string,M22,configuration,MR01 MR02 MR03 MR04 MR05 MR06 MR07 MR08 MR09 MR10 MR11 MR12 MR13 MR14,MR07,True,MR07,True
H10-parser.c,string,M23,state,MR01 MR02 MR03 MR04 MR05 MR06 MR07 MR08 MR09 MR10 MR11 MR12 MR13 MR14,MR13,True,MR13,True
H10-parser.c,string,M24,state,MR01 MR02 MR03 MR04 MR05 MR06 MR07 MR08 MR09 MR10 MR11 MR12 MR13 MR14,MR14,True,MR14,True
H10-parser.c,symbol,M01,embedding,MR01 MR02 MR03 MR04 MR05 MR06 MR07 MR09 MR10 MR11 MR12 MR13 MR14,MR01 MR05 MR06 MR07 MR12 MR13 MR14,True,MR01,False
H10-parser.c,symbol,M02,embedding,MR01 MR02 MR03 MR04 MR05 MR06 MR07 MR09 MR10 MR11 MR12 MR13 MR14,MR01 MR05 MR06 MR07 MR12 MR13 MR14,True,MR01,False
H10-parser.c,symbol,M03,embedding,MR01 MR02 MR03 MR04 MR05 MR06 MR07 MR09 MR10 MR11 MR12 MR13 MR14,MR01 MR05 MR06 MR07 MR12 MR13 MR14,True,MR01,False
H10-parser.c,symbol,M04,state,MR01 MR02 MR03 MR04 MR05 MR06 MR07 MR09 MR10 MR11 MR12 MR13 MR14,MR01 MR05 MR06 MR07 MR12 MR13 MR14,True,MR05,False
H10-parser.c,symbol,M05,normalization,MR01 MR02 MR03 MR04 MR05 MR06 MR07 MR09 MR10 MR11 MR12 MR13 MR14,MR01 MR05 MR06 MR07 MR12 MR13 MR14,True,MR01,False
H10-parser.c,symbol,M06,authentication,MR01 MR02 MR03 MR04 MR05 MR06 MR07 MR08 MR11 MR12 MR13 MR14,MR04,True,MR04,True
H10-parser.c,symbol,M07,artifact binding,MR01 MR02 MR03 MR04 MR05 MR06 MR07 MR08 MR09 MR10 MR11 MR12 MR13 MR14,MR03 MR08 MR09 MR10,True,MR08,False
H10-parser.c,symbol,M08,state,MR01 MR02 MR03 MR04 MR05 MR06 MR07 MR08 MR09 MR10 MR11 MR12 MR13 MR14,MR04 MR05 MR09 MR10 MR12 MR13,True,MR04,False
H10-parser.c,symbol,M09,false positive,MR01 MR02 MR03 MR04 MR05 MR06 MR07 MR08 MR09 MR10 MR11 MR12 MR13 MR14,MR03 MR04 MR09 MR10,True,MR03,False
H10-parser.c,symbol,M10,semantic corruption,MR01 MR02 MR03 MR04 MR05 MR06 MR07 MR08 MR09 MR10 MR11 MR12 MR13 MR14,MR02,True,MR02,True
H10-parser.c,symbol,M11,semantic corruption,MR01 MR02 MR03 MR04 MR05 MR06 MR07 MR08 MR09 MR10 MR11 MR12 MR13 MR14,MR02,True,MR02,True
H10-parser.c,symbol,M12,stage routing,MR01 MR02 MR03 MR04 MR05 MR06 MR07 MR09 MR10 MR11 MR12 MR13 MR14,MR01 MR05 MR06 MR07 MR12 MR13 MR14,True,MR01,False
H10-parser.c,symbol,M13,configuration,MR01 MR02 MR03 MR04 MR05 MR07 MR08 MR09 MR10 MR11 MR12 MR13 MR14,MR11,True,MR11,True
H10-parser.c,symbol,M14,configuration,MR01 MR02 MR03 MR04 MR05 MR08 MR09 MR10 MR11 MR12 MR13 MR14,MR11,True,MR11,True
H10-parser.c,symbol,M15,transformation,MR01 MR02 MR03 MR04 MR05 MR06 MR07 MR08 MR10 MR11 MR12 MR13 MR14,,False,MR09,False
H10-parser.c,symbol,M16,integrity,MR01 MR02 MR03 MR04 MR05 MR06 MR07 MR08 MR09 MR10 MR11 MR12 MR13 MR14,MR10,True,MR10,True
H10-parser.c,symbol,M17,artifact binding,MR01 MR02 MR03 MR04 MR05 MR06 MR07 MR08 MR09 MR10 MR11 MR12 MR13 MR14,MR08 MR09 MR10,True,MR08,False
H10-parser.c,symbol,M18,state,MR01 MR02 MR03 MR04 MR05 MR08 MR09 MR10 MR11 MR12 MR13 MR14,MR05 MR13,True,MR05,False
H10-parser.c,symbol,M19,extraction,MR01 MR02 MR03 MR05 MR06 MR07 MR11 MR12 MR13 MR14,MR01 MR05 MR06 MR07 MR12 MR13 MR14,True,MR01,False
H10-parser.c,symbol,M20,state,MR01 MR02 MR03 MR04 MR05 MR06 MR07 MR08 MR09 MR10 MR11 MR12 MR13 MR14,MR12,True,MR12,True
H10-parser.c,symbol,M21,configuration,MR01 MR02 MR03 MR04 MR05 MR06 MR07 MR08 MR09 MR10 MR11 MR12 MR13 MR14,MR06,True,MR06,True
H10-parser.c,symbol,M22,configuration,MR01 MR02 MR03 MR04 MR05 MR06 MR07 MR08 MR09 MR10 MR11 MR12 MR13 MR14,MR07,True,MR07,True
H10-parser.c,symbol,M23,state,MR01 MR02 MR03 MR04 MR05 MR06 MR07 MR08 MR09 MR10 MR11 MR12 MR13 MR14,MR13,True,MR13,True
H10-parser.c,symbol,M24,state,MR01 MR02 MR03 MR04 MR05 MR06 MR07 MR08 MR09 MR10 MR11 MR12 MR13 MR14,MR14,True,MR14,True
H11-popcount.c,section,M01,embedding,MR01 MR02 MR03 MR04 MR05 MR06 MR07 MR09 MR10 MR11 MR12 MR13 MR14,MR01 MR05 MR06 MR07 MR12 MR13 MR14,True,MR01,False
H11-popcount.c,section,M02,embedding,MR01 MR02 MR03 MR04 MR05 MR06 MR07 MR09 MR10 MR11 MR12 MR13 MR14,MR01 MR05 MR06 MR07 MR12 MR13 MR14,True,MR01,False
H11-popcount.c,section,M03,embedding,MR01 MR02 MR03 MR04 MR05 MR06 MR07 MR09 MR10 MR11 MR12 MR13 MR14,MR01 MR05 MR06 MR07 MR12 MR13 MR14,True,MR01,False
H11-popcount.c,section,M04,state,MR01 MR02 MR03 MR04 MR05 MR06 MR07 MR09 MR10 MR11 MR12 MR13 MR14,MR01 MR05 MR06 MR07 MR12 MR13 MR14,True,MR05,False
H11-popcount.c,section,M05,normalization,MR01 MR02 MR03 MR04 MR05 MR06 MR07 MR09 MR10 MR11 MR12 MR13 MR14,MR01 MR05 MR06 MR07 MR12 MR13 MR14,True,MR01,False
H11-popcount.c,section,M06,authentication,MR01 MR02 MR03 MR04 MR05 MR06 MR07 MR08 MR11 MR12 MR13 MR14,MR04,True,MR04,True
H11-popcount.c,section,M07,artifact binding,MR01 MR02 MR03 MR04 MR05 MR06 MR07 MR08 MR09 MR10 MR11 MR12 MR13 MR14,MR03 MR08 MR09 MR10,True,MR08,False
H11-popcount.c,section,M08,state,MR01 MR02 MR03 MR04 MR05 MR06 MR07 MR08 MR09 MR10 MR11 MR12 MR13 MR14,MR04 MR05 MR09 MR10 MR12 MR13,True,MR04,False
H11-popcount.c,section,M09,false positive,MR01 MR02 MR03 MR04 MR05 MR06 MR07 MR08 MR09 MR10 MR11 MR12 MR13 MR14,MR03 MR04 MR09 MR10,True,MR03,False
H11-popcount.c,section,M10,semantic corruption,MR01 MR02 MR03 MR04 MR05 MR06 MR07 MR08 MR09 MR10 MR11 MR12 MR13 MR14,MR02,True,MR02,True
H11-popcount.c,section,M11,semantic corruption,MR01 MR02 MR03 MR04 MR05 MR06 MR07 MR08 MR09 MR10 MR11 MR12 MR13 MR14,MR02,True,MR02,True
H11-popcount.c,section,M12,stage routing,MR01 MR02 MR03 MR04 MR05 MR06 MR07 MR09 MR10 MR11 MR12 MR13 MR14,MR01 MR05 MR06 MR07 MR12 MR13 MR14,True,MR01,False
H11-popcount.c,section,M13,configuration,MR01 MR02 MR03 MR04 MR05 MR07 MR08 MR09 MR10 MR11 MR12 MR13 MR14,MR11,True,MR11,True
H11-popcount.c,section,M14,configuration,MR01 MR02 MR03 MR04 MR05 MR08 MR09 MR10 MR11 MR12 MR13 MR14,MR11,True,MR11,True
H11-popcount.c,section,M15,transformation,MR01 MR02 MR03 MR04 MR05 MR06 MR07 MR08 MR10 MR11 MR12 MR13 MR14,,False,MR09,False
H11-popcount.c,section,M16,integrity,MR01 MR02 MR03 MR04 MR05 MR06 MR07 MR08 MR09 MR10 MR11 MR12 MR13 MR14,MR10,True,MR10,True
H11-popcount.c,section,M17,artifact binding,MR01 MR02 MR03 MR04 MR05 MR06 MR07 MR08 MR09 MR10 MR11 MR12 MR13 MR14,MR08 MR09 MR10,True,MR08,False
H11-popcount.c,section,M18,state,MR01 MR02 MR03 MR04 MR05 MR08 MR09 MR11 MR12 MR13 MR14,MR05 MR13,True,MR05,False
H11-popcount.c,section,M19,extraction,MR01 MR02 MR03 MR05 MR06 MR07 MR11 MR12 MR13 MR14,MR01 MR05 MR06 MR07 MR12 MR13 MR14,True,MR01,False
H11-popcount.c,section,M20,state,MR01 MR02 MR03 MR04 MR05 MR06 MR07 MR08 MR09 MR10 MR11 MR12 MR13 MR14,MR12,True,MR12,True
H11-popcount.c,section,M21,configuration,MR01 MR02 MR03 MR04 MR05 MR06 MR07 MR08 MR09 MR10 MR11 MR12 MR13 MR14,MR06,True,MR06,True
H11-popcount.c,section,M22,configuration,MR01 MR02 MR03 MR04 MR05 MR06 MR07 MR08 MR09 MR10 MR11 MR12 MR13 MR14,MR07,True,MR07,True
H11-popcount.c,section,M23,state,MR01 MR02 MR03 MR04 MR05 MR06 MR07 MR08 MR09 MR10 MR11 MR12 MR13 MR14,MR13,True,MR13,True
H11-popcount.c,section,M24,state,MR01 MR02 MR03 MR04 MR05 MR06 MR07 MR08 MR09 MR10 MR11 MR12 MR13 MR14,MR14,True,MR14,True
H11-popcount.c,string,M01,embedding,MR01 MR02 MR03 MR04 MR05 MR06 MR07 MR09 MR10 MR11 MR12 MR13 MR14,MR01 MR05 MR06 MR07 MR12 MR13 MR14,True,MR01,False
H11-popcount.c,string,M02,embedding,MR01 MR02 MR03 MR04 MR05 MR06 MR07 MR09 MR10 MR11 MR12 MR13 MR14,MR01 MR05 MR06 MR07 MR12 MR13 MR14,True,MR01,False
H11-popcount.c,string,M03,embedding,MR01 MR02 MR03 MR04 MR05 MR06 MR07 MR09 MR10 MR11 MR12 MR13 MR14,MR01 MR05 MR06 MR07 MR12 MR13 MR14,True,MR01,False
H11-popcount.c,string,M04,state,MR01 MR02 MR03 MR04 MR05 MR06 MR07 MR09 MR10 MR11 MR12 MR13 MR14,MR01 MR05 MR06 MR07 MR12 MR13 MR14,True,MR05,False
H11-popcount.c,string,M05,normalization,MR01 MR02 MR03 MR04 MR05 MR06 MR07 MR09 MR10 MR11 MR12 MR13 MR14,MR01 MR05 MR06 MR07 MR12 MR13 MR14,True,MR01,False
H11-popcount.c,string,M06,authentication,MR01 MR02 MR03 MR04 MR05 MR06 MR07 MR08 MR11 MR12 MR13 MR14,MR04,True,MR04,True
H11-popcount.c,string,M07,artifact binding,MR01 MR02 MR03 MR04 MR05 MR06 MR07 MR08 MR09 MR10 MR11 MR12 MR13 MR14,MR03 MR08 MR09 MR10,True,MR08,False
H11-popcount.c,string,M08,state,MR01 MR02 MR03 MR04 MR05 MR06 MR07 MR08 MR09 MR10 MR11 MR12 MR13 MR14,MR04 MR05 MR09 MR10 MR12 MR13,True,MR04,False
H11-popcount.c,string,M09,false positive,MR01 MR02 MR03 MR04 MR05 MR06 MR07 MR08 MR09 MR10 MR11 MR12 MR13 MR14,MR03 MR04 MR09 MR10,True,MR03,False
H11-popcount.c,string,M10,semantic corruption,MR01 MR02 MR03 MR04 MR05 MR06 MR07 MR08 MR09 MR10 MR11 MR12 MR13 MR14,MR02,True,MR02,True
H11-popcount.c,string,M11,semantic corruption,MR01 MR02 MR03 MR04 MR05 MR06 MR07 MR08 MR09 MR10 MR11 MR12 MR13 MR14,MR02,True,MR02,True
H11-popcount.c,string,M12,stage routing,MR01 MR02 MR03 MR04 MR05 MR06 MR07 MR09 MR10 MR11 MR12 MR13 MR14,MR01 MR05 MR06 MR07 MR12 MR13 MR14,True,MR01,False
H11-popcount.c,string,M13,configuration,MR01 MR02 MR03 MR04 MR05 MR07 MR08 MR09 MR10 MR11 MR12 MR13 MR14,MR11,True,MR11,True
H11-popcount.c,string,M14,configuration,MR01 MR02 MR03 MR04 MR05 MR08 MR09 MR10 MR11 MR12 MR13 MR14,MR11,True,MR11,True
H11-popcount.c,string,M15,transformation,MR01 MR02 MR03 MR04 MR05 MR06 MR07 MR08 MR10 MR11 MR12 MR13 MR14,,False,MR09,False
H11-popcount.c,string,M16,integrity,MR01 MR02 MR03 MR04 MR05 MR06 MR07 MR08 MR09 MR10 MR11 MR12 MR13 MR14,MR10,True,MR10,True
H11-popcount.c,string,M17,artifact binding,MR01 MR02 MR03 MR04 MR05 MR06 MR07 MR08 MR09 MR10 MR11 MR12 MR13 MR14,MR08 MR09 MR10,True,MR08,False
H11-popcount.c,string,M18,state,MR01 MR02 MR03 MR04 MR05 MR08 MR09 MR11 MR12 MR13 MR14,MR05 MR13,True,MR05,False
H11-popcount.c,string,M19,extraction,MR01 MR02 MR03 MR05 MR06 MR07 MR11 MR12 MR13 MR14,MR01 MR05 MR06 MR07 MR12 MR13 MR14,True,MR01,False
H11-popcount.c,string,M20,state,MR01 MR02 MR03 MR04 MR05 MR06 MR07 MR08 MR09 MR10 MR11 MR12 MR13 MR14,MR12,True,MR12,True
H11-popcount.c,string,M21,configuration,MR01 MR02 MR03 MR04 MR05 MR06 MR07 MR08 MR09 MR10 MR11 MR12 MR13 MR14,MR06,True,MR06,True
H11-popcount.c,string,M22,configuration,MR01 MR02 MR03 MR04 MR05 MR06 MR07 MR08 MR09 MR10 MR11 MR12 MR13 MR14,MR07,True,MR07,True
H11-popcount.c,string,M23,state,MR01 MR02 MR03 MR04 MR05 MR06 MR07 MR08 MR09 MR10 MR11 MR12 MR13 MR14,MR13,True,MR13,True
H11-popcount.c,string,M24,state,MR01 MR02 MR03 MR04 MR05 MR06 MR07 MR08 MR09 MR10 MR11 MR12 MR13 MR14,MR14,True,MR14,True
H11-popcount.c,symbol,M01,embedding,MR01 MR02 MR03 MR04 MR05 MR06 MR07 MR09 MR10 MR11 MR12 MR13 MR14,MR01 MR05 MR06 MR07 MR12 MR13 MR14,True,MR01,False
H11-popcount.c,symbol,M02,embedding,MR01 MR02 MR03 MR04 MR05 MR06 MR07 MR09 MR10 MR11 MR12 MR13 MR14,MR01 MR05 MR06 MR07 MR12 MR13 MR14,True,MR01,False
H11-popcount.c,symbol,M03,embedding,MR01 MR02 MR03 MR04 MR05 MR06 MR07 MR09 MR10 MR11 MR12 MR13 MR14,MR01 MR05 MR06 MR07 MR12 MR13 MR14,True,MR01,False
H11-popcount.c,symbol,M04,state,MR01 MR02 MR03 MR04 MR05 MR06 MR07 MR09 MR10 MR11 MR12 MR13 MR14,MR01 MR05 MR06 MR07 MR12 MR13 MR14,True,MR05,False
H11-popcount.c,symbol,M05,normalization,MR01 MR02 MR03 MR04 MR05 MR06 MR07 MR09 MR10 MR11 MR12 MR13 MR14,MR01 MR05 MR06 MR07 MR12 MR13 MR14,True,MR01,False
H11-popcount.c,symbol,M06,authentication,MR01 MR02 MR03 MR04 MR05 MR06 MR07 MR08 MR11 MR12 MR13 MR14,MR04,True,MR04,True
H11-popcount.c,symbol,M07,artifact binding,MR01 MR02 MR03 MR04 MR05 MR06 MR07 MR08 MR09 MR10 MR11 MR12 MR13 MR14,MR03 MR08 MR09 MR10,True,MR08,False
H11-popcount.c,symbol,M08,state,MR01 MR02 MR03 MR04 MR05 MR06 MR07 MR08 MR09 MR10 MR11 MR12 MR13 MR14,MR04 MR05 MR09 MR10 MR12 MR13,True,MR04,False
H11-popcount.c,symbol,M09,false positive,MR01 MR02 MR03 MR04 MR05 MR06 MR07 MR08 MR09 MR10 MR11 MR12 MR13 MR14,MR03 MR04 MR09 MR10,True,MR03,False
H11-popcount.c,symbol,M10,semantic corruption,MR01 MR02 MR03 MR04 MR05 MR06 MR07 MR08 MR09 MR10 MR11 MR12 MR13 MR14,MR02,True,MR02,True
H11-popcount.c,symbol,M11,semantic corruption,MR01 MR02 MR03 MR04 MR05 MR06 MR07 MR08 MR09 MR10 MR11 MR12 MR13 MR14,MR02,True,MR02,True
H11-popcount.c,symbol,M12,stage routing,MR01 MR02 MR03 MR04 MR05 MR06 MR07 MR09 MR10 MR11 MR12 MR13 MR14,MR01 MR05 MR06 MR07 MR12 MR13 MR14,True,MR01,False
H11-popcount.c,symbol,M13,configuration,MR01 MR02 MR03 MR04 MR05 MR07 MR08 MR09 MR10 MR11 MR12 MR13 MR14,MR11,True,MR11,True
H11-popcount.c,symbol,M14,configuration,MR01 MR02 MR03 MR04 MR05 MR08 MR09 MR10 MR11 MR12 MR13 MR14,MR11,True,MR11,True
H11-popcount.c,symbol,M15,transformation,MR01 MR02 MR03 MR04 MR05 MR06 MR07 MR08 MR10 MR11 MR12 MR13 MR14,,False,MR09,False
H11-popcount.c,symbol,M16,integrity,MR01 MR02 MR03 MR04 MR05 MR06 MR07 MR08 MR09 MR10 MR11 MR12 MR13 MR14,MR10,True,MR10,True
H11-popcount.c,symbol,M17,artifact binding,MR01 MR02 MR03 MR04 MR05 MR06 MR07 MR08 MR09 MR10 MR11 MR12 MR13 MR14,MR08 MR09 MR10,True,MR08,False
H11-popcount.c,symbol,M18,state,MR01 MR02 MR03 MR04 MR05 MR08 MR09 MR10 MR11 MR12 MR13 MR14,MR05 MR13,True,MR05,False
H11-popcount.c,symbol,M19,extraction,MR01 MR02 MR03 MR05 MR06 MR07 MR11 MR12 MR13 MR14,MR01 MR05 MR06 MR07 MR12 MR13 MR14,True,MR01,False
H11-popcount.c,symbol,M20,state,MR01 MR02 MR03 MR04 MR05 MR06 MR07 MR08 MR09 MR10 MR11 MR12 MR13 MR14,MR12,True,MR12,True
H11-popcount.c,symbol,M21,configuration,MR01 MR02 MR03 MR04 MR05 MR06 MR07 MR08 MR09 MR10 MR11 MR12 MR13 MR14,MR06,True,MR06,True
H11-popcount.c,symbol,M22,configuration,MR01 MR02 MR03 MR04 MR05 MR06 MR07 MR08 MR09 MR10 MR11 MR12 MR13 MR14,MR07,True,MR07,True
H11-popcount.c,symbol,M23,state,MR01 MR02 MR03 MR04 MR05 MR06 MR07 MR08 MR09 MR10 MR11 MR12 MR13 MR14,MR13,True,MR13,True
H11-popcount.c,symbol,M24,state,MR01 MR02 MR03 MR04 MR05 MR06 MR07 MR08 MR09 MR10 MR11 MR12 MR13 MR14,MR14,True,MR14,True
H12-lcg.c,section,M01,embedding,MR01 MR02 MR03 MR04 MR05 MR06 MR07 MR09 MR10 MR11 MR12 MR13 MR14,MR01 MR05 MR06 MR07 MR12 MR13 MR14,True,MR01,False
H12-lcg.c,section,M02,embedding,MR01 MR02 MR03 MR04 MR05 MR06 MR07 MR09 MR10 MR11 MR12 MR13 MR14,MR01 MR05 MR06 MR07 MR12 MR13 MR14,True,MR01,False
H12-lcg.c,section,M03,embedding,MR01 MR02 MR03 MR04 MR05 MR06 MR07 MR09 MR10 MR11 MR12 MR13 MR14,MR01 MR05 MR06 MR07 MR12 MR13 MR14,True,MR01,False
H12-lcg.c,section,M04,state,MR01 MR02 MR03 MR04 MR05 MR06 MR07 MR09 MR10 MR11 MR12 MR13 MR14,MR01 MR05 MR06 MR07 MR12 MR13 MR14,True,MR05,False
H12-lcg.c,section,M05,normalization,MR01 MR02 MR03 MR04 MR05 MR06 MR07 MR09 MR10 MR11 MR12 MR13 MR14,MR01 MR05 MR06 MR07 MR12 MR13 MR14,True,MR01,False
H12-lcg.c,section,M06,authentication,MR01 MR02 MR03 MR04 MR05 MR06 MR07 MR08 MR11 MR12 MR13 MR14,MR04,True,MR04,True
H12-lcg.c,section,M07,artifact binding,MR01 MR02 MR03 MR04 MR05 MR06 MR07 MR08 MR09 MR10 MR11 MR12 MR13 MR14,MR03 MR08 MR09 MR10,True,MR08,False
H12-lcg.c,section,M08,state,MR01 MR02 MR03 MR04 MR05 MR06 MR07 MR08 MR09 MR10 MR11 MR12 MR13 MR14,MR04 MR05 MR09 MR10 MR12 MR13,True,MR04,False
H12-lcg.c,section,M09,false positive,MR01 MR02 MR03 MR04 MR05 MR06 MR07 MR08 MR09 MR10 MR11 MR12 MR13 MR14,MR03 MR04 MR09 MR10,True,MR03,False
H12-lcg.c,section,M10,semantic corruption,MR01 MR02 MR03 MR04 MR05 MR06 MR07 MR08 MR09 MR10 MR11 MR12 MR13 MR14,MR02,True,MR02,True
H12-lcg.c,section,M11,semantic corruption,MR01 MR02 MR03 MR04 MR05 MR06 MR07 MR08 MR09 MR10 MR11 MR12 MR13 MR14,MR02,True,MR02,True
H12-lcg.c,section,M12,stage routing,MR01 MR02 MR03 MR04 MR05 MR06 MR07 MR09 MR10 MR11 MR12 MR13 MR14,MR01 MR05 MR06 MR07 MR12 MR13 MR14,True,MR01,False
H12-lcg.c,section,M13,configuration,MR01 MR02 MR03 MR04 MR05 MR07 MR08 MR09 MR10 MR11 MR12 MR13 MR14,MR11,True,MR11,True
H12-lcg.c,section,M14,configuration,MR01 MR02 MR03 MR04 MR05 MR08 MR09 MR10 MR11 MR12 MR13 MR14,MR11,True,MR11,True
H12-lcg.c,section,M15,transformation,MR01 MR02 MR03 MR04 MR05 MR06 MR07 MR08 MR10 MR11 MR12 MR13 MR14,,False,MR09,False
H12-lcg.c,section,M16,integrity,MR01 MR02 MR03 MR04 MR05 MR06 MR07 MR08 MR09 MR10 MR11 MR12 MR13 MR14,MR10,True,MR10,True
H12-lcg.c,section,M17,artifact binding,MR01 MR02 MR03 MR04 MR05 MR06 MR07 MR08 MR09 MR10 MR11 MR12 MR13 MR14,MR08 MR09 MR10,True,MR08,False
H12-lcg.c,section,M18,state,MR01 MR02 MR03 MR04 MR05 MR08 MR09 MR11 MR12 MR13 MR14,MR05 MR13,True,MR05,False
H12-lcg.c,section,M19,extraction,MR01 MR02 MR03 MR05 MR06 MR07 MR11 MR12 MR13 MR14,MR01 MR05 MR06 MR07 MR12 MR13 MR14,True,MR01,False
H12-lcg.c,section,M20,state,MR01 MR02 MR03 MR04 MR05 MR06 MR07 MR08 MR09 MR10 MR11 MR12 MR13 MR14,MR12,True,MR12,True
H12-lcg.c,section,M21,configuration,MR01 MR02 MR03 MR04 MR05 MR06 MR07 MR08 MR09 MR10 MR11 MR12 MR13 MR14,MR06,True,MR06,True
H12-lcg.c,section,M22,configuration,MR01 MR02 MR03 MR04 MR05 MR06 MR07 MR08 MR09 MR10 MR11 MR12 MR13 MR14,MR07,True,MR07,True
H12-lcg.c,section,M23,state,MR01 MR02 MR03 MR04 MR05 MR06 MR07 MR08 MR09 MR10 MR11 MR12 MR13 MR14,MR13,True,MR13,True
H12-lcg.c,section,M24,state,MR01 MR02 MR03 MR04 MR05 MR06 MR07 MR08 MR09 MR10 MR11 MR12 MR13 MR14,MR14,True,MR14,True
H12-lcg.c,string,M01,embedding,MR01 MR02 MR03 MR04 MR05 MR06 MR07 MR09 MR10 MR11 MR12 MR13 MR14,MR01 MR05 MR06 MR07 MR12 MR13 MR14,True,MR01,False
H12-lcg.c,string,M02,embedding,MR01 MR02 MR03 MR04 MR05 MR06 MR07 MR09 MR10 MR11 MR12 MR13 MR14,MR01 MR05 MR06 MR07 MR12 MR13 MR14,True,MR01,False
H12-lcg.c,string,M03,embedding,MR01 MR02 MR03 MR04 MR05 MR06 MR07 MR09 MR10 MR11 MR12 MR13 MR14,MR01 MR05 MR06 MR07 MR12 MR13 MR14,True,MR01,False
H12-lcg.c,string,M04,state,MR01 MR02 MR03 MR04 MR05 MR06 MR07 MR09 MR10 MR11 MR12 MR13 MR14,MR01 MR05 MR06 MR07 MR12 MR13 MR14,True,MR05,False
H12-lcg.c,string,M05,normalization,MR01 MR02 MR03 MR04 MR05 MR06 MR07 MR09 MR10 MR11 MR12 MR13 MR14,MR01 MR05 MR06 MR07 MR12 MR13 MR14,True,MR01,False
H12-lcg.c,string,M06,authentication,MR01 MR02 MR03 MR04 MR05 MR06 MR07 MR08 MR11 MR12 MR13 MR14,MR04,True,MR04,True
H12-lcg.c,string,M07,artifact binding,MR01 MR02 MR03 MR04 MR05 MR06 MR07 MR08 MR09 MR10 MR11 MR12 MR13 MR14,MR03 MR08 MR09 MR10,True,MR08,False
H12-lcg.c,string,M08,state,MR01 MR02 MR03 MR04 MR05 MR06 MR07 MR08 MR09 MR10 MR11 MR12 MR13 MR14,MR04 MR05 MR09 MR10 MR12 MR13,True,MR04,False
H12-lcg.c,string,M09,false positive,MR01 MR02 MR03 MR04 MR05 MR06 MR07 MR08 MR09 MR10 MR11 MR12 MR13 MR14,MR03 MR04 MR09 MR10,True,MR03,False
H12-lcg.c,string,M10,semantic corruption,MR01 MR02 MR03 MR04 MR05 MR06 MR07 MR08 MR09 MR10 MR11 MR12 MR13 MR14,MR02,True,MR02,True
H12-lcg.c,string,M11,semantic corruption,MR01 MR02 MR03 MR04 MR05 MR06 MR07 MR08 MR09 MR10 MR11 MR12 MR13 MR14,MR02,True,MR02,True
H12-lcg.c,string,M12,stage routing,MR01 MR02 MR03 MR04 MR05 MR06 MR07 MR09 MR10 MR11 MR12 MR13 MR14,MR01 MR05 MR06 MR07 MR12 MR13 MR14,True,MR01,False
H12-lcg.c,string,M13,configuration,MR01 MR02 MR03 MR04 MR05 MR07 MR08 MR09 MR10 MR11 MR12 MR13 MR14,MR11,True,MR11,True
H12-lcg.c,string,M14,configuration,MR01 MR02 MR03 MR04 MR05 MR08 MR09 MR10 MR11 MR12 MR13 MR14,MR11,True,MR11,True
H12-lcg.c,string,M15,transformation,MR01 MR02 MR03 MR04 MR05 MR06 MR07 MR08 MR10 MR11 MR12 MR13 MR14,,False,MR09,False
H12-lcg.c,string,M16,integrity,MR01 MR02 MR03 MR04 MR05 MR06 MR07 MR08 MR09 MR10 MR11 MR12 MR13 MR14,MR10,True,MR10,True
H12-lcg.c,string,M17,artifact binding,MR01 MR02 MR03 MR04 MR05 MR06 MR07 MR08 MR09 MR10 MR11 MR12 MR13 MR14,MR08 MR09 MR10,True,MR08,False
H12-lcg.c,string,M18,state,MR01 MR02 MR03 MR04 MR05 MR08 MR09 MR11 MR12 MR13 MR14,MR05 MR13,True,MR05,False
H12-lcg.c,string,M19,extraction,MR01 MR02 MR03 MR05 MR06 MR07 MR11 MR12 MR13 MR14,MR01 MR05 MR06 MR07 MR12 MR13 MR14,True,MR01,False
H12-lcg.c,string,M20,state,MR01 MR02 MR03 MR04 MR05 MR06 MR07 MR08 MR09 MR10 MR11 MR12 MR13 MR14,MR12,True,MR12,True
H12-lcg.c,string,M21,configuration,MR01 MR02 MR03 MR04 MR05 MR06 MR07 MR08 MR09 MR10 MR11 MR12 MR13 MR14,MR06,True,MR06,True
H12-lcg.c,string,M22,configuration,MR01 MR02 MR03 MR04 MR05 MR06 MR07 MR08 MR09 MR10 MR11 MR12 MR13 MR14,MR07,True,MR07,True
H12-lcg.c,string,M23,state,MR01 MR02 MR03 MR04 MR05 MR06 MR07 MR08 MR09 MR10 MR11 MR12 MR13 MR14,MR13,True,MR13,True
H12-lcg.c,string,M24,state,MR01 MR02 MR03 MR04 MR05 MR06 MR07 MR08 MR09 MR10 MR11 MR12 MR13 MR14,MR14,True,MR14,True
H12-lcg.c,symbol,M01,embedding,MR01 MR02 MR03 MR04 MR05 MR06 MR07 MR09 MR10 MR11 MR12 MR13 MR14,MR01 MR05 MR06 MR07 MR12 MR13 MR14,True,MR01,False
H12-lcg.c,symbol,M02,embedding,MR01 MR02 MR03 MR04 MR05 MR06 MR07 MR09 MR10 MR11 MR12 MR13 MR14,MR01 MR05 MR06 MR07 MR12 MR13 MR14,True,MR01,False
H12-lcg.c,symbol,M03,embedding,MR01 MR02 MR03 MR04 MR05 MR06 MR07 MR09 MR10 MR11 MR12 MR13 MR14,MR01 MR05 MR06 MR07 MR12 MR13 MR14,True,MR01,False
H12-lcg.c,symbol,M04,state,MR01 MR02 MR03 MR04 MR05 MR06 MR07 MR09 MR10 MR11 MR12 MR13 MR14,MR01 MR05 MR06 MR07 MR12 MR13 MR14,True,MR05,False
H12-lcg.c,symbol,M05,normalization,MR01 MR02 MR03 MR04 MR05 MR06 MR07 MR09 MR10 MR11 MR12 MR13 MR14,MR01 MR05 MR06 MR07 MR12 MR13 MR14,True,MR01,False
H12-lcg.c,symbol,M06,authentication,MR01 MR02 MR03 MR04 MR05 MR06 MR07 MR08 MR11 MR12 MR13 MR14,MR04,True,MR04,True
H12-lcg.c,symbol,M07,artifact binding,MR01 MR02 MR03 MR04 MR05 MR06 MR07 MR08 MR09 MR10 MR11 MR12 MR13 MR14,MR03 MR08 MR09 MR10,True,MR08,False
H12-lcg.c,symbol,M08,state,MR01 MR02 MR03 MR04 MR05 MR06 MR07 MR08 MR09 MR10 MR11 MR12 MR13 MR14,MR04 MR05 MR09 MR10 MR12 MR13,True,MR04,False
H12-lcg.c,symbol,M09,false positive,MR01 MR02 MR03 MR04 MR05 MR06 MR07 MR08 MR09 MR10 MR11 MR12 MR13 MR14,MR03 MR04 MR09 MR10,True,MR03,False
H12-lcg.c,symbol,M10,semantic corruption,MR01 MR02 MR03 MR04 MR05 MR06 MR07 MR08 MR09 MR10 MR11 MR12 MR13 MR14,MR02,True,MR02,True
H12-lcg.c,symbol,M11,semantic corruption,MR01 MR02 MR03 MR04 MR05 MR06 MR07 MR08 MR09 MR10 MR11 MR12 MR13 MR14,MR02,True,MR02,True
H12-lcg.c,symbol,M12,stage routing,MR01 MR02 MR03 MR04 MR05 MR06 MR07 MR09 MR10 MR11 MR12 MR13 MR14,MR01 MR05 MR06 MR07 MR12 MR13 MR14,True,MR01,False
H12-lcg.c,symbol,M13,configuration,MR01 MR02 MR03 MR04 MR05 MR07 MR08 MR09 MR10 MR11 MR12 MR13 MR14,MR11,True,MR11,True
H12-lcg.c,symbol,M14,configuration,MR01 MR02 MR03 MR04 MR05 MR08 MR09 MR10 MR11 MR12 MR13 MR14,MR11,True,MR11,True
H12-lcg.c,symbol,M15,transformation,MR01 MR02 MR03 MR04 MR05 MR06 MR07 MR08 MR10 MR11 MR12 MR13 MR14,,False,MR09,False
H12-lcg.c,symbol,M16,integrity,MR01 MR02 MR03 MR04 MR05 MR06 MR07 MR08 MR09 MR10 MR11 MR12 MR13 MR14,MR10,True,MR10,True
H12-lcg.c,symbol,M17,artifact binding,MR01 MR02 MR03 MR04 MR05 MR06 MR07 MR08 MR09 MR10 MR11 MR12 MR13 MR14,MR08 MR09 MR10,True,MR08,False
H12-lcg.c,symbol,M18,state,MR01 MR02 MR03 MR04 MR05 MR08 MR09 MR10 MR11 MR12 MR13 MR14,MR05 MR13,True,MR05,False
H12-lcg.c,symbol,M19,extraction,MR01 MR02 MR03 MR05 MR06 MR07 MR11 MR12 MR13 MR14,MR01 MR05 MR06 MR07 MR12 MR13 MR14,True,MR01,False
H12-lcg.c,symbol,M20,state,MR01 MR02 MR03 MR04 MR05 MR06 MR07 MR08 MR09 MR10 MR11 MR12 MR13 MR14,MR12,True,MR12,True
H12-lcg.c,symbol,M21,configuration,MR01 MR02 MR03 MR04 MR05 MR06 MR07 MR08 MR09 MR10 MR11 MR12 MR13 MR14,MR06,True,MR06,True
H12-lcg.c,symbol,M22,configuration,MR01 MR02 MR03 MR04 MR05 MR06 MR07 MR08 MR09 MR10 MR11 MR12 MR13 MR14,MR07,True,MR07,True
H12-lcg.c,symbol,M23,state,MR01 MR02 MR03 MR04 MR05 MR06 MR07 MR08 MR09 MR10 MR11 MR12 MR13 MR14,MR13,True,MR13,True
H12-lcg.c,symbol,M24,state,MR01 MR02 MR03 MR04 MR05 MR06 MR07 MR08 MR09 MR10 MR11 MR12 MR13 MR14,MR14,True,MR14,True
H13-zlib.c,section,M01,embedding,MR01 MR02 MR03 MR04 MR05 MR06 MR07 MR09 MR10 MR11 MR12 MR13 MR14,MR01 MR05 MR06 MR07 MR12 MR13 MR14,True,MR01,False
H13-zlib.c,section,M02,embedding,MR01 MR02 MR03 MR04 MR05 MR06 MR07 MR09 MR10 MR11 MR12 MR13 MR14,MR01 MR05 MR06 MR07 MR12 MR13 MR14,True,MR01,False
H13-zlib.c,section,M03,embedding,MR01 MR02 MR03 MR04 MR05 MR06 MR07 MR09 MR10 MR11 MR12 MR13 MR14,MR01 MR05 MR06 MR07 MR12 MR13 MR14,True,MR01,False
H13-zlib.c,section,M04,state,MR01 MR02 MR03 MR04 MR05 MR06 MR07 MR09 MR10 MR11 MR12 MR13 MR14,MR01 MR05 MR06 MR07 MR12 MR13 MR14,True,MR05,False
H13-zlib.c,section,M05,normalization,MR01 MR02 MR03 MR04 MR05 MR06 MR07 MR09 MR10 MR11 MR12 MR13 MR14,MR01 MR05 MR06 MR07 MR12 MR13 MR14,True,MR01,False
H13-zlib.c,section,M06,authentication,MR01 MR02 MR03 MR04 MR05 MR06 MR07 MR08 MR11 MR12 MR13 MR14,MR04,True,MR04,True
H13-zlib.c,section,M07,artifact binding,MR01 MR02 MR03 MR04 MR05 MR06 MR07 MR08 MR09 MR10 MR11 MR12 MR13 MR14,MR03 MR08 MR09 MR10,True,MR08,False
H13-zlib.c,section,M08,state,MR01 MR02 MR03 MR04 MR05 MR06 MR07 MR08 MR09 MR10 MR11 MR12 MR13 MR14,MR04 MR05 MR09 MR10 MR12 MR13,True,MR04,False
H13-zlib.c,section,M09,false positive,MR01 MR02 MR03 MR04 MR05 MR06 MR07 MR08 MR09 MR10 MR11 MR12 MR13 MR14,MR03 MR04 MR09 MR10,True,MR03,False
H13-zlib.c,section,M10,semantic corruption,MR01 MR02 MR03 MR04 MR05 MR06 MR07 MR08 MR09 MR10 MR11 MR12 MR13 MR14,MR02,True,MR02,True
H13-zlib.c,section,M11,semantic corruption,MR01 MR02 MR03 MR04 MR05 MR06 MR07 MR08 MR09 MR10 MR11 MR12 MR13 MR14,MR02,True,MR02,True
H13-zlib.c,section,M12,stage routing,MR01 MR02 MR03 MR04 MR05 MR06 MR07 MR09 MR10 MR11 MR12 MR13 MR14,MR01 MR05 MR06 MR07 MR12 MR13 MR14,True,MR01,False
H13-zlib.c,section,M13,configuration,MR01 MR02 MR03 MR04 MR05 MR07 MR08 MR09 MR10 MR11 MR12 MR13 MR14,MR11,True,MR11,True
H13-zlib.c,section,M14,configuration,MR01 MR02 MR03 MR04 MR05 MR08 MR09 MR10 MR11 MR12 MR13 MR14,MR11,True,MR11,True
H13-zlib.c,section,M15,transformation,MR01 MR02 MR03 MR04 MR05 MR06 MR07 MR08 MR10 MR11 MR12 MR13 MR14,,False,MR09,False
H13-zlib.c,section,M16,integrity,MR01 MR02 MR03 MR04 MR05 MR06 MR07 MR08 MR09 MR10 MR11 MR12 MR13 MR14,MR10,True,MR10,True
H13-zlib.c,section,M17,artifact binding,MR01 MR02 MR03 MR04 MR05 MR06 MR07 MR08 MR09 MR10 MR11 MR12 MR13 MR14,MR08 MR09 MR10,True,MR08,False
H13-zlib.c,section,M18,state,MR01 MR02 MR03 MR04 MR05 MR08 MR09 MR11 MR12 MR13 MR14,MR05 MR13,True,MR05,False
H13-zlib.c,section,M19,extraction,MR01 MR02 MR03 MR05 MR06 MR07 MR11 MR12 MR13 MR14,MR01 MR05 MR06 MR07 MR12 MR13 MR14,True,MR01,False
H13-zlib.c,section,M20,state,MR01 MR02 MR03 MR04 MR05 MR06 MR07 MR08 MR09 MR10 MR11 MR12 MR13 MR14,MR12,True,MR12,True
H13-zlib.c,section,M21,configuration,MR01 MR02 MR03 MR04 MR05 MR06 MR07 MR08 MR09 MR10 MR11 MR12 MR13 MR14,MR06,True,MR06,True
H13-zlib.c,section,M22,configuration,MR01 MR02 MR03 MR04 MR05 MR06 MR07 MR08 MR09 MR10 MR11 MR12 MR13 MR14,MR07,True,MR07,True
H13-zlib.c,section,M23,state,MR01 MR02 MR03 MR04 MR05 MR06 MR07 MR08 MR09 MR10 MR11 MR12 MR13 MR14,MR13,True,MR13,True
H13-zlib.c,section,M24,state,MR01 MR02 MR03 MR04 MR05 MR06 MR07 MR08 MR09 MR10 MR11 MR12 MR13 MR14,MR14,True,MR14,True
H13-zlib.c,string,M01,embedding,MR01 MR02 MR03 MR04 MR05 MR06 MR07 MR09 MR10 MR11 MR12 MR13 MR14,MR01 MR05 MR06 MR07 MR12 MR13 MR14,True,MR01,False
H13-zlib.c,string,M02,embedding,MR01 MR02 MR03 MR04 MR05 MR06 MR07 MR09 MR10 MR11 MR12 MR13 MR14,MR01 MR05 MR06 MR07 MR12 MR13 MR14,True,MR01,False
H13-zlib.c,string,M03,embedding,MR01 MR02 MR03 MR04 MR05 MR06 MR07 MR09 MR10 MR11 MR12 MR13 MR14,MR01 MR05 MR06 MR07 MR12 MR13 MR14,True,MR01,False
H13-zlib.c,string,M04,state,MR01 MR02 MR03 MR04 MR05 MR06 MR07 MR09 MR10 MR11 MR12 MR13 MR14,MR01 MR05 MR06 MR07 MR12 MR13 MR14,True,MR05,False
H13-zlib.c,string,M05,normalization,MR01 MR02 MR03 MR04 MR05 MR06 MR07 MR09 MR10 MR11 MR12 MR13 MR14,MR01 MR05 MR06 MR07 MR12 MR13 MR14,True,MR01,False
H13-zlib.c,string,M06,authentication,MR01 MR02 MR03 MR04 MR05 MR06 MR07 MR08 MR11 MR12 MR13 MR14,MR04,True,MR04,True
H13-zlib.c,string,M07,artifact binding,MR01 MR02 MR03 MR04 MR05 MR06 MR07 MR08 MR09 MR10 MR11 MR12 MR13 MR14,MR03 MR08 MR09 MR10,True,MR08,False
H13-zlib.c,string,M08,state,MR01 MR02 MR03 MR04 MR05 MR06 MR07 MR08 MR09 MR10 MR11 MR12 MR13 MR14,MR04 MR05 MR09 MR10 MR12 MR13,True,MR04,False
H13-zlib.c,string,M09,false positive,MR01 MR02 MR03 MR04 MR05 MR06 MR07 MR08 MR09 MR10 MR11 MR12 MR13 MR14,MR03 MR04 MR09 MR10,True,MR03,False
H13-zlib.c,string,M10,semantic corruption,MR01 MR02 MR03 MR04 MR05 MR06 MR07 MR08 MR09 MR10 MR11 MR12 MR13 MR14,MR02,True,MR02,True
H13-zlib.c,string,M11,semantic corruption,MR01 MR02 MR03 MR04 MR05 MR06 MR07 MR08 MR09 MR10 MR11 MR12 MR13 MR14,MR02,True,MR02,True
H13-zlib.c,string,M12,stage routing,MR01 MR02 MR03 MR04 MR05 MR06 MR07 MR09 MR10 MR11 MR12 MR13 MR14,MR01 MR05 MR06 MR07 MR12 MR13 MR14,True,MR01,False
H13-zlib.c,string,M13,configuration,MR01 MR02 MR03 MR04 MR05 MR07 MR08 MR09 MR10 MR11 MR12 MR13 MR14,MR11,True,MR11,True
H13-zlib.c,string,M14,configuration,MR01 MR02 MR03 MR04 MR05 MR08 MR09 MR10 MR11 MR12 MR13 MR14,MR11,True,MR11,True
H13-zlib.c,string,M15,transformation,MR01 MR02 MR03 MR04 MR05 MR06 MR07 MR08 MR10 MR11 MR12 MR13 MR14,,False,MR09,False
H13-zlib.c,string,M16,integrity,MR01 MR02 MR03 MR04 MR05 MR06 MR07 MR08 MR09 MR10 MR11 MR12 MR13 MR14,MR10,True,MR10,True
H13-zlib.c,string,M17,artifact binding,MR01 MR02 MR03 MR04 MR05 MR06 MR07 MR08 MR09 MR10 MR11 MR12 MR13 MR14,MR08 MR09 MR10,True,MR08,False
H13-zlib.c,string,M18,state,MR01 MR02 MR03 MR04 MR05 MR08 MR09 MR11 MR12 MR13 MR14,MR05 MR13,True,MR05,False
H13-zlib.c,string,M19,extraction,MR01 MR02 MR03 MR05 MR06 MR07 MR11 MR12 MR13 MR14,MR01 MR05 MR06 MR07 MR12 MR13 MR14,True,MR01,False
H13-zlib.c,string,M20,state,MR01 MR02 MR03 MR04 MR05 MR06 MR07 MR08 MR09 MR10 MR11 MR12 MR13 MR14,MR12,True,MR12,True
H13-zlib.c,string,M21,configuration,MR01 MR02 MR03 MR04 MR05 MR06 MR07 MR08 MR09 MR10 MR11 MR12 MR13 MR14,MR06,True,MR06,True
H13-zlib.c,string,M22,configuration,MR01 MR02 MR03 MR04 MR05 MR06 MR07 MR08 MR09 MR10 MR11 MR12 MR13 MR14,MR07,True,MR07,True
H13-zlib.c,string,M23,state,MR01 MR02 MR03 MR04 MR05 MR06 MR07 MR08 MR09 MR10 MR11 MR12 MR13 MR14,MR13,True,MR13,True
H13-zlib.c,string,M24,state,MR01 MR02 MR03 MR04 MR05 MR06 MR07 MR08 MR09 MR10 MR11 MR12 MR13 MR14,MR14,True,MR14,True
H13-zlib.c,symbol,M01,embedding,MR01 MR02 MR03 MR04 MR05 MR06 MR07 MR09 MR10 MR11 MR12 MR13 MR14,MR01 MR05 MR06 MR07 MR12 MR13 MR14,True,MR01,False
H13-zlib.c,symbol,M02,embedding,MR01 MR02 MR03 MR04 MR05 MR06 MR07 MR09 MR10 MR11 MR12 MR13 MR14,MR01 MR05 MR06 MR07 MR12 MR13 MR14,True,MR01,False
H13-zlib.c,symbol,M03,embedding,MR01 MR02 MR03 MR04 MR05 MR06 MR07 MR09 MR10 MR11 MR12 MR13 MR14,MR01 MR05 MR06 MR07 MR12 MR13 MR14,True,MR01,False
H13-zlib.c,symbol,M04,state,MR01 MR02 MR03 MR04 MR05 MR06 MR07 MR09 MR10 MR11 MR12 MR13 MR14,MR01 MR05 MR06 MR07 MR12 MR13 MR14,True,MR05,False
H13-zlib.c,symbol,M05,normalization,MR01 MR02 MR03 MR04 MR05 MR06 MR07 MR09 MR10 MR11 MR12 MR13 MR14,MR01 MR05 MR06 MR07 MR12 MR13 MR14,True,MR01,False
H13-zlib.c,symbol,M06,authentication,MR01 MR02 MR03 MR04 MR05 MR06 MR07 MR08 MR11 MR12 MR13 MR14,MR04,True,MR04,True
H13-zlib.c,symbol,M07,artifact binding,MR01 MR02 MR03 MR04 MR05 MR06 MR07 MR08 MR09 MR10 MR11 MR12 MR13 MR14,MR03 MR08 MR09 MR10,True,MR08,False
H13-zlib.c,symbol,M08,state,MR01 MR02 MR03 MR04 MR05 MR06 MR07 MR08 MR09 MR10 MR11 MR12 MR13 MR14,MR04 MR05 MR09 MR10 MR12 MR13,True,MR04,False
H13-zlib.c,symbol,M09,false positive,MR01 MR02 MR03 MR04 MR05 MR06 MR07 MR08 MR09 MR10 MR11 MR12 MR13 MR14,MR03 MR04 MR09 MR10,True,MR03,False
H13-zlib.c,symbol,M10,semantic corruption,MR01 MR02 MR03 MR04 MR05 MR06 MR07 MR08 MR09 MR10 MR11 MR12 MR13 MR14,MR02,True,MR02,True
H13-zlib.c,symbol,M11,semantic corruption,MR01 MR02 MR03 MR04 MR05 MR06 MR07 MR08 MR09 MR10 MR11 MR12 MR13 MR14,MR02,True,MR02,True
H13-zlib.c,symbol,M12,stage routing,MR01 MR02 MR03 MR04 MR05 MR06 MR07 MR09 MR10 MR11 MR12 MR13 MR14,MR01 MR05 MR06 MR07 MR12 MR13 MR14,True,MR01,False
H13-zlib.c,symbol,M13,configuration,MR01 MR02 MR03 MR04 MR05 MR07 MR08 MR09 MR10 MR11 MR12 MR13 MR14,MR11,True,MR11,True
H13-zlib.c,symbol,M14,configuration,MR01 MR02 MR03 MR04 MR05 MR08 MR09 MR10 MR11 MR12 MR13 MR14,MR11,True,MR11,True
H13-zlib.c,symbol,M15,transformation,MR01 MR02 MR03 MR04 MR05 MR06 MR07 MR08 MR10 MR11 MR12 MR13 MR14,,False,MR09,False
H13-zlib.c,symbol,M16,integrity,MR01 MR02 MR03 MR04 MR05 MR06 MR07 MR08 MR09 MR10 MR11 MR12 MR13 MR14,MR10,True,MR10,True
H13-zlib.c,symbol,M17,artifact binding,MR01 MR02 MR03 MR04 MR05 MR06 MR07 MR08 MR09 MR10 MR11 MR12 MR13 MR14,MR08 MR09 MR10,True,MR08,False
H13-zlib.c,symbol,M18,state,MR01 MR02 MR03 MR04 MR05 MR08 MR09 MR10 MR11 MR12 MR13 MR14,MR05 MR13,True,MR05,False
H13-zlib.c,symbol,M19,extraction,MR01 MR02 MR03 MR05 MR06 MR07 MR11 MR12 MR13 MR14,MR01 MR05 MR06 MR07 MR12 MR13 MR14,True,MR01,False
H13-zlib.c,symbol,M20,state,MR01 MR02 MR03 MR04 MR05 MR06 MR07 MR08 MR09 MR10 MR11 MR12 MR13 MR14,MR12,True,MR12,True
H13-zlib.c,symbol,M21,configuration,MR01 MR02 MR03 MR04 MR05 MR06 MR07 MR08 MR09 MR10 MR11 MR12 MR13 MR14,MR06,True,MR06,True
H13-zlib.c,symbol,M22,configuration,MR01 MR02 MR03 MR04 MR05 MR06 MR07 MR08 MR09 MR10 MR11 MR12 MR13 MR14,MR07,True,MR07,True
H13-zlib.c,symbol,M23,state,MR01 MR02 MR03 MR04 MR05 MR06 MR07 MR08 MR09 MR10 MR11 MR12 MR13 MR14,MR13,True,MR13,True
H13-zlib.c,symbol,M24,state,MR01 MR02 MR03 MR04 MR05 MR06 MR07 MR08 MR09 MR10 MR11 MR12 MR13 MR14,MR14,True,MR14,True
H14-openssl.c,section,M01,embedding,MR01 MR02 MR03 MR04 MR05 MR06 MR07 MR09 MR10 MR11 MR12 MR13 MR14,MR01 MR05 MR06 MR07 MR12 MR13 MR14,True,MR01,False
H14-openssl.c,section,M02,embedding,MR01 MR02 MR03 MR04 MR05 MR06 MR07 MR09 MR10 MR11 MR12 MR13 MR14,MR01 MR05 MR06 MR07 MR12 MR13 MR14,True,MR01,False
H14-openssl.c,section,M03,embedding,MR01 MR02 MR03 MR04 MR05 MR06 MR07 MR09 MR10 MR11 MR12 MR13 MR14,MR01 MR05 MR06 MR07 MR12 MR13 MR14,True,MR01,False
H14-openssl.c,section,M04,state,MR01 MR02 MR03 MR04 MR05 MR06 MR07 MR09 MR10 MR11 MR12 MR13 MR14,MR01 MR05 MR06 MR07 MR12 MR13 MR14,True,MR05,False
H14-openssl.c,section,M05,normalization,MR01 MR02 MR03 MR04 MR05 MR06 MR07 MR09 MR10 MR11 MR12 MR13 MR14,MR01 MR05 MR06 MR07 MR12 MR13 MR14,True,MR01,False
H14-openssl.c,section,M06,authentication,MR01 MR02 MR03 MR04 MR05 MR06 MR07 MR08 MR11 MR12 MR13 MR14,MR04,True,MR04,True
H14-openssl.c,section,M07,artifact binding,MR01 MR02 MR03 MR04 MR05 MR06 MR07 MR08 MR09 MR10 MR11 MR12 MR13 MR14,MR03 MR08 MR09 MR10,True,MR08,False
H14-openssl.c,section,M08,state,MR01 MR02 MR03 MR04 MR05 MR06 MR07 MR08 MR09 MR10 MR11 MR12 MR13 MR14,MR04 MR05 MR09 MR10 MR12 MR13,True,MR04,False
H14-openssl.c,section,M09,false positive,MR01 MR02 MR03 MR04 MR05 MR06 MR07 MR08 MR09 MR10 MR11 MR12 MR13 MR14,MR03 MR04 MR09 MR10,True,MR03,False
H14-openssl.c,section,M10,semantic corruption,MR01 MR02 MR03 MR04 MR05 MR06 MR07 MR08 MR09 MR10 MR11 MR12 MR13 MR14,MR02,True,MR02,True
H14-openssl.c,section,M11,semantic corruption,MR01 MR02 MR03 MR04 MR05 MR06 MR07 MR08 MR09 MR10 MR11 MR12 MR13 MR14,MR02,True,MR02,True
H14-openssl.c,section,M12,stage routing,MR01 MR02 MR03 MR04 MR05 MR06 MR07 MR09 MR10 MR11 MR12 MR13 MR14,MR01 MR05 MR06 MR07 MR12 MR13 MR14,True,MR01,False
H14-openssl.c,section,M13,configuration,MR01 MR02 MR03 MR04 MR05 MR07 MR08 MR09 MR10 MR11 MR12 MR13 MR14,MR11,True,MR11,True
H14-openssl.c,section,M14,configuration,MR01 MR02 MR03 MR04 MR05 MR08 MR09 MR10 MR11 MR12 MR13 MR14,MR11,True,MR11,True
H14-openssl.c,section,M15,transformation,MR01 MR02 MR03 MR04 MR05 MR06 MR07 MR08 MR10 MR11 MR12 MR13 MR14,,False,MR09,False
H14-openssl.c,section,M16,integrity,MR01 MR02 MR03 MR04 MR05 MR06 MR07 MR08 MR09 MR10 MR11 MR12 MR13 MR14,MR10,True,MR10,True
H14-openssl.c,section,M17,artifact binding,MR01 MR02 MR03 MR04 MR05 MR06 MR07 MR08 MR09 MR10 MR11 MR12 MR13 MR14,MR08 MR09 MR10,True,MR08,False
H14-openssl.c,section,M18,state,MR01 MR02 MR03 MR04 MR05 MR08 MR09 MR11 MR12 MR13 MR14,MR05 MR13,True,MR05,False
H14-openssl.c,section,M19,extraction,MR01 MR02 MR03 MR05 MR06 MR07 MR11 MR12 MR13 MR14,MR01 MR05 MR06 MR07 MR12 MR13 MR14,True,MR01,False
H14-openssl.c,section,M20,state,MR01 MR02 MR03 MR04 MR05 MR06 MR07 MR08 MR09 MR10 MR11 MR12 MR13 MR14,MR12,True,MR12,True
H14-openssl.c,section,M21,configuration,MR01 MR02 MR03 MR04 MR05 MR06 MR07 MR08 MR09 MR10 MR11 MR12 MR13 MR14,MR06,True,MR06,True
H14-openssl.c,section,M22,configuration,MR01 MR02 MR03 MR04 MR05 MR06 MR07 MR08 MR09 MR10 MR11 MR12 MR13 MR14,MR07,True,MR07,True
H14-openssl.c,section,M23,state,MR01 MR02 MR03 MR04 MR05 MR06 MR07 MR08 MR09 MR10 MR11 MR12 MR13 MR14,MR13,True,MR13,True
H14-openssl.c,section,M24,state,MR01 MR02 MR03 MR04 MR05 MR06 MR07 MR08 MR09 MR10 MR11 MR12 MR13 MR14,MR14,True,MR14,True
H14-openssl.c,string,M01,embedding,MR01 MR02 MR03 MR04 MR05 MR06 MR07 MR09 MR10 MR11 MR12 MR13 MR14,MR01 MR05 MR06 MR07 MR12 MR13 MR14,True,MR01,False
H14-openssl.c,string,M02,embedding,MR01 MR02 MR03 MR04 MR05 MR06 MR07 MR09 MR10 MR11 MR12 MR13 MR14,MR01 MR05 MR06 MR07 MR12 MR13 MR14,True,MR01,False
H14-openssl.c,string,M03,embedding,MR01 MR02 MR03 MR04 MR05 MR06 MR07 MR09 MR10 MR11 MR12 MR13 MR14,MR01 MR05 MR06 MR07 MR12 MR13 MR14,True,MR01,False
H14-openssl.c,string,M04,state,MR01 MR02 MR03 MR04 MR05 MR06 MR07 MR09 MR10 MR11 MR12 MR13 MR14,MR01 MR05 MR06 MR07 MR12 MR13 MR14,True,MR05,False
H14-openssl.c,string,M05,normalization,MR01 MR02 MR03 MR04 MR05 MR06 MR07 MR09 MR10 MR11 MR12 MR13 MR14,MR01 MR05 MR06 MR07 MR12 MR13 MR14,True,MR01,False
H14-openssl.c,string,M06,authentication,MR01 MR02 MR03 MR04 MR05 MR06 MR07 MR08 MR11 MR12 MR13 MR14,MR04,True,MR04,True
H14-openssl.c,string,M07,artifact binding,MR01 MR02 MR03 MR04 MR05 MR06 MR07 MR08 MR09 MR10 MR11 MR12 MR13 MR14,MR03 MR08 MR09 MR10,True,MR08,False
H14-openssl.c,string,M08,state,MR01 MR02 MR03 MR04 MR05 MR06 MR07 MR08 MR09 MR10 MR11 MR12 MR13 MR14,MR04 MR05 MR09 MR10 MR12 MR13,True,MR04,False
H14-openssl.c,string,M09,false positive,MR01 MR02 MR03 MR04 MR05 MR06 MR07 MR08 MR09 MR10 MR11 MR12 MR13 MR14,MR03 MR04 MR09 MR10,True,MR03,False
H14-openssl.c,string,M10,semantic corruption,MR01 MR02 MR03 MR04 MR05 MR06 MR07 MR08 MR09 MR10 MR11 MR12 MR13 MR14,MR02,True,MR02,True
H14-openssl.c,string,M11,semantic corruption,MR01 MR02 MR03 MR04 MR05 MR06 MR07 MR08 MR09 MR10 MR11 MR12 MR13 MR14,MR02,True,MR02,True
H14-openssl.c,string,M12,stage routing,MR01 MR02 MR03 MR04 MR05 MR06 MR07 MR09 MR10 MR11 MR12 MR13 MR14,MR01 MR05 MR06 MR07 MR12 MR13 MR14,True,MR01,False
H14-openssl.c,string,M13,configuration,MR01 MR02 MR03 MR04 MR05 MR07 MR08 MR09 MR10 MR11 MR12 MR13 MR14,MR11,True,MR11,True
H14-openssl.c,string,M14,configuration,MR01 MR02 MR03 MR04 MR05 MR08 MR09 MR10 MR11 MR12 MR13 MR14,MR11,True,MR11,True
H14-openssl.c,string,M15,transformation,MR01 MR02 MR03 MR04 MR05 MR06 MR07 MR08 MR10 MR11 MR12 MR13 MR14,,False,MR09,False
H14-openssl.c,string,M16,integrity,MR01 MR02 MR03 MR04 MR05 MR06 MR07 MR08 MR09 MR10 MR11 MR12 MR13 MR14,MR10,True,MR10,True
H14-openssl.c,string,M17,artifact binding,MR01 MR02 MR03 MR04 MR05 MR06 MR07 MR08 MR09 MR10 MR11 MR12 MR13 MR14,MR08 MR09 MR10,True,MR08,False
H14-openssl.c,string,M18,state,MR01 MR02 MR03 MR04 MR05 MR08 MR09 MR11 MR12 MR13 MR14,MR05 MR13,True,MR05,False
H14-openssl.c,string,M19,extraction,MR01 MR02 MR03 MR05 MR06 MR07 MR11 MR12 MR13 MR14,MR01 MR05 MR06 MR07 MR12 MR13 MR14,True,MR01,False
H14-openssl.c,string,M20,state,MR01 MR02 MR03 MR04 MR05 MR06 MR07 MR08 MR09 MR10 MR11 MR12 MR13 MR14,MR12,True,MR12,True
H14-openssl.c,string,M21,configuration,MR01 MR02 MR03 MR04 MR05 MR06 MR07 MR08 MR09 MR10 MR11 MR12 MR13 MR14,MR06,True,MR06,True
H14-openssl.c,string,M22,configuration,MR01 MR02 MR03 MR04 MR05 MR06 MR07 MR08 MR09 MR10 MR11 MR12 MR13 MR14,MR07,True,MR07,True
H14-openssl.c,string,M23,state,MR01 MR02 MR03 MR04 MR05 MR06 MR07 MR08 MR09 MR10 MR11 MR12 MR13 MR14,MR13,True,MR13,True
H14-openssl.c,string,M24,state,MR01 MR02 MR03 MR04 MR05 MR06 MR07 MR08 MR09 MR10 MR11 MR12 MR13 MR14,MR14,True,MR14,True
H14-openssl.c,symbol,M01,embedding,MR01 MR02 MR03 MR04 MR05 MR06 MR07 MR09 MR10 MR11 MR12 MR13 MR14,MR01 MR05 MR06 MR07 MR12 MR13 MR14,True,MR01,False
H14-openssl.c,symbol,M02,embedding,MR01 MR02 MR03 MR04 MR05 MR06 MR07 MR09 MR10 MR11 MR12 MR13 MR14,MR01 MR05 MR06 MR07 MR12 MR13 MR14,True,MR01,False
H14-openssl.c,symbol,M03,embedding,MR01 MR02 MR03 MR04 MR05 MR06 MR07 MR09 MR10 MR11 MR12 MR13 MR14,MR01 MR05 MR06 MR07 MR12 MR13 MR14,True,MR01,False
H14-openssl.c,symbol,M04,state,MR01 MR02 MR03 MR04 MR05 MR06 MR07 MR09 MR10 MR11 MR12 MR13 MR14,MR01 MR05 MR06 MR07 MR12 MR13 MR14,True,MR05,False
H14-openssl.c,symbol,M05,normalization,MR01 MR02 MR03 MR04 MR05 MR06 MR07 MR09 MR10 MR11 MR12 MR13 MR14,MR01 MR05 MR06 MR07 MR12 MR13 MR14,True,MR01,False
H14-openssl.c,symbol,M06,authentication,MR01 MR02 MR03 MR04 MR05 MR06 MR07 MR08 MR11 MR12 MR13 MR14,MR04,True,MR04,True
H14-openssl.c,symbol,M07,artifact binding,MR01 MR02 MR03 MR04 MR05 MR06 MR07 MR08 MR09 MR10 MR11 MR12 MR13 MR14,MR03 MR08 MR09 MR10,True,MR08,False
H14-openssl.c,symbol,M08,state,MR01 MR02 MR03 MR04 MR05 MR06 MR07 MR08 MR09 MR10 MR11 MR12 MR13 MR14,MR04 MR05 MR09 MR10 MR12 MR13,True,MR04,False
H14-openssl.c,symbol,M09,false positive,MR01 MR02 MR03 MR04 MR05 MR06 MR07 MR08 MR09 MR10 MR11 MR12 MR13 MR14,MR03 MR04 MR09 MR10,True,MR03,False
H14-openssl.c,symbol,M10,semantic corruption,MR01 MR02 MR03 MR04 MR05 MR06 MR07 MR08 MR09 MR10 MR11 MR12 MR13 MR14,MR02,True,MR02,True
H14-openssl.c,symbol,M11,semantic corruption,MR01 MR02 MR03 MR04 MR05 MR06 MR07 MR08 MR09 MR10 MR11 MR12 MR13 MR14,MR02,True,MR02,True
H14-openssl.c,symbol,M12,stage routing,MR01 MR02 MR03 MR04 MR05 MR06 MR07 MR09 MR10 MR11 MR12 MR13 MR14,MR01 MR05 MR06 MR07 MR12 MR13 MR14,True,MR01,False
H14-openssl.c,symbol,M13,configuration,MR01 MR02 MR03 MR04 MR05 MR07 MR08 MR09 MR10 MR11 MR12 MR13 MR14,MR11,True,MR11,True
H14-openssl.c,symbol,M14,configuration,MR01 MR02 MR03 MR04 MR05 MR08 MR09 MR10 MR11 MR12 MR13 MR14,MR11,True,MR11,True
H14-openssl.c,symbol,M15,transformation,MR01 MR02 MR03 MR04 MR05 MR06 MR07 MR08 MR10 MR11 MR12 MR13 MR14,,False,MR09,False
H14-openssl.c,symbol,M16,integrity,MR01 MR02 MR03 MR04 MR05 MR06 MR07 MR08 MR09 MR10 MR11 MR12 MR13 MR14,MR10,True,MR10,True
H14-openssl.c,symbol,M17,artifact binding,MR01 MR02 MR03 MR04 MR05 MR06 MR07 MR08 MR09 MR10 MR11 MR12 MR13 MR14,MR08 MR09 MR10,True,MR08,False
H14-openssl.c,symbol,M18,state,MR01 MR02 MR03 MR04 MR05 MR08 MR09 MR10 MR11 MR12 MR13 MR14,MR05 MR13,True,MR05,False
H14-openssl.c,symbol,M19,extraction,MR01 MR02 MR03 MR05 MR06 MR07 MR11 MR12 MR13 MR14,MR01 MR05 MR06 MR07 MR12 MR13 MR14,True,MR01,False
H14-openssl.c,symbol,M20,state,MR01 MR02 MR03 MR04 MR05 MR06 MR07 MR08 MR09 MR10 MR11 MR12 MR13 MR14,MR12,True,MR12,True
H14-openssl.c,symbol,M21,configuration,MR01 MR02 MR03 MR04 MR05 MR06 MR07 MR08 MR09 MR10 MR11 MR12 MR13 MR14,MR06,True,MR06,True
H14-openssl.c,symbol,M22,configuration,MR01 MR02 MR03 MR04 MR05 MR06 MR07 MR08 MR09 MR10 MR11 MR12 MR13 MR14,MR07,True,MR07,True
H14-openssl.c,symbol,M23,state,MR01 MR02 MR03 MR04 MR05 MR06 MR07 MR08 MR09 MR10 MR11 MR12 MR13 MR14,MR13,True,MR13,True
H14-openssl.c,symbol,M24,state,MR01 MR02 MR03 MR04 MR05 MR06 MR07 MR08 MR09 MR10 MR11 MR12 MR13 MR14,MR14,True,MR14,True
H15-sqlite.c,section,M01,embedding,MR01 MR02 MR03 MR04 MR05 MR06 MR07 MR09 MR10 MR11 MR12 MR13 MR14,MR01 MR05 MR06 MR07 MR12 MR13 MR14,True,MR01,False
H15-sqlite.c,section,M02,embedding,MR01 MR02 MR03 MR04 MR05 MR06 MR07 MR09 MR10 MR11 MR12 MR13 MR14,MR01 MR05 MR06 MR07 MR12 MR13 MR14,True,MR01,False
H15-sqlite.c,section,M03,embedding,MR01 MR02 MR03 MR04 MR05 MR06 MR07 MR09 MR10 MR11 MR12 MR13 MR14,MR01 MR05 MR06 MR07 MR12 MR13 MR14,True,MR01,False
H15-sqlite.c,section,M04,state,MR01 MR02 MR03 MR04 MR05 MR06 MR07 MR09 MR10 MR11 MR12 MR13 MR14,MR01 MR05 MR06 MR07 MR12 MR13 MR14,True,MR05,False
H15-sqlite.c,section,M05,normalization,MR01 MR02 MR03 MR04 MR05 MR06 MR07 MR09 MR10 MR11 MR12 MR13 MR14,MR01 MR05 MR06 MR07 MR12 MR13 MR14,True,MR01,False
H15-sqlite.c,section,M06,authentication,MR01 MR02 MR03 MR04 MR05 MR06 MR07 MR08 MR11 MR12 MR13 MR14,MR04,True,MR04,True
H15-sqlite.c,section,M07,artifact binding,MR01 MR02 MR03 MR04 MR05 MR06 MR07 MR08 MR09 MR10 MR11 MR12 MR13 MR14,MR03 MR08 MR09 MR10,True,MR08,False
H15-sqlite.c,section,M08,state,MR01 MR02 MR03 MR04 MR05 MR06 MR07 MR08 MR09 MR10 MR11 MR12 MR13 MR14,MR04 MR05 MR09 MR10 MR12 MR13,True,MR04,False
H15-sqlite.c,section,M09,false positive,MR01 MR02 MR03 MR04 MR05 MR06 MR07 MR08 MR09 MR10 MR11 MR12 MR13 MR14,MR03 MR04 MR09 MR10,True,MR03,False
H15-sqlite.c,section,M10,semantic corruption,MR01 MR02 MR03 MR04 MR05 MR06 MR07 MR08 MR09 MR10 MR11 MR12 MR13 MR14,MR02,True,MR02,True
H15-sqlite.c,section,M11,semantic corruption,MR01 MR02 MR03 MR04 MR05 MR06 MR07 MR08 MR09 MR10 MR11 MR12 MR13 MR14,MR02,True,MR02,True
H15-sqlite.c,section,M12,stage routing,MR01 MR02 MR03 MR04 MR05 MR06 MR07 MR09 MR10 MR11 MR12 MR13 MR14,MR01 MR05 MR06 MR07 MR12 MR13 MR14,True,MR01,False
H15-sqlite.c,section,M13,configuration,MR01 MR02 MR03 MR04 MR05 MR07 MR08 MR09 MR10 MR11 MR12 MR13 MR14,MR11,True,MR11,True
H15-sqlite.c,section,M14,configuration,MR01 MR02 MR03 MR04 MR05 MR08 MR09 MR10 MR11 MR12 MR13 MR14,MR11,True,MR11,True
H15-sqlite.c,section,M15,transformation,MR01 MR02 MR03 MR04 MR05 MR06 MR07 MR08 MR10 MR11 MR12 MR13 MR14,,False,MR09,False
H15-sqlite.c,section,M16,integrity,MR01 MR02 MR03 MR04 MR05 MR06 MR07 MR08 MR09 MR10 MR11 MR12 MR13 MR14,MR10,True,MR10,True
H15-sqlite.c,section,M17,artifact binding,MR01 MR02 MR03 MR04 MR05 MR06 MR07 MR08 MR09 MR10 MR11 MR12 MR13 MR14,MR08 MR09 MR10,True,MR08,False
H15-sqlite.c,section,M18,state,MR01 MR02 MR03 MR04 MR05 MR08 MR09 MR11 MR12 MR13 MR14,MR05 MR13,True,MR05,False
H15-sqlite.c,section,M19,extraction,MR01 MR02 MR03 MR05 MR06 MR07 MR11 MR12 MR13 MR14,MR01 MR05 MR06 MR07 MR12 MR13 MR14,True,MR01,False
H15-sqlite.c,section,M20,state,MR01 MR02 MR03 MR04 MR05 MR06 MR07 MR08 MR09 MR10 MR11 MR12 MR13 MR14,MR12,True,MR12,True
H15-sqlite.c,section,M21,configuration,MR01 MR02 MR03 MR04 MR05 MR06 MR07 MR08 MR09 MR10 MR11 MR12 MR13 MR14,MR06,True,MR06,True
H15-sqlite.c,section,M22,configuration,MR01 MR02 MR03 MR04 MR05 MR06 MR07 MR08 MR09 MR10 MR11 MR12 MR13 MR14,MR07,True,MR07,True
H15-sqlite.c,section,M23,state,MR01 MR02 MR03 MR04 MR05 MR06 MR07 MR08 MR09 MR10 MR11 MR12 MR13 MR14,MR13,True,MR13,True
H15-sqlite.c,section,M24,state,MR01 MR02 MR03 MR04 MR05 MR06 MR07 MR08 MR09 MR10 MR11 MR12 MR13 MR14,MR14,True,MR14,True
H15-sqlite.c,string,M01,embedding,MR01 MR02 MR03 MR04 MR05 MR06 MR07 MR09 MR10 MR11 MR12 MR13 MR14,MR01 MR05 MR06 MR07 MR12 MR13 MR14,True,MR01,False
H15-sqlite.c,string,M02,embedding,MR01 MR02 MR03 MR04 MR05 MR06 MR07 MR09 MR10 MR11 MR12 MR13 MR14,MR01 MR05 MR06 MR07 MR12 MR13 MR14,True,MR01,False
H15-sqlite.c,string,M03,embedding,MR01 MR02 MR03 MR04 MR05 MR06 MR07 MR09 MR10 MR11 MR12 MR13 MR14,MR01 MR05 MR06 MR07 MR12 MR13 MR14,True,MR01,False
H15-sqlite.c,string,M04,state,MR01 MR02 MR03 MR04 MR05 MR06 MR07 MR09 MR10 MR11 MR12 MR13 MR14,MR01 MR05 MR06 MR07 MR12 MR13 MR14,True,MR05,False
H15-sqlite.c,string,M05,normalization,MR01 MR02 MR03 MR04 MR05 MR06 MR07 MR09 MR10 MR11 MR12 MR13 MR14,MR01 MR05 MR06 MR07 MR12 MR13 MR14,True,MR01,False
H15-sqlite.c,string,M06,authentication,MR01 MR02 MR03 MR04 MR05 MR06 MR07 MR08 MR11 MR12 MR13 MR14,MR04,True,MR04,True
H15-sqlite.c,string,M07,artifact binding,MR01 MR02 MR03 MR04 MR05 MR06 MR07 MR08 MR09 MR10 MR11 MR12 MR13 MR14,MR03 MR08 MR09 MR10,True,MR08,False
H15-sqlite.c,string,M08,state,MR01 MR02 MR03 MR04 MR05 MR06 MR07 MR08 MR09 MR10 MR11 MR12 MR13 MR14,MR04 MR05 MR09 MR10 MR12 MR13,True,MR04,False
H15-sqlite.c,string,M09,false positive,MR01 MR02 MR03 MR04 MR05 MR06 MR07 MR08 MR09 MR10 MR11 MR12 MR13 MR14,MR03 MR04 MR09 MR10,True,MR03,False
H15-sqlite.c,string,M10,semantic corruption,MR01 MR02 MR03 MR04 MR05 MR06 MR07 MR08 MR09 MR10 MR11 MR12 MR13 MR14,MR02,True,MR02,True
H15-sqlite.c,string,M11,semantic corruption,MR01 MR02 MR03 MR04 MR05 MR06 MR07 MR08 MR09 MR10 MR11 MR12 MR13 MR14,MR02,True,MR02,True
H15-sqlite.c,string,M12,stage routing,MR01 MR02 MR03 MR04 MR05 MR06 MR07 MR09 MR10 MR11 MR12 MR13 MR14,MR01 MR05 MR06 MR07 MR12 MR13 MR14,True,MR01,False
H15-sqlite.c,string,M13,configuration,MR01 MR02 MR03 MR04 MR05 MR07 MR08 MR09 MR10 MR11 MR12 MR13 MR14,MR11,True,MR11,True
H15-sqlite.c,string,M14,configuration,MR01 MR02 MR03 MR04 MR05 MR08 MR09 MR10 MR11 MR12 MR13 MR14,MR11,True,MR11,True
H15-sqlite.c,string,M15,transformation,MR01 MR02 MR03 MR04 MR05 MR06 MR07 MR08 MR10 MR11 MR12 MR13 MR14,,False,MR09,False
H15-sqlite.c,string,M16,integrity,MR01 MR02 MR03 MR04 MR05 MR06 MR07 MR08 MR09 MR10 MR11 MR12 MR13 MR14,MR10,True,MR10,True
H15-sqlite.c,string,M17,artifact binding,MR01 MR02 MR03 MR04 MR05 MR06 MR07 MR08 MR09 MR10 MR11 MR12 MR13 MR14,MR08 MR09 MR10,True,MR08,False
H15-sqlite.c,string,M18,state,MR01 MR02 MR03 MR04 MR05 MR08 MR09 MR11 MR12 MR13 MR14,MR05 MR13,True,MR05,False
H15-sqlite.c,string,M19,extraction,MR01 MR02 MR03 MR05 MR06 MR07 MR11 MR12 MR13 MR14,MR01 MR05 MR06 MR07 MR12 MR13 MR14,True,MR01,False
H15-sqlite.c,string,M20,state,MR01 MR02 MR03 MR04 MR05 MR06 MR07 MR08 MR09 MR10 MR11 MR12 MR13 MR14,MR12,True,MR12,True
H15-sqlite.c,string,M21,configuration,MR01 MR02 MR03 MR04 MR05 MR06 MR07 MR08 MR09 MR10 MR11 MR12 MR13 MR14,MR06,True,MR06,True
H15-sqlite.c,string,M22,configuration,MR01 MR02 MR03 MR04 MR05 MR06 MR07 MR08 MR09 MR10 MR11 MR12 MR13 MR14,MR07,True,MR07,True
H15-sqlite.c,string,M23,state,MR01 MR02 MR03 MR04 MR05 MR06 MR07 MR08 MR09 MR10 MR11 MR12 MR13 MR14,MR13,True,MR13,True
H15-sqlite.c,string,M24,state,MR01 MR02 MR03 MR04 MR05 MR06 MR07 MR08 MR09 MR10 MR11 MR12 MR13 MR14,MR14,True,MR14,True
H15-sqlite.c,symbol,M01,embedding,MR01 MR02 MR03 MR04 MR05 MR06 MR07 MR09 MR10 MR11 MR12 MR13 MR14,MR01 MR05 MR06 MR07 MR12 MR13 MR14,True,MR01,False
H15-sqlite.c,symbol,M02,embedding,MR01 MR02 MR03 MR04 MR05 MR06 MR07 MR09 MR10 MR11 MR12 MR13 MR14,MR01 MR05 MR06 MR07 MR12 MR13 MR14,True,MR01,False
H15-sqlite.c,symbol,M03,embedding,MR01 MR02 MR03 MR04 MR05 MR06 MR07 MR09 MR10 MR11 MR12 MR13 MR14,MR01 MR05 MR06 MR07 MR12 MR13 MR14,True,MR01,False
H15-sqlite.c,symbol,M04,state,MR01 MR02 MR03 MR04 MR05 MR06 MR07 MR09 MR10 MR11 MR12 MR13 MR14,MR01 MR05 MR06 MR07 MR12 MR13 MR14,True,MR05,False
H15-sqlite.c,symbol,M05,normalization,MR01 MR02 MR03 MR04 MR05 MR06 MR07 MR09 MR10 MR11 MR12 MR13 MR14,MR01 MR05 MR06 MR07 MR12 MR13 MR14,True,MR01,False
H15-sqlite.c,symbol,M06,authentication,MR01 MR02 MR03 MR04 MR05 MR06 MR07 MR08 MR11 MR12 MR13 MR14,MR04,True,MR04,True
H15-sqlite.c,symbol,M07,artifact binding,MR01 MR02 MR03 MR04 MR05 MR06 MR07 MR08 MR09 MR10 MR11 MR12 MR13 MR14,MR03 MR08 MR09 MR10,True,MR08,False
H15-sqlite.c,symbol,M08,state,MR01 MR02 MR03 MR04 MR05 MR06 MR07 MR08 MR09 MR10 MR11 MR12 MR13 MR14,MR04 MR05 MR09 MR10 MR12 MR13,True,MR04,False
H15-sqlite.c,symbol,M09,false positive,MR01 MR02 MR03 MR04 MR05 MR06 MR07 MR08 MR09 MR10 MR11 MR12 MR13 MR14,MR03 MR04 MR09 MR10,True,MR03,False
H15-sqlite.c,symbol,M10,semantic corruption,MR01 MR02 MR03 MR04 MR05 MR06 MR07 MR08 MR09 MR10 MR11 MR12 MR13 MR14,MR02,True,MR02,True
H15-sqlite.c,symbol,M11,semantic corruption,MR01 MR02 MR03 MR04 MR05 MR06 MR07 MR08 MR09 MR10 MR11 MR12 MR13 MR14,MR02,True,MR02,True
H15-sqlite.c,symbol,M12,stage routing,MR01 MR02 MR03 MR04 MR05 MR06 MR07 MR09 MR10 MR11 MR12 MR13 MR14,MR01 MR05 MR06 MR07 MR12 MR13 MR14,True,MR01,False
H15-sqlite.c,symbol,M13,configuration,MR01 MR02 MR03 MR04 MR05 MR07 MR08 MR09 MR10 MR11 MR12 MR13 MR14,MR11,True,MR11,True
H15-sqlite.c,symbol,M14,configuration,MR01 MR02 MR03 MR04 MR05 MR08 MR09 MR10 MR11 MR12 MR13 MR14,MR11,True,MR11,True
H15-sqlite.c,symbol,M15,transformation,MR01 MR02 MR03 MR04 MR05 MR06 MR07 MR08 MR10 MR11 MR12 MR13 MR14,,False,MR09,False
H15-sqlite.c,symbol,M16,integrity,MR01 MR02 MR03 MR04 MR05 MR06 MR07 MR08 MR09 MR10 MR11 MR12 MR13 MR14,MR10,True,MR10,True
H15-sqlite.c,symbol,M17,artifact binding,MR01 MR02 MR03 MR04 MR05 MR06 MR07 MR08 MR09 MR10 MR11 MR12 MR13 MR14,MR08 MR09 MR10,True,MR08,False
H15-sqlite.c,symbol,M18,state,MR01 MR02 MR03 MR04 MR05 MR08 MR09 MR10 MR11 MR12 MR13 MR14,MR05 MR13,True,MR05,False
H15-sqlite.c,symbol,M19,extraction,MR01 MR02 MR03 MR05 MR06 MR07 MR11 MR12 MR13 MR14,MR01 MR05 MR06 MR07 MR12 MR13 MR14,True,MR01,False
H15-sqlite.c,symbol,M20,state,MR01 MR02 MR03 MR04 MR05 MR06 MR07 MR08 MR09 MR10 MR11 MR12 MR13 MR14,MR12,True,MR12,True
H15-sqlite.c,symbol,M21,configuration,MR01 MR02 MR03 MR04 MR05 MR06 MR07 MR08 MR09 MR10 MR11 MR12 MR13 MR14,MR06,True,MR06,True
H15-sqlite.c,symbol,M22,configuration,MR01 MR02 MR03 MR04 MR05 MR06 MR07 MR08 MR09 MR10 MR11 MR12 MR13 MR14,MR07,True,MR07,True
H15-sqlite.c,symbol,M23,state,MR01 MR02 MR03 MR04 MR05 MR06 MR07 MR08 MR09 MR10 MR11 MR12 MR13 MR14,MR13,True,MR13,True
H15-sqlite.c,symbol,M24,state,MR01 MR02 MR03 MR04 MR05 MR06 MR07 MR08 MR09 MR10 MR11 MR12 MR13 MR14,MR14,True,MR14,True
H16-xml.c,section,M01,embedding,MR01 MR02 MR03 MR04 MR05 MR06 MR07 MR09 MR10 MR11 MR12 MR13 MR14,MR01 MR05 MR06 MR07 MR12 MR13 MR14,True,MR01,False
H16-xml.c,section,M02,embedding,MR01 MR02 MR03 MR04 MR05 MR06 MR07 MR09 MR10 MR11 MR12 MR13 MR14,MR01 MR05 MR06 MR07 MR12 MR13 MR14,True,MR01,False
H16-xml.c,section,M03,embedding,MR01 MR02 MR03 MR04 MR05 MR06 MR07 MR09 MR10 MR11 MR12 MR13 MR14,MR01 MR05 MR06 MR07 MR12 MR13 MR14,True,MR01,False
H16-xml.c,section,M04,state,MR01 MR02 MR03 MR04 MR05 MR06 MR07 MR09 MR10 MR11 MR12 MR13 MR14,MR01 MR05 MR06 MR07 MR12 MR13 MR14,True,MR05,False
H16-xml.c,section,M05,normalization,MR01 MR02 MR03 MR04 MR05 MR06 MR07 MR09 MR10 MR11 MR12 MR13 MR14,MR01 MR05 MR06 MR07 MR12 MR13 MR14,True,MR01,False
H16-xml.c,section,M06,authentication,MR01 MR02 MR03 MR04 MR05 MR06 MR07 MR08 MR11 MR12 MR13 MR14,MR04,True,MR04,True
H16-xml.c,section,M07,artifact binding,MR01 MR02 MR03 MR04 MR05 MR06 MR07 MR08 MR09 MR10 MR11 MR12 MR13 MR14,MR03 MR08 MR09 MR10,True,MR08,False
H16-xml.c,section,M08,state,MR01 MR02 MR03 MR04 MR05 MR06 MR07 MR08 MR09 MR10 MR11 MR12 MR13 MR14,MR04 MR05 MR09 MR10 MR12 MR13,True,MR04,False
H16-xml.c,section,M09,false positive,MR01 MR02 MR03 MR04 MR05 MR06 MR07 MR08 MR09 MR10 MR11 MR12 MR13 MR14,MR03 MR04 MR09 MR10,True,MR03,False
H16-xml.c,section,M10,semantic corruption,MR01 MR02 MR03 MR04 MR05 MR06 MR07 MR08 MR09 MR10 MR11 MR12 MR13 MR14,MR02,True,MR02,True
H16-xml.c,section,M11,semantic corruption,MR01 MR02 MR03 MR04 MR05 MR06 MR07 MR08 MR09 MR10 MR11 MR12 MR13 MR14,MR02,True,MR02,True
H16-xml.c,section,M12,stage routing,MR01 MR02 MR03 MR04 MR05 MR06 MR07 MR09 MR10 MR11 MR12 MR13 MR14,MR01 MR05 MR06 MR07 MR12 MR13 MR14,True,MR01,False
H16-xml.c,section,M13,configuration,MR01 MR02 MR03 MR04 MR05 MR07 MR08 MR09 MR10 MR11 MR12 MR13 MR14,MR11,True,MR11,True
H16-xml.c,section,M14,configuration,MR01 MR02 MR03 MR04 MR05 MR08 MR09 MR10 MR11 MR12 MR13 MR14,MR11,True,MR11,True
H16-xml.c,section,M15,transformation,MR01 MR02 MR03 MR04 MR05 MR06 MR07 MR08 MR10 MR11 MR12 MR13 MR14,,False,MR09,False
H16-xml.c,section,M16,integrity,MR01 MR02 MR03 MR04 MR05 MR06 MR07 MR08 MR09 MR10 MR11 MR12 MR13 MR14,MR10,True,MR10,True
H16-xml.c,section,M17,artifact binding,MR01 MR02 MR03 MR04 MR05 MR06 MR07 MR08 MR09 MR10 MR11 MR12 MR13 MR14,MR08 MR09 MR10,True,MR08,False
H16-xml.c,section,M18,state,MR01 MR02 MR03 MR04 MR05 MR08 MR09 MR11 MR12 MR13 MR14,MR05 MR13,True,MR05,False
H16-xml.c,section,M19,extraction,MR01 MR02 MR03 MR05 MR06 MR07 MR11 MR12 MR13 MR14,MR01 MR05 MR06 MR07 MR12 MR13 MR14,True,MR01,False
H16-xml.c,section,M20,state,MR01 MR02 MR03 MR04 MR05 MR06 MR07 MR08 MR09 MR10 MR11 MR12 MR13 MR14,MR12,True,MR12,True
H16-xml.c,section,M21,configuration,MR01 MR02 MR03 MR04 MR05 MR06 MR07 MR08 MR09 MR10 MR11 MR12 MR13 MR14,MR06,True,MR06,True
H16-xml.c,section,M22,configuration,MR01 MR02 MR03 MR04 MR05 MR06 MR07 MR08 MR09 MR10 MR11 MR12 MR13 MR14,MR07,True,MR07,True
H16-xml.c,section,M23,state,MR01 MR02 MR03 MR04 MR05 MR06 MR07 MR08 MR09 MR10 MR11 MR12 MR13 MR14,MR13,True,MR13,True
H16-xml.c,section,M24,state,MR01 MR02 MR03 MR04 MR05 MR06 MR07 MR08 MR09 MR10 MR11 MR12 MR13 MR14,MR14,True,MR14,True
H16-xml.c,string,M01,embedding,MR01 MR02 MR03 MR04 MR05 MR06 MR07 MR09 MR10 MR11 MR12 MR13 MR14,MR01 MR05 MR06 MR07 MR12 MR13 MR14,True,MR01,False
H16-xml.c,string,M02,embedding,MR01 MR02 MR03 MR04 MR05 MR06 MR07 MR09 MR10 MR11 MR12 MR13 MR14,MR01 MR05 MR06 MR07 MR12 MR13 MR14,True,MR01,False
H16-xml.c,string,M03,embedding,MR01 MR02 MR03 MR04 MR05 MR06 MR07 MR09 MR10 MR11 MR12 MR13 MR14,MR01 MR05 MR06 MR07 MR12 MR13 MR14,True,MR01,False
H16-xml.c,string,M04,state,MR01 MR02 MR03 MR04 MR05 MR06 MR07 MR09 MR10 MR11 MR12 MR13 MR14,MR01 MR05 MR06 MR07 MR12 MR13 MR14,True,MR05,False
H16-xml.c,string,M05,normalization,MR01 MR02 MR03 MR04 MR05 MR06 MR07 MR09 MR10 MR11 MR12 MR13 MR14,MR01 MR05 MR06 MR07 MR12 MR13 MR14,True,MR01,False
H16-xml.c,string,M06,authentication,MR01 MR02 MR03 MR04 MR05 MR06 MR07 MR08 MR11 MR12 MR13 MR14,MR04,True,MR04,True
H16-xml.c,string,M07,artifact binding,MR01 MR02 MR03 MR04 MR05 MR06 MR07 MR08 MR09 MR10 MR11 MR12 MR13 MR14,MR03 MR08 MR09 MR10,True,MR08,False
H16-xml.c,string,M08,state,MR01 MR02 MR03 MR04 MR05 MR06 MR07 MR08 MR09 MR10 MR11 MR12 MR13 MR14,MR04 MR05 MR09 MR10 MR12 MR13,True,MR04,False
H16-xml.c,string,M09,false positive,MR01 MR02 MR03 MR04 MR05 MR06 MR07 MR08 MR09 MR10 MR11 MR12 MR13 MR14,MR03 MR04 MR09 MR10,True,MR03,False
H16-xml.c,string,M10,semantic corruption,MR01 MR02 MR03 MR04 MR05 MR06 MR07 MR08 MR09 MR10 MR11 MR12 MR13 MR14,MR02,True,MR02,True
H16-xml.c,string,M11,semantic corruption,MR01 MR02 MR03 MR04 MR05 MR06 MR07 MR08 MR09 MR10 MR11 MR12 MR13 MR14,MR02,True,MR02,True
H16-xml.c,string,M12,stage routing,MR01 MR02 MR03 MR04 MR05 MR06 MR07 MR09 MR10 MR11 MR12 MR13 MR14,MR01 MR05 MR06 MR07 MR12 MR13 MR14,True,MR01,False
H16-xml.c,string,M13,configuration,MR01 MR02 MR03 MR04 MR05 MR07 MR08 MR09 MR10 MR11 MR12 MR13 MR14,MR11,True,MR11,True
H16-xml.c,string,M14,configuration,MR01 MR02 MR03 MR04 MR05 MR08 MR09 MR10 MR11 MR12 MR13 MR14,MR11,True,MR11,True
H16-xml.c,string,M15,transformation,MR01 MR02 MR03 MR04 MR05 MR06 MR07 MR08 MR10 MR11 MR12 MR13 MR14,,False,MR09,False
H16-xml.c,string,M16,integrity,MR01 MR02 MR03 MR04 MR05 MR06 MR07 MR08 MR09 MR10 MR11 MR12 MR13 MR14,MR10,True,MR10,True
H16-xml.c,string,M17,artifact binding,MR01 MR02 MR03 MR04 MR05 MR06 MR07 MR08 MR09 MR10 MR11 MR12 MR13 MR14,MR08 MR09 MR10,True,MR08,False
H16-xml.c,string,M18,state,MR01 MR02 MR03 MR04 MR05 MR08 MR09 MR11 MR12 MR13 MR14,MR05 MR13,True,MR05,False
H16-xml.c,string,M19,extraction,MR01 MR02 MR03 MR05 MR06 MR07 MR11 MR12 MR13 MR14,MR01 MR05 MR06 MR07 MR12 MR13 MR14,True,MR01,False
H16-xml.c,string,M20,state,MR01 MR02 MR03 MR04 MR05 MR06 MR07 MR08 MR09 MR10 MR11 MR12 MR13 MR14,MR12,True,MR12,True
H16-xml.c,string,M21,configuration,MR01 MR02 MR03 MR04 MR05 MR06 MR07 MR08 MR09 MR10 MR11 MR12 MR13 MR14,MR06,True,MR06,True
H16-xml.c,string,M22,configuration,MR01 MR02 MR03 MR04 MR05 MR06 MR07 MR08 MR09 MR10 MR11 MR12 MR13 MR14,MR07,True,MR07,True
H16-xml.c,string,M23,state,MR01 MR02 MR03 MR04 MR05 MR06 MR07 MR08 MR09 MR10 MR11 MR12 MR13 MR14,MR13,True,MR13,True
H16-xml.c,string,M24,state,MR01 MR02 MR03 MR04 MR05 MR06 MR07 MR08 MR09 MR10 MR11 MR12 MR13 MR14,MR14,True,MR14,True
H16-xml.c,symbol,M01,embedding,MR01 MR02 MR03 MR04 MR05 MR06 MR07 MR09 MR10 MR11 MR12 MR13 MR14,MR01 MR05 MR06 MR07 MR12 MR13 MR14,True,MR01,False
H16-xml.c,symbol,M02,embedding,MR01 MR02 MR03 MR04 MR05 MR06 MR07 MR09 MR10 MR11 MR12 MR13 MR14,MR01 MR05 MR06 MR07 MR12 MR13 MR14,True,MR01,False
H16-xml.c,symbol,M03,embedding,MR01 MR02 MR03 MR04 MR05 MR06 MR07 MR09 MR10 MR11 MR12 MR13 MR14,MR01 MR05 MR06 MR07 MR12 MR13 MR14,True,MR01,False
H16-xml.c,symbol,M04,state,MR01 MR02 MR03 MR04 MR05 MR06 MR07 MR09 MR10 MR11 MR12 MR13 MR14,MR01 MR05 MR06 MR07 MR12 MR13 MR14,True,MR05,False
H16-xml.c,symbol,M05,normalization,MR01 MR02 MR03 MR04 MR05 MR06 MR07 MR09 MR10 MR11 MR12 MR13 MR14,MR01 MR05 MR06 MR07 MR12 MR13 MR14,True,MR01,False
H16-xml.c,symbol,M06,authentication,MR01 MR02 MR03 MR04 MR05 MR06 MR07 MR08 MR11 MR12 MR13 MR14,MR04,True,MR04,True
H16-xml.c,symbol,M07,artifact binding,MR01 MR02 MR03 MR04 MR05 MR06 MR07 MR08 MR09 MR10 MR11 MR12 MR13 MR14,MR03 MR08 MR09 MR10,True,MR08,False
H16-xml.c,symbol,M08,state,MR01 MR02 MR03 MR04 MR05 MR06 MR07 MR08 MR09 MR10 MR11 MR12 MR13 MR14,MR04 MR05 MR09 MR10 MR12 MR13,True,MR04,False
H16-xml.c,symbol,M09,false positive,MR01 MR02 MR03 MR04 MR05 MR06 MR07 MR08 MR09 MR10 MR11 MR12 MR13 MR14,MR03 MR04 MR09 MR10,True,MR03,False
H16-xml.c,symbol,M10,semantic corruption,MR01 MR02 MR03 MR04 MR05 MR06 MR07 MR08 MR09 MR10 MR11 MR12 MR13 MR14,MR02,True,MR02,True
H16-xml.c,symbol,M11,semantic corruption,MR01 MR02 MR03 MR04 MR05 MR06 MR07 MR08 MR09 MR10 MR11 MR12 MR13 MR14,MR02,True,MR02,True
H16-xml.c,symbol,M12,stage routing,MR01 MR02 MR03 MR04 MR05 MR06 MR07 MR09 MR10 MR11 MR12 MR13 MR14,MR01 MR05 MR06 MR07 MR12 MR13 MR14,True,MR01,False
H16-xml.c,symbol,M13,configuration,MR01 MR02 MR03 MR04 MR05 MR07 MR08 MR09 MR10 MR11 MR12 MR13 MR14,MR11,True,MR11,True
H16-xml.c,symbol,M14,configuration,MR01 MR02 MR03 MR04 MR05 MR08 MR09 MR10 MR11 MR12 MR13 MR14,MR11,True,MR11,True
H16-xml.c,symbol,M15,transformation,MR01 MR02 MR03 MR04 MR05 MR06 MR07 MR08 MR10 MR11 MR12 MR13 MR14,,False,MR09,False
H16-xml.c,symbol,M16,integrity,MR01 MR02 MR03 MR04 MR05 MR06 MR07 MR08 MR09 MR10 MR11 MR12 MR13 MR14,MR10,True,MR10,True
H16-xml.c,symbol,M17,artifact binding,MR01 MR02 MR03 MR04 MR05 MR06 MR07 MR08 MR09 MR10 MR11 MR12 MR13 MR14,MR08 MR09 MR10,True,MR08,False
H16-xml.c,symbol,M18,state,MR01 MR02 MR03 MR04 MR05 MR08 MR09 MR10 MR11 MR12 MR13 MR14,MR05 MR13,True,MR05,False
H16-xml.c,symbol,M19,extraction,MR01 MR02 MR03 MR05 MR06 MR07 MR11 MR12 MR13 MR14,MR01 MR05 MR06 MR07 MR12 MR13 MR14,True,MR01,False
H16-xml.c,symbol,M20,state,MR01 MR02 MR03 MR04 MR05 MR06 MR07 MR08 MR09 MR10 MR11 MR12 MR13 MR14,MR12,True,MR12,True
H16-xml.c,symbol,M21,configuration,MR01 MR02 MR03 MR04 MR05 MR06 MR07 MR08 MR09 MR10 MR11 MR12 MR13 MR14,MR06,True,MR06,True
H16-xml.c,symbol,M22,configuration,MR01 MR02 MR03 MR04 MR05 MR06 MR07 MR08 MR09 MR10 MR11 MR12 MR13 MR14,MR07,True,MR07,True
H16-xml.c,symbol,M23,state,MR01 MR02 MR03 MR04 MR05 MR06 MR07 MR08 MR09 MR10 MR11 MR12 MR13 MR14,MR13,True,MR13,True
H16-xml.c,symbol,M24,state,MR01 MR02 MR03 MR04 MR05 MR06 MR07 MR08 MR09 MR10 MR11 MR12 MR13 MR14,MR14,True,MR14,True
H17-json.c,section,M01,embedding,MR01 MR02 MR03 MR04 MR05 MR06 MR07 MR09 MR10 MR11 MR12 MR13 MR14,MR01 MR05 MR06 MR07 MR12 MR13 MR14,True,MR01,False
H17-json.c,section,M02,embedding,MR01 MR02 MR03 MR04 MR05 MR06 MR07 MR09 MR10 MR11 MR12 MR13 MR14,MR01 MR05 MR06 MR07 MR12 MR13 MR14,True,MR01,False
H17-json.c,section,M03,embedding,MR01 MR02 MR03 MR04 MR05 MR06 MR07 MR09 MR10 MR11 MR12 MR13 MR14,MR01 MR05 MR06 MR07 MR12 MR13 MR14,True,MR01,False
H17-json.c,section,M04,state,MR01 MR02 MR03 MR04 MR05 MR06 MR07 MR09 MR10 MR11 MR12 MR13 MR14,MR01 MR05 MR06 MR07 MR12 MR13 MR14,True,MR05,False
H17-json.c,section,M05,normalization,MR01 MR02 MR03 MR04 MR05 MR06 MR07 MR09 MR10 MR11 MR12 MR13 MR14,MR01 MR05 MR06 MR07 MR12 MR13 MR14,True,MR01,False
H17-json.c,section,M06,authentication,MR01 MR02 MR03 MR04 MR05 MR06 MR07 MR08 MR11 MR12 MR13 MR14,MR04,True,MR04,True
H17-json.c,section,M07,artifact binding,MR01 MR02 MR03 MR04 MR05 MR06 MR07 MR08 MR09 MR10 MR11 MR12 MR13 MR14,MR03 MR08 MR09 MR10,True,MR08,False
H17-json.c,section,M08,state,MR01 MR02 MR03 MR04 MR05 MR06 MR07 MR08 MR09 MR10 MR11 MR12 MR13 MR14,MR04 MR05 MR09 MR10 MR12 MR13,True,MR04,False
H17-json.c,section,M09,false positive,MR01 MR02 MR03 MR04 MR05 MR06 MR07 MR08 MR09 MR10 MR11 MR12 MR13 MR14,MR03 MR04 MR09 MR10,True,MR03,False
H17-json.c,section,M10,semantic corruption,MR01 MR02 MR03 MR04 MR05 MR06 MR07 MR08 MR09 MR10 MR11 MR12 MR13 MR14,MR02,True,MR02,True
H17-json.c,section,M11,semantic corruption,MR01 MR02 MR03 MR04 MR05 MR06 MR07 MR08 MR09 MR10 MR11 MR12 MR13 MR14,MR02,True,MR02,True
H17-json.c,section,M12,stage routing,MR01 MR02 MR03 MR04 MR05 MR06 MR07 MR09 MR10 MR11 MR12 MR13 MR14,MR01 MR05 MR06 MR07 MR12 MR13 MR14,True,MR01,False
H17-json.c,section,M13,configuration,MR01 MR02 MR03 MR04 MR05 MR07 MR08 MR09 MR10 MR11 MR12 MR13 MR14,MR11,True,MR11,True
H17-json.c,section,M14,configuration,MR01 MR02 MR03 MR04 MR05 MR08 MR09 MR10 MR11 MR12 MR13 MR14,MR11,True,MR11,True
H17-json.c,section,M15,transformation,MR01 MR02 MR03 MR04 MR05 MR06 MR07 MR08 MR10 MR11 MR12 MR13 MR14,,False,MR09,False
H17-json.c,section,M16,integrity,MR01 MR02 MR03 MR04 MR05 MR06 MR07 MR08 MR09 MR10 MR11 MR12 MR13 MR14,MR10,True,MR10,True
H17-json.c,section,M17,artifact binding,MR01 MR02 MR03 MR04 MR05 MR06 MR07 MR08 MR09 MR10 MR11 MR12 MR13 MR14,MR08 MR09 MR10,True,MR08,False
H17-json.c,section,M18,state,MR01 MR02 MR03 MR04 MR05 MR08 MR09 MR11 MR12 MR13 MR14,MR05 MR13,True,MR05,False
H17-json.c,section,M19,extraction,MR01 MR02 MR03 MR05 MR06 MR07 MR11 MR12 MR13 MR14,MR01 MR05 MR06 MR07 MR12 MR13 MR14,True,MR01,False
H17-json.c,section,M20,state,MR01 MR02 MR03 MR04 MR05 MR06 MR07 MR08 MR09 MR10 MR11 MR12 MR13 MR14,MR12,True,MR12,True
H17-json.c,section,M21,configuration,MR01 MR02 MR03 MR04 MR05 MR06 MR07 MR08 MR09 MR10 MR11 MR12 MR13 MR14,MR06,True,MR06,True
H17-json.c,section,M22,configuration,MR01 MR02 MR03 MR04 MR05 MR06 MR07 MR08 MR09 MR10 MR11 MR12 MR13 MR14,MR07,True,MR07,True
H17-json.c,section,M23,state,MR01 MR02 MR03 MR04 MR05 MR06 MR07 MR08 MR09 MR10 MR11 MR12 MR13 MR14,MR13,True,MR13,True
H17-json.c,section,M24,state,MR01 MR02 MR03 MR04 MR05 MR06 MR07 MR08 MR09 MR10 MR11 MR12 MR13 MR14,MR14,True,MR14,True
H17-json.c,string,M01,embedding,MR01 MR02 MR03 MR04 MR05 MR06 MR07 MR09 MR10 MR11 MR12 MR13 MR14,MR01 MR05 MR06 MR07 MR12 MR13 MR14,True,MR01,False
H17-json.c,string,M02,embedding,MR01 MR02 MR03 MR04 MR05 MR06 MR07 MR09 MR10 MR11 MR12 MR13 MR14,MR01 MR05 MR06 MR07 MR12 MR13 MR14,True,MR01,False
H17-json.c,string,M03,embedding,MR01 MR02 MR03 MR04 MR05 MR06 MR07 MR09 MR10 MR11 MR12 MR13 MR14,MR01 MR05 MR06 MR07 MR12 MR13 MR14,True,MR01,False
H17-json.c,string,M04,state,MR01 MR02 MR03 MR04 MR05 MR06 MR07 MR09 MR10 MR11 MR12 MR13 MR14,MR01 MR05 MR06 MR07 MR12 MR13 MR14,True,MR05,False
H17-json.c,string,M05,normalization,MR01 MR02 MR03 MR04 MR05 MR06 MR07 MR09 MR10 MR11 MR12 MR13 MR14,MR01 MR05 MR06 MR07 MR12 MR13 MR14,True,MR01,False
H17-json.c,string,M06,authentication,MR01 MR02 MR03 MR04 MR05 MR06 MR07 MR08 MR11 MR12 MR13 MR14,MR04,True,MR04,True
H17-json.c,string,M07,artifact binding,MR01 MR02 MR03 MR04 MR05 MR06 MR07 MR08 MR09 MR10 MR11 MR12 MR13 MR14,MR03 MR08 MR09 MR10,True,MR08,False
H17-json.c,string,M08,state,MR01 MR02 MR03 MR04 MR05 MR06 MR07 MR08 MR09 MR10 MR11 MR12 MR13 MR14,MR04 MR05 MR09 MR10 MR12 MR13,True,MR04,False
H17-json.c,string,M09,false positive,MR01 MR02 MR03 MR04 MR05 MR06 MR07 MR08 MR09 MR10 MR11 MR12 MR13 MR14,MR03 MR04 MR09 MR10,True,MR03,False
H17-json.c,string,M10,semantic corruption,MR01 MR02 MR03 MR04 MR05 MR06 MR07 MR08 MR09 MR10 MR11 MR12 MR13 MR14,MR02,True,MR02,True
H17-json.c,string,M11,semantic corruption,MR01 MR02 MR03 MR04 MR05 MR06 MR07 MR08 MR09 MR10 MR11 MR12 MR13 MR14,MR02,True,MR02,True
H17-json.c,string,M12,stage routing,MR01 MR02 MR03 MR04 MR05 MR06 MR07 MR09 MR10 MR11 MR12 MR13 MR14,MR01 MR05 MR06 MR07 MR12 MR13 MR14,True,MR01,False
H17-json.c,string,M13,configuration,MR01 MR02 MR03 MR04 MR05 MR07 MR08 MR09 MR10 MR11 MR12 MR13 MR14,MR11,True,MR11,True
H17-json.c,string,M14,configuration,MR01 MR02 MR03 MR04 MR05 MR08 MR09 MR10 MR11 MR12 MR13 MR14,MR11,True,MR11,True
H17-json.c,string,M15,transformation,MR01 MR02 MR03 MR04 MR05 MR06 MR07 MR08 MR10 MR11 MR12 MR13 MR14,,False,MR09,False
H17-json.c,string,M16,integrity,MR01 MR02 MR03 MR04 MR05 MR06 MR07 MR08 MR09 MR10 MR11 MR12 MR13 MR14,MR10,True,MR10,True
H17-json.c,string,M17,artifact binding,MR01 MR02 MR03 MR04 MR05 MR06 MR07 MR08 MR09 MR10 MR11 MR12 MR13 MR14,MR08 MR09 MR10,True,MR08,False
H17-json.c,string,M18,state,MR01 MR02 MR03 MR04 MR05 MR08 MR09 MR11 MR12 MR13 MR14,MR05 MR13,True,MR05,False
H17-json.c,string,M19,extraction,MR01 MR02 MR03 MR05 MR06 MR07 MR11 MR12 MR13 MR14,MR01 MR05 MR06 MR07 MR12 MR13 MR14,True,MR01,False
H17-json.c,string,M20,state,MR01 MR02 MR03 MR04 MR05 MR06 MR07 MR08 MR09 MR10 MR11 MR12 MR13 MR14,MR12,True,MR12,True
H17-json.c,string,M21,configuration,MR01 MR02 MR03 MR04 MR05 MR06 MR07 MR08 MR09 MR10 MR11 MR12 MR13 MR14,MR06,True,MR06,True
H17-json.c,string,M22,configuration,MR01 MR02 MR03 MR04 MR05 MR06 MR07 MR08 MR09 MR10 MR11 MR12 MR13 MR14,MR07,True,MR07,True
H17-json.c,string,M23,state,MR01 MR02 MR03 MR04 MR05 MR06 MR07 MR08 MR09 MR10 MR11 MR12 MR13 MR14,MR13,True,MR13,True
H17-json.c,string,M24,state,MR01 MR02 MR03 MR04 MR05 MR06 MR07 MR08 MR09 MR10 MR11 MR12 MR13 MR14,MR14,True,MR14,True
H17-json.c,symbol,M01,embedding,MR01 MR02 MR03 MR04 MR05 MR06 MR07 MR09 MR10 MR11 MR12 MR13 MR14,MR01 MR05 MR06 MR07 MR12 MR13 MR14,True,MR01,False
H17-json.c,symbol,M02,embedding,MR01 MR02 MR03 MR04 MR05 MR06 MR07 MR09 MR10 MR11 MR12 MR13 MR14,MR01 MR05 MR06 MR07 MR12 MR13 MR14,True,MR01,False
H17-json.c,symbol,M03,embedding,MR01 MR02 MR03 MR04 MR05 MR06 MR07 MR09 MR10 MR11 MR12 MR13 MR14,MR01 MR05 MR06 MR07 MR12 MR13 MR14,True,MR01,False
H17-json.c,symbol,M04,state,MR01 MR02 MR03 MR04 MR05 MR06 MR07 MR09 MR10 MR11 MR12 MR13 MR14,MR01 MR05 MR06 MR07 MR12 MR13 MR14,True,MR05,False
H17-json.c,symbol,M05,normalization,MR01 MR02 MR03 MR04 MR05 MR06 MR07 MR09 MR10 MR11 MR12 MR13 MR14,MR01 MR05 MR06 MR07 MR12 MR13 MR14,True,MR01,False
H17-json.c,symbol,M06,authentication,MR01 MR02 MR03 MR04 MR05 MR06 MR07 MR08 MR11 MR12 MR13 MR14,MR04,True,MR04,True
H17-json.c,symbol,M07,artifact binding,MR01 MR02 MR03 MR04 MR05 MR06 MR07 MR08 MR09 MR10 MR11 MR12 MR13 MR14,MR03 MR08 MR09 MR10,True,MR08,False
H17-json.c,symbol,M08,state,MR01 MR02 MR03 MR04 MR05 MR06 MR07 MR08 MR09 MR10 MR11 MR12 MR13 MR14,MR04 MR05 MR09 MR10 MR12 MR13,True,MR04,False
H17-json.c,symbol,M09,false positive,MR01 MR02 MR03 MR04 MR05 MR06 MR07 MR08 MR09 MR10 MR11 MR12 MR13 MR14,MR03 MR04 MR09 MR10,True,MR03,False
H17-json.c,symbol,M10,semantic corruption,MR01 MR02 MR03 MR04 MR05 MR06 MR07 MR08 MR09 MR10 MR11 MR12 MR13 MR14,MR02,True,MR02,True
H17-json.c,symbol,M11,semantic corruption,MR01 MR02 MR03 MR04 MR05 MR06 MR07 MR08 MR09 MR10 MR11 MR12 MR13 MR14,MR02,True,MR02,True
H17-json.c,symbol,M12,stage routing,MR01 MR02 MR03 MR04 MR05 MR06 MR07 MR09 MR10 MR11 MR12 MR13 MR14,MR01 MR05 MR06 MR07 MR12 MR13 MR14,True,MR01,False
H17-json.c,symbol,M13,configuration,MR01 MR02 MR03 MR04 MR05 MR07 MR08 MR09 MR10 MR11 MR12 MR13 MR14,MR11,True,MR11,True
H17-json.c,symbol,M14,configuration,MR01 MR02 MR03 MR04 MR05 MR08 MR09 MR10 MR11 MR12 MR13 MR14,MR11,True,MR11,True
H17-json.c,symbol,M15,transformation,MR01 MR02 MR03 MR04 MR05 MR06 MR07 MR08 MR10 MR11 MR12 MR13 MR14,,False,MR09,False
H17-json.c,symbol,M16,integrity,MR01 MR02 MR03 MR04 MR05 MR06 MR07 MR08 MR09 MR10 MR11 MR12 MR13 MR14,MR10,True,MR10,True
H17-json.c,symbol,M17,artifact binding,MR01 MR02 MR03 MR04 MR05 MR06 MR07 MR08 MR09 MR10 MR11 MR12 MR13 MR14,MR08 MR09 MR10,True,MR08,False
H17-json.c,symbol,M18,state,MR01 MR02 MR03 MR04 MR05 MR08 MR09 MR10 MR11 MR12 MR13 MR14,MR05 MR13,True,MR05,False
H17-json.c,symbol,M19,extraction,MR01 MR02 MR03 MR05 MR06 MR07 MR11 MR12 MR13 MR14,MR01 MR05 MR06 MR07 MR12 MR13 MR14,True,MR01,False
H17-json.c,symbol,M20,state,MR01 MR02 MR03 MR04 MR05 MR06 MR07 MR08 MR09 MR10 MR11 MR12 MR13 MR14,MR12,True,MR12,True
H17-json.c,symbol,M21,configuration,MR01 MR02 MR03 MR04 MR05 MR06 MR07 MR08 MR09 MR10 MR11 MR12 MR13 MR14,MR06,True,MR06,True
H17-json.c,symbol,M22,configuration,MR01 MR02 MR03 MR04 MR05 MR06 MR07 MR08 MR09 MR10 MR11 MR12 MR13 MR14,MR07,True,MR07,True
H17-json.c,symbol,M23,state,MR01 MR02 MR03 MR04 MR05 MR06 MR07 MR08 MR09 MR10 MR11 MR12 MR13 MR14,MR13,True,MR13,True
H17-json.c,symbol,M24,state,MR01 MR02 MR03 MR04 MR05 MR06 MR07 MR08 MR09 MR10 MR11 MR12 MR13 MR14,MR14,True,MR14,True
H18-png.c,section,M01,embedding,MR01 MR02 MR03 MR04 MR05 MR06 MR07 MR09 MR10 MR11 MR12 MR13 MR14,MR01 MR05 MR06 MR07 MR12 MR13 MR14,True,MR01,False
H18-png.c,section,M02,embedding,MR01 MR02 MR03 MR04 MR05 MR06 MR07 MR09 MR10 MR11 MR12 MR13 MR14,MR01 MR05 MR06 MR07 MR12 MR13 MR14,True,MR01,False
H18-png.c,section,M03,embedding,MR01 MR02 MR03 MR04 MR05 MR06 MR07 MR09 MR10 MR11 MR12 MR13 MR14,MR01 MR05 MR06 MR07 MR12 MR13 MR14,True,MR01,False
H18-png.c,section,M04,state,MR01 MR02 MR03 MR04 MR05 MR06 MR07 MR09 MR10 MR11 MR12 MR13 MR14,MR01 MR05 MR06 MR07 MR12 MR13 MR14,True,MR05,False
H18-png.c,section,M05,normalization,MR01 MR02 MR03 MR04 MR05 MR06 MR07 MR09 MR10 MR11 MR12 MR13 MR14,MR01 MR05 MR06 MR07 MR12 MR13 MR14,True,MR01,False
H18-png.c,section,M06,authentication,MR01 MR02 MR03 MR04 MR05 MR06 MR07 MR08 MR11 MR12 MR13 MR14,MR04,True,MR04,True
H18-png.c,section,M07,artifact binding,MR01 MR02 MR03 MR04 MR05 MR06 MR07 MR08 MR09 MR10 MR11 MR12 MR13 MR14,MR03 MR08 MR09 MR10,True,MR08,False
H18-png.c,section,M08,state,MR01 MR02 MR03 MR04 MR05 MR06 MR07 MR08 MR09 MR10 MR11 MR12 MR13 MR14,MR04 MR05 MR09 MR10 MR12 MR13,True,MR04,False
H18-png.c,section,M09,false positive,MR01 MR02 MR03 MR04 MR05 MR06 MR07 MR08 MR09 MR10 MR11 MR12 MR13 MR14,MR03 MR04 MR09 MR10,True,MR03,False
H18-png.c,section,M10,semantic corruption,MR01 MR02 MR03 MR04 MR05 MR06 MR07 MR08 MR09 MR10 MR11 MR12 MR13 MR14,MR02,True,MR02,True
H18-png.c,section,M11,semantic corruption,MR01 MR02 MR03 MR04 MR05 MR06 MR07 MR08 MR09 MR10 MR11 MR12 MR13 MR14,MR02,True,MR02,True
H18-png.c,section,M12,stage routing,MR01 MR02 MR03 MR04 MR05 MR06 MR07 MR09 MR10 MR11 MR12 MR13 MR14,MR01 MR05 MR06 MR07 MR12 MR13 MR14,True,MR01,False
H18-png.c,section,M13,configuration,MR01 MR02 MR03 MR04 MR05 MR07 MR08 MR09 MR10 MR11 MR12 MR13 MR14,MR11,True,MR11,True
H18-png.c,section,M14,configuration,MR01 MR02 MR03 MR04 MR05 MR08 MR09 MR10 MR11 MR12 MR13 MR14,MR11,True,MR11,True
H18-png.c,section,M15,transformation,MR01 MR02 MR03 MR04 MR05 MR06 MR07 MR08 MR10 MR11 MR12 MR13 MR14,,False,MR09,False
H18-png.c,section,M16,integrity,MR01 MR02 MR03 MR04 MR05 MR06 MR07 MR08 MR09 MR10 MR11 MR12 MR13 MR14,MR10,True,MR10,True
H18-png.c,section,M17,artifact binding,MR01 MR02 MR03 MR04 MR05 MR06 MR07 MR08 MR09 MR10 MR11 MR12 MR13 MR14,MR08 MR09 MR10,True,MR08,False
H18-png.c,section,M18,state,MR01 MR02 MR03 MR04 MR05 MR08 MR09 MR11 MR12 MR13 MR14,MR05 MR13,True,MR05,False
H18-png.c,section,M19,extraction,MR01 MR02 MR03 MR05 MR06 MR07 MR11 MR12 MR13 MR14,MR01 MR05 MR06 MR07 MR12 MR13 MR14,True,MR01,False
H18-png.c,section,M20,state,MR01 MR02 MR03 MR04 MR05 MR06 MR07 MR08 MR09 MR10 MR11 MR12 MR13 MR14,MR12,True,MR12,True
H18-png.c,section,M21,configuration,MR01 MR02 MR03 MR04 MR05 MR06 MR07 MR08 MR09 MR10 MR11 MR12 MR13 MR14,MR06,True,MR06,True
H18-png.c,section,M22,configuration,MR01 MR02 MR03 MR04 MR05 MR06 MR07 MR08 MR09 MR10 MR11 MR12 MR13 MR14,MR07,True,MR07,True
H18-png.c,section,M23,state,MR01 MR02 MR03 MR04 MR05 MR06 MR07 MR08 MR09 MR10 MR11 MR12 MR13 MR14,MR13,True,MR13,True
H18-png.c,section,M24,state,MR01 MR02 MR03 MR04 MR05 MR06 MR07 MR08 MR09 MR10 MR11 MR12 MR13 MR14,MR14,True,MR14,True
H18-png.c,string,M01,embedding,MR01 MR02 MR03 MR04 MR05 MR06 MR07 MR09 MR10 MR11 MR12 MR13 MR14,MR01 MR05 MR06 MR07 MR12 MR13 MR14,True,MR01,False
H18-png.c,string,M02,embedding,MR01 MR02 MR03 MR04 MR05 MR06 MR07 MR09 MR10 MR11 MR12 MR13 MR14,MR01 MR05 MR06 MR07 MR12 MR13 MR14,True,MR01,False
H18-png.c,string,M03,embedding,MR01 MR02 MR03 MR04 MR05 MR06 MR07 MR09 MR10 MR11 MR12 MR13 MR14,MR01 MR05 MR06 MR07 MR12 MR13 MR14,True,MR01,False
H18-png.c,string,M04,state,MR01 MR02 MR03 MR04 MR05 MR06 MR07 MR09 MR10 MR11 MR12 MR13 MR14,MR01 MR05 MR06 MR07 MR12 MR13 MR14,True,MR05,False
H18-png.c,string,M05,normalization,MR01 MR02 MR03 MR04 MR05 MR06 MR07 MR09 MR10 MR11 MR12 MR13 MR14,MR01 MR05 MR06 MR07 MR12 MR13 MR14,True,MR01,False
H18-png.c,string,M06,authentication,MR01 MR02 MR03 MR04 MR05 MR06 MR07 MR08 MR11 MR12 MR13 MR14,MR04,True,MR04,True
H18-png.c,string,M07,artifact binding,MR01 MR02 MR03 MR04 MR05 MR06 MR07 MR08 MR09 MR10 MR11 MR12 MR13 MR14,MR03 MR08 MR09 MR10,True,MR08,False
H18-png.c,string,M08,state,MR01 MR02 MR03 MR04 MR05 MR06 MR07 MR08 MR09 MR10 MR11 MR12 MR13 MR14,MR04 MR05 MR09 MR10 MR12 MR13,True,MR04,False
H18-png.c,string,M09,false positive,MR01 MR02 MR03 MR04 MR05 MR06 MR07 MR08 MR09 MR10 MR11 MR12 MR13 MR14,MR03 MR04 MR09 MR10,True,MR03,False
H18-png.c,string,M10,semantic corruption,MR01 MR02 MR03 MR04 MR05 MR06 MR07 MR08 MR09 MR10 MR11 MR12 MR13 MR14,MR02,True,MR02,True
H18-png.c,string,M11,semantic corruption,MR01 MR02 MR03 MR04 MR05 MR06 MR07 MR08 MR09 MR10 MR11 MR12 MR13 MR14,MR02,True,MR02,True
H18-png.c,string,M12,stage routing,MR01 MR02 MR03 MR04 MR05 MR06 MR07 MR09 MR10 MR11 MR12 MR13 MR14,MR01 MR05 MR06 MR07 MR12 MR13 MR14,True,MR01,False
H18-png.c,string,M13,configuration,MR01 MR02 MR03 MR04 MR05 MR07 MR08 MR09 MR10 MR11 MR12 MR13 MR14,MR11,True,MR11,True
H18-png.c,string,M14,configuration,MR01 MR02 MR03 MR04 MR05 MR08 MR09 MR10 MR11 MR12 MR13 MR14,MR11,True,MR11,True
H18-png.c,string,M15,transformation,MR01 MR02 MR03 MR04 MR05 MR06 MR07 MR08 MR10 MR11 MR12 MR13 MR14,,False,MR09,False
H18-png.c,string,M16,integrity,MR01 MR02 MR03 MR04 MR05 MR06 MR07 MR08 MR09 MR10 MR11 MR12 MR13 MR14,MR10,True,MR10,True
H18-png.c,string,M17,artifact binding,MR01 MR02 MR03 MR04 MR05 MR06 MR07 MR08 MR09 MR10 MR11 MR12 MR13 MR14,MR08 MR09 MR10,True,MR08,False
H18-png.c,string,M18,state,MR01 MR02 MR03 MR04 MR05 MR08 MR09 MR11 MR12 MR13 MR14,MR05 MR13,True,MR05,False
H18-png.c,string,M19,extraction,MR01 MR02 MR03 MR05 MR06 MR07 MR11 MR12 MR13 MR14,MR01 MR05 MR06 MR07 MR12 MR13 MR14,True,MR01,False
H18-png.c,string,M20,state,MR01 MR02 MR03 MR04 MR05 MR06 MR07 MR08 MR09 MR10 MR11 MR12 MR13 MR14,MR12,True,MR12,True
H18-png.c,string,M21,configuration,MR01 MR02 MR03 MR04 MR05 MR06 MR07 MR08 MR09 MR10 MR11 MR12 MR13 MR14,MR06,True,MR06,True
H18-png.c,string,M22,configuration,MR01 MR02 MR03 MR04 MR05 MR06 MR07 MR08 MR09 MR10 MR11 MR12 MR13 MR14,MR07,True,MR07,True
H18-png.c,string,M23,state,MR01 MR02 MR03 MR04 MR05 MR06 MR07 MR08 MR09 MR10 MR11 MR12 MR13 MR14,MR13,True,MR13,True
H18-png.c,string,M24,state,MR01 MR02 MR03 MR04 MR05 MR06 MR07 MR08 MR09 MR10 MR11 MR12 MR13 MR14,MR14,True,MR14,True
H18-png.c,symbol,M01,embedding,MR01 MR02 MR03 MR04 MR05 MR06 MR07 MR09 MR10 MR11 MR12 MR13 MR14,MR01 MR05 MR06 MR07 MR12 MR13 MR14,True,MR01,False
H18-png.c,symbol,M02,embedding,MR01 MR02 MR03 MR04 MR05 MR06 MR07 MR09 MR10 MR11 MR12 MR13 MR14,MR01 MR05 MR06 MR07 MR12 MR13 MR14,True,MR01,False
H18-png.c,symbol,M03,embedding,MR01 MR02 MR03 MR04 MR05 MR06 MR07 MR09 MR10 MR11 MR12 MR13 MR14,MR01 MR05 MR06 MR07 MR12 MR13 MR14,True,MR01,False
H18-png.c,symbol,M04,state,MR01 MR02 MR03 MR04 MR05 MR06 MR07 MR09 MR10 MR11 MR12 MR13 MR14,MR01 MR05 MR06 MR07 MR12 MR13 MR14,True,MR05,False
H18-png.c,symbol,M05,normalization,MR01 MR02 MR03 MR04 MR05 MR06 MR07 MR09 MR10 MR11 MR12 MR13 MR14,MR01 MR05 MR06 MR07 MR12 MR13 MR14,True,MR01,False
H18-png.c,symbol,M06,authentication,MR01 MR02 MR03 MR04 MR05 MR06 MR07 MR08 MR11 MR12 MR13 MR14,MR04,True,MR04,True
H18-png.c,symbol,M07,artifact binding,MR01 MR02 MR03 MR04 MR05 MR06 MR07 MR08 MR09 MR10 MR11 MR12 MR13 MR14,MR03 MR08 MR09 MR10,True,MR08,False
H18-png.c,symbol,M08,state,MR01 MR02 MR03 MR04 MR05 MR06 MR07 MR08 MR09 MR10 MR11 MR12 MR13 MR14,MR04 MR05 MR09 MR10 MR12 MR13,True,MR04,False
H18-png.c,symbol,M09,false positive,MR01 MR02 MR03 MR04 MR05 MR06 MR07 MR08 MR09 MR10 MR11 MR12 MR13 MR14,MR03 MR04 MR09 MR10,True,MR03,False
H18-png.c,symbol,M10,semantic corruption,MR01 MR02 MR03 MR04 MR05 MR06 MR07 MR08 MR09 MR10 MR11 MR12 MR13 MR14,MR02,True,MR02,True
H18-png.c,symbol,M11,semantic corruption,MR01 MR02 MR03 MR04 MR05 MR06 MR07 MR08 MR09 MR10 MR11 MR12 MR13 MR14,MR02,True,MR02,True
H18-png.c,symbol,M12,stage routing,MR01 MR02 MR03 MR04 MR05 MR06 MR07 MR09 MR10 MR11 MR12 MR13 MR14,MR01 MR05 MR06 MR07 MR12 MR13 MR14,True,MR01,False
H18-png.c,symbol,M13,configuration,MR01 MR02 MR03 MR04 MR05 MR07 MR08 MR09 MR10 MR11 MR12 MR13 MR14,MR11,True,MR11,True
H18-png.c,symbol,M14,configuration,MR01 MR02 MR03 MR04 MR05 MR08 MR09 MR10 MR11 MR12 MR13 MR14,MR11,True,MR11,True
H18-png.c,symbol,M15,transformation,MR01 MR02 MR03 MR04 MR05 MR06 MR07 MR08 MR10 MR11 MR12 MR13 MR14,,False,MR09,False
H18-png.c,symbol,M16,integrity,MR01 MR02 MR03 MR04 MR05 MR06 MR07 MR08 MR09 MR10 MR11 MR12 MR13 MR14,MR10,True,MR10,True
H18-png.c,symbol,M17,artifact binding,MR01 MR02 MR03 MR04 MR05 MR06 MR07 MR08 MR09 MR10 MR11 MR12 MR13 MR14,MR08 MR09 MR10,True,MR08,False
H18-png.c,symbol,M18,state,MR01 MR02 MR03 MR04 MR05 MR08 MR09 MR10 MR11 MR12 MR13 MR14,MR05 MR13,True,MR05,False
H18-png.c,symbol,M19,extraction,MR01 MR02 MR03 MR05 MR06 MR07 MR11 MR12 MR13 MR14,MR01 MR05 MR06 MR07 MR12 MR13 MR14,True,MR01,False
H18-png.c,symbol,M20,state,MR01 MR02 MR03 MR04 MR05 MR06 MR07 MR08 MR09 MR10 MR11 MR12 MR13 MR14,MR12,True,MR12,True
H18-png.c,symbol,M21,configuration,MR01 MR02 MR03 MR04 MR05 MR06 MR07 MR08 MR09 MR10 MR11 MR12 MR13 MR14,MR06,True,MR06,True
H18-png.c,symbol,M22,configuration,MR01 MR02 MR03 MR04 MR05 MR06 MR07 MR08 MR09 MR10 MR11 MR12 MR13 MR14,MR07,True,MR07,True
H18-png.c,symbol,M23,state,MR01 MR02 MR03 MR04 MR05 MR06 MR07 MR08 MR09 MR10 MR11 MR12 MR13 MR14,MR13,True,MR13,True
H18-png.c,symbol,M24,state,MR01 MR02 MR03 MR04 MR05 MR06 MR07 MR08 MR09 MR10 MR11 MR12 MR13 MR14,MR14,True,MR14,True
