surface,host,host_sha256,carrier,defect_id,defect_operator,fault_class,relation_id,relation_name,polarity,pass,killed,detail,duration_seconds,exception_class,pilot,observations_json
pilot_mutation,H01-gcd.c,bf207a4afdd7e623be4bd0751bdc1917c0ee550af0f38c0531b25bb726d1710c,string,M01,embed_noop,embedding,MR01,Round-trip fidelity,preserve,False,True,exception:ExtractionError:logical record magic not found,0.057394,ExtractionError,True,{}
pilot_mutation,H01-gcd.c,bf207a4afdd7e623be4bd0751bdc1917c0ee550af0f38c0531b25bb726d1710c,string,M01,embed_noop,embedding,MR02,Host-semantic preservation,preserve,True,False,mismatch_count=0,0.149225,,True,"{""mismatches"":[]}"
pilot_mutation,H01-gcd.c,bf207a4afdd7e623be4bd0751bdc1917c0ee550af0f38c0531b25bb726d1710c,string,M01,embed_noop,embedding,MR03,Unmarked rejection,reject,True,False,rejected:absent:logical record magic not found,0.04189,,True,"{""unmarked_binary_sha256"":""17288de5d8ffc83b2223ee650ec19f96fa9b779f3eb45b8e2433c730b7a1e3e2""}"
pilot_mutation,H01-gcd.c,bf207a4afdd7e623be4bd0751bdc1917c0ee550af0f38c0531b25bb726d1710c,string,M01,embed_noop,embedding,MR04,Wrong-key rejection,reject,True,False,rejected:wrong-key:key tag mismatch,0.052385,,True,"{""antecedent_guarded"":true,""antecedent_hex"":""4d6f7270682d3031""}"
pilot_mutation,H01-gcd.c,bf207a4afdd7e623be4bd0751bdc1917c0ee550af0f38c0531b25bb726d1710c,string,M01,embed_noop,embedding,MR05,Payload separation,separate,False,True,exception:ExtractionError:logical record magic not found,0.094355,ExtractionError,True,{}
pilot_mutation,H01-gcd.c,bf207a4afdd7e623be4bd0751bdc1917c0ee550af0f38c0531b25bb726d1710c,string,M01,embed_noop,embedding,MR06,Cross-compiler invariance,preserve,False,True,exception:ExtractionError:logical record magic not found,0.096504,ExtractionError,True,{}
pilot_mutation,H01-gcd.c,bf207a4afdd7e623be4bd0751bdc1917c0ee550af0f38c0531b25bb726d1710c,string,M01,embed_noop,embedding,MR07,Optimization invariance,preserve,False,True,exception:ExtractionError:logical record magic not found,0.23609,ExtractionError,True,{}
pilot_mutation,H01-gcd.c,bf207a4afdd7e623be4bd0751bdc1917c0ee550af0f38c0531b25bb726d1710c,string,M01,embed_noop,embedding,MR08,Clean-room relocation,preserve,False,True,exception:ExtractionError:logical record magic not found,0.060341,ExtractionError,True,{}
pilot_mutation,H01-gcd.c,bf207a4afdd7e623be4bd0751bdc1917c0ee550af0f38c0531b25bb726d1710c,string,M01,embed_noop,embedding,MR09,Carrier-removal rejection,reject,True,False,rejected:absent:logical record magic not found,0.05072,,True,"{""antecedent_guarded"":true}"
pilot_mutation,H01-gcd.c,bf207a4afdd7e623be4bd0751bdc1917c0ee550af0f38c0531b25bb726d1710c,string,M01,embed_noop,embedding,MR10,Carrier-corruption rejection,reject,True,False,rejected:checksum:payload checksum mismatch,0.055887,,True,"{""antecedent_guarded"":true}"
pilot_mutation,H01-gcd.c,bf207a4afdd7e623be4bd0751bdc1917c0ee550af0f38c0531b25bb726d1710c,string,M01,embed_noop,embedding,MR11,Requested/actual trace agreement,trace,True,False,requested=clang/Os;actual=clang/Os,0.086757,,True,"{""build"":{""actual_compiler"":""clang"",""actual_optimization"":""Os"",""binary"":""WORKDIR/string/M01/MR11/trace/build-01/artifact.bin"",""binary_sha256"":""8979583311288d6755db67bfb67a745238b66729f18570b075945ee29c1a551b"",""carrier"":""string"",""command"":[""clang"",""-std=c11"",""-fno-ident"",""-no-pie"",""-Os"",""WORKDIR/string/M01/MR11/trace/build-01/host.c"",""-o"",""WORKDIR/string/M01/MR11/trace/build-01/artifact.bin""],""effective_payload_hex"":""4d6f7270682d3031"",""key"":""key-alpha"",""mutant_id"":""M01"",""requested_compiler"":""clang"",""requested_optimization"":""Os"",""requested_payload_hex"":""4d6f7270682d3031"",""return_code"":0,""source"":""WORKDIR/string/M01/MR11/trace/build-01/host.c"",""source_sha256"":""bf207a4afdd7e623be4bd0751bdc1917c0ee550af0f38c0531b25bb726d1710c"",""stderr"":""""}}"
pilot_mutation,H01-gcd.c,bf207a4afdd7e623be4bd0751bdc1917c0ee550af0f38c0531b25bb726d1710c,string,M01,embed_noop,embedding,MR12,Interleaved artifact isolation,separate,False,True,exception:ExtractionError:logical record magic not found,0.093765,ExtractionError,True,{}
pilot_mutation,H01-gcd.c,bf207a4afdd7e623be4bd0751bdc1917c0ee550af0f38c0531b25bb726d1710c,string,M01,embed_noop,embedding,MR13,Reordered extraction independence,preserve,False,True,exception:ExtractionError:logical record magic not found,0.067878,ExtractionError,True,{}
pilot_mutation,H01-gcd.c,bf207a4afdd7e623be4bd0751bdc1917c0ee550af0f38c0531b25bb726d1710c,string,M01,embed_noop,embedding,MR14,Rebuild stability,preserve,False,True,exception:ExtractionError:logical record magic not found,0.05958,ExtractionError,True,{}
pilot_mutation,H01-gcd.c,bf207a4afdd7e623be4bd0751bdc1917c0ee550af0f38c0531b25bb726d1710c,string,M02,truncate_payload,embedding,MR01,Round-trip fidelity,preserve,False,True,extracted=b'Morph-0',0.05573,,True,"{""build"":{""actual_compiler"":""gcc"",""actual_optimization"":""O2"",""binary"":""WORKDIR/string/M02/MR01/marked/build-01/artifact.bin"",""binary_sha256"":""ee43d19a87f12565d075161a630931729c372e79739f022dbbb8cb3da7576bbf"",""carrier"":""string"",""command"":[""gcc"",""-std=c11"",""-fno-ident"",""-no-pie"",""-O2"",""WORKDIR/string/M02/MR01/marked/build-01/host.c"",""-o"",""WORKDIR/string/M02/MR01/marked/build-01/artifact.bin""],""effective_payload_hex"":""4d6f7270682d30"",""key"":""key-alpha"",""mutant_id"":""M02"",""requested_compiler"":""gcc"",""requested_optimization"":""O2"",""requested_payload_hex"":""4d6f7270682d3031"",""return_code"":0,""source"":""WORKDIR/string/M02/MR01/marked/build-01/host.c"",""source_sha256"":""e43dbf27b243f9638108af68015eb54481ff910ea3c7b83106e3e21d3a49df03"",""stderr"":""""},""extracted_hex"":""4d6f7270682d30""}"
pilot_mutation,H01-gcd.c,bf207a4afdd7e623be4bd0751bdc1917c0ee550af0f38c0531b25bb726d1710c,string,M02,truncate_payload,embedding,MR02,Host-semantic preservation,preserve,True,False,mismatch_count=0,0.173608,,True,"{""mismatches"":[]}"
pilot_mutation,H01-gcd.c,bf207a4afdd7e623be4bd0751bdc1917c0ee550af0f38c0531b25bb726d1710c,string,M02,truncate_payload,embedding,MR03,Unmarked rejection,reject,True,False,rejected:absent:logical record magic not found,0.0548,,True,"{""unmarked_binary_sha256"":""17288de5d8ffc83b2223ee650ec19f96fa9b779f3eb45b8e2433c730b7a1e3e2""}"
pilot_mutation,H01-gcd.c,bf207a4afdd7e623be4bd0751bdc1917c0ee550af0f38c0531b25bb726d1710c,string,M02,truncate_payload,embedding,MR04,Wrong-key rejection,reject,True,False,rejected:wrong-key:key tag mismatch,0.055036,,True,"{""antecedent_guarded"":true,""antecedent_hex"":""4d6f7270682d3031""}"
pilot_mutation,H01-gcd.c,bf207a4afdd7e623be4bd0751bdc1917c0ee550af0f38c0531b25bb726d1710c,string,M02,truncate_payload,embedding,MR05,Payload separation,separate,False,True,first=b'Morph-0';second=b'Second-',0.121497,,True,"{""execution_order"":""sequential-builds-then-extract"",""first_hex"":""4d6f7270682d30"",""second_hex"":""5365636f6e642d""}"
pilot_mutation,H01-gcd.c,bf207a4afdd7e623be4bd0751bdc1917c0ee550af0f38c0531b25bb726d1710c,string,M02,truncate_payload,embedding,MR06,Cross-compiler invariance,preserve,False,True,"payloads=b'Morph-0',b'Morph-0';semantic_equal=True",0.149482,,True,"{""clang_actual"":""clang"",""gcc_actual"":""gcc""}"
pilot_mutation,H01-gcd.c,bf207a4afdd7e623be4bd0751bdc1917c0ee550af0f38c0531b25bb726d1710c,string,M02,truncate_payload,embedding,MR07,Optimization invariance,preserve,False,True,"payloads=['Morph-0', 'Morph-0', 'Morph-0'];semantic_equal=True",0.207005,,True,{}
pilot_mutation,H01-gcd.c,bf207a4afdd7e623be4bd0751bdc1917c0ee550af0f38c0531b25bb726d1710c,string,M02,truncate_payload,embedding,MR08,Clean-room relocation,preserve,False,True,source_mismatch=b'Morph-0',0.070347,,True,"{""source_hex"":""4d6f7270682d30""}"
pilot_mutation,H01-gcd.c,bf207a4afdd7e623be4bd0751bdc1917c0ee550af0f38c0531b25bb726d1710c,string,M02,truncate_payload,embedding,MR09,Carrier-removal rejection,reject,True,False,rejected:absent:logical record magic not found,0.062487,,True,"{""antecedent_guarded"":true}"
pilot_mutation,H01-gcd.c,bf207a4afdd7e623be4bd0751bdc1917c0ee550af0f38c0531b25bb726d1710c,string,M02,truncate_payload,embedding,MR10,Carrier-corruption rejection,reject,True,False,rejected:checksum:payload checksum mismatch,0.059633,,True,"{""antecedent_guarded"":true}"
pilot_mutation,H01-gcd.c,bf207a4afdd7e623be4bd0751bdc1917c0ee550af0f38c0531b25bb726d1710c,string,M02,truncate_payload,embedding,MR11,Requested/actual trace agreement,trace,True,False,requested=clang/Os;actual=clang/Os,0.06914,,True,"{""build"":{""actual_compiler"":""clang"",""actual_optimization"":""Os"",""binary"":""WORKDIR/string/M02/MR11/trace/build-01/artifact.bin"",""binary_sha256"":""3eec78fc76884d4848d6711a9993e844905f864aaba0d7b2d7cd2ffc51356342"",""carrier"":""string"",""command"":[""clang"",""-std=c11"",""-fno-ident"",""-no-pie"",""-Os"",""WORKDIR/string/M02/MR11/trace/build-01/host.c"",""-o"",""WORKDIR/string/M02/MR11/trace/build-01/artifact.bin""],""effective_payload_hex"":""4d6f7270682d30"",""key"":""key-alpha"",""mutant_id"":""M02"",""requested_compiler"":""clang"",""requested_optimization"":""Os"",""requested_payload_hex"":""4d6f7270682d3031"",""return_code"":0,""source"":""WORKDIR/string/M02/MR11/trace/build-01/host.c"",""source_sha256"":""e43dbf27b243f9638108af68015eb54481ff910ea3c7b83106e3e21d3a49df03"",""stderr"":""""}}"
pilot_mutation,H01-gcd.c,bf207a4afdd7e623be4bd0751bdc1917c0ee550af0f38c0531b25bb726d1710c,string,M02,truncate_payload,embedding,MR12,Interleaved artifact isolation,separate,False,True,parallel_isolation_clause_violated,0.067066,,True,"{""aliasing_detected"":false,""both_expected"":false,""execution_order"":""overlapping-builds-then-extract"",""payloads_distinct"":true}"
pilot_mutation,H01-gcd.c,bf207a4afdd7e623be4bd0751bdc1917c0ee550af0f38c0531b25bb726d1710c,string,M02,truncate_payload,embedding,MR13,Reordered extraction independence,preserve,False,True,before=b'Morph-0';intervening=b'Second-';after=b'Morph-0',0.112655,,True,"{""intervening_extraction"":true}"
pilot_mutation,H01-gcd.c,bf207a4afdd7e623be4bd0751bdc1917c0ee550af0f38c0531b25bb726d1710c,string,M02,truncate_payload,embedding,MR14,Rebuild stability,preserve,False,True,first=b'Morph-0';second=b'Morph-0',0.123827,,True,"{""binary_bytes_equal"":true,""execution_order"":""build1-extract1-build2-extract2""}"
pilot_mutation,H01-gcd.c,bf207a4afdd7e623be4bd0751bdc1917c0ee550af0f38c0531b25bb726d1710c,string,M03,flip_payload,embedding,MR01,Round-trip fidelity,preserve,False,True,extracted=b'Lorph-01',0.084046,,True,"{""build"":{""actual_compiler"":""gcc"",""actual_optimization"":""O2"",""binary"":""WORKDIR/string/M03/MR01/marked/build-01/artifact.bin"",""binary_sha256"":""363414fc62c63620859c1da0c4801ceb555efd7dcd755def33a03209c39a3058"",""carrier"":""string"",""command"":[""gcc"",""-std=c11"",""-fno-ident"",""-no-pie"",""-O2"",""WORKDIR/string/M03/MR01/marked/build-01/host.c"",""-o"",""WORKDIR/string/M03/MR01/marked/build-01/artifact.bin""],""effective_payload_hex"":""4c6f7270682d3031"",""key"":""key-alpha"",""mutant_id"":""M03"",""requested_compiler"":""gcc"",""requested_optimization"":""O2"",""requested_payload_hex"":""4d6f7270682d3031"",""return_code"":0,""source"":""WORKDIR/string/M03/MR01/marked/build-01/host.c"",""source_sha256"":""9dbb69d9b8bd7e75272ddc06848e4235e4d6bf8be837b0a13f3cdf0e0981c200"",""stderr"":""""},""extracted_hex"":""4c6f7270682d3031""}"
pilot_mutation,H01-gcd.c,bf207a4afdd7e623be4bd0751bdc1917c0ee550af0f38c0531b25bb726d1710c,string,M03,flip_payload,embedding,MR02,Host-semantic preservation,preserve,True,False,mismatch_count=0,0.158638,,True,"{""mismatches"":[]}"
pilot_mutation,H01-gcd.c,bf207a4afdd7e623be4bd0751bdc1917c0ee550af0f38c0531b25bb726d1710c,string,M03,flip_payload,embedding,MR03,Unmarked rejection,reject,True,False,rejected:absent:logical record magic not found,0.062502,,True,"{""unmarked_binary_sha256"":""17288de5d8ffc83b2223ee650ec19f96fa9b779f3eb45b8e2433c730b7a1e3e2""}"
pilot_mutation,H01-gcd.c,bf207a4afdd7e623be4bd0751bdc1917c0ee550af0f38c0531b25bb726d1710c,string,M03,flip_payload,embedding,MR04,Wrong-key rejection,reject,True,False,rejected:wrong-key:key tag mismatch,0.053218,,True,"{""antecedent_guarded"":true,""antecedent_hex"":""4d6f7270682d3031""}"
pilot_mutation,H01-gcd.c,bf207a4afdd7e623be4bd0751bdc1917c0ee550af0f38c0531b25bb726d1710c,string,M03,flip_payload,embedding,MR05,Payload separation,separate,False,True,first=b'Lorph-01';second=b'Recond-2',0.138926,,True,"{""execution_order"":""sequential-builds-then-extract"",""first_hex"":""4c6f7270682d3031"",""second_hex"":""5265636f6e642d32""}"
pilot_mutation,H01-gcd.c,bf207a4afdd7e623be4bd0751bdc1917c0ee550af0f38c0531b25bb726d1710c,string,M03,flip_payload,embedding,MR06,Cross-compiler invariance,preserve,False,True,"payloads=b'Lorph-01',b'Lorph-01';semantic_equal=True",0.186453,,True,"{""clang_actual"":""clang"",""gcc_actual"":""gcc""}"
pilot_mutation,H01-gcd.c,bf207a4afdd7e623be4bd0751bdc1917c0ee550af0f38c0531b25bb726d1710c,string,M03,flip_payload,embedding,MR07,Optimization invariance,preserve,False,True,"payloads=['Lorph-01', 'Lorph-01', 'Lorph-01'];semantic_equal=True",0.201317,,True,{}
pilot_mutation,H01-gcd.c,bf207a4afdd7e623be4bd0751bdc1917c0ee550af0f38c0531b25bb726d1710c,string,M03,flip_payload,embedding,MR08,Clean-room relocation,preserve,False,True,source_mismatch=b'Lorph-01',0.079675,,True,"{""source_hex"":""4c6f7270682d3031""}"
pilot_mutation,H01-gcd.c,bf207a4afdd7e623be4bd0751bdc1917c0ee550af0f38c0531b25bb726d1710c,string,M03,flip_payload,embedding,MR09,Carrier-removal rejection,reject,True,False,rejected:absent:logical record magic not found,0.065201,,True,"{""antecedent_guarded"":true}"
pilot_mutation,H01-gcd.c,bf207a4afdd7e623be4bd0751bdc1917c0ee550af0f38c0531b25bb726d1710c,string,M03,flip_payload,embedding,MR10,Carrier-corruption rejection,reject,True,False,rejected:checksum:payload checksum mismatch,0.063852,,True,"{""antecedent_guarded"":true}"
pilot_mutation,H01-gcd.c,bf207a4afdd7e623be4bd0751bdc1917c0ee550af0f38c0531b25bb726d1710c,string,M03,flip_payload,embedding,MR11,Requested/actual trace agreement,trace,True,False,requested=clang/Os;actual=clang/Os,0.074249,,True,"{""build"":{""actual_compiler"":""clang"",""actual_optimization"":""Os"",""binary"":""WORKDIR/string/M03/MR11/trace/build-01/artifact.bin"",""binary_sha256"":""1f630f4432f3c7bfd3627ba9803a8723191a229606a403e59438fcb82a35b670"",""carrier"":""string"",""command"":[""clang"",""-std=c11"",""-fno-ident"",""-no-pie"",""-Os"",""WORKDIR/string/M03/MR11/trace/build-01/host.c"",""-o"",""WORKDIR/string/M03/MR11/trace/build-01/artifact.bin""],""effective_payload_hex"":""4c6f7270682d3031"",""key"":""key-alpha"",""mutant_id"":""M03"",""requested_compiler"":""clang"",""requested_optimization"":""Os"",""requested_payload_hex"":""4d6f7270682d3031"",""return_code"":0,""source"":""WORKDIR/string/M03/MR11/trace/build-01/host.c"",""source_sha256"":""9dbb69d9b8bd7e75272ddc06848e4235e4d6bf8be837b0a13f3cdf0e0981c200"",""stderr"":""""}}"
pilot_mutation,H01-gcd.c,bf207a4afdd7e623be4bd0751bdc1917c0ee550af0f38c0531b25bb726d1710c,string,M03,flip_payload,embedding,MR12,Interleaved artifact isolation,separate,False,True,parallel_isolation_clause_violated,0.067972,,True,"{""aliasing_detected"":false,""both_expected"":false,""execution_order"":""overlapping-builds-then-extract"",""payloads_distinct"":true}"
pilot_mutation,H01-gcd.c,bf207a4afdd7e623be4bd0751bdc1917c0ee550af0f38c0531b25bb726d1710c,string,M03,flip_payload,embedding,MR13,Reordered extraction independence,preserve,False,True,before=b'Lorph-01';intervening=b'Recond-2';after=b'Lorph-01',0.12928,,True,"{""intervening_extraction"":true}"
pilot_mutation,H01-gcd.c,bf207a4afdd7e623be4bd0751bdc1917c0ee550af0f38c0531b25bb726d1710c,string,M03,flip_payload,embedding,MR14,Rebuild stability,preserve,False,True,first=b'Lorph-01';second=b'Lorph-01',0.128001,,True,"{""binary_bytes_equal"":true,""execution_order"":""build1-extract1-build2-extract2""}"
pilot_mutation,H01-gcd.c,bf207a4afdd7e623be4bd0751bdc1917c0ee550af0f38c0531b25bb726d1710c,string,M04,fixed_payload,state,MR01,Round-trip fidelity,preserve,False,True,extracted=b'fixed-payload',0.047041,,True,"{""build"":{""actual_compiler"":""gcc"",""actual_optimization"":""O2"",""binary"":""WORKDIR/string/M04/MR01/marked/build-01/artifact.bin"",""binary_sha256"":""30ee7978f638f005dbb2435de7eb355887e3dade7b97c0a107e85a0e62a683a3"",""carrier"":""string"",""command"":[""gcc"",""-std=c11"",""-fno-ident"",""-no-pie"",""-O2"",""WORKDIR/string/M04/MR01/marked/build-01/host.c"",""-o"",""WORKDIR/string/M04/MR01/marked/build-01/artifact.bin""],""effective_payload_hex"":""66697865642d7061796c6f6164"",""key"":""key-alpha"",""mutant_id"":""M04"",""requested_compiler"":""gcc"",""requested_optimization"":""O2"",""requested_payload_hex"":""4d6f7270682d3031"",""return_code"":0,""source"":""WORKDIR/string/M04/MR01/marked/build-01/host.c"",""source_sha256"":""a322e5d2e8ef4b095604b57c0daa9f3252bc5a8a7650464eb671df952a874557"",""stderr"":""""},""extracted_hex"":""66697865642d7061796c6f6164""}"
pilot_mutation,H01-gcd.c,bf207a4afdd7e623be4bd0751bdc1917c0ee550af0f38c0531b25bb726d1710c,string,M04,fixed_payload,state,MR02,Host-semantic preservation,preserve,True,False,mismatch_count=0,0.154023,,True,"{""mismatches"":[]}"
pilot_mutation,H01-gcd.c,bf207a4afdd7e623be4bd0751bdc1917c0ee550af0f38c0531b25bb726d1710c,string,M04,fixed_payload,state,MR03,Unmarked rejection,reject,True,False,rejected:absent:logical record magic not found,0.062319,,True,"{""unmarked_binary_sha256"":""17288de5d8ffc83b2223ee650ec19f96fa9b779f3eb45b8e2433c730b7a1e3e2""}"
pilot_mutation,H01-gcd.c,bf207a4afdd7e623be4bd0751bdc1917c0ee550af0f38c0531b25bb726d1710c,string,M04,fixed_payload,state,MR04,Wrong-key rejection,reject,True,False,rejected:wrong-key:key tag mismatch,0.070546,,True,"{""antecedent_guarded"":true,""antecedent_hex"":""4d6f7270682d3031""}"
pilot_mutation,H01-gcd.c,bf207a4afdd7e623be4bd0751bdc1917c0ee550af0f38c0531b25bb726d1710c,string,M04,fixed_payload,state,MR05,Payload separation,separate,False,True,first=b'fixed-payload';second=b'fixed-payload',0.103029,,True,"{""execution_order"":""sequential-builds-then-extract"",""first_hex"":""66697865642d7061796c6f6164"",""second_hex"":""66697865642d7061796c6f6164""}"
pilot_mutation,H01-gcd.c,bf207a4afdd7e623be4bd0751bdc1917c0ee550af0f38c0531b25bb726d1710c,string,M04,fixed_payload,state,MR06,Cross-compiler invariance,preserve,False,True,"payloads=b'fixed-payload',b'fixed-payload';semantic_equal=True",0.144388,,True,"{""clang_actual"":""clang"",""gcc_actual"":""gcc""}"
pilot_mutation,H01-gcd.c,bf207a4afdd7e623be4bd0751bdc1917c0ee550af0f38c0531b25bb726d1710c,string,M04,fixed_payload,state,MR07,Optimization invariance,preserve,False,True,"payloads=['fixed-payload', 'fixed-payload', 'fixed-payload'];semantic_equal=True",0.219183,,True,{}
pilot_mutation,H01-gcd.c,bf207a4afdd7e623be4bd0751bdc1917c0ee550af0f38c0531b25bb726d1710c,string,M04,fixed_payload,state,MR08,Clean-room relocation,preserve,False,True,source_mismatch=b'fixed-payload',0.04467,,True,"{""source_hex"":""66697865642d7061796c6f6164""}"
pilot_mutation,H01-gcd.c,bf207a4afdd7e623be4bd0751bdc1917c0ee550af0f38c0531b25bb726d1710c,string,M04,fixed_payload,state,MR09,Carrier-removal rejection,reject,True,False,rejected:absent:logical record magic not found,0.035313,,True,"{""antecedent_guarded"":true}"
pilot_mutation,H01-gcd.c,bf207a4afdd7e623be4bd0751bdc1917c0ee550af0f38c0531b25bb726d1710c,string,M04,fixed_payload,state,MR10,Carrier-corruption rejection,reject,True,False,rejected:checksum:payload checksum mismatch,0.090997,,True,"{""antecedent_guarded"":true}"
pilot_mutation,H01-gcd.c,bf207a4afdd7e623be4bd0751bdc1917c0ee550af0f38c0531b25bb726d1710c,string,M04,fixed_payload,state,MR11,Requested/actual trace agreement,trace,True,False,requested=clang/Os;actual=clang/Os,0.087653,,True,"{""build"":{""actual_compiler"":""clang"",""actual_optimization"":""Os"",""binary"":""WORKDIR/string/M04/MR11/trace/build-01/artifact.bin"",""binary_sha256"":""5eb93921b3488a175d351ac632c8c9a237dc6cdf928f486b3dced84694534a8b"",""carrier"":""string"",""command"":[""clang"",""-std=c11"",""-fno-ident"",""-no-pie"",""-Os"",""WORKDIR/string/M04/MR11/trace/build-01/host.c"",""-o"",""WORKDIR/string/M04/MR11/trace/build-01/artifact.bin""],""effective_payload_hex"":""66697865642d7061796c6f6164"",""key"":""key-alpha"",""mutant_id"":""M04"",""requested_compiler"":""clang"",""requested_optimization"":""Os"",""requested_payload_hex"":""4d6f7270682d3031"",""return_code"":0,""source"":""WORKDIR/string/M04/MR11/trace/build-01/host.c"",""source_sha256"":""a322e5d2e8ef4b095604b57c0daa9f3252bc5a8a7650464eb671df952a874557"",""stderr"":""""}}"
pilot_mutation,H01-gcd.c,bf207a4afdd7e623be4bd0751bdc1917c0ee550af0f38c0531b25bb726d1710c,string,M04,fixed_payload,state,MR12,Interleaved artifact isolation,separate,False,True,parallel_isolation_clause_violated,0.086694,,True,"{""aliasing_detected"":true,""both_expected"":false,""execution_order"":""overlapping-builds-then-extract"",""payloads_distinct"":false}"
pilot_mutation,H01-gcd.c,bf207a4afdd7e623be4bd0751bdc1917c0ee550af0f38c0531b25bb726d1710c,string,M04,fixed_payload,state,MR13,Reordered extraction independence,preserve,False,True,before=b'fixed-payload';intervening=b'fixed-payload';after=b'fixed-payload',0.144449,,True,"{""intervening_extraction"":true}"
pilot_mutation,H01-gcd.c,bf207a4afdd7e623be4bd0751bdc1917c0ee550af0f38c0531b25bb726d1710c,string,M04,fixed_payload,state,MR14,Rebuild stability,preserve,False,True,first=b'fixed-payload';second=b'fixed-payload',0.150136,,True,"{""binary_bytes_equal"":true,""execution_order"":""build1-extract1-build2-extract2""}"
pilot_mutation,H01-gcd.c,bf207a4afdd7e623be4bd0751bdc1917c0ee550af0f38c0531b25bb726d1710c,string,M05,lower_payload,normalization,MR01,Round-trip fidelity,preserve,False,True,extracted=b'morph-01',0.066355,,True,"{""build"":{""actual_compiler"":""gcc"",""actual_optimization"":""O2"",""binary"":""WORKDIR/string/M05/MR01/marked/build-01/artifact.bin"",""binary_sha256"":""8f287079d19b91c56597a082483b7d90d461da5a473dce1c505704c143d7ae79"",""carrier"":""string"",""command"":[""gcc"",""-std=c11"",""-fno-ident"",""-no-pie"",""-O2"",""WORKDIR/string/M05/MR01/marked/build-01/host.c"",""-o"",""WORKDIR/string/M05/MR01/marked/build-01/artifact.bin""],""effective_payload_hex"":""6d6f7270682d3031"",""key"":""key-alpha"",""mutant_id"":""M05"",""requested_compiler"":""gcc"",""requested_optimization"":""O2"",""requested_payload_hex"":""4d6f7270682d3031"",""return_code"":0,""source"":""WORKDIR/string/M05/MR01/marked/build-01/host.c"",""source_sha256"":""6f64cdaec37cdb73383ed55f99693c609b4620b5ef0fb6494ff313a80fa9460b"",""stderr"":""""},""extracted_hex"":""6d6f7270682d3031""}"
pilot_mutation,H01-gcd.c,bf207a4afdd7e623be4bd0751bdc1917c0ee550af0f38c0531b25bb726d1710c,string,M05,lower_payload,normalization,MR02,Host-semantic preservation,preserve,True,False,mismatch_count=0,0.139416,,True,"{""mismatches"":[]}"
pilot_mutation,H01-gcd.c,bf207a4afdd7e623be4bd0751bdc1917c0ee550af0f38c0531b25bb726d1710c,string,M05,lower_payload,normalization,MR03,Unmarked rejection,reject,True,False,rejected:absent:logical record magic not found,0.040316,,True,"{""unmarked_binary_sha256"":""17288de5d8ffc83b2223ee650ec19f96fa9b779f3eb45b8e2433c730b7a1e3e2""}"
pilot_mutation,H01-gcd.c,bf207a4afdd7e623be4bd0751bdc1917c0ee550af0f38c0531b25bb726d1710c,string,M05,lower_payload,normalization,MR04,Wrong-key rejection,reject,True,False,rejected:wrong-key:key tag mismatch,0.061333,,True,"{""antecedent_guarded"":true,""antecedent_hex"":""4d6f7270682d3031""}"
pilot_mutation,H01-gcd.c,bf207a4afdd7e623be4bd0751bdc1917c0ee550af0f38c0531b25bb726d1710c,string,M05,lower_payload,normalization,MR05,Payload separation,separate,False,True,first=b'morph-01';second=b'second-2',0.123314,,True,"{""execution_order"":""sequential-builds-then-extract"",""first_hex"":""6d6f7270682d3031"",""second_hex"":""7365636f6e642d32""}"
pilot_mutation,H01-gcd.c,bf207a4afdd7e623be4bd0751bdc1917c0ee550af0f38c0531b25bb726d1710c,string,M05,lower_payload,normalization,MR06,Cross-compiler invariance,preserve,False,True,"payloads=b'morph-01',b'morph-01';semantic_equal=True",0.153352,,True,"{""clang_actual"":""clang"",""gcc_actual"":""gcc""}"
pilot_mutation,H01-gcd.c,bf207a4afdd7e623be4bd0751bdc1917c0ee550af0f38c0531b25bb726d1710c,string,M05,lower_payload,normalization,MR07,Optimization invariance,preserve,False,True,"payloads=['morph-01', 'morph-01', 'morph-01'];semantic_equal=True",0.247246,,True,{}
pilot_mutation,H01-gcd.c,bf207a4afdd7e623be4bd0751bdc1917c0ee550af0f38c0531b25bb726d1710c,string,M05,lower_payload,normalization,MR08,Clean-room relocation,preserve,False,True,source_mismatch=b'morph-01',0.044539,,True,"{""source_hex"":""6d6f7270682d3031""}"
pilot_mutation,H01-gcd.c,bf207a4afdd7e623be4bd0751bdc1917c0ee550af0f38c0531b25bb726d1710c,string,M05,lower_payload,normalization,MR09,Carrier-removal rejection,reject,True,False,rejected:absent:logical record magic not found,0.047147,,True,"{""antecedent_guarded"":true}"
pilot_mutation,H01-gcd.c,bf207a4afdd7e623be4bd0751bdc1917c0ee550af0f38c0531b25bb726d1710c,string,M05,lower_payload,normalization,MR10,Carrier-corruption rejection,reject,True,False,rejected:checksum:payload checksum mismatch,0.079785,,True,"{""antecedent_guarded"":true}"
pilot_mutation,H01-gcd.c,bf207a4afdd7e623be4bd0751bdc1917c0ee550af0f38c0531b25bb726d1710c,string,M05,lower_payload,normalization,MR11,Requested/actual trace agreement,trace,True,False,requested=clang/Os;actual=clang/Os,0.077718,,True,"{""build"":{""actual_compiler"":""clang"",""actual_optimization"":""Os"",""binary"":""WORKDIR/string/M05/MR11/trace/build-01/artifact.bin"",""binary_sha256"":""0d8782a20ee51b6e8dbbe5002eed217c9d9115006a20cfd8a59a1a5cc8eebaac"",""carrier"":""string"",""command"":[""clang"",""-std=c11"",""-fno-ident"",""-no-pie"",""-Os"",""WORKDIR/string/M05/MR11/trace/build-01/host.c"",""-o"",""WORKDIR/string/M05/MR11/trace/build-01/artifact.bin""],""effective_payload_hex"":""6d6f7270682d3031"",""key"":""key-alpha"",""mutant_id"":""M05"",""requested_compiler"":""clang"",""requested_optimization"":""Os"",""requested_payload_hex"":""4d6f7270682d3031"",""return_code"":0,""source"":""WORKDIR/string/M05/MR11/trace/build-01/host.c"",""source_sha256"":""6f64cdaec37cdb73383ed55f99693c609b4620b5ef0fb6494ff313a80fa9460b"",""stderr"":""""}}"
pilot_mutation,H01-gcd.c,bf207a4afdd7e623be4bd0751bdc1917c0ee550af0f38c0531b25bb726d1710c,string,M05,lower_payload,normalization,MR12,Interleaved artifact isolation,separate,False,True,parallel_isolation_clause_violated,0.085025,,True,"{""aliasing_detected"":false,""both_expected"":false,""execution_order"":""overlapping-builds-then-extract"",""payloads_distinct"":true}"
pilot_mutation,H01-gcd.c,bf207a4afdd7e623be4bd0751bdc1917c0ee550af0f38c0531b25bb726d1710c,string,M05,lower_payload,normalization,MR13,Reordered extraction independence,preserve,False,True,before=b'morph-01';intervening=b'second-2';after=b'morph-01',0.16173,,True,"{""intervening_extraction"":true}"
pilot_mutation,H01-gcd.c,bf207a4afdd7e623be4bd0751bdc1917c0ee550af0f38c0531b25bb726d1710c,string,M05,lower_payload,normalization,MR14,Rebuild stability,preserve,False,True,first=b'morph-01';second=b'morph-01',0.148239,,True,"{""binary_bytes_equal"":true,""execution_order"":""build1-extract1-build2-extract2""}"
pilot_mutation,H01-gcd.c,bf207a4afdd7e623be4bd0751bdc1917c0ee550af0f38c0531b25bb726d1710c,string,M06,key_ignored,authentication,MR01,Round-trip fidelity,preserve,True,False,extracted=b'Morph-01',0.091088,,True,"{""build"":{""actual_compiler"":""gcc"",""actual_optimization"":""O2"",""binary"":""WORKDIR/string/M06/MR01/marked/build-01/artifact.bin"",""binary_sha256"":""a3178b0c05f812039e297cb9a66d62b6d068a087d2df38fc6e9e1dfceb19ad43"",""carrier"":""string"",""command"":[""gcc"",""-std=c11"",""-fno-ident"",""-no-pie"",""-O2"",""WORKDIR/string/M06/MR01/marked/build-01/host.c"",""-o"",""WORKDIR/string/M06/MR01/marked/build-01/artifact.bin""],""effective_payload_hex"":""4d6f7270682d3031"",""key"":""key-alpha"",""mutant_id"":""M06"",""requested_compiler"":""gcc"",""requested_optimization"":""O2"",""requested_payload_hex"":""4d6f7270682d3031"",""return_code"":0,""source"":""WORKDIR/string/M06/MR01/marked/build-01/host.c"",""source_sha256"":""57444e3828612a864230fb7afff527998356bf74053ae9046ae116964f86abee"",""stderr"":""""},""extracted_hex"":""4d6f7270682d3031""}"
pilot_mutation,H01-gcd.c,bf207a4afdd7e623be4bd0751bdc1917c0ee550af0f38c0531b25bb726d1710c,string,M06,key_ignored,authentication,MR02,Host-semantic preservation,preserve,True,False,mismatch_count=0,0.155748,,True,"{""mismatches"":[]}"
pilot_mutation,H01-gcd.c,bf207a4afdd7e623be4bd0751bdc1917c0ee550af0f38c0531b25bb726d1710c,string,M06,key_ignored,authentication,MR03,Unmarked rejection,reject,True,False,rejected:absent:logical record magic not found,0.058794,,True,"{""unmarked_binary_sha256"":""17288de5d8ffc83b2223ee650ec19f96fa9b779f3eb45b8e2433c730b7a1e3e2""}"
pilot_mutation,H01-gcd.c,bf207a4afdd7e623be4bd0751bdc1917c0ee550af0f38c0531b25bb726d1710c,string,M06,key_ignored,authentication,MR04,Wrong-key rejection,reject,False,True,accepted:b'Morph-01',0.044308,,True,"{""antecedent_guarded"":true,""antecedent_hex"":""4d6f7270682d3031""}"
pilot_mutation,H01-gcd.c,bf207a4afdd7e623be4bd0751bdc1917c0ee550af0f38c0531b25bb726d1710c,string,M06,key_ignored,authentication,MR05,Payload separation,separate,True,False,first=b'Morph-01';second=b'Second-2',0.10524,,True,"{""execution_order"":""sequential-builds-then-extract"",""first_hex"":""4d6f7270682d3031"",""second_hex"":""5365636f6e642d32""}"
pilot_mutation,H01-gcd.c,bf207a4afdd7e623be4bd0751bdc1917c0ee550af0f38c0531b25bb726d1710c,string,M06,key_ignored,authentication,MR06,Cross-compiler invariance,preserve,True,False,"payloads=b'Morph-01',b'Morph-01';semantic_equal=True",0.149135,,True,"{""clang_actual"":""clang"",""gcc_actual"":""gcc""}"
pilot_mutation,H01-gcd.c,bf207a4afdd7e623be4bd0751bdc1917c0ee550af0f38c0531b25bb726d1710c,string,M06,key_ignored,authentication,MR07,Optimization invariance,preserve,True,False,"payloads=['Morph-01', 'Morph-01', 'Morph-01'];semantic_equal=True",0.210055,,True,{}
pilot_mutation,H01-gcd.c,bf207a4afdd7e623be4bd0751bdc1917c0ee550af0f38c0531b25bb726d1710c,string,M06,key_ignored,authentication,MR08,Clean-room relocation,preserve,True,False,relocated=b'Morph-01',0.060509,,True,"{""clean_room_entries"":[""renamed-artifact.bin""],""relocated_hex"":""4d6f7270682d3031""}"
pilot_mutation,H01-gcd.c,bf207a4afdd7e623be4bd0751bdc1917c0ee550af0f38c0531b25bb726d1710c,string,M06,key_ignored,authentication,MR09,Carrier-removal rejection,reject,True,False,rejected:absent:logical record magic not found,0.042669,,True,"{""antecedent_guarded"":true}"
pilot_mutation,H01-gcd.c,bf207a4afdd7e623be4bd0751bdc1917c0ee550af0f38c0531b25bb726d1710c,string,M06,key_ignored,authentication,MR10,Carrier-corruption rejection,reject,True,False,rejected:checksum:payload checksum mismatch,0.059228,,True,"{""antecedent_guarded"":true}"
pilot_mutation,H01-gcd.c,bf207a4afdd7e623be4bd0751bdc1917c0ee550af0f38c0531b25bb726d1710c,string,M06,key_ignored,authentication,MR11,Requested/actual trace agreement,trace,True,False,requested=clang/Os;actual=clang/Os,0.085054,,True,"{""build"":{""actual_compiler"":""clang"",""actual_optimization"":""Os"",""binary"":""WORKDIR/string/M06/MR11/trace/build-01/artifact.bin"",""binary_sha256"":""1fa44f2d4be372e9225e8e9cd544a4711a250b83553d67ab2d85818f22ca85b6"",""carrier"":""string"",""command"":[""clang"",""-std=c11"",""-fno-ident"",""-no-pie"",""-Os"",""WORKDIR/string/M06/MR11/trace/build-01/host.c"",""-o"",""WORKDIR/string/M06/MR11/trace/build-01/artifact.bin""],""effective_payload_hex"":""4d6f7270682d3031"",""key"":""key-alpha"",""mutant_id"":""M06"",""requested_compiler"":""clang"",""requested_optimization"":""Os"",""requested_payload_hex"":""4d6f7270682d3031"",""return_code"":0,""source"":""WORKDIR/string/M06/MR11/trace/build-01/host.c"",""source_sha256"":""57444e3828612a864230fb7afff527998356bf74053ae9046ae116964f86abee"",""stderr"":""""}}"
pilot_mutation,H01-gcd.c,bf207a4afdd7e623be4bd0751bdc1917c0ee550af0f38c0531b25bb726d1710c,string,M06,key_ignored,authentication,MR12,Interleaved artifact isolation,separate,True,False,parallel_isolation_satisfied,0.075126,,True,"{""aliasing_detected"":false,""both_expected"":true,""execution_order"":""overlapping-builds-then-extract"",""payloads_distinct"":true}"
pilot_mutation,H01-gcd.c,bf207a4afdd7e623be4bd0751bdc1917c0ee550af0f38c0531b25bb726d1710c,string,M06,key_ignored,authentication,MR13,Reordered extraction independence,preserve,True,False,before=b'Morph-01';intervening=b'Second-2';after=b'Morph-01',0.12404,,True,"{""intervening_extraction"":true}"
pilot_mutation,H01-gcd.c,bf207a4afdd7e623be4bd0751bdc1917c0ee550af0f38c0531b25bb726d1710c,string,M06,key_ignored,authentication,MR14,Rebuild stability,preserve,True,False,first=b'Morph-01';second=b'Morph-01',0.108334,,True,"{""binary_bytes_equal"":true,""execution_order"":""build1-extract1-build2-extract2""}"
pilot_mutation,H01-gcd.c,bf207a4afdd7e623be4bd0751bdc1917c0ee550af0f38c0531b25bb726d1710c,string,M07,sidecar_oracle,artifact binding,MR01,Round-trip fidelity,preserve,True,False,extracted=b'Morph-01',0.082815,,True,"{""build"":{""actual_compiler"":""gcc"",""actual_optimization"":""O2"",""binary"":""WORKDIR/string/M07/MR01/marked/build-01/artifact.bin"",""binary_sha256"":""b8e5790f338ae8db35cfffc794a440a51f513484ba40b60dbac7eb19948f430c"",""carrier"":""string"",""command"":[""gcc"",""-std=c11"",""-fno-ident"",""-no-pie"",""-O2"",""WORKDIR/string/M07/MR01/marked/build-01/host.c"",""-o"",""WORKDIR/string/M07/MR01/marked/build-01/artifact.bin""],""effective_payload_hex"":""4d6f7270682d3031"",""key"":""key-alpha"",""mutant_id"":""M07"",""requested_compiler"":""gcc"",""requested_optimization"":""O2"",""requested_payload_hex"":""4d6f7270682d3031"",""return_code"":0,""source"":""WORKDIR/string/M07/MR01/marked/build-01/host.c"",""source_sha256"":""de3dd3bc3add920f6b14f3cfa83262c596594edfaf1d5fcc70bb4bc78a38fa0e"",""stderr"":""""},""extracted_hex"":""4d6f7270682d3031""}"
pilot_mutation,H01-gcd.c,bf207a4afdd7e623be4bd0751bdc1917c0ee550af0f38c0531b25bb726d1710c,string,M07,sidecar_oracle,artifact binding,MR02,Host-semantic preservation,preserve,True,False,mismatch_count=0,0.232647,,True,"{""mismatches"":[]}"
pilot_mutation,H01-gcd.c,bf207a4afdd7e623be4bd0751bdc1917c0ee550af0f38c0531b25bb726d1710c,string,M07,sidecar_oracle,artifact binding,MR03,Unmarked rejection,reject,True,False,rejected:sidecar:adjacent sidecar is missing,0.030129,,True,"{""unmarked_binary_sha256"":""17288de5d8ffc83b2223ee650ec19f96fa9b779f3eb45b8e2433c730b7a1e3e2""}"
pilot_mutation,H01-gcd.c,bf207a4afdd7e623be4bd0751bdc1917c0ee550af0f38c0531b25bb726d1710c,string,M07,sidecar_oracle,artifact binding,MR04,Wrong-key rejection,reject,True,False,rejected:wrong-key:sidecar key mismatch,0.063938,,True,"{""antecedent_guarded"":true,""antecedent_hex"":""4d6f7270682d3031""}"
pilot_mutation,H01-gcd.c,bf207a4afdd7e623be4bd0751bdc1917c0ee550af0f38c0531b25bb726d1710c,string,M07,sidecar_oracle,artifact binding,MR05,Payload separation,separate,True,False,first=b'Morph-01';second=b'Second-2',0.110318,,True,"{""execution_order"":""sequential-builds-then-extract"",""first_hex"":""4d6f7270682d3031"",""second_hex"":""5365636f6e642d32""}"
pilot_mutation,H01-gcd.c,bf207a4afdd7e623be4bd0751bdc1917c0ee550af0f38c0531b25bb726d1710c,string,M07,sidecar_oracle,artifact binding,MR06,Cross-compiler invariance,preserve,True,False,"payloads=b'Morph-01',b'Morph-01';semantic_equal=True",0.20005,,True,"{""clang_actual"":""clang"",""gcc_actual"":""gcc""}"
pilot_mutation,H01-gcd.c,bf207a4afdd7e623be4bd0751bdc1917c0ee550af0f38c0531b25bb726d1710c,string,M07,sidecar_oracle,artifact binding,MR07,Optimization invariance,preserve,True,False,"payloads=['Morph-01', 'Morph-01', 'Morph-01'];semantic_equal=True",0.219853,,True,{}
pilot_mutation,H01-gcd.c,bf207a4afdd7e623be4bd0751bdc1917c0ee550af0f38c0531b25bb726d1710c,string,M07,sidecar_oracle,artifact binding,MR08,Clean-room relocation,preserve,False,True,exception:ExtractionError:adjacent sidecar is missing,0.081208,ExtractionError,True,{}
pilot_mutation,H01-gcd.c,bf207a4afdd7e623be4bd0751bdc1917c0ee550af0f38c0531b25bb726d1710c,string,M07,sidecar_oracle,artifact binding,MR09,Carrier-removal rejection,reject,True,False,rejected:sidecar:adjacent sidecar is missing,0.07345,,True,"{""antecedent_guarded"":true}"
pilot_mutation,H01-gcd.c,bf207a4afdd7e623be4bd0751bdc1917c0ee550af0f38c0531b25bb726d1710c,string,M07,sidecar_oracle,artifact binding,MR10,Carrier-corruption rejection,reject,True,False,rejected:sidecar:adjacent sidecar is missing,0.055293,,True,"{""antecedent_guarded"":true}"
pilot_mutation,H01-gcd.c,bf207a4afdd7e623be4bd0751bdc1917c0ee550af0f38c0531b25bb726d1710c,string,M07,sidecar_oracle,artifact binding,MR11,Requested/actual trace agreement,trace,True,False,requested=clang/Os;actual=clang/Os,0.08742,,True,"{""build"":{""actual_compiler"":""clang"",""actual_optimization"":""Os"",""binary"":""WORKDIR/string/M07/MR11/trace/build-01/artifact.bin"",""binary_sha256"":""bf1b3f8ba8daa55b6d499a4bbb63a61efb7b30a4d426a514b1ce3e529d1be05b"",""carrier"":""string"",""command"":[""clang"",""-std=c11"",""-fno-ident"",""-no-pie"",""-Os"",""WORKDIR/string/M07/MR11/trace/build-01/host.c"",""-o"",""WORKDIR/string/M07/MR11/trace/build-01/artifact.bin""],""effective_payload_hex"":""4d6f7270682d3031"",""key"":""key-alpha"",""mutant_id"":""M07"",""requested_compiler"":""clang"",""requested_optimization"":""Os"",""requested_payload_hex"":""4d6f7270682d3031"",""return_code"":0,""source"":""WORKDIR/string/M07/MR11/trace/build-01/host.c"",""source_sha256"":""de3dd3bc3add920f6b14f3cfa83262c596594edfaf1d5fcc70bb4bc78a38fa0e"",""stderr"":""""}}"
pilot_mutation,H01-gcd.c,bf207a4afdd7e623be4bd0751bdc1917c0ee550af0f38c0531b25bb726d1710c,string,M07,sidecar_oracle,artifact binding,MR12,Interleaved artifact isolation,separate,True,False,parallel_isolation_satisfied,0.092408,,True,"{""aliasing_detected"":false,""both_expected"":true,""execution_order"":""overlapping-builds-then-extract"",""payloads_distinct"":true}"
pilot_mutation,H01-gcd.c,bf207a4afdd7e623be4bd0751bdc1917c0ee550af0f38c0531b25bb726d1710c,string,M07,sidecar_oracle,artifact binding,MR13,Reordered extraction independence,preserve,True,False,before=b'Morph-01';intervening=b'Second-2';after=b'Morph-01',0.109142,,True,"{""intervening_extraction"":true}"
pilot_mutation,H01-gcd.c,bf207a4afdd7e623be4bd0751bdc1917c0ee550af0f38c0531b25bb726d1710c,string,M07,sidecar_oracle,artifact binding,MR14,Rebuild stability,preserve,True,False,first=b'Morph-01';second=b'Morph-01',0.103702,,True,"{""binary_bytes_equal"":true,""execution_order"":""build1-extract1-build2-extract2""}"
pilot_mutation,H01-gcd.c,bf207a4afdd7e623be4bd0751bdc1917c0ee550af0f38c0531b25bb726d1710c,string,M08,global_cache_oracle,state,MR01,Round-trip fidelity,preserve,True,False,extracted=b'Morph-01',0.069439,,True,"{""build"":{""actual_compiler"":""gcc"",""actual_optimization"":""O2"",""binary"":""WORKDIR/string/M08/MR01/marked/build-01/artifact.bin"",""binary_sha256"":""b8e5790f338ae8db35cfffc794a440a51f513484ba40b60dbac7eb19948f430c"",""carrier"":""string"",""command"":[""gcc"",""-std=c11"",""-fno-ident"",""-no-pie"",""-O2"",""WORKDIR/string/M08/MR01/marked/build-01/host.c"",""-o"",""WORKDIR/string/M08/MR01/marked/build-01/artifact.bin""],""effective_payload_hex"":""4d6f7270682d3031"",""key"":""key-alpha"",""mutant_id"":""M08"",""requested_compiler"":""gcc"",""requested_optimization"":""O2"",""requested_payload_hex"":""4d6f7270682d3031"",""return_code"":0,""source"":""WORKDIR/string/M08/MR01/marked/build-01/host.c"",""source_sha256"":""de3dd3bc3add920f6b14f3cfa83262c596594edfaf1d5fcc70bb4bc78a38fa0e"",""stderr"":""""},""extracted_hex"":""4d6f7270682d3031""}"
pilot_mutation,H01-gcd.c,bf207a4afdd7e623be4bd0751bdc1917c0ee550af0f38c0531b25bb726d1710c,string,M08,global_cache_oracle,state,MR02,Host-semantic preservation,preserve,True,False,mismatch_count=0,0.140549,,True,"{""mismatches"":[]}"
pilot_mutation,H01-gcd.c,bf207a4afdd7e623be4bd0751bdc1917c0ee550af0f38c0531b25bb726d1710c,string,M08,global_cache_oracle,state,MR03,Unmarked rejection,reject,True,False,rejected:absent:logical record magic not found,0.04941,,True,"{""unmarked_binary_sha256"":""17288de5d8ffc83b2223ee650ec19f96fa9b779f3eb45b8e2433c730b7a1e3e2""}"
pilot_mutation,H01-gcd.c,bf207a4afdd7e623be4bd0751bdc1917c0ee550af0f38c0531b25bb726d1710c,string,M08,global_cache_oracle,state,MR04,Wrong-key rejection,reject,False,True,accepted:b'Morph-01',0.051942,,True,"{""antecedent_guarded"":true,""antecedent_hex"":""4d6f7270682d3031""}"
pilot_mutation,H01-gcd.c,bf207a4afdd7e623be4bd0751bdc1917c0ee550af0f38c0531b25bb726d1710c,string,M08,global_cache_oracle,state,MR05,Payload separation,separate,False,True,first=b'Second-2';second=b'Second-2',0.129996,,True,"{""execution_order"":""sequential-builds-then-extract"",""first_hex"":""5365636f6e642d32"",""second_hex"":""5365636f6e642d32""}"
pilot_mutation,H01-gcd.c,bf207a4afdd7e623be4bd0751bdc1917c0ee550af0f38c0531b25bb726d1710c,string,M08,global_cache_oracle,state,MR06,Cross-compiler invariance,preserve,True,False,"payloads=b'Morph-01',b'Morph-01';semantic_equal=True",0.162242,,True,"{""clang_actual"":""clang"",""gcc_actual"":""gcc""}"
pilot_mutation,H01-gcd.c,bf207a4afdd7e623be4bd0751bdc1917c0ee550af0f38c0531b25bb726d1710c,string,M08,global_cache_oracle,state,MR07,Optimization invariance,preserve,True,False,"payloads=['Morph-01', 'Morph-01', 'Morph-01'];semantic_equal=True",0.236483,,True,{}
pilot_mutation,H01-gcd.c,bf207a4afdd7e623be4bd0751bdc1917c0ee550af0f38c0531b25bb726d1710c,string,M08,global_cache_oracle,state,MR08,Clean-room relocation,preserve,True,False,relocated=b'Morph-01',0.084943,,True,"{""clean_room_entries"":[""renamed-artifact.bin""],""relocated_hex"":""4d6f7270682d3031""}"
pilot_mutation,H01-gcd.c,bf207a4afdd7e623be4bd0751bdc1917c0ee550af0f38c0531b25bb726d1710c,string,M08,global_cache_oracle,state,MR09,Carrier-removal rejection,reject,False,True,spurious robustness:accepted:b'Morph-01',0.076781,,True,"{""antecedent_guarded"":true}"
pilot_mutation,H01-gcd.c,bf207a4afdd7e623be4bd0751bdc1917c0ee550af0f38c0531b25bb726d1710c,string,M08,global_cache_oracle,state,MR10,Carrier-corruption rejection,reject,False,True,corruption accepted:accepted:b'Morph-01',0.064534,,True,"{""antecedent_guarded"":true}"
pilot_mutation,H01-gcd.c,bf207a4afdd7e623be4bd0751bdc1917c0ee550af0f38c0531b25bb726d1710c,string,M08,global_cache_oracle,state,MR11,Requested/actual trace agreement,trace,True,False,requested=clang/Os;actual=clang/Os,0.084253,,True,"{""build"":{""actual_compiler"":""clang"",""actual_optimization"":""Os"",""binary"":""WORKDIR/string/M08/MR11/trace/build-01/artifact.bin"",""binary_sha256"":""bf1b3f8ba8daa55b6d499a4bbb63a61efb7b30a4d426a514b1ce3e529d1be05b"",""carrier"":""string"",""command"":[""clang"",""-std=c11"",""-fno-ident"",""-no-pie"",""-Os"",""WORKDIR/string/M08/MR11/trace/build-01/host.c"",""-o"",""WORKDIR/string/M08/MR11/trace/build-01/artifact.bin""],""effective_payload_hex"":""4d6f7270682d3031"",""key"":""key-alpha"",""mutant_id"":""M08"",""requested_compiler"":""clang"",""requested_optimization"":""Os"",""requested_payload_hex"":""4d6f7270682d3031"",""return_code"":0,""source"":""WORKDIR/string/M08/MR11/trace/build-01/host.c"",""source_sha256"":""de3dd3bc3add920f6b14f3cfa83262c596594edfaf1d5fcc70bb4bc78a38fa0e"",""stderr"":""""}}"
pilot_mutation,H01-gcd.c,bf207a4afdd7e623be4bd0751bdc1917c0ee550af0f38c0531b25bb726d1710c,string,M08,global_cache_oracle,state,MR12,Interleaved artifact isolation,separate,False,True,parallel_isolation_clause_violated,0.067324,,True,"{""aliasing_detected"":true,""both_expected"":false,""execution_order"":""overlapping-builds-then-extract"",""payloads_distinct"":false}"
pilot_mutation,H01-gcd.c,bf207a4afdd7e623be4bd0751bdc1917c0ee550af0f38c0531b25bb726d1710c,string,M08,global_cache_oracle,state,MR13,Reordered extraction independence,preserve,False,True,before=b'Morph-01';intervening=b'Second-2';after=b'Second-2',0.122657,,True,"{""intervening_extraction"":true}"
pilot_mutation,H01-gcd.c,bf207a4afdd7e623be4bd0751bdc1917c0ee550af0f38c0531b25bb726d1710c,string,M08,global_cache_oracle,state,MR14,Rebuild stability,preserve,True,False,first=b'Morph-01';second=b'Morph-01',0.128333,,True,"{""binary_bytes_equal"":true,""execution_order"":""build1-extract1-build2-extract2""}"
pilot_mutation,H01-gcd.c,bf207a4afdd7e623be4bd0751bdc1917c0ee550af0f38c0531b25bb726d1710c,string,M09,unmarked_default,false positive,MR01,Round-trip fidelity,preserve,True,False,extracted=b'Morph-01',0.080277,,True,"{""build"":{""actual_compiler"":""gcc"",""actual_optimization"":""O2"",""binary"":""WORKDIR/string/M09/MR01/marked/build-01/artifact.bin"",""binary_sha256"":""b8e5790f338ae8db35cfffc794a440a51f513484ba40b60dbac7eb19948f430c"",""carrier"":""string"",""command"":[""gcc"",""-std=c11"",""-fno-ident"",""-no-pie"",""-O2"",""WORKDIR/string/M09/MR01/marked/build-01/host.c"",""-o"",""WORKDIR/string/M09/MR01/marked/build-01/artifact.bin""],""effective_payload_hex"":""4d6f7270682d3031"",""key"":""key-alpha"",""mutant_id"":""M09"",""requested_compiler"":""gcc"",""requested_optimization"":""O2"",""requested_payload_hex"":""4d6f7270682d3031"",""return_code"":0,""source"":""WORKDIR/string/M09/MR01/marked/build-01/host.c"",""source_sha256"":""de3dd3bc3add920f6b14f3cfa83262c596594edfaf1d5fcc70bb4bc78a38fa0e"",""stderr"":""""},""extracted_hex"":""4d6f7270682d3031""}"
pilot_mutation,H01-gcd.c,bf207a4afdd7e623be4bd0751bdc1917c0ee550af0f38c0531b25bb726d1710c,string,M09,unmarked_default,false positive,MR02,Host-semantic preservation,preserve,True,False,mismatch_count=0,0.190946,,True,"{""mismatches"":[]}"
pilot_mutation,H01-gcd.c,bf207a4afdd7e623be4bd0751bdc1917c0ee550af0f38c0531b25bb726d1710c,string,M09,unmarked_default,false positive,MR03,Unmarked rejection,reject,False,True,accepted:b'Morph-01',0.062046,,True,"{""unmarked_binary_sha256"":""17288de5d8ffc83b2223ee650ec19f96fa9b779f3eb45b8e2433c730b7a1e3e2""}"
pilot_mutation,H01-gcd.c,bf207a4afdd7e623be4bd0751bdc1917c0ee550af0f38c0531b25bb726d1710c,string,M09,unmarked_default,false positive,MR04,Wrong-key rejection,reject,False,True,accepted:b'Morph-01',0.058966,,True,"{""antecedent_guarded"":true,""antecedent_hex"":""4d6f7270682d3031""}"
pilot_mutation,H01-gcd.c,bf207a4afdd7e623be4bd0751bdc1917c0ee550af0f38c0531b25bb726d1710c,string,M09,unmarked_default,false positive,MR05,Payload separation,separate,True,False,first=b'Morph-01';second=b'Second-2',0.100775,,True,"{""execution_order"":""sequential-builds-then-extract"",""first_hex"":""4d6f7270682d3031"",""second_hex"":""5365636f6e642d32""}"
pilot_mutation,H01-gcd.c,bf207a4afdd7e623be4bd0751bdc1917c0ee550af0f38c0531b25bb726d1710c,string,M09,unmarked_default,false positive,MR06,Cross-compiler invariance,preserve,True,False,"payloads=b'Morph-01',b'Morph-01';semantic_equal=True",0.19102,,True,"{""clang_actual"":""clang"",""gcc_actual"":""gcc""}"
pilot_mutation,H01-gcd.c,bf207a4afdd7e623be4bd0751bdc1917c0ee550af0f38c0531b25bb726d1710c,string,M09,unmarked_default,false positive,MR07,Optimization invariance,preserve,True,False,"payloads=['Morph-01', 'Morph-01', 'Morph-01'];semantic_equal=True",0.223986,,True,{}
pilot_mutation,H01-gcd.c,bf207a4afdd7e623be4bd0751bdc1917c0ee550af0f38c0531b25bb726d1710c,string,M09,unmarked_default,false positive,MR08,Clean-room relocation,preserve,True,False,relocated=b'Morph-01',0.03151,,True,"{""clean_room_entries"":[""renamed-artifact.bin""],""relocated_hex"":""4d6f7270682d3031""}"
pilot_mutation,H01-gcd.c,bf207a4afdd7e623be4bd0751bdc1917c0ee550af0f38c0531b25bb726d1710c,string,M09,unmarked_default,false positive,MR09,Carrier-removal rejection,reject,False,True,spurious robustness:accepted:b'Morph-01',0.059529,,True,"{""antecedent_guarded"":true}"
pilot_mutation,H01-gcd.c,bf207a4afdd7e623be4bd0751bdc1917c0ee550af0f38c0531b25bb726d1710c,string,M09,unmarked_default,false positive,MR10,Carrier-corruption rejection,reject,False,True,corruption accepted:accepted:b'Morph-01',0.065674,,True,"{""antecedent_guarded"":true}"
pilot_mutation,H01-gcd.c,bf207a4afdd7e623be4bd0751bdc1917c0ee550af0f38c0531b25bb726d1710c,string,M09,unmarked_default,false positive,MR11,Requested/actual trace agreement,trace,True,False,requested=clang/Os;actual=clang/Os,0.08327,,True,"{""build"":{""actual_compiler"":""clang"",""actual_optimization"":""Os"",""binary"":""WORKDIR/string/M09/MR11/trace/build-01/artifact.bin"",""binary_sha256"":""bf1b3f8ba8daa55b6d499a4bbb63a61efb7b30a4d426a514b1ce3e529d1be05b"",""carrier"":""string"",""command"":[""clang"",""-std=c11"",""-fno-ident"",""-no-pie"",""-Os"",""WORKDIR/string/M09/MR11/trace/build-01/host.c"",""-o"",""WORKDIR/string/M09/MR11/trace/build-01/artifact.bin""],""effective_payload_hex"":""4d6f7270682d3031"",""key"":""key-alpha"",""mutant_id"":""M09"",""requested_compiler"":""clang"",""requested_optimization"":""Os"",""requested_payload_hex"":""4d6f7270682d3031"",""return_code"":0,""source"":""WORKDIR/string/M09/MR11/trace/build-01/host.c"",""source_sha256"":""de3dd3bc3add920f6b14f3cfa83262c596594edfaf1d5fcc70bb4bc78a38fa0e"",""stderr"":""""}}"
pilot_mutation,H01-gcd.c,bf207a4afdd7e623be4bd0751bdc1917c0ee550af0f38c0531b25bb726d1710c,string,M09,unmarked_default,false positive,MR12,Interleaved artifact isolation,separate,True,False,parallel_isolation_satisfied,0.089447,,True,"{""aliasing_detected"":false,""both_expected"":true,""execution_order"":""overlapping-builds-then-extract"",""payloads_distinct"":true}"
pilot_mutation,H01-gcd.c,bf207a4afdd7e623be4bd0751bdc1917c0ee550af0f38c0531b25bb726d1710c,string,M09,unmarked_default,false positive,MR13,Reordered extraction independence,preserve,True,False,before=b'Morph-01';intervening=b'Second-2';after=b'Morph-01',0.120066,,True,"{""intervening_extraction"":true}"
pilot_mutation,H01-gcd.c,bf207a4afdd7e623be4bd0751bdc1917c0ee550af0f38c0531b25bb726d1710c,string,M09,unmarked_default,false positive,MR14,Rebuild stability,preserve,True,False,first=b'Morph-01';second=b'Morph-01',0.101871,,True,"{""binary_bytes_equal"":true,""execution_order"":""build1-extract1-build2-extract2""}"
pilot_mutation,H01-gcd.c,bf207a4afdd7e623be4bd0751bdc1917c0ee550af0f38c0531b25bb726d1710c,string,M10,semantic_plus_one,semantic corruption,MR01,Round-trip fidelity,preserve,True,False,extracted=b'Morph-01',0.077877,,True,"{""build"":{""actual_compiler"":""gcc"",""actual_optimization"":""O2"",""binary"":""WORKDIR/string/M10/MR01/marked/build-01/artifact.bin"",""binary_sha256"":""218b8991b858e70cfe777d2c2c5b2c6201bbc24fb7f9ab1c259a216675500fbd"",""carrier"":""string"",""command"":[""gcc"",""-std=c11"",""-fno-ident"",""-no-pie"",""-O2"",""WORKDIR/string/M10/MR01/marked/build-01/host.c"",""-o"",""WORKDIR/string/M10/MR01/marked/build-01/artifact.bin""],""effective_payload_hex"":""4d6f7270682d3031"",""key"":""key-alpha"",""mutant_id"":""M10"",""requested_compiler"":""gcc"",""requested_optimization"":""O2"",""requested_payload_hex"":""4d6f7270682d3031"",""return_code"":0,""source"":""WORKDIR/string/M10/MR01/marked/build-01/host.c"",""source_sha256"":""ec199823c81befeafba1fc08aa2c705b0ad79f3f0cba2c765d22fd453ef5ad82"",""stderr"":""""},""extracted_hex"":""4d6f7270682d3031""}"
pilot_mutation,H01-gcd.c,bf207a4afdd7e623be4bd0751bdc1917c0ee550af0f38c0531b25bb726d1710c,string,M10,semantic_plus_one,semantic corruption,MR02,Host-semantic preservation,preserve,True,False,mismatch_count=0,0.172227,,True,"{""mismatches"":[]}"
pilot_mutation,H01-gcd.c,bf207a4afdd7e623be4bd0751bdc1917c0ee550af0f38c0531b25bb726d1710c,string,M10,semantic_plus_one,semantic corruption,MR03,Unmarked rejection,reject,True,False,rejected:absent:logical record magic not found,0.067349,,True,"{""unmarked_binary_sha256"":""a7ba1b1fde2b472014cbc25860cebcca1a3737929b7a88d46c8ef8cd002b8b50""}"
pilot_mutation,H01-gcd.c,bf207a4afdd7e623be4bd0751bdc1917c0ee550af0f38c0531b25bb726d1710c,string,M10,semantic_plus_one,semantic corruption,MR04,Wrong-key rejection,reject,True,False,rejected:wrong-key:key tag mismatch,0.073726,,True,"{""antecedent_guarded"":true,""antecedent_hex"":""4d6f7270682d3031""}"
pilot_mutation,H01-gcd.c,bf207a4afdd7e623be4bd0751bdc1917c0ee550af0f38c0531b25bb726d1710c,string,M10,semantic_plus_one,semantic corruption,MR05,Payload separation,separate,True,False,first=b'Morph-01';second=b'Second-2',0.099748,,True,"{""execution_order"":""sequential-builds-then-extract"",""first_hex"":""4d6f7270682d3031"",""second_hex"":""5365636f6e642d32""}"
pilot_mutation,H01-gcd.c,bf207a4afdd7e623be4bd0751bdc1917c0ee550af0f38c0531b25bb726d1710c,string,M10,semantic_plus_one,semantic corruption,MR06,Cross-compiler invariance,preserve,True,False,"payloads=b'Morph-01',b'Morph-01';semantic_equal=True",0.157201,,True,"{""clang_actual"":""clang"",""gcc_actual"":""gcc""}"
pilot_mutation,H01-gcd.c,bf207a4afdd7e623be4bd0751bdc1917c0ee550af0f38c0531b25bb726d1710c,string,M10,semantic_plus_one,semantic corruption,MR07,Optimization invariance,preserve,True,False,"payloads=['Morph-01', 'Morph-01', 'Morph-01'];semantic_equal=True",0.197962,,True,{}
pilot_mutation,H01-gcd.c,bf207a4afdd7e623be4bd0751bdc1917c0ee550af0f38c0531b25bb726d1710c,string,M10,semantic_plus_one,semantic corruption,MR08,Clean-room relocation,preserve,True,False,relocated=b'Morph-01',0.05275,,True,"{""clean_room_entries"":[""renamed-artifact.bin""],""relocated_hex"":""4d6f7270682d3031""}"
pilot_mutation,H01-gcd.c,bf207a4afdd7e623be4bd0751bdc1917c0ee550af0f38c0531b25bb726d1710c,string,M10,semantic_plus_one,semantic corruption,MR09,Carrier-removal rejection,reject,True,False,rejected:absent:logical record magic not found,0.081755,,True,"{""antecedent_guarded"":true}"
pilot_mutation,H01-gcd.c,bf207a4afdd7e623be4bd0751bdc1917c0ee550af0f38c0531b25bb726d1710c,string,M10,semantic_plus_one,semantic corruption,MR10,Carrier-corruption rejection,reject,True,False,rejected:checksum:payload checksum mismatch,0.061895,,True,"{""antecedent_guarded"":true}"
pilot_mutation,H01-gcd.c,bf207a4afdd7e623be4bd0751bdc1917c0ee550af0f38c0531b25bb726d1710c,string,M10,semantic_plus_one,semantic corruption,MR11,Requested/actual trace agreement,trace,True,False,requested=clang/Os;actual=clang/Os,0.084139,,True,"{""build"":{""actual_compiler"":""clang"",""actual_optimization"":""Os"",""binary"":""WORKDIR/string/M10/MR11/trace/build-01/artifact.bin"",""binary_sha256"":""4473db5d9196aa4625926b91592cee8cbbaf1cf096147557c36234d8f09f8909"",""carrier"":""string"",""command"":[""clang"",""-std=c11"",""-fno-ident"",""-no-pie"",""-Os"",""WORKDIR/string/M10/MR11/trace/build-01/host.c"",""-o"",""WORKDIR/string/M10/MR11/trace/build-01/artifact.bin""],""effective_payload_hex"":""4d6f7270682d3031"",""key"":""key-alpha"",""mutant_id"":""M10"",""requested_compiler"":""clang"",""requested_optimization"":""Os"",""requested_payload_hex"":""4d6f7270682d3031"",""return_code"":0,""source"":""WORKDIR/string/M10/MR11/trace/build-01/host.c"",""source_sha256"":""ec199823c81befeafba1fc08aa2c705b0ad79f3f0cba2c765d22fd453ef5ad82"",""stderr"":""""}}"
pilot_mutation,H01-gcd.c,bf207a4afdd7e623be4bd0751bdc1917c0ee550af0f38c0531b25bb726d1710c,string,M10,semantic_plus_one,semantic corruption,MR12,Interleaved artifact isolation,separate,True,False,parallel_isolation_satisfied,0.087271,,True,"{""aliasing_detected"":false,""both_expected"":true,""execution_order"":""overlapping-builds-then-extract"",""payloads_distinct"":true}"
pilot_mutation,H01-gcd.c,bf207a4afdd7e623be4bd0751bdc1917c0ee550af0f38c0531b25bb726d1710c,string,M10,semantic_plus_one,semantic corruption,MR13,Reordered extraction independence,preserve,True,False,before=b'Morph-01';intervening=b'Second-2';after=b'Morph-01',0.129971,,True,"{""intervening_extraction"":true}"
pilot_mutation,H01-gcd.c,bf207a4afdd7e623be4bd0751bdc1917c0ee550af0f38c0531b25bb726d1710c,string,M10,semantic_plus_one,semantic corruption,MR14,Rebuild stability,preserve,True,False,first=b'Morph-01';second=b'Morph-01',0.105206,,True,"{""binary_bytes_equal"":true,""execution_order"":""build1-extract1-build2-extract2""}"
pilot_mutation,H01-gcd.c,bf207a4afdd7e623be4bd0751bdc1917c0ee550af0f38c0531b25bb726d1710c,string,M11,semantic_input13,semantic corruption,MR01,Round-trip fidelity,preserve,True,False,extracted=b'Morph-01',0.047066,,True,"{""build"":{""actual_compiler"":""gcc"",""actual_optimization"":""O2"",""binary"":""WORKDIR/string/M11/MR01/marked/build-01/artifact.bin"",""binary_sha256"":""b7a184e654e99c2c9bea380de44a4a3ac6335db3e82f195303ad075d9b9bd8ac"",""carrier"":""string"",""command"":[""gcc"",""-std=c11"",""-fno-ident"",""-no-pie"",""-O2"",""WORKDIR/string/M11/MR01/marked/build-01/host.c"",""-o"",""WORKDIR/string/M11/MR01/marked/build-01/artifact.bin""],""effective_payload_hex"":""4d6f7270682d3031"",""key"":""key-alpha"",""mutant_id"":""M11"",""requested_compiler"":""gcc"",""requested_optimization"":""O2"",""requested_payload_hex"":""4d6f7270682d3031"",""return_code"":0,""source"":""WORKDIR/string/M11/MR01/marked/build-01/host.c"",""source_sha256"":""67af7ba75589de521e52461151c3d1ca7504340275536964b5eaeeaff0d7e778"",""stderr"":""""},""extracted_hex"":""4d6f7270682d3031""}"
pilot_mutation,H01-gcd.c,bf207a4afdd7e623be4bd0751bdc1917c0ee550af0f38c0531b25bb726d1710c,string,M11,semantic_input13,semantic corruption,MR02,Host-semantic preservation,preserve,True,False,mismatch_count=0,0.14841,,True,"{""mismatches"":[]}"
pilot_mutation,H01-gcd.c,bf207a4afdd7e623be4bd0751bdc1917c0ee550af0f38c0531b25bb726d1710c,string,M11,semantic_input13,semantic corruption,MR03,Unmarked rejection,reject,True,False,rejected:absent:logical record magic not found,0.044211,,True,"{""unmarked_binary_sha256"":""ede3bc23896c80d708e4ea6b72b2826c6ad3e832db12ee3e3340f736947cb2b8""}"
pilot_mutation,H01-gcd.c,bf207a4afdd7e623be4bd0751bdc1917c0ee550af0f38c0531b25bb726d1710c,string,M11,semantic_input13,semantic corruption,MR04,Wrong-key rejection,reject,True,False,rejected:wrong-key:key tag mismatch,0.054931,,True,"{""antecedent_guarded"":true,""antecedent_hex"":""4d6f7270682d3031""}"
pilot_mutation,H01-gcd.c,bf207a4afdd7e623be4bd0751bdc1917c0ee550af0f38c0531b25bb726d1710c,string,M11,semantic_input13,semantic corruption,MR05,Payload separation,separate,True,False,first=b'Morph-01';second=b'Second-2',0.186437,,True,"{""execution_order"":""sequential-builds-then-extract"",""first_hex"":""4d6f7270682d3031"",""second_hex"":""5365636f6e642d32""}"
pilot_mutation,H01-gcd.c,bf207a4afdd7e623be4bd0751bdc1917c0ee550af0f38c0531b25bb726d1710c,string,M11,semantic_input13,semantic corruption,MR06,Cross-compiler invariance,preserve,True,False,"payloads=b'Morph-01',b'Morph-01';semantic_equal=True",0.159319,,True,"{""clang_actual"":""clang"",""gcc_actual"":""gcc""}"
pilot_mutation,H01-gcd.c,bf207a4afdd7e623be4bd0751bdc1917c0ee550af0f38c0531b25bb726d1710c,string,M11,semantic_input13,semantic corruption,MR07,Optimization invariance,preserve,True,False,"payloads=['Morph-01', 'Morph-01', 'Morph-01'];semantic_equal=True",0.244962,,True,{}
pilot_mutation,H01-gcd.c,bf207a4afdd7e623be4bd0751bdc1917c0ee550af0f38c0531b25bb726d1710c,string,M11,semantic_input13,semantic corruption,MR08,Clean-room relocation,preserve,True,False,relocated=b'Morph-01',0.060415,,True,"{""clean_room_entries"":[""renamed-artifact.bin""],""relocated_hex"":""4d6f7270682d3031""}"
pilot_mutation,H01-gcd.c,bf207a4afdd7e623be4bd0751bdc1917c0ee550af0f38c0531b25bb726d1710c,string,M11,semantic_input13,semantic corruption,MR09,Carrier-removal rejection,reject,True,False,rejected:absent:logical record magic not found,0.040188,,True,"{""antecedent_guarded"":true}"
pilot_mutation,H01-gcd.c,bf207a4afdd7e623be4bd0751bdc1917c0ee550af0f38c0531b25bb726d1710c,string,M11,semantic_input13,semantic corruption,MR10,Carrier-corruption rejection,reject,True,False,rejected:checksum:payload checksum mismatch,0.080657,,True,"{""antecedent_guarded"":true}"
pilot_mutation,H01-gcd.c,bf207a4afdd7e623be4bd0751bdc1917c0ee550af0f38c0531b25bb726d1710c,string,M11,semantic_input13,semantic corruption,MR11,Requested/actual trace agreement,trace,True,False,requested=clang/Os;actual=clang/Os,0.080719,,True,"{""build"":{""actual_compiler"":""clang"",""actual_optimization"":""Os"",""binary"":""WORKDIR/string/M11/MR11/trace/build-01/artifact.bin"",""binary_sha256"":""650cfe3c88df1f2d017ffb90cca03c12e7c5046a1082418abc653d865e9aee7c"",""carrier"":""string"",""command"":[""clang"",""-std=c11"",""-fno-ident"",""-no-pie"",""-Os"",""WORKDIR/string/M11/MR11/trace/build-01/host.c"",""-o"",""WORKDIR/string/M11/MR11/trace/build-01/artifact.bin""],""effective_payload_hex"":""4d6f7270682d3031"",""key"":""key-alpha"",""mutant_id"":""M11"",""requested_compiler"":""clang"",""requested_optimization"":""Os"",""requested_payload_hex"":""4d6f7270682d3031"",""return_code"":0,""source"":""WORKDIR/string/M11/MR11/trace/build-01/host.c"",""source_sha256"":""67af7ba75589de521e52461151c3d1ca7504340275536964b5eaeeaff0d7e778"",""stderr"":""""}}"
pilot_mutation,H01-gcd.c,bf207a4afdd7e623be4bd0751bdc1917c0ee550af0f38c0531b25bb726d1710c,string,M11,semantic_input13,semantic corruption,MR12,Interleaved artifact isolation,separate,True,False,parallel_isolation_satisfied,0.077356,,True,"{""aliasing_detected"":false,""both_expected"":true,""execution_order"":""overlapping-builds-then-extract"",""payloads_distinct"":true}"
pilot_mutation,H01-gcd.c,bf207a4afdd7e623be4bd0751bdc1917c0ee550af0f38c0531b25bb726d1710c,string,M11,semantic_input13,semantic corruption,MR13,Reordered extraction independence,preserve,True,False,before=b'Morph-01';intervening=b'Second-2';after=b'Morph-01',0.141581,,True,"{""intervening_extraction"":true}"
pilot_mutation,H01-gcd.c,bf207a4afdd7e623be4bd0751bdc1917c0ee550af0f38c0531b25bb726d1710c,string,M11,semantic_input13,semantic corruption,MR14,Rebuild stability,preserve,True,False,first=b'Morph-01';second=b'Morph-01',0.166506,,True,"{""binary_bytes_equal"":true,""execution_order"":""build1-extract1-build2-extract2""}"
pilot_mutation,H01-gcd.c,bf207a4afdd7e623be4bd0751bdc1917c0ee550af0f38c0531b25bb726d1710c,string,M12,compile_original,stage routing,MR01,Round-trip fidelity,preserve,False,True,exception:ExtractionError:logical record magic not found,0.040702,ExtractionError,True,{}
pilot_mutation,H01-gcd.c,bf207a4afdd7e623be4bd0751bdc1917c0ee550af0f38c0531b25bb726d1710c,string,M12,compile_original,stage routing,MR02,Host-semantic preservation,preserve,True,False,mismatch_count=0,0.195729,,True,"{""mismatches"":[]}"
pilot_mutation,H01-gcd.c,bf207a4afdd7e623be4bd0751bdc1917c0ee550af0f38c0531b25bb726d1710c,string,M12,compile_original,stage routing,MR03,Unmarked rejection,reject,True,False,rejected:absent:logical record magic not found,0.033587,,True,"{""unmarked_binary_sha256"":""17288de5d8ffc83b2223ee650ec19f96fa9b779f3eb45b8e2433c730b7a1e3e2""}"
pilot_mutation,H01-gcd.c,bf207a4afdd7e623be4bd0751bdc1917c0ee550af0f38c0531b25bb726d1710c,string,M12,compile_original,stage routing,MR04,Wrong-key rejection,reject,True,False,rejected:wrong-key:key tag mismatch,0.061942,,True,"{""antecedent_guarded"":true,""antecedent_hex"":""4d6f7270682d3031""}"
pilot_mutation,H01-gcd.c,bf207a4afdd7e623be4bd0751bdc1917c0ee550af0f38c0531b25bb726d1710c,string,M12,compile_original,stage routing,MR05,Payload separation,separate,False,True,exception:ExtractionError:logical record magic not found,0.119124,ExtractionError,True,{}
pilot_mutation,H01-gcd.c,bf207a4afdd7e623be4bd0751bdc1917c0ee550af0f38c0531b25bb726d1710c,string,M12,compile_original,stage routing,MR06,Cross-compiler invariance,preserve,False,True,exception:ExtractionError:logical record magic not found,0.159342,ExtractionError,True,{}
pilot_mutation,H01-gcd.c,bf207a4afdd7e623be4bd0751bdc1917c0ee550af0f38c0531b25bb726d1710c,string,M12,compile_original,stage routing,MR07,Optimization invariance,preserve,False,True,exception:ExtractionError:logical record magic not found,0.207912,ExtractionError,True,{}
pilot_mutation,H01-gcd.c,bf207a4afdd7e623be4bd0751bdc1917c0ee550af0f38c0531b25bb726d1710c,string,M12,compile_original,stage routing,MR08,Clean-room relocation,preserve,False,True,exception:ExtractionError:logical record magic not found,0.03047,ExtractionError,True,{}
pilot_mutation,H01-gcd.c,bf207a4afdd7e623be4bd0751bdc1917c0ee550af0f38c0531b25bb726d1710c,string,M12,compile_original,stage routing,MR09,Carrier-removal rejection,reject,True,False,rejected:absent:logical record magic not found,0.048255,,True,"{""antecedent_guarded"":true}"
pilot_mutation,H01-gcd.c,bf207a4afdd7e623be4bd0751bdc1917c0ee550af0f38c0531b25bb726d1710c,string,M12,compile_original,stage routing,MR10,Carrier-corruption rejection,reject,True,False,rejected:checksum:payload checksum mismatch,0.046066,,True,"{""antecedent_guarded"":true}"
pilot_mutation,H01-gcd.c,bf207a4afdd7e623be4bd0751bdc1917c0ee550af0f38c0531b25bb726d1710c,string,M12,compile_original,stage routing,MR11,Requested/actual trace agreement,trace,True,False,requested=clang/Os;actual=clang/Os,0.081718,,True,"{""build"":{""actual_compiler"":""clang"",""actual_optimization"":""Os"",""binary"":""WORKDIR/string/M12/MR11/trace/build-01/artifact.bin"",""binary_sha256"":""8979583311288d6755db67bfb67a745238b66729f18570b075945ee29c1a551b"",""carrier"":""string"",""command"":[""clang"",""-std=c11"",""-fno-ident"",""-no-pie"",""-Os"",""WORKDIR/string/M12/MR11/trace/build-01/host.c"",""-o"",""WORKDIR/string/M12/MR11/trace/build-01/artifact.bin""],""effective_payload_hex"":""4d6f7270682d3031"",""key"":""key-alpha"",""mutant_id"":""M12"",""requested_compiler"":""clang"",""requested_optimization"":""Os"",""requested_payload_hex"":""4d6f7270682d3031"",""return_code"":0,""source"":""WORKDIR/string/M12/MR11/trace/build-01/host.c"",""source_sha256"":""bf207a4afdd7e623be4bd0751bdc1917c0ee550af0f38c0531b25bb726d1710c"",""stderr"":""""}}"
pilot_mutation,H01-gcd.c,bf207a4afdd7e623be4bd0751bdc1917c0ee550af0f38c0531b25bb726d1710c,string,M12,compile_original,stage routing,MR12,Interleaved artifact isolation,separate,False,True,exception:ExtractionError:logical record magic not found,0.087748,ExtractionError,True,{}
pilot_mutation,H01-gcd.c,bf207a4afdd7e623be4bd0751bdc1917c0ee550af0f38c0531b25bb726d1710c,string,M12,compile_original,stage routing,MR13,Reordered extraction independence,preserve,False,True,exception:ExtractionError:logical record magic not found,0.076029,ExtractionError,True,{}
pilot_mutation,H01-gcd.c,bf207a4afdd7e623be4bd0751bdc1917c0ee550af0f38c0531b25bb726d1710c,string,M12,compile_original,stage routing,MR14,Rebuild stability,preserve,False,True,exception:ExtractionError:logical record magic not found,0.059355,ExtractionError,True,{}
pilot_mutation,H01-gcd.c,bf207a4afdd7e623be4bd0751bdc1917c0ee550af0f38c0531b25bb726d1710c,string,M13,force_gcc,configuration,MR01,Round-trip fidelity,preserve,True,False,extracted=b'Morph-01',0.054924,,True,"{""build"":{""actual_compiler"":""gcc"",""actual_optimization"":""O2"",""binary"":""WORKDIR/string/M13/MR01/marked/build-01/artifact.bin"",""binary_sha256"":""b8e5790f338ae8db35cfffc794a440a51f513484ba40b60dbac7eb19948f430c"",""carrier"":""string"",""command"":[""gcc"",""-std=c11"",""-fno-ident"",""-no-pie"",""-O2"",""WORKDIR/string/M13/MR01/marked/build-01/host.c"",""-o"",""WORKDIR/string/M13/MR01/marked/build-01/artifact.bin""],""effective_payload_hex"":""4d6f7270682d3031"",""key"":""key-alpha"",""mutant_id"":""M13"",""requested_compiler"":""gcc"",""requested_optimization"":""O2"",""requested_payload_hex"":""4d6f7270682d3031"",""return_code"":0,""source"":""WORKDIR/string/M13/MR01/marked/build-01/host.c"",""source_sha256"":""de3dd3bc3add920f6b14f3cfa83262c596594edfaf1d5fcc70bb4bc78a38fa0e"",""stderr"":""""},""extracted_hex"":""4d6f7270682d3031""}"
pilot_mutation,H01-gcd.c,bf207a4afdd7e623be4bd0751bdc1917c0ee550af0f38c0531b25bb726d1710c,string,M13,force_gcc,configuration,MR02,Host-semantic preservation,preserve,True,False,mismatch_count=0,0.138289,,True,"{""mismatches"":[]}"
pilot_mutation,H01-gcd.c,bf207a4afdd7e623be4bd0751bdc1917c0ee550af0f38c0531b25bb726d1710c,string,M13,force_gcc,configuration,MR03,Unmarked rejection,reject,True,False,rejected:absent:logical record magic not found,0.044982,,True,"{""unmarked_binary_sha256"":""17288de5d8ffc83b2223ee650ec19f96fa9b779f3eb45b8e2433c730b7a1e3e2""}"
pilot_mutation,H01-gcd.c,bf207a4afdd7e623be4bd0751bdc1917c0ee550af0f38c0531b25bb726d1710c,string,M13,force_gcc,configuration,MR04,Wrong-key rejection,reject,True,False,rejected:wrong-key:key tag mismatch,0.06023,,True,"{""antecedent_guarded"":true,""antecedent_hex"":""4d6f7270682d3031""}"
pilot_mutation,H01-gcd.c,bf207a4afdd7e623be4bd0751bdc1917c0ee550af0f38c0531b25bb726d1710c,string,M13,force_gcc,configuration,MR05,Payload separation,separate,True,False,first=b'Morph-01';second=b'Second-2',0.122959,,True,"{""execution_order"":""sequential-builds-then-extract"",""first_hex"":""4d6f7270682d3031"",""second_hex"":""5365636f6e642d32""}"
pilot_mutation,H01-gcd.c,bf207a4afdd7e623be4bd0751bdc1917c0ee550af0f38c0531b25bb726d1710c,string,M13,force_gcc,configuration,MR06,Cross-compiler invariance,preserve,True,False,"payloads=b'Morph-01',b'Morph-01';semantic_equal=True",0.188833,,True,"{""clang_actual"":""gcc"",""gcc_actual"":""gcc""}"
pilot_mutation,H01-gcd.c,bf207a4afdd7e623be4bd0751bdc1917c0ee550af0f38c0531b25bb726d1710c,string,M13,force_gcc,configuration,MR07,Optimization invariance,preserve,True,False,"payloads=['Morph-01', 'Morph-01', 'Morph-01'];semantic_equal=True",0.200645,,True,{}
pilot_mutation,H01-gcd.c,bf207a4afdd7e623be4bd0751bdc1917c0ee550af0f38c0531b25bb726d1710c,string,M13,force_gcc,configuration,MR08,Clean-room relocation,preserve,True,False,relocated=b'Morph-01',0.076773,,True,"{""clean_room_entries"":[""renamed-artifact.bin""],""relocated_hex"":""4d6f7270682d3031""}"
pilot_mutation,H01-gcd.c,bf207a4afdd7e623be4bd0751bdc1917c0ee550af0f38c0531b25bb726d1710c,string,M13,force_gcc,configuration,MR09,Carrier-removal rejection,reject,True,False,rejected:absent:logical record magic not found,0.060933,,True,"{""antecedent_guarded"":true}"
pilot_mutation,H01-gcd.c,bf207a4afdd7e623be4bd0751bdc1917c0ee550af0f38c0531b25bb726d1710c,string,M13,force_gcc,configuration,MR10,Carrier-corruption rejection,reject,True,False,rejected:checksum:payload checksum mismatch,0.079476,,True,"{""antecedent_guarded"":true}"
pilot_mutation,H01-gcd.c,bf207a4afdd7e623be4bd0751bdc1917c0ee550af0f38c0531b25bb726d1710c,string,M13,force_gcc,configuration,MR11,Requested/actual trace agreement,trace,False,True,requested=clang/Os;actual=gcc/Os,0.072966,,True,"{""build"":{""actual_compiler"":""gcc"",""actual_optimization"":""Os"",""binary"":""WORKDIR/string/M13/MR11/trace/build-01/artifact.bin"",""binary_sha256"":""6229fadbf21a1675f445b8e07af7967457eaccdfb826afce65dbb2413911252d"",""carrier"":""string"",""command"":[""gcc"",""-std=c11"",""-fno-ident"",""-no-pie"",""-Os"",""WORKDIR/string/M13/MR11/trace/build-01/host.c"",""-o"",""WORKDIR/string/M13/MR11/trace/build-01/artifact.bin""],""effective_payload_hex"":""4d6f7270682d3031"",""key"":""key-alpha"",""mutant_id"":""M13"",""requested_compiler"":""clang"",""requested_optimization"":""Os"",""requested_payload_hex"":""4d6f7270682d3031"",""return_code"":0,""source"":""WORKDIR/string/M13/MR11/trace/build-01/host.c"",""source_sha256"":""de3dd3bc3add920f6b14f3cfa83262c596594edfaf1d5fcc70bb4bc78a38fa0e"",""stderr"":""""}}"
pilot_mutation,H01-gcd.c,bf207a4afdd7e623be4bd0751bdc1917c0ee550af0f38c0531b25bb726d1710c,string,M13,force_gcc,configuration,MR12,Interleaved artifact isolation,separate,True,False,parallel_isolation_satisfied,0.0623,,True,"{""aliasing_detected"":false,""both_expected"":true,""execution_order"":""overlapping-builds-then-extract"",""payloads_distinct"":true}"
pilot_mutation,H01-gcd.c,bf207a4afdd7e623be4bd0751bdc1917c0ee550af0f38c0531b25bb726d1710c,string,M13,force_gcc,configuration,MR13,Reordered extraction independence,preserve,True,False,before=b'Morph-01';intervening=b'Second-2';after=b'Morph-01',0.106954,,True,"{""intervening_extraction"":true}"
pilot_mutation,H01-gcd.c,bf207a4afdd7e623be4bd0751bdc1917c0ee550af0f38c0531b25bb726d1710c,string,M13,force_gcc,configuration,MR14,Rebuild stability,preserve,True,False,first=b'Morph-01';second=b'Morph-01',0.153617,,True,"{""binary_bytes_equal"":true,""execution_order"":""build1-extract1-build2-extract2""}"
pilot_mutation,H01-gcd.c,bf207a4afdd7e623be4bd0751bdc1917c0ee550af0f38c0531b25bb726d1710c,string,M14,force_O0,configuration,MR01,Round-trip fidelity,preserve,True,False,extracted=b'Morph-01',0.060717,,True,"{""build"":{""actual_compiler"":""gcc"",""actual_optimization"":""O0"",""binary"":""WORKDIR/string/M14/MR01/marked/build-01/artifact.bin"",""binary_sha256"":""aa4ee3211125033bc560f008603cdc043ea899be400e5a47d99debbac691ede0"",""carrier"":""string"",""command"":[""gcc"",""-std=c11"",""-fno-ident"",""-no-pie"",""-O0"",""WORKDIR/string/M14/MR01/marked/build-01/host.c"",""-o"",""WORKDIR/string/M14/MR01/marked/build-01/artifact.bin""],""effective_payload_hex"":""4d6f7270682d3031"",""key"":""key-alpha"",""mutant_id"":""M14"",""requested_compiler"":""gcc"",""requested_optimization"":""O2"",""requested_payload_hex"":""4d6f7270682d3031"",""return_code"":0,""source"":""WORKDIR/string/M14/MR01/marked/build-01/host.c"",""source_sha256"":""de3dd3bc3add920f6b14f3cfa83262c596594edfaf1d5fcc70bb4bc78a38fa0e"",""stderr"":""""},""extracted_hex"":""4d6f7270682d3031""}"
pilot_mutation,H01-gcd.c,bf207a4afdd7e623be4bd0751bdc1917c0ee550af0f38c0531b25bb726d1710c,string,M14,force_O0,configuration,MR02,Host-semantic preservation,preserve,True,False,mismatch_count=0,0.098849,,True,"{""mismatches"":[]}"
pilot_mutation,H01-gcd.c,bf207a4afdd7e623be4bd0751bdc1917c0ee550af0f38c0531b25bb726d1710c,string,M14,force_O0,configuration,MR03,Unmarked rejection,reject,True,False,rejected:absent:logical record magic not found,0.065988,,True,"{""unmarked_binary_sha256"":""9b4d3b3c14fed8daa1b0d67cbd603737a48b61b6fcbe1d6f6b318081d458be0b""}"
pilot_mutation,H01-gcd.c,bf207a4afdd7e623be4bd0751bdc1917c0ee550af0f38c0531b25bb726d1710c,string,M14,force_O0,configuration,MR04,Wrong-key rejection,reject,True,False,rejected:wrong-key:key tag mismatch,0.062816,,True,"{""antecedent_guarded"":true,""antecedent_hex"":""4d6f7270682d3031""}"
pilot_mutation,H01-gcd.c,bf207a4afdd7e623be4bd0751bdc1917c0ee550af0f38c0531b25bb726d1710c,string,M14,force_O0,configuration,MR05,Payload separation,separate,True,False,first=b'Morph-01';second=b'Second-2',0.107019,,True,"{""execution_order"":""sequential-builds-then-extract"",""first_hex"":""4d6f7270682d3031"",""second_hex"":""5365636f6e642d32""}"
pilot_mutation,H01-gcd.c,bf207a4afdd7e623be4bd0751bdc1917c0ee550af0f38c0531b25bb726d1710c,string,M14,force_O0,configuration,MR06,Cross-compiler invariance,preserve,True,False,"payloads=b'Morph-01',b'Morph-01';semantic_equal=True",0.132793,,True,"{""clang_actual"":""clang"",""gcc_actual"":""gcc""}"
pilot_mutation,H01-gcd.c,bf207a4afdd7e623be4bd0751bdc1917c0ee550af0f38c0531b25bb726d1710c,string,M14,force_O0,configuration,MR07,Optimization invariance,preserve,True,False,"payloads=['Morph-01', 'Morph-01', 'Morph-01'];semantic_equal=True",0.234887,,True,{}
pilot_mutation,H01-gcd.c,bf207a4afdd7e623be4bd0751bdc1917c0ee550af0f38c0531b25bb726d1710c,string,M14,force_O0,configuration,MR08,Clean-room relocation,preserve,True,False,relocated=b'Morph-01',0.038138,,True,"{""clean_room_entries"":[""renamed-artifact.bin""],""relocated_hex"":""4d6f7270682d3031""}"
pilot_mutation,H01-gcd.c,bf207a4afdd7e623be4bd0751bdc1917c0ee550af0f38c0531b25bb726d1710c,string,M14,force_O0,configuration,MR09,Carrier-removal rejection,reject,True,False,rejected:absent:logical record magic not found,0.032827,,True,"{""antecedent_guarded"":true}"
pilot_mutation,H01-gcd.c,bf207a4afdd7e623be4bd0751bdc1917c0ee550af0f38c0531b25bb726d1710c,string,M14,force_O0,configuration,MR10,Carrier-corruption rejection,reject,True,False,rejected:checksum:payload checksum mismatch,0.043774,,True,"{""antecedent_guarded"":true}"
pilot_mutation,H01-gcd.c,bf207a4afdd7e623be4bd0751bdc1917c0ee550af0f38c0531b25bb726d1710c,string,M14,force_O0,configuration,MR11,Requested/actual trace agreement,trace,False,True,requested=clang/Os;actual=clang/O0,0.077168,,True,"{""build"":{""actual_compiler"":""clang"",""actual_optimization"":""O0"",""binary"":""WORKDIR/string/M14/MR11/trace/build-01/artifact.bin"",""binary_sha256"":""0448246b6dfc5ceef756ce44ee747b7e724419c6d1d329df08a57018d5da6ea2"",""carrier"":""string"",""command"":[""clang"",""-std=c11"",""-fno-ident"",""-no-pie"",""-O0"",""WORKDIR/string/M14/MR11/trace/build-01/host.c"",""-o"",""WORKDIR/string/M14/MR11/trace/build-01/artifact.bin""],""effective_payload_hex"":""4d6f7270682d3031"",""key"":""key-alpha"",""mutant_id"":""M14"",""requested_compiler"":""clang"",""requested_optimization"":""Os"",""requested_payload_hex"":""4d6f7270682d3031"",""return_code"":0,""source"":""WORKDIR/string/M14/MR11/trace/build-01/host.c"",""source_sha256"":""de3dd3bc3add920f6b14f3cfa83262c596594edfaf1d5fcc70bb4bc78a38fa0e"",""stderr"":""""}}"
pilot_mutation,H01-gcd.c,bf207a4afdd7e623be4bd0751bdc1917c0ee550af0f38c0531b25bb726d1710c,string,M14,force_O0,configuration,MR12,Interleaved artifact isolation,separate,True,False,parallel_isolation_satisfied,0.08938,,True,"{""aliasing_detected"":false,""both_expected"":true,""execution_order"":""overlapping-builds-then-extract"",""payloads_distinct"":true}"
pilot_mutation,H01-gcd.c,bf207a4afdd7e623be4bd0751bdc1917c0ee550af0f38c0531b25bb726d1710c,string,M14,force_O0,configuration,MR13,Reordered extraction independence,preserve,True,False,before=b'Morph-01';intervening=b'Second-2';after=b'Morph-01',0.13668,,True,"{""intervening_extraction"":true}"
pilot_mutation,H01-gcd.c,bf207a4afdd7e623be4bd0751bdc1917c0ee550af0f38c0531b25bb726d1710c,string,M14,force_O0,configuration,MR14,Rebuild stability,preserve,True,False,first=b'Morph-01';second=b'Morph-01',0.117204,,True,"{""binary_bytes_equal"":true,""execution_order"":""build1-extract1-build2-extract2""}"
pilot_mutation,H01-gcd.c,bf207a4afdd7e623be4bd0751bdc1917c0ee550af0f38c0531b25bb726d1710c,string,M15,transform_noop,transformation,MR01,Round-trip fidelity,preserve,True,False,extracted=b'Morph-01',0.060445,,True,"{""build"":{""actual_compiler"":""gcc"",""actual_optimization"":""O2"",""binary"":""WORKDIR/string/M15/MR01/marked/build-01/artifact.bin"",""binary_sha256"":""b8e5790f338ae8db35cfffc794a440a51f513484ba40b60dbac7eb19948f430c"",""carrier"":""string"",""command"":[""gcc"",""-std=c11"",""-fno-ident"",""-no-pie"",""-O2"",""WORKDIR/string/M15/MR01/marked/build-01/host.c"",""-o"",""WORKDIR/string/M15/MR01/marked/build-01/artifact.bin""],""effective_payload_hex"":""4d6f7270682d3031"",""key"":""key-alpha"",""mutant_id"":""M15"",""requested_compiler"":""gcc"",""requested_optimization"":""O2"",""requested_payload_hex"":""4d6f7270682d3031"",""return_code"":0,""source"":""WORKDIR/string/M15/MR01/marked/build-01/host.c"",""source_sha256"":""de3dd3bc3add920f6b14f3cfa83262c596594edfaf1d5fcc70bb4bc78a38fa0e"",""stderr"":""""},""extracted_hex"":""4d6f7270682d3031""}"
pilot_mutation,H01-gcd.c,bf207a4afdd7e623be4bd0751bdc1917c0ee550af0f38c0531b25bb726d1710c,string,M15,transform_noop,transformation,MR02,Host-semantic preservation,preserve,True,False,mismatch_count=0,0.182281,,True,"{""mismatches"":[]}"
pilot_mutation,H01-gcd.c,bf207a4afdd7e623be4bd0751bdc1917c0ee550af0f38c0531b25bb726d1710c,string,M15,transform_noop,transformation,MR03,Unmarked rejection,reject,True,False,rejected:absent:logical record magic not found,0.033255,,True,"{""unmarked_binary_sha256"":""17288de5d8ffc83b2223ee650ec19f96fa9b779f3eb45b8e2433c730b7a1e3e2""}"
pilot_mutation,H01-gcd.c,bf207a4afdd7e623be4bd0751bdc1917c0ee550af0f38c0531b25bb726d1710c,string,M15,transform_noop,transformation,MR04,Wrong-key rejection,reject,True,False,rejected:wrong-key:key tag mismatch,0.034304,,True,"{""antecedent_guarded"":true,""antecedent_hex"":""4d6f7270682d3031""}"
pilot_mutation,H01-gcd.c,bf207a4afdd7e623be4bd0751bdc1917c0ee550af0f38c0531b25bb726d1710c,string,M15,transform_noop,transformation,MR05,Payload separation,separate,True,False,first=b'Morph-01';second=b'Second-2',0.115414,,True,"{""execution_order"":""sequential-builds-then-extract"",""first_hex"":""4d6f7270682d3031"",""second_hex"":""5365636f6e642d32""}"
pilot_mutation,H01-gcd.c,bf207a4afdd7e623be4bd0751bdc1917c0ee550af0f38c0531b25bb726d1710c,string,M15,transform_noop,transformation,MR06,Cross-compiler invariance,preserve,True,False,"payloads=b'Morph-01',b'Morph-01';semantic_equal=True",0.167362,,True,"{""clang_actual"":""clang"",""gcc_actual"":""gcc""}"
pilot_mutation,H01-gcd.c,bf207a4afdd7e623be4bd0751bdc1917c0ee550af0f38c0531b25bb726d1710c,string,M15,transform_noop,transformation,MR07,Optimization invariance,preserve,True,False,"payloads=['Morph-01', 'Morph-01', 'Morph-01'];semantic_equal=True",0.239379,,True,{}
pilot_mutation,H01-gcd.c,bf207a4afdd7e623be4bd0751bdc1917c0ee550af0f38c0531b25bb726d1710c,string,M15,transform_noop,transformation,MR08,Clean-room relocation,preserve,True,False,relocated=b'Morph-01',0.03995,,True,"{""clean_room_entries"":[""renamed-artifact.bin""],""relocated_hex"":""4d6f7270682d3031""}"
pilot_mutation,H01-gcd.c,bf207a4afdd7e623be4bd0751bdc1917c0ee550af0f38c0531b25bb726d1710c,string,M15,transform_noop,transformation,MR09,Carrier-removal rejection,reject,False,True,spurious robustness:accepted:b'Morph-01',0.049303,,True,"{""antecedent_guarded"":true}"
pilot_mutation,H01-gcd.c,bf207a4afdd7e623be4bd0751bdc1917c0ee550af0f38c0531b25bb726d1710c,string,M15,transform_noop,transformation,MR10,Carrier-corruption rejection,reject,True,False,rejected:checksum:payload checksum mismatch,0.038054,,True,"{""antecedent_guarded"":true}"
pilot_mutation,H01-gcd.c,bf207a4afdd7e623be4bd0751bdc1917c0ee550af0f38c0531b25bb726d1710c,string,M15,transform_noop,transformation,MR11,Requested/actual trace agreement,trace,True,False,requested=clang/Os;actual=clang/Os,0.083971,,True,"{""build"":{""actual_compiler"":""clang"",""actual_optimization"":""Os"",""binary"":""WORKDIR/string/M15/MR11/trace/build-01/artifact.bin"",""binary_sha256"":""bf1b3f8ba8daa55b6d499a4bbb63a61efb7b30a4d426a514b1ce3e529d1be05b"",""carrier"":""string"",""command"":[""clang"",""-std=c11"",""-fno-ident"",""-no-pie"",""-Os"",""WORKDIR/string/M15/MR11/trace/build-01/host.c"",""-o"",""WORKDIR/string/M15/MR11/trace/build-01/artifact.bin""],""effective_payload_hex"":""4d6f7270682d3031"",""key"":""key-alpha"",""mutant_id"":""M15"",""requested_compiler"":""clang"",""requested_optimization"":""Os"",""requested_payload_hex"":""4d6f7270682d3031"",""return_code"":0,""source"":""WORKDIR/string/M15/MR11/trace/build-01/host.c"",""source_sha256"":""de3dd3bc3add920f6b14f3cfa83262c596594edfaf1d5fcc70bb4bc78a38fa0e"",""stderr"":""""}}"
pilot_mutation,H01-gcd.c,bf207a4afdd7e623be4bd0751bdc1917c0ee550af0f38c0531b25bb726d1710c,string,M15,transform_noop,transformation,MR12,Interleaved artifact isolation,separate,True,False,parallel_isolation_satisfied,0.072768,,True,"{""aliasing_detected"":false,""both_expected"":true,""execution_order"":""overlapping-builds-then-extract"",""payloads_distinct"":true}"
pilot_mutation,H01-gcd.c,bf207a4afdd7e623be4bd0751bdc1917c0ee550af0f38c0531b25bb726d1710c,string,M15,transform_noop,transformation,MR13,Reordered extraction independence,preserve,True,False,before=b'Morph-01';intervening=b'Second-2';after=b'Morph-01',0.111563,,True,"{""intervening_extraction"":true}"
pilot_mutation,H01-gcd.c,bf207a4afdd7e623be4bd0751bdc1917c0ee550af0f38c0531b25bb726d1710c,string,M15,transform_noop,transformation,MR14,Rebuild stability,preserve,True,False,first=b'Morph-01';second=b'Morph-01',0.141301,,True,"{""binary_bytes_equal"":true,""execution_order"":""build1-extract1-build2-extract2""}"
pilot_mutation,H01-gcd.c,bf207a4afdd7e623be4bd0751bdc1917c0ee550af0f38c0531b25bb726d1710c,string,M16,checksum_bypass,integrity,MR01,Round-trip fidelity,preserve,True,False,extracted=b'Morph-01',0.062645,,True,"{""build"":{""actual_compiler"":""gcc"",""actual_optimization"":""O2"",""binary"":""WORKDIR/string/M16/MR01/marked/build-01/artifact.bin"",""binary_sha256"":""b8e5790f338ae8db35cfffc794a440a51f513484ba40b60dbac7eb19948f430c"",""carrier"":""string"",""command"":[""gcc"",""-std=c11"",""-fno-ident"",""-no-pie"",""-O2"",""WORKDIR/string/M16/MR01/marked/build-01/host.c"",""-o"",""WORKDIR/string/M16/MR01/marked/build-01/artifact.bin""],""effective_payload_hex"":""4d6f7270682d3031"",""key"":""key-alpha"",""mutant_id"":""M16"",""requested_compiler"":""gcc"",""requested_optimization"":""O2"",""requested_payload_hex"":""4d6f7270682d3031"",""return_code"":0,""source"":""WORKDIR/string/M16/MR01/marked/build-01/host.c"",""source_sha256"":""de3dd3bc3add920f6b14f3cfa83262c596594edfaf1d5fcc70bb4bc78a38fa0e"",""stderr"":""""},""extracted_hex"":""4d6f7270682d3031""}"
pilot_mutation,H01-gcd.c,bf207a4afdd7e623be4bd0751bdc1917c0ee550af0f38c0531b25bb726d1710c,string,M16,checksum_bypass,integrity,MR02,Host-semantic preservation,preserve,True,False,mismatch_count=0,0.156488,,True,"{""mismatches"":[]}"
pilot_mutation,H01-gcd.c,bf207a4afdd7e623be4bd0751bdc1917c0ee550af0f38c0531b25bb726d1710c,string,M16,checksum_bypass,integrity,MR03,Unmarked rejection,reject,True,False,rejected:absent:logical record magic not found,0.050738,,True,"{""unmarked_binary_sha256"":""17288de5d8ffc83b2223ee650ec19f96fa9b779f3eb45b8e2433c730b7a1e3e2""}"
pilot_mutation,H01-gcd.c,bf207a4afdd7e623be4bd0751bdc1917c0ee550af0f38c0531b25bb726d1710c,string,M16,checksum_bypass,integrity,MR04,Wrong-key rejection,reject,True,False,rejected:wrong-key:key tag mismatch,0.035438,,True,"{""antecedent_guarded"":true,""antecedent_hex"":""4d6f7270682d3031""}"
pilot_mutation,H01-gcd.c,bf207a4afdd7e623be4bd0751bdc1917c0ee550af0f38c0531b25bb726d1710c,string,M16,checksum_bypass,integrity,MR05,Payload separation,separate,True,False,first=b'Morph-01';second=b'Second-2',0.131235,,True,"{""execution_order"":""sequential-builds-then-extract"",""first_hex"":""4d6f7270682d3031"",""second_hex"":""5365636f6e642d32""}"
pilot_mutation,H01-gcd.c,bf207a4afdd7e623be4bd0751bdc1917c0ee550af0f38c0531b25bb726d1710c,string,M16,checksum_bypass,integrity,MR06,Cross-compiler invariance,preserve,True,False,"payloads=b'Morph-01',b'Morph-01';semantic_equal=True",0.141897,,True,"{""clang_actual"":""clang"",""gcc_actual"":""gcc""}"
pilot_mutation,H01-gcd.c,bf207a4afdd7e623be4bd0751bdc1917c0ee550af0f38c0531b25bb726d1710c,string,M16,checksum_bypass,integrity,MR07,Optimization invariance,preserve,True,False,"payloads=['Morph-01', 'Morph-01', 'Morph-01'];semantic_equal=True",0.210898,,True,{}
pilot_mutation,H01-gcd.c,bf207a4afdd7e623be4bd0751bdc1917c0ee550af0f38c0531b25bb726d1710c,string,M16,checksum_bypass,integrity,MR08,Clean-room relocation,preserve,True,False,relocated=b'Morph-01',0.060968,,True,"{""clean_room_entries"":[""renamed-artifact.bin""],""relocated_hex"":""4d6f7270682d3031""}"
pilot_mutation,H01-gcd.c,bf207a4afdd7e623be4bd0751bdc1917c0ee550af0f38c0531b25bb726d1710c,string,M16,checksum_bypass,integrity,MR09,Carrier-removal rejection,reject,True,False,rejected:absent:logical record magic not found,0.069756,,True,"{""antecedent_guarded"":true}"
pilot_mutation,H01-gcd.c,bf207a4afdd7e623be4bd0751bdc1917c0ee550af0f38c0531b25bb726d1710c,string,M16,checksum_bypass,integrity,MR10,Carrier-corruption rejection,reject,False,True,corruption accepted:accepted:b'Morph-01',0.044424,,True,"{""antecedent_guarded"":true}"
pilot_mutation,H01-gcd.c,bf207a4afdd7e623be4bd0751bdc1917c0ee550af0f38c0531b25bb726d1710c,string,M16,checksum_bypass,integrity,MR11,Requested/actual trace agreement,trace,True,False,requested=clang/Os;actual=clang/Os,0.061724,,True,"{""build"":{""actual_compiler"":""clang"",""actual_optimization"":""Os"",""binary"":""WORKDIR/string/M16/MR11/trace/build-01/artifact.bin"",""binary_sha256"":""bf1b3f8ba8daa55b6d499a4bbb63a61efb7b30a4d426a514b1ce3e529d1be05b"",""carrier"":""string"",""command"":[""clang"",""-std=c11"",""-fno-ident"",""-no-pie"",""-Os"",""WORKDIR/string/M16/MR11/trace/build-01/host.c"",""-o"",""WORKDIR/string/M16/MR11/trace/build-01/artifact.bin""],""effective_payload_hex"":""4d6f7270682d3031"",""key"":""key-alpha"",""mutant_id"":""M16"",""requested_compiler"":""clang"",""requested_optimization"":""Os"",""requested_payload_hex"":""4d6f7270682d3031"",""return_code"":0,""source"":""WORKDIR/string/M16/MR11/trace/build-01/host.c"",""source_sha256"":""de3dd3bc3add920f6b14f3cfa83262c596594edfaf1d5fcc70bb4bc78a38fa0e"",""stderr"":""""}}"
pilot_mutation,H01-gcd.c,bf207a4afdd7e623be4bd0751bdc1917c0ee550af0f38c0531b25bb726d1710c,string,M16,checksum_bypass,integrity,MR12,Interleaved artifact isolation,separate,True,False,parallel_isolation_satisfied,0.073265,,True,"{""aliasing_detected"":false,""both_expected"":true,""execution_order"":""overlapping-builds-then-extract"",""payloads_distinct"":true}"
pilot_mutation,H01-gcd.c,bf207a4afdd7e623be4bd0751bdc1917c0ee550af0f38c0531b25bb726d1710c,string,M16,checksum_bypass,integrity,MR13,Reordered extraction independence,preserve,True,False,before=b'Morph-01';intervening=b'Second-2';after=b'Morph-01',0.123618,,True,"{""intervening_extraction"":true}"
pilot_mutation,H01-gcd.c,bf207a4afdd7e623be4bd0751bdc1917c0ee550af0f38c0531b25bb726d1710c,string,M16,checksum_bypass,integrity,MR14,Rebuild stability,preserve,True,False,first=b'Morph-01';second=b'Morph-01',0.157502,,True,"{""binary_bytes_equal"":true,""execution_order"":""build1-extract1-build2-extract2""}"
pilot_mutation,H01-gcd.c,bf207a4afdd7e623be4bd0751bdc1917c0ee550af0f38c0531b25bb726d1710c,string,M17,filename_bound,artifact binding,MR01,Round-trip fidelity,preserve,True,False,extracted=b'Morph-01',0.074637,,True,"{""build"":{""actual_compiler"":""gcc"",""actual_optimization"":""O2"",""binary"":""WORKDIR/string/M17/MR01/marked/build-01/artifact.bin"",""binary_sha256"":""b8e5790f338ae8db35cfffc794a440a51f513484ba40b60dbac7eb19948f430c"",""carrier"":""string"",""command"":[""gcc"",""-std=c11"",""-fno-ident"",""-no-pie"",""-O2"",""WORKDIR/string/M17/MR01/marked/build-01/host.c"",""-o"",""WORKDIR/string/M17/MR01/marked/build-01/artifact.bin""],""effective_payload_hex"":""4d6f7270682d3031"",""key"":""key-alpha"",""mutant_id"":""M17"",""requested_compiler"":""gcc"",""requested_optimization"":""O2"",""requested_payload_hex"":""4d6f7270682d3031"",""return_code"":0,""source"":""WORKDIR/string/M17/MR01/marked/build-01/host.c"",""source_sha256"":""de3dd3bc3add920f6b14f3cfa83262c596594edfaf1d5fcc70bb4bc78a38fa0e"",""stderr"":""""},""extracted_hex"":""4d6f7270682d3031""}"
pilot_mutation,H01-gcd.c,bf207a4afdd7e623be4bd0751bdc1917c0ee550af0f38c0531b25bb726d1710c,string,M17,filename_bound,artifact binding,MR02,Host-semantic preservation,preserve,True,False,mismatch_count=0,0.165811,,True,"{""mismatches"":[]}"
pilot_mutation,H01-gcd.c,bf207a4afdd7e623be4bd0751bdc1917c0ee550af0f38c0531b25bb726d1710c,string,M17,filename_bound,artifact binding,MR03,Unmarked rejection,reject,True,False,rejected:absent:logical record magic not found,0.074731,,True,"{""unmarked_binary_sha256"":""17288de5d8ffc83b2223ee650ec19f96fa9b779f3eb45b8e2433c730b7a1e3e2""}"
pilot_mutation,H01-gcd.c,bf207a4afdd7e623be4bd0751bdc1917c0ee550af0f38c0531b25bb726d1710c,string,M17,filename_bound,artifact binding,MR04,Wrong-key rejection,reject,True,False,rejected:wrong-key:key tag mismatch,0.064639,,True,"{""antecedent_guarded"":true,""antecedent_hex"":""4d6f7270682d3031""}"
pilot_mutation,H01-gcd.c,bf207a4afdd7e623be4bd0751bdc1917c0ee550af0f38c0531b25bb726d1710c,string,M17,filename_bound,artifact binding,MR05,Payload separation,separate,True,False,first=b'Morph-01';second=b'Second-2',0.096865,,True,"{""execution_order"":""sequential-builds-then-extract"",""first_hex"":""4d6f7270682d3031"",""second_hex"":""5365636f6e642d32""}"
pilot_mutation,H01-gcd.c,bf207a4afdd7e623be4bd0751bdc1917c0ee550af0f38c0531b25bb726d1710c,string,M17,filename_bound,artifact binding,MR06,Cross-compiler invariance,preserve,True,False,"payloads=b'Morph-01',b'Morph-01';semantic_equal=True",0.199039,,True,"{""clang_actual"":""clang"",""gcc_actual"":""gcc""}"
pilot_mutation,H01-gcd.c,bf207a4afdd7e623be4bd0751bdc1917c0ee550af0f38c0531b25bb726d1710c,string,M17,filename_bound,artifact binding,MR07,Optimization invariance,preserve,True,False,"payloads=['Morph-01', 'Morph-01', 'Morph-01'];semantic_equal=True",0.196044,,True,{}
pilot_mutation,H01-gcd.c,bf207a4afdd7e623be4bd0751bdc1917c0ee550af0f38c0531b25bb726d1710c,string,M17,filename_bound,artifact binding,MR08,Clean-room relocation,preserve,False,True,exception:ExtractionError:artifact path is not an original build path,0.06509,ExtractionError,True,{}
pilot_mutation,H01-gcd.c,bf207a4afdd7e623be4bd0751bdc1917c0ee550af0f38c0531b25bb726d1710c,string,M17,filename_bound,artifact binding,MR09,Carrier-removal rejection,reject,True,False,rejected:path:artifact path is not an original build path,0.060521,,True,"{""antecedent_guarded"":true}"
pilot_mutation,H01-gcd.c,bf207a4afdd7e623be4bd0751bdc1917c0ee550af0f38c0531b25bb726d1710c,string,M17,filename_bound,artifact binding,MR10,Carrier-corruption rejection,reject,True,False,rejected:path:artifact path is not an original build path,0.076233,,True,"{""antecedent_guarded"":true}"
pilot_mutation,H01-gcd.c,bf207a4afdd7e623be4bd0751bdc1917c0ee550af0f38c0531b25bb726d1710c,string,M17,filename_bound,artifact binding,MR11,Requested/actual trace agreement,trace,True,False,requested=clang/Os;actual=clang/Os,0.059573,,True,"{""build"":{""actual_compiler"":""clang"",""actual_optimization"":""Os"",""binary"":""WORKDIR/string/M17/MR11/trace/build-01/artifact.bin"",""binary_sha256"":""bf1b3f8ba8daa55b6d499a4bbb63a61efb7b30a4d426a514b1ce3e529d1be05b"",""carrier"":""string"",""command"":[""clang"",""-std=c11"",""-fno-ident"",""-no-pie"",""-Os"",""WORKDIR/string/M17/MR11/trace/build-01/host.c"",""-o"",""WORKDIR/string/M17/MR11/trace/build-01/artifact.bin""],""effective_payload_hex"":""4d6f7270682d3031"",""key"":""key-alpha"",""mutant_id"":""M17"",""requested_compiler"":""clang"",""requested_optimization"":""Os"",""requested_payload_hex"":""4d6f7270682d3031"",""return_code"":0,""source"":""WORKDIR/string/M17/MR11/trace/build-01/host.c"",""source_sha256"":""de3dd3bc3add920f6b14f3cfa83262c596594edfaf1d5fcc70bb4bc78a38fa0e"",""stderr"":""""}}"
pilot_mutation,H01-gcd.c,bf207a4afdd7e623be4bd0751bdc1917c0ee550af0f38c0531b25bb726d1710c,string,M17,filename_bound,artifact binding,MR12,Interleaved artifact isolation,separate,True,False,parallel_isolation_satisfied,0.100882,,True,"{""aliasing_detected"":false,""both_expected"":true,""execution_order"":""overlapping-builds-then-extract"",""payloads_distinct"":true}"
pilot_mutation,H01-gcd.c,bf207a4afdd7e623be4bd0751bdc1917c0ee550af0f38c0531b25bb726d1710c,string,M17,filename_bound,artifact binding,MR13,Reordered extraction independence,preserve,True,False,before=b'Morph-01';intervening=b'Second-2';after=b'Morph-01',0.11403,,True,"{""intervening_extraction"":true}"
pilot_mutation,H01-gcd.c,bf207a4afdd7e623be4bd0751bdc1917c0ee550af0f38c0531b25bb726d1710c,string,M17,filename_bound,artifact binding,MR14,Rebuild stability,preserve,True,False,first=b'Morph-01';second=b'Morph-01',0.118345,,True,"{""binary_bytes_equal"":true,""execution_order"":""build1-extract1-build2-extract2""}"
pilot_mutation,H01-gcd.c,bf207a4afdd7e623be4bd0751bdc1917c0ee550af0f38c0531b25bb726d1710c,string,M18,stale_binary,state,MR01,Round-trip fidelity,preserve,True,False,extracted=b'Morph-01',0.068479,,True,"{""build"":{""actual_compiler"":""gcc"",""actual_optimization"":""O2"",""binary"":""WORKDIR/string/M18/MR01/marked/build-01/artifact.bin"",""binary_sha256"":""b8e5790f338ae8db35cfffc794a440a51f513484ba40b60dbac7eb19948f430c"",""carrier"":""string"",""command"":[""gcc"",""-std=c11"",""-fno-ident"",""-no-pie"",""-O2"",""WORKDIR/string/M18/MR01/marked/build-01/host.c"",""-o"",""WORKDIR/string/M18/MR01/marked/build-01/artifact.bin""],""effective_payload_hex"":""4d6f7270682d3031"",""key"":""key-alpha"",""mutant_id"":""M18"",""requested_compiler"":""gcc"",""requested_optimization"":""O2"",""requested_payload_hex"":""4d6f7270682d3031"",""return_code"":0,""source"":""WORKDIR/string/M18/MR01/marked/build-01/host.c"",""source_sha256"":""de3dd3bc3add920f6b14f3cfa83262c596594edfaf1d5fcc70bb4bc78a38fa0e"",""stderr"":""""},""extracted_hex"":""4d6f7270682d3031""}"
pilot_mutation,H01-gcd.c,bf207a4afdd7e623be4bd0751bdc1917c0ee550af0f38c0531b25bb726d1710c,string,M18,stale_binary,state,MR02,Host-semantic preservation,preserve,True,False,mismatch_count=0,0.158842,,True,"{""mismatches"":[]}"
pilot_mutation,H01-gcd.c,bf207a4afdd7e623be4bd0751bdc1917c0ee550af0f38c0531b25bb726d1710c,string,M18,stale_binary,state,MR03,Unmarked rejection,reject,True,False,rejected:absent:logical record magic not found,0.058477,,True,"{""unmarked_binary_sha256"":""17288de5d8ffc83b2223ee650ec19f96fa9b779f3eb45b8e2433c730b7a1e3e2""}"
pilot_mutation,H01-gcd.c,bf207a4afdd7e623be4bd0751bdc1917c0ee550af0f38c0531b25bb726d1710c,string,M18,stale_binary,state,MR04,Wrong-key rejection,reject,True,False,rejected:wrong-key:key tag mismatch,0.043844,,True,"{""antecedent_guarded"":true,""antecedent_hex"":""4d6f7270682d3031""}"
pilot_mutation,H01-gcd.c,bf207a4afdd7e623be4bd0751bdc1917c0ee550af0f38c0531b25bb726d1710c,string,M18,stale_binary,state,MR05,Payload separation,separate,False,True,first=b'Morph-01';second=b'Morph-01',0.034334,,True,"{""execution_order"":""sequential-builds-then-extract"",""first_hex"":""4d6f7270682d3031"",""second_hex"":""4d6f7270682d3031""}"
pilot_mutation,H01-gcd.c,bf207a4afdd7e623be4bd0751bdc1917c0ee550af0f38c0531b25bb726d1710c,string,M18,stale_binary,state,MR06,Cross-compiler invariance,preserve,True,False,"payloads=b'Morph-01',b'Morph-01';semantic_equal=True",0.10406,,True,"{""clang_actual"":""gcc"",""gcc_actual"":""gcc""}"
pilot_mutation,H01-gcd.c,bf207a4afdd7e623be4bd0751bdc1917c0ee550af0f38c0531b25bb726d1710c,string,M18,stale_binary,state,MR07,Optimization invariance,preserve,True,False,"payloads=['Morph-01', 'Morph-01', 'Morph-01'];semantic_equal=True",0.094535,,True,{}
pilot_mutation,H01-gcd.c,bf207a4afdd7e623be4bd0751bdc1917c0ee550af0f38c0531b25bb726d1710c,string,M18,stale_binary,state,MR08,Clean-room relocation,preserve,True,False,relocated=b'Morph-01',0.065633,,True,"{""clean_room_entries"":[""renamed-artifact.bin""],""relocated_hex"":""4d6f7270682d3031""}"
pilot_mutation,H01-gcd.c,bf207a4afdd7e623be4bd0751bdc1917c0ee550af0f38c0531b25bb726d1710c,string,M18,stale_binary,state,MR09,Carrier-removal rejection,reject,True,False,rejected:absent:logical record magic not found,0.061562,,True,"{""antecedent_guarded"":true}"
pilot_mutation,H01-gcd.c,bf207a4afdd7e623be4bd0751bdc1917c0ee550af0f38c0531b25bb726d1710c,string,M18,stale_binary,state,MR10,Carrier-corruption rejection,reject,False,True,corruption accepted:accepted:b'Morph-01',0.059839,,True,"{""antecedent_guarded"":true}"
pilot_mutation,H01-gcd.c,bf207a4afdd7e623be4bd0751bdc1917c0ee550af0f38c0531b25bb726d1710c,string,M18,stale_binary,state,MR11,Requested/actual trace agreement,trace,True,False,requested=clang/Os;actual=clang/Os,0.083319,,True,"{""build"":{""actual_compiler"":""clang"",""actual_optimization"":""Os"",""binary"":""WORKDIR/string/M18/MR11/trace/build-01/artifact.bin"",""binary_sha256"":""bf1b3f8ba8daa55b6d499a4bbb63a61efb7b30a4d426a514b1ce3e529d1be05b"",""carrier"":""string"",""command"":[""clang"",""-std=c11"",""-fno-ident"",""-no-pie"",""-Os"",""WORKDIR/string/M18/MR11/trace/build-01/host.c"",""-o"",""WORKDIR/string/M18/MR11/trace/build-01/artifact.bin""],""effective_payload_hex"":""4d6f7270682d3031"",""key"":""key-alpha"",""mutant_id"":""M18"",""requested_compiler"":""clang"",""requested_optimization"":""Os"",""requested_payload_hex"":""4d6f7270682d3031"",""return_code"":0,""source"":""WORKDIR/string/M18/MR11/trace/build-01/host.c"",""source_sha256"":""de3dd3bc3add920f6b14f3cfa83262c596594edfaf1d5fcc70bb4bc78a38fa0e"",""stderr"":""""}}"
pilot_mutation,H01-gcd.c,bf207a4afdd7e623be4bd0751bdc1917c0ee550af0f38c0531b25bb726d1710c,string,M18,stale_binary,state,MR12,Interleaved artifact isolation,separate,True,False,parallel_isolation_satisfied,0.087814,,True,"{""aliasing_detected"":false,""both_expected"":true,""execution_order"":""overlapping-builds-then-extract"",""payloads_distinct"":true}"
pilot_mutation,H01-gcd.c,bf207a4afdd7e623be4bd0751bdc1917c0ee550af0f38c0531b25bb726d1710c,string,M18,stale_binary,state,MR13,Reordered extraction independence,preserve,False,True,exception:ExtractionError:key tag mismatch,0.041518,ExtractionError,True,{}
pilot_mutation,H01-gcd.c,bf207a4afdd7e623be4bd0751bdc1917c0ee550af0f38c0531b25bb726d1710c,string,M18,stale_binary,state,MR14,Rebuild stability,preserve,True,False,first=b'Morph-01';second=b'Morph-01',0.0489,,True,"{""binary_bytes_equal"":true,""execution_order"":""build1-extract1-build2-extract2""}"
pilot_mutation,H01-gcd.c,bf207a4afdd7e623be4bd0751bdc1917c0ee550af0f38c0531b25bb726d1710c,string,M19,extractor_prefix,extraction,MR01,Round-trip fidelity,preserve,False,True,extracted=b'Morph-0',0.046077,,True,"{""build"":{""actual_compiler"":""gcc"",""actual_optimization"":""O2"",""binary"":""WORKDIR/string/M19/MR01/marked/build-01/artifact.bin"",""binary_sha256"":""b8e5790f338ae8db35cfffc794a440a51f513484ba40b60dbac7eb19948f430c"",""carrier"":""string"",""command"":[""gcc"",""-std=c11"",""-fno-ident"",""-no-pie"",""-O2"",""WORKDIR/string/M19/MR01/marked/build-01/host.c"",""-o"",""WORKDIR/string/M19/MR01/marked/build-01/artifact.bin""],""effective_payload_hex"":""4d6f7270682d3031"",""key"":""key-alpha"",""mutant_id"":""M19"",""requested_compiler"":""gcc"",""requested_optimization"":""O2"",""requested_payload_hex"":""4d6f7270682d3031"",""return_code"":0,""source"":""WORKDIR/string/M19/MR01/marked/build-01/host.c"",""source_sha256"":""de3dd3bc3add920f6b14f3cfa83262c596594edfaf1d5fcc70bb4bc78a38fa0e"",""stderr"":""""},""extracted_hex"":""4d6f7270682d30""}"
pilot_mutation,H01-gcd.c,bf207a4afdd7e623be4bd0751bdc1917c0ee550af0f38c0531b25bb726d1710c,string,M19,extractor_prefix,extraction,MR02,Host-semantic preservation,preserve,True,False,mismatch_count=0,0.132114,,True,"{""mismatches"":[]}"
pilot_mutation,H01-gcd.c,bf207a4afdd7e623be4bd0751bdc1917c0ee550af0f38c0531b25bb726d1710c,string,M19,extractor_prefix,extraction,MR03,Unmarked rejection,reject,True,False,rejected:absent:logical record magic not found,0.055438,,True,"{""unmarked_binary_sha256"":""17288de5d8ffc83b2223ee650ec19f96fa9b779f3eb45b8e2433c730b7a1e3e2""}"
pilot_mutation,H01-gcd.c,bf207a4afdd7e623be4bd0751bdc1917c0ee550af0f38c0531b25bb726d1710c,string,M19,extractor_prefix,extraction,MR04,Wrong-key rejection,reject,True,False,rejected:wrong-key:key tag mismatch,0.074136,,True,"{""antecedent_guarded"":true,""antecedent_hex"":""4d6f7270682d3031""}"
pilot_mutation,H01-gcd.c,bf207a4afdd7e623be4bd0751bdc1917c0ee550af0f38c0531b25bb726d1710c,string,M19,extractor_prefix,extraction,MR05,Payload separation,separate,False,True,first=b'Morph-0';second=b'Second-',0.118548,,True,"{""execution_order"":""sequential-builds-then-extract"",""first_hex"":""4d6f7270682d30"",""second_hex"":""5365636f6e642d""}"
pilot_mutation,H01-gcd.c,bf207a4afdd7e623be4bd0751bdc1917c0ee550af0f38c0531b25bb726d1710c,string,M19,extractor_prefix,extraction,MR06,Cross-compiler invariance,preserve,False,True,"payloads=b'Morph-0',b'Morph-0';semantic_equal=True",0.171177,,True,"{""clang_actual"":""clang"",""gcc_actual"":""gcc""}"
pilot_mutation,H01-gcd.c,bf207a4afdd7e623be4bd0751bdc1917c0ee550af0f38c0531b25bb726d1710c,string,M19,extractor_prefix,extraction,MR07,Optimization invariance,preserve,False,True,"payloads=['Morph-0', 'Morph-0', 'Morph-0'];semantic_equal=True",0.202946,,True,{}
pilot_mutation,H01-gcd.c,bf207a4afdd7e623be4bd0751bdc1917c0ee550af0f38c0531b25bb726d1710c,string,M19,extractor_prefix,extraction,MR08,Clean-room relocation,preserve,False,True,source_mismatch=b'Morph-0',0.073406,,True,"{""source_hex"":""4d6f7270682d30""}"
pilot_mutation,H01-gcd.c,bf207a4afdd7e623be4bd0751bdc1917c0ee550af0f38c0531b25bb726d1710c,string,M19,extractor_prefix,extraction,MR09,Carrier-removal rejection,reject,True,False,rejected:absent:logical record magic not found,0.091755,,True,"{""antecedent_guarded"":true}"
pilot_mutation,H01-gcd.c,bf207a4afdd7e623be4bd0751bdc1917c0ee550af0f38c0531b25bb726d1710c,string,M19,extractor_prefix,extraction,MR10,Carrier-corruption rejection,reject,True,False,rejected:checksum:payload checksum mismatch,0.097346,,True,"{""antecedent_guarded"":true}"
pilot_mutation,H01-gcd.c,bf207a4afdd7e623be4bd0751bdc1917c0ee550af0f38c0531b25bb726d1710c,string,M19,extractor_prefix,extraction,MR11,Requested/actual trace agreement,trace,True,False,requested=clang/Os;actual=clang/Os,0.051996,,True,"{""build"":{""actual_compiler"":""clang"",""actual_optimization"":""Os"",""binary"":""WORKDIR/string/M19/MR11/trace/build-01/artifact.bin"",""binary_sha256"":""bf1b3f8ba8daa55b6d499a4bbb63a61efb7b30a4d426a514b1ce3e529d1be05b"",""carrier"":""string"",""command"":[""clang"",""-std=c11"",""-fno-ident"",""-no-pie"",""-Os"",""WORKDIR/string/M19/MR11/trace/build-01/host.c"",""-o"",""WORKDIR/string/M19/MR11/trace/build-01/artifact.bin""],""effective_payload_hex"":""4d6f7270682d3031"",""key"":""key-alpha"",""mutant_id"":""M19"",""requested_compiler"":""clang"",""requested_optimization"":""Os"",""requested_payload_hex"":""4d6f7270682d3031"",""return_code"":0,""source"":""WORKDIR/string/M19/MR11/trace/build-01/host.c"",""source_sha256"":""de3dd3bc3add920f6b14f3cfa83262c596594edfaf1d5fcc70bb4bc78a38fa0e"",""stderr"":""""}}"
pilot_mutation,H01-gcd.c,bf207a4afdd7e623be4bd0751bdc1917c0ee550af0f38c0531b25bb726d1710c,string,M19,extractor_prefix,extraction,MR12,Interleaved artifact isolation,separate,False,True,parallel_isolation_clause_violated,0.081867,,True,"{""aliasing_detected"":false,""both_expected"":false,""execution_order"":""overlapping-builds-then-extract"",""payloads_distinct"":true}"
pilot_mutation,H01-gcd.c,bf207a4afdd7e623be4bd0751bdc1917c0ee550af0f38c0531b25bb726d1710c,string,M19,extractor_prefix,extraction,MR13,Reordered extraction independence,preserve,False,True,before=b'Morph-0';intervening=b'Second-';after=b'Morph-0',0.099144,,True,"{""intervening_extraction"":true}"
pilot_mutation,H01-gcd.c,bf207a4afdd7e623be4bd0751bdc1917c0ee550af0f38c0531b25bb726d1710c,string,M19,extractor_prefix,extraction,MR14,Rebuild stability,preserve,False,True,first=b'Morph-0';second=b'Morph-0',0.111689,,True,"{""binary_bytes_equal"":true,""execution_order"":""build1-extract1-build2-extract2""}"
pilot_mutation,H01-gcd.c,bf207a4afdd7e623be4bd0751bdc1917c0ee550af0f38c0531b25bb726d1710c,string,M20,interleaved_collision,state,MR01,Round-trip fidelity,preserve,True,False,extracted=b'Morph-01',0.060618,,True,"{""build"":{""actual_compiler"":""gcc"",""actual_optimization"":""O2"",""binary"":""WORKDIR/string/M20/MR01/marked/build-01/artifact.bin"",""binary_sha256"":""b8e5790f338ae8db35cfffc794a440a51f513484ba40b60dbac7eb19948f430c"",""carrier"":""string"",""command"":[""gcc"",""-std=c11"",""-fno-ident"",""-no-pie"",""-O2"",""WORKDIR/string/M20/MR01/marked/build-01/host.c"",""-o"",""WORKDIR/string/M20/MR01/marked/build-01/artifact.bin""],""effective_payload_hex"":""4d6f7270682d3031"",""key"":""key-alpha"",""mutant_id"":""M20"",""requested_compiler"":""gcc"",""requested_optimization"":""O2"",""requested_payload_hex"":""4d6f7270682d3031"",""return_code"":0,""source"":""WORKDIR/string/M20/MR01/marked/build-01/host.c"",""source_sha256"":""de3dd3bc3add920f6b14f3cfa83262c596594edfaf1d5fcc70bb4bc78a38fa0e"",""stderr"":""""},""extracted_hex"":""4d6f7270682d3031""}"
pilot_mutation,H01-gcd.c,bf207a4afdd7e623be4bd0751bdc1917c0ee550af0f38c0531b25bb726d1710c,string,M20,interleaved_collision,state,MR02,Host-semantic preservation,preserve,True,False,mismatch_count=0,0.193611,,True,"{""mismatches"":[]}"
pilot_mutation,H01-gcd.c,bf207a4afdd7e623be4bd0751bdc1917c0ee550af0f38c0531b25bb726d1710c,string,M20,interleaved_collision,state,MR03,Unmarked rejection,reject,True,False,rejected:absent:logical record magic not found,0.083854,,True,"{""unmarked_binary_sha256"":""17288de5d8ffc83b2223ee650ec19f96fa9b779f3eb45b8e2433c730b7a1e3e2""}"
pilot_mutation,H01-gcd.c,bf207a4afdd7e623be4bd0751bdc1917c0ee550af0f38c0531b25bb726d1710c,string,M20,interleaved_collision,state,MR04,Wrong-key rejection,reject,True,False,rejected:wrong-key:key tag mismatch,0.046478,,True,"{""antecedent_guarded"":true,""antecedent_hex"":""4d6f7270682d3031""}"
pilot_mutation,H01-gcd.c,bf207a4afdd7e623be4bd0751bdc1917c0ee550af0f38c0531b25bb726d1710c,string,M20,interleaved_collision,state,MR05,Payload separation,separate,True,False,first=b'Morph-01';second=b'Second-2',0.114989,,True,"{""execution_order"":""sequential-builds-then-extract"",""first_hex"":""4d6f7270682d3031"",""second_hex"":""5365636f6e642d32""}"
pilot_mutation,H01-gcd.c,bf207a4afdd7e623be4bd0751bdc1917c0ee550af0f38c0531b25bb726d1710c,string,M20,interleaved_collision,state,MR06,Cross-compiler invariance,preserve,True,False,"payloads=b'Morph-01',b'Morph-01';semantic_equal=True",0.125308,,True,"{""clang_actual"":""clang"",""gcc_actual"":""gcc""}"
pilot_mutation,H01-gcd.c,bf207a4afdd7e623be4bd0751bdc1917c0ee550af0f38c0531b25bb726d1710c,string,M20,interleaved_collision,state,MR07,Optimization invariance,preserve,True,False,"payloads=['Morph-01', 'Morph-01', 'Morph-01'];semantic_equal=True",0.272537,,True,{}
pilot_mutation,H01-gcd.c,bf207a4afdd7e623be4bd0751bdc1917c0ee550af0f38c0531b25bb726d1710c,string,M20,interleaved_collision,state,MR08,Clean-room relocation,preserve,True,False,relocated=b'Morph-01',0.065924,,True,"{""clean_room_entries"":[""renamed-artifact.bin""],""relocated_hex"":""4d6f7270682d3031""}"
pilot_mutation,H01-gcd.c,bf207a4afdd7e623be4bd0751bdc1917c0ee550af0f38c0531b25bb726d1710c,string,M20,interleaved_collision,state,MR09,Carrier-removal rejection,reject,True,False,rejected:absent:logical record magic not found,0.072752,,True,"{""antecedent_guarded"":true}"
pilot_mutation,H01-gcd.c,bf207a4afdd7e623be4bd0751bdc1917c0ee550af0f38c0531b25bb726d1710c,string,M20,interleaved_collision,state,MR10,Carrier-corruption rejection,reject,True,False,rejected:checksum:payload checksum mismatch,0.066603,,True,"{""antecedent_guarded"":true}"
pilot_mutation,H01-gcd.c,bf207a4afdd7e623be4bd0751bdc1917c0ee550af0f38c0531b25bb726d1710c,string,M20,interleaved_collision,state,MR11,Requested/actual trace agreement,trace,True,False,requested=clang/Os;actual=clang/Os,0.065639,,True,"{""build"":{""actual_compiler"":""clang"",""actual_optimization"":""Os"",""binary"":""WORKDIR/string/M20/MR11/trace/build-01/artifact.bin"",""binary_sha256"":""bf1b3f8ba8daa55b6d499a4bbb63a61efb7b30a4d426a514b1ce3e529d1be05b"",""carrier"":""string"",""command"":[""clang"",""-std=c11"",""-fno-ident"",""-no-pie"",""-Os"",""WORKDIR/string/M20/MR11/trace/build-01/host.c"",""-o"",""WORKDIR/string/M20/MR11/trace/build-01/artifact.bin""],""effective_payload_hex"":""4d6f7270682d3031"",""key"":""key-alpha"",""mutant_id"":""M20"",""requested_compiler"":""clang"",""requested_optimization"":""Os"",""requested_payload_hex"":""4d6f7270682d3031"",""return_code"":0,""source"":""WORKDIR/string/M20/MR11/trace/build-01/host.c"",""source_sha256"":""de3dd3bc3add920f6b14f3cfa83262c596594edfaf1d5fcc70bb4bc78a38fa0e"",""stderr"":""""}}"
pilot_mutation,H01-gcd.c,bf207a4afdd7e623be4bd0751bdc1917c0ee550af0f38c0531b25bb726d1710c,string,M20,interleaved_collision,state,MR12,Interleaved artifact isolation,separate,False,True,parallel_isolation_clause_violated,0.090411,,True,"{""aliasing_detected"":true,""both_expected"":false,""execution_order"":""overlapping-builds-then-extract"",""payloads_distinct"":false}"
pilot_mutation,H01-gcd.c,bf207a4afdd7e623be4bd0751bdc1917c0ee550af0f38c0531b25bb726d1710c,string,M20,interleaved_collision,state,MR13,Reordered extraction independence,preserve,True,False,before=b'Morph-01';intervening=b'Second-2';after=b'Morph-01',0.118912,,True,"{""intervening_extraction"":true}"
pilot_mutation,H01-gcd.c,bf207a4afdd7e623be4bd0751bdc1917c0ee550af0f38c0531b25bb726d1710c,string,M20,interleaved_collision,state,MR14,Rebuild stability,preserve,True,False,first=b'Morph-01';second=b'Morph-01',0.1163,,True,"{""binary_bytes_equal"":true,""execution_order"":""build1-extract1-build2-extract2""}"
pilot_mutation,H01-gcd.c,bf207a4afdd7e623be4bd0751bdc1917c0ee550af0f38c0531b25bb726d1710c,string,M21,alternate_compiler_corruption,configuration,MR01,Round-trip fidelity,preserve,True,False,extracted=b'Morph-01',0.075898,,True,"{""build"":{""actual_compiler"":""gcc"",""actual_optimization"":""O2"",""binary"":""WORKDIR/string/M21/MR01/marked/build-01/artifact.bin"",""binary_sha256"":""b8e5790f338ae8db35cfffc794a440a51f513484ba40b60dbac7eb19948f430c"",""carrier"":""string"",""command"":[""gcc"",""-std=c11"",""-fno-ident"",""-no-pie"",""-O2"",""WORKDIR/string/M21/MR01/marked/build-01/host.c"",""-o"",""WORKDIR/string/M21/MR01/marked/build-01/artifact.bin""],""effective_payload_hex"":""4d6f7270682d3031"",""key"":""key-alpha"",""mutant_id"":""M21"",""requested_compiler"":""gcc"",""requested_optimization"":""O2"",""requested_payload_hex"":""4d6f7270682d3031"",""return_code"":0,""source"":""WORKDIR/string/M21/MR01/marked/build-01/host.c"",""source_sha256"":""de3dd3bc3add920f6b14f3cfa83262c596594edfaf1d5fcc70bb4bc78a38fa0e"",""stderr"":""""},""extracted_hex"":""4d6f7270682d3031""}"
pilot_mutation,H01-gcd.c,bf207a4afdd7e623be4bd0751bdc1917c0ee550af0f38c0531b25bb726d1710c,string,M21,alternate_compiler_corruption,configuration,MR02,Host-semantic preservation,preserve,True,False,mismatch_count=0,0.135278,,True,"{""mismatches"":[]}"
pilot_mutation,H01-gcd.c,bf207a4afdd7e623be4bd0751bdc1917c0ee550af0f38c0531b25bb726d1710c,string,M21,alternate_compiler_corruption,configuration,MR03,Unmarked rejection,reject,True,False,rejected:absent:logical record magic not found,0.08532,,True,"{""unmarked_binary_sha256"":""17288de5d8ffc83b2223ee650ec19f96fa9b779f3eb45b8e2433c730b7a1e3e2""}"
pilot_mutation,H01-gcd.c,bf207a4afdd7e623be4bd0751bdc1917c0ee550af0f38c0531b25bb726d1710c,string,M21,alternate_compiler_corruption,configuration,MR04,Wrong-key rejection,reject,True,False,rejected:wrong-key:key tag mismatch,0.061635,,True,"{""antecedent_guarded"":true,""antecedent_hex"":""4d6f7270682d3031""}"
pilot_mutation,H01-gcd.c,bf207a4afdd7e623be4bd0751bdc1917c0ee550af0f38c0531b25bb726d1710c,string,M21,alternate_compiler_corruption,configuration,MR05,Payload separation,separate,True,False,first=b'Morph-01';second=b'Second-2',0.099292,,True,"{""execution_order"":""sequential-builds-then-extract"",""first_hex"":""4d6f7270682d3031"",""second_hex"":""5365636f6e642d32""}"
pilot_mutation,H01-gcd.c,bf207a4afdd7e623be4bd0751bdc1917c0ee550af0f38c0531b25bb726d1710c,string,M21,alternate_compiler_corruption,configuration,MR06,Cross-compiler invariance,preserve,False,True,"payloads=b'Morph-01',b'Lorph-01';semantic_equal=True",0.148437,,True,"{""clang_actual"":""clang"",""gcc_actual"":""gcc""}"
pilot_mutation,H01-gcd.c,bf207a4afdd7e623be4bd0751bdc1917c0ee550af0f38c0531b25bb726d1710c,string,M21,alternate_compiler_corruption,configuration,MR07,Optimization invariance,preserve,True,False,"payloads=['Morph-01', 'Morph-01', 'Morph-01'];semantic_equal=True",0.215931,,True,{}
pilot_mutation,H01-gcd.c,bf207a4afdd7e623be4bd0751bdc1917c0ee550af0f38c0531b25bb726d1710c,string,M21,alternate_compiler_corruption,configuration,MR08,Clean-room relocation,preserve,True,False,relocated=b'Morph-01',0.080167,,True,"{""clean_room_entries"":[""renamed-artifact.bin""],""relocated_hex"":""4d6f7270682d3031""}"
pilot_mutation,H01-gcd.c,bf207a4afdd7e623be4bd0751bdc1917c0ee550af0f38c0531b25bb726d1710c,string,M21,alternate_compiler_corruption,configuration,MR09,Carrier-removal rejection,reject,True,False,rejected:absent:logical record magic not found,0.055697,,True,"{""antecedent_guarded"":true}"
pilot_mutation,H01-gcd.c,bf207a4afdd7e623be4bd0751bdc1917c0ee550af0f38c0531b25bb726d1710c,string,M21,alternate_compiler_corruption,configuration,MR10,Carrier-corruption rejection,reject,True,False,rejected:checksum:payload checksum mismatch,0.085381,,True,"{""antecedent_guarded"":true}"
pilot_mutation,H01-gcd.c,bf207a4afdd7e623be4bd0751bdc1917c0ee550af0f38c0531b25bb726d1710c,string,M21,alternate_compiler_corruption,configuration,MR11,Requested/actual trace agreement,trace,True,False,requested=clang/Os;actual=clang/Os,0.087192,,True,"{""build"":{""actual_compiler"":""clang"",""actual_optimization"":""Os"",""binary"":""WORKDIR/string/M21/MR11/trace/build-01/artifact.bin"",""binary_sha256"":""1f630f4432f3c7bfd3627ba9803a8723191a229606a403e59438fcb82a35b670"",""carrier"":""string"",""command"":[""clang"",""-std=c11"",""-fno-ident"",""-no-pie"",""-Os"",""WORKDIR/string/M21/MR11/trace/build-01/host.c"",""-o"",""WORKDIR/string/M21/MR11/trace/build-01/artifact.bin""],""effective_payload_hex"":""4c6f7270682d3031"",""key"":""key-alpha"",""mutant_id"":""M21"",""requested_compiler"":""clang"",""requested_optimization"":""Os"",""requested_payload_hex"":""4d6f7270682d3031"",""return_code"":0,""source"":""WORKDIR/string/M21/MR11/trace/build-01/host.c"",""source_sha256"":""9dbb69d9b8bd7e75272ddc06848e4235e4d6bf8be837b0a13f3cdf0e0981c200"",""stderr"":""""}}"
pilot_mutation,H01-gcd.c,bf207a4afdd7e623be4bd0751bdc1917c0ee550af0f38c0531b25bb726d1710c,string,M21,alternate_compiler_corruption,configuration,MR12,Interleaved artifact isolation,separate,True,False,parallel_isolation_satisfied,0.07268,,True,"{""aliasing_detected"":false,""both_expected"":true,""execution_order"":""overlapping-builds-then-extract"",""payloads_distinct"":true}"
pilot_mutation,H01-gcd.c,bf207a4afdd7e623be4bd0751bdc1917c0ee550af0f38c0531b25bb726d1710c,string,M21,alternate_compiler_corruption,configuration,MR13,Reordered extraction independence,preserve,True,False,before=b'Morph-01';intervening=b'Second-2';after=b'Morph-01',0.119397,,True,"{""intervening_extraction"":true}"
pilot_mutation,H01-gcd.c,bf207a4afdd7e623be4bd0751bdc1917c0ee550af0f38c0531b25bb726d1710c,string,M21,alternate_compiler_corruption,configuration,MR14,Rebuild stability,preserve,True,False,first=b'Morph-01';second=b'Morph-01',0.122926,,True,"{""binary_bytes_equal"":true,""execution_order"":""build1-extract1-build2-extract2""}"
pilot_mutation,H01-gcd.c,bf207a4afdd7e623be4bd0751bdc1917c0ee550af0f38c0531b25bb726d1710c,string,M22,size_optimization_corruption,configuration,MR01,Round-trip fidelity,preserve,True,False,extracted=b'Morph-01',0.043469,,True,"{""build"":{""actual_compiler"":""gcc"",""actual_optimization"":""O2"",""binary"":""WORKDIR/string/M22/MR01/marked/build-01/artifact.bin"",""binary_sha256"":""b8e5790f338ae8db35cfffc794a440a51f513484ba40b60dbac7eb19948f430c"",""carrier"":""string"",""command"":[""gcc"",""-std=c11"",""-fno-ident"",""-no-pie"",""-O2"",""WORKDIR/string/M22/MR01/marked/build-01/host.c"",""-o"",""WORKDIR/string/M22/MR01/marked/build-01/artifact.bin""],""effective_payload_hex"":""4d6f7270682d3031"",""key"":""key-alpha"",""mutant_id"":""M22"",""requested_compiler"":""gcc"",""requested_optimization"":""O2"",""requested_payload_hex"":""4d6f7270682d3031"",""return_code"":0,""source"":""WORKDIR/string/M22/MR01/marked/build-01/host.c"",""source_sha256"":""de3dd3bc3add920f6b14f3cfa83262c596594edfaf1d5fcc70bb4bc78a38fa0e"",""stderr"":""""},""extracted_hex"":""4d6f7270682d3031""}"
pilot_mutation,H01-gcd.c,bf207a4afdd7e623be4bd0751bdc1917c0ee550af0f38c0531b25bb726d1710c,string,M22,size_optimization_corruption,configuration,MR02,Host-semantic preservation,preserve,True,False,mismatch_count=0,0.143089,,True,"{""mismatches"":[]}"
pilot_mutation,H01-gcd.c,bf207a4afdd7e623be4bd0751bdc1917c0ee550af0f38c0531b25bb726d1710c,string,M22,size_optimization_corruption,configuration,MR03,Unmarked rejection,reject,True,False,rejected:absent:logical record magic not found,0.060586,,True,"{""unmarked_binary_sha256"":""17288de5d8ffc83b2223ee650ec19f96fa9b779f3eb45b8e2433c730b7a1e3e2""}"
pilot_mutation,H01-gcd.c,bf207a4afdd7e623be4bd0751bdc1917c0ee550af0f38c0531b25bb726d1710c,string,M22,size_optimization_corruption,configuration,MR04,Wrong-key rejection,reject,True,False,rejected:wrong-key:key tag mismatch,0.070032,,True,"{""antecedent_guarded"":true,""antecedent_hex"":""4d6f7270682d3031""}"
pilot_mutation,H01-gcd.c,bf207a4afdd7e623be4bd0751bdc1917c0ee550af0f38c0531b25bb726d1710c,string,M22,size_optimization_corruption,configuration,MR05,Payload separation,separate,True,False,first=b'Morph-01';second=b'Second-2',0.136572,,True,"{""execution_order"":""sequential-builds-then-extract"",""first_hex"":""4d6f7270682d3031"",""second_hex"":""5365636f6e642d32""}"
pilot_mutation,H01-gcd.c,bf207a4afdd7e623be4bd0751bdc1917c0ee550af0f38c0531b25bb726d1710c,string,M22,size_optimization_corruption,configuration,MR06,Cross-compiler invariance,preserve,True,False,"payloads=b'Morph-01',b'Morph-01';semantic_equal=True",0.162891,,True,"{""clang_actual"":""clang"",""gcc_actual"":""gcc""}"
pilot_mutation,H01-gcd.c,bf207a4afdd7e623be4bd0751bdc1917c0ee550af0f38c0531b25bb726d1710c,string,M22,size_optimization_corruption,configuration,MR07,Optimization invariance,preserve,False,True,"payloads=['Morph-01', 'Morph-01', 'Lorph-01'];semantic_equal=True",0.203992,,True,{}
pilot_mutation,H01-gcd.c,bf207a4afdd7e623be4bd0751bdc1917c0ee550af0f38c0531b25bb726d1710c,string,M22,size_optimization_corruption,configuration,MR08,Clean-room relocation,preserve,True,False,relocated=b'Morph-01',0.086223,,True,"{""clean_room_entries"":[""renamed-artifact.bin""],""relocated_hex"":""4d6f7270682d3031""}"
pilot_mutation,H01-gcd.c,bf207a4afdd7e623be4bd0751bdc1917c0ee550af0f38c0531b25bb726d1710c,string,M22,size_optimization_corruption,configuration,MR09,Carrier-removal rejection,reject,True,False,rejected:absent:logical record magic not found,0.077152,,True,"{""antecedent_guarded"":true}"
pilot_mutation,H01-gcd.c,bf207a4afdd7e623be4bd0751bdc1917c0ee550af0f38c0531b25bb726d1710c,string,M22,size_optimization_corruption,configuration,MR10,Carrier-corruption rejection,reject,True,False,rejected:checksum:payload checksum mismatch,0.073366,,True,"{""antecedent_guarded"":true}"
pilot_mutation,H01-gcd.c,bf207a4afdd7e623be4bd0751bdc1917c0ee550af0f38c0531b25bb726d1710c,string,M22,size_optimization_corruption,configuration,MR11,Requested/actual trace agreement,trace,True,False,requested=clang/Os;actual=clang/Os,0.067917,,True,"{""build"":{""actual_compiler"":""clang"",""actual_optimization"":""Os"",""binary"":""WORKDIR/string/M22/MR11/trace/build-01/artifact.bin"",""binary_sha256"":""1f630f4432f3c7bfd3627ba9803a8723191a229606a403e59438fcb82a35b670"",""carrier"":""string"",""command"":[""clang"",""-std=c11"",""-fno-ident"",""-no-pie"",""-Os"",""WORKDIR/string/M22/MR11/trace/build-01/host.c"",""-o"",""WORKDIR/string/M22/MR11/trace/build-01/artifact.bin""],""effective_payload_hex"":""4c6f7270682d3031"",""key"":""key-alpha"",""mutant_id"":""M22"",""requested_compiler"":""clang"",""requested_optimization"":""Os"",""requested_payload_hex"":""4d6f7270682d3031"",""return_code"":0,""source"":""WORKDIR/string/M22/MR11/trace/build-01/host.c"",""source_sha256"":""9dbb69d9b8bd7e75272ddc06848e4235e4d6bf8be837b0a13f3cdf0e0981c200"",""stderr"":""""}}"
pilot_mutation,H01-gcd.c,bf207a4afdd7e623be4bd0751bdc1917c0ee550af0f38c0531b25bb726d1710c,string,M22,size_optimization_corruption,configuration,MR12,Interleaved artifact isolation,separate,True,False,parallel_isolation_satisfied,0.092306,,True,"{""aliasing_detected"":false,""both_expected"":true,""execution_order"":""overlapping-builds-then-extract"",""payloads_distinct"":true}"
pilot_mutation,H01-gcd.c,bf207a4afdd7e623be4bd0751bdc1917c0ee550af0f38c0531b25bb726d1710c,string,M22,size_optimization_corruption,configuration,MR13,Reordered extraction independence,preserve,True,False,before=b'Morph-01';intervening=b'Second-2';after=b'Morph-01',0.103021,,True,"{""intervening_extraction"":true}"
pilot_mutation,H01-gcd.c,bf207a4afdd7e623be4bd0751bdc1917c0ee550af0f38c0531b25bb726d1710c,string,M22,size_optimization_corruption,configuration,MR14,Rebuild stability,preserve,True,False,first=b'Morph-01';second=b'Morph-01',0.113343,,True,"{""binary_bytes_equal"":true,""execution_order"":""build1-extract1-build2-extract2""}"
pilot_mutation,H01-gcd.c,bf207a4afdd7e623be4bd0751bdc1917c0ee550af0f38c0531b25bb726d1710c,string,M23,revisit_state_contamination,state,MR01,Round-trip fidelity,preserve,True,False,extracted=b'Morph-01',0.070425,,True,"{""build"":{""actual_compiler"":""gcc"",""actual_optimization"":""O2"",""binary"":""WORKDIR/string/M23/MR01/marked/build-01/artifact.bin"",""binary_sha256"":""b8e5790f338ae8db35cfffc794a440a51f513484ba40b60dbac7eb19948f430c"",""carrier"":""string"",""command"":[""gcc"",""-std=c11"",""-fno-ident"",""-no-pie"",""-O2"",""WORKDIR/string/M23/MR01/marked/build-01/host.c"",""-o"",""WORKDIR/string/M23/MR01/marked/build-01/artifact.bin""],""effective_payload_hex"":""4d6f7270682d3031"",""key"":""key-alpha"",""mutant_id"":""M23"",""requested_compiler"":""gcc"",""requested_optimization"":""O2"",""requested_payload_hex"":""4d6f7270682d3031"",""return_code"":0,""source"":""WORKDIR/string/M23/MR01/marked/build-01/host.c"",""source_sha256"":""de3dd3bc3add920f6b14f3cfa83262c596594edfaf1d5fcc70bb4bc78a38fa0e"",""stderr"":""""},""extracted_hex"":""4d6f7270682d3031""}"
pilot_mutation,H01-gcd.c,bf207a4afdd7e623be4bd0751bdc1917c0ee550af0f38c0531b25bb726d1710c,string,M23,revisit_state_contamination,state,MR02,Host-semantic preservation,preserve,True,False,mismatch_count=0,0.134784,,True,"{""mismatches"":[]}"
pilot_mutation,H01-gcd.c,bf207a4afdd7e623be4bd0751bdc1917c0ee550af0f38c0531b25bb726d1710c,string,M23,revisit_state_contamination,state,MR03,Unmarked rejection,reject,True,False,rejected:absent:logical record magic not found,0.043418,,True,"{""unmarked_binary_sha256"":""17288de5d8ffc83b2223ee650ec19f96fa9b779f3eb45b8e2433c730b7a1e3e2""}"
pilot_mutation,H01-gcd.c,bf207a4afdd7e623be4bd0751bdc1917c0ee550af0f38c0531b25bb726d1710c,string,M23,revisit_state_contamination,state,MR04,Wrong-key rejection,reject,True,False,rejected:wrong-key:key tag mismatch,0.085451,,True,"{""antecedent_guarded"":true,""antecedent_hex"":""4d6f7270682d3031""}"
pilot_mutation,H01-gcd.c,bf207a4afdd7e623be4bd0751bdc1917c0ee550af0f38c0531b25bb726d1710c,string,M23,revisit_state_contamination,state,MR05,Payload separation,separate,True,False,first=b'Morph-01';second=b'Second-2',0.139592,,True,"{""execution_order"":""sequential-builds-then-extract"",""first_hex"":""4d6f7270682d3031"",""second_hex"":""5365636f6e642d32""}"
pilot_mutation,H01-gcd.c,bf207a4afdd7e623be4bd0751bdc1917c0ee550af0f38c0531b25bb726d1710c,string,M23,revisit_state_contamination,state,MR06,Cross-compiler invariance,preserve,True,False,"payloads=b'Morph-01',b'Morph-01';semantic_equal=True",0.160007,,True,"{""clang_actual"":""clang"",""gcc_actual"":""gcc""}"
pilot_mutation,H01-gcd.c,bf207a4afdd7e623be4bd0751bdc1917c0ee550af0f38c0531b25bb726d1710c,string,M23,revisit_state_contamination,state,MR07,Optimization invariance,preserve,True,False,"payloads=['Morph-01', 'Morph-01', 'Morph-01'];semantic_equal=True",0.258902,,True,{}
pilot_mutation,H01-gcd.c,bf207a4afdd7e623be4bd0751bdc1917c0ee550af0f38c0531b25bb726d1710c,string,M23,revisit_state_contamination,state,MR08,Clean-room relocation,preserve,True,False,relocated=b'Morph-01',0.062328,,True,"{""clean_room_entries"":[""renamed-artifact.bin""],""relocated_hex"":""4d6f7270682d3031""}"
pilot_mutation,H01-gcd.c,bf207a4afdd7e623be4bd0751bdc1917c0ee550af0f38c0531b25bb726d1710c,string,M23,revisit_state_contamination,state,MR09,Carrier-removal rejection,reject,True,False,rejected:absent:logical record magic not found,0.030431,,True,"{""antecedent_guarded"":true}"
pilot_mutation,H01-gcd.c,bf207a4afdd7e623be4bd0751bdc1917c0ee550af0f38c0531b25bb726d1710c,string,M23,revisit_state_contamination,state,MR10,Carrier-corruption rejection,reject,True,False,rejected:checksum:payload checksum mismatch,0.049711,,True,"{""antecedent_guarded"":true}"
pilot_mutation,H01-gcd.c,bf207a4afdd7e623be4bd0751bdc1917c0ee550af0f38c0531b25bb726d1710c,string,M23,revisit_state_contamination,state,MR11,Requested/actual trace agreement,trace,True,False,requested=clang/Os;actual=clang/Os,0.09441,,True,"{""build"":{""actual_compiler"":""clang"",""actual_optimization"":""Os"",""binary"":""WORKDIR/string/M23/MR11/trace/build-01/artifact.bin"",""binary_sha256"":""bf1b3f8ba8daa55b6d499a4bbb63a61efb7b30a4d426a514b1ce3e529d1be05b"",""carrier"":""string"",""command"":[""clang"",""-std=c11"",""-fno-ident"",""-no-pie"",""-Os"",""WORKDIR/string/M23/MR11/trace/build-01/host.c"",""-o"",""WORKDIR/string/M23/MR11/trace/build-01/artifact.bin""],""effective_payload_hex"":""4d6f7270682d3031"",""key"":""key-alpha"",""mutant_id"":""M23"",""requested_compiler"":""clang"",""requested_optimization"":""Os"",""requested_payload_hex"":""4d6f7270682d3031"",""return_code"":0,""source"":""WORKDIR/string/M23/MR11/trace/build-01/host.c"",""source_sha256"":""de3dd3bc3add920f6b14f3cfa83262c596594edfaf1d5fcc70bb4bc78a38fa0e"",""stderr"":""""}}"
pilot_mutation,H01-gcd.c,bf207a4afdd7e623be4bd0751bdc1917c0ee550af0f38c0531b25bb726d1710c,string,M23,revisit_state_contamination,state,MR12,Interleaved artifact isolation,separate,True,False,parallel_isolation_satisfied,0.087761,,True,"{""aliasing_detected"":false,""both_expected"":true,""execution_order"":""overlapping-builds-then-extract"",""payloads_distinct"":true}"
pilot_mutation,H01-gcd.c,bf207a4afdd7e623be4bd0751bdc1917c0ee550af0f38c0531b25bb726d1710c,string,M23,revisit_state_contamination,state,MR13,Reordered extraction independence,preserve,False,True,before=b'Morph-01';intervening=b'Second-2';after=b'Second-2',0.121856,,True,"{""intervening_extraction"":true}"
pilot_mutation,H01-gcd.c,bf207a4afdd7e623be4bd0751bdc1917c0ee550af0f38c0531b25bb726d1710c,string,M23,revisit_state_contamination,state,MR14,Rebuild stability,preserve,True,False,first=b'Morph-01';second=b'Morph-01',0.105542,,True,"{""binary_bytes_equal"":true,""execution_order"":""build1-extract1-build2-extract2""}"
pilot_mutation,H01-gcd.c,bf207a4afdd7e623be4bd0751bdc1917c0ee550af0f38c0531b25bb726d1710c,string,M24,second_identical_build_corruption,state,MR01,Round-trip fidelity,preserve,True,False,extracted=b'Morph-01',0.0652,,True,"{""build"":{""actual_compiler"":""gcc"",""actual_optimization"":""O2"",""binary"":""WORKDIR/string/M24/MR01/marked/build-01/artifact.bin"",""binary_sha256"":""b8e5790f338ae8db35cfffc794a440a51f513484ba40b60dbac7eb19948f430c"",""carrier"":""string"",""command"":[""gcc"",""-std=c11"",""-fno-ident"",""-no-pie"",""-O2"",""WORKDIR/string/M24/MR01/marked/build-01/host.c"",""-o"",""WORKDIR/string/M24/MR01/marked/build-01/artifact.bin""],""effective_payload_hex"":""4d6f7270682d3031"",""key"":""key-alpha"",""mutant_id"":""M24"",""requested_compiler"":""gcc"",""requested_optimization"":""O2"",""requested_payload_hex"":""4d6f7270682d3031"",""return_code"":0,""source"":""WORKDIR/string/M24/MR01/marked/build-01/host.c"",""source_sha256"":""de3dd3bc3add920f6b14f3cfa83262c596594edfaf1d5fcc70bb4bc78a38fa0e"",""stderr"":""""},""extracted_hex"":""4d6f7270682d3031""}"
pilot_mutation,H01-gcd.c,bf207a4afdd7e623be4bd0751bdc1917c0ee550af0f38c0531b25bb726d1710c,string,M24,second_identical_build_corruption,state,MR02,Host-semantic preservation,preserve,True,False,mismatch_count=0,0.138188,,True,"{""mismatches"":[]}"
pilot_mutation,H01-gcd.c,bf207a4afdd7e623be4bd0751bdc1917c0ee550af0f38c0531b25bb726d1710c,string,M24,second_identical_build_corruption,state,MR03,Unmarked rejection,reject,True,False,rejected:absent:logical record magic not found,0.062266,,True,"{""unmarked_binary_sha256"":""17288de5d8ffc83b2223ee650ec19f96fa9b779f3eb45b8e2433c730b7a1e3e2""}"
pilot_mutation,H01-gcd.c,bf207a4afdd7e623be4bd0751bdc1917c0ee550af0f38c0531b25bb726d1710c,string,M24,second_identical_build_corruption,state,MR04,Wrong-key rejection,reject,True,False,rejected:wrong-key:key tag mismatch,0.030151,,True,"{""antecedent_guarded"":true,""antecedent_hex"":""4d6f7270682d3031""}"
pilot_mutation,H01-gcd.c,bf207a4afdd7e623be4bd0751bdc1917c0ee550af0f38c0531b25bb726d1710c,string,M24,second_identical_build_corruption,state,MR05,Payload separation,separate,True,False,first=b'Morph-01';second=b'Second-2',0.14267,,True,"{""execution_order"":""sequential-builds-then-extract"",""first_hex"":""4d6f7270682d3031"",""second_hex"":""5365636f6e642d32""}"
pilot_mutation,H01-gcd.c,bf207a4afdd7e623be4bd0751bdc1917c0ee550af0f38c0531b25bb726d1710c,string,M24,second_identical_build_corruption,state,MR06,Cross-compiler invariance,preserve,True,False,"payloads=b'Morph-01',b'Morph-01';semantic_equal=True",0.166785,,True,"{""clang_actual"":""clang"",""gcc_actual"":""gcc""}"
pilot_mutation,H01-gcd.c,bf207a4afdd7e623be4bd0751bdc1917c0ee550af0f38c0531b25bb726d1710c,string,M24,second_identical_build_corruption,state,MR07,Optimization invariance,preserve,True,False,"payloads=['Morph-01', 'Morph-01', 'Morph-01'];semantic_equal=True",0.175721,,True,{}
pilot_mutation,H01-gcd.c,bf207a4afdd7e623be4bd0751bdc1917c0ee550af0f38c0531b25bb726d1710c,string,M24,second_identical_build_corruption,state,MR08,Clean-room relocation,preserve,True,False,relocated=b'Morph-01',0.068398,,True,"{""clean_room_entries"":[""renamed-artifact.bin""],""relocated_hex"":""4d6f7270682d3031""}"
pilot_mutation,H01-gcd.c,bf207a4afdd7e623be4bd0751bdc1917c0ee550af0f38c0531b25bb726d1710c,string,M24,second_identical_build_corruption,state,MR09,Carrier-removal rejection,reject,True,False,rejected:absent:logical record magic not found,0.067784,,True,"{""antecedent_guarded"":true}"
pilot_mutation,H01-gcd.c,bf207a4afdd7e623be4bd0751bdc1917c0ee550af0f38c0531b25bb726d1710c,string,M24,second_identical_build_corruption,state,MR10,Carrier-corruption rejection,reject,True,False,rejected:checksum:payload checksum mismatch,0.062775,,True,"{""antecedent_guarded"":true}"
pilot_mutation,H01-gcd.c,bf207a4afdd7e623be4bd0751bdc1917c0ee550af0f38c0531b25bb726d1710c,string,M24,second_identical_build_corruption,state,MR11,Requested/actual trace agreement,trace,True,False,requested=clang/Os;actual=clang/Os,0.102464,,True,"{""build"":{""actual_compiler"":""clang"",""actual_optimization"":""Os"",""binary"":""WORKDIR/string/M24/MR11/trace/build-01/artifact.bin"",""binary_sha256"":""bf1b3f8ba8daa55b6d499a4bbb63a61efb7b30a4d426a514b1ce3e529d1be05b"",""carrier"":""string"",""command"":[""clang"",""-std=c11"",""-fno-ident"",""-no-pie"",""-Os"",""WORKDIR/string/M24/MR11/trace/build-01/host.c"",""-o"",""WORKDIR/string/M24/MR11/trace/build-01/artifact.bin""],""effective_payload_hex"":""4d6f7270682d3031"",""key"":""key-alpha"",""mutant_id"":""M24"",""requested_compiler"":""clang"",""requested_optimization"":""Os"",""requested_payload_hex"":""4d6f7270682d3031"",""return_code"":0,""source"":""WORKDIR/string/M24/MR11/trace/build-01/host.c"",""source_sha256"":""de3dd3bc3add920f6b14f3cfa83262c596594edfaf1d5fcc70bb4bc78a38fa0e"",""stderr"":""""}}"
pilot_mutation,H01-gcd.c,bf207a4afdd7e623be4bd0751bdc1917c0ee550af0f38c0531b25bb726d1710c,string,M24,second_identical_build_corruption,state,MR12,Interleaved artifact isolation,separate,True,False,parallel_isolation_satisfied,0.061197,,True,"{""aliasing_detected"":false,""both_expected"":true,""execution_order"":""overlapping-builds-then-extract"",""payloads_distinct"":true}"
pilot_mutation,H01-gcd.c,bf207a4afdd7e623be4bd0751bdc1917c0ee550af0f38c0531b25bb726d1710c,string,M24,second_identical_build_corruption,state,MR13,Reordered extraction independence,preserve,True,False,before=b'Morph-01';intervening=b'Second-2';after=b'Morph-01',0.137842,,True,"{""intervening_extraction"":true}"
pilot_mutation,H01-gcd.c,bf207a4afdd7e623be4bd0751bdc1917c0ee550af0f38c0531b25bb726d1710c,string,M24,second_identical_build_corruption,state,MR14,Rebuild stability,preserve,False,True,first=b'Morph-01';second=b'Lorph-01',0.126836,,True,"{""binary_bytes_equal"":false,""execution_order"":""build1-extract1-build2-extract2""}"
pilot_mutation,H01-gcd.c,bf207a4afdd7e623be4bd0751bdc1917c0ee550af0f38c0531b25bb726d1710c,symbol,M01,embed_noop,embedding,MR01,Round-trip fidelity,preserve,False,True,exception:ExtractionError:watermark symbols not found,0.064499,ExtractionError,True,{}
pilot_mutation,H01-gcd.c,bf207a4afdd7e623be4bd0751bdc1917c0ee550af0f38c0531b25bb726d1710c,symbol,M01,embed_noop,embedding,MR02,Host-semantic preservation,preserve,True,False,mismatch_count=0,0.136787,,True,"{""mismatches"":[]}"
pilot_mutation,H01-gcd.c,bf207a4afdd7e623be4bd0751bdc1917c0ee550af0f38c0531b25bb726d1710c,symbol,M01,embed_noop,embedding,MR03,Unmarked rejection,reject,True,False,rejected:absent:watermark symbols not found,0.044481,,True,"{""unmarked_binary_sha256"":""17288de5d8ffc83b2223ee650ec19f96fa9b779f3eb45b8e2433c730b7a1e3e2""}"
pilot_mutation,H01-gcd.c,bf207a4afdd7e623be4bd0751bdc1917c0ee550af0f38c0531b25bb726d1710c,symbol,M01,embed_noop,embedding,MR04,Wrong-key rejection,reject,True,False,rejected:wrong-key:symbol key tag mismatch,0.062308,,True,"{""antecedent_guarded"":true,""antecedent_hex"":""4d6f7270682d3031""}"
pilot_mutation,H01-gcd.c,bf207a4afdd7e623be4bd0751bdc1917c0ee550af0f38c0531b25bb726d1710c,symbol,M01,embed_noop,embedding,MR05,Payload separation,separate,False,True,exception:ExtractionError:watermark symbols not found,0.130416,ExtractionError,True,{}
pilot_mutation,H01-gcd.c,bf207a4afdd7e623be4bd0751bdc1917c0ee550af0f38c0531b25bb726d1710c,symbol,M01,embed_noop,embedding,MR06,Cross-compiler invariance,preserve,False,True,exception:ExtractionError:watermark symbols not found,0.111984,ExtractionError,True,{}
pilot_mutation,H01-gcd.c,bf207a4afdd7e623be4bd0751bdc1917c0ee550af0f38c0531b25bb726d1710c,symbol,M01,embed_noop,embedding,MR07,Optimization invariance,preserve,False,True,exception:ExtractionError:watermark symbols not found,0.194952,ExtractionError,True,{}
pilot_mutation,H01-gcd.c,bf207a4afdd7e623be4bd0751bdc1917c0ee550af0f38c0531b25bb726d1710c,symbol,M01,embed_noop,embedding,MR08,Clean-room relocation,preserve,False,True,exception:ExtractionError:watermark symbols not found,0.08822,ExtractionError,True,{}
pilot_mutation,H01-gcd.c,bf207a4afdd7e623be4bd0751bdc1917c0ee550af0f38c0531b25bb726d1710c,symbol,M01,embed_noop,embedding,MR09,Carrier-removal rejection,reject,True,False,rejected:absent:watermark symbols not found,0.09065,,True,"{""antecedent_guarded"":true}"
pilot_mutation,H01-gcd.c,bf207a4afdd7e623be4bd0751bdc1917c0ee550af0f38c0531b25bb726d1710c,symbol,M01,embed_noop,embedding,MR10,Carrier-corruption rejection,reject,True,False,rejected:malformed:inconsistent watermark symbol set,0.090353,,True,"{""antecedent_guarded"":true}"
pilot_mutation,H01-gcd.c,bf207a4afdd7e623be4bd0751bdc1917c0ee550af0f38c0531b25bb726d1710c,symbol,M01,embed_noop,embedding,MR11,Requested/actual trace agreement,trace,True,False,requested=clang/Os;actual=clang/Os,0.092165,,True,"{""build"":{""actual_compiler"":""clang"",""actual_optimization"":""Os"",""binary"":""WORKDIR/symbol/M01/MR11/trace/build-01/artifact.bin"",""binary_sha256"":""8979583311288d6755db67bfb67a745238b66729f18570b075945ee29c1a551b"",""carrier"":""symbol"",""command"":[""clang"",""-std=c11"",""-fno-ident"",""-no-pie"",""-Os"",""WORKDIR/symbol/M01/MR11/trace/build-01/host.c"",""-o"",""WORKDIR/symbol/M01/MR11/trace/build-01/artifact.bin""],""effective_payload_hex"":""4d6f7270682d3031"",""key"":""key-alpha"",""mutant_id"":""M01"",""requested_compiler"":""clang"",""requested_optimization"":""Os"",""requested_payload_hex"":""4d6f7270682d3031"",""return_code"":0,""source"":""WORKDIR/symbol/M01/MR11/trace/build-01/host.c"",""source_sha256"":""bf207a4afdd7e623be4bd0751bdc1917c0ee550af0f38c0531b25bb726d1710c"",""stderr"":""""}}"
pilot_mutation,H01-gcd.c,bf207a4afdd7e623be4bd0751bdc1917c0ee550af0f38c0531b25bb726d1710c,symbol,M01,embed_noop,embedding,MR12,Interleaved artifact isolation,separate,False,True,exception:ExtractionError:watermark symbols not found,0.057636,ExtractionError,True,{}
pilot_mutation,H01-gcd.c,bf207a4afdd7e623be4bd0751bdc1917c0ee550af0f38c0531b25bb726d1710c,symbol,M01,embed_noop,embedding,MR13,Reordered extraction independence,preserve,False,True,exception:ExtractionError:watermark symbols not found,0.080824,ExtractionError,True,{}
pilot_mutation,H01-gcd.c,bf207a4afdd7e623be4bd0751bdc1917c0ee550af0f38c0531b25bb726d1710c,symbol,M01,embed_noop,embedding,MR14,Rebuild stability,preserve,False,True,exception:ExtractionError:watermark symbols not found,0.066803,ExtractionError,True,{}
pilot_mutation,H01-gcd.c,bf207a4afdd7e623be4bd0751bdc1917c0ee550af0f38c0531b25bb726d1710c,symbol,M02,truncate_payload,embedding,MR01,Round-trip fidelity,preserve,False,True,extracted=b'Morph-0',0.055264,,True,"{""build"":{""actual_compiler"":""gcc"",""actual_optimization"":""O2"",""binary"":""WORKDIR/symbol/M02/MR01/marked/build-01/artifact.bin"",""binary_sha256"":""b13b1265020878bd8dfca52aeddf8e762a1bd076f439b6e5f598becc4aa90187"",""carrier"":""symbol"",""command"":[""gcc"",""-std=c11"",""-fno-ident"",""-no-pie"",""-O2"",""WORKDIR/symbol/M02/MR01/marked/build-01/host.c"",""-o"",""WORKDIR/symbol/M02/MR01/marked/build-01/artifact.bin""],""effective_payload_hex"":""4d6f7270682d30"",""key"":""key-alpha"",""mutant_id"":""M02"",""requested_compiler"":""gcc"",""requested_optimization"":""O2"",""requested_payload_hex"":""4d6f7270682d3031"",""return_code"":0,""source"":""WORKDIR/symbol/M02/MR01/marked/build-01/host.c"",""source_sha256"":""5163e8743659c9c1fca170bc0338dcef46e3668eaf0a3429fe3c498254acf8a2"",""stderr"":""""},""extracted_hex"":""4d6f7270682d30""}"
pilot_mutation,H01-gcd.c,bf207a4afdd7e623be4bd0751bdc1917c0ee550af0f38c0531b25bb726d1710c,symbol,M02,truncate_payload,embedding,MR02,Host-semantic preservation,preserve,True,False,mismatch_count=0,0.146508,,True,"{""mismatches"":[]}"
pilot_mutation,H01-gcd.c,bf207a4afdd7e623be4bd0751bdc1917c0ee550af0f38c0531b25bb726d1710c,symbol,M02,truncate_payload,embedding,MR03,Unmarked rejection,reject,True,False,rejected:absent:watermark symbols not found,0.083253,,True,"{""unmarked_binary_sha256"":""17288de5d8ffc83b2223ee650ec19f96fa9b779f3eb45b8e2433c730b7a1e3e2""}"
pilot_mutation,H01-gcd.c,bf207a4afdd7e623be4bd0751bdc1917c0ee550af0f38c0531b25bb726d1710c,symbol,M02,truncate_payload,embedding,MR04,Wrong-key rejection,reject,True,False,rejected:wrong-key:symbol key tag mismatch,0.083396,,True,"{""antecedent_guarded"":true,""antecedent_hex"":""4d6f7270682d3031""}"
pilot_mutation,H01-gcd.c,bf207a4afdd7e623be4bd0751bdc1917c0ee550af0f38c0531b25bb726d1710c,symbol,M02,truncate_payload,embedding,MR05,Payload separation,separate,False,True,first=b'Morph-0';second=b'Second-',0.100129,,True,"{""execution_order"":""sequential-builds-then-extract"",""first_hex"":""4d6f7270682d30"",""second_hex"":""5365636f6e642d""}"
pilot_mutation,H01-gcd.c,bf207a4afdd7e623be4bd0751bdc1917c0ee550af0f38c0531b25bb726d1710c,symbol,M02,truncate_payload,embedding,MR06,Cross-compiler invariance,preserve,False,True,"payloads=b'Morph-0',b'Morph-0';semantic_equal=True",0.130093,,True,"{""clang_actual"":""clang"",""gcc_actual"":""gcc""}"
pilot_mutation,H01-gcd.c,bf207a4afdd7e623be4bd0751bdc1917c0ee550af0f38c0531b25bb726d1710c,symbol,M02,truncate_payload,embedding,MR07,Optimization invariance,preserve,False,True,"payloads=['Morph-0', 'Morph-0', 'Morph-0'];semantic_equal=True",0.221429,,True,{}
pilot_mutation,H01-gcd.c,bf207a4afdd7e623be4bd0751bdc1917c0ee550af0f38c0531b25bb726d1710c,symbol,M02,truncate_payload,embedding,MR08,Clean-room relocation,preserve,False,True,source_mismatch=b'Morph-0',0.048351,,True,"{""source_hex"":""4d6f7270682d30""}"
pilot_mutation,H01-gcd.c,bf207a4afdd7e623be4bd0751bdc1917c0ee550af0f38c0531b25bb726d1710c,symbol,M02,truncate_payload,embedding,MR09,Carrier-removal rejection,reject,True,False,rejected:absent:watermark symbols not found,0.091732,,True,"{""antecedent_guarded"":true}"
pilot_mutation,H01-gcd.c,bf207a4afdd7e623be4bd0751bdc1917c0ee550af0f38c0531b25bb726d1710c,symbol,M02,truncate_payload,embedding,MR10,Carrier-corruption rejection,reject,True,False,rejected:malformed:inconsistent watermark symbol set,0.096766,,True,"{""antecedent_guarded"":true}"
pilot_mutation,H01-gcd.c,bf207a4afdd7e623be4bd0751bdc1917c0ee550af0f38c0531b25bb726d1710c,symbol,M02,truncate_payload,embedding,MR11,Requested/actual trace agreement,trace,True,False,requested=clang/Os;actual=clang/Os,0.083202,,True,"{""build"":{""actual_compiler"":""clang"",""actual_optimization"":""Os"",""binary"":""WORKDIR/symbol/M02/MR11/trace/build-01/artifact.bin"",""binary_sha256"":""9776f1fdd6bb1ed4894d0e930eec9b56ade7d9b35af5b2020432f9ea461b697b"",""carrier"":""symbol"",""command"":[""clang"",""-std=c11"",""-fno-ident"",""-no-pie"",""-Os"",""WORKDIR/symbol/M02/MR11/trace/build-01/host.c"",""-o"",""WORKDIR/symbol/M02/MR11/trace/build-01/artifact.bin""],""effective_payload_hex"":""4d6f7270682d30"",""key"":""key-alpha"",""mutant_id"":""M02"",""requested_compiler"":""clang"",""requested_optimization"":""Os"",""requested_payload_hex"":""4d6f7270682d3031"",""return_code"":0,""source"":""WORKDIR/symbol/M02/MR11/trace/build-01/host.c"",""source_sha256"":""5163e8743659c9c1fca170bc0338dcef46e3668eaf0a3429fe3c498254acf8a2"",""stderr"":""""}}"
pilot_mutation,H01-gcd.c,bf207a4afdd7e623be4bd0751bdc1917c0ee550af0f38c0531b25bb726d1710c,symbol,M02,truncate_payload,embedding,MR12,Interleaved artifact isolation,separate,False,True,parallel_isolation_clause_violated,0.089783,,True,"{""aliasing_detected"":false,""both_expected"":false,""execution_order"":""overlapping-builds-then-extract"",""payloads_distinct"":true}"
pilot_mutation,H01-gcd.c,bf207a4afdd7e623be4bd0751bdc1917c0ee550af0f38c0531b25bb726d1710c,symbol,M02,truncate_payload,embedding,MR13,Reordered extraction independence,preserve,False,True,before=b'Morph-0';intervening=b'Second-';after=b'Morph-0',0.157603,,True,"{""intervening_extraction"":true}"
pilot_mutation,H01-gcd.c,bf207a4afdd7e623be4bd0751bdc1917c0ee550af0f38c0531b25bb726d1710c,symbol,M02,truncate_payload,embedding,MR14,Rebuild stability,preserve,False,True,first=b'Morph-0';second=b'Morph-0',0.145889,,True,"{""binary_bytes_equal"":true,""execution_order"":""build1-extract1-build2-extract2""}"
pilot_mutation,H01-gcd.c,bf207a4afdd7e623be4bd0751bdc1917c0ee550af0f38c0531b25bb726d1710c,symbol,M03,flip_payload,embedding,MR01,Round-trip fidelity,preserve,False,True,extracted=b'Lorph-01',0.040905,,True,"{""build"":{""actual_compiler"":""gcc"",""actual_optimization"":""O2"",""binary"":""WORKDIR/symbol/M03/MR01/marked/build-01/artifact.bin"",""binary_sha256"":""5a73880b63d2c6f10977a058b064d40a02767c6a6f80fb790fd2dfa7a79d6da9"",""carrier"":""symbol"",""command"":[""gcc"",""-std=c11"",""-fno-ident"",""-no-pie"",""-O2"",""WORKDIR/symbol/M03/MR01/marked/build-01/host.c"",""-o"",""WORKDIR/symbol/M03/MR01/marked/build-01/artifact.bin""],""effective_payload_hex"":""4c6f7270682d3031"",""key"":""key-alpha"",""mutant_id"":""M03"",""requested_compiler"":""gcc"",""requested_optimization"":""O2"",""requested_payload_hex"":""4d6f7270682d3031"",""return_code"":0,""source"":""WORKDIR/symbol/M03/MR01/marked/build-01/host.c"",""source_sha256"":""e5c4aab85d2d107c876f5440efa877ef9181f2c35916444fda9a4d1c3e330e05"",""stderr"":""""},""extracted_hex"":""4c6f7270682d3031""}"
pilot_mutation,H01-gcd.c,bf207a4afdd7e623be4bd0751bdc1917c0ee550af0f38c0531b25bb726d1710c,symbol,M03,flip_payload,embedding,MR02,Host-semantic preservation,preserve,True,False,mismatch_count=0,0.163481,,True,"{""mismatches"":[]}"
pilot_mutation,H01-gcd.c,bf207a4afdd7e623be4bd0751bdc1917c0ee550af0f38c0531b25bb726d1710c,symbol,M03,flip_payload,embedding,MR03,Unmarked rejection,reject,True,False,rejected:absent:watermark symbols not found,0.061801,,True,"{""unmarked_binary_sha256"":""17288de5d8ffc83b2223ee650ec19f96fa9b779f3eb45b8e2433c730b7a1e3e2""}"
pilot_mutation,H01-gcd.c,bf207a4afdd7e623be4bd0751bdc1917c0ee550af0f38c0531b25bb726d1710c,symbol,M03,flip_payload,embedding,MR04,Wrong-key rejection,reject,True,False,rejected:wrong-key:symbol key tag mismatch,0.06602,,True,"{""antecedent_guarded"":true,""antecedent_hex"":""4d6f7270682d3031""}"
pilot_mutation,H01-gcd.c,bf207a4afdd7e623be4bd0751bdc1917c0ee550af0f38c0531b25bb726d1710c,symbol,M03,flip_payload,embedding,MR05,Payload separation,separate,False,True,first=b'Lorph-01';second=b'Recond-2',0.143737,,True,"{""execution_order"":""sequential-builds-then-extract"",""first_hex"":""4c6f7270682d3031"",""second_hex"":""5265636f6e642d32""}"
pilot_mutation,H01-gcd.c,bf207a4afdd7e623be4bd0751bdc1917c0ee550af0f38c0531b25bb726d1710c,symbol,M03,flip_payload,embedding,MR06,Cross-compiler invariance,preserve,False,True,"payloads=b'Lorph-01',b'Lorph-01';semantic_equal=True",0.197611,,True,"{""clang_actual"":""clang"",""gcc_actual"":""gcc""}"
pilot_mutation,H01-gcd.c,bf207a4afdd7e623be4bd0751bdc1917c0ee550af0f38c0531b25bb726d1710c,symbol,M03,flip_payload,embedding,MR07,Optimization invariance,preserve,False,True,"payloads=['Lorph-01', 'Lorph-01', 'Lorph-01'];semantic_equal=True",0.218037,,True,{}
pilot_mutation,H01-gcd.c,bf207a4afdd7e623be4bd0751bdc1917c0ee550af0f38c0531b25bb726d1710c,symbol,M03,flip_payload,embedding,MR08,Clean-room relocation,preserve,False,True,source_mismatch=b'Lorph-01',0.038927,,True,"{""source_hex"":""4c6f7270682d3031""}"
pilot_mutation,H01-gcd.c,bf207a4afdd7e623be4bd0751bdc1917c0ee550af0f38c0531b25bb726d1710c,symbol,M03,flip_payload,embedding,MR09,Carrier-removal rejection,reject,True,False,rejected:absent:watermark symbols not found,0.084124,,True,"{""antecedent_guarded"":true}"
pilot_mutation,H01-gcd.c,bf207a4afdd7e623be4bd0751bdc1917c0ee550af0f38c0531b25bb726d1710c,symbol,M03,flip_payload,embedding,MR10,Carrier-corruption rejection,reject,True,False,rejected:malformed:inconsistent watermark symbol set,0.082105,,True,"{""antecedent_guarded"":true}"
pilot_mutation,H01-gcd.c,bf207a4afdd7e623be4bd0751bdc1917c0ee550af0f38c0531b25bb726d1710c,symbol,M03,flip_payload,embedding,MR11,Requested/actual trace agreement,trace,True,False,requested=clang/Os;actual=clang/Os,0.071147,,True,"{""build"":{""actual_compiler"":""clang"",""actual_optimization"":""Os"",""binary"":""WORKDIR/symbol/M03/MR11/trace/build-01/artifact.bin"",""binary_sha256"":""660b873dd17c9254a19706c1457a4074f3feda7230fd407f9f67f505cd94b949"",""carrier"":""symbol"",""command"":[""clang"",""-std=c11"",""-fno-ident"",""-no-pie"",""-Os"",""WORKDIR/symbol/M03/MR11/trace/build-01/host.c"",""-o"",""WORKDIR/symbol/M03/MR11/trace/build-01/artifact.bin""],""effective_payload_hex"":""4c6f7270682d3031"",""key"":""key-alpha"",""mutant_id"":""M03"",""requested_compiler"":""clang"",""requested_optimization"":""Os"",""requested_payload_hex"":""4d6f7270682d3031"",""return_code"":0,""source"":""WORKDIR/symbol/M03/MR11/trace/build-01/host.c"",""source_sha256"":""e5c4aab85d2d107c876f5440efa877ef9181f2c35916444fda9a4d1c3e330e05"",""stderr"":""""}}"
pilot_mutation,H01-gcd.c,bf207a4afdd7e623be4bd0751bdc1917c0ee550af0f38c0531b25bb726d1710c,symbol,M03,flip_payload,embedding,MR12,Interleaved artifact isolation,separate,False,True,parallel_isolation_clause_violated,0.088379,,True,"{""aliasing_detected"":false,""both_expected"":false,""execution_order"":""overlapping-builds-then-extract"",""payloads_distinct"":true}"
pilot_mutation,H01-gcd.c,bf207a4afdd7e623be4bd0751bdc1917c0ee550af0f38c0531b25bb726d1710c,symbol,M03,flip_payload,embedding,MR13,Reordered extraction independence,preserve,False,True,before=b'Lorph-01';intervening=b'Recond-2';after=b'Lorph-01',0.1362,,True,"{""intervening_extraction"":true}"
pilot_mutation,H01-gcd.c,bf207a4afdd7e623be4bd0751bdc1917c0ee550af0f38c0531b25bb726d1710c,symbol,M03,flip_payload,embedding,MR14,Rebuild stability,preserve,False,True,first=b'Lorph-01';second=b'Lorph-01',0.142584,,True,"{""binary_bytes_equal"":true,""execution_order"":""build1-extract1-build2-extract2""}"
pilot_mutation,H01-gcd.c,bf207a4afdd7e623be4bd0751bdc1917c0ee550af0f38c0531b25bb726d1710c,symbol,M04,fixed_payload,state,MR01,Round-trip fidelity,preserve,False,True,extracted=b'fixed-payload',0.043243,,True,"{""build"":{""actual_compiler"":""gcc"",""actual_optimization"":""O2"",""binary"":""WORKDIR/symbol/M04/MR01/marked/build-01/artifact.bin"",""binary_sha256"":""b7d7ed2bedc904902a580137f042aa44fef74336dd002530a22210cde5444b23"",""carrier"":""symbol"",""command"":[""gcc"",""-std=c11"",""-fno-ident"",""-no-pie"",""-O2"",""WORKDIR/symbol/M04/MR01/marked/build-01/host.c"",""-o"",""WORKDIR/symbol/M04/MR01/marked/build-01/artifact.bin""],""effective_payload_hex"":""66697865642d7061796c6f6164"",""key"":""key-alpha"",""mutant_id"":""M04"",""requested_compiler"":""gcc"",""requested_optimization"":""O2"",""requested_payload_hex"":""4d6f7270682d3031"",""return_code"":0,""source"":""WORKDIR/symbol/M04/MR01/marked/build-01/host.c"",""source_sha256"":""73ce8a470345e05c4006575c5231e74e4b5ec91e168c9301dd59a101b7cd6034"",""stderr"":""""},""extracted_hex"":""66697865642d7061796c6f6164""}"
pilot_mutation,H01-gcd.c,bf207a4afdd7e623be4bd0751bdc1917c0ee550af0f38c0531b25bb726d1710c,symbol,M04,fixed_payload,state,MR02,Host-semantic preservation,preserve,True,False,mismatch_count=0,0.12313,,True,"{""mismatches"":[]}"
pilot_mutation,H01-gcd.c,bf207a4afdd7e623be4bd0751bdc1917c0ee550af0f38c0531b25bb726d1710c,symbol,M04,fixed_payload,state,MR03,Unmarked rejection,reject,True,False,rejected:absent:watermark symbols not found,0.074451,,True,"{""unmarked_binary_sha256"":""17288de5d8ffc83b2223ee650ec19f96fa9b779f3eb45b8e2433c730b7a1e3e2""}"
pilot_mutation,H01-gcd.c,bf207a4afdd7e623be4bd0751bdc1917c0ee550af0f38c0531b25bb726d1710c,symbol,M04,fixed_payload,state,MR04,Wrong-key rejection,reject,True,False,rejected:wrong-key:symbol key tag mismatch,0.082622,,True,"{""antecedent_guarded"":true,""antecedent_hex"":""4d6f7270682d3031""}"
pilot_mutation,H01-gcd.c,bf207a4afdd7e623be4bd0751bdc1917c0ee550af0f38c0531b25bb726d1710c,symbol,M04,fixed_payload,state,MR05,Payload separation,separate,False,True,first=b'fixed-payload';second=b'fixed-payload',0.106922,,True,"{""execution_order"":""sequential-builds-then-extract"",""first_hex"":""66697865642d7061796c6f6164"",""second_hex"":""66697865642d7061796c6f6164""}"
pilot_mutation,H01-gcd.c,bf207a4afdd7e623be4bd0751bdc1917c0ee550af0f38c0531b25bb726d1710c,symbol,M04,fixed_payload,state,MR06,Cross-compiler invariance,preserve,False,True,"payloads=b'fixed-payload',b'fixed-payload';semantic_equal=True",0.170673,,True,"{""clang_actual"":""clang"",""gcc_actual"":""gcc""}"
pilot_mutation,H01-gcd.c,bf207a4afdd7e623be4bd0751bdc1917c0ee550af0f38c0531b25bb726d1710c,symbol,M04,fixed_payload,state,MR07,Optimization invariance,preserve,False,True,"payloads=['fixed-payload', 'fixed-payload', 'fixed-payload'];semantic_equal=True",0.221209,,True,{}
pilot_mutation,H01-gcd.c,bf207a4afdd7e623be4bd0751bdc1917c0ee550af0f38c0531b25bb726d1710c,symbol,M04,fixed_payload,state,MR08,Clean-room relocation,preserve,False,True,source_mismatch=b'fixed-payload',0.073468,,True,"{""source_hex"":""66697865642d7061796c6f6164""}"
pilot_mutation,H01-gcd.c,bf207a4afdd7e623be4bd0751bdc1917c0ee550af0f38c0531b25bb726d1710c,symbol,M04,fixed_payload,state,MR09,Carrier-removal rejection,reject,True,False,rejected:absent:watermark symbols not found,0.087756,,True,"{""antecedent_guarded"":true}"
pilot_mutation,H01-gcd.c,bf207a4afdd7e623be4bd0751bdc1917c0ee550af0f38c0531b25bb726d1710c,symbol,M04,fixed_payload,state,MR10,Carrier-corruption rejection,reject,True,False,rejected:malformed:inconsistent watermark symbol set,0.076478,,True,"{""antecedent_guarded"":true}"
pilot_mutation,H01-gcd.c,bf207a4afdd7e623be4bd0751bdc1917c0ee550af0f38c0531b25bb726d1710c,symbol,M04,fixed_payload,state,MR11,Requested/actual trace agreement,trace,True,False,requested=clang/Os;actual=clang/Os,0.103986,,True,"{""build"":{""actual_compiler"":""clang"",""actual_optimization"":""Os"",""binary"":""WORKDIR/symbol/M04/MR11/trace/build-01/artifact.bin"",""binary_sha256"":""ebc4f477a926b6cb32185b8d2c9f790fda190bc20f320e1a45a6535aca240791"",""carrier"":""symbol"",""command"":[""clang"",""-std=c11"",""-fno-ident"",""-no-pie"",""-Os"",""WORKDIR/symbol/M04/MR11/trace/build-01/host.c"",""-o"",""WORKDIR/symbol/M04/MR11/trace/build-01/artifact.bin""],""effective_payload_hex"":""66697865642d7061796c6f6164"",""key"":""key-alpha"",""mutant_id"":""M04"",""requested_compiler"":""clang"",""requested_optimization"":""Os"",""requested_payload_hex"":""4d6f7270682d3031"",""return_code"":0,""source"":""WORKDIR/symbol/M04/MR11/trace/build-01/host.c"",""source_sha256"":""73ce8a470345e05c4006575c5231e74e4b5ec91e168c9301dd59a101b7cd6034"",""stderr"":""""}}"
pilot_mutation,H01-gcd.c,bf207a4afdd7e623be4bd0751bdc1917c0ee550af0f38c0531b25bb726d1710c,symbol,M04,fixed_payload,state,MR12,Interleaved artifact isolation,separate,False,True,parallel_isolation_clause_violated,0.083193,,True,"{""aliasing_detected"":true,""both_expected"":false,""execution_order"":""overlapping-builds-then-extract"",""payloads_distinct"":false}"
pilot_mutation,H01-gcd.c,bf207a4afdd7e623be4bd0751bdc1917c0ee550af0f38c0531b25bb726d1710c,symbol,M04,fixed_payload,state,MR13,Reordered extraction independence,preserve,False,True,before=b'fixed-payload';intervening=b'fixed-payload';after=b'fixed-payload',0.144427,,True,"{""intervening_extraction"":true}"
pilot_mutation,H01-gcd.c,bf207a4afdd7e623be4bd0751bdc1917c0ee550af0f38c0531b25bb726d1710c,symbol,M04,fixed_payload,state,MR14,Rebuild stability,preserve,False,True,first=b'fixed-payload';second=b'fixed-payload',0.139421,,True,"{""binary_bytes_equal"":true,""execution_order"":""build1-extract1-build2-extract2""}"
pilot_mutation,H01-gcd.c,bf207a4afdd7e623be4bd0751bdc1917c0ee550af0f38c0531b25bb726d1710c,symbol,M05,lower_payload,normalization,MR01,Round-trip fidelity,preserve,False,True,extracted=b'morph-01',0.036801,,True,"{""build"":{""actual_compiler"":""gcc"",""actual_optimization"":""O2"",""binary"":""WORKDIR/symbol/M05/MR01/marked/build-01/artifact.bin"",""binary_sha256"":""df94aef40b49eb41cca06569e954a285c65b6fd025a1475446712f1f1b07be91"",""carrier"":""symbol"",""command"":[""gcc"",""-std=c11"",""-fno-ident"",""-no-pie"",""-O2"",""WORKDIR/symbol/M05/MR01/marked/build-01/host.c"",""-o"",""WORKDIR/symbol/M05/MR01/marked/build-01/artifact.bin""],""effective_payload_hex"":""6d6f7270682d3031"",""key"":""key-alpha"",""mutant_id"":""M05"",""requested_compiler"":""gcc"",""requested_optimization"":""O2"",""requested_payload_hex"":""4d6f7270682d3031"",""return_code"":0,""source"":""WORKDIR/symbol/M05/MR01/marked/build-01/host.c"",""source_sha256"":""b16668dd694ead251ef9b615978b9ac0e42cff2db592332b669df9c8b65d70de"",""stderr"":""""},""extracted_hex"":""6d6f7270682d3031""}"
pilot_mutation,H01-gcd.c,bf207a4afdd7e623be4bd0751bdc1917c0ee550af0f38c0531b25bb726d1710c,symbol,M05,lower_payload,normalization,MR02,Host-semantic preservation,preserve,True,False,mismatch_count=0,0.159899,,True,"{""mismatches"":[]}"
pilot_mutation,H01-gcd.c,bf207a4afdd7e623be4bd0751bdc1917c0ee550af0f38c0531b25bb726d1710c,symbol,M05,lower_payload,normalization,MR03,Unmarked rejection,reject,True,False,rejected:absent:watermark symbols not found,0.032609,,True,"{""unmarked_binary_sha256"":""17288de5d8ffc83b2223ee650ec19f96fa9b779f3eb45b8e2433c730b7a1e3e2""}"
pilot_mutation,H01-gcd.c,bf207a4afdd7e623be4bd0751bdc1917c0ee550af0f38c0531b25bb726d1710c,symbol,M05,lower_payload,normalization,MR04,Wrong-key rejection,reject,True,False,rejected:wrong-key:symbol key tag mismatch,0.070871,,True,"{""antecedent_guarded"":true,""antecedent_hex"":""4d6f7270682d3031""}"
pilot_mutation,H01-gcd.c,bf207a4afdd7e623be4bd0751bdc1917c0ee550af0f38c0531b25bb726d1710c,symbol,M05,lower_payload,normalization,MR05,Payload separation,separate,False,True,first=b'morph-01';second=b'second-2',0.153206,,True,"{""execution_order"":""sequential-builds-then-extract"",""first_hex"":""6d6f7270682d3031"",""second_hex"":""7365636f6e642d32""}"
pilot_mutation,H01-gcd.c,bf207a4afdd7e623be4bd0751bdc1917c0ee550af0f38c0531b25bb726d1710c,symbol,M05,lower_payload,normalization,MR06,Cross-compiler invariance,preserve,False,True,"payloads=b'morph-01',b'morph-01';semantic_equal=True",0.198687,,True,"{""clang_actual"":""clang"",""gcc_actual"":""gcc""}"
pilot_mutation,H01-gcd.c,bf207a4afdd7e623be4bd0751bdc1917c0ee550af0f38c0531b25bb726d1710c,symbol,M05,lower_payload,normalization,MR07,Optimization invariance,preserve,False,True,"payloads=['morph-01', 'morph-01', 'morph-01'];semantic_equal=True",0.243849,,True,{}
pilot_mutation,H01-gcd.c,bf207a4afdd7e623be4bd0751bdc1917c0ee550af0f38c0531b25bb726d1710c,symbol,M05,lower_payload,normalization,MR08,Clean-room relocation,preserve,False,True,source_mismatch=b'morph-01',0.051346,,True,"{""source_hex"":""6d6f7270682d3031""}"
pilot_mutation,H01-gcd.c,bf207a4afdd7e623be4bd0751bdc1917c0ee550af0f38c0531b25bb726d1710c,symbol,M05,lower_payload,normalization,MR09,Carrier-removal rejection,reject,True,False,rejected:absent:watermark symbols not found,0.050961,,True,"{""antecedent_guarded"":true}"
pilot_mutation,H01-gcd.c,bf207a4afdd7e623be4bd0751bdc1917c0ee550af0f38c0531b25bb726d1710c,symbol,M05,lower_payload,normalization,MR10,Carrier-corruption rejection,reject,True,False,rejected:malformed:inconsistent watermark symbol set,0.044585,,True,"{""antecedent_guarded"":true}"
pilot_mutation,H01-gcd.c,bf207a4afdd7e623be4bd0751bdc1917c0ee550af0f38c0531b25bb726d1710c,symbol,M05,lower_payload,normalization,MR11,Requested/actual trace agreement,trace,True,False,requested=clang/Os;actual=clang/Os,0.077265,,True,"{""build"":{""actual_compiler"":""clang"",""actual_optimization"":""Os"",""binary"":""WORKDIR/symbol/M05/MR11/trace/build-01/artifact.bin"",""binary_sha256"":""18c51982a9f2b75890f7c7843c42bfa0f10e78e0a9e6f3131cc85343817a97d8"",""carrier"":""symbol"",""command"":[""clang"",""-std=c11"",""-fno-ident"",""-no-pie"",""-Os"",""WORKDIR/symbol/M05/MR11/trace/build-01/host.c"",""-o"",""WORKDIR/symbol/M05/MR11/trace/build-01/artifact.bin""],""effective_payload_hex"":""6d6f7270682d3031"",""key"":""key-alpha"",""mutant_id"":""M05"",""requested_compiler"":""clang"",""requested_optimization"":""Os"",""requested_payload_hex"":""4d6f7270682d3031"",""return_code"":0,""source"":""WORKDIR/symbol/M05/MR11/trace/build-01/host.c"",""source_sha256"":""b16668dd694ead251ef9b615978b9ac0e42cff2db592332b669df9c8b65d70de"",""stderr"":""""}}"
pilot_mutation,H01-gcd.c,bf207a4afdd7e623be4bd0751bdc1917c0ee550af0f38c0531b25bb726d1710c,symbol,M05,lower_payload,normalization,MR12,Interleaved artifact isolation,separate,False,True,parallel_isolation_clause_violated,0.073281,,True,"{""aliasing_detected"":false,""both_expected"":false,""execution_order"":""overlapping-builds-then-extract"",""payloads_distinct"":true}"
pilot_mutation,H01-gcd.c,bf207a4afdd7e623be4bd0751bdc1917c0ee550af0f38c0531b25bb726d1710c,symbol,M05,lower_payload,normalization,MR13,Reordered extraction independence,preserve,False,True,before=b'morph-01';intervening=b'second-2';after=b'morph-01',0.168482,,True,"{""intervening_extraction"":true}"
pilot_mutation,H01-gcd.c,bf207a4afdd7e623be4bd0751bdc1917c0ee550af0f38c0531b25bb726d1710c,symbol,M05,lower_payload,normalization,MR14,Rebuild stability,preserve,False,True,first=b'morph-01';second=b'morph-01',0.158329,,True,"{""binary_bytes_equal"":true,""execution_order"":""build1-extract1-build2-extract2""}"
pilot_mutation,H01-gcd.c,bf207a4afdd7e623be4bd0751bdc1917c0ee550af0f38c0531b25bb726d1710c,symbol,M06,key_ignored,authentication,MR01,Round-trip fidelity,preserve,True,False,extracted=b'Morph-01',0.072551,,True,"{""build"":{""actual_compiler"":""gcc"",""actual_optimization"":""O2"",""binary"":""WORKDIR/symbol/M06/MR01/marked/build-01/artifact.bin"",""binary_sha256"":""caeb74cc6a626d8c23109980a1f8d4ecf5696600ef63994b6a5f7bfcf210eed1"",""carrier"":""symbol"",""command"":[""gcc"",""-std=c11"",""-fno-ident"",""-no-pie"",""-O2"",""WORKDIR/symbol/M06/MR01/marked/build-01/host.c"",""-o"",""WORKDIR/symbol/M06/MR01/marked/build-01/artifact.bin""],""effective_payload_hex"":""4d6f7270682d3031"",""key"":""key-alpha"",""mutant_id"":""M06"",""requested_compiler"":""gcc"",""requested_optimization"":""O2"",""requested_payload_hex"":""4d6f7270682d3031"",""return_code"":0,""source"":""WORKDIR/symbol/M06/MR01/marked/build-01/host.c"",""source_sha256"":""9d97f481224f56b667922903e1df9337dbc21b9eeb732be3b8d6cf8decc567cf"",""stderr"":""""},""extracted_hex"":""4d6f7270682d3031""}"
pilot_mutation,H01-gcd.c,bf207a4afdd7e623be4bd0751bdc1917c0ee550af0f38c0531b25bb726d1710c,symbol,M06,key_ignored,authentication,MR02,Host-semantic preservation,preserve,True,False,mismatch_count=0,0.130558,,True,"{""mismatches"":[]}"
pilot_mutation,H01-gcd.c,bf207a4afdd7e623be4bd0751bdc1917c0ee550af0f38c0531b25bb726d1710c,symbol,M06,key_ignored,authentication,MR03,Unmarked rejection,reject,True,False,rejected:absent:watermark symbols not found,0.056385,,True,"{""unmarked_binary_sha256"":""17288de5d8ffc83b2223ee650ec19f96fa9b779f3eb45b8e2433c730b7a1e3e2""}"
pilot_mutation,H01-gcd.c,bf207a4afdd7e623be4bd0751bdc1917c0ee550af0f38c0531b25bb726d1710c,symbol,M06,key_ignored,authentication,MR04,Wrong-key rejection,reject,False,True,accepted:b'Morph-01',0.040891,,True,"{""antecedent_guarded"":true,""antecedent_hex"":""4d6f7270682d3031""}"
pilot_mutation,H01-gcd.c,bf207a4afdd7e623be4bd0751bdc1917c0ee550af0f38c0531b25bb726d1710c,symbol,M06,key_ignored,authentication,MR05,Payload separation,separate,True,False,first=b'Morph-01';second=b'Second-2',0.094371,,True,"{""execution_order"":""sequential-builds-then-extract"",""first_hex"":""4d6f7270682d3031"",""second_hex"":""5365636f6e642d32""}"
pilot_mutation,H01-gcd.c,bf207a4afdd7e623be4bd0751bdc1917c0ee550af0f38c0531b25bb726d1710c,symbol,M06,key_ignored,authentication,MR06,Cross-compiler invariance,preserve,True,False,"payloads=b'Morph-01',b'Morph-01';semantic_equal=True",0.182376,,True,"{""clang_actual"":""clang"",""gcc_actual"":""gcc""}"
pilot_mutation,H01-gcd.c,bf207a4afdd7e623be4bd0751bdc1917c0ee550af0f38c0531b25bb726d1710c,symbol,M06,key_ignored,authentication,MR07,Optimization invariance,preserve,True,False,"payloads=['Morph-01', 'Morph-01', 'Morph-01'];semantic_equal=True",0.264359,,True,{}
pilot_mutation,H01-gcd.c,bf207a4afdd7e623be4bd0751bdc1917c0ee550af0f38c0531b25bb726d1710c,symbol,M06,key_ignored,authentication,MR08,Clean-room relocation,preserve,True,False,relocated=b'Morph-01',0.067837,,True,"{""clean_room_entries"":[""renamed-artifact.bin""],""relocated_hex"":""4d6f7270682d3031""}"
pilot_mutation,H01-gcd.c,bf207a4afdd7e623be4bd0751bdc1917c0ee550af0f38c0531b25bb726d1710c,symbol,M06,key_ignored,authentication,MR09,Carrier-removal rejection,reject,True,False,rejected:absent:watermark symbols not found,0.051901,,True,"{""antecedent_guarded"":true}"
pilot_mutation,H01-gcd.c,bf207a4afdd7e623be4bd0751bdc1917c0ee550af0f38c0531b25bb726d1710c,symbol,M06,key_ignored,authentication,MR10,Carrier-corruption rejection,reject,True,False,rejected:malformed:inconsistent watermark symbol set,0.083543,,True,"{""antecedent_guarded"":true}"
pilot_mutation,H01-gcd.c,bf207a4afdd7e623be4bd0751bdc1917c0ee550af0f38c0531b25bb726d1710c,symbol,M06,key_ignored,authentication,MR11,Requested/actual trace agreement,trace,True,False,requested=clang/Os;actual=clang/Os,0.066398,,True,"{""build"":{""actual_compiler"":""clang"",""actual_optimization"":""Os"",""binary"":""WORKDIR/symbol/M06/MR11/trace/build-01/artifact.bin"",""binary_sha256"":""755b72694df8fb0d5c405c9f34bb01b2ee5fc724e811fcf92d0794f7ec335695"",""carrier"":""symbol"",""command"":[""clang"",""-std=c11"",""-fno-ident"",""-no-pie"",""-Os"",""WORKDIR/symbol/M06/MR11/trace/build-01/host.c"",""-o"",""WORKDIR/symbol/M06/MR11/trace/build-01/artifact.bin""],""effective_payload_hex"":""4d6f7270682d3031"",""key"":""key-alpha"",""mutant_id"":""M06"",""requested_compiler"":""clang"",""requested_optimization"":""Os"",""requested_payload_hex"":""4d6f7270682d3031"",""return_code"":0,""source"":""WORKDIR/symbol/M06/MR11/trace/build-01/host.c"",""source_sha256"":""9d97f481224f56b667922903e1df9337dbc21b9eeb732be3b8d6cf8decc567cf"",""stderr"":""""}}"
pilot_mutation,H01-gcd.c,bf207a4afdd7e623be4bd0751bdc1917c0ee550af0f38c0531b25bb726d1710c,symbol,M06,key_ignored,authentication,MR12,Interleaved artifact isolation,separate,True,False,parallel_isolation_satisfied,0.096993,,True,"{""aliasing_detected"":false,""both_expected"":true,""execution_order"":""overlapping-builds-then-extract"",""payloads_distinct"":true}"
pilot_mutation,H01-gcd.c,bf207a4afdd7e623be4bd0751bdc1917c0ee550af0f38c0531b25bb726d1710c,symbol,M06,key_ignored,authentication,MR13,Reordered extraction independence,preserve,True,False,before=b'Morph-01';intervening=b'Second-2';after=b'Morph-01',0.159341,,True,"{""intervening_extraction"":true}"
pilot_mutation,H01-gcd.c,bf207a4afdd7e623be4bd0751bdc1917c0ee550af0f38c0531b25bb726d1710c,symbol,M06,key_ignored,authentication,MR14,Rebuild stability,preserve,True,False,first=b'Morph-01';second=b'Morph-01',0.123655,,True,"{""binary_bytes_equal"":true,""execution_order"":""build1-extract1-build2-extract2""}"
pilot_mutation,H01-gcd.c,bf207a4afdd7e623be4bd0751bdc1917c0ee550af0f38c0531b25bb726d1710c,symbol,M07,sidecar_oracle,artifact binding,MR01,Round-trip fidelity,preserve,True,False,extracted=b'Morph-01',0.074282,,True,"{""build"":{""actual_compiler"":""gcc"",""actual_optimization"":""O2"",""binary"":""WORKDIR/symbol/M07/MR01/marked/build-01/artifact.bin"",""binary_sha256"":""7b713450f899744a0e9c1995e1ea83c762e52b3b03c45f82418d86193b6be1a1"",""carrier"":""symbol"",""command"":[""gcc"",""-std=c11"",""-fno-ident"",""-no-pie"",""-O2"",""WORKDIR/symbol/M07/MR01/marked/build-01/host.c"",""-o"",""WORKDIR/symbol/M07/MR01/marked/build-01/artifact.bin""],""effective_payload_hex"":""4d6f7270682d3031"",""key"":""key-alpha"",""mutant_id"":""M07"",""requested_compiler"":""gcc"",""requested_optimization"":""O2"",""requested_payload_hex"":""4d6f7270682d3031"",""return_code"":0,""source"":""WORKDIR/symbol/M07/MR01/marked/build-01/host.c"",""source_sha256"":""45e69a3841e4e8368c9380bdbc2f287b38fe1665811764759930b7957a59ce6a"",""stderr"":""""},""extracted_hex"":""4d6f7270682d3031""}"
pilot_mutation,H01-gcd.c,bf207a4afdd7e623be4bd0751bdc1917c0ee550af0f38c0531b25bb726d1710c,symbol,M07,sidecar_oracle,artifact binding,MR02,Host-semantic preservation,preserve,True,False,mismatch_count=0,0.135235,,True,"{""mismatches"":[]}"
pilot_mutation,H01-gcd.c,bf207a4afdd7e623be4bd0751bdc1917c0ee550af0f38c0531b25bb726d1710c,symbol,M07,sidecar_oracle,artifact binding,MR03,Unmarked rejection,reject,True,False,rejected:sidecar:adjacent sidecar is missing,0.040417,,True,"{""unmarked_binary_sha256"":""17288de5d8ffc83b2223ee650ec19f96fa9b779f3eb45b8e2433c730b7a1e3e2""}"
pilot_mutation,H01-gcd.c,bf207a4afdd7e623be4bd0751bdc1917c0ee550af0f38c0531b25bb726d1710c,symbol,M07,sidecar_oracle,artifact binding,MR04,Wrong-key rejection,reject,True,False,rejected:wrong-key:sidecar key mismatch,0.077243,,True,"{""antecedent_guarded"":true,""antecedent_hex"":""4d6f7270682d3031""}"
pilot_mutation,H01-gcd.c,bf207a4afdd7e623be4bd0751bdc1917c0ee550af0f38c0531b25bb726d1710c,symbol,M07,sidecar_oracle,artifact binding,MR05,Payload separation,separate,True,False,first=b'Morph-01';second=b'Second-2',0.097265,,True,"{""execution_order"":""sequential-builds-then-extract"",""first_hex"":""4d6f7270682d3031"",""second_hex"":""5365636f6e642d32""}"
pilot_mutation,H01-gcd.c,bf207a4afdd7e623be4bd0751bdc1917c0ee550af0f38c0531b25bb726d1710c,symbol,M07,sidecar_oracle,artifact binding,MR06,Cross-compiler invariance,preserve,True,False,"payloads=b'Morph-01',b'Morph-01';semantic_equal=True",0.165091,,True,"{""clang_actual"":""clang"",""gcc_actual"":""gcc""}"
pilot_mutation,H01-gcd.c,bf207a4afdd7e623be4bd0751bdc1917c0ee550af0f38c0531b25bb726d1710c,symbol,M07,sidecar_oracle,artifact binding,MR07,Optimization invariance,preserve,True,False,"payloads=['Morph-01', 'Morph-01', 'Morph-01'];semantic_equal=True",0.250257,,True,{}
pilot_mutation,H01-gcd.c,bf207a4afdd7e623be4bd0751bdc1917c0ee550af0f38c0531b25bb726d1710c,symbol,M07,sidecar_oracle,artifact binding,MR08,Clean-room relocation,preserve,False,True,exception:ExtractionError:adjacent sidecar is missing,0.059244,ExtractionError,True,{}
pilot_mutation,H01-gcd.c,bf207a4afdd7e623be4bd0751bdc1917c0ee550af0f38c0531b25bb726d1710c,symbol,M07,sidecar_oracle,artifact binding,MR09,Carrier-removal rejection,reject,True,False,rejected:sidecar:adjacent sidecar is missing,0.052581,,True,"{""antecedent_guarded"":true}"
pilot_mutation,H01-gcd.c,bf207a4afdd7e623be4bd0751bdc1917c0ee550af0f38c0531b25bb726d1710c,symbol,M07,sidecar_oracle,artifact binding,MR10,Carrier-corruption rejection,reject,True,False,rejected:sidecar:adjacent sidecar is missing,0.042958,,True,"{""antecedent_guarded"":true}"
pilot_mutation,H01-gcd.c,bf207a4afdd7e623be4bd0751bdc1917c0ee550af0f38c0531b25bb726d1710c,symbol,M07,sidecar_oracle,artifact binding,MR11,Requested/actual trace agreement,trace,True,False,requested=clang/Os;actual=clang/Os,0.089918,,True,"{""build"":{""actual_compiler"":""clang"",""actual_optimization"":""Os"",""binary"":""WORKDIR/symbol/M07/MR11/trace/build-01/artifact.bin"",""binary_sha256"":""25e0d918cd8ff7cc194ede1eb56d7dc89089e033832c65ca5cceab6c9faa446b"",""carrier"":""symbol"",""command"":[""clang"",""-std=c11"",""-fno-ident"",""-no-pie"",""-Os"",""WORKDIR/symbol/M07/MR11/trace/build-01/host.c"",""-o"",""WORKDIR/symbol/M07/MR11/trace/build-01/artifact.bin""],""effective_payload_hex"":""4d6f7270682d3031"",""key"":""key-alpha"",""mutant_id"":""M07"",""requested_compiler"":""clang"",""requested_optimization"":""Os"",""requested_payload_hex"":""4d6f7270682d3031"",""return_code"":0,""source"":""WORKDIR/symbol/M07/MR11/trace/build-01/host.c"",""source_sha256"":""45e69a3841e4e8368c9380bdbc2f287b38fe1665811764759930b7957a59ce6a"",""stderr"":""""}}"
pilot_mutation,H01-gcd.c,bf207a4afdd7e623be4bd0751bdc1917c0ee550af0f38c0531b25bb726d1710c,symbol,M07,sidecar_oracle,artifact binding,MR12,Interleaved artifact isolation,separate,True,False,parallel_isolation_satisfied,0.088587,,True,"{""aliasing_detected"":false,""both_expected"":true,""execution_order"":""overlapping-builds-then-extract"",""payloads_distinct"":true}"
pilot_mutation,H01-gcd.c,bf207a4afdd7e623be4bd0751bdc1917c0ee550af0f38c0531b25bb726d1710c,symbol,M07,sidecar_oracle,artifact binding,MR13,Reordered extraction independence,preserve,True,False,before=b'Morph-01';intervening=b'Second-2';after=b'Morph-01',0.107922,,True,"{""intervening_extraction"":true}"
pilot_mutation,H01-gcd.c,bf207a4afdd7e623be4bd0751bdc1917c0ee550af0f38c0531b25bb726d1710c,symbol,M07,sidecar_oracle,artifact binding,MR14,Rebuild stability,preserve,True,False,first=b'Morph-01';second=b'Morph-01',0.111518,,True,"{""binary_bytes_equal"":true,""execution_order"":""build1-extract1-build2-extract2""}"
pilot_mutation,H01-gcd.c,bf207a4afdd7e623be4bd0751bdc1917c0ee550af0f38c0531b25bb726d1710c,symbol,M08,global_cache_oracle,state,MR01,Round-trip fidelity,preserve,True,False,extracted=b'Morph-01',0.086381,,True,"{""build"":{""actual_compiler"":""gcc"",""actual_optimization"":""O2"",""binary"":""WORKDIR/symbol/M08/MR01/marked/build-01/artifact.bin"",""binary_sha256"":""7b713450f899744a0e9c1995e1ea83c762e52b3b03c45f82418d86193b6be1a1"",""carrier"":""symbol"",""command"":[""gcc"",""-std=c11"",""-fno-ident"",""-no-pie"",""-O2"",""WORKDIR/symbol/M08/MR01/marked/build-01/host.c"",""-o"",""WORKDIR/symbol/M08/MR01/marked/build-01/artifact.bin""],""effective_payload_hex"":""4d6f7270682d3031"",""key"":""key-alpha"",""mutant_id"":""M08"",""requested_compiler"":""gcc"",""requested_optimization"":""O2"",""requested_payload_hex"":""4d6f7270682d3031"",""return_code"":0,""source"":""WORKDIR/symbol/M08/MR01/marked/build-01/host.c"",""source_sha256"":""45e69a3841e4e8368c9380bdbc2f287b38fe1665811764759930b7957a59ce6a"",""stderr"":""""},""extracted_hex"":""4d6f7270682d3031""}"
pilot_mutation,H01-gcd.c,bf207a4afdd7e623be4bd0751bdc1917c0ee550af0f38c0531b25bb726d1710c,symbol,M08,global_cache_oracle,state,MR02,Host-semantic preservation,preserve,True,False,mismatch_count=0,0.164169,,True,"{""mismatches"":[]}"
pilot_mutation,H01-gcd.c,bf207a4afdd7e623be4bd0751bdc1917c0ee550af0f38c0531b25bb726d1710c,symbol,M08,global_cache_oracle,state,MR03,Unmarked rejection,reject,True,False,rejected:absent:watermark symbols not found,0.0579,,True,"{""unmarked_binary_sha256"":""17288de5d8ffc83b2223ee650ec19f96fa9b779f3eb45b8e2433c730b7a1e3e2""}"
pilot_mutation,H01-gcd.c,bf207a4afdd7e623be4bd0751bdc1917c0ee550af0f38c0531b25bb726d1710c,symbol,M08,global_cache_oracle,state,MR04,Wrong-key rejection,reject,False,True,accepted:b'Morph-01',0.05408,,True,"{""antecedent_guarded"":true,""antecedent_hex"":""4d6f7270682d3031""}"
pilot_mutation,H01-gcd.c,bf207a4afdd7e623be4bd0751bdc1917c0ee550af0f38c0531b25bb726d1710c,symbol,M08,global_cache_oracle,state,MR05,Payload separation,separate,False,True,first=b'Second-2';second=b'Second-2',0.12588,,True,"{""execution_order"":""sequential-builds-then-extract"",""first_hex"":""5365636f6e642d32"",""second_hex"":""5365636f6e642d32""}"
pilot_mutation,H01-gcd.c,bf207a4afdd7e623be4bd0751bdc1917c0ee550af0f38c0531b25bb726d1710c,symbol,M08,global_cache_oracle,state,MR06,Cross-compiler invariance,preserve,True,False,"payloads=b'Morph-01',b'Morph-01';semantic_equal=True",0.196662,,True,"{""clang_actual"":""clang"",""gcc_actual"":""gcc""}"
pilot_mutation,H01-gcd.c,bf207a4afdd7e623be4bd0751bdc1917c0ee550af0f38c0531b25bb726d1710c,symbol,M08,global_cache_oracle,state,MR07,Optimization invariance,preserve,True,False,"payloads=['Morph-01', 'Morph-01', 'Morph-01'];semantic_equal=True",0.192992,,True,{}
pilot_mutation,H01-gcd.c,bf207a4afdd7e623be4bd0751bdc1917c0ee550af0f38c0531b25bb726d1710c,symbol,M08,global_cache_oracle,state,MR08,Clean-room relocation,preserve,True,False,relocated=b'Morph-01',0.082788,,True,"{""clean_room_entries"":[""renamed-artifact.bin""],""relocated_hex"":""4d6f7270682d3031""}"
pilot_mutation,H01-gcd.c,bf207a4afdd7e623be4bd0751bdc1917c0ee550af0f38c0531b25bb726d1710c,symbol,M08,global_cache_oracle,state,MR09,Carrier-removal rejection,reject,False,True,spurious robustness:accepted:b'Morph-01',0.054015,,True,"{""antecedent_guarded"":true}"
pilot_mutation,H01-gcd.c,bf207a4afdd7e623be4bd0751bdc1917c0ee550af0f38c0531b25bb726d1710c,symbol,M08,global_cache_oracle,state,MR10,Carrier-corruption rejection,reject,False,True,corruption accepted:accepted:b'Morph-01',0.088403,,True,"{""antecedent_guarded"":true}"
pilot_mutation,H01-gcd.c,bf207a4afdd7e623be4bd0751bdc1917c0ee550af0f38c0531b25bb726d1710c,symbol,M08,global_cache_oracle,state,MR11,Requested/actual trace agreement,trace,True,False,requested=clang/Os;actual=clang/Os,0.054367,,True,"{""build"":{""actual_compiler"":""clang"",""actual_optimization"":""Os"",""binary"":""WORKDIR/symbol/M08/MR11/trace/build-01/artifact.bin"",""binary_sha256"":""25e0d918cd8ff7cc194ede1eb56d7dc89089e033832c65ca5cceab6c9faa446b"",""carrier"":""symbol"",""command"":[""clang"",""-std=c11"",""-fno-ident"",""-no-pie"",""-Os"",""WORKDIR/symbol/M08/MR11/trace/build-01/host.c"",""-o"",""WORKDIR/symbol/M08/MR11/trace/build-01/artifact.bin""],""effective_payload_hex"":""4d6f7270682d3031"",""key"":""key-alpha"",""mutant_id"":""M08"",""requested_compiler"":""clang"",""requested_optimization"":""Os"",""requested_payload_hex"":""4d6f7270682d3031"",""return_code"":0,""source"":""WORKDIR/symbol/M08/MR11/trace/build-01/host.c"",""source_sha256"":""45e69a3841e4e8368c9380bdbc2f287b38fe1665811764759930b7957a59ce6a"",""stderr"":""""}}"
pilot_mutation,H01-gcd.c,bf207a4afdd7e623be4bd0751bdc1917c0ee550af0f38c0531b25bb726d1710c,symbol,M08,global_cache_oracle,state,MR12,Interleaved artifact isolation,separate,False,True,parallel_isolation_clause_violated,0.098681,,True,"{""aliasing_detected"":true,""both_expected"":false,""execution_order"":""overlapping-builds-then-extract"",""payloads_distinct"":false}"
pilot_mutation,H01-gcd.c,bf207a4afdd7e623be4bd0751bdc1917c0ee550af0f38c0531b25bb726d1710c,symbol,M08,global_cache_oracle,state,MR13,Reordered extraction independence,preserve,False,True,before=b'Morph-01';intervening=b'Second-2';after=b'Second-2',0.095993,,True,"{""intervening_extraction"":true}"
pilot_mutation,H01-gcd.c,bf207a4afdd7e623be4bd0751bdc1917c0ee550af0f38c0531b25bb726d1710c,symbol,M08,global_cache_oracle,state,MR14,Rebuild stability,preserve,True,False,first=b'Morph-01';second=b'Morph-01',0.115861,,True,"{""binary_bytes_equal"":true,""execution_order"":""build1-extract1-build2-extract2""}"
pilot_mutation,H01-gcd.c,bf207a4afdd7e623be4bd0751bdc1917c0ee550af0f38c0531b25bb726d1710c,symbol,M09,unmarked_default,false positive,MR01,Round-trip fidelity,preserve,True,False,extracted=b'Morph-01',0.062282,,True,"{""build"":{""actual_compiler"":""gcc"",""actual_optimization"":""O2"",""binary"":""WORKDIR/symbol/M09/MR01/marked/build-01/artifact.bin"",""binary_sha256"":""7b713450f899744a0e9c1995e1ea83c762e52b3b03c45f82418d86193b6be1a1"",""carrier"":""symbol"",""command"":[""gcc"",""-std=c11"",""-fno-ident"",""-no-pie"",""-O2"",""WORKDIR/symbol/M09/MR01/marked/build-01/host.c"",""-o"",""WORKDIR/symbol/M09/MR01/marked/build-01/artifact.bin""],""effective_payload_hex"":""4d6f7270682d3031"",""key"":""key-alpha"",""mutant_id"":""M09"",""requested_compiler"":""gcc"",""requested_optimization"":""O2"",""requested_payload_hex"":""4d6f7270682d3031"",""return_code"":0,""source"":""WORKDIR/symbol/M09/MR01/marked/build-01/host.c"",""source_sha256"":""45e69a3841e4e8368c9380bdbc2f287b38fe1665811764759930b7957a59ce6a"",""stderr"":""""},""extracted_hex"":""4d6f7270682d3031""}"
pilot_mutation,H01-gcd.c,bf207a4afdd7e623be4bd0751bdc1917c0ee550af0f38c0531b25bb726d1710c,symbol,M09,unmarked_default,false positive,MR02,Host-semantic preservation,preserve,True,False,mismatch_count=0,0.150883,,True,"{""mismatches"":[]}"
pilot_mutation,H01-gcd.c,bf207a4afdd7e623be4bd0751bdc1917c0ee550af0f38c0531b25bb726d1710c,symbol,M09,unmarked_default,false positive,MR03,Unmarked rejection,reject,False,True,accepted:b'Morph-01',0.066881,,True,"{""unmarked_binary_sha256"":""17288de5d8ffc83b2223ee650ec19f96fa9b779f3eb45b8e2433c730b7a1e3e2""}"
pilot_mutation,H01-gcd.c,bf207a4afdd7e623be4bd0751bdc1917c0ee550af0f38c0531b25bb726d1710c,symbol,M09,unmarked_default,false positive,MR04,Wrong-key rejection,reject,False,True,accepted:b'Morph-01',0.088332,,True,"{""antecedent_guarded"":true,""antecedent_hex"":""4d6f7270682d3031""}"
pilot_mutation,H01-gcd.c,bf207a4afdd7e623be4bd0751bdc1917c0ee550af0f38c0531b25bb726d1710c,symbol,M09,unmarked_default,false positive,MR05,Payload separation,separate,True,False,first=b'Morph-01';second=b'Second-2',0.108134,,True,"{""execution_order"":""sequential-builds-then-extract"",""first_hex"":""4d6f7270682d3031"",""second_hex"":""5365636f6e642d32""}"
pilot_mutation,H01-gcd.c,bf207a4afdd7e623be4bd0751bdc1917c0ee550af0f38c0531b25bb726d1710c,symbol,M09,unmarked_default,false positive,MR06,Cross-compiler invariance,preserve,True,False,"payloads=b'Morph-01',b'Morph-01';semantic_equal=True",0.152637,,True,"{""clang_actual"":""clang"",""gcc_actual"":""gcc""}"
pilot_mutation,H01-gcd.c,bf207a4afdd7e623be4bd0751bdc1917c0ee550af0f38c0531b25bb726d1710c,symbol,M09,unmarked_default,false positive,MR07,Optimization invariance,preserve,True,False,"payloads=['Morph-01', 'Morph-01', 'Morph-01'];semantic_equal=True",0.229559,,True,{}
pilot_mutation,H01-gcd.c,bf207a4afdd7e623be4bd0751bdc1917c0ee550af0f38c0531b25bb726d1710c,symbol,M09,unmarked_default,false positive,MR08,Clean-room relocation,preserve,True,False,relocated=b'Morph-01',0.062724,,True,"{""clean_room_entries"":[""renamed-artifact.bin""],""relocated_hex"":""4d6f7270682d3031""}"
pilot_mutation,H01-gcd.c,bf207a4afdd7e623be4bd0751bdc1917c0ee550af0f38c0531b25bb726d1710c,symbol,M09,unmarked_default,false positive,MR09,Carrier-removal rejection,reject,False,True,spurious robustness:accepted:b'Morph-01',0.064772,,True,"{""antecedent_guarded"":true}"
pilot_mutation,H01-gcd.c,bf207a4afdd7e623be4bd0751bdc1917c0ee550af0f38c0531b25bb726d1710c,symbol,M09,unmarked_default,false positive,MR10,Carrier-corruption rejection,reject,False,True,corruption accepted:accepted:b'Morph-01',0.095296,,True,"{""antecedent_guarded"":true}"
pilot_mutation,H01-gcd.c,bf207a4afdd7e623be4bd0751bdc1917c0ee550af0f38c0531b25bb726d1710c,symbol,M09,unmarked_default,false positive,MR11,Requested/actual trace agreement,trace,True,False,requested=clang/Os;actual=clang/Os,0.060625,,True,"{""build"":{""actual_compiler"":""clang"",""actual_optimization"":""Os"",""binary"":""WORKDIR/symbol/M09/MR11/trace/build-01/artifact.bin"",""binary_sha256"":""25e0d918cd8ff7cc194ede1eb56d7dc89089e033832c65ca5cceab6c9faa446b"",""carrier"":""symbol"",""command"":[""clang"",""-std=c11"",""-fno-ident"",""-no-pie"",""-Os"",""WORKDIR/symbol/M09/MR11/trace/build-01/host.c"",""-o"",""WORKDIR/symbol/M09/MR11/trace/build-01/artifact.bin""],""effective_payload_hex"":""4d6f7270682d3031"",""key"":""key-alpha"",""mutant_id"":""M09"",""requested_compiler"":""clang"",""requested_optimization"":""Os"",""requested_payload_hex"":""4d6f7270682d3031"",""return_code"":0,""source"":""WORKDIR/symbol/M09/MR11/trace/build-01/host.c"",""source_sha256"":""45e69a3841e4e8368c9380bdbc2f287b38fe1665811764759930b7957a59ce6a"",""stderr"":""""}}"
pilot_mutation,H01-gcd.c,bf207a4afdd7e623be4bd0751bdc1917c0ee550af0f38c0531b25bb726d1710c,symbol,M09,unmarked_default,false positive,MR12,Interleaved artifact isolation,separate,True,False,parallel_isolation_satisfied,0.069577,,True,"{""aliasing_detected"":false,""both_expected"":true,""execution_order"":""overlapping-builds-then-extract"",""payloads_distinct"":true}"
pilot_mutation,H01-gcd.c,bf207a4afdd7e623be4bd0751bdc1917c0ee550af0f38c0531b25bb726d1710c,symbol,M09,unmarked_default,false positive,MR13,Reordered extraction independence,preserve,True,False,before=b'Morph-01';intervening=b'Second-2';after=b'Morph-01',0.126257,,True,"{""intervening_extraction"":true}"
pilot_mutation,H01-gcd.c,bf207a4afdd7e623be4bd0751bdc1917c0ee550af0f38c0531b25bb726d1710c,symbol,M09,unmarked_default,false positive,MR14,Rebuild stability,preserve,True,False,first=b'Morph-01';second=b'Morph-01',0.121893,,True,"{""binary_bytes_equal"":true,""execution_order"":""build1-extract1-build2-extract2""}"
pilot_mutation,H01-gcd.c,bf207a4afdd7e623be4bd0751bdc1917c0ee550af0f38c0531b25bb726d1710c,symbol,M10,semantic_plus_one,semantic corruption,MR01,Round-trip fidelity,preserve,True,False,extracted=b'Morph-01',0.048617,,True,"{""build"":{""actual_compiler"":""gcc"",""actual_optimization"":""O2"",""binary"":""WORKDIR/symbol/M10/MR01/marked/build-01/artifact.bin"",""binary_sha256"":""1bc79235c76287d0b7446888abaa1ee4da150849082795c2c7cd41018eddf232"",""carrier"":""symbol"",""command"":[""gcc"",""-std=c11"",""-fno-ident"",""-no-pie"",""-O2"",""WORKDIR/symbol/M10/MR01/marked/build-01/host.c"",""-o"",""WORKDIR/symbol/M10/MR01/marked/build-01/artifact.bin""],""effective_payload_hex"":""4d6f7270682d3031"",""key"":""key-alpha"",""mutant_id"":""M10"",""requested_compiler"":""gcc"",""requested_optimization"":""O2"",""requested_payload_hex"":""4d6f7270682d3031"",""return_code"":0,""source"":""WORKDIR/symbol/M10/MR01/marked/build-01/host.c"",""source_sha256"":""6c2a7e9d6f37012f3ed983cf8df7478d089e8571c5dba530fcc11eb6cd1b880d"",""stderr"":""""},""extracted_hex"":""4d6f7270682d3031""}"
pilot_mutation,H01-gcd.c,bf207a4afdd7e623be4bd0751bdc1917c0ee550af0f38c0531b25bb726d1710c,symbol,M10,semantic_plus_one,semantic corruption,MR02,Host-semantic preservation,preserve,True,False,mismatch_count=0,0.16078,,True,"{""mismatches"":[]}"
pilot_mutation,H01-gcd.c,bf207a4afdd7e623be4bd0751bdc1917c0ee550af0f38c0531b25bb726d1710c,symbol,M10,semantic_plus_one,semantic corruption,MR03,Unmarked rejection,reject,True,False,rejected:absent:watermark symbols not found,0.061901,,True,"{""unmarked_binary_sha256"":""a7ba1b1fde2b472014cbc25860cebcca1a3737929b7a88d46c8ef8cd002b8b50""}"
pilot_mutation,H01-gcd.c,bf207a4afdd7e623be4bd0751bdc1917c0ee550af0f38c0531b25bb726d1710c,symbol,M10,semantic_plus_one,semantic corruption,MR04,Wrong-key rejection,reject,True,False,rejected:wrong-key:symbol key tag mismatch,0.067104,,True,"{""antecedent_guarded"":true,""antecedent_hex"":""4d6f7270682d3031""}"
pilot_mutation,H01-gcd.c,bf207a4afdd7e623be4bd0751bdc1917c0ee550af0f38c0531b25bb726d1710c,symbol,M10,semantic_plus_one,semantic corruption,MR05,Payload separation,separate,True,False,first=b'Morph-01';second=b'Second-2',0.130521,,True,"{""execution_order"":""sequential-builds-then-extract"",""first_hex"":""4d6f7270682d3031"",""second_hex"":""5365636f6e642d32""}"
pilot_mutation,H01-gcd.c,bf207a4afdd7e623be4bd0751bdc1917c0ee550af0f38c0531b25bb726d1710c,symbol,M10,semantic_plus_one,semantic corruption,MR06,Cross-compiler invariance,preserve,True,False,"payloads=b'Morph-01',b'Morph-01';semantic_equal=True",0.198905,,True,"{""clang_actual"":""clang"",""gcc_actual"":""gcc""}"
pilot_mutation,H01-gcd.c,bf207a4afdd7e623be4bd0751bdc1917c0ee550af0f38c0531b25bb726d1710c,symbol,M10,semantic_plus_one,semantic corruption,MR07,Optimization invariance,preserve,True,False,"payloads=['Morph-01', 'Morph-01', 'Morph-01'];semantic_equal=True",0.249399,,True,{}
pilot_mutation,H01-gcd.c,bf207a4afdd7e623be4bd0751bdc1917c0ee550af0f38c0531b25bb726d1710c,symbol,M10,semantic_plus_one,semantic corruption,MR08,Clean-room relocation,preserve,True,False,relocated=b'Morph-01',0.071066,,True,"{""clean_room_entries"":[""renamed-artifact.bin""],""relocated_hex"":""4d6f7270682d3031""}"
pilot_mutation,H01-gcd.c,bf207a4afdd7e623be4bd0751bdc1917c0ee550af0f38c0531b25bb726d1710c,symbol,M10,semantic_plus_one,semantic corruption,MR09,Carrier-removal rejection,reject,True,False,rejected:absent:watermark symbols not found,0.071805,,True,"{""antecedent_guarded"":true}"
pilot_mutation,H01-gcd.c,bf207a4afdd7e623be4bd0751bdc1917c0ee550af0f38c0531b25bb726d1710c,symbol,M10,semantic_plus_one,semantic corruption,MR10,Carrier-corruption rejection,reject,True,False,rejected:malformed:inconsistent watermark symbol set,0.079547,,True,"{""antecedent_guarded"":true}"
pilot_mutation,H01-gcd.c,bf207a4afdd7e623be4bd0751bdc1917c0ee550af0f38c0531b25bb726d1710c,symbol,M10,semantic_plus_one,semantic corruption,MR11,Requested/actual trace agreement,trace,True,False,requested=clang/Os;actual=clang/Os,0.098372,,True,"{""build"":{""actual_compiler"":""clang"",""actual_optimization"":""Os"",""binary"":""WORKDIR/symbol/M10/MR11/trace/build-01/artifact.bin"",""binary_sha256"":""320c9f1496d9b78a434474779a35d9dcb206de723fbb3806fa884e178adcc65f"",""carrier"":""symbol"",""command"":[""clang"",""-std=c11"",""-fno-ident"",""-no-pie"",""-Os"",""WORKDIR/symbol/M10/MR11/trace/build-01/host.c"",""-o"",""WORKDIR/symbol/M10/MR11/trace/build-01/artifact.bin""],""effective_payload_hex"":""4d6f7270682d3031"",""key"":""key-alpha"",""mutant_id"":""M10"",""requested_compiler"":""clang"",""requested_optimization"":""Os"",""requested_payload_hex"":""4d6f7270682d3031"",""return_code"":0,""source"":""WORKDIR/symbol/M10/MR11/trace/build-01/host.c"",""source_sha256"":""6c2a7e9d6f37012f3ed983cf8df7478d089e8571c5dba530fcc11eb6cd1b880d"",""stderr"":""""}}"
pilot_mutation,H01-gcd.c,bf207a4afdd7e623be4bd0751bdc1917c0ee550af0f38c0531b25bb726d1710c,symbol,M10,semantic_plus_one,semantic corruption,MR12,Interleaved artifact isolation,separate,True,False,parallel_isolation_satisfied,0.067204,,True,"{""aliasing_detected"":false,""both_expected"":true,""execution_order"":""overlapping-builds-then-extract"",""payloads_distinct"":true}"
pilot_mutation,H01-gcd.c,bf207a4afdd7e623be4bd0751bdc1917c0ee550af0f38c0531b25bb726d1710c,symbol,M10,semantic_plus_one,semantic corruption,MR13,Reordered extraction independence,preserve,True,False,before=b'Morph-01';intervening=b'Second-2';after=b'Morph-01',0.119131,,True,"{""intervening_extraction"":true}"
pilot_mutation,H01-gcd.c,bf207a4afdd7e623be4bd0751bdc1917c0ee550af0f38c0531b25bb726d1710c,symbol,M10,semantic_plus_one,semantic corruption,MR14,Rebuild stability,preserve,True,False,first=b'Morph-01';second=b'Morph-01',0.104675,,True,"{""binary_bytes_equal"":true,""execution_order"":""build1-extract1-build2-extract2""}"
pilot_mutation,H01-gcd.c,bf207a4afdd7e623be4bd0751bdc1917c0ee550af0f38c0531b25bb726d1710c,symbol,M11,semantic_input13,semantic corruption,MR01,Round-trip fidelity,preserve,True,False,extracted=b'Morph-01',0.051307,,True,"{""build"":{""actual_compiler"":""gcc"",""actual_optimization"":""O2"",""binary"":""WORKDIR/symbol/M11/MR01/marked/build-01/artifact.bin"",""binary_sha256"":""ed8419d5b48c2b95a4eb8293597dd4bd4f43bc45b77bf5542be5e578a4a119fd"",""carrier"":""symbol"",""command"":[""gcc"",""-std=c11"",""-fno-ident"",""-no-pie"",""-O2"",""WORKDIR/symbol/M11/MR01/marked/build-01/host.c"",""-o"",""WORKDIR/symbol/M11/MR01/marked/build-01/artifact.bin""],""effective_payload_hex"":""4d6f7270682d3031"",""key"":""key-alpha"",""mutant_id"":""M11"",""requested_compiler"":""gcc"",""requested_optimization"":""O2"",""requested_payload_hex"":""4d6f7270682d3031"",""return_code"":0,""source"":""WORKDIR/symbol/M11/MR01/marked/build-01/host.c"",""source_sha256"":""aff44abe4f5b4c6b8f4610ca78cc0f7c6896afa6d457f493d72dc6db789e335c"",""stderr"":""""},""extracted_hex"":""4d6f7270682d3031""}"
pilot_mutation,H01-gcd.c,bf207a4afdd7e623be4bd0751bdc1917c0ee550af0f38c0531b25bb726d1710c,symbol,M11,semantic_input13,semantic corruption,MR02,Host-semantic preservation,preserve,True,False,mismatch_count=0,0.137756,,True,"{""mismatches"":[]}"
pilot_mutation,H01-gcd.c,bf207a4afdd7e623be4bd0751bdc1917c0ee550af0f38c0531b25bb726d1710c,symbol,M11,semantic_input13,semantic corruption,MR03,Unmarked rejection,reject,True,False,rejected:absent:watermark symbols not found,0.075662,,True,"{""unmarked_binary_sha256"":""ede3bc23896c80d708e4ea6b72b2826c6ad3e832db12ee3e3340f736947cb2b8""}"
pilot_mutation,H01-gcd.c,bf207a4afdd7e623be4bd0751bdc1917c0ee550af0f38c0531b25bb726d1710c,symbol,M11,semantic_input13,semantic corruption,MR04,Wrong-key rejection,reject,True,False,rejected:wrong-key:symbol key tag mismatch,0.072895,,True,"{""antecedent_guarded"":true,""antecedent_hex"":""4d6f7270682d3031""}"
pilot_mutation,H01-gcd.c,bf207a4afdd7e623be4bd0751bdc1917c0ee550af0f38c0531b25bb726d1710c,symbol,M11,semantic_input13,semantic corruption,MR05,Payload separation,separate,True,False,first=b'Morph-01';second=b'Second-2',0.143395,,True,"{""execution_order"":""sequential-builds-then-extract"",""first_hex"":""4d6f7270682d3031"",""second_hex"":""5365636f6e642d32""}"
pilot_mutation,H01-gcd.c,bf207a4afdd7e623be4bd0751bdc1917c0ee550af0f38c0531b25bb726d1710c,symbol,M11,semantic_input13,semantic corruption,MR06,Cross-compiler invariance,preserve,True,False,"payloads=b'Morph-01',b'Morph-01';semantic_equal=True",0.183854,,True,"{""clang_actual"":""clang"",""gcc_actual"":""gcc""}"
pilot_mutation,H01-gcd.c,bf207a4afdd7e623be4bd0751bdc1917c0ee550af0f38c0531b25bb726d1710c,symbol,M11,semantic_input13,semantic corruption,MR07,Optimization invariance,preserve,True,False,"payloads=['Morph-01', 'Morph-01', 'Morph-01'];semantic_equal=True",0.160194,,True,{}
pilot_mutation,H01-gcd.c,bf207a4afdd7e623be4bd0751bdc1917c0ee550af0f38c0531b25bb726d1710c,symbol,M11,semantic_input13,semantic corruption,MR08,Clean-room relocation,preserve,True,False,relocated=b'Morph-01',0.082224,,True,"{""clean_room_entries"":[""renamed-artifact.bin""],""relocated_hex"":""4d6f7270682d3031""}"
pilot_mutation,H01-gcd.c,bf207a4afdd7e623be4bd0751bdc1917c0ee550af0f38c0531b25bb726d1710c,symbol,M11,semantic_input13,semantic corruption,MR09,Carrier-removal rejection,reject,True,False,rejected:absent:watermark symbols not found,0.09206,,True,"{""antecedent_guarded"":true}"
pilot_mutation,H01-gcd.c,bf207a4afdd7e623be4bd0751bdc1917c0ee550af0f38c0531b25bb726d1710c,symbol,M11,semantic_input13,semantic corruption,MR10,Carrier-corruption rejection,reject,True,False,rejected:malformed:inconsistent watermark symbol set,0.086328,,True,"{""antecedent_guarded"":true}"
pilot_mutation,H01-gcd.c,bf207a4afdd7e623be4bd0751bdc1917c0ee550af0f38c0531b25bb726d1710c,symbol,M11,semantic_input13,semantic corruption,MR11,Requested/actual trace agreement,trace,True,False,requested=clang/Os;actual=clang/Os,0.071558,,True,"{""build"":{""actual_compiler"":""clang"",""actual_optimization"":""Os"",""binary"":""WORKDIR/symbol/M11/MR11/trace/build-01/artifact.bin"",""binary_sha256"":""8adbe111a5ee875175d340c71540ef129c000bdfb8d8a50ac74614216e3263cd"",""carrier"":""symbol"",""command"":[""clang"",""-std=c11"",""-fno-ident"",""-no-pie"",""-Os"",""WORKDIR/symbol/M11/MR11/trace/build-01/host.c"",""-o"",""WORKDIR/symbol/M11/MR11/trace/build-01/artifact.bin""],""effective_payload_hex"":""4d6f7270682d3031"",""key"":""key-alpha"",""mutant_id"":""M11"",""requested_compiler"":""clang"",""requested_optimization"":""Os"",""requested_payload_hex"":""4d6f7270682d3031"",""return_code"":0,""source"":""WORKDIR/symbol/M11/MR11/trace/build-01/host.c"",""source_sha256"":""aff44abe4f5b4c6b8f4610ca78cc0f7c6896afa6d457f493d72dc6db789e335c"",""stderr"":""""}}"
pilot_mutation,H01-gcd.c,bf207a4afdd7e623be4bd0751bdc1917c0ee550af0f38c0531b25bb726d1710c,symbol,M11,semantic_input13,semantic corruption,MR12,Interleaved artifact isolation,separate,True,False,parallel_isolation_satisfied,0.128091,,True,"{""aliasing_detected"":false,""both_expected"":true,""execution_order"":""overlapping-builds-then-extract"",""payloads_distinct"":true}"
pilot_mutation,H01-gcd.c,bf207a4afdd7e623be4bd0751bdc1917c0ee550af0f38c0531b25bb726d1710c,symbol,M11,semantic_input13,semantic corruption,MR13,Reordered extraction independence,preserve,True,False,before=b'Morph-01';intervening=b'Second-2';after=b'Morph-01',0.143483,,True,"{""intervening_extraction"":true}"
pilot_mutation,H01-gcd.c,bf207a4afdd7e623be4bd0751bdc1917c0ee550af0f38c0531b25bb726d1710c,symbol,M11,semantic_input13,semantic corruption,MR14,Rebuild stability,preserve,True,False,first=b'Morph-01';second=b'Morph-01',0.138701,,True,"{""binary_bytes_equal"":true,""execution_order"":""build1-extract1-build2-extract2""}"
pilot_mutation,H01-gcd.c,bf207a4afdd7e623be4bd0751bdc1917c0ee550af0f38c0531b25bb726d1710c,symbol,M12,compile_original,stage routing,MR01,Round-trip fidelity,preserve,False,True,exception:ExtractionError:watermark symbols not found,0.035184,ExtractionError,True,{}
pilot_mutation,H01-gcd.c,bf207a4afdd7e623be4bd0751bdc1917c0ee550af0f38c0531b25bb726d1710c,symbol,M12,compile_original,stage routing,MR02,Host-semantic preservation,preserve,True,False,mismatch_count=0,0.131465,,True,"{""mismatches"":[]}"
pilot_mutation,H01-gcd.c,bf207a4afdd7e623be4bd0751bdc1917c0ee550af0f38c0531b25bb726d1710c,symbol,M12,compile_original,stage routing,MR03,Unmarked rejection,reject,True,False,rejected:absent:watermark symbols not found,0.032906,,True,"{""unmarked_binary_sha256"":""17288de5d8ffc83b2223ee650ec19f96fa9b779f3eb45b8e2433c730b7a1e3e2""}"
pilot_mutation,H01-gcd.c,bf207a4afdd7e623be4bd0751bdc1917c0ee550af0f38c0531b25bb726d1710c,symbol,M12,compile_original,stage routing,MR04,Wrong-key rejection,reject,True,False,rejected:wrong-key:symbol key tag mismatch,0.07893,,True,"{""antecedent_guarded"":true,""antecedent_hex"":""4d6f7270682d3031""}"
pilot_mutation,H01-gcd.c,bf207a4afdd7e623be4bd0751bdc1917c0ee550af0f38c0531b25bb726d1710c,symbol,M12,compile_original,stage routing,MR05,Payload separation,separate,False,True,exception:ExtractionError:watermark symbols not found,0.15693,ExtractionError,True,{}
pilot_mutation,H01-gcd.c,bf207a4afdd7e623be4bd0751bdc1917c0ee550af0f38c0531b25bb726d1710c,symbol,M12,compile_original,stage routing,MR06,Cross-compiler invariance,preserve,False,True,exception:ExtractionError:watermark symbols not found,0.143773,ExtractionError,True,{}
pilot_mutation,H01-gcd.c,bf207a4afdd7e623be4bd0751bdc1917c0ee550af0f38c0531b25bb726d1710c,symbol,M12,compile_original,stage routing,MR07,Optimization invariance,preserve,False,True,exception:ExtractionError:watermark symbols not found,0.189286,ExtractionError,True,{}
pilot_mutation,H01-gcd.c,bf207a4afdd7e623be4bd0751bdc1917c0ee550af0f38c0531b25bb726d1710c,symbol,M12,compile_original,stage routing,MR08,Clean-room relocation,preserve,False,True,exception:ExtractionError:watermark symbols not found,0.062352,ExtractionError,True,{}
pilot_mutation,H01-gcd.c,bf207a4afdd7e623be4bd0751bdc1917c0ee550af0f38c0531b25bb726d1710c,symbol,M12,compile_original,stage routing,MR09,Carrier-removal rejection,reject,True,False,rejected:absent:watermark symbols not found,0.091612,,True,"{""antecedent_guarded"":true}"
pilot_mutation,H01-gcd.c,bf207a4afdd7e623be4bd0751bdc1917c0ee550af0f38c0531b25bb726d1710c,symbol,M12,compile_original,stage routing,MR10,Carrier-corruption rejection,reject,True,False,rejected:malformed:inconsistent watermark symbol set,0.079351,,True,"{""antecedent_guarded"":true}"
pilot_mutation,H01-gcd.c,bf207a4afdd7e623be4bd0751bdc1917c0ee550af0f38c0531b25bb726d1710c,symbol,M12,compile_original,stage routing,MR11,Requested/actual trace agreement,trace,True,False,requested=clang/Os;actual=clang/Os,0.085063,,True,"{""build"":{""actual_compiler"":""clang"",""actual_optimization"":""Os"",""binary"":""WORKDIR/symbol/M12/MR11/trace/build-01/artifact.bin"",""binary_sha256"":""8979583311288d6755db67bfb67a745238b66729f18570b075945ee29c1a551b"",""carrier"":""symbol"",""command"":[""clang"",""-std=c11"",""-fno-ident"",""-no-pie"",""-Os"",""WORKDIR/symbol/M12/MR11/trace/build-01/host.c"",""-o"",""WORKDIR/symbol/M12/MR11/trace/build-01/artifact.bin""],""effective_payload_hex"":""4d6f7270682d3031"",""key"":""key-alpha"",""mutant_id"":""M12"",""requested_compiler"":""clang"",""requested_optimization"":""Os"",""requested_payload_hex"":""4d6f7270682d3031"",""return_code"":0,""source"":""WORKDIR/symbol/M12/MR11/trace/build-01/host.c"",""source_sha256"":""bf207a4afdd7e623be4bd0751bdc1917c0ee550af0f38c0531b25bb726d1710c"",""stderr"":""""}}"
pilot_mutation,H01-gcd.c,bf207a4afdd7e623be4bd0751bdc1917c0ee550af0f38c0531b25bb726d1710c,symbol,M12,compile_original,stage routing,MR12,Interleaved artifact isolation,separate,False,True,exception:ExtractionError:watermark symbols not found,0.071862,ExtractionError,True,{}
pilot_mutation,H01-gcd.c,bf207a4afdd7e623be4bd0751bdc1917c0ee550af0f38c0531b25bb726d1710c,symbol,M12,compile_original,stage routing,MR13,Reordered extraction independence,preserve,False,True,exception:ExtractionError:watermark symbols not found,0.07385,ExtractionError,True,{}
pilot_mutation,H01-gcd.c,bf207a4afdd7e623be4bd0751bdc1917c0ee550af0f38c0531b25bb726d1710c,symbol,M12,compile_original,stage routing,MR14,Rebuild stability,preserve,False,True,exception:ExtractionError:watermark symbols not found,0.051777,ExtractionError,True,{}
pilot_mutation,H01-gcd.c,bf207a4afdd7e623be4bd0751bdc1917c0ee550af0f38c0531b25bb726d1710c,symbol,M13,force_gcc,configuration,MR01,Round-trip fidelity,preserve,True,False,extracted=b'Morph-01',0.042613,,True,"{""build"":{""actual_compiler"":""gcc"",""actual_optimization"":""O2"",""binary"":""WORKDIR/symbol/M13/MR01/marked/build-01/artifact.bin"",""binary_sha256"":""7b713450f899744a0e9c1995e1ea83c762e52b3b03c45f82418d86193b6be1a1"",""carrier"":""symbol"",""command"":[""gcc"",""-std=c11"",""-fno-ident"",""-no-pie"",""-O2"",""WORKDIR/symbol/M13/MR01/marked/build-01/host.c"",""-o"",""WORKDIR/symbol/M13/MR01/marked/build-01/artifact.bin""],""effective_payload_hex"":""4d6f7270682d3031"",""key"":""key-alpha"",""mutant_id"":""M13"",""requested_compiler"":""gcc"",""requested_optimization"":""O2"",""requested_payload_hex"":""4d6f7270682d3031"",""return_code"":0,""source"":""WORKDIR/symbol/M13/MR01/marked/build-01/host.c"",""source_sha256"":""45e69a3841e4e8368c9380bdbc2f287b38fe1665811764759930b7957a59ce6a"",""stderr"":""""},""extracted_hex"":""4d6f7270682d3031""}"
pilot_mutation,H01-gcd.c,bf207a4afdd7e623be4bd0751bdc1917c0ee550af0f38c0531b25bb726d1710c,symbol,M13,force_gcc,configuration,MR02,Host-semantic preservation,preserve,True,False,mismatch_count=0,0.183668,,True,"{""mismatches"":[]}"
pilot_mutation,H01-gcd.c,bf207a4afdd7e623be4bd0751bdc1917c0ee550af0f38c0531b25bb726d1710c,symbol,M13,force_gcc,configuration,MR03,Unmarked rejection,reject,True,False,rejected:absent:watermark symbols not found,0.069083,,True,"{""unmarked_binary_sha256"":""17288de5d8ffc83b2223ee650ec19f96fa9b779f3eb45b8e2433c730b7a1e3e2""}"
pilot_mutation,H01-gcd.c,bf207a4afdd7e623be4bd0751bdc1917c0ee550af0f38c0531b25bb726d1710c,symbol,M13,force_gcc,configuration,MR04,Wrong-key rejection,reject,True,False,rejected:wrong-key:symbol key tag mismatch,0.067745,,True,"{""antecedent_guarded"":true,""antecedent_hex"":""4d6f7270682d3031""}"
pilot_mutation,H01-gcd.c,bf207a4afdd7e623be4bd0751bdc1917c0ee550af0f38c0531b25bb726d1710c,symbol,M13,force_gcc,configuration,MR05,Payload separation,separate,True,False,first=b'Morph-01';second=b'Second-2',0.13592,,True,"{""execution_order"":""sequential-builds-then-extract"",""first_hex"":""4d6f7270682d3031"",""second_hex"":""5365636f6e642d32""}"
pilot_mutation,H01-gcd.c,bf207a4afdd7e623be4bd0751bdc1917c0ee550af0f38c0531b25bb726d1710c,symbol,M13,force_gcc,configuration,MR06,Cross-compiler invariance,preserve,True,False,"payloads=b'Morph-01',b'Morph-01';semantic_equal=True",0.176749,,True,"{""clang_actual"":""gcc"",""gcc_actual"":""gcc""}"
pilot_mutation,H01-gcd.c,bf207a4afdd7e623be4bd0751bdc1917c0ee550af0f38c0531b25bb726d1710c,symbol,M13,force_gcc,configuration,MR07,Optimization invariance,preserve,True,False,"payloads=['Morph-01', 'Morph-01', 'Morph-01'];semantic_equal=True",0.202886,,True,{}
pilot_mutation,H01-gcd.c,bf207a4afdd7e623be4bd0751bdc1917c0ee550af0f38c0531b25bb726d1710c,symbol,M13,force_gcc,configuration,MR08,Clean-room relocation,preserve,True,False,relocated=b'Morph-01',0.100349,,True,"{""clean_room_entries"":[""renamed-artifact.bin""],""relocated_hex"":""4d6f7270682d3031""}"
pilot_mutation,H01-gcd.c,bf207a4afdd7e623be4bd0751bdc1917c0ee550af0f38c0531b25bb726d1710c,symbol,M13,force_gcc,configuration,MR09,Carrier-removal rejection,reject,True,False,rejected:absent:watermark symbols not found,0.059242,,True,"{""antecedent_guarded"":true}"
pilot_mutation,H01-gcd.c,bf207a4afdd7e623be4bd0751bdc1917c0ee550af0f38c0531b25bb726d1710c,symbol,M13,force_gcc,configuration,MR10,Carrier-corruption rejection,reject,True,False,rejected:malformed:inconsistent watermark symbol set,0.066512,,True,"{""antecedent_guarded"":true}"
pilot_mutation,H01-gcd.c,bf207a4afdd7e623be4bd0751bdc1917c0ee550af0f38c0531b25bb726d1710c,symbol,M13,force_gcc,configuration,MR11,Requested/actual trace agreement,trace,False,True,requested=clang/Os;actual=gcc/Os,0.065684,,True,"{""build"":{""actual_compiler"":""gcc"",""actual_optimization"":""Os"",""binary"":""WORKDIR/symbol/M13/MR11/trace/build-01/artifact.bin"",""binary_sha256"":""c7b34d5c1936dce30fcc0e6c2322edf06717a743513260b74cffe28a3c2e70cd"",""carrier"":""symbol"",""command"":[""gcc"",""-std=c11"",""-fno-ident"",""-no-pie"",""-Os"",""WORKDIR/symbol/M13/MR11/trace/build-01/host.c"",""-o"",""WORKDIR/symbol/M13/MR11/trace/build-01/artifact.bin""],""effective_payload_hex"":""4d6f7270682d3031"",""key"":""key-alpha"",""mutant_id"":""M13"",""requested_compiler"":""clang"",""requested_optimization"":""Os"",""requested_payload_hex"":""4d6f7270682d3031"",""return_code"":0,""source"":""WORKDIR/symbol/M13/MR11/trace/build-01/host.c"",""source_sha256"":""45e69a3841e4e8368c9380bdbc2f287b38fe1665811764759930b7957a59ce6a"",""stderr"":""""}}"
pilot_mutation,H01-gcd.c,bf207a4afdd7e623be4bd0751bdc1917c0ee550af0f38c0531b25bb726d1710c,symbol,M13,force_gcc,configuration,MR12,Interleaved artifact isolation,separate,True,False,parallel_isolation_satisfied,0.05021,,True,"{""aliasing_detected"":false,""both_expected"":true,""execution_order"":""overlapping-builds-then-extract"",""payloads_distinct"":true}"
pilot_mutation,H01-gcd.c,bf207a4afdd7e623be4bd0751bdc1917c0ee550af0f38c0531b25bb726d1710c,symbol,M13,force_gcc,configuration,MR13,Reordered extraction independence,preserve,True,False,before=b'Morph-01';intervening=b'Second-2';after=b'Morph-01',0.111327,,True,"{""intervening_extraction"":true}"
pilot_mutation,H01-gcd.c,bf207a4afdd7e623be4bd0751bdc1917c0ee550af0f38c0531b25bb726d1710c,symbol,M13,force_gcc,configuration,MR14,Rebuild stability,preserve,True,False,first=b'Morph-01';second=b'Morph-01',0.13845,,True,"{""binary_bytes_equal"":true,""execution_order"":""build1-extract1-build2-extract2""}"
pilot_mutation,H01-gcd.c,bf207a4afdd7e623be4bd0751bdc1917c0ee550af0f38c0531b25bb726d1710c,symbol,M14,force_O0,configuration,MR01,Round-trip fidelity,preserve,True,False,extracted=b'Morph-01',0.058225,,True,"{""build"":{""actual_compiler"":""gcc"",""actual_optimization"":""O0"",""binary"":""WORKDIR/symbol/M14/MR01/marked/build-01/artifact.bin"",""binary_sha256"":""b4e3a535dfea73de3b6e5043369185b32b13dee72254c9d3a64841e237d9e234"",""carrier"":""symbol"",""command"":[""gcc"",""-std=c11"",""-fno-ident"",""-no-pie"",""-O0"",""WORKDIR/symbol/M14/MR01/marked/build-01/host.c"",""-o"",""WORKDIR/symbol/M14/MR01/marked/build-01/artifact.bin""],""effective_payload_hex"":""4d6f7270682d3031"",""key"":""key-alpha"",""mutant_id"":""M14"",""requested_compiler"":""gcc"",""requested_optimization"":""O2"",""requested_payload_hex"":""4d6f7270682d3031"",""return_code"":0,""source"":""WORKDIR/symbol/M14/MR01/marked/build-01/host.c"",""source_sha256"":""45e69a3841e4e8368c9380bdbc2f287b38fe1665811764759930b7957a59ce6a"",""stderr"":""""},""extracted_hex"":""4d6f7270682d3031""}"
pilot_mutation,H01-gcd.c,bf207a4afdd7e623be4bd0751bdc1917c0ee550af0f38c0531b25bb726d1710c,symbol,M14,force_O0,configuration,MR02,Host-semantic preservation,preserve,True,False,mismatch_count=0,0.148112,,True,"{""mismatches"":[]}"
pilot_mutation,H01-gcd.c,bf207a4afdd7e623be4bd0751bdc1917c0ee550af0f38c0531b25bb726d1710c,symbol,M14,force_O0,configuration,MR03,Unmarked rejection,reject,True,False,rejected:absent:watermark symbols not found,0.072882,,True,"{""unmarked_binary_sha256"":""9b4d3b3c14fed8daa1b0d67cbd603737a48b61b6fcbe1d6f6b318081d458be0b""}"
pilot_mutation,H01-gcd.c,bf207a4afdd7e623be4bd0751bdc1917c0ee550af0f38c0531b25bb726d1710c,symbol,M14,force_O0,configuration,MR04,Wrong-key rejection,reject,True,False,rejected:wrong-key:symbol key tag mismatch,0.047992,,True,"{""antecedent_guarded"":true,""antecedent_hex"":""4d6f7270682d3031""}"
pilot_mutation,H01-gcd.c,bf207a4afdd7e623be4bd0751bdc1917c0ee550af0f38c0531b25bb726d1710c,symbol,M14,force_O0,configuration,MR05,Payload separation,separate,True,False,first=b'Morph-01';second=b'Second-2',0.112934,,True,"{""execution_order"":""sequential-builds-then-extract"",""first_hex"":""4d6f7270682d3031"",""second_hex"":""5365636f6e642d32""}"
pilot_mutation,H01-gcd.c,bf207a4afdd7e623be4bd0751bdc1917c0ee550af0f38c0531b25bb726d1710c,symbol,M14,force_O0,configuration,MR06,Cross-compiler invariance,preserve,True,False,"payloads=b'Morph-01',b'Morph-01';semantic_equal=True",0.170425,,True,"{""clang_actual"":""clang"",""gcc_actual"":""gcc""}"
pilot_mutation,H01-gcd.c,bf207a4afdd7e623be4bd0751bdc1917c0ee550af0f38c0531b25bb726d1710c,symbol,M14,force_O0,configuration,MR07,Optimization invariance,preserve,True,False,"payloads=['Morph-01', 'Morph-01', 'Morph-01'];semantic_equal=True",0.208984,,True,{}
pilot_mutation,H01-gcd.c,bf207a4afdd7e623be4bd0751bdc1917c0ee550af0f38c0531b25bb726d1710c,symbol,M14,force_O0,configuration,MR08,Clean-room relocation,preserve,True,False,relocated=b'Morph-01',0.05724,,True,"{""clean_room_entries"":[""renamed-artifact.bin""],""relocated_hex"":""4d6f7270682d3031""}"
pilot_mutation,H01-gcd.c,bf207a4afdd7e623be4bd0751bdc1917c0ee550af0f38c0531b25bb726d1710c,symbol,M14,force_O0,configuration,MR09,Carrier-removal rejection,reject,True,False,rejected:absent:watermark symbols not found,0.076224,,True,"{""antecedent_guarded"":true}"
pilot_mutation,H01-gcd.c,bf207a4afdd7e623be4bd0751bdc1917c0ee550af0f38c0531b25bb726d1710c,symbol,M14,force_O0,configuration,MR10,Carrier-corruption rejection,reject,True,False,rejected:malformed:inconsistent watermark symbol set,0.124537,,True,"{""antecedent_guarded"":true}"
pilot_mutation,H01-gcd.c,bf207a4afdd7e623be4bd0751bdc1917c0ee550af0f38c0531b25bb726d1710c,symbol,M14,force_O0,configuration,MR11,Requested/actual trace agreement,trace,False,True,requested=clang/Os;actual=clang/O0,0.050641,,True,"{""build"":{""actual_compiler"":""clang"",""actual_optimization"":""O0"",""binary"":""WORKDIR/symbol/M14/MR11/trace/build-01/artifact.bin"",""binary_sha256"":""ef6f645de816c60a8d3d28bef9858947a8df486502ef8c29dccc883581f2441f"",""carrier"":""symbol"",""command"":[""clang"",""-std=c11"",""-fno-ident"",""-no-pie"",""-O0"",""WORKDIR/symbol/M14/MR11/trace/build-01/host.c"",""-o"",""WORKDIR/symbol/M14/MR11/trace/build-01/artifact.bin""],""effective_payload_hex"":""4d6f7270682d3031"",""key"":""key-alpha"",""mutant_id"":""M14"",""requested_compiler"":""clang"",""requested_optimization"":""Os"",""requested_payload_hex"":""4d6f7270682d3031"",""return_code"":0,""source"":""WORKDIR/symbol/M14/MR11/trace/build-01/host.c"",""source_sha256"":""45e69a3841e4e8368c9380bdbc2f287b38fe1665811764759930b7957a59ce6a"",""stderr"":""""}}"
pilot_mutation,H01-gcd.c,bf207a4afdd7e623be4bd0751bdc1917c0ee550af0f38c0531b25bb726d1710c,symbol,M14,force_O0,configuration,MR12,Interleaved artifact isolation,separate,True,False,parallel_isolation_satisfied,0.088665,,True,"{""aliasing_detected"":false,""both_expected"":true,""execution_order"":""overlapping-builds-then-extract"",""payloads_distinct"":true}"
pilot_mutation,H01-gcd.c,bf207a4afdd7e623be4bd0751bdc1917c0ee550af0f38c0531b25bb726d1710c,symbol,M14,force_O0,configuration,MR13,Reordered extraction independence,preserve,True,False,before=b'Morph-01';intervening=b'Second-2';after=b'Morph-01',0.11589,,True,"{""intervening_extraction"":true}"
pilot_mutation,H01-gcd.c,bf207a4afdd7e623be4bd0751bdc1917c0ee550af0f38c0531b25bb726d1710c,symbol,M14,force_O0,configuration,MR14,Rebuild stability,preserve,True,False,first=b'Morph-01';second=b'Morph-01',0.113861,,True,"{""binary_bytes_equal"":true,""execution_order"":""build1-extract1-build2-extract2""}"
pilot_mutation,H01-gcd.c,bf207a4afdd7e623be4bd0751bdc1917c0ee550af0f38c0531b25bb726d1710c,symbol,M15,transform_noop,transformation,MR01,Round-trip fidelity,preserve,True,False,extracted=b'Morph-01',0.062761,,True,"{""build"":{""actual_compiler"":""gcc"",""actual_optimization"":""O2"",""binary"":""WORKDIR/symbol/M15/MR01/marked/build-01/artifact.bin"",""binary_sha256"":""7b713450f899744a0e9c1995e1ea83c762e52b3b03c45f82418d86193b6be1a1"",""carrier"":""symbol"",""command"":[""gcc"",""-std=c11"",""-fno-ident"",""-no-pie"",""-O2"",""WORKDIR/symbol/M15/MR01/marked/build-01/host.c"",""-o"",""WORKDIR/symbol/M15/MR01/marked/build-01/artifact.bin""],""effective_payload_hex"":""4d6f7270682d3031"",""key"":""key-alpha"",""mutant_id"":""M15"",""requested_compiler"":""gcc"",""requested_optimization"":""O2"",""requested_payload_hex"":""4d6f7270682d3031"",""return_code"":0,""source"":""WORKDIR/symbol/M15/MR01/marked/build-01/host.c"",""source_sha256"":""45e69a3841e4e8368c9380bdbc2f287b38fe1665811764759930b7957a59ce6a"",""stderr"":""""},""extracted_hex"":""4d6f7270682d3031""}"
pilot_mutation,H01-gcd.c,bf207a4afdd7e623be4bd0751bdc1917c0ee550af0f38c0531b25bb726d1710c,symbol,M15,transform_noop,transformation,MR02,Host-semantic preservation,preserve,True,False,mismatch_count=0,0.157754,,True,"{""mismatches"":[]}"
pilot_mutation,H01-gcd.c,bf207a4afdd7e623be4bd0751bdc1917c0ee550af0f38c0531b25bb726d1710c,symbol,M15,transform_noop,transformation,MR03,Unmarked rejection,reject,True,False,rejected:absent:watermark symbols not found,0.045334,,True,"{""unmarked_binary_sha256"":""17288de5d8ffc83b2223ee650ec19f96fa9b779f3eb45b8e2433c730b7a1e3e2""}"
pilot_mutation,H01-gcd.c,bf207a4afdd7e623be4bd0751bdc1917c0ee550af0f38c0531b25bb726d1710c,symbol,M15,transform_noop,transformation,MR04,Wrong-key rejection,reject,True,False,rejected:wrong-key:symbol key tag mismatch,0.057543,,True,"{""antecedent_guarded"":true,""antecedent_hex"":""4d6f7270682d3031""}"
pilot_mutation,H01-gcd.c,bf207a4afdd7e623be4bd0751bdc1917c0ee550af0f38c0531b25bb726d1710c,symbol,M15,transform_noop,transformation,MR05,Payload separation,separate,True,False,first=b'Morph-01';second=b'Second-2',0.125021,,True,"{""execution_order"":""sequential-builds-then-extract"",""first_hex"":""4d6f7270682d3031"",""second_hex"":""5365636f6e642d32""}"
pilot_mutation,H01-gcd.c,bf207a4afdd7e623be4bd0751bdc1917c0ee550af0f38c0531b25bb726d1710c,symbol,M15,transform_noop,transformation,MR06,Cross-compiler invariance,preserve,True,False,"payloads=b'Morph-01',b'Morph-01';semantic_equal=True",0.139472,,True,"{""clang_actual"":""clang"",""gcc_actual"":""gcc""}"
pilot_mutation,H01-gcd.c,bf207a4afdd7e623be4bd0751bdc1917c0ee550af0f38c0531b25bb726d1710c,symbol,M15,transform_noop,transformation,MR07,Optimization invariance,preserve,True,False,"payloads=['Morph-01', 'Morph-01', 'Morph-01'];semantic_equal=True",0.223316,,True,{}
pilot_mutation,H01-gcd.c,bf207a4afdd7e623be4bd0751bdc1917c0ee550af0f38c0531b25bb726d1710c,symbol,M15,transform_noop,transformation,MR08,Clean-room relocation,preserve,True,False,relocated=b'Morph-01',0.072905,,True,"{""clean_room_entries"":[""renamed-artifact.bin""],""relocated_hex"":""4d6f7270682d3031""}"
pilot_mutation,H01-gcd.c,bf207a4afdd7e623be4bd0751bdc1917c0ee550af0f38c0531b25bb726d1710c,symbol,M15,transform_noop,transformation,MR09,Carrier-removal rejection,reject,False,True,spurious robustness:accepted:b'Morph-01',0.0849,,True,"{""antecedent_guarded"":true}"
pilot_mutation,H01-gcd.c,bf207a4afdd7e623be4bd0751bdc1917c0ee550af0f38c0531b25bb726d1710c,symbol,M15,transform_noop,transformation,MR10,Carrier-corruption rejection,reject,True,False,rejected:malformed:inconsistent watermark symbol set,0.08158,,True,"{""antecedent_guarded"":true}"
pilot_mutation,H01-gcd.c,bf207a4afdd7e623be4bd0751bdc1917c0ee550af0f38c0531b25bb726d1710c,symbol,M15,transform_noop,transformation,MR11,Requested/actual trace agreement,trace,True,False,requested=clang/Os;actual=clang/Os,0.069657,,True,"{""build"":{""actual_compiler"":""clang"",""actual_optimization"":""Os"",""binary"":""WORKDIR/symbol/M15/MR11/trace/build-01/artifact.bin"",""binary_sha256"":""25e0d918cd8ff7cc194ede1eb56d7dc89089e033832c65ca5cceab6c9faa446b"",""carrier"":""symbol"",""command"":[""clang"",""-std=c11"",""-fno-ident"",""-no-pie"",""-Os"",""WORKDIR/symbol/M15/MR11/trace/build-01/host.c"",""-o"",""WORKDIR/symbol/M15/MR11/trace/build-01/artifact.bin""],""effective_payload_hex"":""4d6f7270682d3031"",""key"":""key-alpha"",""mutant_id"":""M15"",""requested_compiler"":""clang"",""requested_optimization"":""Os"",""requested_payload_hex"":""4d6f7270682d3031"",""return_code"":0,""source"":""WORKDIR/symbol/M15/MR11/trace/build-01/host.c"",""source_sha256"":""45e69a3841e4e8368c9380bdbc2f287b38fe1665811764759930b7957a59ce6a"",""stderr"":""""}}"
pilot_mutation,H01-gcd.c,bf207a4afdd7e623be4bd0751bdc1917c0ee550af0f38c0531b25bb726d1710c,symbol,M15,transform_noop,transformation,MR12,Interleaved artifact isolation,separate,True,False,parallel_isolation_satisfied,0.087426,,True,"{""aliasing_detected"":false,""both_expected"":true,""execution_order"":""overlapping-builds-then-extract"",""payloads_distinct"":true}"
pilot_mutation,H01-gcd.c,bf207a4afdd7e623be4bd0751bdc1917c0ee550af0f38c0531b25bb726d1710c,symbol,M15,transform_noop,transformation,MR13,Reordered extraction independence,preserve,True,False,before=b'Morph-01';intervening=b'Second-2';after=b'Morph-01',0.113855,,True,"{""intervening_extraction"":true}"
pilot_mutation,H01-gcd.c,bf207a4afdd7e623be4bd0751bdc1917c0ee550af0f38c0531b25bb726d1710c,symbol,M15,transform_noop,transformation,MR14,Rebuild stability,preserve,True,False,first=b'Morph-01';second=b'Morph-01',0.165853,,True,"{""binary_bytes_equal"":true,""execution_order"":""build1-extract1-build2-extract2""}"
pilot_mutation,H01-gcd.c,bf207a4afdd7e623be4bd0751bdc1917c0ee550af0f38c0531b25bb726d1710c,symbol,M16,checksum_bypass,integrity,MR01,Round-trip fidelity,preserve,True,False,extracted=b'Morph-01',0.068811,,True,"{""build"":{""actual_compiler"":""gcc"",""actual_optimization"":""O2"",""binary"":""WORKDIR/symbol/M16/MR01/marked/build-01/artifact.bin"",""binary_sha256"":""7b713450f899744a0e9c1995e1ea83c762e52b3b03c45f82418d86193b6be1a1"",""carrier"":""symbol"",""command"":[""gcc"",""-std=c11"",""-fno-ident"",""-no-pie"",""-O2"",""WORKDIR/symbol/M16/MR01/marked/build-01/host.c"",""-o"",""WORKDIR/symbol/M16/MR01/marked/build-01/artifact.bin""],""effective_payload_hex"":""4d6f7270682d3031"",""key"":""key-alpha"",""mutant_id"":""M16"",""requested_compiler"":""gcc"",""requested_optimization"":""O2"",""requested_payload_hex"":""4d6f7270682d3031"",""return_code"":0,""source"":""WORKDIR/symbol/M16/MR01/marked/build-01/host.c"",""source_sha256"":""45e69a3841e4e8368c9380bdbc2f287b38fe1665811764759930b7957a59ce6a"",""stderr"":""""},""extracted_hex"":""4d6f7270682d3031""}"
pilot_mutation,H01-gcd.c,bf207a4afdd7e623be4bd0751bdc1917c0ee550af0f38c0531b25bb726d1710c,symbol,M16,checksum_bypass,integrity,MR02,Host-semantic preservation,preserve,True,False,mismatch_count=0,0.170786,,True,"{""mismatches"":[]}"
pilot_mutation,H01-gcd.c,bf207a4afdd7e623be4bd0751bdc1917c0ee550af0f38c0531b25bb726d1710c,symbol,M16,checksum_bypass,integrity,MR03,Unmarked rejection,reject,True,False,rejected:absent:watermark symbols not found,0.073446,,True,"{""unmarked_binary_sha256"":""17288de5d8ffc83b2223ee650ec19f96fa9b779f3eb45b8e2433c730b7a1e3e2""}"
pilot_mutation,H01-gcd.c,bf207a4afdd7e623be4bd0751bdc1917c0ee550af0f38c0531b25bb726d1710c,symbol,M16,checksum_bypass,integrity,MR04,Wrong-key rejection,reject,True,False,rejected:wrong-key:symbol key tag mismatch,0.086081,,True,"{""antecedent_guarded"":true,""antecedent_hex"":""4d6f7270682d3031""}"
pilot_mutation,H01-gcd.c,bf207a4afdd7e623be4bd0751bdc1917c0ee550af0f38c0531b25bb726d1710c,symbol,M16,checksum_bypass,integrity,MR05,Payload separation,separate,True,False,first=b'Morph-01';second=b'Second-2',0.111076,,True,"{""execution_order"":""sequential-builds-then-extract"",""first_hex"":""4d6f7270682d3031"",""second_hex"":""5365636f6e642d32""}"
pilot_mutation,H01-gcd.c,bf207a4afdd7e623be4bd0751bdc1917c0ee550af0f38c0531b25bb726d1710c,symbol,M16,checksum_bypass,integrity,MR06,Cross-compiler invariance,preserve,True,False,"payloads=b'Morph-01',b'Morph-01';semantic_equal=True",0.200206,,True,"{""clang_actual"":""clang"",""gcc_actual"":""gcc""}"
pilot_mutation,H01-gcd.c,bf207a4afdd7e623be4bd0751bdc1917c0ee550af0f38c0531b25bb726d1710c,symbol,M16,checksum_bypass,integrity,MR07,Optimization invariance,preserve,True,False,"payloads=['Morph-01', 'Morph-01', 'Morph-01'];semantic_equal=True",0.204503,,True,{}
pilot_mutation,H01-gcd.c,bf207a4afdd7e623be4bd0751bdc1917c0ee550af0f38c0531b25bb726d1710c,symbol,M16,checksum_bypass,integrity,MR08,Clean-room relocation,preserve,True,False,relocated=b'Morph-01',0.07357,,True,"{""clean_room_entries"":[""renamed-artifact.bin""],""relocated_hex"":""4d6f7270682d3031""}"
pilot_mutation,H01-gcd.c,bf207a4afdd7e623be4bd0751bdc1917c0ee550af0f38c0531b25bb726d1710c,symbol,M16,checksum_bypass,integrity,MR09,Carrier-removal rejection,reject,True,False,rejected:absent:watermark symbols not found,0.065365,,True,"{""antecedent_guarded"":true}"
pilot_mutation,H01-gcd.c,bf207a4afdd7e623be4bd0751bdc1917c0ee550af0f38c0531b25bb726d1710c,symbol,M16,checksum_bypass,integrity,MR10,Carrier-corruption rejection,reject,True,False,rejected:malformed:inconsistent watermark symbol set,0.090268,,True,"{""antecedent_guarded"":true}"
pilot_mutation,H01-gcd.c,bf207a4afdd7e623be4bd0751bdc1917c0ee550af0f38c0531b25bb726d1710c,symbol,M16,checksum_bypass,integrity,MR11,Requested/actual trace agreement,trace,True,False,requested=clang/Os;actual=clang/Os,0.056663,,True,"{""build"":{""actual_compiler"":""clang"",""actual_optimization"":""Os"",""binary"":""WORKDIR/symbol/M16/MR11/trace/build-01/artifact.bin"",""binary_sha256"":""25e0d918cd8ff7cc194ede1eb56d7dc89089e033832c65ca5cceab6c9faa446b"",""carrier"":""symbol"",""command"":[""clang"",""-std=c11"",""-fno-ident"",""-no-pie"",""-Os"",""WORKDIR/symbol/M16/MR11/trace/build-01/host.c"",""-o"",""WORKDIR/symbol/M16/MR11/trace/build-01/artifact.bin""],""effective_payload_hex"":""4d6f7270682d3031"",""key"":""key-alpha"",""mutant_id"":""M16"",""requested_compiler"":""clang"",""requested_optimization"":""Os"",""requested_payload_hex"":""4d6f7270682d3031"",""return_code"":0,""source"":""WORKDIR/symbol/M16/MR11/trace/build-01/host.c"",""source_sha256"":""45e69a3841e4e8368c9380bdbc2f287b38fe1665811764759930b7957a59ce6a"",""stderr"":""""}}"
pilot_mutation,H01-gcd.c,bf207a4afdd7e623be4bd0751bdc1917c0ee550af0f38c0531b25bb726d1710c,symbol,M16,checksum_bypass,integrity,MR12,Interleaved artifact isolation,separate,True,False,parallel_isolation_satisfied,0.046902,,True,"{""aliasing_detected"":false,""both_expected"":true,""execution_order"":""overlapping-builds-then-extract"",""payloads_distinct"":true}"
pilot_mutation,H01-gcd.c,bf207a4afdd7e623be4bd0751bdc1917c0ee550af0f38c0531b25bb726d1710c,symbol,M16,checksum_bypass,integrity,MR13,Reordered extraction independence,preserve,True,False,before=b'Morph-01';intervening=b'Second-2';after=b'Morph-01',0.119601,,True,"{""intervening_extraction"":true}"
pilot_mutation,H01-gcd.c,bf207a4afdd7e623be4bd0751bdc1917c0ee550af0f38c0531b25bb726d1710c,symbol,M16,checksum_bypass,integrity,MR14,Rebuild stability,preserve,True,False,first=b'Morph-01';second=b'Morph-01',0.157052,,True,"{""binary_bytes_equal"":true,""execution_order"":""build1-extract1-build2-extract2""}"
pilot_mutation,H01-gcd.c,bf207a4afdd7e623be4bd0751bdc1917c0ee550af0f38c0531b25bb726d1710c,symbol,M17,filename_bound,artifact binding,MR01,Round-trip fidelity,preserve,True,False,extracted=b'Morph-01',0.051307,,True,"{""build"":{""actual_compiler"":""gcc"",""actual_optimization"":""O2"",""binary"":""WORKDIR/symbol/M17/MR01/marked/build-01/artifact.bin"",""binary_sha256"":""7b713450f899744a0e9c1995e1ea83c762e52b3b03c45f82418d86193b6be1a1"",""carrier"":""symbol"",""command"":[""gcc"",""-std=c11"",""-fno-ident"",""-no-pie"",""-O2"",""WORKDIR/symbol/M17/MR01/marked/build-01/host.c"",""-o"",""WORKDIR/symbol/M17/MR01/marked/build-01/artifact.bin""],""effective_payload_hex"":""4d6f7270682d3031"",""key"":""key-alpha"",""mutant_id"":""M17"",""requested_compiler"":""gcc"",""requested_optimization"":""O2"",""requested_payload_hex"":""4d6f7270682d3031"",""return_code"":0,""source"":""WORKDIR/symbol/M17/MR01/marked/build-01/host.c"",""source_sha256"":""45e69a3841e4e8368c9380bdbc2f287b38fe1665811764759930b7957a59ce6a"",""stderr"":""""},""extracted_hex"":""4d6f7270682d3031""}"
pilot_mutation,H01-gcd.c,bf207a4afdd7e623be4bd0751bdc1917c0ee550af0f38c0531b25bb726d1710c,symbol,M17,filename_bound,artifact binding,MR02,Host-semantic preservation,preserve,True,False,mismatch_count=0,0.104631,,True,"{""mismatches"":[]}"
pilot_mutation,H01-gcd.c,bf207a4afdd7e623be4bd0751bdc1917c0ee550af0f38c0531b25bb726d1710c,symbol,M17,filename_bound,artifact binding,MR03,Unmarked rejection,reject,True,False,rejected:absent:watermark symbols not found,0.059984,,True,"{""unmarked_binary_sha256"":""17288de5d8ffc83b2223ee650ec19f96fa9b779f3eb45b8e2433c730b7a1e3e2""}"
pilot_mutation,H01-gcd.c,bf207a4afdd7e623be4bd0751bdc1917c0ee550af0f38c0531b25bb726d1710c,symbol,M17,filename_bound,artifact binding,MR04,Wrong-key rejection,reject,True,False,rejected:wrong-key:symbol key tag mismatch,0.06626,,True,"{""antecedent_guarded"":true,""antecedent_hex"":""4d6f7270682d3031""}"
pilot_mutation,H01-gcd.c,bf207a4afdd7e623be4bd0751bdc1917c0ee550af0f38c0531b25bb726d1710c,symbol,M17,filename_bound,artifact binding,MR05,Payload separation,separate,True,False,first=b'Morph-01';second=b'Second-2',0.175359,,True,"{""execution_order"":""sequential-builds-then-extract"",""first_hex"":""4d6f7270682d3031"",""second_hex"":""5365636f6e642d32""}"
pilot_mutation,H01-gcd.c,bf207a4afdd7e623be4bd0751bdc1917c0ee550af0f38c0531b25bb726d1710c,symbol,M17,filename_bound,artifact binding,MR06,Cross-compiler invariance,preserve,True,False,"payloads=b'Morph-01',b'Morph-01';semantic_equal=True",0.153937,,True,"{""clang_actual"":""clang"",""gcc_actual"":""gcc""}"
pilot_mutation,H01-gcd.c,bf207a4afdd7e623be4bd0751bdc1917c0ee550af0f38c0531b25bb726d1710c,symbol,M17,filename_bound,artifact binding,MR07,Optimization invariance,preserve,True,False,"payloads=['Morph-01', 'Morph-01', 'Morph-01'];semantic_equal=True",0.230001,,True,{}
pilot_mutation,H01-gcd.c,bf207a4afdd7e623be4bd0751bdc1917c0ee550af0f38c0531b25bb726d1710c,symbol,M17,filename_bound,artifact binding,MR08,Clean-room relocation,preserve,False,True,exception:ExtractionError:artifact path is not an original build path,0.052502,ExtractionError,True,{}
pilot_mutation,H01-gcd.c,bf207a4afdd7e623be4bd0751bdc1917c0ee550af0f38c0531b25bb726d1710c,symbol,M17,filename_bound,artifact binding,MR09,Carrier-removal rejection,reject,True,False,rejected:path:artifact path is not an original build path,0.051642,,True,"{""antecedent_guarded"":true}"
pilot_mutation,H01-gcd.c,bf207a4afdd7e623be4bd0751bdc1917c0ee550af0f38c0531b25bb726d1710c,symbol,M17,filename_bound,artifact binding,MR10,Carrier-corruption rejection,reject,True,False,rejected:path:artifact path is not an original build path,0.086294,,True,"{""antecedent_guarded"":true}"
pilot_mutation,H01-gcd.c,bf207a4afdd7e623be4bd0751bdc1917c0ee550af0f38c0531b25bb726d1710c,symbol,M17,filename_bound,artifact binding,MR11,Requested/actual trace agreement,trace,True,False,requested=clang/Os;actual=clang/Os,0.067064,,True,"{""build"":{""actual_compiler"":""clang"",""actual_optimization"":""Os"",""binary"":""WORKDIR/symbol/M17/MR11/trace/build-01/artifact.bin"",""binary_sha256"":""25e0d918cd8ff7cc194ede1eb56d7dc89089e033832c65ca5cceab6c9faa446b"",""carrier"":""symbol"",""command"":[""clang"",""-std=c11"",""-fno-ident"",""-no-pie"",""-Os"",""WORKDIR/symbol/M17/MR11/trace/build-01/host.c"",""-o"",""WORKDIR/symbol/M17/MR11/trace/build-01/artifact.bin""],""effective_payload_hex"":""4d6f7270682d3031"",""key"":""key-alpha"",""mutant_id"":""M17"",""requested_compiler"":""clang"",""requested_optimization"":""Os"",""requested_payload_hex"":""4d6f7270682d3031"",""return_code"":0,""source"":""WORKDIR/symbol/M17/MR11/trace/build-01/host.c"",""source_sha256"":""45e69a3841e4e8368c9380bdbc2f287b38fe1665811764759930b7957a59ce6a"",""stderr"":""""}}"
pilot_mutation,H01-gcd.c,bf207a4afdd7e623be4bd0751bdc1917c0ee550af0f38c0531b25bb726d1710c,symbol,M17,filename_bound,artifact binding,MR12,Interleaved artifact isolation,separate,True,False,parallel_isolation_satisfied,0.099217,,True,"{""aliasing_detected"":false,""both_expected"":true,""execution_order"":""overlapping-builds-then-extract"",""payloads_distinct"":true}"
pilot_mutation,H01-gcd.c,bf207a4afdd7e623be4bd0751bdc1917c0ee550af0f38c0531b25bb726d1710c,symbol,M17,filename_bound,artifact binding,MR13,Reordered extraction independence,preserve,True,False,before=b'Morph-01';intervening=b'Second-2';after=b'Morph-01',0.140256,,True,"{""intervening_extraction"":true}"
pilot_mutation,H01-gcd.c,bf207a4afdd7e623be4bd0751bdc1917c0ee550af0f38c0531b25bb726d1710c,symbol,M17,filename_bound,artifact binding,MR14,Rebuild stability,preserve,True,False,first=b'Morph-01';second=b'Morph-01',0.137486,,True,"{""binary_bytes_equal"":true,""execution_order"":""build1-extract1-build2-extract2""}"
pilot_mutation,H01-gcd.c,bf207a4afdd7e623be4bd0751bdc1917c0ee550af0f38c0531b25bb726d1710c,symbol,M18,stale_binary,state,MR01,Round-trip fidelity,preserve,True,False,extracted=b'Morph-01',0.036766,,True,"{""build"":{""actual_compiler"":""gcc"",""actual_optimization"":""O2"",""binary"":""WORKDIR/symbol/M18/MR01/marked/build-01/artifact.bin"",""binary_sha256"":""7b713450f899744a0e9c1995e1ea83c762e52b3b03c45f82418d86193b6be1a1"",""carrier"":""symbol"",""command"":[""gcc"",""-std=c11"",""-fno-ident"",""-no-pie"",""-O2"",""WORKDIR/symbol/M18/MR01/marked/build-01/host.c"",""-o"",""WORKDIR/symbol/M18/MR01/marked/build-01/artifact.bin""],""effective_payload_hex"":""4d6f7270682d3031"",""key"":""key-alpha"",""mutant_id"":""M18"",""requested_compiler"":""gcc"",""requested_optimization"":""O2"",""requested_payload_hex"":""4d6f7270682d3031"",""return_code"":0,""source"":""WORKDIR/symbol/M18/MR01/marked/build-01/host.c"",""source_sha256"":""45e69a3841e4e8368c9380bdbc2f287b38fe1665811764759930b7957a59ce6a"",""stderr"":""""},""extracted_hex"":""4d6f7270682d3031""}"
pilot_mutation,H01-gcd.c,bf207a4afdd7e623be4bd0751bdc1917c0ee550af0f38c0531b25bb726d1710c,symbol,M18,stale_binary,state,MR02,Host-semantic preservation,preserve,True,False,mismatch_count=0,0.136733,,True,"{""mismatches"":[]}"
pilot_mutation,H01-gcd.c,bf207a4afdd7e623be4bd0751bdc1917c0ee550af0f38c0531b25bb726d1710c,symbol,M18,stale_binary,state,MR03,Unmarked rejection,reject,True,False,rejected:absent:watermark symbols not found,0.07288,,True,"{""unmarked_binary_sha256"":""17288de5d8ffc83b2223ee650ec19f96fa9b779f3eb45b8e2433c730b7a1e3e2""}"
pilot_mutation,H01-gcd.c,bf207a4afdd7e623be4bd0751bdc1917c0ee550af0f38c0531b25bb726d1710c,symbol,M18,stale_binary,state,MR04,Wrong-key rejection,reject,True,False,rejected:wrong-key:symbol key tag mismatch,0.067711,,True,"{""antecedent_guarded"":true,""antecedent_hex"":""4d6f7270682d3031""}"
pilot_mutation,H01-gcd.c,bf207a4afdd7e623be4bd0751bdc1917c0ee550af0f38c0531b25bb726d1710c,symbol,M18,stale_binary,state,MR05,Payload separation,separate,False,True,first=b'Morph-01';second=b'Morph-01',0.063134,,True,"{""execution_order"":""sequential-builds-then-extract"",""first_hex"":""4d6f7270682d3031"",""second_hex"":""4d6f7270682d3031""}"
pilot_mutation,H01-gcd.c,bf207a4afdd7e623be4bd0751bdc1917c0ee550af0f38c0531b25bb726d1710c,symbol,M18,stale_binary,state,MR06,Cross-compiler invariance,preserve,True,False,"payloads=b'Morph-01',b'Morph-01';semantic_equal=True",0.145941,,True,"{""clang_actual"":""gcc"",""gcc_actual"":""gcc""}"
pilot_mutation,H01-gcd.c,bf207a4afdd7e623be4bd0751bdc1917c0ee550af0f38c0531b25bb726d1710c,symbol,M18,stale_binary,state,MR07,Optimization invariance,preserve,True,False,"payloads=['Morph-01', 'Morph-01', 'Morph-01'];semantic_equal=True",0.106486,,True,{}
pilot_mutation,H01-gcd.c,bf207a4afdd7e623be4bd0751bdc1917c0ee550af0f38c0531b25bb726d1710c,symbol,M18,stale_binary,state,MR08,Clean-room relocation,preserve,True,False,relocated=b'Morph-01',0.051828,,True,"{""clean_room_entries"":[""renamed-artifact.bin""],""relocated_hex"":""4d6f7270682d3031""}"
pilot_mutation,H01-gcd.c,bf207a4afdd7e623be4bd0751bdc1917c0ee550af0f38c0531b25bb726d1710c,symbol,M18,stale_binary,state,MR09,Carrier-removal rejection,reject,True,False,rejected:absent:watermark symbols not found,0.084891,,True,"{""antecedent_guarded"":true}"
pilot_mutation,H01-gcd.c,bf207a4afdd7e623be4bd0751bdc1917c0ee550af0f38c0531b25bb726d1710c,symbol,M18,stale_binary,state,MR10,Carrier-corruption rejection,reject,True,False,rejected:malformed:inconsistent watermark symbol set,0.078918,,True,"{""antecedent_guarded"":true}"
pilot_mutation,H01-gcd.c,bf207a4afdd7e623be4bd0751bdc1917c0ee550af0f38c0531b25bb726d1710c,symbol,M18,stale_binary,state,MR11,Requested/actual trace agreement,trace,True,False,requested=clang/Os;actual=clang/Os,0.03854,,True,"{""build"":{""actual_compiler"":""clang"",""actual_optimization"":""Os"",""binary"":""WORKDIR/symbol/M18/MR11/trace/build-01/artifact.bin"",""binary_sha256"":""25e0d918cd8ff7cc194ede1eb56d7dc89089e033832c65ca5cceab6c9faa446b"",""carrier"":""symbol"",""command"":[""clang"",""-std=c11"",""-fno-ident"",""-no-pie"",""-Os"",""WORKDIR/symbol/M18/MR11/trace/build-01/host.c"",""-o"",""WORKDIR/symbol/M18/MR11/trace/build-01/artifact.bin""],""effective_payload_hex"":""4d6f7270682d3031"",""key"":""key-alpha"",""mutant_id"":""M18"",""requested_compiler"":""clang"",""requested_optimization"":""Os"",""requested_payload_hex"":""4d6f7270682d3031"",""return_code"":0,""source"":""WORKDIR/symbol/M18/MR11/trace/build-01/host.c"",""source_sha256"":""45e69a3841e4e8368c9380bdbc2f287b38fe1665811764759930b7957a59ce6a"",""stderr"":""""}}"
pilot_mutation,H01-gcd.c,bf207a4afdd7e623be4bd0751bdc1917c0ee550af0f38c0531b25bb726d1710c,symbol,M18,stale_binary,state,MR12,Interleaved artifact isolation,separate,True,False,parallel_isolation_satisfied,0.079458,,True,"{""aliasing_detected"":false,""both_expected"":true,""execution_order"":""overlapping-builds-then-extract"",""payloads_distinct"":true}"
pilot_mutation,H01-gcd.c,bf207a4afdd7e623be4bd0751bdc1917c0ee550af0f38c0531b25bb726d1710c,symbol,M18,stale_binary,state,MR13,Reordered extraction independence,preserve,False,True,exception:ExtractionError:symbol key tag mismatch,0.077699,ExtractionError,True,{}
pilot_mutation,H01-gcd.c,bf207a4afdd7e623be4bd0751bdc1917c0ee550af0f38c0531b25bb726d1710c,symbol,M18,stale_binary,state,MR14,Rebuild stability,preserve,True,False,first=b'Morph-01';second=b'Morph-01',0.072415,,True,"{""binary_bytes_equal"":true,""execution_order"":""build1-extract1-build2-extract2""}"
pilot_mutation,H01-gcd.c,bf207a4afdd7e623be4bd0751bdc1917c0ee550af0f38c0531b25bb726d1710c,symbol,M19,extractor_prefix,extraction,MR01,Round-trip fidelity,preserve,False,True,extracted=b'Morph-0',0.078768,,True,"{""build"":{""actual_compiler"":""gcc"",""actual_optimization"":""O2"",""binary"":""WORKDIR/symbol/M19/MR01/marked/build-01/artifact.bin"",""binary_sha256"":""7b713450f899744a0e9c1995e1ea83c762e52b3b03c45f82418d86193b6be1a1"",""carrier"":""symbol"",""command"":[""gcc"",""-std=c11"",""-fno-ident"",""-no-pie"",""-O2"",""WORKDIR/symbol/M19/MR01/marked/build-01/host.c"",""-o"",""WORKDIR/symbol/M19/MR01/marked/build-01/artifact.bin""],""effective_payload_hex"":""4d6f7270682d3031"",""key"":""key-alpha"",""mutant_id"":""M19"",""requested_compiler"":""gcc"",""requested_optimization"":""O2"",""requested_payload_hex"":""4d6f7270682d3031"",""return_code"":0,""source"":""WORKDIR/symbol/M19/MR01/marked/build-01/host.c"",""source_sha256"":""45e69a3841e4e8368c9380bdbc2f287b38fe1665811764759930b7957a59ce6a"",""stderr"":""""},""extracted_hex"":""4d6f7270682d30""}"
pilot_mutation,H01-gcd.c,bf207a4afdd7e623be4bd0751bdc1917c0ee550af0f38c0531b25bb726d1710c,symbol,M19,extractor_prefix,extraction,MR02,Host-semantic preservation,preserve,True,False,mismatch_count=0,0.126508,,True,"{""mismatches"":[]}"
pilot_mutation,H01-gcd.c,bf207a4afdd7e623be4bd0751bdc1917c0ee550af0f38c0531b25bb726d1710c,symbol,M19,extractor_prefix,extraction,MR03,Unmarked rejection,reject,True,False,rejected:absent:watermark symbols not found,0.049492,,True,"{""unmarked_binary_sha256"":""17288de5d8ffc83b2223ee650ec19f96fa9b779f3eb45b8e2433c730b7a1e3e2""}"
pilot_mutation,H01-gcd.c,bf207a4afdd7e623be4bd0751bdc1917c0ee550af0f38c0531b25bb726d1710c,symbol,M19,extractor_prefix,extraction,MR04,Wrong-key rejection,reject,True,False,rejected:wrong-key:symbol key tag mismatch,0.047136,,True,"{""antecedent_guarded"":true,""antecedent_hex"":""4d6f7270682d3031""}"
pilot_mutation,H01-gcd.c,bf207a4afdd7e623be4bd0751bdc1917c0ee550af0f38c0531b25bb726d1710c,symbol,M19,extractor_prefix,extraction,MR05,Payload separation,separate,False,True,first=b'Morph-0';second=b'Second-',0.106457,,True,"{""execution_order"":""sequential-builds-then-extract"",""first_hex"":""4d6f7270682d30"",""second_hex"":""5365636f6e642d""}"
pilot_mutation,H01-gcd.c,bf207a4afdd7e623be4bd0751bdc1917c0ee550af0f38c0531b25bb726d1710c,symbol,M19,extractor_prefix,extraction,MR06,Cross-compiler invariance,preserve,False,True,"payloads=b'Morph-0',b'Morph-0';semantic_equal=True",0.182225,,True,"{""clang_actual"":""clang"",""gcc_actual"":""gcc""}"
pilot_mutation,H01-gcd.c,bf207a4afdd7e623be4bd0751bdc1917c0ee550af0f38c0531b25bb726d1710c,symbol,M19,extractor_prefix,extraction,MR07,Optimization invariance,preserve,False,True,"payloads=['Morph-0', 'Morph-0', 'Morph-0'];semantic_equal=True",0.27037,,True,{}
pilot_mutation,H01-gcd.c,bf207a4afdd7e623be4bd0751bdc1917c0ee550af0f38c0531b25bb726d1710c,symbol,M19,extractor_prefix,extraction,MR08,Clean-room relocation,preserve,False,True,source_mismatch=b'Morph-0',0.068613,,True,"{""source_hex"":""4d6f7270682d30""}"
pilot_mutation,H01-gcd.c,bf207a4afdd7e623be4bd0751bdc1917c0ee550af0f38c0531b25bb726d1710c,symbol,M19,extractor_prefix,extraction,MR09,Carrier-removal rejection,reject,True,False,rejected:absent:watermark symbols not found,0.088336,,True,"{""antecedent_guarded"":true}"
pilot_mutation,H01-gcd.c,bf207a4afdd7e623be4bd0751bdc1917c0ee550af0f38c0531b25bb726d1710c,symbol,M19,extractor_prefix,extraction,MR10,Carrier-corruption rejection,reject,True,False,rejected:malformed:inconsistent watermark symbol set,0.082546,,True,"{""antecedent_guarded"":true}"
pilot_mutation,H01-gcd.c,bf207a4afdd7e623be4bd0751bdc1917c0ee550af0f38c0531b25bb726d1710c,symbol,M19,extractor_prefix,extraction,MR11,Requested/actual trace agreement,trace,True,False,requested=clang/Os;actual=clang/Os,0.101602,,True,"{""build"":{""actual_compiler"":""clang"",""actual_optimization"":""Os"",""binary"":""WORKDIR/symbol/M19/MR11/trace/build-01/artifact.bin"",""binary_sha256"":""25e0d918cd8ff7cc194ede1eb56d7dc89089e033832c65ca5cceab6c9faa446b"",""carrier"":""symbol"",""command"":[""clang"",""-std=c11"",""-fno-ident"",""-no-pie"",""-Os"",""WORKDIR/symbol/M19/MR11/trace/build-01/host.c"",""-o"",""WORKDIR/symbol/M19/MR11/trace/build-01/artifact.bin""],""effective_payload_hex"":""4d6f7270682d3031"",""key"":""key-alpha"",""mutant_id"":""M19"",""requested_compiler"":""clang"",""requested_optimization"":""Os"",""requested_payload_hex"":""4d6f7270682d3031"",""return_code"":0,""source"":""WORKDIR/symbol/M19/MR11/trace/build-01/host.c"",""source_sha256"":""45e69a3841e4e8368c9380bdbc2f287b38fe1665811764759930b7957a59ce6a"",""stderr"":""""}}"
pilot_mutation,H01-gcd.c,bf207a4afdd7e623be4bd0751bdc1917c0ee550af0f38c0531b25bb726d1710c,symbol,M19,extractor_prefix,extraction,MR12,Interleaved artifact isolation,separate,False,True,parallel_isolation_clause_violated,0.091276,,True,"{""aliasing_detected"":false,""both_expected"":false,""execution_order"":""overlapping-builds-then-extract"",""payloads_distinct"":true}"
pilot_mutation,H01-gcd.c,bf207a4afdd7e623be4bd0751bdc1917c0ee550af0f38c0531b25bb726d1710c,symbol,M19,extractor_prefix,extraction,MR13,Reordered extraction independence,preserve,False,True,before=b'Morph-0';intervening=b'Second-';after=b'Morph-0',0.108826,,True,"{""intervening_extraction"":true}"
pilot_mutation,H01-gcd.c,bf207a4afdd7e623be4bd0751bdc1917c0ee550af0f38c0531b25bb726d1710c,symbol,M19,extractor_prefix,extraction,MR14,Rebuild stability,preserve,False,True,first=b'Morph-0';second=b'Morph-0',0.127288,,True,"{""binary_bytes_equal"":true,""execution_order"":""build1-extract1-build2-extract2""}"
pilot_mutation,H01-gcd.c,bf207a4afdd7e623be4bd0751bdc1917c0ee550af0f38c0531b25bb726d1710c,symbol,M20,interleaved_collision,state,MR01,Round-trip fidelity,preserve,True,False,extracted=b'Morph-01',0.076763,,True,"{""build"":{""actual_compiler"":""gcc"",""actual_optimization"":""O2"",""binary"":""WORKDIR/symbol/M20/MR01/marked/build-01/artifact.bin"",""binary_sha256"":""7b713450f899744a0e9c1995e1ea83c762e52b3b03c45f82418d86193b6be1a1"",""carrier"":""symbol"",""command"":[""gcc"",""-std=c11"",""-fno-ident"",""-no-pie"",""-O2"",""WORKDIR/symbol/M20/MR01/marked/build-01/host.c"",""-o"",""WORKDIR/symbol/M20/MR01/marked/build-01/artifact.bin""],""effective_payload_hex"":""4d6f7270682d3031"",""key"":""key-alpha"",""mutant_id"":""M20"",""requested_compiler"":""gcc"",""requested_optimization"":""O2"",""requested_payload_hex"":""4d6f7270682d3031"",""return_code"":0,""source"":""WORKDIR/symbol/M20/MR01/marked/build-01/host.c"",""source_sha256"":""45e69a3841e4e8368c9380bdbc2f287b38fe1665811764759930b7957a59ce6a"",""stderr"":""""},""extracted_hex"":""4d6f7270682d3031""}"
pilot_mutation,H01-gcd.c,bf207a4afdd7e623be4bd0751bdc1917c0ee550af0f38c0531b25bb726d1710c,symbol,M20,interleaved_collision,state,MR02,Host-semantic preservation,preserve,True,False,mismatch_count=0,0.165295,,True,"{""mismatches"":[]}"
pilot_mutation,H01-gcd.c,bf207a4afdd7e623be4bd0751bdc1917c0ee550af0f38c0531b25bb726d1710c,symbol,M20,interleaved_collision,state,MR03,Unmarked rejection,reject,True,False,rejected:absent:watermark symbols not found,0.060247,,True,"{""unmarked_binary_sha256"":""17288de5d8ffc83b2223ee650ec19f96fa9b779f3eb45b8e2433c730b7a1e3e2""}"
pilot_mutation,H01-gcd.c,bf207a4afdd7e623be4bd0751bdc1917c0ee550af0f38c0531b25bb726d1710c,symbol,M20,interleaved_collision,state,MR04,Wrong-key rejection,reject,True,False,rejected:wrong-key:symbol key tag mismatch,0.062467,,True,"{""antecedent_guarded"":true,""antecedent_hex"":""4d6f7270682d3031""}"
pilot_mutation,H01-gcd.c,bf207a4afdd7e623be4bd0751bdc1917c0ee550af0f38c0531b25bb726d1710c,symbol,M20,interleaved_collision,state,MR05,Payload separation,separate,True,False,first=b'Morph-01';second=b'Second-2',0.114015,,True,"{""execution_order"":""sequential-builds-then-extract"",""first_hex"":""4d6f7270682d3031"",""second_hex"":""5365636f6e642d32""}"
pilot_mutation,H01-gcd.c,bf207a4afdd7e623be4bd0751bdc1917c0ee550af0f38c0531b25bb726d1710c,symbol,M20,interleaved_collision,state,MR06,Cross-compiler invariance,preserve,True,False,"payloads=b'Morph-01',b'Morph-01';semantic_equal=True",0.155712,,True,"{""clang_actual"":""clang"",""gcc_actual"":""gcc""}"
pilot_mutation,H01-gcd.c,bf207a4afdd7e623be4bd0751bdc1917c0ee550af0f38c0531b25bb726d1710c,symbol,M20,interleaved_collision,state,MR07,Optimization invariance,preserve,True,False,"payloads=['Morph-01', 'Morph-01', 'Morph-01'];semantic_equal=True",0.221717,,True,{}
pilot_mutation,H01-gcd.c,bf207a4afdd7e623be4bd0751bdc1917c0ee550af0f38c0531b25bb726d1710c,symbol,M20,interleaved_collision,state,MR08,Clean-room relocation,preserve,True,False,relocated=b'Morph-01',0.073693,,True,"{""clean_room_entries"":[""renamed-artifact.bin""],""relocated_hex"":""4d6f7270682d3031""}"
pilot_mutation,H01-gcd.c,bf207a4afdd7e623be4bd0751bdc1917c0ee550af0f38c0531b25bb726d1710c,symbol,M20,interleaved_collision,state,MR09,Carrier-removal rejection,reject,True,False,rejected:absent:watermark symbols not found,0.089905,,True,"{""antecedent_guarded"":true}"
pilot_mutation,H01-gcd.c,bf207a4afdd7e623be4bd0751bdc1917c0ee550af0f38c0531b25bb726d1710c,symbol,M20,interleaved_collision,state,MR10,Carrier-corruption rejection,reject,True,False,rejected:malformed:inconsistent watermark symbol set,0.0987,,True,"{""antecedent_guarded"":true}"
pilot_mutation,H01-gcd.c,bf207a4afdd7e623be4bd0751bdc1917c0ee550af0f38c0531b25bb726d1710c,symbol,M20,interleaved_collision,state,MR11,Requested/actual trace agreement,trace,True,False,requested=clang/Os;actual=clang/Os,0.060617,,True,"{""build"":{""actual_compiler"":""clang"",""actual_optimization"":""Os"",""binary"":""WORKDIR/symbol/M20/MR11/trace/build-01/artifact.bin"",""binary_sha256"":""25e0d918cd8ff7cc194ede1eb56d7dc89089e033832c65ca5cceab6c9faa446b"",""carrier"":""symbol"",""command"":[""clang"",""-std=c11"",""-fno-ident"",""-no-pie"",""-Os"",""WORKDIR/symbol/M20/MR11/trace/build-01/host.c"",""-o"",""WORKDIR/symbol/M20/MR11/trace/build-01/artifact.bin""],""effective_payload_hex"":""4d6f7270682d3031"",""key"":""key-alpha"",""mutant_id"":""M20"",""requested_compiler"":""clang"",""requested_optimization"":""Os"",""requested_payload_hex"":""4d6f7270682d3031"",""return_code"":0,""source"":""WORKDIR/symbol/M20/MR11/trace/build-01/host.c"",""source_sha256"":""45e69a3841e4e8368c9380bdbc2f287b38fe1665811764759930b7957a59ce6a"",""stderr"":""""}}"
pilot_mutation,H01-gcd.c,bf207a4afdd7e623be4bd0751bdc1917c0ee550af0f38c0531b25bb726d1710c,symbol,M20,interleaved_collision,state,MR12,Interleaved artifact isolation,separate,False,True,parallel_isolation_clause_violated,0.096537,,True,"{""aliasing_detected"":true,""both_expected"":false,""execution_order"":""overlapping-builds-then-extract"",""payloads_distinct"":false}"
pilot_mutation,H01-gcd.c,bf207a4afdd7e623be4bd0751bdc1917c0ee550af0f38c0531b25bb726d1710c,symbol,M20,interleaved_collision,state,MR13,Reordered extraction independence,preserve,True,False,before=b'Morph-01';intervening=b'Second-2';after=b'Morph-01',0.117026,,True,"{""intervening_extraction"":true}"
pilot_mutation,H01-gcd.c,bf207a4afdd7e623be4bd0751bdc1917c0ee550af0f38c0531b25bb726d1710c,symbol,M20,interleaved_collision,state,MR14,Rebuild stability,preserve,True,False,first=b'Morph-01';second=b'Morph-01',0.113408,,True,"{""binary_bytes_equal"":true,""execution_order"":""build1-extract1-build2-extract2""}"
pilot_mutation,H01-gcd.c,bf207a4afdd7e623be4bd0751bdc1917c0ee550af0f38c0531b25bb726d1710c,symbol,M21,alternate_compiler_corruption,configuration,MR01,Round-trip fidelity,preserve,True,False,extracted=b'Morph-01',0.055768,,True,"{""build"":{""actual_compiler"":""gcc"",""actual_optimization"":""O2"",""binary"":""WORKDIR/symbol/M21/MR01/marked/build-01/artifact.bin"",""binary_sha256"":""7b713450f899744a0e9c1995e1ea83c762e52b3b03c45f82418d86193b6be1a1"",""carrier"":""symbol"",""command"":[""gcc"",""-std=c11"",""-fno-ident"",""-no-pie"",""-O2"",""WORKDIR/symbol/M21/MR01/marked/build-01/host.c"",""-o"",""WORKDIR/symbol/M21/MR01/marked/build-01/artifact.bin""],""effective_payload_hex"":""4d6f7270682d3031"",""key"":""key-alpha"",""mutant_id"":""M21"",""requested_compiler"":""gcc"",""requested_optimization"":""O2"",""requested_payload_hex"":""4d6f7270682d3031"",""return_code"":0,""source"":""WORKDIR/symbol/M21/MR01/marked/build-01/host.c"",""source_sha256"":""45e69a3841e4e8368c9380bdbc2f287b38fe1665811764759930b7957a59ce6a"",""stderr"":""""},""extracted_hex"":""4d6f7270682d3031""}"
pilot_mutation,H01-gcd.c,bf207a4afdd7e623be4bd0751bdc1917c0ee550af0f38c0531b25bb726d1710c,symbol,M21,alternate_compiler_corruption,configuration,MR02,Host-semantic preservation,preserve,True,False,mismatch_count=0,0.16072,,True,"{""mismatches"":[]}"
pilot_mutation,H01-gcd.c,bf207a4afdd7e623be4bd0751bdc1917c0ee550af0f38c0531b25bb726d1710c,symbol,M21,alternate_compiler_corruption,configuration,MR03,Unmarked rejection,reject,True,False,rejected:absent:watermark symbols not found,0.06464,,True,"{""unmarked_binary_sha256"":""17288de5d8ffc83b2223ee650ec19f96fa9b779f3eb45b8e2433c730b7a1e3e2""}"
pilot_mutation,H01-gcd.c,bf207a4afdd7e623be4bd0751bdc1917c0ee550af0f38c0531b25bb726d1710c,symbol,M21,alternate_compiler_corruption,configuration,MR04,Wrong-key rejection,reject,True,False,rejected:wrong-key:symbol key tag mismatch,0.084595,,True,"{""antecedent_guarded"":true,""antecedent_hex"":""4d6f7270682d3031""}"
pilot_mutation,H01-gcd.c,bf207a4afdd7e623be4bd0751bdc1917c0ee550af0f38c0531b25bb726d1710c,symbol,M21,alternate_compiler_corruption,configuration,MR05,Payload separation,separate,True,False,first=b'Morph-01';second=b'Second-2',0.119822,,True,"{""execution_order"":""sequential-builds-then-extract"",""first_hex"":""4d6f7270682d3031"",""second_hex"":""5365636f6e642d32""}"
pilot_mutation,H01-gcd.c,bf207a4afdd7e623be4bd0751bdc1917c0ee550af0f38c0531b25bb726d1710c,symbol,M21,alternate_compiler_corruption,configuration,MR06,Cross-compiler invariance,preserve,False,True,"payloads=b'Morph-01',b'Lorph-01';semantic_equal=True",0.147527,,True,"{""clang_actual"":""clang"",""gcc_actual"":""gcc""}"
pilot_mutation,H01-gcd.c,bf207a4afdd7e623be4bd0751bdc1917c0ee550af0f38c0531b25bb726d1710c,symbol,M21,alternate_compiler_corruption,configuration,MR07,Optimization invariance,preserve,True,False,"payloads=['Morph-01', 'Morph-01', 'Morph-01'];semantic_equal=True",0.222442,,True,{}
pilot_mutation,H01-gcd.c,bf207a4afdd7e623be4bd0751bdc1917c0ee550af0f38c0531b25bb726d1710c,symbol,M21,alternate_compiler_corruption,configuration,MR08,Clean-room relocation,preserve,True,False,relocated=b'Morph-01',0.070881,,True,"{""clean_room_entries"":[""renamed-artifact.bin""],""relocated_hex"":""4d6f7270682d3031""}"
pilot_mutation,H01-gcd.c,bf207a4afdd7e623be4bd0751bdc1917c0ee550af0f38c0531b25bb726d1710c,symbol,M21,alternate_compiler_corruption,configuration,MR09,Carrier-removal rejection,reject,True,False,rejected:absent:watermark symbols not found,0.086484,,True,"{""antecedent_guarded"":true}"
pilot_mutation,H01-gcd.c,bf207a4afdd7e623be4bd0751bdc1917c0ee550af0f38c0531b25bb726d1710c,symbol,M21,alternate_compiler_corruption,configuration,MR10,Carrier-corruption rejection,reject,True,False,rejected:malformed:inconsistent watermark symbol set,0.085286,,True,"{""antecedent_guarded"":true}"
pilot_mutation,H01-gcd.c,bf207a4afdd7e623be4bd0751bdc1917c0ee550af0f38c0531b25bb726d1710c,symbol,M21,alternate_compiler_corruption,configuration,MR11,Requested/actual trace agreement,trace,True,False,requested=clang/Os;actual=clang/Os,0.078599,,True,"{""build"":{""actual_compiler"":""clang"",""actual_optimization"":""Os"",""binary"":""WORKDIR/symbol/M21/MR11/trace/build-01/artifact.bin"",""binary_sha256"":""660b873dd17c9254a19706c1457a4074f3feda7230fd407f9f67f505cd94b949"",""carrier"":""symbol"",""command"":[""clang"",""-std=c11"",""-fno-ident"",""-no-pie"",""-Os"",""WORKDIR/symbol/M21/MR11/trace/build-01/host.c"",""-o"",""WORKDIR/symbol/M21/MR11/trace/build-01/artifact.bin""],""effective_payload_hex"":""4c6f7270682d3031"",""key"":""key-alpha"",""mutant_id"":""M21"",""requested_compiler"":""clang"",""requested_optimization"":""Os"",""requested_payload_hex"":""4d6f7270682d3031"",""return_code"":0,""source"":""WORKDIR/symbol/M21/MR11/trace/build-01/host.c"",""source_sha256"":""e5c4aab85d2d107c876f5440efa877ef9181f2c35916444fda9a4d1c3e330e05"",""stderr"":""""}}"
pilot_mutation,H01-gcd.c,bf207a4afdd7e623be4bd0751bdc1917c0ee550af0f38c0531b25bb726d1710c,symbol,M21,alternate_compiler_corruption,configuration,MR12,Interleaved artifact isolation,separate,True,False,parallel_isolation_satisfied,0.106062,,True,"{""aliasing_detected"":false,""both_expected"":true,""execution_order"":""overlapping-builds-then-extract"",""payloads_distinct"":true}"
pilot_mutation,H01-gcd.c,bf207a4afdd7e623be4bd0751bdc1917c0ee550af0f38c0531b25bb726d1710c,symbol,M21,alternate_compiler_corruption,configuration,MR13,Reordered extraction independence,preserve,True,False,before=b'Morph-01';intervening=b'Second-2';after=b'Morph-01',0.140038,,True,"{""intervening_extraction"":true}"
pilot_mutation,H01-gcd.c,bf207a4afdd7e623be4bd0751bdc1917c0ee550af0f38c0531b25bb726d1710c,symbol,M21,alternate_compiler_corruption,configuration,MR14,Rebuild stability,preserve,True,False,first=b'Morph-01';second=b'Morph-01',0.096612,,True,"{""binary_bytes_equal"":true,""execution_order"":""build1-extract1-build2-extract2""}"
pilot_mutation,H01-gcd.c,bf207a4afdd7e623be4bd0751bdc1917c0ee550af0f38c0531b25bb726d1710c,symbol,M22,size_optimization_corruption,configuration,MR01,Round-trip fidelity,preserve,True,False,extracted=b'Morph-01',0.093224,,True,"{""build"":{""actual_compiler"":""gcc"",""actual_optimization"":""O2"",""binary"":""WORKDIR/symbol/M22/MR01/marked/build-01/artifact.bin"",""binary_sha256"":""7b713450f899744a0e9c1995e1ea83c762e52b3b03c45f82418d86193b6be1a1"",""carrier"":""symbol"",""command"":[""gcc"",""-std=c11"",""-fno-ident"",""-no-pie"",""-O2"",""WORKDIR/symbol/M22/MR01/marked/build-01/host.c"",""-o"",""WORKDIR/symbol/M22/MR01/marked/build-01/artifact.bin""],""effective_payload_hex"":""4d6f7270682d3031"",""key"":""key-alpha"",""mutant_id"":""M22"",""requested_compiler"":""gcc"",""requested_optimization"":""O2"",""requested_payload_hex"":""4d6f7270682d3031"",""return_code"":0,""source"":""WORKDIR/symbol/M22/MR01/marked/build-01/host.c"",""source_sha256"":""45e69a3841e4e8368c9380bdbc2f287b38fe1665811764759930b7957a59ce6a"",""stderr"":""""},""extracted_hex"":""4d6f7270682d3031""}"
pilot_mutation,H01-gcd.c,bf207a4afdd7e623be4bd0751bdc1917c0ee550af0f38c0531b25bb726d1710c,symbol,M22,size_optimization_corruption,configuration,MR02,Host-semantic preservation,preserve,True,False,mismatch_count=0,0.109657,,True,"{""mismatches"":[]}"
pilot_mutation,H01-gcd.c,bf207a4afdd7e623be4bd0751bdc1917c0ee550af0f38c0531b25bb726d1710c,symbol,M22,size_optimization_corruption,configuration,MR03,Unmarked rejection,reject,True,False,rejected:absent:watermark symbols not found,0.064635,,True,"{""unmarked_binary_sha256"":""17288de5d8ffc83b2223ee650ec19f96fa9b779f3eb45b8e2433c730b7a1e3e2""}"
pilot_mutation,H01-gcd.c,bf207a4afdd7e623be4bd0751bdc1917c0ee550af0f38c0531b25bb726d1710c,symbol,M22,size_optimization_corruption,configuration,MR04,Wrong-key rejection,reject,True,False,rejected:wrong-key:symbol key tag mismatch,0.059256,,True,"{""antecedent_guarded"":true,""antecedent_hex"":""4d6f7270682d3031""}"
pilot_mutation,H01-gcd.c,bf207a4afdd7e623be4bd0751bdc1917c0ee550af0f38c0531b25bb726d1710c,symbol,M22,size_optimization_corruption,configuration,MR05,Payload separation,separate,True,False,first=b'Morph-01';second=b'Second-2',0.128127,,True,"{""execution_order"":""sequential-builds-then-extract"",""first_hex"":""4d6f7270682d3031"",""second_hex"":""5365636f6e642d32""}"
pilot_mutation,H01-gcd.c,bf207a4afdd7e623be4bd0751bdc1917c0ee550af0f38c0531b25bb726d1710c,symbol,M22,size_optimization_corruption,configuration,MR06,Cross-compiler invariance,preserve,True,False,"payloads=b'Morph-01',b'Morph-01';semantic_equal=True",0.214054,,True,"{""clang_actual"":""clang"",""gcc_actual"":""gcc""}"
pilot_mutation,H01-gcd.c,bf207a4afdd7e623be4bd0751bdc1917c0ee550af0f38c0531b25bb726d1710c,symbol,M22,size_optimization_corruption,configuration,MR07,Optimization invariance,preserve,False,True,"payloads=['Morph-01', 'Morph-01', 'Lorph-01'];semantic_equal=True",0.245273,,True,{}
pilot_mutation,H01-gcd.c,bf207a4afdd7e623be4bd0751bdc1917c0ee550af0f38c0531b25bb726d1710c,symbol,M22,size_optimization_corruption,configuration,MR08,Clean-room relocation,preserve,True,False,relocated=b'Morph-01',0.089396,,True,"{""clean_room_entries"":[""renamed-artifact.bin""],""relocated_hex"":""4d6f7270682d3031""}"
pilot_mutation,H01-gcd.c,bf207a4afdd7e623be4bd0751bdc1917c0ee550af0f38c0531b25bb726d1710c,symbol,M22,size_optimization_corruption,configuration,MR09,Carrier-removal rejection,reject,True,False,rejected:absent:watermark symbols not found,0.041635,,True,"{""antecedent_guarded"":true}"
pilot_mutation,H01-gcd.c,bf207a4afdd7e623be4bd0751bdc1917c0ee550af0f38c0531b25bb726d1710c,symbol,M22,size_optimization_corruption,configuration,MR10,Carrier-corruption rejection,reject,True,False,rejected:malformed:inconsistent watermark symbol set,0.080844,,True,"{""antecedent_guarded"":true}"
pilot_mutation,H01-gcd.c,bf207a4afdd7e623be4bd0751bdc1917c0ee550af0f38c0531b25bb726d1710c,symbol,M22,size_optimization_corruption,configuration,MR11,Requested/actual trace agreement,trace,True,False,requested=clang/Os;actual=clang/Os,0.070227,,True,"{""build"":{""actual_compiler"":""clang"",""actual_optimization"":""Os"",""binary"":""WORKDIR/symbol/M22/MR11/trace/build-01/artifact.bin"",""binary_sha256"":""660b873dd17c9254a19706c1457a4074f3feda7230fd407f9f67f505cd94b949"",""carrier"":""symbol"",""command"":[""clang"",""-std=c11"",""-fno-ident"",""-no-pie"",""-Os"",""WORKDIR/symbol/M22/MR11/trace/build-01/host.c"",""-o"",""WORKDIR/symbol/M22/MR11/trace/build-01/artifact.bin""],""effective_payload_hex"":""4c6f7270682d3031"",""key"":""key-alpha"",""mutant_id"":""M22"",""requested_compiler"":""clang"",""requested_optimization"":""Os"",""requested_payload_hex"":""4d6f7270682d3031"",""return_code"":0,""source"":""WORKDIR/symbol/M22/MR11/trace/build-01/host.c"",""source_sha256"":""e5c4aab85d2d107c876f5440efa877ef9181f2c35916444fda9a4d1c3e330e05"",""stderr"":""""}}"
pilot_mutation,H01-gcd.c,bf207a4afdd7e623be4bd0751bdc1917c0ee550af0f38c0531b25bb726d1710c,symbol,M22,size_optimization_corruption,configuration,MR12,Interleaved artifact isolation,separate,True,False,parallel_isolation_satisfied,0.07923,,True,"{""aliasing_detected"":false,""both_expected"":true,""execution_order"":""overlapping-builds-then-extract"",""payloads_distinct"":true}"
pilot_mutation,H01-gcd.c,bf207a4afdd7e623be4bd0751bdc1917c0ee550af0f38c0531b25bb726d1710c,symbol,M22,size_optimization_corruption,configuration,MR13,Reordered extraction independence,preserve,True,False,before=b'Morph-01';intervening=b'Second-2';after=b'Morph-01',0.141924,,True,"{""intervening_extraction"":true}"
pilot_mutation,H01-gcd.c,bf207a4afdd7e623be4bd0751bdc1917c0ee550af0f38c0531b25bb726d1710c,symbol,M22,size_optimization_corruption,configuration,MR14,Rebuild stability,preserve,True,False,first=b'Morph-01';second=b'Morph-01',0.131845,,True,"{""binary_bytes_equal"":true,""execution_order"":""build1-extract1-build2-extract2""}"
pilot_mutation,H01-gcd.c,bf207a4afdd7e623be4bd0751bdc1917c0ee550af0f38c0531b25bb726d1710c,symbol,M23,revisit_state_contamination,state,MR01,Round-trip fidelity,preserve,True,False,extracted=b'Morph-01',0.037536,,True,"{""build"":{""actual_compiler"":""gcc"",""actual_optimization"":""O2"",""binary"":""WORKDIR/symbol/M23/MR01/marked/build-01/artifact.bin"",""binary_sha256"":""7b713450f899744a0e9c1995e1ea83c762e52b3b03c45f82418d86193b6be1a1"",""carrier"":""symbol"",""command"":[""gcc"",""-std=c11"",""-fno-ident"",""-no-pie"",""-O2"",""WORKDIR/symbol/M23/MR01/marked/build-01/host.c"",""-o"",""WORKDIR/symbol/M23/MR01/marked/build-01/artifact.bin""],""effective_payload_hex"":""4d6f7270682d3031"",""key"":""key-alpha"",""mutant_id"":""M23"",""requested_compiler"":""gcc"",""requested_optimization"":""O2"",""requested_payload_hex"":""4d6f7270682d3031"",""return_code"":0,""source"":""WORKDIR/symbol/M23/MR01/marked/build-01/host.c"",""source_sha256"":""45e69a3841e4e8368c9380bdbc2f287b38fe1665811764759930b7957a59ce6a"",""stderr"":""""},""extracted_hex"":""4d6f7270682d3031""}"
pilot_mutation,H01-gcd.c,bf207a4afdd7e623be4bd0751bdc1917c0ee550af0f38c0531b25bb726d1710c,symbol,M23,revisit_state_contamination,state,MR02,Host-semantic preservation,preserve,True,False,mismatch_count=0,0.186548,,True,"{""mismatches"":[]}"
pilot_mutation,H01-gcd.c,bf207a4afdd7e623be4bd0751bdc1917c0ee550af0f38c0531b25bb726d1710c,symbol,M23,revisit_state_contamination,state,MR03,Unmarked rejection,reject,True,False,rejected:absent:watermark symbols not found,0.046455,,True,"{""unmarked_binary_sha256"":""17288de5d8ffc83b2223ee650ec19f96fa9b779f3eb45b8e2433c730b7a1e3e2""}"
pilot_mutation,H01-gcd.c,bf207a4afdd7e623be4bd0751bdc1917c0ee550af0f38c0531b25bb726d1710c,symbol,M23,revisit_state_contamination,state,MR04,Wrong-key rejection,reject,True,False,rejected:wrong-key:symbol key tag mismatch,0.073334,,True,"{""antecedent_guarded"":true,""antecedent_hex"":""4d6f7270682d3031""}"
pilot_mutation,H01-gcd.c,bf207a4afdd7e623be4bd0751bdc1917c0ee550af0f38c0531b25bb726d1710c,symbol,M23,revisit_state_contamination,state,MR05,Payload separation,separate,True,False,first=b'Morph-01';second=b'Second-2',0.103649,,True,"{""execution_order"":""sequential-builds-then-extract"",""first_hex"":""4d6f7270682d3031"",""second_hex"":""5365636f6e642d32""}"
pilot_mutation,H01-gcd.c,bf207a4afdd7e623be4bd0751bdc1917c0ee550af0f38c0531b25bb726d1710c,symbol,M23,revisit_state_contamination,state,MR06,Cross-compiler invariance,preserve,True,False,"payloads=b'Morph-01',b'Morph-01';semantic_equal=True",0.188244,,True,"{""clang_actual"":""clang"",""gcc_actual"":""gcc""}"
pilot_mutation,H01-gcd.c,bf207a4afdd7e623be4bd0751bdc1917c0ee550af0f38c0531b25bb726d1710c,symbol,M23,revisit_state_contamination,state,MR07,Optimization invariance,preserve,True,False,"payloads=['Morph-01', 'Morph-01', 'Morph-01'];semantic_equal=True",0.249069,,True,{}
pilot_mutation,H01-gcd.c,bf207a4afdd7e623be4bd0751bdc1917c0ee550af0f38c0531b25bb726d1710c,symbol,M23,revisit_state_contamination,state,MR08,Clean-room relocation,preserve,True,False,relocated=b'Morph-01',0.034641,,True,"{""clean_room_entries"":[""renamed-artifact.bin""],""relocated_hex"":""4d6f7270682d3031""}"
pilot_mutation,H01-gcd.c,bf207a4afdd7e623be4bd0751bdc1917c0ee550af0f38c0531b25bb726d1710c,symbol,M23,revisit_state_contamination,state,MR09,Carrier-removal rejection,reject,True,False,rejected:absent:watermark symbols not found,0.073478,,True,"{""antecedent_guarded"":true}"
pilot_mutation,H01-gcd.c,bf207a4afdd7e623be4bd0751bdc1917c0ee550af0f38c0531b25bb726d1710c,symbol,M23,revisit_state_contamination,state,MR10,Carrier-corruption rejection,reject,True,False,rejected:malformed:inconsistent watermark symbol set,0.086052,,True,"{""antecedent_guarded"":true}"
pilot_mutation,H01-gcd.c,bf207a4afdd7e623be4bd0751bdc1917c0ee550af0f38c0531b25bb726d1710c,symbol,M23,revisit_state_contamination,state,MR11,Requested/actual trace agreement,trace,True,False,requested=clang/Os;actual=clang/Os,0.058458,,True,"{""build"":{""actual_compiler"":""clang"",""actual_optimization"":""Os"",""binary"":""WORKDIR/symbol/M23/MR11/trace/build-01/artifact.bin"",""binary_sha256"":""25e0d918cd8ff7cc194ede1eb56d7dc89089e033832c65ca5cceab6c9faa446b"",""carrier"":""symbol"",""command"":[""clang"",""-std=c11"",""-fno-ident"",""-no-pie"",""-Os"",""WORKDIR/symbol/M23/MR11/trace/build-01/host.c"",""-o"",""WORKDIR/symbol/M23/MR11/trace/build-01/artifact.bin""],""effective_payload_hex"":""4d6f7270682d3031"",""key"":""key-alpha"",""mutant_id"":""M23"",""requested_compiler"":""clang"",""requested_optimization"":""Os"",""requested_payload_hex"":""4d6f7270682d3031"",""return_code"":0,""source"":""WORKDIR/symbol/M23/MR11/trace/build-01/host.c"",""source_sha256"":""45e69a3841e4e8368c9380bdbc2f287b38fe1665811764759930b7957a59ce6a"",""stderr"":""""}}"
pilot_mutation,H01-gcd.c,bf207a4afdd7e623be4bd0751bdc1917c0ee550af0f38c0531b25bb726d1710c,symbol,M23,revisit_state_contamination,state,MR12,Interleaved artifact isolation,separate,True,False,parallel_isolation_satisfied,0.074421,,True,"{""aliasing_detected"":false,""both_expected"":true,""execution_order"":""overlapping-builds-then-extract"",""payloads_distinct"":true}"
pilot_mutation,H01-gcd.c,bf207a4afdd7e623be4bd0751bdc1917c0ee550af0f38c0531b25bb726d1710c,symbol,M23,revisit_state_contamination,state,MR13,Reordered extraction independence,preserve,False,True,before=b'Morph-01';intervening=b'Second-2';after=b'Second-2',0.141448,,True,"{""intervening_extraction"":true}"
pilot_mutation,H01-gcd.c,bf207a4afdd7e623be4bd0751bdc1917c0ee550af0f38c0531b25bb726d1710c,symbol,M23,revisit_state_contamination,state,MR14,Rebuild stability,preserve,True,False,first=b'Morph-01';second=b'Morph-01',0.115371,,True,"{""binary_bytes_equal"":true,""execution_order"":""build1-extract1-build2-extract2""}"
pilot_mutation,H01-gcd.c,bf207a4afdd7e623be4bd0751bdc1917c0ee550af0f38c0531b25bb726d1710c,symbol,M24,second_identical_build_corruption,state,MR01,Round-trip fidelity,preserve,True,False,extracted=b'Morph-01',0.048028,,True,"{""build"":{""actual_compiler"":""gcc"",""actual_optimization"":""O2"",""binary"":""WORKDIR/symbol/M24/MR01/marked/build-01/artifact.bin"",""binary_sha256"":""7b713450f899744a0e9c1995e1ea83c762e52b3b03c45f82418d86193b6be1a1"",""carrier"":""symbol"",""command"":[""gcc"",""-std=c11"",""-fno-ident"",""-no-pie"",""-O2"",""WORKDIR/symbol/M24/MR01/marked/build-01/host.c"",""-o"",""WORKDIR/symbol/M24/MR01/marked/build-01/artifact.bin""],""effective_payload_hex"":""4d6f7270682d3031"",""key"":""key-alpha"",""mutant_id"":""M24"",""requested_compiler"":""gcc"",""requested_optimization"":""O2"",""requested_payload_hex"":""4d6f7270682d3031"",""return_code"":0,""source"":""WORKDIR/symbol/M24/MR01/marked/build-01/host.c"",""source_sha256"":""45e69a3841e4e8368c9380bdbc2f287b38fe1665811764759930b7957a59ce6a"",""stderr"":""""},""extracted_hex"":""4d6f7270682d3031""}"
pilot_mutation,H01-gcd.c,bf207a4afdd7e623be4bd0751bdc1917c0ee550af0f38c0531b25bb726d1710c,symbol,M24,second_identical_build_corruption,state,MR02,Host-semantic preservation,preserve,True,False,mismatch_count=0,0.137705,,True,"{""mismatches"":[]}"
pilot_mutation,H01-gcd.c,bf207a4afdd7e623be4bd0751bdc1917c0ee550af0f38c0531b25bb726d1710c,symbol,M24,second_identical_build_corruption,state,MR03,Unmarked rejection,reject,True,False,rejected:absent:watermark symbols not found,0.083002,,True,"{""unmarked_binary_sha256"":""17288de5d8ffc83b2223ee650ec19f96fa9b779f3eb45b8e2433c730b7a1e3e2""}"
pilot_mutation,H01-gcd.c,bf207a4afdd7e623be4bd0751bdc1917c0ee550af0f38c0531b25bb726d1710c,symbol,M24,second_identical_build_corruption,state,MR04,Wrong-key rejection,reject,True,False,rejected:wrong-key:symbol key tag mismatch,0.071713,,True,"{""antecedent_guarded"":true,""antecedent_hex"":""4d6f7270682d3031""}"
pilot_mutation,H01-gcd.c,bf207a4afdd7e623be4bd0751bdc1917c0ee550af0f38c0531b25bb726d1710c,symbol,M24,second_identical_build_corruption,state,MR05,Payload separation,separate,True,False,first=b'Morph-01';second=b'Second-2',0.108701,,True,"{""execution_order"":""sequential-builds-then-extract"",""first_hex"":""4d6f7270682d3031"",""second_hex"":""5365636f6e642d32""}"
pilot_mutation,H01-gcd.c,bf207a4afdd7e623be4bd0751bdc1917c0ee550af0f38c0531b25bb726d1710c,symbol,M24,second_identical_build_corruption,state,MR06,Cross-compiler invariance,preserve,True,False,"payloads=b'Morph-01',b'Morph-01';semantic_equal=True",0.174952,,True,"{""clang_actual"":""clang"",""gcc_actual"":""gcc""}"
pilot_mutation,H01-gcd.c,bf207a4afdd7e623be4bd0751bdc1917c0ee550af0f38c0531b25bb726d1710c,symbol,M24,second_identical_build_corruption,state,MR07,Optimization invariance,preserve,True,False,"payloads=['Morph-01', 'Morph-01', 'Morph-01'];semantic_equal=True",0.227726,,True,{}
pilot_mutation,H01-gcd.c,bf207a4afdd7e623be4bd0751bdc1917c0ee550af0f38c0531b25bb726d1710c,symbol,M24,second_identical_build_corruption,state,MR08,Clean-room relocation,preserve,True,False,relocated=b'Morph-01',0.067295,,True,"{""clean_room_entries"":[""renamed-artifact.bin""],""relocated_hex"":""4d6f7270682d3031""}"
pilot_mutation,H01-gcd.c,bf207a4afdd7e623be4bd0751bdc1917c0ee550af0f38c0531b25bb726d1710c,symbol,M24,second_identical_build_corruption,state,MR09,Carrier-removal rejection,reject,True,False,rejected:absent:watermark symbols not found,0.060285,,True,"{""antecedent_guarded"":true}"
pilot_mutation,H01-gcd.c,bf207a4afdd7e623be4bd0751bdc1917c0ee550af0f38c0531b25bb726d1710c,symbol,M24,second_identical_build_corruption,state,MR10,Carrier-corruption rejection,reject,True,False,rejected:malformed:inconsistent watermark symbol set,0.059828,,True,"{""antecedent_guarded"":true}"
pilot_mutation,H01-gcd.c,bf207a4afdd7e623be4bd0751bdc1917c0ee550af0f38c0531b25bb726d1710c,symbol,M24,second_identical_build_corruption,state,MR11,Requested/actual trace agreement,trace,True,False,requested=clang/Os;actual=clang/Os,0.087505,,True,"{""build"":{""actual_compiler"":""clang"",""actual_optimization"":""Os"",""binary"":""WORKDIR/symbol/M24/MR11/trace/build-01/artifact.bin"",""binary_sha256"":""25e0d918cd8ff7cc194ede1eb56d7dc89089e033832c65ca5cceab6c9faa446b"",""carrier"":""symbol"",""command"":[""clang"",""-std=c11"",""-fno-ident"",""-no-pie"",""-Os"",""WORKDIR/symbol/M24/MR11/trace/build-01/host.c"",""-o"",""WORKDIR/symbol/M24/MR11/trace/build-01/artifact.bin""],""effective_payload_hex"":""4d6f7270682d3031"",""key"":""key-alpha"",""mutant_id"":""M24"",""requested_compiler"":""clang"",""requested_optimization"":""Os"",""requested_payload_hex"":""4d6f7270682d3031"",""return_code"":0,""source"":""WORKDIR/symbol/M24/MR11/trace/build-01/host.c"",""source_sha256"":""45e69a3841e4e8368c9380bdbc2f287b38fe1665811764759930b7957a59ce6a"",""stderr"":""""}}"
pilot_mutation,H01-gcd.c,bf207a4afdd7e623be4bd0751bdc1917c0ee550af0f38c0531b25bb726d1710c,symbol,M24,second_identical_build_corruption,state,MR12,Interleaved artifact isolation,separate,True,False,parallel_isolation_satisfied,0.083395,,True,"{""aliasing_detected"":false,""both_expected"":true,""execution_order"":""overlapping-builds-then-extract"",""payloads_distinct"":true}"
pilot_mutation,H01-gcd.c,bf207a4afdd7e623be4bd0751bdc1917c0ee550af0f38c0531b25bb726d1710c,symbol,M24,second_identical_build_corruption,state,MR13,Reordered extraction independence,preserve,True,False,before=b'Morph-01';intervening=b'Second-2';after=b'Morph-01',0.155682,,True,"{""intervening_extraction"":true}"
pilot_mutation,H01-gcd.c,bf207a4afdd7e623be4bd0751bdc1917c0ee550af0f38c0531b25bb726d1710c,symbol,M24,second_identical_build_corruption,state,MR14,Rebuild stability,preserve,False,True,first=b'Morph-01';second=b'Lorph-01',0.127706,,True,"{""binary_bytes_equal"":false,""execution_order"":""build1-extract1-build2-extract2""}"
pilot_mutation,H01-gcd.c,bf207a4afdd7e623be4bd0751bdc1917c0ee550af0f38c0531b25bb726d1710c,section,M01,embed_noop,embedding,MR01,Round-trip fidelity,preserve,False,True,exception:ExtractionError:custom section .wmrec not found,0.057592,ExtractionError,True,{}
pilot_mutation,H01-gcd.c,bf207a4afdd7e623be4bd0751bdc1917c0ee550af0f38c0531b25bb726d1710c,section,M01,embed_noop,embedding,MR02,Host-semantic preservation,preserve,True,False,mismatch_count=0,0.159004,,True,"{""mismatches"":[]}"
pilot_mutation,H01-gcd.c,bf207a4afdd7e623be4bd0751bdc1917c0ee550af0f38c0531b25bb726d1710c,section,M01,embed_noop,embedding,MR03,Unmarked rejection,reject,True,False,rejected:absent:custom section .wmrec not found,0.081003,,True,"{""unmarked_binary_sha256"":""17288de5d8ffc83b2223ee650ec19f96fa9b779f3eb45b8e2433c730b7a1e3e2""}"
pilot_mutation,H01-gcd.c,bf207a4afdd7e623be4bd0751bdc1917c0ee550af0f38c0531b25bb726d1710c,section,M01,embed_noop,embedding,MR04,Wrong-key rejection,reject,True,False,rejected:wrong-key:key tag mismatch,0.070167,,True,"{""antecedent_guarded"":true,""antecedent_hex"":""4d6f7270682d3031""}"
pilot_mutation,H01-gcd.c,bf207a4afdd7e623be4bd0751bdc1917c0ee550af0f38c0531b25bb726d1710c,section,M01,embed_noop,embedding,MR05,Payload separation,separate,False,True,exception:ExtractionError:custom section .wmrec not found,0.100191,ExtractionError,True,{}
pilot_mutation,H01-gcd.c,bf207a4afdd7e623be4bd0751bdc1917c0ee550af0f38c0531b25bb726d1710c,section,M01,embed_noop,embedding,MR06,Cross-compiler invariance,preserve,False,True,exception:ExtractionError:custom section .wmrec not found,0.133964,ExtractionError,True,{}
pilot_mutation,H01-gcd.c,bf207a4afdd7e623be4bd0751bdc1917c0ee550af0f38c0531b25bb726d1710c,section,M01,embed_noop,embedding,MR07,Optimization invariance,preserve,False,True,exception:ExtractionError:custom section .wmrec not found,0.156034,ExtractionError,True,{}
pilot_mutation,H01-gcd.c,bf207a4afdd7e623be4bd0751bdc1917c0ee550af0f38c0531b25bb726d1710c,section,M01,embed_noop,embedding,MR08,Clean-room relocation,preserve,False,True,exception:ExtractionError:custom section .wmrec not found,0.051581,ExtractionError,True,{}
pilot_mutation,H01-gcd.c,bf207a4afdd7e623be4bd0751bdc1917c0ee550af0f38c0531b25bb726d1710c,section,M01,embed_noop,embedding,MR09,Carrier-removal rejection,reject,True,False,rejected:absent:custom section .wmrec not found,0.086952,,True,"{""antecedent_guarded"":true}"
pilot_mutation,H01-gcd.c,bf207a4afdd7e623be4bd0751bdc1917c0ee550af0f38c0531b25bb726d1710c,section,M01,embed_noop,embedding,MR10,Carrier-corruption rejection,reject,True,False,rejected:checksum:payload checksum mismatch,0.090848,,True,"{""antecedent_guarded"":true}"
pilot_mutation,H01-gcd.c,bf207a4afdd7e623be4bd0751bdc1917c0ee550af0f38c0531b25bb726d1710c,section,M01,embed_noop,embedding,MR11,Requested/actual trace agreement,trace,True,False,requested=clang/Os;actual=clang/Os,0.08938,,True,"{""build"":{""actual_compiler"":""clang"",""actual_optimization"":""Os"",""binary"":""WORKDIR/section/M01/MR11/trace/build-01/artifact.bin"",""binary_sha256"":""8979583311288d6755db67bfb67a745238b66729f18570b075945ee29c1a551b"",""carrier"":""section"",""command"":[""clang"",""-std=c11"",""-fno-ident"",""-no-pie"",""-Os"",""WORKDIR/section/M01/MR11/trace/build-01/host.c"",""-o"",""WORKDIR/section/M01/MR11/trace/build-01/artifact.bin""],""effective_payload_hex"":""4d6f7270682d3031"",""key"":""key-alpha"",""mutant_id"":""M01"",""requested_compiler"":""clang"",""requested_optimization"":""Os"",""requested_payload_hex"":""4d6f7270682d3031"",""return_code"":0,""source"":""WORKDIR/section/M01/MR11/trace/build-01/host.c"",""source_sha256"":""bf207a4afdd7e623be4bd0751bdc1917c0ee550af0f38c0531b25bb726d1710c"",""stderr"":""""}}"
pilot_mutation,H01-gcd.c,bf207a4afdd7e623be4bd0751bdc1917c0ee550af0f38c0531b25bb726d1710c,section,M01,embed_noop,embedding,MR12,Interleaved artifact isolation,separate,False,True,exception:ExtractionError:custom section .wmrec not found,0.091079,ExtractionError,True,{}
pilot_mutation,H01-gcd.c,bf207a4afdd7e623be4bd0751bdc1917c0ee550af0f38c0531b25bb726d1710c,section,M01,embed_noop,embedding,MR13,Reordered extraction independence,preserve,False,True,exception:ExtractionError:custom section .wmrec not found,0.06455,ExtractionError,True,{}
pilot_mutation,H01-gcd.c,bf207a4afdd7e623be4bd0751bdc1917c0ee550af0f38c0531b25bb726d1710c,section,M01,embed_noop,embedding,MR14,Rebuild stability,preserve,False,True,exception:ExtractionError:custom section .wmrec not found,0.058517,ExtractionError,True,{}
pilot_mutation,H01-gcd.c,bf207a4afdd7e623be4bd0751bdc1917c0ee550af0f38c0531b25bb726d1710c,section,M02,truncate_payload,embedding,MR01,Round-trip fidelity,preserve,False,True,extracted=b'Morph-0',0.090576,,True,"{""build"":{""actual_compiler"":""gcc"",""actual_optimization"":""O2"",""binary"":""WORKDIR/section/M02/MR01/marked/build-01/artifact.bin"",""binary_sha256"":""3548a491cc4cac19a41dd4d9454f90761be23c939a08c351d38d7d6c49c0ec6a"",""carrier"":""section"",""command"":[""gcc"",""-std=c11"",""-fno-ident"",""-no-pie"",""-O2"",""WORKDIR/section/M02/MR01/marked/build-01/host.c"",""-o"",""WORKDIR/section/M02/MR01/marked/build-01/artifact.bin""],""effective_payload_hex"":""4d6f7270682d30"",""key"":""key-alpha"",""mutant_id"":""M02"",""requested_compiler"":""gcc"",""requested_optimization"":""O2"",""requested_payload_hex"":""4d6f7270682d3031"",""return_code"":0,""source"":""WORKDIR/section/M02/MR01/marked/build-01/host.c"",""source_sha256"":""bf207a4afdd7e623be4bd0751bdc1917c0ee550af0f38c0531b25bb726d1710c"",""stderr"":""""},""extracted_hex"":""4d6f7270682d30""}"
pilot_mutation,H01-gcd.c,bf207a4afdd7e623be4bd0751bdc1917c0ee550af0f38c0531b25bb726d1710c,section,M02,truncate_payload,embedding,MR02,Host-semantic preservation,preserve,True,False,mismatch_count=0,0.141886,,True,"{""mismatches"":[]}"
pilot_mutation,H01-gcd.c,bf207a4afdd7e623be4bd0751bdc1917c0ee550af0f38c0531b25bb726d1710c,section,M02,truncate_payload,embedding,MR03,Unmarked rejection,reject,True,False,rejected:absent:custom section .wmrec not found,0.091369,,True,"{""unmarked_binary_sha256"":""17288de5d8ffc83b2223ee650ec19f96fa9b779f3eb45b8e2433c730b7a1e3e2""}"
pilot_mutation,H01-gcd.c,bf207a4afdd7e623be4bd0751bdc1917c0ee550af0f38c0531b25bb726d1710c,section,M02,truncate_payload,embedding,MR04,Wrong-key rejection,reject,True,False,rejected:wrong-key:key tag mismatch,0.050044,,True,"{""antecedent_guarded"":true,""antecedent_hex"":""4d6f7270682d3031""}"
pilot_mutation,H01-gcd.c,bf207a4afdd7e623be4bd0751bdc1917c0ee550af0f38c0531b25bb726d1710c,section,M02,truncate_payload,embedding,MR05,Payload separation,separate,False,True,first=b'Morph-0';second=b'Second-',0.177522,,True,"{""execution_order"":""sequential-builds-then-extract"",""first_hex"":""4d6f7270682d30"",""second_hex"":""5365636f6e642d""}"
pilot_mutation,H01-gcd.c,bf207a4afdd7e623be4bd0751bdc1917c0ee550af0f38c0531b25bb726d1710c,section,M02,truncate_payload,embedding,MR06,Cross-compiler invariance,preserve,False,True,"payloads=b'Morph-0',b'Morph-0';semantic_equal=True",0.184549,,True,"{""clang_actual"":""clang"",""gcc_actual"":""gcc""}"
pilot_mutation,H01-gcd.c,bf207a4afdd7e623be4bd0751bdc1917c0ee550af0f38c0531b25bb726d1710c,section,M02,truncate_payload,embedding,MR07,Optimization invariance,preserve,False,True,"payloads=['Morph-0', 'Morph-0', 'Morph-0'];semantic_equal=True",0.216343,,True,{}
pilot_mutation,H01-gcd.c,bf207a4afdd7e623be4bd0751bdc1917c0ee550af0f38c0531b25bb726d1710c,section,M02,truncate_payload,embedding,MR08,Clean-room relocation,preserve,False,True,source_mismatch=b'Morph-0',0.059047,,True,"{""source_hex"":""4d6f7270682d30""}"
pilot_mutation,H01-gcd.c,bf207a4afdd7e623be4bd0751bdc1917c0ee550af0f38c0531b25bb726d1710c,section,M02,truncate_payload,embedding,MR09,Carrier-removal rejection,reject,True,False,rejected:absent:custom section .wmrec not found,0.075512,,True,"{""antecedent_guarded"":true}"
pilot_mutation,H01-gcd.c,bf207a4afdd7e623be4bd0751bdc1917c0ee550af0f38c0531b25bb726d1710c,section,M02,truncate_payload,embedding,MR10,Carrier-corruption rejection,reject,True,False,rejected:checksum:payload checksum mismatch,0.08977,,True,"{""antecedent_guarded"":true}"
pilot_mutation,H01-gcd.c,bf207a4afdd7e623be4bd0751bdc1917c0ee550af0f38c0531b25bb726d1710c,section,M02,truncate_payload,embedding,MR11,Requested/actual trace agreement,trace,True,False,requested=clang/Os;actual=clang/Os,0.06161,,True,"{""build"":{""actual_compiler"":""clang"",""actual_optimization"":""Os"",""binary"":""WORKDIR/section/M02/MR11/trace/build-01/artifact.bin"",""binary_sha256"":""6ce46e6a6115ef6c17c4242cb2efa4ea8f8ebb9c7a2ea61021285e4892918c05"",""carrier"":""section"",""command"":[""clang"",""-std=c11"",""-fno-ident"",""-no-pie"",""-Os"",""WORKDIR/section/M02/MR11/trace/build-01/host.c"",""-o"",""WORKDIR/section/M02/MR11/trace/build-01/artifact.bin""],""effective_payload_hex"":""4d6f7270682d30"",""key"":""key-alpha"",""mutant_id"":""M02"",""requested_compiler"":""clang"",""requested_optimization"":""Os"",""requested_payload_hex"":""4d6f7270682d3031"",""return_code"":0,""source"":""WORKDIR/section/M02/MR11/trace/build-01/host.c"",""source_sha256"":""bf207a4afdd7e623be4bd0751bdc1917c0ee550af0f38c0531b25bb726d1710c"",""stderr"":""""}}"
pilot_mutation,H01-gcd.c,bf207a4afdd7e623be4bd0751bdc1917c0ee550af0f38c0531b25bb726d1710c,section,M02,truncate_payload,embedding,MR12,Interleaved artifact isolation,separate,False,True,parallel_isolation_clause_violated,0.085375,,True,"{""aliasing_detected"":false,""both_expected"":false,""execution_order"":""overlapping-builds-then-extract"",""payloads_distinct"":true}"
pilot_mutation,H01-gcd.c,bf207a4afdd7e623be4bd0751bdc1917c0ee550af0f38c0531b25bb726d1710c,section,M02,truncate_payload,embedding,MR13,Reordered extraction independence,preserve,False,True,before=b'Morph-0';intervening=b'Second-';after=b'Morph-0',0.117325,,True,"{""intervening_extraction"":true}"
pilot_mutation,H01-gcd.c,bf207a4afdd7e623be4bd0751bdc1917c0ee550af0f38c0531b25bb726d1710c,section,M02,truncate_payload,embedding,MR14,Rebuild stability,preserve,False,True,first=b'Morph-0';second=b'Morph-0',0.09624,,True,"{""binary_bytes_equal"":true,""execution_order"":""build1-extract1-build2-extract2""}"
pilot_mutation,H01-gcd.c,bf207a4afdd7e623be4bd0751bdc1917c0ee550af0f38c0531b25bb726d1710c,section,M03,flip_payload,embedding,MR01,Round-trip fidelity,preserve,False,True,extracted=b'Lorph-01',0.088374,,True,"{""build"":{""actual_compiler"":""gcc"",""actual_optimization"":""O2"",""binary"":""WORKDIR/section/M03/MR01/marked/build-01/artifact.bin"",""binary_sha256"":""e4e61bedefb2d8c2337e305bec14956cb48d734be0b3c77fbe504d3031c112b1"",""carrier"":""section"",""command"":[""gcc"",""-std=c11"",""-fno-ident"",""-no-pie"",""-O2"",""WORKDIR/section/M03/MR01/marked/build-01/host.c"",""-o"",""WORKDIR/section/M03/MR01/marked/build-01/artifact.bin""],""effective_payload_hex"":""4c6f7270682d3031"",""key"":""key-alpha"",""mutant_id"":""M03"",""requested_compiler"":""gcc"",""requested_optimization"":""O2"",""requested_payload_hex"":""4d6f7270682d3031"",""return_code"":0,""source"":""WORKDIR/section/M03/MR01/marked/build-01/host.c"",""source_sha256"":""bf207a4afdd7e623be4bd0751bdc1917c0ee550af0f38c0531b25bb726d1710c"",""stderr"":""""},""extracted_hex"":""4c6f7270682d3031""}"
pilot_mutation,H01-gcd.c,bf207a4afdd7e623be4bd0751bdc1917c0ee550af0f38c0531b25bb726d1710c,section,M03,flip_payload,embedding,MR02,Host-semantic preservation,preserve,True,False,mismatch_count=0,0.16837,,True,"{""mismatches"":[]}"
pilot_mutation,H01-gcd.c,bf207a4afdd7e623be4bd0751bdc1917c0ee550af0f38c0531b25bb726d1710c,section,M03,flip_payload,embedding,MR03,Unmarked rejection,reject,True,False,rejected:absent:custom section .wmrec not found,0.05631,,True,"{""unmarked_binary_sha256"":""17288de5d8ffc83b2223ee650ec19f96fa9b779f3eb45b8e2433c730b7a1e3e2""}"
pilot_mutation,H01-gcd.c,bf207a4afdd7e623be4bd0751bdc1917c0ee550af0f38c0531b25bb726d1710c,section,M03,flip_payload,embedding,MR04,Wrong-key rejection,reject,True,False,rejected:wrong-key:key tag mismatch,0.051416,,True,"{""antecedent_guarded"":true,""antecedent_hex"":""4d6f7270682d3031""}"
pilot_mutation,H01-gcd.c,bf207a4afdd7e623be4bd0751bdc1917c0ee550af0f38c0531b25bb726d1710c,section,M03,flip_payload,embedding,MR05,Payload separation,separate,False,True,first=b'Lorph-01';second=b'Recond-2',0.143945,,True,"{""execution_order"":""sequential-builds-then-extract"",""first_hex"":""4c6f7270682d3031"",""second_hex"":""5265636f6e642d32""}"
pilot_mutation,H01-gcd.c,bf207a4afdd7e623be4bd0751bdc1917c0ee550af0f38c0531b25bb726d1710c,section,M03,flip_payload,embedding,MR06,Cross-compiler invariance,preserve,False,True,"payloads=b'Lorph-01',b'Lorph-01';semantic_equal=True",0.187763,,True,"{""clang_actual"":""clang"",""gcc_actual"":""gcc""}"
pilot_mutation,H01-gcd.c,bf207a4afdd7e623be4bd0751bdc1917c0ee550af0f38c0531b25bb726d1710c,section,M03,flip_payload,embedding,MR07,Optimization invariance,preserve,False,True,"payloads=['Lorph-01', 'Lorph-01', 'Lorph-01'];semantic_equal=True",0.263094,,True,{}
pilot_mutation,H01-gcd.c,bf207a4afdd7e623be4bd0751bdc1917c0ee550af0f38c0531b25bb726d1710c,section,M03,flip_payload,embedding,MR08,Clean-room relocation,preserve,False,True,source_mismatch=b'Lorph-01',0.072296,,True,"{""source_hex"":""4c6f7270682d3031""}"
pilot_mutation,H01-gcd.c,bf207a4afdd7e623be4bd0751bdc1917c0ee550af0f38c0531b25bb726d1710c,section,M03,flip_payload,embedding,MR09,Carrier-removal rejection,reject,True,False,rejected:absent:custom section .wmrec not found,0.073762,,True,"{""antecedent_guarded"":true}"
pilot_mutation,H01-gcd.c,bf207a4afdd7e623be4bd0751bdc1917c0ee550af0f38c0531b25bb726d1710c,section,M03,flip_payload,embedding,MR10,Carrier-corruption rejection,reject,True,False,rejected:checksum:payload checksum mismatch,0.070762,,True,"{""antecedent_guarded"":true}"
pilot_mutation,H01-gcd.c,bf207a4afdd7e623be4bd0751bdc1917c0ee550af0f38c0531b25bb726d1710c,section,M03,flip_payload,embedding,MR11,Requested/actual trace agreement,trace,True,False,requested=clang/Os;actual=clang/Os,0.088083,,True,"{""build"":{""actual_compiler"":""clang"",""actual_optimization"":""Os"",""binary"":""WORKDIR/section/M03/MR11/trace/build-01/artifact.bin"",""binary_sha256"":""2e75cbe00e865661a724a1618977bda2662fcdbb7de8b4b4ede68b59713f910c"",""carrier"":""section"",""command"":[""clang"",""-std=c11"",""-fno-ident"",""-no-pie"",""-Os"",""WORKDIR/section/M03/MR11/trace/build-01/host.c"",""-o"",""WORKDIR/section/M03/MR11/trace/build-01/artifact.bin""],""effective_payload_hex"":""4c6f7270682d3031"",""key"":""key-alpha"",""mutant_id"":""M03"",""requested_compiler"":""clang"",""requested_optimization"":""Os"",""requested_payload_hex"":""4d6f7270682d3031"",""return_code"":0,""source"":""WORKDIR/section/M03/MR11/trace/build-01/host.c"",""source_sha256"":""bf207a4afdd7e623be4bd0751bdc1917c0ee550af0f38c0531b25bb726d1710c"",""stderr"":""""}}"
pilot_mutation,H01-gcd.c,bf207a4afdd7e623be4bd0751bdc1917c0ee550af0f38c0531b25bb726d1710c,section,M03,flip_payload,embedding,MR12,Interleaved artifact isolation,separate,False,True,parallel_isolation_clause_violated,0.085471,,True,"{""aliasing_detected"":false,""both_expected"":false,""execution_order"":""overlapping-builds-then-extract"",""payloads_distinct"":true}"
pilot_mutation,H01-gcd.c,bf207a4afdd7e623be4bd0751bdc1917c0ee550af0f38c0531b25bb726d1710c,section,M03,flip_payload,embedding,MR13,Reordered extraction independence,preserve,False,True,before=b'Lorph-01';intervening=b'Recond-2';after=b'Lorph-01',0.135501,,True,"{""intervening_extraction"":true}"
pilot_mutation,H01-gcd.c,bf207a4afdd7e623be4bd0751bdc1917c0ee550af0f38c0531b25bb726d1710c,section,M03,flip_payload,embedding,MR14,Rebuild stability,preserve,False,True,first=b'Lorph-01';second=b'Lorph-01',0.127358,,True,"{""binary_bytes_equal"":true,""execution_order"":""build1-extract1-build2-extract2""}"
pilot_mutation,H01-gcd.c,bf207a4afdd7e623be4bd0751bdc1917c0ee550af0f38c0531b25bb726d1710c,section,M04,fixed_payload,state,MR01,Round-trip fidelity,preserve,False,True,extracted=b'fixed-payload',0.073095,,True,"{""build"":{""actual_compiler"":""gcc"",""actual_optimization"":""O2"",""binary"":""WORKDIR/section/M04/MR01/marked/build-01/artifact.bin"",""binary_sha256"":""667c62b491353fb956245eb3c40e64e29fa7199e114af6408e67271eb6756ca2"",""carrier"":""section"",""command"":[""gcc"",""-std=c11"",""-fno-ident"",""-no-pie"",""-O2"",""WORKDIR/section/M04/MR01/marked/build-01/host.c"",""-o"",""WORKDIR/section/M04/MR01/marked/build-01/artifact.bin""],""effective_payload_hex"":""66697865642d7061796c6f6164"",""key"":""key-alpha"",""mutant_id"":""M04"",""requested_compiler"":""gcc"",""requested_optimization"":""O2"",""requested_payload_hex"":""4d6f7270682d3031"",""return_code"":0,""source"":""WORKDIR/section/M04/MR01/marked/build-01/host.c"",""source_sha256"":""bf207a4afdd7e623be4bd0751bdc1917c0ee550af0f38c0531b25bb726d1710c"",""stderr"":""""},""extracted_hex"":""66697865642d7061796c6f6164""}"
pilot_mutation,H01-gcd.c,bf207a4afdd7e623be4bd0751bdc1917c0ee550af0f38c0531b25bb726d1710c,section,M04,fixed_payload,state,MR02,Host-semantic preservation,preserve,True,False,mismatch_count=0,0.15207,,True,"{""mismatches"":[]}"
pilot_mutation,H01-gcd.c,bf207a4afdd7e623be4bd0751bdc1917c0ee550af0f38c0531b25bb726d1710c,section,M04,fixed_payload,state,MR03,Unmarked rejection,reject,True,False,rejected:absent:custom section .wmrec not found,0.085986,,True,"{""unmarked_binary_sha256"":""17288de5d8ffc83b2223ee650ec19f96fa9b779f3eb45b8e2433c730b7a1e3e2""}"
pilot_mutation,H01-gcd.c,bf207a4afdd7e623be4bd0751bdc1917c0ee550af0f38c0531b25bb726d1710c,section,M04,fixed_payload,state,MR04,Wrong-key rejection,reject,True,False,rejected:wrong-key:key tag mismatch,0.052598,,True,"{""antecedent_guarded"":true,""antecedent_hex"":""4d6f7270682d3031""}"
pilot_mutation,H01-gcd.c,bf207a4afdd7e623be4bd0751bdc1917c0ee550af0f38c0531b25bb726d1710c,section,M04,fixed_payload,state,MR05,Payload separation,separate,False,True,first=b'fixed-payload';second=b'fixed-payload',0.112477,,True,"{""execution_order"":""sequential-builds-then-extract"",""first_hex"":""66697865642d7061796c6f6164"",""second_hex"":""66697865642d7061796c6f6164""}"
pilot_mutation,H01-gcd.c,bf207a4afdd7e623be4bd0751bdc1917c0ee550af0f38c0531b25bb726d1710c,section,M04,fixed_payload,state,MR06,Cross-compiler invariance,preserve,False,True,"payloads=b'fixed-payload',b'fixed-payload';semantic_equal=True",0.193189,,True,"{""clang_actual"":""clang"",""gcc_actual"":""gcc""}"
pilot_mutation,H01-gcd.c,bf207a4afdd7e623be4bd0751bdc1917c0ee550af0f38c0531b25bb726d1710c,section,M04,fixed_payload,state,MR07,Optimization invariance,preserve,False,True,"payloads=['fixed-payload', 'fixed-payload', 'fixed-payload'];semantic_equal=True",0.283735,,True,{}
pilot_mutation,H01-gcd.c,bf207a4afdd7e623be4bd0751bdc1917c0ee550af0f38c0531b25bb726d1710c,section,M04,fixed_payload,state,MR08,Clean-room relocation,preserve,False,True,source_mismatch=b'fixed-payload',0.062016,,True,"{""source_hex"":""66697865642d7061796c6f6164""}"
pilot_mutation,H01-gcd.c,bf207a4afdd7e623be4bd0751bdc1917c0ee550af0f38c0531b25bb726d1710c,section,M04,fixed_payload,state,MR09,Carrier-removal rejection,reject,True,False,rejected:absent:custom section .wmrec not found,0.056327,,True,"{""antecedent_guarded"":true}"
pilot_mutation,H01-gcd.c,bf207a4afdd7e623be4bd0751bdc1917c0ee550af0f38c0531b25bb726d1710c,section,M04,fixed_payload,state,MR10,Carrier-corruption rejection,reject,True,False,rejected:checksum:payload checksum mismatch,0.13478,,True,"{""antecedent_guarded"":true}"
pilot_mutation,H01-gcd.c,bf207a4afdd7e623be4bd0751bdc1917c0ee550af0f38c0531b25bb726d1710c,section,M04,fixed_payload,state,MR11,Requested/actual trace agreement,trace,True,False,requested=clang/Os;actual=clang/Os,0.06204,,True,"{""build"":{""actual_compiler"":""clang"",""actual_optimization"":""Os"",""binary"":""WORKDIR/section/M04/MR11/trace/build-01/artifact.bin"",""binary_sha256"":""60f0b8e0dbfa7018c69bb4c7c05add93eb25c462873f43f0e855c482de0bec54"",""carrier"":""section"",""command"":[""clang"",""-std=c11"",""-fno-ident"",""-no-pie"",""-Os"",""WORKDIR/section/M04/MR11/trace/build-01/host.c"",""-o"",""WORKDIR/section/M04/MR11/trace/build-01/artifact.bin""],""effective_payload_hex"":""66697865642d7061796c6f6164"",""key"":""key-alpha"",""mutant_id"":""M04"",""requested_compiler"":""clang"",""requested_optimization"":""Os"",""requested_payload_hex"":""4d6f7270682d3031"",""return_code"":0,""source"":""WORKDIR/section/M04/MR11/trace/build-01/host.c"",""source_sha256"":""bf207a4afdd7e623be4bd0751bdc1917c0ee550af0f38c0531b25bb726d1710c"",""stderr"":""""}}"
pilot_mutation,H01-gcd.c,bf207a4afdd7e623be4bd0751bdc1917c0ee550af0f38c0531b25bb726d1710c,section,M04,fixed_payload,state,MR12,Interleaved artifact isolation,separate,False,True,parallel_isolation_clause_violated,0.08674,,True,"{""aliasing_detected"":true,""both_expected"":false,""execution_order"":""overlapping-builds-then-extract"",""payloads_distinct"":false}"
pilot_mutation,H01-gcd.c,bf207a4afdd7e623be4bd0751bdc1917c0ee550af0f38c0531b25bb726d1710c,section,M04,fixed_payload,state,MR13,Reordered extraction independence,preserve,False,True,before=b'fixed-payload';intervening=b'fixed-payload';after=b'fixed-payload',0.134584,,True,"{""intervening_extraction"":true}"
pilot_mutation,H01-gcd.c,bf207a4afdd7e623be4bd0751bdc1917c0ee550af0f38c0531b25bb726d1710c,section,M04,fixed_payload,state,MR14,Rebuild stability,preserve,False,True,first=b'fixed-payload';second=b'fixed-payload',0.108129,,True,"{""binary_bytes_equal"":true,""execution_order"":""build1-extract1-build2-extract2""}"
pilot_mutation,H01-gcd.c,bf207a4afdd7e623be4bd0751bdc1917c0ee550af0f38c0531b25bb726d1710c,section,M05,lower_payload,normalization,MR01,Round-trip fidelity,preserve,False,True,extracted=b'morph-01',0.052613,,True,"{""build"":{""actual_compiler"":""gcc"",""actual_optimization"":""O2"",""binary"":""WORKDIR/section/M05/MR01/marked/build-01/artifact.bin"",""binary_sha256"":""4ce98f13723de17658f78330379257ee738cce29e452cde37abeeb0449255443"",""carrier"":""section"",""command"":[""gcc"",""-std=c11"",""-fno-ident"",""-no-pie"",""-O2"",""WORKDIR/section/M05/MR01/marked/build-01/host.c"",""-o"",""WORKDIR/section/M05/MR01/marked/build-01/artifact.bin""],""effective_payload_hex"":""6d6f7270682d3031"",""key"":""key-alpha"",""mutant_id"":""M05"",""requested_compiler"":""gcc"",""requested_optimization"":""O2"",""requested_payload_hex"":""4d6f7270682d3031"",""return_code"":0,""source"":""WORKDIR/section/M05/MR01/marked/build-01/host.c"",""source_sha256"":""bf207a4afdd7e623be4bd0751bdc1917c0ee550af0f38c0531b25bb726d1710c"",""stderr"":""""},""extracted_hex"":""6d6f7270682d3031""}"
pilot_mutation,H01-gcd.c,bf207a4afdd7e623be4bd0751bdc1917c0ee550af0f38c0531b25bb726d1710c,section,M05,lower_payload,normalization,MR02,Host-semantic preservation,preserve,True,False,mismatch_count=0,0.172575,,True,"{""mismatches"":[]}"
pilot_mutation,H01-gcd.c,bf207a4afdd7e623be4bd0751bdc1917c0ee550af0f38c0531b25bb726d1710c,section,M05,lower_payload,normalization,MR03,Unmarked rejection,reject,True,False,rejected:absent:custom section .wmrec not found,0.081473,,True,"{""unmarked_binary_sha256"":""17288de5d8ffc83b2223ee650ec19f96fa9b779f3eb45b8e2433c730b7a1e3e2""}"
pilot_mutation,H01-gcd.c,bf207a4afdd7e623be4bd0751bdc1917c0ee550af0f38c0531b25bb726d1710c,section,M05,lower_payload,normalization,MR04,Wrong-key rejection,reject,True,False,rejected:wrong-key:key tag mismatch,0.034358,,True,"{""antecedent_guarded"":true,""antecedent_hex"":""4d6f7270682d3031""}"
pilot_mutation,H01-gcd.c,bf207a4afdd7e623be4bd0751bdc1917c0ee550af0f38c0531b25bb726d1710c,section,M05,lower_payload,normalization,MR05,Payload separation,separate,False,True,first=b'morph-01';second=b'second-2',0.098758,,True,"{""execution_order"":""sequential-builds-then-extract"",""first_hex"":""6d6f7270682d3031"",""second_hex"":""7365636f6e642d32""}"
pilot_mutation,H01-gcd.c,bf207a4afdd7e623be4bd0751bdc1917c0ee550af0f38c0531b25bb726d1710c,section,M05,lower_payload,normalization,MR06,Cross-compiler invariance,preserve,False,True,"payloads=b'morph-01',b'morph-01';semantic_equal=True",0.172652,,True,"{""clang_actual"":""clang"",""gcc_actual"":""gcc""}"
pilot_mutation,H01-gcd.c,bf207a4afdd7e623be4bd0751bdc1917c0ee550af0f38c0531b25bb726d1710c,section,M05,lower_payload,normalization,MR07,Optimization invariance,preserve,False,True,"payloads=['morph-01', 'morph-01', 'morph-01'];semantic_equal=True",0.234875,,True,{}
pilot_mutation,H01-gcd.c,bf207a4afdd7e623be4bd0751bdc1917c0ee550af0f38c0531b25bb726d1710c,section,M05,lower_payload,normalization,MR08,Clean-room relocation,preserve,False,True,source_mismatch=b'morph-01',0.081755,,True,"{""source_hex"":""6d6f7270682d3031""}"
pilot_mutation,H01-gcd.c,bf207a4afdd7e623be4bd0751bdc1917c0ee550af0f38c0531b25bb726d1710c,section,M05,lower_payload,normalization,MR09,Carrier-removal rejection,reject,True,False,rejected:absent:custom section .wmrec not found,0.08427,,True,"{""antecedent_guarded"":true}"
pilot_mutation,H01-gcd.c,bf207a4afdd7e623be4bd0751bdc1917c0ee550af0f38c0531b25bb726d1710c,section,M05,lower_payload,normalization,MR10,Carrier-corruption rejection,reject,True,False,rejected:checksum:payload checksum mismatch,0.075526,,True,"{""antecedent_guarded"":true}"
pilot_mutation,H01-gcd.c,bf207a4afdd7e623be4bd0751bdc1917c0ee550af0f38c0531b25bb726d1710c,section,M05,lower_payload,normalization,MR11,Requested/actual trace agreement,trace,True,False,requested=clang/Os;actual=clang/Os,0.060273,,True,"{""build"":{""actual_compiler"":""clang"",""actual_optimization"":""Os"",""binary"":""WORKDIR/section/M05/MR11/trace/build-01/artifact.bin"",""binary_sha256"":""f07d3d70e345c2555f71eb4ca672ca1c8ce6a49b40776a0aa650d23b9133aad0"",""carrier"":""section"",""command"":[""clang"",""-std=c11"",""-fno-ident"",""-no-pie"",""-Os"",""WORKDIR/section/M05/MR11/trace/build-01/host.c"",""-o"",""WORKDIR/section/M05/MR11/trace/build-01/artifact.bin""],""effective_payload_hex"":""6d6f7270682d3031"",""key"":""key-alpha"",""mutant_id"":""M05"",""requested_compiler"":""clang"",""requested_optimization"":""Os"",""requested_payload_hex"":""4d6f7270682d3031"",""return_code"":0,""source"":""WORKDIR/section/M05/MR11/trace/build-01/host.c"",""source_sha256"":""bf207a4afdd7e623be4bd0751bdc1917c0ee550af0f38c0531b25bb726d1710c"",""stderr"":""""}}"
pilot_mutation,H01-gcd.c,bf207a4afdd7e623be4bd0751bdc1917c0ee550af0f38c0531b25bb726d1710c,section,M05,lower_payload,normalization,MR12,Interleaved artifact isolation,separate,False,True,parallel_isolation_clause_violated,0.094389,,True,"{""aliasing_detected"":false,""both_expected"":false,""execution_order"":""overlapping-builds-then-extract"",""payloads_distinct"":true}"
pilot_mutation,H01-gcd.c,bf207a4afdd7e623be4bd0751bdc1917c0ee550af0f38c0531b25bb726d1710c,section,M05,lower_payload,normalization,MR13,Reordered extraction independence,preserve,False,True,before=b'morph-01';intervening=b'second-2';after=b'morph-01',0.145778,,True,"{""intervening_extraction"":true}"
pilot_mutation,H01-gcd.c,bf207a4afdd7e623be4bd0751bdc1917c0ee550af0f38c0531b25bb726d1710c,section,M05,lower_payload,normalization,MR14,Rebuild stability,preserve,False,True,first=b'morph-01';second=b'morph-01',0.136814,,True,"{""binary_bytes_equal"":true,""execution_order"":""build1-extract1-build2-extract2""}"
pilot_mutation,H01-gcd.c,bf207a4afdd7e623be4bd0751bdc1917c0ee550af0f38c0531b25bb726d1710c,section,M06,key_ignored,authentication,MR01,Round-trip fidelity,preserve,True,False,extracted=b'Morph-01',0.075502,,True,"{""build"":{""actual_compiler"":""gcc"",""actual_optimization"":""O2"",""binary"":""WORKDIR/section/M06/MR01/marked/build-01/artifact.bin"",""binary_sha256"":""395137e071b2d681fb879e77871180384e486b49eccbb5200569056cf5513943"",""carrier"":""section"",""command"":[""gcc"",""-std=c11"",""-fno-ident"",""-no-pie"",""-O2"",""WORKDIR/section/M06/MR01/marked/build-01/host.c"",""-o"",""WORKDIR/section/M06/MR01/marked/build-01/artifact.bin""],""effective_payload_hex"":""4d6f7270682d3031"",""key"":""key-alpha"",""mutant_id"":""M06"",""requested_compiler"":""gcc"",""requested_optimization"":""O2"",""requested_payload_hex"":""4d6f7270682d3031"",""return_code"":0,""source"":""WORKDIR/section/M06/MR01/marked/build-01/host.c"",""source_sha256"":""bf207a4afdd7e623be4bd0751bdc1917c0ee550af0f38c0531b25bb726d1710c"",""stderr"":""""},""extracted_hex"":""4d6f7270682d3031""}"
pilot_mutation,H01-gcd.c,bf207a4afdd7e623be4bd0751bdc1917c0ee550af0f38c0531b25bb726d1710c,section,M06,key_ignored,authentication,MR02,Host-semantic preservation,preserve,True,False,mismatch_count=0,0.171234,,True,"{""mismatches"":[]}"
pilot_mutation,H01-gcd.c,bf207a4afdd7e623be4bd0751bdc1917c0ee550af0f38c0531b25bb726d1710c,section,M06,key_ignored,authentication,MR03,Unmarked rejection,reject,True,False,rejected:absent:custom section .wmrec not found,0.063101,,True,"{""unmarked_binary_sha256"":""17288de5d8ffc83b2223ee650ec19f96fa9b779f3eb45b8e2433c730b7a1e3e2""}"
pilot_mutation,H01-gcd.c,bf207a4afdd7e623be4bd0751bdc1917c0ee550af0f38c0531b25bb726d1710c,section,M06,key_ignored,authentication,MR04,Wrong-key rejection,reject,False,True,accepted:b'Morph-01',0.049427,,True,"{""antecedent_guarded"":true,""antecedent_hex"":""4d6f7270682d3031""}"
pilot_mutation,H01-gcd.c,bf207a4afdd7e623be4bd0751bdc1917c0ee550af0f38c0531b25bb726d1710c,section,M06,key_ignored,authentication,MR05,Payload separation,separate,True,False,first=b'Morph-01';second=b'Second-2',0.152342,,True,"{""execution_order"":""sequential-builds-then-extract"",""first_hex"":""4d6f7270682d3031"",""second_hex"":""5365636f6e642d32""}"
pilot_mutation,H01-gcd.c,bf207a4afdd7e623be4bd0751bdc1917c0ee550af0f38c0531b25bb726d1710c,section,M06,key_ignored,authentication,MR06,Cross-compiler invariance,preserve,True,False,"payloads=b'Morph-01',b'Morph-01';semantic_equal=True",0.182815,,True,"{""clang_actual"":""clang"",""gcc_actual"":""gcc""}"
pilot_mutation,H01-gcd.c,bf207a4afdd7e623be4bd0751bdc1917c0ee550af0f38c0531b25bb726d1710c,section,M06,key_ignored,authentication,MR07,Optimization invariance,preserve,True,False,"payloads=['Morph-01', 'Morph-01', 'Morph-01'];semantic_equal=True",0.218804,,True,{}
pilot_mutation,H01-gcd.c,bf207a4afdd7e623be4bd0751bdc1917c0ee550af0f38c0531b25bb726d1710c,section,M06,key_ignored,authentication,MR08,Clean-room relocation,preserve,True,False,relocated=b'Morph-01',0.060734,,True,"{""clean_room_entries"":[""renamed-artifact.bin""],""relocated_hex"":""4d6f7270682d3031""}"
pilot_mutation,H01-gcd.c,bf207a4afdd7e623be4bd0751bdc1917c0ee550af0f38c0531b25bb726d1710c,section,M06,key_ignored,authentication,MR09,Carrier-removal rejection,reject,True,False,rejected:absent:custom section .wmrec not found,0.062785,,True,"{""antecedent_guarded"":true}"
pilot_mutation,H01-gcd.c,bf207a4afdd7e623be4bd0751bdc1917c0ee550af0f38c0531b25bb726d1710c,section,M06,key_ignored,authentication,MR10,Carrier-corruption rejection,reject,True,False,rejected:checksum:payload checksum mismatch,0.098726,,True,"{""antecedent_guarded"":true}"
pilot_mutation,H01-gcd.c,bf207a4afdd7e623be4bd0751bdc1917c0ee550af0f38c0531b25bb726d1710c,section,M06,key_ignored,authentication,MR11,Requested/actual trace agreement,trace,True,False,requested=clang/Os;actual=clang/Os,0.071479,,True,"{""build"":{""actual_compiler"":""clang"",""actual_optimization"":""Os"",""binary"":""WORKDIR/section/M06/MR11/trace/build-01/artifact.bin"",""binary_sha256"":""b50e66615fe2e1ceff27f6f8bbd643483eab5cdfbc647de256f9bce69edaa1a8"",""carrier"":""section"",""command"":[""clang"",""-std=c11"",""-fno-ident"",""-no-pie"",""-Os"",""WORKDIR/section/M06/MR11/trace/build-01/host.c"",""-o"",""WORKDIR/section/M06/MR11/trace/build-01/artifact.bin""],""effective_payload_hex"":""4d6f7270682d3031"",""key"":""key-alpha"",""mutant_id"":""M06"",""requested_compiler"":""clang"",""requested_optimization"":""Os"",""requested_payload_hex"":""4d6f7270682d3031"",""return_code"":0,""source"":""WORKDIR/section/M06/MR11/trace/build-01/host.c"",""source_sha256"":""bf207a4afdd7e623be4bd0751bdc1917c0ee550af0f38c0531b25bb726d1710c"",""stderr"":""""}}"
pilot_mutation,H01-gcd.c,bf207a4afdd7e623be4bd0751bdc1917c0ee550af0f38c0531b25bb726d1710c,section,M06,key_ignored,authentication,MR12,Interleaved artifact isolation,separate,True,False,parallel_isolation_satisfied,0.095233,,True,"{""aliasing_detected"":false,""both_expected"":true,""execution_order"":""overlapping-builds-then-extract"",""payloads_distinct"":true}"
pilot_mutation,H01-gcd.c,bf207a4afdd7e623be4bd0751bdc1917c0ee550af0f38c0531b25bb726d1710c,section,M06,key_ignored,authentication,MR13,Reordered extraction independence,preserve,True,False,before=b'Morph-01';intervening=b'Second-2';after=b'Morph-01',0.118838,,True,"{""intervening_extraction"":true}"
pilot_mutation,H01-gcd.c,bf207a4afdd7e623be4bd0751bdc1917c0ee550af0f38c0531b25bb726d1710c,section,M06,key_ignored,authentication,MR14,Rebuild stability,preserve,True,False,first=b'Morph-01';second=b'Morph-01',0.103925,,True,"{""binary_bytes_equal"":true,""execution_order"":""build1-extract1-build2-extract2""}"
pilot_mutation,H01-gcd.c,bf207a4afdd7e623be4bd0751bdc1917c0ee550af0f38c0531b25bb726d1710c,section,M07,sidecar_oracle,artifact binding,MR01,Round-trip fidelity,preserve,True,False,extracted=b'Morph-01',0.066932,,True,"{""build"":{""actual_compiler"":""gcc"",""actual_optimization"":""O2"",""binary"":""WORKDIR/section/M07/MR01/marked/build-01/artifact.bin"",""binary_sha256"":""63cbeff2b0785d492761ce367639a8bbc8e94ddb2cfe720778f8bd6177d67b85"",""carrier"":""section"",""command"":[""gcc"",""-std=c11"",""-fno-ident"",""-no-pie"",""-O2"",""WORKDIR/section/M07/MR01/marked/build-01/host.c"",""-o"",""WORKDIR/section/M07/MR01/marked/build-01/artifact.bin""],""effective_payload_hex"":""4d6f7270682d3031"",""key"":""key-alpha"",""mutant_id"":""M07"",""requested_compiler"":""gcc"",""requested_optimization"":""O2"",""requested_payload_hex"":""4d6f7270682d3031"",""return_code"":0,""source"":""WORKDIR/section/M07/MR01/marked/build-01/host.c"",""source_sha256"":""bf207a4afdd7e623be4bd0751bdc1917c0ee550af0f38c0531b25bb726d1710c"",""stderr"":""""},""extracted_hex"":""4d6f7270682d3031""}"
pilot_mutation,H01-gcd.c,bf207a4afdd7e623be4bd0751bdc1917c0ee550af0f38c0531b25bb726d1710c,section,M07,sidecar_oracle,artifact binding,MR02,Host-semantic preservation,preserve,True,False,mismatch_count=0,0.179954,,True,"{""mismatches"":[]}"
pilot_mutation,H01-gcd.c,bf207a4afdd7e623be4bd0751bdc1917c0ee550af0f38c0531b25bb726d1710c,section,M07,sidecar_oracle,artifact binding,MR03,Unmarked rejection,reject,True,False,rejected:sidecar:adjacent sidecar is missing,0.073705,,True,"{""unmarked_binary_sha256"":""17288de5d8ffc83b2223ee650ec19f96fa9b779f3eb45b8e2433c730b7a1e3e2""}"
pilot_mutation,H01-gcd.c,bf207a4afdd7e623be4bd0751bdc1917c0ee550af0f38c0531b25bb726d1710c,section,M07,sidecar_oracle,artifact binding,MR04,Wrong-key rejection,reject,True,False,rejected:wrong-key:sidecar key mismatch,0.057603,,True,"{""antecedent_guarded"":true,""antecedent_hex"":""4d6f7270682d3031""}"
pilot_mutation,H01-gcd.c,bf207a4afdd7e623be4bd0751bdc1917c0ee550af0f38c0531b25bb726d1710c,section,M07,sidecar_oracle,artifact binding,MR05,Payload separation,separate,True,False,first=b'Morph-01';second=b'Second-2',0.127347,,True,"{""execution_order"":""sequential-builds-then-extract"",""first_hex"":""4d6f7270682d3031"",""second_hex"":""5365636f6e642d32""}"
pilot_mutation,H01-gcd.c,bf207a4afdd7e623be4bd0751bdc1917c0ee550af0f38c0531b25bb726d1710c,section,M07,sidecar_oracle,artifact binding,MR06,Cross-compiler invariance,preserve,True,False,"payloads=b'Morph-01',b'Morph-01';semantic_equal=True",0.201619,,True,"{""clang_actual"":""clang"",""gcc_actual"":""gcc""}"
pilot_mutation,H01-gcd.c,bf207a4afdd7e623be4bd0751bdc1917c0ee550af0f38c0531b25bb726d1710c,section,M07,sidecar_oracle,artifact binding,MR07,Optimization invariance,preserve,True,False,"payloads=['Morph-01', 'Morph-01', 'Morph-01'];semantic_equal=True",0.217525,,True,{}
pilot_mutation,H01-gcd.c,bf207a4afdd7e623be4bd0751bdc1917c0ee550af0f38c0531b25bb726d1710c,section,M07,sidecar_oracle,artifact binding,MR08,Clean-room relocation,preserve,False,True,exception:ExtractionError:adjacent sidecar is missing,0.040374,ExtractionError,True,{}
pilot_mutation,H01-gcd.c,bf207a4afdd7e623be4bd0751bdc1917c0ee550af0f38c0531b25bb726d1710c,section,M07,sidecar_oracle,artifact binding,MR09,Carrier-removal rejection,reject,True,False,rejected:sidecar:adjacent sidecar is missing,0.081358,,True,"{""antecedent_guarded"":true}"
pilot_mutation,H01-gcd.c,bf207a4afdd7e623be4bd0751bdc1917c0ee550af0f38c0531b25bb726d1710c,section,M07,sidecar_oracle,artifact binding,MR10,Carrier-corruption rejection,reject,True,False,rejected:sidecar:adjacent sidecar is missing,0.085446,,True,"{""antecedent_guarded"":true}"
pilot_mutation,H01-gcd.c,bf207a4afdd7e623be4bd0751bdc1917c0ee550af0f38c0531b25bb726d1710c,section,M07,sidecar_oracle,artifact binding,MR11,Requested/actual trace agreement,trace,True,False,requested=clang/Os;actual=clang/Os,0.082922,,True,"{""build"":{""actual_compiler"":""clang"",""actual_optimization"":""Os"",""binary"":""WORKDIR/section/M07/MR11/trace/build-01/artifact.bin"",""binary_sha256"":""d5d8525397dedc90fa4792ce87b67efca4a48048626cb76d2fe61da67d4f779a"",""carrier"":""section"",""command"":[""clang"",""-std=c11"",""-fno-ident"",""-no-pie"",""-Os"",""WORKDIR/section/M07/MR11/trace/build-01/host.c"",""-o"",""WORKDIR/section/M07/MR11/trace/build-01/artifact.bin""],""effective_payload_hex"":""4d6f7270682d3031"",""key"":""key-alpha"",""mutant_id"":""M07"",""requested_compiler"":""clang"",""requested_optimization"":""Os"",""requested_payload_hex"":""4d6f7270682d3031"",""return_code"":0,""source"":""WORKDIR/section/M07/MR11/trace/build-01/host.c"",""source_sha256"":""bf207a4afdd7e623be4bd0751bdc1917c0ee550af0f38c0531b25bb726d1710c"",""stderr"":""""}}"
pilot_mutation,H01-gcd.c,bf207a4afdd7e623be4bd0751bdc1917c0ee550af0f38c0531b25bb726d1710c,section,M07,sidecar_oracle,artifact binding,MR12,Interleaved artifact isolation,separate,True,False,parallel_isolation_satisfied,0.08627,,True,"{""aliasing_detected"":false,""both_expected"":true,""execution_order"":""overlapping-builds-then-extract"",""payloads_distinct"":true}"
pilot_mutation,H01-gcd.c,bf207a4afdd7e623be4bd0751bdc1917c0ee550af0f38c0531b25bb726d1710c,section,M07,sidecar_oracle,artifact binding,MR13,Reordered extraction independence,preserve,True,False,before=b'Morph-01';intervening=b'Second-2';after=b'Morph-01',0.122254,,True,"{""intervening_extraction"":true}"
pilot_mutation,H01-gcd.c,bf207a4afdd7e623be4bd0751bdc1917c0ee550af0f38c0531b25bb726d1710c,section,M07,sidecar_oracle,artifact binding,MR14,Rebuild stability,preserve,True,False,first=b'Morph-01';second=b'Morph-01',0.119825,,True,"{""binary_bytes_equal"":true,""execution_order"":""build1-extract1-build2-extract2""}"
pilot_mutation,H01-gcd.c,bf207a4afdd7e623be4bd0751bdc1917c0ee550af0f38c0531b25bb726d1710c,section,M08,global_cache_oracle,state,MR01,Round-trip fidelity,preserve,True,False,extracted=b'Morph-01',0.065625,,True,"{""build"":{""actual_compiler"":""gcc"",""actual_optimization"":""O2"",""binary"":""WORKDIR/section/M08/MR01/marked/build-01/artifact.bin"",""binary_sha256"":""63cbeff2b0785d492761ce367639a8bbc8e94ddb2cfe720778f8bd6177d67b85"",""carrier"":""section"",""command"":[""gcc"",""-std=c11"",""-fno-ident"",""-no-pie"",""-O2"",""WORKDIR/section/M08/MR01/marked/build-01/host.c"",""-o"",""WORKDIR/section/M08/MR01/marked/build-01/artifact.bin""],""effective_payload_hex"":""4d6f7270682d3031"",""key"":""key-alpha"",""mutant_id"":""M08"",""requested_compiler"":""gcc"",""requested_optimization"":""O2"",""requested_payload_hex"":""4d6f7270682d3031"",""return_code"":0,""source"":""WORKDIR/section/M08/MR01/marked/build-01/host.c"",""source_sha256"":""bf207a4afdd7e623be4bd0751bdc1917c0ee550af0f38c0531b25bb726d1710c"",""stderr"":""""},""extracted_hex"":""4d6f7270682d3031""}"
pilot_mutation,H01-gcd.c,bf207a4afdd7e623be4bd0751bdc1917c0ee550af0f38c0531b25bb726d1710c,section,M08,global_cache_oracle,state,MR02,Host-semantic preservation,preserve,True,False,mismatch_count=0,0.171902,,True,"{""mismatches"":[]}"
pilot_mutation,H01-gcd.c,bf207a4afdd7e623be4bd0751bdc1917c0ee550af0f38c0531b25bb726d1710c,section,M08,global_cache_oracle,state,MR03,Unmarked rejection,reject,True,False,rejected:absent:custom section .wmrec not found,0.070897,,True,"{""unmarked_binary_sha256"":""17288de5d8ffc83b2223ee650ec19f96fa9b779f3eb45b8e2433c730b7a1e3e2""}"
pilot_mutation,H01-gcd.c,bf207a4afdd7e623be4bd0751bdc1917c0ee550af0f38c0531b25bb726d1710c,section,M08,global_cache_oracle,state,MR04,Wrong-key rejection,reject,False,True,accepted:b'Morph-01',0.052453,,True,"{""antecedent_guarded"":true,""antecedent_hex"":""4d6f7270682d3031""}"
pilot_mutation,H01-gcd.c,bf207a4afdd7e623be4bd0751bdc1917c0ee550af0f38c0531b25bb726d1710c,section,M08,global_cache_oracle,state,MR05,Payload separation,separate,False,True,first=b'Second-2';second=b'Second-2',0.109932,,True,"{""execution_order"":""sequential-builds-then-extract"",""first_hex"":""5365636f6e642d32"",""second_hex"":""5365636f6e642d32""}"
pilot_mutation,H01-gcd.c,bf207a4afdd7e623be4bd0751bdc1917c0ee550af0f38c0531b25bb726d1710c,section,M08,global_cache_oracle,state,MR06,Cross-compiler invariance,preserve,True,False,"payloads=b'Morph-01',b'Morph-01';semantic_equal=True",0.154347,,True,"{""clang_actual"":""clang"",""gcc_actual"":""gcc""}"
pilot_mutation,H01-gcd.c,bf207a4afdd7e623be4bd0751bdc1917c0ee550af0f38c0531b25bb726d1710c,section,M08,global_cache_oracle,state,MR07,Optimization invariance,preserve,True,False,"payloads=['Morph-01', 'Morph-01', 'Morph-01'];semantic_equal=True",0.198841,,True,{}
pilot_mutation,H01-gcd.c,bf207a4afdd7e623be4bd0751bdc1917c0ee550af0f38c0531b25bb726d1710c,section,M08,global_cache_oracle,state,MR08,Clean-room relocation,preserve,True,False,relocated=b'Morph-01',0.07161,,True,"{""clean_room_entries"":[""renamed-artifact.bin""],""relocated_hex"":""4d6f7270682d3031""}"
pilot_mutation,H01-gcd.c,bf207a4afdd7e623be4bd0751bdc1917c0ee550af0f38c0531b25bb726d1710c,section,M08,global_cache_oracle,state,MR09,Carrier-removal rejection,reject,False,True,spurious robustness:accepted:b'Morph-01',0.079314,,True,"{""antecedent_guarded"":true}"
pilot_mutation,H01-gcd.c,bf207a4afdd7e623be4bd0751bdc1917c0ee550af0f38c0531b25bb726d1710c,section,M08,global_cache_oracle,state,MR10,Carrier-corruption rejection,reject,False,True,corruption accepted:accepted:b'Morph-01',0.080949,,True,"{""antecedent_guarded"":true}"
pilot_mutation,H01-gcd.c,bf207a4afdd7e623be4bd0751bdc1917c0ee550af0f38c0531b25bb726d1710c,section,M08,global_cache_oracle,state,MR11,Requested/actual trace agreement,trace,True,False,requested=clang/Os;actual=clang/Os,0.087144,,True,"{""build"":{""actual_compiler"":""clang"",""actual_optimization"":""Os"",""binary"":""WORKDIR/section/M08/MR11/trace/build-01/artifact.bin"",""binary_sha256"":""d5d8525397dedc90fa4792ce87b67efca4a48048626cb76d2fe61da67d4f779a"",""carrier"":""section"",""command"":[""clang"",""-std=c11"",""-fno-ident"",""-no-pie"",""-Os"",""WORKDIR/section/M08/MR11/trace/build-01/host.c"",""-o"",""WORKDIR/section/M08/MR11/trace/build-01/artifact.bin""],""effective_payload_hex"":""4d6f7270682d3031"",""key"":""key-alpha"",""mutant_id"":""M08"",""requested_compiler"":""clang"",""requested_optimization"":""Os"",""requested_payload_hex"":""4d6f7270682d3031"",""return_code"":0,""source"":""WORKDIR/section/M08/MR11/trace/build-01/host.c"",""source_sha256"":""bf207a4afdd7e623be4bd0751bdc1917c0ee550af0f38c0531b25bb726d1710c"",""stderr"":""""}}"
pilot_mutation,H01-gcd.c,bf207a4afdd7e623be4bd0751bdc1917c0ee550af0f38c0531b25bb726d1710c,section,M08,global_cache_oracle,state,MR12,Interleaved artifact isolation,separate,False,True,parallel_isolation_clause_violated,0.098266,,True,"{""aliasing_detected"":true,""both_expected"":false,""execution_order"":""overlapping-builds-then-extract"",""payloads_distinct"":false}"
pilot_mutation,H01-gcd.c,bf207a4afdd7e623be4bd0751bdc1917c0ee550af0f38c0531b25bb726d1710c,section,M08,global_cache_oracle,state,MR13,Reordered extraction independence,preserve,False,True,before=b'Morph-01';intervening=b'Second-2';after=b'Second-2',0.127197,,True,"{""intervening_extraction"":true}"
pilot_mutation,H01-gcd.c,bf207a4afdd7e623be4bd0751bdc1917c0ee550af0f38c0531b25bb726d1710c,section,M08,global_cache_oracle,state,MR14,Rebuild stability,preserve,True,False,first=b'Morph-01';second=b'Morph-01',0.114231,,True,"{""binary_bytes_equal"":true,""execution_order"":""build1-extract1-build2-extract2""}"
pilot_mutation,H01-gcd.c,bf207a4afdd7e623be4bd0751bdc1917c0ee550af0f38c0531b25bb726d1710c,section,M09,unmarked_default,false positive,MR01,Round-trip fidelity,preserve,True,False,extracted=b'Morph-01',0.096512,,True,"{""build"":{""actual_compiler"":""gcc"",""actual_optimization"":""O2"",""binary"":""WORKDIR/section/M09/MR01/marked/build-01/artifact.bin"",""binary_sha256"":""63cbeff2b0785d492761ce367639a8bbc8e94ddb2cfe720778f8bd6177d67b85"",""carrier"":""section"",""command"":[""gcc"",""-std=c11"",""-fno-ident"",""-no-pie"",""-O2"",""WORKDIR/section/M09/MR01/marked/build-01/host.c"",""-o"",""WORKDIR/section/M09/MR01/marked/build-01/artifact.bin""],""effective_payload_hex"":""4d6f7270682d3031"",""key"":""key-alpha"",""mutant_id"":""M09"",""requested_compiler"":""gcc"",""requested_optimization"":""O2"",""requested_payload_hex"":""4d6f7270682d3031"",""return_code"":0,""source"":""WORKDIR/section/M09/MR01/marked/build-01/host.c"",""source_sha256"":""bf207a4afdd7e623be4bd0751bdc1917c0ee550af0f38c0531b25bb726d1710c"",""stderr"":""""},""extracted_hex"":""4d6f7270682d3031""}"
pilot_mutation,H01-gcd.c,bf207a4afdd7e623be4bd0751bdc1917c0ee550af0f38c0531b25bb726d1710c,section,M09,unmarked_default,false positive,MR02,Host-semantic preservation,preserve,True,False,mismatch_count=0,0.170384,,True,"{""mismatches"":[]}"
pilot_mutation,H01-gcd.c,bf207a4afdd7e623be4bd0751bdc1917c0ee550af0f38c0531b25bb726d1710c,section,M09,unmarked_default,false positive,MR03,Unmarked rejection,reject,False,True,accepted:b'Morph-01',0.086481,,True,"{""unmarked_binary_sha256"":""17288de5d8ffc83b2223ee650ec19f96fa9b779f3eb45b8e2433c730b7a1e3e2""}"
pilot_mutation,H01-gcd.c,bf207a4afdd7e623be4bd0751bdc1917c0ee550af0f38c0531b25bb726d1710c,section,M09,unmarked_default,false positive,MR04,Wrong-key rejection,reject,False,True,accepted:b'Morph-01',0.083971,,True,"{""antecedent_guarded"":true,""antecedent_hex"":""4d6f7270682d3031""}"
pilot_mutation,H01-gcd.c,bf207a4afdd7e623be4bd0751bdc1917c0ee550af0f38c0531b25bb726d1710c,section,M09,unmarked_default,false positive,MR05,Payload separation,separate,True,False,first=b'Morph-01';second=b'Second-2',0.113446,,True,"{""execution_order"":""sequential-builds-then-extract"",""first_hex"":""4d6f7270682d3031"",""second_hex"":""5365636f6e642d32""}"
pilot_mutation,H01-gcd.c,bf207a4afdd7e623be4bd0751bdc1917c0ee550af0f38c0531b25bb726d1710c,section,M09,unmarked_default,false positive,MR06,Cross-compiler invariance,preserve,True,False,"payloads=b'Morph-01',b'Morph-01';semantic_equal=True",0.186773,,True,"{""clang_actual"":""clang"",""gcc_actual"":""gcc""}"
pilot_mutation,H01-gcd.c,bf207a4afdd7e623be4bd0751bdc1917c0ee550af0f38c0531b25bb726d1710c,section,M09,unmarked_default,false positive,MR07,Optimization invariance,preserve,True,False,"payloads=['Morph-01', 'Morph-01', 'Morph-01'];semantic_equal=True",0.227493,,True,{}
pilot_mutation,H01-gcd.c,bf207a4afdd7e623be4bd0751bdc1917c0ee550af0f38c0531b25bb726d1710c,section,M09,unmarked_default,false positive,MR08,Clean-room relocation,preserve,True,False,relocated=b'Morph-01',0.079378,,True,"{""clean_room_entries"":[""renamed-artifact.bin""],""relocated_hex"":""4d6f7270682d3031""}"
pilot_mutation,H01-gcd.c,bf207a4afdd7e623be4bd0751bdc1917c0ee550af0f38c0531b25bb726d1710c,section,M09,unmarked_default,false positive,MR09,Carrier-removal rejection,reject,False,True,spurious robustness:accepted:b'Morph-01',0.069201,,True,"{""antecedent_guarded"":true}"
pilot_mutation,H01-gcd.c,bf207a4afdd7e623be4bd0751bdc1917c0ee550af0f38c0531b25bb726d1710c,section,M09,unmarked_default,false positive,MR10,Carrier-corruption rejection,reject,False,True,corruption accepted:accepted:b'Morph-01',0.070659,,True,"{""antecedent_guarded"":true}"
pilot_mutation,H01-gcd.c,bf207a4afdd7e623be4bd0751bdc1917c0ee550af0f38c0531b25bb726d1710c,section,M09,unmarked_default,false positive,MR11,Requested/actual trace agreement,trace,True,False,requested=clang/Os;actual=clang/Os,0.092454,,True,"{""build"":{""actual_compiler"":""clang"",""actual_optimization"":""Os"",""binary"":""WORKDIR/section/M09/MR11/trace/build-01/artifact.bin"",""binary_sha256"":""d5d8525397dedc90fa4792ce87b67efca4a48048626cb76d2fe61da67d4f779a"",""carrier"":""section"",""command"":[""clang"",""-std=c11"",""-fno-ident"",""-no-pie"",""-Os"",""WORKDIR/section/M09/MR11/trace/build-01/host.c"",""-o"",""WORKDIR/section/M09/MR11/trace/build-01/artifact.bin""],""effective_payload_hex"":""4d6f7270682d3031"",""key"":""key-alpha"",""mutant_id"":""M09"",""requested_compiler"":""clang"",""requested_optimization"":""Os"",""requested_payload_hex"":""4d6f7270682d3031"",""return_code"":0,""source"":""WORKDIR/section/M09/MR11/trace/build-01/host.c"",""source_sha256"":""bf207a4afdd7e623be4bd0751bdc1917c0ee550af0f38c0531b25bb726d1710c"",""stderr"":""""}}"
pilot_mutation,H01-gcd.c,bf207a4afdd7e623be4bd0751bdc1917c0ee550af0f38c0531b25bb726d1710c,section,M09,unmarked_default,false positive,MR12,Interleaved artifact isolation,separate,True,False,parallel_isolation_satisfied,0.068039,,True,"{""aliasing_detected"":false,""both_expected"":true,""execution_order"":""overlapping-builds-then-extract"",""payloads_distinct"":true}"
pilot_mutation,H01-gcd.c,bf207a4afdd7e623be4bd0751bdc1917c0ee550af0f38c0531b25bb726d1710c,section,M09,unmarked_default,false positive,MR13,Reordered extraction independence,preserve,True,False,before=b'Morph-01';intervening=b'Second-2';after=b'Morph-01',0.126615,,True,"{""intervening_extraction"":true}"
pilot_mutation,H01-gcd.c,bf207a4afdd7e623be4bd0751bdc1917c0ee550af0f38c0531b25bb726d1710c,section,M09,unmarked_default,false positive,MR14,Rebuild stability,preserve,True,False,first=b'Morph-01';second=b'Morph-01',0.122124,,True,"{""binary_bytes_equal"":true,""execution_order"":""build1-extract1-build2-extract2""}"
pilot_mutation,H01-gcd.c,bf207a4afdd7e623be4bd0751bdc1917c0ee550af0f38c0531b25bb726d1710c,section,M10,semantic_plus_one,semantic corruption,MR01,Round-trip fidelity,preserve,True,False,extracted=b'Morph-01',0.088232,,True,"{""build"":{""actual_compiler"":""gcc"",""actual_optimization"":""O2"",""binary"":""WORKDIR/section/M10/MR01/marked/build-01/artifact.bin"",""binary_sha256"":""e9fa346e13a18cb9f6e9ef04fd02a0e2c4e7ff5001ea1755df8123926832c01f"",""carrier"":""section"",""command"":[""gcc"",""-std=c11"",""-fno-ident"",""-no-pie"",""-O2"",""WORKDIR/section/M10/MR01/marked/build-01/host.c"",""-o"",""WORKDIR/section/M10/MR01/marked/build-01/artifact.bin""],""effective_payload_hex"":""4d6f7270682d3031"",""key"":""key-alpha"",""mutant_id"":""M10"",""requested_compiler"":""gcc"",""requested_optimization"":""O2"",""requested_payload_hex"":""4d6f7270682d3031"",""return_code"":0,""source"":""WORKDIR/section/M10/MR01/marked/build-01/host.c"",""source_sha256"":""30ed404ab403f719953dc8878828da3023121c78592627f82968e3b257407b34"",""stderr"":""""},""extracted_hex"":""4d6f7270682d3031""}"
pilot_mutation,H01-gcd.c,bf207a4afdd7e623be4bd0751bdc1917c0ee550af0f38c0531b25bb726d1710c,section,M10,semantic_plus_one,semantic corruption,MR02,Host-semantic preservation,preserve,True,False,mismatch_count=0,0.140644,,True,"{""mismatches"":[]}"
pilot_mutation,H01-gcd.c,bf207a4afdd7e623be4bd0751bdc1917c0ee550af0f38c0531b25bb726d1710c,section,M10,semantic_plus_one,semantic corruption,MR03,Unmarked rejection,reject,True,False,rejected:absent:custom section .wmrec not found,0.077688,,True,"{""unmarked_binary_sha256"":""a7ba1b1fde2b472014cbc25860cebcca1a3737929b7a88d46c8ef8cd002b8b50""}"
pilot_mutation,H01-gcd.c,bf207a4afdd7e623be4bd0751bdc1917c0ee550af0f38c0531b25bb726d1710c,section,M10,semantic_plus_one,semantic corruption,MR04,Wrong-key rejection,reject,True,False,rejected:wrong-key:key tag mismatch,0.057469,,True,"{""antecedent_guarded"":true,""antecedent_hex"":""4d6f7270682d3031""}"
pilot_mutation,H01-gcd.c,bf207a4afdd7e623be4bd0751bdc1917c0ee550af0f38c0531b25bb726d1710c,section,M10,semantic_plus_one,semantic corruption,MR05,Payload separation,separate,True,False,first=b'Morph-01';second=b'Second-2',0.117361,,True,"{""execution_order"":""sequential-builds-then-extract"",""first_hex"":""4d6f7270682d3031"",""second_hex"":""5365636f6e642d32""}"
pilot_mutation,H01-gcd.c,bf207a4afdd7e623be4bd0751bdc1917c0ee550af0f38c0531b25bb726d1710c,section,M10,semantic_plus_one,semantic corruption,MR06,Cross-compiler invariance,preserve,True,False,"payloads=b'Morph-01',b'Morph-01';semantic_equal=True",0.146392,,True,"{""clang_actual"":""clang"",""gcc_actual"":""gcc""}"
pilot_mutation,H01-gcd.c,bf207a4afdd7e623be4bd0751bdc1917c0ee550af0f38c0531b25bb726d1710c,section,M10,semantic_plus_one,semantic corruption,MR07,Optimization invariance,preserve,True,False,"payloads=['Morph-01', 'Morph-01', 'Morph-01'];semantic_equal=True",0.244271,,True,{}
pilot_mutation,H01-gcd.c,bf207a4afdd7e623be4bd0751bdc1917c0ee550af0f38c0531b25bb726d1710c,section,M10,semantic_plus_one,semantic corruption,MR08,Clean-room relocation,preserve,True,False,relocated=b'Morph-01',0.071554,,True,"{""clean_room_entries"":[""renamed-artifact.bin""],""relocated_hex"":""4d6f7270682d3031""}"
pilot_mutation,H01-gcd.c,bf207a4afdd7e623be4bd0751bdc1917c0ee550af0f38c0531b25bb726d1710c,section,M10,semantic_plus_one,semantic corruption,MR09,Carrier-removal rejection,reject,True,False,rejected:absent:custom section .wmrec not found,0.089203,,True,"{""antecedent_guarded"":true}"
pilot_mutation,H01-gcd.c,bf207a4afdd7e623be4bd0751bdc1917c0ee550af0f38c0531b25bb726d1710c,section,M10,semantic_plus_one,semantic corruption,MR10,Carrier-corruption rejection,reject,True,False,rejected:checksum:payload checksum mismatch,0.080403,,True,"{""antecedent_guarded"":true}"
pilot_mutation,H01-gcd.c,bf207a4afdd7e623be4bd0751bdc1917c0ee550af0f38c0531b25bb726d1710c,section,M10,semantic_plus_one,semantic corruption,MR11,Requested/actual trace agreement,trace,True,False,requested=clang/Os;actual=clang/Os,0.090541,,True,"{""build"":{""actual_compiler"":""clang"",""actual_optimization"":""Os"",""binary"":""WORKDIR/section/M10/MR11/trace/build-01/artifact.bin"",""binary_sha256"":""d225d3d9c3abd40232935e987bfc4745d1ab5466b065392b2acf1160237dafb5"",""carrier"":""section"",""command"":[""clang"",""-std=c11"",""-fno-ident"",""-no-pie"",""-Os"",""WORKDIR/section/M10/MR11/trace/build-01/host.c"",""-o"",""WORKDIR/section/M10/MR11/trace/build-01/artifact.bin""],""effective_payload_hex"":""4d6f7270682d3031"",""key"":""key-alpha"",""mutant_id"":""M10"",""requested_compiler"":""clang"",""requested_optimization"":""Os"",""requested_payload_hex"":""4d6f7270682d3031"",""return_code"":0,""source"":""WORKDIR/section/M10/MR11/trace/build-01/host.c"",""source_sha256"":""30ed404ab403f719953dc8878828da3023121c78592627f82968e3b257407b34"",""stderr"":""""}}"
pilot_mutation,H01-gcd.c,bf207a4afdd7e623be4bd0751bdc1917c0ee550af0f38c0531b25bb726d1710c,section,M10,semantic_plus_one,semantic corruption,MR12,Interleaved artifact isolation,separate,True,False,parallel_isolation_satisfied,0.099451,,True,"{""aliasing_detected"":false,""both_expected"":true,""execution_order"":""overlapping-builds-then-extract"",""payloads_distinct"":true}"
pilot_mutation,H01-gcd.c,bf207a4afdd7e623be4bd0751bdc1917c0ee550af0f38c0531b25bb726d1710c,section,M10,semantic_plus_one,semantic corruption,MR13,Reordered extraction independence,preserve,True,False,before=b'Morph-01';intervening=b'Second-2';after=b'Morph-01',0.144701,,True,"{""intervening_extraction"":true}"
pilot_mutation,H01-gcd.c,bf207a4afdd7e623be4bd0751bdc1917c0ee550af0f38c0531b25bb726d1710c,section,M10,semantic_plus_one,semantic corruption,MR14,Rebuild stability,preserve,True,False,first=b'Morph-01';second=b'Morph-01',0.126819,,True,"{""binary_bytes_equal"":true,""execution_order"":""build1-extract1-build2-extract2""}"
pilot_mutation,H01-gcd.c,bf207a4afdd7e623be4bd0751bdc1917c0ee550af0f38c0531b25bb726d1710c,section,M11,semantic_input13,semantic corruption,MR01,Round-trip fidelity,preserve,True,False,extracted=b'Morph-01',0.09337,,True,"{""build"":{""actual_compiler"":""gcc"",""actual_optimization"":""O2"",""binary"":""WORKDIR/section/M11/MR01/marked/build-01/artifact.bin"",""binary_sha256"":""9b2aff22474f55cc55758449ac3d64a85af880793e7bb9b7421de83ed73dd5fa"",""carrier"":""section"",""command"":[""gcc"",""-std=c11"",""-fno-ident"",""-no-pie"",""-O2"",""WORKDIR/section/M11/MR01/marked/build-01/host.c"",""-o"",""WORKDIR/section/M11/MR01/marked/build-01/artifact.bin""],""effective_payload_hex"":""4d6f7270682d3031"",""key"":""key-alpha"",""mutant_id"":""M11"",""requested_compiler"":""gcc"",""requested_optimization"":""O2"",""requested_payload_hex"":""4d6f7270682d3031"",""return_code"":0,""source"":""WORKDIR/section/M11/MR01/marked/build-01/host.c"",""source_sha256"":""ca86f8e08b4c154317c45483bc2f7087ebbc08fa00753ba65e010babc6fc4491"",""stderr"":""""},""extracted_hex"":""4d6f7270682d3031""}"
pilot_mutation,H01-gcd.c,bf207a4afdd7e623be4bd0751bdc1917c0ee550af0f38c0531b25bb726d1710c,section,M11,semantic_input13,semantic corruption,MR02,Host-semantic preservation,preserve,True,False,mismatch_count=0,0.136371,,True,"{""mismatches"":[]}"
pilot_mutation,H01-gcd.c,bf207a4afdd7e623be4bd0751bdc1917c0ee550af0f38c0531b25bb726d1710c,section,M11,semantic_input13,semantic corruption,MR03,Unmarked rejection,reject,True,False,rejected:absent:custom section .wmrec not found,0.05329,,True,"{""unmarked_binary_sha256"":""ede3bc23896c80d708e4ea6b72b2826c6ad3e832db12ee3e3340f736947cb2b8""}"
pilot_mutation,H01-gcd.c,bf207a4afdd7e623be4bd0751bdc1917c0ee550af0f38c0531b25bb726d1710c,section,M11,semantic_input13,semantic corruption,MR04,Wrong-key rejection,reject,True,False,rejected:wrong-key:key tag mismatch,0.078308,,True,"{""antecedent_guarded"":true,""antecedent_hex"":""4d6f7270682d3031""}"
pilot_mutation,H01-gcd.c,bf207a4afdd7e623be4bd0751bdc1917c0ee550af0f38c0531b25bb726d1710c,section,M11,semantic_input13,semantic corruption,MR05,Payload separation,separate,True,False,first=b'Morph-01';second=b'Second-2',0.112312,,True,"{""execution_order"":""sequential-builds-then-extract"",""first_hex"":""4d6f7270682d3031"",""second_hex"":""5365636f6e642d32""}"
pilot_mutation,H01-gcd.c,bf207a4afdd7e623be4bd0751bdc1917c0ee550af0f38c0531b25bb726d1710c,section,M11,semantic_input13,semantic corruption,MR06,Cross-compiler invariance,preserve,True,False,"payloads=b'Morph-01',b'Morph-01';semantic_equal=True",0.162226,,True,"{""clang_actual"":""clang"",""gcc_actual"":""gcc""}"
pilot_mutation,H01-gcd.c,bf207a4afdd7e623be4bd0751bdc1917c0ee550af0f38c0531b25bb726d1710c,section,M11,semantic_input13,semantic corruption,MR07,Optimization invariance,preserve,True,False,"payloads=['Morph-01', 'Morph-01', 'Morph-01'];semantic_equal=True",0.232293,,True,{}
pilot_mutation,H01-gcd.c,bf207a4afdd7e623be4bd0751bdc1917c0ee550af0f38c0531b25bb726d1710c,section,M11,semantic_input13,semantic corruption,MR08,Clean-room relocation,preserve,True,False,relocated=b'Morph-01',0.098068,,True,"{""clean_room_entries"":[""renamed-artifact.bin""],""relocated_hex"":""4d6f7270682d3031""}"
pilot_mutation,H01-gcd.c,bf207a4afdd7e623be4bd0751bdc1917c0ee550af0f38c0531b25bb726d1710c,section,M11,semantic_input13,semantic corruption,MR09,Carrier-removal rejection,reject,True,False,rejected:absent:custom section .wmrec not found,0.091791,,True,"{""antecedent_guarded"":true}"
pilot_mutation,H01-gcd.c,bf207a4afdd7e623be4bd0751bdc1917c0ee550af0f38c0531b25bb726d1710c,section,M11,semantic_input13,semantic corruption,MR10,Carrier-corruption rejection,reject,True,False,rejected:checksum:payload checksum mismatch,0.100999,,True,"{""antecedent_guarded"":true}"
pilot_mutation,H01-gcd.c,bf207a4afdd7e623be4bd0751bdc1917c0ee550af0f38c0531b25bb726d1710c,section,M11,semantic_input13,semantic corruption,MR11,Requested/actual trace agreement,trace,True,False,requested=clang/Os;actual=clang/Os,0.088097,,True,"{""build"":{""actual_compiler"":""clang"",""actual_optimization"":""Os"",""binary"":""WORKDIR/section/M11/MR11/trace/build-01/artifact.bin"",""binary_sha256"":""1b1db4cde3143e65811570eeffbe35b57b4361d85be4626dcffc6578ccc061ff"",""carrier"":""section"",""command"":[""clang"",""-std=c11"",""-fno-ident"",""-no-pie"",""-Os"",""WORKDIR/section/M11/MR11/trace/build-01/host.c"",""-o"",""WORKDIR/section/M11/MR11/trace/build-01/artifact.bin""],""effective_payload_hex"":""4d6f7270682d3031"",""key"":""key-alpha"",""mutant_id"":""M11"",""requested_compiler"":""clang"",""requested_optimization"":""Os"",""requested_payload_hex"":""4d6f7270682d3031"",""return_code"":0,""source"":""WORKDIR/section/M11/MR11/trace/build-01/host.c"",""source_sha256"":""ca86f8e08b4c154317c45483bc2f7087ebbc08fa00753ba65e010babc6fc4491"",""stderr"":""""}}"
pilot_mutation,H01-gcd.c,bf207a4afdd7e623be4bd0751bdc1917c0ee550af0f38c0531b25bb726d1710c,section,M11,semantic_input13,semantic corruption,MR12,Interleaved artifact isolation,separate,True,False,parallel_isolation_satisfied,0.083121,,True,"{""aliasing_detected"":false,""both_expected"":true,""execution_order"":""overlapping-builds-then-extract"",""payloads_distinct"":true}"
pilot_mutation,H01-gcd.c,bf207a4afdd7e623be4bd0751bdc1917c0ee550af0f38c0531b25bb726d1710c,section,M11,semantic_input13,semantic corruption,MR13,Reordered extraction independence,preserve,True,False,before=b'Morph-01';intervening=b'Second-2';after=b'Morph-01',0.148853,,True,"{""intervening_extraction"":true}"
pilot_mutation,H01-gcd.c,bf207a4afdd7e623be4bd0751bdc1917c0ee550af0f38c0531b25bb726d1710c,section,M11,semantic_input13,semantic corruption,MR14,Rebuild stability,preserve,True,False,first=b'Morph-01';second=b'Morph-01',0.129119,,True,"{""binary_bytes_equal"":true,""execution_order"":""build1-extract1-build2-extract2""}"
pilot_mutation,H01-gcd.c,bf207a4afdd7e623be4bd0751bdc1917c0ee550af0f38c0531b25bb726d1710c,section,M12,compile_original,stage routing,MR01,Round-trip fidelity,preserve,False,True,exception:ExtractionError:custom section .wmrec not found,0.068058,ExtractionError,True,{}
pilot_mutation,H01-gcd.c,bf207a4afdd7e623be4bd0751bdc1917c0ee550af0f38c0531b25bb726d1710c,section,M12,compile_original,stage routing,MR02,Host-semantic preservation,preserve,True,False,mismatch_count=0,0.123617,,True,"{""mismatches"":[]}"
pilot_mutation,H01-gcd.c,bf207a4afdd7e623be4bd0751bdc1917c0ee550af0f38c0531b25bb726d1710c,section,M12,compile_original,stage routing,MR03,Unmarked rejection,reject,True,False,rejected:absent:custom section .wmrec not found,0.060257,,True,"{""unmarked_binary_sha256"":""17288de5d8ffc83b2223ee650ec19f96fa9b779f3eb45b8e2433c730b7a1e3e2""}"
pilot_mutation,H01-gcd.c,bf207a4afdd7e623be4bd0751bdc1917c0ee550af0f38c0531b25bb726d1710c,section,M12,compile_original,stage routing,MR04,Wrong-key rejection,reject,True,False,rejected:wrong-key:key tag mismatch,0.072796,,True,"{""antecedent_guarded"":true,""antecedent_hex"":""4d6f7270682d3031""}"
pilot_mutation,H01-gcd.c,bf207a4afdd7e623be4bd0751bdc1917c0ee550af0f38c0531b25bb726d1710c,section,M12,compile_original,stage routing,MR05,Payload separation,separate,False,True,exception:ExtractionError:custom section .wmrec not found,0.166588,ExtractionError,True,{}
pilot_mutation,H01-gcd.c,bf207a4afdd7e623be4bd0751bdc1917c0ee550af0f38c0531b25bb726d1710c,section,M12,compile_original,stage routing,MR06,Cross-compiler invariance,preserve,False,True,exception:ExtractionError:custom section .wmrec not found,0.124048,ExtractionError,True,{}
pilot_mutation,H01-gcd.c,bf207a4afdd7e623be4bd0751bdc1917c0ee550af0f38c0531b25bb726d1710c,section,M12,compile_original,stage routing,MR07,Optimization invariance,preserve,False,True,exception:ExtractionError:custom section .wmrec not found,0.188764,ExtractionError,True,{}
pilot_mutation,H01-gcd.c,bf207a4afdd7e623be4bd0751bdc1917c0ee550af0f38c0531b25bb726d1710c,section,M12,compile_original,stage routing,MR08,Clean-room relocation,preserve,False,True,exception:ExtractionError:custom section .wmrec not found,0.03226,ExtractionError,True,{}
pilot_mutation,H01-gcd.c,bf207a4afdd7e623be4bd0751bdc1917c0ee550af0f38c0531b25bb726d1710c,section,M12,compile_original,stage routing,MR09,Carrier-removal rejection,reject,True,False,rejected:absent:custom section .wmrec not found,0.077377,,True,"{""antecedent_guarded"":true}"
pilot_mutation,H01-gcd.c,bf207a4afdd7e623be4bd0751bdc1917c0ee550af0f38c0531b25bb726d1710c,section,M12,compile_original,stage routing,MR10,Carrier-corruption rejection,reject,True,False,rejected:checksum:payload checksum mismatch,0.102235,,True,"{""antecedent_guarded"":true}"
pilot_mutation,H01-gcd.c,bf207a4afdd7e623be4bd0751bdc1917c0ee550af0f38c0531b25bb726d1710c,section,M12,compile_original,stage routing,MR11,Requested/actual trace agreement,trace,True,False,requested=clang/Os;actual=clang/Os,0.069738,,True,"{""build"":{""actual_compiler"":""clang"",""actual_optimization"":""Os"",""binary"":""WORKDIR/section/M12/MR11/trace/build-01/artifact.bin"",""binary_sha256"":""8979583311288d6755db67bfb67a745238b66729f18570b075945ee29c1a551b"",""carrier"":""section"",""command"":[""clang"",""-std=c11"",""-fno-ident"",""-no-pie"",""-Os"",""WORKDIR/section/M12/MR11/trace/build-01/host.c"",""-o"",""WORKDIR/section/M12/MR11/trace/build-01/artifact.bin""],""effective_payload_hex"":""4d6f7270682d3031"",""key"":""key-alpha"",""mutant_id"":""M12"",""requested_compiler"":""clang"",""requested_optimization"":""Os"",""requested_payload_hex"":""4d6f7270682d3031"",""return_code"":0,""source"":""WORKDIR/section/M12/MR11/trace/build-01/host.c"",""source_sha256"":""bf207a4afdd7e623be4bd0751bdc1917c0ee550af0f38c0531b25bb726d1710c"",""stderr"":""""}}"
pilot_mutation,H01-gcd.c,bf207a4afdd7e623be4bd0751bdc1917c0ee550af0f38c0531b25bb726d1710c,section,M12,compile_original,stage routing,MR12,Interleaved artifact isolation,separate,False,True,exception:ExtractionError:custom section .wmrec not found,0.087454,ExtractionError,True,{}
pilot_mutation,H01-gcd.c,bf207a4afdd7e623be4bd0751bdc1917c0ee550af0f38c0531b25bb726d1710c,section,M12,compile_original,stage routing,MR13,Reordered extraction independence,preserve,False,True,exception:ExtractionError:custom section .wmrec not found,0.079833,ExtractionError,True,{}
pilot_mutation,H01-gcd.c,bf207a4afdd7e623be4bd0751bdc1917c0ee550af0f38c0531b25bb726d1710c,section,M12,compile_original,stage routing,MR14,Rebuild stability,preserve,False,True,exception:ExtractionError:custom section .wmrec not found,0.062119,ExtractionError,True,{}
pilot_mutation,H01-gcd.c,bf207a4afdd7e623be4bd0751bdc1917c0ee550af0f38c0531b25bb726d1710c,section,M13,force_gcc,configuration,MR01,Round-trip fidelity,preserve,True,False,extracted=b'Morph-01',0.069595,,True,"{""build"":{""actual_compiler"":""gcc"",""actual_optimization"":""O2"",""binary"":""WORKDIR/section/M13/MR01/marked/build-01/artifact.bin"",""binary_sha256"":""63cbeff2b0785d492761ce367639a8bbc8e94ddb2cfe720778f8bd6177d67b85"",""carrier"":""section"",""command"":[""gcc"",""-std=c11"",""-fno-ident"",""-no-pie"",""-O2"",""WORKDIR/section/M13/MR01/marked/build-01/host.c"",""-o"",""WORKDIR/section/M13/MR01/marked/build-01/artifact.bin""],""effective_payload_hex"":""4d6f7270682d3031"",""key"":""key-alpha"",""mutant_id"":""M13"",""requested_compiler"":""gcc"",""requested_optimization"":""O2"",""requested_payload_hex"":""4d6f7270682d3031"",""return_code"":0,""source"":""WORKDIR/section/M13/MR01/marked/build-01/host.c"",""source_sha256"":""bf207a4afdd7e623be4bd0751bdc1917c0ee550af0f38c0531b25bb726d1710c"",""stderr"":""""},""extracted_hex"":""4d6f7270682d3031""}"
pilot_mutation,H01-gcd.c,bf207a4afdd7e623be4bd0751bdc1917c0ee550af0f38c0531b25bb726d1710c,section,M13,force_gcc,configuration,MR02,Host-semantic preservation,preserve,True,False,mismatch_count=0,0.132215,,True,"{""mismatches"":[]}"
pilot_mutation,H01-gcd.c,bf207a4afdd7e623be4bd0751bdc1917c0ee550af0f38c0531b25bb726d1710c,section,M13,force_gcc,configuration,MR03,Unmarked rejection,reject,True,False,rejected:absent:custom section .wmrec not found,0.095003,,True,"{""unmarked_binary_sha256"":""17288de5d8ffc83b2223ee650ec19f96fa9b779f3eb45b8e2433c730b7a1e3e2""}"
pilot_mutation,H01-gcd.c,bf207a4afdd7e623be4bd0751bdc1917c0ee550af0f38c0531b25bb726d1710c,section,M13,force_gcc,configuration,MR04,Wrong-key rejection,reject,True,False,rejected:wrong-key:key tag mismatch,0.071498,,True,"{""antecedent_guarded"":true,""antecedent_hex"":""4d6f7270682d3031""}"
pilot_mutation,H01-gcd.c,bf207a4afdd7e623be4bd0751bdc1917c0ee550af0f38c0531b25bb726d1710c,section,M13,force_gcc,configuration,MR05,Payload separation,separate,True,False,first=b'Morph-01';second=b'Second-2',0.156575,,True,"{""execution_order"":""sequential-builds-then-extract"",""first_hex"":""4d6f7270682d3031"",""second_hex"":""5365636f6e642d32""}"
pilot_mutation,H01-gcd.c,bf207a4afdd7e623be4bd0751bdc1917c0ee550af0f38c0531b25bb726d1710c,section,M13,force_gcc,configuration,MR06,Cross-compiler invariance,preserve,True,False,"payloads=b'Morph-01',b'Morph-01';semantic_equal=True",0.154587,,True,"{""clang_actual"":""gcc"",""gcc_actual"":""gcc""}"
pilot_mutation,H01-gcd.c,bf207a4afdd7e623be4bd0751bdc1917c0ee550af0f38c0531b25bb726d1710c,section,M13,force_gcc,configuration,MR07,Optimization invariance,preserve,True,False,"payloads=['Morph-01', 'Morph-01', 'Morph-01'];semantic_equal=True",0.255453,,True,{}
pilot_mutation,H01-gcd.c,bf207a4afdd7e623be4bd0751bdc1917c0ee550af0f38c0531b25bb726d1710c,section,M13,force_gcc,configuration,MR08,Clean-room relocation,preserve,True,False,relocated=b'Morph-01',0.056375,,True,"{""clean_room_entries"":[""renamed-artifact.bin""],""relocated_hex"":""4d6f7270682d3031""}"
pilot_mutation,H01-gcd.c,bf207a4afdd7e623be4bd0751bdc1917c0ee550af0f38c0531b25bb726d1710c,section,M13,force_gcc,configuration,MR09,Carrier-removal rejection,reject,True,False,rejected:absent:custom section .wmrec not found,0.063813,,True,"{""antecedent_guarded"":true}"
pilot_mutation,H01-gcd.c,bf207a4afdd7e623be4bd0751bdc1917c0ee550af0f38c0531b25bb726d1710c,section,M13,force_gcc,configuration,MR10,Carrier-corruption rejection,reject,True,False,rejected:checksum:payload checksum mismatch,0.086155,,True,"{""antecedent_guarded"":true}"
pilot_mutation,H01-gcd.c,bf207a4afdd7e623be4bd0751bdc1917c0ee550af0f38c0531b25bb726d1710c,section,M13,force_gcc,configuration,MR11,Requested/actual trace agreement,trace,False,True,requested=clang/Os;actual=gcc/Os,0.071963,,True,"{""build"":{""actual_compiler"":""gcc"",""actual_optimization"":""Os"",""binary"":""WORKDIR/section/M13/MR11/trace/build-01/artifact.bin"",""binary_sha256"":""536203b03d275ac01867599e3754d1b40589473421d70f4477920cc4e53f2419"",""carrier"":""section"",""command"":[""gcc"",""-std=c11"",""-fno-ident"",""-no-pie"",""-Os"",""WORKDIR/section/M13/MR11/trace/build-01/host.c"",""-o"",""WORKDIR/section/M13/MR11/trace/build-01/artifact.bin""],""effective_payload_hex"":""4d6f7270682d3031"",""key"":""key-alpha"",""mutant_id"":""M13"",""requested_compiler"":""clang"",""requested_optimization"":""Os"",""requested_payload_hex"":""4d6f7270682d3031"",""return_code"":0,""source"":""WORKDIR/section/M13/MR11/trace/build-01/host.c"",""source_sha256"":""bf207a4afdd7e623be4bd0751bdc1917c0ee550af0f38c0531b25bb726d1710c"",""stderr"":""""}}"
pilot_mutation,H01-gcd.c,bf207a4afdd7e623be4bd0751bdc1917c0ee550af0f38c0531b25bb726d1710c,section,M13,force_gcc,configuration,MR12,Interleaved artifact isolation,separate,True,False,parallel_isolation_satisfied,0.092371,,True,"{""aliasing_detected"":false,""both_expected"":true,""execution_order"":""overlapping-builds-then-extract"",""payloads_distinct"":true}"
pilot_mutation,H01-gcd.c,bf207a4afdd7e623be4bd0751bdc1917c0ee550af0f38c0531b25bb726d1710c,section,M13,force_gcc,configuration,MR13,Reordered extraction independence,preserve,True,False,before=b'Morph-01';intervening=b'Second-2';after=b'Morph-01',0.142232,,True,"{""intervening_extraction"":true}"
pilot_mutation,H01-gcd.c,bf207a4afdd7e623be4bd0751bdc1917c0ee550af0f38c0531b25bb726d1710c,section,M13,force_gcc,configuration,MR14,Rebuild stability,preserve,True,False,first=b'Morph-01';second=b'Morph-01',0.106924,,True,"{""binary_bytes_equal"":true,""execution_order"":""build1-extract1-build2-extract2""}"
pilot_mutation,H01-gcd.c,bf207a4afdd7e623be4bd0751bdc1917c0ee550af0f38c0531b25bb726d1710c,section,M14,force_O0,configuration,MR01,Round-trip fidelity,preserve,True,False,extracted=b'Morph-01',0.038788,,True,"{""build"":{""actual_compiler"":""gcc"",""actual_optimization"":""O0"",""binary"":""WORKDIR/section/M14/MR01/marked/build-01/artifact.bin"",""binary_sha256"":""05fb1320529a6af646b8ea2321c0e83ec10eaa89ee2a9bff9314e90d0c3bc4a1"",""carrier"":""section"",""command"":[""gcc"",""-std=c11"",""-fno-ident"",""-no-pie"",""-O0"",""WORKDIR/section/M14/MR01/marked/build-01/host.c"",""-o"",""WORKDIR/section/M14/MR01/marked/build-01/artifact.bin""],""effective_payload_hex"":""4d6f7270682d3031"",""key"":""key-alpha"",""mutant_id"":""M14"",""requested_compiler"":""gcc"",""requested_optimization"":""O2"",""requested_payload_hex"":""4d6f7270682d3031"",""return_code"":0,""source"":""WORKDIR/section/M14/MR01/marked/build-01/host.c"",""source_sha256"":""bf207a4afdd7e623be4bd0751bdc1917c0ee550af0f38c0531b25bb726d1710c"",""stderr"":""""},""extracted_hex"":""4d6f7270682d3031""}"
pilot_mutation,H01-gcd.c,bf207a4afdd7e623be4bd0751bdc1917c0ee550af0f38c0531b25bb726d1710c,section,M14,force_O0,configuration,MR02,Host-semantic preservation,preserve,True,False,mismatch_count=0,0.12741,,True,"{""mismatches"":[]}"
pilot_mutation,H01-gcd.c,bf207a4afdd7e623be4bd0751bdc1917c0ee550af0f38c0531b25bb726d1710c,section,M14,force_O0,configuration,MR03,Unmarked rejection,reject,True,False,rejected:absent:custom section .wmrec not found,0.049737,,True,"{""unmarked_binary_sha256"":""9b4d3b3c14fed8daa1b0d67cbd603737a48b61b6fcbe1d6f6b318081d458be0b""}"
pilot_mutation,H01-gcd.c,bf207a4afdd7e623be4bd0751bdc1917c0ee550af0f38c0531b25bb726d1710c,section,M14,force_O0,configuration,MR04,Wrong-key rejection,reject,True,False,rejected:wrong-key:key tag mismatch,0.056579,,True,"{""antecedent_guarded"":true,""antecedent_hex"":""4d6f7270682d3031""}"
pilot_mutation,H01-gcd.c,bf207a4afdd7e623be4bd0751bdc1917c0ee550af0f38c0531b25bb726d1710c,section,M14,force_O0,configuration,MR05,Payload separation,separate,True,False,first=b'Morph-01';second=b'Second-2',0.171036,,True,"{""execution_order"":""sequential-builds-then-extract"",""first_hex"":""4d6f7270682d3031"",""second_hex"":""5365636f6e642d32""}"
pilot_mutation,H01-gcd.c,bf207a4afdd7e623be4bd0751bdc1917c0ee550af0f38c0531b25bb726d1710c,section,M14,force_O0,configuration,MR06,Cross-compiler invariance,preserve,True,False,"payloads=b'Morph-01',b'Morph-01';semantic_equal=True",0.159122,,True,"{""clang_actual"":""clang"",""gcc_actual"":""gcc""}"
pilot_mutation,H01-gcd.c,bf207a4afdd7e623be4bd0751bdc1917c0ee550af0f38c0531b25bb726d1710c,section,M14,force_O0,configuration,MR07,Optimization invariance,preserve,True,False,"payloads=['Morph-01', 'Morph-01', 'Morph-01'];semantic_equal=True",0.193187,,True,{}
pilot_mutation,H01-gcd.c,bf207a4afdd7e623be4bd0751bdc1917c0ee550af0f38c0531b25bb726d1710c,section,M14,force_O0,configuration,MR08,Clean-room relocation,preserve,True,False,relocated=b'Morph-01',0.073197,,True,"{""clean_room_entries"":[""renamed-artifact.bin""],""relocated_hex"":""4d6f7270682d3031""}"
pilot_mutation,H01-gcd.c,bf207a4afdd7e623be4bd0751bdc1917c0ee550af0f38c0531b25bb726d1710c,section,M14,force_O0,configuration,MR09,Carrier-removal rejection,reject,True,False,rejected:absent:custom section .wmrec not found,0.067936,,True,"{""antecedent_guarded"":true}"
pilot_mutation,H01-gcd.c,bf207a4afdd7e623be4bd0751bdc1917c0ee550af0f38c0531b25bb726d1710c,section,M14,force_O0,configuration,MR10,Carrier-corruption rejection,reject,True,False,rejected:checksum:payload checksum mismatch,0.04828,,True,"{""antecedent_guarded"":true}"
pilot_mutation,H01-gcd.c,bf207a4afdd7e623be4bd0751bdc1917c0ee550af0f38c0531b25bb726d1710c,section,M14,force_O0,configuration,MR11,Requested/actual trace agreement,trace,False,True,requested=clang/Os;actual=clang/O0,0.092576,,True,"{""build"":{""actual_compiler"":""clang"",""actual_optimization"":""O0"",""binary"":""WORKDIR/section/M14/MR11/trace/build-01/artifact.bin"",""binary_sha256"":""7f62562f066731224c4ff4220a4de8faf049f2a4ce2bda89adb67824c1cc049c"",""carrier"":""section"",""command"":[""clang"",""-std=c11"",""-fno-ident"",""-no-pie"",""-O0"",""WORKDIR/section/M14/MR11/trace/build-01/host.c"",""-o"",""WORKDIR/section/M14/MR11/trace/build-01/artifact.bin""],""effective_payload_hex"":""4d6f7270682d3031"",""key"":""key-alpha"",""mutant_id"":""M14"",""requested_compiler"":""clang"",""requested_optimization"":""Os"",""requested_payload_hex"":""4d6f7270682d3031"",""return_code"":0,""source"":""WORKDIR/section/M14/MR11/trace/build-01/host.c"",""source_sha256"":""bf207a4afdd7e623be4bd0751bdc1917c0ee550af0f38c0531b25bb726d1710c"",""stderr"":""""}}"
pilot_mutation,H01-gcd.c,bf207a4afdd7e623be4bd0751bdc1917c0ee550af0f38c0531b25bb726d1710c,section,M14,force_O0,configuration,MR12,Interleaved artifact isolation,separate,True,False,parallel_isolation_satisfied,0.079358,,True,"{""aliasing_detected"":false,""both_expected"":true,""execution_order"":""overlapping-builds-then-extract"",""payloads_distinct"":true}"
pilot_mutation,H01-gcd.c,bf207a4afdd7e623be4bd0751bdc1917c0ee550af0f38c0531b25bb726d1710c,section,M14,force_O0,configuration,MR13,Reordered extraction independence,preserve,True,False,before=b'Morph-01';intervening=b'Second-2';after=b'Morph-01',0.11809,,True,"{""intervening_extraction"":true}"
pilot_mutation,H01-gcd.c,bf207a4afdd7e623be4bd0751bdc1917c0ee550af0f38c0531b25bb726d1710c,section,M14,force_O0,configuration,MR14,Rebuild stability,preserve,True,False,first=b'Morph-01';second=b'Morph-01',0.117501,,True,"{""binary_bytes_equal"":true,""execution_order"":""build1-extract1-build2-extract2""}"
pilot_mutation,H01-gcd.c,bf207a4afdd7e623be4bd0751bdc1917c0ee550af0f38c0531b25bb726d1710c,section,M15,transform_noop,transformation,MR01,Round-trip fidelity,preserve,True,False,extracted=b'Morph-01',0.067641,,True,"{""build"":{""actual_compiler"":""gcc"",""actual_optimization"":""O2"",""binary"":""WORKDIR/section/M15/MR01/marked/build-01/artifact.bin"",""binary_sha256"":""63cbeff2b0785d492761ce367639a8bbc8e94ddb2cfe720778f8bd6177d67b85"",""carrier"":""section"",""command"":[""gcc"",""-std=c11"",""-fno-ident"",""-no-pie"",""-O2"",""WORKDIR/section/M15/MR01/marked/build-01/host.c"",""-o"",""WORKDIR/section/M15/MR01/marked/build-01/artifact.bin""],""effective_payload_hex"":""4d6f7270682d3031"",""key"":""key-alpha"",""mutant_id"":""M15"",""requested_compiler"":""gcc"",""requested_optimization"":""O2"",""requested_payload_hex"":""4d6f7270682d3031"",""return_code"":0,""source"":""WORKDIR/section/M15/MR01/marked/build-01/host.c"",""source_sha256"":""bf207a4afdd7e623be4bd0751bdc1917c0ee550af0f38c0531b25bb726d1710c"",""stderr"":""""},""extracted_hex"":""4d6f7270682d3031""}"
pilot_mutation,H01-gcd.c,bf207a4afdd7e623be4bd0751bdc1917c0ee550af0f38c0531b25bb726d1710c,section,M15,transform_noop,transformation,MR02,Host-semantic preservation,preserve,True,False,mismatch_count=0,0.192624,,True,"{""mismatches"":[]}"
pilot_mutation,H01-gcd.c,bf207a4afdd7e623be4bd0751bdc1917c0ee550af0f38c0531b25bb726d1710c,section,M15,transform_noop,transformation,MR03,Unmarked rejection,reject,True,False,rejected:absent:custom section .wmrec not found,0.036652,,True,"{""unmarked_binary_sha256"":""17288de5d8ffc83b2223ee650ec19f96fa9b779f3eb45b8e2433c730b7a1e3e2""}"
pilot_mutation,H01-gcd.c,bf207a4afdd7e623be4bd0751bdc1917c0ee550af0f38c0531b25bb726d1710c,section,M15,transform_noop,transformation,MR04,Wrong-key rejection,reject,True,False,rejected:wrong-key:key tag mismatch,0.046433,,True,"{""antecedent_guarded"":true,""antecedent_hex"":""4d6f7270682d3031""}"
pilot_mutation,H01-gcd.c,bf207a4afdd7e623be4bd0751bdc1917c0ee550af0f38c0531b25bb726d1710c,section,M15,transform_noop,transformation,MR05,Payload separation,separate,True,False,first=b'Morph-01';second=b'Second-2',0.114179,,True,"{""execution_order"":""sequential-builds-then-extract"",""first_hex"":""4d6f7270682d3031"",""second_hex"":""5365636f6e642d32""}"
pilot_mutation,H01-gcd.c,bf207a4afdd7e623be4bd0751bdc1917c0ee550af0f38c0531b25bb726d1710c,section,M15,transform_noop,transformation,MR06,Cross-compiler invariance,preserve,True,False,"payloads=b'Morph-01',b'Morph-01';semantic_equal=True",0.181529,,True,"{""clang_actual"":""clang"",""gcc_actual"":""gcc""}"
pilot_mutation,H01-gcd.c,bf207a4afdd7e623be4bd0751bdc1917c0ee550af0f38c0531b25bb726d1710c,section,M15,transform_noop,transformation,MR07,Optimization invariance,preserve,True,False,"payloads=['Morph-01', 'Morph-01', 'Morph-01'];semantic_equal=True",0.252747,,True,{}
pilot_mutation,H01-gcd.c,bf207a4afdd7e623be4bd0751bdc1917c0ee550af0f38c0531b25bb726d1710c,section,M15,transform_noop,transformation,MR08,Clean-room relocation,preserve,True,False,relocated=b'Morph-01',0.070328,,True,"{""clean_room_entries"":[""renamed-artifact.bin""],""relocated_hex"":""4d6f7270682d3031""}"
pilot_mutation,H01-gcd.c,bf207a4afdd7e623be4bd0751bdc1917c0ee550af0f38c0531b25bb726d1710c,section,M15,transform_noop,transformation,MR09,Carrier-removal rejection,reject,False,True,spurious robustness:accepted:b'Morph-01',0.076709,,True,"{""antecedent_guarded"":true}"
pilot_mutation,H01-gcd.c,bf207a4afdd7e623be4bd0751bdc1917c0ee550af0f38c0531b25bb726d1710c,section,M15,transform_noop,transformation,MR10,Carrier-corruption rejection,reject,True,False,rejected:checksum:payload checksum mismatch,0.087672,,True,"{""antecedent_guarded"":true}"
pilot_mutation,H01-gcd.c,bf207a4afdd7e623be4bd0751bdc1917c0ee550af0f38c0531b25bb726d1710c,section,M15,transform_noop,transformation,MR11,Requested/actual trace agreement,trace,True,False,requested=clang/Os;actual=clang/Os,0.083385,,True,"{""build"":{""actual_compiler"":""clang"",""actual_optimization"":""Os"",""binary"":""WORKDIR/section/M15/MR11/trace/build-01/artifact.bin"",""binary_sha256"":""d5d8525397dedc90fa4792ce87b67efca4a48048626cb76d2fe61da67d4f779a"",""carrier"":""section"",""command"":[""clang"",""-std=c11"",""-fno-ident"",""-no-pie"",""-Os"",""WORKDIR/section/M15/MR11/trace/build-01/host.c"",""-o"",""WORKDIR/section/M15/MR11/trace/build-01/artifact.bin""],""effective_payload_hex"":""4d6f7270682d3031"",""key"":""key-alpha"",""mutant_id"":""M15"",""requested_compiler"":""clang"",""requested_optimization"":""Os"",""requested_payload_hex"":""4d6f7270682d3031"",""return_code"":0,""source"":""WORKDIR/section/M15/MR11/trace/build-01/host.c"",""source_sha256"":""bf207a4afdd7e623be4bd0751bdc1917c0ee550af0f38c0531b25bb726d1710c"",""stderr"":""""}}"
pilot_mutation,H01-gcd.c,bf207a4afdd7e623be4bd0751bdc1917c0ee550af0f38c0531b25bb726d1710c,section,M15,transform_noop,transformation,MR12,Interleaved artifact isolation,separate,True,False,parallel_isolation_satisfied,0.093078,,True,"{""aliasing_detected"":false,""both_expected"":true,""execution_order"":""overlapping-builds-then-extract"",""payloads_distinct"":true}"
pilot_mutation,H01-gcd.c,bf207a4afdd7e623be4bd0751bdc1917c0ee550af0f38c0531b25bb726d1710c,section,M15,transform_noop,transformation,MR13,Reordered extraction independence,preserve,True,False,before=b'Morph-01';intervening=b'Second-2';after=b'Morph-01',0.105909,,True,"{""intervening_extraction"":true}"
pilot_mutation,H01-gcd.c,bf207a4afdd7e623be4bd0751bdc1917c0ee550af0f38c0531b25bb726d1710c,section,M15,transform_noop,transformation,MR14,Rebuild stability,preserve,True,False,first=b'Morph-01';second=b'Morph-01',0.126096,,True,"{""binary_bytes_equal"":true,""execution_order"":""build1-extract1-build2-extract2""}"
pilot_mutation,H01-gcd.c,bf207a4afdd7e623be4bd0751bdc1917c0ee550af0f38c0531b25bb726d1710c,section,M16,checksum_bypass,integrity,MR01,Round-trip fidelity,preserve,True,False,extracted=b'Morph-01',0.080197,,True,"{""build"":{""actual_compiler"":""gcc"",""actual_optimization"":""O2"",""binary"":""WORKDIR/section/M16/MR01/marked/build-01/artifact.bin"",""binary_sha256"":""63cbeff2b0785d492761ce367639a8bbc8e94ddb2cfe720778f8bd6177d67b85"",""carrier"":""section"",""command"":[""gcc"",""-std=c11"",""-fno-ident"",""-no-pie"",""-O2"",""WORKDIR/section/M16/MR01/marked/build-01/host.c"",""-o"",""WORKDIR/section/M16/MR01/marked/build-01/artifact.bin""],""effective_payload_hex"":""4d6f7270682d3031"",""key"":""key-alpha"",""mutant_id"":""M16"",""requested_compiler"":""gcc"",""requested_optimization"":""O2"",""requested_payload_hex"":""4d6f7270682d3031"",""return_code"":0,""source"":""WORKDIR/section/M16/MR01/marked/build-01/host.c"",""source_sha256"":""bf207a4afdd7e623be4bd0751bdc1917c0ee550af0f38c0531b25bb726d1710c"",""stderr"":""""},""extracted_hex"":""4d6f7270682d3031""}"
pilot_mutation,H01-gcd.c,bf207a4afdd7e623be4bd0751bdc1917c0ee550af0f38c0531b25bb726d1710c,section,M16,checksum_bypass,integrity,MR02,Host-semantic preservation,preserve,True,False,mismatch_count=0,0.182239,,True,"{""mismatches"":[]}"
pilot_mutation,H01-gcd.c,bf207a4afdd7e623be4bd0751bdc1917c0ee550af0f38c0531b25bb726d1710c,section,M16,checksum_bypass,integrity,MR03,Unmarked rejection,reject,True,False,rejected:absent:custom section .wmrec not found,0.060444,,True,"{""unmarked_binary_sha256"":""17288de5d8ffc83b2223ee650ec19f96fa9b779f3eb45b8e2433c730b7a1e3e2""}"
pilot_mutation,H01-gcd.c,bf207a4afdd7e623be4bd0751bdc1917c0ee550af0f38c0531b25bb726d1710c,section,M16,checksum_bypass,integrity,MR04,Wrong-key rejection,reject,True,False,rejected:wrong-key:key tag mismatch,0.063718,,True,"{""antecedent_guarded"":true,""antecedent_hex"":""4d6f7270682d3031""}"
pilot_mutation,H01-gcd.c,bf207a4afdd7e623be4bd0751bdc1917c0ee550af0f38c0531b25bb726d1710c,section,M16,checksum_bypass,integrity,MR05,Payload separation,separate,True,False,first=b'Morph-01';second=b'Second-2',0.132047,,True,"{""execution_order"":""sequential-builds-then-extract"",""first_hex"":""4d6f7270682d3031"",""second_hex"":""5365636f6e642d32""}"
pilot_mutation,H01-gcd.c,bf207a4afdd7e623be4bd0751bdc1917c0ee550af0f38c0531b25bb726d1710c,section,M16,checksum_bypass,integrity,MR06,Cross-compiler invariance,preserve,True,False,"payloads=b'Morph-01',b'Morph-01';semantic_equal=True",0.178275,,True,"{""clang_actual"":""clang"",""gcc_actual"":""gcc""}"
pilot_mutation,H01-gcd.c,bf207a4afdd7e623be4bd0751bdc1917c0ee550af0f38c0531b25bb726d1710c,section,M16,checksum_bypass,integrity,MR07,Optimization invariance,preserve,True,False,"payloads=['Morph-01', 'Morph-01', 'Morph-01'];semantic_equal=True",0.261541,,True,{}
pilot_mutation,H01-gcd.c,bf207a4afdd7e623be4bd0751bdc1917c0ee550af0f38c0531b25bb726d1710c,section,M16,checksum_bypass,integrity,MR08,Clean-room relocation,preserve,True,False,relocated=b'Morph-01',0.061711,,True,"{""clean_room_entries"":[""renamed-artifact.bin""],""relocated_hex"":""4d6f7270682d3031""}"
pilot_mutation,H01-gcd.c,bf207a4afdd7e623be4bd0751bdc1917c0ee550af0f38c0531b25bb726d1710c,section,M16,checksum_bypass,integrity,MR09,Carrier-removal rejection,reject,True,False,rejected:absent:custom section .wmrec not found,0.080089,,True,"{""antecedent_guarded"":true}"
pilot_mutation,H01-gcd.c,bf207a4afdd7e623be4bd0751bdc1917c0ee550af0f38c0531b25bb726d1710c,section,M16,checksum_bypass,integrity,MR10,Carrier-corruption rejection,reject,False,True,corruption accepted:accepted:b'Morph-01',0.085621,,True,"{""antecedent_guarded"":true}"
pilot_mutation,H01-gcd.c,bf207a4afdd7e623be4bd0751bdc1917c0ee550af0f38c0531b25bb726d1710c,section,M16,checksum_bypass,integrity,MR11,Requested/actual trace agreement,trace,True,False,requested=clang/Os;actual=clang/Os,0.06108,,True,"{""build"":{""actual_compiler"":""clang"",""actual_optimization"":""Os"",""binary"":""WORKDIR/section/M16/MR11/trace/build-01/artifact.bin"",""binary_sha256"":""d5d8525397dedc90fa4792ce87b67efca4a48048626cb76d2fe61da67d4f779a"",""carrier"":""section"",""command"":[""clang"",""-std=c11"",""-fno-ident"",""-no-pie"",""-Os"",""WORKDIR/section/M16/MR11/trace/build-01/host.c"",""-o"",""WORKDIR/section/M16/MR11/trace/build-01/artifact.bin""],""effective_payload_hex"":""4d6f7270682d3031"",""key"":""key-alpha"",""mutant_id"":""M16"",""requested_compiler"":""clang"",""requested_optimization"":""Os"",""requested_payload_hex"":""4d6f7270682d3031"",""return_code"":0,""source"":""WORKDIR/section/M16/MR11/trace/build-01/host.c"",""source_sha256"":""bf207a4afdd7e623be4bd0751bdc1917c0ee550af0f38c0531b25bb726d1710c"",""stderr"":""""}}"
pilot_mutation,H01-gcd.c,bf207a4afdd7e623be4bd0751bdc1917c0ee550af0f38c0531b25bb726d1710c,section,M16,checksum_bypass,integrity,MR12,Interleaved artifact isolation,separate,True,False,parallel_isolation_satisfied,0.09145,,True,"{""aliasing_detected"":false,""both_expected"":true,""execution_order"":""overlapping-builds-then-extract"",""payloads_distinct"":true}"
pilot_mutation,H01-gcd.c,bf207a4afdd7e623be4bd0751bdc1917c0ee550af0f38c0531b25bb726d1710c,section,M16,checksum_bypass,integrity,MR13,Reordered extraction independence,preserve,True,False,before=b'Morph-01';intervening=b'Second-2';after=b'Morph-01',0.119193,,True,"{""intervening_extraction"":true}"
pilot_mutation,H01-gcd.c,bf207a4afdd7e623be4bd0751bdc1917c0ee550af0f38c0531b25bb726d1710c,section,M16,checksum_bypass,integrity,MR14,Rebuild stability,preserve,True,False,first=b'Morph-01';second=b'Morph-01',0.124531,,True,"{""binary_bytes_equal"":true,""execution_order"":""build1-extract1-build2-extract2""}"
pilot_mutation,H01-gcd.c,bf207a4afdd7e623be4bd0751bdc1917c0ee550af0f38c0531b25bb726d1710c,section,M17,filename_bound,artifact binding,MR01,Round-trip fidelity,preserve,True,False,extracted=b'Morph-01',0.086129,,True,"{""build"":{""actual_compiler"":""gcc"",""actual_optimization"":""O2"",""binary"":""WORKDIR/section/M17/MR01/marked/build-01/artifact.bin"",""binary_sha256"":""63cbeff2b0785d492761ce367639a8bbc8e94ddb2cfe720778f8bd6177d67b85"",""carrier"":""section"",""command"":[""gcc"",""-std=c11"",""-fno-ident"",""-no-pie"",""-O2"",""WORKDIR/section/M17/MR01/marked/build-01/host.c"",""-o"",""WORKDIR/section/M17/MR01/marked/build-01/artifact.bin""],""effective_payload_hex"":""4d6f7270682d3031"",""key"":""key-alpha"",""mutant_id"":""M17"",""requested_compiler"":""gcc"",""requested_optimization"":""O2"",""requested_payload_hex"":""4d6f7270682d3031"",""return_code"":0,""source"":""WORKDIR/section/M17/MR01/marked/build-01/host.c"",""source_sha256"":""bf207a4afdd7e623be4bd0751bdc1917c0ee550af0f38c0531b25bb726d1710c"",""stderr"":""""},""extracted_hex"":""4d6f7270682d3031""}"
pilot_mutation,H01-gcd.c,bf207a4afdd7e623be4bd0751bdc1917c0ee550af0f38c0531b25bb726d1710c,section,M17,filename_bound,artifact binding,MR02,Host-semantic preservation,preserve,True,False,mismatch_count=0,0.146413,,True,"{""mismatches"":[]}"
pilot_mutation,H01-gcd.c,bf207a4afdd7e623be4bd0751bdc1917c0ee550af0f38c0531b25bb726d1710c,section,M17,filename_bound,artifact binding,MR03,Unmarked rejection,reject,True,False,rejected:absent:custom section .wmrec not found,0.064474,,True,"{""unmarked_binary_sha256"":""17288de5d8ffc83b2223ee650ec19f96fa9b779f3eb45b8e2433c730b7a1e3e2""}"
pilot_mutation,H01-gcd.c,bf207a4afdd7e623be4bd0751bdc1917c0ee550af0f38c0531b25bb726d1710c,section,M17,filename_bound,artifact binding,MR04,Wrong-key rejection,reject,True,False,rejected:wrong-key:key tag mismatch,0.041781,,True,"{""antecedent_guarded"":true,""antecedent_hex"":""4d6f7270682d3031""}"
pilot_mutation,H01-gcd.c,bf207a4afdd7e623be4bd0751bdc1917c0ee550af0f38c0531b25bb726d1710c,section,M17,filename_bound,artifact binding,MR05,Payload separation,separate,True,False,first=b'Morph-01';second=b'Second-2',0.137223,,True,"{""execution_order"":""sequential-builds-then-extract"",""first_hex"":""4d6f7270682d3031"",""second_hex"":""5365636f6e642d32""}"
pilot_mutation,H01-gcd.c,bf207a4afdd7e623be4bd0751bdc1917c0ee550af0f38c0531b25bb726d1710c,section,M17,filename_bound,artifact binding,MR06,Cross-compiler invariance,preserve,True,False,"payloads=b'Morph-01',b'Morph-01';semantic_equal=True",0.206212,,True,"{""clang_actual"":""clang"",""gcc_actual"":""gcc""}"
pilot_mutation,H01-gcd.c,bf207a4afdd7e623be4bd0751bdc1917c0ee550af0f38c0531b25bb726d1710c,section,M17,filename_bound,artifact binding,MR07,Optimization invariance,preserve,True,False,"payloads=['Morph-01', 'Morph-01', 'Morph-01'];semantic_equal=True",0.22144,,True,{}
pilot_mutation,H01-gcd.c,bf207a4afdd7e623be4bd0751bdc1917c0ee550af0f38c0531b25bb726d1710c,section,M17,filename_bound,artifact binding,MR08,Clean-room relocation,preserve,False,True,exception:ExtractionError:artifact path is not an original build path,0.061329,ExtractionError,True,{}
pilot_mutation,H01-gcd.c,bf207a4afdd7e623be4bd0751bdc1917c0ee550af0f38c0531b25bb726d1710c,section,M17,filename_bound,artifact binding,MR09,Carrier-removal rejection,reject,True,False,rejected:path:artifact path is not an original build path,0.080652,,True,"{""antecedent_guarded"":true}"
pilot_mutation,H01-gcd.c,bf207a4afdd7e623be4bd0751bdc1917c0ee550af0f38c0531b25bb726d1710c,section,M17,filename_bound,artifact binding,MR10,Carrier-corruption rejection,reject,True,False,rejected:path:artifact path is not an original build path,0.092007,,True,"{""antecedent_guarded"":true}"
pilot_mutation,H01-gcd.c,bf207a4afdd7e623be4bd0751bdc1917c0ee550af0f38c0531b25bb726d1710c,section,M17,filename_bound,artifact binding,MR11,Requested/actual trace agreement,trace,True,False,requested=clang/Os;actual=clang/Os,0.05175,,True,"{""build"":{""actual_compiler"":""clang"",""actual_optimization"":""Os"",""binary"":""WORKDIR/section/M17/MR11/trace/build-01/artifact.bin"",""binary_sha256"":""d5d8525397dedc90fa4792ce87b67efca4a48048626cb76d2fe61da67d4f779a"",""carrier"":""section"",""command"":[""clang"",""-std=c11"",""-fno-ident"",""-no-pie"",""-Os"",""WORKDIR/section/M17/MR11/trace/build-01/host.c"",""-o"",""WORKDIR/section/M17/MR11/trace/build-01/artifact.bin""],""effective_payload_hex"":""4d6f7270682d3031"",""key"":""key-alpha"",""mutant_id"":""M17"",""requested_compiler"":""clang"",""requested_optimization"":""Os"",""requested_payload_hex"":""4d6f7270682d3031"",""return_code"":0,""source"":""WORKDIR/section/M17/MR11/trace/build-01/host.c"",""source_sha256"":""bf207a4afdd7e623be4bd0751bdc1917c0ee550af0f38c0531b25bb726d1710c"",""stderr"":""""}}"
pilot_mutation,H01-gcd.c,bf207a4afdd7e623be4bd0751bdc1917c0ee550af0f38c0531b25bb726d1710c,section,M17,filename_bound,artifact binding,MR12,Interleaved artifact isolation,separate,True,False,parallel_isolation_satisfied,0.104593,,True,"{""aliasing_detected"":false,""both_expected"":true,""execution_order"":""overlapping-builds-then-extract"",""payloads_distinct"":true}"
pilot_mutation,H01-gcd.c,bf207a4afdd7e623be4bd0751bdc1917c0ee550af0f38c0531b25bb726d1710c,section,M17,filename_bound,artifact binding,MR13,Reordered extraction independence,preserve,True,False,before=b'Morph-01';intervening=b'Second-2';after=b'Morph-01',0.12756,,True,"{""intervening_extraction"":true}"
pilot_mutation,H01-gcd.c,bf207a4afdd7e623be4bd0751bdc1917c0ee550af0f38c0531b25bb726d1710c,section,M17,filename_bound,artifact binding,MR14,Rebuild stability,preserve,True,False,first=b'Morph-01';second=b'Morph-01',0.130781,,True,"{""binary_bytes_equal"":true,""execution_order"":""build1-extract1-build2-extract2""}"
pilot_mutation,H01-gcd.c,bf207a4afdd7e623be4bd0751bdc1917c0ee550af0f38c0531b25bb726d1710c,section,M18,stale_binary,state,MR01,Round-trip fidelity,preserve,True,False,extracted=b'Morph-01',0.07453,,True,"{""build"":{""actual_compiler"":""gcc"",""actual_optimization"":""O2"",""binary"":""WORKDIR/section/M18/MR01/marked/build-01/artifact.bin"",""binary_sha256"":""63cbeff2b0785d492761ce367639a8bbc8e94ddb2cfe720778f8bd6177d67b85"",""carrier"":""section"",""command"":[""gcc"",""-std=c11"",""-fno-ident"",""-no-pie"",""-O2"",""WORKDIR/section/M18/MR01/marked/build-01/host.c"",""-o"",""WORKDIR/section/M18/MR01/marked/build-01/artifact.bin""],""effective_payload_hex"":""4d6f7270682d3031"",""key"":""key-alpha"",""mutant_id"":""M18"",""requested_compiler"":""gcc"",""requested_optimization"":""O2"",""requested_payload_hex"":""4d6f7270682d3031"",""return_code"":0,""source"":""WORKDIR/section/M18/MR01/marked/build-01/host.c"",""source_sha256"":""bf207a4afdd7e623be4bd0751bdc1917c0ee550af0f38c0531b25bb726d1710c"",""stderr"":""""},""extracted_hex"":""4d6f7270682d3031""}"
pilot_mutation,H01-gcd.c,bf207a4afdd7e623be4bd0751bdc1917c0ee550af0f38c0531b25bb726d1710c,section,M18,stale_binary,state,MR02,Host-semantic preservation,preserve,True,False,mismatch_count=0,0.150355,,True,"{""mismatches"":[]}"
pilot_mutation,H01-gcd.c,bf207a4afdd7e623be4bd0751bdc1917c0ee550af0f38c0531b25bb726d1710c,section,M18,stale_binary,state,MR03,Unmarked rejection,reject,True,False,rejected:absent:custom section .wmrec not found,0.06131,,True,"{""unmarked_binary_sha256"":""17288de5d8ffc83b2223ee650ec19f96fa9b779f3eb45b8e2433c730b7a1e3e2""}"
pilot_mutation,H01-gcd.c,bf207a4afdd7e623be4bd0751bdc1917c0ee550af0f38c0531b25bb726d1710c,section,M18,stale_binary,state,MR04,Wrong-key rejection,reject,True,False,rejected:wrong-key:key tag mismatch,0.087858,,True,"{""antecedent_guarded"":true,""antecedent_hex"":""4d6f7270682d3031""}"
pilot_mutation,H01-gcd.c,bf207a4afdd7e623be4bd0751bdc1917c0ee550af0f38c0531b25bb726d1710c,section,M18,stale_binary,state,MR05,Payload separation,separate,False,True,first=b'Morph-01';second=b'Morph-01',0.047031,,True,"{""execution_order"":""sequential-builds-then-extract"",""first_hex"":""4d6f7270682d3031"",""second_hex"":""4d6f7270682d3031""}"
pilot_mutation,H01-gcd.c,bf207a4afdd7e623be4bd0751bdc1917c0ee550af0f38c0531b25bb726d1710c,section,M18,stale_binary,state,MR06,Cross-compiler invariance,preserve,True,False,"payloads=b'Morph-01',b'Morph-01';semantic_equal=True",0.074122,,True,"{""clang_actual"":""gcc"",""gcc_actual"":""gcc""}"
pilot_mutation,H01-gcd.c,bf207a4afdd7e623be4bd0751bdc1917c0ee550af0f38c0531b25bb726d1710c,section,M18,stale_binary,state,MR07,Optimization invariance,preserve,True,False,"payloads=['Morph-01', 'Morph-01', 'Morph-01'];semantic_equal=True",0.12441,,True,{}
pilot_mutation,H01-gcd.c,bf207a4afdd7e623be4bd0751bdc1917c0ee550af0f38c0531b25bb726d1710c,section,M18,stale_binary,state,MR08,Clean-room relocation,preserve,True,False,relocated=b'Morph-01',0.076516,,True,"{""clean_room_entries"":[""renamed-artifact.bin""],""relocated_hex"":""4d6f7270682d3031""}"
pilot_mutation,H01-gcd.c,bf207a4afdd7e623be4bd0751bdc1917c0ee550af0f38c0531b25bb726d1710c,section,M18,stale_binary,state,MR09,Carrier-removal rejection,reject,True,False,rejected:absent:custom section .wmrec not found,0.085169,,True,"{""antecedent_guarded"":true}"
pilot_mutation,H01-gcd.c,bf207a4afdd7e623be4bd0751bdc1917c0ee550af0f38c0531b25bb726d1710c,section,M18,stale_binary,state,MR10,Carrier-corruption rejection,reject,False,True,corruption accepted:accepted:b'Morph-01',0.081288,,True,"{""antecedent_guarded"":true}"
pilot_mutation,H01-gcd.c,bf207a4afdd7e623be4bd0751bdc1917c0ee550af0f38c0531b25bb726d1710c,section,M18,stale_binary,state,MR11,Requested/actual trace agreement,trace,True,False,requested=clang/Os;actual=clang/Os,0.077029,,True,"{""build"":{""actual_compiler"":""clang"",""actual_optimization"":""Os"",""binary"":""WORKDIR/section/M18/MR11/trace/build-01/artifact.bin"",""binary_sha256"":""d5d8525397dedc90fa4792ce87b67efca4a48048626cb76d2fe61da67d4f779a"",""carrier"":""section"",""command"":[""clang"",""-std=c11"",""-fno-ident"",""-no-pie"",""-Os"",""WORKDIR/section/M18/MR11/trace/build-01/host.c"",""-o"",""WORKDIR/section/M18/MR11/trace/build-01/artifact.bin""],""effective_payload_hex"":""4d6f7270682d3031"",""key"":""key-alpha"",""mutant_id"":""M18"",""requested_compiler"":""clang"",""requested_optimization"":""Os"",""requested_payload_hex"":""4d6f7270682d3031"",""return_code"":0,""source"":""WORKDIR/section/M18/MR11/trace/build-01/host.c"",""source_sha256"":""bf207a4afdd7e623be4bd0751bdc1917c0ee550af0f38c0531b25bb726d1710c"",""stderr"":""""}}"
pilot_mutation,H01-gcd.c,bf207a4afdd7e623be4bd0751bdc1917c0ee550af0f38c0531b25bb726d1710c,section,M18,stale_binary,state,MR12,Interleaved artifact isolation,separate,True,False,parallel_isolation_satisfied,0.063154,,True,"{""aliasing_detected"":false,""both_expected"":true,""execution_order"":""overlapping-builds-then-extract"",""payloads_distinct"":true}"
pilot_mutation,H01-gcd.c,bf207a4afdd7e623be4bd0751bdc1917c0ee550af0f38c0531b25bb726d1710c,section,M18,stale_binary,state,MR13,Reordered extraction independence,preserve,False,True,exception:ExtractionError:key tag mismatch,0.087569,ExtractionError,True,{}
pilot_mutation,H01-gcd.c,bf207a4afdd7e623be4bd0751bdc1917c0ee550af0f38c0531b25bb726d1710c,section,M18,stale_binary,state,MR14,Rebuild stability,preserve,True,False,first=b'Morph-01';second=b'Morph-01',0.057233,,True,"{""binary_bytes_equal"":true,""execution_order"":""build1-extract1-build2-extract2""}"
pilot_mutation,H01-gcd.c,bf207a4afdd7e623be4bd0751bdc1917c0ee550af0f38c0531b25bb726d1710c,section,M19,extractor_prefix,extraction,MR01,Round-trip fidelity,preserve,False,True,extracted=b'Morph-0',0.091168,,True,"{""build"":{""actual_compiler"":""gcc"",""actual_optimization"":""O2"",""binary"":""WORKDIR/section/M19/MR01/marked/build-01/artifact.bin"",""binary_sha256"":""63cbeff2b0785d492761ce367639a8bbc8e94ddb2cfe720778f8bd6177d67b85"",""carrier"":""section"",""command"":[""gcc"",""-std=c11"",""-fno-ident"",""-no-pie"",""-O2"",""WORKDIR/section/M19/MR01/marked/build-01/host.c"",""-o"",""WORKDIR/section/M19/MR01/marked/build-01/artifact.bin""],""effective_payload_hex"":""4d6f7270682d3031"",""key"":""key-alpha"",""mutant_id"":""M19"",""requested_compiler"":""gcc"",""requested_optimization"":""O2"",""requested_payload_hex"":""4d6f7270682d3031"",""return_code"":0,""source"":""WORKDIR/section/M19/MR01/marked/build-01/host.c"",""source_sha256"":""bf207a4afdd7e623be4bd0751bdc1917c0ee550af0f38c0531b25bb726d1710c"",""stderr"":""""},""extracted_hex"":""4d6f7270682d30""}"
pilot_mutation,H01-gcd.c,bf207a4afdd7e623be4bd0751bdc1917c0ee550af0f38c0531b25bb726d1710c,section,M19,extractor_prefix,extraction,MR02,Host-semantic preservation,preserve,True,False,mismatch_count=0,0.162739,,True,"{""mismatches"":[]}"
pilot_mutation,H01-gcd.c,bf207a4afdd7e623be4bd0751bdc1917c0ee550af0f38c0531b25bb726d1710c,section,M19,extractor_prefix,extraction,MR03,Unmarked rejection,reject,True,False,rejected:absent:custom section .wmrec not found,0.065743,,True,"{""unmarked_binary_sha256"":""17288de5d8ffc83b2223ee650ec19f96fa9b779f3eb45b8e2433c730b7a1e3e2""}"
pilot_mutation,H01-gcd.c,bf207a4afdd7e623be4bd0751bdc1917c0ee550af0f38c0531b25bb726d1710c,section,M19,extractor_prefix,extraction,MR04,Wrong-key rejection,reject,True,False,rejected:wrong-key:key tag mismatch,0.082332,,True,"{""antecedent_guarded"":true,""antecedent_hex"":""4d6f7270682d3031""}"
pilot_mutation,H01-gcd.c,bf207a4afdd7e623be4bd0751bdc1917c0ee550af0f38c0531b25bb726d1710c,section,M19,extractor_prefix,extraction,MR05,Payload separation,separate,False,True,first=b'Morph-0';second=b'Second-',0.104971,,True,"{""execution_order"":""sequential-builds-then-extract"",""first_hex"":""4d6f7270682d30"",""second_hex"":""5365636f6e642d""}"
pilot_mutation,H01-gcd.c,bf207a4afdd7e623be4bd0751bdc1917c0ee550af0f38c0531b25bb726d1710c,section,M19,extractor_prefix,extraction,MR06,Cross-compiler invariance,preserve,False,True,"payloads=b'Morph-0',b'Morph-0';semantic_equal=True",0.18709,,True,"{""clang_actual"":""clang"",""gcc_actual"":""gcc""}"
pilot_mutation,H01-gcd.c,bf207a4afdd7e623be4bd0751bdc1917c0ee550af0f38c0531b25bb726d1710c,section,M19,extractor_prefix,extraction,MR07,Optimization invariance,preserve,False,True,"payloads=['Morph-0', 'Morph-0', 'Morph-0'];semantic_equal=True",0.25371,,True,{}
pilot_mutation,H01-gcd.c,bf207a4afdd7e623be4bd0751bdc1917c0ee550af0f38c0531b25bb726d1710c,section,M19,extractor_prefix,extraction,MR08,Clean-room relocation,preserve,False,True,source_mismatch=b'Morph-0',0.047194,,True,"{""source_hex"":""4d6f7270682d30""}"
pilot_mutation,H01-gcd.c,bf207a4afdd7e623be4bd0751bdc1917c0ee550af0f38c0531b25bb726d1710c,section,M19,extractor_prefix,extraction,MR09,Carrier-removal rejection,reject,True,False,rejected:absent:custom section .wmrec not found,0.051603,,True,"{""antecedent_guarded"":true}"
pilot_mutation,H01-gcd.c,bf207a4afdd7e623be4bd0751bdc1917c0ee550af0f38c0531b25bb726d1710c,section,M19,extractor_prefix,extraction,MR10,Carrier-corruption rejection,reject,True,False,rejected:checksum:payload checksum mismatch,0.096667,,True,"{""antecedent_guarded"":true}"
pilot_mutation,H01-gcd.c,bf207a4afdd7e623be4bd0751bdc1917c0ee550af0f38c0531b25bb726d1710c,section,M19,extractor_prefix,extraction,MR11,Requested/actual trace agreement,trace,True,False,requested=clang/Os;actual=clang/Os,0.095349,,True,"{""build"":{""actual_compiler"":""clang"",""actual_optimization"":""Os"",""binary"":""WORKDIR/section/M19/MR11/trace/build-01/artifact.bin"",""binary_sha256"":""d5d8525397dedc90fa4792ce87b67efca4a48048626cb76d2fe61da67d4f779a"",""carrier"":""section"",""command"":[""clang"",""-std=c11"",""-fno-ident"",""-no-pie"",""-Os"",""WORKDIR/section/M19/MR11/trace/build-01/host.c"",""-o"",""WORKDIR/section/M19/MR11/trace/build-01/artifact.bin""],""effective_payload_hex"":""4d6f7270682d3031"",""key"":""key-alpha"",""mutant_id"":""M19"",""requested_compiler"":""clang"",""requested_optimization"":""Os"",""requested_payload_hex"":""4d6f7270682d3031"",""return_code"":0,""source"":""WORKDIR/section/M19/MR11/trace/build-01/host.c"",""source_sha256"":""bf207a4afdd7e623be4bd0751bdc1917c0ee550af0f38c0531b25bb726d1710c"",""stderr"":""""}}"
pilot_mutation,H01-gcd.c,bf207a4afdd7e623be4bd0751bdc1917c0ee550af0f38c0531b25bb726d1710c,section,M19,extractor_prefix,extraction,MR12,Interleaved artifact isolation,separate,False,True,parallel_isolation_clause_violated,0.093288,,True,"{""aliasing_detected"":false,""both_expected"":false,""execution_order"":""overlapping-builds-then-extract"",""payloads_distinct"":true}"
pilot_mutation,H01-gcd.c,bf207a4afdd7e623be4bd0751bdc1917c0ee550af0f38c0531b25bb726d1710c,section,M19,extractor_prefix,extraction,MR13,Reordered extraction independence,preserve,False,True,before=b'Morph-0';intervening=b'Second-';after=b'Morph-0',0.162224,,True,"{""intervening_extraction"":true}"
pilot_mutation,H01-gcd.c,bf207a4afdd7e623be4bd0751bdc1917c0ee550af0f38c0531b25bb726d1710c,section,M19,extractor_prefix,extraction,MR14,Rebuild stability,preserve,False,True,first=b'Morph-0';second=b'Morph-0',0.14168,,True,"{""binary_bytes_equal"":true,""execution_order"":""build1-extract1-build2-extract2""}"
pilot_mutation,H01-gcd.c,bf207a4afdd7e623be4bd0751bdc1917c0ee550af0f38c0531b25bb726d1710c,section,M20,interleaved_collision,state,MR01,Round-trip fidelity,preserve,True,False,extracted=b'Morph-01',0.042799,,True,"{""build"":{""actual_compiler"":""gcc"",""actual_optimization"":""O2"",""binary"":""WORKDIR/section/M20/MR01/marked/build-01/artifact.bin"",""binary_sha256"":""63cbeff2b0785d492761ce367639a8bbc8e94ddb2cfe720778f8bd6177d67b85"",""carrier"":""section"",""command"":[""gcc"",""-std=c11"",""-fno-ident"",""-no-pie"",""-O2"",""WORKDIR/section/M20/MR01/marked/build-01/host.c"",""-o"",""WORKDIR/section/M20/MR01/marked/build-01/artifact.bin""],""effective_payload_hex"":""4d6f7270682d3031"",""key"":""key-alpha"",""mutant_id"":""M20"",""requested_compiler"":""gcc"",""requested_optimization"":""O2"",""requested_payload_hex"":""4d6f7270682d3031"",""return_code"":0,""source"":""WORKDIR/section/M20/MR01/marked/build-01/host.c"",""source_sha256"":""bf207a4afdd7e623be4bd0751bdc1917c0ee550af0f38c0531b25bb726d1710c"",""stderr"":""""},""extracted_hex"":""4d6f7270682d3031""}"
pilot_mutation,H01-gcd.c,bf207a4afdd7e623be4bd0751bdc1917c0ee550af0f38c0531b25bb726d1710c,section,M20,interleaved_collision,state,MR02,Host-semantic preservation,preserve,True,False,mismatch_count=0,0.123149,,True,"{""mismatches"":[]}"
pilot_mutation,H01-gcd.c,bf207a4afdd7e623be4bd0751bdc1917c0ee550af0f38c0531b25bb726d1710c,section,M20,interleaved_collision,state,MR03,Unmarked rejection,reject,True,False,rejected:absent:custom section .wmrec not found,0.071621,,True,"{""unmarked_binary_sha256"":""17288de5d8ffc83b2223ee650ec19f96fa9b779f3eb45b8e2433c730b7a1e3e2""}"
pilot_mutation,H01-gcd.c,bf207a4afdd7e623be4bd0751bdc1917c0ee550af0f38c0531b25bb726d1710c,section,M20,interleaved_collision,state,MR04,Wrong-key rejection,reject,True,False,rejected:wrong-key:key tag mismatch,0.084652,,True,"{""antecedent_guarded"":true,""antecedent_hex"":""4d6f7270682d3031""}"
pilot_mutation,H01-gcd.c,bf207a4afdd7e623be4bd0751bdc1917c0ee550af0f38c0531b25bb726d1710c,section,M20,interleaved_collision,state,MR05,Payload separation,separate,True,False,first=b'Morph-01';second=b'Second-2',0.147802,,True,"{""execution_order"":""sequential-builds-then-extract"",""first_hex"":""4d6f7270682d3031"",""second_hex"":""5365636f6e642d32""}"
pilot_mutation,H01-gcd.c,bf207a4afdd7e623be4bd0751bdc1917c0ee550af0f38c0531b25bb726d1710c,section,M20,interleaved_collision,state,MR06,Cross-compiler invariance,preserve,True,False,"payloads=b'Morph-01',b'Morph-01';semantic_equal=True",0.182132,,True,"{""clang_actual"":""clang"",""gcc_actual"":""gcc""}"
pilot_mutation,H01-gcd.c,bf207a4afdd7e623be4bd0751bdc1917c0ee550af0f38c0531b25bb726d1710c,section,M20,interleaved_collision,state,MR07,Optimization invariance,preserve,True,False,"payloads=['Morph-01', 'Morph-01', 'Morph-01'];semantic_equal=True",0.22625,,True,{}
pilot_mutation,H01-gcd.c,bf207a4afdd7e623be4bd0751bdc1917c0ee550af0f38c0531b25bb726d1710c,section,M20,interleaved_collision,state,MR08,Clean-room relocation,preserve,True,False,relocated=b'Morph-01',0.058065,,True,"{""clean_room_entries"":[""renamed-artifact.bin""],""relocated_hex"":""4d6f7270682d3031""}"
pilot_mutation,H01-gcd.c,bf207a4afdd7e623be4bd0751bdc1917c0ee550af0f38c0531b25bb726d1710c,section,M20,interleaved_collision,state,MR09,Carrier-removal rejection,reject,True,False,rejected:absent:custom section .wmrec not found,0.073048,,True,"{""antecedent_guarded"":true}"
pilot_mutation,H01-gcd.c,bf207a4afdd7e623be4bd0751bdc1917c0ee550af0f38c0531b25bb726d1710c,section,M20,interleaved_collision,state,MR10,Carrier-corruption rejection,reject,True,False,rejected:checksum:payload checksum mismatch,0.100818,,True,"{""antecedent_guarded"":true}"
pilot_mutation,H01-gcd.c,bf207a4afdd7e623be4bd0751bdc1917c0ee550af0f38c0531b25bb726d1710c,section,M20,interleaved_collision,state,MR11,Requested/actual trace agreement,trace,True,False,requested=clang/Os;actual=clang/Os,0.06678,,True,"{""build"":{""actual_compiler"":""clang"",""actual_optimization"":""Os"",""binary"":""WORKDIR/section/M20/MR11/trace/build-01/artifact.bin"",""binary_sha256"":""d5d8525397dedc90fa4792ce87b67efca4a48048626cb76d2fe61da67d4f779a"",""carrier"":""section"",""command"":[""clang"",""-std=c11"",""-fno-ident"",""-no-pie"",""-Os"",""WORKDIR/section/M20/MR11/trace/build-01/host.c"",""-o"",""WORKDIR/section/M20/MR11/trace/build-01/artifact.bin""],""effective_payload_hex"":""4d6f7270682d3031"",""key"":""key-alpha"",""mutant_id"":""M20"",""requested_compiler"":""clang"",""requested_optimization"":""Os"",""requested_payload_hex"":""4d6f7270682d3031"",""return_code"":0,""source"":""WORKDIR/section/M20/MR11/trace/build-01/host.c"",""source_sha256"":""bf207a4afdd7e623be4bd0751bdc1917c0ee550af0f38c0531b25bb726d1710c"",""stderr"":""""}}"
pilot_mutation,H01-gcd.c,bf207a4afdd7e623be4bd0751bdc1917c0ee550af0f38c0531b25bb726d1710c,section,M20,interleaved_collision,state,MR12,Interleaved artifact isolation,separate,False,True,parallel_isolation_clause_violated,0.09142,,True,"{""aliasing_detected"":true,""both_expected"":false,""execution_order"":""overlapping-builds-then-extract"",""payloads_distinct"":false}"
pilot_mutation,H01-gcd.c,bf207a4afdd7e623be4bd0751bdc1917c0ee550af0f38c0531b25bb726d1710c,section,M20,interleaved_collision,state,MR13,Reordered extraction independence,preserve,True,False,before=b'Morph-01';intervening=b'Second-2';after=b'Morph-01',0.156818,,True,"{""intervening_extraction"":true}"
pilot_mutation,H01-gcd.c,bf207a4afdd7e623be4bd0751bdc1917c0ee550af0f38c0531b25bb726d1710c,section,M20,interleaved_collision,state,MR14,Rebuild stability,preserve,True,False,first=b'Morph-01';second=b'Morph-01',0.142471,,True,"{""binary_bytes_equal"":true,""execution_order"":""build1-extract1-build2-extract2""}"
pilot_mutation,H01-gcd.c,bf207a4afdd7e623be4bd0751bdc1917c0ee550af0f38c0531b25bb726d1710c,section,M21,alternate_compiler_corruption,configuration,MR01,Round-trip fidelity,preserve,True,False,extracted=b'Morph-01',0.062835,,True,"{""build"":{""actual_compiler"":""gcc"",""actual_optimization"":""O2"",""binary"":""WORKDIR/section/M21/MR01/marked/build-01/artifact.bin"",""binary_sha256"":""63cbeff2b0785d492761ce367639a8bbc8e94ddb2cfe720778f8bd6177d67b85"",""carrier"":""section"",""command"":[""gcc"",""-std=c11"",""-fno-ident"",""-no-pie"",""-O2"",""WORKDIR/section/M21/MR01/marked/build-01/host.c"",""-o"",""WORKDIR/section/M21/MR01/marked/build-01/artifact.bin""],""effective_payload_hex"":""4d6f7270682d3031"",""key"":""key-alpha"",""mutant_id"":""M21"",""requested_compiler"":""gcc"",""requested_optimization"":""O2"",""requested_payload_hex"":""4d6f7270682d3031"",""return_code"":0,""source"":""WORKDIR/section/M21/MR01/marked/build-01/host.c"",""source_sha256"":""bf207a4afdd7e623be4bd0751bdc1917c0ee550af0f38c0531b25bb726d1710c"",""stderr"":""""},""extracted_hex"":""4d6f7270682d3031""}"
pilot_mutation,H01-gcd.c,bf207a4afdd7e623be4bd0751bdc1917c0ee550af0f38c0531b25bb726d1710c,section,M21,alternate_compiler_corruption,configuration,MR02,Host-semantic preservation,preserve,True,False,mismatch_count=0,0.149331,,True,"{""mismatches"":[]}"
pilot_mutation,H01-gcd.c,bf207a4afdd7e623be4bd0751bdc1917c0ee550af0f38c0531b25bb726d1710c,section,M21,alternate_compiler_corruption,configuration,MR03,Unmarked rejection,reject,True,False,rejected:absent:custom section .wmrec not found,0.037476,,True,"{""unmarked_binary_sha256"":""17288de5d8ffc83b2223ee650ec19f96fa9b779f3eb45b8e2433c730b7a1e3e2""}"
pilot_mutation,H01-gcd.c,bf207a4afdd7e623be4bd0751bdc1917c0ee550af0f38c0531b25bb726d1710c,section,M21,alternate_compiler_corruption,configuration,MR04,Wrong-key rejection,reject,True,False,rejected:wrong-key:key tag mismatch,0.084555,,True,"{""antecedent_guarded"":true,""antecedent_hex"":""4d6f7270682d3031""}"
pilot_mutation,H01-gcd.c,bf207a4afdd7e623be4bd0751bdc1917c0ee550af0f38c0531b25bb726d1710c,section,M21,alternate_compiler_corruption,configuration,MR05,Payload separation,separate,True,False,first=b'Morph-01';second=b'Second-2',0.104832,,True,"{""execution_order"":""sequential-builds-then-extract"",""first_hex"":""4d6f7270682d3031"",""second_hex"":""5365636f6e642d32""}"
pilot_mutation,H01-gcd.c,bf207a4afdd7e623be4bd0751bdc1917c0ee550af0f38c0531b25bb726d1710c,section,M21,alternate_compiler_corruption,configuration,MR06,Cross-compiler invariance,preserve,False,True,"payloads=b'Morph-01',b'Lorph-01';semantic_equal=True",0.168814,,True,"{""clang_actual"":""clang"",""gcc_actual"":""gcc""}"
pilot_mutation,H01-gcd.c,bf207a4afdd7e623be4bd0751bdc1917c0ee550af0f38c0531b25bb726d1710c,section,M21,alternate_compiler_corruption,configuration,MR07,Optimization invariance,preserve,True,False,"payloads=['Morph-01', 'Morph-01', 'Morph-01'];semantic_equal=True",0.237742,,True,{}
pilot_mutation,H01-gcd.c,bf207a4afdd7e623be4bd0751bdc1917c0ee550af0f38c0531b25bb726d1710c,section,M21,alternate_compiler_corruption,configuration,MR08,Clean-room relocation,preserve,True,False,relocated=b'Morph-01',0.084866,,True,"{""clean_room_entries"":[""renamed-artifact.bin""],""relocated_hex"":""4d6f7270682d3031""}"
pilot_mutation,H01-gcd.c,bf207a4afdd7e623be4bd0751bdc1917c0ee550af0f38c0531b25bb726d1710c,section,M21,alternate_compiler_corruption,configuration,MR09,Carrier-removal rejection,reject,True,False,rejected:absent:custom section .wmrec not found,0.086311,,True,"{""antecedent_guarded"":true}"
pilot_mutation,H01-gcd.c,bf207a4afdd7e623be4bd0751bdc1917c0ee550af0f38c0531b25bb726d1710c,section,M21,alternate_compiler_corruption,configuration,MR10,Carrier-corruption rejection,reject,True,False,rejected:checksum:payload checksum mismatch,0.085107,,True,"{""antecedent_guarded"":true}"
pilot_mutation,H01-gcd.c,bf207a4afdd7e623be4bd0751bdc1917c0ee550af0f38c0531b25bb726d1710c,section,M21,alternate_compiler_corruption,configuration,MR11,Requested/actual trace agreement,trace,True,False,requested=clang/Os;actual=clang/Os,0.088142,,True,"{""build"":{""actual_compiler"":""clang"",""actual_optimization"":""Os"",""binary"":""WORKDIR/section/M21/MR11/trace/build-01/artifact.bin"",""binary_sha256"":""2e75cbe00e865661a724a1618977bda2662fcdbb7de8b4b4ede68b59713f910c"",""carrier"":""section"",""command"":[""clang"",""-std=c11"",""-fno-ident"",""-no-pie"",""-Os"",""WORKDIR/section/M21/MR11/trace/build-01/host.c"",""-o"",""WORKDIR/section/M21/MR11/trace/build-01/artifact.bin""],""effective_payload_hex"":""4c6f7270682d3031"",""key"":""key-alpha"",""mutant_id"":""M21"",""requested_compiler"":""clang"",""requested_optimization"":""Os"",""requested_payload_hex"":""4d6f7270682d3031"",""return_code"":0,""source"":""WORKDIR/section/M21/MR11/trace/build-01/host.c"",""source_sha256"":""bf207a4afdd7e623be4bd0751bdc1917c0ee550af0f38c0531b25bb726d1710c"",""stderr"":""""}}"
pilot_mutation,H01-gcd.c,bf207a4afdd7e623be4bd0751bdc1917c0ee550af0f38c0531b25bb726d1710c,section,M21,alternate_compiler_corruption,configuration,MR12,Interleaved artifact isolation,separate,True,False,parallel_isolation_satisfied,0.096697,,True,"{""aliasing_detected"":false,""both_expected"":true,""execution_order"":""overlapping-builds-then-extract"",""payloads_distinct"":true}"
pilot_mutation,H01-gcd.c,bf207a4afdd7e623be4bd0751bdc1917c0ee550af0f38c0531b25bb726d1710c,section,M21,alternate_compiler_corruption,configuration,MR13,Reordered extraction independence,preserve,True,False,before=b'Morph-01';intervening=b'Second-2';after=b'Morph-01',0.15682,,True,"{""intervening_extraction"":true}"
pilot_mutation,H01-gcd.c,bf207a4afdd7e623be4bd0751bdc1917c0ee550af0f38c0531b25bb726d1710c,section,M21,alternate_compiler_corruption,configuration,MR14,Rebuild stability,preserve,True,False,first=b'Morph-01';second=b'Morph-01',0.110076,,True,"{""binary_bytes_equal"":true,""execution_order"":""build1-extract1-build2-extract2""}"
pilot_mutation,H01-gcd.c,bf207a4afdd7e623be4bd0751bdc1917c0ee550af0f38c0531b25bb726d1710c,section,M22,size_optimization_corruption,configuration,MR01,Round-trip fidelity,preserve,True,False,extracted=b'Morph-01',0.040483,,True,"{""build"":{""actual_compiler"":""gcc"",""actual_optimization"":""O2"",""binary"":""WORKDIR/section/M22/MR01/marked/build-01/artifact.bin"",""binary_sha256"":""63cbeff2b0785d492761ce367639a8bbc8e94ddb2cfe720778f8bd6177d67b85"",""carrier"":""section"",""command"":[""gcc"",""-std=c11"",""-fno-ident"",""-no-pie"",""-O2"",""WORKDIR/section/M22/MR01/marked/build-01/host.c"",""-o"",""WORKDIR/section/M22/MR01/marked/build-01/artifact.bin""],""effective_payload_hex"":""4d6f7270682d3031"",""key"":""key-alpha"",""mutant_id"":""M22"",""requested_compiler"":""gcc"",""requested_optimization"":""O2"",""requested_payload_hex"":""4d6f7270682d3031"",""return_code"":0,""source"":""WORKDIR/section/M22/MR01/marked/build-01/host.c"",""source_sha256"":""bf207a4afdd7e623be4bd0751bdc1917c0ee550af0f38c0531b25bb726d1710c"",""stderr"":""""},""extracted_hex"":""4d6f7270682d3031""}"
pilot_mutation,H01-gcd.c,bf207a4afdd7e623be4bd0751bdc1917c0ee550af0f38c0531b25bb726d1710c,section,M22,size_optimization_corruption,configuration,MR02,Host-semantic preservation,preserve,True,False,mismatch_count=0,0.138028,,True,"{""mismatches"":[]}"
pilot_mutation,H01-gcd.c,bf207a4afdd7e623be4bd0751bdc1917c0ee550af0f38c0531b25bb726d1710c,section,M22,size_optimization_corruption,configuration,MR03,Unmarked rejection,reject,True,False,rejected:absent:custom section .wmrec not found,0.074637,,True,"{""unmarked_binary_sha256"":""17288de5d8ffc83b2223ee650ec19f96fa9b779f3eb45b8e2433c730b7a1e3e2""}"
pilot_mutation,H01-gcd.c,bf207a4afdd7e623be4bd0751bdc1917c0ee550af0f38c0531b25bb726d1710c,section,M22,size_optimization_corruption,configuration,MR04,Wrong-key rejection,reject,True,False,rejected:wrong-key:key tag mismatch,0.06961,,True,"{""antecedent_guarded"":true,""antecedent_hex"":""4d6f7270682d3031""}"
pilot_mutation,H01-gcd.c,bf207a4afdd7e623be4bd0751bdc1917c0ee550af0f38c0531b25bb726d1710c,section,M22,size_optimization_corruption,configuration,MR05,Payload separation,separate,True,False,first=b'Morph-01';second=b'Second-2',0.110644,,True,"{""execution_order"":""sequential-builds-then-extract"",""first_hex"":""4d6f7270682d3031"",""second_hex"":""5365636f6e642d32""}"
pilot_mutation,H01-gcd.c,bf207a4afdd7e623be4bd0751bdc1917c0ee550af0f38c0531b25bb726d1710c,section,M22,size_optimization_corruption,configuration,MR06,Cross-compiler invariance,preserve,True,False,"payloads=b'Morph-01',b'Morph-01';semantic_equal=True",0.183317,,True,"{""clang_actual"":""clang"",""gcc_actual"":""gcc""}"
pilot_mutation,H01-gcd.c,bf207a4afdd7e623be4bd0751bdc1917c0ee550af0f38c0531b25bb726d1710c,section,M22,size_optimization_corruption,configuration,MR07,Optimization invariance,preserve,False,True,"payloads=['Morph-01', 'Morph-01', 'Lorph-01'];semantic_equal=True",0.246462,,True,{}
pilot_mutation,H01-gcd.c,bf207a4afdd7e623be4bd0751bdc1917c0ee550af0f38c0531b25bb726d1710c,section,M22,size_optimization_corruption,configuration,MR08,Clean-room relocation,preserve,True,False,relocated=b'Morph-01',0.051448,,True,"{""clean_room_entries"":[""renamed-artifact.bin""],""relocated_hex"":""4d6f7270682d3031""}"
pilot_mutation,H01-gcd.c,bf207a4afdd7e623be4bd0751bdc1917c0ee550af0f38c0531b25bb726d1710c,section,M22,size_optimization_corruption,configuration,MR09,Carrier-removal rejection,reject,True,False,rejected:absent:custom section .wmrec not found,0.096598,,True,"{""antecedent_guarded"":true}"
pilot_mutation,H01-gcd.c,bf207a4afdd7e623be4bd0751bdc1917c0ee550af0f38c0531b25bb726d1710c,section,M22,size_optimization_corruption,configuration,MR10,Carrier-corruption rejection,reject,True,False,rejected:checksum:payload checksum mismatch,0.059213,,True,"{""antecedent_guarded"":true}"
pilot_mutation,H01-gcd.c,bf207a4afdd7e623be4bd0751bdc1917c0ee550af0f38c0531b25bb726d1710c,section,M22,size_optimization_corruption,configuration,MR11,Requested/actual trace agreement,trace,True,False,requested=clang/Os;actual=clang/Os,0.088806,,True,"{""build"":{""actual_compiler"":""clang"",""actual_optimization"":""Os"",""binary"":""WORKDIR/section/M22/MR11/trace/build-01/artifact.bin"",""binary_sha256"":""2e75cbe00e865661a724a1618977bda2662fcdbb7de8b4b4ede68b59713f910c"",""carrier"":""section"",""command"":[""clang"",""-std=c11"",""-fno-ident"",""-no-pie"",""-Os"",""WORKDIR/section/M22/MR11/trace/build-01/host.c"",""-o"",""WORKDIR/section/M22/MR11/trace/build-01/artifact.bin""],""effective_payload_hex"":""4c6f7270682d3031"",""key"":""key-alpha"",""mutant_id"":""M22"",""requested_compiler"":""clang"",""requested_optimization"":""Os"",""requested_payload_hex"":""4d6f7270682d3031"",""return_code"":0,""source"":""WORKDIR/section/M22/MR11/trace/build-01/host.c"",""source_sha256"":""bf207a4afdd7e623be4bd0751bdc1917c0ee550af0f38c0531b25bb726d1710c"",""stderr"":""""}}"
pilot_mutation,H01-gcd.c,bf207a4afdd7e623be4bd0751bdc1917c0ee550af0f38c0531b25bb726d1710c,section,M22,size_optimization_corruption,configuration,MR12,Interleaved artifact isolation,separate,True,False,parallel_isolation_satisfied,0.10108,,True,"{""aliasing_detected"":false,""both_expected"":true,""execution_order"":""overlapping-builds-then-extract"",""payloads_distinct"":true}"
pilot_mutation,H01-gcd.c,bf207a4afdd7e623be4bd0751bdc1917c0ee550af0f38c0531b25bb726d1710c,section,M22,size_optimization_corruption,configuration,MR13,Reordered extraction independence,preserve,True,False,before=b'Morph-01';intervening=b'Second-2';after=b'Morph-01',0.146363,,True,"{""intervening_extraction"":true}"
pilot_mutation,H01-gcd.c,bf207a4afdd7e623be4bd0751bdc1917c0ee550af0f38c0531b25bb726d1710c,section,M22,size_optimization_corruption,configuration,MR14,Rebuild stability,preserve,True,False,first=b'Morph-01';second=b'Morph-01',0.118871,,True,"{""binary_bytes_equal"":true,""execution_order"":""build1-extract1-build2-extract2""}"
pilot_mutation,H01-gcd.c,bf207a4afdd7e623be4bd0751bdc1917c0ee550af0f38c0531b25bb726d1710c,section,M23,revisit_state_contamination,state,MR01,Round-trip fidelity,preserve,True,False,extracted=b'Morph-01',0.064538,,True,"{""build"":{""actual_compiler"":""gcc"",""actual_optimization"":""O2"",""binary"":""WORKDIR/section/M23/MR01/marked/build-01/artifact.bin"",""binary_sha256"":""63cbeff2b0785d492761ce367639a8bbc8e94ddb2cfe720778f8bd6177d67b85"",""carrier"":""section"",""command"":[""gcc"",""-std=c11"",""-fno-ident"",""-no-pie"",""-O2"",""WORKDIR/section/M23/MR01/marked/build-01/host.c"",""-o"",""WORKDIR/section/M23/MR01/marked/build-01/artifact.bin""],""effective_payload_hex"":""4d6f7270682d3031"",""key"":""key-alpha"",""mutant_id"":""M23"",""requested_compiler"":""gcc"",""requested_optimization"":""O2"",""requested_payload_hex"":""4d6f7270682d3031"",""return_code"":0,""source"":""WORKDIR/section/M23/MR01/marked/build-01/host.c"",""source_sha256"":""bf207a4afdd7e623be4bd0751bdc1917c0ee550af0f38c0531b25bb726d1710c"",""stderr"":""""},""extracted_hex"":""4d6f7270682d3031""}"
pilot_mutation,H01-gcd.c,bf207a4afdd7e623be4bd0751bdc1917c0ee550af0f38c0531b25bb726d1710c,section,M23,revisit_state_contamination,state,MR02,Host-semantic preservation,preserve,True,False,mismatch_count=0,0.131516,,True,"{""mismatches"":[]}"
pilot_mutation,H01-gcd.c,bf207a4afdd7e623be4bd0751bdc1917c0ee550af0f38c0531b25bb726d1710c,section,M23,revisit_state_contamination,state,MR03,Unmarked rejection,reject,True,False,rejected:absent:custom section .wmrec not found,0.045756,,True,"{""unmarked_binary_sha256"":""17288de5d8ffc83b2223ee650ec19f96fa9b779f3eb45b8e2433c730b7a1e3e2""}"
pilot_mutation,H01-gcd.c,bf207a4afdd7e623be4bd0751bdc1917c0ee550af0f38c0531b25bb726d1710c,section,M23,revisit_state_contamination,state,MR04,Wrong-key rejection,reject,True,False,rejected:wrong-key:key tag mismatch,0.070349,,True,"{""antecedent_guarded"":true,""antecedent_hex"":""4d6f7270682d3031""}"
pilot_mutation,H01-gcd.c,bf207a4afdd7e623be4bd0751bdc1917c0ee550af0f38c0531b25bb726d1710c,section,M23,revisit_state_contamination,state,MR05,Payload separation,separate,True,False,first=b'Morph-01';second=b'Second-2',0.175753,,True,"{""execution_order"":""sequential-builds-then-extract"",""first_hex"":""4d6f7270682d3031"",""second_hex"":""5365636f6e642d32""}"
pilot_mutation,H01-gcd.c,bf207a4afdd7e623be4bd0751bdc1917c0ee550af0f38c0531b25bb726d1710c,section,M23,revisit_state_contamination,state,MR06,Cross-compiler invariance,preserve,True,False,"payloads=b'Morph-01',b'Morph-01';semantic_equal=True",0.202696,,True,"{""clang_actual"":""clang"",""gcc_actual"":""gcc""}"
pilot_mutation,H01-gcd.c,bf207a4afdd7e623be4bd0751bdc1917c0ee550af0f38c0531b25bb726d1710c,section,M23,revisit_state_contamination,state,MR07,Optimization invariance,preserve,True,False,"payloads=['Morph-01', 'Morph-01', 'Morph-01'];semantic_equal=True",0.25079,,True,{}
pilot_mutation,H01-gcd.c,bf207a4afdd7e623be4bd0751bdc1917c0ee550af0f38c0531b25bb726d1710c,section,M23,revisit_state_contamination,state,MR08,Clean-room relocation,preserve,True,False,relocated=b'Morph-01',0.075573,,True,"{""clean_room_entries"":[""renamed-artifact.bin""],""relocated_hex"":""4d6f7270682d3031""}"
pilot_mutation,H01-gcd.c,bf207a4afdd7e623be4bd0751bdc1917c0ee550af0f38c0531b25bb726d1710c,section,M23,revisit_state_contamination,state,MR09,Carrier-removal rejection,reject,True,False,rejected:absent:custom section .wmrec not found,0.06998,,True,"{""antecedent_guarded"":true}"
pilot_mutation,H01-gcd.c,bf207a4afdd7e623be4bd0751bdc1917c0ee550af0f38c0531b25bb726d1710c,section,M23,revisit_state_contamination,state,MR10,Carrier-corruption rejection,reject,True,False,rejected:checksum:payload checksum mismatch,0.049563,,True,"{""antecedent_guarded"":true}"
pilot_mutation,H01-gcd.c,bf207a4afdd7e623be4bd0751bdc1917c0ee550af0f38c0531b25bb726d1710c,section,M23,revisit_state_contamination,state,MR11,Requested/actual trace agreement,trace,True,False,requested=clang/Os;actual=clang/Os,0.091863,,True,"{""build"":{""actual_compiler"":""clang"",""actual_optimization"":""Os"",""binary"":""WORKDIR/section/M23/MR11/trace/build-01/artifact.bin"",""binary_sha256"":""d5d8525397dedc90fa4792ce87b67efca4a48048626cb76d2fe61da67d4f779a"",""carrier"":""section"",""command"":[""clang"",""-std=c11"",""-fno-ident"",""-no-pie"",""-Os"",""WORKDIR/section/M23/MR11/trace/build-01/host.c"",""-o"",""WORKDIR/section/M23/MR11/trace/build-01/artifact.bin""],""effective_payload_hex"":""4d6f7270682d3031"",""key"":""key-alpha"",""mutant_id"":""M23"",""requested_compiler"":""clang"",""requested_optimization"":""Os"",""requested_payload_hex"":""4d6f7270682d3031"",""return_code"":0,""source"":""WORKDIR/section/M23/MR11/trace/build-01/host.c"",""source_sha256"":""bf207a4afdd7e623be4bd0751bdc1917c0ee550af0f38c0531b25bb726d1710c"",""stderr"":""""}}"
pilot_mutation,H01-gcd.c,bf207a4afdd7e623be4bd0751bdc1917c0ee550af0f38c0531b25bb726d1710c,section,M23,revisit_state_contamination,state,MR12,Interleaved artifact isolation,separate,True,False,parallel_isolation_satisfied,0.072298,,True,"{""aliasing_detected"":false,""both_expected"":true,""execution_order"":""overlapping-builds-then-extract"",""payloads_distinct"":true}"
pilot_mutation,H01-gcd.c,bf207a4afdd7e623be4bd0751bdc1917c0ee550af0f38c0531b25bb726d1710c,section,M23,revisit_state_contamination,state,MR13,Reordered extraction independence,preserve,False,True,before=b'Morph-01';intervening=b'Second-2';after=b'Second-2',0.164315,,True,"{""intervening_extraction"":true}"
pilot_mutation,H01-gcd.c,bf207a4afdd7e623be4bd0751bdc1917c0ee550af0f38c0531b25bb726d1710c,section,M23,revisit_state_contamination,state,MR14,Rebuild stability,preserve,True,False,first=b'Morph-01';second=b'Morph-01',0.116647,,True,"{""binary_bytes_equal"":true,""execution_order"":""build1-extract1-build2-extract2""}"
pilot_mutation,H01-gcd.c,bf207a4afdd7e623be4bd0751bdc1917c0ee550af0f38c0531b25bb726d1710c,section,M24,second_identical_build_corruption,state,MR01,Round-trip fidelity,preserve,True,False,extracted=b'Morph-01',0.071201,,True,"{""build"":{""actual_compiler"":""gcc"",""actual_optimization"":""O2"",""binary"":""WORKDIR/section/M24/MR01/marked/build-01/artifact.bin"",""binary_sha256"":""63cbeff2b0785d492761ce367639a8bbc8e94ddb2cfe720778f8bd6177d67b85"",""carrier"":""section"",""command"":[""gcc"",""-std=c11"",""-fno-ident"",""-no-pie"",""-O2"",""WORKDIR/section/M24/MR01/marked/build-01/host.c"",""-o"",""WORKDIR/section/M24/MR01/marked/build-01/artifact.bin""],""effective_payload_hex"":""4d6f7270682d3031"",""key"":""key-alpha"",""mutant_id"":""M24"",""requested_compiler"":""gcc"",""requested_optimization"":""O2"",""requested_payload_hex"":""4d6f7270682d3031"",""return_code"":0,""source"":""WORKDIR/section/M24/MR01/marked/build-01/host.c"",""source_sha256"":""bf207a4afdd7e623be4bd0751bdc1917c0ee550af0f38c0531b25bb726d1710c"",""stderr"":""""},""extracted_hex"":""4d6f7270682d3031""}"
pilot_mutation,H01-gcd.c,bf207a4afdd7e623be4bd0751bdc1917c0ee550af0f38c0531b25bb726d1710c,section,M24,second_identical_build_corruption,state,MR02,Host-semantic preservation,preserve,True,False,mismatch_count=0,0.127252,,True,"{""mismatches"":[]}"
pilot_mutation,H01-gcd.c,bf207a4afdd7e623be4bd0751bdc1917c0ee550af0f38c0531b25bb726d1710c,section,M24,second_identical_build_corruption,state,MR03,Unmarked rejection,reject,True,False,rejected:absent:custom section .wmrec not found,0.051277,,True,"{""unmarked_binary_sha256"":""17288de5d8ffc83b2223ee650ec19f96fa9b779f3eb45b8e2433c730b7a1e3e2""}"
pilot_mutation,H01-gcd.c,bf207a4afdd7e623be4bd0751bdc1917c0ee550af0f38c0531b25bb726d1710c,section,M24,second_identical_build_corruption,state,MR04,Wrong-key rejection,reject,True,False,rejected:wrong-key:key tag mismatch,0.043586,,True,"{""antecedent_guarded"":true,""antecedent_hex"":""4d6f7270682d3031""}"
pilot_mutation,H01-gcd.c,bf207a4afdd7e623be4bd0751bdc1917c0ee550af0f38c0531b25bb726d1710c,section,M24,second_identical_build_corruption,state,MR05,Payload separation,separate,True,False,first=b'Morph-01';second=b'Second-2',0.155662,,True,"{""execution_order"":""sequential-builds-then-extract"",""first_hex"":""4d6f7270682d3031"",""second_hex"":""5365636f6e642d32""}"
pilot_mutation,H01-gcd.c,bf207a4afdd7e623be4bd0751bdc1917c0ee550af0f38c0531b25bb726d1710c,section,M24,second_identical_build_corruption,state,MR06,Cross-compiler invariance,preserve,True,False,"payloads=b'Morph-01',b'Morph-01';semantic_equal=True",0.161865,,True,"{""clang_actual"":""clang"",""gcc_actual"":""gcc""}"
pilot_mutation,H01-gcd.c,bf207a4afdd7e623be4bd0751bdc1917c0ee550af0f38c0531b25bb726d1710c,section,M24,second_identical_build_corruption,state,MR07,Optimization invariance,preserve,True,False,"payloads=['Morph-01', 'Morph-01', 'Morph-01'];semantic_equal=True",0.166802,,True,{}
pilot_mutation,H01-gcd.c,bf207a4afdd7e623be4bd0751bdc1917c0ee550af0f38c0531b25bb726d1710c,section,M24,second_identical_build_corruption,state,MR08,Clean-room relocation,preserve,True,False,relocated=b'Morph-01',0.090431,,True,"{""clean_room_entries"":[""renamed-artifact.bin""],""relocated_hex"":""4d6f7270682d3031""}"
pilot_mutation,H01-gcd.c,bf207a4afdd7e623be4bd0751bdc1917c0ee550af0f38c0531b25bb726d1710c,section,M24,second_identical_build_corruption,state,MR09,Carrier-removal rejection,reject,True,False,rejected:absent:custom section .wmrec not found,0.068211,,True,"{""antecedent_guarded"":true}"
pilot_mutation,H01-gcd.c,bf207a4afdd7e623be4bd0751bdc1917c0ee550af0f38c0531b25bb726d1710c,section,M24,second_identical_build_corruption,state,MR10,Carrier-corruption rejection,reject,True,False,rejected:checksum:payload checksum mismatch,0.094622,,True,"{""antecedent_guarded"":true}"
pilot_mutation,H01-gcd.c,bf207a4afdd7e623be4bd0751bdc1917c0ee550af0f38c0531b25bb726d1710c,section,M24,second_identical_build_corruption,state,MR11,Requested/actual trace agreement,trace,True,False,requested=clang/Os;actual=clang/Os,0.080608,,True,"{""build"":{""actual_compiler"":""clang"",""actual_optimization"":""Os"",""binary"":""WORKDIR/section/M24/MR11/trace/build-01/artifact.bin"",""binary_sha256"":""d5d8525397dedc90fa4792ce87b67efca4a48048626cb76d2fe61da67d4f779a"",""carrier"":""section"",""command"":[""clang"",""-std=c11"",""-fno-ident"",""-no-pie"",""-Os"",""WORKDIR/section/M24/MR11/trace/build-01/host.c"",""-o"",""WORKDIR/section/M24/MR11/trace/build-01/artifact.bin""],""effective_payload_hex"":""4d6f7270682d3031"",""key"":""key-alpha"",""mutant_id"":""M24"",""requested_compiler"":""clang"",""requested_optimization"":""Os"",""requested_payload_hex"":""4d6f7270682d3031"",""return_code"":0,""source"":""WORKDIR/section/M24/MR11/trace/build-01/host.c"",""source_sha256"":""bf207a4afdd7e623be4bd0751bdc1917c0ee550af0f38c0531b25bb726d1710c"",""stderr"":""""}}"
pilot_mutation,H01-gcd.c,bf207a4afdd7e623be4bd0751bdc1917c0ee550af0f38c0531b25bb726d1710c,section,M24,second_identical_build_corruption,state,MR12,Interleaved artifact isolation,separate,True,False,parallel_isolation_satisfied,0.079431,,True,"{""aliasing_detected"":false,""both_expected"":true,""execution_order"":""overlapping-builds-then-extract"",""payloads_distinct"":true}"
pilot_mutation,H01-gcd.c,bf207a4afdd7e623be4bd0751bdc1917c0ee550af0f38c0531b25bb726d1710c,section,M24,second_identical_build_corruption,state,MR13,Reordered extraction independence,preserve,True,False,before=b'Morph-01';intervening=b'Second-2';after=b'Morph-01',0.099725,,True,"{""intervening_extraction"":true}"
pilot_mutation,H01-gcd.c,bf207a4afdd7e623be4bd0751bdc1917c0ee550af0f38c0531b25bb726d1710c,section,M24,second_identical_build_corruption,state,MR14,Rebuild stability,preserve,False,True,first=b'Morph-01';second=b'Lorph-01',0.10206,,True,"{""binary_bytes_equal"":false,""execution_order"":""build1-extract1-build2-extract2""}"
